action1,action2,action3,action4,action5,action6,action7,action8
9.814611673355102539e-01,-7.523316740989685059e-01,2.282488048076629639e-01,-4.757535755634307861e-01,-9.798219203948974609e-01,8.514643907546997070e-01,8.591899871826171875e-01,6.504556536674499512e-01
9.985060691833496094e-01,-8.723469972610473633e-01,-3.096322156488895416e-02,-9.570746421813964844e-01,-4.065897762775421143e-01,9.372446537017822266e-01,9.291853904724121094e-01,6.498839855194091797e-01
7.715244293212890625e-01,-3.996984660625457764e-01,3.393087536096572876e-02,-6.990048885345458984e-01,-5.502977967262268066e-01,9.580085277557373047e-01,8.899276256561279297e-01,6.182668209075927734e-01
-2.685883343219757080e-01,6.614030003547668457e-01,-4.776232540607452393e-01,-6.289563179016113281e-01,6.244238615036010742e-01,6.464299559593200684e-01,9.104861617088317871e-01,8.229002356529235840e-01
1.139167249202728271e-01,-2.038798779249191284e-01,5.888071060180664062e-01,-8.041784167289733887e-01,-8.012643456459045410e-01,7.707952857017517090e-01,6.765676736831665039e-01,6.231095790863037109e-01
4.617708921432495117e-01,-4.770353138446807861e-01,-7.551145553588867188e-01,-4.491295516490936279e-01,9.033786654472351074e-01,7.360507249832153320e-01,9.003543853759765625e-01,7.200206518173217773e-01
6.645954847335815430e-01,4.126610457897186279e-01,8.530495166778564453e-01,-8.092525005340576172e-01,-9.379578232765197754e-01,8.470805883407592773e-01,8.353485465049743652e-01,7.086651325225830078e-01
2.353483289480209351e-01,-7.267810106277465820e-01,-1.385768502950668335e-01,1.025835275650024414e-01,-3.709282726049423218e-02,9.377999901771545410e-01,9.717327952384948730e-01,7.240044474601745605e-01
9.719790816307067871e-01,2.339058667421340942e-01,-3.511318266391754150e-01,-7.162683010101318359e-01,-5.836610198020935059e-01,9.486743807792663574e-01,9.541430473327636719e-01,8.596869707107543945e-01
9.426243305206298828e-01,-5.647751092910766602e-01,4.109447300434112549e-01,-8.271267414093017578e-01,4.143376052379608154e-01,9.231617450714111328e-01,9.782156348228454590e-01,8.095647096633911133e-01
8.197115659713745117e-01,5.082247257232666016e-01,-2.590813040733337402e-01,-7.781662344932556152e-01,-2.110114321112632751e-02,9.561558961868286133e-01,9.481046795845031738e-01,9.051752090454101562e-01
6.184326410293579102e-01,-3.564071655273437500e-02,3.450221717357635498e-01,-7.439547777175903320e-01,8.196778297424316406e-01,7.657874226570129395e-01,9.840779304504394531e-01,8.593639135360717773e-01
-9.758681654930114746e-01,7.632701396942138672e-01,-1.961432993412017822e-01,-7.362379431724548340e-01,4.310745596885681152e-01,6.327757239341735840e-01,7.267918586730957031e-01,7.445201873779296875e-01
-5.573885440826416016e-01,-1.982889324426651001e-01,2.112198173999786377e-01,-3.394748866558074951e-01,-5.691757202148437500e-01,6.409081816673278809e-01,4.590280950069427490e-01,7.271742224693298340e-01
1.964564435184001923e-02,-2.702663838863372803e-01,-6.091952323913574219e-01,1.740490198135375977e-01,4.663325250148773193e-01,8.602277934551239014e-02,2.464122921228408813e-01,5.571098923683166504e-01
7.911021709442138672e-01,-2.203558087348937988e-01,3.896321654319763184e-01,-4.633873701095581055e-01,-8.447430133819580078e-01,1.383108943700790405e-01,2.419675141572952271e-01,2.801184654235839844e-01
3.790122568607330322e-01,-7.766206264495849609e-01,4.944469630718231201e-01,6.237272024154663086e-01,-9.704263210296630859e-01,6.006542444229125977e-01,9.010189771652221680e-01,6.889389753341674805e-01
9.154626131057739258e-01,-5.507395267486572266e-01,-7.275459766387939453e-01,-9.360709190368652344e-01,5.339851379394531250e-01,9.577550292015075684e-01,9.036673307418823242e-01,2.361178249120712280e-01
4.039020836353302002e-02,1.434057652950286865e-01,7.442079782485961914e-01,-6.397370696067810059e-01,-9.161725640296936035e-01,8.785093426704406738e-01,9.349115490913391113e-01,5.904283523559570312e-01
6.801947355270385742e-01,-7.168235182762145996e-01,-4.068029820919036865e-01,-8.804038763046264648e-01,7.711234092712402344e-01,7.662016749382019043e-01,8.133993148803710938e-01,5.447900891304016113e-01
7.815964818000793457e-01,-1.921361535787582397e-01,3.549799919128417969e-01,-7.444487810134887695e-01,2.964708209037780762e-01,5.006657838821411133e-01,8.807011842727661133e-01,7.078841924667358398e-01
-8.767880797386169434e-01,6.833250522613525391e-01,-1.486069262027740479e-01,-7.974582910537719727e-01,7.605244517326354980e-01,5.323213934898376465e-01,8.017998337745666504e-01,7.222905158996582031e-01
-9.779134392738342285e-01,-3.345478773117065430e-01,-2.810989320278167725e-01,-7.576211690902709961e-01,5.951946973800659180e-01,2.876819968223571777e-01,4.847816228866577148e-01,5.158784985542297363e-01
-4.975928366184234619e-01,-5.860331058502197266e-01,-3.259061872959136963e-01,-4.963457286357879639e-01,-4.369432032108306885e-01,-4.405116289854049683e-02,5.324654653668403625e-02,3.383822739124298096e-01
-1.515528410673141479e-01,-3.630976751446723938e-02,3.974958956241607666e-01,-5.316696763038635254e-01,-9.258248805999755859e-01,-4.147081077098846436e-02,3.022758960723876953e-01,1.339071393013000488e-01
9.347932338714599609e-01,-5.240693092346191406e-01,-8.130066990852355957e-01,-6.847709417343139648e-01,-6.136165857315063477e-01,8.388066291809082031e-01,4.809511005878448486e-01,1.674290597438812256e-01
2.871307432651519775e-01,-5.012007951736450195e-01,6.095206737518310547e-01,-5.966200828552246094e-01,3.832077085971832275e-01,2.380374521017074585e-01,7.778794765472412109e-01,1.305139660835266113e-01
-4.704092741012573242e-01,-6.328893303871154785e-01,-1.057567372918128967e-01,-5.826786160469055176e-01,5.152224302291870117e-01,4.621827304363250732e-01,6.822477579116821289e-01,8.283176273107528687e-02
-1.806383766233921051e-02,-4.855098724365234375e-01,-4.974249750375747681e-03,-7.059320807456970215e-01,-3.591129481792449951e-01,6.242327094078063965e-01,6.770257949829101562e-01,4.409221112728118896e-01
8.590946197509765625e-01,-2.398253232240676880e-01,1.065280288457870483e-01,-6.755741238594055176e-01,-1.737283915281295776e-01,4.332067668437957764e-01,2.782152593135833740e-01,4.050506353378295898e-01
3.807623386383056641e-01,-7.533834874629974365e-02,2.539983987808227539e-01,-7.681708335876464844e-01,-3.267513215541839600e-02,5.271133780479431152e-01,6.911530494689941406e-01,5.450283885002136230e-01
-3.443933427333831787e-01,-1.579895317554473877e-01,1.042483374476432800e-01,-7.792279720306396484e-01,7.191471457481384277e-01,1.251911222934722900e-01,8.392198085784912109e-01,6.370153427124023438e-01
-9.875781536102294922e-01,6.941890120506286621e-01,-2.541700601577758789e-01,-8.667422533035278320e-01,8.385946154594421387e-01,1.692051440477371216e-01,4.737879335880279541e-01,5.571523904800415039e-01
-8.125495910644531250e-01,-5.355724096298217773e-01,1.147742420434951782e-01,-5.969108343124389648e-01,-4.809446632862091064e-01,2.198992855846881866e-02,2.888119034469127655e-02,2.141656726598739624e-01
-4.706814512610435486e-02,-4.799652695655822754e-01,-7.893193960189819336e-01,-5.950465202331542969e-01,2.049710154533386230e-01,-1.097786426544189453e-01,1.642367243766784668e-01,3.397336900234222412e-01
7.634006142616271973e-01,-4.712385237216949463e-01,6.736229062080383301e-01,-7.206181287765502930e-01,-9.747499227523803711e-01,4.378858208656311035e-01,7.799903154373168945e-01,6.028283834457397461e-01
-3.446314632892608643e-01,-6.424719691276550293e-01,-7.052054405212402344e-01,-5.790764689445495605e-01,6.454771757125854492e-01,6.908801794052124023e-01,6.017220616340637207e-01,2.368708886206150055e-02
8.409391343593597412e-02,-4.406152367591857910e-01,3.328501880168914795e-01,-3.879629969596862793e-01,-3.313554227352142334e-01,2.155169844627380371e-01,4.927615821361541748e-01,3.843197226524353027e-01
1.053110323846340179e-02,-3.780989050865173340e-01,-4.781064391136169434e-01,-6.500805616378784180e-01,3.418750762939453125e-01,3.419474363327026367e-01,3.736607730388641357e-01,2.075663954019546509e-01
-1.403200626373291016e-01,-1.477672308683395386e-01,-1.153854466974735260e-02,-6.481505632400512695e-01,3.054922632873058319e-02,3.627994656562805176e-01,5.139666795730590820e-01,4.356423914432525635e-01
4.923553168773651123e-01,-4.352704063057899475e-02,2.361595928668975830e-01,-7.616602778434753418e-01,3.066978752613067627e-01,3.582985997200012207e-01,5.104109048843383789e-01,5.387024283409118652e-01
-1.671231240034103394e-01,-9.466741979122161865e-02,-1.085636578500270844e-02,-8.451036214828491211e-01,5.579454898834228516e-01,3.904617130756378174e-01,7.722617983818054199e-01,6.559931039810180664e-01
-9.924452304840087891e-01,6.996288299560546875e-01,5.816118419170379639e-02,-7.680481076240539551e-01,5.581631660461425781e-01,-5.408553406596183777e-02,3.162162899971008301e-01,6.320110559463500977e-01
-9.545192718505859375e-01,-6.037175059318542480e-01,-3.344625532627105713e-01,-8.432899117469787598e-01,6.840916872024536133e-01,3.846285045146942139e-01,5.291231274604797363e-01,5.628857612609863281e-01
-6.706539392471313477e-01,-6.787611246109008789e-01,-4.637618362903594971e-01,-7.312057018280029297e-01,-6.036500260233879089e-02,-2.891953885555267334e-01,1.852320283651351929e-01,2.943817973136901855e-01
9.252946972846984863e-01,-6.319326907396316528e-02,-2.279294133186340332e-01,-8.057521581649780273e-01,-9.540579915046691895e-01,7.124864459037780762e-01,7.428290247917175293e-01,5.516617298126220703e-01
-6.993585824966430664e-01,-5.132840275764465332e-01,3.459430336952209473e-01,-2.707211375236511230e-01,8.337472677230834961e-01,-1.642600744962692261e-01,4.465974867343902588e-01,3.087654113769531250e-01
7.004902362823486328e-01,-2.065801471471786499e-01,-4.245007932186126709e-01,-5.482686758041381836e-01,-7.085812687873840332e-01,6.655296087265014648e-01,2.637034058570861816e-01,5.322295427322387695e-01
-4.460534751415252686e-01,-3.316209912300109863e-01,1.409240365028381348e-01,-5.722064971923828125e-01,5.330116152763366699e-01,1.267552524805068970e-01,3.611535429954528809e-01,1.981591433286666870e-01
4.017237946391105652e-02,-1.887125708162784576e-02,2.027698904275894165e-01,-5.546104907989501953e-01,-2.841195762157440186e-01,3.445135056972503662e-01,2.486424148082733154e-01,4.884591698646545410e-01
5.856007337570190430e-01,-1.831912398338317871e-01,-1.575952917337417603e-01,-6.311540603637695312e-01,-4.694692492485046387e-01,4.796661138534545898e-01,5.804515480995178223e-01,5.210490226745605469e-01
3.516435027122497559e-01,-1.674395054578781128e-01,1.890470236539840698e-01,-6.350402832031250000e-01,-3.373174965381622314e-01,3.585332930088043213e-01,6.549353599548339844e-01,5.174832344055175781e-01
-8.259906619787216187e-02,-2.277148216962814331e-01,1.082198694348335266e-01,-6.877080798149108887e-01,2.640833854675292969e-01,2.544716596603393555e-01,6.895437240600585938e-01,5.618077516555786133e-01
-8.488292694091796875e-01,2.160424143075942993e-01,-7.683859020471572876e-02,-8.026006221771240234e-01,7.169377803802490234e-01,6.295652687549591064e-02,6.857811212539672852e-01,5.036852359771728516e-01
-9.881660938262939453e-01,1.761225983500480652e-03,-4.048000872135162354e-01,-8.874369263648986816e-01,9.045006036758422852e-01,5.926651507616043091e-02,2.632045745849609375e-01,3.438265323638916016e-01
-8.740779161453247070e-01,-7.450040578842163086e-01,-2.416079491376876831e-01,-7.601246833801269531e-01,2.234722226858139038e-01,-2.315340191125869751e-01,9.818029589951038361e-03,9.966856986284255981e-02
8.435987830162048340e-01,-4.953014850616455078e-02,-1.908654719591140747e-01,-7.824728488922119141e-01,-8.834168910980224609e-01,6.562528610229492188e-01,5.028125047683715820e-01,3.829621970653533936e-01
-3.874994814395904541e-01,-3.882105946540832520e-01,5.679463148117065430e-01,-1.302317082881927490e-01,4.582163989543914795e-01,-1.309579461812973022e-01,2.050687819719314575e-01,2.372644692659378052e-01
2.322587650269269943e-03,-4.211246222257614136e-02,7.671781629323959351e-02,-4.898490607738494873e-01,-6.035555899143218994e-02,3.821581006050109863e-01,1.227328404784202576e-01,4.482400715351104736e-01
-1.331006139516830444e-01,1.146360207349061966e-02,1.604685187339782715e-01,-5.071674585342407227e-01,1.608126610517501831e-01,2.168000042438507080e-01,1.010727211833000183e-01,4.475002288818359375e-01
-3.768886625766754150e-02,1.300923153758049011e-02,1.132336631417274475e-01,-5.502880811691284180e-01,2.185184061527252197e-01,3.238150775432586670e-01,1.451818197965621948e-01,4.934919178485870361e-01
-1.977105736732482910e-01,-2.761303186416625977e-01,2.444857060909271240e-01,-4.459519982337951660e-01,-4.740159213542938232e-01,3.656717538833618164e-01,3.793690204620361328e-01,5.614335536956787109e-01
1.507632732391357422e-01,-4.928344190120697021e-01,-5.790854692459106445e-01,-5.153394937515258789e-01,5.632166266441345215e-01,4.842972159385681152e-01,2.945295870304107666e-01,5.125601887702941895e-01
-6.639425456523895264e-02,-7.460438460111618042e-02,4.468118548393249512e-01,-5.077999830245971680e-01,-4.322981238365173340e-01,6.071575880050659180e-01,7.082021832466125488e-01,7.596755027770996094e-01
1.986200660467147827e-01,-1.639305204153060913e-01,-2.653649151325225830e-01,-5.895013809204101562e-01,-9.852357953786849976e-02,6.445916891098022461e-01,6.210500597953796387e-01,6.441326141357421875e-01
1.558607537299394608e-02,-1.534466724842786789e-02,2.282422184944152832e-01,-6.518268585205078125e-01,2.391575425863265991e-01,3.469952642917633057e-01,7.474645376205444336e-01,6.530811786651611328e-01
-3.562822937965393066e-01,2.002306729555130005e-01,-7.287119980901479721e-03,-5.968236923217773438e-01,-1.891131140291690826e-02,4.936440289020538330e-01,8.295459747314453125e-01,7.702219486236572266e-01
-5.739293098449707031e-01,3.904723823070526123e-01,-2.582788169384002686e-01,-6.323741674423217773e-01,7.912966609001159668e-01,2.331927120685577393e-01,7.665779590606689453e-01,7.285150289535522461e-01
-7.152486443519592285e-01,-1.669141799211502075e-01,-3.165933787822723389e-01,-5.552469491958618164e-01,-1.467161439359188080e-02,4.693309962749481201e-01,3.178530931472778320e-01,5.626911520957946777e-01
-9.611325711011886597e-02,-6.543000936508178711e-01,-5.261211395263671875e-01,-2.844595611095428467e-01,-1.149710193276405334e-01,1.838525086641311646e-01,3.643779782578349113e-03,3.055506348609924316e-01
3.238417804241180420e-01,4.923723638057708740e-02,8.926602005958557129e-01,-6.040716171264648438e-01,-9.666033983230590820e-01,1.469074632041156292e-03,4.749208688735961914e-01,2.099541723728179932e-01
7.449502944946289062e-01,-4.494880139827728271e-01,-3.880020678043365479e-01,-3.957124650478363037e-01,-8.701605796813964844e-01,8.433722853660583496e-01,4.955716431140899658e-01,3.302629292011260986e-01
7.230309396982192993e-02,-2.844302356243133545e-01,6.385262310504913330e-02,-8.976462483406066895e-01,6.776709556579589844e-01,8.093017935752868652e-01,9.123401045799255371e-01,2.521997690200805664e-01
-4.328361749649047852e-01,-3.995959460735321045e-01,3.452420532703399658e-01,-6.386167407035827637e-01,2.692317962646484375e-01,5.215228199958801270e-01,7.565806508064270020e-01,2.784242630004882812e-01
-1.469919532537460327e-01,-1.012284383177757263e-01,2.955509722232818604e-01,-6.187479496002197266e-01,1.695028990507125854e-01,4.732364714145660400e-01,6.887554526329040527e-01,6.550232768058776855e-01
-9.717571735382080078e-01,5.618667602539062500e-01,-4.652566909790039062e-01,-5.846991539001464844e-01,9.472694993019104004e-01,-1.670720726251602173e-01,4.317954778671264648e-01,5.807316899299621582e-01
-4.118987023830413818e-01,-1.331435423344373703e-02,-3.829099535942077637e-01,-3.435738384723663330e-01,-2.033931463956832886e-01,5.686564445495605469e-01,2.257372587919235229e-01,6.114829778671264648e-01
-1.321027576923370361e-01,-5.570104122161865234e-01,-9.236735105514526367e-02,1.405522823333740234e-01,1.203915327787399292e-01,-4.322123154997825623e-02,3.671220317482948303e-02,4.131706058979034424e-01
8.106261491775512695e-01,-1.295639872550964355e-01,4.808771014213562012e-01,-6.661260724067687988e-01,-9.528480768203735352e-01,3.520368337631225586e-01,3.585670590400695801e-01,-6.843802984803915024e-03
4.114957451820373535e-01,-5.446914434432983398e-01,-2.081757336854934692e-01,-1.461260914802551270e-01,-9.014785885810852051e-01,8.627839088439941406e-01,7.507961988449096680e-01,3.199226856231689453e-01
2.603269815444946289e-01,-2.490894496440887451e-01,-6.981572136282920837e-03,-8.995050787925720215e-01,5.883920192718505859e-01,8.787952661514282227e-01,9.434467554092407227e-01,3.995496034622192383e-01
-4.383207857608795166e-01,-5.106830596923828125e-01,3.237420022487640381e-01,-6.260987520217895508e-01,2.867496311664581299e-01,6.721474528312683105e-01,8.497705459594726562e-01,2.535941600799560547e-01
2.500560879707336426e-01,-1.613031178712844849e-01,1.897262632846832275e-01,-6.579598188400268555e-01,6.462029218673706055e-01,3.919827044010162354e-01,7.513810992240905762e-01,6.933372020721435547e-01
-9.912288784980773926e-01,8.080881237983703613e-01,-8.337242901325225830e-02,-7.220093607902526855e-01,6.299248933792114258e-01,1.983754485845565796e-01,4.447656571865081787e-01,6.514052152633666992e-01
-5.238711237907409668e-01,-1.623584777116775513e-01,-4.343992173671722412e-01,-2.921173274517059326e-01,-1.001118645071983337e-01,5.753608942031860352e-01,2.930245399475097656e-01,6.099743843078613281e-01
2.458631806075572968e-02,-6.187371015548706055e-01,-3.591308593750000000e-01,4.217511415481567383e-02,-4.359570741653442383e-01,2.523458898067474365e-01,-1.298562139272689819e-01,3.262542784214019775e-01
8.448451757431030273e-01,-6.632945537567138672e-01,1.644576191902160645e-01,2.423547059297561646e-01,-4.714571535587310791e-01,-8.121315389871597290e-02,3.118712604045867920e-01,4.894339740276336670e-01
9.794240593910217285e-01,-1.137597709894180298e-01,2.890581190586090088e-01,-9.195879697799682617e-01,-8.606218099594116211e-01,9.127566814422607422e-01,7.808271646499633789e-01,3.461056947708129883e-01
-9.175411462783813477e-01,-1.562467962503433228e-01,6.576317548751831055e-01,-1.525596622377634048e-02,3.124977946281433105e-01,8.050035238265991211e-01,9.249538779258728027e-01,7.714583873748779297e-01
6.975406408309936523e-01,-6.381878852844238281e-01,-5.930970907211303711e-01,-6.631594896316528320e-01,-1.244198158383369446e-01,8.218815922737121582e-01,5.573019981384277344e-01,2.101984471082687378e-01
2.960232794284820557e-01,-1.969616264104843140e-01,3.374789059162139893e-01,-6.603683233261108398e-01,-6.647541522979736328e-01,7.649253010749816895e-01,7.568893432617187500e-01,7.605068087577819824e-01
2.994387149810791016e-01,-1.878310367465019226e-02,1.139676384627819061e-02,-6.540979146957397461e-01,1.805437654256820679e-01,3.418211340904235840e-01,7.739063501358032227e-01,6.957197189331054688e-01
-7.655345201492309570e-01,3.682493269443511963e-01,-2.782321870326995850e-01,-7.487767934799194336e-01,9.240581095218658447e-02,3.672291934490203857e-01,7.271194458007812500e-01,6.672209501266479492e-01
-9.375576376914978027e-01,-7.291456311941146851e-02,-5.447344183921813965e-01,-7.255612611770629883e-01,9.481155276298522949e-01,-9.159509837627410889e-02,5.622509717941284180e-01,2.763780951499938965e-01
-9.363119602203369141e-01,-3.972120583057403564e-01,-3.774400055408477783e-01,-8.365955352783203125e-01,7.268905043601989746e-01,2.766722142696380615e-01,1.849001348018646240e-01,4.611276686191558838e-01
-4.677171111106872559e-01,3.129700943827629089e-02,7.821975946426391602e-01,-9.246240556240081787e-02,-9.527040123939514160e-01,-6.875450909137725830e-02,-2.982520759105682373e-01,5.281056743115186691e-03
8.632873296737670898e-01,-4.221402406692504883e-01,-5.580771565437316895e-01,-5.101526379585266113e-01,-7.239786386489868164e-01,6.868518590927124023e-01,3.701041936874389648e-01,3.537760972976684570e-01
-4.872882962226867676e-01,-4.893971383571624756e-01,-2.420974522829055786e-01,-6.317100524902343750e-01,7.549499273300170898e-01,4.966508150100708008e-01,5.535086393356323242e-01,7.024227827787399292e-02
6.164506450295448303e-02,-3.282992243766784668e-01,1.537835747003555298e-01,-2.746874988079071045e-01,-3.542678952217102051e-01,3.521126508712768555e-01,2.708950936794281006e-01,5.312193036079406738e-01
1.033036559820175171e-01,-3.389331400394439697e-01,-3.791835606098175049e-01,-5.615581274032592773e-01,2.000181823968887329e-01,4.085213243961334229e-01,2.342900037765502930e-01,3.089801669120788574e-01
-4.785898327827453613e-02,-2.008991837501525879e-01,3.348538577556610107e-01,-5.433980822563171387e-01,-7.231782376766204834e-02,3.007005453109741211e-01,3.900517225265502930e-01,4.278534948825836182e-01
-3.880755007266998291e-01,-9.028867632150650024e-02,2.317190468311309814e-01,-6.748332977294921875e-01,-4.621531069278717041e-01,6.780774593353271484e-01,6.051925420761108398e-01,6.603994369506835938e-01
1.324514299631118774e-01,2.644211053848266602e-04,-1.110314056277275085e-01,-5.948902964591979980e-01,7.255719900131225586e-01,3.467831015586853027e-01,5.775923728942871094e-01,6.259385347366333008e-01
-9.263826012611389160e-01,6.256922483444213867e-01,-1.182424575090408325e-01,-7.737770676612854004e-01,5.634421110153198242e-01,3.692593872547149658e-01,6.535291671752929688e-01,6.198073029518127441e-01
-9.795608520507812500e-01,-4.834287464618682861e-01,7.919101044535636902e-03,-7.786030173301696777e-01,4.499645829200744629e-01,2.797115221619606018e-02,3.259299993515014648e-01,4.316026270389556885e-01
-8.220540285110473633e-01,-5.957834124565124512e-01,-5.707423686981201172e-01,-6.961678862571716309e-01,1.144975200295448303e-01,-7.509344071149826050e-02,3.585216030478477478e-02,3.235112130641937256e-01
7.822203636169433594e-01,-1.413605213165283203e-01,3.548911511898040771e-01,-7.437337636947631836e-01,-8.873705863952636719e-01,3.969774842262268066e-01,6.785416007041931152e-01,4.670888781547546387e-01
-5.182844996452331543e-01,-4.095919132232666016e-01,-3.149342164397239685e-02,-5.286374092102050781e-01,6.902797818183898926e-01,1.694647222757339478e-01,3.441475331783294678e-01,1.844358593225479126e-01
2.854481935501098633e-01,-4.519488513469696045e-01,5.245472788810729980e-01,-2.910846769809722900e-01,-4.097979962825775146e-01,3.204079568386077881e-01,5.503928661346435547e-01,5.863208174705505371e-01
-4.758732765913009644e-02,-5.056040883064270020e-01,-2.972684241831302643e-02,-4.956282973289489746e-01,2.385345697402954102e-01,5.585704445838928223e-01,5.515685677528381348e-01,5.183763504028320312e-01
2.825655341148376465e-01,-4.019831418991088867e-01,4.200124368071556091e-02,-4.480873048305511475e-01,-4.279857277870178223e-01,5.999326705932617188e-01,5.710197091102600098e-01,6.316670179367065430e-01
-1.934432089328765869e-01,-5.192211270332336426e-01,-8.681586012244224548e-03,-6.391807794570922852e-01,3.563140928745269775e-01,5.410779714584350586e-01,6.226619482040405273e-01,4.112796187400817871e-01
5.486162304878234863e-01,-5.975481867790222168e-02,-5.400828644633293152e-02,-7.082519531250000000e-01,-4.969745576381683350e-01,5.998854637145996094e-01,7.846673727035522461e-01,7.449984550476074219e-01
5.258094668388366699e-01,1.096268743276596069e-02,1.224500387907028198e-01,-7.735008001327514648e-01,-2.025933265686035156e-01,5.723278522491455078e-01,7.459766268730163574e-01,7.068285942077636719e-01
1.951514780521392822e-01,1.243117451667785645e-02,1.327612400054931641e-01,-8.167761564254760742e-01,1.566670089960098267e-01,5.757486820220947266e-01,7.495957612991333008e-01,7.249621152877807617e-01
-3.598721325397491455e-01,2.331236749887466431e-01,8.628988265991210938e-02,-8.610286712646484375e-01,4.163631498813629150e-01,5.477770566940307617e-01,7.924546003341674805e-01,7.527478337287902832e-01
-9.963355064392089844e-01,3.508352935314178467e-01,-3.533160388469696045e-01,-5.508668422698974609e-01,7.914121747016906738e-01,1.169545352458953857e-01,6.658627837896347046e-02,4.028244614601135254e-01
1.233440414071083069e-01,-3.202335238456726074e-01,-2.029119879007339478e-01,-3.651271462440490723e-01,-7.127019166946411133e-01,4.915059208869934082e-01,-1.621659696102142334e-01,2.367282360792160034e-01
1.655871868133544922e-01,-4.536514282226562500e-01,-1.051991358399391174e-01,4.583727121353149414e-01,-1.909490227699279785e-01,-8.939842134714126587e-02,1.593838632106781006e-01,2.910448610782623291e-01
9.968373775482177734e-01,-5.234431028366088867e-01,5.467396974563598633e-01,-8.134179115295410156e-01,-9.927514195442199707e-01,8.645018339157104492e-01,6.434087753295898438e-01,4.387693107128143311e-01
-5.160520076751708984e-01,-6.908562779426574707e-02,1.434072703123092651e-01,2.500827908515930176e-01,-6.242582798004150391e-01,8.480377197265625000e-01,7.821621298789978027e-01,6.790494322776794434e-01
7.722526043653488159e-02,-8.072196841239929199e-01,-1.763883978128433228e-01,-4.281387031078338623e-01,7.058384418487548828e-01,6.515408158302307129e-01,6.503039002418518066e-01,4.029449224472045898e-01
8.109042644500732422e-01,-5.523124933242797852e-01,-4.158252477645874023e-02,-4.349648952484130859e-01,-5.504041314125061035e-01,6.579679846763610840e-01,3.764466345310211182e-01,4.281749725341796875e-01
-3.546272218227386475e-02,-3.019170463085174561e-01,4.136256873607635498e-01,-6.943861246109008789e-01,-9.352868199348449707e-01,9.016767740249633789e-01,8.119723200798034668e-01,6.919316649436950684e-01
-3.681853413581848145e-01,1.744618266820907593e-01,2.828000783920288086e-01,-6.005525588989257812e-01,-8.516696691513061523e-01,8.782671093940734863e-01,7.080042362213134766e-01,6.668858528137207031e-01
-1.134900469332933426e-02,6.818144023418426514e-02,2.521223723888397217e-01,-6.634851098060607910e-01,7.825536131858825684e-01,4.340326488018035889e-01,6.116762161254882812e-01,6.231888532638549805e-01
-9.572959542274475098e-01,5.604595541954040527e-01,2.473182231187820435e-01,-8.496417999267578125e-01,7.113586664199829102e-01,2.248782068490982056e-01,3.559327423572540283e-01,3.823777139186859131e-01
-8.912998437881469727e-01,-6.944265365600585938e-01,-2.514045536518096924e-01,-4.671461582183837891e-01,2.983207404613494873e-01,2.489238977432250977e-01,9.148625656962394714e-03,3.110871315002441406e-01
6.040563583374023438e-01,-7.032469511032104492e-01,-6.333613991737365723e-01,-5.582312494516372681e-02,-6.455981731414794922e-01,4.367091879248619080e-02,-2.187007516622543335e-01,1.039643511176109314e-01
6.510083675384521484e-01,-7.671649754047393799e-02,9.475208520889282227e-01,-5.692567825317382812e-01,-7.317422628402709961e-01,4.000981152057647705e-02,8.894155621528625488e-01,7.200157046318054199e-01
-5.035045146942138672e-01,-2.718870937824249268e-01,-4.281466454267501831e-02,-5.846871137619018555e-01,6.454744338989257812e-01,5.713469386100769043e-01,4.540416002273559570e-01,1.665904670953750610e-01
5.870153903961181641e-01,-2.627401947975158691e-01,2.081044167280197144e-01,-2.054803073406219482e-01,-6.045591831207275391e-01,5.708892345428466797e-01,1.747388243675231934e-01,5.396269559860229492e-01
-3.229464888572692871e-01,-2.405796647071838379e-01,-2.390869148075580597e-02,-5.906232595443725586e-01,3.496867120265960693e-01,4.591135978698730469e-01,3.177698552608489990e-01,2.530781924724578857e-01
2.834793627262115479e-01,-2.620619907975196838e-02,3.045550882816314697e-01,-3.884157240390777588e-01,-9.213416576385498047e-01,7.929782867431640625e-01,4.687062203884124756e-01,7.289156913757324219e-01
6.880657672882080078e-01,-1.554132997989654541e-01,-2.085759639739990234e-01,-3.293500244617462158e-01,-6.361132860183715820e-01,7.111438512802124023e-01,3.047838211059570312e-01,6.046620607376098633e-01
7.651962041854858398e-01,-1.343623921275138855e-02,4.736123383045196533e-01,-4.681035578250885010e-01,-6.138226985931396484e-01,6.631889343261718750e-01,3.915219604969024658e-01,5.914438962936401367e-01
6.223003864288330078e-01,4.307147115468978882e-02,5.959498882293701172e-01,-5.964086055755615234e-01,-3.447911739349365234e-01,6.379064321517944336e-01,4.370293021202087402e-01,5.946662425994873047e-01
8.455697447061538696e-02,-8.219590783119201660e-02,6.189492940902709961e-01,-5.938349962234497070e-01,2.546426355838775635e-01,2.031090557575225830e-01,6.048030853271484375e-01,5.436027050018310547e-01
-9.572823047637939453e-01,5.549834966659545898e-01,-8.832077682018280029e-02,-6.411894559860229492e-01,6.143002510070800781e-01,-1.813253164291381836e-01,2.029616087675094604e-01,2.733221948146820068e-01
-7.490223646163940430e-01,-2.353932112455368042e-01,-5.187641978263854980e-01,-6.897353529930114746e-01,7.132632732391357422e-01,5.770034790039062500e-01,2.391038686037063599e-01,4.517396986484527588e-01
-7.845052480697631836e-01,-6.827301979064941406e-01,2.569210231304168701e-01,-3.913958370685577393e-01,1.295873820781707764e-01,-3.343012332916259766e-01,2.225646749138832092e-02,1.907009780406951904e-01
6.071579456329345703e-01,3.413243293762207031e-01,-2.719475328922271729e-01,-4.860813319683074951e-01,-9.809277653694152832e-01,5.633521080017089844e-01,3.391604423522949219e-01,1.907698512077331543e-01
9.514995664358139038e-02,-5.509116649627685547e-01,5.362685918807983398e-01,-1.952745765447616577e-01,1.620255410671234131e-01,4.942400008440017700e-02,3.793089091777801514e-01,1.510945707559585571e-01
-7.528626173734664917e-02,-4.222514331340789795e-01,-5.939574241638183594e-01,-4.343073666095733643e-01,-7.422717660665512085e-02,6.911269426345825195e-01,2.240557670593261719e-01,-9.500879049301147461e-02
3.123666346073150635e-01,-4.937419593334197998e-01,6.117270588874816895e-01,-2.794170379638671875e-01,8.033317327499389648e-02,2.679382860660552979e-01,5.953606367111206055e-01,3.398932814598083496e-01
1.432724297046661377e-01,-3.410590589046478271e-01,-6.443085670471191406e-01,-5.091966986656188965e-01,2.535416483879089355e-01,6.568412184715270996e-01,4.218854904174804688e-01,2.240922302007675171e-03
9.279035925865173340e-01,-8.207481354475021362e-02,6.645097732543945312e-01,-4.180190563201904297e-01,-4.776932895183563232e-01,5.298207998275756836e-01,2.887897789478302002e-01,4.814786016941070557e-01
3.223522603511810303e-01,-1.091334521770477295e-01,-5.210475325584411621e-01,-6.473529338836669922e-01,6.465876102447509766e-01,6.780523657798767090e-01,4.367723762989044189e-01,4.644569158554077148e-01
-2.916276156902313232e-01,-8.832954801619052887e-03,1.889626234769821167e-01,-7.522711753845214844e-01,-4.099721014499664307e-01,5.164368152618408203e-01,3.078868687152862549e-01,1.605101823806762695e-01
-6.937000155448913574e-01,6.001459956169128418e-01,-3.706158995628356934e-01,-8.030206561088562012e-01,7.942630052566528320e-01,4.946340620517730713e-02,5.939693450927734375e-01,4.387837350368499756e-01
-9.276354312896728516e-01,-2.324744910001754761e-01,1.810192763805389404e-01,-5.705627202987670898e-01,2.069237232208251953e-01,-3.126635774970054626e-02,3.329324424266815186e-01,4.987941086292266846e-01
-4.456507861614227295e-01,-4.823383390903472900e-01,-6.674037575721740723e-01,-5.773999691009521484e-01,-6.650810688734054565e-02,5.181765183806419373e-02,1.509826779365539551e-01,5.381000041961669922e-01
8.531680107116699219e-01,-5.003548264503479004e-01,-5.187422782182693481e-02,-4.763753116130828857e-01,-8.851188421249389648e-01,4.077572226524353027e-01,6.435166597366333008e-01,4.121315777301788330e-01
-2.601648271083831787e-01,-4.315551221370697021e-01,-6.380283832550048828e-01,-7.799456119537353516e-01,7.003138065338134766e-01,8.581984639167785645e-01,8.508549928665161133e-01,2.840206027030944824e-01
-7.510185241699218750e-02,-4.677684605121612549e-01,-2.888752222061157227e-01,-4.841258227825164795e-01,4.056122526526451111e-02,4.214415252208709717e-01,6.605426073074340820e-01,3.972999155521392822e-01
2.789817005395889282e-02,-3.469121456146240234e-01,-2.954662144184112549e-01,-6.257659196853637695e-01,2.107457257807254791e-02,5.125810503959655762e-01,6.741439104080200195e-01,4.302650690078735352e-01
-1.876093745231628418e-01,-1.919170171022415161e-01,-1.549934595823287964e-01,-7.282423973083496094e-01,2.711187303066253662e-01,5.292375087738037109e-01,7.171368002891540527e-01,4.619058072566986084e-01
-5.956888198852539062e-01,-4.092579334974288940e-02,2.775826752185821533e-01,-8.366937637329101562e-01,3.868314921855926514e-01,2.460889220237731934e-01,8.668918013572692871e-01,6.284062862396240234e-01
-9.474039673805236816e-01,8.045433759689331055e-01,-4.158222675323486328e-01,-8.990159630775451660e-01,8.706255555152893066e-01,1.120030414313077927e-03,5.601898431777954102e-01,6.346146464347839355e-01
-7.325812578201293945e-01,-6.845307350158691406e-01,1.477040201425552368e-01,-3.244592547416687012e-01,-6.072857379913330078e-01,4.972085729241371155e-02,-1.375698447227478027e-01,1.813814789056777954e-01
2.928830981254577637e-01,-5.568048954010009766e-01,-4.552629590034484863e-01,-2.578130960464477539e-01,6.782248020172119141e-01,-3.403452634811401367e-01,-1.035103723406791687e-01,3.932536244392395020e-01
9.813808202743530273e-01,-3.852503001689910889e-01,-9.623531699180603027e-01,-8.569985032081604004e-01,-9.784540534019470215e-01,9.765293598175048828e-01,8.685696125030517578e-01,5.264864563941955566e-01
-4.563551247119903564e-01,-6.657139658927917480e-01,4.738123416900634766e-01,8.419474959373474121e-02,3.036443293094635010e-01,3.862584233283996582e-01,3.367660641670227051e-01,2.199878245592117310e-01
7.460364103317260742e-01,-5.221749544143676758e-01,-8.699951767921447754e-01,-7.472708225250244141e-01,9.053773432970046997e-02,7.656129598617553711e-01,5.867908000946044922e-01,5.954180657863616943e-02
-4.435074627399444580e-01,-5.037481188774108887e-01,9.931012988090515137e-02,-6.946254968643188477e-01,4.138624370098114014e-01,3.051026761531829834e-01,7.024295330047607422e-01,1.426652073860168457e-01
7.984251379966735840e-01,-5.861489474773406982e-02,2.038032710552215576e-01,-7.564766407012939453e-01,1.683037281036376953e-01,2.437318414449691772e-01,6.339650154113769531e-01,5.526882410049438477e-01
6.073896288871765137e-01,-4.397915899753570557e-01,-5.446039438247680664e-01,-8.211457133293151855e-01,-2.295897305011749268e-01,4.774806797504425049e-01,8.761888742446899414e-01,6.160381436347961426e-01
2.660291194915771484e-01,-4.048188924789428711e-01,1.509580612182617188e-01,-7.843670845031738281e-01,3.806000947952270508e-01,8.123689144849777222e-02,8.933489322662353516e-01,6.931072473526000977e-01
-8.658906221389770508e-01,2.180213630199432373e-01,-4.212198555469512939e-01,-8.397967815399169922e-01,6.313810348510742188e-01,1.068183258175849915e-01,8.408511877059936523e-01,6.689997911453247070e-01
-9.928769469261169434e-01,9.063162654638290405e-02,-6.346806883811950684e-02,-8.492121696472167969e-01,8.493657708168029785e-01,2.681666053831577301e-03,4.138438999652862549e-01,6.241270899772644043e-01
-9.684006571769714355e-01,-5.229340195655822754e-01,1.374690048396587372e-02,-7.655224800109863281e-01,4.104224741458892822e-01,-3.649066388607025146e-01,3.818413317203521729e-01,5.308090448379516602e-01
9.426208734512329102e-01,4.658283293247222900e-02,-8.694404959678649902e-01,-7.998117208480834961e-01,-8.801407814025878906e-01,8.841271400451660156e-01,7.817198634147644043e-01,6.372933387756347656e-01
-6.379723548889160156e-01,-6.228454113006591797e-01,9.190121665596961975e-03,-3.390999138355255127e-01,8.006101846694946289e-01,9.869582951068878174e-03,5.140934586524963379e-01,1.840740889310836792e-01
6.718224287033081055e-01,-3.270643949508666992e-01,-2.095536440610885620e-01,-5.804101228713989258e-01,-6.446866989135742188e-01,6.254224181175231934e-01,6.017069816589355469e-01,5.746240615844726562e-01
-4.752050638198852539e-01,-4.700118005275726318e-01,-2.663820981979370117e-01,-6.111280918121337891e-01,6.833916902542114258e-01,1.875999420881271362e-01,5.435776710510253906e-01,1.552814245223999023e-01
1.857888996601104736e-01,-1.646861284971237183e-01,1.261371970176696777e-01,-6.833729147911071777e-01,-3.345412909984588623e-01,5.225343704223632812e-01,6.811878681182861328e-01,6.169754266738891602e-01
-4.162425100803375244e-01,-2.949250340461730957e-01,4.049929976463317871e-01,-5.232133865356445312e-01,7.462976872920989990e-02,9.750666469335556030e-02,7.098687291145324707e-01,6.192534565925598145e-01
7.649831473827362061e-02,-3.054321110248565674e-01,-3.382874280214309692e-02,-8.040671944618225098e-01,5.721113681793212891e-01,2.588252723217010498e-01,7.349773645401000977e-01,7.247884273529052734e-01
1.039247438311576843e-01,1.124540343880653381e-01,-2.957668900489807129e-01,-8.757317066192626953e-01,3.003582656383514404e-01,6.888261437416076660e-01,8.787634968757629395e-01,8.500519990921020508e-01
-6.025174856185913086e-01,2.722232639789581299e-01,3.752384185791015625e-01,-8.895159363746643066e-01,-1.571836620569229126e-01,6.072555184364318848e-01,8.822366595268249512e-01,8.340972661972045898e-01
-9.546647071838378906e-01,1.544132679700851440e-01,-6.021157503128051758e-01,-7.121751904487609863e-01,7.038187980651855469e-01,1.995026916265487671e-01,5.215448737144470215e-01,4.571413397789001465e-01
-9.631608724594116211e-01,-6.401036977767944336e-01,-2.906036674976348877e-01,-7.487978935241699219e-01,6.022511720657348633e-01,2.550035715103149414e-01,2.694538533687591553e-01,4.234809577465057373e-01
6.798973679542541504e-01,-6.118597984313964844e-01,-9.018266201019287109e-01,-2.806456089019775391e-01,1.434310525655746460e-01,-1.965317428112030029e-01,-2.649421393871307373e-01,-1.485221385955810547e-01
9.053773880004882812e-01,-5.331741571426391602e-01,9.396810531616210938e-01,-8.581232428550720215e-01,-9.952390193939208984e-01,7.907566428184509277e-01,9.166319966316223145e-01,6.977412104606628418e-01
-7.757625579833984375e-01,-5.918861031532287598e-01,2.865878120064735413e-02,-2.841672003269195557e-01,6.052110195159912109e-01,5.615957379341125488e-01,6.273687481880187988e-01,1.031740158796310425e-01
-1.037453562021255493e-01,-2.742579877376556396e-01,-3.995653390884399414e-01,-4.953647553920745850e-01,-1.164256036281585693e-01,5.289225578308105469e-01,4.610096812248229980e-01,3.285528123378753662e-01
-1.286602169275283813e-01,-2.628906369209289551e-01,2.735366225242614746e-01,-5.353316068649291992e-01,1.821722388267517090e-01,2.287152856588363647e-01,4.780697524547576904e-01,3.639656603336334229e-01
3.007636666297912598e-01,-2.002001255750656128e-01,1.442246735095977783e-01,-6.617403626441955566e-01,4.349001348018646240e-01,3.174246549606323242e-01,5.198255777359008789e-01,5.771355032920837402e-01
2.616142928600311279e-01,-6.974723935127258301e-02,-1.105831190943717957e-02,-5.889525413513183594e-01,2.362447530031204224e-01,6.429750919342041016e-01,7.262477278709411621e-01,7.737851142883300781e-01
-2.630039751529693604e-01,1.365545988082885742e-01,3.621759265661239624e-02,-7.327083945274353027e-01,1.944916993379592896e-01,6.501734256744384766e-01,8.177533149719238281e-01,7.974704504013061523e-01
-8.565306663513183594e-01,5.980792641639709473e-01,-2.650368511676788330e-01,-7.931154370307922363e-01,6.514960527420043945e-01,3.214952051639556885e-01,6.916269063949584961e-01,6.691204309463500977e-01
-9.168848395347595215e-01,-6.272012591361999512e-01,-2.176132500171661377e-01,-6.829816102981567383e-01,1.854060143232345581e-01,2.359256148338317871e-01,1.714042872190475464e-01,3.985764384269714355e-01
1.957464218139648438e-01,-6.999517083168029785e-01,-5.882145166397094727e-01,-3.307444453239440918e-01,-4.518631696701049805e-01,-8.523783087730407715e-02,-7.162573933601379395e-02,1.796522140502929688e-01
8.879492282867431641e-01,1.863646209239959717e-01,2.196312546730041504e-01,-7.533071637153625488e-01,-9.603775739669799805e-01,5.938344001770019531e-01,7.777271270751953125e-01,5.868843793869018555e-01
-6.516700983047485352e-01,-5.337211489677429199e-01,1.119860261678695679e-01,-5.815490484237670898e-01,7.474901676177978516e-01,5.097387433052062988e-01,6.797980666160583496e-01,3.104361593723297119e-01
5.259614586830139160e-01,-2.492613494396209717e-01,-6.007057055830955505e-02,-3.573807775974273682e-01,-6.613063812255859375e-01,6.132880449295043945e-01,2.660381495952606201e-01,5.681708455085754395e-01
-2.219289541244506836e-01,-3.881713151931762695e-01,-5.728248134255409241e-02,-6.824104189872741699e-01,4.276589751243591309e-01,4.656115174293518066e-01,4.756901264190673828e-01,2.735938131809234619e-01
-6.761372089385986328e-02,-2.735150046646595001e-02,1.901158243417739868e-01,-5.487813353538513184e-01,-1.913300156593322754e-01,4.174064695835113525e-01,3.260530531406402588e-01,5.138532519340515137e-01
3.888922035694122314e-01,-9.781921654939651489e-02,7.403044961392879486e-03,-6.507812738418579102e-01,-1.342947632074356079e-01,5.708084106445312500e-01,6.129171848297119141e-01,6.698527336120605469e-01
6.272549927234649658e-02,-1.505381613969802856e-01,1.264122873544692993e-01,-6.357828378677368164e-01,2.406120151281356812e-01,3.349100947380065918e-01,6.862512826919555664e-01,6.356390714645385742e-01
-9.482499361038208008e-01,4.221672713756561279e-01,-2.991299629211425781e-01,-5.609015822410583496e-01,2.108145207166671753e-01,5.962010100483894348e-02,3.033071458339691162e-01,4.467549622058868408e-01
-9.661235213279724121e-01,-2.459116876125335693e-01,-6.338186264038085938e-01,-7.534224390983581543e-01,9.706683754920959473e-01,-3.419025614857673645e-02,3.595945537090301514e-01,8.360915631055831909e-02
2.174487262964248657e-01,-4.956310689449310303e-01,-3.438607156276702881e-01,-6.404393911361694336e-01,-4.234686195850372314e-01,-4.872223827987909317e-03,-2.290676087141036987e-01,1.087305322289466858e-02
-1.663248836994171143e-01,-1.024350174702703953e-03,7.853677272796630859e-01,-5.129783153533935547e-01,-9.449954628944396973e-01,-1.621314734220504761e-01,3.429767191410064697e-01,2.263316363096237183e-01
8.707012534141540527e-01,-2.871787250041961670e-01,-2.889208197593688965e-01,-1.354598104953765869e-01,-8.959825634956359863e-01,7.751327753067016602e-01,1.255165338516235352e-01,4.477800428867340088e-01
-5.471702218055725098e-01,-4.647706747055053711e-01,5.514925718307495117e-01,-3.530268371105194092e-01,6.039428710937500000e-01,8.681082725524902344e-02,3.833798170089721680e-01,3.001387417316436768e-01
4.269449114799499512e-01,-1.595867425203323364e-01,-2.607755959033966064e-01,-3.563076555728912354e-01,-5.833388566970825195e-01,6.421086192131042480e-01,1.303135305643081665e-01,4.657288491725921631e-01
-2.790996432304382324e-01,-2.452564239501953125e-01,5.887275934219360352e-02,-6.243804693222045898e-01,4.688211381435394287e-01,2.922005355358123779e-01,2.727945744991302490e-01,2.511170208454132080e-01
-1.074640750885009766e-01,-4.012384638190269470e-02,2.420926094055175781e-01,-5.138673782348632812e-01,-8.001325768418610096e-04,3.964764177799224854e-01,2.411177754402160645e-01,5.090454816818237305e-01
-6.281446814537048340e-01,-3.220938146114349365e-02,3.518789112567901611e-01,-6.300910711288452148e-01,4.672113060951232910e-01,4.160974323749542236e-01,5.593478679656982422e-01,6.448223590850830078e-01
-8.591765761375427246e-01,7.842932939529418945e-01,-6.437038779258728027e-01,-7.220653295516967773e-01,9.034124016761779785e-01,4.116895049810409546e-02,2.123931646347045898e-01,4.009543359279632568e-01
-6.386868953704833984e-01,-6.927294731140136719e-01,-2.641640305519104004e-01,-4.237072765827178955e-01,-2.477091401815414429e-01,2.935697436332702637e-01,-9.777042269706726074e-02,2.114122062921524048e-01
1.431674659252166748e-01,-7.059606313705444336e-01,-6.928967237472534180e-01,-3.998896479606628418e-01,-3.225004673004150391e-01,3.449421003460884094e-02,-1.225803121924400330e-01,8.723346143960952759e-02
7.772735953330993652e-01,-3.624726533889770508e-01,9.371239542961120605e-01,-8.259252905845642090e-01,-9.933433532714843750e-01,4.257336854934692383e-01,7.761786580085754395e-01,6.433607339859008789e-01
-2.689130902290344238e-01,-4.180018007755279541e-01,5.117954611778259277e-01,-3.395948708057403564e-01,2.875883318483829498e-02,3.388823568820953369e-01,2.833491265773773193e-01,4.272980988025665283e-01
3.445084765553474426e-02,-2.642576098442077637e-01,-4.972756206989288330e-01,-5.048258304595947266e-01,1.178952027112245560e-02,5.482704043388366699e-01,1.756119132041931152e-01,2.128289490938186646e-01
-1.113152727484703064e-01,-2.325714975595474243e-01,-8.642873167991638184e-02,-6.451939940452575684e-01,3.952926099300384521e-01,2.850416004657745361e-01,2.744224965572357178e-01,2.498878985643386841e-01
-1.735854595899581909e-01,-9.596195886842906475e-04,3.457552790641784668e-01,-5.937717556953430176e-01,7.802008837461471558e-02,3.310355246067047119e-01,3.761922121047973633e-01,5.052905678749084473e-01
-6.948198080062866211e-01,-8.970563113689422607e-02,-2.920146286487579346e-01,-6.180998086929321289e-01,3.736351430416107178e-01,-9.790530055761337280e-02,6.227266788482666016e-01,4.193110167980194092e-01
-4.624831974506378174e-01,8.062385916709899902e-01,-2.241607755422592163e-01,-8.005487918853759766e-01,7.714743614196777344e-01,1.342351548373699188e-02,6.773033738136291504e-01,6.504771709442138672e-01
-7.088736891746520996e-01,-6.832039356231689453e-01,-8.768800646066665649e-02,-3.702690303325653076e-01,-5.048974752426147461e-01,3.883055150508880615e-01,-9.487760812044143677e-02,2.709025740623474121e-01
-1.053482294082641602e-01,-5.331020951271057129e-01,-2.592299282550811768e-01,1.071996316313743591e-01,2.577817142009735107e-01,-5.123617053031921387e-01,-1.117183342576026917e-01,2.272994220256805420e-01
-9.098569303750991821e-02,5.093922019004821777e-01,9.546777606010437012e-02,-6.848674416542053223e-01,-9.658494591712951660e-01,6.924637556076049805e-01,6.690190434455871582e-01,6.090798974037170410e-01
7.369544506072998047e-01,-5.136045813560485840e-01,6.540290117263793945e-01,4.373674094676971436e-01,-8.078808188438415527e-01,1.738431751728057861e-01,-1.825106441974639893e-01,5.369835495948791504e-01
9.347195029258728027e-01,-6.758027672767639160e-01,-8.732016086578369141e-01,-8.673894405364990234e-01,-4.364675283432006836e-02,9.443114995956420898e-01,7.473194003105163574e-01,4.591730888932943344e-03
-8.342759609222412109e-01,-4.329154491424560547e-01,4.314071834087371826e-01,2.328165620565414429e-01,-3.085999563336372375e-02,7.236334085464477539e-01,6.860851645469665527e-01,2.192628234624862671e-01
3.253335952758789062e-01,-4.299103021621704102e-01,-3.400720953941345215e-01,-8.075140714645385742e-01,7.480547428131103516e-01,4.979188442230224609e-01,4.606160819530487061e-01,4.298349916934967041e-01
-9.039983153343200684e-01,6.417242884635925293e-01,3.383593261241912842e-01,-8.498811721801757812e-01,6.456720232963562012e-01,5.776920542120933533e-02,6.878921985626220703e-01,5.580385923385620117e-01
-9.835001230239868164e-01,-4.927825033664703369e-01,-3.967473506927490234e-01,-7.906924486160278320e-01,8.625206351280212402e-01,2.831296026706695557e-01,4.109743535518646240e-01,4.481311738491058350e-01
-4.742640852928161621e-01,-6.372942924499511719e-01,-4.139972627162933350e-01,-6.602344512939453125e-01,-5.536873936653137207e-01,-1.009973660111427307e-01,5.746483220718801022e-04,3.121462762355804443e-01
8.813716769218444824e-01,-2.235336750745773315e-01,2.448722422122955322e-01,-7.499880790710449219e-01,-9.879181385040283203e-01,4.868988692760467529e-01,6.831352710723876953e-01,4.172291159629821777e-01
-4.248776137828826904e-01,-4.962478578090667725e-01,1.325223743915557861e-01,-4.386979341506958008e-01,5.045871138572692871e-01,1.987727731466293335e-01,4.583179056644439697e-01,1.148264631628990173e-01
1.929750740528106689e-01,-2.927498817443847656e-01,4.862308502197265625e-02,-3.654525279998779297e-01,-3.807483911514282227e-01,3.701552152633666992e-01,3.259175419807434082e-01,4.448023140430450439e-01
-4.452363774180412292e-02,-3.064227402210235596e-01,-1.752651184797286987e-01,-5.969704389572143555e-01,2.645248770713806152e-01,3.069305717945098877e-01,2.916577756404876709e-01,2.086498439311981201e-01
-1.869048736989498138e-02,-1.603414565324783325e-01,2.943553924560546875e-01,-5.697325468063354492e-01,-8.237189799547195435e-02,3.098121583461761475e-01,3.852817118167877197e-01,4.096464216709136963e-01
-1.882604956626892090e-01,-1.900588534772396088e-02,-4.654226824641227722e-02,-6.549135446548461914e-01,3.783484995365142822e-01,3.307310640811920166e-01,3.169890642166137695e-01,3.990997076034545898e-01
-2.788299024105072021e-01,-1.388925760984420776e-01,2.325114309787750244e-01,-7.534911632537841797e-01,7.030099630355834961e-01,-1.058791354298591614e-01,7.845045328140258789e-01,5.705785155296325684e-01
-9.927625060081481934e-01,7.505221962928771973e-01,-1.693896949291229248e-01,-7.839372158050537109e-01,8.454328775405883789e-01,1.647154986858367920e-02,3.809534907341003418e-01,6.783409714698791504e-01
-7.769696116447448730e-01,-6.504368782043457031e-01,-2.355071753263473511e-01,-5.092568993568420410e-01,-2.544174492359161377e-01,2.604211270809173584e-01,8.960472792387008667e-02,3.851848840713500977e-01
1.244151517748832703e-01,-6.656855940818786621e-01,-7.147363424301147461e-01,-4.734036624431610107e-01,-3.153931200504302979e-01,-1.548912078142166138e-01,-1.852320581674575806e-01,2.429976016283035278e-01
9.600675106048583984e-01,-1.980882436037063599e-01,-5.767282247543334961e-01,-8.389919400215148926e-01,-9.890846610069274902e-01,7.943860292434692383e-01,8.087407946586608887e-01,4.557519555091857910e-01
-2.929680943489074707e-01,-6.659023761749267578e-01,-3.871098458766937256e-01,-5.919106602668762207e-01,6.318747997283935547e-01,6.662045717239379883e-01,6.907739639282226562e-01,1.033649314194917679e-02
-1.751771718263626099e-01,-3.203360736370086670e-01,-3.377702534198760986e-01,-5.678106546401977539e-01,6.054668128490447998e-02,4.800960421562194824e-01,5.841649174690246582e-01,2.699064016342163086e-01
-1.303232908248901367e-01,-1.916201561689376831e-01,-1.971267163753509521e-01,-6.226918697357177734e-01,5.117544904351234436e-02,4.473150968551635742e-01,5.781732201576232910e-01,3.863725662231445312e-01
-1.789311468601226807e-01,-8.423382788896560669e-02,4.468400403857231140e-02,-6.885150671005249023e-01,4.179794788360595703e-01,3.898267149925231934e-01,6.203833818435668945e-01,5.209788084030151367e-01
-8.540044426918029785e-01,4.570876955986022949e-01,-2.215870320796966553e-01,-8.282775878906250000e-01,7.395477294921875000e-01,-8.309658616781234741e-02,6.890007853507995605e-01,4.432897865772247314e-01
-9.008291959762573242e-01,-8.717601001262664795e-02,-1.257405132055282593e-01,-7.881702780723571777e-01,5.607112646102905273e-01,9.882079809904098511e-02,4.372385740280151367e-01,5.283203125000000000e-01
-5.592079758644104004e-01,-6.529523134231567383e-01,-4.134454131126403809e-01,-6.625976562500000000e-01,-2.546623945236206055e-01,-1.578886955976486206e-01,5.586918815970420837e-02,2.838536798954010010e-01
9.269597530364990234e-01,-1.293650567531585693e-01,-5.946669578552246094e-01,-6.744841337203979492e-01,-8.930293321609497070e-01,7.554752826690673828e-01,4.482274949550628662e-01,4.457921683788299561e-01
-3.038741350173950195e-01,-3.946119546890258789e-01,-5.251544713973999023e-01,-7.731152772903442383e-01,7.282214164733886719e-01,6.990083456039428711e-01,6.615909337997436523e-01,8.456570655107498169e-02
-1.263781040906906128e-01,-2.117980271577835083e-01,2.419506013393402100e-02,-4.831730425357818604e-01,-1.738783121109008789e-01,3.023430407047271729e-01,4.555236399173736572e-01,4.953831136226654053e-01
9.219422936439514160e-03,-1.945182979106903076e-01,-8.105629682540893555e-02,-5.630873441696166992e-01,8.752878010272979736e-02,2.643687427043914795e-01,3.616524040699005127e-01,4.122956991195678711e-01
-6.468495726585388184e-02,-8.781962096691131592e-02,1.077823191881179810e-01,-6.022673249244689941e-01,7.400334626436233521e-02,2.857549488544464111e-01,4.409035742282867432e-01,4.847887754440307617e-01
-1.723175495862960815e-01,-3.724525272846221924e-01,2.088493406772613525e-01,-5.430828332901000977e-01,-2.880209684371948242e-01,2.715742290019989014e-01,7.002918720245361328e-01,6.106995344161987305e-01
-5.078181028366088867e-01,-5.288885235786437988e-01,-1.023811325430870056e-01,-7.161548137664794922e-01,9.001159667968750000e-01,4.208122566342353821e-02,7.080620527267456055e-01,7.161145806312561035e-01
-9.895324707031250000e-01,6.246281862258911133e-01,-3.778258860111236572e-01,-8.091274499893188477e-01,9.735043048858642578e-01,-2.847599983215332031e-01,5.066974163055419922e-01,5.276907086372375488e-01
-6.008532643318176270e-01,-6.346391439437866211e-01,-1.998978704214096069e-01,-4.808562397956848145e-01,-4.998351931571960449e-01,3.103045523166656494e-01,8.648557960987091064e-02,3.591283261775970459e-01
-6.890407949686050415e-02,-5.052671432495117188e-01,-5.238111019134521484e-01,-3.547856807708740234e-01,-4.387477785348892212e-02,-2.429662197828292847e-01,-7.481703534722328186e-03,1.555048227310180664e-01
3.214350715279579163e-02,3.309789299964904785e-01,-7.661876082420349121e-02,-6.446434855461120605e-01,-9.644761681556701660e-01,6.712378263473510742e-01,6.280905008316040039e-01,5.338585972785949707e-01
2.623720169067382812e-01,-4.720503985881805420e-01,2.412023991346359253e-01,2.672271430492401123e-02,2.926293611526489258e-01,-3.400326967239379883e-01,2.021638453006744385e-01,3.375591337680816650e-01
9.031385779380798340e-01,-4.398050606250762939e-01,-8.868902921676635742e-01,-6.936080455780029297e-01,-8.813810348510742188e-01,9.268037676811218262e-01,6.705393791198730469e-01,3.295185267925262451e-01
-2.062667608261108398e-01,-6.728816032409667969e-01,1.276026219129562378e-01,-6.668366193771362305e-01,4.547607898712158203e-01,3.549494147300720215e-01,6.950771808624267578e-01,-7.413738220930099487e-02
-1.785283386707305908e-01,-2.208318114280700684e-01,-3.449093103408813477e-01,-7.227225303649902344e-01,1.848168075084686279e-01,6.780226230621337891e-01,6.638499498367309570e-01,1.860758662223815918e-01
1.004913076758384705e-01,-1.611203253269195557e-01,4.209572821855545044e-02,-8.491152524948120117e-01,7.113388776779174805e-01,-1.176511589437723160e-02,7.507221102714538574e-01,5.654237270355224609e-01
-9.756343364715576172e-01,6.627346277236938477e-01,1.246275305747985840e-01,-8.758830428123474121e-01,6.282154321670532227e-01,1.383957415819168091e-01,5.193552970886230469e-01,4.864055514335632324e-01
-9.013674855232238770e-01,-1.298166662454605103e-01,-7.378250360488891602e-03,-6.566823720932006836e-01,2.922039330005645752e-01,2.230920642614364624e-02,3.908375501632690430e-01,5.144476890563964844e-01
5.626607313752174377e-02,-3.447217047214508057e-01,-4.752769470214843750e-01,-3.891927897930145264e-01,7.218670248985290527e-01,-2.742593586444854736e-01,3.170832097530364990e-01,5.078426599502563477e-01
9.378952980041503906e-01,-5.649613738059997559e-01,-2.592278122901916504e-01,-3.670550584793090820e-01,-9.364627599716186523e-01,7.964053153991699219e-01,6.550983190536499023e-01,5.005087256431579590e-01
-3.998022973537445068e-01,-4.762574434280395508e-01,8.057524450123310089e-03,-5.188708901405334473e-01,4.880002439022064209e-01,3.008558154106140137e-01,5.828460454940795898e-01,1.800442934036254883e-01
6.706161499023437500e-01,2.465401887893676758e-01,-6.099233627319335938e-01,-8.756685853004455566e-01,-5.701310634613037109e-01,8.222014904022216797e-01,7.907001376152038574e-01,6.509702801704406738e-01
-5.143321752548217773e-01,-5.841801166534423828e-01,-3.841886669397354126e-02,-6.485717892646789551e-01,7.927303314208984375e-01,2.580229640007019043e-01,6.631644368171691895e-01,1.526560932397842407e-01
-2.588019967079162598e-01,-8.634456247091293335e-02,1.240597143769264221e-01,-6.695148944854736328e-01,4.892879724502563477e-02,4.173633456230163574e-01,6.444520950317382812e-01,5.679144859313964844e-01
9.019000828266143799e-02,-5.238406732678413391e-02,2.847776710987091064e-01,-8.148004412651062012e-01,6.855609416961669922e-01,1.807485073804855347e-01,7.393063306808471680e-01,6.563230156898498535e-01
-9.750533103942871094e-01,6.582779884338378906e-01,-1.191343963146209717e-01,-8.426166772842407227e-01,5.480860471725463867e-01,3.044229149818420410e-01,5.929393768310546875e-01,6.996115446090698242e-01
-9.471157789230346680e-01,-3.646813035011291504e-01,-3.527897894382476807e-01,-8.093701601028442383e-01,7.428786158561706543e-01,3.326513469219207764e-01,5.808478593826293945e-01,6.509767770767211914e-01
-8.294785022735595703e-01,-7.144659757614135742e-01,-2.845240235328674316e-01,-6.817495822906494141e-01,-5.712330713868141174e-02,-2.628087103366851807e-01,1.191896572709083557e-01,2.277363389730453491e-01
9.294255971908569336e-01,-2.573268115520477295e-01,-6.951205730438232422e-01,-7.297508716583251953e-01,-9.074246287345886230e-01,7.935538291931152344e-01,5.853529572486877441e-01,3.921484053134918213e-01
-4.499105215072631836e-01,-3.748965859413146973e-01,9.456194937229156494e-02,-3.801174759864807129e-01,6.761310696601867676e-01,2.094579301774501801e-02,3.135355412960052490e-01,7.863950729370117188e-02
1.838734894990921021e-01,-2.229519188404083252e-01,-4.989778101444244385e-01,-5.060799717903137207e-01,-2.065215855836868286e-01,4.784891605377197266e-01,2.087310701608657837e-01,3.660137057304382324e-01
-2.431655377149581909e-01,-2.366904765367507935e-01,-2.707616686820983887e-01,-5.185000896453857422e-01,1.942507624626159668e-01,2.458570301532745361e-01,1.897644102573394775e-01,2.687709629535675049e-01
2.009324431419372559e-01,-1.396229565143585205e-01,-1.702865958213806152e-01,-5.508220195770263672e-01,-1.745863258838653564e-01,4.162848293781280518e-01,1.852568686008453369e-01,4.049946367740631104e-01
-5.925954133272171021e-02,-1.074838787317276001e-01,-1.077292710542678833e-01,-5.980341434478759766e-01,2.349513024091720581e-01,2.683181464672088623e-01,1.668786257505416870e-01,3.552881777286529541e-01
1.514587551355361938e-01,-3.079682961106300354e-02,1.283939331769943237e-01,-6.970660686492919922e-01,1.365111321210861206e-01,3.437921106815338135e-01,5.158903002738952637e-01,4.416139721870422363e-01
-4.894649386405944824e-01,-2.287802100181579590e-02,9.846320748329162598e-02,-7.724889516830444336e-01,4.442310631275177002e-01,3.056673407554626465e-01,6.216390132904052734e-01,4.914041757583618164e-01
-8.240382671356201172e-01,7.174323797225952148e-01,-5.735112428665161133e-01,-8.412313461303710938e-01,8.718492388725280762e-01,1.443251594901084900e-02,4.618653655052185059e-01,3.999809324741363525e-01
-8.437314629554748535e-01,-7.444438934326171875e-01,-2.859297990798950195e-01,-7.607902288436889648e-01,3.978699073195457458e-02,2.334056198596954346e-01,-1.743592470884323120e-01,1.186305209994316101e-01
-9.097830653190612793e-01,-4.633775353431701660e-01,-7.471218109130859375e-01,-7.920706868171691895e-01,8.143880367279052734e-01,-4.928579926490783691e-02,1.927589476108551025e-01,2.342598885297775269e-01
7.610139846801757812e-01,2.100777775049209595e-01,-5.767860412597656250e-01,-6.945302486419677734e-01,-7.905501127243041992e-01,6.527187824249267578e-01,2.123765498399734497e-01,3.234699368476867676e-01
-6.008803844451904297e-01,-2.627900540828704834e-01,-2.544945664703845978e-02,-4.738640487194061279e-01,5.114727616310119629e-01,1.061966195702552795e-01,1.883641928434371948e-01,2.525021135807037354e-01
2.341206073760986328e-01,-8.165800571441650391e-02,-1.090737134218215942e-01,-5.273905992507934570e-01,1.723993867635726929e-01,3.312284052371978760e-01,1.099448278546333313e-01,3.974490761756896973e-01
-9.082008898258209229e-02,-1.656049638986587524e-01,2.959490120410919189e-01,-3.523637652397155762e-01,-5.609374046325683594e-01,4.179535210132598877e-01,4.695185124874114990e-01,6.327455639839172363e-01
-4.537108168005943298e-02,-3.194301128387451172e-01,-2.261491417884826660e-01,-5.357053279876708984e-01,4.230498075485229492e-01,3.134857714176177979e-01,2.021245062351226807e-01,3.990041315555572510e-01
3.689667582511901855e-02,-1.182846873998641968e-01,2.693680226802825928e-01,-5.175219178199768066e-01,-1.306945979595184326e-01,3.718034029006958008e-01,4.131395518779754639e-01,5.810416340827941895e-01
3.520166873931884766e-02,-2.609326504170894623e-02,-2.616222575306892395e-02,-6.418330073356628418e-01,4.170413613319396973e-01,4.191100597381591797e-01,2.946226298809051514e-01,5.501132607460021973e-01
-2.394479960203170776e-01,5.630597844719886780e-02,4.137443006038665771e-02,-7.671750187873840332e-01,7.042652368545532227e-01,4.007115960121154785e-01,6.512969732284545898e-01,6.808787584304809570e-01
-9.938904643058776855e-01,6.738148331642150879e-01,5.078343674540519714e-02,-7.700073122978210449e-01,7.502566576004028320e-01,-9.922422468662261963e-02,3.015143573284149170e-01,5.765023231506347656e-01
-7.296530604362487793e-01,-5.311270356178283691e-01,-5.948773622512817383e-01,-7.218292951583862305e-01,-2.859262935817241669e-02,6.083062887191772461e-01,4.004066884517669678e-01,6.221420764923095703e-01
1.348017156124114990e-01,-5.932053327560424805e-01,-6.908638477325439453e-01,-1.000437289476394653e-01,1.887758672237396240e-01,-2.008821070194244385e-01,-1.369083765894174576e-02,1.260775625705718994e-01
7.812713980674743652e-01,-5.612153410911560059e-01,8.115504980087280273e-01,-6.831472516059875488e-01,-9.761111736297607422e-01,5.730915069580078125e-01,8.690919876098632812e-01,6.997215747833251953e-01
-5.104318857192993164e-01,-4.159550368785858154e-01,-1.025216579437255859e-01,-4.856559336185455322e-01,6.736702919006347656e-01,2.222230434417724609e-01,4.513339400291442871e-01,8.270519971847534180e-02
3.640939593315124512e-01,-3.974515497684478760e-01,1.657183319330215454e-01,-2.972944974899291992e-01,-4.982834756374359131e-01,3.883646726608276367e-01,4.098956882953643799e-01,4.744881093502044678e-01
-3.405946791172027588e-01,-4.045702815055847168e-01,-2.659181654453277588e-01,-5.789037942886352539e-01,5.201377868652343750e-01,2.259657531976699829e-01,3.756052851676940918e-01,2.049382925033569336e-01
2.849127352237701416e-01,-1.850237697362899780e-01,2.929522655904293060e-02,-5.244777202606201172e-01,-3.785990178585052490e-01,4.563491642475128174e-01,4.569061398506164551e-01,5.388703346252441406e-01
-2.682097256183624268e-01,-1.823441237211227417e-01,-1.083878576755523682e-01,-6.228131055831909180e-01,3.940153121948242188e-01,1.971689760684967041e-01,3.573672175407409668e-01,3.464372456073760986e-01
-9.581968933343887329e-02,1.479601860046386719e-01,2.719946801662445068e-01,-7.848869562149047852e-01,2.908403873443603516e-01,1.334100216627120972e-01,7.525546550750732422e-01,5.163651704788208008e-01
-9.390160441398620605e-01,3.475599288940429688e-01,-1.521674394607543945e-01,-8.492611050605773926e-01,6.269184350967407227e-01,2.355838380753993988e-02,5.528650283813476562e-01,4.365591108798980713e-01
-9.441234469413757324e-01,-4.875001311302185059e-01,-3.387235403060913086e-01,-9.091527462005615234e-01,7.353973388671875000e-01,1.762607544660568237e-01,3.873342871665954590e-01,3.782495558261871338e-01
-7.205774784088134766e-01,-2.647876739501953125e-01,-3.708561658859252930e-01,-9.260172843933105469e-01,3.792493045330047607e-01,1.276132762432098389e-01,1.626625806093215942e-01,5.840048789978027344e-01
6.024975180625915527e-01,-2.544537186622619629e-01,-4.106757640838623047e-01,-6.489865183830261230e-01,-2.448097616434097290e-01,5.748448371887207031e-01,6.520085334777832031e-01,3.065376281738281250e-01
-2.935399413108825684e-01,-5.841711759567260742e-01,2.319295555353164673e-01,-5.428894162178039551e-01,-5.771514177322387695e-01,8.825615048408508301e-01,9.533705115318298340e-01,6.449135541915893555e-01
-6.069592386484146118e-02,-9.022116065025329590e-01,-4.483929276466369629e-02,-6.286362409591674805e-01,7.422727346420288086e-01,8.111696243286132812e-01,9.415823221206665039e-01,4.775837063789367676e-01
2.829591035842895508e-01,-5.879154205322265625e-01,-1.744203120470046997e-01,-5.585325956344604492e-01,-2.149724364280700684e-01,8.201422095298767090e-01,9.397632479667663574e-01,6.756749153137207031e-01
-3.547953367233276367e-01,-4.795798361301422119e-01,3.195002675056457520e-01,-7.440074682235717773e-01,5.568741559982299805e-01,7.008735537528991699e-01,9.464188814163208008e-01,5.488102436065673828e-01
-4.948580563068389893e-01,2.021669000387191772e-01,3.911246731877326965e-02,-7.914746403694152832e-01,1.868040412664413452e-01,8.222546577453613281e-01,9.506473541259765625e-01,8.601086139678955078e-01
-8.343129754066467285e-01,5.737453699111938477e-01,9.503513574600219727e-02,-3.438158929347991943e-01,3.355124294757843018e-01,5.386698246002197266e-01,8.454228639602661133e-01,8.508058786392211914e-01
-6.873943805694580078e-01,4.320173338055610657e-02,-5.394360423088073730e-01,-2.689255475997924805e-01,5.284430980682373047e-01,5.412930250167846680e-01,5.715796947479248047e-01,7.804006338119506836e-01
-6.131799221038818359e-01,-6.864550709724426270e-01,-1.057853475213050842e-01,-1.168851479887962341e-01,-3.337461948394775391e-01,1.975709497928619385e-01,5.836584046483039856e-02,5.278066396713256836e-01
9.529293775558471680e-01,-7.461068034172058105e-01,5.609522461891174316e-01,4.412967562675476074e-01,-9.600180387496948242e-01,4.545165300369262695e-01,7.804866433143615723e-01,6.716115474700927734e-01
8.861239552497863770e-01,-6.022402048110961914e-01,-6.262922286987304688e-01,-9.431330561637878418e-01,6.491366624832153320e-01,9.522389173507690430e-01,9.222169518470764160e-01,3.148827254772186279e-01
-4.804579913616180420e-02,3.881134092807769775e-01,6.721166968345642090e-01,-5.709854364395141602e-01,-8.893246650695800781e-01,8.254217505455017090e-01,9.326597452163696289e-01,6.759748458862304688e-01
3.713667392730712891e-01,-7.868394851684570312e-01,1.836325973272323608e-02,-8.198147416114807129e-01,7.218381166458129883e-01,7.294908761978149414e-01,8.386647701263427734e-01,3.731631040573120117e-01
2.953163087368011475e-01,-3.497956693172454834e-02,-3.900620713829994202e-02,-6.704512238502502441e-01,3.645161688327789307e-01,5.928017497062683105e-01,8.328953385353088379e-01,8.066601753234863281e-01
-8.339782953262329102e-01,7.477428317070007324e-01,5.137019976973533630e-02,-7.992849946022033691e-01,3.445752859115600586e-01,6.211005449295043945e-01,7.872086763381958008e-01,8.075829148292541504e-01
-8.239138126373291016e-01,-3.538146317005157471e-01,-5.579583644866943359e-01,-5.522307753562927246e-01,6.102816462516784668e-01,5.498111248016357422e-01,2.820160984992980957e-01,5.253909826278686523e-01
1.452710479497909546e-01,-4.268302917480468750e-01,-4.568910598754882812e-01,-3.686212003231048584e-01,-5.171020627021789551e-01,2.120299339294433594e-01,-1.157572418451309204e-01,2.995010316371917725e-01
2.216731905937194824e-01,-2.789584100246429443e-01,5.711821317672729492e-01,-1.381956487894058228e-01,-7.851029634475708008e-01,-2.453841418027877808e-01,3.856043219566345215e-01,2.273025214672088623e-01
9.673463106155395508e-01,-1.504279226064682007e-01,-6.321037411689758301e-01,-3.912670612335205078e-01,-9.593585729598999023e-01,9.404675960540771484e-01,4.866219162940979004e-01,4.753749370574951172e-01
1.098723933100700378e-01,-2.527531422674655914e-02,8.564252853393554688e-01,-7.065553665161132812e-01,3.638298809528350830e-01,1.825031936168670654e-01,8.499615788459777832e-01,3.451153635978698730e-01
-3.758388459682464600e-01,-3.540150523185729980e-01,-1.316325515508651733e-01,-4.904893636703491211e-01,6.451012939214706421e-02,7.234526872634887695e-01,6.210956573486328125e-01,2.248137891292572021e-01
4.630679637193679810e-02,-2.610151171684265137e-01,-2.253463864326477051e-02,-6.079283356666564941e-01,1.389285326004028320e-01,4.761643111705780029e-01,4.003118574619293213e-01,3.435509502887725830e-01
5.169192552566528320e-01,2.225325070321559906e-02,2.499884217977523804e-01,-5.453681945800781250e-01,-2.375202625989913940e-01,5.191625952720642090e-01,6.699508428573608398e-01,6.477186679840087891e-01
1.964693069458007812e-01,-1.462968289852142334e-01,9.743390977382659912e-02,-6.196914911270141602e-01,2.302730828523635864e-01,5.973072052001953125e-01,6.255886554718017578e-01,6.857761144638061523e-01
-7.139241695404052734e-01,3.471305072307586670e-01,4.248630255460739136e-02,-7.467424869537353516e-01,5.929600000381469727e-01,4.830664694309234619e-01,7.047832012176513672e-01,6.805375218391418457e-01
-9.901819229125976562e-01,-3.860946279019117355e-03,-4.677578806877136230e-01,-7.266809940338134766e-01,8.065088391304016113e-01,1.750556081533432007e-01,1.649959683418273926e-01,3.618580996990203857e-01
-9.111235141754150391e-01,-6.418560743331909180e-01,-2.728567123413085938e-01,-8.021901845932006836e-01,5.010600686073303223e-01,1.573918461799621582e-01,1.698379814624786377e-01,3.987173438072204590e-01
3.725397288799285889e-01,-6.465132534503936768e-02,-8.503078669309616089e-02,-6.534339189529418945e-01,-4.923910796642303467e-01,-1.091924756765365601e-01,4.703701436519622803e-01,2.654250860214233398e-01
2.858900725841522217e-01,-3.602111935615539551e-01,5.297003388404846191e-01,-2.773013710975646973e-01,-3.953136205673217773e-01,5.272856950759887695e-01,3.999567627906799316e-01,4.407570660114288330e-01
-5.746781826019287109e-01,-2.744368612766265869e-01,1.529256254434585571e-01,-4.207106530666351318e-01,5.809686183929443359e-01,1.719031929969787598e-01,2.759823799133300781e-01,3.510359823703765869e-01
7.681230902671813965e-01,-2.525966465473175049e-01,-1.364664435386657715e-01,-3.296939730644226074e-01,-7.164227962493896484e-01,6.815009713172912598e-01,1.848469078540802002e-01,5.375180840492248535e-01
-5.203363895416259766e-01,-2.250976264476776123e-01,9.341066330671310425e-02,-5.828347206115722656e-01,5.102228522300720215e-01,2.142306566238403320e-01,2.842829227447509766e-01,2.822996973991394043e-01
3.936083614826202393e-01,-1.492922157049179077e-01,1.205574870109558105e-01,-4.698154032230377197e-01,-3.519414067268371582e-01,5.190691947937011719e-01,2.152068465948104858e-01,5.301826596260070801e-01
7.927253842353820801e-02,-4.221532121300697327e-02,2.304833978414535522e-01,-4.579966664314270020e-01,-6.204016208648681641e-01,6.384041309356689453e-01,4.808868467807769775e-01,6.513179540634155273e-01
1.381040960550308228e-01,1.270528733730316162e-01,5.828913450241088867e-01,-6.332324743270874023e-01,1.343181729316711426e-01,3.780769407749176025e-01,5.345199704170227051e-01,5.385018587112426758e-01
-5.867511630058288574e-01,1.552442610263824463e-01,6.632040143013000488e-01,-6.895359158515930176e-01,5.519106388092041016e-01,3.517819941043853760e-01,6.514240503311157227e-01,5.960713624954223633e-01
-4.729677736759185791e-01,5.687348246574401855e-01,-3.083020448684692383e-01,-5.125087499618530273e-01,6.307398080825805664e-01,3.395960032939910889e-01,2.288918048143386841e-01,5.050714015960693359e-01
-3.467184603214263916e-01,-6.539647579193115234e-01,6.096524000167846680e-02,3.127225488424301147e-02,-6.732551455497741699e-01,4.097718298435211182e-01,-3.567969799041748047e-01,-1.668645418249070644e-03
4.488712251186370850e-01,-4.194660186767578125e-01,-6.296448111534118652e-01,1.329300701618194580e-01,-4.808996915817260742e-01,-4.813074774574488401e-04,-1.779825799167156219e-02,1.237404495477676392e-01
9.456102848052978516e-01,-6.657298803329467773e-01,8.686307072639465332e-01,-6.828914880752563477e-01,-9.925153255462646484e-01,6.040756702423095703e-01,8.183550834655761719e-01,5.998018980026245117e-01
4.753555655479431152e-01,6.291189789772033691e-02,-4.401497244834899902e-01,-5.110963582992553711e-01,3.514315187931060791e-02,8.690871000289916992e-01,4.153849482536315918e-01,-4.048646986484527588e-02
-5.889350175857543945e-01,-5.701967477798461914e-01,7.615944147109985352e-01,-3.793404102325439453e-01,3.548322916030883789e-01,2.832193076610565186e-01,6.482468843460083008e-01,4.213905036449432373e-01
-5.880420655012130737e-02,4.959665238857269287e-02,-8.137870579957962036e-02,-3.301270604133605957e-01,-5.776420831680297852e-01,6.463016271591186523e-01,1.987968385219573975e-01,3.914625048637390137e-01
7.314215898513793945e-01,-4.366733431816101074e-01,-3.011162281036376953e-01,-5.893840789794921875e-01,2.815856635570526123e-01,6.495115756988525391e-01,1.567942798137664795e-01,4.347841143608093262e-01
6.925649195909500122e-02,1.712243407964706421e-01,4.411571323871612549e-01,-5.264985561370849609e-01,-1.883623152971267700e-01,4.174972772598266602e-01,5.686318278312683105e-01,5.593948364257812500e-01
-3.470472097396850586e-01,-1.810817420482635498e-01,1.118228137493133545e-01,-4.904649555683135986e-01,5.799943208694458008e-01,3.671806454658508301e-01,5.146120786666870117e-01,5.992500782012939453e-01
-9.660915136337280273e-01,8.092737197875976562e-01,-5.153944492340087891e-01,-7.410352230072021484e-01,8.543329238891601562e-01,2.031149715185165405e-01,7.726433873176574707e-02,3.412326276302337646e-01
-5.139959454536437988e-01,-6.943844556808471680e-01,-6.122550964355468750e-01,-6.653936505317687988e-01,9.507720917463302612e-02,5.370668172836303711e-01,-6.768506020307540894e-02,3.250458538532257080e-01
-4.114657640457153320e-01,-7.864974737167358398e-01,-2.070929706096649170e-01,-3.373724818229675293e-01,-1.199594438076019287e-01,-1.499040573835372925e-01,3.049957752227783203e-02,6.508812308311462402e-02
8.808651566505432129e-01,-2.160737216472625732e-01,6.954357624053955078e-01,-7.525484561920166016e-01,-9.171382188796997070e-01,4.987581968307495117e-01,7.717218399047851562e-01,4.231703877449035645e-01
-6.681479215621948242e-01,-3.036783933639526367e-01,3.727312088012695312e-01,-3.391627073287963867e-01,7.155397534370422363e-01,7.816811092197895050e-03,2.506701350212097168e-01,1.837740987539291382e-01
4.861548244953155518e-01,-1.634956747293472290e-01,-3.379540145397186279e-01,-2.798323929309844971e-01,-5.393453836441040039e-01,6.456923484802246094e-01,6.453111767768859863e-03,3.617953956127166748e-01
-3.309989571571350098e-01,-2.172368615865707397e-01,2.279091067612171173e-02,-5.524954795837402344e-01,4.307317733764648438e-01,3.253609836101531982e-01,1.615855097770690918e-01,1.916765272617340088e-01
1.077554523944854736e-01,-1.150771528482437134e-01,1.886865496635437012e-01,-4.533858895301818848e-01,-9.632632881402969360e-02,4.607855677604675293e-01,1.685282438993453979e-01,4.530835449695587158e-01
1.081535499542951584e-02,9.538416564464569092e-02,-4.786819219589233398e-02,-5.522795319557189941e-01,3.888273835182189941e-01,6.156122684478759766e-01,2.551045417785644531e-01,5.797364711761474609e-01
5.209118127822875977e-02,-5.505104083567857742e-03,-1.224291101098060608e-01,-4.569222033023834229e-01,4.521017074584960938e-01,6.765815019607543945e-01,4.560646116733551025e-01,6.892331838607788086e-01
-3.923574388027191162e-01,1.272258907556533813e-01,-1.352455615997314453e-01,-6.439798474311828613e-01,-5.348660983145236969e-03,6.172484159469604492e-01,5.265807509422302246e-01,5.672786235809326172e-01
-9.832295775413513184e-01,3.496164977550506592e-01,2.329061478376388550e-01,-7.219617366790771484e-01,7.801265120506286621e-01,-2.698546350002288818e-01,2.492664903402328491e-01,2.579156160354614258e-01
-7.756958007812500000e-01,-6.194097995758056641e-01,-4.923502206802368164e-01,-7.064787149429321289e-01,7.201480120420455933e-02,5.135361552238464355e-01,2.081410735845565796e-01,4.842684268951416016e-01
-2.747067250311374664e-02,-6.534620523452758789e-01,-4.282236099243164062e-01,1.553863380104303360e-02,7.968032360076904297e-01,-6.224397420883178711e-01,-5.648573637008666992e-01,3.789711743593215942e-02
9.713417887687683105e-01,-2.645461857318878174e-01,3.931742608547210693e-01,-8.912503123283386230e-01,-9.984474778175354004e-01,7.285541296005249023e-01,8.826041817665100098e-01,4.773138463497161865e-01
-5.951109528541564941e-01,-6.193421483039855957e-01,6.865736246109008789e-01,-1.379333585500717163e-01,6.148254275321960449e-01,-9.330174326896667480e-02,3.779181540012359619e-01,3.541543781757354736e-01
1.042520403861999512e-01,-1.523266583681106567e-01,-1.014245301485061646e-01,-3.872826695442199707e-01,-5.202574133872985840e-01,5.571572184562683105e-01,2.342632114887237549e-01,4.551632404327392578e-01
-1.807422488927841187e-01,-3.079001903533935547e-01,-1.544029116630554199e-01,-6.444535255432128906e-01,4.872303605079650879e-01,3.370558619499206543e-01,2.917698919773101807e-01,3.030779957771301270e-01
-6.392205506563186646e-02,9.417632967233657837e-02,5.464931484311819077e-03,-6.475046873092651367e-01,5.040648579597473145e-01,3.830936551094055176e-01,2.957071661949157715e-01,4.683938324451446533e-01
-6.411266922950744629e-01,-5.533896386623382568e-02,4.367751181125640869e-01,-6.956334114074707031e-01,6.754255890846252441e-01,4.407501518726348877e-01,7.295708656311035156e-01,6.970003843307495117e-01
-9.471490979194641113e-01,7.429904937744140625e-01,-4.151169657707214355e-01,-7.046813368797302246e-01,5.762422084808349609e-01,1.430152505636215210e-01,4.971268773078918457e-01,7.008053064346313477e-01
-7.261064052581787109e-01,-7.290189266204833984e-01,-3.591299355030059814e-01,-5.867561697959899902e-01,-1.975690722465515137e-01,3.770846128463745117e-01,5.000421404838562012e-02,3.788545429706573486e-01
7.999662756919860840e-01,-5.473227500915527344e-01,-8.444957137107849121e-01,-6.931900233030319214e-02,-2.259737551212310791e-01,-2.367350757122039795e-01,-2.436217665672302246e-01,1.025522723793983459e-01
8.615047335624694824e-01,-2.328204363584518433e-01,9.510681033134460449e-01,-8.035510778427124023e-01,-9.904128909111022949e-01,6.650190949440002441e-01,9.196513891220092773e-01,8.060786128044128418e-01
-7.482730746269226074e-01,-6.442148089408874512e-01,2.662723958492279053e-01,-1.086072847247123718e-01,6.142905950546264648e-01,5.910619497299194336e-01,6.413542032241821289e-01,3.023471236228942871e-01
7.475468516349792480e-01,-3.922680318355560303e-01,-6.368994116783142090e-01,-4.451138079166412354e-01,-7.434557676315307617e-01,8.126960992813110352e-01,3.716456890106201172e-01,3.915255665779113770e-01
-3.639956712722778320e-01,-5.431343317031860352e-01,-3.442114591598510742e-02,-7.896561622619628906e-01,8.012119531631469727e-01,4.949820339679718018e-01,7.274241447448730469e-01,9.798235446214675903e-02
7.877576351165771484e-01,-2.802068926393985748e-02,1.830275803804397583e-01,-5.842834711074829102e-01,-5.240421295166015625e-01,3.597215414047241211e-01,7.039681673049926758e-01,5.805602073669433594e-01
6.329538822174072266e-01,-1.948827058076858521e-01,8.290950208902359009e-03,-6.249659061431884766e-01,-4.552420079708099365e-01,5.214070081710815430e-01,7.162755727767944336e-01,6.341412067413330078e-01
4.281475543975830078e-01,-1.804164052009582520e-01,1.539668589830398560e-01,-6.803938150405883789e-01,-4.041010886430740356e-02,4.535521268844604492e-01,7.242416143417358398e-01,6.458160877227783203e-01
-5.079362541437149048e-02,-1.708869934082031250e-01,1.018278971314430237e-01,-7.530093193054199219e-01,5.389415025711059570e-01,3.851640820503234863e-01,7.558895349502563477e-01,6.755756735801696777e-01
-9.890874624252319336e-01,6.887949109077453613e-01,-1.402882039546966553e-01,-6.599155664443969727e-01,3.650431036949157715e-01,7.767336815595626831e-02,3.105208277702331543e-01,6.267271637916564941e-01
-9.885235428810119629e-01,-5.934230089187622070e-01,-4.053229689598083496e-01,-8.186420202255249023e-01,8.927841186523437500e-01,2.251526564359664917e-01,4.442986845970153809e-01,3.527213633060455322e-01
-5.305145978927612305e-01,-5.784836411476135254e-01,-3.835985660552978516e-01,-7.780239582061767578e-01,-1.503599286079406738e-01,-1.242635473608970642e-01,1.112106144428253174e-01,2.995451986789703369e-01
7.015029788017272949e-01,-2.959630489349365234e-01,4.827656447887420654e-01,-6.697031259536743164e-01,-9.425327777862548828e-01,2.832902967929840088e-01,7.558828592300415039e-01,6.169402599334716797e-01
-6.887921094894409180e-01,-4.383958876132965088e-01,3.120270371437072754e-01,-2.912659645080566406e-01,8.174580931663513184e-01,3.095719218254089355e-02,4.505388438701629639e-01,3.655950725078582764e-01
8.433998823165893555e-01,-2.832683324813842773e-01,-2.822969555854797363e-01,-3.315438032150268555e-01,-8.526526093482971191e-01,6.719270348548889160e-01,2.612589895725250244e-01,5.797871351242065430e-01
-5.158155560493469238e-01,-3.734694719314575195e-01,1.487113684415817261e-01,-5.175251364707946777e-01,6.283767223358154297e-01,1.360227316617965698e-01,3.863650560379028320e-01,2.673338949680328369e-01
5.365663170814514160e-01,-1.896012127399444580e-01,-6.347332615405321121e-03,-4.631895422935485840e-01,-6.756041049957275391e-01,5.427440404891967773e-01,2.248286753892898560e-01,5.256760120391845703e-01
-3.768940865993499756e-01,-3.199652954936027527e-02,1.744186580181121826e-01,-5.046270489692687988e-01,-4.991160333156585693e-01,3.966984450817108154e-01,3.195037543773651123e-01,5.000191926956176758e-01
7.508763670921325684e-01,-4.803673923015594482e-02,-2.583394050598144531e-01,-6.383774280548095703e-01,-5.130338072776794434e-01,4.908389151096343994e-01,4.535115361213684082e-01,4.540863633155822754e-01
6.056007146835327148e-01,-1.839803010225296021e-01,1.529926955699920654e-01,-5.507627725601196289e-01,-6.927115917205810547e-01,4.581989943981170654e-01,5.525114536285400391e-01,4.560134708881378174e-01
1.706383079290390015e-01,-2.348978221416473389e-01,6.623939424753189087e-02,-5.980534553527832031e-01,-2.352012842893600464e-01,3.124773800373077393e-01,5.990432500839233398e-01,4.457618296146392822e-01
-4.090349972248077393e-01,-1.831189393997192383e-01,1.614751517772674561e-01,-6.523261666297912598e-01,4.065751433372497559e-01,1.538148373365402222e-01,6.326669454574584961e-01,4.734232723712921143e-01
-7.195684909820556641e-01,7.098569273948669434e-01,-5.445097684860229492e-01,-7.583898305892944336e-01,8.384570479393005371e-01,1.112521737813949585e-01,4.896270930767059326e-01,4.518667757511138916e-01
-4.029227420687675476e-02,-4.871806204319000244e-01,-4.218997657299041748e-01,-5.327046513557434082e-01,-4.552680253982543945e-01,5.768113136291503906e-01,-3.555352985858917236e-02,4.037978351116180420e-01
6.048419475555419922e-01,-4.194443672895431519e-02,2.852785885334014893e-01,-6.455411911010742188e-01,-5.916208028793334961e-02,1.657149046659469604e-01,5.088762566447257996e-02,1.735959351062774658e-01
-8.357547521591186523e-01,-3.268496990203857422e-01,-6.328018009662628174e-02,-7.037323713302612305e-01,2.071142941713333130e-01,-1.090290769934654236e-01,-1.562069952487945557e-01,-2.158664464950561523e-01
9.472263455390930176e-01,-3.613824844360351562e-01,2.545672655105590820e-01,-5.176266431808471680e-01,-9.226139187812805176e-01,7.653999328613281250e-01,7.266952395439147949e-01,3.691010177135467529e-01
4.640082642436027527e-02,-2.590060234069824219e-01,2.249597907066345215e-01,-7.920704483985900879e-01,3.930427730083465576e-01,8.236041665077209473e-01,9.154449701309204102e-01,3.951860070228576660e-01
1.052432060241699219e-01,-4.676147401332855225e-01,-2.889663279056549072e-01,-5.095704197883605957e-01,-1.859358847141265869e-01,9.221215248107910156e-01,8.133919239044189453e-01,1.979410052299499512e-01
1.626898646354675293e-01,-6.019752621650695801e-01,2.160045355558395386e-01,-6.596490144729614258e-01,5.425822734832763672e-01,7.046428918838500977e-01,8.609798550605773926e-01,2.255820482969284058e-01
4.256506264209747314e-01,-7.907897233963012695e-02,4.295761883258819580e-01,-3.117836415767669678e-01,4.450675249099731445e-01,4.557595849037170410e-01,9.395824670791625977e-01,8.586835861206054688e-01
-8.834028840065002441e-01,8.005236387252807617e-01,-3.174659013748168945e-01,-5.655686855316162109e-01,5.098303556442260742e-01,6.673226952552795410e-01,7.641658782958984375e-01,7.890287637710571289e-01
-8.408207893371582031e-01,-1.651797145605087280e-01,-5.522243678569793701e-02,-1.601117402315139771e-01,2.075682431459426880e-01,4.571580588817596436e-01,4.138427972793579102e-01,6.972572207450866699e-01
-1.094867214560508728e-01,-4.873870611190795898e-01,-6.120549440383911133e-01,-2.671034634113311768e-01,-3.183271288871765137e-01,2.160271704196929932e-01,7.007432170212268829e-03,5.407104492187500000e-01
9.190629124641418457e-01,-6.439979076385498047e-01,7.104865312576293945e-01,5.096073150634765625e-01,-9.447893500328063965e-01,1.007879525423049927e-01,6.807342767715454102e-01,6.135730147361755371e-01
9.596301913261413574e-01,-6.580150127410888672e-01,-6.967453956604003906e-01,-9.519937038421630859e-01,2.027122676372528076e-01,9.422387480735778809e-01,8.875554800033569336e-01,1.475701183080673218e-01
-2.971485257148742676e-01,1.973907351493835449e-01,8.665094375610351562e-01,-5.837186574935913086e-01,-8.573858737945556641e-01,7.750986814498901367e-01,9.341323971748352051e-01,6.848354339599609375e-01
7.057956457138061523e-01,-8.112540245056152344e-01,-2.683337330818176270e-01,-8.295564055442810059e-01,6.467933654785156250e-01,7.674003839492797852e-01,8.213176131248474121e-01,1.697267442941665649e-01
8.653418421745300293e-01,-2.524405419826507568e-01,-1.365088075399398804e-01,-6.133900880813598633e-01,-5.214209556579589844e-01,6.430873274803161621e-01,8.211039304733276367e-01,7.376530170440673828e-01
7.753728628158569336e-01,-1.310094743967056274e-01,3.079884648323059082e-01,-6.494886875152587891e-01,-5.343604683876037598e-01,5.611987113952636719e-01,8.509261608123779297e-01,7.279007434844970703e-01
4.841677844524383545e-01,-1.917324364185333252e-01,-5.968595296144485474e-02,-7.031688690185546875e-01,8.171322941780090332e-02,5.645394921302795410e-01,8.368484973907470703e-01,7.282373905181884766e-01
-1.757416129112243652e-01,1.184253320097923279e-01,2.434756010770797729e-01,-7.765370011329650879e-01,5.363367795944213867e-01,3.865928947925567627e-01,8.704402446746826172e-01,7.557650208473205566e-01
-9.724695086479187012e-01,5.631961822509765625e-01,-5.326642394065856934e-01,-7.533522844314575195e-01,3.983192741870880127e-01,4.711869060993194580e-01,5.451142787933349609e-01,6.260945796966552734e-01
-9.743292331695556641e-01,-6.013157367706298828e-01,-9.814923256635665894e-02,-7.240796685218811035e-01,5.806378126144409180e-01,2.163569033145904541e-01,4.070849120616912842e-01,5.015380978584289551e-01
-3.612155318260192871e-01,-5.712625980377197266e-01,-4.896063804626464844e-01,-6.706190109252929688e-01,-2.381660640239715576e-01,-8.813491463661193848e-02,1.444619446992874146e-01,3.984150290489196777e-01
7.471873760223388672e-01,-4.598876237869262695e-01,7.261902093887329102e-01,-7.244018316268920898e-01,-9.828757643699645996e-01,3.440543711185455322e-01,8.388532400131225586e-01,6.771898269653320312e-01
-6.654632091522216797e-01,-6.705158352851867676e-01,-1.455219238996505737e-01,-4.674609899520874023e-01,8.429269790649414062e-01,4.075240790843963623e-01,6.858002543449401855e-01,1.863921731710433960e-01
6.281853318214416504e-01,-4.560201764106750488e-01,4.729997366666793823e-02,-3.034728169441223145e-01,-8.136342167854309082e-01,5.563024282455444336e-01,5.044864416122436523e-01,5.774277448654174805e-01
-3.541031479835510254e-01,-5.545550584793090820e-01,-1.665013730525970459e-01,-6.156657934188842773e-01,6.802935004234313965e-01,3.117875754833221436e-01,5.531015992164611816e-01,1.233816146850585938e-01
2.629548609256744385e-01,-2.985841929912567139e-01,2.460751980543136597e-01,-5.385910272598266602e-01,-6.418466567993164062e-01,4.948864877223968506e-01,5.400832891464233398e-01,5.274489521980285645e-01
7.151235342025756836e-01,-3.413076996803283691e-01,-3.512789309024810791e-01,-7.226894497871398926e-01,1.974214613437652588e-01,4.444675743579864502e-01,2.779375910758972168e-01,4.087521731853485107e-01
4.800392091274261475e-01,-1.865066885948181152e-01,3.695528209209442139e-01,-6.819689273834228516e-01,-6.738044023513793945e-01,3.019795119762420654e-01,7.583680748939514160e-01,4.622733592987060547e-01
6.988719105720520020e-02,-2.441377937793731689e-01,3.958446159958839417e-02,-7.231004834175109863e-01,3.885047137737274170e-02,2.307571172714233398e-01,7.908074855804443359e-01,5.442077517509460449e-01
-4.986641705036163330e-01,-1.462659388780593872e-01,9.137243777513504028e-02,-7.689963579177856445e-01,5.470000505447387695e-01,1.208289787173271179e-01,8.031174540519714355e-01,5.550748705863952637e-01
-6.324404478073120117e-01,7.431677579879760742e-01,-5.654994249343872070e-01,-7.460875511169433594e-01,7.258028984069824219e-01,1.776653975248336792e-01,4.847738146781921387e-01,5.587788820266723633e-01
-6.949676275253295898e-01,-6.605331897735595703e-01,-1.290409564971923828e-01,-6.822874546051025391e-01,-3.438319563865661621e-01,3.490556776523590088e-01,-1.091202870011329651e-01,2.609321177005767822e-01
-4.684410691261291504e-01,-6.259589195251464844e-01,-7.659766674041748047e-01,-7.931110858917236328e-01,4.634886085987091064e-01,2.907106280326843262e-01,-1.221042424440383911e-01,-6.137071177363395691e-02
9.678010940551757812e-01,-4.364885091781616211e-01,-9.112209081649780273e-01,-7.276393175125122070e-01,-9.572310447692871094e-01,9.278501868247985840e-01,8.265503644943237305e-01,4.924495518207550049e-01
5.921896100044250488e-01,-7.064653038978576660e-01,1.918796598911285400e-01,-4.918239712715148926e-01,1.714686602354049683e-01,8.196102380752563477e-01,6.277981400489807129e-01,1.188549548387527466e-01
-7.107455730438232422e-01,-5.968400835990905762e-01,2.387429326772689819e-01,-3.769160807132720947e-01,3.545350432395935059e-01,8.544752001762390137e-01,8.681232929229736328e-01,2.258902490139007568e-01
5.486749410629272461e-01,-5.266568660736083984e-01,-6.027098894119262695e-01,-6.322898864746093750e-01,6.521250009536743164e-01,7.773516178131103516e-01,7.544417977333068848e-01,6.079897880554199219e-01
-8.532638549804687500e-01,6.950203180313110352e-01,7.118033170700073242e-01,-8.010523319244384766e-01,5.621961951255798340e-01,-8.845277130603790283e-03,8.618851900100708008e-01,7.473496794700622559e-01
-9.041745662689208984e-01,-6.426942348480224609e-02,-5.667532682418823242e-01,-6.031349897384643555e-01,6.395977139472961426e-01,4.429305195808410645e-01,6.256065368652343750e-01,7.745809555053710938e-01
-5.021486878395080566e-01,-7.007865905761718750e-01,-1.797529608011245728e-01,-4.067583382129669189e-01,-6.374976634979248047e-01,7.779893279075622559e-02,2.012235112488269806e-03,4.095675945281982422e-01
9.400116205215454102e-01,-6.111136674880981445e-01,1.099854931235313416e-01,-1.282475609332323074e-02,-8.397344946861267090e-01,4.880894124507904053e-01,5.416769385337829590e-01,5.599743723869323730e-01
2.901835739612579346e-01,-3.449871242046356201e-01,-2.377186715602874756e-01,-9.127438068389892578e-01,7.491223812103271484e-01,8.400974273681640625e-01,9.217525720596313477e-01,4.020435512065887451e-01
-3.171726763248443604e-01,-6.892151236534118652e-01,3.222042322158813477e-01,-6.300146579742431641e-01,-1.283337324857711792e-01,4.554964900016784668e-01,8.416523933410644531e-01,3.155120015144348145e-01
-1.628966033458709717e-01,-4.620100557804107666e-01,-1.409687846899032593e-01,-5.767912864685058594e-01,2.658475637435913086e-01,4.014021754264831543e-01,6.917590498924255371e-01,3.357119262218475342e-01
7.404749393463134766e-01,-2.477526962757110596e-01,3.279272839426994324e-02,-6.327121257781982422e-01,-4.137285649776458740e-01,5.808026790618896484e-01,6.429182291030883789e-01,6.149547100067138672e-01
8.609954714775085449e-01,-2.971460223197937012e-01,-9.637167304754257202e-02,-7.873808741569519043e-01,6.988456472754478455e-03,5.317416191101074219e-01,4.618167579174041748e-01,5.087273716926574707e-01
5.939931869506835938e-01,-7.530678808689117432e-02,3.287414908409118652e-01,-8.070492744445800781e-01,-6.595809012651443481e-02,5.341996550559997559e-01,8.370453119277954102e-01,7.010236978530883789e-01
2.373836636543273926e-01,-5.615713596343994141e-01,-7.989127635955810547e-01,-6.732090711593627930e-01,-1.279243379831314087e-01,3.980463743209838867e-01,9.187484383583068848e-01,7.026481628417968750e-01
3.817665576934814453e-01,-5.073176622390747070e-01,3.504140973091125488e-01,-8.252240419387817383e-01,-3.122281432151794434e-01,2.689817845821380615e-01,9.530990123748779297e-01,6.579277515411376953e-01
-7.592200040817260742e-01,-1.923630535602569580e-01,-7.169619798660278320e-01,-7.326704859733581543e-01,7.940701842308044434e-01,1.424167752265930176e-01,9.061405658721923828e-01,7.160682082176208496e-01
-9.937647581100463867e-01,6.678072810173034668e-01,-3.161972016096115112e-02,-8.089159727096557617e-01,7.308652400970458984e-01,1.246719360351562500e-01,2.455074936151504517e-01,7.756117582321166992e-01
-3.954646885395050049e-01,-6.651289463043212891e-01,-3.412635624408721924e-01,-4.878735840320587158e-01,-6.725100278854370117e-01,2.139395028352737427e-01,-8.495178818702697754e-02,3.167201876640319824e-01
-2.740449905395507812e-01,1.054825857281684875e-01,-5.373394489288330078e-01,-6.136829257011413574e-01,-7.031287550926208496e-01,-2.031374722719192505e-02,2.852219641208648682e-01,2.072799503803253174e-01
8.727874755859375000e-01,-6.613572835922241211e-01,-7.049362659454345703e-01,-2.767160534858703613e-01,-7.516157627105712891e-01,7.012120485305786133e-01,5.422564744949340820e-01,3.733603656291961670e-01
8.266715705394744873e-02,-4.881961643695831299e-01,-8.014206886291503906e-01,-7.312289476394653320e-01,3.209311664104461670e-01,8.739700317382812500e-01,7.778936624526977539e-01,6.941451877355575562e-02
-2.692722082138061523e-01,-5.663089156150817871e-01,-4.803363084793090820e-01,-5.544927120208740234e-01,3.370416462421417236e-01,5.661426782608032227e-01,6.714855432510375977e-01,1.206746995449066162e-01
1.511991620063781738e-01,-4.465330243110656738e-01,-6.073576211929321289e-01,-7.379695177078247070e-01,-2.187158018350601196e-01,7.683326601982116699e-01,7.017068862915039062e-01,3.586339652538299561e-01
5.238690972328186035e-01,-2.345133423805236816e-01,-3.898443579673767090e-01,-7.861154079437255859e-01,6.141615509986877441e-01,4.184018969535827637e-01,5.559493303298950195e-01,4.206431508064270020e-01
-6.154784560203552246e-01,2.055329531431198120e-01,-2.901431322097778320e-01,-8.688523173332214355e-01,5.046327710151672363e-01,3.415988087654113770e-01,7.498395442962646484e-01,4.290170967578887939e-01
-8.969556689262390137e-01,5.004252791404724121e-01,-2.059663087129592896e-01,-8.497868180274963379e-01,7.058594822883605957e-01,7.909828424453735352e-02,4.849545955657958984e-01,5.631177425384521484e-01
-8.328796029090881348e-01,-7.051725983619689941e-01,-1.595465689897537231e-01,-6.683759689331054688e-01,-3.055404424667358398e-01,-5.603940226137638092e-03,6.979440897703170776e-02,2.653945982456207275e-01
2.874930500984191895e-01,-4.228243827819824219e-01,-4.732524156570434570e-01,-7.545357942581176758e-01,7.659994363784790039e-01,-1.957486569881439209e-01,6.601647138595581055e-01,4.632726311683654785e-01
8.757347464561462402e-01,-2.234485000371932983e-03,-7.859004139900207520e-01,-7.839469909667968750e-01,-9.808986186981201172e-01,8.310472369194030762e-01,7.333062291145324707e-01,5.231592059135437012e-01
-7.595167160034179688e-01,-5.585262775421142578e-01,-1.097555160522460938e-01,-3.668729662895202637e-01,7.964401245117187500e-01,2.140160799026489258e-01,5.529179573059082031e-01,1.243907883763313293e-01
4.578724205493927002e-01,-3.814059197902679443e-01,-2.316537350416183472e-01,-5.034269690513610840e-01,-6.182526350021362305e-01,5.453627705574035645e-01,5.903013348579406738e-01,5.251364707946777344e-01
-5.100243091583251953e-01,-4.244498312473297119e-01,-2.878976762294769287e-01,-5.672711133956909180e-01,6.398379802703857422e-01,1.792752146720886230e-01,4.444839358329772949e-01,1.870719343423843384e-01
1.783204227685928345e-01,-2.130382508039474487e-01,1.423903703689575195e-01,-6.278352737426757812e-01,-2.695981860160827637e-01,4.271336793899536133e-01,6.788014173507690430e-01,5.999629497528076172e-01
5.444836020469665527e-01,-1.578204333782196045e-01,-1.266208440065383911e-01,-6.760244369506835938e-01,4.219185411930084229e-01,4.029176533222198486e-01,3.731242716312408447e-01,4.959724843502044678e-01
1.617701053619384766e-01,-1.578307151794433594e-02,1.673296242952346802e-01,-7.454498410224914551e-01,2.911779284477233887e-01,4.552659690380096436e-01,7.353198528289794922e-01,6.416547298431396484e-01
-6.257335543632507324e-01,1.506662070751190186e-01,-1.655974052846431732e-02,-8.576820492744445801e-01,4.609066247940063477e-01,4.337222874164581299e-01,8.214429616928100586e-01,6.702183485031127930e-01
-7.901231050491333008e-01,5.349064469337463379e-01,-3.724622726440429688e-01,-9.142740368843078613e-01,5.435410737991333008e-01,2.607694566249847412e-01,5.200042128562927246e-01,5.501725673675537109e-01
-4.561465978622436523e-01,-6.865800619125366211e-01,-3.261574506759643555e-01,-8.426402807235717773e-01,-5.794482827186584473e-01,3.253270685672760010e-01,-1.331514269113540649e-01,1.303109973669052124e-01
-3.745976686477661133e-01,-4.132114052772521973e-01,-5.927770137786865234e-01,-4.653058648109436035e-01,9.043754935264587402e-01,-5.045927762985229492e-01,3.087982535362243652e-01,3.099671006202697754e-01
7.167276144027709961e-01,4.013779759407043457e-01,-7.400735020637512207e-01,-7.281140089035034180e-01,-9.289090037345886230e-01,8.807035684585571289e-01,7.360000610351562500e-01,6.009582281112670898e-01
-6.323151588439941406e-01,-5.206114649772644043e-01,8.340782672166824341e-02,-4.006234705448150635e-01,8.086823821067810059e-01,8.209636062383651733e-02,4.859088957309722900e-01,2.169334292411804199e-01
2.862709760665893555e-01,-2.123143374919891357e-01,2.802048325538635254e-01,-3.982186019420623779e-01,-2.164563238620758057e-01,3.268657922744750977e-01,5.045449733734130859e-01,6.277536153793334961e-01
1.140113547444343567e-01,-3.067398965358734131e-01,-1.020462587475776672e-01,-4.221967160701751709e-01,-5.543460249900817871e-01,5.974552631378173828e-01,5.825236439704895020e-01,5.948448181152343750e-01
-4.383763968944549561e-01,-6.047410964965820312e-01,2.482423782348632812e-01,-6.485754251480102539e-01,7.236918210983276367e-01,4.645541310310363770e-01,7.513440251350402832e-01,4.845769107341766357e-01
5.611687898635864258e-01,-3.252284824848175049e-01,-1.277128607034683228e-01,-6.432946920394897461e-01,-5.685135126113891602e-01,6.993177533149719238e-01,7.401518225669860840e-01,7.467825412750244141e-01
-1.929254978895187378e-01,-4.440383613109588623e-01,2.012163400650024414e-01,-7.401897907257080078e-01,4.721100628376007080e-01,6.083917617797851562e-01,7.550278902053833008e-01,4.921602308750152588e-01
-1.929809004068374634e-01,2.530547678470611572e-01,-1.180272921919822693e-01,-8.656877875328063965e-01,6.464705467224121094e-01,4.455503821372985840e-01,8.411480188369750977e-01,8.086699247360229492e-01
-8.878538608551025391e-01,5.723416209220886230e-01,-1.437294483184814453e-01,-9.126067757606506348e-01,5.023862123489379883e-01,4.721660017967224121e-01,7.568842172622680664e-01,7.891177535057067871e-01
-9.501143693923950195e-01,-6.590045690536499023e-01,-2.093117684125900269e-01,-5.660929083824157715e-01,5.671123266220092773e-01,3.751824200153350830e-01,3.789475560188293457e-01,5.974275469779968262e-01
2.896869182586669922e-01,-6.083425283432006836e-01,-6.389981508255004883e-01,-5.329647660255432129e-01,-6.838605403900146484e-01,4.098255559802055359e-02,-7.996817678213119507e-02,3.253991901874542236e-01
7.468104362487792969e-01,-1.127859055995941162e-01,9.101062417030334473e-01,-5.379277467727661133e-01,-8.733134269714355469e-01,1.329052150249481201e-01,8.416940569877624512e-01,6.986364126205444336e-01
-4.620930552482604980e-01,-3.833428919315338135e-01,-2.499054521322250366e-01,-7.329981327056884766e-01,7.276997566223144531e-01,8.341738581657409668e-01,7.624987959861755371e-01,3.687522709369659424e-01
3.663250803947448730e-01,-3.629265725612640381e-01,4.334408044815063477e-01,-2.807475626468658447e-01,-5.579998493194580078e-01,4.041075110435485840e-01,4.254841208457946777e-01,5.834287405014038086e-01
-1.325143575668334961e-01,-4.326546192169189453e-01,-2.625477910041809082e-01,-5.727804899215698242e-01,1.115085482597351074e-01,6.064730882644653320e-01,4.185747802257537842e-01,2.447814792394638062e-01
7.438612729310989380e-02,-9.865589439868927002e-02,2.372927516698837280e-01,-5.040700435638427734e-01,-7.652041316032409668e-01,6.615422964096069336e-01,5.477750301361083984e-01,6.334640979766845703e-01
1.568143963813781738e-01,-6.002439185976982117e-02,-1.494687199592590332e-01,-5.702954530715942383e-01,-2.088612169027328491e-01,4.293114840984344482e-01,6.494817733764648438e-01,5.825710296630859375e-01
2.495977580547332764e-01,2.266015624627470970e-03,5.909345149993896484e-01,-6.692425012588500977e-01,-1.342665553092956543e-01,3.263444304466247559e-01,7.546664476394653320e-01,6.028126478195190430e-01
-3.228935003280639648e-01,7.320749759674072266e-02,6.345100402832031250e-01,-7.269670963287353516e-01,4.739201664924621582e-01,2.306667417287826538e-01,7.769079208374023438e-01,6.396443843841552734e-01
-9.806519746780395508e-01,7.258174419403076172e-01,7.002261281013488770e-02,-8.483068943023681641e-01,9.472121596336364746e-01,-4.711112380027770996e-02,3.967044055461883545e-01,3.511621952056884766e-01
-1.919801086187362671e-01,-5.975226759910583496e-01,-5.059047937393188477e-01,-3.121439814567565918e-01,-4.998078942298889160e-01,5.438225865364074707e-01,-2.006190419197082520e-01,2.114502936601638794e-01
-2.314163148403167725e-01,-7.049143314361572266e-01,-2.765312492847442627e-01,-1.644699252210557461e-03,-9.740765392780303955e-02,-6.840529292821884155e-02,5.662016198039054871e-02,1.077410057187080383e-01
5.829724073410034180e-01,4.983798786997795105e-02,8.043341636657714844e-01,-6.784231066703796387e-01,-9.941474199295043945e-01,3.043961524963378906e-01,4.954458475112915039e-01,3.613910079002380371e-01
4.896564483642578125e-01,-1.705574691295623779e-01,-2.809474989771842957e-02,-3.363818228244781494e-01,-7.717302441596984863e-01,7.614699602127075195e-01,1.737906783819198608e-02,7.126110047101974487e-02
-4.748962521553039551e-01,-5.280366539955139160e-01,1.649719923734664917e-01,-6.871383786201477051e-01,7.749763131141662598e-01,3.878256678581237793e-01,6.254780292510986328e-01,1.531786769628524780e-01
5.897279083728790283e-02,-1.625015437602996826e-01,3.776861354708671570e-02,-3.997531831264495850e-01,-3.796865642070770264e-01,5.478699207305908203e-01,2.490771412849426270e-01,4.379229545593261719e-01
-2.404094673693180084e-02,-2.489112913608551025e-01,-9.720764309167861938e-02,-6.143725514411926270e-01,3.081512451171875000e-01,4.754897654056549072e-01,2.383142560720443726e-01,2.814186811447143555e-01
-5.039942860603332520e-01,1.556162536144256592e-01,4.785157442092895508e-01,-6.325924992561340332e-01,6.112208962440490723e-01,4.215359687805175781e-01,6.642028093338012695e-01,6.655132174491882324e-01
-6.842237710952758789e-01,7.405623197555541992e-01,-6.819766163825988770e-01,-6.591470241546630859e-01,6.297796964645385742e-01,6.010441184043884277e-01,3.846765756607055664e-01,6.993780136108398438e-01
-8.486905097961425781e-01,-6.860873103141784668e-01,-1.994381397962570190e-01,-4.012155830860137939e-01,1.237791124731302261e-02,3.413360416889190674e-01,-3.860111907124519348e-02,2.838872075080871582e-01
4.315258264541625977e-01,-6.934469938278198242e-01,-6.199538707733154297e-01,-2.350813448429107666e-01,-5.516106486320495605e-01,6.676717102527618408e-02,-1.265378892421722412e-01,1.283058375120162964e-01
7.624886035919189453e-01,-2.531494796276092529e-01,9.533123970031738281e-01,-6.446162462234497070e-01,-9.577928781509399414e-01,2.328278273344039917e-01,8.679531812667846680e-01,7.246932983398437500e-01
-3.510774672031402588e-01,-1.916079521179199219e-01,-2.050780355930328369e-01,-7.032471895217895508e-01,5.894184112548828125e-01,7.984734177589416504e-01,6.346602439880371094e-01,1.688687652349472046e-01
1.321270614862442017e-01,-2.486704885959625244e-01,4.943662583827972412e-01,-2.918754220008850098e-01,-3.474648594856262207e-01,2.875747084617614746e-01,3.581095933914184570e-01,5.235105156898498535e-01
1.422169953584671021e-01,-2.283950448036193848e-01,-7.222674787044525146e-02,-5.169510245323181152e-01,-2.122154980897903442e-01,5.493330955505371094e-01,2.290530353784561157e-01,3.533766567707061768e-01
5.952148512005805969e-02,-2.450104802846908569e-01,-1.378769241273403168e-02,-6.925939321517944336e-01,2.273779213428497314e-01,4.857777059078216553e-01,3.252686262130737305e-01,2.696355581283569336e-01
-2.691139839589595795e-02,2.490201145410537720e-01,-8.268222957849502563e-02,-6.105734109878540039e-01,7.741288840770721436e-02,2.826500833034515381e-01,6.054106354713439941e-01,5.142136812210083008e-01
-5.279363393783569336e-01,1.608269475400447845e-02,6.181991100311279297e-02,-6.243665218353271484e-01,5.744543075561523438e-01,3.207294046878814697e-01,6.379550695419311523e-01,5.522422790527343750e-01
-9.811815619468688965e-01,5.766233429312705994e-02,-3.997136056423187256e-01,-8.106499910354614258e-01,8.289859294891357422e-01,8.598942309617996216e-02,1.745484173297882080e-01,2.639136314392089844e-01
-9.905929565429687500e-01,-5.636249780654907227e-01,-4.307755827903747559e-01,-7.624166011810302734e-01,8.325062990188598633e-01,5.330000817775726318e-02,-7.411463884636759758e-04,3.042398989200592041e-01
2.773364484310150146e-01,-3.890553712844848633e-01,8.034586906433105469e-01,-7.364816069602966309e-01,-5.641930103302001953e-01,-2.954258620738983154e-01,7.907490134239196777e-01,4.966627657413482666e-01
7.390950918197631836e-01,-1.799798756837844849e-01,-7.158858776092529297e-01,-8.218963146209716797e-01,-5.086258053779602051e-02,9.760113954544067383e-01,8.617144823074340820e-01,6.406602263450622559e-01
-4.703297019004821777e-01,-5.401339530944824219e-01,7.831116914749145508e-01,-3.027021586894989014e-01,4.023341238498687744e-01,-2.404167950153350830e-01,6.610280275344848633e-01,3.449040055274963379e-01
6.664959192276000977e-01,-2.834154069423675537e-01,-2.623783051967620850e-01,-5.141044855117797852e-01,-8.871170878410339355e-01,8.646334409713745117e-01,7.006530165672302246e-01,6.274673938751220703e-01
-4.981799125671386719e-01,-5.444517135620117188e-01,4.391840398311614990e-01,-7.886460423469543457e-01,7.794074416160583496e-01,5.392166376113891602e-01,8.226107358932495117e-01,2.309177815914154053e-01
3.360308110713958740e-01,-2.123337090015411377e-01,3.677983954548835754e-02,-7.546899318695068359e-01,3.547429144382476807e-01,5.825572013854980469e-01,6.235353946685791016e-01,7.174722552299499512e-01
-9.621474146842956543e-01,6.220436096191406250e-01,-2.036563903093338013e-01,-5.944446921348571777e-01,7.244930267333984375e-01,1.969026923179626465e-01,5.451725721359252930e-01,6.043697595596313477e-01
-1.203432157635688782e-01,4.246361926198005676e-02,-3.966799080371856689e-01,-5.292326211929321289e-01,-4.001628160476684570e-01,6.750941872596740723e-01,2.004045993089675903e-01,5.840201377868652344e-01
5.437038466334342957e-02,-4.319583177566528320e-01,3.769861161708831787e-01,6.666011810302734375e-01,5.384141951799392700e-02,1.698015183210372925e-01,1.858795434236526489e-01,5.135214328765869141e-01
9.871801733970642090e-01,-4.178192839026451111e-02,-4.322038888931274414e-01,-8.206065297126770020e-01,-8.072937130928039551e-01,8.227376937866210938e-01,1.722450703382492065e-01,5.353107452392578125e-01
8.355056047439575195e-01,-7.966559529304504395e-01,6.994663476943969727e-01,7.047514915466308594e-01,-9.197298288345336914e-01,2.118291854858398438e-01,7.151973843574523926e-01,6.144667863845825195e-01
9.453423023223876953e-01,-6.159152388572692871e-01,-7.133640050888061523e-01,-9.660189747810363770e-01,6.860628724098205566e-01,9.386132955551147461e-01,9.065935015678405762e-01,1.159432828426361084e-01
7.651712298393249512e-01,-2.052966803312301636e-01,3.548632562160491943e-01,-7.939454317092895508e-01,-9.964640736579895020e-01,9.667823314666748047e-01,8.941524624824523926e-01,5.193797945976257324e-01
-9.887613654136657715e-01,3.456211090087890625e-01,4.384954571723937988e-01,9.108369946479797363e-01,7.370421886444091797e-01,-5.568612813949584961e-01,2.301878929138183594e-01,4.319094717502593994e-01
8.856648206710815430e-01,1.591760665178298950e-01,-9.418653249740600586e-01,-9.694174528121948242e-01,1.077544391155242920e-01,8.836190104484558105e-01,8.558253943920135498e-02,4.598148763179779053e-01
-9.471990466117858887e-01,-3.936863318085670471e-02,9.280141592025756836e-01,3.525868952274322510e-01,-5.015094876289367676e-01,-3.720960915088653564e-01,6.622175127267837524e-02,4.478408396244049072e-01
6.422603130340576172e-01,-3.275468200445175171e-02,-5.507305860519409180e-01,-7.266227900981903076e-02,-4.989598691463470459e-02,3.364011645317077637e-01,4.476256370544433594e-01,6.808143854141235352e-01
7.649424672126770020e-01,-5.331900119781494141e-01,6.655715703964233398e-01,7.062936425209045410e-01,-8.583651781082153320e-01,3.032197356224060059e-01,4.537445008754730225e-01,5.827528238296508789e-01
9.964024424552917480e-01,-7.774244546890258789e-01,-7.388452887535095215e-01,-9.534254670143127441e-01,-6.553254723548889160e-01,9.253848791122436523e-01,8.080335855484008789e-01,2.226016968488693237e-01
-6.221181750297546387e-01,1.095853745937347412e-01,8.609929680824279785e-01,-6.860224008560180664e-01,1.287951618432998657e-01,8.303599357604980469e-01,9.702102541923522949e-01,7.962954044342041016e-01
-3.302870690822601318e-01,5.131158605217933655e-02,-6.146067380905151367e-01,3.482849597930908203e-01,-7.169079780578613281e-01,8.546271324157714844e-01,8.065899610519409180e-01,7.605243325233459473e-01
9.661382436752319336e-01,-3.634451031684875488e-01,3.349955081939697266e-01,-9.203949570655822754e-01,-6.214493513107299805e-01,8.517037630081176758e-01,8.497747778892517090e-01,6.583936214447021484e-01
-7.331072539091110229e-02,-5.376478284597396851e-02,5.801095440983772278e-02,-6.830923557281494141e-01,4.281804561614990234e-01,5.003738999366760254e-01,8.630747795104980469e-01,7.433067560195922852e-01
-9.843848943710327148e-01,7.746825218200683594e-01,-2.493866235017776489e-01,-7.078896164894104004e-01,5.870610475540161133e-01,2.634258270263671875e-01,5.129846334457397461e-01,6.812385320663452148e-01
-9.749680757522583008e-01,-6.511517763137817383e-01,-1.549946814775466919e-01,-7.092705965042114258e-01,5.810806751251220703e-01,3.795236945152282715e-01,3.605139255523681641e-01,4.807212352752685547e-01
2.919178009033203125e-01,-4.784210622310638428e-01,-5.247541666030883789e-01,-3.181744813919067383e-01,-6.795070767402648926e-01,-4.923207685351371765e-02,-8.160413801670074463e-02,3.243753612041473389e-01
8.124893307685852051e-01,-4.673278629779815674e-01,7.388331294059753418e-01,-5.298852920532226562e-01,-9.915180206298828125e-01,3.641646206378936768e-01,7.870107889175415039e-01,6.198440790176391602e-01
-3.392287194728851318e-01,-4.798927009105682373e-01,-5.324702858924865723e-01,-4.924209415912628174e-01,4.203073084354400635e-01,7.699936628341674805e-01,6.151276826858520508e-01,1.489424109458923340e-01
4.407495260238647461e-01,-4.738656282424926758e-01,5.538078546524047852e-01,-6.913917511701583862e-02,-6.825342178344726562e-01,3.177853226661682129e-01,4.592233598232269287e-01,4.657360017299652100e-01
-1.496639400720596313e-01,-5.801535844802856445e-01,-3.475099205970764160e-01,-6.649824380874633789e-01,5.956481099128723145e-01,5.811762213706970215e-01,6.132711172103881836e-01,1.424383670091629028e-01
-3.264836221933364868e-02,-3.099054992198944092e-01,2.344636023044586182e-01,-5.142598152160644531e-01,-3.177986145019531250e-01,4.327735900878906250e-01,4.974163770675659180e-01,4.459986090660095215e-01
9.456893801689147949e-01,-2.505818307399749756e-01,-8.856663852930068970e-02,-5.446035861968994141e-01,-6.809303164482116699e-01,6.875240802764892578e-01,1.888480782508850098e-01,5.215054154396057129e-01
8.002182245254516602e-01,-1.365411281585693359e-01,1.489196866750717163e-01,-5.268523693084716797e-01,-7.172628045082092285e-01,6.848114132881164551e-01,5.708885788917541504e-01,6.307419538497924805e-01
6.546787023544311523e-01,-1.433497369289398193e-01,6.506291776895523071e-02,-6.499720811843872070e-01,-3.610525727272033691e-01,6.830611228942871094e-01,5.688534975051879883e-01,6.434259414672851562e-01
4.101718962192535400e-01,-1.761135756969451904e-01,2.177572995424270630e-01,-6.407756805419921875e-01,-2.921321988105773926e-02,3.800810575485229492e-01,7.311797142028808594e-01,6.486209630966186523e-01
-1.964773833751678467e-01,-1.239962428808212280e-01,1.306569725275039673e-01,-6.935115456581115723e-01,5.863580703735351562e-01,3.147422075271606445e-01,7.310937643051147461e-01,6.679852008819580078e-01
-9.888508319854736328e-01,6.910818815231323242e-01,-3.761383593082427979e-01,-7.593432664871215820e-01,6.342535614967346191e-01,2.318396121263504028e-01,2.381060123443603516e-01,5.715674161911010742e-01
-9.930669665336608887e-01,-5.869370698928833008e-01,-3.242393434047698975e-01,-7.733438014984130859e-01,8.296406269073486328e-01,1.850922107696533203e-01,2.869126498699188232e-01,3.180622160434722900e-01
-6.648753881454467773e-01,-4.653130173683166504e-01,-2.028655707836151123e-01,-8.663823604583740234e-01,-1.729179471731185913e-01,9.412615746259689331e-02,1.652586758136749268e-01,3.999488949775695801e-01
3.754566907882690430e-01,-2.631444334983825684e-01,6.905209422111511230e-01,-6.596382856369018555e-01,-6.667077541351318359e-01,2.242441475391387939e-01,7.279884815216064453e-01,5.742042660713195801e-01
-5.614469051361083984e-01,-4.539132714271545410e-01,-3.363044261932373047e-01,-5.591554641723632812e-01,7.457004785537719727e-01,3.977615535259246826e-01,3.642925024032592773e-01,3.022944331169128418e-01
6.658633947372436523e-01,-4.213784933090209961e-01,4.059709608554840088e-01,-3.907356858253479004e-01,-4.838228225708007812e-01,3.989182114601135254e-01,5.096901059150695801e-01,5.422045588493347168e-01
-2.219277024269104004e-01,-2.863900959491729736e-01,-4.937499016523361206e-02,-5.171493291854858398e-01,1.049549207091331482e-01,3.622977733612060547e-01,3.814025223255157471e-01,4.141292572021484375e-01
3.598982095718383789e-01,-2.555057406425476074e-01,2.919873408973217010e-02,-5.805672407150268555e-01,-1.663856208324432373e-01,4.471817314624786377e-01,3.451886475086212158e-01,4.870000481605529785e-01
-2.242865264415740967e-01,-2.084362655878067017e-01,2.321606129407882690e-01,-6.634803414344787598e-01,2.817797660827636719e-01,2.138176560401916504e-01,4.436928331851959229e-01,3.349265158176422119e-01
-1.231806352734565735e-01,8.408007025718688965e-02,5.421991348266601562e-01,-7.223989367485046387e-01,-2.536638379096984863e-01,5.287167429924011230e-01,6.192606687545776367e-01,6.487408280372619629e-01
-2.194644510746002197e-01,2.322477996349334717e-01,5.622547864913940430e-01,-7.829771041870117188e-01,5.014721155166625977e-01,4.301853477954864502e-01,7.005491256713867188e-01,6.436496376991271973e-01
-9.228556156158447266e-01,5.909932851791381836e-01,1.339944750070571899e-01,-9.196220636367797852e-01,7.914482951164245605e-01,1.623204797506332397e-01,5.545874834060668945e-01,3.906358778476715088e-01
-3.880788385868072510e-02,-5.374370813369750977e-01,-4.338726401329040527e-01,-1.184174716472625732e-01,-7.301965951919555664e-01,7.012279033660888672e-01,-1.813941746950149536e-01,2.940391898155212402e-01
1.591636836528778076e-01,-4.943147301673889160e-01,-9.532400965690612793e-02,4.347598254680633545e-01,-2.746435701847076416e-01,-2.516781166195869446e-02,1.382547318935394287e-01,2.963880896568298340e-01
9.933239817619323730e-01,-4.226338565349578857e-01,2.756572067737579346e-01,-7.387917041778564453e-01,-9.486175775527954102e-01,7.217455506324768066e-01,5.114063024520874023e-01,4.128302037715911865e-01
4.105036556720733643e-01,-2.537994980812072754e-01,4.522976279258728027e-01,-8.898971136659383774e-04,-7.770631909370422363e-01,7.292177677154541016e-01,6.945695281028747559e-01,5.069600939750671387e-01
-5.959753990173339844e-01,-3.101621568202972412e-01,-4.271479845046997070e-01,-7.460768222808837891e-01,8.988267183303833008e-01,8.683997988700866699e-01,9.026870727539062500e-01,6.344171762466430664e-01
7.792429924011230469e-01,-4.136234521865844727e-01,4.542980790138244629e-01,-3.715982437133789062e-01,-7.832944989204406738e-01,6.323737502098083496e-01,5.419465303421020508e-01,6.068480014801025391e-01
-1.948665976524353027e-01,-7.087140111252665520e-04,1.762145012617111206e-01,-6.913799047470092773e-01,-9.002663493156433105e-01,9.139814972877502441e-01,7.692633867263793945e-01,6.555626392364501953e-01
-2.498117238283157349e-01,2.182686887681484222e-02,-7.602351251989603043e-03,-4.912826418876647949e-01,2.865181565284729004e-01,4.048164784908294678e-01,5.796115398406982422e-01,6.126314401626586914e-01
-9.407797455787658691e-01,7.604804039001464844e-01,-4.207937419414520264e-01,-6.809638738632202148e-01,9.041696786880493164e-01,8.167288452386856079e-02,2.619315683841705322e-01,4.128769338130950928e-01
-7.886298894882202148e-01,-7.654218673706054688e-01,-5.418988466262817383e-01,-7.388168573379516602e-01,4.691540300846099854e-01,6.109007000923156738e-01,-1.957967877388000488e-02,2.911870181560516357e-01
1.406082976609468460e-02,-7.601426243782043457e-01,-2.355074286460876465e-01,-2.225405424833297729e-01,-4.026800096035003662e-01,-1.066019088029861450e-01,-5.123838782310485840e-03,1.002953574061393738e-01
8.464386463165283203e-01,-1.755387783050537109e-01,7.426742911338806152e-01,-7.101683020591735840e-01,-9.708403944969177246e-01,4.330625534057617188e-01,7.782829999923706055e-01,5.325392484664916992e-01
-7.007840871810913086e-01,-2.755898833274841309e-01,3.277356624603271484e-01,-3.184899985790252686e-01,6.510798335075378418e-01,1.473195701837539673e-01,3.584745228290557861e-01,2.747521102428436279e-01
7.667452096939086914e-01,-2.044954150915145874e-01,-3.036258518695831299e-01,-1.707530617713928223e-01,-8.004503250122070312e-01,7.453371286392211914e-01,2.895491942763328552e-02,4.583767652511596680e-01
-4.336654841899871826e-01,-2.740177512168884277e-01,6.586884707212448120e-02,-6.145682930946350098e-01,5.936470031738281250e-01,3.130019903182983398e-01,3.474614024162292480e-01,1.624750792980194092e-01
2.171464413404464722e-01,-9.911403805017471313e-02,1.605335623025894165e-02,-4.319996535778045654e-01,-3.477865159511566162e-01,5.435985326766967773e-01,1.501441448926925659e-01,4.511708319187164307e-01
6.165926456451416016e-01,-8.789309114217758179e-02,1.386757045984268188e-01,-3.823181688785552979e-01,-4.495284557342529297e-01,5.839205980300903320e-01,3.448094725608825684e-01,5.367006063461303711e-01
2.544122338294982910e-01,-6.922855973243713379e-02,1.137969195842742920e-01,-4.984966218471527100e-01,4.641006886959075928e-02,5.136503577232360840e-01,3.767403364181518555e-01,5.351517200469970703e-01
-3.953406810760498047e-01,2.585019916296005249e-02,1.774993687868118286e-01,-6.156919598579406738e-01,5.475991964340209961e-01,4.346745908260345459e-01,4.516066014766693115e-01,5.662381052970886230e-01
-9.293378591537475586e-01,7.422077655792236328e-01,-6.059085130691528320e-01,-8.605271577835083008e-01,8.574381470680236816e-01,2.658443450927734375e-01,1.809819340705871582e-01,3.172812461853027344e-01
-7.504744529724121094e-01,-7.337160110473632812e-01,-2.939858734607696533e-01,-7.298787832260131836e-01,4.718361794948577881e-01,4.649133086204528809e-01,-1.407006680965423584e-01,2.363922744989395142e-01
-4.831685423851013184e-01,-8.170958161354064941e-01,-4.075098037719726562e-01,-3.894127309322357178e-01,-5.487193912267684937e-02,-1.382731497287750244e-01,-6.068999320268630981e-02,-3.927053511142730713e-02
7.649657726287841797e-01,-3.739279508590698242e-01,7.599821686744689941e-01,-7.413744926452636719e-01,-8.842802643775939941e-01,4.738633632659912109e-01,7.886049151420593262e-01,4.203216135501861572e-01
-7.046092748641967773e-01,-5.677500367164611816e-01,5.488874316215515137e-01,-1.444940268993377686e-01,7.608552575111389160e-01,1.036128401756286621e-01,9.549326449632644653e-02,3.442137837409973145e-01
5.743893384933471680e-01,-1.104951873421669006e-01,-3.886111080646514893e-01,-1.841862648725509644e-01,-5.778520107269287109e-01,7.018653154373168945e-01,-3.021692484617233276e-02,4.801881015300750732e-01
-4.306860268115997314e-01,-1.400534361600875854e-01,9.972039610147476196e-02,-4.997939467430114746e-01,6.399456262588500977e-01,2.371573150157928467e-01,2.208858281373977661e-01,2.818298041820526123e-01
2.892630994319915771e-01,-1.106853261590003967e-01,1.827371418476104736e-01,-2.825638651847839355e-01,-4.749419987201690674e-01,5.699830055236816406e-01,8.416641503572463989e-02,6.002451181411743164e-01
-3.147589415311813354e-02,3.557199612259864807e-02,-5.389444530010223389e-03,-4.764850735664367676e-01,-4.389481246471405029e-01,6.540929079055786133e-01,1.809002459049224854e-01,5.982243418693542480e-01
1.696929521858692169e-02,-5.525647103786468506e-02,5.536635965108871460e-02,-4.562376737594604492e-01,4.194426834583282471e-01,4.700653553009033203e-01,2.455226182937622070e-01,5.350850820541381836e-01
-7.957888245582580566e-01,4.743373692035675049e-01,-2.278989106416702271e-01,-7.545630335807800293e-01,6.962296962738037109e-01,3.014858961105346680e-01,4.067718386650085449e-01,4.179104268550872803e-01
-4.910342395305633545e-01,3.380445018410682678e-02,-6.924687623977661133e-01,-6.708103418350219727e-01,4.481582641601562500e-01,3.726304769515991211e-01,-4.645030945539474487e-03,3.770395815372467041e-01
-6.278861761093139648e-01,-6.498696208000183105e-01,-1.817344576120376587e-01,-7.528310418128967285e-01,1.583263874053955078e-01,1.812025010585784912e-01,-3.528412580490112305e-01,-8.062788844108581543e-02
5.718236565589904785e-01,-8.077809214591979980e-01,-2.731644315645098686e-03,-5.061879754066467285e-01,-3.884828388690948486e-01,-1.176843121647834778e-01,4.922133386135101318e-01,2.104947715997695923e-01
9.364372491836547852e-01,4.559787809848785400e-01,8.515039682388305664e-01,-8.868404626846313477e-01,-7.756211757659912109e-01,4.173404574394226074e-01,6.848711967468261719e-01,5.275646448135375977e-01
-4.956479966640472412e-01,-5.276154279708862305e-01,4.069868922233581543e-01,-4.063187837600708008e-01,6.361455917358398438e-01,5.534374713897705078e-01,6.202911138534545898e-01,2.438265234231948853e-01
-1.553657092154026031e-02,-7.085466384887695312e-02,-3.826185166835784912e-01,-2.227222621440887451e-01,-2.165168970823287964e-01,7.237273454666137695e-01,9.049246460199356079e-02,1.233334243297576904e-01
3.670331537723541260e-01,-3.508023619651794434e-01,-2.969886660575866699e-01,-5.957600474357604980e-01,5.387116670608520508e-01,5.362654924392700195e-01,3.020874559879302979e-01,3.847508430480957031e-01
-6.062220335006713867e-01,4.288802444934844971e-01,3.035428822040557861e-01,-6.062996387481689453e-01,5.700560212135314941e-01,7.893671095371246338e-02,7.945823669433593750e-01,6.697083115577697754e-01
-9.125860929489135742e-01,1.858831197023391724e-01,-4.883556365966796875e-01,-7.447098493576049805e-01,7.271962761878967285e-01,2.764210402965545654e-01,5.606209039688110352e-01,6.825808286666870117e-01
-8.986353874206542969e-01,-6.965290307998657227e-01,1.819351464509963989e-01,-5.446146726608276367e-01,-1.949063092470169067e-01,-4.789249971508979797e-02,1.488923281431198120e-01,4.350580871105194092e-01
-3.523371517658233643e-01,2.000096440315246582e-02,-3.339942395687103271e-01,-5.628643631935119629e-01,-8.753821849822998047e-01,-1.253676321357488632e-02,2.561854943633079529e-02,2.373160719871520996e-01
8.698269724845886230e-01,-6.043474674224853516e-01,-1.715050823986530304e-02,-2.205598801374435425e-01,-6.223518848419189453e-01,4.243040978908538818e-01,4.803956449031829834e-01,3.795909583568572998e-01
4.691674411296844482e-01,-9.230130910873413086e-02,8.088666200637817383e-02,-9.063581824302673340e-01,6.421862840652465820e-01,7.218271493911743164e-01,8.962950110435485840e-01,2.630285918712615967e-01
-5.795809030532836914e-01,-4.672966003417968750e-01,1.160023212432861328e-01,-5.354099273681640625e-01,2.998516857624053955e-01,6.292887926101684570e-01,7.934182882308959961e-01,3.052428960800170898e-01
-1.543423384428024292e-01,-1.798960566520690918e-01,-2.587630450725555420e-01,-6.991325616836547852e-01,-2.296701073646545410e-01,7.229681015014648438e-01,7.280857563018798828e-01,5.004492402076721191e-01
5.042941570281982422e-01,-1.856094598770141602e-01,3.664391040802001953e-01,-7.470430135726928711e-01,6.254944801330566406e-01,1.352372020483016968e-01,6.583309173583984375e-01,6.205357313156127930e-01
-8.873026371002197266e-01,4.507183730602264404e-01,-2.519050240516662598e-01,-8.592379093170166016e-01,8.036824464797973633e-01,2.870705723762512207e-01,7.707517147064208984e-01,6.222462654113769531e-01
-9.844846129417419434e-01,-7.738658040761947632e-02,2.273891568183898926e-01,-7.887250185012817383e-01,6.139623522758483887e-01,-1.897957623004913330e-01,4.265937507152557373e-01,5.363624691963195801e-01
-6.987022757530212402e-01,-3.865061998367309570e-01,-4.903542399406433105e-01,-7.290353775024414062e-01,-2.017804831266403198e-01,-3.262597601860761642e-03,2.567414045333862305e-01,5.007591843605041504e-01
9.228268861770629883e-01,-4.705407917499542236e-01,-4.749186933040618896e-01,-4.880508184432983398e-01,-8.298225998878479004e-01,6.424573659896850586e-01,5.005707740783691406e-01,3.983725607395172119e-01
-9.214533120393753052e-02,-4.639357924461364746e-01,-2.708307206630706787e-01,-6.073036193847656250e-01,4.531061947345733643e-01,4.029090404510498047e-01,5.440002679824829102e-01,1.546113658696413040e-02
-1.968832015991210938e-01,-4.709518551826477051e-01,-3.650235533714294434e-01,-5.207720994949340820e-01,3.893843889236450195e-01,2.566289305686950684e-01,5.070570111274719238e-01,2.605387568473815918e-01
2.576943635940551758e-01,-3.468552529811859131e-01,-3.767237365245819092e-01,-6.494926214218139648e-01,-4.953558444976806641e-01,6.249471306800842285e-01,5.673606395721435547e-01,5.104297995567321777e-01
-3.126798868179321289e-01,-3.129038512706756592e-01,-3.130786418914794922e-01,-6.562982201576232910e-01,4.690307676792144775e-01,2.122220844030380249e-01,4.650316238403320312e-01,1.911461353302001953e-01
5.439447164535522461e-01,-7.253883779048919678e-02,2.121935188770294189e-01,-7.524586915969848633e-01,1.707370020449161530e-02,3.446799516677856445e-01,6.594822406768798828e-01,5.773051977157592773e-01
7.584469020366668701e-02,-1.962455958127975464e-01,6.332265585660934448e-02,-7.739088535308837891e-01,5.384699106216430664e-01,2.045648694038391113e-01,7.783067226409912109e-01,6.509314775466918945e-01
-8.915840387344360352e-01,4.064697027206420898e-01,-1.295278072357177734e-01,-8.830904960632324219e-01,6.044872999191284180e-01,2.903019487857818604e-01,7.929745912551879883e-01,6.323883533477783203e-01
-9.949352145195007324e-01,-1.424396187067031860e-01,-4.903872683644294739e-02,-8.317335844039916992e-01,7.635185718536376953e-01,-3.235444426536560059e-02,3.784776329994201660e-01,4.851622581481933594e-01
-9.436715245246887207e-01,-5.360850095748901367e-01,-1.067262887954711914e-01,-8.211306929588317871e-01,3.271284699440002441e-01,-2.767454087734222412e-01,3.067272007465362549e-01,4.282468855381011963e-01
8.783704638481140137e-01,-5.371788889169692993e-02,-6.647303104400634766e-01,-7.907945513725280762e-01,-7.355489730834960938e-01,7.850568294525146484e-01,6.228131651878356934e-01,5.415828824043273926e-01
-3.577761948108673096e-01,-3.906445801258087158e-01,6.381145715713500977e-01,-3.139439523220062256e-01,3.829786479473114014e-01,-1.287307143211364746e-01,4.338816106319427490e-01,2.142584770917892456e-01
-1.085733920335769653e-01,-2.838288247585296631e-01,-2.273488342761993408e-01,-5.524109601974487305e-01,2.783009111881256104e-01,2.912181615829467773e-01,3.673876523971557617e-01,3.971372544765472412e-01
3.696393594145774841e-02,-1.393063813447952271e-01,2.771510481834411621e-01,-5.090708136558532715e-01,-2.181264609098434448e-01,2.672327458858489990e-01,4.398198127746582031e-01,5.399065017700195312e-01
-1.200896725058555603e-01,-1.233035176992416382e-01,-8.725278824567794800e-02,-5.934022665023803711e-01,3.020870685577392578e-01,2.109935283660888672e-01,3.405236303806304932e-01,4.692013263702392578e-01
-1.141354441642761230e-04,-2.839593291282653809e-01,3.973168134689331055e-01,-6.096234917640686035e-01,-5.992407202720642090e-01,2.764176428318023682e-01,7.215946912765502930e-01,6.774380803108215332e-01
3.730604350566864014e-01,-3.804686367511749268e-01,-1.916712522506713867e-01,-7.636634707450866699e-01,2.889167964458465576e-01,4.509654939174652100e-01,4.256384074687957764e-01,4.501968324184417725e-01
-3.493396639823913574e-01,3.445053100585937500e-01,8.526796847581863403e-02,-9.048874974250793457e-01,5.885317325592041016e-01,3.201164901256561279e-01,8.144204616546630859e-01,7.533692121505737305e-01
-9.589774012565612793e-01,4.694033861160278320e-01,-3.677994906902313232e-01,-8.305568695068359375e-01,7.728957533836364746e-01,3.107543289661407471e-01,7.611466646194458008e-01,7.031183242797851562e-01
-9.094203710556030273e-01,-6.956346035003662109e-01,-1.459619700908660889e-01,-6.242418289184570312e-01,-3.256357610225677490e-01,2.627267539501190186e-01,1.889137178659439087e-01,4.264299571514129639e-01
6.053799986839294434e-01,-6.414228677749633789e-01,-8.289892077445983887e-01,-2.205025106668472290e-01,-4.425308704376220703e-01,-4.581282287836074829e-02,-1.112146228551864624e-01,2.229095101356506348e-01
6.782296299934387207e-01,-1.922161132097244263e-01,9.544202089309692383e-01,-6.931313276290893555e-01,-9.744977951049804688e-01,2.400300651788711548e-01,8.917735815048217773e-01,7.974528074264526367e-01
-5.233047604560852051e-01,-2.461065798997879028e-01,-1.465529352426528931e-01,-7.544997334480285645e-01,7.297136783599853516e-01,7.706340551376342773e-01,7.718235254287719727e-01,3.675712645053863525e-01
4.385496973991394043e-01,-2.828260660171508789e-01,5.065045952796936035e-01,-2.158570885658264160e-01,-6.767475605010986328e-01,3.761687576770782471e-01,4.148098230361938477e-01,5.966174602508544922e-01
-7.562430948019027710e-02,-5.076475739479064941e-01,-1.918791085481643677e-01,-6.427311897277832031e-01,1.950647830963134766e-01,5.725493431091308594e-01,5.142948031425476074e-01,3.109727799892425537e-01
-2.968701533973217010e-02,-2.027612179517745972e-01,7.466131448745727539e-02,-5.925363898277282715e-01,-1.308178007602691650e-01,3.945743143558502197e-01,3.531219661235809326e-01,4.190600812435150146e-01
7.925628423690795898e-01,-9.351293742656707764e-02,-9.851647913455963135e-02,-6.224755048751831055e-01,-7.196649312973022461e-01,6.519328355789184570e-01,6.098258495330810547e-01,6.463685631752014160e-01
7.058430910110473633e-01,-6.731227040290832520e-02,2.030737400054931641e-01,-6.396042108535766602e-01,-6.671241521835327148e-01,6.178489923477172852e-01,6.255351305007934570e-01,6.412493586540222168e-01
3.275142014026641846e-01,-2.395813167095184326e-01,8.483647555112838745e-02,-6.153335571289062500e-01,-3.657871186733245850e-01,3.964784741401672363e-01,7.613480091094970703e-01,6.549154520034790039e-01
-1.830157637596130371e-01,-1.863173395395278931e-01,1.781446784734725952e-01,-6.516811251640319824e-01,1.541904062032699585e-01,3.144859671592712402e-01,7.718371152877807617e-01,6.821258068084716797e-01
-9.844880700111389160e-01,4.879740476608276367e-01,-5.673673152923583984e-01,-5.609624385833740234e-01,8.669759035110473633e-01,-1.968496106564998627e-02,1.608427911996841431e-01,5.092104673385620117e-01
-9.936566352844238281e-01,-4.219094514846801758e-01,-5.098764896392822266e-01,-7.447981238365173340e-01,9.068218469619750977e-01,1.649012863636016846e-01,6.318514049053192139e-02,2.037963122129440308e-01
2.370538413524627686e-01,-6.933815479278564453e-01,-2.569002509117126465e-01,-4.563486576080322266e-01,-5.143393874168395996e-01,-8.510510623455047607e-02,-4.053554683923721313e-02,1.114042699337005615e-01
6.911299228668212891e-01,-3.265257775783538818e-01,7.167491912841796875e-01,-6.546136140823364258e-01,-9.483357071876525879e-01,3.243317008018493652e-01,7.658200263977050781e-01,5.098226666450500488e-01
-6.798516511917114258e-01,-3.040033280849456787e-01,2.365151941776275635e-01,-2.780637443065643311e-01,7.406659722328186035e-01,1.604992300271987915e-01,3.082635104656219482e-01,2.879016697406768799e-01
8.297629356384277344e-01,-2.286299914121627808e-01,-3.582520186901092529e-01,-1.149623915553092957e-01,-8.077474832534790039e-01,7.335252761840820312e-01,4.500675573945045471e-02,4.397202432155609131e-01
-5.276028513908386230e-01,-2.842319011688232422e-01,2.488589882850646973e-01,-4.872881770133972168e-01,6.047369837760925293e-01,2.250543087720870972e-01,3.194851279258728027e-01,2.365606278181076050e-01
5.401877760887145996e-01,-1.891230046749114990e-01,-8.814535290002822876e-02,-3.081959187984466553e-01,-6.286278963088989258e-01,6.386743783950805664e-01,1.221165135502815247e-01,4.815213680267333984e-01
-4.324667453765869141e-01,-1.453013569116592407e-01,1.203389614820480347e-01,-5.322882533073425293e-01,2.275392115116119385e-01,3.520630300045013428e-01,1.986893266439437866e-01,2.998992204666137695e-01
-9.716942161321640015e-02,2.872234284877777100e-01,-1.213426887989044189e-01,-5.745010375976562500e-01,2.600546777248382568e-01,1.971415281295776367e-01,3.350283205509185791e-01,2.574644088745117188e-01
-8.012786507606506348e-01,2.964968979358673096e-01,-1.810182631015777588e-01,-6.822433471679687500e-01,7.277255058288574219e-01,1.892023384571075439e-01,2.729271054267883301e-01,2.354124933481216431e-01
8.533452451229095459e-02,-4.902245104312896729e-01,-6.164134740829467773e-01,-5.267013311386108398e-01,-2.859210371971130371e-01,5.471367239952087402e-01,-2.769229710102081299e-01,1.604433953762054443e-01
3.868980407714843750e-01,-1.535404622554779053e-01,3.714409768581390381e-01,-6.122176051139831543e-01,-5.096321702003479004e-01,6.329273432493209839e-02,1.725518703460693359e-02,-3.410413861274719238e-02
8.933212161064147949e-01,1.864292621612548828e-01,2.207559645175933838e-01,-2.295404523611068726e-01,-5.871100425720214844e-01,1.377058774232864380e-01,-8.760523051023483276e-02,-1.035600230097770691e-01
9.283003807067871094e-01,-3.789390921592712402e-01,3.823057711124420166e-01,-2.017848193645477295e-01,-8.889088034629821777e-01,7.417432069778442383e-01,2.529950141906738281e-01,4.282356202602386475e-01
-8.470839262008666992e-01,-2.646182477474212646e-01,5.105563998222351074e-01,-5.246511697769165039e-01,1.782696843147277832e-01,5.501254200935363770e-01,6.097475290298461914e-01,3.555901944637298584e-01
9.480010867118835449e-01,-3.697815537452697754e-01,1.945101171731948853e-01,-5.552648305892944336e-01,-6.023167371749877930e-01,9.309043884277343750e-01,4.431923925876617432e-01,4.526861608028411865e-01
4.051682353019714355e-01,-3.616642653942108154e-01,-2.753022015094757080e-01,-3.541128337383270264e-02,-5.600380301475524902e-01,9.043003320693969727e-01,4.533880054950714111e-01,2.963495999574661255e-02
-7.938143610954284668e-01,5.397992730140686035e-01,-6.360795497894287109e-01,-4.426585733890533447e-01,6.124637126922607422e-01,4.186209738254547119e-01,4.297510683536529541e-01,6.046387553215026855e-01
-9.197605252265930176e-01,-3.713769912719726562e-01,-2.709594964981079102e-01,-7.125642299652099609e-01,8.208185434341430664e-01,3.255534172058105469e-01,3.680906891822814941e-01,4.649481773376464844e-01
-2.859153151512145996e-01,-6.052002310752868652e-01,-2.542299032211303711e-01,-4.737983345985412598e-01,-2.796485424041748047e-01,4.499345552176237106e-03,2.521251700818538666e-02,3.164373636245727539e-01
-1.381310522556304932e-01,2.703100740909576416e-01,6.819046735763549805e-01,-2.930765748023986816e-01,-9.674067497253417969e-01,1.251447945833206177e-01,-6.196530908346176147e-02,1.683995872735977173e-01
9.366101026535034180e-01,-4.048145413398742676e-01,-5.079278349876403809e-01,-1.698339283466339111e-01,-8.996809720993041992e-01,8.086550235748291016e-01,1.125991567969322205e-01,2.751154005527496338e-01
7.506247609853744507e-02,-6.871372461318969727e-01,2.837861776351928711e-01,-6.505143642425537109e-01,6.606732606887817383e-01,4.038088023662567139e-01,6.817411184310913086e-01,2.316714450716972351e-02
-3.050907254219055176e-01,-3.739017546176910400e-01,9.815143793821334839e-02,-5.102990269660949707e-01,-1.258348971605300903e-01,6.175940036773681641e-01,5.713343620300292969e-01,2.366160899400711060e-01
3.242444247007369995e-02,-2.405148595571517944e-01,-9.936603158712387085e-02,-6.334109902381896973e-01,1.469133496284484863e-01,5.466088056564331055e-01,3.783798515796661377e-01,2.265016734600067139e-01
5.524033308029174805e-01,-1.669068336486816406e-01,3.517463207244873047e-01,-6.824364662170410156e-01,5.579942464828491211e-01,3.509332239627838135e-01,4.877703487873077393e-01,5.680537819862365723e-01
-3.390373289585113525e-01,2.841418385505676270e-01,9.446493536233901978e-02,-5.011863708496093750e-01,8.106442689895629883e-01,4.380769729614257812e-01,5.295677185058593750e-01,6.291786432266235352e-01
-9.785322546958923340e-01,5.403265953063964844e-01,-4.109045118093490601e-02,-6.606075763702392578e-01,5.615637302398681641e-01,2.766749560832977295e-01,6.131933331489562988e-01,7.608597278594970703e-01
-7.503936290740966797e-01,-6.340355873107910156e-01,-4.848449826240539551e-01,-5.019763112068176270e-01,-2.286137193441390991e-01,4.961818158626556396e-01,1.282854378223419189e-01,5.192991495132446289e-01
7.731661796569824219e-01,-6.347696781158447266e-01,-8.409718871116638184e-01,5.608220025897026062e-02,-1.661953777074813843e-01,-4.671740904450416565e-02,-1.862356811761856079e-01,1.369292885065078735e-01
8.465356826782226562e-01,-4.618847072124481201e-01,9.736880064010620117e-01,-6.888719797134399414e-01,-9.854428768157958984e-01,5.489428043365478516e-01,9.215523600578308105e-01,7.685614824295043945e-01
-2.979717850685119629e-01,-1.685722023248672485e-01,-2.572591900825500488e-01,-8.165082335472106934e-01,7.481442689895629883e-01,8.949602842330932617e-01,8.971827626228332520e-01,3.935920894145965576e-01
-3.635368347167968750e-01,-5.027477145195007324e-01,4.840843379497528076e-01,-4.043625891208648682e-01,-1.677712500095367432e-01,3.439818322658538818e-01,7.310451269149780273e-01,4.797476530075073242e-01
3.006969988346099854e-01,-3.155685067176818848e-01,-3.518725931644439697e-01,-5.399216413497924805e-01,-1.595032513141632080e-01,5.970376729965209961e-01,4.111981391906738281e-01,3.610233664512634277e-01
7.756382822990417480e-01,-2.530928552150726318e-01,1.668155640363693237e-01,-6.894314289093017578e-01,2.837554551661014557e-02,4.561021029949188232e-01,4.084415137767791748e-01,4.761614203453063965e-01
3.908855020999908447e-01,-1.070504859089851379e-01,3.078651726245880127e-01,-7.448559999465942383e-01,5.322432518005371094e-01,4.147089719772338867e-01,6.469298601150512695e-01,6.494266986846923828e-01
-9.195767641067504883e-01,5.651222467422485352e-01,-1.966415196657180786e-01,-8.491582870483398438e-01,7.375226020812988281e-01,4.692422747611999512e-01,7.090924978256225586e-01,6.432366967201232910e-01
-9.898574352264404297e-01,-2.704111039638519287e-01,-1.751644653268158436e-03,-7.583034038543701172e-01,8.470425605773925781e-01,-4.225026071071624756e-02,4.340243637561798096e-01,5.077963471412658691e-01
-9.191322922706604004e-01,-6.075612306594848633e-01,-3.855652511119842529e-01,-6.725660562515258789e-01,3.272499889135360718e-02,-1.201599389314651489e-01,1.296386867761611938e-01,4.766803085803985596e-01
9.048621058464050293e-01,-2.836171686649322510e-01,-5.141074657440185547e-01,-6.931059360504150391e-01,-8.898994922637939453e-01,6.483457684516906738e-01,6.387013196945190430e-01,3.715320527553558350e-01
8.537479676306247711e-03,-2.100730873644351959e-02,8.258121013641357422e-01,-6.575782299041748047e-01,3.232506811618804932e-01,-2.891681902110576630e-02,7.691823840141296387e-01,4.170120656490325928e-01
-4.401267170906066895e-01,-3.672898113727569580e-01,-3.058826029300689697e-01,-5.212296843528747559e-01,2.847554087638854980e-01,4.426785409450531006e-01,4.617322981357574463e-01,1.876852661371231079e-01
2.438461780548095703e-02,-2.738083600997924805e-01,3.348170816898345947e-01,-4.761997163295745850e-01,-1.583450436592102051e-01,2.698951065540313721e-01,4.703658223152160645e-01,4.656162261962890625e-01
-2.163407802581787109e-01,-1.878702193498611450e-01,-1.600485146045684814e-01,-5.981993079185485840e-01,4.045751690864562988e-01,2.866074442863464355e-01,3.539262115955352783e-01,4.108695089817047119e-01
3.969222679734230042e-02,1.682294765487313271e-03,-1.035255473107099533e-02,-6.429368853569030762e-01,5.560925006866455078e-01,5.874743461608886719e-01,4.784182608127593994e-01,5.930954217910766602e-01
-3.162517249584197998e-01,8.347424119710922241e-02,-3.468571230769157410e-02,-7.181282043457031250e-01,1.927454024553298950e-01,5.758948326110839844e-01,7.099270820617675781e-01,6.453694105148315430e-01
-9.709087610244750977e-01,6.155315041542053223e-01,2.186609059572219849e-01,-8.271776437759399414e-01,6.271215677261352539e-01,-1.695380359888076782e-01,4.546084105968475342e-01,4.566921889781951904e-01
-5.960512161254882812e-01,-4.457163512706756592e-01,-3.972766697406768799e-01,-6.388908624649047852e-01,-2.890731990337371826e-01,3.650263547897338867e-01,1.485759466886520386e-01,3.778251707553863525e-01
1.005023941397666931e-01,-4.787115752696990967e-01,-3.187062442302703857e-01,2.300860732793807983e-02,5.740748047828674316e-01,-4.893800318241119385e-01,-3.658818453550338745e-02,2.875991463661193848e-01
9.683972001075744629e-01,6.317397579550743103e-03,-8.694164752960205078e-01,-7.369714975357055664e-01,-9.741860628128051758e-01,9.521333575248718262e-01,7.612811326980590820e-01,6.504340171813964844e-01
-6.542775630950927734e-01,-4.703027307987213135e-01,2.902872860431671143e-01,-3.372281193733215332e-01,5.161889791488647461e-01,2.769730985164642334e-01,5.683345794677734375e-01,2.069879770278930664e-01
3.631787300109863281e-01,-4.264997541904449463e-01,-3.672600984573364258e-01,-5.048934221267700195e-01,-3.775252997875213623e-01,5.940295457839965820e-01,4.625312387943267822e-01,4.889074563980102539e-01
-3.918378949165344238e-01,-4.349197745323181152e-01,1.954184323549270630e-01,-6.081669926643371582e-01,5.653401017189025879e-01,1.802180111408233643e-01,5.644658803939819336e-01,3.162550926208496094e-01
1.218264698982238770e-01,-1.754810214042663574e-01,2.517521083354949951e-01,-5.779998898506164551e-01,-3.118483424186706543e-01,4.415667057037353516e-01,6.264932155609130859e-01,6.476823687553405762e-01
-1.207431331276893616e-01,-2.118012607097625732e-01,-2.607575431466102600e-02,-6.645618677139282227e-01,4.605329632759094238e-01,3.292197883129119873e-01,4.702910184860229492e-01,5.694146156311035156e-01
-9.300462007522583008e-01,5.358806848526000977e-01,-5.424288660287857056e-02,-8.515645861625671387e-01,8.546414375305175781e-01,-6.496758013963699341e-02,7.484254837036132812e-01,6.843606233596801758e-01
-4.863362908363342285e-01,-1.222660094499588013e-01,-6.100052595138549805e-01,-8.655113577842712402e-01,1.758864820003509521e-01,6.435019969940185547e-01,5.490577220916748047e-01,7.019698023796081543e-01
-7.614653110504150391e-01,-6.862571239471435547e-01,-1.223788335919380188e-01,-4.413142800331115723e-01,-2.188937924802303314e-02,-7.714238762855529785e-02,8.969077467918395996e-02,2.959270477294921875e-01
-4.895445704460144043e-01,2.376704812049865723e-01,3.706602156162261963e-01,-4.658285081386566162e-01,-9.450303316116333008e-01,1.189190670847892761e-01,2.801539562642574310e-02,1.974357068538665771e-01
8.700194954872131348e-01,-5.739301443099975586e-01,-4.137863814830780029e-01,-3.005424439907073975e-01,-7.253500223159790039e-01,5.079593658447265625e-01,3.754391074180603027e-01,2.628321945667266846e-01
4.413688480854034424e-01,-1.327046304941177368e-01,1.639277487993240356e-01,-8.671471476554870605e-01,2.251466810703277588e-01,6.210672855377197266e-01,8.584434986114501953e-01,1.826688349246978760e-01
-4.596282839775085449e-01,-4.813189208507537842e-01,-1.556532382965087891e-01,-5.540241003036499023e-01,3.284966945648193359e-01,6.785873174667358398e-01,6.753280758857727051e-01,6.933841109275817871e-02
-2.052225321531295776e-01,-2.030773907899856567e-01,-4.889656603336334229e-01,-7.083369493484497070e-01,4.621298313140869141e-01,6.011209487915039062e-01,6.022762060165405273e-01,1.800542771816253662e-01
5.359938144683837891e-01,-3.499501198530197144e-02,-4.965606927871704102e-01,-6.628733873367309570e-01,5.176693797111511230e-01,6.824133396148681641e-01,5.836890935897827148e-01,5.339654088020324707e-01
-9.233471751213073730e-01,3.891120553016662598e-01,1.616651266813278198e-01,-8.340921998023986816e-01,-3.998111188411712646e-02,3.954416215419769287e-01,6.157469749450683594e-01,5.826414823532104492e-01
-8.482325673103332520e-01,3.192314207553863525e-01,-2.926936447620391846e-01,-7.337546944618225098e-01,7.847344875335693359e-01,-6.144940480589866638e-02,5.913572311401367188e-01,6.420022249221801758e-01
-5.115538239479064941e-01,-7.995980978012084961e-01,-2.104596644639968872e-01,-4.285020232200622559e-01,-4.717499017715454102e-01,1.375822573900222778e-01,-2.124801836907863617e-02,2.944875657558441162e-01
9.194502234458923340e-01,-3.790799677371978760e-01,-1.568680852651596069e-01,-4.545857012271881104e-01,-8.197101354598999023e-01,5.462160110473632812e-01,5.199356079101562500e-01,5.322951674461364746e-01
-3.426640033721923828e-01,-4.020470082759857178e-01,-3.035498261451721191e-01,-7.950004935264587402e-01,7.330813407897949219e-01,7.631705999374389648e-01,8.258240818977355957e-01,3.770641982555389404e-01
3.540708720684051514e-01,-3.454605937004089355e-01,5.904173105955123901e-02,-4.421928226947784424e-01,-6.049377322196960449e-01,5.034323334693908691e-01,5.648312568664550781e-01,5.575355291366577148e-01
-1.320893764495849609e-01,-5.305566787719726562e-01,-1.013038754463195801e-01,-6.811258792877197266e-01,5.108121037483215332e-01,3.933293223381042480e-01,5.988565087318420410e-01,2.342143058776855469e-01
-1.583509445190429688e-01,-1.385647654533386230e-01,2.647723853588104248e-01,-6.232222318649291992e-01,-5.676025897264480591e-02,3.805223405361175537e-01,6.250399947166442871e-01,5.353870987892150879e-01
-8.597984910011291504e-02,-7.251304388046264648e-02,-3.550142049789428711e-03,-7.089251875877380371e-01,2.622258663177490234e-01,4.669095873832702637e-01,5.499252080917358398e-01,5.418721437454223633e-01
-6.028814911842346191e-01,-2.617527246475219727e-01,-3.864303529262542725e-01,-7.069432139396667480e-01,6.498999595642089844e-01,-1.456069946289062500e-01,8.467232584953308105e-01,6.298951506614685059e-01
-9.907938241958618164e-01,5.875306725502014160e-01,-1.454090178012847900e-01,-8.325636386871337891e-01,9.414588212966918945e-01,1.959451474249362946e-02,4.568604528903961182e-01,6.588747501373291016e-01
-4.835369884967803955e-01,-7.172675132751464844e-01,1.629908569157123566e-02,-3.745426237583160400e-01,-5.772190093994140625e-01,4.140859935432672501e-03,-1.581988185644149780e-01,7.251287996768951416e-02
1.107847839593887329e-01,3.138233125209808350e-01,-5.927240252494812012e-01,-6.184830069541931152e-01,-7.082987427711486816e-01,-5.625991523265838623e-02,2.390999197959899902e-01,2.488419264554977417e-01
7.111248373985290527e-01,-3.701786100864410400e-01,-1.072649359703063965e-01,-1.838700920343399048e-01,-8.911611437797546387e-01,7.133810520172119141e-01,4.420799016952514648e-01,6.707184314727783203e-01
-4.719662368297576904e-01,-4.029424190521240234e-01,-5.767567083239555359e-02,-3.389369547367095947e-01,4.082628190517425537e-01,2.122568041086196899e-01,3.239945769309997559e-01,1.279661655426025391e-01
5.666215419769287109e-01,-2.140564620494842529e-01,-2.897709012031555176e-01,-5.382686853408813477e-01,-4.671941399574279785e-01,5.671933889389038086e-01,2.524143457412719727e-01,3.911128938198089600e-01
-2.242116928100585938e-01,-3.579003810882568359e-01,-2.585096061229705811e-01,-6.592651605606079102e-01,4.311530590057373047e-01,3.189431130886077881e-01,4.141324162483215332e-01,1.409030258655548096e-01
-1.306275427341461182e-01,-2.236550487577915192e-02,-4.437372554093599319e-03,-6.195465922355651855e-01,-4.402573406696319580e-02,3.611801564693450928e-01,3.690081536769866943e-01,4.261588752269744873e-01
8.420128822326660156e-01,-4.262155666947364807e-02,1.513079702854156494e-01,-6.906745433807373047e-01,-1.100441515445709229e-01,5.186097621917724609e-01,1.915336698293685913e-01,4.683228433132171631e-01
6.911940574645996094e-01,-3.051271140575408936e-01,-3.368869125843048096e-01,-7.979261279106140137e-01,-5.768958330154418945e-01,5.727499723434448242e-01,6.853726506233215332e-01,5.634205341339111328e-01
3.281667530536651611e-01,-3.412616550922393799e-01,3.215468227863311768e-01,-7.376269698143005371e-01,-4.447525739669799805e-01,8.495103567838668823e-02,8.571678400039672852e-01,5.530583858489990234e-01
-4.151799082756042480e-01,-3.846260011196136475e-01,-3.678249120712280273e-01,-7.038117647171020508e-01,1.331565231084823608e-01,-3.816886246204376221e-02,8.274633288383483887e-01,5.501140356063842773e-01
-9.287180304527282715e-01,4.135307073593139648e-01,-4.016844928264617920e-01,-8.251066207885742188e-01,9.431797266006469727e-01,-2.757757306098937988e-01,6.775569915771484375e-01,4.081953167915344238e-01
-6.687279939651489258e-01,-3.243752419948577881e-01,-5.216167569160461426e-01,-8.790533542633056641e-01,4.625400006771087646e-01,5.863926410675048828e-01,4.711260795593261719e-01,6.029761433601379395e-01
-6.819109916687011719e-01,-5.261175036430358887e-01,-4.935093224048614502e-01,-6.296230554580688477e-01,-1.732063889503479004e-01,-3.821278810501098633e-01,-5.567204952239990234e-02,2.633866965770721436e-01
7.305490970611572266e-01,2.669569477438926697e-02,-1.735098659992218018e-01,-6.817870140075683594e-01,-9.879570007324218750e-01,5.923405289649963379e-01,5.793974399566650391e-01,4.850270748138427734e-01
-6.202385425567626953e-01,-3.755048215389251709e-01,-2.314787805080413818e-01,-3.806043565273284912e-01,4.955551922321319580e-01,2.549141943454742432e-01,4.060455560684204102e-01,1.703565120697021484e-01
6.009243726730346680e-01,-2.266003489494323730e-01,-1.943385154008865356e-01,-3.959511816501617432e-01,-5.973899364471435547e-01,5.220384597778320312e-01,2.592734694480895996e-01,4.595900774002075195e-01
-3.461053371429443359e-01,-3.456993401050567627e-01,-3.951073288917541504e-01,-5.934736728668212891e-01,4.422387182712554932e-01,3.032747805118560791e-01,3.282991647720336914e-01,1.034487560391426086e-01
1.087740212678909302e-01,-1.145245879888534546e-01,-1.571722775697708130e-01,-5.499089360237121582e-01,-1.511180847883224487e-01,4.070084393024444580e-01,3.091765046119689941e-01,4.211219251155853271e-01
4.383016526699066162e-01,-1.094179153442382812e-01,-8.581764250993728638e-02,-6.328054666519165039e-01,1.936300098896026611e-01,3.696072697639465332e-01,2.085960656404495239e-01,3.982487022876739502e-01
6.332792639732360840e-01,-4.173648059368133545e-01,-1.436719894409179688e-01,-6.930541992187500000e-01,-1.659801751375198364e-01,3.550549745559692383e-01,5.927231311798095703e-01,5.004863142967224121e-01
1.864131838083267212e-01,-1.862211376428604126e-01,1.394015103578567505e-01,-7.495858669281005859e-01,-1.808029115200042725e-01,2.126161456108093262e-01,7.481093406677246094e-01,5.047202706336975098e-01
-4.525237381458282471e-01,-1.419733762741088867e-01,4.905228316783905029e-02,-7.991786003112792969e-01,4.850950539112091064e-01,1.142450720071792603e-01,7.626667618751525879e-01,5.489372014999389648e-01
-9.799392819404602051e-01,7.225699424743652344e-01,-2.347618639469146729e-01,-9.092583060264587402e-01,9.246725440025329590e-01,-1.239746585488319397e-01,4.323447942733764648e-01,5.127924680709838867e-01
-3.547841906547546387e-01,-6.965271234512329102e-01,-5.598109960556030273e-01,-6.611741781234741211e-01,-3.077828586101531982e-01,5.708652138710021973e-01,8.193506300449371338e-02,4.704146981239318848e-01
-5.240806341171264648e-01,-6.877359747886657715e-01,-5.973652601242065430e-01,-6.780308485031127930e-01,2.151653915643692017e-01,-4.618952795863151550e-02,-7.388114184141159058e-02,1.100512128323316574e-02
8.747447729110717773e-01,-4.049780592322349548e-02,-8.622599840164184570e-01,-6.807132363319396973e-01,-9.556688070297241211e-01,8.301189541816711426e-01,5.932139754295349121e-01,3.188975453376770020e-01
-2.142331600189208984e-01,-6.330039501190185547e-01,-4.293820858001708984e-01,-5.727421045303344727e-01,7.084450721740722656e-01,5.591886043548583984e-01,6.168504953384399414e-01,-5.342153832316398621e-02
-1.306580752134323120e-01,-2.951115071773529053e-01,-2.965547442436218262e-01,-5.614808797836303711e-01,2.354299724102020264e-01,5.892736315727233887e-01,6.036409139633178711e-01,3.561531603336334229e-01
-3.032832443714141846e-01,-2.853919565677642822e-01,8.604852855205535889e-02,-6.367353200912475586e-01,-3.537342548370361328e-01,7.119002342224121094e-01,6.941105723381042480e-01,5.999630689620971680e-01
-3.240733444690704346e-01,-2.896693050861358643e-01,-6.770333647727966309e-02,-5.518454313278198242e-01,5.786614418029785156e-01,2.837181389331817627e-01,6.427587866783142090e-01,5.095837712287902832e-01
-3.138453364372253418e-01,1.804805546998977661e-01,3.975487127900123596e-02,-6.482989788055419922e-01,3.882598280906677246e-01,3.855518698692321777e-01,8.188084959983825684e-01,6.684828400611877441e-01
-9.298840761184692383e-01,5.938902497291564941e-01,1.769364923238754272e-01,-7.041520476341247559e-01,4.631069004535675049e-01,-6.583714857697486877e-03,6.201725602149963379e-01,6.674793958663940430e-01
-6.760340929031372070e-01,-3.916703164577484131e-01,-2.582587301731109619e-01,-4.000785946846008301e-01,-2.675029039382934570e-01,2.711810767650604248e-01,1.810460537672042847e-01,5.133903622627258301e-01
3.807269632816314697e-01,-5.975589752197265625e-01,-2.808672189712524414e-01,9.879771620035171509e-02,6.844079494476318359e-01,-3.270507156848907471e-01,-2.593083307147026062e-02,5.589475631713867188e-01
9.940603971481323242e-01,-4.251163899898529053e-01,-8.246387243270874023e-01,-8.572431802749633789e-01,-9.875918626785278320e-01,9.390392899513244629e-01,8.989229798316955566e-01,5.775293111801147461e-01
-1.647611111402511597e-01,-5.467630028724670410e-01,1.951604038476943970e-01,-6.554816365242004395e-01,2.701421976089477539e-01,4.043917357921600342e-01,8.073899745941162109e-01,1.822265386581420898e-01
5.147339403629302979e-02,-6.772779226303100586e-01,-5.124368071556091309e-01,-6.300851702690124512e-01,3.426060080528259277e-01,7.552644610404968262e-01,7.983820438385009766e-01,2.076538652181625366e-01
-2.671079337596893311e-01,-5.067097544670104980e-01,3.476993739604949951e-01,-7.015640735626220703e-01,2.579545080661773682e-01,4.232929944992065430e-01,8.601836562156677246e-01,4.053646922111511230e-01
3.394380211830139160e-01,-1.189771071076393127e-01,1.093826889991760254e-01,-7.979712486267089844e-01,4.228109121322631836e-01,1.472476869821548462e-01,8.873131275177001953e-01,7.240991592407226562e-01
-9.002083539962768555e-01,6.207620501518249512e-01,-1.120414361357688904e-01,-8.826450705528259277e-01,6.160465478897094727e-01,3.248138725757598877e-01,8.189312219619750977e-01,7.245947122573852539e-01
-9.840710163116455078e-01,-4.298293292522430420e-01,-1.691509932279586792e-01,-7.873882651329040527e-01,5.180813670158386230e-01,1.583428382873535156e-01,4.636940956115722656e-01,4.993588924407958984e-01
-6.197475790977478027e-01,-3.942335546016693115e-01,-3.573084473609924316e-01,-8.622084856033325195e-01,-1.209180951118469238e-01,1.354748606681823730e-01,2.718572914600372314e-01,5.399848222732543945e-01
3.820870220661163330e-01,-4.727982580661773682e-01,8.034709692001342773e-01,-6.793766021728515625e-01,-7.705035805702209473e-01,-5.884893983602523804e-02,8.827180862426757812e-01,7.203152179718017578e-01
-7.714809775352478027e-01,-5.030726790428161621e-01,-4.502532482147216797e-01,-7.599800825119018555e-01,9.153966307640075684e-01,8.016846179962158203e-01,9.239568710327148438e-01,7.941198945045471191e-01
3.682950139045715332e-01,-3.469624221324920654e-01,5.564948320388793945e-01,-6.816361546516418457e-01,1.076470464468002319e-01,3.228187561035156250e-04,8.542284369468688965e-01,6.703056693077087402e-01
7.002388238906860352e-01,-4.092371165752410889e-01,-1.518680155277252197e-01,-5.853774547576904297e-01,-6.944173574447631836e-01,8.115532994270324707e-01,8.391771912574768066e-01,7.863730192184448242e-01
-5.075783133506774902e-01,-6.317204236984252930e-01,5.521202683448791504e-01,-5.577437877655029297e-01,-1.468269969336688519e-03,7.201943397521972656e-01,8.792966604232788086e-01,5.733806490898132324e-01
-6.455008387565612793e-01,-6.974112987518310547e-01,-4.995435476303100586e-01,-2.523244917392730713e-01,2.608272731304168701e-01,7.885563969612121582e-01,7.166583538055419922e-01,6.087120771408081055e-01
6.591021418571472168e-01,-5.098425745964050293e-01,-2.444737255573272705e-01,-7.393929958343505859e-01,6.243121623992919922e-01,6.263337135314941406e-01,9.044702649116516113e-01,8.337424993515014648e-01
-2.208653241395950317e-01,-3.261280953884124756e-01,2.918688654899597168e-01,-7.125308513641357422e-01,-5.350247025489807129e-01,7.750106453895568848e-01,9.474235773086547852e-01,7.676355838775634766e-01
5.534835457801818848e-01,-6.031427979469299316e-01,-4.986463785171508789e-01,-6.138510704040527344e-01,3.483079969882965088e-01,8.307889103889465332e-01,9.379990100860595703e-01,7.562100887298583984e-01
4.232892990112304688e-01,-6.987456679344177246e-01,4.322119355201721191e-01,-6.804797649383544922e-01,-6.603963375091552734e-01,8.935251832008361816e-01,9.774197340011596680e-01,7.688816785812377930e-01
-3.504886925220489502e-01,-6.398991346359252930e-01,-2.365516871213912964e-01,-5.496897101402282715e-01,5.264332890510559082e-01,9.305242300033569336e-01,9.365826249122619629e-01,4.197474122047424316e-01
-1.235477328300476074e-01,5.637088418006896973e-01,1.356425285339355469e-01,-6.793670058250427246e-01,8.492341637611389160e-01,4.693900942802429199e-01,9.465487599372863770e-01,8.300012350082397461e-01
-9.319843053817749023e-01,1.614590436220169067e-01,1.952552348375320435e-01,-5.063546299934387207e-01,1.670533046126365662e-02,6.450969576835632324e-01,7.273899316787719727e-01,7.766035795211791992e-01
-6.045745611190795898e-01,-1.373917311429977417e-01,-2.876786887645721436e-01,-2.366522699594497681e-01,-6.120196729898452759e-02,4.531734883785247803e-01,3.690364062786102295e-01,7.000156641006469727e-01
2.029366493225097656e-01,-6.246744394302368164e-01,-5.847163200378417969e-01,4.833311960101127625e-02,-1.603547632694244385e-01,1.438707560300827026e-01,6.580256670713424683e-02,4.416672289371490479e-01
9.484397172927856445e-01,-7.728004455566406250e-01,9.268612265586853027e-01,-1.955748945474624634e-01,-9.892819523811340332e-01,4.054841101169586182e-01,9.000816941261291504e-01,6.668894290924072266e-01
-1.615807712078094482e-01,-3.578547537326812744e-01,-4.252421259880065918e-01,-7.745668292045593262e-01,6.032385230064392090e-01,9.355405569076538086e-01,9.417688846588134766e-01,5.869404077529907227e-01
8.698046207427978516e-01,1.930689662694931030e-01,2.809299528598785400e-01,-8.864508867263793945e-01,-9.433935284614562988e-01,9.249915480613708496e-01,9.236331582069396973e-01,6.009896993637084961e-01
-5.129480361938476562e-01,-8.179263472557067871e-01,4.209618866443634033e-01,-7.009496688842773438e-01,8.078757524490356445e-01,7.497373819351196289e-01,9.290332794189453125e-01,2.818017303943634033e-01
8.051870465278625488e-01,-4.903866350650787354e-01,-5.671700239181518555e-01,-6.921675205230712891e-01,5.075381398200988770e-01,7.412782907485961914e-01,7.326047420501708984e-01,7.326084375381469727e-01
-1.721461713314056396e-01,3.809168934822082520e-01,3.979605436325073242e-01,-8.633803129196166992e-01,9.712691605091094971e-02,6.471051573753356934e-01,8.614363670349121094e-01,6.941885352134704590e-01
-9.116407036781311035e-01,2.783047854900360107e-01,-2.765702009201049805e-01,-7.858978509902954102e-01,8.133472204208374023e-01,4.965434074401855469e-01,7.992450594902038574e-01,7.131381630897521973e-01
-9.502208232879638672e-01,-4.671461880207061768e-01,-2.184274941682815552e-01,-7.625929117202758789e-01,-1.523791579529643059e-03,3.070940971374511719e-01,3.223661184310913086e-01,4.946019649505615234e-01
2.420286089181900024e-01,-5.309709906578063965e-01,-6.707363128662109375e-01,-3.678233623504638672e-01,-3.086915016174316406e-01,-7.684506475925445557e-02,1.073094271123409271e-02,2.671324908733367920e-01
7.174273729324340820e-01,-4.994818568229675293e-01,9.267134070396423340e-01,-7.358268499374389648e-01,-9.919092059135437012e-01,3.196075558662414551e-01,8.352984189987182617e-01,7.415342330932617188e-01
9.407565742731094360e-02,-1.067295321263372898e-03,-4.096873998641967773e-01,-8.440536260604858398e-01,2.872964143753051758e-01,8.385207653045654297e-01,7.876605987548828125e-01,4.485362172126770020e-01
-3.520566523075103760e-01,-5.261638760566711426e-01,5.608874559402465820e-01,-3.378393054008483887e-01,1.089680269360542297e-01,4.590151365846395493e-03,6.365473866462707520e-01,3.739656507968902588e-01
4.051679968833923340e-01,-3.053238093852996826e-01,-1.625760942697525024e-01,-5.554172992706298828e-01,-4.666778445243835449e-01,5.262550711631774902e-01,4.449360966682434082e-01,4.841008782386779785e-01
-2.682855725288391113e-01,-4.378254711627960205e-01,-3.177484869956970215e-01,-7.007647156715393066e-01,4.783020615577697754e-01,3.938193917274475098e-01,5.364854335784912109e-01,1.332771629095077515e-01
8.394761681556701660e-01,-2.340386360883712769e-01,4.941345751285552979e-01,-6.465582847595214844e-01,-3.819196224212646484e-01,3.589462041854858398e-01,5.669931173324584961e-01,5.643889307975769043e-01
3.749120831489562988e-01,-2.300860881805419922e-01,-1.766162738204002380e-02,-7.342435717582702637e-01,-2.652934379875659943e-02,4.635296463966369629e-01,7.785528898239135742e-01,6.630767583847045898e-01
-1.654483228921890259e-01,-1.617108285427093506e-01,1.901056021451950073e-01,-7.630949020385742188e-01,3.815075755119323730e-01,2.627350687980651855e-01,8.391140103340148926e-01,6.746045351028442383e-01
-9.891579747200012207e-01,6.713829040527343750e-01,-3.098235428333282471e-01,-6.550881266593933105e-01,6.118338108062744141e-01,1.371202338486909866e-02,3.103283941745758057e-01,6.299396157264709473e-01
-9.932029247283935547e-01,-6.028159856796264648e-01,-3.017613589763641357e-01,-7.962459325790405273e-01,8.722582459449768066e-01,1.861528307199478149e-01,3.528991043567657471e-01,3.376359641551971436e-01
-2.200004607439041138e-01,-6.756789684295654297e-01,-4.429327547550201416e-01,-6.499652862548828125e-01,-4.504157900810241699e-01,-2.599351108074188232e-01,2.045179344713687897e-02,1.550413817167282104e-01
8.408304452896118164e-01,-1.749495118856430054e-01,4.610729515552520752e-01,-7.083368301391601562e-01,-9.579720497131347656e-01,5.200234055519104004e-01,7.965965867042541504e-01,6.737111210823059082e-01
-7.542570233345031738e-01,-4.571703970432281494e-01,5.115829706192016602e-01,-1.700419038534164429e-01,8.137594461441040039e-01,-1.947867125272750854e-01,4.720208048820495605e-01,3.719732463359832764e-01
7.464613914489746094e-01,-2.194781601428985596e-01,-3.865800201892852783e-01,-4.320611059665679932e-01,-8.292452096939086914e-01,7.047344446182250977e-01,2.247896790504455566e-01,5.904157161712646484e-01
-5.226216912269592285e-01,-3.359682261943817139e-01,1.973182111978530884e-01,-5.451223850250244141e-01,6.361134052276611328e-01,1.263954490423202515e-01,3.759909868240356445e-01,2.548194229602813721e-01
3.153528273105621338e-01,-1.280574500560760498e-01,-1.176023334264755249e-01,-4.938307106494903564e-01,-5.549817085266113281e-01,5.055770874023437500e-01,1.563679277896881104e-01,4.853642582893371582e-01
7.739590406417846680e-01,-1.219605356454849243e-01,-7.087898999452590942e-02,-4.668718278408050537e-01,-8.150112032890319824e-01,5.618122816085815430e-01,4.287802278995513916e-01,4.639354348182678223e-01
6.949447393417358398e-01,-1.773854941129684448e-01,1.709543541073799133e-02,-5.002844333648681641e-01,-8.003601431846618652e-01,4.924263358116149902e-01,5.127988457679748535e-01,4.072615802288055420e-01
5.835083723068237305e-01,-1.837679147720336914e-01,1.071728765964508057e-01,-5.329414606094360352e-01,-6.778642535209655762e-01,4.606483578681945801e-01,5.050440430641174316e-01,4.235071837902069092e-01
2.440662384033203125e-01,-1.837402582168579102e-01,1.351831257343292236e-01,-5.871149301528930664e-01,-3.027991652488708496e-01,3.663204014301300049e-01,5.312441587448120117e-01,4.446177482604980469e-01
-3.479765951633453369e-01,-1.717292666435241699e-01,1.544438302516937256e-01,-6.553438901901245117e-01,3.612045645713806152e-01,2.229995876550674438e-01,5.736619234085083008e-01,4.810466468334197998e-01
5.007574558258056641e-01,2.706225812435150146e-01,-3.704877197742462158e-01,-3.644466996192932129e-01,1.271232515573501587e-01,5.092459321022033691e-01,5.294216275215148926e-01,6.864795684814453125e-01
6.294560432434082031e-02,-3.517824411392211914e-01,2.816386222839355469e-01,-1.531041860580444336e-01,-4.510023295879364014e-01,7.110326290130615234e-01,6.666973829269409180e-01,7.930595874786376953e-01
3.141593039035797119e-01,1.108619123697280884e-01,1.631220988929271698e-02,-5.505296587944030762e-01,1.836361587047576904e-01,6.964288949966430664e-01,3.943258821964263916e-01,5.956200957298278809e-01
2.534652054309844971e-01,5.793657898902893066e-02,1.171784475445747375e-01,-5.107268691062927246e-01,4.725144207477569580e-01,5.933377742767333984e-01,5.406372547149658203e-01,6.772621870040893555e-01
-9.566749930381774902e-01,5.283558368682861328e-01,-1.343697458505630493e-01,-7.096863389015197754e-01,-1.734427511692047119e-01,3.380221426486968994e-01,3.832009732723236084e-01,4.129339754581451416e-01
-9.229671955108642578e-01,-3.028759062290191650e-01,-6.015168428421020508e-01,-7.496089339256286621e-01,9.310252666473388672e-01,1.078627780079841614e-01,4.748105704784393311e-01,2.160963416099548340e-01
-7.945291399955749512e-01,-6.598128080368041992e-01,-3.169005513191223145e-01,-8.442847728729248047e-01,3.408465683460235596e-01,1.584021151065826416e-01,1.251523941755294800e-01,2.513887882232666016e-01
2.842679023742675781e-01,-3.607798218727111816e-01,9.491494297981262207e-01,-7.464675903320312500e-01,-8.221727609634399414e-01,-8.793947845697402954e-02,9.039024114608764648e-01,7.153991460800170898e-01
-8.573105335235595703e-01,-2.946552634239196777e-01,-7.482433691620826721e-03,-7.953542470932006836e-01,9.522605538368225098e-01,6.747540235519409180e-01,8.949641585350036621e-01,7.842850685119628906e-01
8.833252191543579102e-01,-3.830497860908508301e-01,2.593328952789306641e-01,-3.489429950714111328e-01,-5.716825723648071289e-01,5.070710778236389160e-01,6.221790313720703125e-01,6.926425695419311523e-01
2.235345989465713501e-01,-6.833376288414001465e-01,2.899873852729797363e-01,-4.132826030254364014e-01,-6.311229467391967773e-01,7.323146462440490723e-01,7.095903754234313965e-01,5.845324993133544922e-01
-2.573231458663940430e-01,-7.682369351387023926e-01,6.338650733232498169e-02,-6.412159800529479980e-01,4.342652857303619385e-01,8.135104179382324219e-01,8.016158342361450195e-01,4.414352476596832275e-01
9.428050369024276733e-02,-1.336167752742767334e-01,8.015176653861999512e-01,-7.535006999969482422e-01,-5.045824050903320312e-01,4.808754026889801025e-01,8.968346714973449707e-01,7.549895048141479492e-01
-4.142233431339263916e-01,1.857411265373229980e-01,8.629969358444213867e-01,-8.445643782615661621e-01,-6.070458889007568359e-01,5.935778617858886719e-01,9.145815968513488770e-01,8.280043601989746094e-01
-1.647754572331905365e-02,-9.361010044813156128e-02,8.200184106826782227e-01,-4.855743050575256348e-01,-4.183574393391609192e-02,5.299977064132690430e-01,9.208229184150695801e-01,8.502174019813537598e-01
6.520115137100219727e-01,-3.416672050952911377e-01,2.562280893325805664e-01,-3.693637251853942871e-01,-3.749733567237854004e-01,7.630981206893920898e-01,9.593722820281982422e-01,8.318331241607666016e-01
7.189943194389343262e-01,1.954996287822723389e-01,1.858379244804382324e-01,-7.842097878456115723e-01,-7.435382604598999023e-01,8.836058974266052246e-01,9.625597596168518066e-01,8.407182693481445312e-01
2.076484858989715576e-01,1.692513972520828247e-01,4.280706942081451416e-01,-6.702709197998046875e-01,4.556909501552581787e-01,6.348373889923095703e-01,9.526097774505615234e-01,8.271015882492065430e-01
-6.718679666519165039e-01,3.899781107902526855e-01,4.864928722381591797e-01,-5.281571149826049805e-01,1.012221425771713257e-01,7.641798257827758789e-01,8.857643008232116699e-01,8.349984884262084961e-01
-5.292412638664245605e-01,3.879318535327911377e-01,1.305702030658721924e-01,2.384705096483230591e-02,1.564299762248992920e-01,5.935298204421997070e-01,6.056620478630065918e-01,7.964546680450439453e-01
-1.080333217978477478e-01,-3.428936004638671875e-01,-3.123469650745391846e-01,3.700761198997497559e-01,-2.398345470428466797e-01,6.995084285736083984e-01,2.152005136013031006e-01,6.972385644912719727e-01
9.592241644859313965e-01,-1.683204174041748047e-01,-1.468272209167480469e-01,-3.769411444664001465e-01,-7.326207160949707031e-01,7.001838088035583496e-01,3.083280622959136963e-01,6.480766534805297852e-01
9.922370910644531250e-01,-7.355529069900512695e-01,6.064205169677734375e-01,1.511358767747879028e-01,-9.692623019218444824e-01,7.199164032936096191e-01,8.575342893600463867e-01,6.769474148750305176e-01
7.613983154296875000e-01,-4.641022086143493652e-01,-5.272921919822692871e-01,-9.237937331199645996e-01,7.127393484115600586e-01,9.455558061599731445e-01,9.574532508850097656e-01,5.452887415885925293e-01
5.657539367675781250e-01,1.477064788341522217e-01,3.038169443607330322e-01,-5.875337123870849609e-01,-9.881312847137451172e-01,9.268008470535278320e-01,9.188964366912841797e-01,6.522387266159057617e-01
8.866731524467468262e-01,-1.849418282508850098e-01,7.496318817138671875e-01,-6.687810420989990234e-01,-5.857514739036560059e-01,7.751922607421875000e-01,8.701492547988891602e-01,8.220131993293762207e-01
2.528432905673980713e-01,6.675647944211959839e-02,-1.811329871416091919e-01,-3.832391202449798584e-01,-1.103378236293792725e-01,8.050354123115539551e-01,6.447486281394958496e-01,7.132176160812377930e-01
-5.693664550781250000e-01,1.078210547566413879e-01,-5.643784403800964355e-01,-3.681026697158813477e-01,1.667504906654357910e-01,5.820022821426391602e-01,7.546154260635375977e-01,7.156546115875244141e-01
-6.697078943252563477e-01,2.662596702575683594e-01,-1.127210855484008789e-01,-7.943438291549682617e-01,8.901531696319580078e-01,8.893090486526489258e-02,7.348579764366149902e-01,3.397577404975891113e-01
-9.119447469711303711e-01,-4.488265216350555420e-01,2.737500071525573730e-01,-7.485227584838867188e-01,3.024737238883972168e-01,2.651296257972717285e-01,3.308743834495544434e-01,4.583788216114044189e-01
7.360806465148925781e-01,-3.627527356147766113e-01,-7.070369720458984375e-01,-1.127251312136650085e-01,-7.044298052787780762e-01,6.386997643858194351e-03,-2.704507112503051758e-01,3.862453103065490723e-01
8.998939394950866699e-01,-5.965626239776611328e-01,9.045382738113403320e-01,-6.246877908706665039e-01,-9.984064698219299316e-01,5.450007915496826172e-01,8.511842489242553711e-01,6.097401976585388184e-01
-2.507172226905822754e-01,-5.701499581336975098e-01,2.747958898544311523e-01,-6.378011405467987061e-02,-4.704527556896209717e-01,8.502434492111206055e-01,5.658448934555053711e-01,2.121960520744323730e-01
7.640211284160614014e-02,-6.660586595535278320e-01,-4.095582365989685059e-01,-4.238941371440887451e-01,2.353459894657135010e-01,8.253076076507568359e-01,6.829443573951721191e-01,1.229339763522148132e-01
-7.914678752422332764e-02,-4.189553856849670410e-01,1.102956011891365051e-01,-5.689163208007812500e-01,2.487533092498779297e-01,5.841851830482482910e-01,6.244577765464782715e-01,2.503781914710998535e-01
9.471288323402404785e-01,-3.087753355503082275e-01,1.206831913441419601e-02,-4.730087518692016602e-01,-6.205285787582397461e-01,7.353198528289794922e-01,3.800087869167327881e-01,6.347378492355346680e-01
4.871192574501037598e-01,-1.683318987488746643e-02,3.115358352661132812e-01,-5.311226248741149902e-01,-3.365678191184997559e-01,6.570152640342712402e-01,6.918009519577026367e-01,7.216392755508422852e-01
-1.256623268127441406e-01,6.531560420989990234e-02,7.979242503643035889e-02,-4.628015756607055664e-01,1.242335587739944458e-01,4.300857484340667725e-01,6.272987723350524902e-01,6.346290707588195801e-01
-8.599016666412353516e-01,5.512220263481140137e-01,-2.035275548696517944e-01,-5.477185845375061035e-01,8.467803001403808594e-01,2.673698067665100098e-01,4.216207265853881836e-01,5.417325496673583984e-01
-6.517763137817382812e-01,-5.095517039299011230e-01,-6.693235039710998535e-01,-7.634993791580200195e-01,3.941718339920043945e-01,6.411311626434326172e-01,3.970587160438299179e-03,3.131007254123687744e-01
-3.213268220424652100e-01,-4.872675836086273193e-01,-1.513969004154205322e-01,-3.871300816535949707e-01,-1.596599966287612915e-01,-1.293790191411972046e-01,-2.005395479500293732e-03,1.227399930357933044e-01
-3.598734438419342041e-01,2.997496128082275391e-01,6.048293709754943848e-01,-3.069178462028503418e-01,-9.357171058654785156e-01,4.493746906518936157e-02,1.961645670235157013e-02,2.184967994689941406e-01
8.751586675643920898e-01,-3.867665827274322510e-01,-4.331753551959991455e-01,-3.494587242603302002e-01,-5.881657600402832031e-01,7.615933418273925781e-01,7.435190677642822266e-02,2.977555990219116211e-01
-3.672351837158203125e-01,-5.019837021827697754e-01,4.212609827518463135e-01,-3.889422714710235596e-01,6.277899742126464844e-01,9.848916530609130859e-02,4.296899735927581787e-01,1.786525547504425049e-01
1.912162899971008301e-01,-2.148781418800354004e-01,-1.245538294315338135e-01,-3.897561132907867432e-01,-4.326697885990142822e-01,5.295941829681396484e-01,2.800504863262176514e-01,4.419572949409484863e-01
-1.199596449732780457e-01,-3.109152019023895264e-01,-5.586482211947441101e-02,-6.043678522109985352e-01,3.671250641345977783e-01,3.101300299167633057e-01,2.778082191944122314e-01,2.183872461318969727e-01
2.194884233176708221e-02,-1.348355859518051147e-01,2.819797694683074951e-01,-5.345049500465393066e-01,-1.518483161926269531e-01,4.008558094501495361e-01,3.568133115768432617e-01,4.767190814018249512e-01
-8.891921490430831909e-02,-6.692937761545181274e-02,2.034123539924621582e-01,-6.243159174919128418e-01,4.496330916881561279e-01,3.771421611309051514e-01,5.989742279052734375e-01,5.681756734848022461e-01
-8.924672603607177734e-01,6.013746857643127441e-01,-3.619667887687683105e-01,-8.301143050193786621e-01,6.848744750022888184e-01,3.445648849010467529e-01,5.487449169158935547e-01,4.908719956874847412e-01
-7.523300051689147949e-01,-4.786870479583740234e-01,-3.739609718322753906e-01,-8.118994832038879395e-01,-3.172349184751510620e-02,3.626574575901031494e-01,7.056663930416107178e-02,3.123474419116973877e-01
-4.382580220699310303e-01,-6.685783863067626953e-01,-5.811063647270202637e-01,-5.689064860343933105e-01,3.246216177940368652e-01,5.296149104833602905e-02,-1.009987220168113708e-01,4.668762534856796265e-02
7.646442055702209473e-01,-5.853224992752075195e-01,8.341838121414184570e-01,-8.204253911972045898e-01,-9.852755069732666016e-01,3.933964669704437256e-01,6.615557074546813965e-01,3.057936728000640869e-01
-3.932815492153167725e-01,-5.018534660339355469e-01,-1.734354048967361450e-01,-4.981936812400817871e-01,4.962982237339019775e-01,3.160721063613891602e-01,2.461763173341751099e-01,4.399986937642097473e-02
5.398386120796203613e-01,-2.725130319595336914e-01,3.643935620784759521e-01,-2.936863005161285400e-01,-3.118319511413574219e-01,3.759839534759521484e-01,2.730585038661956787e-01,4.455635547637939453e-01
-6.656545400619506836e-02,-1.726652383804321289e-01,-4.428540468215942383e-01,-5.063843727111816406e-01,2.314379811286926270e-01,5.593701601028442383e-01,3.360890448093414307e-01,8.132152259349822998e-02
-5.086482167243957520e-01,-3.742974996566772461e-01,7.585189938545227051e-01,-3.991693258285522461e-01,-2.860081754624843597e-02,3.444797098636627197e-01,7.583611607551574707e-01,5.518298745155334473e-01
2.979986071586608887e-01,-2.909132242202758789e-01,-5.639905929565429688e-01,-5.026427507400512695e-01,4.824563264846801758e-01,6.331157684326171875e-01,3.027978539466857910e-01,4.672352075576782227e-01
9.184083342552185059e-02,3.757774829864501953e-02,3.467513322830200195e-01,-5.411014556884765625e-01,1.958425492048263550e-01,2.420723587274551392e-01,8.646792173385620117e-01,6.928666830062866211e-01
-4.994668364524841309e-01,1.655554920434951782e-01,-3.514499068260192871e-01,-6.583303213119506836e-01,4.562836885452270508e-01,5.796848535537719727e-01,8.392380475997924805e-01,7.239283323287963867e-01
-9.446700811386108398e-01,5.535676479339599609e-01,2.795418202877044678e-01,-7.418172359466552734e-01,5.351278185844421387e-01,-8.039461821317672729e-02,4.845626652240753174e-01,6.102414131164550781e-01
-7.280741930007934570e-01,-5.796350240707397461e-01,-3.662602901458740234e-01,-4.940788149833679199e-01,-1.514675021171569824e-01,3.310379981994628906e-01,1.848300695419311523e-01,5.155699849128723145e-01
7.352215647697448730e-01,-6.016677618026733398e-01,-8.354190587997436523e-01,-1.124213710427284241e-01,-6.152285635471343994e-02,-1.423878371715545654e-01,-1.609257459640502930e-01,1.873970180749893188e-01
9.211876392364501953e-01,-3.776951134204864502e-01,7.878203392028808594e-01,-8.288916349411010742e-01,-9.895545244216918945e-01,7.416585683822631836e-01,9.091161489486694336e-01,6.742295026779174805e-01
-1.437325924634933472e-01,-6.294635534286499023e-01,-7.406173348426818848e-01,-6.437550187110900879e-01,6.300166845321655273e-01,9.365850687026977539e-01,8.057355284690856934e-01,5.198416765779256821e-03
-4.509994089603424072e-01,-5.485457181930541992e-01,1.053454354405403137e-01,-6.183295249938964844e-01,3.580353558063507080e-01,4.321132898330688477e-01,7.816582322120666504e-01,2.886142134666442871e-01
5.173470973968505859e-01,-1.692999601364135742e-01,2.333903461694717407e-01,-6.049221754074096680e-01,-3.770503401756286621e-01,4.965904653072357178e-01,7.369297146797180176e-01,6.497102975845336914e-01
5.811723470687866211e-01,-2.697345912456512451e-01,-1.921631544828414917e-01,-7.444866299629211426e-01,5.893156528472900391e-01,3.896550536155700684e-01,5.425774455070495605e-01,5.749078392982482910e-01
-4.814579784870147705e-01,1.442677080631256104e-01,6.945396214723587036e-02,-8.533803820610046387e-01,2.535844147205352783e-01,1.924629211425781250e-01,8.479441404342651367e-01,5.929668545722961426e-01
-9.814922809600830078e-01,4.609493613243103027e-01,-2.818653285503387451e-01,-8.157321214675903320e-01,8.788477182388305664e-01,-1.467086672782897949e-01,5.390468835830688477e-01,5.189980864524841309e-01
-9.366466403007507324e-01,-7.126554250717163086e-01,8.890318870544433594e-02,-7.787730097770690918e-01,2.406791150569915771e-01,1.590914130210876465e-01,3.329709172248840332e-01,4.917901754379272461e-01
5.070513114333152771e-02,-4.427861571311950684e-01,-5.796092748641967773e-01,-4.263952672481536865e-01,8.113145828247070312e-01,-5.495828390121459961e-01,1.150368675589561462e-01,3.552799522876739502e-01
9.748299717903137207e-01,-1.416834443807601929e-01,-9.331187009811401367e-01,-8.177622556686401367e-01,-9.815772771835327148e-01,9.633197188377380371e-01,7.782496809959411621e-01,6.307233572006225586e-01
-7.408272027969360352e-01,-6.873798370361328125e-01,2.934052348136901855e-01,-1.544221192598342896e-01,8.150196671485900879e-01,1.914051827043294907e-03,5.982056856155395508e-01,2.980412244796752930e-01
8.249109983444213867e-01,-3.528253436088562012e-01,-7.118037939071655273e-01,-6.782485842704772949e-01,-8.426517248153686523e-01,8.095559477806091309e-01,5.489352941513061523e-01,5.498417615890502930e-01
-3.042904436588287354e-01,-5.401115417480468750e-01,3.234492838382720947e-01,-6.423313021659851074e-01,5.960171222686767578e-01,1.893704831600189209e-01,6.275800466537475586e-01,4.105088114738464355e-02
8.212815523147583008e-01,-2.642197608947753906e-01,-2.401507794857025146e-01,-7.022485733032226562e-01,-2.063533365726470947e-01,4.582791328430175781e-01,4.515981078147888184e-01,5.060362219810485840e-01
7.703868150711059570e-01,-2.819048762321472168e-01,5.845277383923530579e-02,-6.858633756637573242e-01,-1.032668054103851318e-01,3.217570483684539795e-01,4.539317190647125244e-01,4.820272028446197510e-01
6.238220930099487305e-01,-2.564632594585418701e-01,3.195200487971305847e-02,-7.430394291877746582e-01,-5.983029007911682129e-01,4.821052551269531250e-01,7.704459428787231445e-01,5.846773982048034668e-01
3.904965221881866455e-01,-2.414025813341140747e-01,1.378277242183685303e-01,-7.741227149963378906e-01,-1.739462167024612427e-01,3.992856442928314209e-01,7.821233272552490234e-01,6.115145683288574219e-01
-8.126135915517807007e-02,-2.432322949171066284e-01,8.426711708307266235e-02,-8.253421783447265625e-01,4.482311010360717773e-01,3.114606440067291260e-01,8.182301521301269531e-01,6.534596681594848633e-01
-9.662615060806274414e-01,5.583609342575073242e-01,-1.806069463491439819e-01,-8.770415186882019043e-01,8.283758163452148438e-01,1.547356992959976196e-01,7.183383107185363770e-01,6.059240102767944336e-01
-9.947952032089233398e-01,-3.622797429561614990e-01,-6.443114578723907471e-02,-8.133202791213989258e-01,6.497166156768798828e-01,2.593766897916793823e-02,3.508287668228149414e-01,4.152964949607849121e-01
-9.039518237113952637e-01,-5.743293762207031250e-01,-2.294211834669113159e-01,-8.085175752639770508e-01,3.239130079746246338e-01,-3.716967701911926270e-01,3.104301095008850098e-01,3.743030428886413574e-01
9.342382550239562988e-01,-9.167373925447463989e-02,-7.774828076362609863e-01,-7.609816789627075195e-01,-9.253714084625244141e-01,8.883719444274902344e-01,5.783411264419555664e-01,4.673728048801422119e-01
-4.132815599441528320e-01,-4.674535393714904785e-01,6.580666303634643555e-01,-1.580244302749633789e-01,4.045570492744445801e-01,-2.667447626590728760e-01,4.004014432430267334e-01,2.440101057291030884e-01
4.889217391610145569e-02,-2.564039528369903564e-01,-6.104019880294799805e-01,-6.259955167770385742e-01,1.683133095502853394e-01,4.421550929546356201e-01,2.572492361068725586e-01,2.570595741271972656e-01
-2.659143209457397461e-01,-1.857384443283081055e-01,2.207130193710327148e-01,-4.744027256965637207e-01,2.935611829161643982e-02,1.496690660715103149e-01,2.886348664760589600e-01,3.589552342891693115e-01
1.169027462601661682e-01,-7.296656072139739990e-02,8.557818084955215454e-02,-5.738028883934020996e-01,-2.750611677765846252e-02,2.925734221935272217e-01,2.161254882812500000e-01,4.340972304344177246e-01
4.601286053657531738e-01,-6.692023575305938721e-02,1.118344366550445557e-01,-6.737128496170043945e-01,-2.308261245489120483e-01,4.761097729206085205e-01,4.332191944122314453e-01,5.169693231582641602e-01
7.802131026983261108e-02,-8.009731024503707886e-02,1.102877855300903320e-01,-7.402532100677490234e-01,1.192543003708124161e-02,4.004896581172943115e-01,5.979347825050354004e-01,5.705034732818603516e-01
-4.048706591129302979e-01,-2.089622467756271362e-01,5.323220789432525635e-02,-7.402195930480957031e-01,4.183269441127777100e-01,1.800836473703384399e-01,7.277065515518188477e-01,5.550942420959472656e-01
-9.769979715347290039e-01,6.359763145446777344e-01,-3.987057209014892578e-01,-8.415508866310119629e-01,9.186910390853881836e-01,-1.359803825616836548e-01,4.405106604099273682e-01,3.831584751605987549e-01
-8.673511743545532227e-01,-5.526994466781616211e-01,-1.165401861071586609e-01,-6.409747600555419922e-01,1.951023787260055542e-01,2.513302490115165710e-02,1.640883237123489380e-01,3.005946874618530273e-01
-7.294874191284179688e-01,-7.576807141304016113e-01,-6.339703202247619629e-01,-6.847414970397949219e-01,2.888427376747131348e-01,-9.755959361791610718e-02,1.012688726186752319e-01,2.813716530799865723e-01
8.196400403976440430e-01,-4.206164777278900146e-01,5.187363624572753906e-01,-8.279737830162048340e-01,-9.686909317970275879e-01,4.183153808116912842e-01,7.579253911972045898e-01,4.494848847389221191e-01
-5.186834931373596191e-01,-5.714348554611206055e-01,1.428555846214294434e-01,-3.668104708194732666e-01,7.777193784713745117e-01,-4.341800510883331299e-02,3.740235269069671631e-01,7.857321947813034058e-02
2.028082609176635742e-01,-3.082089424133300781e-01,-3.142684400081634521e-01,-4.917555749416351318e-01,-3.069379925727844238e-01,4.726667702198028564e-01,3.242222666740417480e-01,3.797757029533386230e-01
-2.658782005310058594e-01,-2.910940051078796387e-01,-2.672573029994964600e-01,-5.701242685317993164e-01,3.500287532806396484e-01,2.347205579280853271e-01,2.741859853267669678e-01,2.393486946821212769e-01
1.791271381080150604e-02,-7.135378569364547729e-02,-3.866584897041320801e-01,-6.706764698028564453e-01,4.692735075950622559e-01,5.225362181663513184e-01,3.473891317844390869e-01,3.603444695472717285e-01
-8.851079642772674561e-02,-2.063842415809631348e-01,-2.750395238399505615e-01,-6.962113380432128906e-01,9.952866286039352417e-02,7.608394622802734375e-01,6.607834696769714355e-01,6.637542247772216797e-01
4.055425233673304319e-04,-1.119419708847999573e-01,-2.073927819728851318e-01,-6.986336708068847656e-01,1.413873434066772461e-01,6.736277937889099121e-01,6.610529422760009766e-01,6.384650468826293945e-01
-7.795749306678771973e-01,3.330933153629302979e-01,2.716338336467742920e-01,-8.152167201042175293e-01,1.750409603118896484e-02,1.644897311925888062e-01,6.122978329658508301e-01,4.862847328186035156e-01
-9.467201232910156250e-01,1.784878671169281006e-01,-4.920624494552612305e-01,-7.695330381393432617e-01,9.459826350212097168e-01,-1.296092122793197632e-01,4.638313055038452148e-01,3.645500838756561279e-01
-8.207936286926269531e-01,-7.672031521797180176e-01,-1.274576783180236816e-01,-6.020662188529968262e-01,4.839103668928146362e-02,-1.730840951204299927e-01,5.394035950303077698e-02,1.801803261041641235e-01
9.237256050109863281e-01,8.867788314819335938e-02,-7.413950562477111816e-01,-7.495183944702148438e-01,-7.823061347007751465e-01,7.700029611587524414e-01,5.489753484725952148e-01,4.858177602291107178e-01
-4.869975447654724121e-01,-3.577508032321929932e-01,-1.888386607170104980e-01,-4.954616427421569824e-01,6.050481796264648438e-01,2.096043676137924194e-01,3.140770196914672852e-01,1.036403328180313110e-01
3.829878270626068115e-01,-2.288282066583633423e-01,-2.923163771629333496e-02,-4.680404365062713623e-01,-3.329578340053558350e-01,4.428137540817260742e-01,3.250419795513153076e-01,4.930960536003112793e-01
-3.322556614875793457e-01,-2.172311842441558838e-01,-3.731533512473106384e-02,-5.512267947196960449e-01,3.480790257453918457e-01,1.508421450853347778e-01,3.261265456676483154e-01,3.200039267539978027e-01
1.509908139705657959e-01,-3.288907110691070557e-01,4.171366989612579346e-01,-4.383171498775482178e-01,-5.709558725357055664e-01,3.416375517845153809e-01,5.742363929748535156e-01,5.984227657318115234e-01
-4.203921258449554443e-01,-4.630134999752044678e-01,-1.911432892084121704e-01,-5.664860606193542480e-01,5.205564498901367188e-01,2.824961245059967041e-01,3.584263622760772705e-01,4.289358258247375488e-01
-5.212855339050292969e-01,4.741692915558815002e-03,3.681699335575103760e-01,-7.855763435363769531e-01,3.182552158832550049e-01,2.374279350042343140e-01,7.974739670753479004e-01,6.989488601684570312e-01
-8.797392249107360840e-01,7.037919759750366211e-01,-6.658005118370056152e-01,-8.369588851928710938e-01,8.488309979438781738e-01,1.579668670892715454e-01,5.881451368331909180e-01,6.693864464759826660e-01
-9.322351217269897461e-01,-7.460755109786987305e-01,-4.456271231174468994e-02,-6.555910110473632812e-01,5.707267522811889648e-01,2.631747722625732422e-01,2.386107593774795532e-01,4.779151380062103271e-01
-4.191932082176208496e-02,-7.116371393203735352e-01,-6.225768327713012695e-01,-7.064974308013916016e-01,-4.766914546489715576e-01,-7.094117254018783569e-02,-4.281322285532951355e-02,2.633129656314849854e-01
8.097457885742187500e-01,-6.344898790121078491e-02,8.075374960899353027e-01,-8.126143813133239746e-01,-9.508296251296997070e-01,3.232161104679107666e-01,8.018353581428527832e-01,5.692510604858398438e-01
-5.432984828948974609e-01,-4.500672817230224609e-01,-4.997823014855384827e-02,-5.631361007690429688e-01,7.150000333786010742e-01,2.289377301931381226e-01,4.422516524791717529e-01,1.632419228553771973e-01
2.124694436788558960e-01,-1.417229920625686646e-01,5.513070151209831238e-02,-4.367074370384216309e-01,-2.612112164497375488e-01,4.018090069293975830e-01,2.422004193067550659e-01,4.777249395847320557e-01
-1.684296578168869019e-01,-1.148083731532096863e-01,-3.911447897553443909e-02,-5.606082677841186523e-01,2.067379206418991089e-01,2.824016213417053223e-01,2.280382663011550903e-01,3.629537522792816162e-01
-1.134271770715713501e-01,-2.807555496692657471e-01,3.778547942638397217e-01,-4.667561352252960205e-01,-1.784007996320724487e-01,3.258519768714904785e-01,4.449790120124816895e-01,5.543646812438964844e-01
-3.297503292560577393e-01,-3.435444235801696777e-01,-9.508844465017318726e-02,-5.503646135330200195e-01,4.920672178268432617e-01,3.460900783538818359e-01,3.310763835906982422e-01,5.623997449874877930e-01
-1.147848218679428101e-01,1.177740246057510376e-01,9.629616886377334595e-02,-5.487729310989379883e-01,-1.123335734009742737e-01,4.622227847576141357e-01,8.717578649520874023e-01,8.287728428840637207e-01
-4.618484992533922195e-03,-1.565161794424057007e-01,-7.213924825191497803e-02,-5.401624441146850586e-01,3.752036094665527344e-01,4.435021579265594482e-01,8.376623988151550293e-01,7.976422309875488281e-01
-9.299635887145996094e-01,7.968507409095764160e-01,-5.813050270080566406e-02,-7.447856664657592773e-01,5.092656016349792480e-01,2.393805980682373047e-01,6.968827247619628906e-01,7.381763458251953125e-01
-4.985427260398864746e-01,-3.390071392059326172e-01,-6.240080595016479492e-01,-5.937024354934692383e-01,2.092994563281536102e-02,6.257424354553222656e-01,3.330625295639038086e-01,6.009325385093688965e-01
-1.390344053506851196e-01,-6.958635449409484863e-01,-1.951404809951782227e-01,-3.070436604321002960e-02,-2.516681253910064697e-01,7.791517418809235096e-04,-6.571809295564889908e-03,2.312142103910446167e-01
4.947311282157897949e-01,-1.736329942941665649e-01,8.553680777549743652e-01,-5.649837851524353027e-01,-9.866113066673278809e-01,-2.614682912826538086e-02,5.935032963752746582e-01,3.876480460166931152e-01
6.579956412315368652e-01,-3.297838568687438965e-01,-5.460125207901000977e-01,-4.879843592643737793e-01,-8.669811487197875977e-01,9.339312911033630371e-01,5.780947208404541016e-01,3.905208706855773926e-01
-3.237535953521728516e-01,-6.581554412841796875e-01,3.652075827121734619e-01,-7.540584802627563477e-01,7.916582822799682617e-01,4.611037969589233398e-01,8.190686106681823730e-01,1.262912303209304810e-01
-2.164610177278518677e-01,-1.913396269083023071e-01,1.325690001249313354e-01,-4.883478283882141113e-01,-2.847923040390014648e-01,5.040570497512817383e-01,5.542709827423095703e-01,4.615544378757476807e-01
1.993532478809356689e-01,-2.921111285686492920e-01,-1.492835432291030884e-01,-6.561945080757141113e-01,4.903701692819595337e-02,5.346184372901916504e-01,4.085831344127655029e-01,3.497227430343627930e-01
5.924347639083862305e-01,-6.023158878087997437e-02,3.658588230609893799e-01,-7.273519635200500488e-01,1.974174231290817261e-01,5.053330659866333008e-01,5.966794490814208984e-01,6.509579420089721680e-01
-8.033471107482910156e-01,3.432116210460662842e-01,3.978637978434562683e-02,-6.927083134651184082e-01,6.404637694358825684e-01,2.268756628036499023e-01,7.267045974731445312e-01,6.761069297790527344e-01
-9.902829527854919434e-01,-6.167459860444068909e-02,-5.344494581222534180e-01,-7.422116398811340332e-01,8.322434425354003906e-01,2.295023649930953979e-01,2.005876004695892334e-01,4.404305517673492432e-01
-5.016447305679321289e-01,-6.044127941131591797e-01,-4.325690865516662598e-01,-6.983849406242370605e-01,-1.872786879539489746e-01,5.900464951992034912e-02,-7.667107973247766495e-03,2.459350079298019409e-01
-4.746259003877639771e-02,-1.235186532139778137e-01,6.371533870697021484e-01,-5.896818637847900391e-01,-9.388950467109680176e-01,-2.324429005384445190e-01,3.056809604167938232e-01,1.471517533063888550e-01
8.232736587524414062e-01,-5.199621319770812988e-01,-6.988719105720520020e-01,-4.732378125190734863e-01,-3.600360453128814697e-01,8.463413119316101074e-01,1.989488601684570312e-01,3.141912519931793213e-01
-3.252953588962554932e-01,-4.761277735233306885e-01,6.496130228042602539e-01,-2.234490662813186646e-01,4.170409142971038818e-01,-4.140859842300415039e-02,4.087408781051635742e-01,2.737076580524444580e-01
4.350722208619117737e-02,-2.355933338403701782e-01,-1.845373213291168213e-01,-4.669501483440399170e-01,-2.307501733303070068e-01,5.127564072608947754e-01,2.446331530809402466e-01,3.999086022377014160e-01
-6.191171333193778992e-02,-2.640214860439300537e-01,1.320043057203292847e-01,-5.857812166213989258e-01,2.488438934087753296e-01,2.995584309101104736e-01,2.627113759517669678e-01,3.153294920921325684e-01
-1.327825635671615601e-01,6.926926225423812866e-02,-1.267085224390029907e-02,-5.568645000457763672e-01,1.171418651938438416e-01,4.121923744678497314e-01,2.874200940132141113e-01,4.827842414379119873e-01
-2.008592784404754639e-01,-8.057083189487457275e-02,3.491100966930389404e-01,-5.359579324722290039e-01,2.992575466632843018e-01,4.990289807319641113e-01,6.320310235023498535e-01,6.715031862258911133e-01
-8.553403615951538086e-01,6.201858520507812500e-01,-3.738440871238708496e-01,-7.964371442794799805e-01,8.419904112815856934e-01,1.963092535734176636e-01,5.901477336883544922e-01,5.170162320137023926e-01
-9.490231871604919434e-01,-4.812076687812805176e-01,-1.924930065870285034e-01,-7.842231392860412598e-01,5.123962759971618652e-01,1.035874858498573303e-01,2.157637923955917358e-01,3.440265059471130371e-01
-5.324642658233642578e-01,-7.381181716918945312e-01,-4.335301220417022705e-01,-6.123380661010742188e-01,-3.171822726726531982e-01,-1.409044414758682251e-01,-1.879150420427322388e-02,1.555229574441909790e-01
8.778584003448486328e-01,-1.817366182804107666e-01,3.644005060195922852e-01,-7.613233923912048340e-01,-9.654992222785949707e-01,5.518584251403808594e-01,7.236758470535278320e-01,5.003404021263122559e-01
-5.943077206611633301e-01,-4.230569303035736084e-01,3.181291520595550537e-01,-3.704964518547058105e-01,7.101524472236633301e-01,-2.656660042703151703e-02,3.772515356540679932e-01,2.098408341407775879e-01
4.354829490184783936e-01,-1.300424039363861084e-01,-2.124042958021163940e-01,-4.512184858322143555e-01,-4.792984127998352051e-01,5.573325157165527344e-01,1.997243314981460571e-01,4.907487928867340088e-01
-2.986427545547485352e-01,-2.174166887998580933e-01,5.633793026208877563e-02,-5.577632188796997070e-01,3.188735842704772949e-01,1.888081431388854980e-01,2.346293032169342041e-01,2.505613863468170166e-01
8.883180469274520874e-02,-2.497287839651107788e-02,1.549751907587051392e-01,-5.477097034454345703e-01,-9.835115820169448853e-02,3.575630187988281250e-01,1.973417252302169800e-01,4.544985592365264893e-01
5.278845429420471191e-01,-4.918253421783447266e-02,4.297472164034843445e-02,-6.465747356414794922e-01,1.898276060819625854e-01,4.379909336566925049e-01,1.130197271704673767e-01,4.473782181739807129e-01
-1.851943135261535645e-01,-1.993924379348754883e-04,1.835936605930328369e-01,-6.959958076477050781e-01,4.106168448925018311e-01,3.994002342224121094e-01,5.864301919937133789e-01,5.658808946609497070e-01
-9.767618775367736816e-01,5.986296534538269043e-01,-1.587367206811904907e-01,-7.326178550720214844e-01,5.866652131080627441e-01,-7.308182865381240845e-02,1.647984683513641357e-01,3.638103604316711426e-01
-9.949509501457214355e-01,-6.023097038269042969e-01,-3.661952614784240723e-01,-7.920253276824951172e-01,9.342685937881469727e-01,1.175571009516716003e-01,2.573314905166625977e-01,2.458497434854507446e-01
-7.478410005569458008e-01,-7.881088256835937500e-01,-3.801512122154235840e-01,-7.263501882553100586e-01,6.494018435478210449e-02,-3.373304307460784912e-01,3.152325376868247986e-02,1.155198737978935242e-01
8.729879856109619141e-01,5.082303285598754883e-02,2.360364198684692383e-01,-8.319401741027832031e-01,-9.245898127555847168e-01,5.386924743652343750e-01,6.508919596672058105e-01,4.371650516986846924e-01
-6.423356533050537109e-01,-3.586555719375610352e-01,5.518688559532165527e-01,-2.241322547197341919e-01,7.157288193702697754e-01,-1.871046125888824463e-01,3.152147829532623291e-01,3.115405738353729248e-01
3.810758590698242188e-01,-3.313104808330535889e-02,-2.163135260343551636e-01,-4.852467477321624756e-01,-4.548790156841278076e-01,5.873956680297851562e-01,7.403445243835449219e-02,4.762326478958129883e-01
-3.665068149566650391e-01,-6.250866502523422241e-02,1.868265271186828613e-01,-5.231469869613647461e-01,2.990570366382598877e-01,1.678813099861145020e-01,1.154202818870544434e-01,3.514365553855895996e-01
-6.171223521232604980e-02,-1.110612414777278900e-02,-1.196175068616867065e-01,-5.133639574050903320e-01,1.718714386224746704e-01,3.398616313934326172e-01,8.247731626033782959e-02,4.372484087944030762e-01
5.947141721844673157e-02,-5.738705396652221680e-02,2.850792109966278076e-01,-5.087966918945312500e-01,-2.213816791772842407e-01,4.545526206493377686e-01,3.931372463703155518e-01,5.136789679527282715e-01
-4.799347221851348877e-01,-6.981892138719558716e-02,9.892690181732177734e-02,-6.176263093948364258e-01,6.619040966033935547e-01,1.576812863349914551e-01,4.612320959568023682e-01,4.812612533569335938e-01
-8.463060855865478516e-01,7.621893882751464844e-01,-6.662657260894775391e-01,-8.372429013252258301e-01,8.997091650962829590e-01,2.456357143819332123e-02,4.160156548023223877e-01,3.680595159530639648e-01
-9.629901647567749023e-01,-7.842826843261718750e-01,1.023690104484558105e-01,-6.056574583053588867e-01,2.845364212989807129e-01,-1.027776524424552917e-01,1.293222047388553619e-02,1.848561316728591919e-01
-3.397104740142822266e-01,-7.416183948516845703e-01,-6.563500165939331055e-01,-4.088963270187377930e-01,-6.629189848899841309e-02,-1.548309624195098877e-01,-1.873956248164176941e-02,1.474813967943191528e-01
7.315403223037719727e-01,-9.978420287370681763e-02,6.203013658523559570e-01,-7.697442770004272461e-01,-8.893508315086364746e-01,3.408103585243225098e-01,7.957820892333984375e-01,5.938205718994140625e-01
-7.163947820663452148e-01,-3.358467519283294678e-01,3.198944926261901855e-01,-2.752411961555480957e-01,8.408657908439636230e-01,-1.082639768719673157e-01,3.052755892276763916e-01,3.350219726562500000e-01
6.975790858268737793e-01,-1.284939050674438477e-01,-1.053714752197265625e-01,-3.672777414321899414e-01,-6.571543216705322266e-01,5.570667982101440430e-01,9.258636832237243652e-02,5.183424949645996094e-01
-5.173380970954895020e-01,-1.301401257514953613e-01,-8.094488829374313354e-02,-5.160883069038391113e-01,4.302480518817901611e-01,2.029917091131210327e-01,1.636194884777069092e-01,3.220531046390533447e-01
5.455590486526489258e-01,-7.617400586605072021e-02,1.003181785345077515e-01,-4.617590308189392090e-01,-4.591127634048461914e-01,5.073087215423583984e-01,7.509137690067291260e-02,4.798687398433685303e-01
5.560288671404123306e-03,4.016993567347526550e-02,1.969053149223327637e-01,-5.680865645408630371e-01,-9.387984275817871094e-01,7.402198910713195801e-01,4.131610095500946045e-01,6.503344774246215820e-01
5.981683731079101562e-01,-1.681802868843078613e-01,-1.368939727544784546e-01,-5.018568038940429688e-01,-3.663839697837829590e-01,5.318825840950012207e-01,3.487975895404815674e-01,4.859247207641601562e-01
4.463829100131988525e-01,-5.280928313732147217e-02,2.113908827304840088e-01,-5.250356793403625488e-01,-3.096806406974792480e-01,4.927048981189727783e-01,3.689250349998474121e-01,5.021106004714965820e-01
-2.669849433004856110e-02,-1.215019524097442627e-01,1.671033501625061035e-01,-5.916994810104370117e-01,2.331702709197998047e-01,4.261993169784545898e-01,4.192028641700744629e-01,5.619582533836364746e-01
-6.955847144126892090e-01,1.398822218179702759e-01,8.930155634880065918e-02,-7.502955198287963867e-01,5.694478750228881836e-01,2.475509494543075562e-01,6.079804301261901855e-01,5.845746397972106934e-01
-9.714542627334594727e-01,9.495034813880920410e-02,-7.305597066879272461e-01,-8.844281435012817383e-01,9.463568329811096191e-01,1.777966022491455078e-01,9.149855002760887146e-03,1.857587546110153198e-01
-3.887712359428405762e-01,-5.899288058280944824e-01,-3.984845280647277832e-01,-7.188769578933715820e-01,-4.011203646659851074e-01,1.579612642526626587e-01,-1.311735212802886963e-01,1.251429766416549683e-01
3.250013589859008789e-01,-2.477322816848754883e-01,6.611169874668121338e-02,-6.176164150238037109e-01,-8.264479637145996094e-01,-9.169536828994750977e-02,4.794743657112121582e-01,1.841071397066116333e-01
3.703154921531677246e-01,-6.353423595428466797e-01,4.960020780563354492e-01,6.427970528602600098e-02,-3.064652904868125916e-02,4.410639405250549316e-01,1.065150052309036255e-01,3.814805448055267334e-01
-3.029262125492095947e-01,-2.521992325782775879e-01,3.732634242624044418e-03,-4.756895899772644043e-01,2.892797291278839111e-01,3.416309952735900879e-01,2.499325424432754517e-01,2.986326515674591064e-01
4.703636765480041504e-01,-2.281128764152526855e-01,3.343498334288597107e-02,-3.204056620597839355e-01,-5.162866115570068359e-01,5.911667943000793457e-01,1.805037409067153931e-01,4.750100970268249512e-01
-3.775910139083862305e-01,-2.221933007240295410e-01,-1.813860982656478882e-02,-5.933180451393127441e-01,4.252180755138397217e-01,3.376782238483428955e-01,2.551712393760681152e-01,2.437674552202224731e-01
2.308043092489242554e-01,-1.313634365797042847e-01,1.600546985864639282e-01,-4.718877971172332764e-01,-1.763026267290115356e-01,4.940340518951416016e-01,2.290826737880706787e-01,4.953757822513580322e-01
-3.623439371585845947e-01,3.310551866888999939e-02,5.015056133270263672e-01,-5.206329226493835449e-01,-7.137453556060791016e-01,6.880148649215698242e-01,5.500501394271850586e-01,6.864954233169555664e-01
2.230350971221923828e-01,-1.094781905412673950e-01,-3.041739761829376221e-01,-5.847986936569213867e-01,5.107938647270202637e-01,5.720151662826538086e-01,3.592457175254821777e-01,6.132747530937194824e-01
-6.676703095436096191e-01,5.717085599899291992e-01,2.152767926454544067e-01,-8.242865800857543945e-01,4.739003777503967285e-01,5.015252828598022461e-01,6.665613651275634766e-01,6.040018796920776367e-01
-9.644317030906677246e-01,-1.016690358519554138e-01,5.512982024811208248e-04,-6.033265590667724609e-01,7.841455936431884766e-01,1.496324036270380020e-02,2.413439601659774780e-01,3.687832057476043701e-01
-6.297705173492431641e-01,-6.993727087974548340e-01,-3.896679580211639404e-01,-4.378309845924377441e-01,-3.357861638069152832e-01,1.462903916835784912e-01,-1.844502538442611694e-01,2.269602715969085693e-01
8.834635019302368164e-01,-3.937089741230010986e-01,4.300101846456527710e-02,-4.778227210044860840e-01,-7.779144644737243652e-01,1.428364962339401245e-01,5.878695249557495117e-01,3.165509104728698730e-01
4.769855737686157227e-01,2.271700836718082428e-02,4.913485050201416016e-01,-7.298726439476013184e-01,-1.901960223913192749e-01,6.837289333343505859e-01,5.788819789886474609e-01,9.808011353015899658e-02
-6.442352533340454102e-01,-3.544211983680725098e-01,4.907350987195968628e-02,-5.146043896675109863e-01,4.120599925518035889e-01,5.384355187416076660e-01,5.599627494812011719e-01,1.430677026510238647e-01
9.414610452950000763e-03,-1.540028601884841919e-01,-4.475264996290206909e-02,-4.600234031677246094e-01,-1.758462786674499512e-01,5.269767045974731445e-01,2.433162033557891846e-01,3.464795649051666260e-01
-4.754157364368438721e-01,-5.210751295089721680e-01,2.453780323266983032e-01,-4.903474152088165283e-01,5.482841134071350098e-01,4.407604336738586426e-01,5.674355030059814453e-01,4.554698765277862549e-01
-7.522090673446655273e-01,6.211234331130981445e-01,-3.738771080970764160e-01,-7.106546163558959961e-01,5.866169929504394531e-01,2.474515736103057861e-01,4.452054798603057861e-01,5.310531258583068848e-01
-9.055744409561157227e-01,-5.043963789939880371e-01,-3.940236866474151611e-01,-7.880641818046569824e-01,7.826585769653320312e-01,3.946095407009124756e-01,2.566794455051422119e-01,3.674963116645812988e-01
3.508297502994537354e-01,3.326486051082611084e-02,-2.863964810967445374e-02,-8.710455298423767090e-01,-4.711297154426574707e-01,1.988947540521621704e-01,7.855685800313949585e-02,3.465611040592193604e-01
2.345400676131248474e-02,-1.222404167056083679e-01,6.133251786231994629e-01,-1.402125209569931030e-01,-9.284108877182006836e-01,-4.592565447092056274e-02,-2.080317586660385132e-02,-1.124727427959442139e-01
