sim_time,body_x,body_y,body_z,body_roll,body_pitch,body_yaw,motor_cmd_FL_TC,motor_cmd_FL_CF,motor_cmd_FL_FT,motor_cmd_ML_TC,motor_cmd_ML_CF,motor_cmd_ML_FT,motor_cmd_HL_TC,motor_cmd_HL_CF,motor_cmd_HL_FT,motor_cmd_FR_TC,motor_cmd_FR_CF,motor_cmd_FR_FT,motor_cmd_MR_TC,motor_cmd_MR_CF,motor_cmd_MR_FT,motor_cmd_HR_TC,motor_cmd_HR_CF,motor_cmd_HR_FT,motor_pos_FL_TC,motor_pos_FL_CF,motor_pos_FL_FT,motor_pos_ML_TC,motor_pos_ML_CF,motor_pos_ML_FT,motor_pos_HL_TC,motor_pos_HL_CF,motor_pos_HL_FT,motor_pos_FR_TC,motor_pos_FR_CF,motor_pos_FR_FT,motor_pos_MR_TC,motor_pos_MR_CF,motor_pos_MR_FT,motor_pos_HR_TC,motor_pos_HR_CF,motor_pos_HR_FT,qvel_body_x,qvel_body_y,qvel_body_z,qvel_body_roll,qvel_body_pitch,qvel_body_yaw,qvel_FL_TC,qvel_FL_CF,qvel_FL_FT,qvel_ML_TC,qvel_ML_CF,qvel_ML_FT,qvel_HL_TC,qvel_HL_CF,qvel_HL_FT,qvel_FR_TC,qvel_FR_CF,qvel_FR_FT,qvel_MR_TC,qvel_MR_CF,qvel_MR_FT,qvel_HR_TC,qvel_HR_CF,qvel_HR_FT,force_FL,force_ML,force_HL,force_FR,force_MR,force_HR,force_FL_x,force_FL_y,force_FL_z,force_ML_x,force_ML_y,force_ML_z,force_HL_x,force_HL_y,force_HL_z,force_FR_x,force_FR_y,force_FR_z,force_MR_x,force_MR_y,force_MR_z,force_HR_x,force_HR_y,force_HR_z,FL_foot_traj_x,FL_foot_traj_y,FL_foot_traj_z,ML_foot_traj_x,ML_foot_traj_y,ML_foot_traj_z,HL_foot_traj_x,HL_foot_traj_y,HL_foot_traj_z,FR_foot_traj_x,FR_foot_traj_y,FR_foot_traj_z,MR_foot_traj_x,MR_foot_traj_y,MR_foot_traj_z,HR_foot_traj_x,HR_foot_traj_y,HR_foot_traj_z,contact_info_FL,contact_info_ML,contact_info_HL,contact_info_FR,contact_info_MR,contact_info_HR
0.0,-1.5560382293975505,-0.04197364543604571,0.2698666042792683,-0.054937980770412814,0.009279404015959567,0.01687354448408197,-1.1735122464263281,0.2775905553979902,-1.7431562468846364,0.5531844746387351,0.3054683920102119,-2.2743957911916786,0.40506389645983004,0.7406762303685951,-2.6413228715825947,1.2227270589036034,-0.08218775059608023,1.1822403924951173,0.024036306885905318,-0.3264945210646747,2.229663730546921,-1.149910887550261,-0.35275311991012503,0.7450077518861238,-0.6135499416089901,0.25716880391074337,-1.2342652841004962,0.0871249046172194,0.19148665904145584,-1.3083848375873903,0.5868793439322065,0.4194184240534854,-1.30711166620302,0.548141936862906,-0.1470103152936116,1.1222295091576027,0.014965046858059638,-0.1471477224360746,1.308332814434054,-0.8080034894346878,-0.17816634303449014,0.921195035840806,-0.022835728525456567,0.08112958726392241,-0.042686919214175445,0.3480686747551697,-0.7505536374761356,0.7076608094995317,-3.1530491492991226,1.9951918309406114,-5.826867874815586,3.0492398203307216,3.548771779367459,-6.282834807470382,-4.0322063998727655,6.323171107052979,-6.2846574362082785,-0.08426495843281549,0.4344786220687405,1.332732872852045,0.19266237967648736,-4.030626221625633,6.2839881843439,-3.7698395241890905,-1.2070437666288252,-3.916345305882853,1.8899956884646805,0.08933335831933037,0.2085765045412009,3.8942709165473417,0.05526010145568255,0.1989416882920712,-0.915691099293922,1.662485177404493,0.8750627539697906,0.217477685442453,0.11873310350659275,-0.14939778680632534,-0.299276144764641,0.010140584660704319,-0.27796711636569305,-2.190362243220674,-2.428809500206115,2.4629762469961487,-0.12397447876406091,-0.02435868053971228,-0.2217987887539267,0.2753328929745127,0.28831403917979737,-0.0148756013473049,-1.2792454791859653,0.4602451436834815,0.008715211892669182,-1.7862058230144284,0.31088081280021945,0.05701120774838063,-2.1814817878352093,0.36302918109215315,0.07511144145815833,-1.2824763211685926,-0.5713767363693817,0.009456281687237295,-1.7438529447331614,-0.40769079169696415,0.06802811148468055,-2.263953259878085,-0.46176413740049826,0.07041823676776977,1,0,0,1,0,0
0.05,-1.560432892184028,-0.039571020323270395,0.25456208672762426,-0.03595273028052125,-0.06054543182004815,0.023780712744296287,-1.1767748956667445,0.38194477935943594,-1.9422361647612532,0.6334239809767016,0.3829277169199062,-2.1116326191329162,0.5510932650846239,0.7008293892070709,-2.4167154623224603,1.0845531236953572,-0.26987409161004666,1.3998470004267005,-0.2273921798996759,-0.39719307195627146,2.2121794468657185,-0.9571858543130245,-0.6405160689860259,1.1291382627797049,-0.8348930128830073,0.3410061661769346,-1.548401570258804,0.3664957409181583,0.3284452910299828,-1.6225141296449717,0.5125358340622596,0.6357142531255229,-1.6212603892221236,0.6627663856005717,-0.22546658792067156,1.2949247193633169,-0.030943900399973263,-0.3510755054668436,1.622465807988245,-0.9057975402675643,-0.43081571872747315,1.0088606240232298,-0.08789325572954976,0.04805250225550631,-0.3060903510328805,0.12568650001151388,-1.4004303496652328,-0.3716621775393303,-6.283238054620358,1.3807484743145713,-6.284323662763919,5.9268514393852465,2.455546426316664,-6.282007121293405,0.12275102969280234,3.537602975278819,-6.283352174365746,3.3299683643405547,-1.1244120484619873,2.3335207084756178,-2.422803273796967,-2.710136546225711,6.283279138438487,-1.1645329981246317,-4.987613244941376,2.6720205653644884,0.17043269349636875,0.0,0.1641796036588949,2.428955929076031,0.09932858765941771,0.07601600962483018,-0.29324126124524985,0.18686644590488322,-0.12771403411194554,0.05110937205256374,0.16013845194842574,-0.016773000934686345,0.30631683666098614,0.18762154927241328,0.0599577646996276,-1.3926615433586265,-0.7453012916667153,2.1015301775882045,0.2661257586909294,-0.12790912063618237,0.049131871625630756,-0.06845857095574251,-0.13314846425909324,-0.23188304831823495,-1.2367645240728655,0.3308838786264953,0.012514400004189626,-1.8538005495526484,0.24901721602054347,0.04002870033105489,-2.110654383908388,0.345370639353203,0.07270005427886522,-1.2399783340634993,-0.4972935931965029,0.009096524089320504,-1.7419567778299743,-0.3672819797841282,0.06632332501016194,-2.317022517461456,-0.4279307285855408,0.1023692060549499,1,0,0,1,0,0
0.1,-1.565738740052143,-0.045407821278763257,0.2212520017915191,-0.028602264648357557,-0.11752390373637456,-0.009031004602311722,-1.1818751045093407,0.4409068714628163,-2.089560052680825,0.39760722307915214,0.42483180935983533,-1.817994824875177,0.70814363604487,0.6807772750265623,-2.323951624147827,1.0041366155275815,-0.3704215677197715,1.5891862604021678,-0.37004373379889105,-0.4111701059338385,2.1194312047604154,-0.6372927990173678,-0.8319858567202247,1.6881761946354148,-1.0779320445750182,0.4407385585559018,-1.8470584346237726,0.5541135748009535,0.44093544997521844,-1.7775200387873775,0.6217560497857524,0.7539783034230613,-1.928007965019192,0.8863406671294235,-0.318533282033877,1.4801242579174223,-0.2221204173555179,-0.4150743753501639,1.917053497767797,-0.8650076496720751,-0.7262455744443883,1.3039415153254454,-0.10611695736229887,-0.11673601910985723,-0.6662016987221031,-0.6550411218922083,-1.1360238931021398,-0.09965068906396277,-3.0356817911602176,1.3546837350931051,-5.391935758842472,1.0960114216689887,3.93803771714841,-2.792279016870401,1.9133207207083378,2.5519075189500087,-4.803544434941374,3.777643387509434,-1.155144081025434,2.419367863920425,-3.3619784870508616,0.03390927229856029,4.498537845157946,2.5649647763259065,-5.192880461061839,6.2832846821926465,3.715828761124219,15.069626504218004,6.367429762413305,0.0,0.0,0.175641445352749,0.08689117098402405,3.3631850879547662,2.0037841388261737,1.7992892325442333,1.782328542230276,15.05813258022118,0.6966792779047496,4.6257851106002175,4.6095426864841516,0.08411648178961048,-0.05254157390837337,-0.135504129957229,-0.006711011461413225,-0.10252081037687488,-0.032215118783757844,-0.2978437497854586,-0.17868532114597815,-0.14306345510785817,-1.222790379806494,0.16516344492275403,0.009867798104854306,-1.8817456812037776,0.20557164959489538,0.00941921938732072,-2.0862335697254673,0.26838903027502126,0.008876528603568613,-1.1884114826693801,-0.39692052557256113,0.01144849734648988,-1.7906846873074014,-0.29765737272943127,0.015558487780579394,-2.297259421445486,-0.3922290225910664,0.10243272679396323,1,1,1,1,0,0
0.15000000000000002,-1.56937564524707,-0.05825891814424251,0.21316657412317708,0.0015738805936547247,-0.16121271302288126,-0.057428271406265385,-1.130050031994215,0.48688851998911026,-2.199525722636103,-0.013944834641347255,0.3591064339672404,-1.4800073872412995,0.8173272466307185,0.6644735939710957,-2.230589036335309,0.9680698726652615,-0.4502469125681466,1.7440694636862109,-0.4856745189264382,-0.4120076505522946,2.0253604163336765,-0.4062024709477558,-0.9322132970411473,2.206289368661277,-1.1254771052803751,0.4713770046090073,-2.0721500933192383,0.49590306280542396,0.4578332867849723,-1.6438107161447668,0.7418081371108636,0.8911816514305935,-2.1196745806997206,0.9848541209502972,-0.40267809386579584,1.6467261026661493,-0.2878653771298879,-0.5097581352397719,1.9968912582095153,-0.6364718988201683,-0.9065119068513485,1.6181082494567942,-0.07273810389853974,-0.257021937309585,-0.16170855336684054,-1.0709234525247364,-0.8402002334820089,-0.6335734075055943,-0.13406392706500606,0.25339690351134897,-2.8306196526745486,-3.515714354717499,-0.9415946403960946,3.688095076227558,1.5729681770308561,1.914638799642034,-2.4655979884634975,-0.37339061265815443,-1.0466372143879934,2.1624296008621657,-1.183379848420924,-2.081546183912596,0.6351605910520899,5.117527962576406,-1.9819628245616587,6.282798132804408,0.29985121822055055,3.134627462336211,7.0476845585840575,0.202189682751596,27.968830996574916,0.16660996264130423,0.389932204915207,0.2402464771661867,0.2002142505811471,-1.4769591162787898,-0.11794580469729965,2.987376921073423,2.2653031329285396,4.549920824730149,5.166774009512014,0.3447084970924799,0.11798650312283587,-0.1703284416206473,14.3162692214466,-3.6760898335374734,23.979446174347377,-0.3396306608060437,-0.10715860639203219,-0.08701098795224713,-1.2814582221185402,0.09030231263567617,0.01293879480139121,-1.8732657188598776,0.24673767309877503,0.010041213110045502,-2.0726137802732016,0.2251669643249329,0.009879447984325388,-1.197101000012915,-0.34500631778326,0.021602085364817704,-1.803220483513963,-0.27919750729534526,0.009762412660717467,-2.196129691828856,-0.4004042190657786,0.0783690140451853,1,1,1,0,1,0
0.2,-1.5608431849194508,-0.054959664886191445,0.21250016536376012,0.007900913762140572,-0.17628115235736655,-0.04813416035496067,-1.0552009768789383,0.5130443083228428,-2.2572930246091847,-0.4386015110959737,0.2177429719869761,-1.2430791400470227,0.8817700043798606,0.6289633028410628,-2.1302099304641695,0.9576050117959245,-0.5022658909053667,1.8552768456842108,-0.5756281737985588,-0.3791721557722875,1.9475364580448835,-0.34028973974658794,-0.8679896011073746,2.4516123687908733,-1.082968535667254,0.49739002664640486,-2.1927587959478094,0.22902253174980552,0.3216342159056295,-1.3818770963664067,0.8076956143703704,0.9259505398374303,-2.128214326271898,0.9660191125461651,-0.46709257837320795,1.780709561310029,-0.3808484334688623,-0.5572562302930055,1.9790590578369258,-0.4408671153792447,-0.916591586886645,1.9322315327314206,0.17064920655238236,0.06598506516102123,-0.013328175188339064,0.15166919518309047,-0.2823702066305854,-0.11738008869803387,0.6392618998873528,0.3341490411873575,-1.43430935511192,-6.227103673558974,-2.2086489503414017,3.3639202029822592,1.6457724383608279,0.7394531902001816,-0.050347394635431926,-0.15613449167053414,-0.7815235741766504,1.659256608520777,-2.226464810544279,-0.2780465427485398,-0.7008226643089093,2.3889152356458485,1.077980202912446,6.282860359329187,0.002820759825384017,1.4835268770756038,9.336950942138934,0.0,16.558483720441377,0.141164555517932,0.09384568895473479,-0.16642099898484525,-0.06806833608693118,-0.7077895372102334,0.4572650275157219,1.4574654066092632,6.178831266980351,2.0592134978495005,6.966714951627137,-0.1535009608111366,0.05026145442153458,-0.04973639742599521,9.205180787810475,4.970391536575884,13.092235532755982,0.23549076840838756,-0.1403260765015148,-0.20309097515612623,-1.3204715948022174,0.09043002828608998,0.016979181319806948,-1.8012292887019021,0.31602543162848235,0.010036803287234854,-2.0763553456353794,0.21069494783579895,0.009987135632847208,-1.2219002573155446,-0.3250464981576318,0.030154740747496914,-1.8163079406814147,-0.2788410104943008,0.00997456906066306,-2.0520998512407504,-0.38852921746525776,0.03481293756401444,0,1,1,0,1,0
0.25,-1.5414486780487218,-0.04260727757346195,0.2154570032394963,-0.00396664172969511,-0.16682121061201122,-0.006447320719560025,-0.9500329419786184,0.47812579475799055,-2.339198387722044,-0.695497281490891,0.042107113696382384,-1.164677485824941,0.9183346952619699,0.5850648167822362,-2.03247653535258,0.9471639321073124,-0.5113189708617109,1.9365754957129901,-0.7036054919004605,-0.3395798959816677,1.9417026826780064,-0.415193328796884,-0.7684840440909726,2.439648986133973,-1.0010733650303518,0.4870186004112578,-2.284887375411982,-0.08445593105552882,0.19811905703763366,-1.2361542592814494,0.8644180059117281,0.9044491112664732,-2.0705855833911775,0.9535700532517767,-0.49646338088847763,1.8805271814443612,-0.5510598666463619,-0.555042633987743,1.9546907564767904,-0.4178730072291217,-0.8762891070540044,2.2119562029453013,0.38789013741458156,0.2470477462545899,0.05913675751472336,0.885711575795201,0.2108864334830371,0.18610510505354255,1.122266330071487,-0.19638138106283015,-1.208577256589295,-6.241299819136694,-1.738707965573837,1.5898748780568164,1.1780685960023056,-0.9003137992594101,0.8463723030044619,-0.14081307142824795,-0.33089757005464693,1.2468610599619394,-3.425122491830404,0.8530042263638199,-0.2890140832724911,0.13010102310150023,0.5459691290794526,5.060389242469474,0.0,3.937662371679247,7.431873323597208,0.0,6.762100459263899,10.16267175420897,-0.007165518694288287,0.04410704720768529,-0.050649489953086865,-1.1773696534392688,3.255582136198199,2.2661058129835423,4.592141919298916,0.45980375801851936,6.078347104646494,-0.021493353301323605,0.020375893721903883,-0.038940449428775885,4.479129781681231,-2.19024630256946,4.859121354506353,0.7100715469871683,-6.711944514350312,7.863241387616332,-1.3539468206797556,0.106466792821477,0.010240181253721151,-1.6872035480383383,0.3396815034927598,0.009932272428402885,-2.093559333234559,0.1945378704248972,0.009998698506062281,-1.22295029869758,-0.28628217399076883,0.031977631949853036,-1.830788000623678,-0.27057309287339193,0.009997349180648252,-1.9616867576275083,-0.320202582176051,0.009527007118428814,0,1,1,0,1,1
0.3,-1.519075492419563,-0.03310751515757127,0.22132798124274028,-0.027028188208113684,-0.1301139815401311,0.03253624649671986,-0.8109635905607911,0.5106685244763224,-2.3807310373866994,-0.6803084799812442,-0.04942547459838455,-1.2990506112459592,0.9282709299485956,0.5426169860311165,-1.928095140155123,0.9565434023014888,-0.49401341409325983,1.9990029749741018,-0.7172838615691522,-0.3962264314489613,1.827124940468693,-0.5139500070084105,-0.716145229820995,2.3605317859674324,-0.8913692357328764,0.5036251196104792,-2.3471037718302665,-0.39711614410917534,0.1412335788568835,-1.2489757942526634,0.9047394306604138,0.8110747484096881,-1.9804258657125924,0.9556570473884896,-0.4939933154707824,1.9561485390821514,-0.6583894150798395,-0.4589528031824167,1.8750354503070599,-0.4738174497738529,-0.7796614636700002,2.309675547428712,0.44746371258317374,0.18999524831781356,0.11741956006487975,0.846406995802006,0.7556553674138994,0.3909723675342888,1.8726068259432538,0.22659118894756128,-0.7500886816218002,-6.247114503359981,-1.212489741599003,-1.1130753872460086,0.5222016761981686,-2.1202756648948227,1.16482493720896,0.012401563225726005,0.050019098311141146,0.9523983327877167,-1.3534584132663021,1.317200668150853,-1.0646699434873563,-0.884676651623686,1.411559082130691,1.1353107880600088,5.167772679710067,3.6576473654301798,5.235913492435843,0.0,6.32773884346576,4.086538418415122,3.076815900621283,-0.39097836009497333,4.38101853187855,-0.8895967596184734,3.304775626426789,1.780033387400963,2.8457619105314595,1.855420782798867,4.243607941901847,0.016413485735485577,0.03167449449156057,-0.07193527410300243,2.470569180442184,0.13456380002038237,6.040658483713925,1.374044620840206,-2.3365242384411546,3.3207028586830676,-1.3763946431222982,0.11842559362631794,0.009839187305402907,-1.5782532698033314,0.30813848981249914,0.009992807614341556,-2.10861163366516,0.1766959119474627,0.009999940060120088,-1.223169633176449,-0.25171042781821806,0.022646311305807798,-1.832627429536166,-0.26664289257876167,0.009999795177406531,-1.922482640906641,-0.2793228820322269,0.009949292583027581,1,1,1,0,1,1
0.35,-1.4953803176941032,-0.031170242428994126,0.23013680895328828,0.007542695273477233,-0.0964860998779851,0.04416152067299001,-0.8006571056113931,0.688906782011761,-2.0967981426334505,-0.5781477115107156,0.027891220293284773,-1.5428888985151514,0.95120776607822,0.5078369000355367,-1.8182134061208883,0.940440236025704,-0.46487637099592677,2.0585798551927565,-0.44239977014865695,-0.39137449929415485,1.45903978981931,-0.6107637638268077,-0.6955005711841649,2.29281660610785,-0.8312605827761674,0.48301812529623384,-2.2694785238952995,-0.5709330313103916,0.09697324265775534,-1.3922588151707267,0.9365770581408829,0.6707737427197944,-1.8790096073775384,0.9450041591190542,-0.4915689889976976,2.0213206973495086,-0.57867711117446,-0.40982495896813365,1.6841783892938331,-0.5600821218977808,-0.7247986928044701,2.3008259198116683,0.473903494509198,0.03874545457154294,0.17617655421096,0.11702806582872025,0.6312860115087691,-0.7223818248372109,0.724886192317926,-0.800778104255154,3.6280422027108914,-1.325254918166738,-0.9710580952456724,-3.346857296628374,0.4613709690074195,-2.508066521251409,1.3511048919020292,-0.10154480366416606,-0.6203087923851216,0.8353543067732487,3.090792999755632,0.5461636715238152,-5.001703976916474,-1.130655576106541,0.662699221639295,-0.17838642628370083,0.2323874948568746,4.7519558326109,8.200197632883977,4.945757386209445,1.3337545993334092,1.7173938632287262,0.003425742054577523,-0.4321478348046549,0.01398066070069513,-0.3861242092419681,4.277725197437524,2.4645165445528003,0.36186972765297926,-0.6193186352627111,8.369517011138353,-0.9883253123556415,-2.465684920135741,4.407088611464647,-0.6108450886345687,0.46562007181739523,1.3275802790747444,0.3554161662508152,-0.768003661191609,1.7205374020668764,-1.3572768807832614,0.1529449880901337,0.01044218846934878,-1.5174941804561386,0.25241992341229813,0.009999307530437714,-2.108975544229429,0.17515828813154338,0.010000073370971356,-1.2299933261121878,-0.23032271430281917,0.009235653526851099,-1.8210866086227075,-0.2958403162649646,0.013194958752694934,-1.9162640580670045,-0.2582499131783403,0.009913767128092978,1,1,1,1,1,1
0.39999999999999997,-1.469226328774582,-0.04097081523781935,0.24054780987363245,0.05199102168265592,-0.07578299027437196,0.023252638542739002,-0.8959179476723025,0.7282017171356575,-1.5516682070223284,-0.5098395479717762,0.04731950664010729,-1.7087944882470005,0.9898314432321476,0.48075184820688466,-1.6895022151228662,0.8919508867404754,-0.4557231793394746,2.1313998175953692,0.03316459241698587,-0.2792394196916008,1.0028279783507403,-0.7210890990758716,-0.6978884207491984,2.201482133202114,-0.8690993089290261,0.46332815051587195,-1.9900543088565523,-0.5508468411590617,0.07072791758556969,-1.586455571978562,0.9725927893078748,0.5506888748439505,-1.7612269797434132,0.9111584322568197,-0.5163658937434014,2.0890538064815316,-0.3226593395058677,-0.3266100617875896,1.3700269894361379,-0.6617730730417114,-0.7034130244402044,2.2417353876328603,0.5230797783904251,-0.19601145617650445,0.2082200184068833,-0.5354868430276681,0.36926897166356504,-0.8630133316027299,-0.5960682897120757,0.1827817686919776,6.283127025482531,0.9807472248779958,-0.6585436978159028,-2.7186809813000123,0.41063843058077515,-1.5541207578349259,1.59162937820176,-0.4154306596586851,-0.12028683028838323,0.9513626612743904,6.28329727077694,1.1463415267447632,-6.2830837907734205,-1.3022586260413807,0.12087734277430479,-0.8944799393671791,0.1930655312529364,4.038892278535508,4.523956187244873,5.1887145283725395,0.12755018298237225,0.4289888747758433,-0.16570135297497843,-0.2597418024579057,-0.24408557830673452,0.39013737848616115,3.1362160815894375,2.8249157977744566,-1.3960461425534525,0.030094476320172613,4.512860683575968,0.9958092775911108,-2.227713291323203,4.8045709113945545,-0.31317059078479187,-0.0004286810331295923,-0.0959849971186218,0.41767564742831115,0.163980424918394,0.44077713005634206,-1.2487877760529438,0.21483291005046515,0.02212867569472579,-1.5193766449469,0.2074665015565057,0.010000005453613958,-2.1020619071126867,0.1881602716415659,0.010000087685115362,-1.235095767007951,-0.22876935411182037,0.009918008729342565,-1.7668378453854436,-0.37549417622901865,0.022904567542287837,-1.926297932785224,-0.2490715954520269,0.010890599318463371,0,1,1,1,0,1
0.44999999999999996,-1.4405487071077139,-0.0516337281521193,0.24291729585430535,0.0758194461659186,-0.06788238965662165,0.0013796039129384706,-1.0297541540514408,0.5599651200509864,-1.0222130040602315,-0.425278285277943,0.06262176398884403,-1.8530231430940198,1.0227409962432776,0.4367780574143973,-1.5224859122895866,0.8278760356972346,-0.4786455218883881,2.2242095898964216,0.5111969952571539,-0.1583767230758109,0.7178896009227191,-0.8466699217349555,-0.7145305875913922,2.108545784301329,-0.965765341507679,0.5174142838864105,-1.6759044189112393,-0.4723856405899774,0.06370673242873393,-1.7547442144708294,1.0054211915319167,0.47674767463883005,-1.6204221590679808,0.860273933854641,-0.536987944903176,2.172991370436375,-0.012331935326943518,-0.22589346136058747,1.0558209372002536,-0.7798674277119511,-0.7067525382607782,2.159060066498603,0.573552433337361,-0.21325825828599904,0.04738971961345817,-0.4919236461233464,0.14807304779327987,-0.4622651407136087,-1.4558949050368384,0.9470268477860168,6.283992316137998,1.0476140598625419,-0.1684535720478503,-2.183911280685526,0.3858944830314436,-0.8371654645040072,2.176464588446602,-0.664222287425977,-0.165079402658079,1.1463672829871046,6.172288775687942,1.4979567352122947,-6.280785398215059,-1.564729037697411,-0.17367266877626075,-1.125496239526055,0.19589688676545142,1.57022784386669,3.502077193807892,6.96465629727875,0.056409193432283566,0.0,-0.18739108292832032,-0.05883831247813344,-0.3437396979899959,-0.8974204906276022,0.550666639140758,1.4230633628690064,-0.692510325333509,-0.5899639105912995,3.5885578694538025,2.451198546876583,-1.9600448929565188,6.440663751471679,-0.18291460843282115,-0.0959002898401148,-0.15195741149099606,-0.011800978826974055,0.006254748341154107,-0.08493611311968075,-1.0902315443554151,0.2568740188712467,0.09237308051853384,-1.5286793632774172,0.17385644954664847,0.009885510580528665,-2.099921626834989,0.20515100752686544,0.010000089222084358,-1.2431767773337659,-0.22952414253383605,0.009991276061316338,-1.6469633661036516,-0.4492567754205734,0.035308065073156245,-1.9450165780454542,-0.24619775684240783,0.010276978008585543,0,1,1,1,0,0
0.49999999999999994,-1.4065498453131604,-0.060907384927752314,0.24310357142707117,0.08487138144573039,-0.07602975491361691,-0.010187687758352455,-1.1653522075850464,0.3252661500375071,-0.6641763471147448,-0.3432800379859186,0.08681765712270421,-1.9958909368443205,1.0557674192662752,0.38484959488004883,-1.358629544891469,0.7498204696689785,-0.5188494290264439,2.312647799123888,0.8336578201316438,-0.052000168811862646,0.7091349949642209,-0.9415947985726083,-0.7281989844542419,2.0142246369914827,-1.0869875920549417,0.5025310900649541,-1.3617517748737815,-0.3917144269641238,0.07860621522583644,-1.907073361746308,1.038214837981811,0.42883254649794766,-1.4603261016561355,0.7904212771326422,-0.5340415181448757,2.262067319909333,0.300058516105481,-0.12077724452289391,0.8240615578528165,-0.8830031318367171,-0.7219786070865177,2.0819264796048915,0.6799772358910694,-0.1854731355126603,0.0037255114553164104,-0.24858946842284135,-0.1600651511639048,-0.16223028942441065,-1.8018816934315312,-1.251501848998647,6.2835490112326875,1.0843904387167076,0.1501360423162129,-1.973738860388196,0.4336698275568015,-0.2785989792338905,2.2591517559940937,-0.979262914838313,0.2725451720016356,1.3682825043803997,6.290325688377505,1.5936193436950332,-2.5557899736390115,-1.331568760914668,-0.14602917720569636,-1.498124986486531,0.055587435609236846,0.0,6.257298027784653,4.538934653800453,0.12283343721382695,7.7572920526656715,-0.1764191036796901,0.16201471306715215,-0.0891766216445146,-0.06636583573132389,-0.011119152939613908,-0.10867633234181513,-0.582048906011572,0.2783120686082628,6.424987103730972,0.4302316616756565,-0.5033873014590193,4.6924411125780185,-0.1306664320614825,-0.18692548599226474,-0.22848758041121528,0.7535737441603344,4.32996548950038,6.633402014295844,-0.932247504292265,0.2404479699207959,0.17813077170849806,-1.5197013839393778,0.1411904423618593,0.014724485630660807,-2.1019172099007966,0.21539894388263925,0.010000089387115513,-1.2497691348564277,-0.22977245417652759,0.009999143081183666,-1.4861907708569169,-0.4734386863956752,0.04910749501835585,-1.9523125880322896,-0.2437639246892753,0.009988033332279796,0,1,1,1,0,1
0.5499999999999999,-1.368200695838663,-0.0714397052720052,0.2394818441275575,0.07261739586812173,-0.08033881930400015,-0.03055538410566083,-1.2540048044697625,0.06603405298323911,-0.6181544329559028,-0.2714548756959868,0.10704926981074439,-2.0889523157684358,1.1014847550513895,0.347648313532171,-1.2536186328094547,0.6873636837410482,-0.5139125296624069,2.4292920151199677,0.8978276023024833,-0.014006174345867537,0.9794818767341229,-0.9732516025367574,-0.7205675580177361,1.9256419203217274,-1.1919902196363934,0.3861682883605423,-1.0475940776688104,-0.31459219020294077,0.09714538524465399,-2.023589132835183,1.081888567486552,0.40594021916079415,-1.327525356041361,0.7235968894452163,-0.5212359313568079,2.3670824939322443,0.6157172319796979,-0.052711584638996535,0.8255719596611504,-0.9431502056849961,-0.7217263046974707,1.9910028584339632,0.7669829894899483,-0.21064640688505776,-0.07243454599027366,-0.37342543850860266,-0.10692339887056848,0.25598122349628444,-1.3694428108293384,-3.2100795368512007,6.283530291773013,0.9586068894411578,0.21903175177353967,-1.4521648765172575,0.6485244586568406,-0.02021386191814741,1.6394579341251863,-0.7985090055953398,0.1570856964839189,1.6443166108085223,6.379894091783865,0.8583161317603469,2.4140106011016274,-0.676401118023152,0.029355653114450063,-1.4522734465379046,0.026728312274117594,0.0,5.037374278892066,2.2934948305980027,0.10556407001614088,7.611099245449172,-0.05287926577842792,0.22047188175243598,-0.0012884851353654914,-0.023159883328212488,-0.008563078648225655,-0.07069233665409876,-0.7323084600526832,1.8966475706334545,4.826649111893848,-0.6586731261596563,0.35743254112344663,2.3782153312179415,0.029157294265839163,-0.22164877400403732,-0.2083052425130762,-2.167319568807146,2.993183906822387,6.881631159024851,-0.794468335548681,0.18311095156246754,0.21011547599299563,-1.4978417712250396,0.11074265199959998,0.015972004146332312,-2.097722328899149,0.2170229413010218,0.010000089404835561,-1.2569009930844703,-0.22280045797367554,0.009958413703000726,-1.331720320712602,-0.42538363774227006,0.046461656081130925,-1.9556979983863714,-0.24530533514066874,0.00999879489580488,0,0,1,1,0,1
0.6,-1.330572897802303,-0.08030767947268172,0.22907039675279134,0.06419014968665049,-0.07192588291398476,-0.05336613624539254,-1.3168258545270977,0.004841231776287448,-0.9022844862966148,-0.20012870974966543,0.11808848772740295,-2.1331471863394214,1.1497722849929881,0.2794396646631624,-1.1201378783999685,0.6561575681893398,-0.5507373972616941,2.4503625635711845,0.8338958368247683,-0.10663633559285285,1.2733630959507958,-0.9911863290550283,-0.6976461790768302,1.8559233449018033,-1.2733779552050801,0.22813889258869738,-0.8542778739317524,-0.24140153126992828,0.11039890668514067,-2.0949427739574777,1.1277612154175167,0.3657637155739866,-1.1947582468127,0.6787048668284608,-0.5417344035350803,2.4349681282952047,0.8616172252279656,-0.08722598034143272,1.0814425745464322,-0.9762600991462147,-0.7168489078821396,1.904905286752771,0.7525559607271992,-0.17735948401353036,-0.20822894749532306,-0.4365382017651045,0.1530039861144069,0.1994279979320187,-1.0633227493262827,-3.202261115127938,1.888576421830625,0.9807044376878672,0.14523299064499792,-0.8488894866919965,0.6183207108478062,-0.3646233248402432,1.6578572045466158,-0.6138486419709152,-0.3404778221324092,1.175571246195174,3.763689762411223,-0.2680579569262007,4.262429146196167,-0.3333663890308599,-0.1611385802569591,-1.0883433181809252,0.17229789959452563,0.0,4.226940343376742,6.3799668665186395,0.14174872214031464,6.098622166386166,0.09134085953841123,0.34577148636171295,-0.10346329127034119,0.02507959005268241,-0.016379012175459777,-0.09872805759134404,-0.4864789588660268,2.578564516422735,3.565409381970435,-0.9905469324273872,4.061664864168334,5.0811080750484185,0.2651145691572806,-0.07495820926470623,-0.2022071244267026,-2.27814645811265,-0.694310909301044,5.831005253942539,-0.7018388998826676,0.11795658127574768,0.16204808295270207,-1.473827867641852,0.09161856257535404,0.01161646833237265,-2.093037432836322,0.2170040466260698,0.010000089406738001,-1.2473268015733312,-0.22307830882258922,0.009995614512327628,-1.2446834511869223,-0.33595987659677495,0.02254237628680529,-1.9549036019172923,-0.24742734965610763,0.009999950409889546,0,0,1,1,0,1
0.65,-1.2980203212629646,-0.08443607625927432,0.21713921929359625,0.06639378134363282,-0.051940277424738154,-0.060326447002196144,-1.3628507326050883,0.16603657493909404,-1.016341612471174,-0.1083457684771295,0.11981539611485136,-2.159486723492811,1.1851850393784447,0.249145274188455,-0.9329523078221271,0.6336173003148484,-0.6464473509113877,2.1239372336250666,0.7729642988488357,-0.14804214554686507,1.4312902735221633,-1.021673741367101,-0.6732256424062777,1.773375334713185,-1.3326282520777355,0.1843053152160703,-0.9411225080073311,-0.15605754113322146,0.11846106884048138,-2.137075312627463,1.164890267561802,0.29149962413102926,-1.030931705031076,0.6492370399505883,-0.6091434142486442,2.465531550215952,0.9097314573086325,-0.1709678250206484,1.3046402486240782,-1.0066695411843272,-0.6894446344316935,1.8211111207231194,0.6510515307867681,-0.08256793573185206,-0.23862354918390172,-0.15127948400719837,0.41272301236309705,0.005815374464031107,-0.7037824451506977,-0.710532357743804,-1.6715042266141384,1.0973954597010867,0.059826708017753596,-0.5073200540631454,0.437326575479512,-0.9409584965500215,2.1774394729358777,-0.330566625641068,-0.8289223935776343,-0.35241454600988353,-1.2840215798140946,-1.58854805582689,2.8142048128558295,-0.3385401646378467,0.3432858659191722,-1.0607053558788722,0.12817624950242956,9.807979288479988,0.813409872793794,3.955362369834555,9.079175618368089,2.528776737490311,0.1647838379597772,-0.09227074451630238,-0.2683878670713974,-4.465079018242584,-3.589220471734002,8.206108408056755,-0.05163435201971541,0.17399266660117405,0.9970255843941269,-0.05849573260769706,2.9906813252756104,2.8843439261904007,-1.2279488806525631,-5.525975873333637,7.352471173038046,-0.35881008463246855,0.5726667318160188,2.6437720439753254,-0.6831167025635039,0.06752032235328986,0.07142420147064243,-1.4620220543842315,0.0837543510723407,0.009862645527220023,-2.0969111795386044,0.21456612051329996,0.01263879143939544,-1.226138818828579,-0.22951518781781566,0.009999608918813869,-1.2278498067214667,-0.2971416796258885,0.009973544562559382,-1.9522293275646943,-0.25153147845777335,0.010158094364904446,0,1,1,1,1,1
0.7000000000000001,-1.272971122850706,-0.07815162843451641,0.21466385615353706,0.06468482469977573,-0.05088126995834871,-0.0348210830160506,-1.3712349393632177,0.1978965911599863,-1.0027116029378282,0.004209201932407124,0.12689257981557803,-2.1794202867985435,1.1242047817935013,0.3738957467397576,-0.9183604651475887,0.6514411744162077,-0.6822766739245891,1.5030000234641545,0.7157589642826993,-0.13659960054090717,1.5293679312602626,-1.065794510088724,-0.6495261266402125,1.66935952741063,-1.3593995008308761,0.1646089576297948,-0.9812181257166612,-0.05700511706235151,0.12452923305706141,-2.1667039467563716,1.1396749545784135,0.32083857150012934,-0.9576127468228549,0.6508851138248694,-0.6576846641737348,2.3887151104742372,0.802258009264006,-0.23594758839696606,1.447952869224156,-1.0459562729066678,-0.6642444906733751,1.7246167806377624,0.5009839682451744,0.12568895649515827,-0.04950726280118389,0.5081007872179959,0.0314947126374445,-0.002956054726632089,-0.3374200167558052,0.2380694724655798,-0.4775209906130645,1.514962289813905,0.1432876061701759,-0.564887183529439,-0.4265490704457742,1.1790992415580932,0.8720680346171046,0.01476682044965737,-0.5460909205072468,-2.633023631529864,-1.9127766891149625,-0.702402260813279,1.8094797039732946,-0.45962538645662687,0.32587055636062334,-1.2279866964173232,0.2124821925457282,12.128231274676986,0.04292311537422719,3.374135009819647,6.952919604396887,0.798809502164316,0.19514872101481354,-0.32276952843225093,-0.16696816274139228,-5.4912839732577,-5.350734608436899,9.654052301341778,-0.047065271272122844,-0.18434294804124385,-0.1510436285669305,0.5607093948532057,2.6777141559448223,2.2999767264028024,4.297130259092603,-3.1994553495959934,4.739453119221419,-0.45331817386702167,-0.18675256731347314,0.8701991343694985,-0.6744104033520636,0.06977287038168123,0.03815908825231193,-1.455150049055564,0.08046555724183582,0.009985331482753455,-2.095064062951712,0.21642203427884704,0.039728495255569485,-1.1770670646271708,-0.2518953040967073,0.010000037814943945,-1.2346636948449539,-0.29780835176474973,0.009997239176002,-1.9534613469793625,-0.26129214804974454,0.009929675799150547,0,1,0,1,1,1
0.7500000000000001,-1.2557168645943144,-0.06696484707697832,0.22202380335504918,0.034448118656253385,-0.07602854821475838,0.001059984688696505,-1.3386717966680843,0.12737779949417016,-1.0198506124965134,0.12744739362787602,0.15187089067324872,-2.1955273321234645,0.8924239240812009,0.5971863609027986,-1.2223721821140057,0.7690523130055025,-0.5653457372353027,0.8668926028774981,0.6287973350069879,-0.15472142980315468,1.665298086598639,-1.1325623814188372,-0.6235648523649778,1.5440051781308468,-1.3467936554300042,0.14127889040425007,-1.0063672901579006,0.058794821953634106,0.14404137139685375,-2.1855143348937345,1.0383811194394454,0.5007236472581001,-1.1060595752395672,0.7197939260680486,-0.6011857017116009,2.1358127343756124,0.6928589771467757,-0.23451601604451194,1.5804159782832332,-1.101418148365411,-0.6384594189541988,1.6121075788633492,0.3450851651278297,0.22373562715076178,0.14719894403024236,0.8054252263759475,-0.5013966037599985,0.5653606748666061,0.17975537078838222,-0.3088991022650815,-0.30025954837760216,1.7003527831573448,0.15825999279560357,-0.22379716915076356,-3.217357799509594,2.1437888638937856,-2.5832277246894044,1.115669872808952,0.8433605242309887,-6.28311106316932,-1.4381679705102663,0.09399482539917582,1.882971621016825,-0.6921157219387085,0.35629757082804325,-1.513605518523817,0.0,9.787837851900836,0.0915279404060777,4.053348905853732,4.754868777568626,2.3564930647950004,0.06941776986344533,-0.019259084355078716,-0.07067356554875089,-3.2615192847320094,-1.8468132961733414,9.257898117837636,-0.25841113104659374,0.09826531902207264,-0.09249948359920741,-1.6487946143083512,1.663287667159042,3.5504826954981135,-0.021745451270811112,-3.809270646846713,3.1685499644704143,-0.05147223609968674,0.36750930361334194,2.5294158042942385,-0.6699983079762949,0.102645691009625,0.0361094120304228,-1.447891566218411,0.07826358188532485,0.009998504786920843,-2.058701308321989,0.22725974560228385,0.07880924108891796,-1.0817924836841506,-0.3015663115415723,0.010356635467667519,-1.251277734849974,-0.2940890523268915,0.00999978336574777,-1.960580877029009,-0.27522909801892526,0.010106398109741701,0,1,0,1,1,1
0.8000000000000002,-1.2446131342613924,-0.05277263437243986,0.23005453447751534,-0.008064541622456714,-0.11067114458167576,0.04424953450584488,-1.2803877335472709,0.09040286628561287,-1.0400162330966078,0.2392917906731585,0.18492337230123274,-2.202158080432972,0.5839234748968007,0.7943503500102005,-1.7422580779300054,0.9370095829079932,-0.3466676873012136,0.47105200463037766,0.5374191181676055,-0.18679523704733417,1.8061303432291043,-1.1916540089114147,-0.5904376226102517,1.403259832540135,-1.3061286797013527,0.10890891832561836,-1.0282842880961696,0.17201948431453806,0.19508073017502633,-2.196447537903723,0.7972223688386965,0.705703088897927,-1.4026384972423716,0.8473484313475713,-0.4620300659355926,1.8216454670430706,0.5937138186683579,-0.2054120641600642,1.7186055874442818,-1.1582572726223503,-0.6069994735608649,1.4815968926114882,0.22207460665844003,0.2838442540907692,0.16061462244932323,1.0034618147227552,-0.630717236167931,0.8338766673991632,0.5735720053129607,-0.3994166659425841,-0.2607607754942234,1.4945923303896584,0.07797391818274703,-0.1271185875673938,-5.363992179188673,2.5477393018235106,-6.2822127278335556,1.993948335304008,2.62675411989636,-6.284455924765897,-1.2782585084956481,0.4089006385699687,1.9449933281993754,-0.7263948281944831,0.3678679322687109,-1.7421143928455953,0.0,14.861210209114324,0.09784073397865534,0.06839611953943614,3.0158710162172424,1.0128619925485822,0.06437236785160992,-0.05132636659579863,-0.09060361399812106,-1.0547376192092117,-2.867454412892771,14.74806043884199,-0.16074452564165925,0.18758593806943114,-0.1663785326651057,-0.20088193007505306,-0.15729227926300038,-0.08331906166897876,-0.49036793488705055,-1.9261915286005962,2.5280727593421886,0.2619803899382573,0.19759029275379306,1.1676294636853706,-0.6785923207258979,0.15343603512701168,0.02818749807438753,-1.4479421583610683,0.07839058984343822,0.009999919259685245,-1.9537483649392338,0.2742687736627071,0.08999039360925927,-0.9487571641089334,-0.3245056824649151,0.020333949038985055,-1.2670810895131879,-0.2745762993884674,0.010000056546041518,-1.973875356808213,-0.2932613950133949,0.01028045096388663,0,1,0,0,1,1
0.8500000000000002,-1.2343542695374936,-0.03944460558544411,0.23753584758418428,-0.016061094765998745,-0.13194104509478707,0.08652628993319225,-1.2576032769021823,0.07661829243502917,-1.0956868193400138,0.3407202576228565,0.20278142924573242,-2.171759424936444,0.32999927663602013,0.8856411988032493,-2.2877095585940226,1.0933103852039752,-0.10769468481236891,0.4938680543692153,0.460454436915732,-0.221802989055539,1.91759012993716,-1.2309942043349982,-0.5056011073874254,1.238978369413596,-1.2741291275173838,0.08732462468951689,-1.0710752909248578,0.2764434648491283,0.20238472263334967,-2.1959615030519544,0.4987508245036527,0.8216338177723866,-1.7168087469571742,0.9954722645930687,-0.26850787589178005,1.5110068179454241,0.5080673748120151,-0.21693202607604783,1.846323556578771,-1.2048016313047532,-0.5477202500863401,1.3287975032264927,0.20517729447797617,0.26656057573991504,0.14962626213337882,0.8771515989439462,-0.39704961159513175,0.14252802088140268,0.3819790943686096,-0.36325669415877604,-0.5478113704439699,1.428030926746301,0.05614512712569987,0.09876286246504758,-5.168026321401346,1.4219860551486354,-6.28065261111365,2.2258707151922366,3.569300759033764,-5.576827390122747,-1.0628520824631265,-0.10832812870482228,1.586618633214824,-0.6263487179097645,0.6472849652019387,-1.9961511764312208,0.0,14.862558354934688,0.03780462722220598,2.1074791520492435,0.0,5.697817213024168,-0.06267942423613876,-0.05184818211845186,-0.0861688724677067,2.5664622692790546,-7.124561650076264,13.020543648805235,0.09484802335551824,0.07138313656936983,-0.20605664514245134,-0.3457380927109207,-0.07860716960198602,2.2800759025255446,-0.04635365847474291,0.02526191030673992,-0.11771293765517869,0.5231106211587666,-0.4934103776920532,5.853814940315489,-0.6951813233125237,0.19911730145852372,0.01767003366958414,-1.4482219521571555,0.07856888915056079,0.010000071137541842,-1.8046784399372315,0.30229537318903055,0.08370390750581191,-0.8198174975858452,-0.28789672906472974,0.008870105230716165,-1.2767210666768076,-0.2506887762976608,0.014961629397065903,-1.9878335341597255,-0.30921674590363535,0.009913499497804394,0,1,0,1,1,1
0.9000000000000002,-1.219690403233436,-0.02935093214353003,0.24561045635452358,-0.007451405982909766,-0.13978475695691528,0.11850901771396458,-1.2948022763655394,0.14562484556011376,-1.2957892960536326,0.47171506283264886,0.1965003900591216,-2.110068474327531,0.24979628323823366,0.8139616074427524,-2.611816951297845,1.178511252082008,-0.024460269909233646,0.7957357579486608,0.374174271558463,-0.2536202453499079,1.9960045427304605,-1.2754674573213847,-0.38156383457436976,0.9868314110509742,-1.2866353266989503,0.12421417394018759,-1.2082139795007547,0.39310114675425234,0.19936187495090305,-2.1759504613236875,0.3334760391338312,0.8307491610982543,-2.0309490704316637,1.1101872108944497,-0.12279276140151216,1.1991979794425245,0.4224167948337759,-0.24087110396931882,1.9430649362226438,-1.2479422950285792,-0.4560844896902525,1.122539691186012,0.29327732608115387,0.20187346883828158,0.16149217540678606,0.6121754577230577,-0.1583460006681747,-0.15064857772091617,-0.20898190699601904,0.4830794558174381,-1.9461735513953016,1.8623069262698797,-0.02492643441860892,0.4304831032103172,-1.9603118721742852,-0.46110687710037984,-6.282072894092348,1.5940742729371369,2.2938488076949213,-6.280223879130663,-1.0706600338219194,-0.2958671760615997,1.1767272825358122,-0.6554510367974945,1.4656090986756607,-3.0152426780555905,0.0,8.951834847207532,0.1573822981258572,3.1685299364046693,0.0,6.346654418721315,-0.12809145354199672,-0.01540038829728597,-0.08879568604587415,2.4198118988954613,-6.626711317915944,5.829861795405683,0.31034421111240285,0.10175410779198335,-0.1451023059437611,-0.7555707461035965,-0.3960966480218653,3.258713584455182,-0.01949329258085503,0.04666932646543227,-0.08897234959474833,2.099129471367042,-0.9199564704584586,6.132374714012776,-0.7152817616361711,0.20883473521725673,0.015360037389453275,-1.4488678740935095,0.07863827998589476,0.010000087445302563,-1.684862187617676,0.256450552860989,0.058480402449556754,-0.7048472730001221,-0.23706843541116263,0.010443409726085505,-1.2798304136935632,-0.23333645437387657,0.023824460309182328,-2.006018705537125,-0.3206454327142597,0.009990791886266767,0,1,0,1,0,1
0.9500000000000003,-1.1975494223830285,-0.024803365218299407,0.2416249861408931,0.02303398833749346,-0.1307369988977867,0.13778470561329179,-1.2816923587210685,0.2534312782554911,-1.4660403671212432,0.6524328615239672,0.2199621624596382,-2.0462558756759828,0.3525329712769164,0.6910372342494709,-2.5957956931366657,1.1594812394161993,-0.12593834951713562,1.0952048415518147,0.23411579292540963,-0.2772527984156958,2.052349104710227,-1.243055198013395,-0.38469203125839296,0.8083353434033231,-1.2833276359446621,0.2049655907285624,-1.3720768536192844,0.5453236965430364,0.21462406629729694,-2.172584104805671,0.3407295069699665,0.7464407707637027,-2.3426202892863244,1.1443395762451898,-0.12183877843692666,1.1135695141580728,0.31092528505436823,-0.2647753058670618,2.0138121688027883,-1.2454188989585553,-0.40665955098519274,0.9296643914786552,0.44281961700814776,0.09095133850461248,-0.07970940427260986,0.2761576885196647,0.0935326359457864,-0.6552895116081249,0.060983340232471116,1.0461360303482783,-2.087092294769064,2.4055811183870306,0.10939270783366845,0.09431421667596981,0.28723089745797936,-1.8528214016363016,-5.79408391174446,0.35225274169722004,-0.16679561511875995,-0.4081202381284559,-1.708074485837285,-0.3036728879231127,0.8558764703626557,0.05943434977298808,0.39753327831293067,-2.696261163688648,0.0,11.451870128022403,0.010638743335019518,0.11571459293532727,0.0,0.0,0.01861488921845817,-0.12194112943794803,-0.11837078293332395,2.7813855106113357,-6.60659130951875,9.186017820070536,0.07597713707551412,0.0031035770301012233,-0.1964345250845253,0.15297532086182145,-0.17386867046074325,-0.21457851903616923,-0.007313113833775095,-0.0031371902428677092,-0.032650510935757895,-0.07162486057093329,0.07876702213501728,-0.1096938790957352,-0.734231487650491,0.21415094218236952,0.017547059130007737,-1.4491693583833927,0.07844009437700929,0.01000008919633506,-1.6129878279376357,0.15556138795069724,0.027190343468795793,-0.641487220277388,-0.20354260048964007,0.02115487422595333,-1.2810305204929913,-0.22233141049903535,0.017226553147933244,-2.016175622004203,-0.3370109919507359,0.020865596118629134,0,1,0,0,0,1
1.0000000000000002,-1.1740531971923165,-0.022035461226061242,0.23235596007869536,0.04849339911445544,-0.13281526125658966,0.15462940070960582,-1.2592356829633418,0.3288859824002166,-1.6516648547417334,0.7126508675013499,0.345081166575533,-1.9451710856190476,0.532080159429466,0.6504039237798435,-2.429904717594958,1.0698736984627655,-0.2813240789614289,1.3469789058910906,0.02550424108974182,-0.3159686238260966,2.098608613641222,-1.0621905454414375,-0.5281680273484457,0.9129824479552515,-1.2674754864770772,0.2851511377232562,-1.5469500310184243,0.6547461236348874,0.30647657800338524,-2.1868712907520975,0.4545559035320702,0.6647107229252804,-2.486473903924992,1.1060596154937814,-0.21960708712494076,1.2520524406923885,0.14585241567070206,-0.3003779100609245,2.078610262532612,-1.1762394212071243,-0.4767564885771844,0.9169621668164887,0.4699245038142408,0.055358079844763305,-0.18538052124395465,0.24421236794928472,-0.10417902030882699,-0.5155924703583286,0.25560942748815046,0.9711541356758087,-2.3287751478223533,1.3157154473927362,1.75725354293821,0.3182228239759314,1.7265429518749333,-1.0663391640363638,-0.7401754862084745,-0.8130483214572064,-1.3693031482688036,2.1097318802659943,-2.675338486294891,-0.33920536889224373,1.1542860956899323,2.5384219955020004,-1.2169635948953632,-0.08717253052959487,0.0,11.751571277053957,0.12322621589368116,0.08746323803219702,8.444579411738866,0.1355939001255178,-0.050893524443083524,-0.009690119267631511,-0.10541528452049724,-0.7965628391034973,-6.874539115715136,9.744036924209752,-0.01696523787189287,-0.29231445433979014,-0.13689275776654308,0.17643877222813914,0.06777217176484643,-0.21659040978043914,1.3865318871674104,2.9013444698786044,8.02424344090035,-0.292006850379856,0.06337775940116046,-0.15276951510684658,-0.758367196238095,0.21986353220008334,0.02079223695607206,-1.448791842254345,0.0780126032173322,0.010000089384350694,-1.5728371231524394,0.08554841041216475,0.011832432079515589,-0.6401861812383913,-0.19925766070384351,0.02616780842672818,-1.2828152017214018,-0.2187283278089017,0.009694688613233016,-1.984642761161201,-0.3767672801517022,0.042988312999683226,0,1,0,0,1,0
1.0500000000000003,-1.154044750487082,-0.017681772453893303,0.2364471941639593,0.05841647496548418,-0.14653739133455138,0.17288000066614853,-1.2535964985265027,0.39917620565348055,-1.8460146144111154,0.48114178143096387,0.3886185799107617,-1.6577079727757633,0.6906447714585229,0.6723718771523677,-2.295788033797526,0.9721048210277422,-0.39163465604028147,1.574084184726965,-0.1934099798827311,-0.35556794916693346,2.099474769172484,-0.7927793937213773,-0.7233000449011737,1.3195102359814852,-1.2581429834473667,0.35775163366885465,-1.7337599995168602,0.61615484268375,0.35926021194210833,-2.0862338454780276,0.590611263686821,0.6678349484340723,-2.467326966367243,1.0226131586640101,-0.3307078192741864,1.4519261101232845,-0.05042204406074979,-0.3383076723191933,2.0977312726064756,-0.9895120479845014,-0.6444759280252063,1.1308911339993735,0.4001689341046877,0.08707377544335877,0.08182468170527868,0.3368353370621596,-0.28362873698329305,-0.14648694128012676,0.08720573711986368,0.8319009526154836,-2.4948228941866573,-2.8211882621537137,0.5862403138423449,3.945728285596495,2.1359191814060474,0.09276096924966835,0.7621111186311303,-1.2419998273395678,-1.402323235936363,2.7144666016631147,-3.318908959271473,-0.43661340214532557,0.04024752790242555,4.389264364242127,-2.3612423949278787,4.191079486043547,0.0,6.189055581960585,16.658101914291397,0.0,5.257121486156914,0.1384192883379058,-0.001214067164952612,-0.04296797171863889,-0.135923154996377,-2.0847496378916297,-3.1278612685805327,5.166268872330031,5.09721994188294,-1.8968363486059396,15.956690160660306,-0.019650251184285865,-0.011212487312003607,-0.10976015213225818,3.2020847351727673,2.2808076974080524,3.784804421749316,-0.20753138173084745,-0.12617932945689392,-0.23566314335047922,-0.7895761907037666,0.21106584274379003,0.03325758859844818,-1.4478948191758414,0.10228610667902382,0.010000089404539057,-1.5672122663267163,0.07724415007109392,0.009758397976474285,-0.6704887560168548,-0.2166927614959627,0.04506709329180906,-1.2871626482200298,-0.22348420717989143,0.009967297246435762,-1.879850377803916,-0.45174029934677495,0.07192406828105949,0,1,1,0,1,0
1.1000000000000003,-1.1312926289667045,-0.011966752135349056,0.24536497350019743,0.08535332928250544,-0.15206871838431543,0.19897812736146558,-1.2463280304850142,0.4641896248161638,-2.0130545257261807,0.03823704322159684,0.26807875398884656,-1.2881679737672231,0.8175497770179982,0.6926705322617398,-2.1830782814293794,0.8842181573404622,-0.47494530993671946,1.7643198934369173,-0.3683490378072573,-0.38800462692886234,2.065056238617185,-0.5189305988130605,-0.888617304234091,1.8626934921623703,-1.2500979647967507,0.4260403407440177,-1.9108236360028008,0.36674306983580074,0.3024693013246451,-1.781924846265054,0.7261071909488342,0.6857079159486582,-2.4068863473176263,0.934351570437433,-0.4245603317192457,1.6477718113140865,-0.24570686214373944,-0.3708416842144271,2.078117361461529,-0.7005193562487562,-0.8039466472441666,1.440836280469829,0.4550424304075529,0.11430040637088495,0.1783555867247627,0.42303596007139677,-0.2059878107607413,-0.5142367600493275,0.11635401159235818,0.8482174624818711,-2.2709000548509177,-6.262486890512865,-0.9058380584645642,6.286420393131336,2.0281088475863585,0.15623636013632064,1.360456288950244,-1.1035414505691399,-1.0900641590360858,2.5901884722737574,-2.7193934215051154,-0.445725084912817,-0.29067320217112014,5.5518407911444845,-1.938907298734005,6.283563174807892,0.0,3.9210718878058337,10.274424988566494,0.0,6.120159075053278,0.14567653415002857,0.02066175202654279,-0.056259071025137164,-0.086338393545998,-1.722879370217195,-1.0787260628105613,3.5848668401429875,5.640607600877972,-4.89682639629659,7.342902421968901,-0.09792314284209121,0.015041537591030834,-0.056040911177330476,2.4598494107340754,3.44923293208374,4.690025990409707,-0.017163194434304984,-0.2087145757282224,-0.275019848188043,-0.8219399709376501,0.20694517637392906,0.05316945099617431,-1.4326583973929687,0.1872660720009129,0.013026970390848096,-1.5739893197846044,0.07673034515603822,0.009974137987224888,-0.7059808918924463,-0.21602704256470856,0.05191585202001776,-1.2914699106719272,-0.22863989371161125,0.009996568375540934,-1.6972981467165371,-0.5122218701353446,0.08342422565659587,0,1,1,0,1,0
1.1500000000000004,-1.1025652985886938,-0.0015011898650782894,0.2513700670078242,0.1029914572576731,-0.14172707517919136,0.23004480184208453,-1.205922621902839,0.5117352063271979,-2.118234348944093,-0.42136546128177954,0.1109202444197467,-1.034888151820034,0.9053386180156177,0.6782330108906907,-2.0673169887274243,0.8398781436225004,-0.5310558376355292,1.9063228931375593,-0.49344198158974656,-0.3937022401514392,2.0196797644793283,-0.35620221190505713,-0.9081583166187557,2.3136214653683114,-1.2212885240825269,0.4819571009986698,-2.0443077896129385,0.05445640302891173,0.1924600963759502,-1.4677787422020474,0.8362006709891834,0.6836793961855603,-2.312793314942833,0.8725229874620588,-0.4937782747667826,1.8118797501585315,-0.40129195271145357,-0.38844135866304286,2.0469399798281196,-0.43301695616054037,-0.8731118393495471,1.7549414255958398,0.5745466075602135,0.2093112454054153,0.12010187015253582,0.5540131656770206,0.12011437740905939,-0.4251592642429429,0.34144750825047765,0.661716035200216,-1.642117999476186,-6.289879891119805,-1.980150190893396,6.284598965241671,1.5626850954596205,0.10879863101494851,2.109749077678334,-0.7963287399130125,-0.7306623369113173,2.0992551520108367,-2.066479708453939,-0.2673082290354013,-0.6034589182834745,4.218985928034323,-0.816234682049144,6.283209079455078,0.0,0.038106279669499754,10.79810200733532,0.0,9.50889103259996,0.1853727812315396,0.013901438860708087,-0.07156249518328774,-0.06140565738053979,-0.16722358923320582,0.11557815182485201,-0.1239861381073124,5.77842689292647,-4.9949615553038225,7.913178215350274,-0.09193957232516684,0.04527199295793947,-0.0582653020092855,1.1468352834598774,4.441394724132889,8.556947283929938,0.2558625170820218,-0.15505882942900145,-0.2429059741601512,-0.8445599120391568,0.21522541230117267,0.0663506947468428,-1.3628945158127121,0.28262751704934397,0.03120570876750849,-1.5849371437840434,0.07629389348088399,0.009997302894490299,-0.7285764949788877,-0.19327208388770123,0.05047820720110033,-1.2899027964265324,-0.2288289178023867,0.009999711339096499,-1.5040015808398095,-0.4933477727677972,0.06988854102259312,0,0,1,0,1,0
1.2000000000000004,-1.0691038785535918,0.011197251229443077,0.251154372471207,0.10894070873604862,-0.1121599393146494,0.264287183945123,-1.147082495765767,0.5446448916926161,-2.1740203188018508,-0.7198583774562943,-0.04517190593722045,-0.9744292589552002,0.9533534634052733,0.6373724851232511,-1.970858430438936,0.8302696193487883,-0.5601409187701357,1.997428120820673,-0.6102067169628353,-0.36636571255180467,2.0257028122016054,-0.36705528268419385,-0.7986342064531243,2.473399596548861,-1.173045826410662,0.5229743031094717,-2.128524413401112,-0.25752463366886225,0.05265141881199281,-1.1744288136305736,0.9094621215606893,0.656677191226076,-2.173506877121687,0.8455723078904315,-0.5373840734734062,1.9310799678691697,-0.53483193375731,-0.38443456184135605,2.033127330739203,-0.33772409806916365,-0.8449118759205477,2.0690922992809124,0.6692284007020399,0.25396882189042735,-0.004313890732344783,0.6524218409185134,0.5583652144747188,-0.2634430203200337,0.6200478068292424,0.48134759517975295,-1.0110735236413282,-6.275966637407954,-2.168574291755497,4.445781854935849,0.883616471046272,-0.4321744741533799,3.368643690833625,-0.33236050234645464,-0.5054299719381237,1.4749505236916394,-1.6868081371544676,0.39981987245357403,-0.16257066141331958,-0.5124297348234872,1.0401493535223456,6.284749885713795,0.0,0.03929642254416732,11.023687840570478,0.0,6.7131092263624215,0.2752571652204087,-0.002408770460058402,-0.04068182736633861,-0.035136586684518745,-0.10518447149473471,0.1820816571258213,-0.11421591367723179,6.049518580106325,-4.43098096381786,8.35110180693552,-0.035551521848535925,0.04326372148389157,-0.03649877525631736,-1.8607669754516962,-0.8365934237637923,6.605205286893115,0.4369140660095197,-0.09042270213455214,-0.16370463327302007,-0.8550911006664879,0.23209371903432213,0.06707427347195677,-1.2547221718766408,0.34846940615358435,0.04604593038184092,-1.6025998542900428,0.07594344510213663,0.009999790207468662,-0.7337868886283936,-0.160369508141953,0.042066517653529145,-1.2826293005919156,-0.22167219564345544,0.010000048812238642,-1.3905215114275247,-0.40198817308478213,0.038645871012452954,0,0,1,0,1,0
1.2500000000000004,-1.0360736326571698,0.02261260076176153,0.24651040944177569,0.12933032609317469,-0.06996963546289156,0.2837749377411835,-1.0150706840992025,0.522140875055376,-2.276497346943158,-0.753097877985586,-0.08140264824048098,-1.1611115725222596,0.9895225436817272,0.5904345914932542,-1.8798801261641318,0.8604805526784435,-0.5465204398155159,2.0560409254017906,-0.6286794963769508,-0.39619951452404595,1.906482228836132,-0.44390398829042316,-0.7067898279101483,2.4181995781731214,-1.073948453314892,0.52269241521904,-2.2184240639937145,-0.5565156300357172,-0.03308125548028319,-1.111128546776358,0.9622225921938712,0.6144555687440404,-1.992476015780837,0.8559370172616102,-0.5457629986005249,2.0112938052303284,-0.6019639233600906,-0.4068110211545653,1.9775838034406128,-0.40268986660080647,-0.7508695753396214,2.294972845674075,0.6606049179284401,0.22830699064636903,-0.09287926058862583,0.3164667557337647,0.6920301389455318,-0.6595188290346248,1.3086579269108765,-0.10144376336410973,-1.2900898484238443,-4.966742509232969,-1.075784662335676,-1.103510330230672,0.6562592055251912,-0.5337683005834314,2.5012232882056655,0.15636839564581087,-0.0077118628040622715,0.9940427344652676,-0.7424503778701427,-0.9104212566957148,-1.106403036462864,-0.8926545830679121,1.5452977035075282,2.740924017009729,0.0,0.09039732391790001,2.9034348110976387,0.0,17.774845891376636,1.2266457232455006,0.026168738916419475,0.06219204303293687,-0.10887477023100314,0.06497147607957873,0.2192530092436334,-0.17899003037133018,0.4000727041821451,-1.5761887773400605,2.6432703978761367,-0.012057339447908513,-0.027269730462999735,-0.04988598770462603,-7.2518499856333545,5.569416810439302,15.475378929002193,0.14017644583735533,-0.3934671272970551,1.3641305668533668,-0.8799381291321526,0.248303167383143,0.056106304012537404,-1.1299913257553835,0.3519748577360438,0.04720761122009491,-1.6385568478371588,0.08025169057815096,0.015293664731039725,-0.7321854334911997,-0.12025037042940316,0.019495264533526957,-1.2758235888673932,-0.2200091707049245,0.010000085048141285,-1.3629137242007545,-0.2942487170036969,0.00980709429991535,0,0,1,0,1,1
1.3000000000000005,-1.005171971658238,0.028272115830240536,0.24533652632275604,0.14475546268366446,-0.029198399014226568,0.2576782108036355,-0.8739148759514056,0.5532407188726279,-2.319250935959777,-0.6541795364096671,0.03540234561733698,-1.4625989994134336,1.0062960441990039,0.5339445287740795,-1.7483326908077175,0.867836351715044,-0.5252557714669025,2.1283668576050427,-0.40580139870688026,-0.3958028436160634,1.5204372920564595,-0.5479039499317752,-0.6718060612721046,2.3333371200418207,-0.9493445757424567,0.5413069087091104,-2.284125922114532,-0.6763186237803366,0.010558051742979122,-1.3156081834319016,0.99127250407373,0.5629597399419085,-1.835438623155719,0.8630059390374685,-0.5669125419238222,2.0851247693973756,-0.5547073920216958,-0.4023793576485841,1.8791166083673965,-0.48299735145089945,-0.6977727508519134,2.327739329789756,0.6180332199786376,0.11319030136958015,-0.02347766238039284,-0.5698324199533297,0.7062031579903358,-0.4899789263592771,1.673764766357608,0.2650274227169127,-0.7836185654811817,-0.2317443941027411,0.5639576710940477,-3.2666879454326323,0.3301153742147546,-0.5357884412526777,1.938183471944071,0.14444131951873881,-0.18145996105481912,0.9667332619773132,3.088695956731065,0.15766182685734417,-2.6581731157027635,-1.4268949517907537,0.6574455305730762,0.12442233831571654,0.014378295761358073,0.11421463417203548,0.0,8.382946637570802,11.811909018678083,3.93159675018543,-0.11934751588267671,-0.036881460156333444,-0.17422394222068144,0.2672371715254188,0.015922736330522536,-0.16450409402415683,-0.13821854987492088,0.05107160207610777,-0.07092128544767187,-0.4062519445433218,-1.8633729698456427,8.368379384097697,-4.896455107181131,6.202582141655341,9.046472264500562,2.053797058564201,-0.94469324122935,3.458260260355116,-0.8933356271864358,0.2570138769096199,0.05759780393097038,-1.0688393399998999,0.31191077148937424,0.04129059627153854,-1.6609871206377482,0.1075140649106829,0.03671040947312925,-0.737668055299348,-0.10514334830675386,0.009260425062917134,-1.2605531528243736,-0.22853478807698144,0.010000088938941665,-1.3609010558426449,-0.24882251282262358,0.010672009875444057,0,0,0,1,1,1
1.3500000000000005,-0.9756379583467493,0.0308191337553217,0.2492209666710117,0.12387317742862382,-0.023860338502756838,0.19529768811935708,-0.8611904265857251,0.7021645857109496,-2.017671038666565,-0.5771812938312076,0.10382709982042816,-1.6637589852911645,1.0364462383261341,0.49095255565717616,-1.6131012930173003,0.8413107675592719,-0.5026430383346506,2.1986556246073468,0.027134908181109165,-0.2824757088004713,1.0181575538641425,-0.6610225649754363,-0.6736626569131076,2.2652893101715925,-0.8919809067633291,0.5745814027573464,-2.2064652727350422,-0.6196403803252851,0.07105038286425475,-1.5344980627581535,1.0202743461941794,0.5166792617282935,-1.6932928435725585,0.8514712522174387,-0.5507283137573978,2.1568919889838662,-0.3445362105209895,-0.3334361773533432,1.6740554174318938,-0.595195266956964,-0.6701572871361299,2.289514048823271,0.5906802662297728,0.05094035850162326,0.07768880696511327,-1.2273239065617862,0.1580584088948346,0.4638322334397988,0.694003186816796,0.7371725352492332,3.4974758100970464,0.9600489280138269,0.7278482428007585,-2.8743318525939094,0.3542254326817045,-0.4909847749026116,1.7820605766167337,-0.0892786473738899,1.0074778023328055,0.930361102904888,5.23770597109197,1.1356577553547944,-5.084452638679448,-1.5160747023594594,-0.05860234234939867,-0.5382545256823869,0.1979948513720784,0.0,0.0,5.8079600257345545,12.801617496569737,0.0,-0.06736681706735902,-0.375477736313648,-0.11348164261092789,0.05325456545525531,-0.05865819467390284,-0.09288529725078654,-0.04346859597146427,0.005263847192746382,-0.039813163569237954,3.0099085032048496,-1.9104650223699395,4.835923683378442,-4.554476298512238,4.587165353782672,11.280811902981737,0.007940461431060353,0.013010404283469296,-0.14114037097624607,-0.8440279824879345,0.27984725492082024,0.06560803798813336,-1.0584446075209986,0.28377475968129773,0.03770245967462618,-1.6668554897394627,0.15054990364601745,0.04504515045320354,-0.746246485880433,-0.10542680235692636,0.009920668552774379,-1.2125132016906714,-0.26356510508917286,0.010000089356713452,-1.375590910166836,-0.22618241298437533,0.016814819113968087,0,0,0,1,1,0
1.4000000000000006,-0.9493289418183339,0.038799169477552416,0.24915480644896393,0.0781474539953308,-0.035360655368358945,0.13354714688153987,-0.9494388177636275,0.7102574009843542,-1.4756583731047799,-0.5057149790476696,0.09556836985296172,-1.8053695577756261,1.082400190161133,0.4601544012869127,-1.481931115622516,0.7862926156181934,-0.4969046701964671,2.2618491243044354,0.49737636335557933,-0.14696631620179104,0.6545048730527148,-0.7595454152910054,-0.7030834573210104,2.1818551168914437,-0.9264709130799129,0.6264307821703112,-1.9293916869634375,-0.5479615226898918,0.08699033389052946,-1.7032465681379756,1.0598542746189927,0.47985953333539827,-1.559074820550545,0.8145071515455063,-0.5197309013267121,2.2240444601928853,-0.047283083302329644,-0.22141281540852067,1.360895037781685,-0.7015767031843574,-0.6872643173848889,2.222901975370198,0.5261803305683066,0.15960071444461432,-0.001323204440955572,-1.1563296296915833,-0.12705129262039838,0.9840205071754033,-0.5058779656781832,1.7299976075229488,6.28392811750192,0.9388799358144266,0.13411660118778737,-2.269421498179236,0.500008602709955,-0.38989652293983323,1.7142825250645284,-0.43352105376615024,0.3368111795972538,0.8462065951711519,6.201104693896431,1.8871536341198245,-6.284290109864171,-1.3128574265942718,-0.4371360678859682,-0.9122823016383907,0.18408304705791467,0.0,0.0,6.787956733926235,3.2949332167633436,0.0,-0.11620982456140065,-0.27777774957863843,-0.23844199619976353,-0.0016994399538583962,-0.006937835147839905,-0.0384192418222841,0.020632170850282704,-0.0053532668754272105,-0.03414688951641166,4.5123153280986665,-0.2430553061091106,5.330241440423036,-1.882389551519148,-0.6077334591665499,2.881289261524565,0.010936083321440065,0.002434477624537826,-0.07726367430354728,-0.7137834755495602,0.3458261637768007,0.09257737832666872,-1.0489269364354938,0.25923264987324357,0.023375509821456225,-1.6693463663079156,0.1912124477258927,0.03686097319270272,-0.7606754120016185,-0.10647464652811772,0.009991561657682592,-1.1201456295677226,-0.3138365558188817,0.011352441085854485,-1.3970614176169218,-0.2132431370520834,0.025460728421011436,0,0,0,1,1,0
1.4500000000000006,-0.9240271898927549,0.05267854590104136,0.2389342127199916,0.040197986428327635,-0.05927945629439942,0.08875447264380452,-1.0917252994390823,0.5562953870623928,-0.9340907288097005,-0.428981329467846,0.10595562803889207,-1.9236432388369753,1.1089148849553765,0.40538525379234264,-1.3268088197831536,0.7343718617513766,-0.5159892722763914,2.3337428706554877,0.8280014362865702,-0.044989884403042524,0.612075509908363,-0.8564889078553327,-0.7370273480778186,2.1151715410184053,-1.0247873729430035,0.6122830114546051,-1.615214596223873,-0.4670964554475308,0.11206120965544873,-1.8593686471903195,1.094353034436817,0.4399298963391504,-1.412118767314816,0.7635919578126158,-0.5201945351930721,2.294271990573039,0.2646468940247775,-0.11234931695474087,1.046694045413815,-0.802151054287639,-0.7222166465824188,2.1544986403742676,0.5060350385115808,0.27758752846977885,-0.20441187457944654,-0.7990897320311798,-0.42749634632815564,0.8298827689505017,-1.488283619652125,-1.2426387513931532,6.283552468015376,1.329427144042821,1.0764214814747783,-2.6066129649121548,0.8244771845166105,0.3350032465086133,1.8860091994716779,-0.6537569234172663,-0.11087813072907889,0.8761511268222266,6.229926702394443,1.5891314640279968,-6.285819090133071,-1.1985563132246717,-0.3275345717728164,-0.8736308073896166,0.03735311762371962,9.872941635557657,4.746064157682916,3.2461858452116266,0.046681513045022466,0.0,-0.14175590674434918,0.12197537840446397,-0.1461635125873571,-3.727442892685997,-0.8482437960962705,9.319377937260608,-1.3239246864403258,0.3445993460694646,4.753106917295044,0.45550287391083844,-1.0027705302507337,3.265450240817735,-0.14214592931245004,-0.07548329632314144,-0.18694538142001363,0.007829389208158701,-0.03934230101491022,-0.045684657652254324,-0.5567072988529045,0.3828726825783427,0.1417452021843182,-1.042167021266958,0.24569733891645235,0.0094348247780035,-1.6700596426321825,0.22804254490997236,0.008944145754264329,-0.7703985594677268,-0.10560729358608854,0.009999173746859998,-0.9892358405998429,-0.33240619847964314,0.02134056962438973,-1.417354779730658,-0.19468350878009494,0.020625890614433682,0,1,1,1,0,0
1.5000000000000007,-0.904141500327593,0.06844851359268814,0.2335497103436424,0.048798820114636314,-0.0785619721446254,0.07526706210120523,-1.2411183603933005,0.32431344004737356,-0.5986167505615363,-0.3725657972404987,0.1056911506053827,-2.000227269910244,1.1310685235196871,0.3556630819458404,-1.208923251665175,0.6750500195284349,-0.5205172070905011,2.4355277249165597,0.9074082478085932,-0.0066099148992248835,0.895755717520645,-0.9092400286633853,-0.7574858430486067,2.0639410003192675,-1.1566846817124676,0.4747221290688971,-1.3010491110519493,-0.4028765636093615,0.12061392475895909,-1.9635939578442738,1.118839346661644,0.4313125230045209,-1.2848253966320273,0.7060839701981545,-0.5220663062427066,2.380112967172577,0.576197325065527,-0.04682424303352127,0.8418798953666499,-0.8723800573161534,-0.7465173419255527,2.0964175492657953,0.39771379130323803,0.31539935383293555,-0.10769004752698375,-0.28083678842704896,-0.4012837651279002,-0.10241487414972279,-1.8939615767576445,-3.34523448631962,6.2842635556113375,0.8087701893358377,-0.062095165153251565,-1.7076361213976703,0.3527912619116352,-0.35025404654395853,1.6865136630574888,-0.6876953123688361,0.03388840282632181,1.2317858984095347,6.2990951505636765,0.810723100409507,-2.1602364642870024,-0.7933559894964733,-0.35673241809584405,-0.7255585127324349,0.0,14.0253160613429,5.625559791141306,0.0,0.1373990140703475,1.4278781827253035,-0.040146670722535624,0.17370166240493753,-0.06576747166749437,-4.834619703274383,-4.807428393050636,12.484979039449845,-1.1694155126122743,0.9007582715577229,5.635445747697732,-0.06518837302192258,-0.12029794718897532,-0.012504213295471045,-0.10423333021625483,-0.2347856548295028,-0.2187446087426003,0.6086983057092543,-0.6301754818403835,1.3719885613615588,-0.4206627595810877,0.3752664553822727,0.16745446290724114,-1.0371868852362833,0.24652411830534382,0.009939394579592442,-1.6825975680160357,0.2564729266279018,0.009886708320598063,-0.7826941857543475,-0.07623988851864483,0.010132686003116023,-0.8483171113040805,-0.2900016613743086,0.04029483147411755,-1.4291908037473553,-0.172959183452439,0.009895638119811928,0,1,1,1,0,1
1.5500000000000007,-0.8846755898624509,0.08338578222995797,0.22811727345452024,0.07999819602545856,-0.07305370500027734,0.08852959808164132,-1.2979317707237834,0.07085521286444098,-0.6446897897587838,-0.3181550197975696,0.11185168585235143,-2.0691503374816893,1.1791289487169236,0.28009419470175917,-1.073400702214331,0.6329449457898333,-0.5636095111087579,2.478933272448667,0.8490240315668338,-0.09750850170839442,1.213209414288597,-0.9255853851360893,-0.7488401169298372,2.001726330227447,-1.2506209228744658,0.26084535319368995,-0.9869070075338156,-0.34816748595541813,0.11488670974985356,-2.0324166331646714,1.1549193970868714,0.361802662298867,-1.150257918139367,0.6580730458739508,-0.548640501938077,2.4444913857022184,0.7902694875627592,-0.08604320275440545,0.9149013281652256,-0.9061763272164798,-0.7715373188517987,2.037035497054501,0.38931820930284244,0.29874537274539675,-0.10864873778244355,0.1962096154952604,0.072375922120548,-0.6463617556478395,-1.0892935857287118,-4.258844477667827,6.278274474680772,0.6735141775885322,-0.10758299421802081,-0.8165484792915266,0.46163186575137777,-1.021289576219627,1.707275910327814,-0.5766093353036811,-0.33271560569882985,0.7648084001661326,3.094276136793344,-0.7717689708569951,3.435543990966781,-0.48892349147439945,-0.2479263914919458,-0.786026416366894,0.0,7.424537383677719,6.326558199324766,0.09585847345520793,0.12742752137064067,9.029143189409577,0.13198782683559546,0.14926942336625607,0.006903774682399666,-1.505103183404544,-4.295432138784694,6.116984343898563,2.2634639566588532,0.6846069668623407,6.083091824640093,-0.06816475524208118,-0.028620259045215302,0.28647283157433606,0.23188388626979756,-0.14953137656077214,-0.17629240614155084,4.2309006432130545,-0.32758728311847557,8.195684860328853,-0.3228298722127917,0.37161580582242215,0.14013234580174586,-1.0325034830801463,0.2477580387805055,0.009993572349501857,-1.6925298013058858,0.26639595392986215,0.009987915205518921,-0.7841773306306569,-0.044364302676080464,0.010318230353548693,-0.7572486499194813,-0.20139204197074134,0.04325271178372128,-1.430145264698187,-0.17054511921667664,0.009988874035408244,0,1,1,1,0,1
1.6000000000000008,-0.8598585535687902,0.09447834099151431,0.21919211589333934,0.1000007139923459,-0.05566051551579235,0.10281063972087481,-1.256200165901796,-0.034142971144667356,-0.9228404796989826,-0.2245675562878436,0.11858099224245536,-2.129485795855805,1.2154466253427014,0.24644190119228807,-0.8703546729661804,0.6128825877670849,-0.6954506120716041,2.2523439773515994,0.7929754351052587,-0.16263857117405478,1.390987828897782,-0.9654343077772123,-0.7314742407170594,1.9241877254596176,-1.2571372360091808,0.07570915770245339,-0.8390856431766074,-0.2695023861366051,0.1178510139132004,-2.0987652508116392,1.1920248594340295,0.2875388237141955,-0.9786967161771429,0.6285872187333512,-0.6243938986695318,2.4566862785542125,0.8654382776044492,-0.13674605645262128,1.1877510817216084,-0.9421400745440099,-0.7731236079600109,1.9648593171864595,0.49634072587321443,0.22185117523112668,-0.17850315122361793,0.23448866767916257,0.3105496822673657,-0.46900340673940966,0.021014175458797097,-2.440437324741062,-0.43739904253497985,1.0855150734190824,0.015852209778852752,-0.854998661888041,0.5458696796758615,-0.8272289665244337,2.4076354757204603,-0.33689862220329236,-1.5776723941262512,-0.6458868160659453,-0.43934489326595644,-0.5753011606321805,4.501987681423179,-0.5158807117980929,-0.07548397123576489,-0.9039378940490191,0.18697499219527874,5.253428801442298,0.6930702862359079,2.907555194971569,3.385739798545636,8.267373141583782,0.2056173000483943,0.2543822103081232,-0.2067869956842026,-1.8445230277291227,-3.322555180533205,3.9112974273109593,0.546302435798612,0.05594620409758362,0.7042714015527406,-0.41329556863526956,2.2002077061515593,2.15526613496629,-0.19695104674202155,-2.886734104402037,2.117901413792316,2.3409372802724926,-0.035110901739493314,8.137271520185612,-0.2860796939743685,0.39751655995671953,0.060177771532185245,-1.028328631902024,0.2475013780398211,0.009966904895024335,-1.7083913792619652,0.25607703544981303,0.01468782025706307,-0.7614460039790218,-0.038110556109834486,0.009995407412476193,-0.7429501594894985,-0.124722620909456,0.009946997150461767,-1.4322645959786486,-0.16944527713995344,0.009998885165615673,0,1,1,1,1,1
1.6500000000000008,-0.8317464368058946,0.10814494008436132,0.21534792962302765,0.09332321283949258,-0.048410162840216465,0.12858373875686008,-1.2267228008559687,0.069441950831934,-1.1381047422377675,-0.06820740256295839,0.14064628349769964,-2.1977892452473684,1.169630870784714,0.4002271891885752,-0.8961433785325013,0.6154664418063059,-0.80598955639839,1.7165298529585442,0.7121266844743067,-0.1546052897373343,1.5140763057126734,-1.0168788985567077,-0.696540820408962,1.7855825634168578,-1.2389901576310933,0.10900025121348537,-1.0169529767990384,-0.15267420939195048,0.1328124213803204,-2.1625207265634145,1.1810879249260324,0.336019108233323,-0.9249197465674467,0.620294669155728,-0.7042380257684364,2.3433575931919712,0.7864650891034672,-0.232441300475343,1.3937175156394515,-0.9949492263089745,-0.7376927315055976,1.8608340351308186,0.562242335257912,0.2733319818569402,-0.07688372540623378,0.5241913585739074,0.16245572459894297,0.08598708396254068,0.2674140747317159,1.3028455577173093,-2.693634234567862,2.0292626305762633,0.17299916036478952,-0.7852132089104733,-0.19995254922971495,1.522477549549931,0.6399061725425816,-0.08231080835308624,-1.421474900963294,-4.111592054686848,-1.6181965390865245,-0.9166869824921018,2.6756871964202507,-0.6660311074858083,0.24007494904721935,-1.6725931118717257,5.149127329017874,0.9074613449831639,0.0711166367285399,0.676285617154101,7.401964091746529,9.568586564175204,1.798273502266906,4.04619141179962,3.0012848335620554,-0.44590458964401447,-0.26598966987027356,0.9782071473305765,-0.16251781094325085,-0.11553819058655754,-0.18369300028360674,0.13724889945678811,0.8320732712094981,0.23810353581534444,2.057947408330143,-6.320207927332278,3.6891302866715217,-3.14164124974605,2.0008642996678034,9.03060993366413,-0.3098056471992575,0.41861995114774025,0.008597236875943798,-1.0193511280191134,0.24343180069446563,0.00998692477424064,-1.7048673563362335,0.24767352167715834,0.049246054099196676,-0.6962479769396168,-0.06628464237374715,0.012971614789084991,-0.7496011747192906,-0.11208360012407703,0.009994388669333238,-1.434911795463754,-0.17150158429693427,0.0099999601025367,1,1,0,1,1,1
1.7000000000000008,-0.7973424687225673,0.12203624837352862,0.21701047565862974,0.05982143792878595,-0.06832878778051968,0.14233261367556882,-1.195561284554801,0.13984813527838727,-1.325242794554388,0.12123367752336348,0.18316654139453875,-2.2439482169781564,0.9756160148640417,0.6374074865089883,-1.2711511592221243,0.6914486898872433,-0.7683412478741624,1.0597466807504285,0.577567737178929,-0.16932207162295349,1.6803419776269248,-1.091393669191739,-0.6351294370283728,1.580115080669853,-1.2120374827442157,0.19143174084255743,-1.1999546629598525,0.00886551227217357,0.16591884285138903,-2.2155698533204933,1.0956563878778856,0.5435277777401741,-1.1131012474103361,0.6651198033326089,-0.7448195366754115,2.0480408002678576,0.6660329859479687,-0.26267734189144987,1.568114926411236,-1.0583966799361897,-0.6866551275013776,1.700266707348658,0.6880793616665448,0.2778261657833461,0.03325092071204183,0.360024641935782,-0.30337517805483205,0.7136421343095094,0.37610546158921937,1.1738781935018465,-2.784029855122197,2.712631716437992,0.47103191128712407,-0.6308488029692998,-2.671274061848465,3.366458549044225,-3.512009145099599,0.5850787543943261,-0.5668748603109147,-6.282597608162497,-2.0190278966850794,0.01810490604791411,2.493324697602315,-0.965094571376449,0.7930390884233999,-2.6678258013859706,3.356070387136894,0.8375594006272298,0.1346033043078862,0.19388694718240307,6.081642435743847,8.37067433725673,1.3640114522723352,2.1591590898539685,2.474498207928799,-0.3870676863276181,-0.24470585353953803,0.9310355316927528,-0.2688488238037019,0.1384217646683414,-0.14324488213972691,-0.12924521398801514,0.1839290602084257,-0.3234388700090184,2.492283494715847,-4.142083349059535,4.011321503189268,-1.176309515205801,0.7600833117846729,8.455473249847923,-0.31637745502782355,0.429188060557404,0.009849459263420866,-0.9995911722489639,0.2395116449821339,0.009586144651114148,-1.6474345986090446,0.27358874494759466,0.09328358739884737,-0.5620812586001842,-0.14065714710976449,0.0466889848596187,-0.7582445862080553,-0.1093040261544695,0.009999477294924668,-1.4399783719989776,-0.18037362640758017,0.010000075523009518,1,1,0,0,1,1
1.7500000000000009,-0.7652947515446871,0.1391088086509236,0.22516421870035475,-0.00295869213608429,-0.10710643532837895,0.16196201072034053,-1.196631157558223,0.20792684804460876,-1.5075561492785419,0.2840805398326124,0.2160856961516195,-2.226838735229542,0.6875684755253084,0.8234466938086888,-1.8081252856016428,0.8437736091917288,-0.568374563814031,0.5570411194612874,0.4320120667165838,-0.21552318173168244,1.8777504794650177,-1.1838427457117586,-0.5553006686625636,1.3717723139613274,-1.2017304501127792,0.25729801608460107,-1.3829844541880825,0.18801904353048687,0.20427647464109236,-2.2256399741479655,0.8730764108491607,0.7585723255639792,-1.416757817761167,0.7675597410589631,-0.6842435790286309,1.7338906961966447,0.5214338061115594,-0.2366426457707005,1.7506334087277078,-1.1399024487197214,-0.6084813351047058,1.4996098649833336,0.6409543435576048,0.3414512055478994,0.16307486083450007,0.5904524680125287,-0.5501390896669525,1.3205409836782358,0.11261208613077714,0.7262689965293049,-2.767897791329931,2.8726456374890077,0.2636522771148966,-0.19790937888445934,-4.785858223803922,3.0346493511400974,-6.282830110559034,1.6857033634198657,1.9301404896966323,-6.282967165267108,-2.0331626762399555,0.4685933904635371,2.8249092120083485,-0.9891106497026128,1.1076740589285003,-2.8416003545309096,2.848038795241205,17.30645942719671,0.05417389403008943,0.12492854409617216,0.811182690946874,3.745036189187612,0.13136730726765705,2.7594071270051397,1.2880044391654657,-6.052432649005614,-5.951043140611429,15.311083117922033,-0.13263198092126116,0.1772296078231095,-0.1249111370302431,-0.23298029594946795,-0.16800692067965017,-0.15189606667553365,0.17035120043515967,-0.7481078801264017,0.6586391293216965,-0.5128551515226464,0.11869919823186707,3.9097571059972145,-0.3257264672151471,0.4265933922553751,0.009983915618459065,-0.9867697387416551,0.23773863942462012,0.009955642427248716,-1.5286882791581715,0.34707923282022496,0.10277684866709175,-0.41303677211916645,-0.1740104372685572,0.12404566765109983,-0.7764550232696095,-0.09637910595397439,0.010409487358005641,-1.4523808611992777,-0.19066626312762586,0.010000087916188612,1,1,0,0,1,1
1.800000000000001,-0.7414334822446838,0.1566766542436009,0.2362907744283406,-0.029950030012259994,-0.12908236720654498,0.187746418072096,-1.2084898631283023,0.28666005218140206,-1.6510914222160296,0.4054396391238657,0.2206542842596338,-2.1598115986774316,0.4561768354460017,0.8999687041254103,-2.3394106363581892,1.007811776599058,-0.2719666828993876,0.4309521822950426,0.3169643461300384,-0.2623186945925881,2.0174024319248414,-1.2488895751522877,-0.42805961344197546,1.1554089462884465,-1.2068430042669822,0.29673115080773893,-1.5469865748627962,0.3413401283771808,0.21654158252097472,-2.219737043713507,0.5902298651475341,0.8508688328885153,-1.7308760354596702,0.9051877183757311,-0.537251081141356,1.4197356109491905,0.39135920228177484,-0.2536889625238574,1.9216639547981067,-1.2094866727666005,-0.5085094239913812,1.286728383731207,0.47722538600006636,0.3513569118535459,0.22253111455971697,0.6139295282467048,-0.31879610113960755,0.5858009260052173,-0.06710091368277467,-0.2230697924309656,-2.305463875239739,2.027374900867434,0.1852614858462192,0.3842931276529392,-4.739614679511273,1.0620558248147818,-6.282459605710363,2.401587707742639,3.905871593205569,-6.283698136614554,-1.6530304751938114,-0.19091600545372894,2.128284806612869,-0.8755910642049819,1.328021386559454,-2.9155075348711335,3.1029271957319633,15.154586331350872,0.04350729933578015,0.06335104075947401,0.0,5.675920833832679,0.48075688990687776,2.76880909766434,1.7354817929912323,-6.017136163976113,-6.433645322106234,12.576390645189836,0.13558449631719677,0.11044033142664156,-0.16945672716829766,-0.16995063995891788,-0.19910044921270742,-0.028802113984055577,-0.050202552725977644,0.041818966818308115,-0.1459028741967571,1.0380167940155716,-0.6327217665359325,5.748793781913056,-0.3444685511018552,0.41918078152584864,0.009998352759649748,-0.9774619019547225,0.23689649786407113,0.009995316948859578,-1.371405672057433,0.40720319113098835,0.08202104326655352,-0.26943793641912794,-0.13688195190603117,0.174510668409985,-0.790060813499019,-0.06938011998722152,0.023161748169221168,-1.468007880683512,-0.19571697625515608,0.01000008924689616,1,1,0,0,0,1
1.850000000000001,-0.7206829830515401,0.16809448803141613,0.2459188421429918,-0.036444322683163534,-0.1360294481762979,0.20675373463343893,-1.2078967297359537,0.3584644242954473,-1.7653113749681861,0.5244269155658323,0.19710063653842472,-2.070526960764679,0.3798944319603897,0.809922918429839,-2.6076502062761397,1.1336090612648602,-0.08060219576315775,0.6422577590610761,0.2220488018389072,-0.2957479782829885,2.086573744703128,-1.3008161010219774,-0.330953678545429,0.9292634149341596,-1.2076482393669996,0.33633448675119193,-1.6875069098146707,0.46073121095951863,0.20685734675287848,-2.1836067868147566,0.44954993087348144,0.8333344801552538,-2.0450664111325523,1.0475028775968445,-0.30542068008608864,1.105567133153867,0.28407060400812645,-0.2811700006175137,2.028728563677695,-1.2636797153276107,-0.39851173929085404,1.0646217299729401,0.4150099838628729,0.22835667575630492,0.19256135429302434,0.4071741401697979,-0.10407252590453639,0.12954931511475562,-0.0027903422339288107,0.4911387762899382,-1.7296217073024809,1.459371616377201,-0.019586337964621805,0.6496080704648725,-1.6320075972096786,-0.6276465016884704,-6.283181859129399,1.9639908670210626,5.0240712382980375,-6.281886049455825,-1.3667629955197667,-0.3243273115324175,1.28547917515241,-0.8714352643032598,1.4338254519795788,-3.0073434902406513,0.0,14.355363891359294,0.2159421485221622,0.03959933307054747,0.0,3.043762507769793,0.009983621110007458,-0.0633336017802261,-0.10190547767590759,-5.482373189295453,-6.607111734422114,11.753649507792971,0.36427302816252377,0.06466535691281694,-0.190082675396459,-0.010962471190478718,-0.2389736944922849,-0.013387978710662657,-0.002528548751467589,0.03312841470316168,-0.0761876194900179,1.5804323630032757,-0.8280577847399965,2.7089756473464925,-0.366247449415583,0.41096317276434685,0.011818692154013103,-0.9709018249299944,0.2379033844730739,0.009999576968179939,-1.238634571731415,0.37893422740123084,0.0449204571771063,-0.14684663138683224,-0.0600267137242983,0.16031365081652177,-0.7934660392999485,-0.051749795837231743,0.037759622871287694,-1.487532617204712,-0.19614038362080627,0.010000089389779851,1,1,0,0,0,1
1.900000000000001,-0.7027650566182454,0.17319867009803624,0.2468356499208312,-0.011086880974097837,-0.12905157150338695,0.22246922562853874,-1.1865754348045574,0.4047294442242431,-1.8749507285765319,0.6662930178538656,0.21624895993282328,-2.0041845076743097,0.46517427832257136,0.6756103140790576,-2.5189235158984635,1.165958332266544,-0.08900663284280964,0.9432465641298324,0.10009140320387068,-0.30924224470005557,2.1051408427320357,-1.2448417500187465,-0.39225152614826914,0.8520875447320058,-1.1937743164002623,0.3803684090736642,-1.8079445947900146,0.5900503252331876,0.21502265334126014,-2.167259215775962,0.45711358499779137,0.7242874546463718,-2.335234007923844,1.1254446669801401,-0.1643810337437195,0.9861626669082457,0.17268591053596527,-0.3006648191654377,2.0784793092157376,-1.2541609608466369,-0.38101609120273794,0.9276361046016985,0.3583585286658941,0.10208364133240222,0.018336155556787914,0.2209012156304964,0.026184591679323212,-0.509524093977445,0.18795361060762616,0.5221991460000643,-1.4881875604423478,1.7816078761440366,0.23631382945897075,0.19557489902206635,0.1566110462911256,-2.558632156962708,-4.3714421419002365,0.9485390996307319,1.676649838080135,-0.9536113204483511,-1.6158767938979046,-0.25492399143521255,0.5925113944826423,0.1589972171551263,-0.24992758855882935,-1.680102329789876,0.0,13.252408498064854,0.03949584532566808,0.11064230614571302,0.0,0.027445901524861316,0.021626911161609128,-0.037972118624373156,-0.08637931117825479,-2.692316133820104,-6.784684556679807,11.299857684976834,0.08360937508310833,-0.08275207975875422,-0.20861405902304192,0.1470912651526626,-0.1043170723039899,-0.25294416480567433,0.008320758667010422,0.005995819501931175,-0.026580908114802744,-0.12959554894347247,0.13371931373332038,-0.13059776778026025,-0.38823125405090286,0.41040596174970556,0.01776297476691982,-0.9702453650311671,0.2377560604348432,0.010000034384271415,-1.150293243383734,0.29090010188045323,0.018572410150751235,-0.09406189533415246,0.006460389639348876,0.10105097942622149,-0.7955543620927821,-0.043308438169758184,0.03645790544564863,-1.492009384464708,-0.21073868729674747,0.02837548190657145,0,1,0,0,0,1
1.950000000000001,-0.6880499840734361,0.17670188027112788,0.23734272023483916,0.013987578421773773,-0.11982102855159088,0.24626366735115088,-1.1489524194651475,0.44543052013434087,-2.0028226482214206,0.6272944126101612,0.3344748294935435,-1.8575078695746712,0.6206487369420561,0.648829005343567,-2.3681065702078397,1.109768637573761,-0.20740990012128838,1.2076854935203551,-0.04660899906286418,-0.3193568582530566,2.0865905159277354,-1.0301654303543049,-0.588771492335516,1.0483382364279663,-1.1647983022214985,0.422885506933884,-1.9309903702514148,0.6183814466966442,0.28727504585466274,-2.1715556914343415,0.5538422035659976,0.6545387895723638,-2.4373776891116625,1.1202308672651509,-0.18596918723437017,1.1145647059883377,0.03720146272668566,-0.3132555283433624,2.083730051775265,-1.1756683871462401,-0.5031505756224213,0.9983338208839648,0.2943014508961861,0.07006420346183262,-0.18985859371984104,0.38588163192216,0.07065231274045865,-0.5441912075219686,0.4197496517272755,0.5004179101138256,-1.5967630161277824,0.25192593873047564,1.0955009975383418,0.20091848274761434,1.5425139017196816,-0.10908412609651201,-0.19395745388637262,-0.2338285008105118,-0.4765675479883031,2.069444957579798,-1.9127315072443358,-0.14565609099060364,0.06383008378172668,3.071859178864436,-1.9021416845320864,1.1096032706936398,0.0,8.497786372457755,8.925238163807105,0.10417674444835723,0.0,0.12339999622951359,-0.04312684048301222,0.026758987517041782,-0.06901092169161982,-1.360247497459478,-6.383883084383536,5.748673872423867,0.40220989084064873,1.7246651158475372,8.95174446619709,0.20036175899079606,0.07807777261360611,-0.21513372311428394,0.02713200280601067,0.009583976269574713,-0.08457352959851216,-0.2839820655477059,0.038725896169197124,-0.14980670537195737,-0.42048144262702014,0.41284828748269886,0.01423554844784761,-0.9697491748137692,0.24477015157699428,0.010000083498950024,-1.1166874532191724,0.23662803484431325,0.009944506805621896,-0.10529755109310057,0.036038685277514415,0.054492688994470184,-0.7984985395081414,-0.04601945271438174,0.02192390397720772,-1.4543768059679818,-0.25119570522650814,0.06610323659928904,0,1,1,0,0,0
2.000000000000001,-0.671687566916293,0.17683825135111475,0.22826968370517475,0.052393008898580055,-0.1003171634429229,0.2504520035893386,-1.0750539754724302,0.47535988639302096,-2.1413816947443363,0.3250215855570204,0.35275004414682587,-1.587597412350562,0.7565571507191391,0.6595984312337161,-2.2735497275089966,1.0636085358901177,-0.3174577729408381,1.4168817821863562,-0.20202851465316893,-0.3430628587425812,2.0515863097561553,-0.731926749075682,-0.7969988929875453,1.4784625603238208,-1.1072583072513067,0.4567735981586964,-2.0633259670065547,0.5172141951279877,0.3296791537043391,-2.0756846462192446,0.6680284732451517,0.6591833603860007,-2.420027040433431,1.0848952417385702,-0.2693329232797086,1.304276714818016,-0.10863942041464394,-0.33997873704120163,2.0759668787019354,-0.9455190724035919,-0.7106344149933967,1.257315249722204,0.3272483431428608,0.0027274215997374895,-0.18146073059328804,-0.036364649094217605,0.20418111301207575,-0.8326887778277892,0.7208316261796756,0.412505693350157,-1.7346734667073165,-4.066150418366504,0.5170753587997744,4.208483869379001,1.8512956843131214,0.009897210704311205,0.9555621653984281,-0.4729631449834528,-1.0694138426487771,2.5072842957137413,-2.2630857760187064,-0.3857798336622124,0.1435547913902537,5.128150179319686,-2.7877434893869397,4.913920249643526,0.0,4.275006801689795,12.55371877210077,0.0,10.529132151422317,0.16882090113503156,0.0007351151595279326,-0.028209648653745468,-0.14890600623416703,-1.297070053190741,-2.57677959792737,3.421038154711367,6.382935943079319,-4.450670230710397,10.10480112430967,-0.00688893091610823,0.12845801086834038,-0.15181183343871468,3.5388634005889643,3.6231107187486926,9.458530080004202,-0.19994885399459128,-0.1831746624854867,-0.24999271174103135,-0.4582062567596231,0.40885645214962596,0.01117553960943793,-0.9697891378438046,0.2798771164640694,0.010000088772599267,-1.1173146068736044,0.23544025734257346,0.009994121270592215,-0.13814341359352653,0.03515547292191519,0.02335460762684629,-0.8053269627662576,-0.05079826792294854,0.009827317625525526,-1.3363299079407172,-0.31549168513596104,0.10126521390737414,0,1,1,0,1,0
2.0500000000000007,-0.6488441278886554,0.18281049936638316,0.23052858944074375,0.06581787059451859,-0.08593347519970908,0.2651263177633471,-0.9837114867651312,0.4927003441966365,-2.245193306968215,-0.12569214495804762,0.2792446405541435,-1.3437623733985158,0.8489176685127335,0.6585588165499967,-2.1688359685100886,1.0496048334683616,-0.38724668115444266,1.5791806817225145,-0.33974732653981443,-0.3701287654942086,2.017323085676443,-0.4585094589573209,-0.930861927518363,1.9911529686666216,-1.0296344738859535,0.48093746887928446,-2.179235606657024,0.2313115380945907,0.2974444743859226,-1.7679971385554862,0.7818093964313316,0.6603326690276042,-2.3328819040055113,1.0613977456201054,-0.34517688871179397,1.4791623334233956,-0.24249261858034796,-0.36013287651528664,2.0728661215255193,-0.6450757353249903,-0.8548026290555545,1.5706306948448008,0.4568687805527527,0.11944496030536822,0.04517811471138,0.25589983829094504,0.21692744311031698,-0.34544680947421685,1.0228022759678088,0.2954188995056255,-1.466167807420363,-6.292862981826017,-0.4632979312441072,6.284082870608333,1.4783874698822448,-0.03818522514025415,2.0747595289330305,-0.27261198724205227,-0.9348950525457809,2.222864001011707,-2.1879308631107173,-0.18359009133778867,-0.38804768935812134,5.3800379922841275,-1.77912793107362,6.283270580747493,0.0,1.8176340169481249,8.61499308599282,0.0,12.121298810136967,0.13547538504804713,-0.004783634272189025,-0.032738484159256065,-0.08384584681944558,-1.149539325097471,-0.4078670893182893,1.6071872336015187,3.535995881946819,-4.648998337607665,6.602094416613376,-0.11629616665888412,0.0926923433081523,-0.09289231693469911,4.803743957676501,6.4788172567977,9.314686001728104,0.038051107154680096,-0.2230962098502885,-0.2476366862318154,-0.48946408327234586,0.4079308637408807,0.017000823442973323,-0.9519210325444316,0.3740106308043039,0.015318925690423892,-1.1316687689553635,0.23502574715456154,0.009999448583203615,-0.1621897793467668,0.049162427976196965,0.016560180901352348,-0.8053425111736465,-0.05112176279032301,0.009981538178193137,-1.1491958895427739,-0.3466891543701625,0.11189484705315021,0,1,1,0,1,0
2.1000000000000005,-0.6213815482340749,0.196065733192676,0.2287683066378602,0.060807753070255224,-0.060540587564489746,0.29269644342007534,-0.8698986194522863,0.49357857017904583,-2.30505572655724,-0.5474682397572367,0.1474271546050358,-1.2180448348353328,0.9144618846005939,0.6402911581127614,-2.0783126108225116,1.0728041331631977,-0.42578444476277894,1.6904378048487572,-0.42236323313696267,-0.37936072041125984,1.9867097987087847,-0.2909589098902578,-0.9003123747306948,2.3618784040289476,-0.928322181612605,0.4885527944506564,-2.2602288175125502,-0.08169359353223184,0.21503735778970146,-1.4599383099557708,0.8666171737114025,0.6495271064052075,-2.1951614770931367,1.0671953507515821,-0.4025262130720448,1.6140210335530931,-0.35685369130475364,-0.3731485656348363,2.0333342809634587,-0.38231469198405216,-0.8912837927033145,1.8847763261799757,0.5492515930916109,0.2651046765258569,-0.03520565605767079,0.5493272072575742,0.5248986187890671,-0.07009318222970937,1.3592170727461126,0.09211644626748561,-0.9958425345057983,-6.266667786544956,-1.5064100355460752,5.376391152145637,1.0175802076132017,-0.11830480043091056,2.5990825344606874,0.12346921047546297,-0.9854039879143798,1.6975175189775895,-1.4820828767045948,-0.20137051762597097,-1.0361619065299403,3.9201592414020556,-0.19968968439530205,6.28275207283635,0.0,0.054673413072353905,6.240719385965691,3.3480804478464874,7.8053377327430224,0.19375095015862742,-0.013217693890785604,-0.01361697330747938,-0.08243262164805928,-0.16312191840842966,0.1668291687230443,-0.10206770068857943,2.061841998282701,-3.2434169351608046,5.168357608330132,-1.4850983954016588,-0.9035615658198439,3.0930460903677366,0.029781052514447424,4.8807502384046995,6.3452992375854755,0.3011203374093013,-0.17555686712136992,-0.18315605246854422,-0.5143710354116345,0.41475809340304054,0.012488943156781398,-0.8818024434172479,0.4693572331779424,0.028837734702728636,-1.1581409195665744,0.234665944303907,0.010000020599039542,-0.17293945603481725,0.08208146007675801,0.009174606849174795,-0.8024186662657562,-0.055524835291794666,0.009998097483945133,-0.9717347050209452,-0.2980142385837649,0.08871792520197287,0,0,1,1,1,0
2.1500000000000004,-0.5931914611589959,0.20876834179407366,0.22812857006306184,0.043927936541864325,-0.04963707898100871,0.3132483494650538,-0.7332917615794545,0.4770129402639714,-2.368961060055803,-0.7565205535781954,-0.0012287794618601237,-1.2347416976510355,0.9585053068494788,0.6154544333509071,-2.0123359779232444,1.1079437293069931,-0.4349021312935853,1.7521959616361051,-0.47515083810152264,-0.33734261667217386,1.963542507300354,-0.2711955768763832,-0.7731541991065153,2.4614050168898274,-0.8065791892013185,0.48288973804210716,-2.329092544253473,-0.3934603523349134,0.13597725711169278,-1.2980626836946692,0.9249744344774837,0.6306610688726206,-2.0773896009491026,1.0921189602158488,-0.4351926240409705,1.7022716627428747,-0.4335433112674487,-0.35388204073775714,1.9878605996899312,-0.2930628653144567,-0.8359508495225203,2.196917343520389,0.5638017415015795,0.25405217202795316,-0.012794731495967548,0.43347973170635545,0.3164872467322643,0.22678128580922413,1.6371522701233625,-0.21395661146113318,-0.8858602191964946,-6.243491345926272,-1.9822697401559206,1.5525232764360266,0.665686014443766,-0.16584446012822002,1.445734701925729,0.354531736569768,-0.07041158554058714,1.1136808008870738,-0.9273167449473673,0.25335167408553627,-0.5410295760804329,0.4900201894045134,1.523806010447079,5.877622739537501,3.3159846922814995,0.13161152834866946,6.8096888223710215,4.569190076448444,5.557426995297554,0.19523932162554358,0.7017145135819874,1.3338440261791082,3.17657129805275,-0.12524854946351044,0.2806100743550667,-0.12464747394741274,3.624315909201974,-1.4950540398762284,5.810755974451903,-1.7571370203160892,-0.6998123060168647,4.378116742787516,-1.9868444151903735,0.6652394434796827,5.362636605145522,0.35131253044127064,-0.06928589749214717,-0.16731136160667298,-0.5305516485667356,0.41549808035748714,0.009926970272519294,-0.7643997721302239,0.5127852760382289,0.03090637797353247,-1.1739506402002167,0.2337258802752819,0.010000082018771997,-0.16919168460128126,0.11393095180303942,0.009911453892238686,-0.7886622081957996,-0.05880520499754451,0.009999875525861231,-0.8893594337992522,-0.1898883595551713,0.05134138123744196,1,0,1,1,1,0
2.2,-0.5631022958087459,0.21430404192588134,0.23202574492572708,0.037928363494714866,-0.04874811307624486,0.3130842698863785,-0.6365676853466952,0.5314186856087872,-2.3335679241269953,-0.7075891319533466,-0.055887838190379485,-1.386468977454846,0.9681399470133298,0.5797386903833581,-1.9339188077683682,1.1161502912515608,-0.4205103467057889,1.797167990593868,-0.5511291884151082,-0.3027825912642481,1.9761358594708687,-0.33205127468456513,-0.679930618470513,2.4101284974173627,-0.6978535132165331,0.5091229754920314,-2.334684400528104,-0.6056017405782167,0.04042089423130908,-1.3186264725988048,0.9542184892027336,0.611114056479955,-1.9890763523274684,1.10706371917221,-0.44329984629632735,1.7633672428002394,-0.5083649555287705,-0.3294940555467461,1.9802101153817384,-0.3168384788137814,-0.7076711216848646,2.3365687835646662,0.6017833070049994,0.11071400263615361,0.07794349725330496,0.0006775619508230857,0.061998781491799416,0.09656368426624291,1.3902864111254343,0.4489123732855224,0.024560445920587336,-2.2270596791690007,-0.7636461143837443,-1.5150080163317865,0.3246356985675418,-0.4631115081067299,1.225775182688102,0.2012185143132507,0.5105754561508353,0.7477590729232976,-0.9542674608083741,0.3243575918510974,-0.09032666221627533,-0.32124255257821516,1.6861641007889718,1.6345875420091902,0.25743141234080497,5.410270889069714,8.014108849952786,5.598092823974158,5.072636538928575,0.13647403354268706,0.13320583195571517,-0.33809714398798013,0.27783092800525355,-1.9014986169517727,2.8703717804182967,4.429493007179476,0.07171920987551814,-1.7878600715580557,8.016857047393069,-1.2487097521071733,0.25260674832686075,5.656394097047412,-0.5374433869807752,-1.8940201064379756,4.891271666330139,0.05527639497341891,0.27094254646297417,-0.19170141346215208,-0.521542520407749,0.4288342019546019,0.015773463523177354,-0.6593412089874061,0.4848828995918006,0.008903304074189485,-1.1731726380786727,0.2340215565245061,0.010000088613665694,-0.1601970484340093,0.13122273093525852,0.009990572241041716,-0.7719417451527869,-0.05039925771985352,0.01000006644165818,-0.8638989657727638,-0.11043507885734431,0.027096944476754797,1,1,1,1,1,0
2.25,-0.5390828912630888,0.21506838449778473,0.24533261527440775,0.07482422178897634,-0.057132957873510755,0.3057135736171535,-0.670041406644415,0.6787691994407354,-1.9944291949874626,-0.6132524341264145,0.004021867807379188,-1.532041603076899,0.9744572302124043,0.5356383334393041,-1.8307917393803854,1.1026501635585078,-0.40639653513823526,1.852991105773781,-0.516266794760565,-0.34390521807923125,1.7894456844654723,-0.42774099108397684,-0.6405062531833134,2.3445894801329548,-0.6785426220101758,0.5155530551095688,-2.2113945805280593,-0.6173254763198617,0.016543868800318055,-1.448438747744836,0.9687127199314218,0.5661866735397876,-1.8890722745071016,1.102763635452511,-0.42736984732915156,1.8204176837927266,-0.5156959443828159,-0.3394241336227592,1.9093109412081606,-0.3864060129636487,-0.6612312863607678,2.344869538137169,0.48038809091314194,0.015286851438067739,0.2661374069736133,-0.21327928360390896,-0.3925326337489795,-0.6384733109706275,0.20736163947028055,0.4374638260618201,4.451136557921469,0.09955899418841714,-0.3506222475039252,-1.8569118673195033,0.17711510419343465,-0.5131697675244715,1.2949860015140675,0.00014222083777328093,0.4269157106517359,0.7271444264085036,-0.012671174723195119,-0.0966873650680385,-1.8837209497723546,-0.9184209879726858,0.4604553489531138,-0.0036533783565418643,0.17442151315321497,2.604201170290617,4.790777253557911,4.383819682505129,7.086925424902705,0.0,-0.044191699268359565,-0.3456772394631276,-0.13691533641221326,-0.6598636464018737,1.9845084006971558,1.8681141772329943,-1.981822041927168,0.39657812673183634,4.563218686208294,-1.9047759055423235,-0.7448871081770685,4.102240220593919,-1.9857862855254325,4.182888616774646,5.626666668283244,0.029493687775030707,0.11222576250283474,-0.13433530211549657,-0.48233024515809664,0.4788729764829151,0.03588204156429312,-0.6360683596698592,0.4569107372599107,0.009882322978591844,-1.173170570948766,0.24912836020286264,0.010000089321787026,-0.16028748409941443,0.139283644479618,0.009999067509057156,-0.754457929939013,-0.05441521288194379,0.01000008694108592,-0.8525969062221586,-0.08359129000763381,0.016668506929087973,0,1,1,1,1,0
2.3,-0.5155115557033926,0.2159890101074199,0.25421094193538224,0.09608684738712554,-0.06268195273374748,0.300255861485088,-0.8507296682023894,0.7383754115253574,-1.4397875746269646,-0.5290571950425896,0.011551215398514558,-1.6423163353562604,1.0039462578133693,0.48521626973571463,-1.686945682353732,1.0378071345142574,-0.41318433254639736,1.9394406798083166,-0.28080165701795523,-0.35758175128454583,1.3565915120312924,-0.5464341653422925,-0.6225493747698819,2.279580022879464,-0.7730850233610437,0.5613759872784694,-1.9121337082624104,-0.5658605102293105,0.012813717012050634,-1.5718210829143073,0.9926980209838466,0.5196300240166344,-1.7804130561285554,1.0624681279659527,-0.4265455565996644,1.8930645018676433,-0.41534425093417765,-0.3452609887441029,1.7250806987256815,-0.4878821577188918,-0.637068472730394,2.303632510969376,0.4714267111939252,0.018412512192703123,0.17756653321948979,-0.15000106411647657,-0.23654975288276095,-0.37706208047767886,-1.7944016999621637,1.9445384988615815,6.284488371979032,0.8250808865292452,-0.02989172041138209,-1.5677852811607165,0.2989870219715169,-0.7649396263104051,2.0799429462213985,-0.4692424707808878,-0.18775537350197977,1.0391485621648728,3.0034307119801813,0.3151532299528231,-5.735212795080258,-1.301205791323775,0.22425536458847087,-0.532126855765203,0.2691805970475241,0.0,10.146574769950428,4.324602555686343,3.009477731308988,3.332763983671262,-0.2076408113387121,-0.21536133334917612,-0.3614349487951291,0.022453465280496472,-0.03590523979590341,-0.1082681988860688,-1.4982417492324567,-3.172764810745894,9.733470325979535,1.19247686637434,-2.411384337173308,3.6380286953954424,-0.6648683855553057,1.859619474828459,2.5299234665293926,-1.3285006428957142,0.573894178810449,3.222755479039327,-0.38133607820811727,0.5879020067043339,0.08457721931063023,-0.6310017045748588,0.4352647412637856,0.012650738154069694,-1.1738293061811,0.2608034620059681,0.01000008939782094,-0.16554709819201996,0.14160167936354967,0.009999979681514365,-0.7190760968824322,-0.09402212691434106,0.010679448194482433,-0.8511883048736821,-0.08136969063032773,0.009879514999664621,0,1,1,1,1,1
2.3499999999999996,-0.4865455919645892,0.21981811073670388,0.2588018648438865,0.11239175550713917,-0.055580461145836736,0.2986309154335583,-1.0839091085027504,0.6288791960003763,-0.8709293467572308,-0.42858705304826833,0.040841637620127304,-1.7882265068837533,1.043562991298417,0.4247835543532262,-1.50578011615641,0.9502256882824216,-0.45051147562578847,2.058249816998408,0.11701560509462779,-0.25255372369180223,0.8652167701106368,-0.6791772446484391,-0.640297580251333,2.203088953449204,-0.9461629939640573,0.6066460529490726,-1.5979338918138493,-0.482491102658892,0.030192779969014465,-1.7081152889056497,1.025168311755079,0.4604679386935304,-1.6216226435462637,0.9973780448862029,-0.4465823150588283,1.9943144611333645,-0.16959818779402988,-0.2900281947642503,1.4109181285961911,-0.6079736012490228,-0.6411837492340988,2.264505735043355,0.5793192747760678,0.07658201258567976,0.09181845817008538,-0.0682231747706581,0.03561399798767386,-0.33985730287300864,-3.0085104347810274,0.49513761705109494,6.284252592618777,1.1951656815334972,0.23520146737852002,-1.7802831507520673,0.4623976796439505,-0.7528318436760406,2.5754810063333022,-1.0211436454823226,-0.0822502694841189,1.416481856957073,6.270014963050827,0.9051245727451722,-6.281711276506432,-1.6997159446474295,-0.033892969595161616,-1.0197010826998776,0.1965526262245063,0.0,4.69962946283172,4.480348444724439,0.16858718846875964,10.088659733297733,-0.31371083009080475,0.06843105702786165,-0.23271590165551817,-0.016597501680171267,-0.0364122154071883,-0.11625214992635113,1.0317618208958022,-1.6343076632690117,4.5023188336423505,2.2989872963577582,-2.007392810545093,3.548336663761204,-0.3321791931970653,-0.08160828588311227,-0.13730836385840436,1.0019738514648897,5.00263259048978,8.934552852444957,-0.22894751328967378,0.657043515553022,0.18585230279836232,-0.6290556768478035,0.4172724924341199,0.020273281274842708,-1.1858647636534594,0.27186007703958687,0.01108560308699063,-0.17726305053405228,0.13752511704947007,0.010000077625286291,-0.6299369244650294,-0.1555915638796618,0.015409533642226914,-0.8507857804848902,-0.08115887494080501,0.009987142828564693,0,0,1,1,0,1
2.3999999999999995,-0.45328189644635314,0.22850358012887903,0.25687367968280417,0.11837786986804262,-0.04736136084037115,0.29769410448826045,-1.26466755041288,0.3925073313761148,-0.5629897738405361,-0.3374481849970896,0.09420375145519932,-1.944030122148371,1.0772605298565845,0.36014118418937124,-1.3148654394246484,0.8668212224682325,-0.5141976034407771,2.187321825838609,0.5308880359931695,-0.11822103053466612,0.526358383195646,-0.8025662956843677,-0.6747582024427884,2.1283284720907023,-1.1394449442176116,0.5799244865179962,-1.2837446651366626,-0.3919239521647693,0.07289048980199185,-1.8573981434877633,1.060004600708777,0.39449161349438455,-1.4290191667257663,0.9146528534096514,-0.4915454694111335,2.116039650024848,0.1417437072033215,-0.19121470688784625,1.0967830477521736,-0.7294187965703602,-0.6652582411676918,2.2181980867266113,0.6652739103647209,0.1737093878435031,-0.03856370322164682,-0.03054383045003644,0.11328023676218142,-0.1605241701143488,-2.820607945706695,-1.5139193287239758,6.283150416344496,1.210600277284456,0.4560737096406048,-1.9251797766285226,0.45644184844780783,-0.7633702945638727,2.537188518634591,-1.0998693697814834,-0.5127685971081601,1.5832700381232088,6.23999164128825,1.6249103663096387,-6.278360029288036,-1.6455153032365941,-0.20151364296023397,-1.0751931877940422,0.06428069207724457,0.0,0.0,1.1979575321957399,0.07614503273390205,11.283354313423342,-0.1303470147599591,0.22008538162518493,-0.06645573521443496,-0.037814723585115256,-0.0007591098284163794,-0.07378944980556926,-0.002493477787996609,-0.010927386615710653,-0.0955161142008382,0.3694391225378956,-0.3221009349349998,1.3092176993438607,-0.1791436866903537,-0.1405031092043679,-0.15627698143521238,2.3441114874441786,5.1330754759876225,10.001205116377982,-0.05453999763064273,0.651606154897935,0.2694824892271845,-0.6201181647602616,0.4009791126129438,0.028191028124284614,-1.2033640692242846,0.27846165001000633,0.011692488236019784,-0.19301969336315702,0.13260846081446848,0.009985890865942372,-0.4794656267385961,-0.1727029770607664,0.02735858650996816,-0.8517086378610309,-0.08066433909375482,0.009998699278696399,0,0,0,1,0,1
2.4499999999999993,-0.41490936934756945,0.23738621018585152,0.24628273856387853,0.102586361808307,-0.04181909645731708,0.2852970822526062,-1.340825881981024,0.1518434782965314,-0.5982910542357618,-0.26135931401746143,0.15406658010677873,-2.0839777477859314,1.1198417308584987,0.31842722244620797,-1.171375766624936,0.7990367744133889,-0.5636516337496066,2.2819974136917183,0.8174719080348369,0.0028478551636695933,0.5219086542213169,-0.8739753077479463,-0.6989758895149136,2.0507020933927844,-1.2707436888376864,0.45485078818842123,-0.9695840585665303,-0.308910840208914,0.1267088782743583,-2.0012665328501162,1.0999817424633687,0.34588648900223656,-1.2646893471148573,0.8401509775546192,-0.5395373068398597,2.2250800511510356,0.45518034643720545,-0.0693533067607623,0.7848286973925276,-0.8218235015570797,-0.6892971194827553,2.162897855482381,0.7674505419756739,0.1776526011394497,-0.2118188223785128,-0.22700275781183343,0.18858231637003742,0.2805419077802664,-1.6878518279501256,-3.3828013183833945,6.282461133205199,1.1352094866028133,0.6079974537795677,-1.8375383639929292,0.5367193801469706,-0.47670685230817683,2.0778132078658644,-0.9041221253648426,-0.7139743362298655,1.7261768218574916,6.281102592120838,1.7629855427696295,-5.843420133997605,-1.1612177469046228,-0.4172309957803631,-1.3128282795350148,0.04221281050944775,0.0,0.8140897479799074,0.7815835450358775,0.036115304432038337,11.69977661772187,0.058729816365860166,0.2348721952947066,0.0072736594615911395,-0.046512014145895425,0.004262438676986513,-0.06662634523918207,-0.152352031848568,0.37974384185305554,0.9278801053607338,0.022100016902676052,0.5707211180039438,0.7983077417903639,-0.09075101742959493,-0.061523957989268754,-0.20911597838487186,1.437342005025641,5.129985916985536,10.640581563232297,0.09586148637124055,0.6201966575125795,0.2857338362889363,-0.5978396513581075,0.3834928751630604,0.02908367984967773,-1.2080099575420074,0.2811814349421873,0.009830447350999812,-0.19780356110125313,0.1264977468298985,0.009978122477538494,-0.3194962681510112,-0.13723678785496085,0.04452685079681855,-0.8515609802325074,-0.07990535863731403,0.009999940143080699,0,0,1,1,0,1
2.499999999999999,-0.37355912925236184,0.24653500403894302,0.23266852903877333,0.0654065284647956,-0.044167169868616976,0.2606623526594731,-1.3584629863478177,0.04739116539618071,-0.863207963721027,-0.19920062897164867,0.19540540653025756,-2.1668991453804116,1.1567312803953742,0.28795612670072707,-1.0773332475527844,0.7771009769672556,-0.5713449056774786,2.3402940105469945,0.9062535681658123,0.02254203794531428,0.8276565802319151,-0.9039402379464444,-0.7102962564418721,1.9909088246189397,-1.3295193592517867,0.2783149134832086,-0.7793439165545148,-0.23836258360294732,0.1720604478948339,-2.1081012716508747,1.1384419935976693,0.3349864342181296,-1.1435472111318252,0.7981577309935384,-0.5606393899299509,2.3102499434750325,0.7441083140417738,-0.01095374523594899,0.652820069350514,-0.876265050881804,-0.7046982948696766,2.0749001048380897,0.827004801904152,0.18297587706183005,-0.27228419050210395,-0.4336885774383272,0.145475648980322,0.7395579171103157,-0.7372192122250414,-3.6593003595904627,1.7504217194422451,0.8704657073271279,0.519227674691187,-1.3051540173132112,0.41039173466260204,0.49107874523834594,1.471201056110182,-0.482925301784527,-0.23594125343098252,1.0174838602267182,4.721187032551011,0.6584542248580347,-0.12866820982452362,-0.6853709085752365,-0.305685443210371,-1.8664202881610052,0.1651628591336362,0.0,4.178803725039337,5.061658172621026,0.0958368950787889,7.510333230499241,0.14197021622548062,0.32310719620354983,-0.09375559267063964,-0.028783962053089827,-0.002252656156385672,-0.07757021029522225,-1.4753579810109827,2.9465874725842216,2.8835504428907264,0.4121597932320637,2.8173058805270927,4.424698702273411,0.05837329389361423,-0.18380830774726573,-0.22433575963932845,-0.301313785548528,3.5027567812237166,6.862152975529659,0.1981396803522573,0.5986224696977624,0.21942374415656507,-0.5655839994204332,0.37117082383046435,0.023024841304979223,-1.2000486896255282,0.2846441252350257,0.009981874229907067,-0.19223245532589142,0.12605313192899234,0.00999749878857701,-0.1896413635972278,-0.0550763119951386,0.06815141280062151,-0.8508775368052813,-0.08363537584134237,0.010000073379879628,0,0,1,1,0,1
2.549999999999999,-0.336364981631334,0.2593361502243017,0.21773536703529547,0.01113632517178581,-0.06289120371566156,0.24933255332053755,-1.3715704543619522,0.13681245503759082,-1.0357508654108973,-0.1470964824672496,0.20747451630506464,-2.199271821238977,1.177683213644035,0.22499767791066141,-0.9462504373771337,0.7715283420065877,-0.5423167662402214,2.402194818712037,0.8783678854460629,-0.08596835377384122,1.1493469357558657,-0.9469638793250919,-0.7178128539779686,1.9508258589298793,-1.3576784979147176,0.1831529542415069,-0.8932360432440654,-0.17956722289544175,0.20366028818615536,-2.176276905660118,1.1649172291452197,0.3452994926923824,-1.0170183273138296,0.7790835221882061,-0.5570036588679799,2.377737874005234,0.9036377284569241,-0.06832656869984702,0.8656056152062295,-0.9226699037295143,-0.7153237456741302,1.9949717155447892,0.743882952420557,0.25602292370717317,-0.29866324006955713,-0.11009062400382906,-0.08851163099680712,1.1625021735319623,-0.40831634008730083,-1.4375252039383803,-3.1665009266420125,0.7624117705478313,1.3134582183184347,-1.7433660985971877,0.2854240723702464,0.5544655551755826,1.5719212920152619,-0.22083296030274469,0.3049107548140707,0.7570748436539954,1.8130902999947789,-1.1386775931989956,6.284017462023108,-0.5090578738128022,-0.10884885200528847,-0.9816273345800308,0.09502187563724973,6.395926279777017,3.6976789478191754,7.779490237245834,0.14300906972462712,2.04452126671097,0.0789174291135376,0.04714283885219694,-0.2803346201088735,-2.2076171828956412,-1.1817293836941527,6.102145977092881,-0.6801097147515788,3.240543160301989,2.0562665154092548,-2.4119875909119086,2.9516136216194817,7.010175271436433,0.25153378630642365,-0.14355989311691442,-0.1837839311473357,-0.656011162069238,0.14142958538259903,2.1418503085736154,0.2274261788343202,0.5743093372606403,0.09020179747287876,-0.5330481419700677,0.3640656749332161,0.00830012000599116,-1.1939472318237199,0.2859220228166359,0.009998133567223566,-0.1804572031063613,0.13204402791454628,0.009999811241435739,-0.13481587651188506,0.024882241960362372,0.06249448046427064,-0.8452100796061639,-0.09170285569971187,0.010000087686071529,0,1,1,1,0,1
2.5999999999999988,-0.3123693214315653,0.2778128268420692,0.20779584559820902,-0.017148686409695534,-0.058813862643842016,0.2624164704148807,-1.3943146670634183,0.19456612690468578,-1.0805521363394797,-0.08130968426674297,0.20546316307248758,-2.209670771534126,1.1973215403741033,0.1948990839742104,-0.7942549058103281,0.7352997334732995,-0.5681219758562912,2.4564500082426646,0.8277110486324476,-0.17934657643534252,1.3710788373478997,-0.9963164289861699,-0.7198607984818369,1.904445931523465,-1.3828487295916305,0.1658296477934443,-1.015228539247485,-0.1135690661491538,0.23871191570937086,-2.2454594420418994,1.1847091553971738,0.2815979527250562,-0.874938440030888,0.7495560886472051,-0.5742816263330206,2.4284704855610335,0.9024708603493535,-0.14012850115645192,1.162881286403227,-0.9702229430439482,-0.7185039297370975,1.9361958602513936,0.4799132039953735,0.3695335323553506,-0.19879042874172914,0.3147661604325871,0.25548828685513314,0.5342352122716089,-0.370489235029543,1.0550793039686908,-1.4515327684590524,0.8484596520557582,-0.7389437400130794,-0.6770221715885157,0.2300195838128835,-1.1837520008660476,1.7935087572074253,-0.3240994065968924,-0.06268468163322638,0.6217668795877839,-1.5224344349352823,-0.7536242611528939,4.625722136170868,-0.5794774695261952,-0.030125392725252616,-0.7076640001374896,2.8116562639716625,19.652589866983337,3.1187897066843346,6.289538460711429,0.09168547666901616,0.0,0.5002044601479902,1.4110383879531982,2.613204855745192,-7.8520360982276545,-6.789366056972012,16.92262869897037,1.6325651391345777,2.182872684328087,1.8931885874605001,-2.3045631522008354,-0.23320545320895966,6.062071702575335,0.25778961843656556,0.031034901917866158,-0.13289757254709186,0.06542234469443961,0.03916063680058513,-0.13123694384394818,0.22018042839107588,0.5611483902811063,0.008982579914659686,-0.5234525838558498,0.36249437449740374,0.009817556582432262,-1.1950201641408795,0.28243983751961244,0.009999879400273637,-0.17386266773991946,0.1501156885381846,0.010000059539171139,-0.1474059459854788,0.06694683525278997,0.03349945844499041,-0.8412224587703743,-0.09276965340720841,0.017518240504920908,1,1,1,1,0,0
2.6499999999999986,-0.30012324383388567,0.2900857502601945,0.20871910252819617,-0.001479505214506809,-0.05767684250378526,0.2782590447709476,-1.3717435654665862,0.16964625254154125,-1.0838958760169621,0.013032059314480877,0.20057221014789947,-2.2136815084820327,1.1281359932691506,0.3327537589635176,-0.8619001065743657,0.7062899364611854,-0.6768551201993843,2.2406826986046973,0.7875142085884128,-0.178956024933476,1.5003946081619097,-1.0386897559313362,-0.7134810186839207,1.8333002491647679,-1.3844495130219332,0.1752875237844802,-1.0598915444075943,-0.033056050722104026,0.2155751659149001,-2.2665062985689355,1.1537135420801505,0.30912958794536904,-0.8662354525122063,0.7216668573820851,-0.6144695217970602,2.381307914162441,0.8276917168390328,-0.16934166970658202,1.3795418053533814,-1.014577888115154,-0.7160900692441047,1.8700586006532263,0.244921551953593,0.24545846836250607,0.01846513859974308,0.2865418444185622,-0.0780570965110047,-0.34402147133082367,0.26965633802116695,-0.00018765130396783782,-0.5333604115621501,1.142803556977979,-0.31845305020426584,-0.20206217128144519,-0.5699337945011158,0.5250685097473701,0.09827871003375925,-0.32461771992018024,-1.0183487605560537,-2.4078581709365747,-0.8935502380505477,-1.026580722535267,2.6851462459635766,-0.5186771020985826,-0.005691250351660341,-0.8170347722900612,3.2885477859860646,12.04541063096956,0.011611875769362345,1.0015843521575873,3.289432470463875,0.0,2.039711852101525,2.2322928531007507,1.7396579645149075,-4.921217217064475,-6.213317967269074,9.334151405518435,-0.12801934867861348,-0.12442528637445449,-0.11361769422570864,-0.10171420254262706,0.970680647014119,0.7008839118308664,-0.06721137101530798,-2.7729436494863955,2.1171691274687854,0.022413709551312316,0.02388346263713108,-0.03044607491462,0.22082829891140113,0.5754659763723551,0.009890835157146324,-0.5174746815849796,0.36254526468411197,0.009980490094171544,-1.1878719293769844,0.29642672551376814,0.026633772736919206,-0.14531776890249748,0.15452789444497397,0.010139616102137823,-0.18414374269929934,0.07723531378117342,0.008984483383650516,-0.8495806825728591,-0.09103546124143645,0.017894470879302186,1,1,1,1,1,0
2.6999999999999984,-0.29014977081174465,0.2943721965775492,0.21582240537236677,0.024950234812612656,-0.08258683617183224,0.2920705522138187,-1.3358758671783746,0.12790735789060234,-1.141973380578331,0.1405628848975901,0.20378887581805422,-2.210458554153183,0.9054835895370106,0.5635850675520574,-1.2347781294614886,0.6552935153986431,-0.7805278295898684,1.7066271826150783,0.7162295941412941,-0.1770287504215533,1.594561635683678,-1.0766045343318176,-0.6888159757450035,1.7184063252757311,-1.3571355722669356,0.15342513128487026,-1.1112945719949727,0.0722600706444124,0.20915160495791252,-2.260207915570933,1.039418350699219,0.4668524557852593,-1.0723842526375125,0.6787836479073093,-0.6493848282912792,2.1417375322424936,0.7568986519139118,-0.20379805295093215,1.5161853731579724,-1.055465143484202,-0.7078095638218963,1.774752768031798,0.19946946044282043,0.08572892634709395,0.142066056883412,0.22698722548530814,-0.6237594042334711,-0.3717370558822449,0.47777168572472195,-0.4665065612809398,-0.6800455695299937,1.6804824428980816,-0.11087187465539654,0.6011831646312014,-3.008121458405024,2.152240807696021,-3.6085412022437287,-0.4953935458812319,-0.9276070821072818,-6.283204517239447,-0.9034663504317296,-0.11314847657380783,1.7424534489179162,-0.48050691340032536,-0.4089336441813696,-1.2446830158499775,2.9900156641465876,9.225107850280647,0.08103892524209172,0.22972921317729622,5.464965528501424,5.284388675074581,1.6001752984151754,1.7885124931227743,2.1016331777420763,-3.41741649050333,-6.320262742161065,6.099852571161739,-0.22449856562884202,0.06433151207815421,-0.15634809907882102,0.022346239366556088,0.33824803590374436,-0.2641138172292581,0.8556953393542532,-4.256704899985345,3.638692528884185,-0.587848074600547,0.6447060474244367,5.414545954453532,0.2074802527485085,0.5970990709377189,0.009988358321218901,-0.5121204765738661,0.364222290268346,0.009997984946780145,-1.1452476193863876,0.34379507595242753,0.047109538580232646,-0.05259245480705551,0.10324772026252568,0.024094626384238843,-0.19893619140392796,0.08268650644750195,0.00989103954057318,-0.8610647385605841,-0.09727822839636091,0.009167330450857356,1,1,0,0,1,1
2.7499999999999982,-0.2788895265031055,0.2945834728376499,0.22755343987233193,0.029859815552442937,-0.11758374798992033,0.29999835390132995,-1.3156443435764258,0.12829831399784372,-1.232000215437767,0.28445443684352706,0.22529111188970863,-2.2077012084107346,0.634881812491108,0.7876330005344604,-1.7999584412140046,0.6915180327624219,-0.7342869401222774,1.0669354778332991,0.631123431362242,-0.1784521569055658,1.7094003333845842,-1.0971362841869725,-0.6368647961557674,1.5576985048676684,-1.3300236963673362,0.13953668185627957,-1.1843641866612258,0.20511665686487834,0.22106191467712835,-2.230121981536197,0.8101037336086543,0.6699552457044475,-1.3799579404865039,0.687254367797494,-0.7014482726293275,1.827549562976104,0.6803157736486183,-0.19182613292449913,1.6361505534163503,-1.0858469737172411,-0.690743772737188,1.643933172625622,0.2252048861727829,0.004225525202014024,0.23462068999930308,0.1660658453320886,-0.6826069805493707,0.11125054932232153,0.3507204792491838,-0.2494670572825533,-1.0550021886922138,1.762998189394241,0.09287762708265193,0.49920759128579534,-4.662373472506032,3.2318016869054444,-6.282176974204344,0.10002744656000553,-0.8330768550857479,-6.282849151013759,-1.1050084418174455,0.18789714308091307,1.6276951450174957,-0.3753275541813082,0.3980495938719139,-1.9148942346982145,2.1053598025312943,9.21645630837406,0.07722571090742725,0.16453672899757898,3.4908150142006322,7.3418759639972135,0.5144479880931131,2.1344308114374586,0.703016498995941,-2.7063844230569893,-6.11743977182155,6.6273722847209955,-0.10510451358281706,0.09510461685947777,-0.23824829037090653,-0.03846815536711541,0.026434230390979464,-0.3615362489081039,1.4851064066922866,-2.2326400446465344,2.5361176748903156,-1.8988385967135841,0.16807331202583065,7.296989543759423,0.19285946148821304,0.6057264029700181,0.009998829791226231,-0.5098824787437012,0.36519529161083275,0.009999863442275228,-1.0494189350684453,0.4322048781931759,0.06869335887329865,0.0719656477408126,0.027221992737472236,0.1037759301763766,-0.21500992664348076,0.08471021825132075,0.009988380266722267,-0.8767365272951593,-0.11652920363661912,0.00991067259491857,1,1,0,0,1,1
2.799999999999998,-0.2676293713314842,0.29553022957603586,0.23930280598709602,0.02357560835031898,-0.1495352938066022,0.30453335519369346,-1.3385722501150814,0.15164354414324996,-1.3904418135978562,0.4117164859368554,0.249141639275213,-2.172793505002938,0.4088514400390929,0.9084598345114813,-2.333706027894111,0.7970661405490349,-0.572203278125047,0.5414509684891562,0.5460923296840761,-0.1962922842094737,1.8295918943965732,-1.1198466050054017,-0.5720475652091103,1.3901542329334133,-1.3331176827322493,0.15102476064520542,-1.308810283202391,0.33357017296620495,0.24026924730967605,-2.1979775361141827,0.5314954038488188,0.8241686665479682,-1.6940893950114928,0.7507167261693666,-0.6656035750477877,1.5134099134003978,0.5947316739791684,-0.19508580430155678,1.759515611671937,-1.1085222742906682,-0.6406647078781211,1.487050394505814,0.22520310343242644,0.01893513476771913,0.23498732229528196,0.12879479863082233,-0.5684500911688904,0.3028905356834797,-0.06433048703229632,0.01439542409017002,-1.812512849722702,1.870123586910199,0.24577453772993565,0.5550717329588108,-4.701608129398346,1.9150272329798985,-6.282221233561329,1.0261873274234747,1.5575918259711488,-6.283340015052465,-1.092608216658919,-0.01681116563182058,1.557379962795379,-0.2408268968448102,0.647399574761906,-2.148941441921925,2.25168773323721,11.386572411688276,0.037579439168835466,0.0303095062027795,0.0,6.745578424617345,-1.2511675086401428,1.764646611733155,1.1538522185824862,-1.2578907342821277,-6.035363586239325,9.810237384171671,0.11815146183275135,0.11608050952779536,-0.17032186380594155,-0.16050372668872182,-0.13953558690540238,-0.08837897008545147,-0.040944224226947504,0.018135181724675504,-0.1190682411811228,0.28654403831717035,-0.14977401764748238,6.93804871057076,0.17741827989580594,0.588993497330245,0.009999954156756696,-0.509421762418741,0.3652430900560283,0.010000065144192962,-0.9093769130872404,0.5024424966825194,0.07916191554588067,0.18050944449522227,-0.008246776976617229,0.20250805487323498,-0.23406585812014857,0.08492191840356679,0.015143400120078717,-0.8900539940461787,-0.140392723198195,0.009990488349880394,1,1,0,0,1,1
2.849999999999998,-0.2531716491489263,0.29625041533462554,0.24719126476690767,0.024595240889059542,-0.15659824938354736,0.30506474654709653,-1.3607313951994766,0.23481090407766347,-1.5332566409724617,0.5105946113066809,0.24020334717862768,-2.0967951604793975,0.31495158566960746,0.8535252729090554,-2.6000229538323723,0.8981868942518747,-0.3585446696736221,0.3083959084621015,0.4490627627549437,-0.2288873826267824,1.9450769064102376,-1.157499643925121,-0.4964822296499396,1.228841288445233,-1.3515868500252297,0.20432680264312875,-1.4520375612852332,0.4470296756963335,0.2423417214225724,-2.15846770562513,0.3882251417045504,0.8523560374696139,-2.008325080835968,0.8408148405839657,-0.5353127969449,1.199234345806672,0.5032499479544736,-0.2169172194395793,1.8774413555043825,-1.1362302447939876,-0.5638198898335495,1.325505423658387,0.2891544436511573,0.014403715171793507,0.15776917559623294,0.012677639285414568,-0.14526133426916996,0.03669313363773481,-0.25218907426958986,0.6774383459031307,-1.8055411870680986,1.5169760783164763,0.10780138247198395,0.993503482248253,-1.6333192270306462,0.02670628105489586,-6.283247707430869,1.2823942612160448,3.830215294965445,-6.286635279251945,-1.2062996818962428,-0.2659978396542643,1.505253812804101,-0.3986296046698688,1.2598809694287223,-2.145069427881901,0.0,13.143664424319745,0.17248057252233823,0.0,0.0,6.920608418442394,-0.032366767594834936,-0.08257060957326728,-0.0959164224722863,0.265668514875762,-6.931549370673781,11.398965910597854,0.32699865006938106,0.10253491312822967,-0.1459460562987494,-0.09072465623886493,-0.16524627672065306,0.03677950427375028,-0.022582915996590024,0.0219011748816167,-0.10304924456237283,2.984676578544412,-0.4057664923663076,6.452141003105393,0.1656541724924246,0.5598942679648897,0.015307971089070019,-0.5092637422822947,0.3651101641641662,0.010000086801771595,-0.7807323050648094,0.48843945335688627,0.05767059038420666,0.28346285685857187,0.0008171248656090313,0.25679576238962987,-0.25035035808088,0.08816300802138961,0.02203728466249454,-0.9044747396205064,-0.15608908032006646,0.009999058501312462,1,1,0,0,0,1
2.8999999999999977,-0.23289633618649805,0.2953478465923143,0.25264861422543927,0.028199977169665946,-0.14278374388254547,0.3068914942818055,-1.3780747869377528,0.3103776815362578,-1.641636884971841,0.6115559612884126,0.21706187684579317,-2.004988911964488,0.37536858972376,0.7324785187705694,-2.5732847449208855,0.984120258961841,-0.20066738327882844,0.35966464368785367,0.35747765930041414,-0.27451926333395626,2.057760907118336,-1.1964699086219759,-0.4131425043775494,1.085168703883796,-1.369327377738076,0.27287330233253865,-1.5742385417997145,0.5498492332331477,0.2277004606323778,-2.095607595252886,0.37792717091725897,0.7827060793500991,-2.3200178385194454,0.9308479484397602,-0.336904567448072,0.8850427655498528,0.41109827680535677,-0.25443151848907736,1.9925814441855965,-1.1652645302652944,-0.47082285848882094,1.172906060889538,0.4055062592485653,-0.01805137484622521,0.10914698917063204,0.015768146886011924,0.23495302306265733,-0.17368287357284587,-0.23191915362868212,0.833356305275021,-1.4972207028704925,1.372934526431663,-0.19133482753074063,1.3015485596964151,-0.06736485664225554,-1.6832181238191868,-5.7954756333455455,1.2529576129004727,3.6693874415680585,-6.28362059121351,-1.1916932532077158,-0.4404474394590308,1.4483947799073698,-0.6741337695941951,1.2825454596621566,-1.9499754429891143,0.0,14.30106746096772,0.059832536259260216,0.0,0.0,5.0426192393329705,0.03769529473972254,-0.07624989500052728,-0.0686183719916619,2.7088075364319093,-6.774275887912597,12.53205910585138,0.09986440589854347,0.016599914382617282,-0.23930000036761498,-0.05753228229166006,-0.06430055437960062,-0.029905425242904682,-0.04286239928683157,0.004473116155466479,-0.08691212878397259,2.7871543368935416,-1.0216783853942437,4.321226731817939,0.16010084005552908,0.5389119472100834,0.02671496389004226,-0.5088738040906058,0.36487302182518666,0.010000089127236614,-0.6840482822497979,0.40535660267713475,0.03465381107500072,0.38279883582239704,0.03565751721216864,0.24733817359264998,-0.26178512871552106,0.09143579019994366,0.03165686759763563,-0.9159821050868083,-0.16357251892772381,0.009999978714315204,0,1,0,0,0,1
2.9499999999999975,-0.2048740907080387,0.29350450277786555,0.24927412607744545,0.023922178660371787,-0.11439859053338935,0.3080924568989459,-1.3768222465393118,0.3750790565029143,-1.733088713897898,0.7011235042382984,0.27705087987288984,-1.9444994666076603,0.48419918453389654,0.6902775862668615,-2.489124898297701,1.0568086470524705,-0.1440191567936967,0.4674212509800957,0.28799873570104984,-0.32391457974665994,2.1430621497428595,-1.2189923938329024,-0.31991526882947763,0.9580068422790373,-1.3741561129736852,0.3394223181604859,-1.6768874121868609,0.6439408802695675,0.2593016048582838,-2.0318342188190535,0.4446796567592221,0.6855001213395784,-2.4569183683674503,1.0118370360471625,-0.20789599937725597,0.6225761781396075,0.33192955394811324,-0.2992200572553153,2.0902135410186995,-1.1993437710452488,-0.37645697576363263,1.0352229817921879,0.5604449095691871,-0.03686687628897456,-0.06748976295987641,0.02241516444749281,0.5610821822606126,-0.09898067053100004,-0.06989671310520017,0.7557148011268134,-1.2495071573736005,1.2341963152907838,0.42492011979634214,1.3432131378950471,0.8794386550539164,-1.9355361121250463,-0.7151133259839251,1.114354588984252,1.4338886444245897,-3.4489631906287816,-0.9811079109222139,-0.5498672777635222,1.17423387589269,-0.5125949897616019,1.256778412391312,-1.718628704555126,0.0,11.536622690577914,0.11617030722297345,0.0,0.0,2.4942652082714685,-0.0401644548487599,-0.04837835570503381,-0.026698448619975047,4.9728791199286055,-6.5508180722827465,8.372906784589222,-0.0299891341623284,-0.29201892351629566,-0.117427693965466,0.01676525324234792,0.11394153653252075,-0.15563477865816555,-0.03766272955610449,0.03578217262062714,-0.08408819778293888,1.110229292436447,-1.2302584540563735,2.12436344982232,0.16045483504045166,0.5240211856827673,0.025502805338562466,-0.5113251412490325,0.3644694389712271,0.01000008937693135,-0.6258142330185285,0.34032786489217226,0.03157360840312444,0.46482715688030696,0.07825978688933997,0.2409570094671722,-0.26205949049107524,0.09155558468563928,0.03895815662696383,-0.9206204075209035,-0.16471051039993703,0.010000077521434066,0,1,0,0,0,1
2.9999999999999973,-0.17144269172825258,0.29073993563177913,0.23783021531857843,-0.010912939566102979,-0.09908555773609755,0.30628760119638115,-1.3757072565454025,0.44174191065285445,-1.8170405788315813,0.6236876247615173,0.4063082463449425,-1.7493380587594198,0.5782379183836271,0.6944372876999507,-2.455465606857843,1.0832461434562446,-0.140083446871093,0.5695281547692859,0.2299796787590994,-0.3659472415246655,2.19379174779997,-1.2251805207876152,-0.20344782907854292,0.7674701202301515,-1.3747202186620024,0.4058037486828394,-1.767636435137006,0.638355584387195,0.35191383183256436,-1.955095180185958,0.5302642048837745,0.6717198939798611,-2.4565484295162205,1.0600089694966837,-0.16404227119859807,0.581046832234793,0.2662841356092414,-0.3398278242266414,2.157661488450672,-1.2187249896531884,-0.26844961603123985,0.8672309607266853,0.6686279795957223,-0.055291342921728326,-0.22887821517734053,0.05337343120316747,0.49724877974409726,0.5918808462173624,-0.014353700830492727,0.8033424945961927,-1.0974409061186121,-0.2110867880368113,1.2868149032203713,2.0016103727493872,1.0662824705473481,0.4221920435382141,0.02085788258545224,0.5225187657189657,0.5728919771814517,-0.2554754209867481,-0.8024230053532294,-0.580974572262417,0.8011383541684424,-0.1466793466550862,1.4431764751298473,-2.2180554658385114,0.0,10.22548541397849,0.0,0.0,0.0,3.0148318394575933,-0.060866107268733,-0.031094224876669213,-0.05382895693256563,-0.9189573029234115,-6.05748121608764,8.435234727571448,0.007592261931415259,-0.05072747064308597,-0.11209663339541294,0.09984987246824643,-0.05142899125987246,-0.05861397894143751,-0.017002063455263276,0.04012534756883269,-0.09795473596037829,-1.295722393602371,-1.764160682404644,2.3545666950344,0.17199093109937666,0.5038508874426061,0.016948062275570303,-0.5141364851367383,0.3696993784747368,0.010000089403741884,-0.6003768071397503,0.3170012779703649,0.020246702852905692,0.5121521710096589,0.10966566925184326,0.21871339416390242,-0.2475645476128212,0.08337837232719279,0.04363094351958801,-0.9161304617280231,-0.1753576786086783,0.010000088130767984,0,1,0,0,0,1
3.049999999999997,-0.1387303806722928,0.28102951655680963,0.22212198046808093,-0.05045648197032259,-0.09522037369454736,0.30515058972032383,-1.3521723608268075,0.49986630958394285,-1.9110550858984807,0.35200440939091393,0.4868751545013887,-1.420196416743983,0.6756648373604847,0.7240502265229561,-2.4333113313887482,1.1445622616299291,-0.1218985746885602,0.7527753930789025,0.1496470374211393,-0.39642386835422855,2.2173986296720454,-1.209871428381502,-0.16153545758858326,0.5905237146010869,-1.3577144414157676,0.47356118396171243,-1.860032663852622,0.5817825827640851,0.4416537963262916,-1.803069926606851,0.6232535726161387,0.7070680211232665,-2.4414065172536037,1.1136689013145429,-0.13735008789751968,0.6723814894392144,0.1931999612617504,-0.37673316962123904,2.1965422375774297,-1.2134273749673812,-0.19753859627692225,0.6956320158092355,0.6542462211191957,-0.19420838149939001,-0.31416469700994987,0.07320268234982216,0.30901882211418913,0.686227001013064,0.2645988717183504,1.1626610469347036,-1.134834799094025,-2.0517678064717075,1.0107006340103681,4.8888755731781535,1.0865542409631472,0.719576552625933,0.1802380449301238,0.683506872814382,0.3443604229840747,1.786991087849666,-1.0097775114189145,-0.4410626032282871,0.46358231314284115,0.09159068957132491,0.7999351953922164,-2.3357040229564965,4.725664901833681,12.694179122296912,4.394579350349217,0.0,0.0,0.0,-1.673989532167581,-0.48774797642900625,4.60673807404317,-6.043161807322429,-3.7577980392573678,10.752627795313598,0.9469493238644073,0.7543968082737205,4.432192667332345,-0.06492209513780578,-0.07408760609389374,-0.09353300613338549,-0.005530930453041058,-0.015478389899203257,-0.08407892499464756,-0.15371739004803833,0.06546693181788166,0.06743934181041844,0.1793211077870344,0.48347190429467934,0.009579612829435648,-0.522373594361606,0.38712780028400734,0.010000089406620893,-0.5869616883781055,0.2951673279537501,0.009666183144646782,0.5394114616188354,0.13770015880852982,0.15567222961467062,-0.22811568860114684,0.06365391915492925,0.04276358522111467,-0.9008444824724783,-0.20857923865586017,0.018920508572901604,1,1,1,0,0,1
3.099999999999997,-0.11093468673127216,0.2746108721812895,0.2121643229009893,-0.022330017233008644,-0.08799128849744556,0.3220157311960633,-1.3132769653909708,0.5393088529525057,-2.021115666838323,-0.06774712490948279,0.3982551654419528,-1.032017950630796,0.7729214791647278,0.7655707576172721,-2.3775038840245837,1.1668555101284261,-0.15685169978395505,0.9887448081409227,0.01661454060154918,-0.42390751405973814,2.231375539186023,-1.1345915605630694,-0.2744883245574358,0.586622161791202,-1.3299153911932227,0.5191888806624797,-1.958421490068384,0.38490190208163705,0.4148964701942468,-1.4900299169654347,0.7036913672842069,0.7628047017106689,-2.4041566180936944,1.1491684867743142,-0.1497213999596775,0.861670418322822,0.08857399790435547,-0.4075640345214712,2.219203892055568,-1.1652599809645272,-0.23678630695703146,0.6246091037486247,0.5559138788204127,-0.12837288751040288,-0.19915315134183265,0.25719903085258394,-0.013090334162647849,-0.5545512425332685,0.27571183600288945,0.4439668057299613,-1.3915114412139156,-5.5502215901412475,-0.5029110430867353,6.284531041451837,1.541520646756477,1.1556855946654667,0.5928010226290864,0.402408436552779,-0.15269357274880657,2.824032333484834,-1.6173471102396035,-0.31629215106599756,0.27058478703037425,0.8113998876899754,-0.9832849900419854,-0.8445078863231378,3.200189393343984,0.9373368550608407,13.823197670732606,0.0,0.0,0.0,0.9860659121935382,1.599137163448612,2.8340293329280106,-0.9083227570893044,-0.08329436291371962,0.6793724603927991,7.187020583101798,-0.5149809910235191,12.030444822590555,0.004496663326861492,0.03578996034212141,-0.1119561481020755,-0.021508658032375647,-0.059661150186134645,-0.028232106371370948,-0.04392172424268141,0.06695239255748209,-0.1241023891496077,0.17449827533424372,0.4788149880799055,0.00995494107823633,-0.5158946913428203,0.46998874872372004,0.019510530721083327,-0.5838691705974861,0.28901329000519066,0.00996423649505221,0.537579759884379,0.17602801852425437,0.07525584842537866,-0.21311907443037004,0.0535007007283079,0.03209396495400051,-0.8650958756068291,-0.2530671310688145,0.04550133275289804,1,1,1,0,0,0
3.149999999999997,-0.08738912686271257,0.2702793699364393,0.19897019584550688,0.03819352959070336,-0.0710381238536551,0.34106647347607905,-1.3132769653909708,0.5393088529525057,-2.021115666838323,-0.06774712490948279,0.3982551654419528,-1.032017950630796,0.7729214791647278,0.7655707576172721,-2.3775038840245837,1.1668555101284261,-0.15685169978395505,0.9887448081409227,0.01661454060154918,-0.42390751405973814,2.231375539186023,-1.1345915605630694,-0.2744883245574358,0.586622161791202,-1.3206782203403424,0.5418282804359725,-2.0061919175394194,0.10806859676993907,0.40384490410915563,-1.2096469042557079,0.7487545280895508,0.8022401427287876,-2.3867662513013403,1.1615680789875624,-0.15220309564423204,0.9444709979033339,0.04180769834857081,-0.4199017687894481,2.2308975231350017,-1.143735045003796,-0.26225218246415427,0.5998415506293863,0.47091119737119186,-0.08663004489700366,-0.2638825411096485,0.2323319100877533,-0.06221412735223715,-1.2842612545170833,0.0894907861033206,-0.05630032904334495,-0.43902927149572146,-4.060201523929348,-0.11537198535485471,3.9617950099406953,0.5954797237230532,0.5479646605853964,0.20589237387672538,0.1906730358327256,-0.02804305861470408,0.9856198403113996,-0.5774367618041035,-0.44666766477093395,0.8507942551569366,0.2156861819790942,-0.2591602614843114,-0.2928435069612783,11.221007559482157,0.15103385814221915,7.103398999405421,0.03649746157216385,3.452364093097712,0.0,1.8849970846121704,-3.9000527429631675,10.56767657845648,-0.017968987453696537,0.052730183041967506,-0.3465853615611328,1.2900195252819526,3.191495688688446,6.4412608888315095,0.05512627311718726,0.1969496486883721,-0.11875596500308191,-0.6306624059168444,0.8302446886968541,3.500388857713285,0.12342052670661237,-0.06628315375770254,0.027179137325710413,0.17488806244768523,0.48323718081114675,0.009995241642083038,-0.4539323990908099,0.575591759579844,0.07681290262791078,-0.5822733909532655,0.28198047677505556,0.009996239729863557,0.5384487492790704,0.20609555252605763,0.017304410629210315,-0.1957876545692653,0.05532003062228555,0.008954133074645508,-0.8302729230261711,-0.2777476810008771,0.03981082705118891,1,0,1,0,1,0
3.1999999999999966,-0.07554458601930418,0.2556375742631398,0.19843029478403318,0.11169142981241938,-0.06437867192540928,0.3368842354988958,-1.3132769653909708,0.5393088529525057,-2.021115666838323,-0.06774712490948279,0.3982551654419528,-1.032017950630796,0.7729214791647278,0.7655707576172721,-2.3775038840245837,1.1668555101284261,-0.15685169978395505,0.9887448081409227,0.01661454060154918,-0.42390751405973814,2.231375539186023,-1.1345915605630694,-0.2744883245574358,0.586622161791202,-1.3152973109752044,0.5393097281308611,-2.0159259818489472,-0.00821894978994005,0.40341226039408257,-1.0938910788186638,0.7648321490595504,0.7857932373730427,-2.3807112851374383,1.1679389511070428,-0.1618519661186888,0.973289704012591,0.023745000466204882,-0.49501737437324755,2.29334487601636,-1.137073416979005,-0.27087434497921276,0.5912219842455851,0.2368908168681677,-0.2928359134659897,-0.01079802122947393,-0.2557302731371778,-0.3576495343840488,-1.4154716963607707,0.070573988792152,-0.022041548915717975,-0.11520258812024911,-1.4190096087533157,-0.09635952384090639,1.374920879910154,0.20572845504208156,-0.3557106550725979,0.07128620312918468,0.009597789397384544,-0.03951403618674889,0.34102547066076705,-0.22426724412706878,-0.8077504708008821,0.7715899572165417,0.07933154528627802,-0.08017605583097327,-0.10251540676099995,0.045268548148380605,0.07565475746248301,1.2669071072507125,4.665936728054792,21.41710760676492,0.0,-0.0560637643728466,-0.15307558706497368,0.18325222967231286,0.2258974225770945,0.0991901690540186,-0.12295206443065998,-0.13331032130893755,0.5566401134057601,1.3506282255612696,0.7743485941464895,-1.7852249131253057,4.459898710254827,-4.918800583374202,6.880720639436902,19.893728297769584,0.10125847350697315,0.09045532982518253,-0.018770313203310428,0.179429406698927,0.483832249371541,0.019213015922013566,-0.40199074630706605,0.6080781819756799,0.13635199877947285,-0.5736099497550089,0.2790003308977614,0.009852500393465292,0.5426712272373821,0.2086352615471189,0.009872956497927174,-0.19548546469099565,0.05469101192475502,0.009887780700958075,-0.8203153261096375,-0.28172537461540204,0.011598823255417334,1,0,1,1,1,0
3.2499999999999964,-0.07309851673783713,0.24158526759020077,0.20441588370087327,0.13863795350159225,-0.0714824661436558,0.32420014899374766,-1.3132769653909708,0.5393088529525057,-2.021115666838323,-0.06774712490948279,0.3982551654419528,-1.032017950630796,0.7729214791647278,0.7655707576172721,-2.3775038840245837,1.1668555101284261,-0.15685169978395505,0.9887448081409227,0.01661454060154918,-0.42390751405973814,2.231375539186023,-1.1345915605630694,-0.2744883245574358,0.586622161791202,-1.3141368898653498,0.5400312234972495,-2.0192963102792185,-0.048141351648360815,0.40153474828407015,-1.0535744903928659,0.7701751758262826,0.7723152508803232,-2.3786151810826515,1.1676766633255997,-0.1588755417408476,0.9833598376706929,0.018270905836365755,-0.4707115536777169,2.3063252197343727,-1.1349951579871882,-0.285167281016042,0.5882139152708318,0.04892138562934106,-0.28104613345878104,0.1197117783368018,-0.31020193258712675,-0.3118481451387327,-0.463959720344131,0.03399613447307797,0.026412825607197637,-0.04100877968386815,-0.4371700442949359,0.0011188726421976528,0.47939139609043363,0.045601553429311076,-0.13228656576346332,0.025176367312530427,-0.01719072115506524,0.05381132339090711,0.11969404567141213,-0.03717577662548087,0.8994200905432732,0.16924649367800526,0.06808908817102904,0.029662925758793465,-0.03519849752903628,0.0,0.0,0.0010996791403012074,0.3553055090219615,16.76369541371676,5.386068519794571,-0.026795511854650667,0.010097107353467827,-0.0530751640260161,0.08290193308237807,0.029448818277690914,-0.01013518811188704,-0.027435239965283797,0.10142100969651384,0.17147060200080666,0.4364828274445934,-0.33192623934702536,0.08758950467410101,-2.505556325734827,7.545197124993871,14.985297792600235,0.5325865772971154,-3.4703743366515987,4.3447686945374695,0.18407283794899193,0.47215905471161335,0.03310749583532625,-0.3802824604213759,0.6098906341457754,0.16244817076043558,-0.5683763449005813,0.2760950753189871,0.010467554288385934,0.5420770140540732,0.19362291640721513,0.010348728897134785,-0.1955088345877765,0.05410281300582327,0.009988030351483065,-0.8244607277710402,-0.2832581348170171,0.009823407826438466,0,0,1,1,1,1
0.0,-1.555978151317106,-0.04121175452262704,0.26613372697289356,-0.03981132794899654,0.0188770292210931,0.019032900035123625,-1.2190646002766945,0.29589445236772277,-1.778657159868052,0.5941382427768865,0.32887563773299056,-2.293578291067397,0.43655980122233873,0.7762683042753451,-2.563247583504801,1.1754352579335496,-0.14077114572023694,1.1231268591123253,0.030866822891502305,-0.4457831986272804,2.220725261050193,-1.2182589541550102,-0.39428530073209944,0.7735725165206508,-0.6229046284590596,0.25720125664881116,-1.2573986221905562,0.08310473368338094,0.1901988398080787,-1.3088930198971047,0.5887431350311121,0.39674277614776493,-1.306987626282488,0.5592880443102584,-0.16553293729362037,1.0951741000594413,0.018312132119555177,-0.17786527706562377,1.3084662547826564,-0.8050374109896529,-0.18971975417996406,0.9259307073557294,-0.0216341669165665,0.09636740553229578,-0.11734446534166998,0.3708108663364289,-0.5548913326547156,0.3806075668328627,-3.3849005788055444,1.5552627566353456,-6.284672298382395,3.017350643085779,3.2643626253967426,-6.282287998635825,-3.3839342920987305,5.591127899192782,-6.282131786652058,0.23074388802896056,-0.4645028553021916,0.6211900767885725,0.27269799359077074,-5.951764327890826,6.284182939787281,-3.630086874325646,-2.0663363718796246,-3.3830187928789686,1.5660719447947988,0.09392094269426432,0.19321511093064692,3.0917617168787097,0.067493713505412,0.19638308698578655,-0.7855280727717237,1.4325927320184433,0.6705474071583283,0.22432148985540876,0.058687674139024,-0.18062432462845773,-0.26827224625238516,-0.01320157685478619,-0.28718259648427125,-1.84978247255634,-1.243831100770107,2.4221651879441763,-0.11650402158605684,0.01402516088576147,-0.2403809363932996,0.2891440757080101,0.2701993552496449,-0.022529171179126242,-1.2811338513985064,0.4580340117847682,0.008950091735972627,-1.7873771537502214,0.3148487500330482,0.06161126505869288,-2.1817390523680964,0.3633715076227585,0.07547136672066625,-1.2735049018371156,-0.572287681896848,0.009095181102565984,-1.743982999827357,-0.4078824241006823,0.0669845718104805,-2.26482630695365,-0.4603093357222402,0.06996748120856705,1,0,0,1,0,0
0.05,-1.5603911209257595,-0.03847518264722183,0.24931493824100773,-0.01236612987972017,-0.048931789613031774,0.024779784644761254,-1.1767748956667445,0.38194477935943594,-1.9422361647612532,0.6334239809767016,0.3829277169199062,-2.1116326191329162,0.5510932650846239,0.7008293892070709,-2.4167154623224603,1.0845531236953572,-0.26987409161004666,1.3998470004267005,-0.2273921798996759,-0.39719307195627146,2.2121794468657185,-0.9571858543130245,-0.6405160689860259,1.1291382627797049,-0.8533887292560737,0.34561396256785015,-1.5708643963152438,0.36183127366464407,0.3408304205640387,-1.6230350798596251,0.5362825673919804,0.6382193918352085,-1.6211315539224609,0.6775706355556531,-0.2514606653412972,1.271629077482808,-0.02381736198883644,-0.3957045961554702,1.622622298727092,-0.9050786088801148,-0.4440418005722067,1.02002749581458,-0.088259392173069,0.054731437508104275,-0.3363757746377166,0.09462485200715258,-1.3713289063427891,-0.499523363621998,-6.253328106569842,1.8727269822922528,-6.139403849064035,6.0719561445869505,2.7298321210303467,-6.283885303077192,0.28375382357453116,4.263044523810481,-6.284446787411641,3.266903227579272,-0.9503682184086699,2.849764120483988,-2.3891990009923147,-2.8504925849722853,6.282402429919104,-1.167117990231995,-4.817695780714736,2.426395592587507,1.1780715704136782,0.01702559804744852,0.13731969851059583,3.0953392752035693,0.10689926611299283,0.06479551556486202,-0.5377126927377103,1.1219540900852092,0.5925920460082568,0.054297289962820926,0.20942945752748443,0.017065076334128695,0.28192200683916935,0.17532425964784648,0.05971570180437578,-1.7200014277359514,-1.3445568692374812,2.4684049207275085,0.25673840962029465,-0.1594267784809471,0.053438290293780964,-0.08486497618156374,-0.11790838459778559,-0.22138702247987432,-1.2391909274156645,0.32525046230357213,0.008745508399931816,-1.8557262221269955,0.25671341265056424,0.047623499232042926,-2.121076508599433,0.34476754704579554,0.0811444106775504,-1.2282294500978064,-0.4977900778697892,0.009599811691005114,-1.743186229011304,-0.36936898800490436,0.0686168451180724,-2.3176936666052197,-0.4233500928313329,0.10136823893564764,1,0,0,1,0,0
0.1,-1.5659940261058498,-0.04335941112142313,0.21770078317698746,-0.01155358953191969,-0.11564788028162105,-0.007713113566927301,-1.1818751045093407,0.4409068714628163,-2.089560052680825,0.39760722307915214,0.42483180935983533,-1.817994824875177,0.70814363604487,0.6807772750265623,-2.323951624147827,1.0041366155275815,-0.3704215677197715,1.5891862604021678,-0.37004373379889105,-0.4111701059338385,2.1194312047604154,-0.6372927990173678,-0.8319858567202247,1.6881761946354148,-1.0884199169773574,0.44845150632374414,-1.871543046714918,0.5622805598006824,0.4362171271525505,-1.7676399147853226,0.6350593908762395,0.7826458302498328,-1.93527790696697,0.8877405550856616,-0.32956856394494277,1.4712199478350336,-0.2175834890461764,-0.47001173821767467,1.9171485329872624,-0.8660119555244732,-0.7392117908416272,1.3090137745817074,-0.11205810360180646,-0.09768456948402601,-0.6322831012804053,-0.6295938050228255,-1.3393157017053934,-0.013219167001103108,-3.0672025102555613,1.0152944500393621,-4.842375839784594,1.1220889128271452,4.398108621864706,-2.9113895714715907,1.7419919805284159,1.5505301249389696,-6.2840003753753315,3.346219006362099,-0.9083521581947044,2.621477980041662,-3.390117326806133,-0.10013014911165699,4.4965116879307505,2.4194581468697858,-5.356725958385421,6.283231354724089,3.6618323448538668,14.007138153084565,0.0,0.7233700601480297,0.0,0.1926035990668883,0.07282129060379171,3.2804903715224656,2.0363764489265512,1.5563410257052914,2.6689534171146185,13.867128930308894,0.026044341004523196,0.11939716095098485,-0.004901539496861193,-0.09916980594551092,-0.8204250009557585,0.4119228512394639,-0.006404614514494283,-0.09603861427492533,0.002047901284974848,-0.30925615348568686,-0.20889459222885778,-0.12190679582800332,-1.2300469869406814,0.1642941963178569,0.00986537979708241,-1.8856951940834934,0.21085034705110467,0.009343125527524778,-2.095620191353782,0.27353720788025276,0.02238231326711023,-1.183200149264858,-0.39378645865136797,0.009910547172582704,-1.7935520598003303,-0.301207537747344,0.01995079055714289,-2.297304996418921,-0.38833068713670194,0.09828416406922455,1,1,0,1,0,0
0.15000000000000002,-1.5698701168646008,-0.05655412649274566,0.21023583861490688,0.009121813927613945,-0.1737633940662665,-0.05644782122700505,-1.130050031994215,0.48688851998911026,-2.199525722636103,-0.013944834641347255,0.3591064339672404,-1.4800073872412995,0.8173272466307185,0.6644735939710957,-2.230589036335309,0.9680698726652615,-0.4502469125681466,1.7440694636862109,-0.4856745189264382,-0.4120076505522946,2.0253604163336765,-0.4062024709477558,-0.9322132970411473,2.206289368661277,-1.1265631341757465,0.475004820273073,-2.080078503360693,0.5166980249764179,0.481423284262291,-1.6546635036592452,0.7447798738663263,0.9182373007506983,-2.121833349467413,0.9729564090577184,-0.4063173087475392,1.6445386605905519,-0.27770687743240513,-0.5484767713475812,1.9900624955981836,-0.6356954117063027,-0.9160676260193381,1.6231786753719,-0.077521815175019,-0.2638943074264506,-0.14929889124161155,-1.034399702755708,-1.1150507186239578,-0.4055700646802527,-0.06752465063269794,0.129979885444235,-2.6540534983447546,-3.04835781083171,-0.8088382765105928,3.8830262509282205,1.3834505336705978,2.3467032006484474,-2.415641658949934,-0.05293934551075984,-0.8968809746106259,2.212452455443169,-0.724645370893078,-1.8640902596696811,0.7880933111118676,5.226806451376831,-1.9431318872179995,6.282398300110609,0.2592279937574261,3.916393206030939,13.752496964080182,0.1827022546632019,25.765789404516468,0.1405833399285713,0.3198906235149247,0.26618994002796414,0.19417326042895852,-1.557363189052899,-0.16548326004424518,3.8068265280527016,4.484888946638687,8.901457730431385,9.763298261465135,0.3274277369000974,0.12276347740784299,-0.15550312359407076,13.96910044284569,-6.1866039772832115,20.995532463970797,-0.3097782357257587,-0.08873445325746755,-0.11027535043079817,-1.2824352863039044,0.09155626816865797,0.014500540564707596,-1.8776724681049062,0.24699642137805217,0.009678265059938206,-2.0729191949255754,0.2293579294398762,0.009740185923778896,-1.1976314966176265,-0.34847993008620887,0.023632458550025548,-1.8043003714533241,-0.2849674924473561,0.009588672832866005,-2.1944141220013407,-0.3976797971505591,0.06901804754826832,1,1,1,1,1,0
0.2,-1.5627432657271156,-0.05575401258149898,0.20977570217563565,0.009407601459275657,-0.19821141579312676,-0.05960119105826769,-1.0552009768789383,0.5130443083228428,-2.2572930246091847,-0.4386015110959737,0.2177429719869761,-1.2430791400470227,0.8817700043798606,0.6289633028410628,-2.1302099304641695,0.9576050117959245,-0.5022658909053667,1.8552768456842108,-0.5756281737985588,-0.3791721557722875,1.9475364580448835,-0.34028973974658794,-0.8679896011073746,2.4516123687908733,-1.0834439159139897,0.4992849036540112,-2.1954889045519774,0.26327770862003724,0.3526954999161754,-1.3855755574485205,0.8110236046540089,0.9778784916666917,-2.1285709430391484,0.9624882718107702,-0.46833359344989467,1.7800471605972348,-0.3404895739843763,-0.5933801933061391,1.9750245931730068,-0.4409789900386718,-0.9227251878745725,1.9372816209976251,0.14253702274970248,0.016002278224933608,-0.009202728785424608,-0.0693654191513242,-0.4894659850103349,-0.025614558905350786,0.6175245652432504,0.3048139547242824,-1.373533007657177,-6.20588368200593,-2.8814862503490906,4.1199098483101455,1.4306220122811855,1.0781901022157059,-0.032461094438753,-0.10922103649270257,-0.7540707176379736,1.6717650558357697,-1.6732505469921186,-0.38366574525317365,-0.6009650570210713,2.245902400245135,1.113439134570753,6.279001949897,0.008492477353410688,2.010926279862283,8.365973681269029,0.0,16.952425938255935,0.1374944183029413,0.12346151565894983,-0.15531055583121683,-0.06407026230284867,-0.6984869174209746,0.47387331550790435,2.04346644749234,5.293795282407726,4.110685729759427,5.334219666202694,-0.16890645920746847,0.03580496535805745,-0.05003023811402678,9.392586401569654,5.060178931280693,13.43054821814161,0.2346300452150203,-0.1374183948872118,-0.1999185059334442,-1.3173657793342823,0.08707339117732536,0.02044760848338626,-1.8086132272634885,0.31889476550901996,0.00996553378082873,-2.0785515276419035,0.21864471407124614,0.009972182482957063,-1.22380715637654,-0.33086981990401465,0.03410980686103798,-1.8126669182159116,-0.2846023287855105,0.009955913888697238,-2.053544264439094,-0.38204454150480516,0.021524189140728386,0,1,1,0,1,0
0.25,-1.5477833773451735,-0.042125048979351896,0.2138465691718539,-0.006695437250280095,-0.1937856905833896,-0.01855306883089943,-0.9500329419786184,0.47812579475799055,-2.339198387722044,-0.695497281490891,0.042107113696382384,-1.164677485824941,0.9183346952619699,0.5850648167822362,-2.03247653535258,0.9471639321073124,-0.5113189708617109,1.9365754957129901,-0.7036054919004605,-0.3395798959816677,1.9417026826780064,-0.415193328796884,-0.7684840440909726,2.439648986133973,-1.0018088204842288,0.4906665471067297,-2.285840446952122,-0.049484507140717865,0.22217103620852438,-1.2345281166294568,0.8753077592709931,0.9655660261480385,-2.069924483252206,0.9523685602427874,-0.4963318245227135,1.8804143245950111,-0.5004060529986627,-0.5858620676635539,1.9532814631717004,-0.41845450319850774,-0.9225649430281994,2.189578431100809,0.29919776763884354,0.27257927204294163,0.08141733992436506,0.9045278030606061,0.09545018015403664,0.2593532490162761,1.1869823816376464,-0.27901042822857,-1.187519024677454,-6.283209236118507,-1.8226385412954247,1.60103563035489,0.8318188295754968,-0.665142308871235,0.833285572780083,-0.12578206862107513,-0.29616594140823493,1.2478656639376424,-4.508904947113932,0.5838738919625669,-0.2586630767555128,0.058593999416538874,-0.2803777098103503,5.556444590388835,0.0,3.9495158451096497,6.051329578711175,0.0,7.851366928822499,11.495288099750333,0.019547342949691748,0.0466045049084534,-0.04759170453052526,-1.064783322994256,3.3470570177562893,2.2095084393995283,3.9098550075974408,1.0550216309657352,4.7622562593196145,-0.048130550009179006,0.01860435667690307,-0.043943244183478496,5.217451823058427,-2.4242293382530176,5.632567621622865,1.0190476940100042,-8.187347983190902,8.289067410489222,-1.352912486176081,0.10474242260504016,0.014563447752263824,-1.697286193407048,0.34680639190074253,0.009996379024863278,-2.102222374717779,0.20155407365057704,0.0099970929238182,-1.227675127349297,-0.2902869743868501,0.03901862466400308,-1.826123057778359,-0.2775216637221868,0.009995346096810617,-1.9737860177585622,-0.32623330814352375,0.009733088338329938,0,1,1,0,1,1
0.3,-1.527956183758211,-0.027282186554572724,0.2182842333390955,-0.04406972220013194,-0.1574717079205181,0.03100452315723397,-0.8109635905607911,0.5106685244763224,-2.3807310373866994,-0.6803084799812442,-0.04942547459838455,-1.2990506112459592,0.9282709299485956,0.5426169860311165,-1.928095140155123,0.9565434023014888,-0.49401341409325983,1.9990029749741018,-0.7172838615691522,-0.3962264314489613,1.827124940468693,-0.5139500070084105,-0.716145229820995,2.3605317859674324,-0.8872523411817395,0.5055164299647175,-2.34767888426891,-0.36249572886399706,0.18076750773321504,-1.2467280434549408,0.9080710475490269,0.8861448292458299,-1.98070056000187,0.9555343578685298,-0.49500349751839384,1.95616374180193,-0.6395511952908232,-0.4837281993776757,1.8767061264179994,-0.4766484447709563,-0.8192345055475598,2.3020683187279003,0.39654387173925,0.2968572484955834,0.08875328334483179,1.12331281910746,0.7710118087257789,0.6605597160330345,1.6955233267208007,0.2873632896327004,-0.7400903221036108,-6.216247558339943,-0.8452998570771285,-1.1626260598645421,0.4273878278545705,-1.706364778487477,1.170110884975052,0.10012703556163756,0.08097202000204767,0.9516474882031207,-1.7300644546691053,1.8587405313317762,-1.1019964515650034,-0.8543403092067428,2.3478096900196808,1.2987233317987146,5.234104258121176,3.4931534943179443,5.381861957704329,0.0,8.271385697322325,4.44155415107797,2.994838494645637,0.097127974081225,4.533320817653459,-0.8173436255401281,3.1886929806132303,1.6743862176241406,3.1058362314220496,1.3700611892881058,4.431015296301666,0.03194848180877633,0.05444221806474246,-0.0887953004026533,5.0207257274216435,0.60479787145492,6.796389360350629,0.4399749222436366,-2.423371471796531,3.934173066206996,-1.3792026478846302,0.12167989691841509,0.009718852669893488,-1.5928438734193129,0.3214663366462701,0.009999691007722793,-2.1220105060215246,0.18294840581113772,0.009999767662039138,-1.2269070441614567,-0.24908980533753886,0.03134836342848349,-1.8332037343307621,-0.2711125545259254,0.00999958009791731,-1.9330811226441018,-0.284142048844623,0.00997814793244732,1,1,1,0,1,1
0.35,-1.5051698225383587,-0.0209826496078648,0.22763999720809958,-0.03712703025254677,-0.12464493307919285,0.05154397733162081,-0.8006571056113931,0.688906782011761,-2.0967981426334505,-0.5781477115107156,0.027891220293284773,-1.5428888985151514,0.95120776607822,0.5078369000355367,-1.8182134061208883,0.940440236025704,-0.46487637099592677,2.0585798551927565,-0.44239977014865695,-0.39137449929415485,1.45903978981931,-0.6107637638268077,-0.6955005711841649,2.29281660610785,-0.830112398883874,0.5088410613403975,-2.296360409667328,-0.5391485546443013,0.1528447785628327,-1.3880301839073117,0.9364045786707506,0.7577645009334706,-1.8782134223861529,0.9457273201173588,-0.4767511926894404,2.0213724888861657,-0.5726400967297054,-0.41497253758284414,1.6797590499764765,-0.5589722489675127,-0.7385228873568274,2.2971490152050316,0.4557272243970445,0.12599073893415852,0.1871152773800816,0.36999630212121876,0.6341869200797339,-0.19905222936835973,0.642815676080955,-0.08756272285928811,2.619644515284132,-1.646271083707516,-0.5432355492066012,-3.4375273682491168,0.3286910084409049,-2.5915608548052194,1.3335892305261732,-0.1688503580225702,0.2733732968050566,0.8269083204947376,2.8679452477684917,0.5252085771765193,-4.901449091362847,-1.1708636878575895,0.930027325841277,-0.09937516967426349,0.8646259092565958,5.683565275321056,7.782054547450972,0.0,0.25802595296563435,3.8395472172434344,0.22652914876819694,-0.8137714908257208,0.6479882962971424,-0.2761892245716207,5.133665424977826,2.8610381272505796,1.6768302533605737,0.2513867701112663,7.799887165319156,0.027931656228835654,-0.0028381482541424757,-0.0312773865004909,-0.3437282273315336,0.10659609654603294,0.28333011051906914,1.9665131417185584,-1.817286861987677,3.024605138697341,-1.3654718718244339,0.15173909786081424,0.009969891842263363,-1.5286996655494107,0.26856762164813686,0.010000046629173313,-2.1270042951975494,0.17834119774256907,0.010000054859868364,-1.233448502224135,-0.22357448768133692,0.017341299048314274,-1.8217336764410805,-0.3008689859901262,0.01596808804476265,-1.9189193650295746,-0.2655209095026276,0.009997733459079962,1,1,1,0,1,1
0.39999999999999997,-1.4773411570753667,-0.02320675945684575,0.23500054164337883,0.010284588588243692,-0.08586901356162535,0.0496365162821564,-0.8959179476723025,0.7282017171356575,-1.5516682070223284,-0.5098395479717762,0.04731950664010729,-1.7087944882470005,0.9898314432321476,0.48075184820688466,-1.6895022151228662,0.8919508867404754,-0.4557231793394746,2.1313998175953692,0.03316459241698587,-0.2792394196916008,1.0028279783507403,-0.7210890990758716,-0.6978884207491984,2.201482133202114,-0.8682633217162284,0.5086900045734526,-2.0507757854277244,-0.536785632435656,0.13052832574672338,-1.584689149124459,0.9727038196661942,0.6062392951557971,-1.7647399605286846,0.9109730539108436,-0.5010938090480251,2.091184123857894,-0.3229778268836611,-0.32807218294288343,1.3656023735150626,-0.660637716995345,-0.711254860672991,2.2403846329755193,0.5565733092598402,-0.044482196979619,0.14721088870558507,-0.1750673806156134,0.7217501489724087,-0.9527248697784096,-0.6282082607191366,0.0829744706612754,6.283298073917982,0.5999229398362891,-1.3902598924902458,-2.757909028237246,0.3838814301165867,-2.702042687350052,1.670383587711918,-0.45172682162165384,-0.8073483001813762,0.9055211318759012,6.22771026788913,1.2084766838621022,-6.284556255373489,-1.3434944694368223,0.25609769615330746,-0.866530034742401,0.2191527673946182,5.101083868805018,7.227408484107049,7.201532469891061,0.1376965356712817,1.1582479226069322,-0.16120576916949458,-0.3162062319969261,-0.2229694177400674,0.9665990449360315,3.9902012260670574,3.3534267020357675,-1.2127865837476663,-0.28460352159135816,7.322195458164501,-0.24055429224118577,-2.5787916928679016,6.933588532652593,-0.3238028170667028,-0.005762124668603127,-0.09569474271534525,0.9413280174753954,-0.058909716607542705,0.9773784466986714,-1.2726242698204244,0.21880039559447909,0.020218604072098002,-1.5287226643115557,0.228038295509195,0.010000084813736387,-2.1234588727838184,0.18243850411768614,0.010000085697500523,-1.240742534826046,-0.21273748911759155,0.009473173253572303,-1.764072878614282,-0.3760083236111698,0.03054977121920229,-1.9267754734920888,-0.25509480355790926,0.011946277732987655,1,1,1,1,0,1
0.44999999999999996,-1.4473584824628496,-0.030867121403552987,0.24107627875824467,0.055357765008328896,-0.06296111006417972,0.033947702244884796,-1.0297541540514408,0.5599651200509864,-1.0222130040602315,-0.425278285277943,0.06262176398884403,-1.8530231430940198,1.0227409962432776,0.4367780574143973,-1.5224859122895866,0.8278760356972346,-0.4786455218883881,2.2242095898964216,0.5111969952571539,-0.1583767230758109,0.7178896009227191,-0.8466699217349555,-0.7145305875913922,2.108545784301329,-0.9656929923195529,0.5401261803233148,-1.736655184360849,-0.4693745925648033,0.08975830558153122,-1.7506370342465236,1.0060411616540466,0.4952921465138338,-1.6190321299692947,0.8579648803798213,-0.535142129612254,2.1723042889941553,-0.011250045125840413,-0.228093158965477,1.0514490031342412,-0.7784141141437504,-0.7094874932470397,2.1585297636833607,0.5996534922503427,-0.15320723893414476,0.12151474229731674,-0.41992904338313464,0.4105227053841789,-0.8965683851560722,-1.4295384676118688,0.46401785858175665,6.282395324386536,0.9797833174899531,-0.6148101603105095,-2.277144759471604,0.41992465261962963,-1.3400442878188243,2.145482711948297,-0.6678218409081645,-0.37782741872592585,1.1547258150829975,6.275903375007279,1.5488726195636464,-6.280479204209525,-1.551398884824035,-0.11231323260247533,-1.1123764076204379,0.18616308334566423,3.6936851274772766,2.1863702594712904,5.6579876958173605,0.03585824884926453,0.0,-0.23474937591418063,-0.029135257957621435,-0.3052307228813574,-0.07705390196009876,2.2170298118322975,3.199941465336094,-0.7233995781076714,-0.333810877761813,2.249450235851108,0.09522992674927797,-2.569901892793696,5.263321704666578,-0.16634352478141207,-0.1026882437195115,-0.13196238068229732,-0.00584075241146925,0.009841090123942558,-0.0873719782952553,-1.12284835034858,0.2749680927732592,0.08258701977647874,-1.5403801832608592,0.19330699066791754,0.010000088913772685,-2.1200954375543573,0.19950305718778455,0.011964310879755528,-1.2477554318242283,-0.21130609399770314,0.009943512215803144,-1.6410117269691522,-0.441001109606165,0.04479623912661864,-1.9461334620990816,-0.24755929875864263,0.014931967498223484,0,1,1,1,0,0
0.49999999999999994,-1.4164310611891995,-0.04169326610564223,0.24187863366802628,0.07656374913709331,-0.07474927058438721,0.014619216376610811,-1.1653522075850464,0.3252661500375071,-0.6641763471147448,-0.3432800379859186,0.08681765712270421,-1.9958909368443205,1.0557674192662752,0.38484959488004883,-1.358629544891469,0.7498204696689785,-0.5188494290264439,2.312647799123888,0.8336578201316438,-0.052000168811862646,0.7091349949642209,-0.9415947985726083,-0.7281989844542419,2.0142246369914827,-1.0872856612151238,0.49085806205995863,-1.4225017064624135,-0.3903799724421602,0.0871352325449781,-1.9062414978330846,1.0407825701830757,0.43932753461306095,-1.4543388396883636,0.7894515175667391,-0.5321038994174814,2.2600772743776614,0.3001807033652497,-0.12073807498671292,0.8243377788771964,-0.8828659323303655,-0.7228825098144829,2.068283774645915,0.6185484254730023,-0.21652289404178487,0.016047098195632326,-0.43081156197785364,-0.2471737015702024,-0.41018498111149626,-1.8383186544662062,-1.8963546242404734,6.284390238443463,1.0502957946987042,0.025949808321444806,-1.9923292039546232,0.4514203368811958,-0.2349094785788094,2.1278532342779317,-0.880951388271712,0.29413901297739803,1.3407970034776875,6.275963303813424,1.530029217053177,-2.5616455878362245,-1.329375025178486,-0.2749849680951815,-1.1940881597101236,0.07959866143128125,0.0,3.9342053880521615,5.0874703553604546,0.0879005139943369,3.551078450076356,-0.19798956322302363,0.18631550420867318,-0.06528458639210685,-0.0741966025518169,-0.01880708191873818,-0.10619685478303749,-1.183436871222869,0.9946845543360316,3.834284027011442,0.05243790971786808,-1.0740369436300568,5.1769718627937165,-0.10882047313076815,-0.17138729594158517,-0.20413526245024563,0.3754899512835756,1.5713789505889675,3.3853160899328456,-0.9663164347902966,0.26317110512014624,0.15143987833263312,-1.534127156555323,0.15749691409715946,0.012987183140522742,-2.122438432599936,0.21525321862922747,0.009660171227704718,-1.255568899708698,-0.21019987983982202,0.009994014477323628,-1.4856124001478672,-0.4577010133141601,0.05140345650437886,-1.9613244700988637,-0.24343873273760366,0.009883246230250805,0,1,1,1,0,1
0.5499999999999999,-1.3807087658639507,-0.05376184339626916,0.23866825630163144,0.0655590764859949,-0.08081618685028188,-0.007930836410926014,-1.2540048044697625,0.06603405298323911,-0.6181544329559028,-0.2714548756959868,0.10704926981074439,-2.0889523157684358,1.1014847550513895,0.347648313532171,-1.2536186328094547,0.6873636837410482,-0.5139125296624069,2.4292920151199677,0.8978276023024833,-0.014006174345867537,0.9794818767341229,-0.9732516025367574,-0.7205675580177361,1.9256419203217274,-1.1936357290862594,0.35072085923443547,-1.1083532480459957,-0.3149067984415035,0.10023495204325182,-2.0230510101634382,1.0810852327427778,0.41565839807670807,-1.325385117582835,0.7222198950924493,-0.5197648725085063,2.36540349896568,0.6152745657661269,-0.05303583567460934,0.8367746311847928,-0.9424659291217857,-0.7241048725015975,1.9967851948691415,0.7144459065049746,-0.24137154581253858,-0.06420754732789691,-0.4232901505535716,-0.13681253283107822,0.24227136176958958,-1.443294608597776,-3.6846053925221494,6.283534458419644,1.0001448612308812,0.15089430947993202,-1.46390642882403,0.46619057268698866,-0.08724769821294476,1.5947528258007746,-0.8751233398170193,0.1417363897882752,1.5530208861481911,6.277736999514763,0.8218933553704387,2.622537490042044,-0.7730625440443487,-0.04274582084724471,-1.5809122798793658,0.017247484968679866,0.0,4.661977116914499,1.5726953302230975,0.0998279586647054,10.586268523534299,-0.04407957694295936,0.21179755611864462,0.019881042324689503,-0.02681212884009142,-0.012366035200518082,-0.07683730671739389,-0.6514209649872604,2.0391614224954475,4.365351406792085,-0.3764134808812244,0.08066401188357215,1.7303915575361848,0.009536299129576311,-0.20808219946324585,-0.2156563517786886,-0.5451044391225576,4.53855629062979,9.76974700844502,-0.8274295791909,0.20875138671670757,0.16580104684624986,-1.5136753969587837,0.1243096103181244,0.01373650580216972,-2.1185344565086526,0.21721636463274271,0.009963590970386037,-1.2650344421787398,-0.20431452025013533,0.0099903739516944,-1.3366737514432152,-0.4067162809468569,0.046727064134900465,-1.960765549982641,-0.24384042093880617,0.009987543466398243,0,0,1,1,0,1
0.6,-1.3421265037377668,-0.061639168479314985,0.2288601360039671,0.05940711498700602,-0.07219697563170166,-0.028382180504762846,-1.3168258545270977,0.004841231776287448,-0.9022844862966148,-0.20012870974966543,0.11808848772740295,-2.1331471863394214,1.1497722849929881,0.2794396646631624,-1.1201378783999685,0.6561575681893398,-0.5507373972616941,2.4503625635711845,0.8338958368247683,-0.10663633559285285,1.2733630959507958,-0.9911863290550283,-0.6976461790768302,1.8559233449018033,-1.273635332522875,0.17036513696648065,-0.9148953387554343,-0.24127584536717736,0.11135799531126939,-2.0947586220764647,1.1258724354269316,0.37181665549909954,-1.1938188126444167,0.6791551413924831,-0.5401537553789594,2.429219334178479,0.8586854500312858,-0.08711241663127385,1.091770523214279,-0.9756847448716304,-0.7170261299388576,1.9094078411200808,0.7716452425236797,-0.1575465016609165,-0.19616240595328682,-0.3960024836863675,0.1695965286049087,0.16263965466259211,-0.9497406440506256,-3.634557923489113,1.8267833628935055,0.935735560546316,0.11917994007593226,-0.8530235949557338,0.5310912665680451,-0.4748830301992061,1.6378970760675424,-0.5079367228012811,-0.26450994323019206,1.0746197148481724,3.6973209948007946,-0.38117797776231704,4.040433785965005,-0.3539873537066674,-0.14117064564958068,-1.1885277049938352,0.18245555385502354,0.7366903495980697,3.9373588580379,5.867055301289096,0.13301810429328442,6.78796146726452,0.10852715454484722,0.3501567195563992,-0.10901549958814513,-0.3602047827708822,-0.45284749856916784,0.7365938287406317,0.03823955318453724,2.9625024599873084,2.8878807508839546,-0.6776149324306361,3.954269777149608,4.551235937827036,0.25691699072052393,-0.06046274687316715,-0.20307381393659396,-1.5845135388526042,0.762719517587889,6.763074836984801,-0.736369408054372,0.14865016298467587,0.10241309786380329,-1.4892101407942329,0.10530986590964672,0.009982931151312645,-2.112250398124491,0.21690260710507023,0.009996170417179803,-1.253699930129902,-0.20471416760723296,0.009999046217900726,-1.2518053991904234,-0.3152253948553964,0.022217479732884418,-1.959601386042136,-0.24581474749939763,0.0099987422968561,0,1,1,1,0,1
0.65,-1.3091220023410852,-0.06337525916777219,0.21719717407305408,0.06533728203044042,-0.04713474751784344,-0.034459961857785285,-1.3628507326050883,0.16603657493909404,-1.016341612471174,-0.1083457684771295,0.11981539611485136,-2.159486723492811,1.1851850393784447,0.249145274188455,-0.9329523078221271,0.6336173003148484,-0.6464473509113877,2.1239372336250666,0.7729642988488357,-0.14804214554686507,1.4312902735221633,-1.021673741367101,-0.6732256424062777,1.773375334713185,-1.3324903304139177,0.1312415407021693,-0.9738162861176203,-0.15655680525704466,0.1187938533397872,-2.1370014645268207,1.1642349708382955,0.2931622853930856,-1.0303761234666624,0.6493548235522408,-0.608789097444328,2.465319619251892,0.910151438314179,-0.16843391467432595,1.3079242367498385,-1.0061615688004317,-0.690228866749023,1.8229363009960042,0.6600900279336308,-0.03472181376914407,-0.23325923861826026,-0.14117921618720256,0.5067678537500125,-0.10012127145237129,-0.7049644905627477,-0.22366919889552953,-0.9462742844944435,1.1004784283369424,0.08575564109166156,-0.503453553250849,0.46479333152697827,-0.981433440048236,2.1650504824081485,-0.3593192249524573,-0.917028032126972,-0.0945072462089273,-1.2978354084202084,-1.7448230834294052,2.743426027721879,-0.3674934649333216,0.30070299062535416,-1.1015487118625436,0.20830696493656536,9.73993927403414,0.353982986995006,4.734396875688215,9.099946088259504,1.8676717732267412,0.16428392805060815,-0.2173104078112107,-0.3041406833307532,-3.9320953517206894,-3.073294206900556,8.596271379749151,-0.04937305251324282,0.17125392984324464,0.5245298304945856,-0.3963240173075812,3.4138668041387605,3.5407221359076173,-1.264531833232235,-5.104768123363388,7.670156380020461,-0.24301419926012274,0.6746893652489383,1.9393310499181318,-0.7177184778002502,0.10332894420655774,0.023153756356076236,-1.477264246361338,0.10054775040194901,0.009998247053294886,-2.116473545926556,0.21478301549441958,0.015587512884056881,-1.2339435983376457,-0.2075912141817751,0.009999977395394117,-1.2351728735983534,-0.273440181458513,0.008998325313945444,-1.9587020955577037,-0.247496932154333,0.0119635623775757,0,1,1,1,1,1
0.7000000000000001,-1.2837323427141911,-0.05507168436228234,0.21415639447914234,0.06409621792411806,-0.04348807837516811,-0.008960298168422512,-1.3712349393632177,0.1978965911599863,-1.0027116029378282,0.004209201932407124,0.12689257981557803,-2.1794202867985435,1.1242047817935013,0.3738957467397576,-0.9183604651475887,0.6514411744162077,-0.6822766739245891,1.5030000234641545,0.7157589642826993,-0.13659960054090717,1.5293679312602626,-1.065794510088724,-0.6495261266402125,1.66935952741063,-1.3604048302875504,0.14727781235528592,-0.9926546173018992,-0.05768927937318904,0.12525342915941012,-2.167929491354327,1.1403900134614602,0.3231715329679439,-0.9574202545877117,0.6508036656666706,-0.6568765566476454,2.4024567198700746,0.8003587994086617,-0.2374235015830393,1.449146160831191,-1.0452199493800751,-0.6643854058754143,1.7251584639117963,0.507793192537882,0.166071496109797,-0.06081559187823493,0.506714954694933,0.08801778061455377,-0.0032832308794898597,-0.32706740496543807,0.9969290606402524,-0.22599029546898355,1.4131104530465601,0.17239109403361916,-0.6373618448377756,-0.35984363944921766,1.1276944615648627,0.8679928530162361,0.028821160642221635,-0.6436908733732375,-2.30940475351823,-1.8177332357939666,-0.7316262009733894,1.782971831114287,-0.45306653220137466,0.2932399508868056,-1.2397315300625094,0.248208679038664,11.37273891143302,0.02041464734650253,3.218267714319253,6.955659539798575,0.0,0.3023063945609214,-0.14758065479963145,0.2961786861036301,-5.072723685327167,-5.178235843794339,9.021176967034854,-0.04484624879014911,-0.1633296407759682,-0.1410491374604195,0.39750879679032963,2.6079532817402766,2.173734253190072,4.312983709934473,-3.094901718868311,4.798251589683081,-0.027918433930026847,0.03690977673069662,-0.06928100157656428,-0.6976570133008092,0.1070409825082195,0.016571329093659243,-1.4706285626345084,0.09821788069244869,0.00999989158574791,-2.114683702137538,0.21757723697682546,0.044802862166619994,-1.1876892639186138,-0.22266887578531624,0.010000077379816018,-1.2413140570762882,-0.2744111046483773,0.009892525806521297,-1.9596764330745202,-0.25679098580183296,0.012968596952171223,1,1,0,1,1,0
0.7500000000000001,-1.2673286236499757,-0.04345205040805956,0.22229934130907372,0.03828765832722856,-0.0773442113489421,0.02723728422934519,-1.3386717966680843,0.12737779949417016,-1.0198506124965134,0.12744739362787602,0.15187089067324872,-2.1955273321234645,0.8924239240812009,0.5971863609027986,-1.2223721821140057,0.7690523130055025,-0.5653457372353027,0.8668926028774981,0.6287973350069879,-0.15472142980315468,1.665298086598639,-1.1325623814188372,-0.6235648523649778,1.5440051781308468,-1.3469299960080785,0.13780521990902853,-1.0103417725237822,0.05700175001542523,0.14414547145065396,-2.1860245184944382,1.0388636375225992,0.5037732873566353,-1.10481223459288,0.72118622904245,-0.600986371541923,2.1669697285932985,0.6914250329979039,-0.23519631636769617,1.5805176073949991,-1.101085944225768,-0.6399623524337,1.6103702545320129,0.328074381284309,0.23239267908445563,0.1628589365986277,0.804531228114367,-0.6578483113270921,0.5049424067056765,0.19401123821274108,-0.23598394177432142,-0.20956804636402201,1.597451214427642,0.18890890263468135,-0.2164718687803347,-3.18268941136233,2.1280788773078183,-2.613459555843307,1.1072450463265229,0.8416971437478746,-6.2831214420715815,-1.5233987241324374,0.06281650752574851,1.8821181799471884,-0.6993818009969578,0.3279185052687701,-1.4747602329889793,0.0,10.281747421809444,0.09153422969283503,3.892923277074659,4.50113764243067,2.5568102468569225,0.07027709633661922,0.06311902413527223,-0.05112467878676543,-3.9337580084694266,-3.3263787207786266,9.128405203066016,-0.2609051112172025,0.09725310163476686,-0.08638613456887394,-1.2415740543690064,1.8601798457433136,3.427863147943286,-0.18354221279570299,-3.59029152532118,3.0293256926926126,-0.9812407141947052,-0.14700438977984215,2.5720729203052253,-0.6875732300521876,0.14121908741994463,0.0346031336451388,-1.4632085997815683,0.09623749224826565,0.010000068166075364,-2.078085046270507,0.22999036458632843,0.07962703652531761,-1.094719091983688,-0.2626222215208898,0.01000008811556144,-1.256800103355443,-0.270293762188632,0.009988539853313378,-1.9674221111907078,-0.26869728765681866,0.009778710633164711,0,1,0,1,1,1
0.8000000000000002,-1.257329052655716,-0.029468497615623937,0.23088650439603545,-0.0014344940371272112,-0.11224477530798967,0.06727509418303614,-1.2803877335472709,0.09040286628561287,-1.0400162330966078,0.2392917906731585,0.18492337230123274,-2.202158080432972,0.5839234748968007,0.7943503500102005,-1.7422580779300054,0.9370095829079932,-0.3466676873012136,0.47105200463037766,0.5374191181676055,-0.18679523704733417,1.8061303432291043,-1.1916540089114147,-0.5904376226102517,1.403259832540135,-1.3057135534167705,0.10857900880831366,-1.0296719926516709,0.172632683603474,0.18562273767341755,-2.1966245828442696,0.7984224176442326,0.70233755054245,-1.4020442379036417,0.8478439551581922,-0.4609550717694518,1.8528193127322643,0.5933497571362228,-0.20581377679330745,1.7188910922482108,-1.1594881717558252,-0.6086591507395135,1.4821405181075396,0.19999141988519487,0.27967105584871244,0.1717432617392345,0.9337882229978378,-0.6225267886955546,0.7812493480032457,0.5679850916838922,-0.4033208519899642,-0.23043025427922756,1.4793793139872398,-0.016063316326509473,-0.1263668535191394,-5.396961827844746,2.5065662364642125,-6.283175713559292,2.0719735794306278,2.5399441591783516,-6.281227439340401,-1.3763616205050317,0.20764157253842982,1.9372036059083872,-0.7477149416752951,0.3889027675107728,-1.752791346799219,0.0,13.824814425762375,0.09986392806187855,0.05417205998218283,2.8627024613597105,2.5037451043183987,0.0614963432809673,-0.016561687363906168,-0.07003921550120451,-1.4875282818931348,-2.5790534347687215,13.705150953865779,-0.1648148786541842,0.1824244484531457,-0.1716850364285473,-0.18912514722671175,-0.1494917957876834,-0.08054388713139263,-0.5101343816194248,-1.8498056398377778,2.3870752762183574,0.20017280089201686,0.22994250428864307,2.686502351316712,-0.6963166107669577,0.1903551939016642,0.030322258496582127,-1.463189599440293,0.09638020186892954,0.01000008712624383,-1.973748294216001,0.28139296627935095,0.08947090103062455,-0.9644446268111013,-0.2850521542483025,0.01649620013994124,-1.2744761253957921,-0.25088790726083027,0.009998849283086551,-1.9809537823649168,-0.2851746274736845,0.009976319042129363,0,1,0,0,1,1
0.8500000000000002,-1.2484506127202206,-0.01611929865256157,0.23914082948276372,-0.013442138084307704,-0.13612735434220352,0.10632592990071854,-1.2576032769021823,0.07661829243502917,-1.0956868193400138,0.3407202576228565,0.20278142924573242,-2.171759424936444,0.32999927663602013,0.8856411988032493,-2.2877095585940226,1.0933103852039752,-0.10769468481236891,0.4938680543692153,0.460454436915732,-0.221802989055539,1.91759012993716,-1.2309942043349982,-0.5056011073874254,1.238978369413596,-1.2739370447089078,0.08696213709562413,-1.0715395826568177,0.2766460239394664,0.19951131821020293,-2.194478230234575,0.49775371292365916,0.8213057613285757,-1.716149565706084,0.9956638028989975,-0.2673959817288505,1.5454257638154452,0.5079613339863169,-0.21581495241654114,1.846526000646975,-1.2047479343690985,-0.5507176446370624,1.3289338439045475,0.17756879870990616,0.2669839792612473,0.1650865017345654,0.8293698890528844,-0.42313119715471276,0.29982093753890043,0.36286621593081925,-0.22525114935295174,-0.5367217909347494,1.5003880441324258,0.07408725617759243,0.2740927400023701,-5.198241448676694,1.5135837698170205,-6.279110096559962,2.2360950255077183,3.5467177661969402,-6.041339677435647,-1.0630373021258703,-0.13467619413512724,1.579336254894192,-0.6025048208703782,0.7322944615970209,-2.0012530421822383,0.0,13.766671782281316,0.037951586636943646,4.613491798800047,0.0,5.6132243740018435,-0.07547791479966746,-0.07202213436808082,-0.10549088306148022,2.6319879762579226,-7.257290180443269,11.639256814919436,0.10099464750531681,0.08427840331178708,-0.19828814763755162,-0.39552071795326926,0.45356421276169756,4.775724674192065,-0.04766312826251988,0.03895796791147591,-0.1385763507147009,0.6793526702126635,-0.4870728105931642,5.752809543965881,-0.7138714971404456,0.23276805507462292,0.01971498072892093,-1.4634832473541357,0.09656752798535506,0.010000089162076425,-1.8248646510660302,0.3143564846269344,0.08270232679979213,-0.8406229391952916,-0.25087932179226846,0.00921675847003595,-1.2862878423904076,-0.22835922296409528,0.016525711672015154,-1.9959994124208167,-0.3007807873802504,0.009866345159842325,0,1,0,1,1,1
0.9000000000000002,-1.2352871569725141,-0.006168838763023533,0.24945672493067905,-0.017553546698675204,-0.14945691459436675,0.13326805816355777,-1.2948022763655394,0.14562484556011376,-1.2957892960536326,0.47171506283264886,0.1965003900591216,-2.110068474327531,0.24979628323823366,0.8139616074427524,-2.611816951297845,1.178511252082008,-0.024460269909233646,0.7957357579486608,0.374174271558463,-0.2536202453499079,1.9960045427304605,-1.2754674573213847,-0.38156383457436976,0.9868314110509742,-1.2866528570024687,0.12426888965630088,-1.2081639790092589,0.3934136626155135,0.19788829899488525,-2.171014195555949,0.3331733777622919,0.828424284785943,-2.0302779293163553,1.1101307140149215,-0.11867409313519262,1.2312811498341285,0.422914261570609,-0.2400506830211965,1.9431569655722125,-1.2468544200799663,-0.45481814805013876,1.1226859019808346,0.26326911495412997,0.19900919779076076,0.2063179089583067,0.5642360105587246,-0.25243424030137124,0.060438633258153546,-0.18983550209994565,0.47448319441031733,-1.9466345582457332,1.8606328133305248,-0.05338782365028135,0.4761052769734651,-1.9720673609920465,-0.44243733298979465,-6.282715290448001,1.52644754813029,2.2527189398444536,-6.284146084583924,-1.145524170949213,-0.30246230816435365,1.1745277735235982,-0.6356431078240882,1.6262337890443452,-3.019246899794362,0.0,9.524948382816245,0.1681957780364095,2.0483927725128592,0.0,6.4622415479826225,-0.1269251427974275,-0.003725812216098688,-0.07437957829624034,2.924751146651468,-6.583344418817515,6.532995334593885,0.3138008202430677,0.10258369407548276,-0.16301460636532727,-0.952160158858331,-0.6259184545625409,1.9382691195004322,-0.02132317289393557,0.04440431152158124,-0.07670181915238504,2.3216582382387876,-0.8950445002275151,6.180150549225831,-0.7321967363322642,0.2367871574223295,0.02136710924183289,-1.4636387496142411,0.09670967342534408,0.01000008938067208,-1.7025120841230956,0.2707156888683835,0.054355205503370696,-0.7260357747225646,-0.20460510550528882,0.011343705472401808,-1.2902275410150748,-0.21355615052172033,0.029562616704220213,-2.014483367340355,-0.3125767901730138,0.009985728727781182,0,1,0,1,0,1
0.9500000000000003,-1.2138112958382101,-0.0012386262113465198,0.24741684269700343,0.007758362697776382,-0.14376140282534502,0.14968778124290824,-1.2816923587210685,0.2534312782554911,-1.4660403671212432,0.6524328615239672,0.2199621624596382,-2.0462558756759828,0.3525329712769164,0.6910372342494709,-2.5957956931366657,1.1594812394161993,-0.12593834951713562,1.0952048415518147,0.23411579292540963,-0.2772527984156958,2.052349104710227,-1.243055198013395,-0.38469203125839296,0.8083353434033231,-1.2835188521004033,0.2049956757137806,-1.3720773918688116,0.5440348819430186,0.21518622414797245,-2.1656749953373398,0.34050122570396235,0.7430489932188461,-2.342085669208003,1.1440179175521141,-0.12036856312338906,1.1329087891582885,0.3119182091214906,-0.26460881979385964,2.0138475222487386,-1.244853641251974,-0.4064477823557735,0.9296283582322079,0.42951722268607995,0.09860425103354026,-0.040797644673512545,0.2305277986918029,0.0361239500844454,-0.5230299505385242,0.06084294729262533,1.0746023059260301,-2.0874417916925623,2.4098720948732835,0.24501294655006964,0.10271034984574208,0.22324655874420987,-1.8073049452338925,-5.807726084792567,0.334783928324498,-0.18420794201126695,-0.839098385239917,-1.740050559770517,-0.28066266667453754,0.8549737187481538,0.0013677675243957458,0.39168167233847523,-2.6980455397480028,0.0,11.614857212965372,0.020639630079483634,0.10036030679424313,0.0,0.0,0.022943944661393174,-0.12323039286681592,-0.11528490401188325,3.2167202287153778,-6.664813837281696,9.20998471482508,0.07243476691372044,0.0012213374487739237,-0.20840719574573857,0.14813919958670646,-0.14272278443603365,-0.21886365218136908,-0.008963628889677566,-0.0041495278532280135,-0.029626315292602977,-0.06103910027499084,0.08007654210330492,-0.11323472767615858,-0.7502266515741939,0.238975633378414,0.025287468600841925,-1.4638952882924898,0.09656918801262836,0.010000089404143892,-1.6282194205008218,0.17044643004301244,0.023949569361136628,-0.6595179982305662,-0.17505020246810657,0.030155289362792867,-1.2919744545209733,-0.20360054853519044,0.025543409166073606,-2.0254782088982393,-0.32726710798255965,0.02131619697687695,0,1,0,0,0,1
1.0000000000000002,-1.190782087075385,0.0015739762285400397,0.23736745783301366,0.03493648236226942,-0.14602850177717114,0.16250923551539503,-1.2592356829633418,0.3288859824002166,-1.6516648547417334,0.7126508675013499,0.345081166575533,-1.9451710856190476,0.532080159429466,0.6504039237798435,-2.429904717594958,1.0698736984627655,-0.2813240789614289,1.3469789058910906,0.02550424108974182,-0.3159686238260966,2.098608613641222,-1.0621905454414375,-0.5281680273484457,0.9129824479552515,-1.2674868445243153,0.2852680169093642,-1.5470204701139023,0.6552416536017438,0.3044636541650343,-2.1896895598662485,0.45484593528713024,0.6580481746713501,-2.4911346818316322,1.1061188209506745,-0.22111302020466936,1.258079446661796,0.14667801938295827,-0.2980728677576127,2.0690489385216204,-1.1744525751142092,-0.4772818856511383,0.9169209224444631,0.4605841752565043,0.056252048797731186,-0.20098769727979526,0.15327848594313392,-0.1278411585806501,-0.5431050936060134,0.1868809745265453,0.9701351159608415,-2.3255273087951216,1.3082768388235848,1.7152669856651535,-0.31484999130109675,1.7485686664867683,-0.9999532641954908,-1.31090966300075,-0.8062651344730526,-1.396800836772856,1.97511455139306,-2.6856170364941927,-0.39724376722688276,0.656846579828426,2.4864157456636136,-1.1304710907085151,-0.08959841424020827,0.0,12.910027717695822,2.337722897546217,0.04054804568461354,0.0,0.1094055371437298,-0.03339769612193779,0.009177121618050094,-0.07784494293808637,-0.8533833416958073,-6.793423349360289,11.180069893665031,0.00972494514200081,0.08263243944717721,2.536358572860581,0.17997462027948236,-0.03491126969188988,-0.15573599964826118,0.026297720521010155,0.0015269725490795125,-0.09265389663995022,-0.2775707525335084,0.04026749922417714,-0.13063227878060119,-0.7734199949555205,0.24204855083476995,0.027662557926020365,-1.4635197495513026,0.09620781349601562,0.010000089406664008,-1.5861617263765602,0.10150414079192285,0.008986461362382828,-0.6545724882119162,-0.17517480108083766,0.041149138486280504,-1.2952620442314278,-0.20031196834133488,0.012444429528240807,-1.9955306429026964,-0.36311745579794585,0.04282979804322373,0,1,1,0,0,0
1.0500000000000003,-1.1712487275354166,0.005811924891569092,0.23644801216802522,0.06257799771869986,-0.1510626003004382,0.17717119905873402,-1.2535964985265027,0.39917620565348055,-1.8460146144111154,0.48114178143096387,0.3886185799107617,-1.6577079727757633,0.6906447714585229,0.6723718771523677,-2.295788033797526,0.9721048210277422,-0.39163465604028147,1.574084184726965,-0.1934099798827311,-0.35556794916693346,2.099474769172484,-0.7927793937213773,-0.7233000449011737,1.3195102359814852,-1.2583309814690689,0.3583035331482773,-1.733704004221403,0.6162518531681187,0.35947915410357545,-2.099287493415738,0.5894409542861773,0.6662777706057126,-2.4871889254813047,1.022853117116438,-0.3314631836452937,1.4529291892764957,-0.04150353405807613,-0.33639108059446354,2.090445912533515,-0.9870842344430137,-0.6452536767647119,1.1304246081309455,0.3906671907993653,0.08475897326058106,-0.018388913299768883,0.18769586618872092,-0.1721245659305962,-0.5397449657112486,0.09605986991175973,0.9083744831263831,-2.497453610915072,-2.991578106027807,0.6481043052330082,3.966923047422275,2.2574496388411474,0.2926159936144018,0.6777415619535879,-1.1351753634640622,-1.2986934318616556,2.689226962732787,-3.4104034239829186,-0.5839381566878143,0.20581820830809935,4.376965867315257,-2.3659682118271563,4.201773659790615,0.0,6.132848777356664,15.494417520570611,0.0,10.350892314895452,0.1550779456947876,0.010327943677881337,-0.06475566138926084,-0.1585396023497527,-2.30272741814541,-2.8956459322245443,5.139810765950495,4.533624445615509,-2.2024569399515315,14.86304726910907,-0.04963258910009035,0.013042268105691677,-0.13903661164471254,6.337011481319631,3.438666292448488,7.70319338036646,-0.23050563983921477,-0.12133211191479414,-0.24130067579565667,-0.8067823961745422,0.2369723944609973,0.03592973543948487,-1.4626214008905551,0.12295534345680813,0.010000089406934391,-1.5799779475478661,0.09463843546686831,0.009891251924421945,-0.6863056181591841,-0.19069546954987787,0.04679674740082402,-1.2982718652505112,-0.20076586486913314,0.009930211199531344,-1.8939848682760676,-0.43130765592608644,0.06738560072321806,0,1,1,0,1,0
1.1000000000000003,-1.1475823662829356,0.015374158125686817,0.24674868673411818,0.09406202305154926,-0.1582953012876608,0.21032353567913015,-1.2463280304850142,0.4641896248161638,-2.0130545257261807,0.03823704322159684,0.26807875398884656,-1.2881679737672231,0.8175497770179982,0.6926705322617398,-2.1830782814293794,0.8842181573404622,-0.47494530993671946,1.7643198934369173,-0.3683490378072573,-0.38800462692886234,2.065056238617185,-0.5189305988130605,-0.888617304234091,1.8626934921623703,-1.2504512117972675,0.42636428874206567,-1.9108483232154603,0.36228442032385827,0.30416954950401437,-1.7946038602896663,0.7287263474953724,0.6860604242773028,-2.433320146352492,0.933938447701392,-0.42400253324142934,1.6488534598049756,-0.23669407709967194,-0.3708720159652523,2.0785277246306593,-0.7029610799099624,-0.8045740640810568,1.4404577983215576,0.4733272250496201,0.19124466468235451,0.2060134913218592,0.5470374325096081,-0.25835399546566473,-0.5672643339489494,0.09591776243729182,0.8455477390942725,-2.2711083481256797,-6.266218468022803,-0.892487289667841,6.280250425495161,1.8735618545589334,0.27248018572108823,1.1672249177854452,-1.1861046092151528,-1.0766491736534456,2.5660348923331915,-3.140143357221094,-0.47934969877416456,-0.29881979105237083,5.484217196965863,-1.8727960454088441,6.279250988813473,0.0,3.361024966001599,9.570303184848857,0.0,9.28470858861611,0.16061731807583296,0.02557849715485056,-0.07021160570791832,-0.09532228361489123,-1.5394154941092757,-0.9300667196339027,3.0734467039485844,4.773947167099363,-5.103346255216895,6.828184954215532,-0.1237467061942783,0.04156670421545923,-0.07957123644002667,4.76985253140104,5.1299838060501095,6.394643851640131,-0.04661621298642206,-0.21168188296670257,-0.2882057584551049,-0.8392068480561956,0.2388519104989823,0.05826143988951548,-1.446459102995489,0.211164315908507,0.013687497863337192,-1.5836618292007139,0.09417409454322541,0.00998840307126447,-0.7193610110185792,-0.18293495646496943,0.054496275726517704,-1.3005647260190212,-0.20114260053243077,0.009992586291576165,-1.708126994226869,-0.4893887335497235,0.07769766866223911,0,1,1,0,1,0
1.1500000000000004,-1.118121794320761,0.029887540335285137,0.2550402486131543,0.11277475214173226,-0.1524058143223511,0.2504140013029075,-1.205922621902839,0.5117352063271979,-2.118234348944093,-0.42136546128177954,0.1109202444197467,-1.034888151820034,0.9053386180156177,0.6782330108906907,-2.0673169887274243,0.8398781436225004,-0.5310558376355292,1.9063228931375593,-0.49344198158974656,-0.3937022401514392,2.0196797644793283,-0.35620221190505713,-0.9081583166187557,2.3136214653683114,-1.2209800128286274,0.48188190643914647,-2.044323860332268,0.04941202655987398,0.19409380359569453,-1.4804711253226686,0.8390484771712946,0.6835172372475455,-2.3498705111294456,0.8734359027645348,-0.49420195643247083,1.81230421367081,-0.39915058584461827,-0.3879868304408272,2.044560510013772,-0.4324225186786174,-0.8722726515080355,1.754595034877917,0.5892114392434911,0.2902676441919664,0.16583123758072194,0.7255271645190641,0.03273444231975042,-0.4208492383234425,0.3558599204773709,0.6634979729030385,-1.641654921455353,-6.228067443376695,-1.8515047568577792,6.279051728317419,1.545045116419183,-0.12500593088216402,1.7912204532738505,-0.7196999740241844,-0.8276706659989179,2.0900621440686566,-2.0968790905724712,-0.12565279712876337,-0.5576546072833771,4.260688553419908,-0.7123184761130134,6.283740512361379,0.0,0.03413449615414382,11.031468143233711,0.0,8.274570781895484,0.19097825012465364,-0.0008909031393018934,-0.0631906384521468,-0.05528967315688081,-0.16480043757071497,0.11908523646177498,-0.1160968755940435,6.364593645001099,-5.0752765462736935,7.738177586830732,-0.07200651958693649,0.04813975927918472,-0.0536061898992396,1.0763393826588916,2.61605173510466,7.988499032355828,0.2547923693697345,-0.15652369576459904,-0.251883253206092,-0.8619549940860903,0.2525215397999651,0.0745214129150801,-1.3784671028776503,0.3081471711208624,0.03273754559646337,-1.588689700039135,0.09378791507319782,0.009998834596225643,-0.7381874650910708,-0.153488882392196,0.057897037486940424,-1.297537692989867,-0.20086338583959606,0.00999928376608653,-1.508205745986684,-0.4684447861579402,0.06581157573490343,0,0,1,0,1,0
1.2000000000000004,-1.0826308315619388,0.04588037957023225,0.2569609015870495,0.11962201416890066,-0.12680545372892685,0.28950116197632403,-1.147082495765767,0.5446448916926161,-2.1740203188018508,-0.7198583774562943,-0.04517190593722045,-0.9744292589552002,0.9533534634052733,0.6373724851232511,-1.970858430438936,0.8302696193487883,-0.5601409187701357,1.997428120820673,-0.6102067169628353,-0.36636571255180467,2.0257028122016054,-0.36705528268419385,-0.7986342064531243,2.473399596548861,-1.172893775508643,0.5222768736174287,-2.128576067252468,-0.26234805483319473,0.050066108219292846,-1.1830029360537742,0.9069393454471802,0.656377353947572,-2.245132570089284,0.8459297936346396,-0.5375566122759874,1.9311610187595976,-0.533826553893079,-0.3841574558621087,2.0322802226947716,-0.3288755222076995,-0.8473079481093694,2.068761398708655,0.7098192551764448,0.31985678469894224,0.03841305947790419,0.7445725351354144,0.4626479880543543,-0.3350329716486744,0.5877930899418565,0.47091333661180634,-1.0091259420111418,-6.275998594262411,-2.21474327210053,4.6348020802089085,0.9688453062240534,-0.42816526247993475,2.359765811572896,-0.3481350929723506,-0.5024523600262532,1.472409159673016,-1.6985556304866334,0.40321265378148974,-0.1457064910848607,-0.17836420762410427,1.1632748160729356,6.281934657198501,0.0,0.028544580813073928,13.498288423299082,0.0,5.847137740262748,0.28498881194594644,-0.009048088269253622,-0.05556748607439947,-0.04228860471069319,-0.12249266031744314,0.14816843732392532,-0.12358918952871727,8.551171248506716,-5.204664649523022,9.350510247714137,-0.03748718793609339,0.04635547225107689,-0.030865985922432948,-1.1866802148289097,-0.749366226002584,5.8820162509780864,0.4393933890796184,-0.11210816567261146,-0.17198650102665047,-0.8708053878090395,0.2732983422017989,0.078402396927964,-1.2704872145535966,0.3781311476864514,0.049578063120794824,-1.592070784805429,0.09351344072307821,0.009999954672689718,-0.7398477700047323,-0.11582130104617255,0.052374885018368955,-1.2855627102359783,-0.1901171869506437,0.010000002901936304,-1.388289239055111,-0.37329526082380277,0.036385229292145986,0,0,1,0,1,0
1.2500000000000004,-1.0456506640848178,0.06043650430776182,0.25644697905352937,0.14886123162689816,-0.08557231036228329,0.30990779397045726,-1.0150706840992025,0.522140875055376,-2.276497346943158,-0.753097877985586,-0.08140264824048098,-1.1611115725222596,0.9895225436817272,0.5904345914932542,-1.8798801261641318,0.8604805526784435,-0.5465204398155159,2.0560409254017906,-0.6286794963769508,-0.39619951452404595,1.906482228836132,-0.44390398829042316,-0.7067898279101483,2.4181995781731214,-1.0741397993846797,0.5218540582415729,-2.2185656481460763,-0.560140330148342,-0.03376529033945718,-1.1132655256538413,0.960011287508133,0.6084753115621859,-2.0757817963721585,0.8556157636413544,-0.5458628422538709,2.0113226400029096,-0.6090739733901691,-0.4053851123667488,1.9654462106002764,-0.3980174035500434,-0.7577964094085008,2.294852616683332,0.7396033495424215,0.2911224947505914,-0.01027845067040234,0.30100596444314015,0.6124322956207001,-0.811443822105113,1.3689019775057327,-0.12880874171930423,-1.287281756941404,-4.86419953863715,-0.9387580704059485,-1.060545244646717,0.642966229861426,-0.7304618461853291,4.354048967436782,0.12220375111635723,0.06464178332465087,0.9938700341768013,-0.8559502774243789,-0.6718565133581316,-1.3061973080018936,-1.028370914614158,1.1657555447707153,2.74553414715102,0.0,0.1029948994676333,4.790633036276831,0.0,15.894716321556839,2.4755195359529396,0.009129014613766733,0.06579122428780179,-0.11566675164438045,0.054954253040414104,0.23140118858806016,-0.1877216798779629,1.1226189542339395,-2.805291220105561,3.9719624817929806,0.0005711924737179103,-0.016724764255880136,-0.06248379958330136,-7.6373068201494805,3.8860577573920283,13.623875847661688,0.11587279855702648,-0.7864568787926548,2.554694474809094,-0.8913760761224148,0.2927826909133772,0.0727586650127468,-1.1424949158879811,0.3899182869412122,0.06009688532385821,-1.6135712217811435,0.0999712493060493,0.011707549809229709,-0.7342615386827153,-0.07147803858293056,0.0330601703161309,-1.2773495792429095,-0.18514905028305195,0.01000008011856018,-1.3596241747545716,-0.26110800767925524,0.009892523988632732,0,0,1,0,1,1
1.3000000000000005,-1.0111490923691278,0.06927575507968793,0.2534277202276384,0.1662692461275598,-0.03729694045288401,0.2871412700990702,-0.8739148759514056,0.5532407188726279,-2.319250935959777,-0.6541795364096671,0.03540234561733698,-1.4625989994134336,1.0062960441990039,0.5339445287740795,-1.7483326908077175,0.867836351715044,-0.5252557714669025,2.1283668576050427,-0.40580139870688026,-0.3958028436160634,1.5204372920564595,-0.5479039499317752,-0.6718060612721046,2.3333371200418207,-0.9498236685905334,0.5419493254531578,-2.2841591169786106,-0.6818501850546075,0.012272906267282294,-1.316252024766888,0.9902992015052176,0.5620958137070305,-1.8644815162175195,0.8628837305902475,-0.5378654581653083,2.087321559257255,-0.5664148497140489,-0.40174827727635737,1.875456514665413,-0.48177923141022755,-0.7012359940110559,2.3248491448414663,0.6900314343138003,0.17678501543852226,-0.06038517651781983,-0.5095378296753804,0.8152588832921521,-0.5869279134614633,1.6852650125671835,0.2300078937608422,-0.7803660745359147,-0.4019571423750885,0.46091443378936264,-3.2540804700310657,0.3599032692315471,-0.32838710779321856,2.581243991503273,0.09789033798981492,-0.7103863278551238,1.343216345398739,2.3928052550998338,0.13052784058643294,-2.229239835796336,-1.470935633572881,0.6539709168253361,0.18849473275937664,0.0,0.11897149680811175,0.01946303096578611,4.359795791756974,12.65231229826695,6.439044535066107,-0.08036533343892913,-0.03092817078575639,-0.12769611662769373,0.2849203494819811,0.033893144068151325,-0.13933579946391578,-0.11854488581258879,0.09414037611517978,-0.15889846315575984,-0.14595988487945039,-0.3492043165888957,4.544060928267387,-5.352863298102398,6.5891110481136135,9.64947674848949,3.19625175061524,-1.5122163714012764,5.61908255245873,-0.9030684560940452,0.3049541083401592,0.07236534565541287,-1.0784840976266303,0.35486170164732855,0.05524868321017374,-1.655356890085769,0.13291913310984546,0.03452012196983969,-0.7424764105499864,-0.045189953804599274,0.008486422677189524,-1.2589962290209544,-0.19010951920083805,0.010000088409632124,-1.3546377831876284,-0.21548829083459492,0.009988539658119019,0,0,0,1,1,1
1.3500000000000005,-0.9778748828730595,0.07582872849156867,0.2542050030001166,0.15014516633373756,-0.011064437043109792,0.23004255047514827,-0.8611904265857251,0.7021645857109496,-2.017671038666565,-0.5771812938312076,0.10382709982042816,-1.6637589852911645,1.0364462383261341,0.49095255565717616,-1.6131012930173003,0.8413107675592719,-0.5026430383346506,2.1986556246073468,0.027134908181109165,-0.2824757088004713,1.0181575538641425,-0.6610225649754363,-0.6736626569131076,2.2652893101715925,-0.8918995863681679,0.5731977240482079,-2.206347445079691,-0.6246175125573541,0.07084364146017523,-1.534975571290367,1.0203196080849117,0.5171022208136973,-1.7028642788901283,0.8512163497215602,-0.5578102183404233,2.1589090126678334,-0.40001438776141346,-0.3361494214577555,1.7095266246370093,-0.5943928035559852,-0.669474008470841,2.2884788504153484,0.6654841899213659,0.13105946823761483,0.015545655449564766,-1.1408738900333018,0.5568767968843938,0.23581040064790276,0.6815773761961631,0.7483992772947448,3.495780044194591,1.058421296171628,0.7326838533967468,-2.8647959046320173,0.3383956562081514,-0.5812183693347717,1.9958455809308928,-0.13718175027198395,0.1510748575887325,0.8871466537584067,4.081637159808163,1.2267652607131065,-3.8118535298342313,-1.5104240442997352,-0.01870950086086888,-0.5151952927232019,0.20136745754352725,0.0,0.0,6.426039407095863,14.561056235475688,0.0,-0.06785110545524695,-0.3785568052378946,-0.11483383069259197,0.06917920330229496,-0.06296491557649887,-0.09945802145310804,-0.056901378927857425,0.03114181654021756,-0.05988942843436227,2.9033243198894896,-2.188501312392037,5.539455580071372,-5.496369189201795,5.732677213608185,12.442472378408013,0.0017391550620018347,0.011085816207717833,-0.16716493307751645,-0.8568807249227337,0.33408684307438163,0.07610066112515097,-1.0700551918826704,0.3305666183938234,0.05035067938783072,-1.6714346778088092,0.1749437710635276,0.05705185690050664,-0.7462839391198529,-0.04533587040490493,0.009837560679431262,-1.218232008353778,-0.21103251774574577,0.010000089299878445,-1.3701657907668305,-0.18967415528392462,0.017877307770497557,0,0,0,1,1,0
1.4000000000000006,-0.9487265090142882,0.08963601949905703,0.256377740396082,0.10444465110601475,-0.0049971180058645676,0.1702985901605562,-0.9494388177636275,0.7102574009843542,-1.4756583731047799,-0.5057149790476696,0.09556836985296172,-1.8053695577756261,1.082400190161133,0.4601544012869127,-1.481931115622516,0.7862926156181934,-0.4969046701964671,2.2618491243044354,0.49737636335557933,-0.14696631620179104,0.6545048730527148,-0.7595454152910054,-0.7030834573210104,2.1818551168914437,-0.9262427834409187,0.6264127584392476,-1.9297751662827085,-0.5494935332818245,0.0885589746575474,-1.7035977506567548,1.060005538133659,0.4806861353048849,-1.5622147533730824,0.8119734318056675,-0.5261304770526698,2.2244941215297933,-0.15149210128311236,-0.2247666368429849,1.4249243007769956,-0.6999861060948498,-0.6844879852541415,2.222433029965007,0.5829674771754245,0.27614582014976713,0.043454747919308145,-1.1553680877061512,0.25688134802202045,0.9436038656049649,-0.4715549118940965,1.7649962309437173,6.280411361483549,0.9726796515136168,0.15597264268158836,-2.265556461364463,0.5032542257419961,-0.3962755820670892,1.7834507197830913,-0.5085933993714716,0.6495587312055805,0.8218528574382997,6.164148094320879,1.7307691223615997,-6.276126163097425,-1.3303953872653096,-0.4154590145369511,-0.9027417716452314,0.19750579391402368,0.0,0.0,5.354802026072915,9.82597177894117,0.0,-0.1435172633399237,-0.27793651163141525,-0.24528543947979756,-0.020734004424558753,-0.013815301601935915,-0.05778678564822565,-0.02210877110139451,-0.010729851452238584,-0.04688506374525547,2.5296833471145392,-1.3287779595452016,4.763494184568932,-3.320567368603198,3.125368853806162,8.92894237803956,0.03374734925516297,-0.006261643837433555,-0.11989408715886007,-0.7299631394100269,0.40964880604636594,0.10182494012545305,-1.062793943492307,0.31164595590665833,0.03945315796761795,-1.6788381601964861,0.21821037644596733,0.06689829906944222,-0.7613309102306347,-0.04668693234214727,0.009982638017731395,-1.1460836490201014,-0.24804474878736574,0.010451382644575898,-1.39199121168899,-0.1737674680770973,0.03719608813354868,0,0,0,1,1,0
1.4500000000000006,-0.9203093299469475,0.10498471903000041,0.24761642022904679,0.053875090752450706,-0.00879951589063399,0.11128873105018847,-1.0917252994390823,0.5562953870623928,-0.9340907288097005,-0.428981329467846,0.10595562803889207,-1.9236432388369753,1.1089148849553765,0.40538525379234264,-1.3268088197831536,0.7343718617513766,-0.5159892722763914,2.3337428706554877,0.8280014362865702,-0.044989884403042524,0.612075509908363,-0.8564889078553327,-0.7370273480778186,2.1151715410184053,-1.0244448982082288,0.6215288513249381,-1.6155805255716178,-0.47399790478924353,0.09930033026929252,-1.8443207184535395,1.0924245486035824,0.4328428549612101,-1.4130430927774784,0.7625636558004979,-0.5220510696968148,2.294423642166734,0.16099675551672327,-0.11368159279032346,1.1107911702851558,-0.8005990507930905,-0.7192412105257951,2.1544291504761497,0.5683435813468152,0.3069739906188676,-0.17522640334070472,-1.1189951813851735,-0.00032786612099137003,1.0519379840526848,-1.492020582088365,-1.3492026939141655,6.283720054566857,0.9996166303337686,0.057014915671120416,-1.7639894393599411,0.41500603799815877,-0.501467963357854,1.9171119441581486,-0.6303007834212565,-0.01595131948537743,0.9385567001313678,6.226548839120478,1.5261416259646607,-6.277803687229479,-1.2752249348948883,-0.39527459461418757,-0.8756240987309394,0.08192889864230024,0.0,0.0,4.8222277128982585,0.013268081720593905,0.0,-0.2135585279430678,0.16992958497094307,-0.07071488658021993,-0.012789102159589694,-0.03820398994731504,-0.08348672364774445,-0.018085501125480984,0.027117200053527045,0.0015972480699734982,0.5630239850781353,-0.791238978995245,4.927445186965409,-0.13552535193875334,-0.055897962565849835,-0.1548921284108583,0.01590170941341245,-0.04981308225249475,-0.008333834031801908,-0.5669904420139966,0.4475733629304721,0.14161351931714372,-1.0498253889914677,0.2965410077447609,0.02197646159905764,-1.6806862207316828,0.2663322010581771,0.0549593262695465,-0.7738158633237193,-0.046971667250544046,0.009998215578316271,-1.0269838196535095,-0.27494684537290515,0.01641349558874638,-1.417384327659592,-0.15129643825086334,0.04918355598623808,0,0,0,1,0,0
1.5000000000000007,-0.8943389645817086,0.12075480114260206,0.23216028555613952,0.010184498385857124,-0.038519631298950405,0.059269067394869805,-1.2411183603933005,0.32431344004737356,-0.5986167505615363,-0.3725657972404987,0.1056911506053827,-2.000227269910244,1.1310685235196871,0.3556630819458404,-1.208923251665175,0.6750500195284349,-0.5205172070905011,2.4355277249165597,0.9074082478085932,-0.0066099148992248835,0.895755717520645,-0.9092400286633853,-0.7574858430486067,2.0639410003192675,-1.1531933511853616,0.47737456351394386,-1.3013486584539915,-0.3962792986084289,0.14173178628148786,-1.993110263607015,1.117911761360792,0.3830340534980258,-1.2816003779211174,0.7066824633984978,-0.5214561396727156,2.3814264586662737,0.4746896468567878,-0.045787961773278776,0.9375344560932981,-0.8716235245926106,-0.7448197583386312,2.096297748096877,0.5194073073047778,0.3154016422520331,-0.30912269345814536,-0.9534953859855766,-0.5567295330738828,0.9894408214691994,-2.059731173644266,-3.401512419994805,6.283115880556043,1.1397558965042305,1.8599661088748973,-3.412855453123535,0.3040890943605592,-0.6078984350323969,1.6134398661848928,-0.7420972163210142,0.007927164694398671,1.2031916100894353,6.2850175318750665,0.8700950135346684,-1.3496939927260798,-0.8724393544102197,-0.26621177980085486,-0.7182110676214523,0.023623956914763294,14.329004397873351,0.0,1.5668909386578274,0.14617488573292026,0.0,-0.11042954665406209,0.16974925110168643,-0.09485874278320816,-5.766256895476504,-2.5413593472213853,13.091361383640868,0.011118000773096206,-0.003119264292674462,-0.026510690475236798,-0.3180063135355637,-0.49762398254139467,1.6652765372941218,-0.09537347724190896,-0.2465383164970353,-0.2235169117758098,-0.0033818733737682773,-0.03114198585817731,-0.03581221720790441,-0.4114167836142242,0.4216013398278735,0.13720786155460168,-1.03670305912187,0.29053733601903076,0.009008650925562044,-1.6705973885187961,0.31337516112387775,0.01172280709270232,-0.7844777684504989,-0.033728152685516426,0.009967483051188676,-0.8940287367042673,-0.2506950197100859,0.03056055858626191,-1.4313428587930563,-0.1205177991489694,0.0386577633957625,0,1,0,1,0,0
1.5500000000000007,-0.8774785573641424,0.14038609609624733,0.22318745081065372,0.020980084422777497,-0.0611330937142141,0.04429782682637787,-1.2979317707237834,0.07085521286444098,-0.6446897897587838,-0.3181550197975696,0.11185168585235143,-2.0691503374816893,1.1791289487169236,0.28009419470175917,-1.073400702214331,0.6329449457898333,-0.5636095111087579,2.478933272448667,0.8490240315668338,-0.09750850170839442,1.213209414288597,-0.9255853851360893,-0.7488401169298372,2.001726330227447,-1.255838882636487,0.23801955563748006,-0.9871738470024699,-0.34335275391678705,0.1427340959993432,-2.111041262697852,1.1654270954157795,0.38255412806369793,-1.161529556034962,0.6579752775471474,-0.549436981659053,2.4448290276725144,0.725632127535083,-0.10105870927615891,1.028468442132707,-0.9078260901663573,-0.7478160378407729,2.0351093849527038,0.3372081443513242,0.39262589907290535,-0.17945669490971594,-0.3180168699114532,-0.45604240259360307,-0.21260475658426992,-1.3257304842985238,-4.649807112651116,6.280928011482058,0.6453006390398015,-0.4321049689140727,-2.176882518411691,0.4327767880023092,-0.2640858318496557,1.957268950015,-0.5743638738062916,-0.33450058369999774,0.7543900945879035,3.4213800586568026,-1.3351962656731902,3.6106137830798266,-0.4374781863420216,-0.02262254250145116,-0.7450608945495387,0.10083974477284613,17.562584596505435,9.981520060039092,0.0,0.12101766687910248,0.0,0.261116421823648,0.08175258150932047,-0.12505711377433845,-6.375108870413693,-7.299395110827945,14.885772719425953,-4.043572987459234,2.1886342308782702,9.08420323591983,-0.07949943710545052,-0.04569043637923313,-0.06261116052559858,0.1641725587655049,-0.19151910540864653,-0.19854507211301164,-0.06979337249647077,0.0295687403183879,-0.07491071986728556,-0.3061418814989084,0.3943754302540238,0.09799058452147226,-1.0303304137844407,0.2914900933791759,0.009893634510626362,-1.6852120334178222,0.33379765241215464,0.009632275957278363,-0.7860359916369781,-0.003894990266556368,0.012000203103511119,-0.7961866224071753,-0.16276151629586477,0.03413670939032261,-1.4375357049672088,-0.09545088540358801,0.018719633073957912,0,1,1,1,0,0
1.6000000000000008,-0.8626192634827274,0.15961197487997936,0.21610997729044468,0.0678596436571524,-0.06474983293434204,0.05624823681469591,-1.256200165901796,-0.034142971144667356,-0.9228404796989826,-0.2245675562878436,0.11858099224245536,-2.129485795855805,1.2154466253427014,0.24644190119228807,-0.8703546729661804,0.6128825877670849,-0.6954506120716041,2.2523439773515994,0.7929754351052587,-0.16263857117405478,1.390987828897782,-0.9654343077772123,-0.7314742407170594,1.9241877254596176,-1.2653005869225538,0.06288574480893723,-0.8536162183302384,-0.268714325429395,0.1271376475987208,-2.189018314519973,1.1964138592182818,0.30096519383337145,-0.9802969085006457,0.6289592109275798,-0.6279447305063574,2.433734995681034,0.8106207093574752,-0.15554340365163108,1.2481780277679828,-0.9342521381769464,-0.7676679629944071,1.9649293089063815,0.29718587762829873,0.3845175756746405,-0.14154947040418087,0.1525458919606377,-0.11065365788679729,-0.9182207447089126,0.2049994256609033,-2.123689152633585,-0.7120367321137426,1.0239263283653133,-0.19292440845079695,-0.6415901181806276,0.23034117731320436,-1.2037995614665087,2.441873927296307,-0.384159662581921,-1.4565855385387079,-1.3901217918917521,-0.3293738399062949,-1.5006479518936058,3.170737172709027,-0.692271713117177,-0.6802529119379376,-0.9068816969410565,0.18633508576172259,7.688275567889148,2.8278922323629154,2.4012068739738526,4.682440038073259,9.631973304551195,0.23085871597584276,0.225272548894368,-0.21262956159277868,-0.06697325700530261,-5.644954660134461,5.509527466383047,0.9137719492641274,0.46981421831082715,2.8482322229436816,-0.623417919048155,1.6378894737316756,1.9222240689517611,-0.6756686946094336,-3.5969885984945775,3.23161965008347,4.261097418473407,-0.42287685625412674,8.850532357781153,-0.2778754009609108,0.4232734896675502,0.037454507130840586,-1.0268335439487095,0.2946155127160949,0.00998865889951006,-1.7050115020883312,0.3517563455454541,0.009960595738531045,-0.76400572700461,0.0097282540080681,0.009940825871716644,-0.7763038820004773,-0.07890596958328182,0.009059021620884282,-1.4425047809198157,-0.08605003129292249,0.009451904112886907,0,1,1,1,1,1
1.6500000000000008,-0.8415516111107689,0.17290961092457457,0.21934500941317514,0.05346337911859293,-0.07968527753793263,0.07653842792142017,-1.2267228008559687,0.069441950831934,-1.1381047422377675,-0.06820740256295839,0.14064628349769964,-2.1977892452473684,1.169630870784714,0.4002271891885752,-0.8961433785325013,0.6154664418063059,-0.80598955639839,1.7165298529585442,0.7121266844743067,-0.1546052897373343,1.5140763057126734,-1.0168788985567077,-0.696540820408962,1.7855825634168578,-1.2418664714091232,0.09999114215743528,-1.0242209239695392,-0.15527588863941677,0.13692324258036015,-2.1992874774771303,1.1801722489070043,0.34695350371311295,-0.9254948378620003,0.6205342604239633,-0.6633655186821077,2.252039878769059,0.7511406846612246,-0.19651170903084642,1.4141840941022972,-0.9869022937772209,-0.7442534134827967,1.8545696057402115,0.42135304743917024,0.26595272089190436,0.06470064245460927,0.4416690129486769,-0.27334550060645607,0.28263089886823584,0.31975769100177914,0.7673979769067407,-2.531998623504063,1.9347104432443103,0.09133217910301264,0.03264173186492075,-0.19720208658573196,1.184126126084207,0.653663022308751,-0.107500727238548,-0.5661958996700842,-5.636331253129825,-0.8711358597518765,0.055355018838821886,2.2229741758055703,-0.7795537454435497,0.3519938990081956,-1.530138449230637,4.559923145199767,7.420856501579269,0.011120561085633474,0.288632965319915,5.031367458690352,8.110813502310549,1.6659133237643189,4.009653277397399,1.950456803153881,-1.378016009448992,-5.077965614162703,5.512965709737954,-0.05466475991165366,-0.10935936145784844,-0.17211677837574588,0.021614578657936295,0.4671044766533222,-0.141804064388857,-0.22852331728640357,-4.2462789716262765,3.0469816993912615,0.47454655224039605,1.5863929570755877,8.14418713105765,-0.30130726720175915,0.4450103765014711,0.009937160336966858,-1.0184170717079328,0.30145378902215225,0.009998862065574588,-1.702574932903819,0.35365508890282343,0.030654968423709947,-0.6918942036504755,-0.03640635765194505,0.016587128361314655,-0.7836535128084083,-0.062208280222769724,0.009899043022853455,-1.451811376734313,-0.08907684503185569,0.009941228459211611,1,1,1,1,1,1
1.7000000000000008,-0.8154805596970556,0.1850106420370383,0.22597719618568524,0.014800113009380977,-0.1052278193460463,0.0875070734455237,-1.195561284554801,0.13984813527838727,-1.325242794554388,0.12123367752336348,0.18316654139453875,-2.2439482169781564,0.9756160148640417,0.6374074865089883,-1.2711511592221243,0.6914486898872433,-0.7683412478741624,1.0597466807504285,0.577567737178929,-0.16932207162295349,1.6803419776269248,-1.091393669191739,-0.6351294370283728,1.580115080669853,-1.2126924416049716,0.16730009185093886,-1.2009120515338445,0.00687004770645735,0.1673059681310126,-2.2283783752538495,1.0948577273367843,0.5314317860125699,-1.1147297539584748,0.664653492014459,-0.7120587330566008,1.93883694070174,0.6483002467954732,-0.1949411513267537,1.5729963482549572,-1.054134705461501,-0.6918913439734236,1.7056725998758147,0.5214210282742671,0.24202062224927434,0.13264373545020192,0.34105192992885425,-0.4410868353370346,0.7962784670037213,0.37055705340712686,1.1531984864461473,-2.7627487829839166,2.5630272773287848,0.36448395961935537,-0.3410248993927475,-2.6451410934904014,2.630177854522744,-3.4757956075564684,0.6181263357236537,-1.2509817169653985,-6.28301514399103,-1.6998042860156368,0.3575481740960083,2.385842795223654,-0.8303098121046663,1.2619494055241474,-2.7931880004286187,3.1617125049657253,2.082131964314663,0.13615561233343743,0.24968020080044867,5.287636973155479,9.90985120294181,0.9990786047832241,2.9266198654386235,1.3182750360707556,-0.7731411986234411,-0.7854605887738562,1.9983569883834171,-0.27535506004625027,0.11583476253124725,-0.15415088192911422,-0.1393412823543624,0.11556804666834768,-0.41163128721349196,0.6387412198555659,-4.059517590411124,3.6368236328344437,-0.8020825302667063,2.071526627142111,9.862785224940577,-0.31582415210586173,0.4544701749837188,0.009993332449526604,-1.0043824086203033,0.30231067967909586,0.009955519059716877,-1.6494875229396389,0.3781874428510696,0.06113227830547574,-0.5648109770791188,-0.12486074237673411,0.07582322452760026,-0.7950386018497452,-0.05056189353898164,0.009989239634088425,-1.4642681028000444,-0.09159831688489962,0.009993769260826625,1,1,0,0,1,1
1.7500000000000009,-0.7890808387004883,0.20154943293479471,0.2346247876076327,-0.03850453497785291,-0.13404201120433773,0.11141607630174051,-1.196631157558223,0.20792684804460876,-1.5075561492785419,0.2840805398326124,0.2160856961516195,-2.226838735229542,0.6875684755253084,0.8234466938086888,-1.8081252856016428,0.8437736091917288,-0.568374563814031,0.5570411194612874,0.4320120667165838,-0.21552318173168244,1.8777504794650177,-1.1838427457117586,-0.5553006686625636,1.3717723139613274,-1.2025665889536834,0.23098334830198536,-1.3809563546840633,0.18305070058746337,0.20085198190818543,-2.2300005648664656,0.8682686781390956,0.7298169326382806,-1.4213396532414253,0.7623154987899674,-0.6948636453971,1.6246686970073003,0.5138109507625972,-0.20869525453379628,1.763826145449915,-1.1328127543604904,-0.6094113161110065,1.5026092517133307,0.5279944199313458,0.33077581795512845,0.17295182843894918,0.675865363218836,-0.447979490514033,1.088526835223154,0.12595174396629094,0.7056711603013386,-2.8156306218989497,2.633569563139395,0.4217478052501679,0.0679230226958277,-4.707192471698736,2.924442240684112,-6.282402400638891,1.886889561931596,1.2088005184628365,-6.2830824291014045,-1.8265457173629576,-0.15193002685285148,2.5339752443139227,-1.1504912043525874,1.1058049374895338,-2.9075977300217986,2.9767547255579845,15.205789752581993,0.04742309339603251,0.16676845984930438,0.0,4.287206206564612,0.38830878152931814,2.9017673416703085,1.2331801049959548,-4.688985732024624,-6.046564043859381,13.371268973778692,-0.11094961781117671,0.1508687736082436,-0.16170028634223313,-0.2775092940536717,-0.17096689811316226,-0.16816068090855013,-0.0666352092822698,0.005083111809457047,-0.14318974079684352,1.4763675576656972,0.42202543053198366,4.216307971541985,-0.3328663822586581,0.45555392401793593,0.009999363884186645,-0.9973512649731721,0.3028344564020513,0.009995303702371866,-1.5322578705203267,0.444220842587142,0.07018065093197556,-0.4277913380890064,-0.15943942860741583,0.18523343547632806,-0.8125677349019399,-0.032438474816564235,0.017820454497073,-1.4820356930274179,-0.10467831525766937,0.009999410786442571,1,1,0,0,1,1
1.800000000000001,-0.7686404282811067,0.21932239734523692,0.24620006415161255,-0.06838115046581243,-0.15792741217407086,0.1450964935766276,-1.2084898631283023,0.28666005218140206,-1.6510914222160296,0.4054396391238657,0.2206542842596338,-2.1598115986774316,0.4561768354460017,0.8999687041254103,-2.3394106363581892,1.007811776599058,-0.2719666828993876,0.4309521822950426,0.3169643461300384,-0.2623186945925881,2.0174024319248414,-1.2488895751522877,-0.42805961344197546,1.1554089462884465,-1.2073990145668858,0.2698130168098935,-1.550614229275381,0.33355503244751356,0.21622114170920645,-2.2159983026588423,0.5877231454710753,0.8416174724166908,-1.7354743527781122,0.9007193228227529,-0.576292477357226,1.3105069415738848,0.3891338628190411,-0.2445179837130119,1.926628612567694,-1.203204015848525,-0.5078458530591978,1.2874160482262118,0.4088082083876321,0.3554592882088442,0.23150553087959713,0.8011836896388898,-0.36793399783753405,0.6279943236052998,-0.06009721910010368,0.3741975575275202,-2.22955288086957,2.0346248362009036,0.11126829710469917,0.5128603413058136,-4.552981245285842,1.3487013564268373,-6.28421699798292,2.3841901141890496,3.266450471373306,-6.283576755286322,-1.614152605814943,-0.3954810545717391,2.015667185074074,-1.0150279395066402,1.5213480131595765,-2.9322386772706146,1.752863321414864,15.988688134934137,0.0486133106852745,0.08398056066034726,0.0,6.0878271955431345,0.47788642231151385,1.5861248849071798,1.034169990367145,-4.669648067419882,-6.768755679841869,13.944603149720951,0.15005579670279284,0.09468963261561311,-0.17414278509574593,-0.1940805886805853,-0.19984663420108517,-0.055127186839710116,-0.03418808847819595,0.029123058021263536,-0.12873557612340966,2.589167587565832,-0.45543325785137545,5.711879077164822,-0.3600619285746186,0.4521331081619219,0.010000011504552021,-0.9928484967607752,0.3032171883503514,0.009999575545849008,-1.3794755556882936,0.48910265500307204,0.05898810743685181,-0.28806498358037425,-0.11482780493311265,0.2664842157867356,-0.8216781262188416,-0.009077830647903325,0.03716065395753692,-1.499639143176566,-0.11516221234982757,0.010000016540643034,1,1,0,0,0,1
1.850000000000001,-0.7508101781116113,0.23247425413846284,0.25650129685962975,-0.077577518127336,-0.16322574735406434,0.17213637112010563,-1.2078967297359537,0.3584644242954473,-1.7653113749681861,0.5244269155658323,0.19710063653842472,-2.070526960764679,0.3798944319603897,0.809922918429839,-2.6076502062761397,1.1336090612648602,-0.08060219576315775,0.6422577590610761,0.2220488018389072,-0.2957479782829885,2.086573744703128,-1.3008161010219774,-0.330953678545429,0.9292634149341596,-1.2077875323473644,0.326320196000418,-1.6889887874244598,0.45712832447449037,0.20651118986344758,-2.1776666385258916,0.45105695137713064,0.8318367942327715,-2.0496565032875456,1.0462362151866074,-0.3735639096004359,0.9963223272229587,0.28278972879286984,-0.2781905482569318,2.0302675493419886,-1.2600911347523058,-0.3971926233061813,1.0655229859767874,0.3566050033899071,0.2630371358645184,0.20602465416034388,0.5811754867230918,-0.0674349780606033,0.1677342144119966,-0.023251629666674444,0.712877472378724,-1.695919830874439,1.6376746654529395,-0.010591164433153463,0.7432745082208233,-1.6354046407528802,-0.48689471874556184,-6.285555835052714,1.9424858849953983,5.104828174207724,-6.2843609709079615,-1.4154059681468936,-0.3654114111372018,1.2511581310476458,-0.9433019880438925,1.410407316975416,-3.0281156052448117,0.0,15.384853040531732,0.17710911413785635,0.06567285140476836,0.0,2.5064990953439765,0.018343613752797496,-0.09428029893324867,-0.13644938439043766,-3.8067236059519005,-6.888019402237072,13.45182844067175,0.3297507246623431,0.06414761432295991,-0.17135001350210377,-0.0041439847001204285,-0.26471799172095145,-0.02211958913659073,-0.010048627821570915,0.01601610683072526,-0.07230202217411831,1.389265711984664,-0.38181369685534844,2.2911343119719456,-0.3840446613944369,0.4521945431532772,0.01916488213444046,-0.9919238000672823,0.3033755159808165,0.010000034231549756,-1.2546526345447522,0.4503740487584653,0.03138509246227252,-0.1621745952638435,-0.027852580923517167,0.2803902618436711,-0.8253764542776719,0.008143201071435154,0.05398332753696216,-1.5209072815344897,-0.11672910018530112,0.010000081583004937,1,1,0,0,0,1
1.900000000000001,-0.7364089212022547,0.24048075547300957,0.26259890385837914,-0.05843223176596827,-0.17287142539520686,0.1943011556037416,-1.1865754348045574,0.4047294442242431,-1.8749507285765319,0.6662930178538656,0.21624895993282328,-2.0041845076743097,0.46517427832257136,0.6756103140790576,-2.5189235158984635,1.165958332266544,-0.08900663284280964,0.9432465641298324,0.10009140320387068,-0.30924224470005557,2.1051408427320357,-1.2448417500187465,-0.39225152614826914,0.8520875447320058,-1.1939860094600048,0.3768258543792309,-1.808535292672173,0.5882334963070521,0.21370717615794343,-2.1573502766567976,0.45845325425274536,0.7325736227319903,-2.3377632555581096,1.1255860621333966,-0.19089502443105708,0.8732761409734359,0.17321762230143783,-0.29899322607232687,2.0790271824956936,-1.253309114504397,-0.3828993785492992,0.9279323196632566,0.2880251381871335,0.16013002669093446,0.12195213997498788,0.366237049036766,-0.25592362128953566,-0.35081483836315547,0.16469269457847713,0.6200142615667559,-1.4764206042200414,1.8192696880851513,0.05723963497595656,0.3153349408188742,0.1561383320129862,-2.341543301848602,-4.275687666584996,0.9774095203711973,2.1742160648677964,1.190322017550251,-1.6250058508982974,-0.24976379038295043,0.5796829293286644,0.18812716575467325,-0.20777592518452206,-1.6888167508630314,0.0,12.15810196349975,0.011192353948429046,0.19358333070540484,0.0,0.011868283731645751,-0.011061250971462027,-0.037598548982465466,-0.08691750038918111,-1.902431062663938,-7.1308120413374265,9.912363987626003,0.0627624580634949,-0.07092053507026803,-0.18876801087433606,0.17149954108626414,-0.25503783214481723,-0.24586876538355362,-0.005205325840844964,0.019489012331204515,-0.038975525389838186,-0.14964367093908706,0.09427226940229397,-0.11665196363974631,-0.40682675127775697,0.45908004093008387,0.03636466007723813,-0.9917861531273356,0.3032584786884573,0.010000083482551922,-1.1706454891540483,0.35906321508617967,0.01074089513329867,-0.0998931366298833,0.043570863203442445,0.21674500478628356,-0.8259843484440842,0.0177789244931783,0.05733842792359668,-1.5258414390249677,-0.1326188732230942,0.02659614429870156,0,1,0,0,0,1
1.950000000000001,-0.7238582177361351,0.24877294406107384,0.2624704390650081,-0.03174882892120541,-0.18309961890066478,0.21828196584520534,-1.1489524194651475,0.44543052013434087,-2.0028226482214206,0.6272944126101612,0.3344748294935435,-1.8575078695746712,0.6206487369420561,0.648829005343567,-2.3681065702078397,1.109768637573761,-0.20740990012128838,1.2076854935203551,-0.04660899906286418,-0.3193568582530566,2.0865905159277354,-1.0301654303543049,-0.588771492335516,1.0483382364279663,-1.1642966361354008,0.42139842749066747,-1.9312543162990408,0.6183113980154046,0.2843282930996432,-2.13707908722158,0.5356157988174138,0.6794625815751318,-2.4226738613733714,1.121707671902557,-0.19566475792940735,1.0759998545523835,0.03865182532791656,-0.31274818391804426,2.083931237652586,-1.1643555816125823,-0.5056014894745162,0.9983657709453171,0.25101406932239057,0.1658437717612854,-0.0025692958674206068,0.3612664421656733,-0.3053099758544581,-0.4829074228860173,0.3754613635604916,0.5146795204648908,-1.589286450010217,0.19975505800138607,1.113231977820755,1.1835712342474625,2.0218875254294573,-0.4174216213960601,0.09387359778332836,-0.26589652354248006,-0.26118905756320876,2.927707262532769,-1.9052460885721032,-0.25166700002420994,0.059110933331845576,2.9821389362374195,-1.9236420540649641,1.1075222336215373,0.0,5.476783050068767,15.134820516559046,0.16040418647544913,0.0,0.10082630769448447,-0.03674335216517709,0.0022593804646692446,-0.073576541750572,-0.819975828725994,-4.410009387867948,3.4792704173101776,4.892111632437045,1.9854600163020568,14.397288375750492,0.21112479505360637,0.1861666088099022,-0.22507663651926174,0.01797242334005717,-0.02253759879562984,-0.06683630336594287,-0.24092523087416748,0.03534123395844885,-0.17664228743882343,-0.4363756411893391,0.4677572281502238,0.046974937432467626,-0.992287411777149,0.31910490196457025,0.010000088770837936,-1.1374969734754536,0.32148363221686094,0.009999097162562795,-0.12273879621065373,0.08306953973779668,0.14338662442484548,-0.8266915084700301,0.020017372849046658,0.04985037161837132,-1.4867022390322653,-0.1708799924252004,0.061530549062399895,0,1,1,0,0,0
2.000000000000001,-0.7085832182965068,0.25425552108814464,0.2577093598122937,0.02558227555686011,-0.16917859849075192,0.22270955699575187,-1.0750539754724302,0.47535988639302096,-2.1413816947443363,0.3250215855570204,0.35275004414682587,-1.587597412350562,0.7565571507191391,0.6595984312337161,-2.2735497275089966,1.0636085358901177,-0.3174577729408381,1.4168817821863562,-0.20202851465316893,-0.3430628587425812,2.0515863097561553,-0.731926749075682,-0.7969988929875453,1.4784625603238208,-1.107586043316784,0.4565695408472148,-2.063362610383014,0.5170114171426686,0.3245795919387244,-1.9823432836270916,0.666421981443213,0.668034015146494,-2.4265531790438226,1.0848434998955907,-0.2730684115551344,1.291544278831106,-0.10900114633753089,-0.33274944374575005,2.0629044440773368,-0.9344943512547,-0.7116055368857306,1.257982911476772,0.3054999887925658,0.10965154054141613,-0.09522158505428813,-0.16190390843667082,0.03114544669389232,-1.180260092443853,0.7100268028294647,0.3997655967829794,-1.7337705658379494,-3.9878151726311786,0.5183618422952093,5.0766459117237615,1.937083840588622,-0.09216673627759431,-0.020768254048063498,-0.5563411548810743,-1.0181865908228862,2.786239998792584,-2.0836947843877884,-0.2278926761860024,-0.25061237588169577,5.011760246265167,-2.937334468127092,4.898671511903284,0.0,3.3178697839983218,12.972529388059895,0.0,0.0,0.12788556355100517,0.01604183002844955,0.010806627085570805,-0.06910780998869384,-1.5205113281794644,-1.6689844468853505,2.6977664899136697,5.534937402705526,-5.166551254460886,10.778995619372967,0.004259109102619155,0.1063429842087944,-0.09485046874543182,0.005614135952058655,-0.0174230755240131,-0.05544256593868537,-0.167759418451675,-0.19722453995653166,-0.2011670975702799,-0.4733836152084996,0.4739875791308458,0.050535761408039344,-1.0016877539908764,0.37651011738790224,0.010000089338663781,-1.1375190155201087,0.3212419037490189,0.009999982865535481,-0.16233367775335136,0.08974671556872607,0.09922738312896037,-0.8364152285066916,0.023782533734062188,0.030388505236817104,-1.3731788048688836,-0.22562209729006927,0.09746688600214408,0,1,1,0,0,0
2.0500000000000007,-0.6892747515310496,0.25869087305020017,0.2416114793182517,0.08546457430889084,-0.13102738928196936,0.22660725994181144,-0.9837114867651312,0.4927003441966365,-2.245193306968215,-0.12569214495804762,0.2792446405541435,-1.3437623733985158,0.8489176685127335,0.6585588165499967,-2.1688359685100886,1.0496048334683616,-0.38724668115444266,1.5791806817225145,-0.33974732653981443,-0.3701287654942086,2.017323085676443,-0.4585094589573209,-0.930861927518363,1.9911529686666216,-1.0281635314482,0.48044277859375545,-2.17929333357438,0.23148817778996408,0.29471602695304244,-1.669053835665271,0.7814538806424619,0.663001390454019,-2.4246467563347767,1.06171549566892,-0.3482681758733787,1.4741705633549518,-0.2518451140622982,-0.3717226233202715,2.0453635916817694,-0.6368945177526529,-0.8613679304887322,1.5713474611416005,0.38616933530914554,0.08870703924111045,-0.3219576098808402,-0.1461725192591763,0.5010513810815478,-1.2942561525068017,0.9744527380619804,0.27239426451215015,-1.464300243264343,-6.282425143021197,-0.3382956577741531,6.281339641845917,1.501959943615288,-0.10433673753802009,0.5670011811489891,-0.2747123271266439,-0.8644718782099008,2.3331966332270437,-1.983041414734557,-1.9047598083591921,0.6217597743898471,5.2359068859943525,-1.5490925632391126,6.278773388310289,0.0,0.37501179151126834,11.030348444309055,0.0,9.686402655403146,0.11054704028152629,-0.014641666296887934,-0.008421814599710739,-0.06714132023028759,-0.49825622744033743,-0.08075727059809186,0.27542250350954933,5.589534013619945,-5.097037570332374,8.300484545964817,-0.07949686832751857,0.05800886603327758,-0.06596802050551909,2.73856671923459,1.1430192329526854,9.430520495824359,0.06593952980059907,-0.22933782534835148,-0.19873501076000893,-0.5118208262800669,0.48149793878782476,0.04041629702035701,-0.9867398022876585,0.48902187086783383,0.021023694931306965,-1.137680384903958,0.3208861905636438,0.01000007796716791,-0.1974785180171076,0.10827125816869754,0.047872532649112544,-0.8486965461359836,0.026902691122197137,0.008142287287151379,-1.2016004589674085,-0.2486949353238717,0.09311683439232844,0,1,1,0,1,0
2.1000000000000005,-0.6623689331081865,0.2690859715437801,0.23221228357665102,0.09512148407361525,-0.08639882545496393,0.24156787534030447,-0.8698986194522863,0.49357857017904583,-2.30505572655724,-0.5474682397572367,0.1474271546050358,-1.2180448348353328,0.9144618846005939,0.6402911581127614,-2.0783126108225116,1.0728041331631977,-0.42578444476277894,1.6904378048487572,-0.42236323313696267,-0.37936072041125984,1.9867097987087847,-0.2909589098902578,-0.9003123747306948,2.3618784040289476,-0.9292220891238595,0.48889079465860763,-2.2601338275277736,-0.08187795740087711,0.24413629543349738,-1.3847118146761945,0.8662668845593943,0.6491740063907768,-2.349456546534612,1.0684121083924834,-0.3972845557058321,1.6133230424028968,-0.3543864022002063,-0.41761406129497963,2.037086276113935,-0.395326537325864,-0.8910133216544445,1.8854994224072628,0.5381163684572621,0.20790196987159892,-0.18798391483201338,0.2468693899152073,0.8323289913698648,-0.42115368987519114,1.2978200942333742,0.08355540357590323,-0.9982394166384918,-6.26196416615047,-1.0582225454212058,4.291588423626268,1.069687940420095,-0.18348763292566736,2.15801425486296,0.07888046119953722,-0.5951152614613421,1.7156218340609033,-1.6809020684352507,-0.13005353486665128,-0.874013466647662,2.9897763860278253,-0.10075976325078494,6.283825969880037,0.0,0.12442331999538797,7.597462857083982,0.02229631120179415,17.79444303510296,0.16543872766133916,-0.0064693740247438345,-0.04557454398273294,-0.10896481801425759,-0.1808396710408532,0.2309981378229924,-0.13851846179111188,3.0942727269481773,-4.451135626450423,5.604756456244356,-0.12379077763318044,0.1292398224094761,-0.13186569550290353,5.154593217260789,6.879309530615643,15.808391736356844,0.25820107680001436,-0.11841575530209383,-0.22990297194748516,-0.5390843278845721,0.48985539068863443,0.02710204500525759,-0.9098534134103949,0.585424713214752,0.055362413290216544,-1.1459924856027885,0.3207266684402905,0.01000008817862815,-0.21563623601584608,0.14399956878031905,0.013822620919152127,-0.8481545658091949,0.027184539377420748,0.009800609423290876,-1.0378816277249434,-0.19898928723730008,0.06528914765947784,0,0,1,0,1,0
2.1500000000000004,-0.63364393679547,0.2845010129682879,0.23137198822081384,0.06709438610340983,-0.05673932678982505,0.2690520256211529,-0.7332917615794545,0.4770129402639714,-2.368961060055803,-0.7565205535781954,-0.0012287794618601237,-1.2347416976510355,0.9585053068494788,0.6154544333509071,-2.0123359779232444,1.1079437293069931,-0.4349021312935853,1.7521959616361051,-0.47515083810152264,-0.33734261667217386,1.963542507300354,-0.2711955768763832,-0.7731541991065153,2.4614050168898274,-0.8085039355395078,0.4808281230160394,-2.328983784914007,-0.3949609490925286,0.21124720278387418,-1.2739819803912709,0.9263565725763558,0.6296404772555346,-2.198170476672139,1.0902409071333958,-0.4292515825864673,1.7030656242371482,-0.4326543962843661,-0.3776146847302226,1.9911700238075365,-0.31247876493734694,-0.8285839479191255,2.197621788331683,0.5744999262543282,0.3083008284901556,-0.01680590711674368,0.5884729977419809,0.7269156071891657,0.359668276092858,1.6606327311197921,-0.0856371659439005,-0.8923845919205421,-6.287019500444132,-0.8972068826505237,0.8738652767686439,0.7149342052170891,-0.12478129465912868,3.36654526633485,0.22977470317120718,-0.29242905481295023,1.0898075265164133,-0.9439737715764868,0.8927695727319416,-0.6136127388099843,0.9666180657117648,1.3311480547606553,5.86657396020834,0.0,0.11304723064814248,8.083283153122974,6.612688490972973,6.902957581696169,0.11703307435957505,-0.07471344023875096,0.05801815826393995,-0.11589615481548794,-0.08819102009513312,0.27426700067282256,-0.12246846505523408,0.2508037126680069,-5.139382140215141,6.491273257948738,-2.3572996986677146,-0.9377627344013302,6.322694335460544,-1.1530461450147325,2.425369992813092,6.575718317629153,0.25050556008861347,-0.0034311686439072175,-0.19428114083541664,-0.5621137261607146,0.4925762020557677,0.01678060014632099,-0.7896439981098616,0.6175705163871074,0.06936335293486844,-1.171119351275117,0.3206249193882863,0.010000089275075421,-0.21480124150454138,0.1772743001779645,0.009924992949256611,-0.8397567944182154,0.02769227788338072,0.009978670406814683,-0.9519284611088147,-0.09406411491254806,0.04032337339343457,0,0,1,1,1,0
2.2,-0.6038526113378785,0.29096480283140513,0.23128602370069162,0.03709184498754893,-0.04295853796940741,0.2858273858557545,-0.6365676853466952,0.5314186856087872,-2.3335679241269953,-0.7075891319533466,-0.055887838190379485,-1.386468977454846,0.9681399470133298,0.5797386903833581,-1.9339188077683682,1.1161502912515608,-0.4205103467057889,1.797167990593868,-0.5511291884151082,-0.3027825912642481,1.9761358594708687,-0.33205127468456513,-0.679930618470513,2.4101284974173627,-0.6981489697213363,0.49973073625069814,-2.332717614189277,-0.6151071920441579,0.14556564247187675,-1.3202569501214412,0.9541685752104148,0.6031001170024949,-2.035504843737536,1.1058762644716058,-0.45458078344565644,1.7637783263016342,-0.5082772999486362,-0.32938084728194983,1.9813820052977653,-0.3236435875008932,-0.7125710978901082,2.3371172347342477,0.5958265091518311,0.12927579726234484,-0.00171929040244434,0.3696808551981331,0.4311129860598856,0.4719077041411638,1.4151837121922926,0.6991214898759119,-0.02132386389935839,-2.6865960592872877,-2.5482104505431282,-1.4713280241851323,0.33575978166670184,-0.5254774810392293,2.259184130550861,0.22053528650151025,0.07949441009950711,0.7526222201435137,-0.9561045148483585,0.564290030206056,-0.11124668036500351,-0.1329447342001756,1.4558759973284021,1.622360785234491,0.0,0.1432490730369403,8.052780963405384,6.802238557125901,3.226293011732264,0.11737431073564708,-0.053528842463647155,-0.06584700277364143,-0.17527585061342116,0.23194843683622213,0.23397222923960376,-0.09631637832997136,-0.48555737491720913,-4.091928416392522,7.150437014667648,-1.3228431018526368,0.5744449668400188,6.852112369105872,-1.326787774215574,0.0035369705762584025,3.158972221194193,0.07937678454411339,0.2764413818836705,-0.13418621975676615,-0.5584708378015577,0.5029713516138896,0.012224320818837427,-0.6865173977233713,0.5827502198433954,0.0425533232366173,-1.196354307415731,0.3205001864288214,0.010000089392805438,-0.20374091358971907,0.19570655342300575,0.009992025986219094,-0.821867421198676,0.033358320639707166,0.009997789559337996,-0.9160893056443943,-0.025742879315838425,0.02880746990682113,0,0,1,1,1,0
2.25,-0.5747803180684128,0.2892666222606261,0.23701022317221332,0.04381832600506859,-0.044322663907525865,0.2898751528060111,-0.670041406644415,0.6787691994407354,-1.9944291949874626,-0.6132524341264145,0.004021867807379188,-1.532041603076899,0.9744572302124043,0.5356383334393041,-1.8307917393803854,1.1026501635585078,-0.40639653513823526,1.852991105773781,-0.516266794760565,-0.34390521807923125,1.7894456844654723,-0.42774099108397684,-0.6405062531833134,2.3445894801329548,-0.6786734643059107,0.519133098792477,-2.210447254741461,-0.6436852518475107,0.058472821411536355,-1.4504293095902498,0.9692758667028798,0.5703328886597787,-1.9157976913762373,1.1032573219902089,-0.4555831864026382,1.8212843575179918,-0.515851226248369,-0.3373229144370023,1.9006258649142125,-0.38855545381911044,-0.6650579600910694,2.3440931668507066,0.581445865389314,-0.033963611415580575,0.11448398943043392,0.06724358957293589,-0.06401020393520473,-0.12843776687053587,0.17783806270779656,0.3066614264602171,4.487044756457509,0.6819623620003916,-0.3423858155571365,-1.8120990633168932,0.25156510612113775,-0.5274076408364836,1.889363482913793,-0.007672686938059834,0.5212127823881619,0.7102690996383997,-0.00460261696598298,-0.1960673983165131,-2.470537394139788,-0.8510199590971692,0.583342139141546,0.011098812833577927,0.18584055077549444,5.849547404782673,11.018979178977403,6.587879463226569,2.2216332012273647,0.0,-0.04679016968677218,-0.34674858821912447,-0.16263156892640512,-0.6487928665790802,4.095306534368072,4.405060272975962,-2.667733073376278,-3.989312977904158,10.140713783154926,-0.8403654648289194,1.0741850021520367,6.6494526146117865,-0.9209892544189868,1.356893733094337,1.7818320772791043,0.002350212160661968,0.11390646931271783,-0.1396038772381349,-0.5161428411034664,0.5467241738733996,0.020128277110481572,-0.6597958440590433,0.5309393015886604,0.00868666106112771,-1.2020214570760241,0.32150079707702284,0.010000089405446718,-0.19550713627982977,0.20143974968701053,0.009999223603756961,-0.7967986845904254,0.014808917254238468,0.010627016176015771,-0.8964720646990035,-0.012378675811814526,0.022610361268007702,0,1,1,1,1,0
2.3,-0.5448411616651585,0.28784955670858137,0.2488015721805802,0.0718967990413103,-0.05298300501976925,0.3020545035491688,-0.8507296682023894,0.7383754115253574,-1.4397875746269646,-0.5290571950425896,0.011551215398514558,-1.6423163353562604,1.0039462578133693,0.48521626973571463,-1.686945682353732,1.0378071345142574,-0.41318433254639736,1.9394406798083166,-0.28080165701795523,-0.35758175128454583,1.3565915120312924,-0.5464341653422925,-0.6225493747698819,2.279580022879464,-0.7707035926261143,0.5362120653947194,-1.9102187192712314,-0.57324411217547,0.033150184880910774,-1.5694231693665774,0.9923240670468412,0.521605368703865,-1.7810273994077808,1.0610572964616927,-0.44734026566714014,1.895552448875382,-0.4075373499833256,-0.34983430109215513,1.638843127219895,-0.48831261544664833,-0.6374398866380915,2.3029412393561937,0.5987831280650857,-0.028341311040894768,0.23582698016733739,0.2001097890619074,-0.331063939513151,-0.4836429016612861,-1.7861474778454902,1.1652045414410237,6.283787261902493,0.9817996125545307,-0.533456743868946,-1.6201425827347196,0.26709725924637323,-0.801865808713665,2.090279043587765,-0.520417246415594,0.2134343105282501,0.9873027239580843,2.8938460800967754,-0.16981023316540353,-6.271766693839976,-1.3615884687298763,0.329705677240354,-0.5193626080329287,0.24574194043915293,2.935826221402928,9.032272412614187,5.367520248432303,0.09368581134510784,0.0,-0.1760236977379065,-0.20584711790572432,-0.35401765401042123,-0.4955777654589607,2.00702858526323,2.357889952299969,-1.4406432515791683,-1.991741504532985,8.899009310115202,-0.7256526796312747,-0.8917949174314522,5.447514270792788,-0.20107468457061772,0.1756790624290984,-0.12229960766206005,0.006888428125579665,0.018116957196536693,-0.06800610093702934,-0.4142940586190019,0.6526350940597059,0.060587968656903746,-0.6608280686981435,0.5068116258214476,0.009859061112191756,-1.2060392371887398,0.32328362222082774,0.010000089406803893,-0.1955563738462976,0.2015887606719248,0.009999996442055209,-0.7511874773620553,-0.050347923455887844,0.016723036564825208,-0.8807504138226149,-0.017278117854203443,0.014639303820770543,0,1,1,1,0,0
2.3499999999999996,-0.5118355014146302,0.28613796928340585,0.2521413478329136,0.09858461815693699,-0.04359867347062654,0.3140348353546738,-1.0839091085027504,0.6288791960003763,-0.8709293467572308,-0.42858705304826833,0.040841637620127304,-1.7882265068837533,1.043562991298417,0.4247835543532262,-1.50578011615641,0.9502256882824216,-0.45051147562578847,2.058249816998408,0.11701560509462779,-0.25255372369180223,0.8652167701106368,-0.6791772446484391,-0.640297580251333,2.203088953449204,-0.9421294490496587,0.5965992521042242,-1.596077995521155,-0.4837012071158993,0.03612615376777475,-1.7065705740128951,1.0250875286095984,0.46297019406674794,-1.6296912254448495,0.9947212595907831,-0.479790720520647,1.9950908935728615,-0.17140242796966196,-0.301397625884403,1.3247030617756104,-0.6105200957029425,-0.6387097546793162,2.2534280100299413,0.6601132050105663,-0.034231748503510406,0.06679551304666798,0.18446280831378803,0.0109777386282654,-0.5665046290300181,-3.1479885407938157,0.7560516038483339,6.2820441155002635,1.2403267826332625,0.07289499243705116,-1.814630721293617,0.4206703546031213,-0.850146048895611,2.752501424611221,-0.9184931301553271,-0.38861039366668987,1.4102933708628387,6.278478973630459,1.2285518645989213,-6.284841738212509,-1.6400748947128576,-0.2983474633411771,-0.6228289136534549,0.2383368321386372,0.0,6.8687490610794235,5.412231444872247,0.16646661351553804,7.8250536247769285,-0.3252549249377556,0.03967887518079723,-0.2911597483812924,-0.030942685945422425,-0.03554753137076563,-0.12159920726592832,1.1115309881424427,-2.3103378238633314,6.58741613157517,2.1977467646566184,-1.782161573309039,4.846746442292484,-0.31825860429383324,-0.13371158932565408,-0.1230058961777671,-2.84468540909227,4.125115251454934,6.268386934934439,-0.2641787457309405,0.727441487355221,0.1647377907652142,-0.6593822047758217,0.479487516931961,0.013575459596050471,-1.212187466141097,0.3221692729216522,0.010753478437241927,-0.19887836947465723,0.20099232239918036,0.010000079424935832,-0.6501995834359823,-0.11908066040652904,0.027779590521258436,-0.8781368575064599,-0.026178976568508247,0.00962965690552711,0,1,1,1,0,1
2.3999999999999995,-0.4779759142130192,0.28871624898733667,0.2521075683508112,0.11193294444656382,-0.03880873875014736,0.3147816057867838,-1.26466755041288,0.3925073313761148,-0.5629897738405361,-0.3374481849970896,0.09420375145519932,-1.944030122148371,1.0772605298565845,0.36014118418937124,-1.3148654394246484,0.8668212224682325,-0.5141976034407771,2.187321825838609,0.5308880359931695,-0.11822103053466612,0.526358383195646,-0.8025662956843677,-0.6747582024427884,2.1283284720907023,-1.1380222684686545,0.5777966069666385,-1.281869640894056,-0.39225245340428866,0.07337919525100169,-1.857236873938852,1.059986888145982,0.3960489132828667,-1.4315489986508279,0.9163891688251946,-0.5040171759365981,2.1136910340159223,0.14057789999966833,-0.19449758384267155,1.0105272732537107,-0.7331934042748309,-0.665585607616166,2.2208997312738554,0.6771917440322195,0.051565594078616384,-0.0006755896420473917,-0.005451680131219938,0.011345177163548806,-0.29582800827009126,-2.9186576869884173,-1.4434079495547194,6.28468858833253,1.2350509549653872,0.46265705994040834,-1.932446559465457,0.48249162498508796,-0.7765326957257336,2.593396068166342,-1.0495387018121483,-0.3221636533903069,1.6386253312254901,6.287768771923276,1.6962308492784912,-6.284505585354174,-1.5567009133869116,-0.6249423909865723,-0.9505328525795007,0.0820988099955427,0.0,0.0,3.819537504171268,0.08157284443410096,11.558244539251563,-0.1582112445271587,0.21286088367148528,-0.09612067888161888,-0.043004186002092507,-0.02038810268934168,-0.10140939643272165,-0.03428728830066478,-0.012340046587574038,-0.09152240691167304,1.6324586671965349,-1.7170562474545996,3.247072264427053,-0.1582379671447742,-0.13383950212428627,-0.19060692576011753,-1.8411010433884747,5.047063787223957,10.459149521857196,-0.08817491768413202,0.7211109549071857,0.25840817261533444,-0.649592269953804,0.4568307109258237,0.023625772373604827,-1.2301054738846873,0.32285556018227346,0.011999439730460054,-0.21242378965243852,0.19481832768989338,0.010000088335154785,-0.49256725793924794,-0.1329697378533636,0.03906686488246956,-0.8777046701745208,-0.025885578976284157,0.009960314519990602,0,0,0,1,0,1
2.4499999999999993,-0.441686166487844,0.2917756237373841,0.24582387327118066,0.10845304756859162,-0.03730926047470531,0.29605155586659093,-1.340825881981024,0.1518434782965314,-0.5982910542357618,-0.26135931401746143,0.15406658010677873,-2.0839777477859314,1.1198417308584987,0.31842722244620797,-1.171375766624936,0.7990367744133889,-0.5636516337496066,2.2819974136917183,0.8174719080348369,0.0028478551636695933,0.5219086542213169,-0.8739753077479463,-0.6989758895149136,2.0507020933927844,-1.270405957790109,0.4570014435548049,-0.9677105785431364,-0.30871341985259204,0.1269604736434521,-2.00137681677263,1.0994508789176045,0.3453221899350922,-1.2656980681514798,0.841441363592314,-0.5428700572818387,2.224731346592501,0.4540406339526865,-0.07151625211168733,0.7188096484230552,-0.8251126155193704,-0.6906348305231924,2.17135268294384,0.7257949545035047,0.06118749500094833,-0.12567390159261116,-0.3697727300634069,0.03809786354175385,0.07897582652414961,-1.6081262851351474,-3.3279988144021897,6.283134798622057,1.056688541625761,0.6875151128306989,-1.8351799195162524,0.5235407680911633,-0.5908352912575136,2.0972326049292453,-0.9099058766998407,-0.460771661260999,1.6485571676616273,6.281213108365388,1.6542397320906461,-4.376496598297541,-1.1305150578448564,-0.17895230538712206,-1.2047703542324963,0.04441238863267824,0.0,0.0,1.098690842476846,0.05824573204387179,12.773392435935644,0.05446859915082315,0.23811109093043928,-0.008584625769034515,-0.03730527058970316,-0.0002766482053692676,-0.06486215693924104,-0.042761226784969165,-0.01159009029634916,-0.08606618829931616,0.4666202566064584,0.8341403114729147,0.879245916245058,-0.06142656190456637,-0.09406955006931503,-0.23252646163655513,-0.5168514355944898,5.059448171623499,11.934980523191973,0.06462279593097388,0.6809151571566922,0.2879976099525897,-0.6270596432195108,0.4370919892481685,0.03021201590871693,-1.235517427144821,0.3282972995296151,0.011593113896668457,-0.22294503524636833,0.18494895174314074,0.009827054445120116,-0.3357771619447231,-0.09224894081523716,0.05645711589773615,-0.877231056854747,-0.025242103424467012,0.00999581861099799,0,0,0,1,0,1
2.499999999999999,-0.40322474337439634,0.29603259049422226,0.23496730541287952,0.0764176676705884,-0.04305745254217494,0.25985386195531446,-1.3584629863478177,0.04739116539618071,-0.863207963721027,-0.19920062897164867,0.19540540653025756,-2.1668991453804116,1.1567312803953742,0.28795612670072707,-1.0773332475527844,0.7771009769672556,-0.5713449056774786,2.3402940105469945,0.9062535681658123,0.02254203794531428,0.8276565802319151,-0.9039402379464444,-0.7102962564418721,1.9909088246189397,-1.3302745761197785,0.29283777370401026,-0.7771352087578987,-0.23793342396726075,0.17206557056402336,-2.108115319726011,1.1379183392275396,0.3261654450210979,-1.1439991560116012,0.7989937752988207,-0.5606073920606637,2.3003299864790794,0.7472131744528799,-0.011477824314910285,0.6536271461739163,-0.8769025308254851,-0.7045232600488297,2.098319668374261,0.7692284622689527,0.08513933513676353,-0.21713135716602272,-0.671262942887877,0.046995967240043304,0.6752707529869242,-0.7055364241473433,-3.339645957031595,1.7559442781571204,0.9103437482236824,0.5188541693984029,-1.3048007544532805,0.5004394617003481,0.3138929280654183,1.481441129858564,-0.5416098125860646,-0.1849335282086797,0.8891624540974902,4.93153744328797,0.7548161012632336,1.1697851512738526,-0.6212977815324909,-0.12371465540988638,-1.9009669604151618,0.1585836405839594,0.0,3.0122480971298935,2.9953197244158867,0.0860748722240453,10.88793446671358,0.12822630987368078,0.3240005108482322,-0.08463988256554662,-0.025753960825430567,-0.010499083115763135,-0.07194999480941505,-0.4825299730901813,2.9285140745039,1.2286203555276047,0.07618324592294864,2.077416414388614,2.4266448639037845,0.0814402150663224,-0.18657429409000842,-0.20098844910285285,-0.05954129419700199,4.928717506648828,9.932093903708001,0.16922595892873754,0.6476681862501292,0.23463222167548847,-0.5951350169715648,0.42312579121048266,0.026981208038399453,-1.2281193446503063,0.33954543204868587,0.009817749413114488,-0.21921867113874338,0.1768210403384248,0.009993897520179075,-0.21824483594079072,-0.0034685051646035914,0.06906265307462069,-0.876713012400676,-0.025157975408640912,0.009999630833741864,0,0,1,1,0,1
2.549999999999999,-0.36715569858691244,0.3058234706465355,0.22186718688761745,0.027122754952640635,-0.05918387707816384,0.2359369081407028,-1.3715704543619522,0.13681245503759082,-1.0357508654108973,-0.1470964824672496,0.20747451630506464,-2.199271821238977,1.177683213644035,0.22499767791066141,-0.9462504373771337,0.7715283420065877,-0.5423167662402214,2.402194818712037,0.8783678854460629,-0.08596835377384122,1.1493469357558657,-0.9469638793250919,-0.7178128539779686,1.9508258589298793,-1.35755188319035,0.19097124001595261,-0.8766118266966635,-0.17925704973167067,0.19612131866066196,-2.1674633396067264,1.1652378069299294,0.32951423445640565,-1.0174408307680278,0.7796368127531582,-0.5541282574669371,2.380646734627825,0.9179641222070407,-0.060107875866662865,0.9092602609729181,-0.9225456989588093,-0.7142397177684692,2.0057744277352003,0.7213808957496781,0.1958176030462644,-0.26200237050524156,-0.37195810829936754,-0.07910618433068475,1.0557867204042013,-0.31452102560898937,-1.3232036579219997,-3.5360629598052395,0.7597014941502044,0.2917123815690548,-0.7068396137676738,0.2804120244082588,0.6123858112392216,1.582071877993335,-0.28746639658242634,0.10964045436259424,1.5288880620559928,2.263435893063554,-0.5761616291799165,5.3338024690695605,-0.5524073886025174,-0.08453442078100888,-1.2208188286141863,0.08843155091048299,0.0,4.219883620058132,6.705247394311757,0.11230688469342626,3.6656452210152493,0.0822994817844867,0.1542789646431293,-0.2293851693708108,0.010774096122748296,0.013703341090664225,-0.04447767752416037,-1.340791830959883,3.5654375566916663,2.2417188740388454,-2.549805463670736,3.1061971141825504,5.615378274161784,0.2580171809716706,-0.0924525437604889,-0.14971723916289703,-0.9689433715504778,0.9747546353822658,3.6130617374032257,0.20483167758562668,0.617291212908706,0.1089217223456489,-0.5617458911151334,0.4165787306405669,0.012700164264743088,-1.222429481504012,0.34675718592552557,0.009980510799208434,-0.21401972134461125,0.1809812111634556,0.009999424558185985,-0.17468958796947426,0.08102443020728625,0.051419271380026874,-0.8790067485983213,-0.031395843861601574,0.010000040168042073,0,0,1,1,0,1
2.5999999999999988,-0.34266038365525336,0.3192800787189347,0.20807436345695074,-0.017274559785783163,-0.052204761305042896,0.23178526134922087,-1.3943146670634183,0.19456612690468578,-1.0805521363394797,-0.08130968426674297,0.20546316307248758,-2.209670771534126,1.1973215403741033,0.1948990839742104,-0.7942549058103281,0.7352997334732995,-0.5681219758562912,2.4564500082426646,0.8277110486324476,-0.17934657643534252,1.3710788373478997,-0.9963164289861699,-0.7198607984818369,1.904445931523465,-1.3821040511392209,0.16734686254883108,-1.0094321773482209,-0.11334803953501518,0.23973614752965708,-2.228393685074806,1.185683503006508,0.27024020565287354,-0.8750060940679976,0.7482301035394993,-0.5756022166771012,2.4301324452062403,0.9339569453839706,-0.1358696902531729,1.1911725761450194,-0.970356982074912,-0.717554381503784,1.9405117765606446,0.48990629863318147,0.2691321614479847,-0.2758564686133341,-0.009960600356447144,0.3622828156272031,0.8267954900579357,-0.26510124993533,1.077799260661409,-1.5807598395495324,0.8508999192011486,0.1544486770399285,-0.6618907733185997,0.2154237095549889,-1.3020938664661144,1.7949998589868335,-0.34044464534289204,-0.37120989439496516,0.5837290162820536,-1.3264138997518513,-0.9661679805436619,4.001092385211356,-0.5670365024477183,-0.05440219244777384,-0.8012617612241505,2.2017727029299428,20.37476597555708,2.9528260727013356,10.638330357878665,0.13028055459226984,0.05704376925133198,-0.03609242992079357,1.785901138665854,1.6055424553570117,-7.646459202606119,-5.5650578451453985,18.272459817769665,0.39404258719244134,1.5248930171487767,2.731253186805448,-4.402760476985035,2.575323691810182,9.563096413359741,0.262119826298871,0.08822523906491753,-0.18054015784518748,-0.10687737642243403,0.14418569977477164,0.18400872180537736,0.1991654577134993,0.5881286145898608,0.007958994421889812,-0.5520017536857423,0.4147854821993096,0.00967118555655545,-1.2243747757481132,0.34893260787906116,0.009997987169966333,-0.21166493457839333,0.18699752141918394,0.010000018019373013,-0.1876476259375434,0.11790910678970605,0.0257037347179431,-0.8828212424439564,-0.03298213808876124,0.019515953458746408,1,1,1,1,0,1
2.6499999999999986,-0.3311005853900169,0.3303144614937249,0.20964983456545902,-0.011842201105513319,-0.04922127244727134,0.24227582684514692,-1.3717435654665862,0.16964625254154125,-1.0838958760169621,0.013032059314480877,0.20057221014789947,-2.2136815084820327,1.1281359932691506,0.3327537589635176,-0.8619001065743657,0.7062899364611854,-0.6768551201993843,2.2406826986046973,0.7875142085884128,-0.178956024933476,1.5003946081619097,-1.0386897559313362,-0.7134810186839207,1.8333002491647679,-1.3804100120765646,0.18404749101311244,-1.0579035971208346,-0.03440772308046492,0.21656150162799842,-2.2418540877531106,1.1525255959933542,0.29989145411123524,-0.8662573724146777,0.721359482695262,-0.6122222669162478,2.365773070790109,0.8405282818207838,-0.1652831150595681,1.388716709397107,-1.0151242398114384,-0.7152093560580326,1.8713633450084404,0.23119596530472908,0.22068765549580371,0.03150942217016561,0.1997767903136503,0.016326844182549743,-0.1422812719658836,0.19286996450582933,-0.32031147437059293,-0.5739086965403097,1.181366173689312,-0.265693762795611,-0.1098639808026015,-0.5496252696168086,0.7353555489892131,0.0999204711782437,-0.3272201426086558,-0.9316617660998275,-2.7797750043123908,-1.1773458807778883,-0.30360932436799054,2.4743845838915846,-0.5335513012690539,0.03833497309407793,-0.8469850854614802,3.476296681886476,12.762587572090391,0.020457100749305707,0.5517385956783372,2.958180989888525,0.0,1.8899724445309989,2.2276153319348753,2.2317910711112066,-4.52915161342514,-6.69574618388542,10.13323468926406,-0.10683557834148945,-0.14327893939900227,-0.129068346219846,-0.09542484661489986,0.6695396930595038,0.3282097108538181,0.2911892936071461,-2.534898500098526,1.86107645043939,0.018827037789263833,0.0028739100914691217,-0.016474135609945158,0.19895697664212691,0.5987350802341505,0.009780928501743544,-0.548561084701427,0.4150122627107351,0.00996477362494098,-1.2179640201600193,0.3676329713242582,0.029321536757126135,-0.17872419318105895,0.18449419012655285,0.010336810283134523,-0.22425951188893853,0.11752818777744277,0.009935406682634484,-0.8953072675552652,-0.03174450003512884,0.026229359030880865,1,1,1,1,1,0
2.6999999999999984,-0.3224754837427838,0.3332743321713033,0.21828687670230706,0.00883496947919412,-0.07932867138742912,0.2507238210001444,-1.3358758671783746,0.12790735789060234,-1.141973380578331,0.1405628848975901,0.20378887581805422,-2.210458554153183,0.9054835895370106,0.5635850675520574,-1.2347781294614886,0.6552935153986431,-0.7805278295898684,1.7066271826150783,0.7162295941412941,-0.1770287504215533,1.594561635683678,-1.0766045343318176,-0.6888159757450035,1.7184063252757311,-1.3571077636873237,0.1590856126140197,-1.1106141813719133,0.07134840646322652,0.2089015919130524,-2.2341093528307203,1.0404381099849316,0.4691152685482567,-1.071940266408179,0.6784920359693803,-0.6454170074104527,2.111511979018633,0.7608502745853413,-0.1851606253056035,1.5193953953622175,-1.05548057515984,-0.6979267242510587,1.7747653976357627,0.1725020329446625,0.05919741355156827,0.1727408427369609,0.1410775543075255,-0.683623937491975,-0.23717944150005413,0.4466504883240946,-0.6618051489657837,-0.6963504688904443,1.5468366883252387,-0.10239066493420729,0.450885402287785,-3.027380608197252,2.2422442872611774,-3.6179285765301246,-0.5211897404371989,-1.1288277494063987,-6.282673027805574,-1.0454033279222676,-0.27229891948973556,1.669787682654436,-0.49204178002378923,0.20297834854633723,-1.252942677580852,2.8698612140366855,9.701193012800983,0.07187577201819545,0.2230528446855447,6.018717007901536,0.0,1.583514405957078,1.9341727381880762,1.7819948985401826,-3.6178050450695203,-6.297241117459924,6.729774442073122,-0.2130472835786054,0.10444967387620319,-0.13273114177698425,0.029557020123966427,0.3175334642623194,-0.27797947951511354,0.7457593908798306,-4.676437272922458,4.030783867649063,-0.04944735881394967,0.04167362621897329,-0.028004853831842286,0.18726281369709885,0.6138418191735705,0.009976557183954626,-0.5445145880847929,0.415559779412459,0.009996297403746239,-1.1759410860881754,0.41532071145627186,0.05306209513583025,-0.084693253851716,0.12303420172847392,0.028197089399095654,-0.24333813438438703,0.11846822551531763,0.0099931441523266,-0.9090429637967251,-0.03749083542255522,0.014623327234611242,1,1,0,0,1,0
2.7499999999999982,-0.3140254958745582,0.33180868623423904,0.22894863552950018,0.022623497048028608,-0.11822470362520224,0.2603183170637139,-1.3156443435764258,0.12829831399784372,-1.232000215437767,0.28445443684352706,0.22529111188970863,-2.2077012084107346,0.634881812491108,0.7876330005344604,-1.7999584412140046,0.6915180327624219,-0.7342869401222774,1.0669354778332991,0.631123431362242,-0.1784521569055658,1.7094003333845842,-1.0971362841869725,-0.6368647961557674,1.5576985048676684,-1.329910059721435,0.140601674705338,-1.18619159963333,0.20208108961802643,0.22202850767276455,-2.2172869274596243,0.8085857585954037,0.6696023322151954,-1.379603878286147,0.6871231230161641,-0.7017554633253267,1.7973354902088248,0.68006672481118,-0.18508722742858114,1.6371608905574406,-1.084510607895541,-0.6851064966026675,1.646789406574571,0.1689997573645119,-0.0293129187412855,0.21323517654386226,0.16660299207111168,-0.8122418335389376,-0.06216115371408473,0.3675979938424536,-0.2715857478171181,-1.0169436374476994,1.989766672316061,0.1652650481111252,0.21003104970400852,-4.662665664258987,3.0919186886595855,-6.282924241625492,0.10969031767253286,-0.7414260521392106,-6.2858101576104755,-1.0800728949049565,0.12969360042817027,1.6052373830845892,-0.35453820094431293,0.021370914796771483,-1.9791820619774403,1.2850157044714352,7.768386732646124,0.08271035176207087,0.1489010603995728,3.4365536718876624,9.797733351134854,0.3841781183444176,1.3355505772815788,0.5234343047938081,-1.690401888472893,-3.4780954152877745,6.967107065246824,-0.10855596640820209,0.08483251588934577,-0.24686876958922738,-0.04091830882211313,0.008873529614160167,-0.34637970844619514,0.5705037688758976,-2.5509317781459906,2.528199976557031,-1.3148790944641338,0.5593502536418359,9.895094361403844,0.1689084536450069,0.6235070869058205,0.009997562653761172,-0.5424825952172999,0.41547401555203534,0.00999968224372156,-1.0782936032022061,0.5002212601009599,0.07013028823630785,0.03443058314438602,0.04343260924565727,0.11265421924368763,-0.2600798993815376,0.1193041298829043,0.009999343665928632,-0.925125285759167,-0.055257059361767134,0.009450777223329073,1,1,0,0,1,1
2.799999999999998,-0.3040880843341352,0.33218550263013097,0.2394701293926533,0.02058134601428527,-0.15222185978985261,0.26113373879064866,-1.3385722501150814,0.15164354414324996,-1.3904418135978562,0.4117164859368554,0.249141639275213,-2.172793505002938,0.4088514400390929,0.9084598345114813,-2.333706027894111,0.7970661405490349,-0.572203278125047,0.5414509684891562,0.5460923296840761,-0.1962922842094737,1.8295918943965732,-1.1198466050054017,-0.5720475652091103,1.3901542329334133,-1.3346710453758277,0.14918922314008964,-1.310851423633769,0.3320337831624869,0.24049804581483514,-2.192324751814315,0.5320044722690874,0.8235151369727539,-1.6937493473384517,0.751206795973027,-0.6631274511392046,1.4831530942471258,0.5945821638255631,-0.19273064603999482,1.7595565534265205,-1.1070574605689225,-0.6486616902414241,1.4872465633510883,0.19874823080845982,0.007536327917838648,0.2104298772630625,0.04365070401956598,-0.6494537346044965,0.19719545425967586,-0.08622682324590779,0.0421016968885776,-1.7687023749635953,1.8953039555654636,0.19289164432503142,0.43862839783068575,-4.653118769306569,1.9920196282476037,-6.282321545183892,1.0592296024723171,1.9078214378238725,-6.288897697699892,-1.1180924143697761,-0.03714528834419208,1.5566333717401353,-0.23089961236536186,0.5052089998284626,-2.1548683127434756,1.4744875053049669,12.782150704721586,0.03696652830116631,0.013926426761590255,0.0,6.23964291820427,-0.8452063314546017,1.1966896786220589,0.8108442981059548,-0.009573328786837854,-6.293260956711243,11.354779249382744,0.10624787120747274,0.10960599506411835,-0.18124858963587057,-0.14505062511507555,-0.13377407090468232,-0.08263976146079369,-0.04181003608348346,0.011271587585410997,-0.11282964628044785,0.290198783070303,-0.19095976177368898,6.430265931488857,0.15307637868214868,0.6052173270382082,0.00991769251399878,-0.5421199976961483,0.4153373891524551,0.010000045688146688,-0.9361825572941929,0.5669691931500828,0.07870036361441327,0.1371749923750168,0.004464027697114931,0.21120408077327518,-0.27945467087006304,0.12145603792649948,0.01397089191455066,-0.944776196566668,-0.0767019144028416,0.009941107460366777,1,1,0,0,1,1
2.849999999999998,-0.29031640687270654,0.3312548843051406,0.24670043344311543,0.027072686905148635,-0.1609692151097447,0.25660591435669156,-1.3607313951994766,0.23481090407766347,-1.5332566409724617,0.5105946113066809,0.24020334717862768,-2.0967951604793975,0.31495158566960746,0.8535252729090554,-2.6000229538323723,0.8981868942518747,-0.3585446696736221,0.3083959084621015,0.4490627627549437,-0.2288873826267824,1.9450769064102376,-1.157499643925121,-0.4964822296499396,1.228841288445233,-1.351990057232462,0.20319087831437446,-1.452868584126516,0.4456117644864339,0.24337046744889868,-2.1588863403265517,0.389098152964168,0.8512117067534374,-2.007933055671996,0.8412906394653469,-0.5327767940857042,1.1689903607239966,0.5032857912856534,-0.2167357208376643,1.877420137394654,-1.1299309693548722,-0.5808263222114125,1.3251324555594908,0.2754335492285731,-0.018612366499807242,0.14460608100924255,-0.10666569557280733,-0.20003876314095376,-0.06568302353089225,-0.2418852966441093,0.651705889925053,-1.7865572589042369,1.4484220996307222,0.06632960544876695,0.9028878847541395,-1.6478986720795634,-0.03650870823118539,-6.2836470700788745,1.3262802780724665,3.8027338669727726,-6.283275874088732,-1.2198452052053907,-0.2706608916324876,1.5043577014040832,-0.6025288667764724,1.0037429969268858,-2.139403747679577,0.0,13.661495057913028,0.1779065371694446,0.0,0.0,6.798360179431099,-0.011911452582040061,-0.08996126057209267,-0.10446005207314016,0.6276160596017456,-6.899819204160067,12.005816851517483,0.33036770885399824,0.10398732837052749,-0.15118585687927535,-0.08809164229888097,-0.16271571156294473,0.03721187867170902,-0.023490574550991638,0.021123146346395023,-0.10394340448003507,3.428840181232622,-0.6842048075562751,6.062339811815931,0.14108549676101068,0.575927386534633,0.0176075300045931,-0.5420668389698485,0.41520611450304823,0.010000084712694448,-0.8074977495288124,0.5504458556348046,0.05762919021889975,0.23660690455288763,0.006759258345430563,0.26398866281029826,-0.29683559935655524,0.12560151385119342,0.019273930455873684,-0.962506937634416,-0.09065248673734198,0.00999375626867479,1,1,0,0,0,1
2.8999999999999977,-0.2711536800452245,0.3284384817775482,0.25163603986003724,0.03797114063260936,-0.14718837062047416,0.25680560935936797,-1.3780747869377528,0.3103776815362578,-1.641636884971841,0.6115559612884126,0.21706187684579317,-2.004988911964488,0.37536858972376,0.7324785187705694,-2.5732847449208855,0.984120258961841,-0.20066738327882844,0.35966464368785367,0.35747765930041414,-0.27451926333395626,2.057760907118336,-1.1964699086219759,-0.4131425043775494,1.085168703883796,-1.369720266212566,0.2724072781147777,-1.5745248156630018,0.5494953893458878,0.22763532927535013,-2.1004824933734993,0.3782322915154524,0.782584944162562,-2.319702585010852,0.9309433340375368,-0.33602072420027046,0.8548380705792937,0.41011901249112703,-0.25441727324484276,1.9925329569221648,-1.1605195769730738,-0.4920529069499397,1.1722334541438273,0.3832545365496409,-0.0563280505518482,0.09871212833843623,-0.04590329885750297,0.20915655843974085,-0.28605508202012975,-0.19383124803705068,0.9161076675850928,-1.4903704994927975,1.4016184426025786,-0.13700227440919813,1.255802637413697,-0.07252793942086506,-1.6973226860521686,-5.801307746834049,1.1916788318963787,3.690344950210323,-6.2834231649334225,-1.2459489064501392,-0.44757925734419063,1.449850771549913,-0.708830977388617,1.7195318339715895,-1.9397500672544914,0.0,14.409510198823748,0.06417831565755044,0.0,0.0,5.59648881723819,0.03811397348883341,-0.062304460323298214,-0.053612521427915186,2.8478430616774437,-6.770356644689609,12.628929053933986,0.10817354983462428,0.018467786219003274,-0.24030731668429411,-0.06640416212249402,-0.061493207960085935,-0.029986762724529825,-0.04191048887783762,0.004519706107168881,-0.0894790607804006,3.2076616493144647,-1.5900565137511886,4.558717981512128,0.13405392502615052,0.5554801629339013,0.03040458133806691,-0.5417406152887925,0.4149394722913695,0.010000088902923612,-0.7155788913028635,0.46436268317399854,0.03440143850302863,0.3348539060231408,0.035400660180821886,0.2538514794363571,-0.3094585183041513,0.12973762350334583,0.02733351884025938,-0.976973283807273,-0.09630535446600422,0.00999940939142107,0,1,0,0,0,1
2.9499999999999975,-0.24351256826699538,0.3252589144065969,0.24774497347862928,0.03105812625237927,-0.11450760711408588,0.25842975449414063,-1.3768222465393118,0.3750790565029143,-1.733088713897898,0.7011235042382984,0.27705087987288984,-1.9444994666076603,0.48419918453389654,0.6902775862668615,-2.489124898297701,1.0568086470524705,-0.1440191567936967,0.4674212509800957,0.28799873570104984,-0.32391457974665994,2.1430621497428595,-1.2189923938329024,-0.31991526882947763,0.9580068422790373,-1.3744880809581932,0.3393406569449136,-1.676954348156208,0.643028455953424,0.26006768360489446,-2.0327542195270314,0.44462963370293695,0.6893581903358921,-2.455218259712868,1.0113459316042224,-0.20949403657171073,0.607640016459326,0.3308799295971204,-0.3003438233806213,2.090207314648736,-1.1968630587647948,-0.3855977242874449,1.0351438563973518,0.5528222355645823,-0.06359134741902639,-0.07782132762815919,0.0381676795320048,0.6569140503090927,-0.0260146640988785,-0.08012620073034653,0.7932214627038003,-1.247777353844252,1.2066559420717944,0.37740800843452177,1.4071071295208641,0.8384181848428117,-1.7931639245019706,-0.7525975483220828,1.014171344460448,1.4554173095482463,-3.1167126927797284,-0.9850838622945767,-0.523720335866415,1.1716597338133736,-0.581458184413802,1.4445714930567273,-1.7175231850541053,0.0,11.529041576496216,0.11282406080479951,0.0,0.0,3.65954019929853,-0.045079991983955445,-0.04507760363229898,-0.02103015789102123,5.506721196076701,-6.491311261541502,8.069034395616422,-0.027897501012352978,-0.28763526259443656,-0.11977720220434344,0.007574758642032287,0.08663336001555907,-0.14509073131972675,-0.03981646096901983,0.040603375206551655,-0.09609632188784405,1.4400309896233834,-1.8080153158421115,3.090864266933439,0.13251043404704518,0.5402610973919465,0.02635422131514064,-0.5455977227272341,0.4145063281317346,0.010000089352846032,-0.6624609946432846,0.3962664078526518,0.03146753402612208,0.41627912489049335,0.07582171754465047,0.2440435312784941,-0.3107418226372576,0.12888393742651116,0.03517043087451454,-0.9817815792765013,-0.09681476709026886,0.01000001639085378,0,1,0,0,0,1
2.9999999999999973,-0.20998740338785954,0.3210121308873865,0.2361176383521609,-0.010483826152251722,-0.09501544412041248,0.2571332868272566,-1.3757072565454025,0.44174191065285445,-1.8170405788315813,0.6236876247615173,0.4063082463449425,-1.7493380587594198,0.5782379183836271,0.6944372876999507,-2.455465606857843,1.0832461434562446,-0.140083446871093,0.5695281547692859,0.2299796787590994,-0.3659472415246655,2.19379174779997,-1.2251805207876152,-0.20344782907854292,0.7674701202301515,-1.375130863782905,0.40587695011757435,-1.7676728733072975,0.6362577644428455,0.3513508265335331,-1.9540198751030196,0.5300047034544917,0.6777810839180294,-2.4559196029568775,1.0593530874058505,-0.16446053486790957,0.5762858382248335,0.2658040229568714,-0.34099997073044314,2.157646744961237,-1.2173645408955085,-0.2724265385314517,0.8672668337157496,0.6705032975827169,-0.08493567038420746,-0.2325467025293676,0.0745313311111587,0.5874467248479844,0.6827800076832015,-0.012877929665395237,0.8405379118080174,-1.0970283020556022,-0.19721726841343562,1.2277817350391393,1.9638805354852902,1.088426791583783,0.25806693794227403,0.010081851292471751,0.5661781780885798,0.5417185867845171,-0.15035202093970634,-0.7742043241503181,-0.5541060941812869,0.7975919366085713,-0.23404552804722126,1.5262968185006434,-2.2176389186367764,0.0,10.070588004695013,0.0,0.0,0.0,2.666081650983752,-0.05679957539107945,-0.035462603422969696,-0.05806123366087855,-1.1128462840530127,-6.161575456395147,8.141347493222693,0.005382791488517208,-0.048008276763710764,-0.10338835695411738,0.10548927071013318,-0.03511003716685625,-0.05673334138960064,-0.020495630164875746,0.038352178588365426,-0.0910373503646203,-1.2523277582045376,-1.405962716413912,2.160872059190493,0.1426247420244169,0.5182485596164248,0.015012115451052131,-0.5493427331537817,0.418204964090944,0.010000089401155815,-0.6390180047716707,0.3705042273715394,0.021360915256480373,0.464384033052871,0.10643174031274502,0.2151540827777032,-0.29695625085912514,0.11862963636616261,0.04112444012066773,-0.9774509071528326,-0.10749442667707196,0.010000081566921878,0,1,0,0,0,1
3.049999999999997,-0.1781024620550179,0.310878652503451,0.22099518185881323,-0.04717678590019034,-0.09161615113218059,0.2616130028203092,-1.3521723608268075,0.49986630958394285,-1.9110550858984807,0.35200440939091393,0.4868751545013887,-1.420196416743983,0.6756648373604847,0.7240502265229561,-2.4333113313887482,1.1445622616299291,-0.1218985746885602,0.7527753930789025,0.1496470374211393,-0.39642386835422855,2.2173986296720454,-1.209871428381502,-0.16153545758858326,0.5905237146010869,-1.358311047676617,0.4746800494048715,-1.8601308906411305,0.5676323673626206,0.4401622039546965,-1.7936493591289466,0.6231665035467415,0.7086100810330385,-2.441194143014285,1.1127487113184944,-0.1375704264394069,0.672294093843486,0.19289683865050594,-0.3771118155642892,2.196517427453803,-1.2131034676623393,-0.19942273016399498,0.6962828761880502,0.6376988266568329,-0.20266956767871047,-0.3024491298669535,0.17900666361669182,0.267104879021689,0.6955394850490292,0.14771717533070902,1.1087196408331832,-1.1363950377073044,-2.5493953149094453,0.9448669333269414,5.323999510093923,1.1184201863229029,0.6268409808842026,0.17577385569617934,0.7127312033272379,0.37378330572747787,1.7881886432963512,-1.0002759328693778,-0.6157133997365477,0.45821081775309563,0.08114424295971169,0.8414387968612662,-2.3502414596422803,6.02300523986112,11.419237977053745,3.622502278511806,0.0,0.0,0.0,-2.327278645641494,-0.2626707556204817,5.765463762354405,-5.595505894092119,-3.2073896090613894,9.664867140953017,0.7540984473679904,0.6763652405859398,3.6858363043185003,-0.09399421294994642,-0.03541445673313685,-0.10975735264004853,-0.015578428445450132,-0.01961568583512633,-0.0811281524638599,-0.13032033360552342,0.0839279276620268,0.009332780538126847,0.14740421647176588,0.5022084067040576,0.009669210359182086,-0.5566241983988467,0.4385663218711855,0.010000089406343338,-0.6258901168087994,0.3454892991469618,0.009041835491287922,0.4928179964795609,0.13759737818145695,0.15204973926155144,-0.27731913710344475,0.09854830225885722,0.04063740227794351,-0.9613569378799305,-0.14391327022664804,0.017411106626535555,1,1,1,0,0,1
3.099999999999997,-0.1513206823056184,0.305205270953708,0.21134928058418836,-0.02098053246830966,-0.08853969872613698,0.28370988655042834,-1.3132769653909708,0.5393088529525057,-2.021115666838323,-0.06774712490948279,0.3982551654419528,-1.032017950630796,0.7729214791647278,0.7655707576172721,-2.3775038840245837,1.1668555101284261,-0.15685169978395505,0.9887448081409227,0.01661454060154918,-0.42390751405973814,2.231375539186023,-1.1345915605630694,-0.2744883245574358,0.586622161791202,-1.329586596720451,0.5178439261168495,-1.9588605715128726,0.3461148068133074,0.4146590781774591,-1.4794992537785845,0.702067053584676,0.7689053114904474,-2.4043559874139104,1.1489401354519537,-0.15056139511146693,0.8607233765497061,0.08845576934061274,-0.408776289268207,2.2191883496845715,-1.1640891495495425,-0.2375762161917474,0.6248422839817249,0.5356355949879898,-0.11346763099486012,-0.19291802549249726,0.37303023471021446,-0.071892908449312,-0.555910240779846,0.3471964501061545,0.47741055664006815,-1.3845035748174277,-5.978518439507972,-0.35870376257220876,6.279545376886551,1.5532034672451664,1.2033039608787923,0.5931466117919846,0.38721559587955595,-0.13933808094433256,2.8491821674815445,-1.6377287011477502,-0.3520457464989154,0.2690061882244725,0.7527486395007188,-0.8388714041031484,-0.8534109277443398,2.8457486134825847,0.41580322526838226,15.466527315151676,0.0,0.0,0.0,1.2959537239562042,1.156607719787701,2.501868730453824,-0.5980849348344082,-0.03914289437269124,0.14133597134201892,7.798423682647351,-1.0201155599510523,13.549318448787904,0.01942332051396111,0.01936560875759493,-0.10327482363929788,-0.01802052750539415,-0.0591350427730037,-0.030156590956036976,-0.033220016024127844,0.08191344074311993,-0.13329917117100507,0.14184953142956913,0.4985667567685603,0.009964561539738017,-0.540620893349087,0.526487572605097,0.02128432129244367,-0.6231689141295593,0.3395477313026217,0.00989719767623925,0.4934906932215377,0.18267579094844616,0.07560162077138748,-0.2615429470292232,0.08901469902067423,0.030134877887557136,-0.9244139922355691,-0.19291825111769617,0.0409444480053955,1,1,1,0,0,0
3.149999999999997,-0.12726681864978656,0.30070444698534027,0.19845682710801202,0.04020780284860511,-0.07369953082715894,0.3038173023417757,-1.3132769653909708,0.5393088529525057,-2.021115666838323,-0.06774712490948279,0.3982551654419528,-1.032017950630796,0.7729214791647278,0.7655707576172721,-2.3775038840245837,1.1668555101284261,-0.15685169978395505,0.9887448081409227,0.01661454060154918,-0.42390751405973814,2.231375539186023,-1.1345915605630694,-0.2744883245574358,0.586622161791202,-1.319943626440958,0.5375148047657802,-2.002115443391958,0.08480671185522035,0.40473157860579173,-1.2034883327417376,0.7481613342971752,0.8084983956344971,-2.386837548982753,1.1609644477627097,-0.15390839065891332,0.9441569629240364,0.04079894144413692,-0.42736921593695726,2.2372822130884047,-1.143621637991092,-0.2632577428321005,0.5999336768918991,0.48107727311663684,-0.09001647936735413,-0.25784906952352693,0.2433733904684432,-0.06528550348966927,-1.2482486386527605,0.1353090304044689,0.1691699865989522,-0.4224462138196852,-3.4265344702595852,-0.1298162463570484,3.8115204629957207,0.547164936868992,0.16962491279315522,0.20752547067984284,0.11504608768215877,-0.03618053977158892,0.993499615070379,-0.6880968170315432,-1.6855569267796304,1.428786300566493,0.2008269592435843,-0.3179163832071517,-0.2958410298090243,10.043060966504209,0.14978501154489932,6.469500838549482,0.04606979579732379,6.800956042295029,0.0,1.329775516537919,-3.5963958580570066,9.498312053796129,0.052519086809544716,0.05307446297489536,-0.34172269635200314,1.6176467078922265,2.6211978630559427,5.915638792773664,0.07233688599964268,0.20193539911921313,-0.12058115072504257,-1.3204737142926783,1.5553174226189306,6.697068193687994,0.13757424306584604,-0.05491673680857857,0.01939177442995907,0.14314211172482005,0.5061673813346035,0.009996274631271226,-0.4727267130915443,0.6255670821736128,0.0800977476214318,-0.6216248112177859,0.33246542056799216,0.009989041491504546,0.4962893419263598,0.21410265236697879,0.018174349242838117,-0.24454016564237152,0.09036225581412703,0.009867785024428748,-0.8894929246767119,-0.21888188689237079,0.03587366782065168,1,0,1,0,1,0
3.1999999999999966,-0.11579645649414724,0.28685204457095553,0.19727833540798076,0.11438021723155369,-0.06508226387302972,0.30080126995323964,-1.3132769653909708,0.5393088529525057,-2.021115666838323,-0.06774712490948279,0.3982551654419528,-1.032017950630796,0.7729214791647278,0.7655707576172721,-2.3775038840245837,1.1668555101284261,-0.15685169978395505,0.9887448081409227,0.01661454060154918,-0.42390751405973814,2.231375539186023,-1.1345915605630694,-0.2744883245574358,0.586622161791202,-1.3155268217082994,0.5380444119399381,-2.0145086107071566,-0.017037509504874353,0.401973108739026,-1.0917860826515486,0.764215828828847,0.7845591077741403,-2.380750876666756,1.1683213658755043,-0.16673562962338184,0.9731940357404507,0.023139743408573568,-0.5079889519984508,2.297442829262936,-1.1370722554188109,-0.27088849790428526,0.591251039355442,0.22940724311278637,-0.2770480482876947,-0.02356983400062518,-0.23505244630265076,-0.2736904888192466,-1.4595238120007168,0.046238710574857934,0.028057228833192154,-0.1474558085043962,-1.2409053547734317,-0.08031921245722601,1.328299281838935,0.1955594080573768,-0.4093312767804979,0.07258798309433061,0.14378798947200508,-0.008375528008281112,0.3464681880388757,-0.23519584100388238,-0.7268990547103039,0.7074827409673557,0.05362674882393568,-0.07997873790022778,-0.10366196150102748,0.09504771764242315,0.04801891126452246,1.0039705297985426,4.7077901652890395,20.262584285749817,0.0,-0.07047706764825146,-0.1694266701133577,0.2310427278145891,0.2045402232190403,0.0939168510127311,-0.10419358198179338,-0.10648397677904012,0.4580340659462324,1.1083370397787249,0.8557332602620692,-1.7873941743582695,4.489916141673382,-5.710868735522174,6.900443239341518,18.398022095803576,0.0975853957685455,0.08904563973251596,-0.014525599289793106,0.14673659890397553,0.5070935056229461,0.01763473072675502,-0.42615334860631127,0.6523308710075012,0.13832639626164953,-0.6129852169220633,0.32896512517896437,0.009968847256972592,0.5005060227669033,0.21769433564815951,0.009358955829326915,-0.24405542207388073,0.08980889556334276,0.009985883332064202,-0.8799806670014992,-0.22254333605733007,0.010545577950998475,1,0,1,1,1,0
3.2499999999999964,-0.11473900807132664,0.27424370512964313,0.20364653066759938,0.13691265806675063,-0.07421906560192175,0.28943886778145705,-1.3132769653909708,0.5393088529525057,-2.021115666838323,-0.06774712490948279,0.3982551654419528,-1.032017950630796,0.7729214791647278,0.7655707576172721,-2.3775038840245837,1.1668555101284261,-0.15685169978395505,0.9887448081409227,0.01661454060154918,-0.42390751405973814,2.231375539186023,-1.1345915605630694,-0.2744883245574358,0.586622161791202,-1.314230740110035,0.5395030090929998,-2.0187973738416582,-0.050615330276983624,0.40092549033221103,-1.0528348461552222,0.7699155846222243,0.7721233984208943,-2.3786329983225483,1.1682088838914721,-0.15971392855879246,0.983301000994037,0.017556037853485838,-0.477025527563302,2.3037165342385335,-1.1347750576184559,-0.2837546400179651,0.5882079570522514,0.02114896845641201,-0.252166788826248,0.1273639051923725,-0.27244455702461623,-0.3177773053334751,-0.36155238401459117,0.045580984497041024,0.031447087215134846,-0.0521638955564876,-0.380506189713632,-0.0593709918480403,0.46600425171519505,0.05535816951776595,-0.1252378553033433,0.025745091863262955,-0.02444719197209503,0.12225426357376477,0.1209041567274788,-0.050075823334705,1.18051004014083,0.041916934685922225,0.07683501384376752,0.20587648649755502,-0.040738006912204645,0.0,0.0,0.16777149902599447,0.6021812783269478,16.798537032192904,5.178194831067915,-0.02306610672839184,0.008819184989723745,-0.056595449081583274,0.07573877885339232,0.025537027236471062,-0.00682439970648434,0.07409286682474134,0.18216946773523773,0.31077388501381253,0.5676762750743596,-0.5308028510034928,0.1987128163519402,-2.9763740246840404,7.5833444549198585,14.919260899188533,0.4899181587786961,-3.357391042595384,4.172874935308368,0.1502158647994088,0.4957314613682303,0.03166187424638385,-0.407782902988432,0.6533989319938408,0.1621373907396879,-0.6086609022985348,0.32594658853570463,0.01003230772943143,0.49854878486067,0.2049873783868821,0.010138044875385915,-0.24404143333751638,0.08927019938662738,0.009998564041289256,-0.8841934076131573,-0.2239919936315428,0.009714302647230055,0,0,1,1,1,1
0.0,-1.5558234322208906,-0.04055100011046779,0.2669974010498631,-0.04335414234884369,0.017063636375406373,0.02294095953600116,-1.091268871407726,0.33695265365212945,-1.7171341015085073,0.6421682206167844,0.23894732724002454,-2.162473962198168,0.4613009691552675,0.7018362673660467,-2.595388310994664,1.2026206584029502,-0.12702445573556725,1.2122200256914208,-0.0062030122631018415,-0.35865509330929685,2.2573064401056637,-1.2271044359120273,-0.45154085622807866,0.6499631095960492,-0.6291371231042173,0.2789273211140087,-1.2796081823224166,0.08168776492650685,0.15700898371016742,-1.3008459340458585,0.588778643063492,0.4041337049256105,-1.3070254332257258,0.547710311666672,-0.17787438744355283,1.142301286891257,-0.004918270230013702,-0.16298912080303576,1.3084677352610234,-0.8096511275285938,-0.17991826619980858,0.9164600917140795,-0.018539784992257502,0.1095824937754808,-0.10007098380227952,0.45374415153895653,-0.5940456337578011,0.4653567055691204,-3.613615026517756,1.2990792209394617,-6.285527680403118,3.2909107232221917,2.8994970864194083,-6.283074376952275,-2.878537063663947,6.222062556624484,-6.282914510485864,0.1901580543288799,-0.1447045638477585,1.5535841836555393,-0.023548377689678518,-4.440224940041161,6.28395709571752,-3.4931793564048745,-0.7665390072578897,-4.800103139062244,0.26873821204934667,0.09768381016441757,0.16697819940947556,3.7465184005223495,0.033657939874561005,0.21170613596524024,-0.34461442788425345,0.22784721232607094,-0.22145440922335533,0.21840049860602728,0.15858631670363577,-0.12556772354796356,-0.23613965819798924,0.0007977970854766703,-0.28090999303650277,-2.1961335120924668,-2.1844942674593937,2.4454017825631307,-0.09094935178766832,-0.013942820501310996,-0.21477859770539323,0.2815581186574757,0.30031428601275184,0.006188523745029917,-1.281018570321939,0.4551815809456486,0.014785599639075681,-1.7867319663625794,0.3093821794322552,0.05146147943144831,-2.1819684604641854,0.3623227360164072,0.07548897511668769,-1.2821203810811568,-0.5667646644027787,0.009303540726835802,-1.7493308530997693,-0.40777802761967835,0.0666693281169876,-2.264650894105056,-0.461384482037384,0.07008288630047849,0,0,0,1,0,0
0.05,-1.559650361620035,-0.039346879232456965,0.2511192262856189,-0.03717368440416212,-0.05494982791678499,0.02422716113565987,-1.1767748956667445,0.38194477935943594,-1.9422361647612532,0.6334239809767016,0.3829277169199062,-2.1116326191329162,0.5510932650846239,0.7008293892070709,-2.4167154623224603,1.0845531236953572,-0.26987409161004666,1.3998470004267005,-0.2273921798996759,-0.39719307195627146,2.2121794468657185,-0.9571858543130245,-0.6405160689860259,1.1291382627797049,-0.8682677042777306,0.3621206572185354,-1.5937199457186988,0.3653214082083501,0.31238939573225527,-1.6150035706808012,0.5489546585180205,0.6461855842587303,-1.621200356230574,0.6654537186649055,-0.23817745284441544,1.303904104446224,-0.07085257277188499,-0.3557201299491299,1.6226154918014644,-0.9066997482334769,-0.4200638849199076,0.9881661655663193,-0.07653858798288837,0.024082417560216535,-0.3175634952848838,0.04179921750792956,-1.4370356658536347,-0.09624150473970866,-6.317696136497795,1.706261209667424,-6.28274334166234,5.950567946678866,2.696432218854657,-6.284114372169997,0.04110440092275505,3.9006546048521487,-6.2824791363467565,3.267161315485828,-0.7048150469597445,2.1319152443286478,-3.0727704033298506,-2.794576026376261,6.282102075720615,-1.1382320050890695,-5.327370576362986,3.1331780392014847,2.882889779392416,0.0,0.10592436322706278,2.2846760214050454,0.08861211471258046,0.12225759390174029,-0.8245530471719782,2.5298275195496323,1.557014574630238,0.03735100027074943,0.10528442898650905,-0.05386978989507942,0.2355753709256184,0.18195386251501366,0.07061694233686897,-1.3701682503690642,-0.6241635396236113,1.9765307416861266,0.24821604779588066,-0.1416185063964685,0.04037257759289325,-0.08551383455592407,-0.1481006461770002,-0.27313648516599903,-1.2353576046032697,0.31165870182808875,0.009682083782184544,-1.853120522717461,0.24746702298859197,0.033321679890347275,-2.125078939321869,0.33781466805008886,0.07415633463420368,-1.2395806174476756,-0.496531593301243,0.00988534129121639,-1.7536987279267346,-0.3680934266493346,0.06465903313483444,-2.3200240325621264,-0.4296352695229262,0.10316002168912952,1,0,0,1,0,0
0.1,-1.564388066399335,-0.04551968735050423,0.2225597090129199,-0.02070422407288927,-0.12297221291740686,-0.012570704612630327,-1.1818751045093407,0.4409068714628163,-2.089560052680825,0.39760722307915214,0.42483180935983533,-1.817994824875177,0.70814363604487,0.6807772750265623,-2.323951624147827,1.0041366155275815,-0.3704215677197715,1.5891862604021678,-0.37004373379889105,-0.4111701059338385,2.1194312047604154,-0.6372927990173678,-0.8319858567202247,1.6881761946354148,-1.0833154074602087,0.43734141603828314,-1.887535337527968,0.5490585970456355,0.4397944739076447,-1.7696774883966573,0.6412142836414927,0.7610269436142735,-1.935373317699884,0.8917157932047451,-0.3225788529014518,1.4831092794527836,-0.2520306399114804,-0.43728376248870476,1.9171518488061983,-0.8549749025313691,-0.7273849412771731,1.2846845609337085,-0.09475409558600045,-0.12345616236094537,-0.5711903454539796,-0.7600329160521702,-1.3558598300909053,-0.3092873070722361,-2.4974275267386523,0.5016466642966075,-4.490130740274212,1.072246031982525,3.6531509219818497,-2.1166965547618317,1.5692874759392128,0.7803545841457008,-6.282171035693941,3.8036779764182147,-1.0126438932890738,2.3569024294437284,-2.698579843373141,-0.35196948933290806,4.493422235554235,2.6523025574718826,-5.647346115569376,6.282328272600865,4.116590558146596,15.16072017907423,0.0,0.0,0.0,0.18212281428180338,0.30785348815812486,3.5849799705258247,2.384554232437978,1.7862278420095166,1.4544036405630973,15.187028167701706,-0.012736137271201747,0.11179856323072719,-0.020853083159190933,0.09681450937778721,-0.02864587541364492,-0.13623097080961183,-0.0720631989280925,-0.08708413929861152,-0.003237348820381751,-0.30566167259508836,-0.2038165003633936,-0.1051076651849779,-1.2332214840325686,0.1540067671640714,0.009965943813007614,-1.8780576072791935,0.2100753419903782,0.009057630030878918,-2.091425538713186,0.268594917420285,0.014473523662386915,-1.1859003277353062,-0.3943967345099976,0.013101774364630121,-1.7982875267515284,-0.29656669918818745,0.016420002422603015,-2.2967685726415357,-0.3949074183388437,0.1014525264022367,1,1,0,1,0,0
0.15000000000000002,-1.5681064743897997,-0.060368256056727326,0.21490659813390703,0.014193977863907607,-0.171210395897143,-0.06434326149511146,-1.130050031994215,0.48688851998911026,-2.199525722636103,-0.013944834641347255,0.3591064339672404,-1.4800073872412995,0.8173272466307185,0.6644735939710957,-2.230589036335309,0.9680698726652615,-0.4502469125681466,1.7440694636862109,-0.4856745189264382,-0.4120076505522946,2.0253604163336765,-0.4062024709477558,-0.9322132970411473,2.206289368661277,-1.1174955665075383,0.4694527766025667,-2.087277615177444,0.49453890452193716,0.4440008967796172,-1.6278737441864157,0.7457339563001586,0.888971630158209,-2.122530953382066,0.9898170933912739,-0.40439588541587335,1.648019248143606,-0.3011414510606669,-0.5318509628376362,1.9909793643782407,-0.6212095136274205,-0.9038627276710817,1.5988178034395089,-0.07436815980929268,-0.29697137412446184,-0.15306221758025762,-1.1592748357097802,-0.913786599022146,-0.6774714708289465,-0.33711314719124397,0.29293775226722785,-2.4949014595349164,-3.556321236012796,-1.1274101598735096,3.286431469869108,1.3610558714876027,1.8665905298787882,-2.4011712656615063,-0.48043654807832153,-1.0667125664300894,2.1340290509433717,-1.21982422429188,-2.313928008511661,0.7677351109522125,4.788301319201338,-1.9719586100827426,6.28254209276799,0.10633359601938513,2.3608656012335225,13.517759602362837,0.21040804431782234,27.24403349537594,0.12227336149707474,0.2919106667733901,0.07489835643520999,0.05494243239416065,-1.150916951808806,-0.11667372060973553,2.2846903598823496,3.71871701468458,8.87887233352047,9.773110986679624,0.36001114749989216,0.09756057573597897,-0.17119775284347294,13.173896372789377,-5.043091291474567,23.541254407532684,-0.29289756531616584,-0.08334789611192783,-0.10547162640351142,-1.285331876478589,0.08833521313284477,0.016600482502768108,-1.867890436582032,0.2517504377899274,0.010008252357364016,-2.0667150808344545,0.22797895424003706,0.009691259486441433,-1.194688810880935,-0.3453314336666129,0.024678536190745788,-1.8078545512257138,-0.2807261719750536,0.009771167621373327,-2.1938490333732212,-0.4046555452089724,0.0743749257328669,1,1,1,0,1,0
0.2,-1.5609701581562667,-0.05828853564704429,0.21369630690152053,0.02316459413301481,-0.1877988361964014,-0.05942893126846638,-1.0552009768789383,0.5130443083228428,-2.2572930246091847,-0.4386015110959737,0.2177429719869761,-1.2430791400470227,0.8817700043798606,0.6289633028410628,-2.1302099304641695,0.9576050117959245,-0.5022658909053667,1.8552768456842108,-0.5756281737985588,-0.3791721557722875,1.9475364580448835,-0.34028973974658794,-0.8679896011073746,2.4516123687908733,-1.0807310295037607,0.49712275401058886,-2.1979105771573835,0.22545435989011428,0.3085408177395337,-1.3841666877161771,0.8122574236420014,0.9294220807719553,-2.1289076918655034,0.9682317660030975,-0.4674042681157193,1.781121686152714,-0.38395204858994997,-0.5880279106688951,1.9739435714929974,-0.4344714871356715,-0.9143996673274064,1.912922595094325,0.14272632467065893,0.041594408193660753,-0.024205824647730023,0.04921824905234022,-0.3126507599083234,-0.2074569598253001,0.584867795024024,0.2547850527487807,-1.3202823022185202,-6.280771616710232,-1.9763349474456138,3.13785143424589,1.5279554686895744,0.9051622498660369,-0.030746531201692406,-0.23580222977929274,-0.7088987921833185,1.6474574983472878,-2.035203197747593,-0.4832342176138288,-0.581424116409499,2.2174154165413693,1.0300024073882064,6.283231600419538,0.0,1.8695155743687006,8.806780104053935,0.0,15.874708054616349,0.13300297228875907,0.10360373288091793,-0.13393126421644794,-0.05606726782780921,-0.6734397368644907,0.36521224873650715,1.92249672216608,5.425035202070544,4.3538197328042365,5.721480108618894,-0.14873726984897995,0.04429850973295969,-0.0579443856947941,9.046335071727833,4.16792921431378,12.616989612250794,0.23459377734663162,-0.12717459617019788,-0.19920683038574297,-1.3193178495898519,0.08747268143919051,0.02309079302660125,-1.7922684110982043,0.31677418464609663,0.010652490534400483,-2.072880543833199,0.21610798702254536,0.009966929046750079,-1.2224608269584434,-0.3281669913992521,0.03088190033944294,-1.8219988500355728,-0.28035634984258223,0.009975509117405567,-2.0550197173288622,-0.3888046391947705,0.026824971916435025,0,1,1,0,1,0
0.25,-1.5450942956389226,-0.04778673870365187,0.21591168949319298,0.011609581828595015,-0.1791611180052281,-0.02293603428479919,-0.9500329419786184,0.47812579475799055,-2.339198387722044,-0.695497281490891,0.042107113696382384,-1.164677485824941,0.9183346952619699,0.5850648167822362,-2.03247653535258,0.9471639321073124,-0.5113189708617109,1.9365754957129901,-0.7036054919004605,-0.3395798959816677,1.9417026826780064,-0.415193328796884,-0.7684840440909726,2.439648986133973,-1.000449334269235,0.4872346860339498,-2.2866459547131366,-0.08789982223662907,0.17929895527638198,-1.2353652082762583,0.8726232440328392,0.9128398480325288,-2.0717076715735896,0.9543399759802221,-0.4963418481248781,1.8807822469018414,-0.5460825655881092,-0.589447627533452,1.9529475829833438,-0.4159012212811018,-0.9065826407505522,2.18299917166665,0.3175172503468815,0.2100359388678484,0.04430765183344898,0.7816382608132271,0.18222410329114724,0.1842519706414328,1.1475198085506135,-0.24334216046204474,-1.1683422655494187,-6.231643930741792,-1.7334487396272298,1.5718638533627347,1.0090475345364243,-0.7864961141368827,0.8717032839696124,-0.1790116912891242,-0.3189535088815557,1.2397350453617662,-3.4311783893597427,0.7385088651446309,-0.24851377489548981,0.022304118650908963,-0.29983755829615144,5.703621586662572,0.0,3.660197858375786,7.072644922591116,0.0,6.856291678523105,11.097724446011531,0.0033593546707062633,0.04816929949756068,-0.04832796024910462,-0.9988895640501031,3.1239481869100834,2.0357541281161646,4.399917431407415,0.2024535321516776,5.787149845494484,-0.03217310081432314,0.022054676135504544,-0.040305852395429914,4.6569921057864985,-2.1492141225782824,4.846086610281198,0.6590701259505172,-7.617511630331729,8.317314517850516,-1.3533279518133507,0.10161127520217245,0.015909577409620547,-1.6797917335890784,0.3375258196630796,0.0098825118871829,-2.093466419529482,0.20022221965983505,0.009996528840400618,-1.2283315319561074,-0.2930621822807114,0.0318002111620419,-1.838957966730332,-0.272198436662269,0.009997450118472407,-1.9744044368049913,-0.3270398331214551,0.009653402330906353,0,1,1,0,1,1
0.3,-1.5243108125344185,-0.03666941947705917,0.218043845056081,-0.018936876042613134,-0.13333443882921128,0.01697026386476276,-0.8109635905607911,0.5106685244763224,-2.3807310373866994,-0.6803084799812442,-0.04942547459838455,-1.2990506112459592,0.9282709299485956,0.5426169860311165,-1.928095140155123,0.9565434023014888,-0.49401341409325983,1.9990029749741018,-0.7172838615691522,-0.3962264314489613,1.827124940468693,-0.5139500070084105,-0.716145229820995,2.3605317859674324,-0.8865276190544761,0.5021967292680865,-2.3479045025539684,-0.40074501532775136,0.14455051482584938,-1.2496354771952407,0.9069269066289062,0.8233490455166632,-1.9816094655888292,0.9565038353170532,-0.49480650838352647,1.9563209841123377,-0.6562368729480469,-0.48390019717981664,1.8763686437080813,-0.47439418854434906,-0.8075070969978265,2.2997887541790205,0.4156696620900835,0.22234638453185393,0.04264311125776021,0.8884102316774262,0.9291106350853249,0.5610855884194594,1.6791009924885718,0.18822371261730855,-0.7313771902298297,-6.15445404365136,-0.7383376472737646,-1.0970235973496667,0.44339972152775653,-1.97745419834571,1.1901722478784678,-0.008020052800545869,0.16017985626254833,0.9481192837439756,-1.322302222822671,1.8092869116840953,-1.0945142455101096,-0.8786277593493275,2.171022581512373,1.349900295110036,4.6870049053177985,3.622692662344936,5.549136974327648,0.0,8.865005751011477,3.8439378309824903,2.5661301207418594,0.10614632718427588,4.157706832527624,-0.917029738674934,3.2564474089936057,1.7797713115988896,3.1565285070628,0.9995983992584738,4.699968805628506,0.011981328875284105,0.04083703403294826,-0.08193939534750756,4.074082901884072,1.1321750902403103,8.018376228357356,0.8225790164919277,-2.168625859212538,3.3126815158166387,-1.3788252922421387,0.11569204652808156,0.009602549940380577,-1.5764214015428322,0.30690016353647476,0.009987464616912259,-2.111111924013257,0.1843294121670268,0.009999707094043544,-1.2308218621059015,-0.25764736177496295,0.0186366864984521,-1.8424504643898918,-0.2674214244196991,0.00999980601552299,-1.93635633879569,-0.28164074382468274,0.009962864165626487,1,1,1,0,1,1
0.35,-1.5003427679079684,-0.03433935532476724,0.22800461796983165,-0.0038176041835798454,-0.1004872993995396,0.026703004597896464,-0.8006571056113931,0.688906782011761,-2.0967981426334505,-0.5781477115107156,0.027891220293284773,-1.5428888985151514,0.95120776607822,0.5078369000355367,-1.8182134061208883,0.940440236025704,-0.46487637099592677,2.0585798551927565,-0.44239977014865695,-0.39137449929415485,1.45903978981931,-0.6107637638268077,-0.6955005711841649,2.29281660610785,-0.8296837300299993,0.4983518963331139,-2.2875489795710133,-0.5665698774864735,0.11495481772254827,-1.3918259088113,0.9362680974081528,0.6916876086869866,-1.8787498853119602,0.9453364944063127,-0.4891845253305341,2.02139513975507,-0.5747991497965056,-0.41721427149511875,1.6792453888580559,-0.5582658433598842,-0.733473270527581,2.2967053541941933,0.4793608925290016,0.046601283045838576,0.1992154582750133,0.13544415745815364,0.6440264711022068,-0.33206315781176066,0.6651066384183881,-0.5827710770172899,3.2227835470765247,-1.2060203967553111,-0.7645698653571292,-3.356129694003803,0.4336131717945405,-2.3740959658101377,1.3430278240428073,-0.10016162390906326,-0.31898734702815396,0.8265737570002945,2.9259592831411156,0.5737067600588324,-4.893237745011398,-1.147184825898934,0.9705304967375933,-0.08727372684338626,0.5065455674537422,4.817755143361887,7.917547788991164,4.781168369020636,0.6287327005893364,1.664990325386559,0.24652656889892607,-0.580057415325275,0.31931909532881836,-0.39097153756430236,4.354222085386338,2.4628759543840464,0.44074045186117966,-0.28032544480409727,8.100725128384738,-0.9225420753340977,-2.548782592711425,4.179074267689101,-0.47090383275605213,0.12788823941866462,0.6698448085490766,0.8343670248759354,-0.7856268774738846,1.471329667673352,-1.3610675232412526,0.14320985230007677,0.011385488065717273,-1.5166539868128142,0.25118326939700875,0.009998733830456717,-2.1127415194013643,0.18180898299992693,0.010000048356429363,-1.237976905878111,-0.24017849969759278,0.00959671879476656,-1.8303310989541317,-0.29845242172362635,0.014952521108298748,-1.9256726265437367,-0.2589538656615873,0.009996092377113639,1,1,1,1,1,1
0.39999999999999997,-1.473406777025404,-0.042269736415653174,0.23922801398523302,0.03778247009585512,-0.07830284650343382,0.011912842129074811,-0.8959179476723025,0.7282017171356575,-1.5516682070223284,-0.5098395479717762,0.04731950664010729,-1.7087944882470005,0.9898314432321476,0.48075184820688466,-1.6895022151228662,0.8919508867404754,-0.4557231793394746,2.1313998175953692,0.03316459241698587,-0.2792394196916008,1.0028279783507403,-0.7210890990758716,-0.6978884207491984,2.201482133202114,-0.8691309835518812,0.4808191632656932,-2.0206772214148607,-0.5475728124737533,0.08569389056284668,-1.5861730945161854,0.972627802803138,0.5621340504557742,-1.7616339774047531,0.9111484783849527,-0.5122105346558932,2.0886969340781563,-0.3259277304321124,-0.3298428274791886,1.365100694056748,-0.6619460561377845,-0.7052678717117191,2.2401518932692026,0.5387198176512875,-0.15860762181771862,0.22446792030802742,-0.40839337297766964,0.4114096546290203,-0.8236279068599324,-0.6062399172401725,-0.001285986321328792,6.283150133523109,0.8373128863013687,-0.8776588410975467,-2.7259841107472456,0.3749341845516572,-1.8625425480257083,1.6023966049106064,-0.4195003580206048,-0.23255003499264987,0.9554464150795613,6.1942812385187676,1.202542791307276,-6.283022221789645,-1.3581089744065638,0.1543052618777156,-0.8603283115782336,0.19013877099290627,4.537346755379665,6.246915010654742,5.091938953865393,0.12510471394584566,0.2661063512524382,-0.13900845025780928,-0.28350071803346005,-0.22915552418235546,0.4983695095453383,3.496538697354791,3.1572613529073323,-1.8513709060156345,0.38188391883013495,6.1635463489376985,1.020911135087072,-2.6524546820744446,4.463949205046416,-0.31233846413977384,-0.001876430005666397,-0.09019000975191874,0.33274720712183303,0.13730256459299917,0.296112195943812,-1.2560438800245508,0.20232564784395474,0.022531413439495027,-1.5193095246134454,0.20746112100741193,0.0099999438530477,-2.1064618695896553,0.1910080413368401,0.010000084999199632,-1.2416600848138335,-0.2353934912662721,0.009956777817277801,-1.7756181292140578,-0.37761204957863753,0.02684055018983037,-1.9328161338318335,-0.24886747163655418,0.011600096898820248,0,1,1,1,0,1
0.44999999999999996,-1.4443182333644777,-0.05276887936920871,0.24320957991215758,0.06835490006142138,-0.06680235545061779,-0.0067298082367501,-1.0297541540514408,0.5599651200509864,-1.0222130040602315,-0.425278285277943,0.06262176398884403,-1.8530231430940198,1.0227409962432776,0.4367780574143973,-1.5224859122895866,0.8278760356972346,-0.4786455218883881,2.2242095898964216,0.5111969952571539,-0.1583767230758109,0.7178896009227191,-0.8466699217349555,-0.7145305875913922,2.108545784301329,-0.9660345548216961,0.5259538599372614,-1.706535880677209,-0.4714926983200238,0.07109579999238122,-1.7539360910746744,1.005824003097973,0.48043686448600553,-1.619029871405509,0.8591672945307002,-0.5339462468113781,2.1718890884364113,-0.014665274878922729,-0.22646204632462213,1.0509264581530915,-0.7790756568205157,-0.7071207528730187,2.158556012727822,0.5817708732185256,-0.20998285907111072,0.07963131853849115,-0.44217551025035373,0.22269206474988107,-0.5615438803425586,-1.4126209806205692,0.7603537933892218,6.283981912846801,1.0742887150459541,-0.1884775544800415,-2.2019014685974825,0.3922551126570747,-0.970210842136069,2.14497625175216,-0.6894801745832959,-0.17643852532568796,1.1707643365233475,6.190610604386237,1.526434044460569,-6.283023765735675,-1.5031430660577856,-0.21637745187539317,-1.1142453065139613,0.18885192844390986,2.0910848164840847,2.5962175873739413,6.404204285087256,0.04514998324951483,0.0,-0.20692544846215433,-0.047714444437987204,-0.3257468538992482,-0.8812257814913664,0.9756806812610097,1.8763149966284698,-0.6225695843086694,-0.5240079428403622,2.675192625676381,1.3694033013283036,-2.4800276532767054,5.965711330299083,-0.17427903838603384,-0.09294699263904932,-0.14521083852740904,-0.0061691614636911075,0.012636771231009114,-0.08414243753160719,-1.0998753415971387,0.24626003570781463,0.08789015283432573,-1.5305334140615408,0.1732497463418874,0.010000073778234057,-2.103343462540511,0.207725258044471,0.010867852637780518,-1.2501561521029008,-0.2357830210163676,0.009995438860435805,-1.6553548622099135,-0.45143114859196337,0.039963054444579954,-1.9508466423774737,-0.2451986085619197,0.012876694059199336,0,1,1,1,0,0
0.49999999999999994,-1.4116789011030986,-0.06488757016436783,0.24292684281421753,0.08297296327363905,-0.07723564038426745,-0.022193887987941124,-1.1653522075850464,0.3252661500375071,-0.6641763471147448,-0.3432800379859186,0.08681765712270421,-1.9958909368443205,1.0557674192662752,0.38484959488004883,-1.358629544891469,0.7498204696689785,-0.5188494290264439,2.312647799123888,0.8336578201316438,-0.052000168811862646,0.7091349949642209,-0.9415947985726083,-0.7281989844542419,2.0142246369914827,-1.086216791218219,0.4950588682709551,-1.3923850164005969,-0.3911747241324424,0.08095301575394809,-1.9074081286173798,1.0399710031950562,0.43053389926238395,-1.458854593426718,0.7903418790210311,-0.5334231507798982,2.2622355066248643,0.29739327019296624,-0.12329236677313318,0.8210909089970548,-0.8838094687386696,-0.7221381928558859,2.0680188265509094,0.6527866452275832,-0.2423738159031824,-0.005654741958801002,-0.34150761631629867,-0.20670327469400424,-0.2986100896987886,-1.8545927671440086,-1.5588941734492272,6.284283384682424,1.070274318602649,0.16545959779612993,-1.9663657495199112,0.4725002963694437,-0.22897588320859422,2.228142624200123,-0.9008431326237489,0.32319157013409394,1.4767795690549104,6.278562971513238,1.5860098435400152,-2.4895060689372204,-1.3379952506208024,-0.27041627799556217,-1.192041886150362,0.06683200162502234,0.0,6.560507711344471,5.008225735902924,0.10946073754460922,4.772972001403739,-0.18792204786401373,0.17162394423812474,-0.08018630046311097,-0.0635539607474656,-0.010537960899130694,-0.10844216259077595,-0.5686678001445719,0.14859616472932596,6.734909103176859,0.5480646388190585,-0.5416458660099062,5.150908679411048,-0.12049901375837513,-0.18692430940136154,-0.21518651983741108,0.07682451330484374,2.2862296635392267,4.415620278789187,-0.9423832782146343,0.2275541410242402,0.1649252558465622,-1.5222393705692816,0.1386712350953554,0.01463922414239843,-2.104125548323532,0.21989398500408586,0.009980680932755302,-1.256695817456454,-0.2359239363154946,0.009999590058335457,-1.4973535594301959,-0.4778548760556427,0.05061492016898684,-1.9638205163684257,-0.24403043380775055,0.009936741203825318,0,1,1,1,0,1
0.5499999999999999,-1.3742615916498,-0.07807798993456228,0.2394196782153377,0.07130650772262963,-0.08161723917587141,-0.04466342414005215,-1.2540048044697625,0.06603405298323911,-0.6181544329559028,-0.2714548756959868,0.10704926981074439,-2.0889523157684358,1.1014847550513895,0.347648313532171,-1.2536186328094547,0.6873636837410482,-0.5139125296624069,2.4292920151199677,0.8978276023024833,-0.014006174345867537,0.9794818767341229,-0.9732516025367574,-0.7205675580177361,1.9256419203217274,-1.1928407777025907,0.36817441636803133,-1.078240331840941,-0.3149589272114103,0.09806414596676918,-2.0235026377164673,1.0805610044559615,0.4062186905158193,-1.3270105588018046,0.7226895873875006,-0.5205211606463114,2.3680663285095043,0.6126481292936663,-0.05400868118016801,0.8300137149575988,-0.9433419990920597,-0.723584754169349,1.991973464577808,0.7483461890659715,-0.2638083954038889,-0.07014329197759683,-0.4173790169186253,-0.11007563016653238,0.24357298320186166,-1.4608829809241672,-3.445265857924184,6.283509969475825,1.0049983820932582,0.19899351513422447,-1.4532008701437733,0.47736853525818995,-0.06331649086621698,1.6308407875146524,-0.8795098889149324,0.12560617214354883,1.654029654341984,6.281250236857154,0.8452851712991255,2.5797714625883805,-0.7973441221085842,-0.08137567626502536,-1.473924297164491,0.02188080765941619,0.0,4.663575645753042,2.160425153676583,0.10400216159956077,9.004508849129076,-0.05381743338727106,0.21512912374456977,0.007364562994167807,-0.025930725271246742,-0.010565930434809313,-0.0753318008267734,-0.3182311738090152,2.0622073449199876,4.393221807345529,-0.5444902532579008,0.4136317835977201,2.2592135839300447,0.019932350310464052,-0.21528897941947797,-0.21370697463776417,-1.2041613501526562,3.6802783755872546,8.350361050558162,-0.8041863934776486,0.1668936749765445,0.18847226163740777,-1.5011712461770903,0.10606463748274576,0.015919260071973966,-2.0994337847144076,0.2213719466753417,0.009998005437917186,-1.265244290882968,-0.23035909604885044,0.009834546360204796,-1.3439453362589888,-0.4326337480830692,0.045884924003129955,-1.9631322656522605,-0.24498021517334073,0.009993287445448364,0,0,1,1,0,1
0.6,-1.3356936052438588,-0.08784568912837439,0.22960509814644492,0.06532989020529663,-0.07285835231296027,-0.06720030408923029,-1.3168258545270977,0.004841231776287448,-0.9022844862966148,-0.20012870974966543,0.11808848772740295,-2.1331471863394214,1.1497722849929881,0.2794396646631624,-1.1201378783999685,0.6561575681893398,-0.5507373972616941,2.4503625635711845,0.8338958368247683,-0.10663633559285285,1.2733630959507958,-0.9911863290550283,-0.6976461790768302,1.8559233449018033,-1.2733090279386057,0.20019252191259174,-0.8846985416019477,-0.24124445779838527,0.1108493548975962,-2.0949140062256904,1.126653536977427,0.3622958710332172,-1.1944430170202724,0.6788257676084897,-0.5405702356198254,2.435125174352332,0.8580265823547939,-0.08776997528319176,1.087134141928908,-0.9762846933665417,-0.7160453484751738,1.907476904163501,0.7713597281188234,-0.1953539838762422,-0.1962916013778554,-0.4347202254142325,0.16594358113837065,0.15400582042977382,-1.0760815949668578,-3.399471213692212,1.9024646925568118,0.9028992833668034,0.12043864808546507,-0.8497057831270521,0.5136067284127921,-0.48011061634358165,1.6512230210189685,-0.552740383812278,-0.22125859269348633,1.1432665996076095,3.750060209810164,-0.2667753303460846,4.138194074592085,-0.40260698741855877,-0.07914266894476298,-1.1459627169756001,0.17820702906137154,0.0,4.022896847100348,6.019836640716092,0.13451789044197382,6.917389854825516,0.10453462768504396,0.3498079457049553,-0.09872927411795057,0.022614534069135318,-0.027169610999190952,-0.10340795626554553,-0.2918205521906639,2.86116280937559,3.0921587806603954,-0.7344818729469811,4.085704615073505,4.631837865672092,0.2577663438237346,-0.06683222004678183,-0.2024652695676747,-2.008733992508931,0.6373770602617106,6.79823334227095,-0.7126710660325285,0.10108761986353079,0.13345868910645892,-1.4765757871619125,0.08651973155209874,0.012487893963991848,-2.093127777147788,0.22115433534382717,0.00999986564249436,-1.254365726457162,-0.23085210207073764,0.00998231435766874,-1.2550405244408613,-0.3440587082512853,0.021396466187098354,-1.9610292346865315,-0.24592123757553364,0.009999359051910295,0,0,1,1,0,1
0.65,-1.3016281253956417,-0.0922959206872098,0.21650087568539433,0.06509647716854888,-0.04924169897848604,-0.07692426676474474,-1.3628507326050883,0.16603657493909404,-1.016341612471174,-0.1083457684771295,0.11981539611485136,-2.159486723492811,1.1851850393784447,0.249145274188455,-0.9329523078221271,0.6336173003148484,-0.6464473509113877,2.1239372336250666,0.7729642988488357,-0.14804214554686507,1.4312902735221633,-1.021673741367101,-0.6732256424062777,1.773375334713185,-1.3332055330047161,0.17145471892015351,-0.9594743118474062,-0.15570983553504036,0.11760168074549121,-2.1370175449016644,1.164919162358084,0.28935433230105967,-1.0307080483273114,0.6491443186877648,-0.6089697848848158,2.473690405422416,0.9037407866431553,-0.17446849101971054,1.3066503461995274,-1.0064869410213175,-0.6893085370919536,1.8223237225029585,0.6813095969643435,-0.08900463117670843,-0.2620844492210117,-0.20457354563878782,0.4736708809226329,0.04567440347307703,-0.8235972431795584,-0.12017063224881955,-1.2672567334708864,1.2053032132532,0.029543879524203644,-0.5042430226502757,0.4578639336776762,-0.8898133431430827,2.1708378231724477,-0.3375654982384688,-0.8334799637271912,-0.17378062077942277,-1.3553368495797624,-1.6874925660194366,2.768318503756589,-0.36835369399481616,0.35738984436159127,-1.0888644901159972,0.17589916988077298,8.740205933108438,0.47628858839754545,4.226341804912709,9.829242710604369,2.1772461427436713,0.15702269521083398,-0.17568234936040855,-0.2928818383392646,-3.7214401952953624,-2.9166717256473325,7.587568190404403,-0.10396322095019803,0.22229259139905672,0.6301935474879896,-0.18641180643667438,3.1519129942304045,3.1021278002591126,-1.3634435971744432,-4.959203240864765,8.610054246131744,-0.37305576115669836,0.6607223730569516,2.2529035860416777,-0.692597362600909,0.049616036036531905,0.05171073193610565,-1.4628250767629527,0.0787417090633965,0.00990085057115177,-2.0959111789037315,0.21980426477131476,0.013801973389992624,-1.2345697247965348,-0.23612299644583318,0.00999818082558145,-1.2372398593870946,-0.30725456009123864,0.009698064140815386,-1.9587862806156549,-0.2481654737305624,0.011257858800734042,0,1,1,1,1,1
0.7000000000000001,-1.2763437145643424,-0.08546769663086537,0.2137525146378982,0.06393599916205128,-0.04632253251801291,-0.05275600248050683,-1.3712349393632177,0.1978965911599863,-1.0027116029378282,0.004209201932407124,0.12689257981557803,-2.1794202867985435,1.1242047817935013,0.3738957467397576,-0.9183604651475887,0.6514411744162077,-0.6822766739245891,1.5030000234641545,0.7157589642826993,-0.13659960054090717,1.5293679312602626,-1.065794510088724,-0.6495261266402125,1.66935952741063,-1.3592952806429637,0.17263914515620932,-0.9876386225014512,-0.056589346536114166,0.12577954052781135,-2.167377112382985,1.1396926063031998,0.3208856341959148,-0.9575383691450237,0.6507365038080362,-0.6569170833303791,2.406798664779389,0.7968061693804839,-0.24059863040958604,1.448910044335442,-1.0455795714620888,-0.6641880916382618,1.724985600178972,0.5056882166259857,0.13656448112688874,-0.05496722094992246,0.48098104752594384,0.0655063663316979,0.020504029634815478,-0.27168337065148945,0.4944382178345209,-0.3362236139527252,1.4549259099909218,0.1484868322119614,-0.570310875127261,-0.42711990559535207,1.1808722917129175,0.8722068337204537,0.016231933523503397,-0.572585513653127,-2.3444205379338983,-1.7864114303448195,-0.6369128361203319,1.7887768836664502,-0.5070686092289051,0.27427555441462,-1.2360400926405095,0.19323552734275828,13.408123342866299,0.03503033635768649,3.469052974982908,6.593596380756384,0.0,0.1962643108589425,-0.2956759989375108,-0.16938182871815588,-6.151684070296032,-6.064486048330686,10.514742649419963,-0.04252248548954927,-0.17857138980705917,-0.14677655118776176,0.44794104215600344,2.774930576461089,2.358189740416248,3.9437440023889523,-3.1721968542830234,4.531776930291727,-0.020294100166179878,0.04561867055776759,-0.07364074817396327,-0.6770294690475237,0.05118969632232625,0.035359012076583124,-1.4572265900720585,0.07623966446960118,0.009989433718109161,-2.0939676896386725,0.2235970296901783,0.0429769279834885,-1.1886047582075374,-0.2554205424270833,0.009999884474600994,-1.2444094946628177,-0.30809042903441713,0.00996765969095011,-1.960445963841147,-0.25711992111337967,0.01215209807401146,0,1,0,1,1,0
0.7500000000000001,-1.2600386660042482,-0.0751221625644862,0.22217369212936366,0.0343715478483807,-0.0783690131062235,-0.01885592207549229,-1.3386717966680843,0.12737779949417016,-1.0198506124965134,0.12744739362787602,0.15187089067324872,-2.1955273321234645,0.8924239240812009,0.5971863609027986,-1.2223721821140057,0.7690523130055025,-0.5653457372353027,0.8668926028774981,0.6287973350069879,-0.15472142980315468,1.665298086598639,-1.1325623814188372,-0.6235648523649778,1.5440051781308468,-1.3467890895964105,0.14593204696792358,-1.0085908380022695,0.057537958939608676,0.14448055851775968,-2.1857972926991707,1.0384039866297115,0.5027002875989363,-1.1046943377617555,0.7203278131703678,-0.6013499913366367,2.171420329924137,0.6904977805023415,-0.23600464257621806,1.5800999956746706,-1.1005008507937755,-0.63956737356593,1.6103057275893402,0.32610097120188364,0.2069106813275834,0.16842354982930907,0.7666729043607379,-0.6416091586057736,0.5363609251995578,0.1798802130855037,-0.4133469945415367,-0.24949622992352102,1.7378292330921459,0.16354232241897734,-0.21933613101890226,-3.2051774874057566,2.099319463253435,-2.6133831287607836,1.0719330356540357,0.7998946545293983,-6.2807793007361274,-1.412828102239568,0.009481974106417199,1.8906112153500558,-0.7215910528953084,0.3029053153315553,-1.4727455702653545,0.0,9.664295135714891,0.09330351552028471,4.098470778518221,4.628599552259412,2.503140949895022,0.06400538234356987,0.02795806486306824,-0.05612841452865086,-3.4950809752367937,-2.497055334212704,8.879946067342198,-0.2611600965737675,0.10151134563558381,-0.08670526443873736,-1.30523282180106,1.950410700025294,3.601265946288212,-0.26026186307254384,-3.7079515626338813,3.0820013964744994,-0.7943743569167624,-0.026739587936100574,2.5836457517448963,-0.6705290841139149,0.08327869280955139,0.040046335595370755,-1.4491049843893864,0.07389117812266657,0.009998945261088065,-2.0573273716536544,0.2353802193710799,0.07966622985605244,-1.099089555537005,-0.30071866376016504,0.010000067402522213,-1.2603944737871506,-0.3028418786884101,0.00999660729272444,-1.9696833506407754,-0.2683751498933592,0.009892747389321051,0,1,0,1,1,1
0.8000000000000002,-1.249463174524655,-0.06152360682504994,0.2305638406895402,-0.006653170000865257,-0.11126153445626148,0.02043805684287299,-1.2803877335472709,0.09040286628561287,-1.0400162330966078,0.2392917906731585,0.18492337230123274,-2.202158080432972,0.5839234748968007,0.7943503500102005,-1.7422580779300054,0.9370095829079932,-0.3466676873012136,0.47105200463037766,0.5374191181676055,-0.18679523704733417,1.8061303432291043,-1.1916540089114147,-0.5904376226102517,1.403259832540135,-1.3058482785808558,0.11029980465852215,-1.029054886831139,0.1724335627760285,0.18787062215810954,-2.1965531034128873,0.7975055796083705,0.7035139100303189,-1.4017781683932795,0.8472117327570411,-0.4604554653615175,1.8572493679457729,0.5926088259335751,-0.20590972211694641,1.7186698900265793,-1.158704820490118,-0.607847503378233,1.482008737103581,0.21150982959186493,0.2719711147887252,0.1678029712035306,0.9201168257231027,-0.62114098227765,0.8032597977458427,0.5834507861471551,-0.4422075159044255,-0.2444169577671049,1.595730421302359,-0.06003519668879057,-0.12307432378069286,-5.335834521054797,2.5156522224981566,-6.281765751102767,1.9952054140458215,2.6082872952676652,-6.283626726849738,-1.3327159523294703,0.227104011292997,1.9455967948746755,-0.7374139445939223,0.38688861741079594,-1.7509515711302552,0.0,13.963105840323328,0.10120490183784447,0.053921933358576424,3.044534260930984,2.0875146603578596,0.0629897945188549,-0.041746639379369524,-0.08047102079541016,-1.0911791798763406,-2.5813491485460447,13.883066362115603,-0.16246467928829128,0.18677412712993574,-0.1715955894239382,-0.19020521767957707,-0.14700233253631062,-0.08178409158819319,-0.47705798496611934,-1.9665995971155905,2.5361199249956283,0.2693564168520828,0.2356187651799872,2.2593481890907827,-0.6783598379165765,0.1316686806135619,0.03074100089047649,-1.4491435768005945,0.07407013701382717,0.009999966555238871,-1.9506435416806756,0.2826327505602904,0.0900675945868811,-0.9704450565631617,-0.3295135187279325,0.015586442151702322,-1.277191481713135,-0.28237677580445747,0.009999715517797485,-1.984162882143276,-0.2838032079138557,0.009988563645585338,0,1,0,0,1,1
0.8500000000000002,-1.239856357870502,-0.048642062742662806,0.23901820007859065,-0.02118097698999534,-0.13477090217917875,0.05841103971374593,-1.2576032769021823,0.07661829243502917,-1.0956868193400138,0.3407202576228565,0.20278142924573242,-2.171759424936444,0.32999927663602013,0.8856411988032493,-2.2877095585940226,1.0933103852039752,-0.10769468481236891,0.4938680543692153,0.460454436915732,-0.221802989055539,1.91759012993716,-1.2309942043349982,-0.5056011073874254,1.238978369413596,-1.2744132647237927,0.08752372296634935,-1.0713677147000062,0.2762228427797821,0.19922694885571404,-2.1935622661251615,0.4975722035758655,0.8212824576992476,-1.7158853971501835,0.9954756024249758,-0.2711421360274621,1.5518915384705505,0.5073277241631763,-0.21586787328907722,1.8463935394954727,-1.2047294032357725,-0.5504171437605242,1.3288637052081422,0.19213633308305944,0.25763088164774267,0.16908718778100906,0.8146752331006493,-0.433689434790985,0.281911358125293,0.35431138771895193,-0.24656751103112923,-0.5401587492541312,1.4331743917386908,0.061122786028676726,0.35170186853684876,-5.267816290013788,1.4293746217675807,-6.2799495288438685,2.1775776365195907,3.4982266382973384,-5.9260894005705955,-1.104643312237759,-0.13247187468852903,1.5822184237406667,-0.614393711465946,0.7375541160897434,-1.9948777340012644,0.0,13.967142804370408,0.03742351175132591,4.907615691877632,0.0,5.4913732739975805,-0.07423179808594417,-0.08169123683341965,-0.1113214912646739,2.7566385044211885,-7.211667017557998,11.87858317406722,0.10039762702005162,0.08700854728480978,-0.19677335470144736,-0.4516870397568832,0.4747240348484373,5.065407581307501,-0.04761642335654146,0.03882669436601451,-0.14089176444900964,0.7908261291339262,-0.4687688544680625,5.616634182367024,-0.6939748230094733,0.1745510460924424,0.019826201850199537,-1.4494252923824504,0.07427524123405523,0.010000076215863258,-1.8000738861083725,0.3088490643791204,0.0830909877132216,-0.8455500657333279,-0.3017444396694392,0.008406897524928545,-1.287865033985329,-0.2589821361346117,0.01648326035742691,-1.9999556300030608,-0.2980035843469845,0.009883585832840096,0,1,0,1,1,1
0.9000000000000002,-1.2263230078410963,-0.03922031994258288,0.249942447389808,-0.025482835395124345,-0.14906126733649958,0.0856821049073187,-1.2948022763655394,0.14562484556011376,-1.2957892960536326,0.47171506283264886,0.1965003900591216,-2.110068474327531,0.24979628323823366,0.8139616074427524,-2.611816951297845,1.178511252082008,-0.024460269909233646,0.7957357579486608,0.374174271558463,-0.2536202453499079,1.9960045427304605,-1.2754674573213847,-0.38156383457436976,0.9868314110509742,-1.2865511526803493,0.12441129884469065,-1.208063595436939,0.3929852392448392,0.19814935831771652,-2.169455002878954,0.33381745399358065,0.8289766021567957,-2.0300389382289548,1.1106210727731591,-0.12004460890798906,1.2377592728451074,0.42252553997842107,-0.240547347503624,1.9431367517286684,-1.2478167802898967,-0.4546666660774446,1.1226898170002408,0.270667000588114,0.18843485600159846,0.2184849462243471,0.5698170247637436,-0.27409830424755816,0.06334224788779813,-0.2161539445478614,0.46454321046026414,-1.9480572390126076,1.8508790368071755,-0.010712137168853709,0.49848251673433425,-1.8721701739717587,-0.3320711428062012,-6.287823899389926,1.5564257999171185,2.124837769764431,-6.283760225242488,-1.1479291902142685,-0.3074074720141876,1.1749222697529613,-0.6117193785244487,1.5956127298377476,-3.0191292302339905,0.0,9.40141040695987,0.17128610154146584,2.002786783846687,0.0,6.497361732844045,-0.12422497404335948,-0.0027470186299694984,-0.07314654319934344,2.814460971141682,-6.623373844522819,6.355848500435527,0.3166085968228133,0.1029199451166761,-0.16437715934073485,-0.8869221265800216,-0.5535059350649494,1.938883683030078,-0.021650349129008845,0.04528032550872501,-0.07758520884210685,2.3775213200736163,-0.8922001436511826,6.197259511818753,-0.7121034195751641,0.1796164011240561,0.022192841406820527,-1.449617407564947,0.0743905812196626,0.010000087990583231,-1.6800031442298047,0.2592374655344349,0.05429696237204796,-0.7284807739461489,-0.2604406524332757,0.011282854241828469,-1.290856444721982,-0.24398749360892913,0.030129550655374555,-2.0189345341051705,-0.30874456580280574,0.009987579930948377,0,1,0,1,0,1
0.9500000000000003,-1.2047866322586085,-0.03512508173984377,0.24827470105202726,-0.0017904147028510585,-0.14564931636592224,0.10254059394619948,-1.2816923587210685,0.2534312782554911,-1.4660403671212432,0.6524328615239672,0.2199621624596382,-2.0462558756759828,0.3525329712769164,0.6910372342494709,-2.5957956931366657,1.1594812394161993,-0.12593834951713562,1.0952048415518147,0.23411579292540963,-0.2772527984156958,2.052349104710227,-1.243055198013395,-0.38469203125839296,0.8083353434033231,-1.2836362630408436,0.20474937628420586,-1.3720448943962849,0.5436571320668744,0.21392251490954195,-2.1631951292342,0.34057119172321393,0.743674049195474,-2.341811108515592,1.1441173132356484,-0.12086579014050422,1.1363899523200125,0.311380941872932,-0.2652915352434389,2.0138125652103143,-1.2454293574441058,-0.40578845784119133,0.9295269700211553,0.43072751164975553,0.08190476405478223,-0.03335492675561491,0.2463848305649578,0.022155666195635453,-0.4896970294761426,0.03999129627438423,1.01803385564665,-2.0888078426775056,2.504191080727729,0.21070247219872393,0.13022413749404432,0.22555937992240893,-1.7984162050555255,-5.807889712064243,0.34464154630763355,-0.19066538189971552,-0.9161480442499059,-1.7255825935512903,-0.3616258397025975,0.8564651672442166,0.00731138827307572,0.36221261225314805,-2.6951471901126607,0.0,11.661375770545956,0.02191087926145338,0.09797239179178913,0.0,0.0,0.022032113266209893,-0.12247595681082875,-0.11508186063133127,3.212644163286824,-6.6709915201715955,9.266554094591603,0.07103668674865384,0.0006384221065750706,-0.21023277548369762,0.14701039020409862,-0.13736516584151745,-0.21978694832835402,-0.007446744371623802,-0.0044997217156054255,-0.0282011474505945,-0.06434258516587758,0.08018293647206086,-0.11336913577151134,-0.7302253578497693,0.18295715795914747,0.026437821741972914,-1.4499061180770767,0.07424392071493943,0.010000089254883982,-1.6104959487504316,0.15530858075652068,0.023800191843942855,-0.6599189893776775,-0.23437525980747645,0.031128092316189446,-1.2919648825206287,-0.23409923466262703,0.026619313146827906,-2.030502801629847,-0.3232010542708089,0.021307287642691797,0,1,0,0,0,1
1.0000000000000002,-1.1816764947642577,-0.03324786588354552,0.23860414311926817,0.02518262752154122,-0.14972426075243647,0.1156301026595476,-1.2592356829633418,0.3288859824002166,-1.6516648547417334,0.7126508675013499,0.345081166575533,-1.9451710856190476,0.532080159429466,0.6504039237798435,-2.429904717594958,1.0698736984627655,-0.2813240789614289,1.3469789058910906,0.02550424108974182,-0.3159686238260966,2.098608613641222,-1.0621905454414375,-0.5281680273484457,0.9129824479552515,-1.2677541828402927,0.28487871732387376,-1.546985500790605,0.654395085694003,0.30436860664631177,-2.186740423613959,0.4547783414587537,0.6586647239542871,-2.4909037314657008,1.1065445600929529,-0.2211426508648015,1.2592170557731193,0.1468546666019084,-0.29887511873922495,2.069054073282407,-1.174287098271919,-0.4772958668770657,0.9168829723559833,0.46220274988701515,0.03754431712596498,-0.19341115865518177,0.15989257947694863,-0.14314808277339108,-0.5339297227546365,0.18808650708788652,0.9791306622468565,-2.3251984008087203,1.2937456516632435,1.7115976693943977,-0.30365780104295254,1.724062039173729,-0.9456032684105942,-1.327509328989083,-0.81425804709974,-1.3813557030349268,1.9499448590293862,-2.785436105934717,-0.4275304220541871,0.6573717690004794,2.4303206578928074,-1.1907225864304012,-0.0891488000392101,0.0,12.829020801121123,2.3639925636830212,0.04069512485929033,0.0,0.10814523528771525,-0.03553819914086371,0.00803371471200955,-0.07798157573394215,-0.7609584669035309,-6.781449683362185,11.09902092257338,0.018480232522874042,0.07827138166742054,2.5627309531902887,0.17916007469033765,-0.038702975544954284,-0.15600605902319523,0.024565773788109462,0.0019641650001627473,-0.09282109725079694,-0.2762418787007313,0.03922513564157839,-0.13078722879666663,-0.753185625679302,0.18713482025576464,0.029161407668447145,-1.4495537439276645,0.07385049734882508,0.0100000893906373,-1.571530746146192,0.08442056026671696,0.008953448921817216,-0.6540724660541942,-0.2349871806511347,0.04391752784115629,-1.2948792907526119,-0.23068526956260157,0.013886545236693236,-2.0018810977012347,-0.36093504553330813,0.042836464459489174,0,1,1,0,0,0
1.0500000000000003,-1.1621000101200756,-0.03027653683834177,0.23666176659546678,0.055943159698417906,-0.15473471995448398,0.1303332811412654,-1.2535964985265027,0.39917620565348055,-1.8460146144111154,0.48114178143096387,0.3886185799107617,-1.6577079727757633,0.6906447714585229,0.6723718771523677,-2.295788033797526,0.9721048210277422,-0.39163465604028147,1.574084184726965,-0.1934099798827311,-0.35556794916693346,2.099474769172484,-0.7927793937213773,-0.7233000449011737,1.3195102359814852,-1.2585308459273765,0.358770120644297,-1.7335212932720963,0.6178277910961206,0.35891062775884325,-2.1018275818354413,0.5896873719615208,0.6674807902075949,-2.48855312465485,1.0234110710251938,-0.3312739967917301,1.4528833971676096,-0.044729337898767325,-0.33707321216967817,2.0889649742325553,-0.9862191048125003,-0.6456764321723542,1.130672916534462,0.39152969288364314,0.059426580904075044,-0.038847530476027736,0.1730532155955367,-0.1514171609981888,-0.5921465210385546,0.0881632454756316,0.8958209416275551,-2.499864535227533,-2.9134887086634,0.6599307221162665,3.8689396112624173,2.2585137258433536,0.3318171407012445,0.6873067256790203,-1.1399841281881937,-1.3418944560226767,2.6955671879896355,-3.326045349048984,-0.32793633347189727,0.23437832617344606,4.37467578708021,-2.3619730095203364,4.195457455962308,0.0,6.300321104614649,15.886338245133182,0.0,9.514095193070938,0.1510814135342542,0.010204291793903624,-0.06209448745629396,-0.15583101044904996,-2.37838543030118,-3.006336283767543,5.249704692354841,4.707043233826839,-2.1376681839321696,15.23300354057346,-0.04445388489155866,0.003072596468087252,-0.1314101219718481,6.133140915108513,2.8374813293635546,6.97831839636019,-0.2260936473211766,-0.1217241091135147,-0.23942235240415335,-0.7869691085391936,0.18364908471403454,0.036580819886058755,-1.447213684477187,0.09974610387620365,0.010000089405214239,-1.5656841004821613,0.07725549168614348,0.009887707240607488,-0.686465678576117,-0.24888745796262254,0.047618733614035305,-1.298879445205816,-0.2314624674441258,0.009930476842726162,-1.9037115123044042,-0.4338554681945518,0.06690176851935795,0,1,1,0,1,0
1.1000000000000003,-1.1379203008826193,-0.02247620738637339,0.24690439584423968,0.08727326467686203,-0.16318564366404756,0.16271076169016477,-1.2463280304850142,0.4641896248161638,-2.0130545257261807,0.03823704322159684,0.26807875398884656,-1.2881679737672231,0.8175497770179982,0.6926705322617398,-2.1830782814293794,0.8842181573404622,-0.47494530993671946,1.7643198934369173,-0.3683490378072573,-0.38800462692886234,2.065056238617185,-0.5189305988130605,-0.888617304234091,1.8626934921623703,-1.2499642327904823,0.426444949500222,-1.9107905445565467,0.36237787464324717,0.30430610664206,-1.7980884377470892,0.7285372618334313,0.6855905967339411,-2.4344804736378904,0.9345025482929422,-0.4238677051572087,1.649033722675428,-0.236830097277738,-0.37140175720874513,2.0779976809536924,-0.7018784733450784,-0.8048749781480161,1.4406710700170013,0.4835941847491254,0.15600658903936762,0.20485258497545789,0.528925373183535,-0.25617207914363327,-0.578827047922932,0.10952325234758366,0.8518044798302215,-2.2722338591834585,-6.24375062840505,-0.8050687512335126,6.278376600920502,1.9936501592013671,0.11382604647757408,1.1943593391356353,-1.14456255245277,-1.0844342001800085,2.564025781726552,-2.9227797976285497,-0.36990345034386607,-0.28637549968558446,5.537829452331877,-1.9344861205995045,6.28060130890322,0.0,3.429045571481454,9.50259255510511,0.0,9.573254886830169,0.1596527924858312,0.024249749135456605,-0.06989839506662957,-0.09682003909455102,-1.525903393050751,-0.9870677784363057,3.141223932759041,4.709780330009355,-5.132754150037858,6.753747579581815,-0.12507270692408073,0.04824738437672377,-0.08606241459247485,4.806742745452834,5.249947534155042,6.6969982940572494,-0.05023551500115599,-0.21123698947723954,-0.2867149428474519,-0.8191827437570733,0.18641546525072095,0.058824911707149256,-1.426670690385551,0.18649770536540466,0.01364515973970428,-1.569335632822826,0.07677702145474682,0.009988022463737927,-0.7194195183907829,-0.2403725576376105,0.054534198991279044,-1.300800788471118,-0.2317176841339173,0.009992614814796909,-1.721203258603432,-0.5002012146148714,0.07695634701239189,0,1,1,0,1,0
1.1500000000000004,-1.1078503506670478,-0.009828915082784712,0.2554187808608033,0.10587299266317574,-0.1580468661930691,0.20280464095841025,-1.205922621902839,0.5117352063271979,-2.118234348944093,-0.42136546128177954,0.1109202444197467,-1.034888151820034,0.9053386180156177,0.6782330108906907,-2.0673169887274243,0.8398781436225004,-0.5310558376355292,1.9063228931375593,-0.49344198158974656,-0.3937022401514392,2.0196797644793283,-0.35620221190505713,-0.9081583166187557,2.3136214653683114,-1.2210307928122786,0.4821397161525702,-2.0443117212594664,0.05054163328993113,0.19478827007410424,-1.4839125860773703,0.8387424250042418,0.6828901854251749,-2.3495030483871036,0.8731398058423661,-0.49356363369060813,1.81240241876714,-0.398548366645027,-0.38880443238881457,2.0446772775835225,-0.4327919566303025,-0.8729758843424492,1.754806071634451,0.6013990043114292,0.25294584607177356,0.17028770033127194,0.7240360617303016,0.03206712426742915,-0.4183472785758901,0.3506383112877726,0.6540515977268229,-1.6429008069430466,-6.267014586422872,-1.8646595129462822,6.285420900913021,1.483024361454847,-0.1034226178519601,1.8155218527072585,-0.7486111464513437,-0.7562468130480284,2.0868469822352695,-2.0997517244381103,-0.20654663326140943,-0.5548565199347942,4.258997032862176,-0.8584658803430639,6.283607148731153,0.0,0.031748653918054315,10.94928939863872,0.0,8.303272149013655,0.18994680341724846,0.00033889430102073683,-0.06389916387038777,-0.05504876566095601,-0.16195359902224657,0.11676892242217222,-0.11765835759917873,6.198258075980549,-5.08838888672685,7.745743957527535,-0.07374495068013148,0.04636389333578652,-0.05273302438086429,1.1407691221739824,2.8274387529650395,7.937875858711648,0.2537370173390867,-0.15518822826786063,-0.25217583019448275,-0.8412707608850241,0.20056331273980835,0.0752189305870836,-1.3545784854161715,0.27972261090616185,0.032742467311036125,-1.574825323445009,0.07636937156083139,0.009998793728803699,-0.7369010783305433,-0.21080730932058206,0.058369037003230456,-1.2977555203629272,-0.23161527050643094,0.009999286828744059,-1.5207410378913058,-0.4890103846985287,0.06558575703960765,0,0,1,0,1,0
1.2000000000000004,-1.0719513521462682,0.0043197743810273566,0.257302293146402,0.11345944477177752,-0.13314799165928598,0.2434356241584732,-1.147082495765767,0.5446448916926161,-2.1740203188018508,-0.7198583774562943,-0.04517190593722045,-0.9744292589552002,0.9533534634052733,0.6373724851232511,-1.970858430438936,0.8302696193487883,-0.5601409187701357,1.997428120820673,-0.6102067169628353,-0.36636571255180467,2.0257028122016054,-0.36705528268419385,-0.7986342064531243,2.473399596548861,-1.1726089953759717,0.5229261100184895,-2.128555726730704,-0.26244536010633385,0.05077561319828961,-1.1855343933911737,0.9066476005590719,0.6570703366285644,-2.240825111146802,0.8456615743801107,-0.5377534490550284,1.9311587894643898,-0.5347107952060248,-0.382570805275014,2.032317480269073,-0.32994818293844347,-0.8476769911913525,2.068905912669134,0.717979970415592,0.28297378927624134,0.03767024571197486,0.7725482665279214,0.46439929256076756,-0.32571610913476157,0.6214339725021465,0.5229889431737186,-1.0108108993640763,-6.220089902543493,-2.2849015845257146,4.690514394912577,1.0312097290454412,-0.3343467112255737,2.423933697251045,-0.3291818586304293,-0.49784651837160815,1.473437666340938,-1.7915481452081439,0.3603705545680451,-0.15186814996840242,-0.21826356465336055,1.1332278690483435,6.283091853282175,0.0,0.027555229276393506,13.149508456656951,0.0,5.895713007753742,0.28486756240789807,-0.005637904458227649,-0.05305563974495614,-0.04037535674667868,-0.12172874958913474,0.1494879224975104,-0.12090018578098247,8.120515647207636,-5.100264831737013,9.287297793435828,-0.037998444039792065,0.04535817774602724,-0.032032775080482336,-1.2880398914308482,-0.6676632000339763,5.920548636934027,0.44018073949826436,-0.11008668022700197,-0.17093388337815263,-0.8496824022379957,0.2218145339906627,0.0790604757708423,-1.2441866003100845,0.3443771557889682,0.04952395958754752,-1.5795323313577683,0.07604754641934323,0.009999950284583338,-0.7367634318291111,-0.17302983545550857,0.053025240150251646,-1.2853632858079833,-0.2218053658839408,0.01000000323078675,-1.3968071254352947,-0.40028014492824826,0.0364094235188262,0,0,1,0,1,0
1.2500000000000004,-1.034600663594568,0.01694729508663969,0.2566115889714611,0.14508069140703003,-0.09312643148776105,0.2659626265701273,-1.0150706840992025,0.522140875055376,-2.276497346943158,-0.753097877985586,-0.08140264824048098,-1.1611115725222596,0.9895225436817272,0.5904345914932542,-1.8798801261641318,0.8604805526784435,-0.5465204398155159,2.0560409254017906,-0.6286794963769508,-0.39619951452404595,1.906482228836132,-0.44390398829042316,-0.7067898279101483,2.4181995781731214,-1.0742025611598354,0.5224138870393367,-2.218554440473653,-0.5594900146589791,-0.03395477930578906,-1.1148290656883053,0.9596578514550173,0.6101005945320236,-2.069934144855452,0.8549520600540839,-0.5459276722550747,2.0113185300507275,-0.6081141552629485,-0.40267411887139887,1.9664342196843723,-0.39943228493559846,-0.7577035754427267,2.294867545150823,0.7470137710340063,0.25255041411224666,-0.013814083498818741,0.33187859263034836,0.618905021665085,-0.8078258167547059,1.3336955853793466,-0.1216936730754115,-1.2867262239680088,-4.878703201667848,-0.9266309504588075,-1.030076605471593,0.663000280833981,-0.635526833991501,4.223481187271103,0.08893158742569307,-0.013023088285856852,0.9952580026054358,-0.9589407875375769,-0.5986344680011717,-1.3288874727651088,-1.0437502049323102,1.1329422382189922,2.7395328791881743,0.0,0.10104067600384403,4.974240245950703,0.0,15.647736135163832,2.5768175989185167,0.007168960465165403,0.06424330716660832,-0.11762106969089056,0.05453369350601386,0.22929850301976157,-0.1872799012022912,1.2268611192966177,-2.8729674022623963,4.1247584441166865,-0.0012867676707454799,-0.01776365529341754,-0.05909218024096051,-7.553183238343335,4.03556275655859,13.33470647654698,0.10078359118485061,-0.8164664004750473,2.6521578501866743,-0.8700116814828467,0.2422676450052656,0.07310136573802989,-1.1167742197511592,0.3500816398975856,0.05998134419198617,-1.6021241543704015,0.08262040919292157,0.011444326477904478,-0.7292074204110433,-0.1288262548757245,0.03359622753675029,-1.276313542750708,-0.21750003934471163,0.010000080153870283,-1.362496846979065,-0.29030848123714814,0.009828623213474795,0,0,1,0,1,1
1.3000000000000005,-1.0000436873288292,0.02394911147591834,0.2536346164231373,0.16435595421126895,-0.04487723450149679,0.24507283209073616,-0.8739148759514056,0.5532407188726279,-2.319250935959777,-0.6541795364096671,0.03540234561733698,-1.4625989994134336,1.0062960441990039,0.5339445287740795,-1.7483326908077175,0.867836351715044,-0.5252557714669025,2.1283668576050427,-0.40580139870688026,-0.3958028436160634,1.5204372920564595,-0.5479039499317752,-0.6718060612721046,2.3333371200418207,-0.9499137078243352,0.5415580924638904,-2.284128791566299,-0.6812106115783474,0.011740533828754,-1.3168895842897068,0.9905913888698129,0.5624936635816652,-1.862418226160621,0.8625687804601655,-0.5362397153269782,2.087052570791359,-0.5672484161704248,-0.3990947601658057,1.8777836940316908,-0.48182407879177536,-0.7013991017038959,2.3246778515977646,0.6911395253147745,0.14003632778557304,-0.05953945096647595,-0.4760854010573306,0.8307844093842822,-0.5990576095355808,1.7111021171577108,0.1441931124807564,-0.779179502416148,-0.39414688587989366,0.3838399461494118,-3.238355665113814,0.39797442810773,-0.3330483058273005,2.53531551335483,0.08595300765200499,-0.6650472673221997,1.282889798137737,2.401282067735463,0.1584532159552069,-2.1879667159576126,-1.4684048517864867,0.6565395842980584,0.19348982467717188,0.0,0.11980799033878325,0.014765019385783146,4.253924786648483,12.755517205118613,6.337900055273201,-0.08043597467495398,-0.029350850483381652,-0.12758056255921285,0.2854159182806868,0.032939731598902795,-0.14046308539511668,-0.11831693392651091,0.09017201801896582,-0.15490036754118036,-0.1340043158833723,-0.3752946892164636,4.436061625438976,-5.266062834668084,6.56045996244031,9.8526328133484,3.1411241084053283,-1.5161500738520575,5.529806996803285,-0.8818370700239659,0.25483024610008376,0.07266730324435268,-1.0552342214473651,0.31202279310387043,0.05528277232975084,-1.6416364927569702,0.11533363007632007,0.034756763546853024,-0.7364585035341945,-0.10189555788765337,0.00874269108861123,-1.2583734819160048,-0.22401219545784384,0.010000088413423258,-1.3553563219010811,-0.24589362141403048,0.009981678364631704,0,0,0,1,1,1
1.3500000000000005,-0.9666353652187816,0.02853668945892956,0.2544307540198227,0.15064415217565819,-0.017372552242277652,0.18932028772983675,-0.8611904265857251,0.7021645857109496,-2.017671038666565,-0.5771812938312076,0.10382709982042816,-1.6637589852911645,1.0364462383261341,0.49095255565717616,-1.6131012930173003,0.8413107675592719,-0.5026430383346506,2.1986556246073468,0.027134908181109165,-0.2824757088004713,1.0181575538641425,-0.6610225649754363,-0.6736626569131076,2.2652893101715925,-0.8920021026421637,0.5728138768807439,-2.206186355266249,-0.6241485880977516,0.07107967509536481,-1.53517439002498,1.0203711548799221,0.5164899987050068,-1.7021420175825248,0.8496614990728812,-0.55640720329896,2.158608414535962,-0.39661988518045416,-0.3359958368709909,1.7129713429720776,-0.5941817381518775,-0.6701219059567015,2.2884301633518285,0.6681664422009526,0.0917515596602244,0.015922751933707957,-1.1152338994293407,0.5645881530211214,0.22183249331858487,0.6933637875862226,0.7350593677689794,3.4984386326847385,1.0548779826824999,0.6049474914592667,-2.857329760548103,0.32541418798000554,-0.5675218421481433,1.9788851463824941,-0.08885775755959596,0.22787000819554717,0.8921246045590231,4.271899286010551,1.0952404241568396,-3.7850700687418457,-1.4853844586501157,-0.023813638095518612,-0.5129096820453211,0.20097828735317508,0.0,0.0,6.483546682837257,14.504991143488144,0.0,-0.06718661914342236,-0.3783117120327204,-0.11467254979128258,0.06594982387229924,-0.06246440439124383,-0.09977616356882198,-0.05699183244195868,0.029272097860381124,-0.059137362144263204,2.8790418564129197,-2.2438251134820257,5.598764427156651,-5.472705471972786,5.7254632650992,12.389726782584976,0.0009527213727578337,0.012413680705078579,-0.16778081133183784,-0.8350748734692155,0.28159978295257565,0.07628124572492366,-1.0483692909806055,0.2869110682907548,0.05052390637056774,-1.655688651805644,0.15631836970663904,0.05718321472991542,-0.7403173447673699,-0.10207964536461529,0.00986507729058248,-1.2174797673084017,-0.2473715403199379,0.010000089300285842,-1.369463488067444,-0.22052954531198757,0.017938039210572736,0,0,0,1,1,0
1.4000000000000006,-0.9370866442222983,0.04038102003180392,0.2566054396390708,0.10487958423677533,-0.009359712013399439,0.13046956765875484,-0.9494388177636275,0.7102574009843542,-1.4756583731047799,-0.5057149790476696,0.09556836985296172,-1.8053695577756261,1.082400190161133,0.4601544012869127,-1.481931115622516,0.7862926156181934,-0.4969046701964671,2.2618491243044354,0.49737636335557933,-0.14696631620179104,0.6545048730527148,-0.7595454152910054,-0.7030834573210104,2.1818551168914437,-0.9263745040329793,0.6254060956132349,-1.929519956128877,-0.549202216601175,0.08676683713629588,-1.7035213951182213,1.0601145266040657,0.4802789068399683,-1.5619905547383892,0.8119280117164586,-0.5253823777886895,2.2243469496682713,-0.14425810137891096,-0.2253459658979818,1.4281371344090972,-0.7003103406798201,-0.6858623011837081,2.222429736231187,0.5909744199296663,0.23688661145748713,0.043493712384962135,-1.1307331969308607,0.2649359031666929,0.9326877814327346,-0.5045354824941152,1.8850733924662078,6.281834296137085,0.9756567015876979,0.043597873341878375,-2.2630807161742736,0.5088672052151952,-0.447431510576903,1.7806784663049349,-0.4412326429957854,0.5308570853298016,0.8341648533164963,6.2492776391734495,1.745815543624512,-6.284827859956678,-1.35787690114725,-0.47161829605460526,-0.9018476644005443,0.1973113091671021,0.0,0.0,5.373507047833825,9.787596789137496,0.0,-0.14322738080983985,-0.2786016015819285,-0.24438359473257226,-0.019940792026352096,-0.011961378605687956,-0.056824220760603485,-0.020637916801793388,-0.013102893750097506,-0.04819530529776722,2.5580956155753447,-1.29980046863535,4.778142565428834,-3.339042666653434,3.0458104698258714,8.906510106352354,0.03360549927914952,-0.005594632602994765,-0.1198173212756902,-0.7058462269682312,0.3514095787074394,0.1017810881794418,-1.0422314739711336,0.2668787225334097,0.03980513086362211,-1.6614932915333873,0.19818402488654654,0.0671420531845432,-0.7553747394639916,-0.10303812845888612,0.009985592591356266,-1.145478621357281,-0.28839134006848677,0.01044277230993748,-1.3905797272868745,-0.20504104136533152,0.03738606787829246,0,0,0,1,1,0
1.4500000000000006,-0.9082236768588322,0.054024665797422364,0.24778583209592425,0.05442305647522082,-0.010648967807594707,0.07323001776757398,-1.0917252994390823,0.5562953870623928,-0.9340907288097005,-0.428981329467846,0.10595562803889207,-1.9236432388369753,1.1089148849553765,0.40538525379234264,-1.3268088197831536,0.7343718617513766,-0.5159892722763914,2.3337428706554877,0.8280014362865702,-0.044989884403042524,0.612075509908363,-0.8564889078553327,-0.7370273480778186,2.1151715410184053,-1.023899353826102,0.6199617946251428,-1.6153611967845845,-0.47352345642071264,0.09801263061123003,-1.8442545587988337,1.092137766446289,0.43251942591134485,-1.412972863062786,0.7625235329085551,-0.520876766347675,2.294621825035312,0.168562146124524,-0.11428118688113396,1.113976883834721,-0.8008988152115532,-0.719134102033037,2.1544139006788052,0.577259347269321,0.2728729153123689,-0.1763921508629307,-1.0805735574414985,0.010998113523751893,1.0362232538441152,-1.5068407657825234,-1.3556703668598562,6.283880469244084,1.0325230253347837,0.06631246999254511,-1.7628727024093087,0.4165062505523499,-0.5992942036716786,1.9144785713303496,-0.6261942754436836,0.1063073405811221,0.9738953404653692,6.2821941527680485,1.5390880263818831,-6.28417104055723,-1.3080957106187896,-0.39742649598069235,-0.8765784538186995,0.07759168325171933,0.0,0.0,4.833875908771042,0.015198171247448211,0.0,-0.2097364693464753,0.1676556601709333,-0.07042255071528178,-0.011900787887253381,-0.03938288391937045,-0.08413473029266663,-0.016595688406009036,0.026389144773211637,0.0017271901644401449,0.6836067948136354,-0.6374543668390427,4.946336052593672,-0.1368789591732259,-0.05767399779857946,-0.15571805746871445,0.014808029598564693,-0.049947250608546656,-0.007881323598297562,-0.5423231483978534,0.3830801453408001,0.14128397334024753,-1.0305341632678795,0.2504707567888238,0.02226778639373561,-1.661951768537713,0.24442971718551368,0.055549343508932605,-0.7676095170911187,-0.10289031021648001,0.00999853282324335,-1.0269110694654648,-0.3202130473983983,0.016254287689861584,-1.4148090449615531,-0.18300934276431055,0.049409706538251885,0,0,0,1,0,0
1.5000000000000007,-0.8817416580280463,0.06836484322984887,0.23244985358078366,0.008173801369811662,-0.03814974997398902,0.023222197837315613,-1.2411183603933005,0.32431344004737356,-0.5986167505615363,-0.3725657972404987,0.1056911506053827,-2.000227269910244,1.1310685235196871,0.3556630819458404,-1.208923251665175,0.6750500195284349,-0.5205172070905011,2.4355277249165597,0.9074082478085932,-0.0066099148992248835,0.895755717520645,-0.9092400286633853,-0.7574858430486067,2.0639410003192675,-1.1524704137863575,0.47605682691110623,-1.3011806180884415,-0.39553885322977883,0.13928912432193855,-1.990500761841058,1.117867723636263,0.38257324502925777,-1.281586579498186,0.7063044002750495,-0.5214856447996649,2.381583264307179,0.4814525008686383,-0.04572298010646852,0.9399472215633597,-0.8718400671013165,-0.7449184020016991,2.096303340286132,0.5296403766157187,0.28680354864853014,-0.30671957030281194,-0.9100665211074604,-0.5525392836202121,0.984556775764789,-2.0724738313527156,-3.4369038435507644,6.282050748552907,1.2415699067708417,1.8542899806785325,-3.31905910966256,0.35018496117485093,-0.6128723581800722,1.614653675764262,-0.7479058268597059,0.007808937135708485,1.1998665287534864,6.28375403271172,0.86776014436402,-1.3807495628575306,-0.8728443518361039,-0.247430819283474,-0.7192453024037009,0.020654704984385708,14.35219061108091,0.0,1.6967776668020238,0.14725231301085356,0.0,-0.10829173920489203,0.167362194333788,-0.0946112781834456,-5.867507876353619,-2.4398608747685713,13.09143543748863,0.010572487970022549,-0.003066217933473732,-0.02603748749049568,-0.3880035179299436,-0.48925213985948846,1.7910474954606392,-0.09480578149610498,-0.2487142098769462,-0.2230185519000314,-0.0035061361905729623,-0.029515157841241767,-0.037994679252983686,-0.3885256575064149,0.35194223938998404,0.13692141719213718,-1.018164785118868,0.24363045587892523,0.009153977912642837,-1.6506586923119062,0.2889742009581936,0.012547129714663131,-0.7777352568929576,-0.0896341084981885,0.009975378779641842,-0.8925540616822452,-0.3009158901105569,0.03031262239994969,-1.427172762695377,-0.1532506050613835,0.03894214096447771,0,1,0,1,0,0
1.5500000000000007,-0.8642370299654636,0.08705239596381636,0.22356351137571798,0.020543958642809432,-0.06064115011956897,0.010632114370098235,-1.2979317707237834,0.07085521286444098,-0.6446897897587838,-0.3181550197975696,0.11185168585235143,-2.0691503374816893,1.1791289487169236,0.28009419470175917,-1.073400702214331,0.6329449457898333,-0.5636095111087579,2.478933272448667,0.8490240315668338,-0.09750850170839442,1.213209414288597,-0.9255853851360893,-0.7488401169298372,2.001726330227447,-1.2550083138199468,0.23745478850566765,-0.9869844733729836,-0.3430587702824421,0.13829805754276558,-2.104253929049406,1.1645548381298623,0.3795073727445003,-1.1611259190713712,0.6577193542852954,-0.5496827010946885,2.4449005918883335,0.7282802594209267,-0.10044908531166538,1.029901582760867,-0.907934442301592,-0.7493629654499958,2.0351436939236764,0.35009256125165367,0.3737510546793499,-0.17772684410131356,-0.2732047459624184,-0.445053305478964,-0.2213183318516968,-1.350169372003215,-4.610192767325331,6.284477031493814,0.6331362024485457,-0.5814443449068283,-2.1277101306973516,0.4588303771836677,-0.3598763212661685,1.94796102213877,-0.5632004341961165,-0.39000344739096016,0.7560952390381547,3.3113293177228273,-1.2801043381313488,3.600127989224044,-0.4330306574077226,-0.030656452173660854,-0.7430507367767789,0.1008277677070486,17.35953987335905,10.016500332196223,0.0,0.12297838226653907,0.0,0.2626369917403642,0.08123768693698157,-0.12214579245437322,-6.305728224693278,-7.2830583957458925,14.681018102452844,-4.003475255283414,2.137606045472187,9.153125439567606,-0.07950098800380684,-0.04430007986392169,-0.06227195033180442,0.16990785212621745,-0.19072884554451638,-0.19765845459939752,-0.07067687402528304,0.03071217418985952,-0.07497873598910734,-0.28496217147845515,0.3223227888603622,0.09800186454670289,-1.0117035336679023,0.24454283002986427,0.009909238877044844,-1.66468656470943,0.30811347202991135,0.00974696789087981,-0.7778497944353243,-0.05995354914971775,0.012190842285911068,-0.7925477064140735,-0.2172533864836272,0.03389773711552379,-1.4321541335127268,-0.1295123006683012,0.019359982515917477,0,1,1,1,0,0
1.6000000000000008,-0.8487105279645266,0.10536605789051832,0.21660817135795937,0.06493981703023759,-0.06657317136802816,0.024868763006448052,-1.256200165901796,-0.034142971144667356,-0.9228404796989826,-0.2245675562878436,0.11858099224245536,-2.129485795855805,1.2154466253427014,0.24644190119228807,-0.8703546729661804,0.6128825877670849,-0.6954506120716041,2.2523439773515994,0.7929754351052587,-0.16263857117405478,1.390987828897782,-0.9654343077772123,-0.7314742407170594,1.9241877254596176,-1.2652185805894385,0.06318013550731139,-0.8541690861896464,-0.2688088253890229,0.12553649058085575,-2.1813953832235544,1.1959972333002498,0.29860177499227686,-0.9801080063143928,0.6282547719460245,-0.6286547706683423,2.432504350148478,0.8075718268362663,-0.15462482609680628,1.2488795127232535,-0.9376176062627994,-0.7676249215716229,1.9643008613701105,0.3105300400187394,0.3662732385340392,-0.1391068003551721,0.1961326613010187,-0.12361029759446626,-0.9214919850481395,0.19888924855970264,-2.1360587778447133,-0.7220535740766467,1.0258856131258092,-0.15727396337757849,-0.5987661954907125,0.2625960157883132,-1.157527010945302,2.441267775669851,-0.3472980240652133,-1.4054396052789462,-1.42424897841481,-0.3273315219697092,-1.473141453472116,3.161348853181891,-0.6130447807259279,-0.681485622817994,-0.8914100204901325,0.18492327753759175,7.882962720621964,2.5334999765295865,2.304212425814204,4.7770592600329564,9.754220493803155,0.2287017415873414,0.22343233926502942,-0.21433486127029266,-0.1511200447908017,-5.64556442921539,5.782650893025168,0.9385408563785622,0.4538104463483788,2.5268991395345664,-0.5880310782920705,1.6189370716711449,1.8177849384714861,-0.7539142508729532,-3.60036608390354,3.3526252761213216,4.345301320110087,-0.20164025454180612,8.95344644728769,-0.2562953854864859,0.3514262649120973,0.03818965757264475,-1.0083272315689396,0.2473509318814695,0.009990334405596156,-1.6844516092155362,0.32425828410398405,0.009991556610266475,-0.7546973183800882,-0.047487280399606875,0.009979659611996719,-0.770758581521134,-0.13576244965632078,0.008738433366817858,-1.436412631788349,-0.12118991313251265,0.009686055122557023,0,1,1,1,1,1
1.6500000000000008,-0.8272451789685694,0.11780461013745946,0.21932498158417152,0.05389166589255668,-0.07948490693458585,0.04630685036822643,-1.2267228008559687,0.069441950831934,-1.1381047422377675,-0.06820740256295839,0.14064628349769964,-2.1977892452473684,1.169630870784714,0.4002271891885752,-0.8961433785325013,0.6154664418063059,-0.80598955639839,1.7165298529585442,0.7121266844743067,-0.1546052897373343,1.5140763057126734,-1.0168788985567077,-0.696540820408962,1.7855825634168578,-1.2421018523851386,0.09830734635616693,-1.026176511757362,-0.15419159092073453,0.13598133100078214,-2.1952325211836454,1.1797598745966307,0.3450597720171678,-0.9254168181090296,0.6199853751636747,-0.6652271527763662,2.249007622455435,0.7491698294651542,-0.19936551719497095,1.4144967354332378,-0.9883687776160814,-0.7434843469602052,1.8547113108833733,0.429306979919144,0.2487710449388228,0.054336204524242926,0.45852996531238166,-0.24004482142593375,0.24867458268265108,0.2719468620352643,0.8944271533948269,-2.4865927992315946,2.110814413498143,0.10144310494400653,-0.05701793663952148,-0.16560149476841168,1.225796609922631,0.6526124868501256,-0.062458655185419744,-0.5532755270230634,-5.668772956551865,-0.8447977261529575,0.011326514967212174,2.2117695060784266,-0.6824900542674254,0.3382595714361318,-1.5364788406878696,4.5939358332532025,7.016186873548873,0.021569834526326742,0.287329835576465,5.002242624235908,8.463026798210246,1.7592802360825963,3.903795871859618,2.155720671870557,-1.0396033128498616,-4.9105834621601065,5.184471815628888,-0.06927548695873507,-0.11518557286156803,-0.1761430733330333,0.02589293635214145,0.46567792607555025,-0.14129399723987834,-0.09067112453552202,-4.223769574017881,3.0356016955775313,-0.13131990441644908,1.8541043593170166,8.461269728236687,-0.2803906829256933,0.3737691173237461,0.009535264917417033,-1.000073829325151,0.25309626554650955,0.009999041971670616,-1.6824582173664777,0.3249590714288562,0.031563100536044705,-0.6835121670865891,-0.0966770582386057,0.016079530852126964,-0.776789197702191,-0.11883611008363924,0.009864620121186204,-1.4460445460717335,-0.12378130490222575,0.009966370232432882,1,1,1,1,1,1
1.7000000000000008,-0.8002915455629933,0.12831378658216114,0.22561208728650425,0.014061403610841768,-0.10360505017028412,0.05465609700956069,-1.195561284554801,0.13984813527838727,-1.325242794554388,0.12123367752336348,0.18316654139453875,-2.2439482169781564,0.9756160148640417,0.6374074865089883,-1.2711511592221243,0.6914486898872433,-0.7683412478741624,1.0597466807504285,0.577567737178929,-0.16932207162295349,1.6803419776269248,-1.091393669191739,-0.6351294370283728,1.580115080669853,-1.2133165986767138,0.16823608496685902,-1.2009261487612959,0.008095059838966707,0.1678495917509046,-2.226975085191134,1.0956503316557193,0.5328788400730257,-1.1144751120300578,0.6647030957538667,-0.7135954831874652,1.935628069718446,0.6481647513864105,-0.19965633667805885,1.5730435539657497,-1.0548102038969176,-0.6896817456407545,1.7050059756687697,0.5390726681115221,0.21018352889403347,0.1257421140466547,0.294130099891592,-0.44199397728994555,0.8063632949373298,0.38651472950244153,1.2117086145864417,-2.7620286952127255,2.7448635721289403,0.5033407787555624,-0.3803529106816627,-2.593446381129512,2.789436124301263,-3.4814071678215965,0.6528561180871169,-1.1961733261979668,-6.282619256664299,-1.6040305469351044,0.44625867879363673,2.3823391803524947,-0.8768554423663469,1.2106005129324662,-2.778906583854171,3.040998872400097,1.642202942556345,0.1388365164493977,0.24929098004957356,5.445637375498948,9.98767748540958,0.9322987427767593,2.83823645270708,1.256704652510011,-0.628286453518059,-0.6084217966133556,1.6213545976419632,-0.27684269522035754,0.12115068715102681,-0.1532671458125493,-0.13815069304500469,0.114179009869299,-0.411995053939192,0.7513171923659685,-4.170246133942301,3.73065557703003,-0.917050172931614,2.0366304003470903,9.939815297048,-0.292386374999238,0.3820295795683165,0.009950179257442071,-0.9855025958301736,0.2526079713455469,0.009948330663032363,-1.628200339693256,0.3487584277585988,0.06360836816403839,-0.5593149329447461,-0.19040653458346338,0.07527177735287754,-0.7875102792879941,-0.107735931708096,0.00998554350316607,-1.4584101881651783,-0.12592557562547246,0.009996468838170403,1,1,0,0,1,1
1.7500000000000009,-0.772770442032654,0.14376013384306227,0.233833667047137,-0.040686593917914196,-0.1306814973549651,0.07718678761919495,-1.196631157558223,0.20792684804460876,-1.5075561492785419,0.2840805398326124,0.2160856961516195,-2.226838735229542,0.6875684755253084,0.8234466938086888,-1.8081252856016428,0.8437736091917288,-0.568374563814031,0.5570411194612874,0.4320120667165838,-0.21552318173168244,1.8777504794650177,-1.1838427457117586,-0.5553006686625636,1.3717723139613274,-1.2028401686915484,0.23331748559494112,-1.3811561128497623,0.18344103423296523,0.20382106534930186,-2.229708531260223,0.8684213233433772,0.7315393366499192,-1.4211263246475523,0.7619785070411216,-0.695451406615807,1.6214867268458992,0.5136335177565655,-0.21013456053002139,1.7635219649077918,-1.13381004326722,-0.6087728471733065,1.50206832379544,0.5504220706067864,0.30892694521802266,0.16443159521265516,0.6508739671829895,-0.4442553333389261,1.117057675554723,0.09490751820227154,0.7063645812920557,-2.808667663135075,2.587469278815863,0.41688133952289647,0.05706343183620545,-4.730718297777596,2.8840329481240423,-6.282982171375638,1.817824280749462,1.133016359053063,-6.283272927719975,-1.8565226384109612,-0.08361079216636372,2.539715698207266,-1.1552209903881985,1.18836122196834,-2.898828174621056,2.9435941021927556,15.490808784627133,0.04723852706588516,0.16825555467148717,0.0,4.174517531348684,0.29789545758618063,2.8782700976631768,1.2284150034042256,-4.785328267010482,-5.951370547458113,13.70705301293938,-0.10883872583281402,0.15586646299981768,-0.15807171390455801,-0.27823595523500166,-0.17217016124899906,-0.168980301622303,-0.06892837271694925,-0.001283102951283388,-0.14268474977605114,1.4503388502620471,0.38173104069252817,4.109404125182793,-0.30830957084306765,0.38279478190238564,0.009994730345468758,-0.9781360723867539,0.2528209972135851,0.009994531854155095,-1.507855426429752,0.41203276606373473,0.07257734299578378,-0.4235668251469644,-0.23015678382320526,0.18438001612458108,-0.8045393106378583,-0.08944337501331454,0.017270086321772814,-1.4765093896021464,-0.1379677957580416,0.009999700651352753,1,1,0,0,1,1
1.800000000000001,-0.7514289082300959,0.16078741678887762,0.24542151898898062,-0.07231585622106787,-0.15350004605279774,0.10985073559545397,-1.2084898631283023,0.28666005218140206,-1.6510914222160296,0.4054396391238657,0.2206542842596338,-2.1598115986774316,0.4561768354460017,0.8999687041254103,-2.3394106363581892,1.007811776599058,-0.2719666828993876,0.4309521822950426,0.3169643461300384,-0.2623186945925881,2.0174024319248414,-1.2488895751522877,-0.42805961344197546,1.1554089462884465,-1.2076504521200557,0.27188367617343784,-1.5502285661008828,0.3325358333352454,0.21774743155026122,-2.2158822858901828,0.5884919418713509,0.8413615005190301,-1.7352754206482346,0.9006452305311959,-0.5777854782973224,1.307300214927112,0.3887667932238686,-0.24486666189961112,1.9263591078370061,-1.2048358301904183,-0.5063832696894668,1.2870785191078888,0.426830676051162,0.34054565891630695,0.23175703883687226,0.7829336993140144,-0.3683670067430145,0.6127391036510068,-0.09668513938825997,0.32863260944988726,-2.238874424833129,1.978220363711858,0.06104658624046965,0.5125848359126647,-4.6427948201671905,1.3623658409214512,-6.283934421800282,2.3824580170132115,3.2683567592484923,-6.284442256608988,-1.6784683702428684,-0.3877247313768472,2.023376033673985,-0.9667067089425619,1.7385344492581514,-2.9346632519078484,1.9225296293857645,16.067071705298535,0.052321346346758224,0.08594659729961618,0.0,6.135661205885039,0.5352603981524876,1.71816972359828,1.1253982116123704,-4.790565852374209,-6.819537657685835,13.970039613930775,0.1539044591902942,0.09617438974287486,-0.17529964638061707,-0.19846221437331985,-0.19824456585256534,-0.05547339978039182,-0.03557546826871646,0.030467198762627296,-0.12948470191524042,2.72889555945506,-0.47531259477613086,5.698053165651432,-0.33487493308196253,0.3799982282024424,0.009999513982120543,-0.9732358633101285,0.25319540753107,0.009999492669277688,-1.353180318869483,0.45204260330077795,0.06044892125243743,-0.28225815574553376,-0.19048417338815193,0.26553151672105035,-0.8128552690693566,-0.06526966409982567,0.036035326111510856,-1.4942361258619974,-0.14735939122735864,0.010000047664650763,1,1,0,0,0,1
1.850000000000001,-0.7328971256718058,0.17310771218020876,0.25586090581407583,-0.08107146161182062,-0.15881243397513758,0.13694145566044943,-1.2078967297359537,0.3584644242954473,-1.7653113749681861,0.5244269155658323,0.19710063653842472,-2.070526960764679,0.3798944319603897,0.809922918429839,-2.6076502062761397,1.1336090612648602,-0.08060219576315775,0.6422577590610761,0.2220488018389072,-0.2957479782829885,2.086573744703128,-1.3008161010219774,-0.330953678545429,0.9292634149341596,-1.2079140822108672,0.32736770845994095,-1.6888541531883345,0.45717719389438277,0.20597728079526378,-2.176341723571044,0.45082486562174534,0.8307374735997757,-2.0494468893930895,1.046533906455969,-0.3749659668613212,0.9931181359391296,0.2835738080068611,-0.27857353717299277,2.0302036527797083,-1.2604862745075769,-0.39663651856745447,1.0652693286750832,0.37063565116580266,0.24640590782662286,0.2087877365019042,0.5792519815420294,-0.06861509644362992,0.15939097058343765,-0.01743047067130385,0.6732058027654805,-1.6988941095981063,1.5280126203191873,-0.20540503984702976,0.7646085290334267,-1.6525928077525227,-0.4654840729816418,-6.283412282384618,2.103136274385515,5.0137054631961515,-6.283112565739265,-1.4320216431541568,-0.3849248315078625,1.252692534526305,-0.9026522785559413,1.459430891802712,-3.0224005373106198,0.0,15.494251970602397,0.17990002809441885,0.06698457793633183,0.0,2.5627677335381898,0.018227627935957034,-0.09184234457669084,-0.13653833270438892,-4.111717115680555,-6.857645847701197,13.504666626943566,0.3315152321508733,0.06205734527743567,-0.17484441110658913,-0.000411429441025063,-0.26601356792831465,-0.022745928420361737,-0.00923403781606638,0.01736049761894177,-0.07411342416595874,1.4208927112776926,-0.4077231734468155,2.334033261620779,-0.3590171768647399,0.38086354833336544,0.018883632081056406,-0.9721955823046832,0.25333734842348155,0.010000025332745723,-1.2291937773598567,0.40911400721787583,0.032290740420009664,-0.15307578707913638,-0.1076078054096038,0.27955888122605554,-0.8156335617716561,-0.04793033660675294,0.05291685207796081,-1.5153087165552883,-0.14818798981385833,0.010000084924920091,1,1,0,0,0,1
1.900000000000001,-0.7180934005704201,0.18039228693343426,0.2621680556661786,-0.06191176340871877,-0.1685992571679732,0.1592074758161144,-1.1865754348045574,0.4047294442242431,-1.8749507285765319,0.6662930178538656,0.21624895993282328,-2.0041845076743097,0.46517427832257136,0.6756103140790576,-2.5189235158984635,1.165958332266544,-0.08900663284280964,0.9432465641298324,0.10009140320387068,-0.30924224470005557,2.1051408427320357,-1.2448417500187465,-0.39225152614826914,0.8520875447320058,-1.1939942948552638,0.3775428083538265,-1.8084794169302116,0.5883459612509216,0.2143644833352964,-2.154582756719215,0.45724679557575565,0.7320769609207017,-2.337551240350365,1.1263702913360787,-0.190765239896489,0.8694645448888998,0.17284623437001492,-0.2988348350061831,2.0789894096975914,-1.2531319422565248,-0.3828034430086324,0.9278452105469726,0.29607450202771224,0.14569149506450996,0.12614299704205578,0.3691819894455525,-0.25415708192532627,-0.3581265243632651,0.1945632118910249,0.5792114509255966,-1.477481330435713,1.855727934187543,0.2063345732164095,0.36992114618874733,0.15475479927789298,-2.306841638289734,-4.276017841612407,0.9006097178730997,2.1854377556538465,1.1900850605843774,-1.693621788803607,-0.230624927389276,0.5798637733868774,0.18469452511485016,-0.21019114679575424,-1.68622421813107,0.0,12.181146465609473,0.010825921199199312,0.19240523953527755,0.0,0.013406839480364419,-0.010158078463137906,-0.03878633568627536,-0.0876424676362893,-1.8969899544186,-7.10028430669235,9.963943982171276,0.06270622081606024,-0.07189723623917468,-0.18800608059748175,0.169168445297452,-0.2545102970034257,-0.24614714674277577,-0.0034722551941396493,0.018992785032659023,-0.03865744906331149,-0.15087312646403792,0.09387526609868717,-0.11818296519746459,-0.3815772168747971,0.3882810819591703,0.03609732289663412,-0.9720656443169877,0.2532014992861453,0.010000082527050237,-1.1483859703120576,0.31483168492823643,0.011665029391855108,-0.08813961575972232,-0.03822977731378052,0.2157970618161835,-0.8156604088753406,-0.03838093621187575,0.056480439376128,-1.5204856779883815,-0.1643743564063561,0.02677123149747375,0,1,0,0,0,1
1.950000000000001,-0.7059706366811562,0.18745960327891872,0.26084977447977087,-0.03875184702989256,-0.1786063580472427,0.187027633324791,-1.1489524194651475,0.44543052013434087,-2.0028226482214206,0.6272944126101612,0.3344748294935435,-1.8575078695746712,0.6206487369420561,0.648829005343567,-2.3681065702078397,1.109768637573761,-0.20740990012128838,1.2076854935203551,-0.04660899906286418,-0.3193568582530566,2.0865905159277354,-1.0301654303543049,-0.588771492335516,1.0483382364279663,-1.164627240584169,0.4220077582564329,-1.9312154653556708,0.6178396587656534,0.2863750012474478,-2.141490902530409,0.5496047926627315,0.6760194660080687,-2.435186729342817,1.1215181278168964,-0.1957040729430867,1.074248781828294,0.037860210383216776,-0.313255796270086,2.083925824013174,-1.1697998657038509,-0.5034311470200815,0.9983784194433275,0.24245527778527842,0.1413463269096893,-0.026365623728155096,0.45504749293269886,-0.26972372998086014,-0.41110902471954225,0.3192069882577564,0.4914723814609947,-1.590354053060405,0.17985381641577983,1.0762911950366052,0.9145879806430618,1.6251452753299602,-0.4617738670868723,0.10953830781003107,-0.2683538279157969,-0.2632026938428437,2.9661799716301305,-1.9403056722240766,-0.13611902918819427,0.05834927350329427,3.013973815053389,-1.8967956942108162,1.1072520368801657,0.0,6.2069637768066075,13.387923664492797,0.15382158004808077,0.0,0.1139927094623992,-0.02646676818892018,0.02011727244968167,-0.06394832349731298,-0.6794625705933017,-4.97293631810481,3.9821375953812685,2.3099500579474075,1.8398423319238622,13.26313614630918,0.203810950724354,0.17533920963448368,-0.23001514827791225,0.024712684605409655,-0.012617410969077569,-0.07025051810852331,-0.25965760022447343,0.04928173293264333,-0.16953071415045057,-0.41243930322897254,0.3971991870925647,0.0443726616291575,-0.9727176041837893,0.26562825463614237,0.010000088668241588,-1.1183619989069127,0.2656700482196711,0.009764526129993258,-0.11026606646839421,0.002634006170955716,0.14062276064387613,-0.8165285050814969,-0.038301286840199164,0.04896542202748019,-1.483294499152422,-0.206614244279807,0.062304289260060444,0,1,1,0,0,0
2.000000000000001,-0.6927465404809336,0.19171798276889382,0.2550996898924505,0.01568723936988192,-0.1640918999809417,0.19676092141676862,-1.0750539754724302,0.47535988639302096,-2.1413816947443363,0.3250215855570204,0.35275004414682587,-1.587597412350562,0.7565571507191391,0.6595984312337161,-2.2735497275089966,1.0636085358901177,-0.3174577729408381,1.4168817821863562,-0.20202851465316893,-0.3430628587425812,2.0515863097561553,-0.731926749075682,-0.7969988929875453,1.4784625603238208,-1.1065138232836633,0.4563634418944842,-2.063305615693324,0.5249333763805937,0.32649869092748135,-2.008672867018153,0.6697892089538352,0.6661113604203195,-2.4371839312001837,1.0853749220309936,-0.27245853804291015,1.290928875381725,-0.10860555368790364,-0.33343641237013405,2.062912147956725,-0.9372517467370635,-0.7102059808241877,1.2575896791125687,0.2644819240044516,0.0851675897995019,-0.11500169174640695,-0.03512894049970142,0.08734581928110824,-1.108162348375166,0.7198472133420395,0.39605951125501837,-1.7356940604696167,-3.6321924971790858,0.490053713230582,4.425505967364715,2.0435340006085956,-0.03542421856201093,-0.00507719637453806,-0.4951255508236165,-0.9713760525315982,2.7989196916225545,-2.1318986720598625,-0.2108661503891563,-0.2513643121416313,5.159237359215744,-2.9917747156342003,4.908571657532539,0.0,4.281351611131242,13.492998705429557,0.0,0.0,0.1375958373376442,0.009155125538376321,0.006608733564294753,-0.07918896567789184,-1.9830354834080033,-2.0788880587136167,3.4392305787008963,6.621267969782119,-5.011356349307084,10.887760631070673,0.01684709898593311,0.11070514577464836,-0.09693323907169718,0.006703651913344063,-0.023046425402674958,-0.05586705758065837,-0.1667868443662818,-0.20244904601167524,-0.21252642589335902,-0.4532424062784573,0.4040981870749533,0.045178301774890774,-0.9816045043308038,0.3146567418424303,0.010000089327647108,-1.1183862551967905,0.265368218137694,0.009974795992698429,-0.1515356210514517,0.012516414781205881,0.09483870650217655,-0.8277407667574093,-0.03697596145394021,0.030128297562022066,-1.371638994688021,-0.27073458903946684,0.10086732939547809,0,1,1,0,0,0
2.0500000000000007,-0.6755884369710372,0.1942918231549409,0.23983372639207415,0.07214102218439837,-0.12708957656155706,0.20467668711671144,-0.9837114867651312,0.4927003441966365,-2.245193306968215,-0.12569214495804762,0.2792446405541435,-1.3437623733985158,0.8489176685127335,0.6585588165499967,-2.1688359685100886,1.0496048334683616,-0.38724668115444266,1.5791806817225145,-0.33974732653981443,-0.3701287654942086,2.017323085676443,-0.4585094589573209,-0.930861927518363,1.9911529686666216,-1.0278434712500468,0.48041763770968304,-2.1793660959400856,0.25656151757771367,0.2951602708211036,-1.7013993900576883,0.779722087364685,0.6613876504114418,-2.4219187317172133,1.061843904538229,-0.34702684799357336,1.4739595350673778,-0.25116417491319554,-0.3692483223293776,2.0446432066097513,-0.6385893889403146,-0.8623246426461777,1.5709961358990236,0.34316207019792877,0.05147680772094154,-0.30531927000752745,-0.05581090617117777,0.5126162711320434,-1.2755343097657366,0.9960335197363894,0.2896254611739027,-1.463170165112934,-6.284766185469661,-0.3295218971849174,6.287993603950785,1.497981524045045,0.04785462665911952,0.7864592281032922,-0.2605212947785149,-0.8938669349194498,2.34080865351452,-2.028080712348517,-1.4612612476856017,0.5284902806421368,5.303562366896239,-1.5260754951859605,6.27782950428797,0.0,2.2399205714498045,10.202957774073422,0.0,8.756012658971365,0.11703591002376268,-0.012888081804153717,-0.010234441505859521,-0.07144617408566892,-1.3005124473473775,-0.6368524298504258,1.9637461016822122,5.847294959408888,-4.81568498755084,7.130206883920233,-0.08511467128451519,0.0642087781703931,-0.07292113774216447,2.6106542887999553,1.467057468336811,8.440520678051971,0.06920556432912457,-0.23817991991807735,-0.1974656523507342,-0.49471105968448525,0.4114950105271098,0.0356349788163394,-0.971289796588447,0.4186387668527067,0.016786333811383277,-1.1234237497728519,0.2649405685505856,0.009997373547290071,-0.188251266684434,0.03171184672920535,0.044500267132033464,-0.8411683333671436,-0.03570892490680895,0.008837815800261752,-1.2003256444098287,-0.3030265411802994,0.09872044250727484,0,1,1,0,1,0
2.1000000000000005,-0.65023300453526,0.20354906479822174,0.23083914799606534,0.08455330543667416,-0.08304632217701023,0.2236479643972391,-0.8698986194522863,0.49357857017904583,-2.30505572655724,-0.5474682397572367,0.1474271546050358,-1.2180448348353328,0.9144618846005939,0.6402911581127614,-2.0783126108225116,1.0728041331631977,-0.42578444476277894,1.6904378048487572,-0.42236323313696267,-0.37936072041125984,1.9867097987087847,-0.2909589098902578,-0.9003123747306948,2.3618784040289476,-0.9287992498067104,0.4889569811463466,-2.2601443410386812,-0.05676178483875102,0.23455771980714316,-1.4071778898670844,0.8658140369767775,0.6485900624552726,-2.334899885295643,1.0685063336327048,-0.3972469634978377,1.6132448475182004,-0.3531171850490988,-0.4039277014442636,2.0340001853157976,-0.39419123009609675,-0.8921626948310241,1.8851355650803936,0.5071086487155441,0.1851448328656169,-0.17989156792017624,0.3259211494656053,0.8242177185315582,-0.42277383733963736,1.3063749232185076,0.15306048013444423,-0.9982577708335514,-6.264592696375156,-1.2123047617574543,4.677634018746577,1.1255204409270998,-0.18475909658488607,2.4806598197124274,0.07805174323133517,-0.6345003068719635,1.7176024040630815,-1.5534778690684985,0.18287991004720874,-0.896461853125192,3.165160482920769,-0.2209551870557947,6.2847849163565295,0.0,0.11431728352824577,8.142875852779138,0.018631681882527396,17.991439014647064,0.17385091052339247,-0.009189127094793805,-0.04675808243596579,-0.11423104095937746,-0.18199543927834413,0.219845484665142,-0.1316851460067042,3.7966330247118725,-4.360765698744817,6.014389220128924,-0.11959367484136318,0.12822516597866465,-0.13059660053180885,5.242643056375066,6.837579555613902,16.021568369785662,0.26239271206111836,-0.1278494669330975,-0.23360026061908293,-0.5242562466563462,0.4203474645773431,0.0230987557063064,-0.8989723851029722,0.5143754393207716,0.04554633564989606,-1.1372829412126175,0.26468705303390655,0.009999797793754737,-0.20686761355533706,0.06893483055752615,0.011223723475848438,-0.8406497619083672,-0.0355052616519508,0.009875291228722098,-1.0345078894981061,-0.25960504963415804,0.0703129773557145,0,0,1,0,1,0
2.1500000000000004,-0.6221310660062493,0.21821727284428644,0.2311451305921264,0.05908252084668944,-0.054725513938095986,0.25524768400937237,-0.7332917615794545,0.4770129402639714,-2.368961060055803,-0.7565205535781954,-0.0012287794618601237,-1.2347416976510355,0.9585053068494788,0.6154544333509071,-2.0123359779232444,1.1079437293069931,-0.4349021312935853,1.7521959616361051,-0.47515083810152264,-0.33734261667217386,1.963542507300354,-0.2711955768763832,-0.7731541991065153,2.4614050168898274,-0.8081635615287178,0.480224759623565,-2.328936258637021,-0.370151782155355,0.18336399755904542,-1.2803607097316914,0.9261939723532875,0.6290726328819398,-2.1630422397257556,1.090761680601448,-0.430775494836072,1.7018031225782695,-0.432824848636732,-0.3669266453348746,1.9896503461399275,-0.3124374179499691,-0.8287910924154057,2.197248127194787,0.5620387705802132,0.2933641609212939,0.006119651921221436,0.6654130082749287,0.6781143559344909,0.309091836171285,1.690553595857247,-0.20028341062725288,-0.8897510287623998,-6.275712423500632,-1.1612277258107853,1.0136390981646093,0.676675398233937,-0.13362586166904294,3.3484491356146227,0.2360156121300255,-0.08779291057588154,1.1172961466026343,-0.9559044922531726,0.657127544175185,-0.5810572184804441,0.9221537740127566,1.4006066326737747,5.873095541136523,0.0,0.11804685277640892,6.647800517174468,6.302997679538901,7.069196416186126,0.1196814798004735,-0.07030192230503027,0.05151661312400452,-0.11768548240880831,-0.08812581175674945,0.2814638853740766,-0.11901984327548651,0.13950841269658346,-4.21439218476736,5.3955359176613396,-2.1736640652584684,-1.5957977022582237,5.917566479978044,-1.317782205078464,2.761724966640122,6.593750208015798,0.2596367367511895,-0.014217686428871001,-0.1859647032348461,-0.5484374128717492,0.4238583657950395,0.01491213432421837,-0.7824454722477928,0.5476358189790705,0.05646230452095269,-1.1706645881599373,0.26447831399118,0.010000058095236571,-0.20458345434406078,0.1038702557731216,0.009876128629178249,-0.8318770425263514,-0.03524223238376936,0.009986689304613073,-0.9458932734367802,-0.15744940524122142,0.04361638973267988,0,0,1,1,1,0
2.2,-0.5942727913132698,0.22473750372338205,0.2303186672210656,0.03399893164485222,-0.04236053077321203,0.2744480343602444,-0.6365676853466952,0.5314186856087872,-2.3335679241269953,-0.7075891319533466,-0.055887838190379485,-1.386468977454846,0.9681399470133298,0.5797386903833581,-1.9339188077683682,1.1161502912515608,-0.4205103467057889,1.797167990593868,-0.5511291884151082,-0.3027825912642481,1.9761358594708687,-0.33205127468456513,-0.679930618470513,2.4101284974173627,-0.6984649330457576,0.5011019191940737,-2.3328168266441667,-0.6002495666105332,0.10762620015398537,-1.3218356470839456,0.9538561974396319,0.6000575118227615,-2.0163195073568625,1.106259714206807,-0.4570434495555471,1.763305740539033,-0.5087605881714677,-0.32650363331881294,1.9808104165993075,-0.3232373331606734,-0.7109311977534541,2.3372186942402347,0.5571654938595905,0.13040461758191235,-0.01652926742121641,0.4141365728111125,0.37802728944825836,0.4003583001218192,1.3779787526395983,0.6734199331033728,-0.016486115873444996,-2.772365024249314,-2.7013205751224687,-1.4344987644011695,0.3114227933952777,-0.4007244460357387,1.8331690456513545,0.2178617089010798,0.016297166172957324,0.7626259418779568,-1.0711838537306557,0.44863139953960457,-0.10442748883708766,-0.1394613630333839,1.5069507347380928,1.6201541309236547,0.2053822062165816,0.14120988569351117,6.640734940961688,6.629404037122809,4.4117183686718375,0.12191573119379007,-0.1848060984635549,-0.32882071881927266,0.14852061797231644,0.21509185502944145,0.24428689237240633,-0.10238942430742089,0.5872894317451809,-2.9035961942224775,6.166025851125771,-1.5796062529731143,0.3074070857778571,6.637100607302192,-1.2883031597243213,-0.7702913631050213,4.36060460217564,0.09217142476624055,0.27429800257079356,-0.14104882924812487,-0.5466660027021508,0.43603010455135244,0.01112424651526603,-0.6801166077726969,0.5114323165642506,0.027700742981929545,-1.1929072245707923,0.2642951490452582,0.010000086044895535,-0.19480900523382266,0.12360855858394476,0.009986779219802372,-0.8152522605438332,-0.031088149982078858,0.009998650581932774,-0.9101737388205666,-0.08885226136760623,0.02893836584886484,1,0,1,1,1,0
2.25,-0.5669325534018378,0.2232130869138909,0.23822328792351363,0.0466737119897616,-0.04711106721787734,0.2731601260535993,-0.670041406644415,0.6787691994407354,-1.9944291949874626,-0.6132524341264145,0.004021867807379188,-1.532041603076899,0.9744572302124043,0.5356383334393041,-1.8307917393803854,1.1026501635585078,-0.40639653513823526,1.852991105773781,-0.516266794760565,-0.34390521807923125,1.7894456844654723,-0.42774099108397684,-0.6405062531833134,2.3445894801329548,-0.6788537284478727,0.513388331770367,-2.2101455157053085,-0.6284187078801954,0.051872275228338906,-1.454308434514157,0.968269069530852,0.5700652441698582,-1.9131867942137961,1.1028781974031703,-0.4511444157998189,1.8210012777452027,-0.515914559163525,-0.33632457949561884,1.89511298854626,-0.3882387311626905,-0.6616441003320773,2.3449581361178864,0.5468047582286406,-0.03048833618982283,0.1580924140489609,-0.04632295356530933,-0.16434444658709957,-0.2243661422796206,0.19519291008978873,-0.060050017818411704,4.49811989627459,0.3367512169926578,-0.7743835664536005,-1.7286358791528331,0.1416555793004907,-0.7624229978403086,1.8296790804240637,-0.0261016133145993,0.8311681313152535,0.711119953791931,-0.027424512953988744,-0.22210551187841948,-2.3481023775111187,-0.898064179063326,0.5300222737799465,-0.007721172604033475,0.19150536518126077,8.17690551818395,8.923089756242108,5.35301505172464,2.262724195888316,0.0,-0.04692280220913332,-0.3487597555702865,-0.17158477348852647,-1.4358178948511278,5.574856729994761,6.085387865488781,-1.63698565036871,-2.6765861382565115,8.566617262690665,-1.3728034984644624,0.15639122393015154,5.378376009945917,-0.8800241882929439,1.3571902209203786,1.8570413558322265,0.009253979710871166,0.09618113453856739,-0.1251416999580933,-0.50411736230074,0.4798463577927422,0.021241631003102838,-0.6536067102893189,0.46753937288236996,0.009149760326955593,-1.1947032283513574,0.26848326833476605,0.01000008904596759,-0.1889682910703792,0.12814930062601196,0.009998660236502893,-0.7934059923377069,-0.048060693357476564,0.01020420668306687,-0.8931327897540939,-0.07153835086233981,0.021708207774726186,0,1,1,1,1,0
2.3,-0.5384567983594557,0.22014594935614634,0.2497488015385948,0.08215917479225013,-0.05669467624077255,0.27955794861755934,-0.8507296682023894,0.7383754115253574,-1.4397875746269646,-0.5290571950425896,0.011551215398514558,-1.6423163353562604,1.0039462578133693,0.48521626973571463,-1.686945682353732,1.0378071345142574,-0.41318433254639736,1.9394406798083166,-0.28080165701795523,-0.35758175128454583,1.3565915120312924,-0.5464341653422925,-0.6225493747698819,2.279580022879464,-0.7714205330217809,0.5267723099624152,-1.90971067867634,-0.5677234190068867,0.025500891624980385,-1.571135308549275,0.9931669408109007,0.5233004610181087,-1.7931564964698883,1.0602188958302734,-0.4453856116053654,1.8936998378676344,-0.4092086349582734,-0.34767402746725623,1.6391430949606651,-0.48825485816161124,-0.6358809406032847,2.3034026540416765,0.5695151008476418,-0.061342751154891406,0.23051027230162335,0.06803921671241041,-0.3773981804443691,-0.6247840394595241,-1.7498715794846216,1.1470871274425882,6.283271225081459,0.882182664289463,-0.432507759927612,-1.5817587894711223,0.283926691803076,-0.8463527060275259,2.3657953872396256,-0.5283888749004273,0.1723081432185565,1.016450053181219,2.861892759800474,-0.2197360793274652,-6.278020526986071,-1.2889868822642097,0.3643950117713067,-0.5290745468948491,0.24476512382639704,1.3741026350509982,11.585456744432362,5.317508528306942,0.12010230036875358,0.0,-0.19716027449417778,-0.19817915964943544,-0.34593187510597273,-0.1513497017630904,1.1191526895150317,1.096535284886898,-2.287240356855765,-3.6130688450939807,10.982315591234292,-0.8482189842425815,-1.248891137247326,5.3069478838608735,-0.21088483519468543,0.20505837956794298,-0.12627006753481812,-0.0034621099406425037,0.037215371992508184,-0.08929822881598773,-0.40009088464321885,0.5826342728486769,0.062206945571440686,-0.6504184192491564,0.44192264942090587,0.010041449039560306,-1.1945160183836854,0.2718542759951707,0.010000089368205104,-0.1902063535796158,0.12845662553471196,0.009999935950957217,-0.7521962529861268,-0.10992283063987499,0.012720796702609529,-0.8805294224412977,-0.07398320670335806,0.011018754994796945,0,1,1,1,0,0
2.3499999999999996,-0.5058520104810449,0.21673278910527183,0.25311484656349637,0.10281776853555319,-0.047965622358014076,0.2885832522201307,-1.0839091085027504,0.6288791960003763,-0.8709293467572308,-0.42858705304826833,0.040841637620127304,-1.7882265068837533,1.043562991298417,0.4247835543532262,-1.50578011615641,0.9502256882824216,-0.45051147562578847,2.058249816998408,0.11701560509462779,-0.25255372369180223,0.8652167701106368,-0.6791772446484391,-0.640297580251333,2.203088953449204,-0.9449465151507112,0.5933284481336302,-1.5955112028592817,-0.48289115239185765,0.03464383237801204,-1.7073251881808351,1.0260751118337905,0.4630980869598176,-1.6293525028817089,0.9954954181717092,-0.4755814849097093,1.9946017722025702,-0.17551709066177212,-0.2968485101811998,1.3250094238919918,-0.6110975037372673,-0.6397483826653949,2.277343293676798,0.6520957575682162,-0.06826320501749028,0.0673209004980313,0.13303158180827368,0.04424452391971577,-0.44647034671204133,-3.1294832873238083,0.7894165666854555,6.2874969352632695,1.228685926082875,0.13720160970010922,-1.8020978324699353,0.41313172770567197,-0.8663131521996359,2.7464889722532373,-0.8995685831507031,-0.4023900360005567,1.4146798877386935,6.150671107062103,0.9871080340684123,-6.281708032435422,-1.7297375750997415,-0.04782124945912679,-0.8427674681245148,0.22659679555687706,0.0,5.737613919783743,5.668892005756695,0.16987990651892537,9.088520555037988,-0.30390297243429254,0.03621484627452091,-0.2971805751295169,-0.0033785914404028104,-0.03268695026424094,-0.11828685344284676,0.18292796372742456,-1.942027850482337,5.608058866350028,2.921287030791634,-1.9296798973486822,4.710234702510251,-0.3212004655372984,-0.12570313856647908,-0.13356693879702536,-2.7509022105066743,4.603918776957292,7.583738064092982,-0.2456795100809271,0.6509933214359738,0.16684743847755332,-0.6479977445275257,0.4143354807197712,0.01480019902592422,-1.2052078871102982,0.2707776518316932,0.010767113658100715,-0.19494762122839815,0.12691153533262306,0.010000072929753273,-0.6554599447836714,-0.18234903878503406,0.02421057478842209,-0.8771689839991138,-0.07734791026432947,0.009852006810987992,0,0,1,1,0,1
2.3999999999999995,-0.4728542537458193,0.21828234067855518,0.2527852978022692,0.11696467221176123,-0.04256262875917297,0.29040556913824445,-1.26466755041288,0.3925073313761148,-0.5629897738405361,-0.3374481849970896,0.09420375145519932,-1.944030122148371,1.0772605298565845,0.36014118418937124,-1.3148654394246484,0.8668212224682325,-0.5141976034407771,2.187321825838609,0.5308880359931695,-0.11822103053466612,0.526358383195646,-0.8025662956843677,-0.6747582024427884,2.1283284720907023,-1.1382029998180736,0.5775945722744297,-1.281360723417419,-0.3913084172452258,0.07247706807345503,-1.8574953762445998,1.0605088295058296,0.39556202039488664,-1.4315228416148407,0.9170881756254639,-0.5033052009805137,2.113815086576669,0.13697645502942785,-0.19492180578274432,1.0108167836174886,-0.7348163975372588,-0.6677004065256477,2.2461380082028586,0.6599551347045118,0.03099103146566695,-0.006590975224542994,0.012727872022122123,0.025679088446890225,-0.30248851671141286,-2.9544147041714157,-1.3791881224718436,6.284198909350815,1.1756800199362751,0.48262851145711627,-1.9243584767076307,0.4236188254479738,-0.7819025225660448,2.591845623444626,-1.1174597103108344,-0.35547038576613954,1.6345061882682672,6.251501192040074,1.7030297777486845,-6.2809676726834205,-1.7623478860954103,-0.6361049888623888,-0.878374067628886,0.08015544866187785,0.0,0.0,3.650492879980561,0.08637693085454157,11.894205791199484,-0.1542805051962386,0.2127902926006088,-0.09697882504072097,-0.04057270473221403,-0.017445388195916588,-0.09824261124712366,-0.03150614967581158,-0.020456040742317633,-0.09469597194293089,1.7429655481910462,-1.516448059168125,3.0803817621271086,-0.1600185376827327,-0.14253972055077396,-0.18996905587188145,-2.214692736503597,5.333691210133174,10.626226417581616,-0.07195109220277728,0.6404720450269266,0.2615427133267348,-0.6400603420529114,0.3916058411800745,0.02485777149251608,-1.2236038647057,0.27213749213411853,0.011902249285495142,-0.20964580399914365,0.12002802883314982,0.010000087637739605,-0.4989704258143202,-0.20220607460059095,0.03714233830698956,-0.8765936124627659,-0.07752274117314548,0.009984189159296216,0,0,0,1,0,1
2.4499999999999993,-0.4379619800359808,0.22026543628181833,0.24623120629777578,0.11207395536378821,-0.03965590397382151,0.2725917613284429,-1.340825881981024,0.1518434782965314,-0.5982910542357618,-0.26135931401746143,0.15406658010677873,-2.0839777477859314,1.1198417308584987,0.31842722244620797,-1.171375766624936,0.7990367744133889,-0.5636516337496066,2.2819974136917183,0.8174719080348369,0.0028478551636695933,0.5219086542213169,-0.8739753077479463,-0.6989758895149136,2.0507020933927844,-1.270155356161175,0.4604315787576736,-0.9672039275976009,-0.3084885903107381,0.12641312097998092,-2.001553988731044,1.099266414223835,0.3449476819546382,-1.2657622932264452,0.8419214830789862,-0.5425675114327764,2.2250302451601374,0.4507095863309377,-0.07214643919149388,0.719001866354904,-0.8254665430817195,-0.6925803012288997,2.2007918544643057,0.6978454741967699,0.03966191206526304,-0.13108183008986862,-0.35155915845494434,0.06786907704127554,0.08915784713386182,-1.7256925978085893,-3.260507847141255,6.284585041496965,1.0424108248013968,0.6675822198934716,-1.8313089209682256,0.5360835146781548,-0.579164791389018,2.097666654865867,-0.9093749452661226,-0.46906459390068744,1.679574460714713,6.264287301619522,1.6663263363965881,-4.380023765290709,-1.0767809091767957,-0.4418135467100516,-1.1059778759105792,0.04295406856772624,0.0,0.0,1.2432490787985973,0.05989189934565736,12.692476275387392,0.05322657261652512,0.236883295189174,-0.008939567183474686,-0.03737171151125317,0.00019854073659389266,-0.06605953994758273,-0.04075013258842741,-0.01098784949996276,-0.0843584455035938,0.6567559596087843,0.845138966775975,0.9681836808210423,-0.061637604599876925,-0.10145105333207545,-0.231197510415867,-0.7383302899933732,5.095825574336116,11.819618209157479,0.07743507649252811,0.596966735717035,0.2923099603548118,-0.6199620072070375,0.3707794207872292,0.03122192214706681,-1.2306830724716404,0.2766413918719717,0.012266901432527906,-0.2217846044603614,0.10973377578329785,0.009647189385096823,-0.34227749627230286,-0.1662510211339172,0.0549883326170459,-0.8761006874683971,-0.0769191422240777,0.009998382130873671,0,0,0,1,0,1
2.499999999999999,-0.40108799445389204,0.223411737906913,0.235619694047668,0.07942060197584123,-0.044067701248346365,0.23666648049835645,-1.3584629863478177,0.04739116539618071,-0.863207963721027,-0.19920062897164867,0.19540540653025756,-2.1668991453804116,1.1567312803953742,0.28795612670072707,-1.0773332475527844,0.7771009769672556,-0.5713449056774786,2.3402940105469945,0.9062535681658123,0.02254203794531428,0.8276565802319151,-0.9039402379464444,-0.7102962564418721,1.9909088246189397,-1.329560574988234,0.2991235963816135,-0.7768480418709055,-0.23790820736123425,0.17233641402931899,-2.1081993740606833,1.1376421781179062,0.3230760095443581,-1.1440346829807664,0.7996634390363698,-0.560126749300067,2.3001690798898715,0.7455205199436576,-0.01202693418818245,0.6551678823978436,-0.8770415533538676,-0.7066361148033896,2.1340316396810706,0.7374797116417753,0.06292603250189321,-0.2122302450021557,-0.66252366339482,0.058280595352215525,0.6814791982170841,-0.7151249708052527,-3.2516785394960093,1.749597629815997,0.8773743011439747,0.5126490901807179,-1.3023925597715706,0.5108261881816054,0.2292566895483421,1.482223825450407,-0.5034526080492128,-0.17923750328881047,0.8917104550995117,4.991816323964353,0.7670834724879104,1.1785414620363306,-0.6528913785081415,-0.24290973323282583,-1.6564245594439242,0.15565040680790415,0.0,2.642545228845821,2.8750017089209843,0.08841181099007267,11.593698793447096,0.12574113321195682,0.3219666852171841,-0.0837486291915239,-0.025946309381214124,-0.011447144411031954,-0.07400926984723831,-0.386544110163507,2.6101888181149784,1.0571477487653167,0.31508370669437213,2.0121306575228983,2.3038420051512167,0.07992123404993168,-0.1855477665147282,-0.20583001580893234,-0.5927254660529779,5.074536017290603,10.629632729387605,0.17941466807530465,0.5616278236099969,0.24050293189427993,-0.5900970869301503,0.35571491412167927,0.028187663374790943,-1.224278915532046,0.2870530653344174,0.00980271170764737,-0.21981428671636094,0.10136432678589508,0.009968916467414749,-0.2238531545310981,-0.08035020906604617,0.06814597819345766,-0.8755751085598427,-0.07646857089903283,0.009999906089592364,0,0,1,1,0,1
2.549999999999999,-0.3657448752467032,0.2327842870946147,0.22363987860189283,0.030568156216697485,-0.05704928325062531,0.21186711315561943,-1.3715704543619522,0.13681245503759082,-1.0357508654108973,-0.1470964824672496,0.20747451630506464,-2.199271821238977,1.177683213644035,0.22499767791066141,-0.9462504373771337,0.7715283420065877,-0.5423167662402214,2.402194818712037,0.8783678854460629,-0.08596835377384122,1.1493469357558657,-0.9469638793250919,-0.7178128539779686,1.9508258589298793,-1.3574256630202497,0.1933104578947132,-0.8713426035965419,-0.17923819942668268,0.19592280852715319,-2.167490924050546,1.1654292041917527,0.32084874373992356,-1.0174906064792912,0.7800021264519743,-0.5538446882504592,2.3721295713489376,0.9180913930864991,-0.061205748283348696,0.9102078408303964,-0.9230393541032013,-0.7149788279416474,2.0303238441315044,0.7068623841437771,0.18745098375403446,-0.23959630891550343,-0.3956250062202913,-0.045705659406092045,1.0328078025479404,-0.34300689389970634,-1.3770193639668187,-3.6535796866434684,0.7611726766492789,0.25650081112596806,-0.7038628553270514,0.2633743266326648,0.5374166987382172,1.583073148298192,-0.27488198976727857,0.258880017202579,1.2070442525948806,2.221980584654318,-0.5875279560673717,5.313638576526798,-0.5811456319257438,-0.14098499216899207,-1.7664169956000573,0.0888316165045972,0.0,4.252530454038371,6.027613105102814,0.10261261402733413,4.945484555720837,0.09225413568275742,0.161842287132072,-0.22072596412281462,0.004452241735297592,0.004888667800678067,-0.05494037565177651,-1.4607479258224392,3.457906620478841,2.3946032542768294,-1.9773528113882999,2.57023569332629,5.316684053702517,0.24785351605861394,-0.0931021170057503,-0.1465435926776953,-1.1427898711323559,2.2689458416107575,4.474586840305617,0.21478963119388322,0.5314715770455212,0.11471616853690289,-0.5581665209706805,0.3491343806588648,0.015438420229006336,-1.2189278485091868,0.29496002979842617,0.009978896137878682,-0.21347634089295164,0.10428930659115904,0.00999674223806977,-0.17917204619038474,0.004400700750855996,0.05168264561342033,-0.8799018904165785,-0.08394294054975045,0.010000069723413916,0,0,1,1,0,1
2.5999999999999988,-0.3390373171428061,0.24598245142254244,0.20883266784327628,-0.016402724294694138,-0.05014681264640328,0.2072054170526978,-1.3943146670634183,0.19456612690468578,-1.0805521363394797,-0.08130968426674297,0.20546316307248758,-2.209670771534126,1.1973215403741033,0.1948990839742104,-0.7942549058103281,0.7352997334732995,-0.5681219758562912,2.4564500082426646,0.8277110486324476,-0.17934657643534252,1.3710788373478997,-0.9963164289861699,-0.7198607984818369,1.904445931523465,-1.3818810613701273,0.16297670159444594,-1.0075930521256315,-0.11332134898796636,0.23554646377843108,-2.225100850311533,1.1856390390117728,0.26587140062040976,-0.8751419461937948,0.7485838379818311,-0.5782969020815614,2.4272748658384207,0.9368472627646162,-0.13664262404957833,1.1917196589686272,-0.9707568565104493,-0.718448337569033,1.9490919449555153,0.5341511620779416,0.2639632865585545,-0.2961442151723309,-0.014939577609803658,0.3424958972324343,0.8979466680141783,-0.3378381571576748,-0.186239622678294,-1.6198760105420171,0.9054729169145536,0.6063605822860623,-0.9440893937784078,0.22347680913022885,-1.5776811110473643,1.802526185395804,-0.40034158144520005,-0.5899463240390908,0.6558343766157037,-1.2315856360790578,-0.9490754668352972,3.9881965932020886,-0.5789445327961672,-0.04689833179288334,-0.992093606154283,0.2139299201542037,18.638133342774466,2.9827890416418925,10.852565558490255,0.12759776929644562,0.01632037073515774,0.08465540712284957,-0.3244851336132568,-0.24265374282651592,-6.956981563152782,-5.087971572386367,16.750767762962138,0.2934123280507866,1.6840889015735645,2.6847532216090704,-4.580478792352038,2.043127287515495,9.849063424739827,0.2712449988348211,0.0869329514855919,-0.16183050083685965,0.021814643294466633,0.17723929424197699,0.12208544839388999,0.20987097359947893,0.5023974229211229,0.01045652347480576,-0.5459088684356809,0.3470233505187831,0.009775923210245927,-1.2195065706931343,0.297556636763896,0.00999781379702619,-0.2100372332997149,0.11003376542354189,0.009999730007443289,-0.18893143842091353,0.04204593944786905,0.025938839343535768,-0.8857035606387069,-0.09039761874385413,0.019451682918386674,0,1,1,1,0,1
2.6499999999999986,-0.32635831117906633,0.2567307477567241,0.2088934138246175,-0.014597079530878052,-0.043895944084201395,0.2161474039875213,-1.3717435654665862,0.16964625254154125,-1.0838958760169621,0.013032059314480877,0.20057221014789947,-2.2136815084820327,1.1281359932691506,0.3327537589635176,-0.8619001065743657,0.7062899364611854,-0.6768551201993843,2.2406826986046973,0.7875142085884128,-0.178956024933476,1.5003946081619097,-1.0386897559313362,-0.7134810186839207,1.8333002491647679,-1.3824299559656978,0.19187197894724717,-1.0573129819745226,-0.03353002289507299,0.21639024322064052,-2.240327058320442,1.152874802929289,0.2985907749220778,-0.866288695052532,0.7214794119101242,-0.6224761678842052,2.358104626263307,0.8422776916437164,-0.16423301920788308,1.3887481513709623,-1.014948527424834,-0.7156908119791567,1.8742453899012652,0.2535801192747955,0.21496592668363346,0.0012149196268246287,0.1720119858825088,0.10616583223493548,-0.07480366598268214,0.23715480843674883,-0.023292208727233366,-0.5923384225387353,1.1619664025848697,-0.21271304997392732,-0.12833208105637073,-0.5499932466091006,0.7596652686252909,0.10169927503548552,-0.3351268880564321,-1.1465771083793888,-2.609246920904042,-1.20232682627947,-0.37679699122782434,2.4698903861512256,-0.5371496517324439,0.04318673841233188,-0.9100875387964235,6.263075577269287,13.729611282575803,0.03387284724522352,0.2784875935509225,2.529875327856046,0.0,2.0531951186681106,3.8279494550496147,4.785659692430871,-4.90835039634136,-6.709943556128235,11.17670901222591,-0.11305277882937718,-0.15810030283073886,-0.13007640878488402,-0.16616764258246225,0.43805452269514566,0.09719530280352029,0.4285072953959993,-2.130762431193749,1.6518027319395217,0.02998124472544843,-0.005141786569830184,-0.021584923924335926,0.21127644094539394,0.5094959538601109,0.009804579671375949,-0.542761839367932,0.347206201036106,0.00997601974487251,-1.2125614008656946,0.3167454362962242,0.03152957298207837,-0.17472891281721412,0.10335551931339186,0.010704179772099314,-0.2260225669909859,0.041450944128574085,0.008716907501146117,-0.8998019566392044,-0.09035124049323705,0.028666025732084186,1,1,1,1,1,0
2.6999999999999984,-0.31737555670355827,0.25976137929155596,0.21732573046188372,0.003306859491661105,-0.07261612141330785,0.2226286353785294,-1.3358758671783746,0.12790735789060234,-1.141973380578331,0.1405628848975901,0.20378887581805422,-2.210458554153183,0.9054835895370106,0.5635850675520574,-1.2347781294614886,0.6552935153986431,-0.7805278295898684,1.7066271826150783,0.7162295941412941,-0.1770287504215533,1.594561635683678,-1.0766045343318176,-0.6888159757450035,1.7184063252757311,-1.3577954355687034,0.1672828509851675,-1.11055763150001,0.07156118964655137,0.20925558548015927,-2.232072869138151,1.0404704179787492,0.4708749623907594,-1.0718392746454894,0.6784510282291359,-0.6593691247836996,2.109955009350108,0.7618340669357307,-0.18683010595988628,1.5195051243644306,-1.0549848974971612,-0.6989519096678398,1.775600457903152,0.17965508951016118,0.060612630696637027,0.16864633274532415,0.1113497589494005,-0.6349042885621103,-0.2273254805217091,0.4843523271392691,-0.8757886452883171,-0.6979850467543043,1.533739085399321,-0.12931122239000192,0.473510531574927,-3.0299031798251352,2.2943163020747117,-3.620826973367155,-0.5417916155854497,-1.084192147530442,-6.282933738031251,-1.0684193629130012,0.18695732731246723,1.6690087043295248,-0.4770363716401764,0.1990610436853265,-1.2715051303322802,3.1637387498468295,9.363789710500901,0.07485321269872963,0.22897299790903308,5.941975893715565,0.0,1.7264514908643587,2.0766600332987144,2.0053894217864836,-3.4971341639692026,-6.157443696851911,6.428220079149513,-0.21413512596866666,0.11251725071105842,-0.13050020938535378,0.025015476927315684,0.32804177427321846,-0.2752828603107012,1.0928988593888558,-4.482120396118132,4.054631514309468,-0.0509614817924524,0.031605303929817044,-0.022871036311117456,0.200473217495508,0.5253072426874563,0.009979096708957053,-0.5384846989489183,0.34783923401760825,0.009997504946679066,-1.1694347260706124,0.3651685833052518,0.05799464768333876,-0.0845982876894556,0.039940557588281626,0.030882067204569486,-0.24509407759618115,0.042569737696000594,0.009862308798959213,-0.9152502965253335,-0.09506524192300374,0.019006837675717928,1,1,0,0,1,0
2.7499999999999982,-0.3093063278202425,0.25777754411935827,0.2285222796808666,0.01737194373352237,-0.11752085183016305,0.2308432007099,-1.3156443435764258,0.12829831399784372,-1.232000215437767,0.28445443684352706,0.22529111188970863,-2.2077012084107346,0.634881812491108,0.7876330005344604,-1.7999584412140046,0.6915180327624219,-0.7342869401222774,1.0669354778332991,0.631123431362242,-0.1784521569055658,1.7094003333845842,-1.0971362841869725,-0.6368647961557674,1.5576985048676684,-1.3301076993858973,0.14285495935960654,-1.1856601659361887,0.20161797396865333,0.22101353323898734,-2.216331436785865,0.8080378036486113,0.6731104387697109,-1.3794811129905835,0.6870761532472694,-0.7079172509740611,1.7957977420800708,0.6803285177714697,-0.1843909517505925,1.6373317672662073,-1.0833336651832688,-0.6811123040156384,1.6397732915252017,0.16138457766631586,-0.0396767034439538,0.22393098437965775,0.14435273665481402,-0.9258191720399915,-0.0725646484032016,0.37534815942295224,-0.3224535296868557,-1.0302683554388667,1.8757164366344157,0.21571189540160726,0.1875356020662011,-4.639955576931823,3.069985367645737,-6.2822626918007405,0.12569697638059385,-0.6559602887394111,-6.283255412735703,-1.1173550124654896,0.041362798839537855,1.6001957721103797,-0.3441345213069302,-0.06409001077039504,-1.8243714020626558,0.9630525092528546,8.474590166725807,0.07572866022583252,0.13274049358812517,3.7829989349703315,8.325008015737568,0.38221489583103807,1.0140151533268995,0.42234604474015675,-2.153199982930522,-3.7520383716368535,7.5189395829417816,-0.09830537383296517,0.09715631455693276,-0.2385854104659543,-0.03721688232942223,0.0005199587707024056,-0.3306521879344274,0.7008356404423377,-2.7458732129817554,2.798801568402059,-1.163235184183474,0.3525646395770798,8.437911101071597,0.1822010402370282,0.535064230851295,0.009997835333182076,-0.535994293944916,0.34789886824643124,0.009999811902656676,-1.0688392997003062,0.44842749478992405,0.07221780786520662,0.031273340372205735,-0.041825965370070245,0.11561157263468154,-0.2616632690579959,0.04374358809160045,0.009985295326831503,-0.9327102808230948,-0.11312562117695757,0.009708746683402466,1,1,0,0,1,1
2.799999999999998,-0.30024653760855624,0.25747513194721194,0.2393483795197515,0.017543261224505613,-0.15315811343973912,0.23229474981100356,-1.3385722501150814,0.15164354414324996,-1.3904418135978562,0.4117164859368554,0.249141639275213,-2.172793505002938,0.4088514400390929,0.9084598345114813,-2.333706027894111,0.7970661405490349,-0.572203278125047,0.5414509684891562,0.5460923296840761,-0.1962922842094737,1.8295918943965732,-1.1198466050054017,-0.5720475652091103,1.3901542329334133,-1.3346152616296452,0.14835654334713824,-1.3110553934780924,0.33112292998484466,0.24113330622980766,-2.192796930615973,0.5322792666832743,0.8241398541542041,-1.693630523642299,0.7507664020603033,-0.6624219745404741,1.481622161366685,0.5950721334143914,-0.192630327300219,1.7595329690856785,-1.1071405448569673,-0.6492859195354479,1.485077745660849,0.18119580423372472,-0.0060482434429265375,0.21652199677769768,0.045523254151478364,-0.69878369459768,0.16821077345064983,-0.09844878744997924,0.035255379361002835,-1.7641511139561536,1.7967279149253628,0.17941415491386528,0.4409250941578349,-4.612649763737196,1.8748665085687466,-6.281974534837918,1.044710582455699,1.9481480819862003,-6.2882562082736895,-1.0888590804104452,-0.08121727978935074,1.556954948289301,-0.28277272837124495,0.4554260237148213,-2.104145158194283,1.1334469681189172,13.41835589037563,0.04149606922562735,0.00641298864906617,0.0,6.300366234662208,-0.6886836036218306,0.9514648662623617,0.6312767373793591,0.04913663797991785,-6.407917366301928,12.01648025731257,0.109599657521229,0.09845291918581771,-0.19135121955830114,-0.14054875165489392,-0.12999969617647394,-0.07715211782780133,-0.038971867738385756,0.01008616752401314,-0.11328434339837082,0.5174824992328586,-0.17445215241133033,6.477386779731724,0.16476996172815767,0.5168315419167491,0.00979726533137458,-0.5356547087059799,0.34775369386418237,0.010000059610168758,-0.9253122315225517,0.51042084680051,0.07859704979532661,0.13176794767644373,-0.0829751376258638,0.2113917980340353,-0.28143819286348937,0.046282053594664224,0.013776618175381467,-0.9525670748233577,-0.13365946678883273,0.009968806720226236,1,1,0,0,1,1
2.849999999999998,-0.2870260294219048,0.25574156662208963,0.2470134986658154,0.024049513118108563,-0.16319595526922745,0.22777517016247273,-1.3607313951994766,0.23481090407766347,-1.5332566409724617,0.5105946113066809,0.24020334717862768,-2.0967951604793975,0.31495158566960746,0.8535252729090554,-2.6000229538323723,0.8981868942518747,-0.3585446696736221,0.3083959084621015,0.4490627627549437,-0.2288873826267824,1.9450769064102376,-1.157499643925121,-0.4964822296499396,1.228841288445233,-1.3517896046201934,0.20282429001800745,-1.452990539603901,0.4456341456417649,0.24310627765401627,-2.158315009109902,0.3877758325276074,0.8519862996470767,-2.0077559470573854,0.8410254828637845,-0.52751517993384,1.1674447004654456,0.5030730871172807,-0.21728949905357783,1.8773716745417162,-1.1298035272627218,-0.5844601819974655,1.3243126199221829,0.2644101637330287,-0.03467130650244621,0.15330238292127818,-0.10689928137620719,-0.22534916582008035,-0.08337161608001144,-0.1932879186770548,0.682649012863222,-1.784289803746646,1.492656492430073,0.06534654951539036,0.89966016819595,-1.6186752166806038,0.03402054104095339,-6.2855755528386705,1.348353544554127,3.7547347844028405,-6.286606963330633,-1.2519330855621447,-0.2577102150266864,1.5053606197518217,-0.5856294667133226,0.9775446107766788,-2.1244036226093077,0.0,13.640988958444847,0.17173655818624167,0.0,0.0,6.797298472925677,-0.011084628251894667,-0.09548664091483391,-0.10591465053720424,1.0985383940952644,-6.892555334047453,11.952358332629789,0.32301379226303745,0.10288935334211587,-0.15252520994525975,-0.09152616642521595,-0.15673629122484364,0.03628943477931307,-0.026546828169125486,0.02210714593678081,-0.10339449883253098,3.4807309140025575,-0.7165192651912818,6.027710872804424,0.15135855278316718,0.48845945553908265,0.01873137368061758,-0.5356214958720517,0.34760446038272497,0.010000086207560401,-0.7974291708263856,0.49001808351509507,0.05764658149612094,0.2309163886198165,-0.08366529163060857,0.26164293209253975,-0.29900800356770657,0.050734448059170954,0.01914945498733502,-0.9710003175519544,-0.14709077498287743,0.009996730454055018,1,1,0,0,0,1
2.8999999999999977,-0.2679507445877502,0.252022573913811,0.2521198824961724,0.037030356575004156,-0.1509233804146719,0.2279617105727063,-1.3780747869377528,0.3103776815362578,-1.641636884971841,0.6115559612884126,0.21706187684579317,-2.004988911964488,0.37536858972376,0.7324785187705694,-2.5732847449208855,0.984120258961841,-0.20066738327882844,0.35966464368785367,0.35747765930041414,-0.27451926333395626,2.057760907118336,-1.1964699086219759,-0.4131425043775494,1.085168703883796,-1.3694622263904603,0.2720698395585195,-1.5745617830100105,0.549129241305214,0.23012160043932364,-2.099879282190453,0.377589110307374,0.7830233072195572,-2.319529812084242,0.9310290309780838,-0.33163362142944,0.8532827039234898,0.41087904506608836,-0.2548023640246772,1.9924977678631997,-1.1603255926665879,-0.5000799353089678,1.1719359670942562,0.3815056966830921,-0.07437985416557269,0.10212767660713995,-0.05253612208796506,0.17948302785967507,-0.32328827150243605,-0.2322042799253937,0.8511796777516982,-1.4891095083166979,1.3936805722959513,-0.16345285840514387,1.2409748037737653,-0.0473297830482648,-1.6741493895974624,-5.802913242053819,1.189291288113452,3.534947522857285,-6.2833085667881505,-1.2370140879677543,-0.47300358020981187,1.450606541534404,-0.695614981466453,1.3949843597734763,-1.9290435686857983,0.0,14.10486411340743,0.06265599574827119,0.0,0.0,5.672143972554881,0.03615223272149752,-0.060183024053068614,-0.05021178165576361,3.0103588018362593,-6.752158341381228,12.246437642031848,0.10793085828854435,0.019343704922427984,-0.23867325575247858,-0.06659087518986447,-0.0486810382290241,-0.03501246416582256,-0.04245519715527615,0.005202868713133355,-0.08731140225760702,3.248409036096227,-1.6485114253615443,4.605683841632365,0.14406397098455453,0.46835071953720253,0.03270417458007026,-0.5353052333928184,0.3473129901381456,0.01000008906343337,-0.707715445849781,0.40153130385384694,0.034332905358055346,0.3298696035440708,-0.0579774004218174,0.2518162166507222,-0.31123496555973273,0.05535550922958222,0.026926237965110664,-0.9859535288090082,-0.15222803619707628,0.009999728742144436,0,1,0,0,0,1
2.9499999999999975,-0.2401135795693222,0.24768963143182215,0.24793879846264116,0.03185850098877591,-0.11755411005693382,0.2296499543050296,-1.3768222465393118,0.3750790565029143,-1.733088713897898,0.7011235042382984,0.27705087987288984,-1.9444994666076603,0.48419918453389654,0.6902775862668615,-2.489124898297701,1.0568086470524705,-0.1440191567936967,0.4674212509800957,0.28799873570104984,-0.32391457974665994,2.1430621497428595,-1.2189923938329024,-0.31991526882947763,0.9580068422790373,-1.3739628888879318,0.33950948265868985,-1.6769703740751998,0.6434463344426838,0.2602427398789642,-2.0316840540436125,0.4449114886365046,0.6896242193791327,-2.4548229951483336,1.0117194314369924,-0.20867344382635059,0.6069001704269208,0.33209654296283914,-0.301080669172891,2.0901772306948816,-1.1963513362103826,-0.3933172667395977,1.035038490601595,0.5567433003685601,-0.08665884963977688,-0.0836216806706247,0.03405251007623872,0.6655759546876326,-0.038141236756956194,-0.05577158509964629,0.7802546882836492,-1.2471822920572098,1.1764997747903474,0.3712322058768298,1.4474233848133078,0.8802710171467383,-1.73055555035336,-0.7622354400939397,1.1514590013071095,1.3926496331046945,-3.10035226481498,-0.987348970246784,-0.6006081422828918,1.1750089781579014,-0.5013199541425646,1.4336161128794491,-1.7118334342330694,0.0,11.571956105951614,0.11208973628488733,0.0,0.0,4.009665032600313,-0.04576642257042543,-0.04180443645489208,-0.016968683012989007,5.60182483626989,-6.46902428188627,8.08394915276977,-0.02575975694339495,-0.28632888466358297,-0.12145866878858969,0.007770870204457173,0.07842182780624465,-0.1419624502113192,-0.0382484377565912,0.04148376615096922,-0.09914946206918385,1.5273462857691311,-2.090585309548111,3.319329160168762,0.14233433993451386,0.4530120638089826,0.028357478014582094,-0.5392082608951486,0.3468434932991994,0.010000089370080649,-0.6564474690939556,0.3318258478546445,0.03113757665755522,0.4123907153150541,-0.02047574094266287,0.2440742300057869,-0.3123444265688154,0.05437547975591876,0.03431255271614871,-0.9905681751018006,-0.15276615422248435,0.01000005068087674,0,1,0,0,0,1
2.9999999999999973,-0.20635041884713876,0.24224477528248728,0.2361898863265599,-0.011040935948519062,-0.09565143128087726,0.22898646272410733,-1.3757072565454025,0.44174191065285445,-1.8170405788315813,0.6236876247615173,0.4063082463449425,-1.7493380587594198,0.5782379183836271,0.6944372876999507,-2.455465606857843,1.0832461434562446,-0.140083446871093,0.5695281547692859,0.2299796787590994,-0.3659472415246655,2.19379174779997,-1.2251805207876152,-0.20344782907854292,0.7674701202301515,-1.3746880686610066,0.40612230350614736,-1.7676801779638227,0.6357508155501485,0.35155771565988575,-1.9508550060991845,0.5298473933714453,0.6792435002262899,-2.4557806324536733,1.0600038198549664,-0.16446762621830757,0.5759438013086071,0.26630624944696146,-0.3410800871543332,2.157664590272615,-1.2170752053835743,-0.2742730204084343,0.8669670728899385,0.6752632144436688,-0.10889712298669751,-0.23497824272162515,0.09102669823754062,0.6206439494556155,0.7068000334343931,-0.026446433773902045,0.8402224610575671,-1.096793628950921,-0.31949853810387246,1.3593671202115216,2.0060280476409247,1.0535885121667068,0.24166469502691004,0.007435020084059653,0.5339459082279191,0.5510940555343108,-0.14126263565814365,-0.8419398635128199,-0.6493455983512504,0.8027025539572545,-0.18006063036125802,1.5615366693577086,-2.211008177167995,0.0,9.980689857905128,0.0,0.0,0.0,2.7367009351373555,-0.05741967846104203,-0.035146304170811375,-0.05723810594671739,-0.8263787632256012,-6.181279495548884,8.047069523773795,0.005144929031479375,-0.0463631787492905,-0.10243403121218468,0.10076288246666272,-0.03887252215085679,-0.05516134523948961,-0.02112235639520264,0.03862100304272448,-0.09181972560126075,-1.1581482204857287,-1.6023194780918733,2.1715149946407797,0.15177390984372438,0.430341970228212,0.015924365368455956,-0.5429981079139943,0.3502723689133631,0.010000089403006444,-0.6338149830932526,0.30446938959637154,0.02137851625932383,0.46184442852667207,0.008957117012220045,0.21530211006124736,-0.2986577403246259,0.042968668772434396,0.040518055243452665,-0.9856960467549294,-0.16457378539011855,0.010000085248784693,0,1,0,0,0,1
3.049999999999997,-0.17428211091582899,0.23109034788956884,0.22095160407563805,-0.04884974501196018,-0.08967505401586565,0.23417231711761133,-1.3521723608268075,0.49986630958394285,-1.9110550858984807,0.35200440939091393,0.4868751545013887,-1.420196416743983,0.6756648373604847,0.7240502265229561,-2.4333113313887482,1.1445622616299291,-0.1218985746885602,0.7527753930789025,0.1496470374211393,-0.39642386835422855,2.2173986296720454,-1.209871428381502,-0.16153545758858326,0.5905237146010869,-1.3584616846119248,0.4744506238980572,-1.8601201068617006,0.5632628034420273,0.4426976363761586,-1.78616207584022,0.6228346370206879,0.7087069062348509,-2.4411308064320183,1.113514303565273,-0.13659741925515587,0.6720565908392817,0.19293575015229716,-0.37675438952398416,2.1965455469026716,-1.2131269595541359,-0.20018209863017217,0.6961178734609108,0.6413661586261954,-0.22308854785836885,-0.30476564501843717,0.19300609356636478,0.292187558580382,0.7303328575493744,0.14528092638914758,1.0921866009939296,-1.1371728352209025,-2.701460990606911,0.9826148511901496,5.472608471284903,1.0775194473385434,0.32651366341574484,0.17945970124115954,0.7093565699574759,0.37471795642039246,1.7951476046624393,-0.9505273439028998,-0.43751609964029325,0.4594893146555943,0.05635763224351558,0.8444466333607852,-2.346934743525813,6.258355591230606,10.884609654628587,3.664121252943645,0.0,0.0,0.0,-2.383309062610567,-0.4225498131803532,5.9876244463258725,-5.3288572076105805,-3.0501129382194367,9.228686966220517,0.7635239658242174,0.6877752758047194,3.724973742330886,-0.09192440561665385,-0.03411290192363637,-0.11198853630864039,-0.016923711406428118,-0.02070297523486971,-0.08223963194917809,-0.14158346695418308,0.07785925749496499,0.022772014516633344,0.15635210625319929,0.41361750950543347,0.009797679897016576,-0.5496927960421021,0.3712880393316665,0.010000089406541957,-0.6211147035066065,0.27815386566329264,0.00911504213256552,0.49175529337996404,0.03990386226876956,0.1515977218995538,-0.2792644760990358,0.02170984735776863,0.04033424357193371,-0.9699157547884575,-0.20194705660235016,0.01759257716467974,1,1,1,0,0,1
3.099999999999997,-0.14754782108451495,0.2250780420565126,0.21125630786986246,-0.024126383349050894,-0.08813515914349032,0.2569370789545357,-1.3132769653909708,0.5393088529525057,-2.021115666838323,-0.06774712490948279,0.3982551654419528,-1.032017950630796,0.7729214791647278,0.7655707576172721,-2.3775038840245837,1.1668555101284261,-0.15685169978395505,0.9887448081409227,0.01661454060154918,-0.42390751405973814,2.231375539186023,-1.1345915605630694,-0.2744883245574358,0.586622161791202,-1.32966468480264,0.5181501771151342,-1.9587336623140108,0.3312854162416935,0.41579213233251217,-1.472036024310475,0.701128699015997,0.7709720176549153,-2.404122355152314,1.149321476164626,-0.14977174451555655,0.8608837794978095,0.08849320677657305,-0.40849000299221383,2.2192239195612182,-1.164345409329847,-0.23710109065372034,0.6247913321658802,0.5346857966262808,-0.12024611666112461,-0.19390592411551166,0.39109906000140104,-0.07154570767244806,-0.515148031754584,0.34339546286431766,0.6503957549194639,-1.386224012337833,-6.267867734129503,-0.3468936676786252,6.281274905958426,1.4408052389882742,1.2109999223229007,0.5913026293147999,0.3891547389822169,-0.06930175918105838,2.8414945731056016,-1.6088610391048692,-0.3927924328407911,0.27115666296770985,0.6603640991963787,-0.9661166046669607,-0.8477635749696038,3.0102476727154,0.25680838819176016,15.540971072035143,0.0,0.0,0.0,1.2914457481210468,1.2235965351553222,2.672203120833183,-0.43913084224247256,-0.025974077854352896,-0.1231395720042365,7.81043775238229,-0.8317501000930863,13.641239832867239,0.020258178155092916,0.022240612168198653,-0.10531033682382976,-0.018620161976656523,-0.0611856690278577,-0.0284359209527495,-0.030707265373624653,0.07930979875086346,-0.13361247430715534,0.15081400291429573,0.4104234005241673,0.009978355851326313,-0.5284578482269434,0.46068315611904087,0.022208618848694107,-0.6185441227712549,0.27209668408589804,0.009905058179493005,0.4937875338254183,0.08567839413461129,0.07542949913609176,-0.26346333668046223,0.01176784801536801,0.030068892439393084,-0.9336624081730743,-0.25237260494071023,0.041081550373297485,1,1,1,0,0,0
3.149999999999997,-0.12336188557454662,0.22007835662002512,0.19833751826795537,0.038067453033754,-0.07598350122545762,0.27675121996232427,-1.3132769653909708,0.5393088529525057,-2.021115666838323,-0.06774712490948279,0.3982551654419528,-1.032017950630796,0.7729214791647278,0.7655707576172721,-2.3775038840245837,1.1668555101284261,-0.15685169978395505,0.9887448081409227,0.01661454060154918,-0.42390751405973814,2.231375539186023,-1.1345915605630694,-0.2744883245574358,0.586622161791202,-1.3196662846917298,0.5376992475375176,-2.0054596748209654,0.07692406105490651,0.40400948253715824,-1.1990551059321861,0.7479587985532803,0.8116044699714011,-2.386791123236929,1.1616206190824123,-0.1522343083819796,0.9442428405763204,0.040955021561378466,-0.4226519570677104,2.2317722570609,-1.143722580371593,-0.2628357536967534,0.5998818757406368,0.48371871019936646,-0.09999370872974978,-0.25837579203814187,0.2335636399548925,-0.08150934718944751,-1.284799618508031,0.13572032399382775,0.1821514405102055,-0.4752051205727573,-3.3197243775264673,-0.11450281344588686,3.712928521444504,0.5731792037730449,0.4675199431703138,0.20715314387498499,0.1170523811230973,0.02933607956871672,0.9944949714692014,-0.6553752478716037,-0.8812844937407789,1.025243219882226,0.3345177546940608,-0.36447975052934484,-0.29550011053664743,10.814067821617584,0.14961999654432112,6.990091603301683,0.035856929445092806,3.950251403922876,0.0,1.5399498161472776,-3.881491919276647,10.191774380525207,0.07394716592843542,0.056627252770613826,-0.33698562710960916,1.447527585819753,2.8551452595117617,6.438185046987056,0.07093779539801488,0.19478313340049425,-0.11249822795947559,-0.6927985010480389,0.8384275194146357,4.005203646183003,0.14382554282698798,-0.0697762132329961,0.023421866005660992,0.15185618389275798,0.41706513287355407,0.009997755784199727,-0.45686985526035134,0.5562889059531897,0.08102029317539827,-0.6170412102022642,0.2652567325750361,0.009989885506614804,0.4977449914482851,0.116725600392206,0.018449642362379462,-0.2448851064033179,0.013310531194942233,0.007116154693872159,-0.8992313231090592,-0.27861423693864334,0.034799932117890106,1,0,1,0,1,0
3.1999999999999966,-0.11144063583827067,0.2052527940393884,0.1973004427892354,0.11497266313829303,-0.07093288812121623,0.27409398847268296,-1.3132769653909708,0.5393088529525057,-2.021115666838323,-0.06774712490948279,0.3982551654419528,-1.032017950630796,0.7729214791647278,0.7655707576172721,-2.3775038840245837,1.1668555101284261,-0.15685169978395505,0.9887448081409227,0.01661454060154918,-0.42390751405973814,2.231375539186023,-1.1345915605630694,-0.2744883245574358,0.586622161791202,-1.3152543868598139,0.538420290325328,-2.0156724878570005,-0.018945822719655322,0.40158341287366967,-1.0902502059311863,0.7640941714015247,0.7884812961766814,-2.380731270162839,1.166142204926245,-0.1646431366860764,0.9732106506716047,0.023218942203497045,-0.511323687856103,2.2999592096076693,-1.1371905936928015,-0.27483819640502455,0.5912408072449514,0.23842499472551903,-0.2965112516127344,-0.020741509574399575,-0.2402536177530511,-0.3138519435223719,-1.4969918485014486,0.053018811721057844,0.025828009736575758,-0.11927392039713103,-1.130716688915951,-0.016849413094991605,1.292907496184958,0.18503811586892935,-0.5093244844623545,0.07272282180794083,0.04736144262759966,0.1566893930871001,0.33950346070600607,-0.22462226206360758,-0.822538932730451,0.7550277108656411,0.06145657345531225,-0.8678830680758958,-0.1024788055776166,0.0,0.0395231788090184,0.6886654574503994,4.685408818515447,21.625230585357627,1.6686944721012638,-0.07595937864981515,-0.12100609613045259,0.0928916710276709,0.19550049333241284,0.08420963914439843,-0.10981642394801608,-0.04067493341265506,0.37844582247998965,0.8030259052514109,0.9202145570623117,-1.6144997848829967,4.518164996722881,-5.280425515057216,6.59806207794612,20.122707901759448,0.045759348150476574,-1.434448228829559,1.19678042719891,0.1570286252739467,0.4185446107016204,0.019028337004433002,-0.4105819091369421,0.5796559640008319,0.1392127681069001,-0.6075052001994876,0.261619779119622,0.009903483541831199,0.5028235695081487,0.12032323650460311,0.009365451778683836,-0.24377923749379873,0.012722478083486609,0.009690429275053666,-0.888744619220625,-0.28257841835652514,0.007076357959659635,1,0,1,1,1,1
3.2499999999999964,-0.10946736082888998,0.192663380530868,0.20368203988273437,0.1398036197129946,-0.07941262663300555,0.263421666677819,-1.3132769653909708,0.5393088529525057,-2.021115666838323,-0.06774712490948279,0.3982551654419528,-1.032017950630796,0.7729214791647278,0.7655707576172721,-2.3775038840245837,1.1668555101284261,-0.15685169978395505,0.9887448081409227,0.01661454060154918,-0.42390751405973814,2.231375539186023,-1.1345915605630694,-0.2744883245574358,0.586622161791202,-1.3143079270276874,0.5397797078840745,-2.0192121494371396,-0.05137616002392697,0.40135472374287356,-1.0523103950235362,0.7702443918216176,0.7730746431080353,-2.378623235878375,1.1677600997403648,-0.1594505865099756,0.983308428674493,0.017498744013121743,-0.4829887966985233,2.3077931053418292,-1.1353606537395977,-0.29063886914580067,0.5882401821249971,0.039465500187613745,-0.2517882701704077,0.1276319418699795,-0.2675850459180932,-0.29946528067575257,-0.4032505623733293,0.0074850307547602345,0.033865939482358796,-0.042324506983868436,-0.37878302438754374,0.07437909299216018,0.45076978748795565,0.09686217710247874,-0.16680399397110487,0.02425565214636283,-0.0009763856385219951,0.07199915628832904,0.12004439211302298,-0.024040474318383194,1.1454961073984005,-0.0003707454297343631,0.037468304504041816,0.15188352983172332,-0.03590688317173843,0.0,0.0,0.23418658729977776,0.7015616223016565,16.851789351824227,3.8627218657852618,-0.023613666300049938,0.011747605474571706,-0.05337821616288847,0.07196237454863642,0.029365703745452547,-0.0007307704623477307,0.12195304218254428,0.22141697597777177,0.353015539094682,0.6979284789092011,-0.5020601789965096,0.27137570598835203,-2.8970342725723333,7.67787950804185,14.94726994412419,0.25618262072803505,-2.2519071778340707,3.3717938083438597,0.161279591897467,0.40781354019713933,0.03316333893457214,-0.39210398707941374,0.5797285500790879,0.16373343754337627,-0.6017669996539255,0.2583933945428999,0.010074959033183818,0.5018700911508311,0.10825646239331918,0.010153167932307944,-0.2433254147533031,0.012182487517251608,0.009966839903481036,-0.8924021968443072,-0.2843354300554298,0.009686156133255616,0,0,1,1,1,1
