Logging started at 20250716-1318
Ontime :
True
Action space mid: [-1.01873243  0.45176268 -1.4165763  -0.0205206   0.1673988  -1.3896672
  0.73325681  0.58896359 -1.6511396   0.8836804  -0.47590394  1.35490289
  0.18083922 -0.15080036  1.30874578 -0.74782036 -0.56708082  1.47821588], scale: [0.44304717 0.46786146 0.9527527  0.73484704 0.4457115  0.8509844
 0.45946249 0.41638221 0.9457742  0.2983276  0.44032795 1.03865751
 0.73073588 0.35183635 0.95987222 0.47668324 0.43512017 0.99632052]
INFO: VrepInterfaze is initialized successfully.
Ontime :
True
Action space mid: [-1.01873243  0.45176268 -1.4165763  -0.0205206   0.1673988  -1.3896672
  0.73325681  0.58896359 -1.6511396   0.8836804  -0.47590394  1.35490289
  0.18083922 -0.15080036  1.30874578 -0.74782036 -0.56708082  1.47821588], scale: [0.44304717 0.46786146 0.9527527  0.73484704 0.4457115  0.8509844
 0.45946249 0.41638221 0.9457742  0.2983276  0.44032795 1.03865751
 0.73073588 0.35183635 0.95987222 0.47668324 0.43512017 0.99632052]
INFO: VrepInterfaze is initialized successfully.
NVIDIA GeForce RTX 4060 Laptop GPU
Process ID: 33676
Env: Medauroidea, expert.csv, Seed: 0
Rollout length: 100
Num steps: 1500, Eval interval: 500
Gamma: 0.995, Mix buffer: 1, Batch size: 64
lr_actor: 0.0001, lr_critic: 0.0001, lr_disc: 0.0001
Units Actor: (64, 64), Units Critic: (64, 64)
Units Disc R: (100, 100), Units Disc V: (100, 100)
Epoch ppo: 50, Epoch disc: 3
Clip Epsc: 0.2, Lambda: 0.97, Coef Ent: 0.05, Max Grad Norm: 10.0
Expert buffer size: 1517
Initial state shape: (33,)
PPO Step 1, t=1
PPO Step 2, t=2
PPO Step 3, t=3
PPO Step 4, t=4
PPO Step 5, t=5
PPO Step 6, t=6
PPO Step 7, t=7
PPO Step 8, t=8
PPO Step 9, t=9
PPO Step 10, t=10
PPO Step 11, t=11
PPO Step 12, t=12
PPO Step 13, t=13
PPO Step 14, t=14
PPO Step 15, t=15
PPO Step 16, t=16
PPO Step 17, t=17
PPO Step 18, t=18
PPO Step 19, t=19
PPO Step 20, t=20
PPO Step 21, t=21
PPO Step 22, t=22
PPO Step 23, t=23
PPO Step 24, t=24
PPO Step 25, t=25
PPO Step 26, t=26
PPO Step 27, t=27
PPO Step 28, t=28
PPO Step 29, t=29
PPO Step 30, t=30
PPO Step 31, t=31
PPO Step 32, t=32
PPO Step 33, t=33
PPO Step 34, t=34
PPO Step 35, t=35
PPO Step 36, t=1
PPO Step 37, t=2
PPO Step 38, t=3
PPO Step 39, t=4
PPO Step 40, t=5
PPO Step 41, t=6
PPO Step 42, t=7
PPO Step 43, t=8
PPO Step 44, t=9
PPO Step 45, t=10
PPO Step 46, t=11
PPO Step 47, t=12
PPO Step 48, t=13
PPO Step 49, t=14
PPO Step 50, t=15
PPO Step 51, t=16
PPO Step 52, t=17
PPO Step 53, t=18
PPO Step 54, t=19
PPO Step 55, t=20
PPO Step 56, t=21
PPO Step 57, t=22
PPO Step 58, t=23
PPO Step 59, t=24
PPO Step 60, t=25
PPO Step 61, t=26
PPO Step 62, t=27
PPO Step 63, t=28
PPO Step 64, t=29
PPO Step 65, t=30
PPO Step 66, t=31
PPO Step 67, t=32
PPO Step 68, t=33
PPO Step 69, t=34
PPO Step 70, t=35
PPO Step 71, t=36
PPO Step 72, t=37
PPO Step 73, t=38
PPO Step 74, t=39
PPO Step 75, t=40
PPO Step 76, t=41
PPO Step 77, t=42
PPO Step 78, t=43
PPO Step 79, t=44
PPO Step 80, t=45
PPO Step 81, t=46
PPO Step 82, t=47
PPO Step 83, t=48
PPO Step 84, t=49
PPO Step 85, t=50
PPO Step 86, t=51
PPO Step 87, t=52
PPO Step 88, t=53
PPO Step 89, t=54
PPO Step 90, t=55
PPO Step 91, t=56
PPO Step 92, t=57
PPO Step 93, t=58
PPO Step 94, t=59
PPO Step 95, t=60
PPO Step 96, t=61
PPO Step 97, t=62
PPO Step 98, t=63
PPO Step 99, t=64
PPO Step 100, t=65
Step 100 - Updating the algorithm
[Debug] Log probabilities of current policy actions: tensor([-10.3449,  -9.4646, -13.9207, -12.6322, -12.6322, -11.2985, -13.3728,
        -11.2968, -13.7107, -10.1756, -10.3053, -10.9129, -10.9129, -10.5785,
        -11.5316, -11.6112, -13.6354, -10.1756,  -9.4719, -10.9129, -10.7397,
        -12.8767, -10.2928, -10.3641, -12.0064, -11.2985, -11.3452, -11.7427,
        -10.7378, -10.0816,  -9.4646, -13.9207, -10.8732, -13.5951, -10.9129,
        -11.2640,  -9.0653, -12.1964, -12.1964, -14.5324, -13.6354, -13.1747,
        -11.6112, -11.2985, -13.0201, -13.1747, -11.6770, -14.2314, -11.9063,
        -13.6394,  -9.4680, -10.6123, -12.2918, -14.6749, -11.6645, -11.6645,
        -13.7107,  -7.3720,  -6.3873, -11.9881, -12.2329, -10.0816, -11.1807,
        -10.8046], device='cuda:0')
[Debug] Log probabilities of expert actions: tensor([-15.8583, -23.4011, -12.1256, -14.3175, -13.0449, -15.7654, -13.3644,
        -27.2591, -13.9904, -14.4847, -14.5278, -14.4825, -29.8029, -14.5237,
        -13.2127, -13.6372, -14.0110, -24.9800, -11.9576, -17.1326, -15.0235,
        -12.8713, -13.5280, -13.8265, -27.4058, -12.0887, -10.4635, -13.4677,
        -12.9778, -13.9744, -14.4188, -12.6525, -13.3602, -12.8860, -13.6734,
        -14.0283, -12.3078, -15.2022, -15.3178, -15.6001, -14.4052, -14.4662,
        -13.3842, -14.3452, -14.1663, -23.4160, -13.2169, -12.9306, -13.2160,
        -12.5981, -13.0706, -13.9744, -12.0685, -12.8761, -26.7423, -13.0828,
        -14.1034, -14.4933, -13.3642, -13.1551, -15.3128, -15.6454, -12.9891,
        -13.4217], device='cuda:0')
[Debug] Log probabilities of current policy actions: tensor([-12.2028, -12.8112, -14.5324, -10.6325, -11.5316, -11.6112, -13.7107,
        -12.4453, -12.0740, -13.8771, -14.0761, -11.0889, -11.4392, -11.7427,
        -13.1747, -13.1525, -11.6645, -11.9881, -12.1964,  -9.4719, -10.8046,
        -10.4733, -12.6271, -10.3641, -11.9950, -10.6959, -11.0889, -10.9856,
        -14.0228, -12.6827, -10.7709, -10.3343, -12.0064, -12.1964, -11.6263,
        -12.0064,  -8.1842, -10.9115, -12.3819, -12.6322, -11.6147, -14.5324,
         -9.0223, -11.1807, -12.6322, -14.0761, -12.0740, -10.3641,  -9.4680,
        -10.4733, -11.5370, -10.6959,  -9.0653, -11.2968, -10.2928, -11.7427,
        -12.6271, -11.6147, -13.3728, -11.9541, -13.1747, -10.3053,  -8.7818,
        -11.6770], device='cuda:0')
[Debug] Log probabilities of expert actions: tensor([-11.7996, -12.8727, -15.8522, -13.4967, -28.4899, -16.4060, -13.0637,
        -13.9904, -11.3345, -13.4303, -11.9187, -14.4531, -13.6951, -13.4968,
        -13.5731, -12.4893, -12.7351, -15.7014, -14.4715, -26.0485, -15.7714,
        -13.3644, -11.6255, -12.4212, -13.0928, -13.0706, -13.0746, -13.3257,
        -14.3584, -13.4886, -13.4013, -14.0456, -13.4266, -15.0318, -12.0902,
        -12.5322, -13.1669, -25.9990, -11.7592, -12.9891, -17.1164, -13.2651,
        -13.6928, -23.8341, -40.5637, -13.0774, -13.2797, -13.0615, -12.4089,
        -14.1583, -23.4234, -14.0161, -12.7251, -27.2486, -13.6277, -11.3560,
        -11.5130, -23.4027, -27.0355, -16.4158, -13.2548, -12.9955, -15.7658,
        -15.6430], device='cuda:0')
[Debug] Log probabilities of current policy actions: tensor([-13.7107, -11.6645,  -9.4680, -14.6749, -10.7378,  -7.3720, -11.7427,
        -12.2597,  -9.7820, -11.6147, -12.9280, -10.7397, -13.6394,  -8.6795,
        -10.3343, -13.7107, -12.8534, -10.2928, -12.6322, -13.6394, -11.9950,
         -9.0653, -11.9541, -11.0570, -12.2329, -10.4291, -12.5842, -11.0889,
        -10.7378, -10.5785, -10.3449, -10.9115,  -8.6795,  -8.7818, -13.6354,
        -13.6354,  -9.4680, -13.4367, -11.9950, -12.2329, -10.3053, -12.6628,
        -11.0570,  -8.4379, -13.8771, -13.3728, -11.2640, -10.6325, -10.4291,
         -9.4719, -11.2968, -10.1191, -12.9495,  -9.0223,  -8.6795, -10.1191,
        -12.2918, -10.7397, -11.5316, -11.6645, -12.0740, -12.8974, -11.5370,
        -13.7107], device='cuda:0')
[Debug] Log probabilities of expert actions: tensor([-14.4097, -14.4605, -11.5132, -12.3332, -13.7781, -12.0375, -14.1210,
        -24.5003, -15.6322, -29.9536, -15.7937, -13.3007, -11.6298, -15.8131,
        -13.8065, -15.7937, -12.5764, -13.3917, -14.2698, -14.6929, -25.9126,
        -11.8437, -13.0546, -15.7510, -13.7853, -30.5451, -29.9633, -13.0502,
        -14.2668, -15.4914, -13.1655, -12.9778, -11.8597, -15.0523, -13.0469,
        -29.8050, -13.9893, -14.4052, -13.4037, -12.1799, -13.3948, -13.4005,
        -10.7137, -40.4604, -13.0904, -15.8449, -14.3990, -15.7740, -13.2256,
        -15.7469, -23.4011, -13.2417, -15.6454, -13.0076, -14.5395, -53.8307,
        -15.0299, -15.1154, -24.3460, -14.5395, -15.8449, -22.4897, -28.4778,
        -12.7757], device='cuda:0')
[Debug] Rewards: tensor([11.6511, 12.7409, 10.9298, 10.7603, 10.5429,  6.0733, 11.2708, 12.9957,
         9.5669, 11.0889, 12.1813, 13.6173, 10.5639, 10.4123, 14.5727, 11.6439,
        10.6014, 11.9980, 10.5712, 11.8704, 11.0494, 10.8484, 13.0440, 11.7480,
        10.5098,  9.8335,  8.0802, 12.7514, 11.8921,  8.7317, 11.8025, 11.5473,
        12.9019, 12.1183, 14.6039, 13.6119, 13.5062, 12.7126, 11.8151, 13.2483,
        10.1957, 10.5887, 10.6416, 13.7670,  9.9888, 12.0701,  9.1134,  9.4221,
        12.5262, 10.6390, 11.9932, 11.3774, 12.2650,  6.7883, 12.4292, 10.6931,
        10.1317, 12.6394, 11.2278, 12.7430, 12.4240, 11.0253, 12.3680, 12.8868,
        13.6094, 11.0025, 10.5300, 12.1747, 10.3823, 10.5450, 10.1477, 12.3186,
        11.4043,  9.8584, 13.8136,  8.8611, 12.5120, 10.2445, 11.5963,  9.8438,
        11.5102, 10.3759, 10.4199, 13.1982, 12.0237,  8.2514, 11.6663,  9.7242,
        10.3523, 12.7741, 10.4669,  8.8632,  8.0106,  9.9819, 13.4217, 10.7386,
         8.8863,  9.3650, 12.4557, 13.2514], device='cuda:0')
[Debug] Reward mean: 11.2654, std: 1.6099
PPO Step 101, t=66
PPO Step 102, t=67
PPO Step 103, t=68
PPO Step 104, t=69
PPO Step 105, t=70
PPO Step 106, t=71
PPO Step 107, t=72
PPO Step 108, t=73
PPO Step 109, t=74
PPO Step 110, t=75
PPO Step 111, t=76
PPO Step 112, t=77
PPO Step 113, t=78
PPO Step 114, t=79
PPO Step 115, t=80
PPO Step 116, t=81
PPO Step 117, t=82
PPO Step 118, t=83
PPO Step 119, t=84
PPO Step 120, t=85
PPO Step 121, t=86
PPO Step 122, t=87
PPO Step 123, t=88
PPO Step 124, t=89
PPO Step 125, t=90
PPO Step 126, t=91
PPO Step 127, t=92
PPO Step 128, t=93
PPO Step 129, t=94
PPO Step 130, t=95
PPO Step 131, t=96
PPO Step 132, t=97
PPO Step 133, t=98
PPO Step 134, t=99
PPO Step 135, t=100
PPO Step 136, t=101
PPO Step 137, t=102
PPO Step 138, t=103
PPO Step 139, t=104
PPO Step 140, t=105
PPO Step 141, t=106
PPO Step 142, t=107
PPO Step 143, t=108
PPO Step 144, t=109
PPO Step 145, t=110
PPO Step 146, t=111
PPO Step 147, t=112
PPO Step 148, t=113
PPO Step 149, t=114
PPO Step 150, t=115
PPO Step 151, t=116
PPO Step 152, t=117
PPO Step 153, t=118
PPO Step 154, t=119
PPO Step 155, t=120
PPO Step 156, t=121
PPO Step 157, t=122
PPO Step 158, t=123
PPO Step 159, t=124
PPO Step 160, t=125
PPO Step 161, t=126
PPO Step 162, t=127
PPO Step 163, t=128
PPO Step 164, t=129
PPO Step 165, t=130
PPO Step 166, t=131
PPO Step 167, t=132
PPO Step 168, t=133
PPO Step 169, t=134
PPO Step 170, t=135
PPO Step 171, t=136
PPO Step 172, t=137
PPO Step 173, t=138
PPO Step 174, t=139
PPO Step 175, t=140
PPO Step 176, t=141
PPO Step 177, t=142
PPO Step 178, t=143
PPO Step 179, t=144
PPO Step 180, t=145
PPO Step 181, t=146
PPO Step 182, t=1
PPO Step 183, t=2
PPO Step 184, t=3
PPO Step 185, t=4
PPO Step 186, t=5
PPO Step 187, t=6
PPO Step 188, t=7
PPO Step 189, t=8
PPO Step 190, t=9
PPO Step 191, t=10
PPO Step 192, t=11
PPO Step 193, t=12
PPO Step 194, t=13
PPO Step 195, t=14
PPO Step 196, t=15
PPO Step 197, t=16
PPO Step 198, t=17
PPO Step 199, t=18
PPO Step 200, t=19
Step 200 - Updating the algorithm
[Debug] Log probabilities of current policy actions: tensor([ -9.6859, -10.3264,  -9.7164, -12.8216, -14.2063, -11.4776, -12.9474,
        -10.5274, -11.4178,  -9.8518, -10.6120,  -9.9443, -11.3170,  -8.5303,
        -13.8845,  -9.8482,  -9.9443, -11.0065, -14.2063,  -9.3507, -12.0696,
        -11.7577,  -9.8482,  -9.5507, -13.1091, -11.7483,  -9.9042, -11.6143,
        -11.7577, -14.0571, -13.0963, -11.3723,  -7.2137, -11.8483, -10.5301,
        -10.9144, -11.4178,  -8.5419, -13.1609, -11.0310, -10.2684, -10.9140,
        -13.5641, -11.5718, -11.8483, -12.2938, -11.1702,  -9.9819,  -9.6859,
        -12.1321, -11.6543, -11.0065,  -9.8121, -11.0310, -11.7491, -11.6693,
        -12.1054, -11.7483, -10.9140,  -9.8425, -13.9075, -10.5823, -10.9140,
        -12.1054], device='cuda:0')
[Debug] Log probabilities of expert actions: tensor([-12.9499, -14.7594, -13.1669, -12.4939, -16.1025, -24.8135, -13.1051,
        -29.7661, -13.8120, -16.5887, -30.4151, -27.0514, -13.6856, -13.0899,
        -12.3144, -41.3060, -12.2386, -13.9956, -12.7359, -13.3255, -13.1428,
        -12.4282, -27.1330, -13.4852, -12.7569, -12.7741, -13.1528, -12.1957,
        -25.2308, -11.9639, -11.6969, -12.8307, -11.7922, -22.9612, -13.9671,
        -13.6732, -13.9173, -11.7572, -12.9928, -13.8491, -41.3802, -11.5931,
        -11.6042, -15.5930, -13.1993, -13.7717, -13.1872, -13.9614, -15.1956,
        -14.8010, -12.0157, -13.3332, -39.1717, -27.4510, -12.9116, -27.1648,
        -11.9766, -14.8946, -13.2218, -13.9667, -11.8164, -13.9522, -14.1603,
        -12.8628], device='cuda:0')
[Debug] Log probabilities of current policy actions: tensor([-11.9059,  -9.8482,  -8.0639, -11.9575, -11.7491, -12.1321,  -8.5303,
        -11.7577, -12.5331, -12.3228,  -8.5419, -12.4558, -11.6693, -11.4776,
        -10.9063, -13.9049, -11.3170, -13.5641, -10.6120, -12.8216, -11.5718,
        -12.1381, -10.7647, -10.9144, -11.5718, -10.5646, -12.8756, -14.0474,
        -12.9474, -14.0571, -10.9140, -10.7647, -11.5718, -12.0696, -12.1054,
        -13.1028, -10.9144, -11.2656, -13.1609,  -8.5419, -12.3228, -12.9474,
         -9.8518, -13.0074, -11.4781, -11.4776,  -9.3507, -12.9279, -12.0696,
        -12.3228, -13.0074, -12.1321, -11.9575, -14.2063, -11.4865, -13.0963,
        -10.8981, -11.7491, -13.0318, -12.5392,  -9.9443,  -9.9042,  -9.7164,
        -13.1091], device='cuda:0')
[Debug] Log probabilities of expert actions: tensor([-13.3137, -39.1653, -12.3686, -11.4563, -13.3956, -16.5837, -15.1721,
        -11.5960, -12.4429, -12.0333, -12.0069, -27.3538, -13.8015, -24.7979,
        -13.5387, -23.1765, -13.3447, -30.4636, -28.8403, -13.3572, -12.0122,
        -13.0960, -14.1045, -14.0858, -12.1437, -14.0044, -14.0835, -11.7874,
        -12.6273, -13.1873, -27.8122, -13.1861, -27.4514, -15.4043, -14.0813,
        -11.8303, -13.7374, -11.7987, -14.8192, -11.6969, -11.6065, -14.4306,
        -24.8502, -36.2734, -13.1781, -27.1504, -13.1781, -12.0069, -13.7056,
        -12.3991, -12.6678, -13.9216, -14.1297, -30.4636, -12.3992, -24.8540,
        -11.8250, -11.7861, -16.1025, -13.2177, -15.5155, -13.2047, -15.7531,
        -14.0821], device='cuda:0')
[Debug] Log probabilities of current policy actions: tensor([-11.9294, -10.7647, -11.6543, -11.3723, -10.2684, -12.9944, -11.6246,
        -11.9376, -11.3170, -11.5102, -13.0074, -12.5331, -11.0310, -10.9063,
        -13.1028, -12.7789,  -9.9042, -10.7647, -11.9376, -10.8981, -12.8216,
        -13.9075, -12.9557, -13.0318, -11.5718, -12.8756, -11.7577,  -9.8425,
        -10.9063, -12.9066, -11.5544, -10.5274, -10.9144, -14.0474, -11.5544,
        -11.4752,  -9.7164, -10.5301,  -9.8425, -11.5544, -11.8778, -12.1054,
        -10.5274, -11.4178, -11.4781, -10.5301,  -9.9819, -12.9140, -13.5641,
        -10.9063, -11.0065,  -9.6859, -11.9575,  -9.9819, -11.7483, -11.1702,
        -11.5102, -11.9575, -13.9049,  -8.9278,  -8.5419, -10.2684, -11.9575,
        -12.3538], device='cuda:0')
[Debug] Log probabilities of expert actions: tensor([-26.9855, -13.2874, -15.3426, -11.8300, -15.2040, -13.1020, -13.2191,
        -29.7260, -13.0999, -13.0452, -13.3542, -12.6317, -13.8775, -13.1644,
        -15.5881, -13.8854, -11.7908, -17.3550, -12.3690, -12.7303, -11.8724,
        -11.8233, -25.2607, -13.4526, -22.9719, -10.7520, -27.4201, -13.9061,
        -15.5885, -15.6238, -12.3181, -10.9935, -12.6672, -11.9425, -14.9784,
        -14.4009, -13.1750, -14.2986, -11.5819, -29.7434, -14.8358, -11.8636,
        -13.2866, -12.2542, -27.3595, -26.6231, -27.8625, -11.8196, -13.3261,
        -12.2272, -11.7840, -13.4485, -41.3060, -13.3844, -13.1590, -13.3464,
        -13.3504, -53.5682, -12.6639, -12.7654, -11.6076, -12.1571, -11.8839,
        -14.2523], device='cuda:0')
[Debug] Rewards: tensor([11.3669, 11.1456, 11.5728,  9.7093, 10.7905, 11.7652, 12.8007, 10.2204,
         9.2714,  9.8064, 12.7523, 13.0934, 10.8776,  9.2185,  9.5019, 10.4499,
        10.8065, 13.5569, 12.2688,  9.6474,  9.8033, 11.2643,  8.7459, 11.1993,
        10.4595,  9.4771, 10.9500, 11.8165, 11.4448, 11.0698, 12.4511, 13.4595,
        13.6912,  9.4044,  8.3536, 12.8257, 11.7068, 12.3648,  8.4181, 13.8019,
        11.4390, 13.1519, 13.5031,  7.5857, 10.0589, 10.1604, 11.5692, 10.2854,
        10.1252, 11.3514, 11.5968, 11.6619, 12.1396,  9.6978, 10.7781, 10.9342,
         6.6533, 11.0944, 10.5838, 12.3131, 12.4688, 11.2834, 12.9472, 11.1797,
        12.8206,  9.8370, 13.2303, 11.9622, 10.2840, 10.8855, 11.2003,  9.7778,
        12.3029,  9.5584, 12.3740, 12.1535, 12.6665, 10.8757, 10.8841, 11.9310,
        14.2534, 11.7206, 12.7168, 11.1165, 11.3823, 11.5020, 11.2423,  8.3861,
         9.8791, 11.6327, 12.9112, 12.6267, 11.5776, 10.2005,  9.6852, 13.1772,
        12.0054, 12.8971, 11.8215,  8.8071], device='cuda:0')
[Debug] Reward mean: 11.2018, std: 1.4645
PPO Step 201, t=20
PPO Step 202, t=21
PPO Step 203, t=22
PPO Step 204, t=23
PPO Step 205, t=24
PPO Step 206, t=25
PPO Step 207, t=26
PPO Step 208, t=27
PPO Step 209, t=28
PPO Step 210, t=29
PPO Step 211, t=30
PPO Step 212, t=31
PPO Step 213, t=32
PPO Step 214, t=33
PPO Step 215, t=34
PPO Step 216, t=35
PPO Step 217, t=36
PPO Step 218, t=37
PPO Step 219, t=38
PPO Step 220, t=39
PPO Step 221, t=40
PPO Step 222, t=41
PPO Step 223, t=42
PPO Step 224, t=43
PPO Step 225, t=44
PPO Step 226, t=45
PPO Step 227, t=46
PPO Step 228, t=47
PPO Step 229, t=48
PPO Step 230, t=1
PPO Step 231, t=2
PPO Step 232, t=3
PPO Step 233, t=4
PPO Step 234, t=5
PPO Step 235, t=6
PPO Step 236, t=7
PPO Step 237, t=8
PPO Step 238, t=9
PPO Step 239, t=10
PPO Step 240, t=11
PPO Step 241, t=12
PPO Step 242, t=13
PPO Step 243, t=14
PPO Step 244, t=15
PPO Step 245, t=16
PPO Step 246, t=17
PPO Step 247, t=18
PPO Step 248, t=1
PPO Step 249, t=2
PPO Step 250, t=3
PPO Step 251, t=4
PPO Step 252, t=5
PPO Step 253, t=6
PPO Step 254, t=7
PPO Step 255, t=8
PPO Step 256, t=9
PPO Step 257, t=10
PPO Step 258, t=11
PPO Step 259, t=1
PPO Step 260, t=2
PPO Step 261, t=3
PPO Step 262, t=4
PPO Step 263, t=5
PPO Step 264, t=6
PPO Step 265, t=7
PPO Step 266, t=8
PPO Step 267, t=9
PPO Step 268, t=10
PPO Step 269, t=11
PPO Step 270, t=12
PPO Step 271, t=13
PPO Step 272, t=14
PPO Step 273, t=15
PPO Step 274, t=16
PPO Step 275, t=17
PPO Step 276, t=18
PPO Step 277, t=19
PPO Step 278, t=20
PPO Step 279, t=21
PPO Step 280, t=22
PPO Step 281, t=23
PPO Step 282, t=24
PPO Step 283, t=25
PPO Step 284, t=26
PPO Step 285, t=27
PPO Step 286, t=28
PPO Step 287, t=29
PPO Step 288, t=30
PPO Step 289, t=1
PPO Step 290, t=2
PPO Step 291, t=3
PPO Step 292, t=4
PPO Step 293, t=5
PPO Step 294, t=6
PPO Step 295, t=7
PPO Step 296, t=8
PPO Step 297, t=9
PPO Step 298, t=10
PPO Step 299, t=11
PPO Step 300, t=12
Step 300 - Updating the algorithm
[Debug] Log probabilities of current policy actions: tensor([ -8.9006, -12.8653, -10.1202, -10.9840, -13.6464, -10.3668, -11.3330,
         -8.5601, -11.0157, -12.7629,  -9.9040, -12.3908, -10.8662, -12.7629,
        -12.1555, -12.3606, -14.0721, -10.5485, -11.9679, -11.9679, -12.3606,
        -12.1633, -12.2484, -10.9840, -11.1475, -14.0355,  -9.1123, -13.5631,
         -8.4512, -11.4798, -12.1555,  -9.8837, -12.5182, -10.3668, -10.0337,
         -9.4296,  -9.1123, -10.8732,  -9.1123, -11.8208, -12.0065, -10.8181,
        -13.8338,  -7.8984, -12.4806, -12.2484, -11.9679, -12.6398, -12.5677,
         -9.5184, -11.3281, -12.1555,  -9.9040, -13.4275, -15.2758, -13.7949,
        -11.6472, -11.1988,  -9.6616, -10.4806,  -9.4296, -10.5485, -12.7629,
        -10.5329], device='cuda:0')
[Debug] Log probabilities of expert actions: tensor([-14.0413, -15.9385, -24.0191, -13.1224, -15.4061, -13.9946, -14.4023,
        -13.0249, -13.5956, -12.0124, -13.2848, -14.0373, -15.1392, -13.4859,
        -11.1231, -14.9379, -29.2671, -12.3450, -12.6280, -28.4543, -12.1921,
        -13.2023, -13.7806, -13.1785, -13.0629, -12.5198, -13.3179, -13.6023,
        -13.5194, -12.9077, -25.2364, -12.6606, -13.5743, -12.7075, -12.6555,
        -15.0596, -14.0404, -13.1980, -13.3179, -12.0718, -11.6426, -24.9406,
        -14.3915, -11.8981, -27.1029, -25.4311, -14.9262, -13.1982, -13.8187,
        -14.3644, -13.2078, -13.0755, -24.2648, -12.6223, -12.5827, -28.1116,
        -14.3796, -12.7037, -15.0075, -13.3256, -14.9357, -14.9817, -29.2642,
        -12.6338], device='cuda:0')
[Debug] Log probabilities of current policy actions: tensor([ -8.5769, -10.0417, -14.0721, -13.5631, -12.1555,  -9.6616, -12.5677,
        -10.8674, -11.3281, -12.8653, -11.1366, -13.6464, -12.2256, -11.5440,
        -10.4056, -10.8157, -10.5329, -12.9065, -12.5677, -10.8157,  -8.5769,
        -11.1475, -12.5677, -13.7949,  -7.8984, -13.5631, -11.0157,  -7.8984,
        -15.2758,  -9.3398, -12.6239, -12.2985, -14.3038, -13.5631, -12.5182,
        -10.8662, -11.4798, -11.3330, -10.0902, -15.2758, -13.4275,  -9.5184,
        -10.8181, -10.8181, -11.9679,  -9.3398, -10.0337, -12.9065, -11.1456,
         -9.6616, -10.3668, -10.0417, -12.8653, -10.8674, -12.2568, -12.2568,
        -12.3908, -11.7969,  -9.5184, -12.6398, -13.7055, -12.3930, -11.1988,
         -7.3149], device='cuda:0')
[Debug] Log probabilities of expert actions: tensor([-16.8046, -13.4624, -12.7135, -29.2642, -27.8128, -14.3960, -27.1487,
        -15.0862, -14.9922, -28.1459, -12.7560, -13.0276, -14.3960, -38.4376,
        -27.7807, -12.5555, -12.5219, -16.0012, -13.7457, -14.4013, -13.1875,
        -12.2048, -15.0579, -25.9778, -12.0850, -13.7990, -14.0373, -14.2213,
        -12.9077, -27.7500, -12.6174, -12.9003, -11.9716, -13.4603, -13.2663,
        -12.9330, -13.5598, -26.3283, -29.2823, -13.1224, -14.1594, -13.2361,
        -14.3438, -24.2384, -12.7176, -16.8045, -14.2325, -12.2952, -13.0095,
        -13.6601, -12.0670, -14.3870, -13.9341, -14.0413, -14.3816, -12.8053,
        -12.5540, -13.7544, -12.0087, -12.6142, -12.5561, -11.8808, -27.7075,
        -11.8333], device='cuda:0')
[Debug] Log probabilities of current policy actions: tensor([-11.1475, -13.5631, -11.4018, -12.2568, -11.5440, -13.3914, -11.4018,
         -9.3398, -14.0401, -10.4056,  -9.4421, -10.5329, -12.2568, -11.0828,
         -7.3149, -10.8181, -10.5481, -15.2758, -11.7969, -13.5631, -11.0828,
        -12.2568, -12.4838, -12.2568, -12.6239, -10.8157, -13.4275, -13.7949,
        -14.0721, -12.0065,  -9.8837, -13.0161,  -8.7644, -12.2484,  -9.3398,
        -12.4838, -14.0347,  -7.3149, -12.2568, -12.4806, -11.1475,  -8.5769,
        -11.4018,  -9.9040, -10.5481,  -9.3398, -12.2484, -13.0161, -10.5919,
        -12.2484, -11.0828, -12.5182,  -9.1123, -12.2568, -11.6738, -12.2568,
        -11.7162, -10.1202, -14.0721, -12.6239, -14.0721, -12.6239, -12.3908,
        -12.3908], device='cuda:0')
[Debug] Log probabilities of expert actions: tensor([-12.0090, -13.2675, -13.5754, -11.3383, -13.0423, -13.9251, -14.4023,
        -13.4568, -13.5794, -12.6810, -12.3369, -15.4132, -25.6133, -38.3289,
        -14.3660, -13.5743, -13.7770, -13.7544, -13.0601, -12.5574, -14.1379,
        -24.9054, -12.2183, -12.6625, -12.8311, -11.8117, -12.9255, -14.4123,
        -12.6338, -12.1504, -13.1884, -13.1983, -12.5875, -54.0771, -13.0692,
        -13.5982, -12.7473, -13.7218, -13.1260, -12.4388, -12.8030, -13.1260,
        -14.0179, -26.6892, -28.1762, -14.9668, -12.7792, -27.7914, -12.6943,
        -14.1067, -14.0413, -13.2868, -11.8888, -14.1537, -14.4013, -12.7511,
        -11.8810, -13.4282, -12.5142, -29.7106, -13.7824, -12.7030, -11.3084,
        -12.9255], device='cuda:0')
[Debug] Rewards: tensor([10.1228, 13.2821, 13.7070, 10.2271, 10.6346, 12.4171, 11.6882, 11.7008,
        13.8910,  8.2665, 10.3258, 11.9089, 12.5123, 13.5062, 10.9717,  9.6470,
        12.3179, 10.3678, 11.5884, 12.4655, 13.1175, 12.0562, 10.8610, 10.5220,
        12.1741, 11.3641,  9.5776,  7.3375, 13.2018, 13.4875, 11.1607, 11.8513,
        10.2230, 11.8836,  9.8378, 11.4416,  7.5983, 14.7837, 12.0653, 13.8220,
        11.9280, 12.6901, 11.2816, 10.1911, 10.9125,  8.2267, 11.9371, 10.8201,
        12.4678, 11.9584, 10.8391, 10.9397, 10.7439,  9.7092, 12.1512, 11.3057,
        10.9493,  9.2684, 10.4999, 13.6760, 10.2490,  8.9631,  8.5071, 12.3078,
         8.2916, 12.4665,  7.3133,  9.5020, 12.7769,  9.9519,  8.6629, 13.4739,
        11.2412, 11.6743, 11.4871, 11.9158,  8.9354, 13.0433, 10.7608,  9.6377,
         8.2671,  6.2002,  5.4161, 10.0596, 10.6812, 11.9040, 10.1126, 10.0287,
         9.2895, 10.6896, 11.3117, 13.4551, 12.2836,  9.8385,  7.5725, 11.5625,
        10.7752, 10.6119, 12.1556, 12.2682], device='cuda:0')
[Debug] Reward mean: 10.9806, std: 1.7685
PPO Step 301, t=13
PPO Step 302, t=14
PPO Step 303, t=15
PPO Step 304, t=16
PPO Step 305, t=17
PPO Step 306, t=18
PPO Step 307, t=19
PPO Step 308, t=20
PPO Step 309, t=21
PPO Step 310, t=22
PPO Step 311, t=23
PPO Step 312, t=24
PPO Step 313, t=25
PPO Step 314, t=26
PPO Step 315, t=27
PPO Step 316, t=28
PPO Step 317, t=29
PPO Step 318, t=30
PPO Step 319, t=31
PPO Step 320, t=32
PPO Step 321, t=33
PPO Step 322, t=34
PPO Step 323, t=35
PPO Step 324, t=36
PPO Step 325, t=37
PPO Step 326, t=38
PPO Step 327, t=39
PPO Step 328, t=40
PPO Step 329, t=41
PPO Step 330, t=42
PPO Step 331, t=43
PPO Step 332, t=44
PPO Step 333, t=45
PPO Step 334, t=46
PPO Step 335, t=47
PPO Step 336, t=48
PPO Step 337, t=49
PPO Step 338, t=50
PPO Step 339, t=51
PPO Step 340, t=52
PPO Step 341, t=53
PPO Step 342, t=54
PPO Step 343, t=55
PPO Step 344, t=1
PPO Step 345, t=2
PPO Step 346, t=3
PPO Step 347, t=4
PPO Step 348, t=5
PPO Step 349, t=6
PPO Step 350, t=7
PPO Step 351, t=8
PPO Step 352, t=9
PPO Step 353, t=10
PPO Step 354, t=11
PPO Step 355, t=12
PPO Step 356, t=13
PPO Step 357, t=14
PPO Step 358, t=15
PPO Step 359, t=16
PPO Step 360, t=17
PPO Step 361, t=18
PPO Step 362, t=1
PPO Step 363, t=2
PPO Step 364, t=3
PPO Step 365, t=4
PPO Step 366, t=5
PPO Step 367, t=6
PPO Step 368, t=7
PPO Step 369, t=8
PPO Step 370, t=9
PPO Step 371, t=10
PPO Step 372, t=11
PPO Step 373, t=12
PPO Step 374, t=13
PPO Step 375, t=14
PPO Step 376, t=15
PPO Step 377, t=16
PPO Step 378, t=17
PPO Step 379, t=18
PPO Step 380, t=19
PPO Step 381, t=20
PPO Step 382, t=21
PPO Step 383, t=22
PPO Step 384, t=1
PPO Step 385, t=2
PPO Step 386, t=3
PPO Step 387, t=4
PPO Step 388, t=5
PPO Step 389, t=6
PPO Step 390, t=7
PPO Step 391, t=8
PPO Step 392, t=9
PPO Step 393, t=10
PPO Step 394, t=11
PPO Step 395, t=12
PPO Step 396, t=13
PPO Step 397, t=14
PPO Step 398, t=15
PPO Step 399, t=16
PPO Step 400, t=17
Step 400 - Updating the algorithm
[Debug] Log probabilities of current policy actions: tensor([-12.0061, -12.1818, -11.9894, -11.5341, -13.8223, -10.4573,  -7.9254,
        -13.7135, -13.8223,  -9.1406, -12.2836, -11.5734, -12.9176, -12.5950,
        -10.2202,  -8.5907, -12.4103, -11.0437, -10.4830, -11.4916, -12.1863,
        -10.8985, -11.0545,  -8.4653, -12.4074,  -9.8591, -11.7164, -11.9390,
        -12.8546, -12.3900, -12.0807, -10.8985, -12.1999, -10.4830, -10.4573,
        -13.7135, -12.1863,  -8.1520, -10.9525, -10.4830, -12.4103, -10.4830,
        -11.4916, -12.0807, -11.0545, -10.2236, -13.7002, -11.2847, -11.8430,
        -10.3017, -11.4126, -10.8782, -12.0061,  -9.1406, -12.0937, -13.8874,
        -10.2202, -12.3900, -13.0675, -11.5624, -12.8765, -10.1850, -13.7926,
        -12.8093], device='cuda:0')
[Debug] Log probabilities of expert actions: tensor([-26.4682, -12.1772, -12.6180, -12.4628, -31.0947, -13.3586, -14.6987,
        -27.2414, -38.5657, -13.1025, -15.1398, -26.3024, -14.4943, -12.6047,
        -12.2816, -12.3414, -13.8999, -13.7362, -13.2950, -13.0112, -12.3282,
        -13.6583, -28.6608, -14.4132, -13.4527, -13.0208, -26.7009, -12.3891,
        -13.7737, -14.2789, -12.7945, -26.8264, -13.3242, -12.1901, -13.1158,
        -12.8037, -14.5086, -25.2957, -14.4729, -29.9812, -13.8771, -24.3368,
        -14.0521, -12.3293, -40.6499, -12.1892, -12.3596, -14.0774, -12.9790,
        -12.8104, -25.9930, -13.3900, -13.6415, -13.2568, -14.6670, -25.7547,
        -11.6515, -11.5041, -24.6719, -13.8350, -12.3504, -14.0677, -13.3823,
        -12.8549], device='cuda:0')
[Debug] Log probabilities of current policy actions: tensor([-12.8093, -13.7135, -10.5817, -11.5341, -11.0545, -11.0545, -11.4126,
        -12.4845, -11.0455, -12.1207, -12.1999, -11.8430, -10.8737, -12.8201,
        -11.8392,  -9.8591, -10.6880, -10.8825,  -8.4653, -10.5817, -11.5759,
        -12.9402, -10.5453,  -8.1520, -12.2648, -12.1999, -12.8201,  -9.4526,
        -12.4103,  -9.1406, -12.6959, -12.4845,  -9.8591,  -9.2737, -13.5438,
        -12.9402,  -9.7939, -11.5118, -12.0937,  -9.4526, -13.7002, -10.7620,
        -11.2573, -11.8747, -10.9525,  -9.8190, -11.0545, -10.7620, -11.9390,
        -12.2836,  -9.6688, -11.8392, -11.0545, -10.4830, -10.6136, -10.6880,
        -12.1207, -13.3702, -12.2648, -12.9176, -12.8093,  -9.8591, -10.3958,
        -11.4916], device='cuda:0')
[Debug] Log probabilities of expert actions: tensor([-13.6662, -27.4920, -38.2771, -12.1882, -13.6747, -12.7680, -12.3504,
        -12.9000, -14.7327, -13.7119, -12.2351, -14.4130, -24.2802, -13.5250,
        -15.7474, -12.5619, -12.9790, -24.9915, -13.2991, -14.6670, -12.7595,
        -14.4620, -12.9047, -14.0121, -12.2533, -26.0060, -12.4716, -24.2893,
        -13.3063, -12.1598, -40.5031, -12.4817, -13.1560, -13.4558, -12.7974,
        -13.6553, -54.6934, -14.3281, -27.4249, -11.6722, -13.3823, -12.7165,
        -13.0371, -11.6515, -13.3823, -13.6475, -13.4665, -12.3837, -12.8950,
        -13.6446, -13.8771, -12.4936, -13.0371, -12.4971, -15.1905, -29.9536,
        -12.7342, -13.7675, -12.6273, -13.4080, -13.5659, -13.6430, -40.6499,
        -14.3582], device='cuda:0')
[Debug] Log probabilities of current policy actions: tensor([-12.8201, -12.8201, -13.7002,  -9.8209, -12.9402, -12.2313, -10.2202,
        -10.4958, -12.2108, -10.6880, -11.8430, -11.7777, -11.2847, -12.2108,
        -10.2236, -13.7926,  -9.7939, -11.6367, -12.1999, -10.3958, -10.4958,
        -11.8430, -11.1549, -11.5759, -11.0455, -11.8392, -13.7002, -12.4074,
        -12.6959, -10.1850, -13.5438, -11.2847,  -9.6688, -10.2213, -13.7135,
        -12.3832, -12.5434, -11.8392, -10.2202, -10.6880, -10.9525, -13.7002,
        -11.0545, -10.6136, -11.2801,  -8.5907, -10.5453, -11.2847, -12.8093,
         -9.4429, -11.8708, -12.4845, -11.1549, -12.3900, -11.4126,  -9.7939,
        -10.4830, -11.7777, -10.4958, -12.7146, -12.1818, -11.2801, -11.8747,
        -11.1549], device='cuda:0')
[Debug] Log probabilities of expert actions: tensor([-13.1160, -13.5854, -14.7634, -30.0468, -13.4659, -13.7739, -13.6904,
        -13.3677, -13.3163, -12.7714, -12.4977, -13.6662, -12.8066, -24.9013,
        -12.0847, -12.0847, -12.2355, -12.2299, -12.9075, -12.4977, -13.6971,
        -38.1981, -13.3163, -13.6858, -13.6798, -12.7302, -12.9975, -28.0233,
        -14.4929, -12.1633, -13.7546, -12.7255, -12.0296, -13.3334, -14.8537,
        -13.3412, -13.6335, -26.1215, -15.1532, -14.7402, -12.1532, -11.6207,
        -14.3519, -15.1924, -24.9978, -38.4494, -13.7739, -25.0839, -14.4620,
        -13.4439, -13.4188, -40.6210, -13.5617, -15.1977, -12.2183, -14.0431,
        -12.2903, -24.3368, -15.1936, -13.3645, -14.5662, -28.6608, -25.3300,
        -14.7854], device='cuda:0')
[Debug] Rewards: tensor([11.0279, 12.5972, 11.6879, 11.0538,  9.8137, 10.4427, 11.5363, 12.6667,
        13.5907, 11.6960, 12.1583,  9.7743, 11.8538,  9.9534,  9.6584, 10.6243,
        11.5602, 10.0187,  9.4637,  9.2845,  9.2557, 13.0912, 11.6227, 12.7410,
        10.1545,  8.3191,  6.7706,  9.2063, 12.5808, 10.1627,  6.9667, 10.0390,
         7.9455, 12.0624, 13.4577, 10.1584,  9.0882, 13.3591,  7.8337,  9.9091,
        10.2428, 12.3155, 11.8277, 12.1425, 11.4294, 11.3849, 11.2236, 11.0262,
         7.7525,  9.5560, 11.5166, 12.0461, 12.3901, 10.3397,  9.4573,  9.3215,
        12.5739, 10.7698, 12.2605, 11.2117, 11.9355, 11.3029, 12.5611,  8.9754,
        11.5682, 13.0468,  9.1116,  9.6882, 10.5626, 11.9642, 11.1032, 13.3354,
         9.3334, 11.4895, 10.5502, 11.6780, 10.6299, 12.7238, 12.8498, 11.6929,
        10.7139, 11.4872,  9.7324,  9.7285, 11.5502, 10.9649, 12.6646, 10.4697,
        11.3694, 10.5093, 10.2073, 10.2726,  8.3447, 11.2055, 11.0626,  9.7222,
        10.1848, 11.1592, 11.6412, 12.4837], device='cuda:0')
[Debug] Reward mean: 10.8755, std: 1.4563
PPO Step 401, t=18
PPO Step 402, t=19
PPO Step 403, t=20
PPO Step 404, t=21
PPO Step 405, t=22
PPO Step 406, t=23
PPO Step 407, t=24
PPO Step 408, t=25
PPO Step 409, t=26
PPO Step 410, t=27
PPO Step 411, t=28
PPO Step 412, t=29
PPO Step 413, t=30
PPO Step 414, t=31
PPO Step 415, t=32
PPO Step 416, t=33
PPO Step 417, t=1
PPO Step 418, t=2
PPO Step 419, t=3
PPO Step 420, t=4
PPO Step 421, t=5
PPO Step 422, t=6
PPO Step 423, t=7
PPO Step 424, t=8
PPO Step 425, t=9
PPO Step 426, t=10
PPO Step 427, t=11
PPO Step 428, t=12
PPO Step 429, t=13
PPO Step 430, t=14
PPO Step 431, t=15
PPO Step 432, t=16
PPO Step 433, t=17
PPO Step 434, t=18
PPO Step 435, t=1
PPO Step 436, t=2
PPO Step 437, t=3
PPO Step 438, t=4
PPO Step 439, t=5
PPO Step 440, t=6
PPO Step 441, t=7
PPO Step 442, t=8
PPO Step 443, t=9
PPO Step 444, t=10
PPO Step 445, t=11
PPO Step 446, t=12
PPO Step 447, t=13
PPO Step 448, t=14
PPO Step 449, t=15
PPO Step 450, t=16
PPO Step 451, t=17
PPO Step 452, t=18
PPO Step 453, t=19
PPO Step 454, t=20
PPO Step 455, t=21
PPO Step 456, t=22
PPO Step 457, t=23
PPO Step 458, t=24
PPO Step 459, t=25
PPO Step 460, t=26
PPO Step 461, t=27
PPO Step 462, t=28
PPO Step 463, t=29
PPO Step 464, t=30
PPO Step 465, t=31
PPO Step 466, t=32
PPO Step 467, t=33
PPO Step 468, t=34
PPO Step 469, t=35
PPO Step 470, t=36
PPO Step 471, t=37
PPO Step 472, t=38
PPO Step 473, t=39
PPO Step 474, t=40
PPO Step 475, t=41
PPO Step 476, t=42
PPO Step 477, t=43
PPO Step 478, t=44
PPO Step 479, t=45
PPO Step 480, t=46
PPO Step 481, t=47
PPO Step 482, t=48
PPO Step 483, t=49
PPO Step 484, t=50
PPO Step 485, t=51
PPO Step 486, t=52
PPO Step 487, t=53
PPO Step 488, t=54
PPO Step 489, t=55
PPO Step 490, t=56
PPO Step 491, t=57
PPO Step 492, t=58
PPO Step 493, t=59
PPO Step 494, t=60
PPO Step 495, t=61
PPO Step 496, t=62
PPO Step 497, t=63
PPO Step 498, t=64
PPO Step 499, t=65
PPO Step 500, t=66
Step 500 - Updating the algorithm
[Debug] Log probabilities of current policy actions: tensor([-10.9741, -10.1491, -11.9032, -11.4290, -13.1543, -10.1353, -14.3397,
         -9.3653, -10.9359, -12.1351, -12.3355, -11.7107, -11.0798, -10.8619,
        -14.7668,  -9.3359, -10.3333, -13.1518, -13.3127,  -8.9160, -12.4675,
        -12.5708,  -8.9160, -13.0906, -11.7762, -12.3256, -11.6455, -10.6133,
        -12.6828, -12.3986, -10.3215, -12.7896, -11.6455, -12.4030, -10.3294,
        -13.3127, -11.6167, -11.4290, -11.6455, -11.6089, -12.6828, -10.5268,
        -10.5954,  -7.8165, -12.8328, -11.3937,  -9.1867, -12.3995, -12.2735,
        -12.8328, -12.6828,  -9.3653, -13.1543, -11.4912, -10.0902, -10.6740,
        -12.4675, -10.3294, -10.1353, -11.5337, -10.4141, -13.1146, -12.0428,
        -12.3256], device='cuda:0')
[Debug] Log probabilities of expert actions: tensor([-13.5342, -12.9112, -12.8602, -14.1997, -13.0863, -27.6535, -13.3462,
        -12.7993, -27.0968, -24.2286, -12.4136, -13.8215, -13.2874, -14.3096,
        -27.6915, -13.9283, -13.0119, -24.5526, -12.4172, -13.8215, -14.2681,
        -41.1705, -12.2126, -29.3704, -29.3774, -24.0899, -12.4942, -13.3811,
        -25.1465, -12.5253, -12.5683, -12.6134, -25.1589, -12.7634, -13.1700,
        -12.8682, -26.5738, -12.5948, -14.6787, -13.4038, -37.9440, -13.5833,
        -24.3098, -15.1289, -12.8696, -13.0835, -12.6116, -13.7175, -12.1567,
        -12.9977, -12.5702, -13.8168, -12.6498, -14.8442, -13.7201, -12.0558,
        -12.3361, -12.9381, -13.6047, -13.8901, -14.8626, -29.3163, -13.2078,
        -15.0745], device='cuda:0')
[Debug] Log probabilities of current policy actions: tensor([-12.0428, -11.0798, -13.2822, -11.3486, -12.3348, -13.9529, -12.4585,
        -11.7107,  -8.9562, -12.4966, -12.3986,  -7.9477, -12.1709,  -8.8823,
         -7.9477, -10.3068, -12.4293, -10.4917, -11.3937, -12.2735, -12.5060,
        -12.8770, -10.6133, -14.7668, -12.7896, -10.1210, -10.3068, -11.5177,
        -10.4917, -15.2013, -11.5177, -12.8794, -13.9529, -13.3627, -12.6828,
        -13.3127, -10.5954, -10.2775, -11.1064, -12.8770, -14.0396, -12.3995,
        -11.6089, -11.4290, -10.8345, -12.3256, -12.3355, -12.4675, -14.7668,
        -10.5650, -12.3419, -10.5954, -14.3397, -12.8770, -10.2775, -13.1694,
        -13.1694, -10.4917, -12.5708, -14.7668, -12.5708, -12.5708, -12.1709,
        -10.3068], device='cuda:0')
[Debug] Log probabilities of expert actions: tensor([-26.4887, -12.8684, -24.2430, -27.5977, -16.1922, -13.2645, -13.6546,
        -14.8173, -14.9928, -13.2598, -13.2072, -26.3112, -24.5526, -24.0783,
        -13.4421, -27.6535, -13.3879, -11.8277, -14.8493, -12.7173, -12.8817,
        -39.0029, -13.5342, -13.1918, -13.5714, -12.2078, -11.8960, -12.9937,
        -29.3973, -13.3705, -14.2130, -14.1862, -26.0844, -12.1561, -12.5020,
        -13.2195, -14.2632, -14.9519, -25.4875, -14.2207, -26.0784, -15.0739,
        -24.3098, -13.6104, -12.8952, -12.0550, -13.3811, -12.7708, -14.6999,
        -29.3035, -14.4830, -12.7257, -12.1531, -12.7296, -12.8671, -41.1414,
        -14.9570, -13.7322, -12.9740, -12.8791, -13.2550, -13.1196, -12.6033,
        -14.9006], device='cuda:0')
[Debug] Log probabilities of current policy actions: tensor([-12.2038, -11.6089, -12.8328, -10.3333, -11.3423, -10.2775,  -7.8165,
        -12.1709, -13.1543,  -9.1867, -11.9032,  -9.3359, -12.3256, -12.5708,
        -10.9741, -14.3397, -13.1543, -13.3627, -10.0405, -13.9529, -13.9529,
        -12.3986, -13.3127, -10.6740, -12.3348, -12.8794, -15.2013, -10.0902,
        -15.2013, -13.9529, -10.8619, -13.3627, -15.2013, -10.6740, -10.2775,
        -13.1146, -10.9359,  -9.3571, -10.1353, -10.3294, -10.4917, -12.6828,
        -12.7896, -12.2735, -11.5742, -12.4585, -10.1460, -12.8065, -12.4675,
        -12.7896, -12.1709, -12.3348, -12.2735, -10.5954, -11.4912, -13.9529,
        -14.7668, -13.0906, -12.6828, -10.9359, -10.1210, -14.3397, -12.5708,
        -12.8065], device='cuda:0')
[Debug] Log probabilities of expert actions: tensor([-12.8131, -13.3721, -12.7250, -12.1479, -27.6457, -13.3319, -25.3206,
        -12.2237, -26.5738, -12.5428, -13.2399, -11.8893, -14.8012, -14.4173,
        -14.8456, -16.2351, -13.5178, -12.6766, -12.1472, -13.5112, -13.9040,
        -13.8994, -15.8548, -13.5857, -14.9034, -12.7116, -13.0597, -12.6895,
        -13.6111, -13.0799, -12.2121, -14.2131, -25.2855, -12.7304, -12.5760,
        -12.7582, -14.0394, -13.7545, -13.4043, -13.9259, -13.6041, -14.2253,
        -26.4676, -24.2286, -13.2874, -14.7974, -12.8901, -13.6111, -14.3993,
        -27.5661, -13.1941, -12.3421, -12.9690, -26.9101, -54.3708, -12.9190,
        -27.6796, -12.1472, -12.8967, -15.1006, -13.7573, -24.0345, -13.2179,
        -12.6093], device='cuda:0')
[Debug] Rewards: tensor([12.8947, 12.9889, 10.6062, 12.4660, 12.3177, 12.6298, 12.3104, 10.4309,
         9.5993, 10.8917, 12.8780, 13.2225, 11.4531,  9.7097, 10.0568, 12.1355,
        12.1870, 11.9762, 11.0435, 11.8231, 10.1223, 11.6134, 14.5156, 10.2123,
        11.0609, 11.5826,  8.6880, 11.7054,  9.9634, 10.6297, 12.7065, 11.3725,
         9.6458, 10.8310, 13.2718,  9.4037, 12.0140,  8.8829, 12.4711,  9.8685,
        11.2672,  9.4192, 10.3408, 11.4664, 11.4139, 12.4865,  9.8952, 10.6281,
         9.8414, 13.0557, 12.6577,  9.8874,  9.8367, 11.6269, 12.1855, 12.8225,
        10.7432, 12.2247, 10.5650, 10.2413, 12.6265,  8.1768,  9.5490, 10.6318,
        11.1282,  7.9834, 11.7284, 11.4825, 12.1121,  8.1509, 13.3081, 10.4396,
        14.1703, 13.4253, 14.5374,  9.0498, 10.3057, 12.1795, 11.7404, 12.8978,
        11.0849, 11.9174,  8.6493, 11.3064,  7.0794, 10.1267, 11.1802, 10.2007,
        11.9141, 12.2574,  9.5125, 11.5557, 11.2418, 10.2894,  7.2470, 12.2242,
        10.0317, 11.1336, 10.4318, 10.1213], device='cuda:0')
[Debug] Reward mean: 11.1192, std: 1.5016
Step 500 - Evaluating the algorithm
Num steps: 500      Return: -15581.5   Time: 0:03:41
PPO Step 501, t=67
PPO Step 502, t=68
PPO Step 503, t=69
PPO Step 504, t=70
PPO Step 505, t=71
PPO Step 506, t=72
PPO Step 507, t=73
PPO Step 508, t=74
PPO Step 509, t=75
PPO Step 510, t=76
PPO Step 511, t=77
PPO Step 512, t=78
PPO Step 513, t=79
PPO Step 514, t=80
PPO Step 515, t=81
PPO Step 516, t=82
PPO Step 517, t=83
PPO Step 518, t=84
PPO Step 519, t=85
PPO Step 520, t=86
PPO Step 521, t=87
PPO Step 522, t=88
PPO Step 523, t=89
PPO Step 524, t=90
PPO Step 525, t=91
PPO Step 526, t=92
PPO Step 527, t=93
PPO Step 528, t=94
PPO Step 529, t=95
PPO Step 530, t=96
PPO Step 531, t=97
PPO Step 532, t=98
PPO Step 533, t=99
PPO Step 534, t=100
PPO Step 535, t=101
PPO Step 536, t=102
PPO Step 537, t=103
PPO Step 538, t=104
PPO Step 539, t=105
PPO Step 540, t=106
PPO Step 541, t=107
PPO Step 542, t=108
PPO Step 543, t=109
PPO Step 544, t=110
PPO Step 545, t=111
PPO Step 546, t=112
PPO Step 547, t=113
PPO Step 548, t=114
PPO Step 549, t=115
PPO Step 550, t=116
PPO Step 551, t=117
PPO Step 552, t=118
PPO Step 553, t=119
PPO Step 554, t=120
PPO Step 555, t=121
PPO Step 556, t=122
PPO Step 557, t=123
PPO Step 558, t=124
PPO Step 559, t=125
PPO Step 560, t=126
PPO Step 561, t=127
PPO Step 562, t=128
PPO Step 563, t=129
PPO Step 564, t=130
PPO Step 565, t=131
PPO Step 566, t=132
PPO Step 567, t=133
PPO Step 568, t=134
PPO Step 569, t=135
PPO Step 570, t=136
PPO Step 571, t=137
PPO Step 572, t=138
PPO Step 573, t=139
PPO Step 574, t=140
PPO Step 575, t=141
PPO Step 576, t=142
PPO Step 577, t=143
PPO Step 578, t=144
PPO Step 579, t=145
PPO Step 580, t=146
PPO Step 581, t=147
PPO Step 582, t=148
PPO Step 583, t=149
PPO Step 584, t=150
PPO Step 585, t=151
PPO Step 586, t=152
PPO Step 587, t=153
PPO Step 588, t=154
PPO Step 589, t=155
PPO Step 590, t=156
PPO Step 591, t=1
PPO Step 592, t=2
PPO Step 593, t=3
PPO Step 594, t=4
PPO Step 595, t=5
PPO Step 596, t=6
PPO Step 597, t=7
PPO Step 598, t=8
PPO Step 599, t=9
PPO Step 600, t=10
Step 600 - Updating the algorithm
[Debug] Log probabilities of current policy actions: tensor([-12.1162, -14.2986, -12.8673, -11.6107, -11.6949, -11.3114, -12.8397,
        -10.4180, -10.2892, -10.0946, -12.4835,  -9.3604, -12.6297, -11.5341,
        -12.5745,  -9.4590, -12.5492,  -8.8614, -10.4138, -11.6234,  -8.8614,
        -11.6949,  -9.7817, -12.8071, -11.4251, -11.7743, -10.8101, -10.9995,
        -11.6949, -12.3967, -14.5142, -12.7003, -12.8397, -12.8397, -12.8673,
        -11.8881, -11.3735, -11.9379, -11.9720, -11.6987, -11.2995, -11.6292,
        -11.8881, -10.6392, -11.3759, -12.8459, -11.6234, -13.8716, -11.3735,
        -13.8716, -10.2736, -10.6917, -10.2736, -12.1516, -13.8716, -13.4644,
         -9.1045, -13.7795, -11.6107, -12.6363, -12.6297, -11.7743, -11.5538,
        -14.5142], device='cuda:0')
[Debug] Log probabilities of expert actions: tensor([-12.6695, -12.9381, -13.2765, -13.0972, -27.2151, -12.2766, -13.1842,
        -15.1246, -15.0731, -13.1256, -14.1464, -11.3418, -12.9495, -24.9947,
        -13.7400, -12.2534, -12.4705, -12.6247, -26.5915, -13.3013, -30.6829,
        -13.5843, -13.5843, -13.8024, -13.1487, -27.1894, -12.7827, -12.8841,
        -27.4285, -12.3260, -13.2455, -13.1512, -12.5092, -14.9107, -15.1588,
        -12.1133, -13.2892, -14.9064, -14.2035, -13.5645, -12.3380, -14.3723,
        -12.4827, -13.6467, -13.2818, -41.2718, -12.6641, -12.4827, -14.9123,
        -14.2572, -11.8499, -12.5624, -12.3991, -13.1329, -12.9662, -12.3991,
        -11.8647, -25.4067, -12.7747, -14.2386, -12.6108, -12.6056, -13.7251,
        -12.7545], device='cuda:0')
[Debug] Log probabilities of current policy actions: tensor([-12.5745, -12.4752, -14.5142, -10.0946, -12.0364, -13.4644, -12.0145,
        -12.2514, -13.4644, -10.0946, -12.4752,  -9.4590,  -9.3647, -13.4560,
         -9.0125, -12.0364, -12.8459, -12.6363, -11.9258,  -9.3604, -10.2814,
        -10.6093, -11.4665, -12.8459, -13.4644, -10.9524, -11.6234, -10.4444,
        -12.8397,  -7.9909, -11.6949, -10.6093, -12.5745,  -8.8614, -11.3759,
        -11.4665, -12.4752, -11.3759, -10.5214, -11.4251, -12.0145, -11.3114,
        -12.5745, -12.8071, -10.0946, -12.2514, -12.5492, -11.9379, -12.0748,
        -10.2892, -12.2253, -11.8092, -11.8609,  -9.9796, -11.8092,  -9.9796,
        -11.5341,  -9.6883,  -9.4590, -12.5745, -11.5538, -12.4932,  -9.8765,
         -9.8765], device='cuda:0')
[Debug] Log probabilities of expert actions: tensor([-13.2526, -26.1205, -13.7972, -13.3025, -12.4067, -29.6468, -13.4538,
        -11.3883, -11.3462, -12.6182, -26.7064, -13.6075, -29.6681, -25.9767,
        -12.5081, -13.1064, -12.1940, -12.5911, -12.6364, -13.2526, -12.6943,
        -14.1022, -14.3679, -12.4373, -14.1464, -12.3179, -13.1869, -14.7058,
        -27.8248, -14.7609, -13.3025, -12.8699, -13.7288, -13.0240, -12.7596,
        -12.2698, -12.6686, -25.4067, -25.0237, -12.4585, -13.1077, -12.7908,
        -25.6307, -24.5608, -12.4962, -12.3877, -27.4285, -25.9767, -14.2403,
        -13.1537, -13.4895, -12.7596, -12.8601, -11.8482, -15.0787, -13.2836,
        -12.8409, -12.3877, -16.9067, -15.1707, -24.7337, -14.5168, -13.0700,
        -12.5873], device='cuda:0')
[Debug] Log probabilities of current policy actions: tensor([-11.0239, -10.4669, -12.8459, -12.0748, -11.8092,  -9.6883, -13.1616,
        -10.2814, -10.4444, -10.9791, -10.0946, -12.3967, -13.4644, -13.4560,
         -7.9909, -10.5214, -10.5214,  -7.9909, -12.1516, -11.9379, -12.8459,
         -9.9796, -11.6987, -12.0748, -12.8397, -12.0145, -10.9791, -10.4138,
        -13.1788, -12.4265,  -9.6883, -11.6292, -11.9379,  -9.7817, -12.4752,
        -10.2814,  -9.4952, -12.8642, -10.9202,  -7.9909,  -9.4952, -11.6234,
        -11.8881, -14.5142, -11.0239, -11.4251, -11.9258, -10.4138, -12.9663,
        -12.6297, -11.8609, -12.4835, -12.2342,  -9.7817, -11.9258, -11.4575,
         -9.1045, -10.8103, -12.4835, -12.5451, -12.4835, -12.7003, -12.1516,
        -10.0946], device='cuda:0')
[Debug] Log probabilities of expert actions: tensor([-12.0959, -13.4874, -30.6829, -13.4694, -38.1377, -13.4104, -14.8510,
        -12.4948, -12.8695, -13.4232, -12.2766, -12.8009, -12.9703, -15.2367,
        -28.3475, -25.0202, -12.7965, -16.9021, -13.0366, -13.4111, -14.5537,
        -29.4973, -30.8973, -12.9953, -12.6007, -15.0959, -24.9519, -16.9154,
        -12.8554, -15.3392, -14.2166, -25.6282, -12.5622, -13.1869, -12.4950,
        -12.9382, -13.8252, -15.6858, -13.2839, -14.2403, -29.6393, -12.9998,
        -24.8885, -23.9185, -14.5170, -13.8318, -12.7964, -29.9596, -12.3380,
        -13.2765, -13.8429, -14.5595, -12.6180, -13.0070, -13.2873, -12.3623,
        -12.9594, -13.8688, -12.8276, -15.0637, -12.2226, -12.5620, -12.7612,
        -12.8964], device='cuda:0')
[Debug] Rewards: tensor([10.9040, 10.2195,  9.9208, 11.9882, 11.8541, 11.0724, 10.6711, 11.9473,
        11.6342, 12.1376, 10.8813, 11.4937, 11.6156, 10.1885, 10.2307, 12.5186,
         7.9272, 10.8661, 11.2019, 10.7777,  8.7295,  7.6103,  9.7785,  9.9610,
        10.1650, 12.5986, 10.7093,  9.0215, 11.0991,  7.2699,  8.5003, 10.9084,
        10.6901, 11.3332, 12.3011,  9.8597, 11.3865,  9.4838, 11.0696,  8.2697,
        12.3109, 13.2897, 11.3516, 11.8104,  9.4688, 12.8995, 10.3502,  7.9306,
        10.0333, 10.1845,  9.5071, 11.3876, 10.0737, 12.0056, 11.5052, 11.2422,
        11.7876,  9.5268, 12.6008,  9.6874, 12.9699, 10.9066, 12.0054,  8.5736,
        10.9072, 11.8357, 13.4155, 11.7092,  9.6267, 10.4823, 11.4934, 12.2594,
        11.7010, 10.5001, 12.6032, 11.3449, 12.3682,  9.2828,  9.5854,  9.4849,
        12.2336, 11.2215,  8.5906, 14.2056, 12.2093, 11.6311, 11.4662,  9.0628,
        10.4962, 11.8605, 10.9185, 11.6892, 10.9307, 11.9847, 11.6272, 12.4685,
        11.7172, 12.5487,  9.1501, 10.9020], device='cuda:0')
[Debug] Reward mean: 10.8972, std: 1.3655
PPO Step 601, t=1
PPO Step 602, t=2
PPO Step 603, t=3
PPO Step 604, t=4
PPO Step 605, t=5
PPO Step 606, t=6
PPO Step 607, t=1
PPO Step 608, t=2
PPO Step 609, t=3
PPO Step 610, t=4
PPO Step 611, t=5
PPO Step 612, t=6
PPO Step 613, t=7
PPO Step 614, t=8
PPO Step 615, t=9
PPO Step 616, t=10
PPO Step 617, t=11
PPO Step 618, t=12
PPO Step 619, t=13
PPO Step 620, t=14
PPO Step 621, t=15
PPO Step 622, t=16
PPO Step 623, t=17
PPO Step 624, t=18
PPO Step 625, t=19
PPO Step 626, t=20
PPO Step 627, t=21
PPO Step 628, t=22
PPO Step 629, t=23
PPO Step 630, t=24
PPO Step 631, t=25
PPO Step 632, t=26
PPO Step 633, t=27
PPO Step 634, t=28
PPO Step 635, t=29
PPO Step 636, t=30
PPO Step 637, t=1
PPO Step 638, t=2
PPO Step 639, t=3
PPO Step 640, t=4
PPO Step 641, t=5
PPO Step 642, t=6
PPO Step 643, t=7
PPO Step 644, t=8
PPO Step 645, t=9
PPO Step 646, t=10
PPO Step 647, t=11
PPO Step 648, t=12
PPO Step 649, t=13
PPO Step 650, t=14
PPO Step 651, t=15
PPO Step 652, t=16
PPO Step 653, t=17
PPO Step 654, t=18
PPO Step 655, t=19
PPO Step 656, t=20
PPO Step 657, t=21
PPO Step 658, t=22
PPO Step 659, t=23
PPO Step 660, t=24
PPO Step 661, t=25
PPO Step 662, t=26
PPO Step 663, t=27
PPO Step 664, t=28
PPO Step 665, t=29
PPO Step 666, t=30
PPO Step 667, t=31
PPO Step 668, t=32
PPO Step 669, t=33
PPO Step 670, t=34
PPO Step 671, t=35
PPO Step 672, t=36
PPO Step 673, t=37
PPO Step 674, t=38
PPO Step 675, t=39
PPO Step 676, t=40
PPO Step 677, t=41
PPO Step 678, t=42
PPO Step 679, t=43
PPO Step 680, t=44
PPO Step 681, t=45
PPO Step 682, t=46
PPO Step 683, t=47
PPO Step 684, t=48
PPO Step 685, t=49
PPO Step 686, t=50
PPO Step 687, t=51
PPO Step 688, t=52
PPO Step 689, t=53
PPO Step 690, t=54
PPO Step 691, t=55
PPO Step 692, t=56
PPO Step 693, t=57
PPO Step 694, t=58
PPO Step 695, t=59
PPO Step 696, t=60
PPO Step 697, t=61
PPO Step 698, t=62
PPO Step 699, t=63
PPO Step 700, t=64
Step 700 - Updating the algorithm
[Debug] Log probabilities of current policy actions: tensor([-11.7552, -13.0776, -12.1199, -10.1686, -12.1806, -12.4113, -10.9651,
         -9.8485, -12.2541, -11.7552, -10.5387, -12.7783, -12.2358, -10.3177,
        -12.1199, -13.1808, -10.1686, -10.5263, -11.6740, -12.0095, -11.8179,
        -12.9883, -12.0095, -10.2909, -13.5258, -11.2844, -11.7552, -11.2467,
        -12.7888, -11.2950, -10.3630,  -8.7660, -12.7071, -11.7568, -13.1959,
        -12.3182, -11.1452, -11.6740, -10.2909, -13.0737, -11.9386, -12.2351,
        -10.5922, -13.5258, -13.6946, -12.2670,  -8.8155, -10.5263, -12.1806,
        -13.6946, -13.6946, -10.1335, -10.5922, -13.2451, -11.7568, -11.3021,
        -13.1959, -12.4113, -13.2451, -11.5135, -10.5175, -12.1602,  -8.2748,
        -10.5263], device='cuda:0')
[Debug] Log probabilities of expert actions: tensor([-13.1274, -13.9401, -24.8899, -12.2996, -13.5674, -13.6310, -12.4237,
        -12.6564, -12.0637, -24.6447, -15.2849, -13.2102, -12.1536, -27.4258,
        -13.7655, -13.2126, -25.3859, -12.9367, -14.4255, -40.9586, -14.2801,
        -13.4140, -13.6492, -54.1095, -13.9604, -13.6492, -12.5315, -13.5028,
        -11.6328, -11.4090, -14.9840, -13.4093, -27.0247, -14.1578, -26.4329,
        -29.4116, -27.0247, -14.2693, -13.1022, -11.3872, -12.7130, -28.8184,
        -14.4342, -13.6921, -15.9068, -11.9510, -12.4401, -12.1536, -12.7096,
        -14.1897, -15.2254, -14.6876, -30.0616, -29.1685, -13.3411, -12.5821,
        -12.6211, -14.1744, -15.2093, -12.6392, -12.4320, -14.4679, -13.5296,
        -12.9493], device='cuda:0')
[Debug] Log probabilities of current policy actions: tensor([ -9.7981, -12.1806, -10.0457, -11.0577, -11.6740, -10.3630, -11.3021,
         -9.6162, -10.0457, -11.2838,  -8.8770, -12.0211, -11.5274, -10.5175,
         -8.7660, -10.5523,  -9.7981, -11.5937, -12.6520, -10.8303, -11.6740,
        -12.9071, -11.6564,  -9.6162,  -9.8485, -10.3630, -11.8179, -11.6740,
        -10.5263, -11.5937, -12.4278, -10.8303, -10.8303,  -8.8770, -13.0737,
        -11.2467,  -9.8485, -12.3182, -13.1959, -12.0489, -12.2541, -12.2351,
        -13.6946, -12.7473,  -9.8485, -11.8520, -11.5274, -11.2844, -11.3021,
        -13.6946, -11.1896, -13.0105,  -8.7660, -13.6946,  -8.7660, -13.2451,
        -13.2451, -13.5258, -11.5274, -11.5937, -12.3028, -12.2541, -11.4854,
         -9.7981], device='cuda:0')
[Debug] Log probabilities of expert actions: tensor([-13.7394, -13.6310, -14.4134, -12.7266, -14.1472, -12.5164, -12.8845,
        -39.5638, -30.0380, -12.9353, -13.2128, -13.4408, -12.8889, -12.7266,
        -12.7513, -12.9979, -14.1441, -30.0582, -12.8595, -12.3814, -12.7090,
        -14.2997, -12.7155, -12.7113, -15.1377, -13.1034, -12.7533, -12.1382,
        -24.5236, -25.3859, -14.2962, -27.4515, -11.8046, -28.7631, -28.7472,
        -41.0641, -12.7177, -15.2632, -12.1672, -12.6719, -24.3436, -15.2191,
        -24.7336, -12.3679, -24.3185, -12.9733, -12.1211, -14.4679, -12.8230,
        -12.9939, -24.7931, -12.3554, -12.6111, -14.1174, -12.7161, -11.6843,
        -12.3517, -12.8000, -15.2138, -13.2334, -13.2932, -25.3611, -13.6793,
        -12.5530], device='cuda:0')
[Debug] Log probabilities of current policy actions: tensor([ -9.6598, -10.1335, -11.2467, -11.4854, -11.0577, -11.9386, -10.9651,
        -12.7473, -10.5175, -11.2950, -12.2358, -10.5922, -10.7652, -12.2670,
        -10.5523, -11.6740, -10.3177, -12.7783, -11.6671,  -9.6317, -10.5263,
         -8.2748, -12.0211, -12.2377, -11.1896, -10.1686, -12.2351, -12.1602,
         -9.6598, -12.1806, -12.2351,  -8.8770, -11.2838, -11.0096, -11.4129,
        -12.5541, -10.1686, -12.6520, -11.5135, -12.2358,  -9.6162, -11.6671,
        -13.1808, -11.2467, -13.3819, -11.7552, -10.9651, -10.3177, -10.5175,
        -13.0776, -12.1806, -12.8630, -12.2541, -12.4113, -12.0489, -11.7544,
        -12.2358, -12.0931, -11.5135, -12.6520, -11.4693,  -9.8485, -10.7499,
        -11.1452], device='cuda:0')
[Debug] Log probabilities of expert actions: tensor([-12.3814, -14.3934, -14.8635, -11.9718, -11.8003, -14.2315, -12.5002,
        -12.0737, -16.3115, -30.0633, -27.0505, -12.7917, -12.9554, -12.3385,
        -11.4813, -29.1342, -13.1622, -12.7987, -28.6745, -12.6182, -13.4495,
        -12.3771, -30.0380, -24.7336, -13.7191, -14.9041, -12.6052, -27.3615,
        -28.9193, -11.7868, -25.3839, -13.1549, -10.9827, -13.1770, -28.9336,
        -12.9670, -11.9922, -13.3153, -13.6050, -15.0399, -24.2706, -12.5265,
        -15.8184, -12.7235, -12.8411, -25.2561, -12.5972, -12.6934, -14.1245,
        -13.2702, -27.0516, -16.2746, -12.6564, -12.6707, -12.3447, -13.2214,
        -12.1755, -12.9755, -37.6729, -10.9859, -15.8645, -24.2759, -27.3616,
        -11.7837], device='cuda:0')
[Debug] Rewards: tensor([10.2312, 12.4922, 11.2350,  9.2517,  9.2929, 13.0026, 10.1534, 11.9114,
        11.5993, 11.0365,  8.3185,  7.8285, 10.7043, 10.2103, 12.3526, 11.1406,
        10.4865, 11.9025, 11.2986,  8.2791, 11.9749, 11.2907, 12.7914, 10.5300,
         8.6653, 11.5130,  9.9488, 11.7780, 11.6585, 11.4832, 10.5696, 12.9685,
        10.2371, 11.1852,  9.5404, 11.6594, 11.5082, 11.4505, 12.4208, 12.6424,
        12.1149, 10.0687, 11.8666, 10.4668, 10.7793, 10.6679,  9.1050,  8.7592,
         9.8118, 11.4811, 11.1998, 11.7557,  8.8625, 12.8234, 11.8672, 10.5362,
         9.6479, 12.0943, 11.9806, 11.2175, 10.7101, 12.5170, 10.8647, 10.3642,
        12.1025, 11.0273, 12.5875, 11.8994, 12.0708, 11.8493, 11.9033, 12.2954,
        10.0300, 10.1170, 10.3924, 10.0017,  8.9090, 12.9305, 11.8334, 10.9088,
        11.7843, 14.9496, 11.7244, 10.8624,  9.5944, 11.3040, 10.0037, 10.8153,
        12.1687,  8.0645, 10.3552,  9.3981, 11.2830, 11.5801, 11.6598,  9.3637,
         9.8227, 11.1983, 11.0341, 11.0380], device='cuda:0')
[Debug] Reward mean: 10.9897, std: 1.2575
PPO Step 701, t=65
PPO Step 702, t=66
PPO Step 703, t=67
PPO Step 704, t=68
PPO Step 705, t=69
PPO Step 706, t=70
PPO Step 707, t=71
PPO Step 708, t=72
PPO Step 709, t=73
PPO Step 710, t=74
PPO Step 711, t=75
PPO Step 712, t=76
PPO Step 713, t=77
PPO Step 714, t=78
PPO Step 715, t=79
PPO Step 716, t=80
PPO Step 717, t=81
PPO Step 718, t=82
PPO Step 719, t=83
PPO Step 720, t=84
PPO Step 721, t=85
PPO Step 722, t=86
PPO Step 723, t=87
PPO Step 724, t=88
PPO Step 725, t=89
PPO Step 726, t=90
PPO Step 727, t=91
PPO Step 728, t=92
PPO Step 729, t=93
PPO Step 730, t=94
PPO Step 731, t=95
PPO Step 732, t=96
PPO Step 733, t=97
PPO Step 734, t=98
PPO Step 735, t=99
PPO Step 736, t=100
PPO Step 737, t=101
PPO Step 738, t=102
PPO Step 739, t=103
PPO Step 740, t=104
PPO Step 741, t=105
PPO Step 742, t=106
PPO Step 743, t=107
PPO Step 744, t=108
PPO Step 745, t=109
PPO Step 746, t=110
PPO Step 747, t=111
PPO Step 748, t=112
PPO Step 749, t=113
PPO Step 750, t=114
PPO Step 751, t=115
PPO Step 752, t=116
PPO Step 753, t=117
PPO Step 754, t=118
PPO Step 755, t=119
PPO Step 756, t=120
PPO Step 757, t=121
PPO Step 758, t=122
PPO Step 759, t=123
PPO Step 760, t=124
PPO Step 761, t=125
PPO Step 762, t=126
PPO Step 763, t=127
PPO Step 764, t=128
PPO Step 765, t=129
PPO Step 766, t=130
PPO Step 767, t=131
PPO Step 768, t=132
PPO Step 769, t=133
PPO Step 770, t=134
PPO Step 771, t=135
PPO Step 772, t=136
PPO Step 773, t=137
PPO Step 774, t=138
PPO Step 775, t=139
PPO Step 776, t=140
PPO Step 777, t=141
PPO Step 778, t=142
PPO Step 779, t=143
PPO Step 780, t=144
PPO Step 781, t=145
PPO Step 782, t=146
PPO Step 783, t=147
PPO Step 784, t=148
PPO Step 785, t=149
PPO Step 786, t=150
PPO Step 787, t=1
PPO Step 788, t=2
PPO Step 789, t=3
PPO Step 790, t=4
PPO Step 791, t=5
PPO Step 792, t=6
PPO Step 793, t=7
PPO Step 794, t=8
PPO Step 795, t=9
PPO Step 796, t=10
PPO Step 797, t=11
PPO Step 798, t=12
PPO Step 799, t=13
PPO Step 800, t=14
Step 800 - Updating the algorithm
[Debug] Log probabilities of current policy actions: tensor([-11.2418,  -8.7275, -13.6089, -13.1309, -12.5452, -12.3661, -12.0665,
        -10.9887, -13.0736, -12.7375, -11.9274, -11.9783, -11.2990, -11.0062,
         -9.2553, -10.5842, -11.6941, -11.8521, -11.2990, -12.2213, -13.1014,
        -10.9887, -10.9811,  -9.9724, -10.9811, -11.5426, -10.8078, -13.0422,
        -10.2852, -11.2990, -11.9236, -10.8078, -10.5842, -13.6089, -11.2371,
        -11.0062, -12.6411, -11.9274, -12.2015, -10.8880, -13.5774, -12.2480,
        -11.2371, -12.2213,  -8.8213, -11.6941, -13.0422, -13.7288, -13.5774,
        -10.1420, -14.3789, -12.3661, -12.3127, -12.3127, -11.8521, -11.0338,
        -11.6104, -10.9811, -13.6089, -12.9796, -11.9783, -13.5511, -11.5189,
        -11.6941], device='cuda:0')
[Debug] Log probabilities of expert actions: tensor([-12.6518, -12.9591, -12.8660, -13.6835, -13.0038, -12.0854, -11.3409,
        -14.6816, -13.4287, -14.9211, -12.2555, -12.5040, -14.9120, -12.3219,
        -12.9778, -13.2538, -13.5136, -14.9079, -13.7408, -15.3823, -13.8876,
        -12.5852, -26.5601, -13.6062, -12.5893, -12.0301, -13.6364, -27.4800,
        -13.4332, -12.5650, -13.3945, -13.1158, -12.3263, -15.8675, -53.2797,
        -13.7640, -12.0145, -12.6666, -13.8436, -12.0709, -12.6611, -13.4332,
        -12.0861, -12.3271, -15.7001, -12.4567, -29.7364, -13.0108, -11.8963,
        -13.3011, -13.0037, -13.9456, -27.2385, -13.1751, -11.8850, -13.7518,
        -13.6228, -11.5080, -13.3016, -14.8924, -12.6393, -12.3001, -16.0929,
        -12.8356], device='cuda:0')
[Debug] Log probabilities of current policy actions: tensor([-13.5511,  -9.3042, -10.0888, -11.2990, -11.2047, -10.9848, -12.1223,
        -11.2559, -12.0810,  -8.7275, -11.0088,  -8.7523, -12.3663, -12.0810,
         -9.3042, -13.5872, -12.5408, -11.8521, -11.5189, -11.9783, -13.2410,
        -13.3381, -11.0338, -10.2852,  -9.6343, -11.0088, -12.2480, -11.9783,
        -10.2852, -11.5426,  -8.8213, -12.7370, -12.7370, -11.0338, -10.8078,
         -9.7987, -13.0736,  -8.3587, -10.9680, -11.0338, -10.0888, -11.2418,
         -8.7535, -10.1420,  -9.9724, -12.0015, -12.2015, -12.4860,  -8.7523,
         -9.6343, -12.7375,  -8.7275, -10.5403, -13.1014, -11.4029, -13.2084,
         -8.7523, -12.3661, -12.4860,  -8.7535, -11.5440, -10.6753, -11.8521,
        -12.2015], device='cuda:0')
[Debug] Log probabilities of expert actions: tensor([-13.4988, -14.5630, -13.1769, -11.0373, -12.4564, -13.1370, -13.5226,
        -27.1763, -12.9148, -12.6233, -15.0824, -11.5903, -14.5157, -12.3889,
        -27.4558, -28.5304, -12.3916, -12.2777, -12.0825, -15.1442, -13.4955,
        -13.3945, -28.4686, -11.5156, -12.4332, -13.2748, -25.7019, -13.6062,
        -10.9442, -40.4902, -26.0452, -12.6508, -13.2534, -26.1687, -12.2369,
        -13.3608, -13.0322, -13.4657, -13.4342, -24.9932, -12.6756, -13.4749,
        -28.0179, -12.3091, -12.7812, -12.4210, -13.3191, -14.9151, -13.4657,
        -13.4415, -13.3105, -25.8197, -14.4590, -14.0215, -13.1609, -24.4981,
        -12.9987, -13.4145, -12.8172, -15.6082, -13.9954, -24.6223, -12.8172,
        -12.4343], device='cuda:0')
[Debug] Log probabilities of current policy actions: tensor([-13.0736, -10.5403, -12.1223, -12.1223, -11.2990,  -8.3286, -10.5403,
        -11.8352, -11.2559, -12.7567, -12.2213, -11.0088,  -9.9724, -12.4860,
        -11.0338, -13.6089, -10.9887, -12.3663,  -8.8213, -10.8880, -11.2990,
        -12.3663, -12.3663, -11.8470, -10.9321, -11.5440, -10.2999, -12.0810,
        -11.4029,  -8.3286, -12.5452, -13.2410, -10.5650, -12.7375, -10.9811,
        -10.9811, -13.5774,  -8.7275, -12.0015, -10.8625, -11.8050, -11.9274,
        -11.2418, -10.1420, -11.0338, -11.3642,  -9.6343,  -8.7275, -10.2246,
        -10.2999, -11.5426,  -8.7275,  -8.3587, -11.6941, -14.3789,  -8.3587,
        -13.2084,  -8.7523, -13.0736, -10.2999,  -9.1352,  -8.7535, -13.0736,
        -11.7529], device='cuda:0')
[Debug] Log probabilities of expert actions: tensor([-14.6158, -12.3330, -29.3560, -12.3692, -29.2900, -12.7454, -12.3653,
        -14.2103, -11.9281, -26.1793, -12.8124, -12.5856, -28.2333, -12.9261,
        -14.3599, -12.5524, -12.8581, -12.4910, -14.5391, -16.0842, -15.8633,
        -12.4545, -25.4186, -14.9040, -12.9968, -14.5511, -26.1794, -12.3380,
        -11.8561, -14.3471, -13.6708, -11.8699, -41.1917, -12.7103, -13.4992,
        -12.5790, -12.8080, -14.2942, -15.6698, -13.1767, -14.4266, -13.1599,
        -14.7227, -15.0686, -11.8850, -12.8850, -13.9449, -14.0216, -12.4629,
        -13.0568, -14.8999, -13.4861, -12.3064, -12.8711, -14.5745, -13.4955,
        -14.5050, -29.2766, -13.5735, -13.5926, -14.9649, -13.0784, -14.4537,
        -13.3191], device='cuda:0')
[Debug] Rewards: tensor([11.9571, 12.5180, 11.5717,  9.0488, 10.6062,  9.6402, 11.6310, 11.1752,
        12.0343, 10.0557, 11.0070, 10.4277,  8.4395, 12.9031, 12.1212, 11.5171,
        12.8859, 11.7229, 11.9871, 11.6225,  8.9151, 12.7285,  8.4865, 10.8653,
         9.6664, 10.6306,  8.6408, 10.5899, 10.1348, 10.8296,  7.8515,  8.1133,
         9.8735, 10.2945, 11.2427, 11.1138,  9.0969, 11.6645,  9.1229, 12.1072,
        12.2122, 10.4353, 11.7768, 11.2663, 10.6192, 10.8456, 10.6127, 12.7418,
         9.7636, 12.1929, 10.0047, 11.3912, 11.2665, 12.5801,  8.5981, 10.0499,
         9.6796, 11.0726, 10.4629,  7.9051, 11.4735,  9.4974, 11.7885, 11.2601,
        11.5360, 11.4547, 10.0437, 13.5358, 12.3997, 11.6174, 11.6936, 12.4345,
        12.2719, 12.8532,  7.9194, 12.3076,  7.7866, 11.2256, 10.7061, 14.1605,
        11.3151, 10.2813, 11.0981,  7.3760,  9.1263,  8.9325, 11.0858, 11.6794,
        13.0345, 10.3617, 12.0191,  9.3014, 11.2502, 10.0666, 10.3473, 11.6136,
        10.9285, 13.0050, 12.7230, 12.2679], device='cuda:0')
[Debug] Reward mean: 10.8810, std: 1.4319
PPO Step 801, t=15
PPO Step 802, t=16
PPO Step 803, t=17
PPO Step 804, t=18
PPO Step 805, t=19
PPO Step 806, t=20
PPO Step 807, t=21
PPO Step 808, t=22
PPO Step 809, t=23
PPO Step 810, t=24
PPO Step 811, t=25
PPO Step 812, t=26
PPO Step 813, t=27
PPO Step 814, t=28
PPO Step 815, t=1
PPO Step 816, t=2
PPO Step 817, t=3
PPO Step 818, t=4
PPO Step 819, t=5
PPO Step 820, t=6
PPO Step 821, t=7
PPO Step 822, t=8
PPO Step 823, t=9
PPO Step 824, t=10
PPO Step 825, t=11
PPO Step 826, t=12
PPO Step 827, t=13
PPO Step 828, t=1
PPO Step 829, t=2
PPO Step 830, t=3
PPO Step 831, t=4
PPO Step 832, t=5
PPO Step 833, t=6
PPO Step 834, t=7
PPO Step 835, t=8
PPO Step 836, t=9
PPO Step 837, t=10
PPO Step 838, t=11
PPO Step 839, t=12
PPO Step 840, t=13
PPO Step 841, t=14
PPO Step 842, t=15
PPO Step 843, t=1
PPO Step 844, t=2
PPO Step 845, t=3
PPO Step 846, t=4
PPO Step 847, t=5
PPO Step 848, t=6
PPO Step 849, t=7
PPO Step 850, t=8
PPO Step 851, t=9
PPO Step 852, t=10
PPO Step 853, t=11
PPO Step 854, t=12
PPO Step 855, t=13
PPO Step 856, t=14
PPO Step 857, t=15
PPO Step 858, t=16
PPO Step 859, t=17
PPO Step 860, t=18
PPO Step 861, t=19
PPO Step 862, t=20
PPO Step 863, t=21
PPO Step 864, t=22
PPO Step 865, t=23
PPO Step 866, t=24
PPO Step 867, t=25
PPO Step 868, t=26
PPO Step 869, t=27
PPO Step 870, t=28
PPO Step 871, t=29
PPO Step 872, t=30
PPO Step 873, t=31
PPO Step 874, t=32
PPO Step 875, t=33
PPO Step 876, t=34
PPO Step 877, t=35
PPO Step 878, t=36
PPO Step 879, t=1
PPO Step 880, t=2
PPO Step 881, t=3
PPO Step 882, t=4
PPO Step 883, t=5
PPO Step 884, t=6
PPO Step 885, t=7
PPO Step 886, t=8
PPO Step 887, t=9
PPO Step 888, t=10
PPO Step 889, t=11
PPO Step 890, t=12
PPO Step 891, t=13
PPO Step 892, t=14
PPO Step 893, t=15
PPO Step 894, t=16
PPO Step 895, t=17
PPO Step 896, t=18
PPO Step 897, t=19
PPO Step 898, t=20
PPO Step 899, t=21
PPO Step 900, t=22
Step 900 - Updating the algorithm
[Debug] Log probabilities of current policy actions: tensor([-13.0944,  -9.3980, -11.8832, -11.7615, -11.3564, -11.1492, -11.3564,
        -11.4453, -12.6960, -11.1492, -11.1300, -10.9229, -14.4358, -13.2999,
        -11.6494, -11.3630,  -8.2529, -13.6709, -11.7904, -11.1503, -12.4638,
        -12.1393, -14.4297, -11.1300, -10.3495, -12.2820, -12.2820, -12.6626,
        -10.9229, -11.3781, -10.1635, -12.4337, -12.8028, -13.2093, -11.9679,
        -12.2820, -13.2093, -12.6960, -14.7832, -10.4190, -12.9147, -14.4358,
        -12.5070, -11.3781, -13.4851,  -8.6027, -11.6358, -12.6265, -12.2006,
        -12.2089, -13.2085,  -9.3980, -12.2089,  -9.4092, -11.8717,  -8.2529,
        -11.4979,  -9.4534, -13.1762, -12.6960, -13.5444, -11.8717, -12.9147,
        -12.0664], device='cuda:0')
[Debug] Log probabilities of expert actions: tensor([-27.8594, -12.4363, -14.8258, -13.4945, -15.9306, -13.0774, -13.2754,
        -13.4945, -13.6029, -13.5125, -12.5930, -13.3455, -12.5719, -12.4363,
        -12.4997, -12.5633, -12.3267, -13.6320, -12.1047, -28.2807, -12.3657,
        -14.4321, -13.2211, -13.0016, -29.5934, -12.0553, -12.0923, -13.6231,
        -12.7577, -12.5548, -12.7298, -26.1825, -14.4256, -13.5703, -12.6100,
        -15.1247, -13.5181, -13.6029, -12.9949, -14.7784, -27.1922, -14.8425,
        -12.3220, -29.1152, -13.2226, -14.4061, -27.3124, -14.7151, -12.8866,
        -12.9711, -13.4134, -13.7037, -13.5886, -27.8531, -13.4626, -13.6160,
        -14.2038, -13.0898, -28.2850, -16.9068, -14.8381, -25.6725, -12.5913,
        -14.7067], device='cuda:0')
[Debug] Log probabilities of current policy actions: tensor([-13.0633, -12.1701, -11.0781, -12.2820, -13.2999, -11.6494, -12.2089,
        -11.1492, -12.2820, -12.2040,  -8.1827, -11.6582, -12.3417,  -9.3980,
        -12.2089, -10.0402, -11.3630, -11.1503, -11.4406, -12.1701, -11.1503,
        -13.6709, -12.1179, -11.7550, -11.7647, -11.2158, -14.4358, -12.2006,
        -11.1300, -13.0944, -12.5397,  -9.3980, -10.3361, -13.2482, -11.4979,
        -12.7024, -12.1701, -13.1601, -12.5070, -12.7148, -12.9013, -12.1179,
        -11.1895, -11.3564, -13.2093, -10.6572, -12.8304,  -9.4092,  -8.2529,
        -13.2999, -12.1179, -11.1895, -12.3900, -11.3564, -10.3361, -10.5757,
        -12.4774, -12.7917, -12.2979,  -9.8012, -11.4979, -11.1492,  -9.9404,
        -12.1427], device='cuda:0')
[Debug] Log probabilities of expert actions: tensor([-12.7724, -14.9806, -42.0524, -12.9129, -12.8875, -12.8820, -29.0597,
        -12.5350, -40.9579, -13.1026, -13.1453, -12.5990, -12.3032, -13.6276,
        -12.4680, -25.6837, -13.1469, -12.7319, -12.1152, -14.1978, -27.4762,
        -25.7850, -12.4322, -12.7533, -13.0723, -13.3514, -13.5639, -28.5450,
        -12.1635, -12.0543, -16.9719, -13.2730, -25.6714, -12.7214, -12.9949,
        -13.5123, -27.0713, -15.9427, -13.4910, -12.1948, -13.4945, -27.0102,
        -13.4949, -13.2365, -27.9022, -27.9451, -12.4852, -14.0630, -12.1467,
        -12.8936, -27.8054, -13.4940, -11.6473, -12.5380, -12.8500, -14.3658,
        -12.9083, -28.0326, -25.6869, -11.9150, -12.4820, -13.7998, -27.8894,
        -26.2047], device='cuda:0')
[Debug] Log probabilities of current policy actions: tensor([-11.3555, -10.2217, -12.2040, -11.7615, -10.4190,  -9.9404, -11.6494,
        -12.6265, -11.0781, -10.0402, -12.9013, -10.3361, -10.6720, -12.1179,
        -12.2820, -10.2217, -11.3564, -14.4297, -13.2907, -11.4979, -11.2158,
        -11.6494, -10.9946, -11.1503, -13.2999, -11.1503, -12.2820, -12.8304,
        -11.9679, -10.3361, -11.9679, -12.5397,  -9.4092, -11.8717, -12.4774,
        -10.3495,  -9.9404, -12.5131, -12.3900, -12.5070, -12.2089, -12.6960,
        -12.8028, -11.3555, -11.4979, -11.0781, -12.9013, -12.2089,  -9.7930,
        -14.7832, -12.8599, -11.3781, -11.1414, -11.1300, -13.2085, -13.5444,
        -12.9013, -11.5830, -11.1414, -12.9571, -10.1635, -11.1492, -12.4774,
        -11.9679], device='cuda:0')
[Debug] Log probabilities of expert actions: tensor([-13.5639, -14.8220, -14.4369, -12.5786, -28.1155, -41.9975, -13.5282,
        -53.4638, -13.3254, -13.7775, -12.5318, -28.0283, -15.0394, -12.0388,
        -13.6112, -12.2653, -12.8212, -12.7205, -13.2547, -13.2554, -12.7440,
        -13.4860, -12.2767, -11.9808, -13.9208, -12.4765, -25.1108, -12.9517,
        -13.9470, -12.5719, -15.9349, -13.7530, -28.1414, -12.8236, -13.4943,
        -12.0869, -14.2538, -25.6613, -13.3198, -13.0432, -25.7159, -13.0542,
        -13.2642, -11.9685, -13.6914, -13.2493, -12.3496, -15.5325, -13.0432,
        -12.6151, -28.2606, -13.1659, -13.3455, -13.2500, -38.1572, -13.2411,
        -14.1978, -13.1573, -14.1057, -13.2059, -13.6914, -26.3409, -12.5166,
        -13.1006], device='cuda:0')
[Debug] Rewards: tensor([ 7.7337, 10.2763, 11.2944, 11.7606,  7.9165, 11.9791,  8.7792, 11.8116,
        12.6439,  7.7812,  8.9892, 10.5816, 13.0552, 12.9407, 12.4701, 11.3080,
        11.2779, 10.3605, 10.7473, 11.0439,  9.3270, 12.4969, 11.6366, 12.2970,
        10.1692, 11.9039, 11.5427, 11.4658, 11.3933, 10.2941, 12.3608, 14.0488,
        10.8122,  9.2757,  8.7291, 13.2185, 10.4411, 10.5954, 11.8908, 11.7028,
        11.9193, 10.0078, 11.1520, 12.0144, 11.7603, 10.8306, 10.7932, 11.0186,
        12.9010, 10.8170, 11.1354, 10.8581, 11.9073, 12.5615, 10.9722, 12.3037,
        12.2654, 12.0604, 11.4718, 10.5816,  9.6263, 10.5997, 10.4822, 11.7886,
        12.6308,  8.8096, 12.1452, 11.7475,  8.2124,  9.0352, 12.5527, 10.9181,
        11.7520, 11.7610, 11.4366,  6.3615, 11.1944, 12.5885, 12.6868,  9.8215,
        10.5983,  7.9167, 11.6215, 12.7510, 12.3831, 11.0287, 12.9775,  7.5797,
        12.2226, 13.9753,  9.9477, 10.4815,  9.8246,  9.6025,  9.8893, 12.4112,
        12.5024, 10.6819, 11.6107, 10.4890], device='cuda:0')
[Debug] Reward mean: 11.0633, std: 1.4722
PPO Step 901, t=23
PPO Step 902, t=24
PPO Step 903, t=25
PPO Step 904, t=26
PPO Step 905, t=27
PPO Step 906, t=28
PPO Step 907, t=29
PPO Step 908, t=30
PPO Step 909, t=31
PPO Step 910, t=32
PPO Step 911, t=33
PPO Step 912, t=34
PPO Step 913, t=35
PPO Step 914, t=36
PPO Step 915, t=37
PPO Step 916, t=38
PPO Step 917, t=39
PPO Step 918, t=40
PPO Step 919, t=41
PPO Step 920, t=42
PPO Step 921, t=43
PPO Step 922, t=44
PPO Step 923, t=45
PPO Step 924, t=46
PPO Step 925, t=47
PPO Step 926, t=48
PPO Step 927, t=49
PPO Step 928, t=1
PPO Step 929, t=2
PPO Step 930, t=3
PPO Step 931, t=4
PPO Step 932, t=5
PPO Step 933, t=6
PPO Step 934, t=7
PPO Step 935, t=8
PPO Step 936, t=9
PPO Step 937, t=10
PPO Step 938, t=11
PPO Step 939, t=12
PPO Step 940, t=13
PPO Step 941, t=14
PPO Step 942, t=15
PPO Step 943, t=16
PPO Step 944, t=17
PPO Step 945, t=18
PPO Step 946, t=19
PPO Step 947, t=20
PPO Step 948, t=21
PPO Step 949, t=22
PPO Step 950, t=23
PPO Step 951, t=24
PPO Step 952, t=25
PPO Step 953, t=26
PPO Step 954, t=27
PPO Step 955, t=28
PPO Step 956, t=29
PPO Step 957, t=30
PPO Step 958, t=31
PPO Step 959, t=32
PPO Step 960, t=33
PPO Step 961, t=34
PPO Step 962, t=35
PPO Step 963, t=36
PPO Step 964, t=37
PPO Step 965, t=38
PPO Step 966, t=39
PPO Step 967, t=40
PPO Step 968, t=41
PPO Step 969, t=42
PPO Step 970, t=43
PPO Step 971, t=44
PPO Step 972, t=1
PPO Step 973, t=2
PPO Step 974, t=3
PPO Step 975, t=4
PPO Step 976, t=5
PPO Step 977, t=6
PPO Step 978, t=7
PPO Step 979, t=8
PPO Step 980, t=9
PPO Step 981, t=10
PPO Step 982, t=11
PPO Step 983, t=12
PPO Step 984, t=13
PPO Step 985, t=14
PPO Step 986, t=15
PPO Step 987, t=16
PPO Step 988, t=17
PPO Step 989, t=18
PPO Step 990, t=19
PPO Step 991, t=20
PPO Step 992, t=21
PPO Step 993, t=22
PPO Step 994, t=23
PPO Step 995, t=24
PPO Step 996, t=25
PPO Step 997, t=26
PPO Step 998, t=27
PPO Step 999, t=28
PPO Step 1000, t=29
Step 1000 - Updating the algorithm
[Debug] Log probabilities of current policy actions: tensor([-12.1671, -11.7538, -12.4215, -11.7803, -11.9323, -13.8698, -10.1912,
        -10.0817, -11.2384, -12.9444, -12.3133, -13.7795, -13.3126, -13.3828,
        -12.2396, -10.6067, -13.1610, -12.3675, -10.2480, -11.2384, -10.8305,
        -10.6498, -10.8972, -11.8279, -11.6249, -10.4570,  -9.9669, -12.5250,
        -10.6544, -11.8949, -10.8450, -11.3764, -12.1269, -11.9786, -11.6249,
        -10.3514, -11.3119, -11.7356, -13.1733, -11.3119, -12.8267, -11.4765,
        -11.5903, -10.2480, -10.0817, -12.5817, -12.5250, -10.5481, -13.3457,
        -12.2396, -10.3767, -10.6544, -10.8305,  -8.0013, -10.3514, -12.1786,
        -11.7356, -13.4226, -11.9323, -11.9323, -10.8305, -13.1032, -12.4215,
        -11.7803], device='cuda:0')
[Debug] Log probabilities of expert actions: tensor([-13.9144, -12.5325, -13.3752, -25.9233, -11.4307, -13.2518, -12.3689,
        -12.4481, -12.6426, -12.1555, -12.4924, -13.1224, -11.9959, -12.8623,
        -12.9373, -12.6599, -13.3582, -13.5779, -12.4831, -12.1269, -27.9607,
        -15.1661, -11.3605, -12.4152, -26.0242, -15.1887, -26.1804, -12.5746,
        -12.5761, -13.0767, -12.4481, -12.7722, -11.3813, -13.1946, -14.5249,
        -42.6420, -13.2681, -15.3263, -15.2149, -12.4481, -13.1646, -13.1359,
        -27.2195, -13.6667, -13.3722, -12.3146, -27.1958, -12.4800, -13.9637,
        -12.6908, -12.2567, -12.6689, -12.4437, -13.1082, -27.4407, -14.6226,
        -12.3591, -12.4833, -12.4989, -15.1620, -14.5065, -14.5965, -14.6836,
        -13.4198], device='cuda:0')
[Debug] Log probabilities of current policy actions: tensor([-12.9444,  -9.7416, -12.4215, -11.5903, -10.8201, -12.2073, -12.0336,
        -11.3705, -10.6544, -12.9444, -11.6249, -10.5481, -12.2671, -10.8450,
        -10.7918, -10.8897, -11.5078, -11.0648, -12.1077, -12.8267, -12.2073,
        -10.8972, -12.3718, -11.3903, -11.9786, -10.0045, -11.7356, -10.0045,
        -12.5250, -10.7918, -13.3017, -12.6929, -13.3126, -11.0648, -13.1733,
        -10.1371, -14.3296, -12.3585,  -9.6801, -13.0712, -13.0976, -10.3533,
        -11.8949, -10.2392, -14.0984, -13.3126, -11.7356, -11.1194, -10.1912,
        -10.5113, -11.7787,  -9.7748, -13.0976, -11.8731,  -8.0013, -10.6067,
        -11.5903, -12.2671, -10.7918, -12.0592, -10.5481, -12.7386,  -9.7748,
        -11.3705], device='cuda:0')
[Debug] Log probabilities of expert actions: tensor([-13.3460, -14.9895, -13.9041, -15.2151, -12.5294, -13.3497, -12.3905,
        -14.6917, -13.2679, -28.6151, -14.2431, -14.5494, -25.3762, -13.2097,
        -27.2901, -12.2399, -28.7651, -15.2745, -12.6568, -12.3800, -13.1995,
        -29.0884, -13.7421, -41.5164, -12.8775, -30.3177, -25.6085, -15.5328,
        -12.4158, -25.3521, -24.7785, -13.3127, -29.0675, -13.2655, -11.9566,
        -12.7735, -15.0403, -25.7074, -15.9226, -12.5105, -15.3039, -14.0249,
        -13.3591, -26.1330, -13.2212, -12.2211, -12.5150, -12.3689, -11.9942,
        -12.4582, -12.7620, -13.2097, -13.2341, -12.9956, -12.2641, -13.1797,
        -14.5333, -42.6723, -14.5385, -12.6418, -12.2184, -12.7818, -15.1614,
        -12.5462], device='cuda:0')
[Debug] Log probabilities of current policy actions: tensor([-11.8279, -11.3705, -12.2073, -11.9305,  -9.8824, -10.5481, -11.0648,
        -10.2919, -10.7918, -12.2073, -11.2384, -10.0817, -12.1077, -12.4738,
        -12.2815, -11.5850, -12.2396, -13.2424, -12.2396, -11.8731, -14.0984,
        -10.7231, -11.4765, -11.8402, -10.4570, -12.2671,  -8.7780, -11.3764,
        -11.3119, -10.3619, -11.3764, -12.2671, -12.2815, -10.6498, -11.9323,
        -12.4706, -10.0817, -10.5481, -11.3119, -11.5078, -10.3533, -11.4765,
         -8.0013, -12.3133, -13.1032, -11.5850, -11.7787, -10.6498, -10.9427,
        -12.5250, -10.2392, -12.0336, -10.0817,  -8.0013, -12.6696, -11.8731,
        -10.1912, -12.4215,  -9.7748, -11.8949, -12.1077, -12.8267, -10.3436,
        -13.0712], device='cuda:0')
[Debug] Log probabilities of expert actions: tensor([-38.0735, -11.9794, -26.9689, -12.5991, -25.6981, -14.2699, -12.6599,
        -12.3899, -24.7174, -13.1207, -15.1452, -12.5429, -13.1283, -12.6336,
        -14.6845, -12.1641, -13.9519, -27.4768, -12.9614, -12.6903, -13.5837,
        -14.1867, -54.6085, -12.4481, -12.7129, -12.1405, -13.5260, -12.2211,
        -28.1158, -29.2693, -28.0104, -12.4161, -13.3752, -12.2290, -12.4848,
        -14.1072, -25.3023, -41.2987, -13.2582, -14.6452, -16.2995, -12.9886,
        -14.1523, -12.6307, -12.6969, -12.5588, -13.0103, -13.1764, -14.1934,
        -13.0680, -26.9720, -13.1797, -13.3694, -13.1657, -12.4845, -13.3646,
        -14.1435, -13.2031, -25.1910, -28.0780, -13.7372, -13.5260, -12.1289,
        -27.1687], device='cuda:0')
[Debug] Rewards: tensor([11.3357, 11.4552, 11.5380, 11.4521, 11.1299, 10.2133, 10.5853, 10.6875,
        11.2691,  9.6324, 10.8548,  9.8668, 10.6972, 10.6538, 11.8068, 10.5299,
        10.2569, 10.8695,  9.9089, 10.8727, 10.4799,  9.6747, 11.5931, 11.3988,
         9.0726, 10.6569,  9.9562, 11.8144,  9.9937, 12.7499, 11.0001, 11.8644,
        11.5885, 12.2143, 11.0912,  9.9204, 11.0502, 10.4977, 10.1607, 11.2708,
        11.5897,  9.8931, 12.8027, 12.4222, 13.3170,  9.9644, 13.6328,  9.9343,
         8.8805,  8.7413, 12.2981,  9.2791,  9.6597, 10.6917, 11.4492, 12.1929,
        10.5084, 11.3078,  9.6747, 10.0844, 10.0392, 10.7738,  9.8064, 11.2660,
         5.9553,  7.5054, 10.4569, 11.5491, 11.1963, 12.2066,  9.9761, 13.0424,
        12.1156, 11.6004, 11.9613,  8.9842, 10.0438,  9.7435,  7.2109, 11.3413,
        10.4680,  9.9590,  8.6298,  9.6017, 13.2564, 10.3418, 12.2956, 10.2535,
        10.9975, 11.7501, 12.7690, 12.9412, 11.7716, 11.7136,  9.6728, 10.8491,
         8.3192, 13.5302,  9.0145, 10.8074], device='cuda:0')
[Debug] Reward mean: 10.7770, std: 1.3390
Step 1000 - Evaluating the algorithm
Num steps: 1000     Return: -15704.5   Time: 0:07:19
PPO Step 1001, t=30
PPO Step 1002, t=31
PPO Step 1003, t=32
PPO Step 1004, t=33
PPO Step 1005, t=34
PPO Step 1006, t=35
PPO Step 1007, t=36
PPO Step 1008, t=37
PPO Step 1009, t=38
PPO Step 1010, t=39
PPO Step 1011, t=40
PPO Step 1012, t=41
PPO Step 1013, t=42
PPO Step 1014, t=43
PPO Step 1015, t=44
PPO Step 1016, t=45
PPO Step 1017, t=46
PPO Step 1018, t=47
PPO Step 1019, t=48
PPO Step 1020, t=49
PPO Step 1021, t=50
PPO Step 1022, t=51
PPO Step 1023, t=52
PPO Step 1024, t=53
PPO Step 1025, t=54
PPO Step 1026, t=55
PPO Step 1027, t=56
PPO Step 1028, t=57
PPO Step 1029, t=58
PPO Step 1030, t=59
PPO Step 1031, t=1
PPO Step 1032, t=2
PPO Step 1033, t=3
PPO Step 1034, t=4
PPO Step 1035, t=5
PPO Step 1036, t=6
PPO Step 1037, t=7
PPO Step 1038, t=8
PPO Step 1039, t=9
PPO Step 1040, t=10
PPO Step 1041, t=11
PPO Step 1042, t=12
PPO Step 1043, t=13
PPO Step 1044, t=14
PPO Step 1045, t=15
PPO Step 1046, t=16
PPO Step 1047, t=17
PPO Step 1048, t=18
PPO Step 1049, t=19
PPO Step 1050, t=20
PPO Step 1051, t=21
PPO Step 1052, t=22
PPO Step 1053, t=1
PPO Step 1054, t=2
PPO Step 1055, t=3
PPO Step 1056, t=4
PPO Step 1057, t=5
PPO Step 1058, t=6
PPO Step 1059, t=7
PPO Step 1060, t=8
PPO Step 1061, t=9
PPO Step 1062, t=10
PPO Step 1063, t=11
PPO Step 1064, t=12
PPO Step 1065, t=13
PPO Step 1066, t=14
PPO Step 1067, t=15
PPO Step 1068, t=16
PPO Step 1069, t=17
PPO Step 1070, t=18
PPO Step 1071, t=19
PPO Step 1072, t=20
PPO Step 1073, t=21
PPO Step 1074, t=1
PPO Step 1075, t=2
PPO Step 1076, t=3
PPO Step 1077, t=4
PPO Step 1078, t=5
PPO Step 1079, t=6
PPO Step 1080, t=7
PPO Step 1081, t=8
PPO Step 1082, t=9
PPO Step 1083, t=10
PPO Step 1084, t=11
PPO Step 1085, t=12
PPO Step 1086, t=13
PPO Step 1087, t=14
PPO Step 1088, t=15
PPO Step 1089, t=1
PPO Step 1090, t=2
PPO Step 1091, t=3
PPO Step 1092, t=4
PPO Step 1093, t=5
PPO Step 1094, t=6
PPO Step 1095, t=7
PPO Step 1096, t=8
PPO Step 1097, t=9
PPO Step 1098, t=10
PPO Step 1099, t=11
PPO Step 1100, t=12
Step 1100 - Updating the algorithm
[Debug] Log probabilities of current policy actions: tensor([ -9.3365, -12.2771, -11.4097, -12.9534, -10.8127, -11.5510, -10.3347,
        -12.2896, -10.7685, -11.5060, -11.3727,  -9.5613, -14.4211, -10.5321,
        -13.1126, -11.2262, -13.2196, -11.5197, -12.9534, -12.1176, -12.0451,
        -10.8127, -12.1176, -12.6531, -11.3319, -11.2602, -12.9333, -10.6590,
        -11.5182, -11.1510, -13.3360, -11.1262, -11.6383, -11.5182, -12.9534,
        -11.5182, -10.8038, -13.8491, -12.7358, -12.9534, -13.8491, -11.3727,
        -11.2772,  -9.7616, -11.8665, -11.1230, -12.6945, -12.0451, -13.3668,
        -11.2262, -10.1087, -13.3963, -11.4097, -13.8491,  -9.6854, -12.0451,
        -13.3190, -11.9775, -12.8847, -10.8127, -12.6945, -10.6707, -11.5182,
        -10.8038], device='cuda:0')
[Debug] Log probabilities of expert actions: tensor([-12.0536, -12.9441, -28.3159, -27.5781, -14.0092, -12.1680, -27.5674,
        -11.9383, -24.5950, -13.1685, -14.8215, -13.7431, -12.5473, -13.7614,
        -14.1071, -14.8889, -28.2381, -12.6964, -12.3610, -12.2847, -13.4718,
        -12.5814, -14.1527, -13.8468, -12.3281, -12.5524, -28.5104, -12.8622,
        -26.3780, -12.5942, -12.1011, -27.1422, -12.9483, -11.5897, -11.9819,
        -13.8894, -13.4151, -13.3513, -13.4374, -12.2841, -11.5859, -14.0091,
        -12.3054, -12.3481, -11.7550, -15.0871, -14.1208, -13.0201, -14.3378,
        -37.5276, -13.2253, -12.3497, -13.2526, -27.2599, -13.2315, -26.3549,
        -13.4558, -12.5812, -12.4364, -12.3110, -26.1085, -12.8597, -15.0250,
        -12.9452], device='cuda:0')
[Debug] Log probabilities of current policy actions: tensor([-11.5197, -13.2196, -12.2771, -10.9747, -11.9634, -12.2604, -13.3190,
        -13.1126, -11.2772, -12.5733, -12.6867, -13.1126, -10.7512, -12.8346,
        -14.0479,  -8.9228, -11.4370,  -9.6854, -12.6500, -11.5197, -12.6531,
        -14.4211, -10.7512, -12.4672, -13.2196, -12.7115, -11.1510, -10.6590,
        -11.1230, -12.6500, -11.8845, -12.8646, -10.7512,  -9.6854,  -9.3528,
        -10.7685, -11.8980, -10.7512, -12.2771, -12.9333, -10.8127, -11.1510,
        -11.3782, -12.2771, -12.2771, -11.4370, -12.2771, -11.8319, -10.3452,
        -12.7450, -12.8847, -14.0479, -11.3062, -12.2896, -11.2772,  -9.5613,
        -12.4672,  -8.9228, -11.5852, -10.5321, -12.4672,  -9.2118,  -9.3365,
        -11.9775], device='cuda:0')
[Debug] Log probabilities of expert actions: tensor([-12.4024, -12.4440, -13.0297, -12.0874, -12.1978, -12.5134, -13.7420,
        -13.4364, -13.0252, -12.3552, -13.5043, -12.0630, -13.6720, -12.4116,
        -13.0577, -12.5488, -12.1955, -13.5927, -14.2493, -12.6763, -43.5732,
        -25.4750, -14.2498, -14.9494, -12.2385, -13.4012, -12.2385, -12.2305,
        -12.4120, -24.5930, -12.5832, -12.1721, -26.1085, -14.8616, -28.0565,
        -12.6066, -12.2859, -12.0998, -12.4127, -13.6539, -12.1172, -28.2381,
        -13.5278, -13.9846, -15.1866, -13.3710, -12.3485, -12.1987, -12.3242,
        -28.1305, -27.1343, -13.9021, -13.2732, -12.1067, -27.0613, -15.5528,
        -13.9270, -11.5726, -13.3681, -14.1712, -13.3265, -12.5812, -26.4536,
        -13.9813], device='cuda:0')
[Debug] Log probabilities of current policy actions: tensor([-10.5321, -11.3062, -11.5529,  -9.5613, -11.3319, -12.6569, -10.5321,
        -10.6707,  -9.7616, -11.9994, -11.4572, -11.4097, -10.6797, -12.4672,
        -11.4370, -14.4211,  -9.5613, -12.2896, -11.8319, -10.1087, -10.9762,
        -11.8444, -10.6590, -11.8980, -11.6383, -10.8038,  -5.9317, -11.8665,
         -9.6854, -12.0666,  -8.4248, -12.7115, -10.5381, -10.8127, -12.7115,
        -11.5182, -11.3782, -11.4572, -11.2602, -11.3062, -12.6945, -10.8127,
        -11.1286, -11.6720, -11.3727, -12.8847, -10.3347, -10.8038, -11.5197,
        -12.9534, -11.1510, -12.2896, -12.7358, -10.8038, -12.6500, -10.6797,
        -10.3452,  -8.4248, -13.1229, -12.4556, -11.9634,  -9.5613,  -9.7616,
        -11.9775], device='cuda:0')
[Debug] Log probabilities of expert actions: tensor([-12.2754, -13.4467, -13.6824, -13.2547, -13.0816, -12.4018, -26.7101,
        -12.9703, -13.8157, -14.1600, -11.0120, -12.4142, -12.2759, -13.2784,
        -12.5544, -27.3729, -13.4908, -27.2768, -12.4616, -12.1571, -14.1915,
        -11.9703, -13.7724, -28.0123, -12.5752, -15.0093, -13.1518, -13.3490,
        -12.9060, -13.2547, -17.4327, -28.2381, -11.9914, -11.7656, -14.0579,
        -12.5400, -12.6528, -25.5037, -17.4611, -12.1244, -12.8656, -37.5174,
        -12.9966, -12.0862, -12.6124, -12.8556, -12.7881, -12.2242, -13.4364,
        -15.7845, -28.3095, -12.7879, -14.1108, -24.0496, -12.4409, -13.0202,
        -13.1716, -13.0008, -13.4718, -27.5206, -12.1531, -13.3479, -12.0067,
        -12.3623], device='cuda:0')
[Debug] Rewards: tensor([11.7071,  9.9660,  8.0578, 10.7657, 12.2226, 10.4066,  8.3837, 10.4626,
        12.6285, 13.7929, 13.3197, 10.7122,  8.7844, 10.7096, 12.4527, 10.6586,
         4.9771, 11.9853, 10.9582, 10.7688,  9.0593,  8.2479, 11.1068, 12.7072,
         9.6223, 11.9450, 10.7368, 11.6754,  7.0382, 11.5963, 11.2466, 10.6799,
        12.2006, 10.7886, 10.5153, 11.5078, 10.4493,  8.8523, 12.0117,  9.1010,
        12.3925,  9.9290, 11.2592, 10.8817, 11.8581, 11.2680, 11.1027, 10.4416,
        10.6757, 10.9881, 11.5965, 12.8038, 12.9374, 12.1014, 10.6659, 12.5312,
        10.7115, 10.3819, 12.8473, 11.0405, 10.9206, 11.3774, 10.1383,  9.0634,
        10.7897, 12.1938, 11.0822, 13.7512, 12.6261,  9.2313, 11.6361, 12.6321,
         9.1433, 10.9045, 11.1281, 10.4300, 11.3539, 10.7727, 11.1744,  9.1257,
        13.4776, 12.2427,  9.8821,  8.3404, 10.7810, 12.1488, 11.2373, 10.1648,
        10.4549, 12.4228, 12.3554,  9.3168, 11.5453,  8.6334,  8.6806,  8.8054,
        11.8080, 11.9481, 10.3895, 11.3422], device='cuda:0')
[Debug] Reward mean: 10.8867, std: 1.4783
PPO Step 1101, t=13
PPO Step 1102, t=14
PPO Step 1103, t=15
PPO Step 1104, t=16
PPO Step 1105, t=17
PPO Step 1106, t=18
PPO Step 1107, t=19
PPO Step 1108, t=20
PPO Step 1109, t=21
PPO Step 1110, t=22
PPO Step 1111, t=23
PPO Step 1112, t=24
PPO Step 1113, t=1
PPO Step 1114, t=2
PPO Step 1115, t=3
PPO Step 1116, t=4
PPO Step 1117, t=5
PPO Step 1118, t=6
PPO Step 1119, t=7
PPO Step 1120, t=8
PPO Step 1121, t=9
PPO Step 1122, t=10
PPO Step 1123, t=11
PPO Step 1124, t=12
PPO Step 1125, t=13
PPO Step 1126, t=14
PPO Step 1127, t=15
PPO Step 1128, t=16
PPO Step 1129, t=17
PPO Step 1130, t=18
PPO Step 1131, t=19
PPO Step 1132, t=20
PPO Step 1133, t=21
PPO Step 1134, t=22
PPO Step 1135, t=23
PPO Step 1136, t=24
PPO Step 1137, t=25
PPO Step 1138, t=26
PPO Step 1139, t=27
PPO Step 1140, t=28
PPO Step 1141, t=29
PPO Step 1142, t=1
PPO Step 1143, t=2
PPO Step 1144, t=3
PPO Step 1145, t=4
PPO Step 1146, t=5
PPO Step 1147, t=6
PPO Step 1148, t=7
PPO Step 1149, t=8
PPO Step 1150, t=9
PPO Step 1151, t=10
PPO Step 1152, t=11
PPO Step 1153, t=12
PPO Step 1154, t=13
PPO Step 1155, t=14
PPO Step 1156, t=15
PPO Step 1157, t=16
PPO Step 1158, t=17
PPO Step 1159, t=18
PPO Step 1160, t=19
PPO Step 1161, t=20
PPO Step 1162, t=1
PPO Step 1163, t=2
PPO Step 1164, t=3
PPO Step 1165, t=4
PPO Step 1166, t=5
PPO Step 1167, t=6
PPO Step 1168, t=7
PPO Step 1169, t=8
PPO Step 1170, t=9
PPO Step 1171, t=10
PPO Step 1172, t=11
PPO Step 1173, t=12
PPO Step 1174, t=13
PPO Step 1175, t=14
PPO Step 1176, t=15
PPO Step 1177, t=16
PPO Step 1178, t=17
PPO Step 1179, t=18
PPO Step 1180, t=19
PPO Step 1181, t=20
PPO Step 1182, t=21
PPO Step 1183, t=22
PPO Step 1184, t=23
PPO Step 1185, t=24
PPO Step 1186, t=25
PPO Step 1187, t=1
PPO Step 1188, t=2
PPO Step 1189, t=3
PPO Step 1190, t=4
PPO Step 1191, t=5
PPO Step 1192, t=6
PPO Step 1193, t=7
PPO Step 1194, t=8
PPO Step 1195, t=9
PPO Step 1196, t=10
PPO Step 1197, t=11
PPO Step 1198, t=12
PPO Step 1199, t=13
PPO Step 1200, t=14
Step 1200 - Updating the algorithm
[Debug] Log probabilities of current policy actions: tensor([-10.9202, -12.0253, -13.2546, -13.9107, -12.5691, -10.9981, -10.1323,
        -12.1566, -11.9325, -13.0043, -11.3229,  -9.3960, -13.6359, -12.4462,
        -12.0253, -12.6350, -13.7588, -13.4784, -13.6188, -12.8265, -13.9107,
        -11.7165, -12.5691, -14.0872, -13.0724, -12.2772, -12.5205, -12.8265,
        -11.4312, -13.6188, -10.6355, -13.4757, -11.7780, -13.1840, -10.9202,
        -11.0800, -10.2199, -10.6490, -10.9981, -12.5691, -10.9202, -11.9003,
        -10.9308, -10.9981, -11.3009, -11.7165, -13.7792, -14.0872, -13.6359,
        -12.9886, -13.9107, -12.0932, -13.4784, -12.3190, -13.7792, -13.9107,
        -12.6471, -11.1639, -10.8389, -10.6355,  -9.6218, -10.4039, -11.6011,
        -11.3229], device='cuda:0')
[Debug] Log probabilities of expert actions: tensor([-13.2885, -14.4954, -12.6820, -25.9921, -12.3444, -26.2182, -12.2364,
        -12.3255, -13.4993, -13.5151, -29.3629, -12.3756, -12.5051, -12.1296,
        -12.4267, -14.5345, -12.5093, -12.7017, -15.0441, -12.4174, -13.5561,
        -13.1067, -14.5257, -14.5874, -12.1801, -27.9873, -24.6457, -12.8276,
        -13.9919, -12.2958, -42.1201, -14.5345, -14.5414, -13.5228, -12.4066,
        -12.2791, -26.8667, -43.9286, -43.9631, -14.1246, -15.4888, -12.7349,
        -12.3395, -14.4369, -12.7544, -13.2776, -13.2709, -10.9542, -15.1267,
        -27.9723, -12.2251, -11.6609, -15.1209, -13.3135, -26.3129, -11.4020,
        -13.5711, -13.3453, -12.5311, -13.5046, -13.5943, -14.4672, -13.4161,
        -13.2936], device='cuda:0')
[Debug] Log probabilities of current policy actions: tensor([-13.1545, -11.7653, -10.2199, -11.9325, -14.0872, -10.7703, -13.6188,
        -13.4784, -10.6490, -13.1545, -10.0414,  -9.2746, -11.9003, -11.0322,
        -11.8506, -13.6359, -11.3229, -13.0724, -12.4876, -11.0359, -13.2546,
        -10.2199, -10.1323, -12.8364,  -9.2746, -11.4312, -12.5585, -10.8244,
        -10.8389, -12.6350, -12.4555, -14.0872, -13.7588, -10.6355, -12.1194,
        -12.1566, -12.3307, -12.0253,  -9.3960, -11.4312, -10.8244, -12.6350,
        -12.4462, -11.4312, -10.0414, -12.3190, -10.9202, -12.7313, -11.2417,
        -11.0359, -12.1054, -11.8506, -11.7165, -12.0932, -10.6605, -12.2907,
        -13.4757, -13.6940,  -9.2627, -13.0043, -10.6605, -11.3229, -12.5721,
        -10.8389], device='cuda:0')
[Debug] Log probabilities of expert actions: tensor([-12.8487, -11.7758, -13.2775, -13.7798, -13.5802, -12.3700, -12.4809,
        -12.4854, -12.4055, -14.5440, -12.5823, -12.6975, -14.5276, -12.2254,
        -10.9686, -12.7137, -13.5074, -12.7049, -42.0559, -12.8684, -12.2739,
        -26.2297, -12.8743, -12.2092, -12.5039, -12.9223, -12.5763, -14.0292,
        -12.4056, -13.3483, -12.7662, -13.8946, -14.4750, -13.4030, -12.8462,
        -29.7736, -12.1756, -13.5944, -12.4187, -12.1555, -12.3385, -13.5657,
        -29.3942, -26.7929, -13.5018, -13.4015, -42.0995, -14.1879, -12.7642,
        -12.5093, -28.0134, -12.6499, -12.3700, -13.5956, -14.5503, -14.5257,
        -12.5096, -15.1596, -14.3069, -12.4525, -15.1576, -28.0134, -12.4169,
        -12.9243], device='cuda:0')
[Debug] Log probabilities of current policy actions: tensor([-13.3537, -13.0043, -10.0414, -12.4876, -12.4209, -11.4312,  -9.2746,
        -10.6355, -12.3307, -12.4462, -13.4139, -12.8265, -11.8506, -12.1194,
        -12.7313, -12.6471, -12.7304, -13.6940, -13.4784, -10.9308, -11.7532,
        -12.5691, -11.8506, -11.2417, -12.5644, -12.5205, -10.7489, -10.6355,
        -12.5644, -12.7313, -13.9134, -10.6355, -13.6359, -11.8279, -11.8506,
        -10.9202, -11.8279,  -9.2627, -12.5123, -12.4876, -11.1639, -12.8265,
        -10.6605, -12.1194, -13.6359, -13.9107, -11.7780, -13.4139, -12.1566,
        -11.2417, -13.2546, -11.3884, -13.0570, -13.0043, -10.9981, -10.9308,
        -11.8279, -12.2907, -10.6355, -13.9134, -13.4784, -10.4039, -13.6359,
        -11.1639], device='cuda:0')
[Debug] Log probabilities of expert actions: tensor([-14.5085, -12.4826, -14.4996, -12.3756, -15.1576, -12.2378, -13.4829,
        -13.4563, -12.3621, -12.2925, -15.4888, -13.8170, -12.4290, -12.1241,
        -12.4014, -12.1295, -14.3069, -13.5026, -27.0735, -13.6457, -12.4822,
        -13.2764, -15.9980, -14.4954, -13.6455, -11.1385, -12.7471, -12.4892,
        -13.2310, -12.2925, -13.8100, -14.2532, -12.4554, -13.5724, -12.4360,
        -26.4809, -12.4014, -14.1364, -13.4829, -12.5467, -12.9753, -15.1960,
        -14.3661, -13.8534, -12.8861, -14.4144, -14.5196, -26.4141, -12.4713,
        -12.2213, -14.5390, -51.3412, -37.7711, -13.2885, -14.1869, -14.1873,
        -12.3717, -13.5215, -29.5720, -14.2293, -24.4342, -13.5746, -27.9800,
        -14.4210], device='cuda:0')
[Debug] Rewards: tensor([11.9315, 11.7012, 11.1374,  9.0452, 11.1222, 10.8802,  8.0515, 11.4603,
        11.3039, 13.5181, 12.9470, 10.1178, 12.4022,  9.3508, 11.6847, 10.4334,
         9.7501, 12.1025, 10.3405, 11.0119, 10.0819, 12.3957, 12.7947, 11.8212,
         9.8369, 11.5604, 12.0235, 12.4950, 11.5115,  9.8596, 10.9672,  9.3751,
        11.2006, 11.1261, 11.4571,  9.2746, 11.6911, 10.5305,  9.5901, 10.4388,
        11.5086, 11.1104, 13.6206, 12.6740, 12.1979, 11.2287, 11.4147,  9.4525,
        12.6086, 12.0357, 10.2197, 12.4267, 11.6403,  8.1177, 12.3278, 11.5181,
        12.4985, 10.0190, 10.9600, 11.4119, 10.4837, 10.4164, 13.4922, 12.0956,
         9.7767, 11.9876,  9.6491, 10.1857, 10.9562,  9.8720, 10.4206, 13.4584,
         9.4769, 11.3171, 11.3003, 10.5946, 11.7359,  9.1732, 10.6397, 13.0491,
        10.5100, 12.4736, 11.3667,  8.6863, 11.3130,  9.0101, 11.3566, 12.5506,
        10.9727, 13.1433,  9.5929, 11.0570,  9.2769, 12.3264, 10.0812, 12.5424,
        11.9477,  9.6199, 10.0347, 10.7041], device='cuda:0')
[Debug] Reward mean: 11.0796, std: 1.2474
PPO Step 1201, t=15
PPO Step 1202, t=16
PPO Step 1203, t=17
PPO Step 1204, t=18
PPO Step 1205, t=19
PPO Step 1206, t=20
PPO Step 1207, t=21
PPO Step 1208, t=22
PPO Step 1209, t=23
PPO Step 1210, t=24
PPO Step 1211, t=25
PPO Step 1212, t=26
PPO Step 1213, t=27
PPO Step 1214, t=28
PPO Step 1215, t=29
PPO Step 1216, t=30
PPO Step 1217, t=31
PPO Step 1218, t=32
PPO Step 1219, t=33
PPO Step 1220, t=34
PPO Step 1221, t=35
PPO Step 1222, t=36
PPO Step 1223, t=37
PPO Step 1224, t=38
PPO Step 1225, t=39
PPO Step 1226, t=40
PPO Step 1227, t=41
PPO Step 1228, t=42
PPO Step 1229, t=43
PPO Step 1230, t=44
PPO Step 1231, t=45
PPO Step 1232, t=46
PPO Step 1233, t=47
PPO Step 1234, t=48
PPO Step 1235, t=49
PPO Step 1236, t=50
PPO Step 1237, t=51
PPO Step 1238, t=52
PPO Step 1239, t=53
PPO Step 1240, t=54
PPO Step 1241, t=55
PPO Step 1242, t=56
PPO Step 1243, t=57
PPO Step 1244, t=58
PPO Step 1245, t=59
PPO Step 1246, t=60
PPO Step 1247, t=61
PPO Step 1248, t=62
PPO Step 1249, t=63
PPO Step 1250, t=64
PPO Step 1251, t=65
PPO Step 1252, t=66
PPO Step 1253, t=67
PPO Step 1254, t=68
PPO Step 1255, t=69
PPO Step 1256, t=70
PPO Step 1257, t=71
PPO Step 1258, t=72
PPO Step 1259, t=1
PPO Step 1260, t=2
PPO Step 1261, t=3
PPO Step 1262, t=4
PPO Step 1263, t=5
PPO Step 1264, t=6
PPO Step 1265, t=7
PPO Step 1266, t=8
PPO Step 1267, t=9
PPO Step 1268, t=10
PPO Step 1269, t=11
PPO Step 1270, t=12
PPO Step 1271, t=13
PPO Step 1272, t=14
PPO Step 1273, t=15
PPO Step 1274, t=1
PPO Step 1275, t=2
PPO Step 1276, t=3
PPO Step 1277, t=4
PPO Step 1278, t=5
PPO Step 1279, t=6
PPO Step 1280, t=7
PPO Step 1281, t=8
PPO Step 1282, t=9
PPO Step 1283, t=10
PPO Step 1284, t=11
PPO Step 1285, t=12
PPO Step 1286, t=13
PPO Step 1287, t=14
PPO Step 1288, t=15
PPO Step 1289, t=16
PPO Step 1290, t=17
PPO Step 1291, t=18
PPO Step 1292, t=19
PPO Step 1293, t=1
PPO Step 1294, t=2
PPO Step 1295, t=3
PPO Step 1296, t=4
PPO Step 1297, t=5
PPO Step 1298, t=6
PPO Step 1299, t=7
PPO Step 1300, t=8
Step 1300 - Updating the algorithm
[Debug] Log probabilities of current policy actions: tensor([-10.9682, -13.5362, -10.2614, -11.2054, -10.1502, -12.0584, -12.0386,
        -11.1634, -10.4339, -12.8043, -11.1925, -11.5815, -11.8454, -11.6707,
        -12.5269,  -9.7247, -13.1470, -13.1470, -12.0691, -13.1470, -12.3372,
        -12.0595, -10.3965,  -9.0243, -12.8043, -12.7490, -11.1194, -13.5238,
        -13.8022, -12.4716, -12.5269,  -9.7247,  -9.7247, -11.2727, -11.2054,
        -13.5353, -11.1435, -12.5310, -11.5258, -11.2054, -12.5310, -12.2853,
        -11.2442, -10.4062, -10.8130, -11.3277, -12.2981, -11.1172, -12.4716,
        -10.7015, -11.8454, -13.0513, -13.5353, -12.7552, -10.7312, -11.9021,
        -12.5814, -11.9974, -12.6335,  -9.0243, -10.9049, -12.5814, -10.9682,
        -12.5424], device='cuda:0')
[Debug] Log probabilities of expert actions: tensor([-11.6462, -15.4819, -12.9450, -13.4816, -13.7916, -12.3789, -26.2919,
        -13.5088, -12.5837, -12.4505, -43.1183, -12.4941, -12.3660, -12.7808,
        -26.5994, -12.5330, -11.6445, -11.8754, -13.7166, -13.1892, -12.5398,
        -12.5937, -43.1448, -13.4056, -13.6099, -10.7324, -12.6484, -25.1041,
        -12.5451, -13.2039, -12.2023, -24.4858, -13.5836, -12.5638, -12.6322,
        -14.1321, -27.2759, -13.4727, -27.3441, -14.0090, -13.8160, -15.3282,
        -12.1156, -27.9928, -10.7349, -12.7323, -12.1883, -12.6237, -13.6329,
        -12.4262, -12.8066, -25.1031, -13.8216, -14.0012, -12.9647, -13.6640,
        -12.4508, -13.5121, -12.7798, -12.5306, -13.1645, -13.5639, -12.8296,
        -13.1373], device='cuda:0')
[Debug] Log probabilities of current policy actions: tensor([-11.2727, -10.0125, -11.3883, -12.0595, -11.9974,  -9.0243, -11.2727,
        -10.3965, -12.4716, -12.7416, -11.3343, -11.2054, -11.8986, -14.6874,
        -10.7427, -11.9974, -11.5815, -13.5353,  -9.9967, -11.5258, -10.0209,
        -10.4730, -11.1435, -13.4599, -11.5788, -12.3450, -13.5362, -11.3343,
         -8.9415, -11.9021,  -9.7586, -13.5353, -13.5362, -12.2936, -12.2981,
         -9.8880, -12.5424, -13.8022, -12.5044, -11.1194, -12.2853, -13.8022,
        -11.5744, -10.7015, -12.4779, -12.8043, -10.1502, -11.9021, -12.9559,
        -11.5258,  -9.8880, -10.5705, -10.7312, -12.5424, -13.4683, -13.1470,
        -12.0584, -12.5424, -12.4779, -10.4062, -12.0691, -12.0691, -11.5744,
        -10.8130], device='cuda:0')
[Debug] Log probabilities of expert actions: tensor([-13.5333, -10.8745, -13.3386, -12.4733, -13.4543, -26.2725, -13.2585,
        -13.9011, -25.2918, -43.0819, -12.5689, -12.6626, -11.9972, -13.5624,
        -12.5518, -13.6313, -12.1012, -13.4247, -13.5035, -29.2502, -12.8766,
        -13.5692, -13.5430, -13.2051, -29.0815, -13.3224, -27.8241, -13.2418,
        -11.5953, -13.7602, -12.4985, -12.4662, -13.7010, -42.1263, -12.5131,
        -14.2513, -13.4289, -13.6341, -12.6182, -29.0707, -15.3330, -13.8685,
        -12.3278, -12.7808, -12.5822, -14.0967, -12.6484, -28.6122, -12.5612,
        -13.3906, -27.2748, -13.6010, -12.4727, -13.2496, -13.6150, -13.2350,
        -12.4941, -12.9332, -12.9139, -14.0849, -13.7267, -12.3458, -27.9928,
        -13.5047], device='cuda:0')
[Debug] Log probabilities of current policy actions: tensor([-11.3883, -12.5253, -10.3597, -13.4599, -13.2880, -10.2614, -11.5815,
         -9.9967, -11.5258, -10.0209, -12.5814, -11.0309, -11.9306, -11.5258,
        -12.4716, -11.0487, -11.0487, -10.1502, -10.9682, -12.2981, -12.7236,
        -11.5788, -10.7110, -11.1634, -12.2981, -12.4779, -11.1172, -12.2981,
        -11.3883, -12.0386, -13.4683, -10.7312, -11.3277,  -9.0243, -11.5744,
        -13.4683, -11.2727, -11.5815, -12.5269, -12.9559, -11.5258, -12.5974,
        -12.4716,  -9.5493, -14.6874, -12.5044, -12.5683, -10.4062,  -9.8888,
         -9.8888, -10.2614, -11.3343,  -9.9967, -10.4062, -11.1695, -10.9049,
        -10.7110, -12.5310, -11.4934, -11.5744,  -9.9967, -11.1634, -10.7246,
        -12.3450], device='cuda:0')
[Debug] Log probabilities of expert actions: tensor([-14.4246, -12.2512, -11.6558, -13.7936, -12.9822, -12.4944, -12.5900,
        -13.8302, -12.4511, -26.4077, -13.5453, -13.7102, -13.3990, -13.4692,
        -25.6311, -15.5210, -14.1822, -12.1409, -14.1822, -14.2497, -12.4266,
        -10.7303, -42.1407, -12.5236, -12.6531, -13.6150, -27.2558, -13.6052,
        -13.4877, -12.5060, -12.7218, -14.4577, -13.4719, -12.4929, -11.6558,
        -13.7205, -16.9645, -27.1001, -12.3419, -13.7167, -12.7630, -10.9147,
        -26.8640, -13.5166, -25.0061, -11.7238, -25.2667, -42.1218, -12.5801,
        -12.5900, -13.4575, -14.2300, -12.1198, -25.2184, -27.5925, -12.4992,
        -12.3501, -13.2176, -15.5052, -27.6059, -14.1321, -13.6099, -12.6838,
        -27.0662], device='cuda:0')
[Debug] Rewards: tensor([ 8.1644, 10.9360,  8.8274,  8.8170,  8.3785, 10.9234, 11.4460, 10.7332,
         8.1851,  9.0231, 10.1327, 11.7167, 11.3172,  9.1781,  9.7079,  9.9997,
        12.3933,  7.7993, 11.8976,  6.7612, 10.1357, 12.6769, 12.4474, 10.6820,
         7.9755,  9.0803, 10.0616, 11.9358, 12.4282,  8.9070, 12.7668,  9.8053,
         7.5158, 10.3229, 11.6256,  8.9499, 11.0853,  9.4881,  8.5307, 12.0523,
         9.6793,  8.3292, 10.3644, 11.5915, 10.5108, 13.5322, 12.4095,  8.1234,
        10.7464, 11.9577, 12.3937, 10.7393, 10.1780,  9.1750, 10.6360, 10.5446,
         9.3081, 12.2203, 11.7714, 11.9574, 11.0812,  9.0116,  9.7640, 11.2218,
        11.3268, 10.8767,  9.8053, 11.6005, 10.5896, 11.1321, 11.0852, 10.3200,
        11.5724, 11.3498, 11.1532, 11.7459, 11.7314, 10.0071, 11.4429, 11.8538,
        10.8287, 12.5648, 11.8321, 11.8285, 10.6148, 10.5900, 10.8696, 10.6480,
        12.2220, 12.7458,  9.9639,  9.9954, 11.3082, 11.4433, 10.6277, 10.5680,
        11.3800, 11.9033, 11.6675,  9.4716], device='cuda:0')
[Debug] Reward mean: 10.6272, std: 1.3690
PPO Step 1301, t=9
PPO Step 1302, t=10
PPO Step 1303, t=11
PPO Step 1304, t=12
PPO Step 1305, t=13
PPO Step 1306, t=14
PPO Step 1307, t=15
PPO Step 1308, t=16
PPO Step 1309, t=17
PPO Step 1310, t=18
PPO Step 1311, t=19
PPO Step 1312, t=20
PPO Step 1313, t=21
PPO Step 1314, t=22
PPO Step 1315, t=23
PPO Step 1316, t=24
PPO Step 1317, t=25
PPO Step 1318, t=26
PPO Step 1319, t=27
PPO Step 1320, t=28
PPO Step 1321, t=29
PPO Step 1322, t=30
PPO Step 1323, t=31
PPO Step 1324, t=32
PPO Step 1325, t=33
PPO Step 1326, t=34
PPO Step 1327, t=35
PPO Step 1328, t=36
PPO Step 1329, t=37
PPO Step 1330, t=38
PPO Step 1331, t=39
PPO Step 1332, t=40
PPO Step 1333, t=41
PPO Step 1334, t=42
PPO Step 1335, t=43
PPO Step 1336, t=44
PPO Step 1337, t=45
PPO Step 1338, t=46
PPO Step 1339, t=47
PPO Step 1340, t=48
PPO Step 1341, t=49
PPO Step 1342, t=50
PPO Step 1343, t=51
PPO Step 1344, t=52
PPO Step 1345, t=53
PPO Step 1346, t=54
PPO Step 1347, t=55
PPO Step 1348, t=56
PPO Step 1349, t=57
PPO Step 1350, t=58
PPO Step 1351, t=59
PPO Step 1352, t=60
PPO Step 1353, t=61
PPO Step 1354, t=62
PPO Step 1355, t=63
PPO Step 1356, t=64
PPO Step 1357, t=65
PPO Step 1358, t=66
PPO Step 1359, t=67
PPO Step 1360, t=68
PPO Step 1361, t=69
PPO Step 1362, t=70
PPO Step 1363, t=71
PPO Step 1364, t=72
PPO Step 1365, t=73
PPO Step 1366, t=74
PPO Step 1367, t=75
PPO Step 1368, t=76
PPO Step 1369, t=77
PPO Step 1370, t=78
PPO Step 1371, t=79
PPO Step 1372, t=80
PPO Step 1373, t=81
PPO Step 1374, t=82
PPO Step 1375, t=83
PPO Step 1376, t=84
PPO Step 1377, t=85
PPO Step 1378, t=86
PPO Step 1379, t=87
PPO Step 1380, t=88
PPO Step 1381, t=89
PPO Step 1382, t=90
PPO Step 1383, t=91
PPO Step 1384, t=92
PPO Step 1385, t=93
PPO Step 1386, t=94
PPO Step 1387, t=95
PPO Step 1388, t=96
PPO Step 1389, t=97
PPO Step 1390, t=98
PPO Step 1391, t=99
PPO Step 1392, t=100
PPO Step 1393, t=101
PPO Step 1394, t=102
PPO Step 1395, t=103
PPO Step 1396, t=104
PPO Step 1397, t=105
PPO Step 1398, t=106
PPO Step 1399, t=107
PPO Step 1400, t=108
Step 1400 - Updating the algorithm
[Debug] Log probabilities of current policy actions: tensor([-11.0747, -11.7078, -11.7078, -10.9295, -12.7685, -10.6180,  -9.5413,
        -13.9088, -10.9295, -11.9034, -12.2795, -12.0401, -11.5942, -10.9295,
         -9.2764, -12.8317, -14.2078, -13.3821, -10.8816,  -9.0395,  -9.5139,
        -11.2149, -10.7016, -13.2438, -12.3081, -12.8837, -12.8837, -10.1657,
         -9.0395, -10.1584, -13.4553, -12.2983, -10.6058, -12.0412, -11.6813,
        -10.3245, -12.7026, -13.5691, -10.1657, -11.7582, -10.6058, -11.0643,
         -8.6391, -12.8054, -10.3749,  -9.2731, -13.5691, -11.9948, -12.3081,
        -10.8816, -10.3177, -10.4432,  -9.7308, -12.3280, -12.0637, -11.9948,
        -11.2149, -10.1764,  -9.6484, -10.3177, -13.4553, -11.4918, -10.3539,
        -12.2983], device='cuda:0')
[Debug] Log probabilities of expert actions: tensor([-12.8838, -42.0640, -14.3507, -13.9083, -14.1699, -13.5281, -13.9966,
        -13.3933, -13.5441, -12.9973, -13.7329, -12.0035, -28.4474, -14.0415,
        -26.0695, -12.8511, -12.4830, -13.7624, -11.8224, -12.7938, -12.5869,
        -12.0529, -13.1064, -15.1939, -11.9582, -13.5220, -12.4572, -12.5131,
        -27.1623, -12.6348, -13.9300, -26.9916, -13.0285, -13.9624, -12.2769,
        -25.0743, -14.1513, -12.8627, -12.6674, -12.0603, -28.3303, -12.6329,
        -26.2532, -12.7223, -14.0620, -25.8510, -12.6101, -14.2008, -12.7766,
        -12.3004, -12.5778, -13.9974, -25.1357, -12.3187, -11.6476, -13.6688,
        -26.5825, -12.6625, -12.8620, -27.1218, -13.0900, -12.5930, -13.1452,
        -13.5789], device='cuda:0')
[Debug] Log probabilities of current policy actions: tensor([-12.2544, -11.0425, -12.2795,  -9.0395, -11.6813,  -9.0395, -11.6813,
         -9.6484,  -9.1637, -11.8396,  -8.7919, -12.7026, -12.8317, -11.4350,
        -12.0401,  -9.5139, -12.3280, -12.9320, -11.4124, -14.5464, -10.4432,
        -11.8914,  -9.4472, -11.9616, -12.0412, -14.2078, -11.4124, -12.3280,
        -12.7136, -13.9628,  -8.6391,  -9.2731, -11.6462,  -9.5139, -11.0747,
         -9.6484, -10.3749, -11.0747, -11.7078, -12.0528, -11.6462, -11.0313,
        -14.2078, -12.2995,  -8.7919, -12.8317,  -8.4795, -12.2983, -11.7078,
        -13.0591, -12.2098, -12.0528, -10.3539, -12.0769, -13.0195, -11.1586,
        -13.2438, -11.0425, -11.4124, -14.0732, -11.8396, -11.7339,  -9.5139,
        -12.2983], device='cuda:0')
[Debug] Log probabilities of expert actions: tensor([-13.5187, -12.8616, -12.6517, -14.4175, -15.2559, -42.3269, -13.1517,
        -26.8354, -13.1452, -12.7518, -12.7223, -12.5674, -13.0426, -26.1201,
        -24.8737, -12.4843, -11.8908, -11.9303, -12.5675, -15.6012, -12.4626,
        -13.1840, -12.5263, -13.7685, -12.8482, -12.8838, -13.3388, -26.8819,
        -12.5930, -25.4291, -12.7351, -12.6021, -12.3716, -27.7374, -13.4746,
        -27.9938, -26.9380, -13.3894, -13.6563, -15.1905, -12.6278, -13.3063,
        -12.3079, -12.6303, -12.5711, -26.9749, -12.0605, -12.6736, -13.3000,
        -13.6551, -13.4465, -12.5570, -29.4064, -26.9987, -12.4115, -13.6504,
        -12.8336, -12.2010, -38.8194, -13.1031, -13.7506, -38.8571, -42.0640,
        -12.4852], device='cuda:0')
[Debug] Log probabilities of current policy actions: tensor([ -9.4472, -10.3539, -13.3364, -12.7136, -12.4875,  -9.8042, -13.0195,
        -11.7582, -11.2555, -11.0747,  -9.4472,  -9.2764, -10.1584, -11.1586,
        -12.3081, -12.8317, -11.4918, -11.4918, -12.2098, -12.2995, -10.7016,
        -11.9616, -10.6180, -10.6180, -13.7088, -11.6462,  -8.7919, -10.3245,
        -13.3364, -10.3177, -11.8396,  -9.5139, -14.0200, -11.7339, -12.2995,
        -13.3364, -12.8837,  -8.7919,  -9.5413, -12.4875, -12.7685, -13.0548,
        -11.4350,  -9.4472, -12.8054, -10.1373, -12.8837, -11.6462, -12.7223,
        -11.9034, -11.4350, -11.4350,  -9.8042, -10.1584, -10.6058, -10.1373,
        -13.7088,  -8.4795, -11.2149, -12.3683, -12.8317,  -9.1637,  -9.1965,
        -12.8317], device='cuda:0')
[Debug] Log probabilities of expert actions: tensor([-12.5366, -24.9155, -13.1307, -27.1975, -25.0993, -16.5421, -38.7979,
        -12.0399, -13.7717, -13.8627, -11.1949, -12.8067, -27.1237, -12.6718,
        -27.1261, -13.3063, -13.4026, -26.7760, -26.6918, -13.6381, -13.4472,
        -12.4908, -12.5267, -13.6360, -12.3323, -27.9363, -13.5378, -14.0195,
        -25.8510, -12.2166, -12.8247, -12.6510, -28.0426, -14.0398, -13.2139,
        -12.5230, -25.1357, -13.6308, -13.6423, -13.5413, -13.7366, -12.8449,
        -13.1517, -13.5378, -25.9975, -13.5281, -12.6626, -13.5848, -38.8072,
        -12.5614, -25.1357, -13.1838, -12.5814, -13.5313, -12.6547, -27.9363,
        -26.8458, -12.8750, -14.0203, -13.9083, -12.3684, -26.9324, -16.5644,
        -12.6972], device='cuda:0')
[Debug] Rewards: tensor([11.1103, 13.0259, 11.6445, 11.2274, 11.4844, 10.7025, 12.2169, 11.7411,
         9.7246, 11.3202,  9.9856, 11.7448, 11.8434, 11.4746, 11.9577, 10.3356,
        12.6468,  9.7938, 10.9762, 12.2192,  9.5823, 12.0571, 10.7136, 10.9772,
        11.1738, 11.3835, 10.6315, 10.9983,  8.2944, 11.1764, 10.9855,  9.3761,
        10.8113, 11.7078, 12.4465,  8.3930,  8.2064, 11.2820, 10.9272,  9.5007,
        12.5959, 11.6626, 12.5674,  8.3792,  9.4350, 11.3302,  8.8442, 12.3615,
        10.7895, 10.1815, 11.1266, 13.3955, 10.9699,  8.1820, 12.6773, 10.3474,
         9.5905, 11.9393, 10.8373,  8.1898,  6.9932,  7.7637, 12.2039,  7.9986,
         9.4839, 11.0750,  9.5262,  8.6963, 12.7763,  7.6100, 12.5541, 10.8644,
        11.6571, 11.2597, 13.0951,  8.0032,  8.7403,  9.3645, 10.7475, 10.6438,
        11.7585, 11.4712, 13.6685, 10.0280, 10.4424,  8.7521, 10.2079, 10.5455,
        11.4350, 13.4209, 11.7339, 10.4707, 11.2622, 11.9826,  7.5199, 10.3796,
         8.1696, 10.1836, 10.5282, 12.6622], device='cuda:0')
[Debug] Reward mean: 10.7088, std: 1.5090
PPO Step 1401, t=109
PPO Step 1402, t=110
PPO Step 1403, t=111
PPO Step 1404, t=112
PPO Step 1405, t=113
PPO Step 1406, t=114
PPO Step 1407, t=115
PPO Step 1408, t=116
PPO Step 1409, t=117
PPO Step 1410, t=118
PPO Step 1411, t=119
PPO Step 1412, t=120
PPO Step 1413, t=121
PPO Step 1414, t=122
PPO Step 1415, t=123
PPO Step 1416, t=124
PPO Step 1417, t=125
PPO Step 1418, t=126
PPO Step 1419, t=127
PPO Step 1420, t=128
PPO Step 1421, t=129
PPO Step 1422, t=130
PPO Step 1423, t=131
PPO Step 1424, t=132
PPO Step 1425, t=133
PPO Step 1426, t=134
PPO Step 1427, t=135
PPO Step 1428, t=136
PPO Step 1429, t=137
PPO Step 1430, t=138
PPO Step 1431, t=139
PPO Step 1432, t=140
PPO Step 1433, t=141
PPO Step 1434, t=142
PPO Step 1435, t=143
PPO Step 1436, t=144
PPO Step 1437, t=145
PPO Step 1438, t=146
PPO Step 1439, t=147
PPO Step 1440, t=148
PPO Step 1441, t=149
PPO Step 1442, t=150
PPO Step 1443, t=151
PPO Step 1444, t=152
PPO Step 1445, t=153
PPO Step 1446, t=1
PPO Step 1447, t=2
PPO Step 1448, t=3
PPO Step 1449, t=4
PPO Step 1450, t=5
PPO Step 1451, t=6
PPO Step 1452, t=7
PPO Step 1453, t=8
PPO Step 1454, t=9
PPO Step 1455, t=10
PPO Step 1456, t=11
PPO Step 1457, t=12
PPO Step 1458, t=13
PPO Step 1459, t=14
PPO Step 1460, t=15
PPO Step 1461, t=16
PPO Step 1462, t=17
PPO Step 1463, t=18
PPO Step 1464, t=19
PPO Step 1465, t=20
PPO Step 1466, t=21
PPO Step 1467, t=22
PPO Step 1468, t=23
PPO Step 1469, t=24
PPO Step 1470, t=25
PPO Step 1471, t=26
PPO Step 1472, t=27
PPO Step 1473, t=28
PPO Step 1474, t=29
PPO Step 1475, t=30
PPO Step 1476, t=31
PPO Step 1477, t=32
PPO Step 1478, t=33
PPO Step 1479, t=34
PPO Step 1480, t=35
PPO Step 1481, t=36
PPO Step 1482, t=37
PPO Step 1483, t=38
PPO Step 1484, t=39
PPO Step 1485, t=40
PPO Step 1486, t=41
PPO Step 1487, t=42
PPO Step 1488, t=43
PPO Step 1489, t=44
PPO Step 1490, t=45
PPO Step 1491, t=46
PPO Step 1492, t=47
PPO Step 1493, t=48
PPO Step 1494, t=49
PPO Step 1495, t=50
PPO Step 1496, t=51
PPO Step 1497, t=52
PPO Step 1498, t=53
PPO Step 1499, t=54
PPO Step 1500, t=55
Step 1500 - Updating the algorithm
[Debug] Log probabilities of current policy actions: tensor([-11.7492,  -8.6210, -12.7569, -12.8627, -12.5439, -10.7411,  -9.2387,
        -12.7118, -11.9214, -10.3305, -13.2231, -13.7040, -12.9715, -13.1003,
        -11.4103, -10.6045, -11.9229, -12.7110, -12.5528,  -9.4341,  -9.4341,
        -12.2149, -11.5894, -10.3305, -11.0153, -10.7810, -11.9201, -10.4457,
        -12.7475, -10.9678, -10.5181,  -9.4341, -11.2461, -15.1937, -13.5408,
        -14.4397, -13.7040, -12.5439, -11.9083, -11.3104,  -9.5153, -11.6705,
        -11.7509, -13.7419, -12.5725, -12.7167, -10.8890, -12.7569, -10.8883,
         -9.8413, -10.8883, -12.2255, -12.7118, -12.2407, -10.8883, -12.2255,
        -11.4105, -12.3159, -11.9214, -11.3816,  -9.8413, -12.5810, -11.9229,
        -11.5112], device='cuda:0')
[Debug] Log probabilities of expert actions: tensor([-12.7496, -13.3847, -12.1324, -12.3709, -13.8225, -13.2923, -12.9961,
        -12.8844, -27.4956, -13.6010, -12.3276, -12.0110, -12.9961, -13.8515,
        -13.8373, -14.0163, -12.5316, -13.0748, -13.5339, -13.1162, -12.2104,
        -13.8703, -13.2663, -13.9702, -12.7149, -26.4931, -12.1834, -13.2926,
        -13.6429, -12.2397, -13.2607, -12.3195, -13.3892, -16.0428, -27.5377,
        -11.9392, -12.4826, -13.2635, -13.8318, -13.8599, -12.2503, -13.2663,
        -12.8469, -14.8291, -12.9961, -13.2379, -28.1383, -26.3021, -13.1367,
        -13.8827, -13.5718, -12.0991, -14.0144, -27.7994, -11.5919, -25.5324,
        -26.8908, -13.1079, -13.7668, -13.1773, -12.4334, -25.8405, -12.2850,
        -12.1815], device='cuda:0')
[Debug] Log probabilities of current policy actions: tensor([-10.8883, -10.2345, -10.5407, -13.1003, -12.5439, -13.7040, -10.2767,
        -11.0858, -11.9229, -12.5439, -11.9011, -12.2255,  -9.5153,  -9.5402,
        -13.8842, -11.4103, -10.2311,  -9.7358,  -9.7358, -12.6226, -10.2311,
        -10.2053, -12.7118, -13.8842,  -8.6210,  -8.9488, -11.9083, -11.7492,
        -10.1448, -12.8642, -13.2231, -13.4505, -13.6480,  -9.4341, -10.3703,
        -13.4505, -13.7419, -11.0858, -12.5725, -10.9678, -10.6045, -11.4105,
         -8.5214, -12.5725, -10.2767, -11.8081, -10.4380, -11.3104, -10.8890,
         -9.4341, -13.1003, -12.7118, -14.4397,  -9.4341,  -8.8811, -13.0501,
        -10.9678, -12.9715,  -9.8707, -11.9111, -11.6705,  -9.7358, -10.7810,
         -8.5214], device='cuda:0')
[Debug] Log probabilities of expert actions: tensor([-13.0051, -13.3741, -13.8995, -13.8757, -13.6714, -12.7583, -13.8451,
        -27.3426, -13.9792, -12.3502, -12.1275, -12.7015, -12.0566, -13.2096,
        -12.1853, -11.2004, -13.1266, -11.4632, -13.9702, -11.9130, -12.8886,
        -13.2522, -13.7177, -13.8941, -13.6779, -12.9720, -14.4911, -13.1586,
        -11.9470, -13.6346, -13.8373, -13.9617, -13.9333, -13.1874, -12.5762,
        -12.3355, -13.8167, -12.8384, -13.0372, -12.9426, -13.4692, -12.3516,
        -27.8080, -13.7606, -16.0581, -41.6979, -13.1199, -13.9750, -12.8741,
        -12.4408, -12.7763, -12.9517, -16.0517, -25.8617, -25.3625, -29.2518,
        -12.7533, -13.8622, -12.5120, -13.1177, -13.3827, -12.6574, -12.8809,
        -25.3741], device='cuda:0')
[Debug] Log probabilities of current policy actions: tensor([-12.1765, -12.5528, -13.7040, -10.7810,  -9.8413, -11.0153, -13.2231,
         -8.3338, -11.9111, -12.2692,  -8.8811, -10.7810, -10.8883,  -8.3338,
        -11.7299, -10.4457, -12.7569, -11.9905, -12.6702,  -8.9488, -10.2311,
        -11.0858, -10.4457, -10.2311, -11.9111, -11.9011, -12.7110, -11.5112,
        -10.1198, -12.7167, -11.6705, -11.3816, -13.3126, -12.5439,  -9.8707,
        -10.1448, -10.7411, -10.3305, -10.2345,  -9.1622, -12.5528, -10.1198,
        -11.9229, -13.1939,  -9.5153, -11.5112, -10.5181,  -9.4341, -10.0984,
        -13.1939, -11.0153, -12.7110, -12.0627, -12.2149, -10.8883, -13.8842,
        -10.2053, -12.7110, -12.3159,  -8.8811,  -8.6210, -12.0627, -12.6226,
         -8.9488], device='cuda:0')
[Debug] Log probabilities of expert actions: tensor([-14.9414, -12.2612, -13.1727, -13.7815, -28.4557, -11.5802, -12.5971,
        -26.5325, -13.9449, -11.5628, -26.8435, -13.7815, -25.8479, -12.8886,
        -13.2046, -26.4342, -41.6828, -13.0644, -12.3265, -13.1727, -12.0270,
        -12.6051, -14.0801, -28.7847, -13.5339, -13.6332, -13.8298, -13.8540,
        -27.8080, -28.0741, -12.8069, -11.6263, -13.3265, -13.0443, -26.0816,
        -26.0705, -13.6502, -13.8869, -27.2510, -12.4397, -27.8080, -50.0282,
        -13.7962, -41.6828, -13.0740, -13.6202, -12.8742, -13.6307, -14.1491,
        -12.7604, -11.9057, -13.4845, -12.5835, -13.0137, -13.8421, -13.8373,
        -26.5062, -13.8746, -13.0894, -12.7551, -13.8373, -28.8359, -11.9434,
        -12.9251], device='cuda:0')
[Debug] Rewards: tensor([10.1437,  9.3888, 12.1401, 11.2751,  9.0653,  7.6580, 10.4608,  5.8062,
        11.3451, 10.4791,  9.3450, 12.3967,  8.4895,  9.9399, 10.0782, 14.4547,
        11.4664, 10.8916,  7.2278, 10.9845,  9.9813, 11.6627,  7.7533, 11.6767,
        11.3448, 11.4310,  8.1487,  9.1669, 10.5282,  6.6208, 10.7757, 10.2812,
         9.2203, 10.0722, 11.1385, 11.7139,  8.8888, 10.1252, 10.1049, 10.7704,
         9.0810, 10.9373,  8.0886,  9.9930,  8.9368, 11.8880, 11.6121, 12.1068,
         7.7184, 10.8996, 10.9265,  8.9594,  9.3833, 10.4801, 12.8443, 10.3508,
        11.7839,  9.1464,  9.8989, 11.5634, 11.8244,  9.5991, 13.6421, 11.5990,
         9.3535, 12.0161,  8.1981, 11.4928, 12.5787, 11.8210, 11.1229, 12.5755,
        10.1140, 10.1097, 11.6397, 11.8392, 10.4138, 10.8169,  8.5044, 10.7739,
         9.0390, 11.8468,  9.5618, 11.7544,  7.7838, 12.9633, 11.8392, 10.9116,
         9.0720, 10.0385, 12.6130, 12.6713, 10.9240,  9.0584, 13.0892, 11.3143,
        10.6841,  8.8689,  8.8261,  9.4109], device='cuda:0')
[Debug] Reward mean: 10.4335, std: 1.5750
Step 1500 - Evaluating the algorithm
Num steps: 1500     Return: -15567.8   Time: 0:11:01
Models saved to logs/Medauroidea/airl/20250716-1318/model
