Logging started at 20250716-1344
Ontime :
True
Action space mid: [-1.01873243  0.45176268 -1.4165763  -0.0205206   0.1673988  -1.3896672
  0.73325681  0.58896359 -1.6511396   0.8836804  -0.47590394  1.35490289
  0.18083922 -0.15080036  1.30874578 -0.74782036 -0.56708082  1.47821588], scale: [0.44304717 0.46786146 0.9527527  0.73484704 0.4457115  0.8509844
 0.45946249 0.41638221 0.9457742  0.2983276  0.44032795 1.03865751
 0.73073588 0.35183635 0.95987222 0.47668324 0.43512017 0.99632052]
INFO: VrepInterfaze is initialized successfully.
Ontime :
True
Action space mid: [-1.01873243  0.45176268 -1.4165763  -0.0205206   0.1673988  -1.3896672
  0.73325681  0.58896359 -1.6511396   0.8836804  -0.47590394  1.35490289
  0.18083922 -0.15080036  1.30874578 -0.74782036 -0.56708082  1.47821588], scale: [0.44304717 0.46786146 0.9527527  0.73484704 0.4457115  0.8509844
 0.45946249 0.41638221 0.9457742  0.2983276  0.44032795 1.03865751
 0.73073588 0.35183635 0.95987222 0.47668324 0.43512017 0.99632052]
INFO: VrepInterfaze is initialized successfully.
NVIDIA GeForce RTX 4060 Laptop GPU
Process ID: 37081
Env: Medauroidea, expert.csv, Seed: 0
Rollout length: 100
Num steps: 10000, Eval interval: 1000
Gamma: 0.995, Mix buffer: 1, Batch size: 64
lr_actor: 0.0001, lr_critic: 0.0001, lr_disc: 0.0001
Units Actor: (64, 64), Units Critic: (64, 64)
Units Disc R: (100, 100), Units Disc V: (100, 100)
Epoch ppo: 50, Epoch disc: 3
Clip Epsc: 0.2, Lambda: 0.97, Coef Ent: 0.05, Max Grad Norm: 10.0
Expert buffer size: 1517
Initial state shape: (33,)
PPO Step 1, t=1
PPO Step 2, t=2
PPO Step 3, t=3
PPO Step 4, t=4
PPO Step 5, t=5
PPO Step 6, t=6
PPO Step 7, t=7
PPO Step 8, t=8
PPO Step 9, t=9
PPO Step 10, t=10
PPO Step 11, t=11
PPO Step 12, t=12
PPO Step 13, t=13
PPO Step 14, t=14
PPO Step 15, t=15
PPO Step 16, t=16
PPO Step 17, t=17
PPO Step 18, t=18
PPO Step 19, t=19
PPO Step 20, t=20
PPO Step 21, t=21
PPO Step 22, t=22
PPO Step 23, t=23
PPO Step 24, t=24
PPO Step 25, t=25
PPO Step 26, t=26
PPO Step 27, t=27
PPO Step 28, t=28
PPO Step 29, t=29
PPO Step 30, t=30
PPO Step 31, t=31
PPO Step 32, t=32
PPO Step 33, t=33
PPO Step 34, t=34
PPO Step 35, t=35
PPO Step 36, t=1
PPO Step 37, t=2
PPO Step 38, t=3
PPO Step 39, t=4
PPO Step 40, t=5
PPO Step 41, t=6
PPO Step 42, t=7
PPO Step 43, t=8
PPO Step 44, t=9
PPO Step 45, t=10
PPO Step 46, t=11
PPO Step 47, t=12
PPO Step 48, t=13
PPO Step 49, t=14
PPO Step 50, t=15
PPO Step 51, t=16
PPO Step 52, t=17
PPO Step 53, t=18
PPO Step 54, t=19
PPO Step 55, t=20
PPO Step 56, t=21
PPO Step 57, t=22
PPO Step 58, t=23
PPO Step 59, t=24
PPO Step 60, t=25
PPO Step 61, t=26
PPO Step 62, t=27
PPO Step 63, t=28
PPO Step 64, t=29
PPO Step 65, t=30
PPO Step 66, t=31
PPO Step 67, t=32
PPO Step 68, t=33
PPO Step 69, t=34
PPO Step 70, t=35
PPO Step 71, t=36
PPO Step 72, t=37
PPO Step 73, t=38
PPO Step 74, t=39
PPO Step 75, t=40
PPO Step 76, t=41
PPO Step 77, t=42
PPO Step 78, t=43
PPO Step 79, t=44
PPO Step 80, t=45
PPO Step 81, t=46
PPO Step 82, t=47
PPO Step 83, t=48
PPO Step 84, t=49
PPO Step 85, t=50
PPO Step 86, t=51
PPO Step 87, t=52
PPO Step 88, t=53
PPO Step 89, t=54
PPO Step 90, t=55
PPO Step 91, t=56
PPO Step 92, t=57
PPO Step 93, t=58
PPO Step 94, t=59
PPO Step 95, t=60
PPO Step 96, t=61
PPO Step 97, t=62
PPO Step 98, t=63
PPO Step 99, t=64
PPO Step 100, t=65
Step 100 - Updating the algorithm
Update discriminator at step 1
Update discriminator at step 2
Update discriminator at step 3
[Debug] Reward mean: 11.2654, std: 1.6099
Updating PPO
PPO Step 101, t=66
PPO Step 102, t=67
PPO Step 103, t=68
PPO Step 104, t=69
PPO Step 105, t=70
PPO Step 106, t=71
PPO Step 107, t=72
PPO Step 108, t=73
PPO Step 109, t=74
PPO Step 110, t=75
PPO Step 111, t=76
PPO Step 112, t=77
PPO Step 113, t=78
PPO Step 114, t=79
PPO Step 115, t=80
PPO Step 116, t=81
PPO Step 117, t=82
PPO Step 118, t=83
PPO Step 119, t=84
PPO Step 120, t=85
PPO Step 121, t=86
PPO Step 122, t=87
PPO Step 123, t=88
PPO Step 124, t=89
PPO Step 125, t=90
PPO Step 126, t=91
PPO Step 127, t=92
PPO Step 128, t=93
PPO Step 129, t=94
PPO Step 130, t=95
PPO Step 131, t=96
PPO Step 132, t=97
PPO Step 133, t=98
PPO Step 134, t=99
PPO Step 135, t=100
PPO Step 136, t=101
PPO Step 137, t=102
PPO Step 138, t=103
PPO Step 139, t=104
PPO Step 140, t=105
PPO Step 141, t=106
PPO Step 142, t=107
PPO Step 143, t=108
PPO Step 144, t=109
PPO Step 145, t=110
PPO Step 146, t=111
PPO Step 147, t=112
PPO Step 148, t=113
PPO Step 149, t=114
PPO Step 150, t=115
PPO Step 151, t=116
PPO Step 152, t=117
PPO Step 153, t=118
PPO Step 154, t=119
PPO Step 155, t=120
PPO Step 156, t=121
PPO Step 157, t=122
PPO Step 158, t=123
PPO Step 159, t=124
PPO Step 160, t=125
PPO Step 161, t=126
PPO Step 162, t=127
PPO Step 163, t=128
PPO Step 164, t=129
PPO Step 165, t=130
PPO Step 166, t=131
PPO Step 167, t=132
PPO Step 168, t=133
PPO Step 169, t=134
PPO Step 170, t=135
PPO Step 171, t=136
PPO Step 172, t=137
PPO Step 173, t=138
PPO Step 174, t=139
PPO Step 175, t=140
PPO Step 176, t=141
PPO Step 177, t=142
PPO Step 178, t=143
PPO Step 179, t=144
PPO Step 180, t=145
PPO Step 181, t=146
PPO Step 182, t=1
PPO Step 183, t=2
PPO Step 184, t=3
PPO Step 185, t=4
PPO Step 186, t=5
PPO Step 187, t=6
PPO Step 188, t=7
PPO Step 189, t=8
PPO Step 190, t=9
PPO Step 191, t=10
PPO Step 192, t=11
PPO Step 193, t=12
PPO Step 194, t=13
PPO Step 195, t=14
PPO Step 196, t=15
PPO Step 197, t=16
PPO Step 198, t=17
PPO Step 199, t=18
PPO Step 200, t=19
Step 200 - Updating the algorithm
Update discriminator at step 4
Update discriminator at step 5
Update discriminator at step 6
[Debug] Reward mean: 11.2018, std: 1.4645
Updating PPO
PPO Step 201, t=20
PPO Step 202, t=21
PPO Step 203, t=22
PPO Step 204, t=23
PPO Step 205, t=24
PPO Step 206, t=25
PPO Step 207, t=26
PPO Step 208, t=27
PPO Step 209, t=28
PPO Step 210, t=29
PPO Step 211, t=30
PPO Step 212, t=31
PPO Step 213, t=32
PPO Step 214, t=33
PPO Step 215, t=34
PPO Step 216, t=35
PPO Step 217, t=36
PPO Step 218, t=37
PPO Step 219, t=38
PPO Step 220, t=39
PPO Step 221, t=40
PPO Step 222, t=41
PPO Step 223, t=42
PPO Step 224, t=43
PPO Step 225, t=44
PPO Step 226, t=45
PPO Step 227, t=46
PPO Step 228, t=47
PPO Step 229, t=48
PPO Step 230, t=1
PPO Step 231, t=2
PPO Step 232, t=3
PPO Step 233, t=4
PPO Step 234, t=5
PPO Step 235, t=6
PPO Step 236, t=7
PPO Step 237, t=8
PPO Step 238, t=9
PPO Step 239, t=10
PPO Step 240, t=11
PPO Step 241, t=12
PPO Step 242, t=13
PPO Step 243, t=14
PPO Step 244, t=15
PPO Step 245, t=16
PPO Step 246, t=17
PPO Step 247, t=18
PPO Step 248, t=1
PPO Step 249, t=2
PPO Step 250, t=3
PPO Step 251, t=4
PPO Step 252, t=5
PPO Step 253, t=6
PPO Step 254, t=7
PPO Step 255, t=8
PPO Step 256, t=9
PPO Step 257, t=10
PPO Step 258, t=11
PPO Step 259, t=1
PPO Step 260, t=2
PPO Step 261, t=3
PPO Step 262, t=4
PPO Step 263, t=5
PPO Step 264, t=6
PPO Step 265, t=7
PPO Step 266, t=8
PPO Step 267, t=9
PPO Step 268, t=10
PPO Step 269, t=11
PPO Step 270, t=12
PPO Step 271, t=13
PPO Step 272, t=14
PPO Step 273, t=15
PPO Step 274, t=16
PPO Step 275, t=17
PPO Step 276, t=18
PPO Step 277, t=19
PPO Step 278, t=20
PPO Step 279, t=21
PPO Step 280, t=22
PPO Step 281, t=23
PPO Step 282, t=24
PPO Step 283, t=25
PPO Step 284, t=26
PPO Step 285, t=27
PPO Step 286, t=28
PPO Step 287, t=29
PPO Step 288, t=30
PPO Step 289, t=1
PPO Step 290, t=2
PPO Step 291, t=3
PPO Step 292, t=4
PPO Step 293, t=5
PPO Step 294, t=6
PPO Step 295, t=7
PPO Step 296, t=8
PPO Step 297, t=9
PPO Step 298, t=10
PPO Step 299, t=11
PPO Step 300, t=12
Step 300 - Updating the algorithm
Update discriminator at step 7
Update discriminator at step 8
Update discriminator at step 9
[Debug] Reward mean: 10.9806, std: 1.7685
Updating PPO
PPO Step 301, t=13
PPO Step 302, t=14
PPO Step 303, t=15
PPO Step 304, t=16
PPO Step 305, t=17
PPO Step 306, t=18
PPO Step 307, t=19
PPO Step 308, t=20
PPO Step 309, t=21
PPO Step 310, t=22
PPO Step 311, t=23
PPO Step 312, t=24
PPO Step 313, t=25
PPO Step 314, t=26
PPO Step 315, t=27
PPO Step 316, t=28
PPO Step 317, t=29
PPO Step 318, t=30
PPO Step 319, t=31
PPO Step 320, t=32
PPO Step 321, t=33
PPO Step 322, t=34
PPO Step 323, t=35
PPO Step 324, t=36
PPO Step 325, t=37
PPO Step 326, t=38
PPO Step 327, t=39
PPO Step 328, t=40
PPO Step 329, t=41
PPO Step 330, t=42
PPO Step 331, t=43
PPO Step 332, t=44
PPO Step 333, t=45
PPO Step 334, t=46
PPO Step 335, t=47
PPO Step 336, t=48
PPO Step 337, t=49
PPO Step 338, t=50
PPO Step 339, t=51
PPO Step 340, t=52
PPO Step 341, t=53
PPO Step 342, t=54
PPO Step 343, t=55
PPO Step 344, t=1
PPO Step 345, t=2
PPO Step 346, t=3
PPO Step 347, t=4
PPO Step 348, t=5
PPO Step 349, t=6
PPO Step 350, t=7
PPO Step 351, t=8
PPO Step 352, t=9
PPO Step 353, t=10
PPO Step 354, t=11
PPO Step 355, t=12
PPO Step 356, t=13
PPO Step 357, t=14
PPO Step 358, t=15
PPO Step 359, t=16
PPO Step 360, t=17
PPO Step 361, t=18
PPO Step 362, t=1
PPO Step 363, t=2
PPO Step 364, t=3
PPO Step 365, t=4
PPO Step 366, t=5
PPO Step 367, t=6
PPO Step 368, t=7
PPO Step 369, t=8
PPO Step 370, t=9
PPO Step 371, t=10
PPO Step 372, t=11
PPO Step 373, t=12
PPO Step 374, t=13
PPO Step 375, t=14
PPO Step 376, t=15
PPO Step 377, t=16
PPO Step 378, t=17
PPO Step 379, t=18
PPO Step 380, t=19
PPO Step 381, t=20
PPO Step 382, t=21
PPO Step 383, t=22
PPO Step 384, t=1
PPO Step 385, t=2
PPO Step 386, t=3
PPO Step 387, t=4
PPO Step 388, t=5
PPO Step 389, t=6
PPO Step 390, t=7
PPO Step 391, t=8
PPO Step 392, t=9
PPO Step 393, t=10
PPO Step 394, t=11
PPO Step 395, t=12
PPO Step 396, t=13
PPO Step 397, t=14
PPO Step 398, t=15
PPO Step 399, t=16
PPO Step 400, t=17
Step 400 - Updating the algorithm
Update discriminator at step 10
Update discriminator at step 11
Update discriminator at step 12
[Debug] Reward mean: 10.8755, std: 1.4563
Updating PPO
PPO Step 401, t=18
PPO Step 402, t=19
PPO Step 403, t=20
PPO Step 404, t=21
PPO Step 405, t=22
PPO Step 406, t=23
PPO Step 407, t=24
PPO Step 408, t=25
PPO Step 409, t=26
PPO Step 410, t=27
PPO Step 411, t=28
PPO Step 412, t=29
PPO Step 413, t=30
PPO Step 414, t=31
PPO Step 415, t=32
PPO Step 416, t=33
PPO Step 417, t=1
PPO Step 418, t=2
PPO Step 419, t=3
PPO Step 420, t=4
PPO Step 421, t=5
PPO Step 422, t=6
PPO Step 423, t=7
PPO Step 424, t=8
PPO Step 425, t=9
PPO Step 426, t=10
PPO Step 427, t=11
PPO Step 428, t=12
PPO Step 429, t=13
PPO Step 430, t=14
PPO Step 431, t=15
PPO Step 432, t=16
PPO Step 433, t=17
PPO Step 434, t=18
PPO Step 435, t=1
PPO Step 436, t=2
PPO Step 437, t=3
PPO Step 438, t=4
PPO Step 439, t=5
PPO Step 440, t=6
PPO Step 441, t=7
PPO Step 442, t=8
PPO Step 443, t=9
PPO Step 444, t=10
PPO Step 445, t=11
PPO Step 446, t=12
PPO Step 447, t=13
PPO Step 448, t=14
PPO Step 449, t=15
PPO Step 450, t=16
PPO Step 451, t=17
PPO Step 452, t=18
PPO Step 453, t=19
PPO Step 454, t=20
PPO Step 455, t=21
PPO Step 456, t=22
PPO Step 457, t=23
PPO Step 458, t=24
PPO Step 459, t=25
PPO Step 460, t=26
PPO Step 461, t=27
PPO Step 462, t=28
PPO Step 463, t=29
PPO Step 464, t=30
PPO Step 465, t=31
PPO Step 466, t=32
PPO Step 467, t=33
PPO Step 468, t=34
PPO Step 469, t=35
PPO Step 470, t=36
PPO Step 471, t=37
PPO Step 472, t=38
PPO Step 473, t=39
PPO Step 474, t=40
PPO Step 475, t=41
PPO Step 476, t=42
PPO Step 477, t=43
PPO Step 478, t=44
PPO Step 479, t=45
PPO Step 480, t=46
PPO Step 481, t=47
PPO Step 482, t=48
PPO Step 483, t=49
PPO Step 484, t=50
PPO Step 485, t=51
PPO Step 486, t=52
PPO Step 487, t=53
PPO Step 488, t=54
PPO Step 489, t=55
PPO Step 490, t=56
PPO Step 491, t=57
PPO Step 492, t=58
PPO Step 493, t=59
PPO Step 494, t=60
PPO Step 495, t=61
PPO Step 496, t=62
PPO Step 497, t=63
PPO Step 498, t=64
PPO Step 499, t=65
PPO Step 500, t=66
Step 500 - Updating the algorithm
Update discriminator at step 13
Update discriminator at step 14
Update discriminator at step 15
[Debug] Reward mean: 11.1192, std: 1.5016
Updating PPO
PPO Step 501, t=67
PPO Step 502, t=68
PPO Step 503, t=69
PPO Step 504, t=70
PPO Step 505, t=71
PPO Step 506, t=72
PPO Step 507, t=73
PPO Step 508, t=74
PPO Step 509, t=75
PPO Step 510, t=76
PPO Step 511, t=77
PPO Step 512, t=78
PPO Step 513, t=79
PPO Step 514, t=80
PPO Step 515, t=81
PPO Step 516, t=82
PPO Step 517, t=83
PPO Step 518, t=84
PPO Step 519, t=85
PPO Step 520, t=86
PPO Step 521, t=87
PPO Step 522, t=88
PPO Step 523, t=89
PPO Step 524, t=90
PPO Step 525, t=91
PPO Step 526, t=92
PPO Step 527, t=93
PPO Step 528, t=94
PPO Step 529, t=95
PPO Step 530, t=96
PPO Step 531, t=97
PPO Step 532, t=98
PPO Step 533, t=99
PPO Step 534, t=100
PPO Step 535, t=101
PPO Step 536, t=102
PPO Step 537, t=103
PPO Step 538, t=104
PPO Step 539, t=105
PPO Step 540, t=106
PPO Step 541, t=107
PPO Step 542, t=108
PPO Step 543, t=109
PPO Step 544, t=110
PPO Step 545, t=111
PPO Step 546, t=112
PPO Step 547, t=113
PPO Step 548, t=114
PPO Step 549, t=115
PPO Step 550, t=116
PPO Step 551, t=117
PPO Step 552, t=118
PPO Step 553, t=119
PPO Step 554, t=120
PPO Step 555, t=121
PPO Step 556, t=122
PPO Step 557, t=123
PPO Step 558, t=124
PPO Step 559, t=125
PPO Step 560, t=126
PPO Step 561, t=127
PPO Step 562, t=128
PPO Step 563, t=129
PPO Step 564, t=130
PPO Step 565, t=131
PPO Step 566, t=132
PPO Step 567, t=133
PPO Step 568, t=134
PPO Step 569, t=135
PPO Step 570, t=136
PPO Step 571, t=137
PPO Step 572, t=138
PPO Step 573, t=139
PPO Step 574, t=140
PPO Step 575, t=141
PPO Step 576, t=142
PPO Step 577, t=143
PPO Step 578, t=144
PPO Step 579, t=145
PPO Step 580, t=146
PPO Step 581, t=147
PPO Step 582, t=148
PPO Step 583, t=149
PPO Step 584, t=150
PPO Step 585, t=151
PPO Step 586, t=152
PPO Step 587, t=153
PPO Step 588, t=154
PPO Step 589, t=155
PPO Step 590, t=156
PPO Step 591, t=1
PPO Step 592, t=2
PPO Step 593, t=3
PPO Step 594, t=4
PPO Step 595, t=5
PPO Step 596, t=6
PPO Step 597, t=7
PPO Step 598, t=8
PPO Step 599, t=9
PPO Step 600, t=10
Step 600 - Updating the algorithm
Update discriminator at step 16
Update discriminator at step 17
Update discriminator at step 18
[Debug] Reward mean: 10.8972, std: 1.3655
Updating PPO
PPO Step 601, t=1
PPO Step 602, t=2
PPO Step 603, t=3
PPO Step 604, t=4
PPO Step 605, t=5
PPO Step 606, t=6
PPO Step 607, t=1
PPO Step 608, t=2
PPO Step 609, t=3
PPO Step 610, t=4
PPO Step 611, t=5
PPO Step 612, t=6
PPO Step 613, t=7
PPO Step 614, t=8
PPO Step 615, t=9
PPO Step 616, t=10
PPO Step 617, t=11
PPO Step 618, t=12
PPO Step 619, t=13
PPO Step 620, t=14
PPO Step 621, t=15
PPO Step 622, t=16
PPO Step 623, t=17
PPO Step 624, t=18
PPO Step 625, t=19
PPO Step 626, t=20
PPO Step 627, t=21
PPO Step 628, t=22
PPO Step 629, t=23
PPO Step 630, t=24
PPO Step 631, t=25
PPO Step 632, t=26
PPO Step 633, t=27
PPO Step 634, t=28
PPO Step 635, t=29
PPO Step 636, t=30
PPO Step 637, t=1
PPO Step 638, t=2
PPO Step 639, t=3
PPO Step 640, t=4
PPO Step 641, t=5
PPO Step 642, t=6
PPO Step 643, t=7
PPO Step 644, t=8
PPO Step 645, t=9
PPO Step 646, t=10
PPO Step 647, t=11
PPO Step 648, t=12
PPO Step 649, t=13
PPO Step 650, t=14
PPO Step 651, t=15
PPO Step 652, t=16
PPO Step 653, t=17
PPO Step 654, t=18
PPO Step 655, t=19
PPO Step 656, t=20
PPO Step 657, t=21
PPO Step 658, t=22
PPO Step 659, t=23
PPO Step 660, t=24
PPO Step 661, t=25
PPO Step 662, t=26
PPO Step 663, t=27
PPO Step 664, t=28
PPO Step 665, t=29
PPO Step 666, t=30
PPO Step 667, t=31
PPO Step 668, t=32
PPO Step 669, t=33
PPO Step 670, t=34
PPO Step 671, t=35
PPO Step 672, t=36
PPO Step 673, t=37
PPO Step 674, t=38
PPO Step 675, t=39
PPO Step 676, t=40
PPO Step 677, t=41
PPO Step 678, t=42
PPO Step 679, t=43
PPO Step 680, t=44
PPO Step 681, t=45
PPO Step 682, t=46
PPO Step 683, t=47
PPO Step 684, t=48
PPO Step 685, t=49
PPO Step 686, t=50
PPO Step 687, t=51
PPO Step 688, t=52
PPO Step 689, t=53
PPO Step 690, t=54
PPO Step 691, t=55
PPO Step 692, t=56
PPO Step 693, t=57
PPO Step 694, t=58
PPO Step 695, t=59
PPO Step 696, t=60
PPO Step 697, t=61
PPO Step 698, t=62
PPO Step 699, t=63
PPO Step 700, t=64
Step 700 - Updating the algorithm
Update discriminator at step 19
Update discriminator at step 20
Update discriminator at step 21
[Debug] Reward mean: 10.9153, std: 1.4925
Updating PPO
PPO Step 701, t=65
PPO Step 702, t=66
PPO Step 703, t=67
PPO Step 704, t=68
PPO Step 705, t=69
PPO Step 706, t=70
PPO Step 707, t=71
PPO Step 708, t=72
PPO Step 709, t=73
PPO Step 710, t=74
PPO Step 711, t=75
PPO Step 712, t=76
PPO Step 713, t=77
PPO Step 714, t=78
PPO Step 715, t=79
PPO Step 716, t=80
PPO Step 717, t=81
PPO Step 718, t=82
PPO Step 719, t=83
PPO Step 720, t=84
PPO Step 721, t=85
PPO Step 722, t=86
PPO Step 723, t=87
PPO Step 724, t=88
PPO Step 725, t=89
PPO Step 726, t=90
PPO Step 727, t=91
PPO Step 728, t=92
PPO Step 729, t=93
PPO Step 730, t=1
PPO Step 731, t=2
PPO Step 732, t=3
PPO Step 733, t=4
PPO Step 734, t=5
PPO Step 735, t=6
PPO Step 736, t=7
PPO Step 737, t=8
PPO Step 738, t=9
PPO Step 739, t=10
PPO Step 740, t=11
PPO Step 741, t=12
PPO Step 742, t=13
PPO Step 743, t=14
PPO Step 744, t=15
PPO Step 745, t=16
PPO Step 746, t=17
PPO Step 747, t=18
PPO Step 748, t=19
PPO Step 749, t=20
PPO Step 750, t=21
PPO Step 751, t=22
PPO Step 752, t=23
PPO Step 753, t=24
PPO Step 754, t=25
PPO Step 755, t=26
PPO Step 756, t=27
PPO Step 757, t=28
PPO Step 758, t=29
PPO Step 759, t=30
PPO Step 760, t=31
PPO Step 761, t=32
PPO Step 762, t=33
PPO Step 763, t=34
PPO Step 764, t=35
PPO Step 765, t=36
PPO Step 766, t=37
PPO Step 767, t=38
PPO Step 768, t=39
PPO Step 769, t=40
PPO Step 770, t=41
PPO Step 771, t=42
PPO Step 772, t=43
PPO Step 773, t=44
PPO Step 774, t=45
PPO Step 775, t=46
PPO Step 776, t=47
PPO Step 777, t=48
PPO Step 778, t=49
PPO Step 779, t=50
PPO Step 780, t=51
PPO Step 781, t=52
PPO Step 782, t=53
PPO Step 783, t=54
PPO Step 784, t=55
PPO Step 785, t=56
PPO Step 786, t=57
PPO Step 787, t=58
PPO Step 788, t=59
PPO Step 789, t=60
PPO Step 790, t=61
PPO Step 791, t=62
PPO Step 792, t=63
PPO Step 793, t=64
PPO Step 794, t=1
PPO Step 795, t=2
PPO Step 796, t=3
PPO Step 797, t=4
PPO Step 798, t=5
PPO Step 799, t=6
PPO Step 800, t=7
Step 800 - Updating the algorithm
Update discriminator at step 22
Update discriminator at step 23
Update discriminator at step 24
[Debug] Reward mean: 10.7113, std: 1.5308
Updating PPO
PPO Step 801, t=8
PPO Step 802, t=9
PPO Step 803, t=10
PPO Step 804, t=11
PPO Step 805, t=12
PPO Step 806, t=13
PPO Step 807, t=14
PPO Step 808, t=1
PPO Step 809, t=2
PPO Step 810, t=3
PPO Step 811, t=4
PPO Step 812, t=5
PPO Step 813, t=6
PPO Step 814, t=7
PPO Step 815, t=8
PPO Step 816, t=9
PPO Step 817, t=10
PPO Step 818, t=11
PPO Step 819, t=12
PPO Step 820, t=13
PPO Step 821, t=14
PPO Step 822, t=15
PPO Step 823, t=16
PPO Step 824, t=17
PPO Step 825, t=18
PPO Step 826, t=19
PPO Step 827, t=20
PPO Step 828, t=21
PPO Step 829, t=22
PPO Step 830, t=23
PPO Step 831, t=24
PPO Step 832, t=25
PPO Step 833, t=1
PPO Step 834, t=2
PPO Step 835, t=3
PPO Step 836, t=4
PPO Step 837, t=5
PPO Step 838, t=6
PPO Step 839, t=7
PPO Step 840, t=8
PPO Step 841, t=9
PPO Step 842, t=10
PPO Step 843, t=11
PPO Step 844, t=12
PPO Step 845, t=13
PPO Step 846, t=14
PPO Step 847, t=15
PPO Step 848, t=16
PPO Step 849, t=17
PPO Step 850, t=18
PPO Step 851, t=19
PPO Step 852, t=20
PPO Step 853, t=21
PPO Step 854, t=22
PPO Step 855, t=23
PPO Step 856, t=24
PPO Step 857, t=25
PPO Step 858, t=26
PPO Step 859, t=27
PPO Step 860, t=28
PPO Step 861, t=29
PPO Step 862, t=30
PPO Step 863, t=31
PPO Step 864, t=32
PPO Step 865, t=33
PPO Step 866, t=34
PPO Step 867, t=35
PPO Step 868, t=36
PPO Step 869, t=37
PPO Step 870, t=38
PPO Step 871, t=39
PPO Step 872, t=40
PPO Step 873, t=1
PPO Step 874, t=2
PPO Step 875, t=3
PPO Step 876, t=4
PPO Step 877, t=5
PPO Step 878, t=6
PPO Step 879, t=7
PPO Step 880, t=8
PPO Step 881, t=9
PPO Step 882, t=10
PPO Step 883, t=11
PPO Step 884, t=12
PPO Step 885, t=13
PPO Step 886, t=14
PPO Step 887, t=15
PPO Step 888, t=16
PPO Step 889, t=17
PPO Step 890, t=18
PPO Step 891, t=19
PPO Step 892, t=20
PPO Step 893, t=21
PPO Step 894, t=22
PPO Step 895, t=23
PPO Step 896, t=24
PPO Step 897, t=25
PPO Step 898, t=26
PPO Step 899, t=27
PPO Step 900, t=28
Step 900 - Updating the algorithm
Update discriminator at step 25
Update discriminator at step 26
Update discriminator at step 27
[Debug] Reward mean: 11.1062, std: 1.5024
Updating PPO
PPO Step 901, t=29
PPO Step 902, t=30
PPO Step 903, t=31
PPO Step 904, t=32
PPO Step 905, t=33
PPO Step 906, t=34
PPO Step 907, t=35
PPO Step 908, t=36
PPO Step 909, t=37
PPO Step 910, t=38
PPO Step 911, t=39
PPO Step 912, t=1
PPO Step 913, t=2
PPO Step 914, t=3
PPO Step 915, t=4
PPO Step 916, t=5
PPO Step 917, t=6
PPO Step 918, t=7
PPO Step 919, t=8
PPO Step 920, t=9
PPO Step 921, t=10
PPO Step 922, t=11
PPO Step 923, t=12
PPO Step 924, t=13
PPO Step 925, t=14
PPO Step 926, t=15
PPO Step 927, t=16
PPO Step 928, t=17
PPO Step 929, t=18
PPO Step 930, t=19
PPO Step 931, t=1
PPO Step 932, t=2
PPO Step 933, t=3
PPO Step 934, t=4
PPO Step 935, t=5
PPO Step 936, t=6
PPO Step 937, t=7
PPO Step 938, t=8
PPO Step 939, t=9
PPO Step 940, t=10
PPO Step 941, t=11
PPO Step 942, t=12
PPO Step 943, t=13
PPO Step 944, t=14
PPO Step 945, t=15
PPO Step 946, t=16
PPO Step 947, t=17
PPO Step 948, t=18
PPO Step 949, t=19
PPO Step 950, t=20
PPO Step 951, t=21
PPO Step 952, t=22
PPO Step 953, t=23
PPO Step 954, t=24
PPO Step 955, t=25
PPO Step 956, t=26
PPO Step 957, t=27
PPO Step 958, t=28
PPO Step 959, t=29
PPO Step 960, t=30
PPO Step 961, t=31
PPO Step 962, t=32
PPO Step 963, t=33
PPO Step 964, t=34
PPO Step 965, t=35
PPO Step 966, t=36
PPO Step 967, t=37
PPO Step 968, t=38
PPO Step 969, t=39
PPO Step 970, t=40
PPO Step 971, t=41
PPO Step 972, t=42
PPO Step 973, t=43
PPO Step 974, t=44
PPO Step 975, t=45
PPO Step 976, t=46
PPO Step 977, t=47
PPO Step 978, t=48
PPO Step 979, t=49
PPO Step 980, t=50
PPO Step 981, t=51
PPO Step 982, t=52
PPO Step 983, t=53
PPO Step 984, t=54
PPO Step 985, t=55
PPO Step 986, t=56
PPO Step 987, t=57
PPO Step 988, t=58
PPO Step 989, t=1
PPO Step 990, t=2
PPO Step 991, t=3
PPO Step 992, t=4
PPO Step 993, t=5
PPO Step 994, t=6
PPO Step 995, t=7
PPO Step 996, t=8
PPO Step 997, t=9
PPO Step 998, t=10
PPO Step 999, t=11
PPO Step 1000, t=12
Step 1000 - Updating the algorithm
Update discriminator at step 28
Update discriminator at step 29
Update discriminator at step 30
[Debug] Reward mean: 10.9163, std: 1.5039
Updating PPO
Step 1000 - Evaluating the algorithm
Num steps: 1000     Return: -16658.0   Time: 0:04:26
PPO Step 1001, t=13
PPO Step 1002, t=14
PPO Step 1003, t=15
PPO Step 1004, t=16
PPO Step 1005, t=17
PPO Step 1006, t=18
PPO Step 1007, t=19
PPO Step 1008, t=20
PPO Step 1009, t=21
PPO Step 1010, t=22
PPO Step 1011, t=23
PPO Step 1012, t=24
PPO Step 1013, t=25
PPO Step 1014, t=26
PPO Step 1015, t=27
PPO Step 1016, t=28
PPO Step 1017, t=29
PPO Step 1018, t=30
PPO Step 1019, t=31
PPO Step 1020, t=32
PPO Step 1021, t=33
PPO Step 1022, t=34
PPO Step 1023, t=35
PPO Step 1024, t=36
PPO Step 1025, t=37
PPO Step 1026, t=38
PPO Step 1027, t=39
PPO Step 1028, t=40
PPO Step 1029, t=41
PPO Step 1030, t=42
PPO Step 1031, t=43
PPO Step 1032, t=44
PPO Step 1033, t=45
PPO Step 1034, t=46
PPO Step 1035, t=47
PPO Step 1036, t=48
PPO Step 1037, t=49
PPO Step 1038, t=50
PPO Step 1039, t=51
PPO Step 1040, t=52
PPO Step 1041, t=53
PPO Step 1042, t=54
PPO Step 1043, t=55
PPO Step 1044, t=56
PPO Step 1045, t=57
PPO Step 1046, t=58
PPO Step 1047, t=59
PPO Step 1048, t=60
PPO Step 1049, t=61
PPO Step 1050, t=62
PPO Step 1051, t=63
PPO Step 1052, t=64
PPO Step 1053, t=65
PPO Step 1054, t=66
PPO Step 1055, t=67
PPO Step 1056, t=68
PPO Step 1057, t=69
PPO Step 1058, t=70
PPO Step 1059, t=71
PPO Step 1060, t=72
PPO Step 1061, t=73
PPO Step 1062, t=74
PPO Step 1063, t=75
PPO Step 1064, t=76
PPO Step 1065, t=77
PPO Step 1066, t=78
PPO Step 1067, t=79
PPO Step 1068, t=80
PPO Step 1069, t=81
PPO Step 1070, t=82
PPO Step 1071, t=83
PPO Step 1072, t=84
PPO Step 1073, t=85
PPO Step 1074, t=86
PPO Step 1075, t=87
PPO Step 1076, t=88
PPO Step 1077, t=89
PPO Step 1078, t=90
PPO Step 1079, t=91
PPO Step 1080, t=92
PPO Step 1081, t=93
PPO Step 1082, t=94
PPO Step 1083, t=95
PPO Step 1084, t=96
PPO Step 1085, t=97
PPO Step 1086, t=98
PPO Step 1087, t=99
PPO Step 1088, t=100
PPO Step 1089, t=101
PPO Step 1090, t=102
PPO Step 1091, t=103
PPO Step 1092, t=104
PPO Step 1093, t=105
PPO Step 1094, t=106
PPO Step 1095, t=107
PPO Step 1096, t=108
PPO Step 1097, t=109
PPO Step 1098, t=110
PPO Step 1099, t=111
PPO Step 1100, t=112
Step 1100 - Updating the algorithm
Update discriminator at step 31
Update discriminator at step 32
Update discriminator at step 33
[Debug] Reward mean: 10.6070, std: 1.5587
Updating PPO
PPO Step 1101, t=113
PPO Step 1102, t=114
PPO Step 1103, t=115
PPO Step 1104, t=116
PPO Step 1105, t=117
PPO Step 1106, t=118
PPO Step 1107, t=119
PPO Step 1108, t=120
PPO Step 1109, t=121
PPO Step 1110, t=122
PPO Step 1111, t=123
PPO Step 1112, t=124
PPO Step 1113, t=125
PPO Step 1114, t=126
PPO Step 1115, t=127
PPO Step 1116, t=128
PPO Step 1117, t=129
PPO Step 1118, t=130
PPO Step 1119, t=131
PPO Step 1120, t=132
PPO Step 1121, t=133
PPO Step 1122, t=134
PPO Step 1123, t=135
PPO Step 1124, t=136
PPO Step 1125, t=137
PPO Step 1126, t=138
PPO Step 1127, t=139
PPO Step 1128, t=140
PPO Step 1129, t=141
PPO Step 1130, t=142
PPO Step 1131, t=143
PPO Step 1132, t=144
PPO Step 1133, t=145
PPO Step 1134, t=146
PPO Step 1135, t=147
PPO Step 1136, t=148
PPO Step 1137, t=149
PPO Step 1138, t=150
PPO Step 1139, t=151
PPO Step 1140, t=152
PPO Step 1141, t=153
PPO Step 1142, t=154
PPO Step 1143, t=155
PPO Step 1144, t=156
PPO Step 1145, t=157
PPO Step 1146, t=158
PPO Step 1147, t=159
PPO Step 1148, t=160
PPO Step 1149, t=161
PPO Step 1150, t=162
PPO Step 1151, t=163
PPO Step 1152, t=164
PPO Step 1153, t=165
PPO Step 1154, t=166
PPO Step 1155, t=167
PPO Step 1156, t=168
PPO Step 1157, t=169
PPO Step 1158, t=170
PPO Step 1159, t=171
PPO Step 1160, t=172
PPO Step 1161, t=173
PPO Step 1162, t=174
PPO Step 1163, t=175
PPO Step 1164, t=176
PPO Step 1165, t=177
PPO Step 1166, t=178
PPO Step 1167, t=179
PPO Step 1168, t=180
PPO Step 1169, t=181
PPO Step 1170, t=182
PPO Step 1171, t=183
PPO Step 1172, t=184
PPO Step 1173, t=185
PPO Step 1174, t=186
PPO Step 1175, t=187
PPO Step 1176, t=188
PPO Step 1177, t=189
PPO Step 1178, t=190
PPO Step 1179, t=191
PPO Step 1180, t=192
PPO Step 1181, t=193
PPO Step 1182, t=194
PPO Step 1183, t=195
PPO Step 1184, t=196
PPO Step 1185, t=197
PPO Step 1186, t=198
PPO Step 1187, t=199
PPO Step 1188, t=200
PPO Step 1189, t=201
PPO Step 1190, t=202
PPO Step 1191, t=203
PPO Step 1192, t=204
PPO Step 1193, t=205
PPO Step 1194, t=206
PPO Step 1195, t=207
PPO Step 1196, t=208
PPO Step 1197, t=209
PPO Step 1198, t=210
PPO Step 1199, t=211
PPO Step 1200, t=212
Step 1200 - Updating the algorithm
Update discriminator at step 34
Update discriminator at step 35
Update discriminator at step 36
[Debug] Reward mean: 10.2677, std: 1.7148
Updating PPO
PPO Step 1201, t=213
PPO Step 1202, t=214
PPO Step 1203, t=215
PPO Step 1204, t=216
PPO Step 1205, t=217
PPO Step 1206, t=218
PPO Step 1207, t=219
PPO Step 1208, t=220
PPO Step 1209, t=221
PPO Step 1210, t=222
PPO Step 1211, t=223
PPO Step 1212, t=224
PPO Step 1213, t=225
PPO Step 1214, t=226
PPO Step 1215, t=1
PPO Step 1216, t=2
PPO Step 1217, t=3
PPO Step 1218, t=4
PPO Step 1219, t=5
PPO Step 1220, t=6
PPO Step 1221, t=7
PPO Step 1222, t=8
PPO Step 1223, t=9
PPO Step 1224, t=10
PPO Step 1225, t=11
PPO Step 1226, t=12
PPO Step 1227, t=13
PPO Step 1228, t=14
PPO Step 1229, t=15
PPO Step 1230, t=16
PPO Step 1231, t=17
PPO Step 1232, t=18
PPO Step 1233, t=19
PPO Step 1234, t=1
PPO Step 1235, t=2
PPO Step 1236, t=3
PPO Step 1237, t=4
PPO Step 1238, t=5
PPO Step 1239, t=6
PPO Step 1240, t=7
PPO Step 1241, t=8
PPO Step 1242, t=9
PPO Step 1243, t=10
PPO Step 1244, t=11
PPO Step 1245, t=12
PPO Step 1246, t=13
PPO Step 1247, t=14
PPO Step 1248, t=15
PPO Step 1249, t=16
PPO Step 1250, t=17
PPO Step 1251, t=18
PPO Step 1252, t=19
PPO Step 1253, t=1
PPO Step 1254, t=2
PPO Step 1255, t=3
PPO Step 1256, t=4
PPO Step 1257, t=5
PPO Step 1258, t=6
PPO Step 1259, t=7
PPO Step 1260, t=8
PPO Step 1261, t=9
PPO Step 1262, t=10
PPO Step 1263, t=11
PPO Step 1264, t=12
PPO Step 1265, t=13
PPO Step 1266, t=14
PPO Step 1267, t=15
PPO Step 1268, t=16
PPO Step 1269, t=17
PPO Step 1270, t=18
PPO Step 1271, t=19
PPO Step 1272, t=20
PPO Step 1273, t=21
PPO Step 1274, t=22
PPO Step 1275, t=23
PPO Step 1276, t=24
PPO Step 1277, t=25
PPO Step 1278, t=26
PPO Step 1279, t=27
PPO Step 1280, t=1
PPO Step 1281, t=2
PPO Step 1282, t=3
PPO Step 1283, t=4
PPO Step 1284, t=5
PPO Step 1285, t=6
PPO Step 1286, t=7
PPO Step 1287, t=8
PPO Step 1288, t=9
PPO Step 1289, t=10
PPO Step 1290, t=11
PPO Step 1291, t=12
PPO Step 1292, t=13
PPO Step 1293, t=14
PPO Step 1294, t=15
PPO Step 1295, t=16
PPO Step 1296, t=17
PPO Step 1297, t=18
PPO Step 1298, t=19
PPO Step 1299, t=20
PPO Step 1300, t=21
Step 1300 - Updating the algorithm
Update discriminator at step 37
Update discriminator at step 38
Update discriminator at step 39
[Debug] Reward mean: 10.5566, std: 1.4225
Updating PPO
PPO Step 1301, t=22
PPO Step 1302, t=1
PPO Step 1303, t=2
PPO Step 1304, t=3
PPO Step 1305, t=4
PPO Step 1306, t=5
PPO Step 1307, t=6
PPO Step 1308, t=7
PPO Step 1309, t=8
PPO Step 1310, t=9
PPO Step 1311, t=10
PPO Step 1312, t=11
PPO Step 1313, t=12
PPO Step 1314, t=13
PPO Step 1315, t=14
PPO Step 1316, t=15
PPO Step 1317, t=16
PPO Step 1318, t=17
PPO Step 1319, t=18
PPO Step 1320, t=19
PPO Step 1321, t=20
PPO Step 1322, t=21
PPO Step 1323, t=22
PPO Step 1324, t=23
PPO Step 1325, t=24
PPO Step 1326, t=25
PPO Step 1327, t=26
PPO Step 1328, t=27
PPO Step 1329, t=28
PPO Step 1330, t=29
PPO Step 1331, t=30
PPO Step 1332, t=31
PPO Step 1333, t=32
PPO Step 1334, t=33
PPO Step 1335, t=34
PPO Step 1336, t=35
PPO Step 1337, t=36
PPO Step 1338, t=37
PPO Step 1339, t=38
PPO Step 1340, t=39
PPO Step 1341, t=40
PPO Step 1342, t=41
PPO Step 1343, t=42
PPO Step 1344, t=43
PPO Step 1345, t=44
PPO Step 1346, t=45
PPO Step 1347, t=46
PPO Step 1348, t=47
PPO Step 1349, t=48
PPO Step 1350, t=49
PPO Step 1351, t=50
PPO Step 1352, t=51
PPO Step 1353, t=52
PPO Step 1354, t=53
PPO Step 1355, t=54
PPO Step 1356, t=1
PPO Step 1357, t=2
PPO Step 1358, t=3
PPO Step 1359, t=4
PPO Step 1360, t=5
PPO Step 1361, t=6
PPO Step 1362, t=7
PPO Step 1363, t=8
PPO Step 1364, t=9
PPO Step 1365, t=10
PPO Step 1366, t=11
PPO Step 1367, t=12
PPO Step 1368, t=13
PPO Step 1369, t=14
PPO Step 1370, t=15
PPO Step 1371, t=16
PPO Step 1372, t=17
PPO Step 1373, t=18
PPO Step 1374, t=19
PPO Step 1375, t=20
PPO Step 1376, t=21
PPO Step 1377, t=1
PPO Step 1378, t=2
PPO Step 1379, t=3
PPO Step 1380, t=4
PPO Step 1381, t=5
PPO Step 1382, t=6
PPO Step 1383, t=7
PPO Step 1384, t=8
PPO Step 1385, t=9
PPO Step 1386, t=10
PPO Step 1387, t=11
PPO Step 1388, t=12
PPO Step 1389, t=13
PPO Step 1390, t=14
PPO Step 1391, t=15
PPO Step 1392, t=16
PPO Step 1393, t=17
PPO Step 1394, t=18
PPO Step 1395, t=19
PPO Step 1396, t=20
PPO Step 1397, t=21
PPO Step 1398, t=22
PPO Step 1399, t=23
PPO Step 1400, t=24
Step 1400 - Updating the algorithm
Update discriminator at step 40
Update discriminator at step 41
Update discriminator at step 42
[Debug] Reward mean: 10.7137, std: 1.6516
Updating PPO
PPO Step 1401, t=25
PPO Step 1402, t=26
PPO Step 1403, t=27
PPO Step 1404, t=28
PPO Step 1405, t=29
PPO Step 1406, t=30
PPO Step 1407, t=31
PPO Step 1408, t=32
PPO Step 1409, t=1
PPO Step 1410, t=2
PPO Step 1411, t=3
PPO Step 1412, t=4
PPO Step 1413, t=5
PPO Step 1414, t=6
PPO Step 1415, t=7
PPO Step 1416, t=8
PPO Step 1417, t=9
PPO Step 1418, t=10
PPO Step 1419, t=11
PPO Step 1420, t=12
PPO Step 1421, t=13
PPO Step 1422, t=14
PPO Step 1423, t=15
PPO Step 1424, t=16
PPO Step 1425, t=17
PPO Step 1426, t=18
PPO Step 1427, t=19
PPO Step 1428, t=20
PPO Step 1429, t=1
PPO Step 1430, t=2
PPO Step 1431, t=3
PPO Step 1432, t=4
PPO Step 1433, t=5
PPO Step 1434, t=6
PPO Step 1435, t=7
PPO Step 1436, t=8
PPO Step 1437, t=9
PPO Step 1438, t=10
PPO Step 1439, t=11
PPO Step 1440, t=12
PPO Step 1441, t=13
PPO Step 1442, t=14
PPO Step 1443, t=15
PPO Step 1444, t=1
PPO Step 1445, t=2
PPO Step 1446, t=3
PPO Step 1447, t=4
PPO Step 1448, t=5
PPO Step 1449, t=6
PPO Step 1450, t=7
PPO Step 1451, t=8
PPO Step 1452, t=9
PPO Step 1453, t=10
PPO Step 1454, t=11
PPO Step 1455, t=12
PPO Step 1456, t=13
PPO Step 1457, t=14
PPO Step 1458, t=15
PPO Step 1459, t=16
PPO Step 1460, t=17
PPO Step 1461, t=18
PPO Step 1462, t=19
PPO Step 1463, t=20
PPO Step 1464, t=21
PPO Step 1465, t=22
PPO Step 1466, t=23
PPO Step 1467, t=24
PPO Step 1468, t=25
PPO Step 1469, t=26
PPO Step 1470, t=27
PPO Step 1471, t=28
PPO Step 1472, t=29
PPO Step 1473, t=30
PPO Step 1474, t=31
PPO Step 1475, t=32
PPO Step 1476, t=33
PPO Step 1477, t=34
PPO Step 1478, t=35
PPO Step 1479, t=36
PPO Step 1480, t=37
PPO Step 1481, t=38
PPO Step 1482, t=39
PPO Step 1483, t=40
PPO Step 1484, t=41
PPO Step 1485, t=42
PPO Step 1486, t=43
PPO Step 1487, t=44
PPO Step 1488, t=45
PPO Step 1489, t=46
PPO Step 1490, t=47
PPO Step 1491, t=48
PPO Step 1492, t=49
PPO Step 1493, t=50
PPO Step 1494, t=51
PPO Step 1495, t=52
PPO Step 1496, t=53
PPO Step 1497, t=54
PPO Step 1498, t=55
PPO Step 1499, t=56
PPO Step 1500, t=57
Step 1500 - Updating the algorithm
Update discriminator at step 43
Update discriminator at step 44
Update discriminator at step 45
[Debug] Reward mean: 10.5414, std: 1.4979
Updating PPO
PPO Step 1501, t=58
PPO Step 1502, t=59
PPO Step 1503, t=60
PPO Step 1504, t=61
PPO Step 1505, t=62
PPO Step 1506, t=63
PPO Step 1507, t=64
PPO Step 1508, t=65
PPO Step 1509, t=66
PPO Step 1510, t=67
PPO Step 1511, t=68
PPO Step 1512, t=69
PPO Step 1513, t=70
PPO Step 1514, t=71
PPO Step 1515, t=72
PPO Step 1516, t=73
PPO Step 1517, t=74
PPO Step 1518, t=75
PPO Step 1519, t=76
PPO Step 1520, t=77
PPO Step 1521, t=78
PPO Step 1522, t=79
PPO Step 1523, t=80
PPO Step 1524, t=81
PPO Step 1525, t=82
PPO Step 1526, t=83
PPO Step 1527, t=84
PPO Step 1528, t=85
PPO Step 1529, t=86
PPO Step 1530, t=87
PPO Step 1531, t=88
PPO Step 1532, t=89
PPO Step 1533, t=90
PPO Step 1534, t=1
PPO Step 1535, t=2
PPO Step 1536, t=3
PPO Step 1537, t=4
PPO Step 1538, t=5
PPO Step 1539, t=6
PPO Step 1540, t=7
PPO Step 1541, t=8
PPO Step 1542, t=9
PPO Step 1543, t=10
PPO Step 1544, t=11
PPO Step 1545, t=12
PPO Step 1546, t=13
PPO Step 1547, t=14
PPO Step 1548, t=15
PPO Step 1549, t=16
PPO Step 1550, t=17
PPO Step 1551, t=1
PPO Step 1552, t=2
PPO Step 1553, t=3
PPO Step 1554, t=4
PPO Step 1555, t=5
PPO Step 1556, t=6
PPO Step 1557, t=7
PPO Step 1558, t=8
PPO Step 1559, t=9
PPO Step 1560, t=10
PPO Step 1561, t=11
PPO Step 1562, t=12
PPO Step 1563, t=13
PPO Step 1564, t=14
PPO Step 1565, t=15
PPO Step 1566, t=16
PPO Step 1567, t=17
PPO Step 1568, t=18
PPO Step 1569, t=19
PPO Step 1570, t=20
PPO Step 1571, t=21
PPO Step 1572, t=22
PPO Step 1573, t=23
PPO Step 1574, t=1
PPO Step 1575, t=2
PPO Step 1576, t=3
PPO Step 1577, t=4
PPO Step 1578, t=5
PPO Step 1579, t=6
PPO Step 1580, t=7
PPO Step 1581, t=8
PPO Step 1582, t=9
PPO Step 1583, t=10
PPO Step 1584, t=11
PPO Step 1585, t=12
PPO Step 1586, t=13
PPO Step 1587, t=1
PPO Step 1588, t=2
PPO Step 1589, t=3
PPO Step 1590, t=4
PPO Step 1591, t=5
PPO Step 1592, t=6
PPO Step 1593, t=7
PPO Step 1594, t=8
PPO Step 1595, t=9
PPO Step 1596, t=10
PPO Step 1597, t=11
PPO Step 1598, t=12
PPO Step 1599, t=13
PPO Step 1600, t=14
Step 1600 - Updating the algorithm
Update discriminator at step 46
Update discriminator at step 47
Update discriminator at step 48
[Debug] Reward mean: 10.8557, std: 1.4869
Updating PPO
PPO Step 1601, t=15
PPO Step 1602, t=16
PPO Step 1603, t=17
PPO Step 1604, t=18
PPO Step 1605, t=19
PPO Step 1606, t=20
PPO Step 1607, t=21
PPO Step 1608, t=22
PPO Step 1609, t=23
PPO Step 1610, t=24
PPO Step 1611, t=25
PPO Step 1612, t=26
PPO Step 1613, t=27
PPO Step 1614, t=28
PPO Step 1615, t=29
PPO Step 1616, t=30
PPO Step 1617, t=31
PPO Step 1618, t=32
PPO Step 1619, t=33
PPO Step 1620, t=34
PPO Step 1621, t=35
PPO Step 1622, t=36
PPO Step 1623, t=37
PPO Step 1624, t=38
PPO Step 1625, t=39
PPO Step 1626, t=40
PPO Step 1627, t=41
PPO Step 1628, t=42
PPO Step 1629, t=43
PPO Step 1630, t=44
PPO Step 1631, t=45
PPO Step 1632, t=46
PPO Step 1633, t=47
PPO Step 1634, t=48
PPO Step 1635, t=49
PPO Step 1636, t=50
PPO Step 1637, t=51
PPO Step 1638, t=52
PPO Step 1639, t=53
PPO Step 1640, t=54
PPO Step 1641, t=55
PPO Step 1642, t=56
PPO Step 1643, t=57
PPO Step 1644, t=58
PPO Step 1645, t=59
PPO Step 1646, t=60
PPO Step 1647, t=61
PPO Step 1648, t=62
PPO Step 1649, t=63
PPO Step 1650, t=64
PPO Step 1651, t=65
PPO Step 1652, t=66
PPO Step 1653, t=67
PPO Step 1654, t=68
PPO Step 1655, t=69
PPO Step 1656, t=70
PPO Step 1657, t=71
PPO Step 1658, t=72
PPO Step 1659, t=73
PPO Step 1660, t=74
PPO Step 1661, t=75
PPO Step 1662, t=76
PPO Step 1663, t=77
PPO Step 1664, t=78
PPO Step 1665, t=79
PPO Step 1666, t=80
PPO Step 1667, t=81
PPO Step 1668, t=82
PPO Step 1669, t=83
PPO Step 1670, t=84
PPO Step 1671, t=85
PPO Step 1672, t=86
PPO Step 1673, t=87
PPO Step 1674, t=88
PPO Step 1675, t=89
PPO Step 1676, t=90
PPO Step 1677, t=91
PPO Step 1678, t=92
PPO Step 1679, t=93
PPO Step 1680, t=94
PPO Step 1681, t=95
PPO Step 1682, t=96
PPO Step 1683, t=97
PPO Step 1684, t=98
PPO Step 1685, t=99
PPO Step 1686, t=100
PPO Step 1687, t=101
PPO Step 1688, t=102
PPO Step 1689, t=103
PPO Step 1690, t=104
PPO Step 1691, t=105
PPO Step 1692, t=106
PPO Step 1693, t=107
PPO Step 1694, t=108
PPO Step 1695, t=109
PPO Step 1696, t=110
PPO Step 1697, t=111
PPO Step 1698, t=112
PPO Step 1699, t=113
PPO Step 1700, t=114
Step 1700 - Updating the algorithm
Update discriminator at step 49
Update discriminator at step 50
Update discriminator at step 51
[Debug] Reward mean: 10.3016, std: 1.3872
Updating PPO
PPO Step 1701, t=115
PPO Step 1702, t=116
PPO Step 1703, t=117
PPO Step 1704, t=118
PPO Step 1705, t=119
PPO Step 1706, t=120
PPO Step 1707, t=121
PPO Step 1708, t=122
PPO Step 1709, t=123
PPO Step 1710, t=124
PPO Step 1711, t=125
PPO Step 1712, t=126
PPO Step 1713, t=127
PPO Step 1714, t=128
PPO Step 1715, t=129
PPO Step 1716, t=130
PPO Step 1717, t=131
PPO Step 1718, t=132
PPO Step 1719, t=133
PPO Step 1720, t=134
PPO Step 1721, t=135
PPO Step 1722, t=136
PPO Step 1723, t=137
PPO Step 1724, t=138
PPO Step 1725, t=139
PPO Step 1726, t=140
PPO Step 1727, t=141
PPO Step 1728, t=142
PPO Step 1729, t=143
PPO Step 1730, t=144
PPO Step 1731, t=145
PPO Step 1732, t=146
PPO Step 1733, t=147
PPO Step 1734, t=148
PPO Step 1735, t=149
PPO Step 1736, t=150
PPO Step 1737, t=1
PPO Step 1738, t=2
PPO Step 1739, t=3
PPO Step 1740, t=4
PPO Step 1741, t=5
PPO Step 1742, t=6
PPO Step 1743, t=7
PPO Step 1744, t=8
PPO Step 1745, t=9
PPO Step 1746, t=10
PPO Step 1747, t=11
PPO Step 1748, t=12
PPO Step 1749, t=13
PPO Step 1750, t=14
PPO Step 1751, t=15
PPO Step 1752, t=16
PPO Step 1753, t=17
PPO Step 1754, t=18
PPO Step 1755, t=19
PPO Step 1756, t=20
PPO Step 1757, t=21
PPO Step 1758, t=22
PPO Step 1759, t=23
PPO Step 1760, t=24
PPO Step 1761, t=25
PPO Step 1762, t=26
PPO Step 1763, t=27
PPO Step 1764, t=28
PPO Step 1765, t=29
PPO Step 1766, t=30
PPO Step 1767, t=31
PPO Step 1768, t=32
PPO Step 1769, t=33
PPO Step 1770, t=34
PPO Step 1771, t=35
PPO Step 1772, t=36
PPO Step 1773, t=37
PPO Step 1774, t=38
PPO Step 1775, t=39
PPO Step 1776, t=40
PPO Step 1777, t=41
PPO Step 1778, t=42
PPO Step 1779, t=43
PPO Step 1780, t=44
PPO Step 1781, t=45
PPO Step 1782, t=46
PPO Step 1783, t=47
PPO Step 1784, t=48
PPO Step 1785, t=49
PPO Step 1786, t=50
PPO Step 1787, t=51
PPO Step 1788, t=52
PPO Step 1789, t=53
PPO Step 1790, t=54
PPO Step 1791, t=55
PPO Step 1792, t=56
PPO Step 1793, t=57
PPO Step 1794, t=58
PPO Step 1795, t=59
PPO Step 1796, t=60
PPO Step 1797, t=61
PPO Step 1798, t=62
PPO Step 1799, t=63
PPO Step 1800, t=64
Step 1800 - Updating the algorithm
Update discriminator at step 52
Update discriminator at step 53
Update discriminator at step 54
[Debug] Reward mean: 10.5236, std: 1.4609
Updating PPO
PPO Step 1801, t=65
PPO Step 1802, t=66
PPO Step 1803, t=67
PPO Step 1804, t=68
PPO Step 1805, t=69
PPO Step 1806, t=70
PPO Step 1807, t=71
PPO Step 1808, t=72
PPO Step 1809, t=73
PPO Step 1810, t=74
PPO Step 1811, t=75
PPO Step 1812, t=76
PPO Step 1813, t=77
PPO Step 1814, t=78
PPO Step 1815, t=79
PPO Step 1816, t=80
PPO Step 1817, t=81
PPO Step 1818, t=82
PPO Step 1819, t=83
PPO Step 1820, t=84
PPO Step 1821, t=85
PPO Step 1822, t=1
PPO Step 1823, t=2
PPO Step 1824, t=3
PPO Step 1825, t=4
PPO Step 1826, t=5
PPO Step 1827, t=6
PPO Step 1828, t=7
PPO Step 1829, t=8
PPO Step 1830, t=9
PPO Step 1831, t=10
PPO Step 1832, t=11
PPO Step 1833, t=12
PPO Step 1834, t=13
PPO Step 1835, t=14
PPO Step 1836, t=15
PPO Step 1837, t=16
PPO Step 1838, t=17
PPO Step 1839, t=18
PPO Step 1840, t=19
PPO Step 1841, t=20
PPO Step 1842, t=21
PPO Step 1843, t=22
PPO Step 1844, t=23
PPO Step 1845, t=24
PPO Step 1846, t=25
PPO Step 1847, t=26
PPO Step 1848, t=27
PPO Step 1849, t=28
PPO Step 1850, t=29
PPO Step 1851, t=30
PPO Step 1852, t=31
PPO Step 1853, t=32
PPO Step 1854, t=33
PPO Step 1855, t=34
PPO Step 1856, t=35
PPO Step 1857, t=36
PPO Step 1858, t=37
PPO Step 1859, t=38
PPO Step 1860, t=39
PPO Step 1861, t=40
PPO Step 1862, t=41
PPO Step 1863, t=42
PPO Step 1864, t=43
PPO Step 1865, t=44
PPO Step 1866, t=45
PPO Step 1867, t=46
PPO Step 1868, t=47
PPO Step 1869, t=48
PPO Step 1870, t=49
PPO Step 1871, t=50
PPO Step 1872, t=51
PPO Step 1873, t=52
PPO Step 1874, t=53
PPO Step 1875, t=54
PPO Step 1876, t=55
PPO Step 1877, t=56
PPO Step 1878, t=57
PPO Step 1879, t=58
PPO Step 1880, t=59
PPO Step 1881, t=60
PPO Step 1882, t=61
PPO Step 1883, t=62
PPO Step 1884, t=63
PPO Step 1885, t=64
PPO Step 1886, t=65
PPO Step 1887, t=66
PPO Step 1888, t=67
PPO Step 1889, t=68
PPO Step 1890, t=69
PPO Step 1891, t=70
PPO Step 1892, t=71
PPO Step 1893, t=72
PPO Step 1894, t=73
PPO Step 1895, t=74
PPO Step 1896, t=75
PPO Step 1897, t=76
PPO Step 1898, t=77
PPO Step 1899, t=78
PPO Step 1900, t=79
Step 1900 - Updating the algorithm
Update discriminator at step 55
Update discriminator at step 56
Update discriminator at step 57
[Debug] Reward mean: 10.4793, std: 1.6251
Updating PPO
PPO Step 1901, t=80
PPO Step 1902, t=81
PPO Step 1903, t=82
PPO Step 1904, t=83
PPO Step 1905, t=84
PPO Step 1906, t=85
PPO Step 1907, t=86
PPO Step 1908, t=87
PPO Step 1909, t=88
PPO Step 1910, t=89
PPO Step 1911, t=90
PPO Step 1912, t=91
PPO Step 1913, t=92
PPO Step 1914, t=93
PPO Step 1915, t=94
PPO Step 1916, t=95
PPO Step 1917, t=96
PPO Step 1918, t=97
PPO Step 1919, t=98
PPO Step 1920, t=99
PPO Step 1921, t=100
PPO Step 1922, t=101
PPO Step 1923, t=102
PPO Step 1924, t=103
PPO Step 1925, t=104
PPO Step 1926, t=105
PPO Step 1927, t=106
PPO Step 1928, t=107
PPO Step 1929, t=108
PPO Step 1930, t=109
PPO Step 1931, t=110
PPO Step 1932, t=111
PPO Step 1933, t=112
PPO Step 1934, t=113
PPO Step 1935, t=114
PPO Step 1936, t=115
PPO Step 1937, t=116
PPO Step 1938, t=117
PPO Step 1939, t=118
PPO Step 1940, t=119
PPO Step 1941, t=120
PPO Step 1942, t=121
PPO Step 1943, t=122
PPO Step 1944, t=123
PPO Step 1945, t=124
PPO Step 1946, t=125
PPO Step 1947, t=126
PPO Step 1948, t=127
PPO Step 1949, t=128
PPO Step 1950, t=129
PPO Step 1951, t=130
PPO Step 1952, t=131
PPO Step 1953, t=132
PPO Step 1954, t=133
PPO Step 1955, t=134
PPO Step 1956, t=135
PPO Step 1957, t=136
PPO Step 1958, t=137
PPO Step 1959, t=138
PPO Step 1960, t=139
PPO Step 1961, t=140
PPO Step 1962, t=141
PPO Step 1963, t=142
PPO Step 1964, t=143
PPO Step 1965, t=144
PPO Step 1966, t=145
PPO Step 1967, t=146
PPO Step 1968, t=147
PPO Step 1969, t=148
PPO Step 1970, t=149
PPO Step 1971, t=150
PPO Step 1972, t=151
PPO Step 1973, t=152
PPO Step 1974, t=153
PPO Step 1975, t=154
PPO Step 1976, t=155
PPO Step 1977, t=156
PPO Step 1978, t=157
PPO Step 1979, t=158
PPO Step 1980, t=159
PPO Step 1981, t=160
PPO Step 1982, t=161
PPO Step 1983, t=162
PPO Step 1984, t=163
PPO Step 1985, t=164
PPO Step 1986, t=165
PPO Step 1987, t=166
PPO Step 1988, t=167
PPO Step 1989, t=1
PPO Step 1990, t=2
PPO Step 1991, t=3
PPO Step 1992, t=4
PPO Step 1993, t=5
PPO Step 1994, t=6
PPO Step 1995, t=7
PPO Step 1996, t=8
PPO Step 1997, t=9
PPO Step 1998, t=10
PPO Step 1999, t=11
PPO Step 2000, t=12
Step 2000 - Updating the algorithm
Update discriminator at step 58
Update discriminator at step 59
Update discriminator at step 60
[Debug] Reward mean: 10.0257, std: 1.6431
Updating PPO
Step 2000 - Evaluating the algorithm
Num steps: 2000     Return: -17104.2   Time: 0:08:37
PPO Step 2001, t=13
PPO Step 2002, t=14
PPO Step 2003, t=15
PPO Step 2004, t=1
PPO Step 2005, t=2
PPO Step 2006, t=3
PPO Step 2007, t=4
PPO Step 2008, t=5
PPO Step 2009, t=6
PPO Step 2010, t=7
PPO Step 2011, t=8
PPO Step 2012, t=9
PPO Step 2013, t=10
PPO Step 2014, t=11
PPO Step 2015, t=12
PPO Step 2016, t=13
PPO Step 2017, t=14
PPO Step 2018, t=15
PPO Step 2019, t=16
PPO Step 2020, t=17
PPO Step 2021, t=18
PPO Step 2022, t=19
PPO Step 2023, t=20
PPO Step 2024, t=21
PPO Step 2025, t=22
PPO Step 2026, t=23
PPO Step 2027, t=24
PPO Step 2028, t=25
PPO Step 2029, t=26
PPO Step 2030, t=27
PPO Step 2031, t=28
PPO Step 2032, t=29
PPO Step 2033, t=30
PPO Step 2034, t=31
PPO Step 2035, t=32
PPO Step 2036, t=33
PPO Step 2037, t=34
PPO Step 2038, t=35
PPO Step 2039, t=36
PPO Step 2040, t=37
PPO Step 2041, t=38
PPO Step 2042, t=39
PPO Step 2043, t=40
PPO Step 2044, t=41
PPO Step 2045, t=42
PPO Step 2046, t=43
PPO Step 2047, t=44
PPO Step 2048, t=45
PPO Step 2049, t=46
PPO Step 2050, t=47
PPO Step 2051, t=48
PPO Step 2052, t=49
PPO Step 2053, t=50
PPO Step 2054, t=51
PPO Step 2055, t=52
PPO Step 2056, t=53
PPO Step 2057, t=54
PPO Step 2058, t=55
PPO Step 2059, t=56
PPO Step 2060, t=57
PPO Step 2061, t=58
PPO Step 2062, t=59
PPO Step 2063, t=60
PPO Step 2064, t=61
PPO Step 2065, t=62
PPO Step 2066, t=63
PPO Step 2067, t=64
PPO Step 2068, t=1
PPO Step 2069, t=2
PPO Step 2070, t=3
PPO Step 2071, t=4
PPO Step 2072, t=5
PPO Step 2073, t=6
PPO Step 2074, t=7
PPO Step 2075, t=8
PPO Step 2076, t=9
PPO Step 2077, t=10
PPO Step 2078, t=11
PPO Step 2079, t=12
PPO Step 2080, t=13
PPO Step 2081, t=14
PPO Step 2082, t=15
PPO Step 2083, t=16
PPO Step 2084, t=17
PPO Step 2085, t=18
PPO Step 2086, t=19
PPO Step 2087, t=20
PPO Step 2088, t=21
PPO Step 2089, t=22
PPO Step 2090, t=23
PPO Step 2091, t=24
PPO Step 2092, t=25
PPO Step 2093, t=26
PPO Step 2094, t=27
PPO Step 2095, t=28
PPO Step 2096, t=29
PPO Step 2097, t=30
PPO Step 2098, t=31
PPO Step 2099, t=32
PPO Step 2100, t=33
Step 2100 - Updating the algorithm
Update discriminator at step 61
Update discriminator at step 62
Update discriminator at step 63
[Debug] Reward mean: 10.3088, std: 1.5211
Updating PPO
PPO Step 2101, t=34
PPO Step 2102, t=35
PPO Step 2103, t=36
PPO Step 2104, t=37
PPO Step 2105, t=38
PPO Step 2106, t=39
PPO Step 2107, t=40
PPO Step 2108, t=41
PPO Step 2109, t=42
PPO Step 2110, t=43
PPO Step 2111, t=44
PPO Step 2112, t=45
PPO Step 2113, t=46
PPO Step 2114, t=47
PPO Step 2115, t=48
PPO Step 2116, t=49
PPO Step 2117, t=50
PPO Step 2118, t=51
PPO Step 2119, t=52
PPO Step 2120, t=53
PPO Step 2121, t=54
PPO Step 2122, t=55
PPO Step 2123, t=56
PPO Step 2124, t=57
PPO Step 2125, t=58
PPO Step 2126, t=59
PPO Step 2127, t=60
PPO Step 2128, t=61
PPO Step 2129, t=62
PPO Step 2130, t=63
PPO Step 2131, t=64
PPO Step 2132, t=65
PPO Step 2133, t=66
PPO Step 2134, t=67
PPO Step 2135, t=68
PPO Step 2136, t=69
PPO Step 2137, t=70
PPO Step 2138, t=71
PPO Step 2139, t=72
PPO Step 2140, t=73
PPO Step 2141, t=74
PPO Step 2142, t=75
PPO Step 2143, t=76
PPO Step 2144, t=77
PPO Step 2145, t=78
PPO Step 2146, t=79
PPO Step 2147, t=80
PPO Step 2148, t=81
PPO Step 2149, t=82
PPO Step 2150, t=83
PPO Step 2151, t=84
PPO Step 2152, t=85
PPO Step 2153, t=86
PPO Step 2154, t=87
PPO Step 2155, t=88
PPO Step 2156, t=1
PPO Step 2157, t=2
PPO Step 2158, t=3
PPO Step 2159, t=4
PPO Step 2160, t=5
PPO Step 2161, t=6
PPO Step 2162, t=7
PPO Step 2163, t=8
PPO Step 2164, t=9
PPO Step 2165, t=10
PPO Step 2166, t=11
PPO Step 2167, t=12
PPO Step 2168, t=13
PPO Step 2169, t=14
PPO Step 2170, t=15
PPO Step 2171, t=16
PPO Step 2172, t=17
PPO Step 2173, t=18
PPO Step 2174, t=19
PPO Step 2175, t=20
PPO Step 2176, t=21
PPO Step 2177, t=22
PPO Step 2178, t=23
PPO Step 2179, t=24
PPO Step 2180, t=25
PPO Step 2181, t=26
PPO Step 2182, t=27
PPO Step 2183, t=28
PPO Step 2184, t=29
PPO Step 2185, t=30
PPO Step 2186, t=31
PPO Step 2187, t=32
PPO Step 2188, t=1
PPO Step 2189, t=2
PPO Step 2190, t=3
PPO Step 2191, t=4
PPO Step 2192, t=5
PPO Step 2193, t=6
PPO Step 2194, t=7
PPO Step 2195, t=8
PPO Step 2196, t=9
PPO Step 2197, t=10
PPO Step 2198, t=11
PPO Step 2199, t=12
PPO Step 2200, t=13
Step 2200 - Updating the algorithm
Update discriminator at step 64
Update discriminator at step 65
Update discriminator at step 66
[Debug] Reward mean: 9.7374, std: 1.5681
Updating PPO
PPO Step 2201, t=14
PPO Step 2202, t=15
PPO Step 2203, t=16
PPO Step 2204, t=17
PPO Step 2205, t=18
PPO Step 2206, t=19
PPO Step 2207, t=20
PPO Step 2208, t=21
PPO Step 2209, t=22
PPO Step 2210, t=23
PPO Step 2211, t=24
PPO Step 2212, t=25
PPO Step 2213, t=26
PPO Step 2214, t=27
PPO Step 2215, t=28
PPO Step 2216, t=29
PPO Step 2217, t=30
PPO Step 2218, t=31
PPO Step 2219, t=32
PPO Step 2220, t=33
PPO Step 2221, t=34
PPO Step 2222, t=35
PPO Step 2223, t=36
PPO Step 2224, t=37
PPO Step 2225, t=38
PPO Step 2226, t=39
PPO Step 2227, t=40
PPO Step 2228, t=41
PPO Step 2229, t=42
PPO Step 2230, t=43
PPO Step 2231, t=44
PPO Step 2232, t=45
PPO Step 2233, t=46
PPO Step 2234, t=47
PPO Step 2235, t=48
PPO Step 2236, t=49
PPO Step 2237, t=50
PPO Step 2238, t=51
PPO Step 2239, t=52
PPO Step 2240, t=53
PPO Step 2241, t=54
PPO Step 2242, t=55
PPO Step 2243, t=56
PPO Step 2244, t=57
PPO Step 2245, t=58
PPO Step 2246, t=59
PPO Step 2247, t=60
PPO Step 2248, t=61
PPO Step 2249, t=62
PPO Step 2250, t=63
PPO Step 2251, t=64
PPO Step 2252, t=65
PPO Step 2253, t=66
PPO Step 2254, t=67
PPO Step 2255, t=68
PPO Step 2256, t=69
PPO Step 2257, t=70
PPO Step 2258, t=71
PPO Step 2259, t=72
PPO Step 2260, t=73
PPO Step 2261, t=74
PPO Step 2262, t=75
PPO Step 2263, t=76
PPO Step 2264, t=77
PPO Step 2265, t=78
PPO Step 2266, t=79
PPO Step 2267, t=80
PPO Step 2268, t=81
PPO Step 2269, t=82
PPO Step 2270, t=83
PPO Step 2271, t=84
PPO Step 2272, t=85
PPO Step 2273, t=86
PPO Step 2274, t=87
PPO Step 2275, t=88
PPO Step 2276, t=89
PPO Step 2277, t=90
PPO Step 2278, t=91
PPO Step 2279, t=92
PPO Step 2280, t=93
PPO Step 2281, t=94
PPO Step 2282, t=95
PPO Step 2283, t=96
PPO Step 2284, t=97
PPO Step 2285, t=98
PPO Step 2286, t=99
PPO Step 2287, t=100
PPO Step 2288, t=101
PPO Step 2289, t=102
PPO Step 2290, t=103
PPO Step 2291, t=104
PPO Step 2292, t=105
PPO Step 2293, t=106
PPO Step 2294, t=107
PPO Step 2295, t=108
PPO Step 2296, t=109
PPO Step 2297, t=110
PPO Step 2298, t=111
PPO Step 2299, t=112
PPO Step 2300, t=113
Step 2300 - Updating the algorithm
Update discriminator at step 67
Update discriminator at step 68
Update discriminator at step 69
[Debug] Reward mean: 10.0401, std: 1.4625
Updating PPO
PPO Step 2301, t=114
PPO Step 2302, t=115
PPO Step 2303, t=116
PPO Step 2304, t=117
PPO Step 2305, t=118
PPO Step 2306, t=119
PPO Step 2307, t=120
PPO Step 2308, t=121
PPO Step 2309, t=122
PPO Step 2310, t=123
PPO Step 2311, t=124
PPO Step 2312, t=125
PPO Step 2313, t=126
PPO Step 2314, t=127
PPO Step 2315, t=128
PPO Step 2316, t=129
PPO Step 2317, t=130
PPO Step 2318, t=131
PPO Step 2319, t=132
PPO Step 2320, t=133
PPO Step 2321, t=134
PPO Step 2322, t=135
PPO Step 2323, t=136
PPO Step 2324, t=137
PPO Step 2325, t=138
PPO Step 2326, t=139
PPO Step 2327, t=140
PPO Step 2328, t=141
PPO Step 2329, t=142
PPO Step 2330, t=143
PPO Step 2331, t=144
PPO Step 2332, t=145
PPO Step 2333, t=146
PPO Step 2334, t=147
PPO Step 2335, t=148
PPO Step 2336, t=149
PPO Step 2337, t=150
PPO Step 2338, t=151
PPO Step 2339, t=152
PPO Step 2340, t=153
PPO Step 2341, t=154
PPO Step 2342, t=155
PPO Step 2343, t=156
PPO Step 2344, t=157
PPO Step 2345, t=158
PPO Step 2346, t=159
PPO Step 2347, t=160
PPO Step 2348, t=161
PPO Step 2349, t=162
PPO Step 2350, t=163
PPO Step 2351, t=164
PPO Step 2352, t=165
PPO Step 2353, t=166
PPO Step 2354, t=167
PPO Step 2355, t=168
PPO Step 2356, t=169
PPO Step 2357, t=170
PPO Step 2358, t=171
PPO Step 2359, t=172
PPO Step 2360, t=173
PPO Step 2361, t=174
PPO Step 2362, t=175
PPO Step 2363, t=176
PPO Step 2364, t=177
PPO Step 2365, t=178
PPO Step 2366, t=179
PPO Step 2367, t=180
PPO Step 2368, t=181
PPO Step 2369, t=182
PPO Step 2370, t=183
PPO Step 2371, t=184
PPO Step 2372, t=185
PPO Step 2373, t=186
PPO Step 2374, t=187
PPO Step 2375, t=188
PPO Step 2376, t=189
PPO Step 2377, t=190
PPO Step 2378, t=191
PPO Step 2379, t=192
PPO Step 2380, t=193
PPO Step 2381, t=194
PPO Step 2382, t=195
PPO Step 2383, t=196
PPO Step 2384, t=197
PPO Step 2385, t=198
PPO Step 2386, t=199
PPO Step 2387, t=200
PPO Step 2388, t=201
PPO Step 2389, t=202
PPO Step 2390, t=203
PPO Step 2391, t=204
PPO Step 2392, t=205
PPO Step 2393, t=206
PPO Step 2394, t=207
PPO Step 2395, t=208
PPO Step 2396, t=209
PPO Step 2397, t=210
PPO Step 2398, t=211
PPO Step 2399, t=212
PPO Step 2400, t=213
Step 2400 - Updating the algorithm
Update discriminator at step 70
Update discriminator at step 71
Update discriminator at step 72
[Debug] Reward mean: 9.7936, std: 1.6411
Updating PPO
PPO Step 2401, t=214
PPO Step 2402, t=215
PPO Step 2403, t=216
PPO Step 2404, t=217
PPO Step 2405, t=218
PPO Step 2406, t=219
PPO Step 2407, t=220
PPO Step 2408, t=221
PPO Step 2409, t=222
PPO Step 2410, t=1
PPO Step 2411, t=2
PPO Step 2412, t=3
PPO Step 2413, t=4
PPO Step 2414, t=5
PPO Step 2415, t=6
PPO Step 2416, t=7
PPO Step 2417, t=8
PPO Step 2418, t=9
PPO Step 2419, t=10
PPO Step 2420, t=11
PPO Step 2421, t=12
PPO Step 2422, t=13
PPO Step 2423, t=14
PPO Step 2424, t=15
PPO Step 2425, t=16
PPO Step 2426, t=17
PPO Step 2427, t=18
PPO Step 2428, t=19
PPO Step 2429, t=20
PPO Step 2430, t=21
PPO Step 2431, t=22
PPO Step 2432, t=23
PPO Step 2433, t=24
PPO Step 2434, t=25
PPO Step 2435, t=26
PPO Step 2436, t=27
PPO Step 2437, t=1
PPO Step 2438, t=2
PPO Step 2439, t=3
PPO Step 2440, t=4
PPO Step 2441, t=5
PPO Step 2442, t=6
PPO Step 2443, t=7
PPO Step 2444, t=8
PPO Step 2445, t=9
PPO Step 2446, t=10
PPO Step 2447, t=11
PPO Step 2448, t=12
PPO Step 2449, t=13
PPO Step 2450, t=14
PPO Step 2451, t=15
PPO Step 2452, t=16
PPO Step 2453, t=17
PPO Step 2454, t=18
PPO Step 2455, t=19
PPO Step 2456, t=20
PPO Step 2457, t=21
PPO Step 2458, t=22
PPO Step 2459, t=23
PPO Step 2460, t=1
PPO Step 2461, t=2
PPO Step 2462, t=3
PPO Step 2463, t=4
PPO Step 2464, t=5
PPO Step 2465, t=6
PPO Step 2466, t=7
PPO Step 2467, t=8
PPO Step 2468, t=9
PPO Step 2469, t=10
PPO Step 2470, t=11
PPO Step 2471, t=12
PPO Step 2472, t=13
PPO Step 2473, t=14
PPO Step 2474, t=15
PPO Step 2475, t=16
PPO Step 2476, t=17
PPO Step 2477, t=18
PPO Step 2478, t=19
PPO Step 2479, t=20
PPO Step 2480, t=1
PPO Step 2481, t=2
PPO Step 2482, t=3
PPO Step 2483, t=4
PPO Step 2484, t=5
PPO Step 2485, t=6
PPO Step 2486, t=7
PPO Step 2487, t=8
PPO Step 2488, t=9
PPO Step 2489, t=10
PPO Step 2490, t=11
PPO Step 2491, t=1
PPO Step 2492, t=2
PPO Step 2493, t=3
PPO Step 2494, t=4
PPO Step 2495, t=5
PPO Step 2496, t=6
PPO Step 2497, t=7
PPO Step 2498, t=8
PPO Step 2499, t=9
PPO Step 2500, t=10
Step 2500 - Updating the algorithm
Update discriminator at step 73
Update discriminator at step 74
Update discriminator at step 75
[Debug] Reward mean: 9.9050, std: 1.6731
Updating PPO
PPO Step 2501, t=11
PPO Step 2502, t=12
PPO Step 2503, t=13
PPO Step 2504, t=14
PPO Step 2505, t=15
PPO Step 2506, t=16
PPO Step 2507, t=17
PPO Step 2508, t=18
PPO Step 2509, t=1
PPO Step 2510, t=2
PPO Step 2511, t=3
PPO Step 2512, t=4
PPO Step 2513, t=5
PPO Step 2514, t=6
PPO Step 2515, t=7
PPO Step 2516, t=8
PPO Step 2517, t=9
PPO Step 2518, t=10
PPO Step 2519, t=11
PPO Step 2520, t=12
PPO Step 2521, t=13
PPO Step 2522, t=14
PPO Step 2523, t=15
PPO Step 2524, t=16
PPO Step 2525, t=17
PPO Step 2526, t=18
PPO Step 2527, t=19
PPO Step 2528, t=20
PPO Step 2529, t=21
PPO Step 2530, t=22
PPO Step 2531, t=23
PPO Step 2532, t=24
PPO Step 2533, t=1
PPO Step 2534, t=2
PPO Step 2535, t=3
PPO Step 2536, t=4
PPO Step 2537, t=5
PPO Step 2538, t=6
PPO Step 2539, t=7
PPO Step 2540, t=8
PPO Step 2541, t=9
PPO Step 2542, t=10
PPO Step 2543, t=11
PPO Step 2544, t=12
PPO Step 2545, t=13
PPO Step 2546, t=14
PPO Step 2547, t=15
PPO Step 2548, t=16
PPO Step 2549, t=17
PPO Step 2550, t=18
PPO Step 2551, t=19
PPO Step 2552, t=1
PPO Step 2553, t=2
PPO Step 2554, t=3
PPO Step 2555, t=4
PPO Step 2556, t=5
PPO Step 2557, t=6
PPO Step 2558, t=7
PPO Step 2559, t=8
PPO Step 2560, t=9
PPO Step 2561, t=10
PPO Step 2562, t=11
PPO Step 2563, t=12
PPO Step 2564, t=13
PPO Step 2565, t=14
PPO Step 2566, t=15
PPO Step 2567, t=16
PPO Step 2568, t=17
PPO Step 2569, t=18
PPO Step 2570, t=19
PPO Step 2571, t=20
PPO Step 2572, t=21
PPO Step 2573, t=22
PPO Step 2574, t=23
PPO Step 2575, t=24
PPO Step 2576, t=25
PPO Step 2577, t=26
PPO Step 2578, t=27
PPO Step 2579, t=28
PPO Step 2580, t=29
PPO Step 2581, t=30
PPO Step 2582, t=31
PPO Step 2583, t=32
PPO Step 2584, t=33
PPO Step 2585, t=34
PPO Step 2586, t=35
PPO Step 2587, t=36
PPO Step 2588, t=1
PPO Step 2589, t=2
PPO Step 2590, t=3
PPO Step 2591, t=4
PPO Step 2592, t=5
PPO Step 2593, t=6
PPO Step 2594, t=7
PPO Step 2595, t=8
PPO Step 2596, t=9
PPO Step 2597, t=10
PPO Step 2598, t=11
PPO Step 2599, t=12
PPO Step 2600, t=13
Step 2600 - Updating the algorithm
Update discriminator at step 76
Update discriminator at step 77
Update discriminator at step 78
[Debug] Reward mean: 9.8818, std: 1.3882
Updating PPO
PPO Step 2601, t=14
PPO Step 2602, t=15
PPO Step 2603, t=16
PPO Step 2604, t=17
PPO Step 2605, t=18
PPO Step 2606, t=19
PPO Step 2607, t=20
PPO Step 2608, t=21
PPO Step 2609, t=22
PPO Step 2610, t=23
PPO Step 2611, t=24
PPO Step 2612, t=25
PPO Step 2613, t=26
PPO Step 2614, t=27
PPO Step 2615, t=28
PPO Step 2616, t=29
PPO Step 2617, t=30
PPO Step 2618, t=31
PPO Step 2619, t=32
PPO Step 2620, t=33
PPO Step 2621, t=34
PPO Step 2622, t=35
PPO Step 2623, t=36
PPO Step 2624, t=37
PPO Step 2625, t=38
PPO Step 2626, t=39
PPO Step 2627, t=40
PPO Step 2628, t=41
PPO Step 2629, t=42
PPO Step 2630, t=43
PPO Step 2631, t=44
PPO Step 2632, t=45
PPO Step 2633, t=46
PPO Step 2634, t=47
PPO Step 2635, t=48
PPO Step 2636, t=49
PPO Step 2637, t=50
PPO Step 2638, t=51
PPO Step 2639, t=52
PPO Step 2640, t=53
PPO Step 2641, t=54
PPO Step 2642, t=55
PPO Step 2643, t=56
PPO Step 2644, t=57
PPO Step 2645, t=58
PPO Step 2646, t=59
PPO Step 2647, t=60
PPO Step 2648, t=61
PPO Step 2649, t=62
PPO Step 2650, t=63
PPO Step 2651, t=64
PPO Step 2652, t=65
PPO Step 2653, t=66
PPO Step 2654, t=67
PPO Step 2655, t=68
PPO Step 2656, t=69
PPO Step 2657, t=70
PPO Step 2658, t=71
PPO Step 2659, t=72
PPO Step 2660, t=73
PPO Step 2661, t=74
PPO Step 2662, t=75
PPO Step 2663, t=76
PPO Step 2664, t=77
PPO Step 2665, t=78
PPO Step 2666, t=79
PPO Step 2667, t=80
PPO Step 2668, t=81
PPO Step 2669, t=82
PPO Step 2670, t=83
PPO Step 2671, t=84
PPO Step 2672, t=85
PPO Step 2673, t=86
PPO Step 2674, t=87
PPO Step 2675, t=88
PPO Step 2676, t=89
PPO Step 2677, t=90
PPO Step 2678, t=91
PPO Step 2679, t=92
PPO Step 2680, t=93
PPO Step 2681, t=94
PPO Step 2682, t=95
PPO Step 2683, t=96
PPO Step 2684, t=97
PPO Step 2685, t=98
PPO Step 2686, t=99
PPO Step 2687, t=100
PPO Step 2688, t=101
PPO Step 2689, t=102
PPO Step 2690, t=103
PPO Step 2691, t=104
PPO Step 2692, t=105
PPO Step 2693, t=106
PPO Step 2694, t=107
PPO Step 2695, t=108
PPO Step 2696, t=109
PPO Step 2697, t=110
PPO Step 2698, t=111
PPO Step 2699, t=112
PPO Step 2700, t=113
Step 2700 - Updating the algorithm
Update discriminator at step 79
Update discriminator at step 80
Update discriminator at step 81
[Debug] Reward mean: 9.5620, std: 1.4919
Updating PPO
PPO Step 2701, t=114
PPO Step 2702, t=115
PPO Step 2703, t=116
PPO Step 2704, t=117
PPO Step 2705, t=118
PPO Step 2706, t=119
PPO Step 2707, t=120
PPO Step 2708, t=121
PPO Step 2709, t=122
PPO Step 2710, t=123
PPO Step 2711, t=124
PPO Step 2712, t=125
PPO Step 2713, t=126
PPO Step 2714, t=127
PPO Step 2715, t=128
PPO Step 2716, t=129
PPO Step 2717, t=130
PPO Step 2718, t=131
PPO Step 2719, t=132
PPO Step 2720, t=133
PPO Step 2721, t=134
PPO Step 2722, t=135
PPO Step 2723, t=136
PPO Step 2724, t=137
PPO Step 2725, t=138
PPO Step 2726, t=139
PPO Step 2727, t=140
PPO Step 2728, t=141
PPO Step 2729, t=142
PPO Step 2730, t=143
PPO Step 2731, t=144
PPO Step 2732, t=145
PPO Step 2733, t=146
PPO Step 2734, t=147
PPO Step 2735, t=148
PPO Step 2736, t=149
PPO Step 2737, t=150
PPO Step 2738, t=151
PPO Step 2739, t=152
PPO Step 2740, t=153
PPO Step 2741, t=154
PPO Step 2742, t=155
PPO Step 2743, t=156
PPO Step 2744, t=157
PPO Step 2745, t=158
PPO Step 2746, t=159
PPO Step 2747, t=160
PPO Step 2748, t=161
PPO Step 2749, t=162
PPO Step 2750, t=163
PPO Step 2751, t=164
PPO Step 2752, t=165
PPO Step 2753, t=166
PPO Step 2754, t=167
PPO Step 2755, t=168
PPO Step 2756, t=169
PPO Step 2757, t=170
PPO Step 2758, t=171
PPO Step 2759, t=172
PPO Step 2760, t=173
PPO Step 2761, t=174
PPO Step 2762, t=175
PPO Step 2763, t=176
PPO Step 2764, t=177
PPO Step 2765, t=178
PPO Step 2766, t=179
PPO Step 2767, t=180
PPO Step 2768, t=1
PPO Step 2769, t=2
PPO Step 2770, t=3
PPO Step 2771, t=4
PPO Step 2772, t=5
PPO Step 2773, t=6
PPO Step 2774, t=7
PPO Step 2775, t=8
PPO Step 2776, t=9
PPO Step 2777, t=10
PPO Step 2778, t=11
PPO Step 2779, t=12
PPO Step 2780, t=13
PPO Step 2781, t=14
PPO Step 2782, t=15
PPO Step 2783, t=16
PPO Step 2784, t=17
PPO Step 2785, t=18
PPO Step 2786, t=19
PPO Step 2787, t=20
PPO Step 2788, t=21
PPO Step 2789, t=22
PPO Step 2790, t=23
PPO Step 2791, t=24
PPO Step 2792, t=25
PPO Step 2793, t=26
PPO Step 2794, t=27
PPO Step 2795, t=28
PPO Step 2796, t=29
PPO Step 2797, t=30
PPO Step 2798, t=31
PPO Step 2799, t=32
PPO Step 2800, t=33
Step 2800 - Updating the algorithm
Update discriminator at step 82
Update discriminator at step 83
Update discriminator at step 84
[Debug] Reward mean: 9.8364, std: 1.3014
Updating PPO
PPO Step 2801, t=34
PPO Step 2802, t=35
PPO Step 2803, t=36
PPO Step 2804, t=37
PPO Step 2805, t=38
PPO Step 2806, t=39
PPO Step 2807, t=40
PPO Step 2808, t=41
PPO Step 2809, t=42
PPO Step 2810, t=43
PPO Step 2811, t=44
PPO Step 2812, t=45
PPO Step 2813, t=46
PPO Step 2814, t=47
PPO Step 2815, t=48
PPO Step 2816, t=49
PPO Step 2817, t=50
PPO Step 2818, t=51
PPO Step 2819, t=52
PPO Step 2820, t=53
PPO Step 2821, t=54
PPO Step 2822, t=55
PPO Step 2823, t=56
PPO Step 2824, t=57
PPO Step 2825, t=58
PPO Step 2826, t=59
PPO Step 2827, t=60
PPO Step 2828, t=61
PPO Step 2829, t=62
PPO Step 2830, t=63
PPO Step 2831, t=64
PPO Step 2832, t=65
PPO Step 2833, t=66
PPO Step 2834, t=67
PPO Step 2835, t=68
PPO Step 2836, t=69
PPO Step 2837, t=70
PPO Step 2838, t=71
PPO Step 2839, t=72
PPO Step 2840, t=73
PPO Step 2841, t=74
PPO Step 2842, t=75
PPO Step 2843, t=76
PPO Step 2844, t=77
PPO Step 2845, t=78
PPO Step 2846, t=79
PPO Step 2847, t=80
PPO Step 2848, t=81
PPO Step 2849, t=82
PPO Step 2850, t=83
PPO Step 2851, t=84
PPO Step 2852, t=85
PPO Step 2853, t=86
PPO Step 2854, t=87
PPO Step 2855, t=88
PPO Step 2856, t=89
PPO Step 2857, t=90
PPO Step 2858, t=91
PPO Step 2859, t=92
PPO Step 2860, t=93
PPO Step 2861, t=94
PPO Step 2862, t=95
PPO Step 2863, t=96
PPO Step 2864, t=97
PPO Step 2865, t=98
PPO Step 2866, t=99
PPO Step 2867, t=100
PPO Step 2868, t=1
PPO Step 2869, t=2
PPO Step 2870, t=3
PPO Step 2871, t=4
PPO Step 2872, t=5
PPO Step 2873, t=6
PPO Step 2874, t=7
PPO Step 2875, t=8
PPO Step 2876, t=9
PPO Step 2877, t=10
PPO Step 2878, t=11
PPO Step 2879, t=12
PPO Step 2880, t=13
PPO Step 2881, t=14
PPO Step 2882, t=15
PPO Step 2883, t=16
PPO Step 2884, t=17
PPO Step 2885, t=18
PPO Step 2886, t=19
PPO Step 2887, t=20
PPO Step 2888, t=1
PPO Step 2889, t=2
PPO Step 2890, t=3
PPO Step 2891, t=4
PPO Step 2892, t=5
PPO Step 2893, t=6
PPO Step 2894, t=7
PPO Step 2895, t=8
PPO Step 2896, t=9
PPO Step 2897, t=10
PPO Step 2898, t=11
PPO Step 2899, t=12
PPO Step 2900, t=13
Step 2900 - Updating the algorithm
Update discriminator at step 85
Update discriminator at step 86
Update discriminator at step 87
[Debug] Reward mean: 9.3275, std: 1.8206
Updating PPO
PPO Step 2901, t=14
PPO Step 2902, t=15
PPO Step 2903, t=16
PPO Step 2904, t=17
PPO Step 2905, t=18
PPO Step 2906, t=19
PPO Step 2907, t=20
PPO Step 2908, t=21
PPO Step 2909, t=1
PPO Step 2910, t=2
PPO Step 2911, t=3
PPO Step 2912, t=4
PPO Step 2913, t=5
PPO Step 2914, t=6
PPO Step 2915, t=7
PPO Step 2916, t=8
PPO Step 2917, t=9
PPO Step 2918, t=10
PPO Step 2919, t=11
PPO Step 2920, t=12
PPO Step 2921, t=13
PPO Step 2922, t=14
PPO Step 2923, t=15
PPO Step 2924, t=16
PPO Step 2925, t=17
PPO Step 2926, t=18
PPO Step 2927, t=19
PPO Step 2928, t=20
PPO Step 2929, t=1
PPO Step 2930, t=2
PPO Step 2931, t=3
PPO Step 2932, t=4
PPO Step 2933, t=5
PPO Step 2934, t=6
PPO Step 2935, t=7
PPO Step 2936, t=8
PPO Step 2937, t=9
PPO Step 2938, t=10
PPO Step 2939, t=11
PPO Step 2940, t=12
PPO Step 2941, t=13
PPO Step 2942, t=14
PPO Step 2943, t=15
PPO Step 2944, t=16
PPO Step 2945, t=17
PPO Step 2946, t=18
PPO Step 2947, t=19
PPO Step 2948, t=20
PPO Step 2949, t=21
PPO Step 2950, t=22
PPO Step 2951, t=23
PPO Step 2952, t=24
PPO Step 2953, t=1
PPO Step 2954, t=2
PPO Step 2955, t=3
PPO Step 2956, t=4
PPO Step 2957, t=5
PPO Step 2958, t=6
PPO Step 2959, t=7
PPO Step 2960, t=8
PPO Step 2961, t=9
PPO Step 2962, t=1
PPO Step 2963, t=2
PPO Step 2964, t=3
PPO Step 2965, t=4
PPO Step 2966, t=5
PPO Step 2967, t=6
PPO Step 2968, t=7
PPO Step 2969, t=8
PPO Step 2970, t=9
PPO Step 2971, t=10
PPO Step 2972, t=11
PPO Step 2973, t=12
PPO Step 2974, t=13
PPO Step 2975, t=14
PPO Step 2976, t=15
PPO Step 2977, t=16
PPO Step 2978, t=17
PPO Step 2979, t=18
PPO Step 2980, t=19
PPO Step 2981, t=20
PPO Step 2982, t=21
PPO Step 2983, t=22
PPO Step 2984, t=23
PPO Step 2985, t=24
PPO Step 2986, t=1
PPO Step 2987, t=2
PPO Step 2988, t=3
PPO Step 2989, t=4
PPO Step 2990, t=5
PPO Step 2991, t=6
PPO Step 2992, t=7
PPO Step 2993, t=8
PPO Step 2994, t=9
PPO Step 2995, t=10
PPO Step 2996, t=11
PPO Step 2997, t=12
PPO Step 2998, t=13
PPO Step 2999, t=14
PPO Step 3000, t=15
Step 3000 - Updating the algorithm
Update discriminator at step 88
Update discriminator at step 89
Update discriminator at step 90
[Debug] Reward mean: 9.4729, std: 1.7007
Updating PPO
Step 3000 - Evaluating the algorithm
Num steps: 3000     Return: -14812.6   Time: 0:13:00
PPO Step 3001, t=16
PPO Step 3002, t=17
PPO Step 3003, t=18
PPO Step 3004, t=19
PPO Step 3005, t=20
PPO Step 3006, t=21
PPO Step 3007, t=22
PPO Step 3008, t=23
PPO Step 3009, t=24
PPO Step 3010, t=25
PPO Step 3011, t=26
PPO Step 3012, t=27
PPO Step 3013, t=28
PPO Step 3014, t=29
PPO Step 3015, t=30
PPO Step 3016, t=31
PPO Step 3017, t=32
PPO Step 3018, t=33
PPO Step 3019, t=34
PPO Step 3020, t=35
PPO Step 3021, t=36
PPO Step 3022, t=37
PPO Step 3023, t=38
PPO Step 3024, t=39
PPO Step 3025, t=40
PPO Step 3026, t=41
PPO Step 3027, t=42
PPO Step 3028, t=43
PPO Step 3029, t=44
PPO Step 3030, t=45
PPO Step 3031, t=46
PPO Step 3032, t=47
PPO Step 3033, t=48
PPO Step 3034, t=49
PPO Step 3035, t=1
PPO Step 3036, t=2
PPO Step 3037, t=3
PPO Step 3038, t=4
PPO Step 3039, t=5
PPO Step 3040, t=6
PPO Step 3041, t=7
PPO Step 3042, t=8
PPO Step 3043, t=9
PPO Step 3044, t=10
PPO Step 3045, t=11
PPO Step 3046, t=12
PPO Step 3047, t=13
PPO Step 3048, t=14
PPO Step 3049, t=15
PPO Step 3050, t=16
PPO Step 3051, t=17
PPO Step 3052, t=18
PPO Step 3053, t=19
PPO Step 3054, t=20
PPO Step 3055, t=21
PPO Step 3056, t=22
PPO Step 3057, t=23
PPO Step 3058, t=24
PPO Step 3059, t=25
PPO Step 3060, t=1
PPO Step 3061, t=2
PPO Step 3062, t=3
PPO Step 3063, t=4
PPO Step 3064, t=5
PPO Step 3065, t=6
PPO Step 3066, t=7
PPO Step 3067, t=8
PPO Step 3068, t=9
PPO Step 3069, t=10
PPO Step 3070, t=11
PPO Step 3071, t=12
PPO Step 3072, t=13
PPO Step 3073, t=14
PPO Step 3074, t=15
PPO Step 3075, t=16
PPO Step 3076, t=17
PPO Step 3077, t=18
PPO Step 3078, t=19
PPO Step 3079, t=20
PPO Step 3080, t=21
PPO Step 3081, t=22
PPO Step 3082, t=23
PPO Step 3083, t=24
PPO Step 3084, t=25
PPO Step 3085, t=26
PPO Step 3086, t=27
PPO Step 3087, t=28
PPO Step 3088, t=29
PPO Step 3089, t=30
PPO Step 3090, t=31
PPO Step 3091, t=32
PPO Step 3092, t=33
PPO Step 3093, t=34
PPO Step 3094, t=35
PPO Step 3095, t=36
PPO Step 3096, t=37
PPO Step 3097, t=38
PPO Step 3098, t=39
PPO Step 3099, t=40
PPO Step 3100, t=41
Step 3100 - Updating the algorithm
Update discriminator at step 91
Update discriminator at step 92
Update discriminator at step 93
[Debug] Reward mean: 8.9350, std: 2.0332
Updating PPO
PPO Step 3101, t=42
PPO Step 3102, t=43
PPO Step 3103, t=44
PPO Step 3104, t=45
PPO Step 3105, t=46
PPO Step 3106, t=47
PPO Step 3107, t=48
PPO Step 3108, t=49
PPO Step 3109, t=50
PPO Step 3110, t=51
PPO Step 3111, t=52
PPO Step 3112, t=53
PPO Step 3113, t=54
PPO Step 3114, t=55
PPO Step 3115, t=56
PPO Step 3116, t=57
PPO Step 3117, t=58
PPO Step 3118, t=59
PPO Step 3119, t=60
PPO Step 3120, t=61
PPO Step 3121, t=62
PPO Step 3122, t=63
PPO Step 3123, t=64
PPO Step 3124, t=65
PPO Step 3125, t=66
PPO Step 3126, t=67
PPO Step 3127, t=68
PPO Step 3128, t=69
PPO Step 3129, t=70
PPO Step 3130, t=71
PPO Step 3131, t=72
PPO Step 3132, t=73
PPO Step 3133, t=74
PPO Step 3134, t=1
PPO Step 3135, t=2
PPO Step 3136, t=3
PPO Step 3137, t=4
PPO Step 3138, t=5
PPO Step 3139, t=6
PPO Step 3140, t=7
PPO Step 3141, t=8
PPO Step 3142, t=9
PPO Step 3143, t=10
PPO Step 3144, t=11
PPO Step 3145, t=12
PPO Step 3146, t=13
PPO Step 3147, t=14
PPO Step 3148, t=15
PPO Step 3149, t=16
PPO Step 3150, t=17
PPO Step 3151, t=18
PPO Step 3152, t=19
PPO Step 3153, t=20
PPO Step 3154, t=21
PPO Step 3155, t=22
PPO Step 3156, t=23
PPO Step 3157, t=24
PPO Step 3158, t=25
PPO Step 3159, t=26
PPO Step 3160, t=27
PPO Step 3161, t=28
PPO Step 3162, t=29
PPO Step 3163, t=30
PPO Step 3164, t=31
PPO Step 3165, t=32
PPO Step 3166, t=33
PPO Step 3167, t=34
PPO Step 3168, t=35
PPO Step 3169, t=36
PPO Step 3170, t=37
PPO Step 3171, t=1
PPO Step 3172, t=2
PPO Step 3173, t=3
PPO Step 3174, t=4
PPO Step 3175, t=5
PPO Step 3176, t=6
PPO Step 3177, t=7
PPO Step 3178, t=8
PPO Step 3179, t=9
PPO Step 3180, t=10
PPO Step 3181, t=11
PPO Step 3182, t=12
PPO Step 3183, t=13
PPO Step 3184, t=14
PPO Step 3185, t=15
PPO Step 3186, t=16
PPO Step 3187, t=17
PPO Step 3188, t=18
PPO Step 3189, t=19
PPO Step 3190, t=20
PPO Step 3191, t=21
PPO Step 3192, t=22
PPO Step 3193, t=23
PPO Step 3194, t=24
PPO Step 3195, t=1
PPO Step 3196, t=2
PPO Step 3197, t=3
PPO Step 3198, t=4
PPO Step 3199, t=5
PPO Step 3200, t=6
Step 3200 - Updating the algorithm
Update discriminator at step 94
Update discriminator at step 95
Update discriminator at step 96
[Debug] Reward mean: 8.8741, std: 1.6633
Updating PPO
PPO Step 3201, t=7
PPO Step 3202, t=8
PPO Step 3203, t=9
PPO Step 3204, t=10
PPO Step 3205, t=11
PPO Step 3206, t=12
PPO Step 3207, t=13
PPO Step 3208, t=14
PPO Step 3209, t=15
PPO Step 3210, t=16
PPO Step 3211, t=17
PPO Step 3212, t=18
PPO Step 3213, t=19
PPO Step 3214, t=20
PPO Step 3215, t=21
PPO Step 3216, t=22
PPO Step 3217, t=23
PPO Step 3218, t=24
PPO Step 3219, t=25
PPO Step 3220, t=26
PPO Step 3221, t=27
PPO Step 3222, t=28
PPO Step 3223, t=29
PPO Step 3224, t=30
PPO Step 3225, t=31
PPO Step 3226, t=32
PPO Step 3227, t=33
PPO Step 3228, t=34
PPO Step 3229, t=35
PPO Step 3230, t=36
PPO Step 3231, t=37
PPO Step 3232, t=38
PPO Step 3233, t=39
PPO Step 3234, t=40
PPO Step 3235, t=41
PPO Step 3236, t=42
PPO Step 3237, t=43
PPO Step 3238, t=44
PPO Step 3239, t=45
PPO Step 3240, t=46
PPO Step 3241, t=47
PPO Step 3242, t=48
PPO Step 3243, t=49
PPO Step 3244, t=50
PPO Step 3245, t=51
PPO Step 3246, t=52
PPO Step 3247, t=53
PPO Step 3248, t=54
PPO Step 3249, t=55
PPO Step 3250, t=56
PPO Step 3251, t=57
PPO Step 3252, t=58
PPO Step 3253, t=59
PPO Step 3254, t=60
PPO Step 3255, t=61
PPO Step 3256, t=62
PPO Step 3257, t=63
PPO Step 3258, t=64
PPO Step 3259, t=65
PPO Step 3260, t=66
PPO Step 3261, t=67
PPO Step 3262, t=68
PPO Step 3263, t=69
PPO Step 3264, t=70
PPO Step 3265, t=71
PPO Step 3266, t=72
PPO Step 3267, t=73
PPO Step 3268, t=74
PPO Step 3269, t=75
PPO Step 3270, t=76
PPO Step 3271, t=77
PPO Step 3272, t=78
PPO Step 3273, t=79
PPO Step 3274, t=80
PPO Step 3275, t=81
PPO Step 3276, t=82
PPO Step 3277, t=83
PPO Step 3278, t=84
PPO Step 3279, t=85
PPO Step 3280, t=86
PPO Step 3281, t=87
PPO Step 3282, t=88
PPO Step 3283, t=89
PPO Step 3284, t=90
PPO Step 3285, t=91
PPO Step 3286, t=1
PPO Step 3287, t=2
PPO Step 3288, t=3
PPO Step 3289, t=4
PPO Step 3290, t=5
PPO Step 3291, t=6
PPO Step 3292, t=7
PPO Step 3293, t=8
PPO Step 3294, t=9
PPO Step 3295, t=10
PPO Step 3296, t=11
PPO Step 3297, t=12
PPO Step 3298, t=13
PPO Step 3299, t=14
PPO Step 3300, t=15
Step 3300 - Updating the algorithm
Update discriminator at step 97
Update discriminator at step 98
Update discriminator at step 99
[Debug] Reward mean: 8.9119, std: 1.8500
Updating PPO
PPO Step 3301, t=16
PPO Step 3302, t=17
PPO Step 3303, t=18
PPO Step 3304, t=19
PPO Step 3305, t=20
PPO Step 3306, t=21
PPO Step 3307, t=22
PPO Step 3308, t=23
PPO Step 3309, t=24
PPO Step 3310, t=25
PPO Step 3311, t=26
PPO Step 3312, t=27
PPO Step 3313, t=28
PPO Step 3314, t=29
PPO Step 3315, t=30
PPO Step 3316, t=31
PPO Step 3317, t=32
PPO Step 3318, t=33
PPO Step 3319, t=34
PPO Step 3320, t=35
PPO Step 3321, t=36
PPO Step 3322, t=37
PPO Step 3323, t=38
PPO Step 3324, t=39
PPO Step 3325, t=40
PPO Step 3326, t=41
PPO Step 3327, t=42
PPO Step 3328, t=43
PPO Step 3329, t=44
PPO Step 3330, t=45
PPO Step 3331, t=46
PPO Step 3332, t=47
PPO Step 3333, t=48
PPO Step 3334, t=49
PPO Step 3335, t=50
PPO Step 3336, t=51
PPO Step 3337, t=52
PPO Step 3338, t=53
PPO Step 3339, t=54
PPO Step 3340, t=55
PPO Step 3341, t=56
PPO Step 3342, t=57
PPO Step 3343, t=58
PPO Step 3344, t=59
PPO Step 3345, t=60
PPO Step 3346, t=61
PPO Step 3347, t=62
PPO Step 3348, t=63
PPO Step 3349, t=64
PPO Step 3350, t=65
PPO Step 3351, t=66
PPO Step 3352, t=1
PPO Step 3353, t=2
PPO Step 3354, t=3
PPO Step 3355, t=4
PPO Step 3356, t=5
PPO Step 3357, t=6
PPO Step 3358, t=7
PPO Step 3359, t=8
PPO Step 3360, t=9
PPO Step 3361, t=10
PPO Step 3362, t=11
PPO Step 3363, t=12
PPO Step 3364, t=13
PPO Step 3365, t=14
PPO Step 3366, t=15
PPO Step 3367, t=16
PPO Step 3368, t=17
PPO Step 3369, t=18
PPO Step 3370, t=19
PPO Step 3371, t=20
PPO Step 3372, t=1
PPO Step 3373, t=2
PPO Step 3374, t=3
PPO Step 3375, t=4
PPO Step 3376, t=5
PPO Step 3377, t=6
PPO Step 3378, t=7
PPO Step 3379, t=8
PPO Step 3380, t=9
PPO Step 3381, t=10
PPO Step 3382, t=11
PPO Step 3383, t=12
PPO Step 3384, t=13
PPO Step 3385, t=14
PPO Step 3386, t=15
PPO Step 3387, t=16
PPO Step 3388, t=17
PPO Step 3389, t=18
PPO Step 3390, t=19
PPO Step 3391, t=20
PPO Step 3392, t=21
PPO Step 3393, t=22
PPO Step 3394, t=23
PPO Step 3395, t=24
PPO Step 3396, t=25
PPO Step 3397, t=26
PPO Step 3398, t=27
PPO Step 3399, t=28
PPO Step 3400, t=29
Step 3400 - Updating the algorithm
Update discriminator at step 100
Update discriminator at step 101
Update discriminator at step 102
[Debug] Reward mean: 8.8893, std: 1.7052
Updating PPO
PPO Step 3401, t=30
PPO Step 3402, t=31
PPO Step 3403, t=32
PPO Step 3404, t=33
PPO Step 3405, t=34
PPO Step 3406, t=1
PPO Step 3407, t=2
PPO Step 3408, t=3
PPO Step 3409, t=4
PPO Step 3410, t=5
PPO Step 3411, t=6
PPO Step 3412, t=7
PPO Step 3413, t=8
PPO Step 3414, t=9
PPO Step 3415, t=10
PPO Step 3416, t=11
PPO Step 3417, t=12
PPO Step 3418, t=13
PPO Step 3419, t=14
PPO Step 3420, t=15
PPO Step 3421, t=16
PPO Step 3422, t=17
PPO Step 3423, t=18
PPO Step 3424, t=19
PPO Step 3425, t=20
PPO Step 3426, t=21
PPO Step 3427, t=22
PPO Step 3428, t=23
PPO Step 3429, t=24
PPO Step 3430, t=25
PPO Step 3431, t=26
PPO Step 3432, t=27
PPO Step 3433, t=28
PPO Step 3434, t=29
PPO Step 3435, t=30
PPO Step 3436, t=31
PPO Step 3437, t=32
PPO Step 3438, t=33
PPO Step 3439, t=34
PPO Step 3440, t=35
PPO Step 3441, t=36
PPO Step 3442, t=37
PPO Step 3443, t=38
PPO Step 3444, t=39
PPO Step 3445, t=1
PPO Step 3446, t=2
PPO Step 3447, t=3
PPO Step 3448, t=4
PPO Step 3449, t=5
PPO Step 3450, t=6
PPO Step 3451, t=7
PPO Step 3452, t=8
PPO Step 3453, t=9
PPO Step 3454, t=10
PPO Step 3455, t=11
PPO Step 3456, t=12
PPO Step 3457, t=13
PPO Step 3458, t=14
PPO Step 3459, t=15
PPO Step 3460, t=16
PPO Step 3461, t=17
PPO Step 3462, t=18
PPO Step 3463, t=19
PPO Step 3464, t=20
PPO Step 3465, t=21
PPO Step 3466, t=22
PPO Step 3467, t=23
PPO Step 3468, t=24
PPO Step 3469, t=25
PPO Step 3470, t=26
PPO Step 3471, t=27
PPO Step 3472, t=28
PPO Step 3473, t=29
PPO Step 3474, t=30
PPO Step 3475, t=31
PPO Step 3476, t=32
PPO Step 3477, t=33
PPO Step 3478, t=34
PPO Step 3479, t=35
PPO Step 3480, t=36
PPO Step 3481, t=37
PPO Step 3482, t=38
PPO Step 3483, t=39
PPO Step 3484, t=40
PPO Step 3485, t=41
PPO Step 3486, t=42
PPO Step 3487, t=43
PPO Step 3488, t=44
PPO Step 3489, t=45
PPO Step 3490, t=46
PPO Step 3491, t=47
PPO Step 3492, t=48
PPO Step 3493, t=49
PPO Step 3494, t=50
PPO Step 3495, t=1
PPO Step 3496, t=2
PPO Step 3497, t=3
PPO Step 3498, t=4
PPO Step 3499, t=5
PPO Step 3500, t=6
Step 3500 - Updating the algorithm
Update discriminator at step 103
Update discriminator at step 104
Update discriminator at step 105
[Debug] Reward mean: 8.5364, std: 1.9430
Updating PPO
PPO Step 3501, t=7
PPO Step 3502, t=8
PPO Step 3503, t=9
PPO Step 3504, t=10
PPO Step 3505, t=11
PPO Step 3506, t=12
PPO Step 3507, t=13
PPO Step 3508, t=14
PPO Step 3509, t=15
PPO Step 3510, t=16
PPO Step 3511, t=17
PPO Step 3512, t=18
PPO Step 3513, t=19
PPO Step 3514, t=20
PPO Step 3515, t=21
PPO Step 3516, t=22
PPO Step 3517, t=23
PPO Step 3518, t=24
PPO Step 3519, t=25
PPO Step 3520, t=26
PPO Step 3521, t=27
PPO Step 3522, t=28
PPO Step 3523, t=29
PPO Step 3524, t=30
PPO Step 3525, t=31
PPO Step 3526, t=32
PPO Step 3527, t=33
PPO Step 3528, t=34
PPO Step 3529, t=35
PPO Step 3530, t=36
PPO Step 3531, t=37
PPO Step 3532, t=38
PPO Step 3533, t=39
PPO Step 3534, t=40
PPO Step 3535, t=41
PPO Step 3536, t=42
PPO Step 3537, t=43
PPO Step 3538, t=44
PPO Step 3539, t=45
PPO Step 3540, t=46
PPO Step 3541, t=47
PPO Step 3542, t=48
PPO Step 3543, t=49
PPO Step 3544, t=50
PPO Step 3545, t=51
PPO Step 3546, t=52
PPO Step 3547, t=53
PPO Step 3548, t=54
PPO Step 3549, t=55
PPO Step 3550, t=56
PPO Step 3551, t=57
PPO Step 3552, t=58
PPO Step 3553, t=59
PPO Step 3554, t=60
PPO Step 3555, t=61
PPO Step 3556, t=62
PPO Step 3557, t=63
PPO Step 3558, t=64
PPO Step 3559, t=65
PPO Step 3560, t=66
PPO Step 3561, t=67
PPO Step 3562, t=68
PPO Step 3563, t=69
PPO Step 3564, t=70
PPO Step 3565, t=71
PPO Step 3566, t=72
PPO Step 3567, t=73
PPO Step 3568, t=74
PPO Step 3569, t=75
PPO Step 3570, t=76
PPO Step 3571, t=77
PPO Step 3572, t=78
PPO Step 3573, t=79
PPO Step 3574, t=80
PPO Step 3575, t=81
PPO Step 3576, t=82
PPO Step 3577, t=83
PPO Step 3578, t=84
PPO Step 3579, t=85
PPO Step 3580, t=86
PPO Step 3581, t=87
PPO Step 3582, t=88
PPO Step 3583, t=89
PPO Step 3584, t=90
PPO Step 3585, t=91
PPO Step 3586, t=92
PPO Step 3587, t=93
PPO Step 3588, t=94
PPO Step 3589, t=95
PPO Step 3590, t=96
PPO Step 3591, t=97
PPO Step 3592, t=98
PPO Step 3593, t=99
PPO Step 3594, t=100
PPO Step 3595, t=101
PPO Step 3596, t=102
PPO Step 3597, t=103
PPO Step 3598, t=104
PPO Step 3599, t=105
PPO Step 3600, t=106
Step 3600 - Updating the algorithm
Update discriminator at step 106
Update discriminator at step 107
Update discriminator at step 108
[Debug] Reward mean: 8.7667, std: 1.6864
Updating PPO
PPO Step 3601, t=107
PPO Step 3602, t=108
PPO Step 3603, t=109
PPO Step 3604, t=110
PPO Step 3605, t=111
PPO Step 3606, t=112
PPO Step 3607, t=113
PPO Step 3608, t=114
PPO Step 3609, t=115
PPO Step 3610, t=116
PPO Step 3611, t=117
PPO Step 3612, t=118
PPO Step 3613, t=119
PPO Step 3614, t=120
PPO Step 3615, t=121
PPO Step 3616, t=122
PPO Step 3617, t=123
PPO Step 3618, t=124
PPO Step 3619, t=125
PPO Step 3620, t=126
PPO Step 3621, t=127
PPO Step 3622, t=128
PPO Step 3623, t=129
PPO Step 3624, t=130
PPO Step 3625, t=131
PPO Step 3626, t=132
PPO Step 3627, t=133
PPO Step 3628, t=134
PPO Step 3629, t=135
PPO Step 3630, t=136
PPO Step 3631, t=137
PPO Step 3632, t=138
PPO Step 3633, t=139
PPO Step 3634, t=140
PPO Step 3635, t=141
PPO Step 3636, t=142
PPO Step 3637, t=143
PPO Step 3638, t=144
PPO Step 3639, t=145
PPO Step 3640, t=146
PPO Step 3641, t=147
PPO Step 3642, t=148
PPO Step 3643, t=149
PPO Step 3644, t=150
PPO Step 3645, t=151
PPO Step 3646, t=152
PPO Step 3647, t=153
PPO Step 3648, t=154
PPO Step 3649, t=155
PPO Step 3650, t=156
PPO Step 3651, t=157
PPO Step 3652, t=158
PPO Step 3653, t=159
PPO Step 3654, t=160
PPO Step 3655, t=161
PPO Step 3656, t=162
PPO Step 3657, t=163
PPO Step 3658, t=164
PPO Step 3659, t=165
PPO Step 3660, t=166
PPO Step 3661, t=167
PPO Step 3662, t=168
PPO Step 3663, t=169
PPO Step 3664, t=170
PPO Step 3665, t=171
PPO Step 3666, t=172
PPO Step 3667, t=173
PPO Step 3668, t=174
PPO Step 3669, t=175
PPO Step 3670, t=176
PPO Step 3671, t=177
PPO Step 3672, t=178
PPO Step 3673, t=179
PPO Step 3674, t=180
PPO Step 3675, t=181
PPO Step 3676, t=182
PPO Step 3677, t=183
PPO Step 3678, t=184
PPO Step 3679, t=185
PPO Step 3680, t=186
PPO Step 3681, t=187
PPO Step 3682, t=188
PPO Step 3683, t=189
PPO Step 3684, t=190
PPO Step 3685, t=191
PPO Step 3686, t=192
PPO Step 3687, t=193
PPO Step 3688, t=194
PPO Step 3689, t=195
PPO Step 3690, t=196
PPO Step 3691, t=197
PPO Step 3692, t=198
PPO Step 3693, t=199
PPO Step 3694, t=200
PPO Step 3695, t=201
PPO Step 3696, t=202
PPO Step 3697, t=203
PPO Step 3698, t=204
PPO Step 3699, t=205
PPO Step 3700, t=206
Step 3700 - Updating the algorithm
Update discriminator at step 109
Update discriminator at step 110
Update discriminator at step 111
[Debug] Reward mean: 7.8701, std: 2.2168
Updating PPO
PPO Step 3701, t=207
PPO Step 3702, t=208
PPO Step 3703, t=209
PPO Step 3704, t=210
PPO Step 3705, t=211
PPO Step 3706, t=212
PPO Step 3707, t=213
PPO Step 3708, t=214
PPO Step 3709, t=215
PPO Step 3710, t=216
PPO Step 3711, t=217
PPO Step 3712, t=218
PPO Step 3713, t=219
PPO Step 3714, t=220
PPO Step 3715, t=221
PPO Step 3716, t=222
PPO Step 3717, t=223
PPO Step 3718, t=224
PPO Step 3719, t=225
PPO Step 3720, t=226
PPO Step 3721, t=227
PPO Step 3722, t=228
PPO Step 3723, t=229
PPO Step 3724, t=230
PPO Step 3725, t=231
PPO Step 3726, t=232
PPO Step 3727, t=233
PPO Step 3728, t=234
PPO Step 3729, t=235
PPO Step 3730, t=236
PPO Step 3731, t=237
PPO Step 3732, t=238
PPO Step 3733, t=239
PPO Step 3734, t=240
PPO Step 3735, t=241
PPO Step 3736, t=242
PPO Step 3737, t=243
PPO Step 3738, t=244
PPO Step 3739, t=245
PPO Step 3740, t=246
PPO Step 3741, t=247
PPO Step 3742, t=248
PPO Step 3743, t=249
PPO Step 3744, t=250
PPO Step 3745, t=251
PPO Step 3746, t=252
PPO Step 3747, t=253
PPO Step 3748, t=254
PPO Step 3749, t=255
PPO Step 3750, t=256
PPO Step 3751, t=257
PPO Step 3752, t=258
PPO Step 3753, t=259
PPO Step 3754, t=260
PPO Step 3755, t=261
PPO Step 3756, t=262
PPO Step 3757, t=263
PPO Step 3758, t=264
PPO Step 3759, t=265
PPO Step 3760, t=266
PPO Step 3761, t=267
PPO Step 3762, t=268
PPO Step 3763, t=269
PPO Step 3764, t=270
PPO Step 3765, t=271
PPO Step 3766, t=272
PPO Step 3767, t=273
PPO Step 3768, t=274
PPO Step 3769, t=275
PPO Step 3770, t=276
PPO Step 3771, t=277
PPO Step 3772, t=278
PPO Step 3773, t=279
PPO Step 3774, t=1
PPO Step 3775, t=2
PPO Step 3776, t=3
PPO Step 3777, t=4
PPO Step 3778, t=5
PPO Step 3779, t=6
PPO Step 3780, t=7
PPO Step 3781, t=8
PPO Step 3782, t=9
PPO Step 3783, t=10
PPO Step 3784, t=11
PPO Step 3785, t=12
PPO Step 3786, t=13
PPO Step 3787, t=14
PPO Step 3788, t=15
PPO Step 3789, t=16
PPO Step 3790, t=17
PPO Step 3791, t=18
PPO Step 3792, t=19
PPO Step 3793, t=20
PPO Step 3794, t=21
PPO Step 3795, t=22
PPO Step 3796, t=23
PPO Step 3797, t=24
PPO Step 3798, t=25
PPO Step 3799, t=26
PPO Step 3800, t=27
Step 3800 - Updating the algorithm
Update discriminator at step 112
Update discriminator at step 113
Update discriminator at step 114
[Debug] Reward mean: 7.8898, std: 2.1791
Updating PPO
PPO Step 3801, t=28
PPO Step 3802, t=29
PPO Step 3803, t=30
PPO Step 3804, t=31
PPO Step 3805, t=32
PPO Step 3806, t=33
PPO Step 3807, t=34
PPO Step 3808, t=35
PPO Step 3809, t=36
PPO Step 3810, t=37
PPO Step 3811, t=38
PPO Step 3812, t=39
PPO Step 3813, t=40
PPO Step 3814, t=41
PPO Step 3815, t=42
PPO Step 3816, t=43
PPO Step 3817, t=44
PPO Step 3818, t=45
PPO Step 3819, t=46
PPO Step 3820, t=47
PPO Step 3821, t=48
PPO Step 3822, t=49
PPO Step 3823, t=50
PPO Step 3824, t=51
PPO Step 3825, t=52
PPO Step 3826, t=53
PPO Step 3827, t=54
PPO Step 3828, t=55
PPO Step 3829, t=56
PPO Step 3830, t=57
PPO Step 3831, t=58
PPO Step 3832, t=59
PPO Step 3833, t=60
PPO Step 3834, t=61
PPO Step 3835, t=62
PPO Step 3836, t=63
PPO Step 3837, t=64
PPO Step 3838, t=65
PPO Step 3839, t=66
PPO Step 3840, t=67
PPO Step 3841, t=68
PPO Step 3842, t=69
PPO Step 3843, t=70
PPO Step 3844, t=71
PPO Step 3845, t=72
PPO Step 3846, t=73
PPO Step 3847, t=74
PPO Step 3848, t=75
PPO Step 3849, t=76
PPO Step 3850, t=77
PPO Step 3851, t=78
PPO Step 3852, t=79
PPO Step 3853, t=80
PPO Step 3854, t=81
PPO Step 3855, t=82
PPO Step 3856, t=83
PPO Step 3857, t=84
PPO Step 3858, t=85
PPO Step 3859, t=86
PPO Step 3860, t=1
PPO Step 3861, t=2
PPO Step 3862, t=3
PPO Step 3863, t=4
PPO Step 3864, t=5
PPO Step 3865, t=6
PPO Step 3866, t=7
PPO Step 3867, t=8
PPO Step 3868, t=9
PPO Step 3869, t=10
PPO Step 3870, t=11
PPO Step 3871, t=12
PPO Step 3872, t=13
PPO Step 3873, t=14
PPO Step 3874, t=15
PPO Step 3875, t=16
PPO Step 3876, t=17
PPO Step 3877, t=18
PPO Step 3878, t=19
PPO Step 3879, t=20
PPO Step 3880, t=21
PPO Step 3881, t=22
PPO Step 3882, t=23
PPO Step 3883, t=24
PPO Step 3884, t=25
PPO Step 3885, t=26
PPO Step 3886, t=27
PPO Step 3887, t=28
PPO Step 3888, t=29
PPO Step 3889, t=30
PPO Step 3890, t=31
PPO Step 3891, t=32
PPO Step 3892, t=33
PPO Step 3893, t=34
PPO Step 3894, t=35
PPO Step 3895, t=36
PPO Step 3896, t=37
PPO Step 3897, t=38
PPO Step 3898, t=39
PPO Step 3899, t=40
PPO Step 3900, t=41
Step 3900 - Updating the algorithm
Update discriminator at step 115
Update discriminator at step 116
Update discriminator at step 117
[Debug] Reward mean: 8.0011, std: 1.9385
Updating PPO
PPO Step 3901, t=42
PPO Step 3902, t=43
PPO Step 3903, t=44
PPO Step 3904, t=45
PPO Step 3905, t=46
PPO Step 3906, t=47
PPO Step 3907, t=48
PPO Step 3908, t=49
PPO Step 3909, t=50
PPO Step 3910, t=51
PPO Step 3911, t=52
PPO Step 3912, t=53
PPO Step 3913, t=54
PPO Step 3914, t=55
PPO Step 3915, t=56
PPO Step 3916, t=57
PPO Step 3917, t=58
PPO Step 3918, t=59
PPO Step 3919, t=60
PPO Step 3920, t=61
PPO Step 3921, t=62
PPO Step 3922, t=63
PPO Step 3923, t=64
PPO Step 3924, t=65
PPO Step 3925, t=66
PPO Step 3926, t=67
PPO Step 3927, t=68
PPO Step 3928, t=69
PPO Step 3929, t=70
PPO Step 3930, t=71
PPO Step 3931, t=72
PPO Step 3932, t=73
PPO Step 3933, t=74
PPO Step 3934, t=75
PPO Step 3935, t=76
PPO Step 3936, t=77
PPO Step 3937, t=78
PPO Step 3938, t=79
PPO Step 3939, t=80
PPO Step 3940, t=81
PPO Step 3941, t=82
PPO Step 3942, t=83
PPO Step 3943, t=84
PPO Step 3944, t=85
PPO Step 3945, t=86
PPO Step 3946, t=87
PPO Step 3947, t=88
PPO Step 3948, t=89
PPO Step 3949, t=90
PPO Step 3950, t=91
PPO Step 3951, t=92
PPO Step 3952, t=93
PPO Step 3953, t=94
PPO Step 3954, t=1
PPO Step 3955, t=2
PPO Step 3956, t=3
PPO Step 3957, t=4
PPO Step 3958, t=5
PPO Step 3959, t=6
PPO Step 3960, t=7
PPO Step 3961, t=8
PPO Step 3962, t=9
PPO Step 3963, t=10
PPO Step 3964, t=11
PPO Step 3965, t=12
PPO Step 3966, t=13
PPO Step 3967, t=14
PPO Step 3968, t=15
PPO Step 3969, t=16
PPO Step 3970, t=17
PPO Step 3971, t=1
PPO Step 3972, t=2
PPO Step 3973, t=3
PPO Step 3974, t=4
PPO Step 3975, t=5
PPO Step 3976, t=6
PPO Step 3977, t=7
PPO Step 3978, t=8
PPO Step 3979, t=9
PPO Step 3980, t=10
PPO Step 3981, t=11
PPO Step 3982, t=12
PPO Step 3983, t=13
PPO Step 3984, t=14
PPO Step 3985, t=15
PPO Step 3986, t=16
PPO Step 3987, t=17
PPO Step 3988, t=18
PPO Step 3989, t=19
PPO Step 3990, t=20
PPO Step 3991, t=21
PPO Step 3992, t=22
PPO Step 3993, t=23
PPO Step 3994, t=24
PPO Step 3995, t=25
PPO Step 3996, t=26
PPO Step 3997, t=27
PPO Step 3998, t=28
PPO Step 3999, t=29
PPO Step 4000, t=30
Step 4000 - Updating the algorithm
Update discriminator at step 118
Update discriminator at step 119
Update discriminator at step 120
[Debug] Reward mean: 7.7027, std: 2.2390
Updating PPO
Step 4000 - Evaluating the algorithm
Num steps: 4000     Return: -14109.6   Time: 0:17:10
PPO Step 4001, t=31
PPO Step 4002, t=32
PPO Step 4003, t=33
PPO Step 4004, t=34
PPO Step 4005, t=35
PPO Step 4006, t=36
PPO Step 4007, t=37
PPO Step 4008, t=38
PPO Step 4009, t=39
PPO Step 4010, t=40
PPO Step 4011, t=41
PPO Step 4012, t=42
PPO Step 4013, t=43
PPO Step 4014, t=1
PPO Step 4015, t=2
PPO Step 4016, t=3
PPO Step 4017, t=4
PPO Step 4018, t=5
PPO Step 4019, t=6
PPO Step 4020, t=7
PPO Step 4021, t=8
PPO Step 4022, t=9
PPO Step 4023, t=10
PPO Step 4024, t=11
PPO Step 4025, t=12
PPO Step 4026, t=13
PPO Step 4027, t=14
PPO Step 4028, t=15
PPO Step 4029, t=16
PPO Step 4030, t=17
PPO Step 4031, t=18
PPO Step 4032, t=19
PPO Step 4033, t=20
PPO Step 4034, t=21
PPO Step 4035, t=22
PPO Step 4036, t=23
PPO Step 4037, t=24
PPO Step 4038, t=25
PPO Step 4039, t=26
PPO Step 4040, t=27
PPO Step 4041, t=28
PPO Step 4042, t=29
PPO Step 4043, t=30
PPO Step 4044, t=31
PPO Step 4045, t=32
PPO Step 4046, t=33
PPO Step 4047, t=34
PPO Step 4048, t=35
PPO Step 4049, t=36
PPO Step 4050, t=37
PPO Step 4051, t=38
PPO Step 4052, t=39
PPO Step 4053, t=1
PPO Step 4054, t=2
PPO Step 4055, t=3
PPO Step 4056, t=4
PPO Step 4057, t=5
PPO Step 4058, t=6
PPO Step 4059, t=7
PPO Step 4060, t=8
PPO Step 4061, t=9
PPO Step 4062, t=10
PPO Step 4063, t=11
PPO Step 4064, t=12
PPO Step 4065, t=13
PPO Step 4066, t=14
PPO Step 4067, t=15
PPO Step 4068, t=16
PPO Step 4069, t=17
PPO Step 4070, t=18
PPO Step 4071, t=19
PPO Step 4072, t=20
PPO Step 4073, t=21
PPO Step 4074, t=22
PPO Step 4075, t=23
PPO Step 4076, t=24
PPO Step 4077, t=25
PPO Step 4078, t=26
PPO Step 4079, t=27
PPO Step 4080, t=28
PPO Step 4081, t=29
PPO Step 4082, t=30
PPO Step 4083, t=31
PPO Step 4084, t=32
PPO Step 4085, t=33
PPO Step 4086, t=34
PPO Step 4087, t=35
PPO Step 4088, t=36
PPO Step 4089, t=37
PPO Step 4090, t=38
PPO Step 4091, t=39
PPO Step 4092, t=40
PPO Step 4093, t=41
PPO Step 4094, t=42
PPO Step 4095, t=43
PPO Step 4096, t=44
PPO Step 4097, t=45
PPO Step 4098, t=46
PPO Step 4099, t=47
PPO Step 4100, t=48
Step 4100 - Updating the algorithm
Update discriminator at step 121
Update discriminator at step 122
Update discriminator at step 123
[Debug] Reward mean: 7.4768, std: 2.2671
Updating PPO
PPO Step 4101, t=49
PPO Step 4102, t=50
PPO Step 4103, t=51
PPO Step 4104, t=52
PPO Step 4105, t=53
PPO Step 4106, t=54
PPO Step 4107, t=55
PPO Step 4108, t=56
PPO Step 4109, t=57
PPO Step 4110, t=58
PPO Step 4111, t=59
PPO Step 4112, t=60
PPO Step 4113, t=61
PPO Step 4114, t=62
PPO Step 4115, t=63
PPO Step 4116, t=64
PPO Step 4117, t=65
PPO Step 4118, t=66
PPO Step 4119, t=67
PPO Step 4120, t=68
PPO Step 4121, t=69
PPO Step 4122, t=70
PPO Step 4123, t=71
PPO Step 4124, t=72
PPO Step 4125, t=73
PPO Step 4126, t=74
PPO Step 4127, t=75
PPO Step 4128, t=76
PPO Step 4129, t=77
PPO Step 4130, t=78
PPO Step 4131, t=79
PPO Step 4132, t=80
PPO Step 4133, t=81
PPO Step 4134, t=82
PPO Step 4135, t=83
PPO Step 4136, t=84
PPO Step 4137, t=85
PPO Step 4138, t=86
PPO Step 4139, t=87
PPO Step 4140, t=88
PPO Step 4141, t=89
PPO Step 4142, t=90
PPO Step 4143, t=91
PPO Step 4144, t=92
PPO Step 4145, t=93
PPO Step 4146, t=94
PPO Step 4147, t=95
PPO Step 4148, t=96
PPO Step 4149, t=97
PPO Step 4150, t=98
PPO Step 4151, t=99
PPO Step 4152, t=100
PPO Step 4153, t=101
PPO Step 4154, t=102
PPO Step 4155, t=103
PPO Step 4156, t=104
PPO Step 4157, t=105
PPO Step 4158, t=106
PPO Step 4159, t=107
PPO Step 4160, t=108
PPO Step 4161, t=109
PPO Step 4162, t=110
PPO Step 4163, t=111
PPO Step 4164, t=112
PPO Step 4165, t=113
PPO Step 4166, t=114
PPO Step 4167, t=115
PPO Step 4168, t=116
PPO Step 4169, t=117
PPO Step 4170, t=118
PPO Step 4171, t=119
PPO Step 4172, t=120
PPO Step 4173, t=121
PPO Step 4174, t=122
PPO Step 4175, t=123
PPO Step 4176, t=124
PPO Step 4177, t=125
PPO Step 4178, t=126
PPO Step 4179, t=127
PPO Step 4180, t=128
PPO Step 4181, t=129
PPO Step 4182, t=130
PPO Step 4183, t=131
PPO Step 4184, t=132
PPO Step 4185, t=133
PPO Step 4186, t=134
PPO Step 4187, t=135
PPO Step 4188, t=136
PPO Step 4189, t=137
PPO Step 4190, t=138
PPO Step 4191, t=139
PPO Step 4192, t=140
PPO Step 4193, t=141
PPO Step 4194, t=142
PPO Step 4195, t=143
PPO Step 4196, t=144
PPO Step 4197, t=145
PPO Step 4198, t=146
PPO Step 4199, t=147
PPO Step 4200, t=148
Step 4200 - Updating the algorithm
Update discriminator at step 124
Update discriminator at step 125
Update discriminator at step 126
[Debug] Reward mean: 7.1582, std: 2.3217
Updating PPO
PPO Step 4201, t=149
PPO Step 4202, t=150
PPO Step 4203, t=151
PPO Step 4204, t=152
PPO Step 4205, t=153
PPO Step 4206, t=154
PPO Step 4207, t=155
PPO Step 4208, t=156
PPO Step 4209, t=157
PPO Step 4210, t=158
PPO Step 4211, t=159
PPO Step 4212, t=160
PPO Step 4213, t=161
PPO Step 4214, t=162
PPO Step 4215, t=163
PPO Step 4216, t=164
PPO Step 4217, t=165
PPO Step 4218, t=166
PPO Step 4219, t=167
PPO Step 4220, t=168
PPO Step 4221, t=169
PPO Step 4222, t=170
PPO Step 4223, t=171
PPO Step 4224, t=172
PPO Step 4225, t=173
PPO Step 4226, t=174
PPO Step 4227, t=175
PPO Step 4228, t=176
PPO Step 4229, t=177
PPO Step 4230, t=178
PPO Step 4231, t=179
PPO Step 4232, t=180
PPO Step 4233, t=181
PPO Step 4234, t=182
PPO Step 4235, t=183
PPO Step 4236, t=184
PPO Step 4237, t=185
PPO Step 4238, t=186
PPO Step 4239, t=187
PPO Step 4240, t=188
PPO Step 4241, t=189
PPO Step 4242, t=190
PPO Step 4243, t=191
PPO Step 4244, t=192
PPO Step 4245, t=193
PPO Step 4246, t=194
PPO Step 4247, t=195
PPO Step 4248, t=196
PPO Step 4249, t=197
PPO Step 4250, t=198
PPO Step 4251, t=199
PPO Step 4252, t=200
PPO Step 4253, t=201
PPO Step 4254, t=202
PPO Step 4255, t=203
PPO Step 4256, t=204
PPO Step 4257, t=205
PPO Step 4258, t=206
PPO Step 4259, t=207
PPO Step 4260, t=208
PPO Step 4261, t=209
PPO Step 4262, t=210
PPO Step 4263, t=211
PPO Step 4264, t=212
PPO Step 4265, t=213
PPO Step 4266, t=214
PPO Step 4267, t=215
PPO Step 4268, t=216
PPO Step 4269, t=217
PPO Step 4270, t=218
PPO Step 4271, t=219
PPO Step 4272, t=220
PPO Step 4273, t=221
PPO Step 4274, t=222
PPO Step 4275, t=223
PPO Step 4276, t=224
PPO Step 4277, t=225
PPO Step 4278, t=226
PPO Step 4279, t=227
PPO Step 4280, t=228
PPO Step 4281, t=229
PPO Step 4282, t=230
PPO Step 4283, t=231
PPO Step 4284, t=232
PPO Step 4285, t=233
PPO Step 4286, t=234
PPO Step 4287, t=235
PPO Step 4288, t=236
PPO Step 4289, t=237
PPO Step 4290, t=238
PPO Step 4291, t=239
PPO Step 4292, t=240
PPO Step 4293, t=241
PPO Step 4294, t=242
PPO Step 4295, t=243
PPO Step 4296, t=244
PPO Step 4297, t=245
PPO Step 4298, t=246
PPO Step 4299, t=247
PPO Step 4300, t=248
Step 4300 - Updating the algorithm
Update discriminator at step 127
Update discriminator at step 128
Update discriminator at step 129
[Debug] Reward mean: 6.4591, std: 2.8154
Updating PPO
PPO Step 4301, t=249
PPO Step 4302, t=250
PPO Step 4303, t=251
PPO Step 4304, t=252
PPO Step 4305, t=253
PPO Step 4306, t=254
PPO Step 4307, t=255
PPO Step 4308, t=256
PPO Step 4309, t=257
PPO Step 4310, t=258
PPO Step 4311, t=259
PPO Step 4312, t=260
PPO Step 4313, t=261
PPO Step 4314, t=262
PPO Step 4315, t=263
PPO Step 4316, t=264
PPO Step 4317, t=1
PPO Step 4318, t=2
PPO Step 4319, t=3
PPO Step 4320, t=4
PPO Step 4321, t=5
PPO Step 4322, t=6
PPO Step 4323, t=7
PPO Step 4324, t=8
PPO Step 4325, t=9
PPO Step 4326, t=10
PPO Step 4327, t=11
PPO Step 4328, t=12
PPO Step 4329, t=13
PPO Step 4330, t=14
PPO Step 4331, t=1
PPO Step 4332, t=2
PPO Step 4333, t=3
PPO Step 4334, t=4
PPO Step 4335, t=5
PPO Step 4336, t=6
PPO Step 4337, t=7
PPO Step 4338, t=8
PPO Step 4339, t=9
PPO Step 4340, t=10
PPO Step 4341, t=11
PPO Step 4342, t=12
PPO Step 4343, t=13
PPO Step 4344, t=14
PPO Step 4345, t=15
PPO Step 4346, t=16
PPO Step 4347, t=17
PPO Step 4348, t=18
PPO Step 4349, t=19
PPO Step 4350, t=20
PPO Step 4351, t=21
PPO Step 4352, t=22
PPO Step 4353, t=23
PPO Step 4354, t=24
PPO Step 4355, t=25
PPO Step 4356, t=26
PPO Step 4357, t=27
PPO Step 4358, t=28
PPO Step 4359, t=29
PPO Step 4360, t=30
PPO Step 4361, t=31
PPO Step 4362, t=32
PPO Step 4363, t=33
PPO Step 4364, t=34
PPO Step 4365, t=35
PPO Step 4366, t=36
PPO Step 4367, t=37
PPO Step 4368, t=38
PPO Step 4369, t=39
PPO Step 4370, t=40
PPO Step 4371, t=41
PPO Step 4372, t=42
PPO Step 4373, t=43
PPO Step 4374, t=44
PPO Step 4375, t=45
PPO Step 4376, t=46
PPO Step 4377, t=47
PPO Step 4378, t=48
PPO Step 4379, t=49
PPO Step 4380, t=50
PPO Step 4381, t=51
PPO Step 4382, t=52
PPO Step 4383, t=53
PPO Step 4384, t=54
PPO Step 4385, t=55
PPO Step 4386, t=56
PPO Step 4387, t=57
PPO Step 4388, t=58
PPO Step 4389, t=59
PPO Step 4390, t=60
PPO Step 4391, t=61
PPO Step 4392, t=62
PPO Step 4393, t=63
PPO Step 4394, t=1
PPO Step 4395, t=2
PPO Step 4396, t=3
PPO Step 4397, t=4
PPO Step 4398, t=5
PPO Step 4399, t=6
PPO Step 4400, t=7
Step 4400 - Updating the algorithm
Update discriminator at step 130
Update discriminator at step 131
Update discriminator at step 132
[Debug] Reward mean: 6.9393, std: 2.5899
Updating PPO
PPO Step 4401, t=8
PPO Step 4402, t=9
PPO Step 4403, t=10
PPO Step 4404, t=11
PPO Step 4405, t=12
PPO Step 4406, t=13
PPO Step 4407, t=14
PPO Step 4408, t=15
PPO Step 4409, t=16
PPO Step 4410, t=17
PPO Step 4411, t=18
PPO Step 4412, t=19
PPO Step 4413, t=20
PPO Step 4414, t=21
PPO Step 4415, t=22
PPO Step 4416, t=23
PPO Step 4417, t=24
PPO Step 4418, t=25
PPO Step 4419, t=26
PPO Step 4420, t=27
PPO Step 4421, t=28
PPO Step 4422, t=29
PPO Step 4423, t=30
PPO Step 4424, t=31
PPO Step 4425, t=32
PPO Step 4426, t=33
PPO Step 4427, t=34
PPO Step 4428, t=35
PPO Step 4429, t=36
PPO Step 4430, t=37
PPO Step 4431, t=38
PPO Step 4432, t=39
PPO Step 4433, t=40
PPO Step 4434, t=41
PPO Step 4435, t=42
PPO Step 4436, t=43
PPO Step 4437, t=44
PPO Step 4438, t=45
PPO Step 4439, t=46
PPO Step 4440, t=47
PPO Step 4441, t=48
PPO Step 4442, t=49
PPO Step 4443, t=50
PPO Step 4444, t=51
PPO Step 4445, t=1
PPO Step 4446, t=2
PPO Step 4447, t=3
PPO Step 4448, t=4
PPO Step 4449, t=5
PPO Step 4450, t=6
PPO Step 4451, t=7
PPO Step 4452, t=8
PPO Step 4453, t=9
PPO Step 4454, t=10
PPO Step 4455, t=11
PPO Step 4456, t=12
PPO Step 4457, t=13
PPO Step 4458, t=14
PPO Step 4459, t=15
PPO Step 4460, t=16
PPO Step 4461, t=17
PPO Step 4462, t=18
PPO Step 4463, t=19
PPO Step 4464, t=20
PPO Step 4465, t=21
PPO Step 4466, t=22
PPO Step 4467, t=23
PPO Step 4468, t=24
PPO Step 4469, t=25
PPO Step 4470, t=26
PPO Step 4471, t=27
PPO Step 4472, t=28
PPO Step 4473, t=1
PPO Step 4474, t=2
PPO Step 4475, t=3
PPO Step 4476, t=4
PPO Step 4477, t=5
PPO Step 4478, t=6
PPO Step 4479, t=7
PPO Step 4480, t=8
PPO Step 4481, t=9
PPO Step 4482, t=10
PPO Step 4483, t=11
PPO Step 4484, t=12
PPO Step 4485, t=13
PPO Step 4486, t=14
PPO Step 4487, t=15
PPO Step 4488, t=16
PPO Step 4489, t=17
PPO Step 4490, t=18
PPO Step 4491, t=19
PPO Step 4492, t=20
PPO Step 4493, t=21
PPO Step 4494, t=22
PPO Step 4495, t=23
PPO Step 4496, t=24
PPO Step 4497, t=25
PPO Step 4498, t=26
PPO Step 4499, t=1
PPO Step 4500, t=2
Step 4500 - Updating the algorithm
Update discriminator at step 133
Update discriminator at step 134
Update discriminator at step 135
[Debug] Reward mean: 7.0647, std: 2.2373
Updating PPO
PPO Step 4501, t=3
PPO Step 4502, t=4
PPO Step 4503, t=5
PPO Step 4504, t=6
PPO Step 4505, t=7
PPO Step 4506, t=8
PPO Step 4507, t=9
PPO Step 4508, t=10
PPO Step 4509, t=11
PPO Step 4510, t=12
PPO Step 4511, t=13
PPO Step 4512, t=14
PPO Step 4513, t=15
PPO Step 4514, t=16
PPO Step 4515, t=17
PPO Step 4516, t=18
PPO Step 4517, t=19
PPO Step 4518, t=20
PPO Step 4519, t=21
PPO Step 4520, t=22
PPO Step 4521, t=23
PPO Step 4522, t=24
PPO Step 4523, t=25
PPO Step 4524, t=26
PPO Step 4525, t=27
PPO Step 4526, t=28
PPO Step 4527, t=29
PPO Step 4528, t=30
PPO Step 4529, t=31
PPO Step 4530, t=32
PPO Step 4531, t=33
PPO Step 4532, t=34
PPO Step 4533, t=35
PPO Step 4534, t=36
PPO Step 4535, t=37
PPO Step 4536, t=38
PPO Step 4537, t=39
PPO Step 4538, t=40
PPO Step 4539, t=41
PPO Step 4540, t=42
PPO Step 4541, t=43
PPO Step 4542, t=44
PPO Step 4543, t=45
PPO Step 4544, t=46
PPO Step 4545, t=47
PPO Step 4546, t=48
PPO Step 4547, t=49
PPO Step 4548, t=50
PPO Step 4549, t=51
PPO Step 4550, t=52
PPO Step 4551, t=53
PPO Step 4552, t=54
PPO Step 4553, t=55
PPO Step 4554, t=56
PPO Step 4555, t=57
PPO Step 4556, t=58
PPO Step 4557, t=59
PPO Step 4558, t=60
PPO Step 4559, t=61
PPO Step 4560, t=62
PPO Step 4561, t=63
PPO Step 4562, t=64
PPO Step 4563, t=65
PPO Step 4564, t=66
PPO Step 4565, t=67
PPO Step 4566, t=68
PPO Step 4567, t=69
PPO Step 4568, t=70
PPO Step 4569, t=71
PPO Step 4570, t=72
PPO Step 4571, t=73
PPO Step 4572, t=74
PPO Step 4573, t=75
PPO Step 4574, t=76
PPO Step 4575, t=77
PPO Step 4576, t=78
PPO Step 4577, t=79
PPO Step 4578, t=80
PPO Step 4579, t=81
PPO Step 4580, t=82
PPO Step 4581, t=83
PPO Step 4582, t=84
PPO Step 4583, t=85
PPO Step 4584, t=86
PPO Step 4585, t=87
PPO Step 4586, t=88
PPO Step 4587, t=89
PPO Step 4588, t=90
PPO Step 4589, t=91
PPO Step 4590, t=92
PPO Step 4591, t=93
PPO Step 4592, t=94
PPO Step 4593, t=95
PPO Step 4594, t=96
PPO Step 4595, t=97
PPO Step 4596, t=98
PPO Step 4597, t=99
PPO Step 4598, t=100
PPO Step 4599, t=101
PPO Step 4600, t=102
Step 4600 - Updating the algorithm
Update discriminator at step 136
Update discriminator at step 137
Update discriminator at step 138
[Debug] Reward mean: 6.2547, std: 2.1659
Updating PPO
PPO Step 4601, t=103
PPO Step 4602, t=1
PPO Step 4603, t=2
PPO Step 4604, t=3
PPO Step 4605, t=4
PPO Step 4606, t=5
PPO Step 4607, t=6
PPO Step 4608, t=7
PPO Step 4609, t=8
PPO Step 4610, t=9
PPO Step 4611, t=10
PPO Step 4612, t=11
PPO Step 4613, t=12
PPO Step 4614, t=13
PPO Step 4615, t=14
PPO Step 4616, t=15
PPO Step 4617, t=16
PPO Step 4618, t=17
PPO Step 4619, t=18
PPO Step 4620, t=19
PPO Step 4621, t=20
PPO Step 4622, t=21
PPO Step 4623, t=22
PPO Step 4624, t=23
PPO Step 4625, t=24
PPO Step 4626, t=25
PPO Step 4627, t=26
PPO Step 4628, t=27
PPO Step 4629, t=28
PPO Step 4630, t=29
PPO Step 4631, t=30
PPO Step 4632, t=31
PPO Step 4633, t=32
PPO Step 4634, t=33
PPO Step 4635, t=34
PPO Step 4636, t=35
PPO Step 4637, t=36
PPO Step 4638, t=37
PPO Step 4639, t=38
PPO Step 4640, t=39
PPO Step 4641, t=40
PPO Step 4642, t=41
PPO Step 4643, t=42
PPO Step 4644, t=43
PPO Step 4645, t=44
PPO Step 4646, t=45
PPO Step 4647, t=46
PPO Step 4648, t=47
PPO Step 4649, t=48
PPO Step 4650, t=49
PPO Step 4651, t=50
PPO Step 4652, t=51
PPO Step 4653, t=52
PPO Step 4654, t=53
PPO Step 4655, t=54
PPO Step 4656, t=55
PPO Step 4657, t=56
PPO Step 4658, t=57
PPO Step 4659, t=58
PPO Step 4660, t=59
PPO Step 4661, t=60
PPO Step 4662, t=61
PPO Step 4663, t=62
PPO Step 4664, t=63
PPO Step 4665, t=64
PPO Step 4666, t=65
PPO Step 4667, t=66
PPO Step 4668, t=1
PPO Step 4669, t=2
PPO Step 4670, t=3
PPO Step 4671, t=4
PPO Step 4672, t=5
PPO Step 4673, t=6
PPO Step 4674, t=7
PPO Step 4675, t=8
PPO Step 4676, t=9
PPO Step 4677, t=10
PPO Step 4678, t=11
PPO Step 4679, t=12
PPO Step 4680, t=13
PPO Step 4681, t=14
PPO Step 4682, t=15
PPO Step 4683, t=16
PPO Step 4684, t=17
PPO Step 4685, t=18
PPO Step 4686, t=19
PPO Step 4687, t=20
PPO Step 4688, t=21
PPO Step 4689, t=22
PPO Step 4690, t=23
PPO Step 4691, t=24
PPO Step 4692, t=25
PPO Step 4693, t=26
PPO Step 4694, t=27
PPO Step 4695, t=28
PPO Step 4696, t=29
PPO Step 4697, t=30
PPO Step 4698, t=31
PPO Step 4699, t=32
PPO Step 4700, t=33
Step 4700 - Updating the algorithm
Update discriminator at step 139
Update discriminator at step 140
Update discriminator at step 141
[Debug] Reward mean: 6.5698, std: 2.4409
Updating PPO
PPO Step 4701, t=34
PPO Step 4702, t=35
PPO Step 4703, t=36
PPO Step 4704, t=37
PPO Step 4705, t=1
PPO Step 4706, t=2
PPO Step 4707, t=3
PPO Step 4708, t=4
PPO Step 4709, t=5
PPO Step 4710, t=6
PPO Step 4711, t=7
PPO Step 4712, t=8
PPO Step 4713, t=9
PPO Step 4714, t=10
PPO Step 4715, t=11
PPO Step 4716, t=12
PPO Step 4717, t=13
PPO Step 4718, t=14
PPO Step 4719, t=15
PPO Step 4720, t=16
PPO Step 4721, t=17
PPO Step 4722, t=18
PPO Step 4723, t=19
PPO Step 4724, t=20
PPO Step 4725, t=21
PPO Step 4726, t=22
PPO Step 4727, t=23
PPO Step 4728, t=24
PPO Step 4729, t=25
PPO Step 4730, t=26
PPO Step 4731, t=27
PPO Step 4732, t=28
PPO Step 4733, t=29
PPO Step 4734, t=30
PPO Step 4735, t=31
PPO Step 4736, t=32
PPO Step 4737, t=1
PPO Step 4738, t=2
PPO Step 4739, t=3
PPO Step 4740, t=4
PPO Step 4741, t=5
PPO Step 4742, t=6
PPO Step 4743, t=7
PPO Step 4744, t=8
PPO Step 4745, t=9
PPO Step 4746, t=10
PPO Step 4747, t=11
PPO Step 4748, t=12
PPO Step 4749, t=13
PPO Step 4750, t=14
PPO Step 4751, t=15
PPO Step 4752, t=16
PPO Step 4753, t=17
PPO Step 4754, t=18
PPO Step 4755, t=19
PPO Step 4756, t=20
PPO Step 4757, t=21
PPO Step 4758, t=22
PPO Step 4759, t=23
PPO Step 4760, t=24
PPO Step 4761, t=25
PPO Step 4762, t=26
PPO Step 4763, t=27
PPO Step 4764, t=28
PPO Step 4765, t=29
PPO Step 4766, t=30
PPO Step 4767, t=31
PPO Step 4768, t=32
PPO Step 4769, t=33
PPO Step 4770, t=34
PPO Step 4771, t=35
PPO Step 4772, t=36
PPO Step 4773, t=37
PPO Step 4774, t=38
PPO Step 4775, t=1
PPO Step 4776, t=2
PPO Step 4777, t=3
PPO Step 4778, t=4
PPO Step 4779, t=5
PPO Step 4780, t=6
PPO Step 4781, t=7
PPO Step 4782, t=8
PPO Step 4783, t=9
PPO Step 4784, t=10
PPO Step 4785, t=11
PPO Step 4786, t=12
PPO Step 4787, t=13
PPO Step 4788, t=14
PPO Step 4789, t=15
PPO Step 4790, t=16
PPO Step 4791, t=17
PPO Step 4792, t=18
PPO Step 4793, t=19
PPO Step 4794, t=20
PPO Step 4795, t=21
PPO Step 4796, t=22
PPO Step 4797, t=23
PPO Step 4798, t=24
PPO Step 4799, t=25
PPO Step 4800, t=26
Step 4800 - Updating the algorithm
Update discriminator at step 142
Update discriminator at step 143
Update discriminator at step 144
[Debug] Reward mean: 6.3754, std: 2.4049
Updating PPO
PPO Step 4801, t=27
PPO Step 4802, t=28
PPO Step 4803, t=29
PPO Step 4804, t=30
PPO Step 4805, t=31
PPO Step 4806, t=32
PPO Step 4807, t=33
PPO Step 4808, t=1
PPO Step 4809, t=2
PPO Step 4810, t=3
PPO Step 4811, t=4
PPO Step 4812, t=5
PPO Step 4813, t=6
PPO Step 4814, t=7
PPO Step 4815, t=8
PPO Step 4816, t=9
PPO Step 4817, t=10
PPO Step 4818, t=11
PPO Step 4819, t=12
PPO Step 4820, t=13
PPO Step 4821, t=14
PPO Step 4822, t=15
PPO Step 4823, t=16
PPO Step 4824, t=17
PPO Step 4825, t=18
PPO Step 4826, t=19
PPO Step 4827, t=20
PPO Step 4828, t=21
PPO Step 4829, t=22
PPO Step 4830, t=23
PPO Step 4831, t=24
PPO Step 4832, t=25
PPO Step 4833, t=26
PPO Step 4834, t=27
PPO Step 4835, t=28
PPO Step 4836, t=29
PPO Step 4837, t=30
PPO Step 4838, t=31
PPO Step 4839, t=32
PPO Step 4840, t=1
PPO Step 4841, t=2
PPO Step 4842, t=3
PPO Step 4843, t=4
PPO Step 4844, t=5
PPO Step 4845, t=6
PPO Step 4846, t=7
PPO Step 4847, t=8
PPO Step 4848, t=9
PPO Step 4849, t=10
PPO Step 4850, t=11
PPO Step 4851, t=12
PPO Step 4852, t=13
PPO Step 4853, t=14
PPO Step 4854, t=15
PPO Step 4855, t=16
PPO Step 4856, t=17
PPO Step 4857, t=18
PPO Step 4858, t=19
PPO Step 4859, t=20
PPO Step 4860, t=21
PPO Step 4861, t=22
PPO Step 4862, t=23
PPO Step 4863, t=24
PPO Step 4864, t=25
PPO Step 4865, t=26
PPO Step 4866, t=27
PPO Step 4867, t=28
PPO Step 4868, t=29
PPO Step 4869, t=30
PPO Step 4870, t=31
PPO Step 4871, t=32
PPO Step 4872, t=33
PPO Step 4873, t=34
PPO Step 4874, t=35
PPO Step 4875, t=36
PPO Step 4876, t=37
PPO Step 4877, t=38
PPO Step 4878, t=39
PPO Step 4879, t=40
PPO Step 4880, t=41
PPO Step 4881, t=42
PPO Step 4882, t=43
PPO Step 4883, t=44
PPO Step 4884, t=45
PPO Step 4885, t=46
PPO Step 4886, t=47
PPO Step 4887, t=48
PPO Step 4888, t=49
PPO Step 4889, t=50
PPO Step 4890, t=51
PPO Step 4891, t=52
PPO Step 4892, t=53
PPO Step 4893, t=54
PPO Step 4894, t=55
PPO Step 4895, t=56
PPO Step 4896, t=57
PPO Step 4897, t=58
PPO Step 4898, t=59
PPO Step 4899, t=60
PPO Step 4900, t=61
Step 4900 - Updating the algorithm
Update discriminator at step 145
Update discriminator at step 146
Update discriminator at step 147
[Debug] Reward mean: 6.0254, std: 2.2211
Updating PPO
PPO Step 4901, t=62
PPO Step 4902, t=63
PPO Step 4903, t=64
PPO Step 4904, t=65
PPO Step 4905, t=66
PPO Step 4906, t=67
PPO Step 4907, t=68
PPO Step 4908, t=69
PPO Step 4909, t=70
PPO Step 4910, t=71
PPO Step 4911, t=72
PPO Step 4912, t=73
PPO Step 4913, t=74
PPO Step 4914, t=75
PPO Step 4915, t=76
PPO Step 4916, t=77
PPO Step 4917, t=78
PPO Step 4918, t=79
PPO Step 4919, t=80
PPO Step 4920, t=81
PPO Step 4921, t=82
PPO Step 4922, t=83
PPO Step 4923, t=84
PPO Step 4924, t=85
PPO Step 4925, t=86
PPO Step 4926, t=87
PPO Step 4927, t=88
PPO Step 4928, t=89
PPO Step 4929, t=90
PPO Step 4930, t=91
PPO Step 4931, t=92
PPO Step 4932, t=93
PPO Step 4933, t=94
PPO Step 4934, t=95
PPO Step 4935, t=96
PPO Step 4936, t=97
PPO Step 4937, t=98
PPO Step 4938, t=99
PPO Step 4939, t=100
PPO Step 4940, t=101
PPO Step 4941, t=102
PPO Step 4942, t=103
PPO Step 4943, t=104
PPO Step 4944, t=105
PPO Step 4945, t=106
PPO Step 4946, t=107
PPO Step 4947, t=108
PPO Step 4948, t=109
PPO Step 4949, t=110
PPO Step 4950, t=111
PPO Step 4951, t=112
PPO Step 4952, t=113
PPO Step 4953, t=114
PPO Step 4954, t=115
PPO Step 4955, t=116
PPO Step 4956, t=117
PPO Step 4957, t=118
PPO Step 4958, t=119
PPO Step 4959, t=120
PPO Step 4960, t=121
PPO Step 4961, t=122
PPO Step 4962, t=123
PPO Step 4963, t=124
PPO Step 4964, t=125
PPO Step 4965, t=126
PPO Step 4966, t=127
PPO Step 4967, t=128
PPO Step 4968, t=129
PPO Step 4969, t=130
PPO Step 4970, t=131
PPO Step 4971, t=132
PPO Step 4972, t=133
PPO Step 4973, t=134
PPO Step 4974, t=135
PPO Step 4975, t=136
PPO Step 4976, t=137
PPO Step 4977, t=138
PPO Step 4978, t=139
PPO Step 4979, t=140
PPO Step 4980, t=141
PPO Step 4981, t=142
PPO Step 4982, t=143
PPO Step 4983, t=144
PPO Step 4984, t=145
PPO Step 4985, t=146
PPO Step 4986, t=147
PPO Step 4987, t=148
PPO Step 4988, t=149
PPO Step 4989, t=150
PPO Step 4990, t=151
PPO Step 4991, t=152
PPO Step 4992, t=153
PPO Step 4993, t=154
PPO Step 4994, t=155
PPO Step 4995, t=156
PPO Step 4996, t=157
PPO Step 4997, t=158
PPO Step 4998, t=159
PPO Step 4999, t=160
PPO Step 5000, t=161
Step 5000 - Updating the algorithm
Update discriminator at step 148
Update discriminator at step 149
Update discriminator at step 150
[Debug] Reward mean: 4.8583, std: 2.6883
Updating PPO
Step 5000 - Evaluating the algorithm
Num steps: 5000     Return: -18911.7   Time: 0:21:24
PPO Step 5001, t=162
PPO Step 5002, t=163
PPO Step 5003, t=164
PPO Step 5004, t=1
PPO Step 5005, t=2
PPO Step 5006, t=3
PPO Step 5007, t=4
PPO Step 5008, t=5
PPO Step 5009, t=6
PPO Step 5010, t=7
PPO Step 5011, t=8
PPO Step 5012, t=9
PPO Step 5013, t=10
PPO Step 5014, t=11
PPO Step 5015, t=12
PPO Step 5016, t=13
PPO Step 5017, t=14
PPO Step 5018, t=15
PPO Step 5019, t=16
PPO Step 5020, t=17
PPO Step 5021, t=18
PPO Step 5022, t=19
PPO Step 5023, t=20
PPO Step 5024, t=21
PPO Step 5025, t=22
PPO Step 5026, t=23
PPO Step 5027, t=24
PPO Step 5028, t=25
PPO Step 5029, t=26
PPO Step 5030, t=27
PPO Step 5031, t=28
PPO Step 5032, t=29
PPO Step 5033, t=30
PPO Step 5034, t=31
PPO Step 5035, t=32
PPO Step 5036, t=33
PPO Step 5037, t=1
PPO Step 5038, t=2
PPO Step 5039, t=3
PPO Step 5040, t=4
PPO Step 5041, t=5
PPO Step 5042, t=6
PPO Step 5043, t=7
PPO Step 5044, t=8
PPO Step 5045, t=9
PPO Step 5046, t=10
PPO Step 5047, t=11
PPO Step 5048, t=12
PPO Step 5049, t=13
PPO Step 5050, t=14
PPO Step 5051, t=15
PPO Step 5052, t=16
PPO Step 5053, t=17
PPO Step 5054, t=18
PPO Step 5055, t=19
PPO Step 5056, t=20
PPO Step 5057, t=1
PPO Step 5058, t=2
PPO Step 5059, t=3
PPO Step 5060, t=4
PPO Step 5061, t=5
PPO Step 5062, t=6
PPO Step 5063, t=7
PPO Step 5064, t=8
PPO Step 5065, t=9
PPO Step 5066, t=10
PPO Step 5067, t=11
PPO Step 5068, t=12
PPO Step 5069, t=13
PPO Step 5070, t=14
PPO Step 5071, t=15
PPO Step 5072, t=16
PPO Step 5073, t=17
PPO Step 5074, t=18
PPO Step 5075, t=19
PPO Step 5076, t=1
PPO Step 5077, t=2
PPO Step 5078, t=3
PPO Step 5079, t=4
PPO Step 5080, t=5
PPO Step 5081, t=6
PPO Step 5082, t=7
PPO Step 5083, t=8
PPO Step 5084, t=9
PPO Step 5085, t=10
PPO Step 5086, t=11
PPO Step 5087, t=12
PPO Step 5088, t=13
PPO Step 5089, t=14
PPO Step 5090, t=15
PPO Step 5091, t=16
PPO Step 5092, t=17
PPO Step 5093, t=18
PPO Step 5094, t=1
PPO Step 5095, t=2
PPO Step 5096, t=3
PPO Step 5097, t=4
PPO Step 5098, t=5
PPO Step 5099, t=6
PPO Step 5100, t=7
Step 5100 - Updating the algorithm
Update discriminator at step 151
Update discriminator at step 152
Update discriminator at step 153
[Debug] Reward mean: 6.1569, std: 2.5858
Updating PPO
PPO Step 5101, t=8
PPO Step 5102, t=9
PPO Step 5103, t=10
PPO Step 5104, t=11
PPO Step 5105, t=12
PPO Step 5106, t=13
PPO Step 5107, t=14
PPO Step 5108, t=15
PPO Step 5109, t=16
PPO Step 5110, t=17
PPO Step 5111, t=18
PPO Step 5112, t=19
PPO Step 5113, t=20
PPO Step 5114, t=1
PPO Step 5115, t=2
PPO Step 5116, t=3
PPO Step 5117, t=4
PPO Step 5118, t=5
PPO Step 5119, t=6
PPO Step 5120, t=7
PPO Step 5121, t=8
PPO Step 5122, t=9
PPO Step 5123, t=10
PPO Step 5124, t=11
PPO Step 5125, t=12
PPO Step 5126, t=13
PPO Step 5127, t=14
PPO Step 5128, t=15
PPO Step 5129, t=16
PPO Step 5130, t=17
PPO Step 5131, t=18
PPO Step 5132, t=19
PPO Step 5133, t=20
PPO Step 5134, t=21
PPO Step 5135, t=22
PPO Step 5136, t=23
PPO Step 5137, t=24
PPO Step 5138, t=25
PPO Step 5139, t=26
PPO Step 5140, t=27
PPO Step 5141, t=28
PPO Step 5142, t=29
PPO Step 5143, t=30
PPO Step 5144, t=31
PPO Step 5145, t=32
PPO Step 5146, t=1
PPO Step 5147, t=2
PPO Step 5148, t=3
PPO Step 5149, t=4
PPO Step 5150, t=5
PPO Step 5151, t=6
PPO Step 5152, t=7
PPO Step 5153, t=8
PPO Step 5154, t=1
PPO Step 5155, t=2
PPO Step 5156, t=3
PPO Step 5157, t=4
PPO Step 5158, t=5
PPO Step 5159, t=6
PPO Step 5160, t=7
PPO Step 5161, t=8
PPO Step 5162, t=9
PPO Step 5163, t=10
PPO Step 5164, t=11
PPO Step 5165, t=12
PPO Step 5166, t=13
PPO Step 5167, t=14
PPO Step 5168, t=15
PPO Step 5169, t=16
PPO Step 5170, t=17
PPO Step 5171, t=18
PPO Step 5172, t=19
PPO Step 5173, t=20
PPO Step 5174, t=21
PPO Step 5175, t=22
PPO Step 5176, t=23
PPO Step 5177, t=24
PPO Step 5178, t=25
PPO Step 5179, t=26
PPO Step 5180, t=27
PPO Step 5181, t=28
PPO Step 5182, t=29
PPO Step 5183, t=30
PPO Step 5184, t=31
PPO Step 5185, t=32
PPO Step 5186, t=33
PPO Step 5187, t=34
PPO Step 5188, t=35
PPO Step 5189, t=36
PPO Step 5190, t=37
PPO Step 5191, t=38
PPO Step 5192, t=39
PPO Step 5193, t=40
PPO Step 5194, t=41
PPO Step 5195, t=42
PPO Step 5196, t=43
PPO Step 5197, t=44
PPO Step 5198, t=45
PPO Step 5199, t=46
PPO Step 5200, t=47
Step 5200 - Updating the algorithm
Update discriminator at step 154
Update discriminator at step 155
Update discriminator at step 156
[Debug] Reward mean: 5.5473, std: 2.4817
Updating PPO
PPO Step 5201, t=48
PPO Step 5202, t=49
PPO Step 5203, t=50
PPO Step 5204, t=51
PPO Step 5205, t=52
PPO Step 5206, t=53
PPO Step 5207, t=54
PPO Step 5208, t=55
PPO Step 5209, t=56
PPO Step 5210, t=57
PPO Step 5211, t=58
PPO Step 5212, t=59
PPO Step 5213, t=60
PPO Step 5214, t=61
PPO Step 5215, t=62
PPO Step 5216, t=63
PPO Step 5217, t=64
PPO Step 5218, t=65
PPO Step 5219, t=66
PPO Step 5220, t=67
PPO Step 5221, t=68
PPO Step 5222, t=69
PPO Step 5223, t=70
PPO Step 5224, t=71
PPO Step 5225, t=72
PPO Step 5226, t=73
PPO Step 5227, t=74
PPO Step 5228, t=75
PPO Step 5229, t=76
PPO Step 5230, t=77
PPO Step 5231, t=78
PPO Step 5232, t=79
PPO Step 5233, t=80
PPO Step 5234, t=81
PPO Step 5235, t=82
PPO Step 5236, t=83
PPO Step 5237, t=84
PPO Step 5238, t=85
PPO Step 5239, t=86
PPO Step 5240, t=87
PPO Step 5241, t=88
PPO Step 5242, t=89
PPO Step 5243, t=90
PPO Step 5244, t=91
PPO Step 5245, t=92
PPO Step 5246, t=93
PPO Step 5247, t=94
PPO Step 5248, t=95
PPO Step 5249, t=96
PPO Step 5250, t=97
PPO Step 5251, t=98
PPO Step 5252, t=99
PPO Step 5253, t=100
PPO Step 5254, t=101
PPO Step 5255, t=102
PPO Step 5256, t=103
PPO Step 5257, t=104
PPO Step 5258, t=105
PPO Step 5259, t=106
PPO Step 5260, t=107
PPO Step 5261, t=108
PPO Step 5262, t=109
PPO Step 5263, t=110
PPO Step 5264, t=111
PPO Step 5265, t=112
PPO Step 5266, t=113
PPO Step 5267, t=114
PPO Step 5268, t=115
PPO Step 5269, t=116
PPO Step 5270, t=117
PPO Step 5271, t=118
PPO Step 5272, t=119
PPO Step 5273, t=120
PPO Step 5274, t=121
PPO Step 5275, t=122
PPO Step 5276, t=123
PPO Step 5277, t=124
PPO Step 5278, t=125
PPO Step 5279, t=126
PPO Step 5280, t=127
PPO Step 5281, t=128
PPO Step 5282, t=129
PPO Step 5283, t=130
PPO Step 5284, t=131
PPO Step 5285, t=132
PPO Step 5286, t=133
PPO Step 5287, t=134
PPO Step 5288, t=135
PPO Step 5289, t=136
PPO Step 5290, t=137
PPO Step 5291, t=138
PPO Step 5292, t=139
PPO Step 5293, t=140
PPO Step 5294, t=141
PPO Step 5295, t=142
PPO Step 5296, t=143
PPO Step 5297, t=144
PPO Step 5298, t=145
PPO Step 5299, t=146
PPO Step 5300, t=147
Step 5300 - Updating the algorithm
Update discriminator at step 157
Update discriminator at step 158
Update discriminator at step 159
[Debug] Reward mean: 4.8063, std: 2.3575
Updating PPO
PPO Step 5301, t=148
PPO Step 5302, t=149
PPO Step 5303, t=150
PPO Step 5304, t=151
PPO Step 5305, t=152
PPO Step 5306, t=153
PPO Step 5307, t=154
PPO Step 5308, t=155
PPO Step 5309, t=156
PPO Step 5310, t=157
PPO Step 5311, t=158
PPO Step 5312, t=159
PPO Step 5313, t=160
PPO Step 5314, t=161
PPO Step 5315, t=162
PPO Step 5316, t=163
PPO Step 5317, t=164
PPO Step 5318, t=165
PPO Step 5319, t=166
PPO Step 5320, t=167
PPO Step 5321, t=168
PPO Step 5322, t=169
PPO Step 5323, t=170
PPO Step 5324, t=171
PPO Step 5325, t=172
PPO Step 5326, t=173
PPO Step 5327, t=174
PPO Step 5328, t=175
PPO Step 5329, t=176
PPO Step 5330, t=177
PPO Step 5331, t=178
PPO Step 5332, t=179
PPO Step 5333, t=180
PPO Step 5334, t=181
PPO Step 5335, t=182
PPO Step 5336, t=183
PPO Step 5337, t=184
PPO Step 5338, t=185
PPO Step 5339, t=186
PPO Step 5340, t=187
PPO Step 5341, t=188
PPO Step 5342, t=189
PPO Step 5343, t=190
PPO Step 5344, t=191
PPO Step 5345, t=192
PPO Step 5346, t=193
PPO Step 5347, t=194
PPO Step 5348, t=195
PPO Step 5349, t=196
PPO Step 5350, t=197
PPO Step 5351, t=198
PPO Step 5352, t=199
PPO Step 5353, t=200
PPO Step 5354, t=201
PPO Step 5355, t=202
PPO Step 5356, t=203
PPO Step 5357, t=204
PPO Step 5358, t=205
PPO Step 5359, t=206
PPO Step 5360, t=207
PPO Step 5361, t=208
PPO Step 5362, t=209
PPO Step 5363, t=210
PPO Step 5364, t=211
PPO Step 5365, t=212
PPO Step 5366, t=213
PPO Step 5367, t=214
PPO Step 5368, t=215
PPO Step 5369, t=216
PPO Step 5370, t=217
PPO Step 5371, t=218
PPO Step 5372, t=219
PPO Step 5373, t=220
PPO Step 5374, t=221
PPO Step 5375, t=222
PPO Step 5376, t=223
PPO Step 5377, t=224
PPO Step 5378, t=225
PPO Step 5379, t=226
PPO Step 5380, t=227
PPO Step 5381, t=228
PPO Step 5382, t=229
PPO Step 5383, t=230
PPO Step 5384, t=231
PPO Step 5385, t=232
PPO Step 5386, t=233
PPO Step 5387, t=234
PPO Step 5388, t=235
PPO Step 5389, t=236
PPO Step 5390, t=237
PPO Step 5391, t=238
PPO Step 5392, t=239
PPO Step 5393, t=240
PPO Step 5394, t=241
PPO Step 5395, t=242
PPO Step 5396, t=243
PPO Step 5397, t=244
PPO Step 5398, t=245
PPO Step 5399, t=246
PPO Step 5400, t=247
Step 5400 - Updating the algorithm
Update discriminator at step 160
Update discriminator at step 161
Update discriminator at step 162
[Debug] Reward mean: 4.5565, std: 2.5739
Updating PPO
PPO Step 5401, t=248
PPO Step 5402, t=249
PPO Step 5403, t=250
PPO Step 5404, t=251
PPO Step 5405, t=252
PPO Step 5406, t=253
PPO Step 5407, t=254
PPO Step 5408, t=255
PPO Step 5409, t=256
PPO Step 5410, t=257
PPO Step 5411, t=258
PPO Step 5412, t=259
PPO Step 5413, t=260
PPO Step 5414, t=261
PPO Step 5415, t=262
PPO Step 5416, t=263
PPO Step 5417, t=264
PPO Step 5418, t=265
PPO Step 5419, t=266
PPO Step 5420, t=267
PPO Step 5421, t=268
PPO Step 5422, t=269
PPO Step 5423, t=270
PPO Step 5424, t=271
PPO Step 5425, t=272
PPO Step 5426, t=273
PPO Step 5427, t=274
PPO Step 5428, t=275
PPO Step 5429, t=276
PPO Step 5430, t=277
PPO Step 5431, t=278
PPO Step 5432, t=279
PPO Step 5433, t=280
PPO Step 5434, t=281
PPO Step 5435, t=282
PPO Step 5436, t=283
PPO Step 5437, t=284
PPO Step 5438, t=285
PPO Step 5439, t=286
PPO Step 5440, t=287
PPO Step 5441, t=288
PPO Step 5442, t=289
PPO Step 5443, t=290
PPO Step 5444, t=291
PPO Step 5445, t=292
PPO Step 5446, t=293
PPO Step 5447, t=294
PPO Step 5448, t=295
PPO Step 5449, t=296
PPO Step 5450, t=297
PPO Step 5451, t=298
PPO Step 5452, t=299
PPO Step 5453, t=300
PPO Step 5454, t=301
PPO Step 5455, t=302
PPO Step 5456, t=303
PPO Step 5457, t=304
PPO Step 5458, t=305
PPO Step 5459, t=306
PPO Step 5460, t=307
PPO Step 5461, t=308
PPO Step 5462, t=309
PPO Step 5463, t=310
PPO Step 5464, t=311
PPO Step 5465, t=312
PPO Step 5466, t=313
PPO Step 5467, t=314
PPO Step 5468, t=315
PPO Step 5469, t=316
PPO Step 5470, t=317
PPO Step 5471, t=318
PPO Step 5472, t=319
PPO Step 5473, t=320
PPO Step 5474, t=321
PPO Step 5475, t=322
PPO Step 5476, t=323
PPO Step 5477, t=324
PPO Step 5478, t=325
PPO Step 5479, t=326
PPO Step 5480, t=327
PPO Step 5481, t=328
PPO Step 5482, t=329
PPO Step 5483, t=330
PPO Step 5484, t=331
PPO Step 5485, t=332
PPO Step 5486, t=1
PPO Step 5487, t=2
PPO Step 5488, t=3
PPO Step 5489, t=4
PPO Step 5490, t=5
PPO Step 5491, t=6
PPO Step 5492, t=7
PPO Step 5493, t=8
PPO Step 5494, t=9
PPO Step 5495, t=10
PPO Step 5496, t=1
PPO Step 5497, t=2
PPO Step 5498, t=3
PPO Step 5499, t=4
PPO Step 5500, t=5
Step 5500 - Updating the algorithm
Update discriminator at step 163
Update discriminator at step 164
Update discriminator at step 165
[Debug] Reward mean: 4.7009, std: 2.6976
Updating PPO
PPO Step 5501, t=6
PPO Step 5502, t=7
PPO Step 5503, t=8
PPO Step 5504, t=9
PPO Step 5505, t=10
PPO Step 5506, t=11
PPO Step 5507, t=12
PPO Step 5508, t=13
PPO Step 5509, t=14
PPO Step 5510, t=15
PPO Step 5511, t=16
PPO Step 5512, t=17
PPO Step 5513, t=18
PPO Step 5514, t=19
PPO Step 5515, t=20
PPO Step 5516, t=21
PPO Step 5517, t=22
PPO Step 5518, t=23
PPO Step 5519, t=24
PPO Step 5520, t=25
PPO Step 5521, t=26
PPO Step 5522, t=27
PPO Step 5523, t=28
PPO Step 5524, t=29
PPO Step 5525, t=30
PPO Step 5526, t=31
PPO Step 5527, t=32
PPO Step 5528, t=33
PPO Step 5529, t=34
PPO Step 5530, t=35
PPO Step 5531, t=36
PPO Step 5532, t=37
PPO Step 5533, t=1
PPO Step 5534, t=2
PPO Step 5535, t=3
PPO Step 5536, t=4
PPO Step 5537, t=5
PPO Step 5538, t=6
PPO Step 5539, t=7
PPO Step 5540, t=8
PPO Step 5541, t=9
PPO Step 5542, t=10
PPO Step 5543, t=11
PPO Step 5544, t=12
PPO Step 5545, t=13
PPO Step 5546, t=14
PPO Step 5547, t=15
PPO Step 5548, t=16
PPO Step 5549, t=17
PPO Step 5550, t=18
PPO Step 5551, t=19
PPO Step 5552, t=20
PPO Step 5553, t=1
PPO Step 5554, t=2
PPO Step 5555, t=3
PPO Step 5556, t=4
PPO Step 5557, t=5
PPO Step 5558, t=6
PPO Step 5559, t=1
PPO Step 5560, t=2
PPO Step 5561, t=3
PPO Step 5562, t=4
PPO Step 5563, t=5
PPO Step 5564, t=6
PPO Step 5565, t=7
PPO Step 5566, t=8
PPO Step 5567, t=9
PPO Step 5568, t=10
PPO Step 5569, t=11
PPO Step 5570, t=12
PPO Step 5571, t=13
PPO Step 5572, t=14
PPO Step 5573, t=15
PPO Step 5574, t=16
PPO Step 5575, t=17
PPO Step 5576, t=18
PPO Step 5577, t=19
PPO Step 5578, t=20
PPO Step 5579, t=21
PPO Step 5580, t=22
PPO Step 5581, t=23
PPO Step 5582, t=24
PPO Step 5583, t=25
PPO Step 5584, t=26
PPO Step 5585, t=27
PPO Step 5586, t=28
PPO Step 5587, t=29
PPO Step 5588, t=30
PPO Step 5589, t=31
PPO Step 5590, t=32
PPO Step 5591, t=33
PPO Step 5592, t=34
PPO Step 5593, t=35
PPO Step 5594, t=36
PPO Step 5595, t=37
PPO Step 5596, t=38
PPO Step 5597, t=39
PPO Step 5598, t=40
PPO Step 5599, t=41
PPO Step 5600, t=1
Step 5600 - Updating the algorithm
Update discriminator at step 166
Update discriminator at step 167
Update discriminator at step 168
[Debug] Reward mean: 4.9486, std: 2.6963
Updating PPO
PPO Step 5601, t=2
PPO Step 5602, t=3
PPO Step 5603, t=4
PPO Step 5604, t=5
PPO Step 5605, t=6
PPO Step 5606, t=7
PPO Step 5607, t=8
PPO Step 5608, t=9
PPO Step 5609, t=10
PPO Step 5610, t=11
PPO Step 5611, t=12
PPO Step 5612, t=13
PPO Step 5613, t=14
PPO Step 5614, t=15
PPO Step 5615, t=16
PPO Step 5616, t=17
PPO Step 5617, t=18
PPO Step 5618, t=19
PPO Step 5619, t=20
PPO Step 5620, t=21
PPO Step 5621, t=22
PPO Step 5622, t=23
PPO Step 5623, t=24
PPO Step 5624, t=25
PPO Step 5625, t=26
PPO Step 5626, t=27
PPO Step 5627, t=28
PPO Step 5628, t=29
PPO Step 5629, t=30
PPO Step 5630, t=31
PPO Step 5631, t=32
PPO Step 5632, t=33
PPO Step 5633, t=34
PPO Step 5634, t=35
PPO Step 5635, t=36
PPO Step 5636, t=37
PPO Step 5637, t=38
PPO Step 5638, t=39
PPO Step 5639, t=40
PPO Step 5640, t=41
PPO Step 5641, t=42
PPO Step 5642, t=43
PPO Step 5643, t=44
PPO Step 5644, t=45
PPO Step 5645, t=46
PPO Step 5646, t=47
PPO Step 5647, t=48
PPO Step 5648, t=49
PPO Step 5649, t=50
PPO Step 5650, t=51
PPO Step 5651, t=52
PPO Step 5652, t=53
PPO Step 5653, t=54
PPO Step 5654, t=55
PPO Step 5655, t=56
PPO Step 5656, t=57
PPO Step 5657, t=58
PPO Step 5658, t=59
PPO Step 5659, t=60
PPO Step 5660, t=61
PPO Step 5661, t=62
PPO Step 5662, t=63
PPO Step 5663, t=64
PPO Step 5664, t=65
PPO Step 5665, t=66
PPO Step 5666, t=67
PPO Step 5667, t=68
PPO Step 5668, t=69
PPO Step 5669, t=70
PPO Step 5670, t=71
PPO Step 5671, t=72
PPO Step 5672, t=73
PPO Step 5673, t=1
PPO Step 5674, t=2
PPO Step 5675, t=3
PPO Step 5676, t=4
PPO Step 5677, t=5
PPO Step 5678, t=6
PPO Step 5679, t=7
PPO Step 5680, t=8
PPO Step 5681, t=9
PPO Step 5682, t=10
PPO Step 5683, t=11
PPO Step 5684, t=12
PPO Step 5685, t=13
PPO Step 5686, t=14
PPO Step 5687, t=15
PPO Step 5688, t=16
PPO Step 5689, t=17
PPO Step 5690, t=18
PPO Step 5691, t=19
PPO Step 5692, t=20
PPO Step 5693, t=21
PPO Step 5694, t=22
PPO Step 5695, t=23
PPO Step 5696, t=24
PPO Step 5697, t=25
PPO Step 5698, t=26
PPO Step 5699, t=27
PPO Step 5700, t=28
Step 5700 - Updating the algorithm
Update discriminator at step 169
Update discriminator at step 170
Update discriminator at step 171
[Debug] Reward mean: 4.3551, std: 2.5525
Updating PPO
PPO Step 5701, t=29
PPO Step 5702, t=30
PPO Step 5703, t=31
PPO Step 5704, t=32
PPO Step 5705, t=33
PPO Step 5706, t=34
PPO Step 5707, t=35
PPO Step 5708, t=36
PPO Step 5709, t=37
PPO Step 5710, t=38
PPO Step 5711, t=39
PPO Step 5712, t=40
PPO Step 5713, t=41
PPO Step 5714, t=42
PPO Step 5715, t=43
PPO Step 5716, t=44
PPO Step 5717, t=45
PPO Step 5718, t=46
PPO Step 5719, t=47
PPO Step 5720, t=48
PPO Step 5721, t=49
PPO Step 5722, t=50
PPO Step 5723, t=51
PPO Step 5724, t=52
PPO Step 5725, t=53
PPO Step 5726, t=54
PPO Step 5727, t=55
PPO Step 5728, t=56
PPO Step 5729, t=57
PPO Step 5730, t=58
PPO Step 5731, t=59
PPO Step 5732, t=60
PPO Step 5733, t=61
PPO Step 5734, t=62
PPO Step 5735, t=63
PPO Step 5736, t=64
PPO Step 5737, t=65
PPO Step 5738, t=66
PPO Step 5739, t=67
PPO Step 5740, t=68
PPO Step 5741, t=69
PPO Step 5742, t=70
PPO Step 5743, t=71
PPO Step 5744, t=72
PPO Step 5745, t=73
PPO Step 5746, t=74
PPO Step 5747, t=75
PPO Step 5748, t=76
PPO Step 5749, t=77
PPO Step 5750, t=78
PPO Step 5751, t=79
PPO Step 5752, t=80
PPO Step 5753, t=81
PPO Step 5754, t=82
PPO Step 5755, t=83
PPO Step 5756, t=84
PPO Step 5757, t=85
PPO Step 5758, t=86
PPO Step 5759, t=87
PPO Step 5760, t=88
PPO Step 5761, t=89
PPO Step 5762, t=90
PPO Step 5763, t=91
PPO Step 5764, t=92
PPO Step 5765, t=93
PPO Step 5766, t=94
PPO Step 5767, t=95
PPO Step 5768, t=96
PPO Step 5769, t=97
PPO Step 5770, t=98
PPO Step 5771, t=99
PPO Step 5772, t=100
PPO Step 5773, t=101
PPO Step 5774, t=102
PPO Step 5775, t=103
PPO Step 5776, t=104
PPO Step 5777, t=105
PPO Step 5778, t=106
PPO Step 5779, t=107
PPO Step 5780, t=108
PPO Step 5781, t=109
PPO Step 5782, t=110
PPO Step 5783, t=111
PPO Step 5784, t=112
PPO Step 5785, t=113
PPO Step 5786, t=114
PPO Step 5787, t=115
PPO Step 5788, t=116
PPO Step 5789, t=117
PPO Step 5790, t=118
PPO Step 5791, t=119
PPO Step 5792, t=120
PPO Step 5793, t=121
PPO Step 5794, t=122
PPO Step 5795, t=123
PPO Step 5796, t=124
PPO Step 5797, t=125
PPO Step 5798, t=126
PPO Step 5799, t=127
PPO Step 5800, t=128
Step 5800 - Updating the algorithm
Update discriminator at step 172
Update discriminator at step 173
Update discriminator at step 174
[Debug] Reward mean: 3.7768, std: 2.3060
Updating PPO
PPO Step 5801, t=129
PPO Step 5802, t=130
PPO Step 5803, t=131
PPO Step 5804, t=132
PPO Step 5805, t=133
PPO Step 5806, t=134
PPO Step 5807, t=135
PPO Step 5808, t=136
PPO Step 5809, t=137
PPO Step 5810, t=138
PPO Step 5811, t=139
PPO Step 5812, t=140
PPO Step 5813, t=141
PPO Step 5814, t=142
PPO Step 5815, t=143
PPO Step 5816, t=144
PPO Step 5817, t=145
PPO Step 5818, t=146
PPO Step 5819, t=147
PPO Step 5820, t=148
PPO Step 5821, t=149
PPO Step 5822, t=150
PPO Step 5823, t=151
PPO Step 5824, t=152
PPO Step 5825, t=153
PPO Step 5826, t=154
PPO Step 5827, t=155
PPO Step 5828, t=156
PPO Step 5829, t=157
PPO Step 5830, t=158
PPO Step 5831, t=159
PPO Step 5832, t=160
PPO Step 5833, t=161
PPO Step 5834, t=162
PPO Step 5835, t=163
PPO Step 5836, t=164
PPO Step 5837, t=165
PPO Step 5838, t=166
PPO Step 5839, t=167
PPO Step 5840, t=168
PPO Step 5841, t=169
PPO Step 5842, t=170
PPO Step 5843, t=171
PPO Step 5844, t=172
PPO Step 5845, t=173
PPO Step 5846, t=174
PPO Step 5847, t=175
PPO Step 5848, t=176
PPO Step 5849, t=177
PPO Step 5850, t=178
PPO Step 5851, t=179
PPO Step 5852, t=180
PPO Step 5853, t=181
PPO Step 5854, t=182
PPO Step 5855, t=183
PPO Step 5856, t=184
PPO Step 5857, t=185
PPO Step 5858, t=186
PPO Step 5859, t=187
PPO Step 5860, t=188
PPO Step 5861, t=1
PPO Step 5862, t=2
PPO Step 5863, t=3
PPO Step 5864, t=4
PPO Step 5865, t=5
PPO Step 5866, t=6
PPO Step 5867, t=7
PPO Step 5868, t=8
PPO Step 5869, t=9
PPO Step 5870, t=10
PPO Step 5871, t=11
PPO Step 5872, t=12
PPO Step 5873, t=13
PPO Step 5874, t=14
PPO Step 5875, t=15
PPO Step 5876, t=16
PPO Step 5877, t=1
PPO Step 5878, t=2
PPO Step 5879, t=3
PPO Step 5880, t=4
PPO Step 5881, t=5
PPO Step 5882, t=6
PPO Step 5883, t=7
PPO Step 5884, t=8
PPO Step 5885, t=9
PPO Step 5886, t=10
PPO Step 5887, t=11
PPO Step 5888, t=12
PPO Step 5889, t=13
PPO Step 5890, t=14
PPO Step 5891, t=15
PPO Step 5892, t=16
PPO Step 5893, t=17
PPO Step 5894, t=18
PPO Step 5895, t=19
PPO Step 5896, t=20
PPO Step 5897, t=21
PPO Step 5898, t=22
PPO Step 5899, t=23
PPO Step 5900, t=24
Step 5900 - Updating the algorithm
Update discriminator at step 175
Update discriminator at step 176
Update discriminator at step 177
[Debug] Reward mean: 3.5309, std: 2.6394
Updating PPO
PPO Step 5901, t=25
PPO Step 5902, t=26
PPO Step 5903, t=27
PPO Step 5904, t=28
PPO Step 5905, t=29
PPO Step 5906, t=30
PPO Step 5907, t=31
PPO Step 5908, t=32
PPO Step 5909, t=33
PPO Step 5910, t=1
PPO Step 5911, t=2
PPO Step 5912, t=3
PPO Step 5913, t=4
PPO Step 5914, t=5
PPO Step 5915, t=6
PPO Step 5916, t=7
PPO Step 5917, t=8
PPO Step 5918, t=9
PPO Step 5919, t=10
PPO Step 5920, t=11
PPO Step 5921, t=12
PPO Step 5922, t=13
PPO Step 5923, t=14
PPO Step 5924, t=15
PPO Step 5925, t=16
PPO Step 5926, t=17
PPO Step 5927, t=18
PPO Step 5928, t=19
PPO Step 5929, t=20
PPO Step 5930, t=21
PPO Step 5931, t=22
PPO Step 5932, t=23
PPO Step 5933, t=24
PPO Step 5934, t=25
PPO Step 5935, t=26
PPO Step 5936, t=1
PPO Step 5937, t=2
PPO Step 5938, t=3
PPO Step 5939, t=4
PPO Step 5940, t=5
PPO Step 5941, t=6
PPO Step 5942, t=7
PPO Step 5943, t=8
PPO Step 5944, t=9
PPO Step 5945, t=10
PPO Step 5946, t=11
PPO Step 5947, t=12
PPO Step 5948, t=13
PPO Step 5949, t=14
PPO Step 5950, t=15
PPO Step 5951, t=16
PPO Step 5952, t=17
PPO Step 5953, t=18
PPO Step 5954, t=19
PPO Step 5955, t=20
PPO Step 5956, t=21
PPO Step 5957, t=22
PPO Step 5958, t=23
PPO Step 5959, t=24
PPO Step 5960, t=25
PPO Step 5961, t=26
PPO Step 5962, t=27
PPO Step 5963, t=28
PPO Step 5964, t=29
PPO Step 5965, t=30
PPO Step 5966, t=31
PPO Step 5967, t=32
PPO Step 5968, t=33
PPO Step 5969, t=34
PPO Step 5970, t=35
PPO Step 5971, t=36
PPO Step 5972, t=37
PPO Step 5973, t=38
PPO Step 5974, t=39
PPO Step 5975, t=40
PPO Step 5976, t=41
PPO Step 5977, t=42
PPO Step 5978, t=43
PPO Step 5979, t=44
PPO Step 5980, t=45
PPO Step 5981, t=46
PPO Step 5982, t=47
PPO Step 5983, t=48
PPO Step 5984, t=49
PPO Step 5985, t=50
PPO Step 5986, t=51
PPO Step 5987, t=52
PPO Step 5988, t=53
PPO Step 5989, t=54
PPO Step 5990, t=55
PPO Step 5991, t=56
PPO Step 5992, t=57
PPO Step 5993, t=58
PPO Step 5994, t=59
PPO Step 5995, t=60
PPO Step 5996, t=61
PPO Step 5997, t=62
PPO Step 5998, t=63
PPO Step 5999, t=64
PPO Step 6000, t=65
Step 6000 - Updating the algorithm
Update discriminator at step 178
Update discriminator at step 179
Update discriminator at step 180
[Debug] Reward mean: 3.6805, std: 2.6404
Updating PPO
Step 6000 - Evaluating the algorithm
Num steps: 6000     Return: -11571.5   Time: 0:24:39
PPO Step 6001, t=66
PPO Step 6002, t=67
PPO Step 6003, t=68
PPO Step 6004, t=69
PPO Step 6005, t=70
PPO Step 6006, t=71
PPO Step 6007, t=72
PPO Step 6008, t=73
PPO Step 6009, t=74
PPO Step 6010, t=75
PPO Step 6011, t=76
PPO Step 6012, t=77
PPO Step 6013, t=78
PPO Step 6014, t=79
PPO Step 6015, t=1
PPO Step 6016, t=2
PPO Step 6017, t=3
PPO Step 6018, t=4
PPO Step 6019, t=5
PPO Step 6020, t=6
PPO Step 6021, t=7
PPO Step 6022, t=8
PPO Step 6023, t=9
PPO Step 6024, t=10
PPO Step 6025, t=11
PPO Step 6026, t=12
PPO Step 6027, t=13
PPO Step 6028, t=14
PPO Step 6029, t=15
PPO Step 6030, t=16
PPO Step 6031, t=17
PPO Step 6032, t=18
PPO Step 6033, t=19
PPO Step 6034, t=20
PPO Step 6035, t=21
PPO Step 6036, t=22
PPO Step 6037, t=23
PPO Step 6038, t=24
PPO Step 6039, t=25
PPO Step 6040, t=26
PPO Step 6041, t=27
PPO Step 6042, t=28
PPO Step 6043, t=29
PPO Step 6044, t=30
PPO Step 6045, t=31
PPO Step 6046, t=32
PPO Step 6047, t=33
PPO Step 6048, t=34
PPO Step 6049, t=35
PPO Step 6050, t=36
PPO Step 6051, t=37
PPO Step 6052, t=38
PPO Step 6053, t=39
PPO Step 6054, t=40
PPO Step 6055, t=41
PPO Step 6056, t=42
PPO Step 6057, t=43
PPO Step 6058, t=44
PPO Step 6059, t=45
PPO Step 6060, t=46
PPO Step 6061, t=47
PPO Step 6062, t=48
PPO Step 6063, t=49
PPO Step 6064, t=50
PPO Step 6065, t=51
PPO Step 6066, t=52
PPO Step 6067, t=53
PPO Step 6068, t=54
PPO Step 6069, t=55
PPO Step 6070, t=56
PPO Step 6071, t=57
PPO Step 6072, t=58
PPO Step 6073, t=59
PPO Step 6074, t=60
PPO Step 6075, t=61
PPO Step 6076, t=62
PPO Step 6077, t=63
PPO Step 6078, t=64
PPO Step 6079, t=65
PPO Step 6080, t=66
PPO Step 6081, t=67
PPO Step 6082, t=68
PPO Step 6083, t=69
PPO Step 6084, t=70
PPO Step 6085, t=71
PPO Step 6086, t=72
PPO Step 6087, t=73
PPO Step 6088, t=74
PPO Step 6089, t=75
PPO Step 6090, t=76
PPO Step 6091, t=77
PPO Step 6092, t=78
PPO Step 6093, t=79
PPO Step 6094, t=80
PPO Step 6095, t=81
PPO Step 6096, t=82
PPO Step 6097, t=83
PPO Step 6098, t=84
PPO Step 6099, t=85
PPO Step 6100, t=86
Step 6100 - Updating the algorithm
Update discriminator at step 181
Update discriminator at step 182
Update discriminator at step 183
[Debug] Reward mean: 3.2640, std: 2.4370
Updating PPO
PPO Step 6101, t=87
PPO Step 6102, t=1
PPO Step 6103, t=2
PPO Step 6104, t=3
PPO Step 6105, t=4
PPO Step 6106, t=5
PPO Step 6107, t=6
PPO Step 6108, t=7
PPO Step 6109, t=8
PPO Step 6110, t=9
PPO Step 6111, t=10
PPO Step 6112, t=11
PPO Step 6113, t=12
PPO Step 6114, t=13
PPO Step 6115, t=14
PPO Step 6116, t=15
PPO Step 6117, t=16
PPO Step 6118, t=17
PPO Step 6119, t=18
PPO Step 6120, t=19
PPO Step 6121, t=20
PPO Step 6122, t=21
PPO Step 6123, t=22
PPO Step 6124, t=23
PPO Step 6125, t=24
PPO Step 6126, t=25
PPO Step 6127, t=26
PPO Step 6128, t=27
PPO Step 6129, t=28
PPO Step 6130, t=29
PPO Step 6131, t=30
PPO Step 6132, t=31
PPO Step 6133, t=32
PPO Step 6134, t=33
PPO Step 6135, t=34
PPO Step 6136, t=35
PPO Step 6137, t=36
PPO Step 6138, t=37
PPO Step 6139, t=38
PPO Step 6140, t=39
PPO Step 6141, t=40
PPO Step 6142, t=41
PPO Step 6143, t=42
PPO Step 6144, t=43
PPO Step 6145, t=44
PPO Step 6146, t=45
PPO Step 6147, t=46
PPO Step 6148, t=47
PPO Step 6149, t=48
PPO Step 6150, t=49
PPO Step 6151, t=50
PPO Step 6152, t=51
PPO Step 6153, t=52
PPO Step 6154, t=53
PPO Step 6155, t=54
PPO Step 6156, t=55
PPO Step 6157, t=56
PPO Step 6158, t=57
PPO Step 6159, t=58
PPO Step 6160, t=59
PPO Step 6161, t=60
PPO Step 6162, t=61
PPO Step 6163, t=62
PPO Step 6164, t=63
PPO Step 6165, t=64
PPO Step 6166, t=65
PPO Step 6167, t=66
PPO Step 6168, t=67
PPO Step 6169, t=68
PPO Step 6170, t=69
PPO Step 6171, t=70
PPO Step 6172, t=71
PPO Step 6173, t=72
PPO Step 6174, t=73
PPO Step 6175, t=74
PPO Step 6176, t=75
PPO Step 6177, t=76
PPO Step 6178, t=77
PPO Step 6179, t=78
PPO Step 6180, t=79
PPO Step 6181, t=80
PPO Step 6182, t=81
PPO Step 6183, t=82
PPO Step 6184, t=83
PPO Step 6185, t=84
PPO Step 6186, t=85
PPO Step 6187, t=86
PPO Step 6188, t=87
PPO Step 6189, t=88
PPO Step 6190, t=89
PPO Step 6191, t=90
PPO Step 6192, t=91
PPO Step 6193, t=92
PPO Step 6194, t=93
PPO Step 6195, t=94
PPO Step 6196, t=95
PPO Step 6197, t=96
PPO Step 6198, t=97
PPO Step 6199, t=98
PPO Step 6200, t=99
Step 6200 - Updating the algorithm
Update discriminator at step 184
Update discriminator at step 185
Update discriminator at step 186
[Debug] Reward mean: 2.7700, std: 2.3448
Updating PPO
PPO Step 6201, t=100
PPO Step 6202, t=101
PPO Step 6203, t=102
PPO Step 6204, t=103
PPO Step 6205, t=104
PPO Step 6206, t=105
PPO Step 6207, t=106
PPO Step 6208, t=107
PPO Step 6209, t=108
PPO Step 6210, t=109
PPO Step 6211, t=110
PPO Step 6212, t=111
PPO Step 6213, t=112
PPO Step 6214, t=113
PPO Step 6215, t=114
PPO Step 6216, t=115
PPO Step 6217, t=116
PPO Step 6218, t=117
PPO Step 6219, t=118
PPO Step 6220, t=119
PPO Step 6221, t=120
PPO Step 6222, t=121
PPO Step 6223, t=122
PPO Step 6224, t=123
PPO Step 6225, t=124
PPO Step 6226, t=125
PPO Step 6227, t=126
PPO Step 6228, t=127
PPO Step 6229, t=128
PPO Step 6230, t=129
PPO Step 6231, t=130
PPO Step 6232, t=131
PPO Step 6233, t=132
PPO Step 6234, t=133
PPO Step 6235, t=134
PPO Step 6236, t=135
PPO Step 6237, t=136
PPO Step 6238, t=137
PPO Step 6239, t=138
PPO Step 6240, t=139
PPO Step 6241, t=140
PPO Step 6242, t=141
PPO Step 6243, t=142
PPO Step 6244, t=143
PPO Step 6245, t=144
PPO Step 6246, t=145
PPO Step 6247, t=146
PPO Step 6248, t=147
PPO Step 6249, t=148
PPO Step 6250, t=149
PPO Step 6251, t=150
PPO Step 6252, t=151
PPO Step 6253, t=152
PPO Step 6254, t=153
PPO Step 6255, t=154
PPO Step 6256, t=155
PPO Step 6257, t=156
PPO Step 6258, t=157
PPO Step 6259, t=158
PPO Step 6260, t=159
PPO Step 6261, t=160
PPO Step 6262, t=161
PPO Step 6263, t=162
PPO Step 6264, t=163
PPO Step 6265, t=164
PPO Step 6266, t=165
PPO Step 6267, t=166
PPO Step 6268, t=1
PPO Step 6269, t=2
PPO Step 6270, t=3
PPO Step 6271, t=4
PPO Step 6272, t=5
PPO Step 6273, t=6
PPO Step 6274, t=7
PPO Step 6275, t=8
PPO Step 6276, t=9
PPO Step 6277, t=10
PPO Step 6278, t=11
PPO Step 6279, t=12
PPO Step 6280, t=13
PPO Step 6281, t=14
PPO Step 6282, t=1
PPO Step 6283, t=2
PPO Step 6284, t=3
PPO Step 6285, t=4
PPO Step 6286, t=5
PPO Step 6287, t=6
PPO Step 6288, t=7
PPO Step 6289, t=8
PPO Step 6290, t=9
PPO Step 6291, t=10
PPO Step 6292, t=11
PPO Step 6293, t=12
PPO Step 6294, t=13
PPO Step 6295, t=14
PPO Step 6296, t=15
PPO Step 6297, t=16
PPO Step 6298, t=17
PPO Step 6299, t=18
PPO Step 6300, t=19
Step 6300 - Updating the algorithm
Update discriminator at step 187
Update discriminator at step 188
Update discriminator at step 189
[Debug] Reward mean: 2.8398, std: 2.7092
Updating PPO
PPO Step 6301, t=20
PPO Step 6302, t=21
PPO Step 6303, t=22
PPO Step 6304, t=23
PPO Step 6305, t=24
PPO Step 6306, t=25
PPO Step 6307, t=26
PPO Step 6308, t=27
PPO Step 6309, t=28
PPO Step 6310, t=29
PPO Step 6311, t=30
PPO Step 6312, t=31
PPO Step 6313, t=32
PPO Step 6314, t=33
PPO Step 6315, t=34
PPO Step 6316, t=35
PPO Step 6317, t=36
PPO Step 6318, t=37
PPO Step 6319, t=38
PPO Step 6320, t=1
PPO Step 6321, t=2
PPO Step 6322, t=3
PPO Step 6323, t=4
PPO Step 6324, t=5
PPO Step 6325, t=6
PPO Step 6326, t=7
PPO Step 6327, t=8
PPO Step 6328, t=9
PPO Step 6329, t=10
PPO Step 6330, t=11
PPO Step 6331, t=12
PPO Step 6332, t=13
PPO Step 6333, t=14
PPO Step 6334, t=15
PPO Step 6335, t=16
PPO Step 6336, t=17
PPO Step 6337, t=18
PPO Step 6338, t=19
PPO Step 6339, t=20
PPO Step 6340, t=21
PPO Step 6341, t=22
PPO Step 6342, t=23
PPO Step 6343, t=24
PPO Step 6344, t=25
PPO Step 6345, t=26
PPO Step 6346, t=27
PPO Step 6347, t=28
PPO Step 6348, t=29
PPO Step 6349, t=30
PPO Step 6350, t=31
PPO Step 6351, t=32
PPO Step 6352, t=33
PPO Step 6353, t=34
PPO Step 6354, t=35
PPO Step 6355, t=36
PPO Step 6356, t=37
PPO Step 6357, t=38
PPO Step 6358, t=39
PPO Step 6359, t=1
PPO Step 6360, t=2
PPO Step 6361, t=3
PPO Step 6362, t=4
PPO Step 6363, t=5
PPO Step 6364, t=6
PPO Step 6365, t=7
PPO Step 6366, t=8
PPO Step 6367, t=9
PPO Step 6368, t=10
PPO Step 6369, t=11
PPO Step 6370, t=12
PPO Step 6371, t=13
PPO Step 6372, t=14
PPO Step 6373, t=15
PPO Step 6374, t=16
PPO Step 6375, t=17
PPO Step 6376, t=18
PPO Step 6377, t=19
PPO Step 6378, t=20
PPO Step 6379, t=21
PPO Step 6380, t=22
PPO Step 6381, t=23
PPO Step 6382, t=24
PPO Step 6383, t=25
PPO Step 6384, t=26
PPO Step 6385, t=27
PPO Step 6386, t=28
PPO Step 6387, t=29
PPO Step 6388, t=30
PPO Step 6389, t=31
PPO Step 6390, t=32
PPO Step 6391, t=33
PPO Step 6392, t=34
PPO Step 6393, t=35
PPO Step 6394, t=36
PPO Step 6395, t=37
PPO Step 6396, t=38
PPO Step 6397, t=39
PPO Step 6398, t=40
PPO Step 6399, t=41
PPO Step 6400, t=42
Step 6400 - Updating the algorithm
Update discriminator at step 190
Update discriminator at step 191
Update discriminator at step 192
[Debug] Reward mean: 2.7053, std: 2.2622
Updating PPO
PPO Step 6401, t=43
PPO Step 6402, t=44
PPO Step 6403, t=45
PPO Step 6404, t=1
PPO Step 6405, t=2
PPO Step 6406, t=3
PPO Step 6407, t=4
PPO Step 6408, t=5
PPO Step 6409, t=6
PPO Step 6410, t=7
PPO Step 6411, t=8
PPO Step 6412, t=9
PPO Step 6413, t=10
PPO Step 6414, t=11
PPO Step 6415, t=12
PPO Step 6416, t=13
PPO Step 6417, t=14
PPO Step 6418, t=15
PPO Step 6419, t=16
PPO Step 6420, t=17
PPO Step 6421, t=18
PPO Step 6422, t=19
PPO Step 6423, t=20
PPO Step 6424, t=21
PPO Step 6425, t=22
PPO Step 6426, t=23
PPO Step 6427, t=24
PPO Step 6428, t=1
PPO Step 6429, t=2
PPO Step 6430, t=3
PPO Step 6431, t=4
PPO Step 6432, t=5
PPO Step 6433, t=6
PPO Step 6434, t=7
PPO Step 6435, t=8
PPO Step 6436, t=9
PPO Step 6437, t=10
PPO Step 6438, t=11
PPO Step 6439, t=12
PPO Step 6440, t=13
PPO Step 6441, t=14
PPO Step 6442, t=15
PPO Step 6443, t=16
PPO Step 6444, t=17
PPO Step 6445, t=18
PPO Step 6446, t=19
PPO Step 6447, t=20
PPO Step 6448, t=21
PPO Step 6449, t=22
PPO Step 6450, t=23
PPO Step 6451, t=24
PPO Step 6452, t=25
PPO Step 6453, t=26
PPO Step 6454, t=27
PPO Step 6455, t=28
PPO Step 6456, t=29
PPO Step 6457, t=30
PPO Step 6458, t=31
PPO Step 6459, t=32
PPO Step 6460, t=33
PPO Step 6461, t=34
PPO Step 6462, t=35
PPO Step 6463, t=36
PPO Step 6464, t=37
PPO Step 6465, t=38
PPO Step 6466, t=39
PPO Step 6467, t=40
PPO Step 6468, t=41
PPO Step 6469, t=42
PPO Step 6470, t=43
PPO Step 6471, t=44
PPO Step 6472, t=45
PPO Step 6473, t=46
PPO Step 6474, t=47
PPO Step 6475, t=48
PPO Step 6476, t=49
PPO Step 6477, t=50
PPO Step 6478, t=51
PPO Step 6479, t=52
PPO Step 6480, t=53
PPO Step 6481, t=54
PPO Step 6482, t=55
PPO Step 6483, t=56
PPO Step 6484, t=57
PPO Step 6485, t=58
PPO Step 6486, t=59
PPO Step 6487, t=60
PPO Step 6488, t=61
PPO Step 6489, t=62
PPO Step 6490, t=63
PPO Step 6491, t=64
PPO Step 6492, t=65
PPO Step 6493, t=66
PPO Step 6494, t=67
PPO Step 6495, t=68
PPO Step 6496, t=69
PPO Step 6497, t=70
PPO Step 6498, t=71
PPO Step 6499, t=72
PPO Step 6500, t=73
Step 6500 - Updating the algorithm
Update discriminator at step 193
Update discriminator at step 194
Update discriminator at step 195
[Debug] Reward mean: 2.5126, std: 2.2920
Updating PPO
PPO Step 6501, t=74
PPO Step 6502, t=75
PPO Step 6503, t=76
PPO Step 6504, t=77
PPO Step 6505, t=78
PPO Step 6506, t=79
PPO Step 6507, t=80
PPO Step 6508, t=81
PPO Step 6509, t=82
PPO Step 6510, t=83
PPO Step 6511, t=84
PPO Step 6512, t=85
PPO Step 6513, t=86
PPO Step 6514, t=87
PPO Step 6515, t=88
PPO Step 6516, t=89
PPO Step 6517, t=90
PPO Step 6518, t=91
PPO Step 6519, t=92
PPO Step 6520, t=93
PPO Step 6521, t=94
PPO Step 6522, t=95
PPO Step 6523, t=96
PPO Step 6524, t=97
PPO Step 6525, t=98
PPO Step 6526, t=99
PPO Step 6527, t=100
PPO Step 6528, t=101
PPO Step 6529, t=102
PPO Step 6530, t=103
PPO Step 6531, t=104
PPO Step 6532, t=105
PPO Step 6533, t=106
PPO Step 6534, t=107
PPO Step 6535, t=108
PPO Step 6536, t=109
PPO Step 6537, t=110
PPO Step 6538, t=111
PPO Step 6539, t=112
PPO Step 6540, t=113
PPO Step 6541, t=114
PPO Step 6542, t=115
PPO Step 6543, t=116
PPO Step 6544, t=117
PPO Step 6545, t=118
PPO Step 6546, t=119
PPO Step 6547, t=120
PPO Step 6548, t=121
PPO Step 6549, t=122
PPO Step 6550, t=123
PPO Step 6551, t=124
PPO Step 6552, t=125
PPO Step 6553, t=126
PPO Step 6554, t=127
PPO Step 6555, t=128
PPO Step 6556, t=129
PPO Step 6557, t=130
PPO Step 6558, t=131
PPO Step 6559, t=132
PPO Step 6560, t=133
PPO Step 6561, t=134
PPO Step 6562, t=135
PPO Step 6563, t=136
PPO Step 6564, t=137
PPO Step 6565, t=138
PPO Step 6566, t=139
PPO Step 6567, t=140
PPO Step 6568, t=141
PPO Step 6569, t=142
PPO Step 6570, t=143
PPO Step 6571, t=144
PPO Step 6572, t=145
PPO Step 6573, t=146
PPO Step 6574, t=1
PPO Step 6575, t=2
PPO Step 6576, t=3
PPO Step 6577, t=4
PPO Step 6578, t=5
PPO Step 6579, t=6
PPO Step 6580, t=7
PPO Step 6581, t=8
PPO Step 6582, t=9
PPO Step 6583, t=10
PPO Step 6584, t=11
PPO Step 6585, t=12
PPO Step 6586, t=13
PPO Step 6587, t=14
PPO Step 6588, t=15
PPO Step 6589, t=16
PPO Step 6590, t=17
PPO Step 6591, t=18
PPO Step 6592, t=19
PPO Step 6593, t=20
PPO Step 6594, t=21
PPO Step 6595, t=22
PPO Step 6596, t=23
PPO Step 6597, t=24
PPO Step 6598, t=25
PPO Step 6599, t=1
PPO Step 6600, t=2
Step 6600 - Updating the algorithm
Update discriminator at step 196
Update discriminator at step 197
Update discriminator at step 198
[Debug] Reward mean: 2.2328, std: 2.1187
Updating PPO
PPO Step 6601, t=3
PPO Step 6602, t=4
PPO Step 6603, t=5
PPO Step 6604, t=6
PPO Step 6605, t=7
PPO Step 6606, t=8
PPO Step 6607, t=9
PPO Step 6608, t=10
PPO Step 6609, t=11
PPO Step 6610, t=12
PPO Step 6611, t=13
PPO Step 6612, t=14
PPO Step 6613, t=15
PPO Step 6614, t=16
PPO Step 6615, t=17
PPO Step 6616, t=18
PPO Step 6617, t=19
PPO Step 6618, t=20
PPO Step 6619, t=21
PPO Step 6620, t=22
PPO Step 6621, t=23
PPO Step 6622, t=24
PPO Step 6623, t=25
PPO Step 6624, t=26
PPO Step 6625, t=27
PPO Step 6626, t=28
PPO Step 6627, t=29
PPO Step 6628, t=30
PPO Step 6629, t=31
PPO Step 6630, t=32
PPO Step 6631, t=33
PPO Step 6632, t=34
PPO Step 6633, t=35
PPO Step 6634, t=36
PPO Step 6635, t=37
PPO Step 6636, t=38
PPO Step 6637, t=1
PPO Step 6638, t=2
PPO Step 6639, t=3
PPO Step 6640, t=4
PPO Step 6641, t=5
PPO Step 6642, t=6
PPO Step 6643, t=7
PPO Step 6644, t=8
PPO Step 6645, t=9
PPO Step 6646, t=10
PPO Step 6647, t=11
PPO Step 6648, t=12
PPO Step 6649, t=13
PPO Step 6650, t=14
PPO Step 6651, t=15
PPO Step 6652, t=16
PPO Step 6653, t=17
PPO Step 6654, t=18
PPO Step 6655, t=19
PPO Step 6656, t=20
PPO Step 6657, t=1
PPO Step 6658, t=2
PPO Step 6659, t=3
PPO Step 6660, t=4
PPO Step 6661, t=5
PPO Step 6662, t=6
PPO Step 6663, t=7
PPO Step 6664, t=8
PPO Step 6665, t=9
PPO Step 6666, t=10
PPO Step 6667, t=11
PPO Step 6668, t=12
PPO Step 6669, t=13
PPO Step 6670, t=14
PPO Step 6671, t=15
PPO Step 6672, t=16
PPO Step 6673, t=17
PPO Step 6674, t=18
PPO Step 6675, t=19
PPO Step 6676, t=20
PPO Step 6677, t=21
PPO Step 6678, t=1
PPO Step 6679, t=2
PPO Step 6680, t=3
PPO Step 6681, t=4
PPO Step 6682, t=5
PPO Step 6683, t=6
PPO Step 6684, t=7
PPO Step 6685, t=8
PPO Step 6686, t=9
PPO Step 6687, t=10
PPO Step 6688, t=11
PPO Step 6689, t=12
PPO Step 6690, t=13
PPO Step 6691, t=14
PPO Step 6692, t=15
PPO Step 6693, t=16
PPO Step 6694, t=17
PPO Step 6695, t=18
PPO Step 6696, t=19
PPO Step 6697, t=20
PPO Step 6698, t=21
PPO Step 6699, t=22
PPO Step 6700, t=23
Step 6700 - Updating the algorithm
Update discriminator at step 199
Update discriminator at step 200
Update discriminator at step 201
[Debug] Reward mean: 2.5058, std: 2.2054
Updating PPO
PPO Step 6701, t=24
PPO Step 6702, t=25
PPO Step 6703, t=26
PPO Step 6704, t=27
PPO Step 6705, t=28
PPO Step 6706, t=29
PPO Step 6707, t=30
PPO Step 6708, t=31
PPO Step 6709, t=32
PPO Step 6710, t=33
PPO Step 6711, t=34
PPO Step 6712, t=35
PPO Step 6713, t=36
PPO Step 6714, t=37
PPO Step 6715, t=38
PPO Step 6716, t=39
PPO Step 6717, t=40
PPO Step 6718, t=41
PPO Step 6719, t=42
PPO Step 6720, t=43
PPO Step 6721, t=1
PPO Step 6722, t=2
PPO Step 6723, t=3
PPO Step 6724, t=4
PPO Step 6725, t=5
PPO Step 6726, t=6
PPO Step 6727, t=7
PPO Step 6728, t=8
PPO Step 6729, t=9
PPO Step 6730, t=10
PPO Step 6731, t=11
PPO Step 6732, t=12
PPO Step 6733, t=13
PPO Step 6734, t=14
PPO Step 6735, t=15
PPO Step 6736, t=16
PPO Step 6737, t=17
PPO Step 6738, t=18
PPO Step 6739, t=19
PPO Step 6740, t=20
PPO Step 6741, t=21
PPO Step 6742, t=22
PPO Step 6743, t=23
PPO Step 6744, t=1
PPO Step 6745, t=2
PPO Step 6746, t=3
PPO Step 6747, t=4
PPO Step 6748, t=5
PPO Step 6749, t=6
PPO Step 6750, t=7
PPO Step 6751, t=8
PPO Step 6752, t=9
PPO Step 6753, t=10
PPO Step 6754, t=11
PPO Step 6755, t=12
PPO Step 6756, t=13
PPO Step 6757, t=14
PPO Step 6758, t=15
PPO Step 6759, t=16
PPO Step 6760, t=17
PPO Step 6761, t=18
PPO Step 6762, t=19
PPO Step 6763, t=20
PPO Step 6764, t=21
PPO Step 6765, t=22
PPO Step 6766, t=23
PPO Step 6767, t=24
PPO Step 6768, t=25
PPO Step 6769, t=26
PPO Step 6770, t=1
PPO Step 6771, t=2
PPO Step 6772, t=3
PPO Step 6773, t=4
PPO Step 6774, t=5
PPO Step 6775, t=6
PPO Step 6776, t=7
PPO Step 6777, t=8
PPO Step 6778, t=9
PPO Step 6779, t=10
PPO Step 6780, t=11
PPO Step 6781, t=12
PPO Step 6782, t=13
PPO Step 6783, t=14
PPO Step 6784, t=15
PPO Step 6785, t=16
PPO Step 6786, t=17
PPO Step 6787, t=18
PPO Step 6788, t=19
PPO Step 6789, t=20
PPO Step 6790, t=21
PPO Step 6791, t=22
PPO Step 6792, t=23
PPO Step 6793, t=24
PPO Step 6794, t=25
PPO Step 6795, t=26
PPO Step 6796, t=27
PPO Step 6797, t=28
PPO Step 6798, t=1
PPO Step 6799, t=2
PPO Step 6800, t=3
Step 6800 - Updating the algorithm
Update discriminator at step 202
Update discriminator at step 203
Update discriminator at step 204
[Debug] Reward mean: 2.3572, std: 2.4814
Updating PPO
PPO Step 6801, t=4
PPO Step 6802, t=5
PPO Step 6803, t=6
PPO Step 6804, t=7
PPO Step 6805, t=8
PPO Step 6806, t=9
PPO Step 6807, t=10
PPO Step 6808, t=11
PPO Step 6809, t=12
PPO Step 6810, t=13
PPO Step 6811, t=14
PPO Step 6812, t=15
PPO Step 6813, t=16
PPO Step 6814, t=17
PPO Step 6815, t=18
PPO Step 6816, t=19
PPO Step 6817, t=20
PPO Step 6818, t=21
PPO Step 6819, t=1
PPO Step 6820, t=2
PPO Step 6821, t=3
PPO Step 6822, t=4
PPO Step 6823, t=5
PPO Step 6824, t=6
PPO Step 6825, t=7
PPO Step 6826, t=8
PPO Step 6827, t=9
PPO Step 6828, t=10
PPO Step 6829, t=11
PPO Step 6830, t=12
PPO Step 6831, t=13
PPO Step 6832, t=14
PPO Step 6833, t=15
PPO Step 6834, t=16
PPO Step 6835, t=17
PPO Step 6836, t=18
PPO Step 6837, t=19
PPO Step 6838, t=20
PPO Step 6839, t=21
PPO Step 6840, t=22
PPO Step 6841, t=23
PPO Step 6842, t=24
PPO Step 6843, t=25
PPO Step 6844, t=26
PPO Step 6845, t=27
PPO Step 6846, t=28
PPO Step 6847, t=29
PPO Step 6848, t=1
PPO Step 6849, t=2
PPO Step 6850, t=3
PPO Step 6851, t=4
PPO Step 6852, t=5
PPO Step 6853, t=6
PPO Step 6854, t=7
PPO Step 6855, t=8
PPO Step 6856, t=9
PPO Step 6857, t=10
PPO Step 6858, t=11
PPO Step 6859, t=12
PPO Step 6860, t=13
PPO Step 6861, t=14
PPO Step 6862, t=15
PPO Step 6863, t=16
PPO Step 6864, t=17
PPO Step 6865, t=18
PPO Step 6866, t=19
PPO Step 6867, t=20
PPO Step 6868, t=21
PPO Step 6869, t=22
PPO Step 6870, t=1
PPO Step 6871, t=2
PPO Step 6872, t=3
PPO Step 6873, t=4
PPO Step 6874, t=5
PPO Step 6875, t=6
PPO Step 6876, t=7
PPO Step 6877, t=8
PPO Step 6878, t=9
PPO Step 6879, t=10
PPO Step 6880, t=11
PPO Step 6881, t=12
PPO Step 6882, t=13
PPO Step 6883, t=14
PPO Step 6884, t=15
PPO Step 6885, t=16
PPO Step 6886, t=17
PPO Step 6887, t=18
PPO Step 6888, t=19
PPO Step 6889, t=20
PPO Step 6890, t=21
PPO Step 6891, t=22
PPO Step 6892, t=23
PPO Step 6893, t=24
PPO Step 6894, t=25
PPO Step 6895, t=26
PPO Step 6896, t=27
PPO Step 6897, t=28
PPO Step 6898, t=29
PPO Step 6899, t=30
PPO Step 6900, t=1
Step 6900 - Updating the algorithm
Update discriminator at step 205
Update discriminator at step 206
Update discriminator at step 207
[Debug] Reward mean: 2.0176, std: 2.3062
Updating PPO
PPO Step 6901, t=2
PPO Step 6902, t=3
PPO Step 6903, t=4
PPO Step 6904, t=5
PPO Step 6905, t=6
PPO Step 6906, t=7
PPO Step 6907, t=8
PPO Step 6908, t=9
PPO Step 6909, t=10
PPO Step 6910, t=11
PPO Step 6911, t=12
PPO Step 6912, t=13
PPO Step 6913, t=14
PPO Step 6914, t=15
PPO Step 6915, t=16
PPO Step 6916, t=17
PPO Step 6917, t=18
PPO Step 6918, t=19
PPO Step 6919, t=20
PPO Step 6920, t=21
PPO Step 6921, t=22
PPO Step 6922, t=23
PPO Step 6923, t=24
PPO Step 6924, t=25
PPO Step 6925, t=26
PPO Step 6926, t=27
PPO Step 6927, t=28
PPO Step 6928, t=29
PPO Step 6929, t=30
PPO Step 6930, t=31
PPO Step 6931, t=1
PPO Step 6932, t=2
PPO Step 6933, t=3
PPO Step 6934, t=4
PPO Step 6935, t=5
PPO Step 6936, t=6
PPO Step 6937, t=7
PPO Step 6938, t=8
PPO Step 6939, t=9
PPO Step 6940, t=10
PPO Step 6941, t=11
PPO Step 6942, t=12
PPO Step 6943, t=13
PPO Step 6944, t=14
PPO Step 6945, t=15
PPO Step 6946, t=16
PPO Step 6947, t=17
PPO Step 6948, t=18
PPO Step 6949, t=19
PPO Step 6950, t=20
PPO Step 6951, t=21
PPO Step 6952, t=22
PPO Step 6953, t=23
PPO Step 6954, t=24
PPO Step 6955, t=25
PPO Step 6956, t=26
PPO Step 6957, t=27
PPO Step 6958, t=28
PPO Step 6959, t=29
PPO Step 6960, t=30
PPO Step 6961, t=31
PPO Step 6962, t=32
PPO Step 6963, t=33
PPO Step 6964, t=34
PPO Step 6965, t=35
PPO Step 6966, t=36
PPO Step 6967, t=37
PPO Step 6968, t=38
PPO Step 6969, t=39
PPO Step 6970, t=40
PPO Step 6971, t=41
PPO Step 6972, t=42
PPO Step 6973, t=43
PPO Step 6974, t=44
PPO Step 6975, t=45
PPO Step 6976, t=46
PPO Step 6977, t=47
PPO Step 6978, t=48
PPO Step 6979, t=49
PPO Step 6980, t=50
PPO Step 6981, t=51
PPO Step 6982, t=52
PPO Step 6983, t=53
PPO Step 6984, t=54
PPO Step 6985, t=55
PPO Step 6986, t=56
PPO Step 6987, t=57
PPO Step 6988, t=58
PPO Step 6989, t=59
PPO Step 6990, t=60
PPO Step 6991, t=61
PPO Step 6992, t=62
PPO Step 6993, t=63
PPO Step 6994, t=64
PPO Step 6995, t=65
PPO Step 6996, t=66
PPO Step 6997, t=67
PPO Step 6998, t=68
PPO Step 6999, t=69
PPO Step 7000, t=70
Step 7000 - Updating the algorithm
Update discriminator at step 208
Update discriminator at step 209
Update discriminator at step 210
[Debug] Reward mean: 1.5730, std: 1.9206
Updating PPO
Step 7000 - Evaluating the algorithm
Num steps: 7000     Return: -6132.6   Time: 0:27:08
PPO Step 7001, t=71
PPO Step 7002, t=72
PPO Step 7003, t=73
PPO Step 7004, t=74
PPO Step 7005, t=75
PPO Step 7006, t=76
PPO Step 7007, t=77
PPO Step 7008, t=78
PPO Step 7009, t=79
PPO Step 7010, t=80
PPO Step 7011, t=81
PPO Step 7012, t=82
PPO Step 7013, t=83
PPO Step 7014, t=84
PPO Step 7015, t=85
PPO Step 7016, t=86
PPO Step 7017, t=87
PPO Step 7018, t=88
PPO Step 7019, t=89
PPO Step 7020, t=90
PPO Step 7021, t=91
PPO Step 7022, t=92
PPO Step 7023, t=93
PPO Step 7024, t=94
PPO Step 7025, t=95
PPO Step 7026, t=96
PPO Step 7027, t=97
PPO Step 7028, t=98
PPO Step 7029, t=1
PPO Step 7030, t=2
PPO Step 7031, t=3
PPO Step 7032, t=4
PPO Step 7033, t=5
PPO Step 7034, t=6
PPO Step 7035, t=7
PPO Step 7036, t=8
PPO Step 7037, t=9
PPO Step 7038, t=10
PPO Step 7039, t=11
PPO Step 7040, t=12
PPO Step 7041, t=13
PPO Step 7042, t=14
PPO Step 7043, t=15
PPO Step 7044, t=1
PPO Step 7045, t=2
PPO Step 7046, t=3
PPO Step 7047, t=4
PPO Step 7048, t=5
PPO Step 7049, t=6
PPO Step 7050, t=7
PPO Step 7051, t=8
PPO Step 7052, t=9
PPO Step 7053, t=10
PPO Step 7054, t=11
PPO Step 7055, t=12
PPO Step 7056, t=13
PPO Step 7057, t=14
PPO Step 7058, t=15
PPO Step 7059, t=16
PPO Step 7060, t=17
PPO Step 7061, t=18
PPO Step 7062, t=19
PPO Step 7063, t=20
PPO Step 7064, t=21
PPO Step 7065, t=22
PPO Step 7066, t=23
PPO Step 7067, t=24
PPO Step 7068, t=25
PPO Step 7069, t=26
PPO Step 7070, t=27
PPO Step 7071, t=28
PPO Step 7072, t=29
PPO Step 7073, t=30
PPO Step 7074, t=31
PPO Step 7075, t=32
PPO Step 7076, t=33
PPO Step 7077, t=34
PPO Step 7078, t=35
PPO Step 7079, t=36
PPO Step 7080, t=37
PPO Step 7081, t=38
PPO Step 7082, t=39
PPO Step 7083, t=40
PPO Step 7084, t=41
PPO Step 7085, t=42
PPO Step 7086, t=43
PPO Step 7087, t=44
PPO Step 7088, t=45
PPO Step 7089, t=46
PPO Step 7090, t=47
PPO Step 7091, t=48
PPO Step 7092, t=49
PPO Step 7093, t=50
PPO Step 7094, t=51
PPO Step 7095, t=52
PPO Step 7096, t=53
PPO Step 7097, t=54
PPO Step 7098, t=55
PPO Step 7099, t=56
PPO Step 7100, t=57
Step 7100 - Updating the algorithm
Update discriminator at step 211
Update discriminator at step 212
Update discriminator at step 213
[Debug] Reward mean: 2.1997, std: 2.1694
Updating PPO
PPO Step 7101, t=58
PPO Step 7102, t=59
PPO Step 7103, t=60
PPO Step 7104, t=61
PPO Step 7105, t=62
PPO Step 7106, t=63
PPO Step 7107, t=64
PPO Step 7108, t=65
PPO Step 7109, t=66
PPO Step 7110, t=67
PPO Step 7111, t=68
PPO Step 7112, t=69
PPO Step 7113, t=70
PPO Step 7114, t=71
PPO Step 7115, t=72
PPO Step 7116, t=73
PPO Step 7117, t=74
PPO Step 7118, t=75
PPO Step 7119, t=76
PPO Step 7120, t=77
PPO Step 7121, t=78
PPO Step 7122, t=1
PPO Step 7123, t=2
PPO Step 7124, t=3
PPO Step 7125, t=4
PPO Step 7126, t=5
PPO Step 7127, t=6
PPO Step 7128, t=7
PPO Step 7129, t=8
PPO Step 7130, t=9
PPO Step 7131, t=10
PPO Step 7132, t=11
PPO Step 7133, t=12
PPO Step 7134, t=13
PPO Step 7135, t=14
PPO Step 7136, t=15
PPO Step 7137, t=1
PPO Step 7138, t=2
PPO Step 7139, t=3
PPO Step 7140, t=4
PPO Step 7141, t=5
PPO Step 7142, t=6
PPO Step 7143, t=7
PPO Step 7144, t=8
PPO Step 7145, t=9
PPO Step 7146, t=10
PPO Step 7147, t=11
PPO Step 7148, t=12
PPO Step 7149, t=13
PPO Step 7150, t=14
PPO Step 7151, t=15
PPO Step 7152, t=16
PPO Step 7153, t=17
PPO Step 7154, t=18
PPO Step 7155, t=19
PPO Step 7156, t=20
PPO Step 7157, t=21
PPO Step 7158, t=22
PPO Step 7159, t=23
PPO Step 7160, t=24
PPO Step 7161, t=25
PPO Step 7162, t=26
PPO Step 7163, t=27
PPO Step 7164, t=28
PPO Step 7165, t=29
PPO Step 7166, t=30
PPO Step 7167, t=31
PPO Step 7168, t=32
PPO Step 7169, t=1
PPO Step 7170, t=2
PPO Step 7171, t=3
PPO Step 7172, t=4
PPO Step 7173, t=5
PPO Step 7174, t=6
PPO Step 7175, t=7
PPO Step 7176, t=8
PPO Step 7177, t=9
PPO Step 7178, t=10
PPO Step 7179, t=11
PPO Step 7180, t=12
PPO Step 7181, t=13
PPO Step 7182, t=14
PPO Step 7183, t=15
PPO Step 7184, t=16
PPO Step 7185, t=17
PPO Step 7186, t=18
PPO Step 7187, t=19
PPO Step 7188, t=20
PPO Step 7189, t=21
PPO Step 7190, t=22
PPO Step 7191, t=23
PPO Step 7192, t=24
PPO Step 7193, t=25
PPO Step 7194, t=26
PPO Step 7195, t=27
PPO Step 7196, t=28
PPO Step 7197, t=29
PPO Step 7198, t=30
PPO Step 7199, t=31
PPO Step 7200, t=32
Step 7200 - Updating the algorithm
Update discriminator at step 214
Update discriminator at step 215
Update discriminator at step 216
[Debug] Reward mean: 2.0810, std: 2.2904
Updating PPO
PPO Step 7201, t=33
PPO Step 7202, t=34
PPO Step 7203, t=35
PPO Step 7204, t=36
PPO Step 7205, t=37
PPO Step 7206, t=38
PPO Step 7207, t=39
PPO Step 7208, t=40
PPO Step 7209, t=41
PPO Step 7210, t=42
PPO Step 7211, t=43
PPO Step 7212, t=44
PPO Step 7213, t=45
PPO Step 7214, t=46
PPO Step 7215, t=47
PPO Step 7216, t=48
PPO Step 7217, t=49
PPO Step 7218, t=50
PPO Step 7219, t=51
PPO Step 7220, t=52
PPO Step 7221, t=53
PPO Step 7222, t=54
PPO Step 7223, t=55
PPO Step 7224, t=56
PPO Step 7225, t=57
PPO Step 7226, t=58
PPO Step 7227, t=59
PPO Step 7228, t=60
PPO Step 7229, t=61
PPO Step 7230, t=62
PPO Step 7231, t=63
PPO Step 7232, t=1
PPO Step 7233, t=2
PPO Step 7234, t=3
PPO Step 7235, t=4
PPO Step 7236, t=5
PPO Step 7237, t=6
PPO Step 7238, t=7
PPO Step 7239, t=8
PPO Step 7240, t=9
PPO Step 7241, t=10
PPO Step 7242, t=11
PPO Step 7243, t=12
PPO Step 7244, t=13
PPO Step 7245, t=14
PPO Step 7246, t=15
PPO Step 7247, t=16
PPO Step 7248, t=17
PPO Step 7249, t=18
PPO Step 7250, t=19
PPO Step 7251, t=20
PPO Step 7252, t=21
PPO Step 7253, t=22
PPO Step 7254, t=23
PPO Step 7255, t=24
PPO Step 7256, t=25
PPO Step 7257, t=26
PPO Step 7258, t=27
PPO Step 7259, t=28
PPO Step 7260, t=29
PPO Step 7261, t=30
PPO Step 7262, t=31
PPO Step 7263, t=32
PPO Step 7264, t=33
PPO Step 7265, t=34
PPO Step 7266, t=35
PPO Step 7267, t=36
PPO Step 7268, t=37
PPO Step 7269, t=38
PPO Step 7270, t=39
PPO Step 7271, t=40
PPO Step 7272, t=41
PPO Step 7273, t=42
PPO Step 7274, t=43
PPO Step 7275, t=44
PPO Step 7276, t=45
PPO Step 7277, t=46
PPO Step 7278, t=47
PPO Step 7279, t=48
PPO Step 7280, t=49
PPO Step 7281, t=50
PPO Step 7282, t=51
PPO Step 7283, t=52
PPO Step 7284, t=53
PPO Step 7285, t=54
PPO Step 7286, t=55
PPO Step 7287, t=56
PPO Step 7288, t=57
PPO Step 7289, t=58
PPO Step 7290, t=59
PPO Step 7291, t=60
PPO Step 7292, t=61
PPO Step 7293, t=62
PPO Step 7294, t=63
PPO Step 7295, t=64
PPO Step 7296, t=65
PPO Step 7297, t=1
PPO Step 7298, t=2
PPO Step 7299, t=3
PPO Step 7300, t=4
Step 7300 - Updating the algorithm
Update discriminator at step 217
Update discriminator at step 218
Update discriminator at step 219
[Debug] Reward mean: 1.8487, std: 2.0413
Updating PPO
PPO Step 7301, t=5
PPO Step 7302, t=6
PPO Step 7303, t=7
PPO Step 7304, t=8
PPO Step 7305, t=9
PPO Step 7306, t=10
PPO Step 7307, t=11
PPO Step 7308, t=12
PPO Step 7309, t=13
PPO Step 7310, t=14
PPO Step 7311, t=15
PPO Step 7312, t=16
PPO Step 7313, t=17
PPO Step 7314, t=18
PPO Step 7315, t=19
PPO Step 7316, t=20
PPO Step 7317, t=21
PPO Step 7318, t=22
PPO Step 7319, t=23
PPO Step 7320, t=24
PPO Step 7321, t=25
PPO Step 7322, t=26
PPO Step 7323, t=27
PPO Step 7324, t=28
PPO Step 7325, t=29
PPO Step 7326, t=30
PPO Step 7327, t=31
PPO Step 7328, t=32
PPO Step 7329, t=33
PPO Step 7330, t=34
PPO Step 7331, t=35
PPO Step 7332, t=36
PPO Step 7333, t=37
PPO Step 7334, t=38
PPO Step 7335, t=39
PPO Step 7336, t=40
PPO Step 7337, t=41
PPO Step 7338, t=42
PPO Step 7339, t=43
PPO Step 7340, t=44
PPO Step 7341, t=45
PPO Step 7342, t=46
PPO Step 7343, t=47
PPO Step 7344, t=48
PPO Step 7345, t=49
PPO Step 7346, t=50
PPO Step 7347, t=51
PPO Step 7348, t=52
PPO Step 7349, t=53
PPO Step 7350, t=54
PPO Step 7351, t=55
PPO Step 7352, t=56
PPO Step 7353, t=57
PPO Step 7354, t=58
PPO Step 7355, t=59
PPO Step 7356, t=60
PPO Step 7357, t=61
PPO Step 7358, t=62
PPO Step 7359, t=63
PPO Step 7360, t=64
PPO Step 7361, t=65
PPO Step 7362, t=66
PPO Step 7363, t=67
PPO Step 7364, t=68
PPO Step 7365, t=69
PPO Step 7366, t=70
PPO Step 7367, t=71
PPO Step 7368, t=72
PPO Step 7369, t=73
PPO Step 7370, t=74
PPO Step 7371, t=75
PPO Step 7372, t=1
PPO Step 7373, t=2
PPO Step 7374, t=3
PPO Step 7375, t=4
PPO Step 7376, t=5
PPO Step 7377, t=6
PPO Step 7378, t=7
PPO Step 7379, t=8
PPO Step 7380, t=9
PPO Step 7381, t=10
PPO Step 7382, t=11
PPO Step 7383, t=12
PPO Step 7384, t=13
PPO Step 7385, t=14
PPO Step 7386, t=15
PPO Step 7387, t=16
PPO Step 7388, t=17
PPO Step 7389, t=18
PPO Step 7390, t=19
PPO Step 7391, t=20
PPO Step 7392, t=21
PPO Step 7393, t=22
PPO Step 7394, t=23
PPO Step 7395, t=24
PPO Step 7396, t=25
PPO Step 7397, t=26
PPO Step 7398, t=27
PPO Step 7399, t=28
PPO Step 7400, t=1
Step 7400 - Updating the algorithm
Update discriminator at step 220
Update discriminator at step 221
Update discriminator at step 222
[Debug] Reward mean: 1.6041, std: 1.9517
Updating PPO
PPO Step 7401, t=2
PPO Step 7402, t=3
PPO Step 7403, t=4
PPO Step 7404, t=5
PPO Step 7405, t=6
PPO Step 7406, t=7
PPO Step 7407, t=8
PPO Step 7408, t=9
PPO Step 7409, t=10
PPO Step 7410, t=11
PPO Step 7411, t=12
PPO Step 7412, t=13
PPO Step 7413, t=14
PPO Step 7414, t=15
PPO Step 7415, t=16
PPO Step 7416, t=17
PPO Step 7417, t=18
PPO Step 7418, t=19
PPO Step 7419, t=20
PPO Step 7420, t=21
PPO Step 7421, t=22
PPO Step 7422, t=23
PPO Step 7423, t=24
PPO Step 7424, t=25
PPO Step 7425, t=26
PPO Step 7426, t=27
PPO Step 7427, t=28
PPO Step 7428, t=29
PPO Step 7429, t=1
PPO Step 7430, t=2
PPO Step 7431, t=3
PPO Step 7432, t=4
PPO Step 7433, t=5
PPO Step 7434, t=6
PPO Step 7435, t=7
PPO Step 7436, t=8
PPO Step 7437, t=9
PPO Step 7438, t=10
PPO Step 7439, t=11
PPO Step 7440, t=12
PPO Step 7441, t=13
PPO Step 7442, t=1
PPO Step 7443, t=2
PPO Step 7444, t=3
PPO Step 7445, t=4
PPO Step 7446, t=5
PPO Step 7447, t=6
PPO Step 7448, t=7
PPO Step 7449, t=8
PPO Step 7450, t=9
PPO Step 7451, t=10
PPO Step 7452, t=11
PPO Step 7453, t=12
PPO Step 7454, t=13
PPO Step 7455, t=14
PPO Step 7456, t=15
PPO Step 7457, t=16
PPO Step 7458, t=17
PPO Step 7459, t=1
PPO Step 7460, t=2
PPO Step 7461, t=3
PPO Step 7462, t=4
PPO Step 7463, t=5
PPO Step 7464, t=6
PPO Step 7465, t=7
PPO Step 7466, t=8
PPO Step 7467, t=9
PPO Step 7468, t=10
PPO Step 7469, t=11
PPO Step 7470, t=12
PPO Step 7471, t=13
PPO Step 7472, t=14
PPO Step 7473, t=15
PPO Step 7474, t=16
PPO Step 7475, t=17
PPO Step 7476, t=18
PPO Step 7477, t=1
PPO Step 7478, t=2
PPO Step 7479, t=3
PPO Step 7480, t=4
PPO Step 7481, t=5
PPO Step 7482, t=6
PPO Step 7483, t=7
PPO Step 7484, t=8
PPO Step 7485, t=9
PPO Step 7486, t=10
PPO Step 7487, t=11
PPO Step 7488, t=12
PPO Step 7489, t=13
PPO Step 7490, t=14
PPO Step 7491, t=15
PPO Step 7492, t=16
PPO Step 7493, t=17
PPO Step 7494, t=18
PPO Step 7495, t=19
PPO Step 7496, t=20
PPO Step 7497, t=1
PPO Step 7498, t=2
PPO Step 7499, t=3
PPO Step 7500, t=4
Step 7500 - Updating the algorithm
Update discriminator at step 223
Update discriminator at step 224
Update discriminator at step 225
[Debug] Reward mean: 2.3438, std: 2.3895
Updating PPO
PPO Step 7501, t=5
PPO Step 7502, t=6
PPO Step 7503, t=7
PPO Step 7504, t=8
PPO Step 7505, t=9
PPO Step 7506, t=10
PPO Step 7507, t=11
PPO Step 7508, t=12
PPO Step 7509, t=13
PPO Step 7510, t=14
PPO Step 7511, t=15
PPO Step 7512, t=16
PPO Step 7513, t=17
PPO Step 7514, t=18
PPO Step 7515, t=19
PPO Step 7516, t=20
PPO Step 7517, t=21
PPO Step 7518, t=22
PPO Step 7519, t=23
PPO Step 7520, t=24
PPO Step 7521, t=25
PPO Step 7522, t=26
PPO Step 7523, t=27
PPO Step 7524, t=28
PPO Step 7525, t=29
PPO Step 7526, t=30
PPO Step 7527, t=31
PPO Step 7528, t=32
PPO Step 7529, t=33
PPO Step 7530, t=34
PPO Step 7531, t=35
PPO Step 7532, t=36
PPO Step 7533, t=37
PPO Step 7534, t=38
PPO Step 7535, t=39
PPO Step 7536, t=40
PPO Step 7537, t=41
PPO Step 7538, t=42
PPO Step 7539, t=43
PPO Step 7540, t=44
PPO Step 7541, t=45
PPO Step 7542, t=46
PPO Step 7543, t=47
PPO Step 7544, t=48
PPO Step 7545, t=49
PPO Step 7546, t=50
PPO Step 7547, t=51
PPO Step 7548, t=52
PPO Step 7549, t=53
PPO Step 7550, t=54
PPO Step 7551, t=55
PPO Step 7552, t=56
PPO Step 7553, t=57
PPO Step 7554, t=58
PPO Step 7555, t=59
PPO Step 7556, t=60
PPO Step 7557, t=61
PPO Step 7558, t=62
PPO Step 7559, t=63
PPO Step 7560, t=64
PPO Step 7561, t=65
PPO Step 7562, t=66
PPO Step 7563, t=67
PPO Step 7564, t=68
PPO Step 7565, t=69
PPO Step 7566, t=70
PPO Step 7567, t=71
PPO Step 7568, t=72
PPO Step 7569, t=73
PPO Step 7570, t=74
PPO Step 7571, t=75
PPO Step 7572, t=76
PPO Step 7573, t=77
PPO Step 7574, t=78
PPO Step 7575, t=79
PPO Step 7576, t=80
PPO Step 7577, t=81
PPO Step 7578, t=82
PPO Step 7579, t=83
PPO Step 7580, t=84
PPO Step 7581, t=85
PPO Step 7582, t=86
PPO Step 7583, t=87
PPO Step 7584, t=88
PPO Step 7585, t=89
PPO Step 7586, t=90
PPO Step 7587, t=91
PPO Step 7588, t=92
PPO Step 7589, t=93
PPO Step 7590, t=94
PPO Step 7591, t=95
PPO Step 7592, t=96
PPO Step 7593, t=97
PPO Step 7594, t=98
PPO Step 7595, t=99
PPO Step 7596, t=100
PPO Step 7597, t=101
PPO Step 7598, t=102
PPO Step 7599, t=103
PPO Step 7600, t=104
Step 7600 - Updating the algorithm
Update discriminator at step 226
Update discriminator at step 227
Update discriminator at step 228
[Debug] Reward mean: 1.0336, std: 1.2678
Updating PPO
PPO Step 7601, t=105
PPO Step 7602, t=106
PPO Step 7603, t=107
PPO Step 7604, t=108
PPO Step 7605, t=109
PPO Step 7606, t=110
PPO Step 7607, t=111
PPO Step 7608, t=112
PPO Step 7609, t=113
PPO Step 7610, t=114
PPO Step 7611, t=115
PPO Step 7612, t=116
PPO Step 7613, t=117
PPO Step 7614, t=118
PPO Step 7615, t=119
PPO Step 7616, t=120
PPO Step 7617, t=121
PPO Step 7618, t=122
PPO Step 7619, t=123
PPO Step 7620, t=124
PPO Step 7621, t=125
PPO Step 7622, t=126
PPO Step 7623, t=127
PPO Step 7624, t=128
PPO Step 7625, t=129
PPO Step 7626, t=130
PPO Step 7627, t=131
PPO Step 7628, t=132
PPO Step 7629, t=133
PPO Step 7630, t=134
PPO Step 7631, t=135
PPO Step 7632, t=136
PPO Step 7633, t=137
PPO Step 7634, t=138
PPO Step 7635, t=139
PPO Step 7636, t=140
PPO Step 7637, t=141
PPO Step 7638, t=142
PPO Step 7639, t=143
PPO Step 7640, t=144
PPO Step 7641, t=145
PPO Step 7642, t=146
PPO Step 7643, t=147
PPO Step 7644, t=148
PPO Step 7645, t=149
PPO Step 7646, t=150
PPO Step 7647, t=151
PPO Step 7648, t=152
PPO Step 7649, t=153
PPO Step 7650, t=154
PPO Step 7651, t=155
PPO Step 7652, t=156
PPO Step 7653, t=157
PPO Step 7654, t=158
PPO Step 7655, t=159
PPO Step 7656, t=160
PPO Step 7657, t=161
PPO Step 7658, t=162
PPO Step 7659, t=1
PPO Step 7660, t=2
PPO Step 7661, t=3
PPO Step 7662, t=4
PPO Step 7663, t=5
PPO Step 7664, t=6
PPO Step 7665, t=7
PPO Step 7666, t=8
PPO Step 7667, t=9
PPO Step 7668, t=10
PPO Step 7669, t=11
PPO Step 7670, t=12
PPO Step 7671, t=13
PPO Step 7672, t=14
PPO Step 7673, t=15
PPO Step 7674, t=16
PPO Step 7675, t=17
PPO Step 7676, t=18
PPO Step 7677, t=1
PPO Step 7678, t=2
PPO Step 7679, t=3
PPO Step 7680, t=4
PPO Step 7681, t=5
PPO Step 7682, t=6
PPO Step 7683, t=7
PPO Step 7684, t=8
PPO Step 7685, t=9
PPO Step 7686, t=10
PPO Step 7687, t=11
PPO Step 7688, t=12
PPO Step 7689, t=13
PPO Step 7690, t=14
PPO Step 7691, t=15
PPO Step 7692, t=16
PPO Step 7693, t=17
PPO Step 7694, t=18
PPO Step 7695, t=19
PPO Step 7696, t=20
PPO Step 7697, t=21
PPO Step 7698, t=22
PPO Step 7699, t=23
PPO Step 7700, t=24
Step 7700 - Updating the algorithm
Update discriminator at step 229
Update discriminator at step 230
Update discriminator at step 231
[Debug] Reward mean: 1.4194, std: 1.7304
Updating PPO
PPO Step 7701, t=25
PPO Step 7702, t=26
PPO Step 7703, t=27
PPO Step 7704, t=28
PPO Step 7705, t=29
PPO Step 7706, t=30
PPO Step 7707, t=31
PPO Step 7708, t=32
PPO Step 7709, t=33
PPO Step 7710, t=34
PPO Step 7711, t=35
PPO Step 7712, t=36
PPO Step 7713, t=37
PPO Step 7714, t=38
PPO Step 7715, t=39
PPO Step 7716, t=40
PPO Step 7717, t=41
PPO Step 7718, t=42
PPO Step 7719, t=43
PPO Step 7720, t=44
PPO Step 7721, t=45
PPO Step 7722, t=46
PPO Step 7723, t=47
PPO Step 7724, t=48
PPO Step 7725, t=49
PPO Step 7726, t=50
PPO Step 7727, t=51
PPO Step 7728, t=52
PPO Step 7729, t=53
PPO Step 7730, t=54
PPO Step 7731, t=55
PPO Step 7732, t=56
PPO Step 7733, t=57
PPO Step 7734, t=58
PPO Step 7735, t=59
PPO Step 7736, t=60
PPO Step 7737, t=61
PPO Step 7738, t=62
PPO Step 7739, t=63
PPO Step 7740, t=64
PPO Step 7741, t=65
PPO Step 7742, t=66
PPO Step 7743, t=67
PPO Step 7744, t=68
PPO Step 7745, t=69
PPO Step 7746, t=70
PPO Step 7747, t=71
PPO Step 7748, t=72
PPO Step 7749, t=73
PPO Step 7750, t=74
PPO Step 7751, t=75
PPO Step 7752, t=76
PPO Step 7753, t=77
PPO Step 7754, t=78
PPO Step 7755, t=79
PPO Step 7756, t=80
PPO Step 7757, t=81
PPO Step 7758, t=82
PPO Step 7759, t=83
PPO Step 7760, t=84
PPO Step 7761, t=85
PPO Step 7762, t=86
PPO Step 7763, t=87
PPO Step 7764, t=1
PPO Step 7765, t=2
PPO Step 7766, t=3
PPO Step 7767, t=4
PPO Step 7768, t=5
PPO Step 7769, t=6
PPO Step 7770, t=7
PPO Step 7771, t=8
PPO Step 7772, t=9
PPO Step 7773, t=10
PPO Step 7774, t=11
PPO Step 7775, t=12
PPO Step 7776, t=13
PPO Step 7777, t=14
PPO Step 7778, t=15
PPO Step 7779, t=16
PPO Step 7780, t=17
PPO Step 7781, t=18
PPO Step 7782, t=19
PPO Step 7783, t=20
PPO Step 7784, t=21
PPO Step 7785, t=22
PPO Step 7786, t=23
PPO Step 7787, t=24
PPO Step 7788, t=25
PPO Step 7789, t=26
PPO Step 7790, t=27
PPO Step 7791, t=28
PPO Step 7792, t=29
PPO Step 7793, t=30
PPO Step 7794, t=31
PPO Step 7795, t=32
PPO Step 7796, t=33
PPO Step 7797, t=34
PPO Step 7798, t=35
PPO Step 7799, t=36
PPO Step 7800, t=37
Step 7800 - Updating the algorithm
Update discriminator at step 232
Update discriminator at step 233
Update discriminator at step 234
[Debug] Reward mean: 1.2302, std: 1.5782
Updating PPO
PPO Step 7801, t=38
PPO Step 7802, t=39
PPO Step 7803, t=1
PPO Step 7804, t=2
PPO Step 7805, t=3
PPO Step 7806, t=4
PPO Step 7807, t=5
PPO Step 7808, t=6
PPO Step 7809, t=7
PPO Step 7810, t=8
PPO Step 7811, t=9
PPO Step 7812, t=10
PPO Step 7813, t=11
PPO Step 7814, t=12
PPO Step 7815, t=13
PPO Step 7816, t=14
PPO Step 7817, t=15
PPO Step 7818, t=16
PPO Step 7819, t=17
PPO Step 7820, t=18
PPO Step 7821, t=19
PPO Step 7822, t=20
PPO Step 7823, t=21
PPO Step 7824, t=22
PPO Step 7825, t=1
PPO Step 7826, t=2
PPO Step 7827, t=3
PPO Step 7828, t=4
PPO Step 7829, t=5
PPO Step 7830, t=6
PPO Step 7831, t=7
PPO Step 7832, t=8
PPO Step 7833, t=9
PPO Step 7834, t=10
PPO Step 7835, t=11
PPO Step 7836, t=12
PPO Step 7837, t=13
PPO Step 7838, t=14
PPO Step 7839, t=15
PPO Step 7840, t=16
PPO Step 7841, t=17
PPO Step 7842, t=18
PPO Step 7843, t=19
PPO Step 7844, t=20
PPO Step 7845, t=21
PPO Step 7846, t=22
PPO Step 7847, t=23
PPO Step 7848, t=24
PPO Step 7849, t=25
PPO Step 7850, t=26
PPO Step 7851, t=27
PPO Step 7852, t=28
PPO Step 7853, t=29
PPO Step 7854, t=1
PPO Step 7855, t=2
PPO Step 7856, t=3
PPO Step 7857, t=4
PPO Step 7858, t=5
PPO Step 7859, t=6
PPO Step 7860, t=7
PPO Step 7861, t=8
PPO Step 7862, t=9
PPO Step 7863, t=10
PPO Step 7864, t=11
PPO Step 7865, t=12
PPO Step 7866, t=13
PPO Step 7867, t=14
PPO Step 7868, t=15
PPO Step 7869, t=16
PPO Step 7870, t=17
PPO Step 7871, t=18
PPO Step 7872, t=19
PPO Step 7873, t=20
PPO Step 7874, t=21
PPO Step 7875, t=22
PPO Step 7876, t=23
PPO Step 7877, t=24
PPO Step 7878, t=25
PPO Step 7879, t=26
PPO Step 7880, t=27
PPO Step 7881, t=28
PPO Step 7882, t=29
PPO Step 7883, t=30
PPO Step 7884, t=31
PPO Step 7885, t=32
PPO Step 7886, t=33
PPO Step 7887, t=34
PPO Step 7888, t=35
PPO Step 7889, t=36
PPO Step 7890, t=1
PPO Step 7891, t=2
PPO Step 7892, t=3
PPO Step 7893, t=4
PPO Step 7894, t=5
PPO Step 7895, t=1
PPO Step 7896, t=2
PPO Step 7897, t=3
PPO Step 7898, t=4
PPO Step 7899, t=5
PPO Step 7900, t=6
Step 7900 - Updating the algorithm
Update discriminator at step 235
Update discriminator at step 236
Update discriminator at step 237
[Debug] Reward mean: 1.8629, std: 2.2362
Updating PPO
PPO Step 7901, t=7
PPO Step 7902, t=8
PPO Step 7903, t=9
PPO Step 7904, t=10
PPO Step 7905, t=11
PPO Step 7906, t=12
PPO Step 7907, t=13
PPO Step 7908, t=14
PPO Step 7909, t=15
PPO Step 7910, t=1
PPO Step 7911, t=2
PPO Step 7912, t=3
PPO Step 7913, t=4
PPO Step 7914, t=5
PPO Step 7915, t=6
PPO Step 7916, t=7
PPO Step 7917, t=8
PPO Step 7918, t=9
PPO Step 7919, t=10
PPO Step 7920, t=11
PPO Step 7921, t=12
PPO Step 7922, t=13
PPO Step 7923, t=14
PPO Step 7924, t=15
PPO Step 7925, t=16
PPO Step 7926, t=17
PPO Step 7927, t=18
PPO Step 7928, t=19
PPO Step 7929, t=20
PPO Step 7930, t=21
PPO Step 7931, t=22
PPO Step 7932, t=23
PPO Step 7933, t=24
PPO Step 7934, t=25
PPO Step 7935, t=26
PPO Step 7936, t=27
PPO Step 7937, t=28
PPO Step 7938, t=29
PPO Step 7939, t=30
PPO Step 7940, t=31
PPO Step 7941, t=32
PPO Step 7942, t=33
PPO Step 7943, t=34
PPO Step 7944, t=35
PPO Step 7945, t=36
PPO Step 7946, t=37
PPO Step 7947, t=38
PPO Step 7948, t=39
PPO Step 7949, t=40
PPO Step 7950, t=41
PPO Step 7951, t=42
PPO Step 7952, t=43
PPO Step 7953, t=44
PPO Step 7954, t=45
PPO Step 7955, t=46
PPO Step 7956, t=47
PPO Step 7957, t=48
PPO Step 7958, t=49
PPO Step 7959, t=50
PPO Step 7960, t=51
PPO Step 7961, t=52
PPO Step 7962, t=53
PPO Step 7963, t=54
PPO Step 7964, t=55
PPO Step 7965, t=56
PPO Step 7966, t=57
PPO Step 7967, t=58
PPO Step 7968, t=59
PPO Step 7969, t=60
PPO Step 7970, t=61
PPO Step 7971, t=62
PPO Step 7972, t=63
PPO Step 7973, t=64
PPO Step 7974, t=65
PPO Step 7975, t=66
PPO Step 7976, t=67
PPO Step 7977, t=68
PPO Step 7978, t=69
PPO Step 7979, t=70
PPO Step 7980, t=71
PPO Step 7981, t=72
PPO Step 7982, t=73
PPO Step 7983, t=74
PPO Step 7984, t=75
PPO Step 7985, t=76
PPO Step 7986, t=77
PPO Step 7987, t=78
PPO Step 7988, t=79
PPO Step 7989, t=80
PPO Step 7990, t=81
PPO Step 7991, t=82
PPO Step 7992, t=83
PPO Step 7993, t=84
PPO Step 7994, t=85
PPO Step 7995, t=86
PPO Step 7996, t=87
PPO Step 7997, t=88
PPO Step 7998, t=89
PPO Step 7999, t=90
PPO Step 8000, t=91
Step 8000 - Updating the algorithm
Update discriminator at step 238
Update discriminator at step 239
Update discriminator at step 240
[Debug] Reward mean: 1.0121, std: 1.3932
Updating PPO
Step 8000 - Evaluating the algorithm
Num steps: 8000     Return: -6261.8   Time: 0:29:41
PPO Step 8001, t=92
PPO Step 8002, t=93
PPO Step 8003, t=94
PPO Step 8004, t=95
PPO Step 8005, t=96
PPO Step 8006, t=97
PPO Step 8007, t=98
PPO Step 8008, t=99
PPO Step 8009, t=100
PPO Step 8010, t=101
PPO Step 8011, t=102
PPO Step 8012, t=103
PPO Step 8013, t=104
PPO Step 8014, t=105
PPO Step 8015, t=106
PPO Step 8016, t=107
PPO Step 8017, t=108
PPO Step 8018, t=109
PPO Step 8019, t=1
PPO Step 8020, t=2
PPO Step 8021, t=3
PPO Step 8022, t=4
PPO Step 8023, t=5
PPO Step 8024, t=6
PPO Step 8025, t=7
PPO Step 8026, t=8
PPO Step 8027, t=9
PPO Step 8028, t=10
PPO Step 8029, t=11
PPO Step 8030, t=12
PPO Step 8031, t=13
PPO Step 8032, t=14
PPO Step 8033, t=15
PPO Step 8034, t=16
PPO Step 8035, t=17
PPO Step 8036, t=18
PPO Step 8037, t=19
PPO Step 8038, t=20
PPO Step 8039, t=21
PPO Step 8040, t=22
PPO Step 8041, t=23
PPO Step 8042, t=24
PPO Step 8043, t=1
PPO Step 8044, t=2
PPO Step 8045, t=3
PPO Step 8046, t=4
PPO Step 8047, t=5
PPO Step 8048, t=6
PPO Step 8049, t=7
PPO Step 8050, t=1
PPO Step 8051, t=2
PPO Step 8052, t=3
PPO Step 8053, t=4
PPO Step 8054, t=5
PPO Step 8055, t=6
PPO Step 8056, t=7
PPO Step 8057, t=8
PPO Step 8058, t=9
PPO Step 8059, t=10
PPO Step 8060, t=11
PPO Step 8061, t=12
PPO Step 8062, t=13
PPO Step 8063, t=14
PPO Step 8064, t=15
PPO Step 8065, t=16
PPO Step 8066, t=17
PPO Step 8067, t=18
PPO Step 8068, t=19
PPO Step 8069, t=20
PPO Step 8070, t=21
PPO Step 8071, t=1
PPO Step 8072, t=2
PPO Step 8073, t=3
PPO Step 8074, t=4
PPO Step 8075, t=5
PPO Step 8076, t=6
PPO Step 8077, t=7
PPO Step 8078, t=8
PPO Step 8079, t=9
PPO Step 8080, t=10
PPO Step 8081, t=11
PPO Step 8082, t=12
PPO Step 8083, t=13
PPO Step 8084, t=14
PPO Step 8085, t=15
PPO Step 8086, t=16
PPO Step 8087, t=17
PPO Step 8088, t=1
PPO Step 8089, t=2
PPO Step 8090, t=3
PPO Step 8091, t=4
PPO Step 8092, t=5
PPO Step 8093, t=6
PPO Step 8094, t=7
PPO Step 8095, t=8
PPO Step 8096, t=9
PPO Step 8097, t=10
PPO Step 8098, t=11
PPO Step 8099, t=12
PPO Step 8100, t=13
Step 8100 - Updating the algorithm
Update discriminator at step 241
Update discriminator at step 242
Update discriminator at step 243
[Debug] Reward mean: 1.8809, std: 2.1661
Updating PPO
PPO Step 8101, t=14
PPO Step 8102, t=15
PPO Step 8103, t=1
PPO Step 8104, t=2
PPO Step 8105, t=3
PPO Step 8106, t=4
PPO Step 8107, t=5
PPO Step 8108, t=6
PPO Step 8109, t=7
PPO Step 8110, t=8
PPO Step 8111, t=9
PPO Step 8112, t=10
PPO Step 8113, t=11
PPO Step 8114, t=12
PPO Step 8115, t=13
PPO Step 8116, t=14
PPO Step 8117, t=15
PPO Step 8118, t=16
PPO Step 8119, t=17
PPO Step 8120, t=18
PPO Step 8121, t=19
PPO Step 8122, t=1
PPO Step 8123, t=2
PPO Step 8124, t=3
PPO Step 8125, t=4
PPO Step 8126, t=5
PPO Step 8127, t=6
PPO Step 8128, t=7
PPO Step 8129, t=8
PPO Step 8130, t=9
PPO Step 8131, t=10
PPO Step 8132, t=11
PPO Step 8133, t=12
PPO Step 8134, t=1
PPO Step 8135, t=2
PPO Step 8136, t=3
PPO Step 8137, t=4
PPO Step 8138, t=5
PPO Step 8139, t=6
PPO Step 8140, t=7
PPO Step 8141, t=8
PPO Step 8142, t=9
PPO Step 8143, t=10
PPO Step 8144, t=11
PPO Step 8145, t=12
PPO Step 8146, t=13
PPO Step 8147, t=14
PPO Step 8148, t=15
PPO Step 8149, t=16
PPO Step 8150, t=17
PPO Step 8151, t=18
PPO Step 8152, t=19
PPO Step 8153, t=20
PPO Step 8154, t=21
PPO Step 8155, t=22
PPO Step 8156, t=1
PPO Step 8157, t=2
PPO Step 8158, t=3
PPO Step 8159, t=4
PPO Step 8160, t=5
PPO Step 8161, t=6
PPO Step 8162, t=7
PPO Step 8163, t=8
PPO Step 8164, t=9
PPO Step 8165, t=10
PPO Step 8166, t=11
PPO Step 8167, t=12
PPO Step 8168, t=13
PPO Step 8169, t=14
PPO Step 8170, t=15
PPO Step 8171, t=16
PPO Step 8172, t=17
PPO Step 8173, t=18
PPO Step 8174, t=19
PPO Step 8175, t=20
PPO Step 8176, t=21
PPO Step 8177, t=22
PPO Step 8178, t=23
PPO Step 8179, t=24
PPO Step 8180, t=25
PPO Step 8181, t=26
PPO Step 8182, t=27
PPO Step 8183, t=28
PPO Step 8184, t=29
PPO Step 8185, t=1
PPO Step 8186, t=2
PPO Step 8187, t=3
PPO Step 8188, t=4
PPO Step 8189, t=5
PPO Step 8190, t=6
PPO Step 8191, t=7
PPO Step 8192, t=8
PPO Step 8193, t=9
PPO Step 8194, t=10
PPO Step 8195, t=11
PPO Step 8196, t=12
PPO Step 8197, t=13
PPO Step 8198, t=14
PPO Step 8199, t=15
PPO Step 8200, t=16
Step 8200 - Updating the algorithm
Update discriminator at step 244
Update discriminator at step 245
Update discriminator at step 246
[Debug] Reward mean: 1.6574, std: 2.1427
Updating PPO
PPO Step 8201, t=17
PPO Step 8202, t=18
PPO Step 8203, t=1
PPO Step 8204, t=2
PPO Step 8205, t=3
PPO Step 8206, t=4
PPO Step 8207, t=5
PPO Step 8208, t=6
PPO Step 8209, t=7
PPO Step 8210, t=8
PPO Step 8211, t=9
PPO Step 8212, t=10
PPO Step 8213, t=11
PPO Step 8214, t=12
PPO Step 8215, t=13
PPO Step 8216, t=14
PPO Step 8217, t=15
PPO Step 8218, t=16
PPO Step 8219, t=17
PPO Step 8220, t=18
PPO Step 8221, t=19
PPO Step 8222, t=20
PPO Step 8223, t=21
PPO Step 8224, t=22
PPO Step 8225, t=23
PPO Step 8226, t=1
PPO Step 8227, t=2
PPO Step 8228, t=3
PPO Step 8229, t=4
PPO Step 8230, t=5
PPO Step 8231, t=6
PPO Step 8232, t=7
PPO Step 8233, t=8
PPO Step 8234, t=9
PPO Step 8235, t=10
PPO Step 8236, t=11
PPO Step 8237, t=12
PPO Step 8238, t=13
PPO Step 8239, t=14
PPO Step 8240, t=15
PPO Step 8241, t=16
PPO Step 8242, t=17
PPO Step 8243, t=18
PPO Step 8244, t=19
PPO Step 8245, t=20
PPO Step 8246, t=21
PPO Step 8247, t=22
PPO Step 8248, t=23
PPO Step 8249, t=24
PPO Step 8250, t=25
PPO Step 8251, t=26
PPO Step 8252, t=27
PPO Step 8253, t=28
PPO Step 8254, t=29
PPO Step 8255, t=30
PPO Step 8256, t=31
PPO Step 8257, t=32
PPO Step 8258, t=33
PPO Step 8259, t=34
PPO Step 8260, t=35
PPO Step 8261, t=36
PPO Step 8262, t=37
PPO Step 8263, t=1
PPO Step 8264, t=2
PPO Step 8265, t=3
PPO Step 8266, t=4
PPO Step 8267, t=5
PPO Step 8268, t=6
PPO Step 8269, t=7
PPO Step 8270, t=8
PPO Step 8271, t=9
PPO Step 8272, t=10
PPO Step 8273, t=11
PPO Step 8274, t=12
PPO Step 8275, t=13
PPO Step 8276, t=14
PPO Step 8277, t=15
PPO Step 8278, t=16
PPO Step 8279, t=17
PPO Step 8280, t=18
PPO Step 8281, t=19
PPO Step 8282, t=20
PPO Step 8283, t=21
PPO Step 8284, t=22
PPO Step 8285, t=23
PPO Step 8286, t=24
PPO Step 8287, t=25
PPO Step 8288, t=26
PPO Step 8289, t=27
PPO Step 8290, t=28
PPO Step 8291, t=29
PPO Step 8292, t=30
PPO Step 8293, t=31
PPO Step 8294, t=32
PPO Step 8295, t=33
PPO Step 8296, t=34
PPO Step 8297, t=35
PPO Step 8298, t=36
PPO Step 8299, t=37
PPO Step 8300, t=38
Step 8300 - Updating the algorithm
Update discriminator at step 247
Update discriminator at step 248
Update discriminator at step 249
[Debug] Reward mean: 1.4074, std: 2.0013
Updating PPO
PPO Step 8301, t=39
PPO Step 8302, t=40
PPO Step 8303, t=41
PPO Step 8304, t=42
PPO Step 8305, t=43
PPO Step 8306, t=44
PPO Step 8307, t=45
PPO Step 8308, t=46
PPO Step 8309, t=47
PPO Step 8310, t=48
PPO Step 8311, t=49
PPO Step 8312, t=50
PPO Step 8313, t=51
PPO Step 8314, t=52
PPO Step 8315, t=53
PPO Step 8316, t=54
PPO Step 8317, t=55
PPO Step 8318, t=56
PPO Step 8319, t=57
PPO Step 8320, t=58
PPO Step 8321, t=59
PPO Step 8322, t=60
PPO Step 8323, t=61
PPO Step 8324, t=62
PPO Step 8325, t=63
PPO Step 8326, t=64
PPO Step 8327, t=65
PPO Step 8328, t=66
PPO Step 8329, t=67
PPO Step 8330, t=68
PPO Step 8331, t=69
PPO Step 8332, t=70
PPO Step 8333, t=71
PPO Step 8334, t=72
PPO Step 8335, t=73
PPO Step 8336, t=74
PPO Step 8337, t=75
PPO Step 8338, t=76
PPO Step 8339, t=77
PPO Step 8340, t=78
PPO Step 8341, t=79
PPO Step 8342, t=80
PPO Step 8343, t=81
PPO Step 8344, t=82
PPO Step 8345, t=83
PPO Step 8346, t=84
PPO Step 8347, t=85
PPO Step 8348, t=86
PPO Step 8349, t=87
PPO Step 8350, t=88
PPO Step 8351, t=89
PPO Step 8352, t=90
PPO Step 8353, t=91
PPO Step 8354, t=92
PPO Step 8355, t=93
PPO Step 8356, t=94
PPO Step 8357, t=95
PPO Step 8358, t=96
PPO Step 8359, t=97
PPO Step 8360, t=98
PPO Step 8361, t=99
PPO Step 8362, t=100
PPO Step 8363, t=101
PPO Step 8364, t=102
PPO Step 8365, t=103
PPO Step 8366, t=104
PPO Step 8367, t=105
PPO Step 8368, t=106
PPO Step 8369, t=107
PPO Step 8370, t=108
PPO Step 8371, t=109
PPO Step 8372, t=110
PPO Step 8373, t=111
PPO Step 8374, t=112
PPO Step 8375, t=113
PPO Step 8376, t=114
PPO Step 8377, t=115
PPO Step 8378, t=116
PPO Step 8379, t=1
PPO Step 8380, t=2
PPO Step 8381, t=3
PPO Step 8382, t=4
PPO Step 8383, t=5
PPO Step 8384, t=6
PPO Step 8385, t=7
PPO Step 8386, t=8
PPO Step 8387, t=9
PPO Step 8388, t=10
PPO Step 8389, t=11
PPO Step 8390, t=12
PPO Step 8391, t=13
PPO Step 8392, t=14
PPO Step 8393, t=15
PPO Step 8394, t=16
PPO Step 8395, t=17
PPO Step 8396, t=18
PPO Step 8397, t=19
PPO Step 8398, t=20
PPO Step 8399, t=21
PPO Step 8400, t=22
Step 8400 - Updating the algorithm
Update discriminator at step 250
Update discriminator at step 251
Update discriminator at step 252
[Debug] Reward mean: 0.7553, std: 1.4008
Updating PPO
PPO Step 8401, t=23
PPO Step 8402, t=24
PPO Step 8403, t=25
PPO Step 8404, t=26
PPO Step 8405, t=27
PPO Step 8406, t=28
PPO Step 8407, t=29
PPO Step 8408, t=30
PPO Step 8409, t=31
PPO Step 8410, t=32
PPO Step 8411, t=33
PPO Step 8412, t=34
PPO Step 8413, t=35
PPO Step 8414, t=36
PPO Step 8415, t=37
PPO Step 8416, t=38
PPO Step 8417, t=39
PPO Step 8418, t=40
PPO Step 8419, t=41
PPO Step 8420, t=42
PPO Step 8421, t=43
PPO Step 8422, t=44
PPO Step 8423, t=45
PPO Step 8424, t=46
PPO Step 8425, t=47
PPO Step 8426, t=48
PPO Step 8427, t=49
PPO Step 8428, t=50
PPO Step 8429, t=51
PPO Step 8430, t=52
PPO Step 8431, t=53
PPO Step 8432, t=54
PPO Step 8433, t=55
PPO Step 8434, t=56
PPO Step 8435, t=57
PPO Step 8436, t=58
PPO Step 8437, t=59
PPO Step 8438, t=60
PPO Step 8439, t=1
PPO Step 8440, t=2
PPO Step 8441, t=3
PPO Step 8442, t=4
PPO Step 8443, t=5
PPO Step 8444, t=6
PPO Step 8445, t=7
PPO Step 8446, t=8
PPO Step 8447, t=9
PPO Step 8448, t=10
PPO Step 8449, t=11
PPO Step 8450, t=12
PPO Step 8451, t=13
PPO Step 8452, t=14
PPO Step 8453, t=15
PPO Step 8454, t=16
PPO Step 8455, t=17
PPO Step 8456, t=1
PPO Step 8457, t=2
PPO Step 8458, t=3
PPO Step 8459, t=4
PPO Step 8460, t=5
PPO Step 8461, t=6
PPO Step 8462, t=7
PPO Step 8463, t=8
PPO Step 8464, t=9
PPO Step 8465, t=10
PPO Step 8466, t=11
PPO Step 8467, t=12
PPO Step 8468, t=13
PPO Step 8469, t=14
PPO Step 8470, t=15
PPO Step 8471, t=16
PPO Step 8472, t=17
PPO Step 8473, t=1
PPO Step 8474, t=2
PPO Step 8475, t=3
PPO Step 8476, t=4
PPO Step 8477, t=5
PPO Step 8478, t=6
PPO Step 8479, t=7
PPO Step 8480, t=8
PPO Step 8481, t=9
PPO Step 8482, t=10
PPO Step 8483, t=11
PPO Step 8484, t=12
PPO Step 8485, t=13
PPO Step 8486, t=14
PPO Step 8487, t=15
PPO Step 8488, t=16
PPO Step 8489, t=17
PPO Step 8490, t=18
PPO Step 8491, t=19
PPO Step 8492, t=20
PPO Step 8493, t=21
PPO Step 8494, t=1
PPO Step 8495, t=2
PPO Step 8496, t=3
PPO Step 8497, t=4
PPO Step 8498, t=5
PPO Step 8499, t=6
PPO Step 8500, t=7
Step 8500 - Updating the algorithm
Update discriminator at step 253
Update discriminator at step 254
Update discriminator at step 255
[Debug] Reward mean: 1.3144, std: 1.9838
Updating PPO
PPO Step 8501, t=8
PPO Step 8502, t=9
PPO Step 8503, t=10
PPO Step 8504, t=11
PPO Step 8505, t=1
PPO Step 8506, t=2
PPO Step 8507, t=3
PPO Step 8508, t=4
PPO Step 8509, t=5
PPO Step 8510, t=6
PPO Step 8511, t=7
PPO Step 8512, t=8
PPO Step 8513, t=9
PPO Step 8514, t=10
PPO Step 8515, t=11
PPO Step 8516, t=12
PPO Step 8517, t=13
PPO Step 8518, t=14
PPO Step 8519, t=15
PPO Step 8520, t=16
PPO Step 8521, t=17
PPO Step 8522, t=18
PPO Step 8523, t=1
PPO Step 8524, t=2
PPO Step 8525, t=3
PPO Step 8526, t=4
PPO Step 8527, t=5
PPO Step 8528, t=6
PPO Step 8529, t=7
PPO Step 8530, t=8
PPO Step 8531, t=9
PPO Step 8532, t=10
PPO Step 8533, t=11
PPO Step 8534, t=12
PPO Step 8535, t=13
PPO Step 8536, t=14
PPO Step 8537, t=15
PPO Step 8538, t=16
PPO Step 8539, t=17
PPO Step 8540, t=18
PPO Step 8541, t=19
PPO Step 8542, t=20
PPO Step 8543, t=1
PPO Step 8544, t=2
PPO Step 8545, t=3
PPO Step 8546, t=4
PPO Step 8547, t=5
PPO Step 8548, t=6
PPO Step 8549, t=7
PPO Step 8550, t=8
PPO Step 8551, t=9
PPO Step 8552, t=10
PPO Step 8553, t=11
PPO Step 8554, t=12
PPO Step 8555, t=13
PPO Step 8556, t=14
PPO Step 8557, t=15
PPO Step 8558, t=16
PPO Step 8559, t=17
PPO Step 8560, t=18
PPO Step 8561, t=19
PPO Step 8562, t=20
PPO Step 8563, t=21
PPO Step 8564, t=22
PPO Step 8565, t=23
PPO Step 8566, t=24
PPO Step 8567, t=25
PPO Step 8568, t=26
PPO Step 8569, t=27
PPO Step 8570, t=28
PPO Step 8571, t=29
PPO Step 8572, t=30
PPO Step 8573, t=31
PPO Step 8574, t=32
PPO Step 8575, t=33
PPO Step 8576, t=34
PPO Step 8577, t=35
PPO Step 8578, t=36
PPO Step 8579, t=37
PPO Step 8580, t=38
PPO Step 8581, t=39
PPO Step 8582, t=40
PPO Step 8583, t=41
PPO Step 8584, t=42
PPO Step 8585, t=43
PPO Step 8586, t=44
PPO Step 8587, t=45
PPO Step 8588, t=46
PPO Step 8589, t=47
PPO Step 8590, t=48
PPO Step 8591, t=49
PPO Step 8592, t=50
PPO Step 8593, t=51
PPO Step 8594, t=52
PPO Step 8595, t=53
PPO Step 8596, t=54
PPO Step 8597, t=55
PPO Step 8598, t=56
PPO Step 8599, t=57
PPO Step 8600, t=58
Step 8600 - Updating the algorithm
Update discriminator at step 256
Update discriminator at step 257
Update discriminator at step 258
[Debug] Reward mean: 1.4955, std: 2.0619
Updating PPO
PPO Step 8601, t=59
PPO Step 8602, t=60
PPO Step 8603, t=61
PPO Step 8604, t=62
PPO Step 8605, t=63
PPO Step 8606, t=64
PPO Step 8607, t=1
PPO Step 8608, t=2
PPO Step 8609, t=3
PPO Step 8610, t=4
PPO Step 8611, t=5
PPO Step 8612, t=6
PPO Step 8613, t=7
PPO Step 8614, t=8
PPO Step 8615, t=9
PPO Step 8616, t=10
PPO Step 8617, t=11
PPO Step 8618, t=12
PPO Step 8619, t=13
PPO Step 8620, t=14
PPO Step 8621, t=15
PPO Step 8622, t=16
PPO Step 8623, t=17
PPO Step 8624, t=18
PPO Step 8625, t=19
PPO Step 8626, t=20
PPO Step 8627, t=21
PPO Step 8628, t=22
PPO Step 8629, t=23
PPO Step 8630, t=24
PPO Step 8631, t=25
PPO Step 8632, t=26
PPO Step 8633, t=27
PPO Step 8634, t=28
PPO Step 8635, t=29
PPO Step 8636, t=30
PPO Step 8637, t=31
PPO Step 8638, t=32
PPO Step 8639, t=1
PPO Step 8640, t=2
PPO Step 8641, t=3
PPO Step 8642, t=4
PPO Step 8643, t=5
PPO Step 8644, t=6
PPO Step 8645, t=7
PPO Step 8646, t=8
PPO Step 8647, t=9
PPO Step 8648, t=10
PPO Step 8649, t=11
PPO Step 8650, t=12
PPO Step 8651, t=13
PPO Step 8652, t=14
PPO Step 8653, t=15
PPO Step 8654, t=16
PPO Step 8655, t=17
PPO Step 8656, t=18
PPO Step 8657, t=19
PPO Step 8658, t=20
PPO Step 8659, t=21
PPO Step 8660, t=22
PPO Step 8661, t=23
PPO Step 8662, t=24
PPO Step 8663, t=25
PPO Step 8664, t=26
PPO Step 8665, t=27
PPO Step 8666, t=28
PPO Step 8667, t=29
PPO Step 8668, t=30
PPO Step 8669, t=31
PPO Step 8670, t=32
PPO Step 8671, t=33
PPO Step 8672, t=34
PPO Step 8673, t=35
PPO Step 8674, t=36
PPO Step 8675, t=37
PPO Step 8676, t=38
PPO Step 8677, t=39
PPO Step 8678, t=40
PPO Step 8679, t=41
PPO Step 8680, t=42
PPO Step 8681, t=43
PPO Step 8682, t=44
PPO Step 8683, t=45
PPO Step 8684, t=46
PPO Step 8685, t=47
PPO Step 8686, t=48
PPO Step 8687, t=49
PPO Step 8688, t=50
PPO Step 8689, t=51
PPO Step 8690, t=52
PPO Step 8691, t=53
PPO Step 8692, t=54
PPO Step 8693, t=1
PPO Step 8694, t=2
PPO Step 8695, t=3
PPO Step 8696, t=4
PPO Step 8697, t=5
PPO Step 8698, t=6
PPO Step 8699, t=7
PPO Step 8700, t=8
Step 8700 - Updating the algorithm
Update discriminator at step 259
Update discriminator at step 260
Update discriminator at step 261
[Debug] Reward mean: 1.1359, std: 1.7044
Updating PPO
PPO Step 8701, t=9
PPO Step 8702, t=10
PPO Step 8703, t=11
PPO Step 8704, t=12
PPO Step 8705, t=13
PPO Step 8706, t=14
PPO Step 8707, t=15
PPO Step 8708, t=16
PPO Step 8709, t=17
PPO Step 8710, t=18
PPO Step 8711, t=19
PPO Step 8712, t=20
PPO Step 8713, t=21
PPO Step 8714, t=22
PPO Step 8715, t=23
PPO Step 8716, t=24
PPO Step 8717, t=25
PPO Step 8718, t=1
PPO Step 8719, t=2
PPO Step 8720, t=3
PPO Step 8721, t=4
PPO Step 8722, t=5
PPO Step 8723, t=6
PPO Step 8724, t=7
PPO Step 8725, t=8
PPO Step 8726, t=9
PPO Step 8727, t=10
PPO Step 8728, t=1
PPO Step 8729, t=2
PPO Step 8730, t=3
PPO Step 8731, t=4
PPO Step 8732, t=5
PPO Step 8733, t=6
PPO Step 8734, t=7
PPO Step 8735, t=8
PPO Step 8736, t=9
PPO Step 8737, t=10
PPO Step 8738, t=11
PPO Step 8739, t=12
PPO Step 8740, t=13
PPO Step 8741, t=14
PPO Step 8742, t=15
PPO Step 8743, t=16
PPO Step 8744, t=17
PPO Step 8745, t=18
PPO Step 8746, t=1
PPO Step 8747, t=2
PPO Step 8748, t=3
PPO Step 8749, t=4
PPO Step 8750, t=5
PPO Step 8751, t=6
PPO Step 8752, t=7
PPO Step 8753, t=8
PPO Step 8754, t=9
PPO Step 8755, t=10
PPO Step 8756, t=11
PPO Step 8757, t=12
PPO Step 8758, t=13
PPO Step 8759, t=14
PPO Step 8760, t=15
PPO Step 8761, t=16
PPO Step 8762, t=17
PPO Step 8763, t=18
PPO Step 8764, t=19
PPO Step 8765, t=1
PPO Step 8766, t=2
PPO Step 8767, t=3
PPO Step 8768, t=4
PPO Step 8769, t=5
PPO Step 8770, t=6
PPO Step 8771, t=7
PPO Step 8772, t=8
PPO Step 8773, t=9
PPO Step 8774, t=10
PPO Step 8775, t=11
PPO Step 8776, t=12
PPO Step 8777, t=13
PPO Step 8778, t=14
PPO Step 8779, t=15
PPO Step 8780, t=16
PPO Step 8781, t=17
PPO Step 8782, t=18
PPO Step 8783, t=19
PPO Step 8784, t=20
PPO Step 8785, t=21
PPO Step 8786, t=22
PPO Step 8787, t=23
PPO Step 8788, t=24
PPO Step 8789, t=25
PPO Step 8790, t=26
PPO Step 8791, t=27
PPO Step 8792, t=28
PPO Step 8793, t=29
PPO Step 8794, t=30
PPO Step 8795, t=31
PPO Step 8796, t=32
PPO Step 8797, t=33
PPO Step 8798, t=1
PPO Step 8799, t=2
PPO Step 8800, t=3
Step 8800 - Updating the algorithm
Update discriminator at step 262
Update discriminator at step 263
Update discriminator at step 264
[Debug] Reward mean: 1.4768, std: 1.9556
Updating PPO
PPO Step 8801, t=4
PPO Step 8802, t=5
PPO Step 8803, t=6
PPO Step 8804, t=1
PPO Step 8805, t=2
PPO Step 8806, t=3
PPO Step 8807, t=4
PPO Step 8808, t=5
PPO Step 8809, t=6
PPO Step 8810, t=7
PPO Step 8811, t=8
PPO Step 8812, t=9
PPO Step 8813, t=10
PPO Step 8814, t=11
PPO Step 8815, t=12
PPO Step 8816, t=13
PPO Step 8817, t=14
PPO Step 8818, t=15
PPO Step 8819, t=16
PPO Step 8820, t=17
PPO Step 8821, t=18
PPO Step 8822, t=19
PPO Step 8823, t=1
PPO Step 8824, t=2
PPO Step 8825, t=3
PPO Step 8826, t=4
PPO Step 8827, t=5
PPO Step 8828, t=6
PPO Step 8829, t=7
PPO Step 8830, t=8
PPO Step 8831, t=9
PPO Step 8832, t=10
PPO Step 8833, t=11
PPO Step 8834, t=12
PPO Step 8835, t=13
PPO Step 8836, t=14
PPO Step 8837, t=15
PPO Step 8838, t=16
PPO Step 8839, t=17
PPO Step 8840, t=18
PPO Step 8841, t=19
PPO Step 8842, t=20
PPO Step 8843, t=21
PPO Step 8844, t=22
PPO Step 8845, t=23
PPO Step 8846, t=24
PPO Step 8847, t=25
PPO Step 8848, t=26
PPO Step 8849, t=27
PPO Step 8850, t=28
PPO Step 8851, t=29
PPO Step 8852, t=30
PPO Step 8853, t=31
PPO Step 8854, t=32
PPO Step 8855, t=33
PPO Step 8856, t=34
PPO Step 8857, t=1
PPO Step 8858, t=2
PPO Step 8859, t=3
PPO Step 8860, t=4
PPO Step 8861, t=5
PPO Step 8862, t=6
PPO Step 8863, t=7
PPO Step 8864, t=8
PPO Step 8865, t=9
PPO Step 8866, t=10
PPO Step 8867, t=11
PPO Step 8868, t=12
PPO Step 8869, t=13
PPO Step 8870, t=14
PPO Step 8871, t=15
PPO Step 8872, t=1
PPO Step 8873, t=2
PPO Step 8874, t=3
PPO Step 8875, t=4
PPO Step 8876, t=5
PPO Step 8877, t=6
PPO Step 8878, t=7
PPO Step 8879, t=8
PPO Step 8880, t=9
PPO Step 8881, t=10
PPO Step 8882, t=11
PPO Step 8883, t=12
PPO Step 8884, t=13
PPO Step 8885, t=14
PPO Step 8886, t=15
PPO Step 8887, t=16
PPO Step 8888, t=17
PPO Step 8889, t=18
PPO Step 8890, t=19
PPO Step 8891, t=20
PPO Step 8892, t=21
PPO Step 8893, t=1
PPO Step 8894, t=2
PPO Step 8895, t=3
PPO Step 8896, t=4
PPO Step 8897, t=5
PPO Step 8898, t=6
PPO Step 8899, t=7
PPO Step 8900, t=8
Step 8900 - Updating the algorithm
Update discriminator at step 265
Update discriminator at step 266
Update discriminator at step 267
[Debug] Reward mean: 1.4470, std: 2.1280
Updating PPO
PPO Step 8901, t=9
PPO Step 8902, t=10
PPO Step 8903, t=11
PPO Step 8904, t=12
PPO Step 8905, t=13
PPO Step 8906, t=14
PPO Step 8907, t=15
PPO Step 8908, t=16
PPO Step 8909, t=17
PPO Step 8910, t=18
PPO Step 8911, t=1
PPO Step 8912, t=2
PPO Step 8913, t=3
PPO Step 8914, t=4
PPO Step 8915, t=5
PPO Step 8916, t=6
PPO Step 8917, t=7
PPO Step 8918, t=8
PPO Step 8919, t=9
PPO Step 8920, t=1
PPO Step 8921, t=2
PPO Step 8922, t=3
PPO Step 8923, t=4
PPO Step 8924, t=5
PPO Step 8925, t=6
PPO Step 8926, t=7
PPO Step 8927, t=8
PPO Step 8928, t=9
PPO Step 8929, t=10
PPO Step 8930, t=11
PPO Step 8931, t=12
PPO Step 8932, t=13
PPO Step 8933, t=14
PPO Step 8934, t=15
PPO Step 8935, t=16
PPO Step 8936, t=1
PPO Step 8937, t=2
PPO Step 8938, t=3
PPO Step 8939, t=4
PPO Step 8940, t=5
PPO Step 8941, t=6
PPO Step 8942, t=7
PPO Step 8943, t=8
PPO Step 8944, t=9
PPO Step 8945, t=10
PPO Step 8946, t=11
PPO Step 8947, t=12
PPO Step 8948, t=1
PPO Step 8949, t=2
PPO Step 8950, t=3
PPO Step 8951, t=4
PPO Step 8952, t=5
PPO Step 8953, t=6
PPO Step 8954, t=7
PPO Step 8955, t=8
PPO Step 8956, t=9
PPO Step 8957, t=10
PPO Step 8958, t=11
PPO Step 8959, t=12
PPO Step 8960, t=13
PPO Step 8961, t=14
PPO Step 8962, t=1
PPO Step 8963, t=2
PPO Step 8964, t=3
PPO Step 8965, t=4
PPO Step 8966, t=5
PPO Step 8967, t=6
PPO Step 8968, t=7
PPO Step 8969, t=8
PPO Step 8970, t=9
PPO Step 8971, t=10
PPO Step 8972, t=11
PPO Step 8973, t=12
PPO Step 8974, t=1
PPO Step 8975, t=2
PPO Step 8976, t=3
PPO Step 8977, t=4
PPO Step 8978, t=5
PPO Step 8979, t=6
PPO Step 8980, t=7
PPO Step 8981, t=8
PPO Step 8982, t=9
PPO Step 8983, t=10
PPO Step 8984, t=11
PPO Step 8985, t=12
PPO Step 8986, t=13
PPO Step 8987, t=14
PPO Step 8988, t=15
PPO Step 8989, t=16
PPO Step 8990, t=17
PPO Step 8991, t=18
PPO Step 8992, t=1
PPO Step 8993, t=2
PPO Step 8994, t=3
PPO Step 8995, t=4
PPO Step 8996, t=5
PPO Step 8997, t=6
PPO Step 8998, t=7
PPO Step 8999, t=8
PPO Step 9000, t=9
Step 9000 - Updating the algorithm
Update discriminator at step 268
Update discriminator at step 269
Update discriminator at step 270
[Debug] Reward mean: 1.6445, std: 2.1454
Updating PPO
Step 9000 - Evaluating the algorithm
Num steps: 9000     Return: -582.1   Time: 0:32:08
PPO Step 9001, t=10
PPO Step 9002, t=11
PPO Step 9003, t=12
PPO Step 9004, t=1
PPO Step 9005, t=2
PPO Step 9006, t=3
PPO Step 9007, t=4
PPO Step 9008, t=5
PPO Step 9009, t=6
PPO Step 9010, t=7
PPO Step 9011, t=8
PPO Step 9012, t=9
PPO Step 9013, t=10
PPO Step 9014, t=11
PPO Step 9015, t=12
PPO Step 9016, t=13
PPO Step 9017, t=14
PPO Step 9018, t=15
PPO Step 9019, t=16
PPO Step 9020, t=17
PPO Step 9021, t=18
PPO Step 9022, t=19
PPO Step 9023, t=20
PPO Step 9024, t=21
PPO Step 9025, t=22
PPO Step 9026, t=23
PPO Step 9027, t=24
PPO Step 9028, t=25
PPO Step 9029, t=26
PPO Step 9030, t=27
PPO Step 9031, t=28
PPO Step 9032, t=29
PPO Step 9033, t=30
PPO Step 9034, t=31
PPO Step 9035, t=32
PPO Step 9036, t=33
PPO Step 9037, t=34
PPO Step 9038, t=35
PPO Step 9039, t=36
PPO Step 9040, t=37
PPO Step 9041, t=38
PPO Step 9042, t=39
PPO Step 9043, t=40
PPO Step 9044, t=41
PPO Step 9045, t=42
PPO Step 9046, t=43
PPO Step 9047, t=44
PPO Step 9048, t=45
PPO Step 9049, t=46
PPO Step 9050, t=47
PPO Step 9051, t=48
PPO Step 9052, t=49
PPO Step 9053, t=50
PPO Step 9054, t=1
PPO Step 9055, t=2
PPO Step 9056, t=3
PPO Step 9057, t=4
PPO Step 9058, t=5
PPO Step 9059, t=6
PPO Step 9060, t=7
PPO Step 9061, t=8
PPO Step 9062, t=9
PPO Step 9063, t=10
PPO Step 9064, t=11
PPO Step 9065, t=12
PPO Step 9066, t=13
PPO Step 9067, t=14
PPO Step 9068, t=15
PPO Step 9069, t=16
PPO Step 9070, t=17
PPO Step 9071, t=18
PPO Step 9072, t=19
PPO Step 9073, t=20
PPO Step 9074, t=21
PPO Step 9075, t=22
PPO Step 9076, t=23
PPO Step 9077, t=24
PPO Step 9078, t=25
PPO Step 9079, t=26
PPO Step 9080, t=27
PPO Step 9081, t=28
PPO Step 9082, t=29
PPO Step 9083, t=1
PPO Step 9084, t=2
PPO Step 9085, t=3
PPO Step 9086, t=4
PPO Step 9087, t=5
PPO Step 9088, t=6
PPO Step 9089, t=7
PPO Step 9090, t=8
PPO Step 9091, t=9
PPO Step 9092, t=10
PPO Step 9093, t=11
PPO Step 9094, t=12
PPO Step 9095, t=13
PPO Step 9096, t=1
PPO Step 9097, t=2
PPO Step 9098, t=3
PPO Step 9099, t=4
PPO Step 9100, t=5
Step 9100 - Updating the algorithm
Update discriminator at step 271
Update discriminator at step 272
Update discriminator at step 273
[Debug] Reward mean: 1.2157, std: 1.8761
Updating PPO
PPO Step 9101, t=6
PPO Step 9102, t=7
PPO Step 9103, t=8
PPO Step 9104, t=9
PPO Step 9105, t=10
PPO Step 9106, t=11
PPO Step 9107, t=12
PPO Step 9108, t=13
PPO Step 9109, t=14
PPO Step 9110, t=15
PPO Step 9111, t=16
PPO Step 9112, t=17
PPO Step 9113, t=18
PPO Step 9114, t=19
PPO Step 9115, t=1
PPO Step 9116, t=2
PPO Step 9117, t=3
PPO Step 9118, t=4
PPO Step 9119, t=5
PPO Step 9120, t=6
PPO Step 9121, t=7
PPO Step 9122, t=8
PPO Step 9123, t=9
PPO Step 9124, t=10
PPO Step 9125, t=11
PPO Step 9126, t=12
PPO Step 9127, t=13
PPO Step 9128, t=14
PPO Step 9129, t=15
PPO Step 9130, t=1
PPO Step 9131, t=2
PPO Step 9132, t=3
PPO Step 9133, t=4
PPO Step 9134, t=5
PPO Step 9135, t=1
PPO Step 9136, t=2
PPO Step 9137, t=3
PPO Step 9138, t=4
PPO Step 9139, t=5
PPO Step 9140, t=6
PPO Step 9141, t=7
PPO Step 9142, t=8
PPO Step 9143, t=9
PPO Step 9144, t=10
PPO Step 9145, t=11
PPO Step 9146, t=12
PPO Step 9147, t=13
PPO Step 9148, t=14
PPO Step 9149, t=15
PPO Step 9150, t=16
PPO Step 9151, t=17
PPO Step 9152, t=18
PPO Step 9153, t=19
PPO Step 9154, t=20
PPO Step 9155, t=1
PPO Step 9156, t=2
PPO Step 9157, t=3
PPO Step 9158, t=4
PPO Step 9159, t=5
PPO Step 9160, t=6
PPO Step 9161, t=7
PPO Step 9162, t=8
PPO Step 9163, t=9
PPO Step 9164, t=10
PPO Step 9165, t=11
PPO Step 9166, t=12
PPO Step 9167, t=13
PPO Step 9168, t=14
PPO Step 9169, t=1
PPO Step 9170, t=2
PPO Step 9171, t=3
PPO Step 9172, t=4
PPO Step 9173, t=5
PPO Step 9174, t=6
PPO Step 9175, t=7
PPO Step 9176, t=8
PPO Step 9177, t=9
PPO Step 9178, t=10
PPO Step 9179, t=11
PPO Step 9180, t=12
PPO Step 9181, t=13
PPO Step 9182, t=14
PPO Step 9183, t=15
PPO Step 9184, t=16
PPO Step 9185, t=17
PPO Step 9186, t=18
PPO Step 9187, t=19
PPO Step 9188, t=20
PPO Step 9189, t=21
PPO Step 9190, t=22
PPO Step 9191, t=23
PPO Step 9192, t=24
PPO Step 9193, t=25
PPO Step 9194, t=26
PPO Step 9195, t=27
PPO Step 9196, t=28
PPO Step 9197, t=29
PPO Step 9198, t=30
PPO Step 9199, t=31
PPO Step 9200, t=32
Step 9200 - Updating the algorithm
Update discriminator at step 274
Update discriminator at step 275
Update discriminator at step 276
[Debug] Reward mean: 1.3142, std: 1.8931
Updating PPO
PPO Step 9201, t=33
PPO Step 9202, t=34
PPO Step 9203, t=35
PPO Step 9204, t=36
PPO Step 9205, t=37
PPO Step 9206, t=38
PPO Step 9207, t=1
PPO Step 9208, t=2
PPO Step 9209, t=3
PPO Step 9210, t=4
PPO Step 9211, t=5
PPO Step 9212, t=1
PPO Step 9213, t=2
PPO Step 9214, t=3
PPO Step 9215, t=4
PPO Step 9216, t=5
PPO Step 9217, t=6
PPO Step 9218, t=7
PPO Step 9219, t=8
PPO Step 9220, t=9
PPO Step 9221, t=10
PPO Step 9222, t=11
PPO Step 9223, t=12
PPO Step 9224, t=13
PPO Step 9225, t=14
PPO Step 9226, t=15
PPO Step 9227, t=16
PPO Step 9228, t=17
PPO Step 9229, t=18
PPO Step 9230, t=19
PPO Step 9231, t=20
PPO Step 9232, t=21
PPO Step 9233, t=22
PPO Step 9234, t=23
PPO Step 9235, t=24
PPO Step 9236, t=25
PPO Step 9237, t=26
PPO Step 9238, t=1
PPO Step 9239, t=2
PPO Step 9240, t=3
PPO Step 9241, t=4
PPO Step 9242, t=5
PPO Step 9243, t=6
PPO Step 9244, t=7
PPO Step 9245, t=8
PPO Step 9246, t=9
PPO Step 9247, t=10
PPO Step 9248, t=11
PPO Step 9249, t=12
PPO Step 9250, t=13
PPO Step 9251, t=14
PPO Step 9252, t=15
PPO Step 9253, t=16
PPO Step 9254, t=17
PPO Step 9255, t=18
PPO Step 9256, t=19
PPO Step 9257, t=1
PPO Step 9258, t=2
PPO Step 9259, t=3
PPO Step 9260, t=4
PPO Step 9261, t=5
PPO Step 9262, t=6
PPO Step 9263, t=7
PPO Step 9264, t=8
PPO Step 9265, t=9
PPO Step 9266, t=10
PPO Step 9267, t=11
PPO Step 9268, t=12
PPO Step 9269, t=13
PPO Step 9270, t=14
PPO Step 9271, t=15
PPO Step 9272, t=16
PPO Step 9273, t=17
PPO Step 9274, t=18
PPO Step 9275, t=19
PPO Step 9276, t=20
PPO Step 9277, t=21
PPO Step 9278, t=22
PPO Step 9279, t=23
PPO Step 9280, t=24
PPO Step 9281, t=25
PPO Step 9282, t=26
PPO Step 9283, t=27
PPO Step 9284, t=28
PPO Step 9285, t=1
PPO Step 9286, t=2
PPO Step 9287, t=3
PPO Step 9288, t=4
PPO Step 9289, t=5
PPO Step 9290, t=6
PPO Step 9291, t=7
PPO Step 9292, t=1
PPO Step 9293, t=2
PPO Step 9294, t=3
PPO Step 9295, t=4
PPO Step 9296, t=5
PPO Step 9297, t=6
PPO Step 9298, t=7
PPO Step 9299, t=8
PPO Step 9300, t=9
Step 9300 - Updating the algorithm
Update discriminator at step 277
Update discriminator at step 278
Update discriminator at step 279
[Debug] Reward mean: 1.3840, std: 1.9704
Updating PPO
PPO Step 9301, t=10
PPO Step 9302, t=11
PPO Step 9303, t=12
PPO Step 9304, t=13
PPO Step 9305, t=14
PPO Step 9306, t=15
PPO Step 9307, t=16
PPO Step 9308, t=17
PPO Step 9309, t=18
PPO Step 9310, t=19
PPO Step 9311, t=20
PPO Step 9312, t=21
PPO Step 9313, t=22
PPO Step 9314, t=23
PPO Step 9315, t=24
PPO Step 9316, t=1
PPO Step 9317, t=2
PPO Step 9318, t=3
PPO Step 9319, t=4
PPO Step 9320, t=5
PPO Step 9321, t=6
PPO Step 9322, t=7
PPO Step 9323, t=8
PPO Step 9324, t=9
PPO Step 9325, t=10
PPO Step 9326, t=1
PPO Step 9327, t=2
PPO Step 9328, t=3
PPO Step 9329, t=4
PPO Step 9330, t=1
PPO Step 9331, t=2
PPO Step 9332, t=3
PPO Step 9333, t=4
PPO Step 9334, t=5
PPO Step 9335, t=6
PPO Step 9336, t=7
PPO Step 9337, t=8
PPO Step 9338, t=9
PPO Step 9339, t=10
PPO Step 9340, t=11
PPO Step 9341, t=12
PPO Step 9342, t=13
PPO Step 9343, t=14
PPO Step 9344, t=1
PPO Step 9345, t=2
PPO Step 9346, t=3
PPO Step 9347, t=4
PPO Step 9348, t=5
PPO Step 9349, t=6
PPO Step 9350, t=7
PPO Step 9351, t=8
PPO Step 9352, t=9
PPO Step 9353, t=10
PPO Step 9354, t=11
PPO Step 9355, t=12
PPO Step 9356, t=13
PPO Step 9357, t=14
PPO Step 9358, t=15
PPO Step 9359, t=16
PPO Step 9360, t=1
PPO Step 9361, t=2
PPO Step 9362, t=3
PPO Step 9363, t=4
PPO Step 9364, t=5
PPO Step 9365, t=6
PPO Step 9366, t=7
PPO Step 9367, t=8
PPO Step 9368, t=9
PPO Step 9369, t=10
PPO Step 9370, t=11
PPO Step 9371, t=12
PPO Step 9372, t=13
PPO Step 9373, t=14
PPO Step 9374, t=15
PPO Step 9375, t=16
PPO Step 9376, t=17
PPO Step 9377, t=18
PPO Step 9378, t=19
PPO Step 9379, t=1
PPO Step 9380, t=2
PPO Step 9381, t=3
PPO Step 9382, t=4
PPO Step 9383, t=5
PPO Step 9384, t=1
PPO Step 9385, t=2
PPO Step 9386, t=3
PPO Step 9387, t=4
PPO Step 9388, t=5
PPO Step 9389, t=6
PPO Step 9390, t=7
PPO Step 9391, t=8
PPO Step 9392, t=9
PPO Step 9393, t=10
PPO Step 9394, t=11
PPO Step 9395, t=12
PPO Step 9396, t=13
PPO Step 9397, t=1
PPO Step 9398, t=2
PPO Step 9399, t=3
PPO Step 9400, t=4
Step 9400 - Updating the algorithm
Update discriminator at step 280
Update discriminator at step 281
Update discriminator at step 282
[Debug] Reward mean: 1.6957, std: 2.1167
Updating PPO
PPO Step 9401, t=5
PPO Step 9402, t=6
PPO Step 9403, t=7
PPO Step 9404, t=8
PPO Step 9405, t=9
PPO Step 9406, t=10
PPO Step 9407, t=11
PPO Step 9408, t=12
PPO Step 9409, t=13
PPO Step 9410, t=14
PPO Step 9411, t=15
PPO Step 9412, t=16
PPO Step 9413, t=17
PPO Step 9414, t=18
PPO Step 9415, t=19
PPO Step 9416, t=1
PPO Step 9417, t=2
PPO Step 9418, t=3
PPO Step 9419, t=4
PPO Step 9420, t=5
PPO Step 9421, t=6
PPO Step 9422, t=7
PPO Step 9423, t=8
PPO Step 9424, t=9
PPO Step 9425, t=10
PPO Step 9426, t=11
PPO Step 9427, t=12
PPO Step 9428, t=13
PPO Step 9429, t=1
PPO Step 9430, t=2
PPO Step 9431, t=3
PPO Step 9432, t=4
PPO Step 9433, t=5
PPO Step 9434, t=6
PPO Step 9435, t=7
PPO Step 9436, t=8
PPO Step 9437, t=9
PPO Step 9438, t=10
PPO Step 9439, t=11
PPO Step 9440, t=12
PPO Step 9441, t=13
PPO Step 9442, t=14
PPO Step 9443, t=15
PPO Step 9444, t=16
PPO Step 9445, t=17
PPO Step 9446, t=1
PPO Step 9447, t=2
PPO Step 9448, t=3
PPO Step 9449, t=4
PPO Step 9450, t=5
PPO Step 9451, t=6
PPO Step 9452, t=7
PPO Step 9453, t=8
PPO Step 9454, t=9
PPO Step 9455, t=10
PPO Step 9456, t=11
PPO Step 9457, t=12
PPO Step 9458, t=13
PPO Step 9459, t=14
PPO Step 9460, t=1
PPO Step 9461, t=2
PPO Step 9462, t=3
PPO Step 9463, t=4
PPO Step 9464, t=5
PPO Step 9465, t=6
PPO Step 9466, t=7
PPO Step 9467, t=8
PPO Step 9468, t=9
PPO Step 9469, t=10
PPO Step 9470, t=11
PPO Step 9471, t=12
PPO Step 9472, t=13
PPO Step 9473, t=14
PPO Step 9474, t=15
PPO Step 9475, t=16
PPO Step 9476, t=17
PPO Step 9477, t=18
PPO Step 9478, t=19
PPO Step 9479, t=1
PPO Step 9480, t=2
PPO Step 9481, t=3
PPO Step 9482, t=4
PPO Step 9483, t=5
PPO Step 9484, t=6
PPO Step 9485, t=7
PPO Step 9486, t=8
PPO Step 9487, t=9
PPO Step 9488, t=10
PPO Step 9489, t=11
PPO Step 9490, t=12
PPO Step 9491, t=13
PPO Step 9492, t=14
PPO Step 9493, t=1
PPO Step 9494, t=2
PPO Step 9495, t=3
PPO Step 9496, t=4
PPO Step 9497, t=5
PPO Step 9498, t=1
PPO Step 9499, t=2
PPO Step 9500, t=3
Step 9500 - Updating the algorithm
Update discriminator at step 283
Update discriminator at step 284
Update discriminator at step 285
[Debug] Reward mean: 1.5514, std: 2.1596
Updating PPO
PPO Step 9501, t=4
PPO Step 9502, t=5
PPO Step 9503, t=6
PPO Step 9504, t=7
PPO Step 9505, t=8
PPO Step 9506, t=9
PPO Step 9507, t=10
PPO Step 9508, t=11
PPO Step 9509, t=12
PPO Step 9510, t=13
PPO Step 9511, t=14
PPO Step 9512, t=15
PPO Step 9513, t=16
PPO Step 9514, t=1
PPO Step 9515, t=2
PPO Step 9516, t=3
PPO Step 9517, t=4
PPO Step 9518, t=5
PPO Step 9519, t=6
PPO Step 9520, t=7
PPO Step 9521, t=8
PPO Step 9522, t=9
PPO Step 9523, t=10
PPO Step 9524, t=11
PPO Step 9525, t=12
PPO Step 9526, t=13
PPO Step 9527, t=14
PPO Step 9528, t=1
PPO Step 9529, t=2
PPO Step 9530, t=3
PPO Step 9531, t=4
PPO Step 9532, t=5
PPO Step 9533, t=6
PPO Step 9534, t=7
PPO Step 9535, t=8
PPO Step 9536, t=9
PPO Step 9537, t=10
PPO Step 9538, t=11
PPO Step 9539, t=12
PPO Step 9540, t=13
PPO Step 9541, t=14
PPO Step 9542, t=1
PPO Step 9543, t=2
PPO Step 9544, t=3
PPO Step 9545, t=4
PPO Step 9546, t=5
PPO Step 9547, t=6
PPO Step 9548, t=7
PPO Step 9549, t=8
PPO Step 9550, t=9
PPO Step 9551, t=10
PPO Step 9552, t=1
PPO Step 9553, t=2
PPO Step 9554, t=3
PPO Step 9555, t=4
PPO Step 9556, t=5
PPO Step 9557, t=6
PPO Step 9558, t=7
PPO Step 9559, t=8
PPO Step 9560, t=9
PPO Step 9561, t=10
PPO Step 9562, t=11
PPO Step 9563, t=12
PPO Step 9564, t=13
PPO Step 9565, t=14
PPO Step 9566, t=15
PPO Step 9567, t=16
PPO Step 9568, t=17
PPO Step 9569, t=18
PPO Step 9570, t=19
PPO Step 9571, t=20
PPO Step 9572, t=21
PPO Step 9573, t=22
PPO Step 9574, t=23
PPO Step 9575, t=24
PPO Step 9576, t=25
PPO Step 9577, t=26
PPO Step 9578, t=27
PPO Step 9579, t=1
PPO Step 9580, t=2
PPO Step 9581, t=3
PPO Step 9582, t=4
PPO Step 9583, t=5
PPO Step 9584, t=6
PPO Step 9585, t=7
PPO Step 9586, t=8
PPO Step 9587, t=9
PPO Step 9588, t=10
PPO Step 9589, t=11
PPO Step 9590, t=12
PPO Step 9591, t=13
PPO Step 9592, t=14
PPO Step 9593, t=15
PPO Step 9594, t=16
PPO Step 9595, t=17
PPO Step 9596, t=18
PPO Step 9597, t=1
PPO Step 9598, t=2
PPO Step 9599, t=3
PPO Step 9600, t=4
Step 9600 - Updating the algorithm
Update discriminator at step 286
Update discriminator at step 287
Update discriminator at step 288
[Debug] Reward mean: 1.3031, std: 1.8906
Updating PPO
PPO Step 9601, t=5
PPO Step 9602, t=6
PPO Step 9603, t=7
PPO Step 9604, t=8
PPO Step 9605, t=9
PPO Step 9606, t=10
PPO Step 9607, t=11
PPO Step 9608, t=12
PPO Step 9609, t=13
PPO Step 9610, t=14
PPO Step 9611, t=1
PPO Step 9612, t=2
PPO Step 9613, t=3
PPO Step 9614, t=4
PPO Step 9615, t=5
PPO Step 9616, t=6
PPO Step 9617, t=7
PPO Step 9618, t=8
PPO Step 9619, t=9
PPO Step 9620, t=10
PPO Step 9621, t=1
PPO Step 9622, t=2
PPO Step 9623, t=3
PPO Step 9624, t=4
PPO Step 9625, t=5
PPO Step 9626, t=6
PPO Step 9627, t=7
PPO Step 9628, t=8
PPO Step 9629, t=9
PPO Step 9630, t=10
PPO Step 9631, t=11
PPO Step 9632, t=12
PPO Step 9633, t=13
PPO Step 9634, t=14
PPO Step 9635, t=15
PPO Step 9636, t=16
PPO Step 9637, t=17
PPO Step 9638, t=18
PPO Step 9639, t=19
PPO Step 9640, t=20
PPO Step 9641, t=1
PPO Step 9642, t=2
PPO Step 9643, t=3
PPO Step 9644, t=4
PPO Step 9645, t=5
PPO Step 9646, t=6
PPO Step 9647, t=7
PPO Step 9648, t=8
PPO Step 9649, t=9
PPO Step 9650, t=10
PPO Step 9651, t=11
PPO Step 9652, t=12
PPO Step 9653, t=13
PPO Step 9654, t=14
PPO Step 9655, t=15
PPO Step 9656, t=1
PPO Step 9657, t=2
PPO Step 9658, t=3
PPO Step 9659, t=4
PPO Step 9660, t=5
PPO Step 9661, t=6
PPO Step 9662, t=7
PPO Step 9663, t=8
PPO Step 9664, t=9
PPO Step 9665, t=10
PPO Step 9666, t=11
PPO Step 9667, t=12
PPO Step 9668, t=13
PPO Step 9669, t=14
PPO Step 9670, t=15
PPO Step 9671, t=16
PPO Step 9672, t=1
PPO Step 9673, t=2
PPO Step 9674, t=3
PPO Step 9675, t=4
PPO Step 9676, t=5
PPO Step 9677, t=6
PPO Step 9678, t=7
PPO Step 9679, t=8
PPO Step 9680, t=9
PPO Step 9681, t=10
PPO Step 9682, t=11
PPO Step 9683, t=12
PPO Step 9684, t=13
PPO Step 9685, t=14
PPO Step 9686, t=15
PPO Step 9687, t=16
PPO Step 9688, t=17
PPO Step 9689, t=18
PPO Step 9690, t=19
PPO Step 9691, t=20
PPO Step 9692, t=21
PPO Step 9693, t=22
PPO Step 9694, t=23
PPO Step 9695, t=24
PPO Step 9696, t=25
PPO Step 9697, t=26
PPO Step 9698, t=27
PPO Step 9699, t=28
PPO Step 9700, t=1
Step 9700 - Updating the algorithm
Update discriminator at step 289
Update discriminator at step 290
Update discriminator at step 291
[Debug] Reward mean: 1.1332, std: 1.9589
Updating PPO
PPO Step 9701, t=2
PPO Step 9702, t=3
PPO Step 9703, t=4
PPO Step 9704, t=5
PPO Step 9705, t=6
PPO Step 9706, t=7
PPO Step 9707, t=8
PPO Step 9708, t=9
PPO Step 9709, t=10
PPO Step 9710, t=11
PPO Step 9711, t=12
PPO Step 9712, t=13
PPO Step 9713, t=1
PPO Step 9714, t=2
PPO Step 9715, t=3
PPO Step 9716, t=4
PPO Step 9717, t=5
PPO Step 9718, t=6
PPO Step 9719, t=7
PPO Step 9720, t=8
PPO Step 9721, t=1
PPO Step 9722, t=2
PPO Step 9723, t=3
PPO Step 9724, t=4
PPO Step 9725, t=5
PPO Step 9726, t=6
PPO Step 9727, t=7
PPO Step 9728, t=8
PPO Step 9729, t=9
PPO Step 9730, t=10
PPO Step 9731, t=11
PPO Step 9732, t=12
PPO Step 9733, t=13
PPO Step 9734, t=1
PPO Step 9735, t=2
PPO Step 9736, t=3
PPO Step 9737, t=4
PPO Step 9738, t=5
PPO Step 9739, t=6
PPO Step 9740, t=7
PPO Step 9741, t=8
PPO Step 9742, t=9
PPO Step 9743, t=10
PPO Step 9744, t=11
PPO Step 9745, t=12
PPO Step 9746, t=1
PPO Step 9747, t=2
PPO Step 9748, t=3
PPO Step 9749, t=4
PPO Step 9750, t=5
PPO Step 9751, t=6
PPO Step 9752, t=7
PPO Step 9753, t=8
PPO Step 9754, t=9
PPO Step 9755, t=10
PPO Step 9756, t=11
PPO Step 9757, t=12
PPO Step 9758, t=13
PPO Step 9759, t=14
PPO Step 9760, t=15
PPO Step 9761, t=16
PPO Step 9762, t=17
PPO Step 9763, t=18
PPO Step 9764, t=19
PPO Step 9765, t=20
PPO Step 9766, t=21
PPO Step 9767, t=22
PPO Step 9768, t=23
PPO Step 9769, t=24
PPO Step 9770, t=1
PPO Step 9771, t=2
PPO Step 9772, t=3
PPO Step 9773, t=4
PPO Step 9774, t=5
PPO Step 9775, t=6
PPO Step 9776, t=7
PPO Step 9777, t=8
PPO Step 9778, t=9
PPO Step 9779, t=10
PPO Step 9780, t=11
PPO Step 9781, t=12
PPO Step 9782, t=13
PPO Step 9783, t=14
PPO Step 9784, t=15
PPO Step 9785, t=16
PPO Step 9786, t=1
PPO Step 9787, t=2
PPO Step 9788, t=3
PPO Step 9789, t=4
PPO Step 9790, t=5
PPO Step 9791, t=6
PPO Step 9792, t=7
PPO Step 9793, t=8
PPO Step 9794, t=9
PPO Step 9795, t=10
PPO Step 9796, t=11
PPO Step 9797, t=12
PPO Step 9798, t=13
PPO Step 9799, t=14
PPO Step 9800, t=1
Step 9800 - Updating the algorithm
Update discriminator at step 292
Update discriminator at step 293
Update discriminator at step 294
[Debug] Reward mean: 1.2875, std: 2.0543
Updating PPO
PPO Step 9801, t=2
PPO Step 9802, t=3
PPO Step 9803, t=4
PPO Step 9804, t=5
PPO Step 9805, t=6
PPO Step 9806, t=7
PPO Step 9807, t=8
PPO Step 9808, t=9
PPO Step 9809, t=10
PPO Step 9810, t=1
PPO Step 9811, t=2
PPO Step 9812, t=3
PPO Step 9813, t=4
PPO Step 9814, t=5
PPO Step 9815, t=6
PPO Step 9816, t=7
PPO Step 9817, t=8
PPO Step 9818, t=9
PPO Step 9819, t=10
PPO Step 9820, t=11
PPO Step 9821, t=12
PPO Step 9822, t=13
PPO Step 9823, t=14
PPO Step 9824, t=15
PPO Step 9825, t=1
PPO Step 9826, t=2
PPO Step 9827, t=3
PPO Step 9828, t=4
PPO Step 9829, t=5
PPO Step 9830, t=6
PPO Step 9831, t=7
PPO Step 9832, t=8
PPO Step 9833, t=9
PPO Step 9834, t=10
PPO Step 9835, t=11
PPO Step 9836, t=1
PPO Step 9837, t=2
PPO Step 9838, t=3
PPO Step 9839, t=4
PPO Step 9840, t=5
PPO Step 9841, t=6
PPO Step 9842, t=7
PPO Step 9843, t=8
PPO Step 9844, t=9
PPO Step 9845, t=10
PPO Step 9846, t=11
PPO Step 9847, t=12
PPO Step 9848, t=1
PPO Step 9849, t=2
PPO Step 9850, t=3
PPO Step 9851, t=4
PPO Step 9852, t=5
PPO Step 9853, t=6
PPO Step 9854, t=7
PPO Step 9855, t=8
PPO Step 9856, t=9
PPO Step 9857, t=10
PPO Step 9858, t=11
PPO Step 9859, t=12
PPO Step 9860, t=1
PPO Step 9861, t=2
PPO Step 9862, t=3
PPO Step 9863, t=4
PPO Step 9864, t=5
PPO Step 9865, t=6
PPO Step 9866, t=7
PPO Step 9867, t=8
PPO Step 9868, t=9
PPO Step 9869, t=10
PPO Step 9870, t=11
PPO Step 9871, t=12
PPO Step 9872, t=13
PPO Step 9873, t=14
PPO Step 9874, t=1
PPO Step 9875, t=2
PPO Step 9876, t=3
PPO Step 9877, t=4
PPO Step 9878, t=5
PPO Step 9879, t=6
PPO Step 9880, t=7
PPO Step 9881, t=8
PPO Step 9882, t=9
PPO Step 9883, t=10
PPO Step 9884, t=11
PPO Step 9885, t=12
PPO Step 9886, t=13
PPO Step 9887, t=14
PPO Step 9888, t=1
PPO Step 9889, t=2
PPO Step 9890, t=3
PPO Step 9891, t=4
PPO Step 9892, t=5
PPO Step 9893, t=6
PPO Step 9894, t=7
PPO Step 9895, t=8
PPO Step 9896, t=9
PPO Step 9897, t=1
PPO Step 9898, t=2
PPO Step 9899, t=3
PPO Step 9900, t=4
Step 9900 - Updating the algorithm
Update discriminator at step 295
Update discriminator at step 296
Update discriminator at step 297
[Debug] Reward mean: 1.4897, std: 2.2030
Updating PPO
PPO Step 9901, t=5
PPO Step 9902, t=6
PPO Step 9903, t=7
PPO Step 9904, t=8
PPO Step 9905, t=9
PPO Step 9906, t=10
PPO Step 9907, t=11
PPO Step 9908, t=12
PPO Step 9909, t=13
PPO Step 9910, t=14
PPO Step 9911, t=15
PPO Step 9912, t=16
PPO Step 9913, t=17
PPO Step 9914, t=18
PPO Step 9915, t=19
PPO Step 9916, t=1
PPO Step 9917, t=2
PPO Step 9918, t=3
PPO Step 9919, t=4
PPO Step 9920, t=5
PPO Step 9921, t=6
PPO Step 9922, t=7
PPO Step 9923, t=8
PPO Step 9924, t=9
PPO Step 9925, t=1
PPO Step 9926, t=2
PPO Step 9927, t=3
PPO Step 9928, t=4
PPO Step 9929, t=5
PPO Step 9930, t=1
PPO Step 9931, t=2
PPO Step 9932, t=3
PPO Step 9933, t=4
PPO Step 9934, t=5
PPO Step 9935, t=6
PPO Step 9936, t=7
PPO Step 9937, t=8
PPO Step 9938, t=9
PPO Step 9939, t=10
PPO Step 9940, t=11
PPO Step 9941, t=12
PPO Step 9942, t=13
PPO Step 9943, t=14
PPO Step 9944, t=15
PPO Step 9945, t=16
PPO Step 9946, t=17
PPO Step 9947, t=18
PPO Step 9948, t=19
PPO Step 9949, t=20
PPO Step 9950, t=21
PPO Step 9951, t=22
PPO Step 9952, t=23
PPO Step 9953, t=24
PPO Step 9954, t=25
PPO Step 9955, t=26
PPO Step 9956, t=27
PPO Step 9957, t=28
PPO Step 9958, t=29
PPO Step 9959, t=30
PPO Step 9960, t=31
PPO Step 9961, t=32
PPO Step 9962, t=1
PPO Step 9963, t=2
PPO Step 9964, t=3
PPO Step 9965, t=4
PPO Step 9966, t=5
PPO Step 9967, t=6
PPO Step 9968, t=7
PPO Step 9969, t=8
PPO Step 9970, t=9
PPO Step 9971, t=10
PPO Step 9972, t=11
PPO Step 9973, t=12
PPO Step 9974, t=13
PPO Step 9975, t=1
PPO Step 9976, t=2
PPO Step 9977, t=3
PPO Step 9978, t=4
PPO Step 9979, t=5
PPO Step 9980, t=6
PPO Step 9981, t=7
PPO Step 9982, t=8
PPO Step 9983, t=9
PPO Step 9984, t=10
PPO Step 9985, t=11
PPO Step 9986, t=12
PPO Step 9987, t=13
PPO Step 9988, t=14
PPO Step 9989, t=15
PPO Step 9990, t=16
PPO Step 9991, t=17
PPO Step 9992, t=18
PPO Step 9993, t=19
PPO Step 9994, t=20
PPO Step 9995, t=1
PPO Step 9996, t=2
PPO Step 9997, t=3
PPO Step 9998, t=4
PPO Step 9999, t=5
PPO Step 10000, t=6
Step 10000 - Updating the algorithm
Update discriminator at step 298
Update discriminator at step 299
Update discriminator at step 300
[Debug] Reward mean: 1.2256, std: 1.9349
Updating PPO
Step 10000 - Evaluating the algorithm
Num steps: 10000    Return: -202.8   Time: 0:35:21
Models saved to logs/Medauroidea/airl/20250716-1344/model
