Logging started at 20250715-2020
Ontime :
True
Action space mid: [-1.01873243  0.45176268 -1.4165763  -0.0205206   0.1673988  -1.3896672
  0.73325681  0.58896359 -1.6511396   0.8836804  -0.47590394  1.35490289
  0.18083922 -0.15080036  1.30874578 -0.74782036 -0.56708082  1.47821588], scale: [0.44304717 0.46786146 0.9527527  0.73484704 0.4457115  0.8509844
 0.45946249 0.41638221 0.9457742  0.2983276  0.44032795 1.03865751
 0.73073588 0.35183635 0.95987222 0.47668324 0.43512017 0.99632052]
INFO: VrepInterfaze is initialized successfully.
Ontime :
True
Action space mid: [-1.01873243  0.45176268 -1.4165763  -0.0205206   0.1673988  -1.3896672
  0.73325681  0.58896359 -1.6511396   0.8836804  -0.47590394  1.35490289
  0.18083922 -0.15080036  1.30874578 -0.74782036 -0.56708082  1.47821588], scale: [0.44304717 0.46786146 0.9527527  0.73484704 0.4457115  0.8509844
 0.45946249 0.41638221 0.9457742  0.2983276  0.44032795 1.03865751
 0.73073588 0.35183635 0.95987222 0.47668324 0.43512017 0.99632052]
INFO: VrepInterfaze is initialized successfully.
NVIDIA GeForce RTX 4060 Laptop GPU
Process ID: 46935
Env: Medauroidea, expert.csv, Seed: 0
Rollout length: 100
Num steps: 1500, Eval interval: 500
Gamma: 0.995, Mix buffer: 1, Batch size: 64
lr_actor: 0.0001, lr_critic: 0.0001, lr_disc: 0.0001
Units Actor: (64, 64), Units Critic: (64, 64)
Units Disc R: (100, 100), Units Disc V: (100, 100)
Epoch ppo: 50, Epoch disc: 3
Clip Epsc: 0.2, Lambda: 0.97, Coef Ent: 0.05, Max Grad Norm: 10.0
Expert buffer size: 1517
Initial state shape: (33,)
Step 1, t=1, state shape: (33,)
RolloutBuffer: _n=1, _p=1, total_size=100
Step 2, t=2, state shape: (33,)
RolloutBuffer: _n=2, _p=2, total_size=100
Step 3, t=3, state shape: (33,)
RolloutBuffer: _n=3, _p=3, total_size=100
Step 4, t=4, state shape: (33,)
RolloutBuffer: _n=4, _p=4, total_size=100
Step 5, t=5, state shape: (33,)
RolloutBuffer: _n=5, _p=5, total_size=100
Step 6, t=6, state shape: (33,)
RolloutBuffer: _n=6, _p=6, total_size=100
Step 7, t=7, state shape: (33,)
RolloutBuffer: _n=7, _p=7, total_size=100
Step 8, t=8, state shape: (33,)
RolloutBuffer: _n=8, _p=8, total_size=100
Step 9, t=9, state shape: (33,)
RolloutBuffer: _n=9, _p=9, total_size=100
Step 10, t=10, state shape: (33,)
RolloutBuffer: _n=10, _p=10, total_size=100
Step 11, t=11, state shape: (33,)
RolloutBuffer: _n=11, _p=11, total_size=100
Step 12, t=12, state shape: (33,)
RolloutBuffer: _n=12, _p=12, total_size=100
Step 13, t=13, state shape: (33,)
RolloutBuffer: _n=13, _p=13, total_size=100
Step 14, t=14, state shape: (33,)
RolloutBuffer: _n=14, _p=14, total_size=100
Step 15, t=15, state shape: (33,)
RolloutBuffer: _n=15, _p=15, total_size=100
Step 16, t=16, state shape: (33,)
RolloutBuffer: _n=16, _p=16, total_size=100
Step 17, t=17, state shape: (33,)
RolloutBuffer: _n=17, _p=17, total_size=100
Step 18, t=18, state shape: (33,)
RolloutBuffer: _n=18, _p=18, total_size=100
Step 19, t=19, state shape: (33,)
RolloutBuffer: _n=19, _p=19, total_size=100
Step 20, t=20, state shape: (33,)
RolloutBuffer: _n=20, _p=20, total_size=100
Step 21, t=21, state shape: (33,)
RolloutBuffer: _n=21, _p=21, total_size=100
Step 22, t=22, state shape: (33,)
RolloutBuffer: _n=22, _p=22, total_size=100
Step 23, t=23, state shape: (33,)
RolloutBuffer: _n=23, _p=23, total_size=100
Step 24, t=24, state shape: (33,)
RolloutBuffer: _n=24, _p=24, total_size=100
Step 25, t=25, state shape: (33,)
RolloutBuffer: _n=25, _p=25, total_size=100
Step 26, t=26, state shape: (33,)
RolloutBuffer: _n=26, _p=26, total_size=100
Step 27, t=27, state shape: (33,)
RolloutBuffer: _n=27, _p=27, total_size=100
Step 28, t=28, state shape: (33,)
RolloutBuffer: _n=28, _p=28, total_size=100
Step 29, t=29, state shape: (33,)
RolloutBuffer: _n=29, _p=29, total_size=100
Step 30, t=30, state shape: (33,)
RolloutBuffer: _n=30, _p=30, total_size=100
Step 31, t=31, state shape: (33,)
RolloutBuffer: _n=31, _p=31, total_size=100
Step 32, t=32, state shape: (33,)
RolloutBuffer: _n=32, _p=32, total_size=100
Step 33, t=33, state shape: (33,)
RolloutBuffer: _n=33, _p=33, total_size=100
Step 34, t=34, state shape: (33,)
RolloutBuffer: _n=34, _p=34, total_size=100
Step 35, t=35, state shape: (33,)
RolloutBuffer: _n=35, _p=35, total_size=100
Step 36, t=36, state shape: (33,)
RolloutBuffer: _n=36, _p=36, total_size=100
Step 37, t=1, state shape: (33,)
RolloutBuffer: _n=37, _p=37, total_size=100
Step 38, t=2, state shape: (33,)
RolloutBuffer: _n=38, _p=38, total_size=100
Step 39, t=3, state shape: (33,)
RolloutBuffer: _n=39, _p=39, total_size=100
Step 40, t=4, state shape: (33,)
RolloutBuffer: _n=40, _p=40, total_size=100
Step 41, t=5, state shape: (33,)
RolloutBuffer: _n=41, _p=41, total_size=100
Step 42, t=6, state shape: (33,)
RolloutBuffer: _n=42, _p=42, total_size=100
Step 43, t=7, state shape: (33,)
RolloutBuffer: _n=43, _p=43, total_size=100
Step 44, t=8, state shape: (33,)
RolloutBuffer: _n=44, _p=44, total_size=100
Step 45, t=9, state shape: (33,)
RolloutBuffer: _n=45, _p=45, total_size=100
Step 46, t=10, state shape: (33,)
RolloutBuffer: _n=46, _p=46, total_size=100
Step 47, t=11, state shape: (33,)
RolloutBuffer: _n=47, _p=47, total_size=100
Step 48, t=12, state shape: (33,)
RolloutBuffer: _n=48, _p=48, total_size=100
Step 49, t=13, state shape: (33,)
RolloutBuffer: _n=49, _p=49, total_size=100
Step 50, t=14, state shape: (33,)
RolloutBuffer: _n=50, _p=50, total_size=100
Step 51, t=15, state shape: (33,)
RolloutBuffer: _n=51, _p=51, total_size=100
Step 52, t=16, state shape: (33,)
RolloutBuffer: _n=52, _p=52, total_size=100
Step 53, t=17, state shape: (33,)
RolloutBuffer: _n=53, _p=53, total_size=100
Step 54, t=18, state shape: (33,)
RolloutBuffer: _n=54, _p=54, total_size=100
Step 55, t=19, state shape: (33,)
RolloutBuffer: _n=55, _p=55, total_size=100
Step 56, t=20, state shape: (33,)
RolloutBuffer: _n=56, _p=56, total_size=100
Step 57, t=21, state shape: (33,)
RolloutBuffer: _n=57, _p=57, total_size=100
Step 58, t=22, state shape: (33,)
RolloutBuffer: _n=58, _p=58, total_size=100
Step 59, t=23, state shape: (33,)
RolloutBuffer: _n=59, _p=59, total_size=100
Step 60, t=24, state shape: (33,)
RolloutBuffer: _n=60, _p=60, total_size=100
Step 61, t=25, state shape: (33,)
RolloutBuffer: _n=61, _p=61, total_size=100
Step 62, t=26, state shape: (33,)
RolloutBuffer: _n=62, _p=62, total_size=100
Step 63, t=27, state shape: (33,)
RolloutBuffer: _n=63, _p=63, total_size=100
Step 64, t=28, state shape: (33,)
RolloutBuffer: _n=64, _p=64, total_size=100
Step 65, t=29, state shape: (33,)
RolloutBuffer: _n=65, _p=65, total_size=100
Step 66, t=30, state shape: (33,)
RolloutBuffer: _n=66, _p=66, total_size=100
Step 67, t=31, state shape: (33,)
RolloutBuffer: _n=67, _p=67, total_size=100
Step 68, t=32, state shape: (33,)
RolloutBuffer: _n=68, _p=68, total_size=100
Step 69, t=33, state shape: (33,)
RolloutBuffer: _n=69, _p=69, total_size=100
Step 70, t=34, state shape: (33,)
RolloutBuffer: _n=70, _p=70, total_size=100
Step 71, t=35, state shape: (33,)
RolloutBuffer: _n=71, _p=71, total_size=100
Step 72, t=36, state shape: (33,)
RolloutBuffer: _n=72, _p=72, total_size=100
Step 73, t=37, state shape: (33,)
RolloutBuffer: _n=73, _p=73, total_size=100
Step 74, t=38, state shape: (33,)
RolloutBuffer: _n=74, _p=74, total_size=100
Step 75, t=39, state shape: (33,)
RolloutBuffer: _n=75, _p=75, total_size=100
Step 76, t=40, state shape: (33,)
RolloutBuffer: _n=76, _p=76, total_size=100
Step 77, t=41, state shape: (33,)
RolloutBuffer: _n=77, _p=77, total_size=100
Step 78, t=42, state shape: (33,)
RolloutBuffer: _n=78, _p=78, total_size=100
Step 79, t=43, state shape: (33,)
RolloutBuffer: _n=79, _p=79, total_size=100
Step 80, t=44, state shape: (33,)
RolloutBuffer: _n=80, _p=80, total_size=100
Step 81, t=45, state shape: (33,)
RolloutBuffer: _n=81, _p=81, total_size=100
Step 82, t=46, state shape: (33,)
RolloutBuffer: _n=82, _p=82, total_size=100
Step 83, t=47, state shape: (33,)
RolloutBuffer: _n=83, _p=83, total_size=100
Step 84, t=48, state shape: (33,)
RolloutBuffer: _n=84, _p=84, total_size=100
Step 85, t=49, state shape: (33,)
RolloutBuffer: _n=85, _p=85, total_size=100
Step 86, t=50, state shape: (33,)
RolloutBuffer: _n=86, _p=86, total_size=100
Step 87, t=51, state shape: (33,)
RolloutBuffer: _n=87, _p=87, total_size=100
Step 88, t=52, state shape: (33,)
RolloutBuffer: _n=88, _p=88, total_size=100
Step 89, t=53, state shape: (33,)
RolloutBuffer: _n=89, _p=89, total_size=100
Step 90, t=54, state shape: (33,)
RolloutBuffer: _n=90, _p=90, total_size=100
Step 91, t=55, state shape: (33,)
RolloutBuffer: _n=91, _p=91, total_size=100
Step 92, t=56, state shape: (33,)
RolloutBuffer: _n=92, _p=92, total_size=100
Step 93, t=57, state shape: (33,)
RolloutBuffer: _n=93, _p=93, total_size=100
Step 94, t=58, state shape: (33,)
RolloutBuffer: _n=94, _p=94, total_size=100
Step 95, t=59, state shape: (33,)
RolloutBuffer: _n=95, _p=95, total_size=100
Step 96, t=60, state shape: (33,)
RolloutBuffer: _n=96, _p=96, total_size=100
Step 97, t=61, state shape: (33,)
RolloutBuffer: _n=97, _p=97, total_size=100
Step 98, t=62, state shape: (33,)
RolloutBuffer: _n=98, _p=98, total_size=100
Step 99, t=63, state shape: (33,)
RolloutBuffer: _n=99, _p=99, total_size=100
Step 100, t=64, state shape: (33,)
RolloutBuffer: _n=100, _p=0, total_size=100
[Debug] Log probabilities of current policy actions: tensor([[-10.1667],
        [ -9.0848],
        [-13.6233],
        [-11.8032],
        [-11.8032],
        [-11.2985],
        [-13.2296],
        [-11.2235],
        [-14.0971],
        [-10.6948],
        [ -9.7287],
        [-11.3096],
        [-11.3096],
        [-10.5777],
        [-12.4279],
        [-11.9980],
        [-12.1454],
        [-10.6948],
        [ -9.8925],
        [-11.3096],
        [-10.7451],
        [-13.0839],
        [-10.0101],
        [-10.5795],
        [-12.1669],
        [-11.2985],
        [-11.3452],
        [-12.0807],
        [-11.1566],
        [-10.1975],
        [ -9.0848],
        [-13.6233],
        [-11.4574],
        [-13.1956],
        [-11.3096],
        [-11.2877],
        [ -8.0143],
        [-12.1687],
        [-12.1687],
        [-14.5352],
        [-12.1454],
        [-13.4641],
        [-11.9980],
        [-11.2985],
        [-12.8381],
        [-13.4641],
        [-11.6469],
        [-14.7529],
        [-12.4163],
        [-13.6604],
        [ -8.7004],
        [-10.7171],
        [-11.3380],
        [-14.3232],
        [-11.6645],
        [-11.6645],
        [-14.0971],
        [ -7.4021],
        [ -6.3873],
        [-11.5199],
        [-12.2288],
        [-10.1975],
        [-11.1807],
        [-10.6000]], device='cuda:0')
[Debug] actions_exp max:
1.0
min:
-1.0000001192092896
[Debug] Log probabilities of expert actions: tensor([[-15.8583],
        [-23.4011],
        [-12.1256],
        [-14.3175],
        [-13.0449],
        [-15.7654],
        [-13.3644],
        [-27.2591],
        [-13.9904],
        [-14.4847],
        [-14.5278],
        [-14.4825],
        [-29.8029],
        [-14.5237],
        [-13.2127],
        [-13.6372],
        [-14.0110],
        [-24.9800],
        [-11.9576],
        [-17.1326],
        [-15.0235],
        [-12.8713],
        [-13.5280],
        [-13.8265],
        [-27.4058],
        [-12.0887],
        [-10.4635],
        [-13.4677],
        [-12.9778],
        [-13.9744],
        [-14.4188],
        [-12.6525],
        [-13.3602],
        [-12.8860],
        [-13.6734],
        [-14.0283],
        [-12.3078],
        [-15.2022],
        [-15.3178],
        [-15.6001],
        [-14.4052],
        [-14.4662],
        [-13.3842],
        [-14.3452],
        [-14.1663],
        [-23.4160],
        [-13.2169],
        [-12.9306],
        [-13.2160],
        [-12.5981],
        [-13.0706],
        [-13.9744],
        [-12.0685],
        [-12.8761],
        [-26.7423],
        [-13.0828],
        [-14.1034],
        [-14.4933],
        [-13.3642],
        [-13.1551],
        [-15.3128],
        [-15.6454],
        [-12.9891],
        [-13.4217]], device='cuda:0')
[Debug] Log probabilities of current policy actions: tensor([[-10.9652],
        [-12.6293],
        [-14.5352],
        [ -9.7524],
        [-12.4279],
        [-11.9980],
        [-14.0971],
        [-12.4458],
        [-11.4794],
        [-13.5023],
        [-14.0757],
        [-11.0889],
        [-12.1880],
        [-12.0807],
        [-13.4641],
        [-13.8391],
        [-11.6645],
        [-11.5199],
        [-12.1687],
        [ -9.8925],
        [-10.6000],
        [-10.4321],
        [-12.8922],
        [-10.5795],
        [-11.6630],
        [ -9.0391],
        [-11.0889],
        [-10.9856],
        [-14.0400],
        [-13.0065],
        [-10.7672],
        [-12.4480],
        [-12.1669],
        [-12.1687],
        [-11.1558],
        [-12.1669],
        [-10.4750],
        [-10.8847],
        [-12.3805],
        [-11.8032],
        [-11.6423],
        [-14.5352],
        [-10.4763],
        [-11.1807],
        [-11.8032],
        [-14.0757],
        [-11.4794],
        [-10.5795],
        [ -8.7004],
        [-10.4321],
        [-11.5248],
        [ -9.0391],
        [ -8.0143],
        [-11.2235],
        [-10.0101],
        [-12.0807],
        [-12.8922],
        [-11.6423],
        [-13.2296],
        [-12.2263],
        [-13.4641],
        [ -9.7287],
        [-10.7655],
        [-11.6469]], device='cuda:0')
[Debug] actions_exp max:
1.0
min:
-1.0
[Debug] Log probabilities of expert actions: tensor([[-11.7996],
        [-12.8727],
        [-15.8522],
        [-13.4967],
        [-28.4899],
        [-16.4060],
        [-13.0637],
        [-13.9904],
        [-11.3345],
        [-13.4303],
        [-11.9187],
        [-14.4531],
        [-13.6951],
        [-13.4968],
        [-13.5731],
        [-12.4893],
        [-12.7351],
        [-15.7014],
        [-14.4715],
        [-26.0485],
        [-15.7714],
        [-13.3644],
        [-11.6255],
        [-12.4212],
        [-13.0928],
        [-13.0706],
        [-13.0746],
        [-13.3257],
        [-14.3584],
        [-13.4886],
        [-13.4013],
        [-14.0456],
        [-13.4266],
        [-15.0318],
        [-12.0902],
        [-12.5322],
        [-13.1669],
        [-25.9990],
        [-11.7592],
        [-12.9891],
        [-17.1164],
        [-13.2651],
        [-13.6928],
        [-23.8341],
        [-40.5637],
        [-13.0774],
        [-13.2797],
        [-13.0615],
        [-12.4089],
        [-14.1583],
        [-23.4234],
        [-14.0161],
        [-12.7251],
        [-27.2486],
        [-13.6277],
        [-11.3560],
        [-11.5130],
        [-23.4027],
        [-27.0355],
        [-16.4158],
        [-13.2548],
        [-12.9955],
        [-15.7658],
        [-15.6430]], device='cuda:0')
[Debug] Log probabilities of current policy actions: tensor([[-14.0971],
        [-11.6645],
        [ -8.7004],
        [-14.3232],
        [-11.1566],
        [ -7.4021],
        [-12.0807],
        [-12.4404],
        [ -9.7820],
        [-11.6423],
        [-12.9280],
        [-10.7451],
        [-13.6604],
        [-11.5052],
        [-12.4480],
        [-14.0971],
        [-12.8527],
        [-10.0101],
        [-11.8032],
        [-13.6604],
        [-11.6630],
        [ -8.0143],
        [-12.2263],
        [-11.0534],
        [-12.2288],
        [-11.4371],
        [-12.7483],
        [-11.0889],
        [-11.1566],
        [-10.5777],
        [-10.1667],
        [-10.8847],
        [-11.5052],
        [-10.7655],
        [-12.1454],
        [-12.1454],
        [ -8.7004],
        [-13.4451],
        [-11.6630],
        [-12.2288],
        [ -9.7287],
        [-11.5685],
        [-11.0534],
        [ -8.0788],
        [-13.5023],
        [-13.2296],
        [-11.2877],
        [ -9.7524],
        [-11.4371],
        [ -9.8925],
        [-11.2235],
        [ -9.9464],
        [-12.9455],
        [-10.4763],
        [-11.5052],
        [ -9.9464],
        [-11.3380],
        [-10.7451],
        [-12.4279],
        [-11.6645],
        [-11.4794],
        [-12.7342],
        [-11.5248],
        [-14.0971]], device='cuda:0')
[Debug] actions_exp max:
1.0
min:
-1.0
[Debug] Log probabilities of expert actions: tensor([[-14.4097],
        [-14.4605],
        [-11.5132],
        [-12.3332],
        [-13.7781],
        [-12.0375],
        [-14.1210],
        [-24.5003],
        [-15.6322],
        [-29.9536],
        [-15.7937],
        [-13.3007],
        [-11.6298],
        [-15.8131],
        [-13.8065],
        [-15.7937],
        [-12.5764],
        [-13.3917],
        [-14.2698],
        [-14.6929],
        [-25.9126],
        [-11.8437],
        [-13.0546],
        [-15.7510],
        [-13.7853],
        [-30.5451],
        [-29.9633],
        [-13.0502],
        [-14.2668],
        [-15.4914],
        [-13.1655],
        [-12.9778],
        [-11.8597],
        [-15.0523],
        [-13.0469],
        [-29.8050],
        [-13.9893],
        [-14.4052],
        [-13.4037],
        [-12.1799],
        [-13.3948],
        [-13.4005],
        [-10.7137],
        [-40.4604],
        [-13.0904],
        [-15.8449],
        [-14.3990],
        [-15.7740],
        [-13.2256],
        [-15.7469],
        [-23.4011],
        [-13.2417],
        [-15.6454],
        [-13.0076],
        [-14.5395],
        [-53.8307],
        [-15.0299],
        [-15.1154],
        [-24.3460],
        [-14.5395],
        [-15.8449],
        [-22.4897],
        [-28.4778],
        [-12.7757]], device='cuda:0')
[Debug] Rewards: tensor([[11.6426],
        [12.7599],
        [10.9253],
        [10.7648],
        [10.5318],
        [ 6.0610],
        [11.2745],
        [12.9950],
        [ 9.5969],
        [11.0806],
        [12.1722],
        [13.6364],
        [10.5539],
        [10.4154],
        [14.5688],
        [11.6527],
        [10.5963],
        [11.9750],
        [10.5889],
        [11.8320],
        [11.0653],
        [10.7867],
        [13.1890],
        [12.3392],
        [ 8.9367],
        [ 9.8922],
        [10.7346],
        [12.3851],
        [11.1202],
        [ 7.6287],
        [11.2686],
        [11.2748],
        [13.0028],
        [12.3014],
        [14.0131],
        [13.8512],
        [14.0717],
        [12.9160],
        [11.3007],
        [11.8886],
        [12.0512],
        [ 9.7649],
        [10.4735],
        [13.3177],
        [ 9.8656],
        [12.0729],
        [ 9.6255],
        [ 9.2137],
        [12.6527],
        [11.1410],
        [10.5826],
        [12.0780],
        [12.2871],
        [ 6.6933],
        [13.3877],
        [10.7942],
        [10.2693],
        [12.6961],
        [12.2226],
        [12.9866],
        [12.5215],
        [10.6472],
        [12.5669],
        [12.5102],
        [13.4613],
        [11.5245],
        [10.8393],
        [11.5215],
        [ 8.8137],
        [10.9081],
        [ 9.5400],
        [11.0081],
        [11.6498],
        [ 9.6166],
        [14.3694],
        [ 8.0703],
        [12.2132],
        [10.2319],
        [11.5544],
        [10.2868],
        [11.8268],
        [10.7514],
        [11.2800],
        [13.4015],
        [12.6137],
        [10.6205],
        [11.3464],
        [10.5676],
        [11.2086],
        [12.8007],
        [11.1053],
        [11.3949],
        [ 7.6931],
        [10.7295],
        [13.6383],
        [10.8205],
        [10.5127],
        [10.2047],
        [12.6714],
        [12.5287]], device='cuda:0')
[Debug] Reward mean: 11.3534, std: 1.5761
[Debug] actions_exp max:
0.9967146515846252
min:
-0.9959291219711304
[Debug] actions_exp max:
0.9967146515846252
min:
-0.9959291219711304
[Debug] actions_exp max:
0.9967146515846252
min:
-0.9959291219711304
[Debug] actions_exp max:
0.9967146515846252
min:
-0.9959291219711304
[Debug] actions_exp max:
0.9967146515846252
min:
-0.9959291219711304
[Debug] actions_exp max:
0.9967146515846252
min:
-0.9959291219711304
[Debug] actions_exp max:
0.9967146515846252
min:
-0.9959291219711304
[Debug] actions_exp max:
0.9967146515846252
min:
-0.9959291219711304
[Debug] actions_exp max:
0.9967146515846252
min:
-0.9959291219711304
[Debug] actions_exp max:
0.9967146515846252
min:
-0.9959291219711304
[Debug] actions_exp max:
0.9967146515846252
min:
-0.9959291219711304
[Debug] actions_exp max:
0.9967146515846252
min:
-0.9959291219711304
[Debug] actions_exp max:
0.9967146515846252
min:
-0.9959291219711304
[Debug] actions_exp max:
0.9967146515846252
min:
-0.9959291219711304
[Debug] actions_exp max:
0.9967146515846252
min:
-0.9959291219711304
[Debug] actions_exp max:
0.9967146515846252
min:
-0.9959291219711304
[Debug] actions_exp max:
0.9967146515846252
min:
-0.9959291219711304
[Debug] actions_exp max:
0.9967146515846252
min:
-0.9959291219711304
[Debug] actions_exp max:
0.9967146515846252
min:
-0.9959291219711304
[Debug] actions_exp max:
0.9967146515846252
min:
-0.9959291219711304
[Debug] actions_exp max:
0.9967146515846252
min:
-0.9959291219711304
[Debug] actions_exp max:
0.9967146515846252
min:
-0.9959291219711304
[Debug] actions_exp max:
0.9967146515846252
min:
-0.9959291219711304
[Debug] actions_exp max:
0.9967146515846252
min:
-0.9959291219711304
[Debug] actions_exp max:
0.9967146515846252
min:
-0.9959291219711304
[Debug] actions_exp max:
0.9967146515846252
min:
-0.9959291219711304
[Debug] actions_exp max:
0.9967146515846252
min:
-0.9959291219711304
[Debug] actions_exp max:
0.9967146515846252
min:
-0.9959291219711304
[Debug] actions_exp max:
0.9967146515846252
min:
-0.9959291219711304
[Debug] actions_exp max:
0.9967146515846252
min:
-0.9959291219711304
[Debug] actions_exp max:
0.9967146515846252
min:
-0.9959291219711304
[Debug] actions_exp max:
0.9967146515846252
min:
-0.9959291219711304
[Debug] actions_exp max:
0.9967146515846252
min:
-0.9959291219711304
[Debug] actions_exp max:
0.9967146515846252
min:
-0.9959291219711304
[Debug] actions_exp max:
0.9967146515846252
min:
-0.9959291219711304
[Debug] actions_exp max:
0.9967146515846252
min:
-0.9959291219711304
[Debug] actions_exp max:
0.9967146515846252
min:
-0.9959291219711304
[Debug] actions_exp max:
0.9967146515846252
min:
-0.9959291219711304
[Debug] actions_exp max:
0.9967146515846252
min:
-0.9959291219711304
[Debug] actions_exp max:
0.9967146515846252
min:
-0.9959291219711304
[Debug] actions_exp max:
0.9967146515846252
min:
-0.9959291219711304
[Debug] actions_exp max:
0.9967146515846252
min:
-0.9959291219711304
[Debug] actions_exp max:
0.9967146515846252
min:
-0.9959291219711304
[Debug] actions_exp max:
0.9967146515846252
min:
-0.9959291219711304
[Debug] actions_exp max:
0.9967146515846252
min:
-0.9959291219711304
[Debug] actions_exp max:
0.9967146515846252
min:
-0.9959291219711304
[Debug] actions_exp max:
0.9967146515846252
min:
-0.9959291219711304
[Debug] actions_exp max:
0.9967146515846252
min:
-0.9959291219711304
[Debug] actions_exp max:
0.9967146515846252
min:
-0.9959291219711304
[Debug] actions_exp max:
0.9967146515846252
min:
-0.9959291219711304
Step 101, t=65, state shape: (33,)
RolloutBuffer: _n=100, _p=1, total_size=100
Step 102, t=66, state shape: (33,)
RolloutBuffer: _n=100, _p=2, total_size=100
Step 103, t=67, state shape: (33,)
RolloutBuffer: _n=100, _p=3, total_size=100
Step 104, t=68, state shape: (33,)
RolloutBuffer: _n=100, _p=4, total_size=100
Step 105, t=69, state shape: (33,)
RolloutBuffer: _n=100, _p=5, total_size=100
Step 106, t=70, state shape: (33,)
RolloutBuffer: _n=100, _p=6, total_size=100
Step 107, t=71, state shape: (33,)
RolloutBuffer: _n=100, _p=7, total_size=100
Step 108, t=72, state shape: (33,)
RolloutBuffer: _n=100, _p=8, total_size=100
Step 109, t=73, state shape: (33,)
RolloutBuffer: _n=100, _p=9, total_size=100
Step 110, t=74, state shape: (33,)
RolloutBuffer: _n=100, _p=10, total_size=100
Step 111, t=75, state shape: (33,)
RolloutBuffer: _n=100, _p=11, total_size=100
Step 112, t=76, state shape: (33,)
RolloutBuffer: _n=100, _p=12, total_size=100
Step 113, t=77, state shape: (33,)
RolloutBuffer: _n=100, _p=13, total_size=100
Step 114, t=78, state shape: (33,)
RolloutBuffer: _n=100, _p=14, total_size=100
Step 115, t=79, state shape: (33,)
RolloutBuffer: _n=100, _p=15, total_size=100
Step 116, t=80, state shape: (33,)
RolloutBuffer: _n=100, _p=16, total_size=100
Step 117, t=81, state shape: (33,)
RolloutBuffer: _n=100, _p=17, total_size=100
Step 118, t=82, state shape: (33,)
RolloutBuffer: _n=100, _p=18, total_size=100
Step 119, t=83, state shape: (33,)
RolloutBuffer: _n=100, _p=19, total_size=100
Step 120, t=84, state shape: (33,)
RolloutBuffer: _n=100, _p=20, total_size=100
Step 121, t=85, state shape: (33,)
RolloutBuffer: _n=100, _p=21, total_size=100
Step 122, t=86, state shape: (33,)
RolloutBuffer: _n=100, _p=22, total_size=100
Step 123, t=87, state shape: (33,)
RolloutBuffer: _n=100, _p=23, total_size=100
Step 124, t=88, state shape: (33,)
RolloutBuffer: _n=100, _p=24, total_size=100
Step 125, t=89, state shape: (33,)
RolloutBuffer: _n=100, _p=25, total_size=100
Step 126, t=90, state shape: (33,)
RolloutBuffer: _n=100, _p=26, total_size=100
Step 127, t=91, state shape: (33,)
RolloutBuffer: _n=100, _p=27, total_size=100
Step 128, t=92, state shape: (33,)
RolloutBuffer: _n=100, _p=28, total_size=100
Step 129, t=93, state shape: (33,)
RolloutBuffer: _n=100, _p=29, total_size=100
Step 130, t=94, state shape: (33,)
RolloutBuffer: _n=100, _p=30, total_size=100
Step 131, t=95, state shape: (33,)
RolloutBuffer: _n=100, _p=31, total_size=100
Step 132, t=96, state shape: (33,)
RolloutBuffer: _n=100, _p=32, total_size=100
Step 133, t=97, state shape: (33,)
RolloutBuffer: _n=100, _p=33, total_size=100
Step 134, t=98, state shape: (33,)
RolloutBuffer: _n=100, _p=34, total_size=100
Step 135, t=99, state shape: (33,)
RolloutBuffer: _n=100, _p=35, total_size=100
Step 136, t=100, state shape: (33,)
RolloutBuffer: _n=100, _p=36, total_size=100
Step 137, t=101, state shape: (33,)
RolloutBuffer: _n=100, _p=37, total_size=100
Step 138, t=102, state shape: (33,)
RolloutBuffer: _n=100, _p=38, total_size=100
Step 139, t=103, state shape: (33,)
RolloutBuffer: _n=100, _p=39, total_size=100
Step 140, t=104, state shape: (33,)
RolloutBuffer: _n=100, _p=40, total_size=100
Step 141, t=105, state shape: (33,)
RolloutBuffer: _n=100, _p=41, total_size=100
Step 142, t=106, state shape: (33,)
RolloutBuffer: _n=100, _p=42, total_size=100
Step 143, t=107, state shape: (33,)
RolloutBuffer: _n=100, _p=43, total_size=100
Step 144, t=108, state shape: (33,)
RolloutBuffer: _n=100, _p=44, total_size=100
Step 145, t=109, state shape: (33,)
RolloutBuffer: _n=100, _p=45, total_size=100
Step 146, t=110, state shape: (33,)
RolloutBuffer: _n=100, _p=46, total_size=100
Step 147, t=111, state shape: (33,)
RolloutBuffer: _n=100, _p=47, total_size=100
Step 148, t=112, state shape: (33,)
RolloutBuffer: _n=100, _p=48, total_size=100
Step 149, t=113, state shape: (33,)
RolloutBuffer: _n=100, _p=49, total_size=100
Step 150, t=114, state shape: (33,)
RolloutBuffer: _n=100, _p=50, total_size=100
Step 151, t=115, state shape: (33,)
RolloutBuffer: _n=100, _p=51, total_size=100
Step 152, t=116, state shape: (33,)
RolloutBuffer: _n=100, _p=52, total_size=100
Step 153, t=117, state shape: (33,)
RolloutBuffer: _n=100, _p=53, total_size=100
Step 154, t=118, state shape: (33,)
RolloutBuffer: _n=100, _p=54, total_size=100
Step 155, t=119, state shape: (33,)
RolloutBuffer: _n=100, _p=55, total_size=100
Step 156, t=120, state shape: (33,)
RolloutBuffer: _n=100, _p=56, total_size=100
Step 157, t=121, state shape: (33,)
RolloutBuffer: _n=100, _p=57, total_size=100
Step 158, t=122, state shape: (33,)
RolloutBuffer: _n=100, _p=58, total_size=100
Step 159, t=123, state shape: (33,)
RolloutBuffer: _n=100, _p=59, total_size=100
Step 160, t=124, state shape: (33,)
RolloutBuffer: _n=100, _p=60, total_size=100
Step 161, t=125, state shape: (33,)
RolloutBuffer: _n=100, _p=61, total_size=100
Step 162, t=126, state shape: (33,)
RolloutBuffer: _n=100, _p=62, total_size=100
Step 163, t=127, state shape: (33,)
RolloutBuffer: _n=100, _p=63, total_size=100
Step 164, t=128, state shape: (33,)
RolloutBuffer: _n=100, _p=64, total_size=100
Step 165, t=129, state shape: (33,)
RolloutBuffer: _n=100, _p=65, total_size=100
Step 166, t=130, state shape: (33,)
RolloutBuffer: _n=100, _p=66, total_size=100
Step 167, t=131, state shape: (33,)
RolloutBuffer: _n=100, _p=67, total_size=100
Step 168, t=132, state shape: (33,)
RolloutBuffer: _n=100, _p=68, total_size=100
Step 169, t=133, state shape: (33,)
RolloutBuffer: _n=100, _p=69, total_size=100
Step 170, t=134, state shape: (33,)
RolloutBuffer: _n=100, _p=70, total_size=100
Step 171, t=135, state shape: (33,)
RolloutBuffer: _n=100, _p=71, total_size=100
Step 172, t=136, state shape: (33,)
RolloutBuffer: _n=100, _p=72, total_size=100
Step 173, t=137, state shape: (33,)
RolloutBuffer: _n=100, _p=73, total_size=100
Step 174, t=138, state shape: (33,)
RolloutBuffer: _n=100, _p=74, total_size=100
Step 175, t=139, state shape: (33,)
RolloutBuffer: _n=100, _p=75, total_size=100
Step 176, t=140, state shape: (33,)
RolloutBuffer: _n=100, _p=76, total_size=100
Step 177, t=141, state shape: (33,)
RolloutBuffer: _n=100, _p=77, total_size=100
Step 178, t=142, state shape: (33,)
RolloutBuffer: _n=100, _p=78, total_size=100
Step 179, t=143, state shape: (33,)
RolloutBuffer: _n=100, _p=79, total_size=100
Step 180, t=144, state shape: (33,)
RolloutBuffer: _n=100, _p=80, total_size=100
Step 181, t=145, state shape: (33,)
RolloutBuffer: _n=100, _p=81, total_size=100
Step 182, t=146, state shape: (33,)
RolloutBuffer: _n=100, _p=82, total_size=100
Step 183, t=147, state shape: (33,)
RolloutBuffer: _n=100, _p=83, total_size=100
Step 184, t=148, state shape: (33,)
RolloutBuffer: _n=100, _p=84, total_size=100
Step 185, t=149, state shape: (33,)
RolloutBuffer: _n=100, _p=85, total_size=100
Step 186, t=150, state shape: (33,)
RolloutBuffer: _n=100, _p=86, total_size=100
Step 187, t=151, state shape: (33,)
RolloutBuffer: _n=100, _p=87, total_size=100
Step 188, t=152, state shape: (33,)
RolloutBuffer: _n=100, _p=88, total_size=100
Step 189, t=153, state shape: (33,)
RolloutBuffer: _n=100, _p=89, total_size=100
Step 190, t=154, state shape: (33,)
RolloutBuffer: _n=100, _p=90, total_size=100
Step 191, t=155, state shape: (33,)
RolloutBuffer: _n=100, _p=91, total_size=100
Step 192, t=156, state shape: (33,)
RolloutBuffer: _n=100, _p=92, total_size=100
Step 193, t=157, state shape: (33,)
RolloutBuffer: _n=100, _p=93, total_size=100
Step 194, t=158, state shape: (33,)
RolloutBuffer: _n=100, _p=94, total_size=100
Step 195, t=159, state shape: (33,)
RolloutBuffer: _n=100, _p=95, total_size=100
Step 196, t=160, state shape: (33,)
RolloutBuffer: _n=100, _p=96, total_size=100
Step 197, t=161, state shape: (33,)
RolloutBuffer: _n=100, _p=97, total_size=100
Step 198, t=162, state shape: (33,)
RolloutBuffer: _n=100, _p=98, total_size=100
Step 199, t=163, state shape: (33,)
RolloutBuffer: _n=100, _p=99, total_size=100
Step 200, t=164, state shape: (33,)
RolloutBuffer: _n=100, _p=0, total_size=100
[Debug] Log probabilities of current policy actions: tensor([[-10.3550],
        [-11.3662],
        [-10.8949],
        [-12.1818],
        [-13.0264],
        [-10.5885],
        [-12.7485],
        [-11.1857],
        [-11.2537],
        [ -7.8837],
        [-11.7089],
        [-10.3643],
        [-12.6890],
        [-10.4858],
        [-13.4657],
        [ -8.8561],
        [-10.3643],
        [-11.9986],
        [-13.0264],
        [ -9.2747],
        [-12.3388],
        [-14.0738],
        [ -8.8561],
        [ -9.3511],
        [-13.6344],
        [-11.7572],
        [-10.5856],
        [-12.3953],
        [-14.0738],
        [-12.4301],
        [-14.1640],
        [-11.8598],
        [ -7.7699],
        [-13.3142],
        [ -9.8019],
        [-12.8697],
        [-11.2537],
        [-11.3573],
        [-13.3521],
        [-10.5588],
        [ -8.4572],
        [-11.3228],
        [-13.2916],
        [-10.9157],
        [-13.3142],
        [-12.1261],
        [-12.1064],
        [ -9.8065],
        [-10.3550],
        [-13.5098],
        [-11.8483],
        [-11.9986],
        [ -9.9686],
        [-10.5588],
        [-11.9574],
        [-13.6035],
        [-12.2823],
        [-11.7572],
        [-11.3228],
        [-10.4810],
        [-14.0532],
        [-10.3116],
        [-11.3228],
        [-12.2823]], device='cuda:0')
[Debug] actions_exp max:
1.0
min:
-1.0
[Debug] Log probabilities of expert actions: tensor([[-13.1409],
        [-15.3363],
        [-13.6931],
        [-12.7595],
        [-16.0530],
        [-24.6756],
        [-13.5996],
        [-30.1181],
        [-14.3045],
        [-16.5679],
        [-30.1861],
        [-26.8263],
        [-14.3614],
        [-12.7912],
        [-12.3599],
        [-40.7525],
        [-12.1896],
        [-14.0364],
        [-12.7392],
        [-13.1152],
        [-13.0885],
        [-12.8191],
        [-27.4030],
        [-13.9710],
        [-12.9575],
        [-12.9741],
        [-13.5484],
        [-12.5255],
        [-25.3033],
        [-11.8894],
        [-11.9426],
        [-12.8552],
        [-12.1723],
        [-23.6115],
        [-14.4326],
        [-13.3470],
        [-14.0727],
        [-11.8484],
        [-12.9738],
        [-13.5774],
        [-40.8462],
        [-12.0806],
        [-11.9277],
        [-15.5137],
        [-13.3459],
        [-13.8429],
        [-13.7061],
        [-14.0898],
        [-15.3069],
        [-14.9171],
        [-12.1254],
        [-13.8192],
        [-38.4721],
        [-28.5553],
        [-13.1277],
        [-27.4566],
        [-12.0943],
        [-15.0060],
        [-13.3638],
        [-14.0744],
        [-11.7144],
        [-14.0767],
        [-14.1793],
        [-13.0341]], device='cuda:0')
[Debug] Log probabilities of current policy actions: tensor([[-11.0383],
        [ -8.8561],
        [ -9.5290],
        [-10.7699],
        [-11.9574],
        [-13.5098],
        [-10.4858],
        [-14.0738],
        [-11.9782],
        [-11.0644],
        [-11.3573],
        [-11.6047],
        [-13.6035],
        [-10.5885],
        [-10.7295],
        [-11.2031],
        [-12.6890],
        [-13.2916],
        [-11.7089],
        [-12.1818],
        [-10.9157],
        [-10.8122],
        [-11.2376],
        [-12.8697],
        [-10.9157],
        [ -9.6552],
        [-11.8812],
        [-13.8311],
        [-12.7485],
        [-12.4301],
        [-11.3228],
        [-11.2376],
        [-10.9157],
        [-12.3388],
        [-12.2823],
        [-12.4059],
        [-12.8697],
        [-11.6075],
        [-13.3521],
        [-11.3573],
        [-11.0644],
        [-12.7485],
        [ -7.8837],
        [-13.9741],
        [-10.8234],
        [-10.5885],
        [ -9.2747],
        [-11.9450],
        [-12.3388],
        [-11.0644],
        [-13.9741],
        [-13.5098],
        [-10.7699],
        [-13.0264],
        [-11.7408],
        [-14.1640],
        [-12.8918],
        [-11.9574],
        [-10.9718],
        [-12.7378],
        [-10.3643],
        [-10.5856],
        [-10.8949],
        [-13.6344]], device='cuda:0')
[Debug] actions_exp max:
1.0000001192092896
min:
-1.0
[Debug] Log probabilities of expert actions: tensor([[-13.0609],
        [-38.3974],
        [-12.3179],
        [-11.4640],
        [-13.8913],
        [-16.5637],
        [-15.2101],
        [-12.0828],
        [-12.8289],
        [-11.9000],
        [-11.9112],
        [-27.6953],
        [-13.6134],
        [-24.6606],
        [-13.1888],
        [-23.8479],
        [-13.1217],
        [-31.3293],
        [-28.4544],
        [-13.1451],
        [-12.1238],
        [-13.4538],
        [-14.0679],
        [-14.0246],
        [-12.1450],
        [-13.7466],
        [-14.0388],
        [-11.8517],
        [-12.8732],
        [-13.7053],
        [-28.9569],
        [-13.0456],
        [-27.2408],
        [-15.2998],
        [-14.5163],
        [-11.7307],
        [-14.4067],
        [-12.1835],
        [-15.1833],
        [-11.9426],
        [-11.9326],
        [-14.1304],
        [-24.2716],
        [-37.2584],
        [-13.1086],
        [-27.4216],
        [-13.1086],
        [-11.9112],
        [-13.5521],
        [-12.3455],
        [-13.0060],
        [-14.0755],
        [-14.0371],
        [-31.3293],
        [-12.3424],
        [-24.2746],
        [-11.7241],
        [-12.1690],
        [-16.0530],
        [-12.8932],
        [-15.2961],
        [-12.8766],
        [-15.6464],
        [-14.0206]], device='cuda:0')
[Debug] Log probabilities of current policy actions: tensor([[-12.5276],
        [-11.2376],
        [-11.8483],
        [-11.8598],
        [ -8.4572],
        [-13.6998],
        [-11.0386],
        [-11.2331],
        [-12.6890],
        [-10.4275],
        [-13.9741],
        [-11.9782],
        [-10.5588],
        [-10.7295],
        [-12.4059],
        [-14.1653],
        [-10.5856],
        [-11.2376],
        [-11.2331],
        [-12.8918],
        [-12.1818],
        [-14.0532],
        [-12.8141],
        [-10.9718],
        [-10.9157],
        [-11.8812],
        [-14.0738],
        [-10.4810],
        [-10.7295],
        [-11.6348],
        [-11.8964],
        [-11.1857],
        [-12.8697],
        [-13.8311],
        [-11.8964],
        [-10.7661],
        [-10.8949],
        [ -9.8019],
        [-10.4810],
        [-11.8964],
        [-12.8555],
        [-12.2823],
        [-11.1857],
        [-11.2537],
        [-10.8234],
        [ -9.8019],
        [ -9.8065],
        [-13.0462],
        [-13.2916],
        [-10.7295],
        [-11.9986],
        [-10.3550],
        [-10.7699],
        [ -9.8065],
        [-11.7572],
        [-12.1064],
        [-10.4275],
        [-10.7699],
        [-11.2031],
        [ -9.7712],
        [-11.3573],
        [ -8.4572],
        [-10.7699],
        [-12.9956]], device='cuda:0')
[Debug] actions_exp max:
1.0
min:
-1.0000001192092896
[Debug] Log probabilities of expert actions: tensor([[-27.5242],
        [-13.1078],
        [-15.2708],
        [-11.7303],
        [-15.3155],
        [-13.4853],
        [-13.3631],
        [-29.6189],
        [-13.4813],
        [-13.5416],
        [-13.8459],
        [-12.9880],
        [-13.6123],
        [-12.9177],
        [-15.4889],
        [-13.9699],
        [-11.8224],
        [-17.0710],
        [-12.4899],
        [-13.0840],
        [-12.2384],
        [-12.3141],
        [-24.9649],
        [-13.2802],
        [-23.6242],
        [-11.1821],
        [-27.1991],
        [-13.7612],
        [-15.4901],
        [-15.5104],
        [-12.5191],
        [-11.2992],
        [-13.0168],
        [-12.3118],
        [-15.2489],
        [-14.8394],
        [-12.8373],
        [-14.6979],
        [-11.9563],
        [-29.6378],
        [-14.9544],
        [-11.8432],
        [-13.3653],
        [-12.5130],
        [-27.6841],
        [-26.4305],
        [-28.9965],
        [-12.3074],
        [-13.1371],
        [-12.1814],
        [-12.1690],
        [-13.2855],
        [-40.7525],
        [-13.1504],
        [-12.9206],
        [-13.1266],
        [-13.8399],
        [-53.3444],
        [-12.8151],
        [-12.9833],
        [-11.6828],
        [-12.2131],
        [-12.2505],
        [-14.6442]], device='cuda:0')
[Debug] Rewards: tensor([[11.2928],
        [10.5616],
        [11.6196],
        [10.1520],
        [12.6719],
        [11.0969],
        [13.4812],
        [11.5844],
        [ 8.2683],
        [ 9.3673],
        [10.1378],
        [11.5690],
        [ 9.6732],
        [ 9.3199],
        [10.1176],
        [10.0410],
        [11.1424],
        [13.4422],
        [12.9498],
        [11.4762],
        [10.8192],
        [12.4026],
        [ 9.0694],
        [13.0488],
        [ 9.8573],
        [ 8.0775],
        [10.1250],
        [11.7096],
        [11.5409],
        [11.9506],
        [12.9350],
        [15.0750],
        [11.5602],
        [ 9.4604],
        [ 9.3320],
        [12.4590],
        [12.2385],
        [13.7289],
        [10.5896],
        [13.4689],
        [12.3393],
        [11.3435],
        [13.5413],
        [ 9.0520],
        [11.3052],
        [10.7914],
        [10.4353],
        [12.7060],
        [11.0640],
        [11.4070],
        [10.5154],
        [13.3211],
        [12.8515],
        [ 9.7290],
        [10.9246],
        [10.3691],
        [ 7.3400],
        [10.3924],
        [11.0266],
        [12.6056],
        [14.2642],
        [11.4842],
        [12.1792],
        [10.6603],
        [12.3177],
        [ 9.9971],
        [12.0953],
        [12.5720],
        [11.7645],
        [11.9046],
        [12.3190],
        [10.3195],
        [13.7663],
        [ 7.4048],
        [11.7775],
        [12.3616],
        [11.7010],
        [11.2470],
        [10.7601],
        [12.2398],
        [12.5923],
        [11.2652],
        [11.3898],
        [13.6104],
        [12.0410],
        [11.3106],
        [11.7073],
        [11.2193],
        [10.8187],
        [13.7833],
        [13.4129],
        [11.0721],
        [10.2017],
        [ 9.1839],
        [10.4571],
        [12.9853],
        [11.4487],
        [13.1068],
        [10.5249],
        [ 8.2860]], device='cuda:0')
[Debug] Reward mean: 11.3603, std: 1.5130
[Debug] actions_exp max:
0.9951135516166687
min:
-0.9958121180534363
[Debug] actions_exp max:
0.9951135516166687
min:
-0.9958121180534363
[Debug] actions_exp max:
0.9951135516166687
min:
-0.9958121180534363
[Debug] actions_exp max:
0.9951135516166687
min:
-0.9958121180534363
[Debug] actions_exp max:
0.9951135516166687
min:
-0.9958121180534363
[Debug] actions_exp max:
0.9951135516166687
min:
-0.9958121180534363
[Debug] actions_exp max:
0.9951135516166687
min:
-0.9958121180534363
[Debug] actions_exp max:
0.9951135516166687
min:
-0.9958121180534363
[Debug] actions_exp max:
0.9951135516166687
min:
-0.9958121180534363
[Debug] actions_exp max:
0.9951135516166687
min:
-0.9958121180534363
[Debug] actions_exp max:
0.9951135516166687
min:
-0.9958121180534363
[Debug] actions_exp max:
0.9951135516166687
min:
-0.9958121180534363
[Debug] actions_exp max:
0.9951135516166687
min:
-0.9958121180534363
[Debug] actions_exp max:
0.9951135516166687
min:
-0.9958121180534363
[Debug] actions_exp max:
0.9951135516166687
min:
-0.9958121180534363
[Debug] actions_exp max:
0.9951135516166687
min:
-0.9958121180534363
[Debug] actions_exp max:
0.9951135516166687
min:
-0.9958121180534363
[Debug] actions_exp max:
0.9951135516166687
min:
-0.9958121180534363
[Debug] actions_exp max:
0.9951135516166687
min:
-0.9958121180534363
[Debug] actions_exp max:
0.9951135516166687
min:
-0.9958121180534363
[Debug] actions_exp max:
0.9951135516166687
min:
-0.9958121180534363
[Debug] actions_exp max:
0.9951135516166687
min:
-0.9958121180534363
[Debug] actions_exp max:
0.9951135516166687
min:
-0.9958121180534363
[Debug] actions_exp max:
0.9951135516166687
min:
-0.9958121180534363
[Debug] actions_exp max:
0.9951135516166687
min:
-0.9958121180534363
[Debug] actions_exp max:
0.9951135516166687
min:
-0.9958121180534363
[Debug] actions_exp max:
0.9951135516166687
min:
-0.9958121180534363
[Debug] actions_exp max:
0.9951135516166687
min:
-0.9958121180534363
[Debug] actions_exp max:
0.9951135516166687
min:
-0.9958121180534363
[Debug] actions_exp max:
0.9951135516166687
min:
-0.9958121180534363
[Debug] actions_exp max:
0.9951135516166687
min:
-0.9958121180534363
[Debug] actions_exp max:
0.9951135516166687
min:
-0.9958121180534363
[Debug] actions_exp max:
0.9951135516166687
min:
-0.9958121180534363
[Debug] actions_exp max:
0.9951135516166687
min:
-0.9958121180534363
[Debug] actions_exp max:
0.9951135516166687
min:
-0.9958121180534363
[Debug] actions_exp max:
0.9951135516166687
min:
-0.9958121180534363
[Debug] actions_exp max:
0.9951135516166687
min:
-0.9958121180534363
[Debug] actions_exp max:
0.9951135516166687
min:
-0.9958121180534363
[Debug] actions_exp max:
0.9951135516166687
min:
-0.9958121180534363
[Debug] actions_exp max:
0.9951135516166687
min:
-0.9958121180534363
[Debug] actions_exp max:
0.9951135516166687
min:
-0.9958121180534363
[Debug] actions_exp max:
0.9951135516166687
min:
-0.9958121180534363
[Debug] actions_exp max:
0.9951135516166687
min:
-0.9958121180534363
[Debug] actions_exp max:
0.9951135516166687
min:
-0.9958121180534363
[Debug] actions_exp max:
0.9951135516166687
min:
-0.9958121180534363
[Debug] actions_exp max:
0.9951135516166687
min:
-0.9958121180534363
[Debug] actions_exp max:
0.9951135516166687
min:
-0.9958121180534363
[Debug] actions_exp max:
0.9951135516166687
min:
-0.9958121180534363
[Debug] actions_exp max:
0.9951135516166687
min:
-0.9958121180534363
[Debug] actions_exp max:
0.9951135516166687
min:
-0.9958121180534363
Step 201, t=165, state shape: (33,)
RolloutBuffer: _n=100, _p=1, total_size=100
Step 202, t=166, state shape: (33,)
RolloutBuffer: _n=100, _p=2, total_size=100
Step 203, t=167, state shape: (33,)
RolloutBuffer: _n=100, _p=3, total_size=100
Step 204, t=168, state shape: (33,)
RolloutBuffer: _n=100, _p=4, total_size=100
Step 205, t=169, state shape: (33,)
RolloutBuffer: _n=100, _p=5, total_size=100
Step 206, t=170, state shape: (33,)
RolloutBuffer: _n=100, _p=6, total_size=100
Step 207, t=171, state shape: (33,)
RolloutBuffer: _n=100, _p=7, total_size=100
Step 208, t=172, state shape: (33,)
RolloutBuffer: _n=100, _p=8, total_size=100
Step 209, t=173, state shape: (33,)
RolloutBuffer: _n=100, _p=9, total_size=100
Step 210, t=174, state shape: (33,)
RolloutBuffer: _n=100, _p=10, total_size=100
Step 211, t=175, state shape: (33,)
RolloutBuffer: _n=100, _p=11, total_size=100
Step 212, t=176, state shape: (33,)
RolloutBuffer: _n=100, _p=12, total_size=100
Step 213, t=177, state shape: (33,)
RolloutBuffer: _n=100, _p=13, total_size=100
Step 214, t=178, state shape: (33,)
RolloutBuffer: _n=100, _p=14, total_size=100
Step 215, t=179, state shape: (33,)
RolloutBuffer: _n=100, _p=15, total_size=100
Step 216, t=180, state shape: (33,)
RolloutBuffer: _n=100, _p=16, total_size=100
Step 217, t=181, state shape: (33,)
RolloutBuffer: _n=100, _p=17, total_size=100
Step 218, t=182, state shape: (33,)
RolloutBuffer: _n=100, _p=18, total_size=100
Step 219, t=183, state shape: (33,)
RolloutBuffer: _n=100, _p=19, total_size=100
Step 220, t=184, state shape: (33,)
RolloutBuffer: _n=100, _p=20, total_size=100
Step 221, t=185, state shape: (33,)
RolloutBuffer: _n=100, _p=21, total_size=100
Step 222, t=186, state shape: (33,)
RolloutBuffer: _n=100, _p=22, total_size=100
Step 223, t=187, state shape: (33,)
RolloutBuffer: _n=100, _p=23, total_size=100
Step 224, t=188, state shape: (33,)
RolloutBuffer: _n=100, _p=24, total_size=100
Step 225, t=189, state shape: (33,)
RolloutBuffer: _n=100, _p=25, total_size=100
Step 226, t=190, state shape: (33,)
RolloutBuffer: _n=100, _p=26, total_size=100
Step 227, t=191, state shape: (33,)
RolloutBuffer: _n=100, _p=27, total_size=100
Step 228, t=192, state shape: (33,)
RolloutBuffer: _n=100, _p=28, total_size=100
Step 229, t=193, state shape: (33,)
RolloutBuffer: _n=100, _p=29, total_size=100
Step 230, t=194, state shape: (33,)
RolloutBuffer: _n=100, _p=30, total_size=100
Step 231, t=195, state shape: (33,)
RolloutBuffer: _n=100, _p=31, total_size=100
Step 232, t=196, state shape: (33,)
RolloutBuffer: _n=100, _p=32, total_size=100
Step 233, t=197, state shape: (33,)
RolloutBuffer: _n=100, _p=33, total_size=100
Step 234, t=198, state shape: (33,)
RolloutBuffer: _n=100, _p=34, total_size=100
Step 235, t=199, state shape: (33,)
RolloutBuffer: _n=100, _p=35, total_size=100
Step 236, t=200, state shape: (33,)
RolloutBuffer: _n=100, _p=36, total_size=100
Step 237, t=201, state shape: (33,)
RolloutBuffer: _n=100, _p=37, total_size=100
Step 238, t=202, state shape: (33,)
RolloutBuffer: _n=100, _p=38, total_size=100
Step 239, t=203, state shape: (33,)
RolloutBuffer: _n=100, _p=39, total_size=100
Step 240, t=204, state shape: (33,)
RolloutBuffer: _n=100, _p=40, total_size=100
Step 241, t=205, state shape: (33,)
RolloutBuffer: _n=100, _p=41, total_size=100
Step 242, t=206, state shape: (33,)
RolloutBuffer: _n=100, _p=42, total_size=100
Step 243, t=207, state shape: (33,)
RolloutBuffer: _n=100, _p=43, total_size=100
Step 244, t=208, state shape: (33,)
RolloutBuffer: _n=100, _p=44, total_size=100
Step 245, t=209, state shape: (33,)
RolloutBuffer: _n=100, _p=45, total_size=100
Step 246, t=210, state shape: (33,)
RolloutBuffer: _n=100, _p=46, total_size=100
Step 247, t=211, state shape: (33,)
RolloutBuffer: _n=100, _p=47, total_size=100
Step 248, t=212, state shape: (33,)
RolloutBuffer: _n=100, _p=48, total_size=100
Step 249, t=213, state shape: (33,)
RolloutBuffer: _n=100, _p=49, total_size=100
Step 250, t=214, state shape: (33,)
RolloutBuffer: _n=100, _p=50, total_size=100
Step 251, t=215, state shape: (33,)
RolloutBuffer: _n=100, _p=51, total_size=100
Step 252, t=216, state shape: (33,)
RolloutBuffer: _n=100, _p=52, total_size=100
Step 253, t=217, state shape: (33,)
RolloutBuffer: _n=100, _p=53, total_size=100
Step 254, t=218, state shape: (33,)
RolloutBuffer: _n=100, _p=54, total_size=100
Step 255, t=219, state shape: (33,)
RolloutBuffer: _n=100, _p=55, total_size=100
Step 256, t=220, state shape: (33,)
RolloutBuffer: _n=100, _p=56, total_size=100
Step 257, t=221, state shape: (33,)
RolloutBuffer: _n=100, _p=57, total_size=100
Step 258, t=1, state shape: (33,)
RolloutBuffer: _n=100, _p=58, total_size=100
Step 259, t=2, state shape: (33,)
RolloutBuffer: _n=100, _p=59, total_size=100
Step 260, t=3, state shape: (33,)
RolloutBuffer: _n=100, _p=60, total_size=100
Step 261, t=4, state shape: (33,)
RolloutBuffer: _n=100, _p=61, total_size=100
Step 262, t=5, state shape: (33,)
RolloutBuffer: _n=100, _p=62, total_size=100
Step 263, t=6, state shape: (33,)
RolloutBuffer: _n=100, _p=63, total_size=100
Step 264, t=7, state shape: (33,)
RolloutBuffer: _n=100, _p=64, total_size=100
Step 265, t=8, state shape: (33,)
RolloutBuffer: _n=100, _p=65, total_size=100
Step 266, t=9, state shape: (33,)
RolloutBuffer: _n=100, _p=66, total_size=100
Step 267, t=10, state shape: (33,)
RolloutBuffer: _n=100, _p=67, total_size=100
Step 268, t=11, state shape: (33,)
RolloutBuffer: _n=100, _p=68, total_size=100
Step 269, t=12, state shape: (33,)
RolloutBuffer: _n=100, _p=69, total_size=100
Step 270, t=13, state shape: (33,)
RolloutBuffer: _n=100, _p=70, total_size=100
Step 271, t=14, state shape: (33,)
RolloutBuffer: _n=100, _p=71, total_size=100
Step 272, t=15, state shape: (33,)
RolloutBuffer: _n=100, _p=72, total_size=100
Step 273, t=16, state shape: (33,)
RolloutBuffer: _n=100, _p=73, total_size=100
Step 274, t=17, state shape: (33,)
RolloutBuffer: _n=100, _p=74, total_size=100
Step 275, t=18, state shape: (33,)
RolloutBuffer: _n=100, _p=75, total_size=100
Step 276, t=19, state shape: (33,)
RolloutBuffer: _n=100, _p=76, total_size=100
Step 277, t=20, state shape: (33,)
RolloutBuffer: _n=100, _p=77, total_size=100
Step 278, t=21, state shape: (33,)
RolloutBuffer: _n=100, _p=78, total_size=100
Step 279, t=22, state shape: (33,)
RolloutBuffer: _n=100, _p=79, total_size=100
Step 280, t=23, state shape: (33,)
RolloutBuffer: _n=100, _p=80, total_size=100
Step 281, t=24, state shape: (33,)
RolloutBuffer: _n=100, _p=81, total_size=100
Step 282, t=25, state shape: (33,)
RolloutBuffer: _n=100, _p=82, total_size=100
Step 283, t=26, state shape: (33,)
RolloutBuffer: _n=100, _p=83, total_size=100
Step 284, t=27, state shape: (33,)
RolloutBuffer: _n=100, _p=84, total_size=100
Step 285, t=28, state shape: (33,)
RolloutBuffer: _n=100, _p=85, total_size=100
Step 286, t=29, state shape: (33,)
RolloutBuffer: _n=100, _p=86, total_size=100
Step 287, t=30, state shape: (33,)
RolloutBuffer: _n=100, _p=87, total_size=100
Step 288, t=31, state shape: (33,)
RolloutBuffer: _n=100, _p=88, total_size=100
Step 289, t=32, state shape: (33,)
RolloutBuffer: _n=100, _p=89, total_size=100
Step 290, t=33, state shape: (33,)
RolloutBuffer: _n=100, _p=90, total_size=100
Step 291, t=34, state shape: (33,)
RolloutBuffer: _n=100, _p=91, total_size=100
Step 292, t=35, state shape: (33,)
RolloutBuffer: _n=100, _p=92, total_size=100
Step 293, t=36, state shape: (33,)
RolloutBuffer: _n=100, _p=93, total_size=100
Step 294, t=37, state shape: (33,)
RolloutBuffer: _n=100, _p=94, total_size=100
Step 295, t=38, state shape: (33,)
RolloutBuffer: _n=100, _p=95, total_size=100
Step 296, t=39, state shape: (33,)
RolloutBuffer: _n=100, _p=96, total_size=100
Step 297, t=40, state shape: (33,)
RolloutBuffer: _n=100, _p=97, total_size=100
Step 298, t=1, state shape: (33,)
RolloutBuffer: _n=100, _p=98, total_size=100
Step 299, t=2, state shape: (33,)
RolloutBuffer: _n=100, _p=99, total_size=100
Step 300, t=3, state shape: (33,)
RolloutBuffer: _n=100, _p=0, total_size=100
[Debug] Log probabilities of current policy actions: tensor([[ -9.2110],
        [-12.1807],
        [ -9.6990],
        [-12.8772],
        [-13.6040],
        [-11.9026],
        [-10.6495],
        [ -9.2934],
        [-11.9090],
        [-12.3151],
        [ -9.7110],
        [-12.6696],
        [ -8.9978],
        [-12.3151],
        [-12.1206],
        [-11.0945],
        [-11.6193],
        [-10.3417],
        [-10.9906],
        [-10.9906],
        [-11.0945],
        [-12.1781],
        [-11.7005],
        [-12.8772],
        [-11.1288],
        [-13.3159],
        [ -9.3506],
        [-12.4773],
        [ -9.8473],
        [-11.1234],
        [-12.1206],
        [-11.1884],
        [-12.3823],
        [-11.9026],
        [-11.6372],
        [ -9.7138],
        [ -9.3506],
        [-11.0258],
        [ -9.3506],
        [-11.1973],
        [-12.9572],
        [ -9.4644],
        [-13.5998],
        [ -8.7785],
        [-12.0235],
        [-11.7005],
        [-10.9906],
        [-12.8398],
        [-12.2385],
        [ -8.8294],
        [-12.0702],
        [-12.1206],
        [ -9.7110],
        [-13.7412],
        [-12.5095],
        [-13.3919],
        [-10.8233],
        [-11.7117],
        [-10.5651],
        [-12.1652],
        [ -9.7138],
        [-10.3417],
        [-12.3151],
        [-11.2351]], device='cuda:0')
[Debug] actions_exp max:
1.0
min:
-1.0
[Debug] Log probabilities of expert actions: tensor([[-14.2798],
        [-15.2530],
        [-24.3598],
        [-13.4053],
        [-15.6297],
        [-14.4472],
        [-14.8064],
        [-13.0665],
        [-13.9973],
        [-11.8485],
        [-13.8072],
        [-13.9601],
        [-15.5028],
        [-13.9553],
        [-11.5099],
        [-15.1650],
        [-30.3340],
        [-12.1813],
        [-12.8028],
        [-28.9983],
        [-12.0290],
        [-13.3859],
        [-13.7803],
        [-13.5333],
        [-13.2892],
        [-12.7099],
        [-13.5063],
        [-13.5394],
        [-13.6917],
        [-13.1618],
        [-24.9833],
        [-12.1936],
        [-13.3653],
        [-12.9278],
        [-12.5453],
        [-15.2820],
        [-14.2728],
        [-13.4540],
        [-13.5063],
        [-12.2808],
        [-11.6216],
        [-24.5855],
        [-14.8003],
        [-11.8638],
        [-27.2215],
        [-24.9796],
        [-15.6147],
        [-12.8042],
        [-14.3985],
        [-14.7541],
        [-13.5549],
        [-13.3204],
        [-24.4453],
        [-12.8781],
        [-12.4978],
        [-29.1327],
        [-14.7133],
        [-12.9205],
        [-15.1634],
        [-12.8060],
        [-15.6739],
        [-15.1789],
        [-30.3340],
        [-12.1778]], device='cuda:0')
[Debug] Log probabilities of current policy actions: tensor([[-10.3628],
        [-11.9624],
        [-11.6193],
        [-12.4773],
        [-12.1206],
        [-10.5651],
        [-12.2385],
        [ -9.8931],
        [-12.0702],
        [-12.1807],
        [ -9.9453],
        [-13.6040],
        [-13.1823],
        [-12.5743],
        [ -9.4592],
        [-11.5673],
        [-11.2351],
        [-12.0597],
        [-12.2385],
        [-11.5673],
        [-10.3628],
        [-11.1288],
        [-12.2385],
        [-13.3919],
        [ -8.7785],
        [-12.4773],
        [-11.9090],
        [ -8.7785],
        [-12.5095],
        [ -9.0504],
        [-12.5058],
        [ -9.1259],
        [-13.5883],
        [-12.4773],
        [-12.3823],
        [ -8.9978],
        [-11.1234],
        [-10.6495],
        [ -9.6311],
        [-12.5095],
        [-13.7412],
        [ -8.8294],
        [ -9.4644],
        [ -9.4644],
        [-10.9906],
        [ -9.0504],
        [-11.6372],
        [-12.0597],
        [-10.9073],
        [-10.5651],
        [-11.9026],
        [-11.9624],
        [-12.1807],
        [ -9.8931],
        [-12.7081],
        [-12.7081],
        [-12.6696],
        [-12.2374],
        [ -8.8294],
        [-12.8398],
        [-12.7474],
        [-10.6129],
        [-11.7117],
        [-11.3415]], device='cuda:0')
[Debug] actions_exp max:
1.0000001192092896
min:
-1.0000001192092896
[Debug] Log probabilities of expert actions: tensor([[-16.7733],
        [-13.3819],
        [-12.2267],
        [-30.3340],
        [-27.9249],
        [-14.5135],
        [-27.7717],
        [-15.5098],
        [-15.1710],
        [-29.1621],
        [-13.0233],
        [-12.7770],
        [-14.5135],
        [-39.0316],
        [-27.9930],
        [-12.5879],
        [-12.6955],
        [-16.3695],
        [-14.1342],
        [-14.8073],
        [-12.7850],
        [-12.2638],
        [-15.2949],
        [-26.4507],
        [-11.9260],
        [-13.7850],
        [-13.9601],
        [-14.5308],
        [-13.1618],
        [-27.9662],
        [-12.8458],
        [-13.1495],
        [-12.0747],
        [-12.9249],
        [-13.8071],
        [-12.7099],
        [-13.3259],
        [-26.9482],
        [-30.3425],
        [-13.4053],
        [-13.8331],
        [-13.4232],
        [-14.6797],
        [-24.4537],
        [-12.6988],
        [-16.7760],
        [-14.3732],
        [-12.1021],
        [-12.8051],
        [-14.0573],
        [-11.7450],
        [-14.7189],
        [-13.7991],
        [-14.2798],
        [-14.7889],
        [-12.9597],
        [-12.4540],
        [-13.8114],
        [-11.8051],
        [-12.8398],
        [-12.5017],
        [-11.8558],
        [-27.9591],
        [-11.5646]], device='cuda:0')
[Debug] Log probabilities of current policy actions: tensor([[-11.1288],
        [-12.4773],
        [ -8.8000],
        [-12.7081],
        [-12.5743],
        [-13.0719],
        [ -8.8000],
        [ -9.0504],
        [-12.0784],
        [ -9.4592],
        [ -9.9160],
        [-11.2351],
        [-12.7081],
        [-11.6801],
        [-11.3415],
        [ -9.4644],
        [ -9.8148],
        [-12.5095],
        [-12.2374],
        [-12.4773],
        [-11.6801],
        [-12.7081],
        [-13.1335],
        [-12.7081],
        [-12.5058],
        [-11.5673],
        [-13.7412],
        [-13.3919],
        [-11.6193],
        [-12.9572],
        [-11.1884],
        [-12.4638],
        [ -7.9392],
        [-11.7005],
        [ -9.0504],
        [-13.1335],
        [-14.2270],
        [-11.3415],
        [-12.7081],
        [-12.0235],
        [-11.1288],
        [-10.3628],
        [ -8.8000],
        [ -9.7110],
        [ -9.8148],
        [ -9.0504],
        [-11.7005],
        [-12.4638],
        [-11.1590],
        [-11.7005],
        [-11.6801],
        [-12.3823],
        [ -9.3506],
        [-12.7081],
        [-11.5993],
        [-12.7081],
        [-12.3680],
        [ -9.6990],
        [-11.6193],
        [-12.5058],
        [-11.6193],
        [-12.5058],
        [-12.6696],
        [-12.6696]], device='cuda:0')
[Debug] actions_exp max:
1.0000001192092896
min:
-1.0
[Debug] Log probabilities of expert actions: tensor([[-11.8052],
        [-13.7958],
        [-14.0375],
        [-11.4832],
        [-13.0192],
        [-13.7784],
        [-14.8064],
        [-13.7077],
        [-13.8174],
        [-12.9293],
        [-12.1800],
        [-15.6378],
        [-25.2076],
        [-38.9541],
        [-14.4710],
        [-13.3653],
        [-13.8161],
        [-13.8114],
        [-13.2964],
        [-12.7008],
        [-13.8176],
        [-24.5462],
        [-12.0470],
        [-12.9042],
        [-12.8798],
        [-11.8080],
        [-13.1713],
        [-14.9558],
        [-12.1778],
        [-12.2315],
        [-12.8562],
        [-13.5494],
        [-12.1861],
        [-52.5846],
        [-13.0179],
        [-13.6984],
        [-12.7473],
        [-13.7581],
        [-13.3800],
        [-12.1962],
        [-12.8161],
        [-13.3800],
        [-14.3927],
        [-26.5156],
        [-29.1929],
        [-15.3534],
        [-13.0502],
        [-27.8938],
        [-12.9359],
        [-13.7942],
        [-14.2798],
        [-13.8186],
        [-12.1134],
        [-14.4584],
        [-14.8073],
        [-12.3032],
        [-12.1084],
        [-14.1717],
        [-12.1131],
        [-30.0623],
        [-14.3828],
        [-12.2549],
        [-11.4793],
        [-13.1713]], device='cuda:0')
[Debug] Rewards: tensor([[ 9.6565],
        [11.1856],
        [11.2333],
        [ 6.9810],
        [ 8.2870],
        [12.3083],
        [10.6333],
        [11.7860],
        [13.5998],
        [10.0080],
        [10.1173],
        [12.3718],
        [11.9160],
        [13.2124],
        [13.3584],
        [ 9.4448],
        [12.1535],
        [10.4641],
        [12.8609],
        [11.7588],
        [13.2586],
        [11.3837],
        [ 9.6785],
        [ 8.2446],
        [12.4424],
        [11.4443],
        [ 8.8257],
        [ 9.2488],
        [12.3339],
        [12.5123],
        [11.8084],
        [11.7283],
        [11.9058],
        [12.3896],
        [ 9.4070],
        [12.5524],
        [10.8505],
        [11.9127],
        [11.0829],
        [13.4506],
        [11.8947],
        [11.7584],
        [10.9420],
        [11.6059],
        [11.3309],
        [11.0348],
        [12.4715],
        [10.9859],
        [12.5275],
        [11.5743],
        [12.3156],
        [11.3081],
        [11.7404],
        [10.3239],
        [10.7760],
        [ 8.6654],
        [10.4822],
        [ 9.8693],
        [10.9749],
        [12.8432],
        [11.1444],
        [ 9.3685],
        [ 8.4985],
        [12.5836],
        [ 7.6709],
        [12.1255],
        [ 9.1203],
        [12.2995],
        [11.8295],
        [11.9061],
        [ 8.7651],
        [12.5474],
        [10.7870],
        [12.9520],
        [13.0314],
        [12.0578],
        [ 9.1606],
        [12.8514],
        [11.5729],
        [11.5548],
        [10.4830],
        [10.2991],
        [11.2322],
        [12.1154],
        [10.6755],
        [11.4815],
        [ 9.3752],
        [ 9.6119],
        [ 8.9160],
        [ 9.1574],
        [12.0475],
        [13.0660],
        [11.7957],
        [11.1484],
        [ 8.7629],
        [10.7087],
        [11.9447],
        [11.8551],
        [11.9827],
        [ 8.6789]], device='cuda:0')
[Debug] Reward mean: 11.1239, std: 1.4523
[Debug] actions_exp max:
0.99725341796875
min:
-0.9987429976463318
[Debug] actions_exp max:
0.99725341796875
min:
-0.9987429976463318
[Debug] actions_exp max:
0.99725341796875
min:
-0.9987429976463318
[Debug] actions_exp max:
0.99725341796875
min:
-0.9987429976463318
[Debug] actions_exp max:
0.99725341796875
min:
-0.9987429976463318
[Debug] actions_exp max:
0.99725341796875
min:
-0.9987429976463318
[Debug] actions_exp max:
0.99725341796875
min:
-0.9987429976463318
[Debug] actions_exp max:
0.99725341796875
min:
-0.9987429976463318
[Debug] actions_exp max:
0.99725341796875
min:
-0.9987429976463318
[Debug] actions_exp max:
0.99725341796875
min:
-0.9987429976463318
[Debug] actions_exp max:
0.99725341796875
min:
-0.9987429976463318
[Debug] actions_exp max:
0.99725341796875
min:
-0.9987429976463318
[Debug] actions_exp max:
0.99725341796875
min:
-0.9987429976463318
[Debug] actions_exp max:
0.99725341796875
min:
-0.9987429976463318
[Debug] actions_exp max:
0.99725341796875
min:
-0.9987429976463318
[Debug] actions_exp max:
0.99725341796875
min:
-0.9987429976463318
[Debug] actions_exp max:
0.99725341796875
min:
-0.9987429976463318
[Debug] actions_exp max:
0.99725341796875
min:
-0.9987429976463318
[Debug] actions_exp max:
0.99725341796875
min:
-0.9987429976463318
[Debug] actions_exp max:
0.99725341796875
min:
-0.9987429976463318
[Debug] actions_exp max:
0.99725341796875
min:
-0.9987429976463318
[Debug] actions_exp max:
0.99725341796875
min:
-0.9987429976463318
[Debug] actions_exp max:
0.99725341796875
min:
-0.9987429976463318
[Debug] actions_exp max:
0.99725341796875
min:
-0.9987429976463318
[Debug] actions_exp max:
0.99725341796875
min:
-0.9987429976463318
[Debug] actions_exp max:
0.99725341796875
min:
-0.9987429976463318
[Debug] actions_exp max:
0.99725341796875
min:
-0.9987429976463318
[Debug] actions_exp max:
0.99725341796875
min:
-0.9987429976463318
[Debug] actions_exp max:
0.99725341796875
min:
-0.9987429976463318
[Debug] actions_exp max:
0.99725341796875
min:
-0.9987429976463318
[Debug] actions_exp max:
0.99725341796875
min:
-0.9987429976463318
[Debug] actions_exp max:
0.99725341796875
min:
-0.9987429976463318
[Debug] actions_exp max:
0.99725341796875
min:
-0.9987429976463318
[Debug] actions_exp max:
0.99725341796875
min:
-0.9987429976463318
[Debug] actions_exp max:
0.99725341796875
min:
-0.9987429976463318
[Debug] actions_exp max:
0.99725341796875
min:
-0.9987429976463318
[Debug] actions_exp max:
0.99725341796875
min:
-0.9987429976463318
[Debug] actions_exp max:
0.99725341796875
min:
-0.9987429976463318
[Debug] actions_exp max:
0.99725341796875
min:
-0.9987429976463318
[Debug] actions_exp max:
0.99725341796875
min:
-0.9987429976463318
[Debug] actions_exp max:
0.99725341796875
min:
-0.9987429976463318
[Debug] actions_exp max:
0.99725341796875
min:
-0.9987429976463318
[Debug] actions_exp max:
0.99725341796875
min:
-0.9987429976463318
[Debug] actions_exp max:
0.99725341796875
min:
-0.9987429976463318
[Debug] actions_exp max:
0.99725341796875
min:
-0.9987429976463318
[Debug] actions_exp max:
0.99725341796875
min:
-0.9987429976463318
[Debug] actions_exp max:
0.99725341796875
min:
-0.9987429976463318
[Debug] actions_exp max:
0.99725341796875
min:
-0.9987429976463318
[Debug] actions_exp max:
0.99725341796875
min:
-0.9987429976463318
[Debug] actions_exp max:
0.99725341796875
min:
-0.9987429976463318
Step 301, t=4, state shape: (33,)
RolloutBuffer: _n=100, _p=1, total_size=100
Step 302, t=5, state shape: (33,)
RolloutBuffer: _n=100, _p=2, total_size=100
Step 303, t=6, state shape: (33,)
RolloutBuffer: _n=100, _p=3, total_size=100
Step 304, t=7, state shape: (33,)
RolloutBuffer: _n=100, _p=4, total_size=100
Step 305, t=8, state shape: (33,)
RolloutBuffer: _n=100, _p=5, total_size=100
Step 306, t=9, state shape: (33,)
RolloutBuffer: _n=100, _p=6, total_size=100
Step 307, t=10, state shape: (33,)
RolloutBuffer: _n=100, _p=7, total_size=100
Step 308, t=11, state shape: (33,)
RolloutBuffer: _n=100, _p=8, total_size=100
Step 309, t=12, state shape: (33,)
RolloutBuffer: _n=100, _p=9, total_size=100
Step 310, t=13, state shape: (33,)
RolloutBuffer: _n=100, _p=10, total_size=100
Step 311, t=14, state shape: (33,)
RolloutBuffer: _n=100, _p=11, total_size=100
Step 312, t=15, state shape: (33,)
RolloutBuffer: _n=100, _p=12, total_size=100
Step 313, t=16, state shape: (33,)
RolloutBuffer: _n=100, _p=13, total_size=100
Step 314, t=17, state shape: (33,)
RolloutBuffer: _n=100, _p=14, total_size=100
Step 315, t=18, state shape: (33,)
RolloutBuffer: _n=100, _p=15, total_size=100
Step 316, t=19, state shape: (33,)
RolloutBuffer: _n=100, _p=16, total_size=100
Step 317, t=20, state shape: (33,)
RolloutBuffer: _n=100, _p=17, total_size=100
Step 318, t=21, state shape: (33,)
RolloutBuffer: _n=100, _p=18, total_size=100
Step 319, t=22, state shape: (33,)
RolloutBuffer: _n=100, _p=19, total_size=100
Step 320, t=23, state shape: (33,)
RolloutBuffer: _n=100, _p=20, total_size=100
Step 321, t=24, state shape: (33,)
RolloutBuffer: _n=100, _p=21, total_size=100
Step 322, t=25, state shape: (33,)
RolloutBuffer: _n=100, _p=22, total_size=100
Step 323, t=26, state shape: (33,)
RolloutBuffer: _n=100, _p=23, total_size=100
Step 324, t=27, state shape: (33,)
RolloutBuffer: _n=100, _p=24, total_size=100
Step 325, t=28, state shape: (33,)
RolloutBuffer: _n=100, _p=25, total_size=100
Step 326, t=29, state shape: (33,)
RolloutBuffer: _n=100, _p=26, total_size=100
Step 327, t=30, state shape: (33,)
RolloutBuffer: _n=100, _p=27, total_size=100
Step 328, t=31, state shape: (33,)
RolloutBuffer: _n=100, _p=28, total_size=100
Step 329, t=32, state shape: (33,)
RolloutBuffer: _n=100, _p=29, total_size=100
Step 330, t=33, state shape: (33,)
RolloutBuffer: _n=100, _p=30, total_size=100
Step 331, t=34, state shape: (33,)
RolloutBuffer: _n=100, _p=31, total_size=100
Step 332, t=35, state shape: (33,)
RolloutBuffer: _n=100, _p=32, total_size=100
Step 333, t=36, state shape: (33,)
RolloutBuffer: _n=100, _p=33, total_size=100
Step 334, t=37, state shape: (33,)
RolloutBuffer: _n=100, _p=34, total_size=100
Step 335, t=38, state shape: (33,)
RolloutBuffer: _n=100, _p=35, total_size=100
Step 336, t=39, state shape: (33,)
RolloutBuffer: _n=100, _p=36, total_size=100
Step 337, t=40, state shape: (33,)
RolloutBuffer: _n=100, _p=37, total_size=100
Step 338, t=41, state shape: (33,)
RolloutBuffer: _n=100, _p=38, total_size=100
Step 339, t=42, state shape: (33,)
RolloutBuffer: _n=100, _p=39, total_size=100
Step 340, t=1, state shape: (33,)
RolloutBuffer: _n=100, _p=40, total_size=100
Step 341, t=2, state shape: (33,)
RolloutBuffer: _n=100, _p=41, total_size=100
Step 342, t=3, state shape: (33,)
RolloutBuffer: _n=100, _p=42, total_size=100
Step 343, t=4, state shape: (33,)
RolloutBuffer: _n=100, _p=43, total_size=100
Step 344, t=5, state shape: (33,)
RolloutBuffer: _n=100, _p=44, total_size=100
Step 345, t=6, state shape: (33,)
RolloutBuffer: _n=100, _p=45, total_size=100
Step 346, t=7, state shape: (33,)
RolloutBuffer: _n=100, _p=46, total_size=100
Step 347, t=8, state shape: (33,)
RolloutBuffer: _n=100, _p=47, total_size=100
Step 348, t=9, state shape: (33,)
RolloutBuffer: _n=100, _p=48, total_size=100
Step 349, t=10, state shape: (33,)
RolloutBuffer: _n=100, _p=49, total_size=100
Step 350, t=11, state shape: (33,)
RolloutBuffer: _n=100, _p=50, total_size=100
Step 351, t=12, state shape: (33,)
RolloutBuffer: _n=100, _p=51, total_size=100
Step 352, t=13, state shape: (33,)
RolloutBuffer: _n=100, _p=52, total_size=100
Step 353, t=14, state shape: (33,)
RolloutBuffer: _n=100, _p=53, total_size=100
Step 354, t=15, state shape: (33,)
RolloutBuffer: _n=100, _p=54, total_size=100
Step 355, t=16, state shape: (33,)
RolloutBuffer: _n=100, _p=55, total_size=100
Step 356, t=17, state shape: (33,)
RolloutBuffer: _n=100, _p=56, total_size=100
Step 357, t=18, state shape: (33,)
RolloutBuffer: _n=100, _p=57, total_size=100
Step 358, t=19, state shape: (33,)
RolloutBuffer: _n=100, _p=58, total_size=100
Step 359, t=20, state shape: (33,)
RolloutBuffer: _n=100, _p=59, total_size=100
Step 360, t=21, state shape: (33,)
RolloutBuffer: _n=100, _p=60, total_size=100
Step 361, t=22, state shape: (33,)
RolloutBuffer: _n=100, _p=61, total_size=100
Step 362, t=23, state shape: (33,)
RolloutBuffer: _n=100, _p=62, total_size=100
Step 363, t=24, state shape: (33,)
RolloutBuffer: _n=100, _p=63, total_size=100
Step 364, t=25, state shape: (33,)
RolloutBuffer: _n=100, _p=64, total_size=100
Step 365, t=26, state shape: (33,)
RolloutBuffer: _n=100, _p=65, total_size=100
Step 366, t=1, state shape: (33,)
RolloutBuffer: _n=100, _p=66, total_size=100
Step 367, t=2, state shape: (33,)
RolloutBuffer: _n=100, _p=67, total_size=100
Step 368, t=3, state shape: (33,)
RolloutBuffer: _n=100, _p=68, total_size=100
Step 369, t=4, state shape: (33,)
RolloutBuffer: _n=100, _p=69, total_size=100
Step 370, t=5, state shape: (33,)
RolloutBuffer: _n=100, _p=70, total_size=100
Step 371, t=6, state shape: (33,)
RolloutBuffer: _n=100, _p=71, total_size=100
Step 372, t=7, state shape: (33,)
RolloutBuffer: _n=100, _p=72, total_size=100
Step 373, t=8, state shape: (33,)
RolloutBuffer: _n=100, _p=73, total_size=100
Step 374, t=9, state shape: (33,)
RolloutBuffer: _n=100, _p=74, total_size=100
Step 375, t=10, state shape: (33,)
RolloutBuffer: _n=100, _p=75, total_size=100
Step 376, t=11, state shape: (33,)
RolloutBuffer: _n=100, _p=76, total_size=100
Step 377, t=12, state shape: (33,)
RolloutBuffer: _n=100, _p=77, total_size=100
Step 378, t=13, state shape: (33,)
RolloutBuffer: _n=100, _p=78, total_size=100
Step 379, t=14, state shape: (33,)
RolloutBuffer: _n=100, _p=79, total_size=100
Step 380, t=15, state shape: (33,)
RolloutBuffer: _n=100, _p=80, total_size=100
Step 381, t=16, state shape: (33,)
RolloutBuffer: _n=100, _p=81, total_size=100
Step 382, t=17, state shape: (33,)
RolloutBuffer: _n=100, _p=82, total_size=100
Step 383, t=18, state shape: (33,)
RolloutBuffer: _n=100, _p=83, total_size=100
Step 384, t=19, state shape: (33,)
RolloutBuffer: _n=100, _p=84, total_size=100
Step 385, t=20, state shape: (33,)
RolloutBuffer: _n=100, _p=85, total_size=100
Step 386, t=21, state shape: (33,)
RolloutBuffer: _n=100, _p=86, total_size=100
Step 387, t=1, state shape: (33,)
RolloutBuffer: _n=100, _p=87, total_size=100
Step 388, t=2, state shape: (33,)
RolloutBuffer: _n=100, _p=88, total_size=100
Step 389, t=3, state shape: (33,)
RolloutBuffer: _n=100, _p=89, total_size=100
Step 390, t=4, state shape: (33,)
RolloutBuffer: _n=100, _p=90, total_size=100
Step 391, t=5, state shape: (33,)
RolloutBuffer: _n=100, _p=91, total_size=100
Step 392, t=6, state shape: (33,)
RolloutBuffer: _n=100, _p=92, total_size=100
Step 393, t=7, state shape: (33,)
RolloutBuffer: _n=100, _p=93, total_size=100
Step 394, t=8, state shape: (33,)
RolloutBuffer: _n=100, _p=94, total_size=100
Step 395, t=9, state shape: (33,)
RolloutBuffer: _n=100, _p=95, total_size=100
Step 396, t=10, state shape: (33,)
RolloutBuffer: _n=100, _p=96, total_size=100
Step 397, t=11, state shape: (33,)
RolloutBuffer: _n=100, _p=97, total_size=100
Step 398, t=12, state shape: (33,)
RolloutBuffer: _n=100, _p=98, total_size=100
Step 399, t=13, state shape: (33,)
RolloutBuffer: _n=100, _p=99, total_size=100
Step 400, t=14, state shape: (33,)
RolloutBuffer: _n=100, _p=0, total_size=100
[Debug] Log probabilities of current policy actions: tensor([[-12.4271],
        [-14.0480],
        [-11.2339],
        [ -9.7585],
        [-12.8243],
        [-11.1487],
        [ -8.2438],
        [-12.1396],
        [-12.8243],
        [ -9.1310],
        [-11.9910],
        [-11.8780],
        [-12.8422],
        [-11.6135],
        [ -8.1235],
        [ -8.4534],
        [-12.0658],
        [-10.7917],
        [-11.1894],
        [-10.8168],
        [-12.1083],
        [-11.7004],
        [-11.4385],
        [ -9.0627],
        [-13.1368],
        [-11.0115],
        [-11.2705],
        [-11.2261],
        [-11.8082],
        [-12.5062],
        [-11.3422],
        [-11.7004],
        [-12.8617],
        [-11.1894],
        [-11.1487],
        [-12.1396],
        [-12.1083],
        [-10.5381],
        [-10.2339],
        [-11.1894],
        [-12.0658],
        [-11.1894],
        [-10.8168],
        [-11.3422],
        [-11.4385],
        [-10.9624],
        [-13.2772],
        [-11.8271],
        [-13.6238],
        [ -9.1219],
        [-10.2149],
        [ -8.9993],
        [-12.4271],
        [ -9.1310],
        [-11.9960],
        [-11.4422],
        [ -8.1235],
        [-12.5062],
        [-12.6393],
        [-10.9965],
        [-13.5052],
        [ -9.5857],
        [-13.6570],
        [-12.5687]], device='cuda:0')
[Debug] actions_exp max:
1.0000001192092896
min:
-1.0000001192092896
[Debug] Log probabilities of expert actions: tensor([[-26.8833],
        [-11.6239],
        [-13.0688],
        [-12.6008],
        [-31.2893],
        [-13.9043],
        [-14.8340],
        [-27.2875],
        [-38.2809],
        [-13.3471],
        [-15.2369],
        [-26.5221],
        [-14.9576],
        [-13.0131],
        [-12.4674],
        [-11.9304],
        [-14.5973],
        [-13.8922],
        [-13.4810],
        [-12.9692],
        [-12.0961],
        [-13.8686],
        [-28.6555],
        [-14.9404],
        [-13.6985],
        [-12.3120],
        [-27.0647],
        [-12.5120],
        [-14.1188],
        [-14.6664],
        [-12.6856],
        [-25.5937],
        [-13.6779],
        [-11.7671],
        [-13.5909],
        [-12.7155],
        [-14.8860],
        [-24.9076],
        [-14.8566],
        [-29.3875],
        [-14.4646],
        [-24.1236],
        [-14.2115],
        [-11.9235],
        [-40.6733],
        [-12.4072],
        [-12.5280],
        [-14.2098],
        [-12.8738],
        [-13.1094],
        [-26.4228],
        [-14.0450],
        [-13.8452],
        [-13.6600],
        [-15.1412],
        [-25.8072],
        [-11.4362],
        [-11.3413],
        [-25.0783],
        [-14.0807],
        [-12.5205],
        [-14.1776],
        [-13.9832],
        [-13.1738]], device='cuda:0')
[Debug] Log probabilities of current policy actions: tensor([[-12.5687],
        [-12.1396],
        [-11.4930],
        [ -9.7585],
        [-11.4385],
        [-11.4385],
        [-10.2149],
        [-11.8571],
        [-13.8688],
        [-12.1446],
        [-12.8617],
        [-13.6238],
        [-10.7657],
        [-12.4225],
        [-10.7626],
        [-11.0115],
        [-10.7504],
        [-10.9109],
        [ -9.0627],
        [-11.4930],
        [-12.6889],
        [-12.0033],
        [-12.6979],
        [-10.5381],
        [-10.5190],
        [-12.8617],
        [-12.4225],
        [-12.5849],
        [-12.0658],
        [ -9.1310],
        [ -9.6773],
        [-11.8571],
        [-11.0115],
        [ -9.4049],
        [-13.5296],
        [-12.0033],
        [ -9.2557],
        [-12.9616],
        [-11.9960],
        [-12.5849],
        [-13.2772],
        [ -8.4014],
        [-11.2844],
        [-11.4689],
        [-10.2339],
        [-11.6232],
        [-11.4385],
        [ -8.4014],
        [-11.2261],
        [-11.9910],
        [ -9.6093],
        [-10.7626],
        [-11.4385],
        [-11.1894],
        [-10.3903],
        [-10.7504],
        [-12.1446],
        [-12.3637],
        [-10.5190],
        [-12.8422],
        [-12.5687],
        [-11.0115],
        [ -8.8797],
        [-10.8168]], device='cuda:0')
[Debug] actions_exp max:
1.0000001192092896
min:
-1.0
[Debug] Log probabilities of expert actions: tensor([[-13.8786],
        [-27.7613],
        [-39.9544],
        [-12.5036],
        [-14.1680],
        [-12.5805],
        [-12.4954],
        [-13.1773],
        [-15.1985],
        [-14.0309],
        [-11.7999],
        [-14.9324],
        [-25.0884],
        [-13.9668],
        [-16.1381],
        [-12.9127],
        [-12.8738],
        [-23.7521],
        [-13.4852],
        [-15.1412],
        [-12.5947],
        [-13.8830],
        [-12.2980],
        [-14.4451],
        [-12.4551],
        [-26.4385],
        [-12.5926],
        [-25.0817],
        [-13.6686],
        [-12.4937],
        [-40.5563],
        [-12.8823],
        [-13.4064],
        [-13.8000],
        [-12.7076],
        [-13.8770],
        [-53.0769],
        [-14.5097],
        [-28.4204],
        [-11.5692],
        [-13.9832],
        [-12.5774],
        [-13.2871],
        [-11.4362],
        [-13.9832],
        [-13.8465],
        [-12.7383],
        [-12.5361],
        [-13.1679],
        [-13.9651],
        [-14.4646],
        [-12.6060],
        [-13.2871],
        [-12.9109],
        [-15.9735],
        [-29.9330],
        [-12.8065],
        [-14.0975],
        [-13.0235],
        [-13.5528],
        [-13.2709],
        [-14.1232],
        [-40.6733],
        [-14.4927]], device='cuda:0')
[Debug] Log probabilities of current policy actions: tensor([[-12.4225],
        [-12.4225],
        [-13.2772],
        [-10.9901],
        [-12.0033],
        [-13.1052],
        [ -8.1235],
        [-10.3703],
        [-12.6886],
        [-10.7504],
        [-13.6238],
        [-12.8638],
        [-11.8271],
        [-12.6886],
        [-10.9624],
        [-13.6570],
        [ -9.2557],
        [-10.5680],
        [-12.8617],
        [ -8.8797],
        [-10.3703],
        [-13.6238],
        [-11.3296],
        [-12.6889],
        [-13.8688],
        [-10.7626],
        [-13.2772],
        [-13.1368],
        [ -9.6773],
        [ -9.5857],
        [-13.5296],
        [-11.8271],
        [ -9.6093],
        [-11.4654],
        [-12.1396],
        [-11.1140],
        [-11.0276],
        [-10.7626],
        [ -8.1235],
        [-10.7504],
        [-10.2339],
        [-13.2772],
        [-11.4385],
        [-10.3903],
        [-12.9176],
        [ -8.4534],
        [-12.6979],
        [-11.8271],
        [-12.5687],
        [-11.3126],
        [-11.5601],
        [-11.8571],
        [-11.3296],
        [-12.5062],
        [-10.2149],
        [ -9.2557],
        [-11.1894],
        [-12.8638],
        [-10.3703],
        [-12.5937],
        [-14.0480],
        [-12.9176],
        [-11.4689],
        [-11.3296]], device='cuda:0')
[Debug] actions_exp max:
1.0000001192092896
min:
-1.0000001192092896
[Debug] Log probabilities of expert actions: tensor([[-12.5901],
        [-12.9831],
        [-15.2184],
        [-29.4052],
        [-13.8057],
        [-14.1682],
        [-13.0396],
        [-13.7152],
        [-13.6531],
        [-12.7866],
        [-12.6101],
        [-13.8786],
        [-12.7186],
        [-25.6318],
        [-11.5991],
        [-11.5991],
        [-11.7981],
        [-11.8246],
        [-12.8863],
        [-12.6101],
        [-13.8862],
        [-39.8420],
        [-13.6531],
        [-14.0105],
        [-14.1442],
        [-12.7705],
        [-13.3167],
        [-28.5360],
        [-14.8782],
        [-11.6081],
        [-14.1027],
        [-12.6124],
        [-11.4197],
        [-13.8392],
        [-15.3277],
        [-13.6044],
        [-13.7151],
        [-26.7125],
        [-15.2404],
        [-14.8593],
        [-11.7531],
        [-11.6615],
        [-14.7790],
        [-15.9965],
        [-25.6028],
        [-38.2147],
        [-14.1682],
        [-24.4556],
        [-13.8830],
        [-14.1749],
        [-12.7057],
        [-40.6732],
        [-14.2401],
        [-16.0032],
        [-12.3255],
        [-13.7315],
        [-12.4748],
        [-24.1236],
        [-16.0006],
        [-14.0219],
        [-14.6779],
        [-28.6555],
        [-24.6454],
        [-15.1236]], device='cuda:0')
[Debug] Rewards: tensor([[11.3198],
        [12.1339],
        [10.0673],
        [10.3065],
        [ 8.2802],
        [10.6571],
        [11.8040],
        [11.7329],
        [13.4468],
        [11.1240],
        [11.8241],
        [ 8.4114],
        [10.2114],
        [10.4589],
        [11.0818],
        [ 9.8787],
        [11.6286],
        [11.0363],
        [11.3096],
        [10.4070],
        [ 8.6707],
        [11.8056],
        [13.7213],
        [12.1421],
        [13.5901],
        [10.6280],
        [ 9.7005],
        [ 7.3544],
        [ 9.4799],
        [11.0573],
        [ 8.9725],
        [12.5069],
        [ 9.2579],
        [10.7571],
        [12.5710],
        [ 9.8428],
        [12.6170],
        [11.5069],
        [ 8.1190],
        [11.4230],
        [10.9429],
        [11.2487],
        [11.1891],
        [12.1783],
        [11.2767],
        [12.5332],
        [10.3787],
        [12.6476],
        [ 7.5904],
        [11.8742],
        [12.5410],
        [12.5824],
        [12.2731],
        [ 7.1678],
        [ 9.1945],
        [ 9.1364],
        [11.9950],
        [ 9.2249],
        [11.2018],
        [10.1301],
        [ 9.9593],
        [10.0033],
        [12.1189],
        [10.6694],
        [12.8844],
        [13.4593],
        [10.8529],
        [10.7272],
        [10.2251],
        [10.8608],
        [10.7261],
        [12.5281],
        [ 8.5297],
        [11.1803],
        [ 9.2472],
        [12.8030],
        [10.4108],
        [11.8607],
        [12.4194],
        [10.7821],
        [11.0570],
        [11.3604],
        [ 9.5598],
        [ 8.9907],
        [11.4875],
        [12.6133],
        [13.4039],
        [11.5752],
        [11.3382],
        [11.7689],
        [ 8.6424],
        [10.5184],
        [ 8.6103],
        [10.4302],
        [11.6821],
        [ 9.0340],
        [10.0060],
        [11.8584],
        [13.1653],
        [12.4750]], device='cuda:0')
[Debug] Reward mean: 10.9198, std: 1.4752
[Debug] actions_exp max:
0.9977288246154785
min:
-0.9964970350265503
[Debug] actions_exp max:
0.9977288246154785
min:
-0.9964970350265503
[Debug] actions_exp max:
0.9977288246154785
min:
-0.9964970350265503
[Debug] actions_exp max:
0.9977288246154785
min:
-0.9964970350265503
[Debug] actions_exp max:
0.9977288246154785
min:
-0.9964970350265503
[Debug] actions_exp max:
0.9977288246154785
min:
-0.9964970350265503
[Debug] actions_exp max:
0.9977288246154785
min:
-0.9964970350265503
[Debug] actions_exp max:
0.9977288246154785
min:
-0.9964970350265503
[Debug] actions_exp max:
0.9977288246154785
min:
-0.9964970350265503
[Debug] actions_exp max:
0.9977288246154785
min:
-0.9964970350265503
[Debug] actions_exp max:
0.9977288246154785
min:
-0.9964970350265503
[Debug] actions_exp max:
0.9977288246154785
min:
-0.9964970350265503
[Debug] actions_exp max:
0.9977288246154785
min:
-0.9964970350265503
[Debug] actions_exp max:
0.9977288246154785
min:
-0.9964970350265503
[Debug] actions_exp max:
0.9977288246154785
min:
-0.9964970350265503
[Debug] actions_exp max:
0.9977288246154785
min:
-0.9964970350265503
[Debug] actions_exp max:
0.9977288246154785
min:
-0.9964970350265503
[Debug] actions_exp max:
0.9977288246154785
min:
-0.9964970350265503
[Debug] actions_exp max:
0.9977288246154785
min:
-0.9964970350265503
[Debug] actions_exp max:
0.9977288246154785
min:
-0.9964970350265503
[Debug] actions_exp max:
0.9977288246154785
min:
-0.9964970350265503
[Debug] actions_exp max:
0.9977288246154785
min:
-0.9964970350265503
[Debug] actions_exp max:
0.9977288246154785
min:
-0.9964970350265503
[Debug] actions_exp max:
0.9977288246154785
min:
-0.9964970350265503
[Debug] actions_exp max:
0.9977288246154785
min:
-0.9964970350265503
[Debug] actions_exp max:
0.9977288246154785
min:
-0.9964970350265503
[Debug] actions_exp max:
0.9977288246154785
min:
-0.9964970350265503
[Debug] actions_exp max:
0.9977288246154785
min:
-0.9964970350265503
[Debug] actions_exp max:
0.9977288246154785
min:
-0.9964970350265503
[Debug] actions_exp max:
0.9977288246154785
min:
-0.9964970350265503
[Debug] actions_exp max:
0.9977288246154785
min:
-0.9964970350265503
[Debug] actions_exp max:
0.9977288246154785
min:
-0.9964970350265503
[Debug] actions_exp max:
0.9977288246154785
min:
-0.9964970350265503
[Debug] actions_exp max:
0.9977288246154785
min:
-0.9964970350265503
[Debug] actions_exp max:
0.9977288246154785
min:
-0.9964970350265503
[Debug] actions_exp max:
0.9977288246154785
min:
-0.9964970350265503
[Debug] actions_exp max:
0.9977288246154785
min:
-0.9964970350265503
[Debug] actions_exp max:
0.9977288246154785
min:
-0.9964970350265503
[Debug] actions_exp max:
0.9977288246154785
min:
-0.9964970350265503
[Debug] actions_exp max:
0.9977288246154785
min:
-0.9964970350265503
[Debug] actions_exp max:
0.9977288246154785
min:
-0.9964970350265503
[Debug] actions_exp max:
0.9977288246154785
min:
-0.9964970350265503
[Debug] actions_exp max:
0.9977288246154785
min:
-0.9964970350265503
[Debug] actions_exp max:
0.9977288246154785
min:
-0.9964970350265503
[Debug] actions_exp max:
0.9977288246154785
min:
-0.9964970350265503
[Debug] actions_exp max:
0.9977288246154785
min:
-0.9964970350265503
[Debug] actions_exp max:
0.9977288246154785
min:
-0.9964970350265503
[Debug] actions_exp max:
0.9977288246154785
min:
-0.9964970350265503
[Debug] actions_exp max:
0.9977288246154785
min:
-0.9964970350265503
[Debug] actions_exp max:
0.9977288246154785
min:
-0.9964970350265503
Step 401, t=15, state shape: (33,)
RolloutBuffer: _n=100, _p=1, total_size=100
Step 402, t=16, state shape: (33,)
RolloutBuffer: _n=100, _p=2, total_size=100
Step 403, t=17, state shape: (33,)
RolloutBuffer: _n=100, _p=3, total_size=100
Step 404, t=18, state shape: (33,)
RolloutBuffer: _n=100, _p=4, total_size=100
Step 405, t=19, state shape: (33,)
RolloutBuffer: _n=100, _p=5, total_size=100
Step 406, t=20, state shape: (33,)
RolloutBuffer: _n=100, _p=6, total_size=100
Step 407, t=1, state shape: (33,)
RolloutBuffer: _n=100, _p=7, total_size=100
Step 408, t=2, state shape: (33,)
RolloutBuffer: _n=100, _p=8, total_size=100
Step 409, t=3, state shape: (33,)
RolloutBuffer: _n=100, _p=9, total_size=100
Step 410, t=4, state shape: (33,)
RolloutBuffer: _n=100, _p=10, total_size=100
Step 411, t=5, state shape: (33,)
RolloutBuffer: _n=100, _p=11, total_size=100
Step 412, t=6, state shape: (33,)
RolloutBuffer: _n=100, _p=12, total_size=100
Step 413, t=7, state shape: (33,)
RolloutBuffer: _n=100, _p=13, total_size=100
Step 414, t=8, state shape: (33,)
RolloutBuffer: _n=100, _p=14, total_size=100
Step 415, t=9, state shape: (33,)
RolloutBuffer: _n=100, _p=15, total_size=100
Step 416, t=10, state shape: (33,)
RolloutBuffer: _n=100, _p=16, total_size=100
Step 417, t=11, state shape: (33,)
RolloutBuffer: _n=100, _p=17, total_size=100
Step 418, t=12, state shape: (33,)
RolloutBuffer: _n=100, _p=18, total_size=100
Step 419, t=13, state shape: (33,)
RolloutBuffer: _n=100, _p=19, total_size=100
Step 420, t=14, state shape: (33,)
RolloutBuffer: _n=100, _p=20, total_size=100
Step 421, t=15, state shape: (33,)
RolloutBuffer: _n=100, _p=21, total_size=100
Step 422, t=16, state shape: (33,)
RolloutBuffer: _n=100, _p=22, total_size=100
Step 423, t=17, state shape: (33,)
RolloutBuffer: _n=100, _p=23, total_size=100
Step 424, t=18, state shape: (33,)
RolloutBuffer: _n=100, _p=24, total_size=100
Step 425, t=19, state shape: (33,)
RolloutBuffer: _n=100, _p=25, total_size=100
Step 426, t=20, state shape: (33,)
RolloutBuffer: _n=100, _p=26, total_size=100
Step 427, t=21, state shape: (33,)
RolloutBuffer: _n=100, _p=27, total_size=100
Step 428, t=22, state shape: (33,)
RolloutBuffer: _n=100, _p=28, total_size=100
Step 429, t=23, state shape: (33,)
RolloutBuffer: _n=100, _p=29, total_size=100
Step 430, t=24, state shape: (33,)
RolloutBuffer: _n=100, _p=30, total_size=100
Step 431, t=1, state shape: (33,)
RolloutBuffer: _n=100, _p=31, total_size=100
Step 432, t=2, state shape: (33,)
RolloutBuffer: _n=100, _p=32, total_size=100
Step 433, t=3, state shape: (33,)
RolloutBuffer: _n=100, _p=33, total_size=100
Step 434, t=4, state shape: (33,)
RolloutBuffer: _n=100, _p=34, total_size=100
Step 435, t=5, state shape: (33,)
RolloutBuffer: _n=100, _p=35, total_size=100
Step 436, t=6, state shape: (33,)
RolloutBuffer: _n=100, _p=36, total_size=100
Step 437, t=7, state shape: (33,)
RolloutBuffer: _n=100, _p=37, total_size=100
Step 438, t=8, state shape: (33,)
RolloutBuffer: _n=100, _p=38, total_size=100
Step 439, t=9, state shape: (33,)
RolloutBuffer: _n=100, _p=39, total_size=100
Step 440, t=10, state shape: (33,)
RolloutBuffer: _n=100, _p=40, total_size=100
Step 441, t=11, state shape: (33,)
RolloutBuffer: _n=100, _p=41, total_size=100
Step 442, t=12, state shape: (33,)
RolloutBuffer: _n=100, _p=42, total_size=100
Step 443, t=13, state shape: (33,)
RolloutBuffer: _n=100, _p=43, total_size=100
Step 444, t=14, state shape: (33,)
RolloutBuffer: _n=100, _p=44, total_size=100
Step 445, t=15, state shape: (33,)
RolloutBuffer: _n=100, _p=45, total_size=100
Step 446, t=16, state shape: (33,)
RolloutBuffer: _n=100, _p=46, total_size=100
Step 447, t=17, state shape: (33,)
RolloutBuffer: _n=100, _p=47, total_size=100
Step 448, t=18, state shape: (33,)
RolloutBuffer: _n=100, _p=48, total_size=100
Step 449, t=19, state shape: (33,)
RolloutBuffer: _n=100, _p=49, total_size=100
Step 450, t=20, state shape: (33,)
RolloutBuffer: _n=100, _p=50, total_size=100
Step 451, t=21, state shape: (33,)
RolloutBuffer: _n=100, _p=51, total_size=100
Step 452, t=22, state shape: (33,)
RolloutBuffer: _n=100, _p=52, total_size=100
Step 453, t=23, state shape: (33,)
RolloutBuffer: _n=100, _p=53, total_size=100
Step 454, t=24, state shape: (33,)
RolloutBuffer: _n=100, _p=54, total_size=100
Step 455, t=25, state shape: (33,)
RolloutBuffer: _n=100, _p=55, total_size=100
Step 456, t=26, state shape: (33,)
RolloutBuffer: _n=100, _p=56, total_size=100
Step 457, t=27, state shape: (33,)
RolloutBuffer: _n=100, _p=57, total_size=100
Step 458, t=28, state shape: (33,)
RolloutBuffer: _n=100, _p=58, total_size=100
Step 459, t=29, state shape: (33,)
RolloutBuffer: _n=100, _p=59, total_size=100
Step 460, t=30, state shape: (33,)
RolloutBuffer: _n=100, _p=60, total_size=100
Step 461, t=31, state shape: (33,)
RolloutBuffer: _n=100, _p=61, total_size=100
Step 462, t=32, state shape: (33,)
RolloutBuffer: _n=100, _p=62, total_size=100
Step 463, t=33, state shape: (33,)
RolloutBuffer: _n=100, _p=63, total_size=100
Step 464, t=34, state shape: (33,)
RolloutBuffer: _n=100, _p=64, total_size=100
Step 465, t=35, state shape: (33,)
RolloutBuffer: _n=100, _p=65, total_size=100
Step 466, t=36, state shape: (33,)
RolloutBuffer: _n=100, _p=66, total_size=100
Step 467, t=37, state shape: (33,)
RolloutBuffer: _n=100, _p=67, total_size=100
Step 468, t=38, state shape: (33,)
RolloutBuffer: _n=100, _p=68, total_size=100
Step 469, t=39, state shape: (33,)
RolloutBuffer: _n=100, _p=69, total_size=100
Step 470, t=40, state shape: (33,)
RolloutBuffer: _n=100, _p=70, total_size=100
Step 471, t=41, state shape: (33,)
RolloutBuffer: _n=100, _p=71, total_size=100
Step 472, t=42, state shape: (33,)
RolloutBuffer: _n=100, _p=72, total_size=100
Step 473, t=43, state shape: (33,)
RolloutBuffer: _n=100, _p=73, total_size=100
Step 474, t=44, state shape: (33,)
RolloutBuffer: _n=100, _p=74, total_size=100
Step 475, t=45, state shape: (33,)
RolloutBuffer: _n=100, _p=75, total_size=100
Step 476, t=46, state shape: (33,)
RolloutBuffer: _n=100, _p=76, total_size=100
Step 477, t=47, state shape: (33,)
RolloutBuffer: _n=100, _p=77, total_size=100
Step 478, t=48, state shape: (33,)
RolloutBuffer: _n=100, _p=78, total_size=100
Step 479, t=49, state shape: (33,)
RolloutBuffer: _n=100, _p=79, total_size=100
Step 480, t=50, state shape: (33,)
RolloutBuffer: _n=100, _p=80, total_size=100
Step 481, t=51, state shape: (33,)
RolloutBuffer: _n=100, _p=81, total_size=100
Step 482, t=52, state shape: (33,)
RolloutBuffer: _n=100, _p=82, total_size=100
Step 483, t=53, state shape: (33,)
RolloutBuffer: _n=100, _p=83, total_size=100
Step 484, t=54, state shape: (33,)
RolloutBuffer: _n=100, _p=84, total_size=100
Step 485, t=55, state shape: (33,)
RolloutBuffer: _n=100, _p=85, total_size=100
Step 486, t=56, state shape: (33,)
RolloutBuffer: _n=100, _p=86, total_size=100
Step 487, t=57, state shape: (33,)
RolloutBuffer: _n=100, _p=87, total_size=100
Step 488, t=58, state shape: (33,)
RolloutBuffer: _n=100, _p=88, total_size=100
Step 489, t=59, state shape: (33,)
RolloutBuffer: _n=100, _p=89, total_size=100
Step 490, t=60, state shape: (33,)
RolloutBuffer: _n=100, _p=90, total_size=100
Step 491, t=61, state shape: (33,)
RolloutBuffer: _n=100, _p=91, total_size=100
Step 492, t=62, state shape: (33,)
RolloutBuffer: _n=100, _p=92, total_size=100
Step 493, t=63, state shape: (33,)
RolloutBuffer: _n=100, _p=93, total_size=100
Step 494, t=64, state shape: (33,)
RolloutBuffer: _n=100, _p=94, total_size=100
Step 495, t=65, state shape: (33,)
RolloutBuffer: _n=100, _p=95, total_size=100
Step 496, t=66, state shape: (33,)
RolloutBuffer: _n=100, _p=96, total_size=100
Step 497, t=67, state shape: (33,)
RolloutBuffer: _n=100, _p=97, total_size=100
Step 498, t=68, state shape: (33,)
RolloutBuffer: _n=100, _p=98, total_size=100
Step 499, t=69, state shape: (33,)
RolloutBuffer: _n=100, _p=99, total_size=100
Step 500, t=70, state shape: (33,)
RolloutBuffer: _n=100, _p=0, total_size=100
[Debug] Log probabilities of current policy actions: tensor([[-12.4000],
        [-10.6822],
        [-12.0451],
        [-12.5742],
        [-11.6787],
        [-11.4188],
        [-13.9348],
        [ -9.4843],
        [-11.9871],
        [-11.5354],
        [-11.6631],
        [-10.2420],
        [-11.2396],
        [-10.1802],
        [-13.6934],
        [-10.0861],
        [-11.1135],
        [-13.8677],
        [-13.9057],
        [-10.8456],
        [-12.7523],
        [-11.9954],
        [-10.8456],
        [-12.8656],
        [-11.2787],
        [-13.2317],
        [-13.1370],
        [ -9.4753],
        [-11.2617],
        [-12.8437],
        [-11.0049],
        [-12.0347],
        [-13.1370],
        [-13.1604],
        [-13.1051],
        [-13.9057],
        [-12.1576],
        [-12.5742],
        [-13.1370],
        [-12.3769],
        [-11.2617],
        [-13.2783],
        [-11.1045],
        [ -7.2869],
        [-12.5658],
        [-10.6692],
        [-10.1879],
        [-12.6419],
        [-10.8731],
        [-12.5658],
        [-11.2617],
        [ -9.4843],
        [-11.6787],
        [ -8.2900],
        [-12.5910],
        [-11.2967],
        [-12.7523],
        [-13.1051],
        [-11.4188],
        [-11.5575],
        [-12.3734],
        [-13.6877],
        [-12.0304],
        [-13.2317]], device='cuda:0')
[Debug] actions_exp max:
1.0000001192092896
min:
-1.0000001192092896
[Debug] Log probabilities of expert actions: tensor([[-13.1790],
        [-13.2342],
        [-12.9991],
        [-14.0717],
        [-13.2811],
        [-28.5443],
        [-12.3750],
        [-13.0435],
        [-27.4863],
        [-25.7420],
        [-12.7468],
        [-13.8290],
        [-13.6364],
        [-14.7959],
        [-26.9763],
        [-14.2999],
        [-12.9668],
        [-24.9044],
        [-12.7499],
        [-13.8290],
        [-14.8151],
        [-39.7545],
        [-12.7417],
        [-29.7074],
        [-29.7017],
        [-25.7925],
        [-11.6368],
        [-13.3245],
        [-25.4878],
        [-12.8013],
        [-11.9364],
        [-12.3739],
        [-25.4798],
        [-12.9258],
        [-13.7903],
        [-13.0561],
        [-27.8291],
        [-12.6058],
        [-14.3839],
        [-13.5060],
        [-39.0969],
        [-13.9582],
        [-25.8328],
        [-15.5185],
        [-13.4878],
        [-13.7009],
        [-12.3620],
        [-13.8584],
        [-11.7108],
        [-12.9619],
        [-11.9173],
        [-13.8309],
        [-12.6643],
        [-14.9705],
        [-13.8668],
        [-11.7512],
        [-12.1764],
        [-12.8629],
        [-13.1064],
        [-13.4428],
        [-14.9777],
        [-29.5521],
        [-12.7493],
        [-15.0436]], device='cuda:0')
[Debug] Log probabilities of current policy actions: tensor([[-12.0304],
        [-11.2396],
        [-12.5141],
        [-11.0933],
        [-12.4466],
        [-13.1086],
        [-11.7601],
        [-10.2420],
        [-10.3858],
        [-12.0637],
        [-12.8437],
        [-11.1159],
        [-12.2333],
        [-10.9289],
        [-11.1159],
        [-11.3095],
        [-12.3191],
        [-11.1278],
        [-10.6692],
        [-10.8731],
        [-13.6031],
        [-12.5285],
        [ -9.4753],
        [-13.6934],
        [-12.0347],
        [ -9.4605],
        [-11.3095],
        [-12.4606],
        [-11.1278],
        [-13.2899],
        [-12.4606],
        [-13.0003],
        [-13.1086],
        [-13.6982],
        [-11.2617],
        [-13.9057],
        [-11.1045],
        [-12.2411],
        [-12.7673],
        [-12.5285],
        [-14.7960],
        [-12.6419],
        [-12.3769],
        [-12.5742],
        [-12.5124],
        [-13.2317],
        [-11.6631],
        [-12.7523],
        [-13.6934],
        [-10.3953],
        [-13.4053],
        [-11.1045],
        [-13.9348],
        [-12.5285],
        [-12.2411],
        [-13.0183],
        [-13.0183],
        [-11.1278],
        [-11.9954],
        [-13.6934],
        [-11.9954],
        [-11.9954],
        [-12.2333],
        [-11.3095]], device='cuda:0')
[Debug] actions_exp max:
1.0000001192092896
min:
-1.0000001192092896
[Debug] Log probabilities of expert actions: tensor([[-27.7500],
        [-13.4840],
        [-25.7657],
        [-28.4800],
        [-15.7145],
        [-13.2409],
        [-13.0936],
        [-15.5063],
        [-14.4974],
        [-13.6253],
        [-12.7269],
        [-25.8490],
        [-24.9044],
        [-25.7899],
        [-13.6445],
        [-28.5443],
        [-13.5595],
        [-11.6220],
        [-14.9032],
        [-12.5045],
        [-12.8035],
        [-38.7212],
        [-13.1790],
        [-12.6934],
        [-13.5821],
        [-12.0546],
        [-11.3087],
        [-12.9507],
        [-29.7282],
        [-12.3997],
        [-14.6758],
        [-14.0534],
        [-25.1922],
        [-11.7014],
        [-12.7868],
        [-13.3598],
        [-14.8248],
        [-14.4035],
        [-24.1403],
        [-13.9525],
        [-25.1905],
        [-15.0432],
        [-25.8328],
        [-14.1574],
        [-12.8272],
        [-11.5747],
        [-13.6511],
        [-12.8551],
        [-14.4187],
        [-29.5593],
        [-14.4363],
        [-12.2149],
        [-11.7077],
        [-12.2995],
        [-12.5846],
        [-39.7316],
        [-14.3992],
        [-13.9618],
        [-12.4008],
        [-13.0504],
        [-13.7384],
        [-13.3667],
        [-12.6144],
        [-15.0169]], device='cuda:0')
[Debug] Log probabilities of current policy actions: tensor([[-12.6261],
        [-12.3769],
        [-12.5658],
        [-11.1135],
        [-13.1136],
        [-12.2411],
        [ -7.2869],
        [-12.2333],
        [-11.6787],
        [-10.1879],
        [-12.0451],
        [-10.0861],
        [-13.2317],
        [-11.9954],
        [-12.4000],
        [-13.9348],
        [-11.6787],
        [-13.6982],
        [-12.9174],
        [-13.1086],
        [-13.1086],
        [-12.8437],
        [-13.9057],
        [-11.2967],
        [-12.4466],
        [-13.0003],
        [-13.2899],
        [-12.5910],
        [-13.2899],
        [-13.1086],
        [-10.1802],
        [-13.6982],
        [-13.2899],
        [-11.2967],
        [-12.2411],
        [-13.6877],
        [-11.9871],
        [-10.1792],
        [-11.4188],
        [-13.1051],
        [-11.1278],
        [-11.2617],
        [-12.0347],
        [-10.8731],
        [-11.5605],
        [-11.7601],
        [-10.3940],
        [-12.5807],
        [-12.7523],
        [-12.0347],
        [-12.2333],
        [-12.4466],
        [-10.8731],
        [-11.1045],
        [ -8.2900],
        [-13.1086],
        [-13.6934],
        [-12.8656],
        [-11.2617],
        [-11.9871],
        [ -9.4605],
        [-13.9348],
        [-11.9954],
        [-12.5807]], device='cuda:0')
[Debug] actions_exp max:
1.0000001192092896
min:
-1.0000001192092896
[Debug] Log probabilities of expert actions: tensor([[-12.5547],
        [-13.3147],
        [-12.5481],
        [-11.9120],
        [-26.9109],
        [-13.5026],
        [-25.7978],
        [-12.0650],
        [-27.8291],
        [-12.8183],
        [-13.6759],
        [-11.2741],
        [-14.9218],
        [-14.0968],
        [-14.8982],
        [-15.7409],
        [-13.1687],
        [-12.5800],
        [-11.9164],
        [-13.5986],
        [-13.9037],
        [-14.2973],
        [-15.3444],
        [-13.8897],
        [-14.3874],
        [-12.6259],
        [-13.6843],
        [-12.4585],
        [-13.0135],
        [-13.2658],
        [-12.7355],
        [-14.6829],
        [-23.8941],
        [-12.7683],
        [-12.3184],
        [-12.9216],
        [-14.0650],
        [-13.9815],
        [-13.5029],
        [-14.4781],
        [-13.0249],
        [-14.2002],
        [-25.9960],
        [-25.7420],
        [-13.6364],
        [-14.2218],
        [-12.8212],
        [-13.0135],
        [-14.6615],
        [-28.4668],
        [-13.3747],
        [-12.6920],
        [-12.9074],
        [-26.2718],
        [-53.9438],
        [-13.2408],
        [-26.8982],
        [-11.9164],
        [-12.8337],
        [-15.0723],
        [-13.8979],
        [-25.7699],
        [-12.7217],
        [-12.2456]], device='cuda:0')
[Debug] Rewards: tensor([[13.1613],
        [12.2103],
        [11.7452],
        [11.6998],
        [12.5626],
        [12.4785],
        [12.6299],
        [10.8927],
        [ 8.6862],
        [10.5589],
        [13.1215],
        [12.9343],
        [11.6384],
        [ 9.8647],
        [12.0019],
        [11.1635],
        [10.5038],
        [11.2796],
        [12.4342],
        [11.6092],
        [10.3018],
        [12.2437],
        [13.4874],
        [11.3840],
        [ 7.1188],
        [12.2778],
        [10.6050],
        [11.7946],
        [10.4267],
        [ 7.4775],
        [12.3490],
        [12.0130],
        [11.0042],
        [11.9764],
        [13.3812],
        [ 8.8705],
        [12.0826],
        [ 8.9342],
        [12.3887],
        [11.9271],
        [11.3499],
        [10.7804],
        [12.7392],
        [11.2552],
        [11.9190],
        [12.3823],
        [11.0215],
        [12.7683],
        [12.0113],
        [13.7125],
        [10.9925],
        [12.6857],
        [10.0698],
        [12.0697],
        [11.3649],
        [13.6123],
        [12.1494],
        [13.3136],
        [12.3886],
        [11.9702],
        [12.4330],
        [ 9.7474],
        [10.2662],
        [10.8939],
        [10.6552],
        [ 9.2493],
        [12.2778],
        [ 9.5729],
        [11.7905],
        [10.2157],
        [12.3778],
        [11.0704],
        [13.6389],
        [14.4418],
        [12.3886],
        [ 9.7775],
        [11.0755],
        [12.7023],
        [12.7971],
        [12.4284],
        [10.3265],
        [11.9229],
        [ 9.7278],
        [10.7912],
        [10.6280],
        [10.2487],
        [10.4109],
        [10.2161],
        [12.0940],
        [11.7422],
        [12.6827],
        [10.9898],
        [11.9577],
        [ 9.5538],
        [ 6.7253],
        [12.5149],
        [ 9.1877],
        [12.2824],
        [13.0016],
        [10.4287]], device='cuda:0')
[Debug] Reward mean: 11.4301, std: 1.4269
[Debug] actions_exp max:
0.9994910359382629
min:
-0.9967563152313232
[Debug] actions_exp max:
0.9994910359382629
min:
-0.9967563152313232
[Debug] actions_exp max:
0.9994910359382629
min:
-0.9967563152313232
[Debug] actions_exp max:
0.9994910359382629
min:
-0.9967563152313232
[Debug] actions_exp max:
0.9994910359382629
min:
-0.9967563152313232
[Debug] actions_exp max:
0.9994910359382629
min:
-0.9967563152313232
[Debug] actions_exp max:
0.9994910359382629
min:
-0.9967563152313232
[Debug] actions_exp max:
0.9994910359382629
min:
-0.9967563152313232
[Debug] actions_exp max:
0.9994910359382629
min:
-0.9967563152313232
[Debug] actions_exp max:
0.9994910359382629
min:
-0.9967563152313232
[Debug] actions_exp max:
0.9994910359382629
min:
-0.9967563152313232
[Debug] actions_exp max:
0.9994910359382629
min:
-0.9967563152313232
[Debug] actions_exp max:
0.9994910359382629
min:
-0.9967563152313232
[Debug] actions_exp max:
0.9994910359382629
min:
-0.9967563152313232
[Debug] actions_exp max:
0.9994910359382629
min:
-0.9967563152313232
[Debug] actions_exp max:
0.9994910359382629
min:
-0.9967563152313232
[Debug] actions_exp max:
0.9994910359382629
min:
-0.9967563152313232
[Debug] actions_exp max:
0.9994910359382629
min:
-0.9967563152313232
[Debug] actions_exp max:
0.9994910359382629
min:
-0.9967563152313232
[Debug] actions_exp max:
0.9994910359382629
min:
-0.9967563152313232
[Debug] actions_exp max:
0.9994910359382629
min:
-0.9967563152313232
[Debug] actions_exp max:
0.9994910359382629
min:
-0.9967563152313232
[Debug] actions_exp max:
0.9994910359382629
min:
-0.9967563152313232
[Debug] actions_exp max:
0.9994910359382629
min:
-0.9967563152313232
[Debug] actions_exp max:
0.9994910359382629
min:
-0.9967563152313232
[Debug] actions_exp max:
0.9994910359382629
min:
-0.9967563152313232
[Debug] actions_exp max:
0.9994910359382629
min:
-0.9967563152313232
[Debug] actions_exp max:
0.9994910359382629
min:
-0.9967563152313232
[Debug] actions_exp max:
0.9994910359382629
min:
-0.9967563152313232
[Debug] actions_exp max:
0.9994910359382629
min:
-0.9967563152313232
[Debug] actions_exp max:
0.9994910359382629
min:
-0.9967563152313232
[Debug] actions_exp max:
0.9994910359382629
min:
-0.9967563152313232
[Debug] actions_exp max:
0.9994910359382629
min:
-0.9967563152313232
[Debug] actions_exp max:
0.9994910359382629
min:
-0.9967563152313232
[Debug] actions_exp max:
0.9994910359382629
min:
-0.9967563152313232
[Debug] actions_exp max:
0.9994910359382629
min:
-0.9967563152313232
[Debug] actions_exp max:
0.9994910359382629
min:
-0.9967563152313232
[Debug] actions_exp max:
0.9994910359382629
min:
-0.9967563152313232
[Debug] actions_exp max:
0.9994910359382629
min:
-0.9967563152313232
[Debug] actions_exp max:
0.9994910359382629
min:
-0.9967563152313232
[Debug] actions_exp max:
0.9994910359382629
min:
-0.9967563152313232
[Debug] actions_exp max:
0.9994910359382629
min:
-0.9967563152313232
[Debug] actions_exp max:
0.9994910359382629
min:
-0.9967563152313232
[Debug] actions_exp max:
0.9994910359382629
min:
-0.9967563152313232
[Debug] actions_exp max:
0.9994910359382629
min:
-0.9967563152313232
[Debug] actions_exp max:
0.9994910359382629
min:
-0.9967563152313232
[Debug] actions_exp max:
0.9994910359382629
min:
-0.9967563152313232
[Debug] actions_exp max:
0.9994910359382629
min:
-0.9967563152313232
[Debug] actions_exp max:
0.9994910359382629
min:
-0.9967563152313232
[Debug] actions_exp max:
0.9994910359382629
min:
-0.9967563152313232
Num steps: 500      Return: 0.0     Time: 0:01:25
Step 501, t=71, state shape: (33,)
RolloutBuffer: _n=100, _p=1, total_size=100
Step 502, t=72, state shape: (33,)
RolloutBuffer: _n=100, _p=2, total_size=100
Step 503, t=73, state shape: (33,)
RolloutBuffer: _n=100, _p=3, total_size=100
Step 504, t=74, state shape: (33,)
RolloutBuffer: _n=100, _p=4, total_size=100
Step 505, t=75, state shape: (33,)
RolloutBuffer: _n=100, _p=5, total_size=100
Step 506, t=76, state shape: (33,)
RolloutBuffer: _n=100, _p=6, total_size=100
Step 507, t=77, state shape: (33,)
RolloutBuffer: _n=100, _p=7, total_size=100
Step 508, t=78, state shape: (33,)
RolloutBuffer: _n=100, _p=8, total_size=100
Step 509, t=79, state shape: (33,)
RolloutBuffer: _n=100, _p=9, total_size=100
Step 510, t=80, state shape: (33,)
RolloutBuffer: _n=100, _p=10, total_size=100
Step 511, t=81, state shape: (33,)
RolloutBuffer: _n=100, _p=11, total_size=100
Step 512, t=82, state shape: (33,)
RolloutBuffer: _n=100, _p=12, total_size=100
Step 513, t=83, state shape: (33,)
RolloutBuffer: _n=100, _p=13, total_size=100
Step 514, t=84, state shape: (33,)
RolloutBuffer: _n=100, _p=14, total_size=100
Step 515, t=85, state shape: (33,)
RolloutBuffer: _n=100, _p=15, total_size=100
Step 516, t=86, state shape: (33,)
RolloutBuffer: _n=100, _p=16, total_size=100
Step 517, t=87, state shape: (33,)
RolloutBuffer: _n=100, _p=17, total_size=100
Step 518, t=88, state shape: (33,)
RolloutBuffer: _n=100, _p=18, total_size=100
Step 519, t=89, state shape: (33,)
RolloutBuffer: _n=100, _p=19, total_size=100
Step 520, t=90, state shape: (33,)
RolloutBuffer: _n=100, _p=20, total_size=100
Step 521, t=91, state shape: (33,)
RolloutBuffer: _n=100, _p=21, total_size=100
Step 522, t=92, state shape: (33,)
RolloutBuffer: _n=100, _p=22, total_size=100
Step 523, t=93, state shape: (33,)
RolloutBuffer: _n=100, _p=23, total_size=100
Step 524, t=94, state shape: (33,)
RolloutBuffer: _n=100, _p=24, total_size=100
Step 525, t=95, state shape: (33,)
RolloutBuffer: _n=100, _p=25, total_size=100
Step 526, t=96, state shape: (33,)
RolloutBuffer: _n=100, _p=26, total_size=100
Step 527, t=97, state shape: (33,)
RolloutBuffer: _n=100, _p=27, total_size=100
Step 528, t=98, state shape: (33,)
RolloutBuffer: _n=100, _p=28, total_size=100
Step 529, t=99, state shape: (33,)
RolloutBuffer: _n=100, _p=29, total_size=100
Step 530, t=100, state shape: (33,)
RolloutBuffer: _n=100, _p=30, total_size=100
Step 531, t=101, state shape: (33,)
RolloutBuffer: _n=100, _p=31, total_size=100
Step 532, t=102, state shape: (33,)
RolloutBuffer: _n=100, _p=32, total_size=100
Step 533, t=103, state shape: (33,)
RolloutBuffer: _n=100, _p=33, total_size=100
Step 534, t=104, state shape: (33,)
RolloutBuffer: _n=100, _p=34, total_size=100
Step 535, t=105, state shape: (33,)
RolloutBuffer: _n=100, _p=35, total_size=100
Step 536, t=106, state shape: (33,)
RolloutBuffer: _n=100, _p=36, total_size=100
Step 537, t=107, state shape: (33,)
RolloutBuffer: _n=100, _p=37, total_size=100
Step 538, t=108, state shape: (33,)
RolloutBuffer: _n=100, _p=38, total_size=100
Step 539, t=109, state shape: (33,)
RolloutBuffer: _n=100, _p=39, total_size=100
Step 540, t=110, state shape: (33,)
RolloutBuffer: _n=100, _p=40, total_size=100
Step 541, t=111, state shape: (33,)
RolloutBuffer: _n=100, _p=41, total_size=100
Step 542, t=112, state shape: (33,)
RolloutBuffer: _n=100, _p=42, total_size=100
Step 543, t=113, state shape: (33,)
RolloutBuffer: _n=100, _p=43, total_size=100
Step 544, t=114, state shape: (33,)
RolloutBuffer: _n=100, _p=44, total_size=100
Step 545, t=115, state shape: (33,)
RolloutBuffer: _n=100, _p=45, total_size=100
Step 546, t=116, state shape: (33,)
RolloutBuffer: _n=100, _p=46, total_size=100
Step 547, t=117, state shape: (33,)
RolloutBuffer: _n=100, _p=47, total_size=100
Step 548, t=118, state shape: (33,)
RolloutBuffer: _n=100, _p=48, total_size=100
Step 549, t=119, state shape: (33,)
RolloutBuffer: _n=100, _p=49, total_size=100
Step 550, t=120, state shape: (33,)
RolloutBuffer: _n=100, _p=50, total_size=100
Step 551, t=121, state shape: (33,)
RolloutBuffer: _n=100, _p=51, total_size=100
Step 552, t=122, state shape: (33,)
RolloutBuffer: _n=100, _p=52, total_size=100
Step 553, t=123, state shape: (33,)
RolloutBuffer: _n=100, _p=53, total_size=100
Step 554, t=124, state shape: (33,)
RolloutBuffer: _n=100, _p=54, total_size=100
Step 555, t=125, state shape: (33,)
RolloutBuffer: _n=100, _p=55, total_size=100
Step 556, t=126, state shape: (33,)
RolloutBuffer: _n=100, _p=56, total_size=100
Step 557, t=127, state shape: (33,)
RolloutBuffer: _n=100, _p=57, total_size=100
Step 558, t=128, state shape: (33,)
RolloutBuffer: _n=100, _p=58, total_size=100
Step 559, t=129, state shape: (33,)
RolloutBuffer: _n=100, _p=59, total_size=100
Step 560, t=130, state shape: (33,)
RolloutBuffer: _n=100, _p=60, total_size=100
Step 561, t=131, state shape: (33,)
RolloutBuffer: _n=100, _p=61, total_size=100
Step 562, t=132, state shape: (33,)
RolloutBuffer: _n=100, _p=62, total_size=100
Step 563, t=133, state shape: (33,)
RolloutBuffer: _n=100, _p=63, total_size=100
Step 564, t=134, state shape: (33,)
RolloutBuffer: _n=100, _p=64, total_size=100
Step 565, t=135, state shape: (33,)
RolloutBuffer: _n=100, _p=65, total_size=100
Step 566, t=136, state shape: (33,)
RolloutBuffer: _n=100, _p=66, total_size=100
Step 567, t=137, state shape: (33,)
RolloutBuffer: _n=100, _p=67, total_size=100
Step 568, t=138, state shape: (33,)
RolloutBuffer: _n=100, _p=68, total_size=100
Step 569, t=139, state shape: (33,)
RolloutBuffer: _n=100, _p=69, total_size=100
Step 570, t=140, state shape: (33,)
RolloutBuffer: _n=100, _p=70, total_size=100
Step 571, t=141, state shape: (33,)
RolloutBuffer: _n=100, _p=71, total_size=100
Step 572, t=142, state shape: (33,)
RolloutBuffer: _n=100, _p=72, total_size=100
Step 573, t=143, state shape: (33,)
RolloutBuffer: _n=100, _p=73, total_size=100
Step 574, t=144, state shape: (33,)
RolloutBuffer: _n=100, _p=74, total_size=100
Step 575, t=145, state shape: (33,)
RolloutBuffer: _n=100, _p=75, total_size=100
Step 576, t=146, state shape: (33,)
RolloutBuffer: _n=100, _p=76, total_size=100
Step 577, t=147, state shape: (33,)
RolloutBuffer: _n=100, _p=77, total_size=100
Step 578, t=148, state shape: (33,)
RolloutBuffer: _n=100, _p=78, total_size=100
Step 579, t=149, state shape: (33,)
RolloutBuffer: _n=100, _p=79, total_size=100
Step 580, t=150, state shape: (33,)
RolloutBuffer: _n=100, _p=80, total_size=100
Step 581, t=151, state shape: (33,)
RolloutBuffer: _n=100, _p=81, total_size=100
Step 582, t=152, state shape: (33,)
RolloutBuffer: _n=100, _p=82, total_size=100
Step 583, t=153, state shape: (33,)
RolloutBuffer: _n=100, _p=83, total_size=100
Step 584, t=154, state shape: (33,)
RolloutBuffer: _n=100, _p=84, total_size=100
Step 585, t=155, state shape: (33,)
RolloutBuffer: _n=100, _p=85, total_size=100
Step 586, t=156, state shape: (33,)
RolloutBuffer: _n=100, _p=86, total_size=100
Step 587, t=157, state shape: (33,)
RolloutBuffer: _n=100, _p=87, total_size=100
Step 588, t=158, state shape: (33,)
RolloutBuffer: _n=100, _p=88, total_size=100
Step 589, t=159, state shape: (33,)
RolloutBuffer: _n=100, _p=89, total_size=100
Step 590, t=160, state shape: (33,)
RolloutBuffer: _n=100, _p=90, total_size=100
Step 591, t=161, state shape: (33,)
RolloutBuffer: _n=100, _p=91, total_size=100
Step 592, t=1, state shape: (33,)
RolloutBuffer: _n=100, _p=92, total_size=100
Step 593, t=2, state shape: (33,)
RolloutBuffer: _n=100, _p=93, total_size=100
Step 594, t=3, state shape: (33,)
RolloutBuffer: _n=100, _p=94, total_size=100
Step 595, t=4, state shape: (33,)
RolloutBuffer: _n=100, _p=95, total_size=100
Step 596, t=5, state shape: (33,)
RolloutBuffer: _n=100, _p=96, total_size=100
Step 597, t=6, state shape: (33,)
RolloutBuffer: _n=100, _p=97, total_size=100
Step 598, t=7, state shape: (33,)
RolloutBuffer: _n=100, _p=98, total_size=100
Step 599, t=8, state shape: (33,)
RolloutBuffer: _n=100, _p=99, total_size=100
Step 600, t=9, state shape: (33,)
RolloutBuffer: _n=100, _p=0, total_size=100
[Debug] Log probabilities of current policy actions: tensor([[-11.4023],
        [-13.6290],
        [-14.0564],
        [-12.2210],
        [-10.9455],
        [-11.9366],
        [-12.3110],
        [-12.4512],
        [-10.2942],
        [-11.1588],
        [-12.9539],
        [ -9.4882],
        [-10.2101],
        [-11.0024],
        [-12.1500],
        [ -9.1609],
        [-12.6567],
        [ -9.9595],
        [-10.1765],
        [-10.8254],
        [ -9.9595],
        [-10.9455],
        [ -9.8915],
        [-12.4410],
        [-12.9064],
        [-11.9100],
        [-11.1848],
        [-11.4447],
        [-10.9455],
        [-12.6189],
        [-14.0158],
        [-13.3457],
        [-12.3110],
        [-12.3110],
        [-14.0564],
        [-11.8393],
        [-10.6239],
        [-12.7138],
        [-12.3713],
        [-11.5057],
        [-10.6804],
        [-12.6227],
        [-11.8393],
        [-12.0546],
        [ -9.7248],
        [-14.3154],
        [-10.8254],
        [-13.4388],
        [-10.6239],
        [-13.4388],
        [-10.2026],
        [-11.1786],
        [-10.2026],
        [-12.3592],
        [-13.4388],
        [-14.1015],
        [-10.0849],
        [-12.0215],
        [-12.2210],
        [-10.8637],
        [-10.2101],
        [-11.9100],
        [-10.4670],
        [-14.0158]], device='cuda:0')
[Debug] actions_exp max:
1.0
min:
-1.0000001192092896
[Debug] Log probabilities of expert actions: tensor([[-13.4279],
        [-13.2144],
        [-13.0597],
        [-13.4216],
        [-27.0823],
        [-12.8052],
        [-13.7022],
        [-14.9905],
        [-14.7041],
        [-13.5200],
        [-14.3756],
        [-10.8650],
        [-13.0079],
        [-25.7678],
        [-13.8188],
        [-11.9196],
        [-12.5406],
        [-12.9292],
        [-25.3161],
        [-13.7200],
        [-31.0061],
        [-13.7838],
        [-13.7838],
        [-13.0980],
        [-13.6446],
        [-27.0442],
        [-12.8996],
        [-12.3214],
        [-28.3439],
        [-11.9747],
        [-13.0659],
        [-12.4934],
        [-12.6203],
        [-14.8169],
        [-14.9602],
        [-11.5583],
        [-12.8829],
        [-14.8139],
        [-14.3825],
        [-13.6765],
        [-12.7378],
        [-14.5437],
        [-11.9132],
        [-13.7569],
        [-13.5438],
        [-40.3577],
        [-12.7603],
        [-11.9132],
        [-14.4008],
        [-13.9170],
        [-11.4346],
        [-12.1152],
        [-12.0762],
        [-13.4301],
        [-12.5926],
        [-12.0762],
        [-11.4653],
        [-25.2025],
        [-12.8806],
        [-14.4478],
        [-12.2473],
        [-12.9815],
        [-13.0482],
        [-12.6821]], device='cuda:0')
[Debug] Log probabilities of current policy actions: tensor([[-12.1500],
        [-12.4773],
        [-14.0158],
        [-11.1588],
        [-11.4988],
        [-14.1015],
        [-11.3299],
        [-12.0393],
        [-14.1015],
        [-11.1588],
        [-12.4773],
        [ -9.1609],
        [-11.2589],
        [-13.4506],
        [ -9.7713],
        [-11.4988],
        [-14.3154],
        [-10.8637],
        [-12.6585],
        [ -9.4882],
        [-10.8477],
        [-11.3521],
        [ -7.2700],
        [-14.3154],
        [-14.1015],
        [-11.4519],
        [-10.8254],
        [-10.6099],
        [-12.3110],
        [-11.4882],
        [-10.9455],
        [-11.3521],
        [-12.1500],
        [ -9.9595],
        [ -9.7248],
        [ -7.2700],
        [-12.4773],
        [ -9.7248],
        [-12.7606],
        [-12.9064],
        [-11.3299],
        [-11.9366],
        [-12.1500],
        [-12.4410],
        [-11.1588],
        [-12.0393],
        [-12.6567],
        [-12.7138],
        [-12.5920],
        [-10.2942],
        [-12.5551],
        [-10.9980],
        [-12.8282],
        [-10.6332],
        [-10.9980],
        [-10.6332],
        [-11.0024],
        [-11.0254],
        [ -9.1609],
        [-12.1500],
        [-10.4670],
        [-11.3104],
        [ -9.9394],
        [ -9.9394]], device='cuda:0')
[Debug] actions_exp max:
1.0
min:
-1.0
[Debug] Log probabilities of expert actions: tensor([[-13.6518],
        [-27.6597],
        [-13.0436],
        [-12.7860],
        [-12.0783],
        [-29.4822],
        [-13.6060],
        [-10.8356],
        [-10.8863],
        [-13.4003],
        [-25.4503],
        [-12.9835],
        [-29.4871],
        [-25.2919],
        [-12.6455],
        [-13.4107],
        [-11.4360],
        [-12.7560],
        [-13.1499],
        [-13.6518],
        [-13.3426],
        [-14.0552],
        [-15.1360],
        [-12.0924],
        [-14.3756],
        [-11.9441],
        [-13.6189],
        [-14.6733],
        [-25.8280],
        [-14.6852],
        [-12.7860],
        [-12.9435],
        [-13.0341],
        [-13.1223],
        [-12.9722],
        [-12.8062],
        [-13.0851],
        [-25.2025],
        [-25.7987],
        [-12.1574],
        [-13.4106],
        [-13.2000],
        [-26.4087],
        [-26.3336],
        [-12.6233],
        [-12.0215],
        [-28.3439],
        [-25.2919],
        [-14.4514],
        [-12.1309],
        [-14.0402],
        [-12.9722],
        [-12.2760],
        [-11.9452],
        [-14.7076],
        [-12.7645],
        [-12.9752],
        [-12.0215],
        [-16.1449],
        [-14.3082],
        [-26.5268],
        [-13.9792],
        [-13.2095],
        [-12.7351]], device='cuda:0')
[Debug] Log probabilities of current policy actions: tensor([[-10.5217],
        [-10.7982],
        [-14.3154],
        [-12.5920],
        [-10.9980],
        [-11.0254],
        [-11.7153],
        [-10.8477],
        [-10.6099],
        [-11.5965],
        [-11.1588],
        [-12.6189],
        [-14.1015],
        [-13.4506],
        [-11.4882],
        [-12.7606],
        [-12.7606],
        [-11.4882],
        [-12.3592],
        [-12.7138],
        [-14.3154],
        [-10.6332],
        [-11.5057],
        [-12.5920],
        [-12.3110],
        [-11.3299],
        [-11.5965],
        [-10.1765],
        [-13.2850],
        [-12.6063],
        [-11.0254],
        [-12.6227],
        [-12.7138],
        [ -9.8915],
        [-12.4773],
        [-10.8477],
        [ -9.3273],
        [-11.8170],
        [-11.2852],
        [-11.4882],
        [ -9.3273],
        [-10.8254],
        [-11.8393],
        [-14.0158],
        [-10.5217],
        [-12.9064],
        [-12.6585],
        [-10.1765],
        [-13.0472],
        [-10.2101],
        [-12.8282],
        [-12.9539],
        [-12.6702],
        [ -9.8915],
        [-12.6585],
        [-11.1694],
        [-10.0849],
        [-10.4868],
        [-12.9539],
        [-12.3789],
        [-12.9539],
        [-13.3457],
        [-12.3592],
        [-11.1588]], device='cuda:0')
[Debug] actions_exp max:
1.0000001192092896
min:
-1.0
[Debug] Log probabilities of expert actions: tensor([[-12.1127],
        [-13.6324],
        [-31.0061],
        [-13.3765],
        [-39.3565],
        [-13.7037],
        [-14.7717],
        [-11.9183],
        [-12.9759],
        [-13.7489],
        [-12.8052],
        [-12.3254],
        [-13.4220],
        [-14.5212],
        [-26.9831],
        [-25.7816],
        [-13.2181],
        [-16.1074],
        [-13.1346],
        [-13.7716],
        [-14.2959],
        [-29.5746],
        [-31.2178],
        [-13.2215],
        [-12.6565],
        [-14.8320],
        [-25.2356],
        [-16.1688],
        [-13.0424],
        [-15.5970],
        [-13.8965],
        [-26.4065],
        [-12.0951],
        [-13.6189],
        [-12.6029],
        [-13.2118],
        [-13.9247],
        [-15.1441],
        [-12.8907],
        [-14.4514],
        [-29.4456],
        [-13.3437],
        [-24.9558],
        [-26.3320],
        [-14.3776],
        [-13.0071],
        [-12.8907],
        [-28.8917],
        [-12.7378],
        [-13.0597],
        [-13.6271],
        [-14.3896],
        [-13.1801],
        [-13.0884],
        [-13.6962],
        [-12.3483],
        [-13.3559],
        [-13.9519],
        [-12.2834],
        [-14.6855],
        [-11.6094],
        [-12.6736],
        [-12.2622],
        [-13.3354]], device='cuda:0')
[Debug] Rewards: tensor([[10.1151],
        [11.9151],
        [ 9.9471],
        [11.7885],
        [11.1398],
        [10.2506],
        [ 6.9497],
        [11.7352],
        [ 9.8532],
        [13.2050],
        [11.9475],
        [11.6005],
        [10.7516],
        [12.1579],
        [11.2752],
        [11.7211],
        [10.8975],
        [12.3770],
        [10.4237],
        [11.6936],
        [10.7485],
        [ 9.3413],
        [12.1339],
        [ 9.5933],
        [10.9028],
        [11.6475],
        [12.2906],
        [11.7473],
        [10.3487],
        [11.3244],
        [10.8471],
        [10.3443],
        [10.9065],
        [10.7959],
        [11.7376],
        [ 9.9048],
        [11.9407],
        [10.8489],
        [10.7030],
        [ 9.0518],
        [12.2894],
        [12.6769],
        [11.4727],
        [12.0427],
        [ 9.6525],
        [12.8848],
        [10.4252],
        [ 9.1858],
        [ 9.9371],
        [10.5296],
        [ 9.1936],
        [12.0082],
        [10.3230],
        [11.8558],
        [11.9549],
        [10.7066],
        [12.1499],
        [10.8903],
        [10.8550],
        [ 9.9962],
        [13.3954],
        [10.4863],
        [12.7632],
        [ 8.4698],
        [11.1497],
        [10.2317],
        [12.8036],
        [11.5940],
        [10.1658],
        [10.5811],
        [11.6445],
        [12.6133],
        [11.7963],
        [11.7231],
        [12.0321],
        [12.2514],
        [12.0095],
        [ 9.2783],
        [10.0331],
        [ 9.9959],
        [12.3294],
        [10.6802],
        [ 9.6627],
        [13.7014],
        [12.2001],
        [10.8597],
        [12.6205],
        [ 9.1557],
        [11.0495],
        [10.8687],
        [ 9.9046],
        [11.7353],
        [10.9331],
        [10.8442],
        [ 9.8257],
        [12.7926],
        [12.0651],
        [13.1910],
        [ 8.8192],
        [10.2542]], device='cuda:0')
[Debug] Reward mean: 11.0845, std: 1.2018
[Debug] actions_exp max:
0.9972978830337524
min:
-0.9945881366729736
[Debug] actions_exp max:
0.9972978830337524
min:
-0.9945881366729736
[Debug] actions_exp max:
0.9972978830337524
min:
-0.9945881366729736
[Debug] actions_exp max:
0.9972978830337524
min:
-0.9945881366729736
[Debug] actions_exp max:
0.9972978830337524
min:
-0.9945881366729736
[Debug] actions_exp max:
0.9972978830337524
min:
-0.9945881366729736
[Debug] actions_exp max:
0.9972978830337524
min:
-0.9945881366729736
[Debug] actions_exp max:
0.9972978830337524
min:
-0.9945881366729736
[Debug] actions_exp max:
0.9972978830337524
min:
-0.9945881366729736
[Debug] actions_exp max:
0.9972978830337524
min:
-0.9945881366729736
[Debug] actions_exp max:
0.9972978830337524
min:
-0.9945881366729736
[Debug] actions_exp max:
0.9972978830337524
min:
-0.9945881366729736
[Debug] actions_exp max:
0.9972978830337524
min:
-0.9945881366729736
[Debug] actions_exp max:
0.9972978830337524
min:
-0.9945881366729736
[Debug] actions_exp max:
0.9972978830337524
min:
-0.9945881366729736
[Debug] actions_exp max:
0.9972978830337524
min:
-0.9945881366729736
[Debug] actions_exp max:
0.9972978830337524
min:
-0.9945881366729736
[Debug] actions_exp max:
0.9972978830337524
min:
-0.9945881366729736
[Debug] actions_exp max:
0.9972978830337524
min:
-0.9945881366729736
[Debug] actions_exp max:
0.9972978830337524
min:
-0.9945881366729736
[Debug] actions_exp max:
0.9972978830337524
min:
-0.9945881366729736
[Debug] actions_exp max:
0.9972978830337524
min:
-0.9945881366729736
[Debug] actions_exp max:
0.9972978830337524
min:
-0.9945881366729736
[Debug] actions_exp max:
0.9972978830337524
min:
-0.9945881366729736
[Debug] actions_exp max:
0.9972978830337524
min:
-0.9945881366729736
[Debug] actions_exp max:
0.9972978830337524
min:
-0.9945881366729736
[Debug] actions_exp max:
0.9972978830337524
min:
-0.9945881366729736
[Debug] actions_exp max:
0.9972978830337524
min:
-0.9945881366729736
[Debug] actions_exp max:
0.9972978830337524
min:
-0.9945881366729736
[Debug] actions_exp max:
0.9972978830337524
min:
-0.9945881366729736
[Debug] actions_exp max:
0.9972978830337524
min:
-0.9945881366729736
[Debug] actions_exp max:
0.9972978830337524
min:
-0.9945881366729736
[Debug] actions_exp max:
0.9972978830337524
min:
-0.9945881366729736
[Debug] actions_exp max:
0.9972978830337524
min:
-0.9945881366729736
[Debug] actions_exp max:
0.9972978830337524
min:
-0.9945881366729736
[Debug] actions_exp max:
0.9972978830337524
min:
-0.9945881366729736
[Debug] actions_exp max:
0.9972978830337524
min:
-0.9945881366729736
[Debug] actions_exp max:
0.9972978830337524
min:
-0.9945881366729736
[Debug] actions_exp max:
0.9972978830337524
min:
-0.9945881366729736
[Debug] actions_exp max:
0.9972978830337524
min:
-0.9945881366729736
[Debug] actions_exp max:
0.9972978830337524
min:
-0.9945881366729736
[Debug] actions_exp max:
0.9972978830337524
min:
-0.9945881366729736
[Debug] actions_exp max:
0.9972978830337524
min:
-0.9945881366729736
[Debug] actions_exp max:
0.9972978830337524
min:
-0.9945881366729736
[Debug] actions_exp max:
0.9972978830337524
min:
-0.9945881366729736
[Debug] actions_exp max:
0.9972978830337524
min:
-0.9945881366729736
[Debug] actions_exp max:
0.9972978830337524
min:
-0.9945881366729736
[Debug] actions_exp max:
0.9972978830337524
min:
-0.9945881366729736
[Debug] actions_exp max:
0.9972978830337524
min:
-0.9945881366729736
[Debug] actions_exp max:
0.9972978830337524
min:
-0.9945881366729736
Step 601, t=10, state shape: (33,)
RolloutBuffer: _n=100, _p=1, total_size=100
Step 602, t=11, state shape: (33,)
RolloutBuffer: _n=100, _p=2, total_size=100
Step 603, t=12, state shape: (33,)
RolloutBuffer: _n=100, _p=3, total_size=100
Step 604, t=13, state shape: (33,)
RolloutBuffer: _n=100, _p=4, total_size=100
Step 605, t=14, state shape: (33,)
RolloutBuffer: _n=100, _p=5, total_size=100
Step 606, t=15, state shape: (33,)
RolloutBuffer: _n=100, _p=6, total_size=100
Step 607, t=16, state shape: (33,)
RolloutBuffer: _n=100, _p=7, total_size=100
Step 608, t=17, state shape: (33,)
RolloutBuffer: _n=100, _p=8, total_size=100
Step 609, t=18, state shape: (33,)
RolloutBuffer: _n=100, _p=9, total_size=100
Step 610, t=19, state shape: (33,)
RolloutBuffer: _n=100, _p=10, total_size=100
Step 611, t=20, state shape: (33,)
RolloutBuffer: _n=100, _p=11, total_size=100
Step 612, t=21, state shape: (33,)
RolloutBuffer: _n=100, _p=12, total_size=100
Step 613, t=22, state shape: (33,)
RolloutBuffer: _n=100, _p=13, total_size=100
Step 614, t=23, state shape: (33,)
RolloutBuffer: _n=100, _p=14, total_size=100
Step 615, t=24, state shape: (33,)
RolloutBuffer: _n=100, _p=15, total_size=100
Step 616, t=25, state shape: (33,)
RolloutBuffer: _n=100, _p=16, total_size=100
Step 617, t=1, state shape: (33,)
RolloutBuffer: _n=100, _p=17, total_size=100
Step 618, t=2, state shape: (33,)
RolloutBuffer: _n=100, _p=18, total_size=100
Step 619, t=3, state shape: (33,)
RolloutBuffer: _n=100, _p=19, total_size=100
Step 620, t=4, state shape: (33,)
RolloutBuffer: _n=100, _p=20, total_size=100
Step 621, t=5, state shape: (33,)
RolloutBuffer: _n=100, _p=21, total_size=100
Step 622, t=6, state shape: (33,)
RolloutBuffer: _n=100, _p=22, total_size=100
Step 623, t=7, state shape: (33,)
RolloutBuffer: _n=100, _p=23, total_size=100
Step 624, t=8, state shape: (33,)
RolloutBuffer: _n=100, _p=24, total_size=100
Step 625, t=9, state shape: (33,)
RolloutBuffer: _n=100, _p=25, total_size=100
Step 626, t=10, state shape: (33,)
RolloutBuffer: _n=100, _p=26, total_size=100
Step 627, t=11, state shape: (33,)
RolloutBuffer: _n=100, _p=27, total_size=100
Step 628, t=12, state shape: (33,)
RolloutBuffer: _n=100, _p=28, total_size=100
Step 629, t=13, state shape: (33,)
RolloutBuffer: _n=100, _p=29, total_size=100
Step 630, t=14, state shape: (33,)
RolloutBuffer: _n=100, _p=30, total_size=100
Step 631, t=15, state shape: (33,)
RolloutBuffer: _n=100, _p=31, total_size=100
Step 632, t=16, state shape: (33,)
RolloutBuffer: _n=100, _p=32, total_size=100
Step 633, t=17, state shape: (33,)
RolloutBuffer: _n=100, _p=33, total_size=100
Step 634, t=18, state shape: (33,)
RolloutBuffer: _n=100, _p=34, total_size=100
Step 635, t=1, state shape: (33,)
RolloutBuffer: _n=100, _p=35, total_size=100
Step 636, t=2, state shape: (33,)
RolloutBuffer: _n=100, _p=36, total_size=100
Step 637, t=3, state shape: (33,)
RolloutBuffer: _n=100, _p=37, total_size=100
Step 638, t=4, state shape: (33,)
RolloutBuffer: _n=100, _p=38, total_size=100
Step 639, t=5, state shape: (33,)
RolloutBuffer: _n=100, _p=39, total_size=100
Step 640, t=6, state shape: (33,)
RolloutBuffer: _n=100, _p=40, total_size=100
Step 641, t=7, state shape: (33,)
RolloutBuffer: _n=100, _p=41, total_size=100
Step 642, t=8, state shape: (33,)
RolloutBuffer: _n=100, _p=42, total_size=100
Step 643, t=9, state shape: (33,)
RolloutBuffer: _n=100, _p=43, total_size=100
Step 644, t=10, state shape: (33,)
RolloutBuffer: _n=100, _p=44, total_size=100
Step 645, t=11, state shape: (33,)
RolloutBuffer: _n=100, _p=45, total_size=100
Step 646, t=12, state shape: (33,)
RolloutBuffer: _n=100, _p=46, total_size=100
Step 647, t=13, state shape: (33,)
RolloutBuffer: _n=100, _p=47, total_size=100
Step 648, t=14, state shape: (33,)
RolloutBuffer: _n=100, _p=48, total_size=100
Step 649, t=15, state shape: (33,)
RolloutBuffer: _n=100, _p=49, total_size=100
Step 650, t=16, state shape: (33,)
RolloutBuffer: _n=100, _p=50, total_size=100
Step 651, t=17, state shape: (33,)
RolloutBuffer: _n=100, _p=51, total_size=100
Step 652, t=18, state shape: (33,)
RolloutBuffer: _n=100, _p=52, total_size=100
Step 653, t=19, state shape: (33,)
RolloutBuffer: _n=100, _p=53, total_size=100
Step 654, t=20, state shape: (33,)
RolloutBuffer: _n=100, _p=54, total_size=100
Step 655, t=21, state shape: (33,)
RolloutBuffer: _n=100, _p=55, total_size=100
Step 656, t=22, state shape: (33,)
RolloutBuffer: _n=100, _p=56, total_size=100
Step 657, t=23, state shape: (33,)
RolloutBuffer: _n=100, _p=57, total_size=100
Step 658, t=24, state shape: (33,)
RolloutBuffer: _n=100, _p=58, total_size=100
Step 659, t=25, state shape: (33,)
RolloutBuffer: _n=100, _p=59, total_size=100
Step 660, t=26, state shape: (33,)
RolloutBuffer: _n=100, _p=60, total_size=100
Step 661, t=27, state shape: (33,)
RolloutBuffer: _n=100, _p=61, total_size=100
Step 662, t=1, state shape: (33,)
RolloutBuffer: _n=100, _p=62, total_size=100
Step 663, t=2, state shape: (33,)
RolloutBuffer: _n=100, _p=63, total_size=100
Step 664, t=3, state shape: (33,)
RolloutBuffer: _n=100, _p=64, total_size=100
Step 665, t=4, state shape: (33,)
RolloutBuffer: _n=100, _p=65, total_size=100
Step 666, t=5, state shape: (33,)
RolloutBuffer: _n=100, _p=66, total_size=100
Step 667, t=6, state shape: (33,)
RolloutBuffer: _n=100, _p=67, total_size=100
Step 668, t=7, state shape: (33,)
RolloutBuffer: _n=100, _p=68, total_size=100
Step 669, t=8, state shape: (33,)
RolloutBuffer: _n=100, _p=69, total_size=100
Step 670, t=9, state shape: (33,)
RolloutBuffer: _n=100, _p=70, total_size=100
Step 671, t=10, state shape: (33,)
RolloutBuffer: _n=100, _p=71, total_size=100
Step 672, t=11, state shape: (33,)
RolloutBuffer: _n=100, _p=72, total_size=100
Step 673, t=12, state shape: (33,)
RolloutBuffer: _n=100, _p=73, total_size=100
Step 674, t=13, state shape: (33,)
RolloutBuffer: _n=100, _p=74, total_size=100
Step 675, t=14, state shape: (33,)
RolloutBuffer: _n=100, _p=75, total_size=100
Step 676, t=15, state shape: (33,)
RolloutBuffer: _n=100, _p=76, total_size=100
Step 677, t=16, state shape: (33,)
RolloutBuffer: _n=100, _p=77, total_size=100
Step 678, t=17, state shape: (33,)
RolloutBuffer: _n=100, _p=78, total_size=100
Step 679, t=18, state shape: (33,)
RolloutBuffer: _n=100, _p=79, total_size=100
Step 680, t=19, state shape: (33,)
RolloutBuffer: _n=100, _p=80, total_size=100
Step 681, t=20, state shape: (33,)
RolloutBuffer: _n=100, _p=81, total_size=100
Step 682, t=21, state shape: (33,)
RolloutBuffer: _n=100, _p=82, total_size=100
Step 683, t=22, state shape: (33,)
RolloutBuffer: _n=100, _p=83, total_size=100
Step 684, t=23, state shape: (33,)
RolloutBuffer: _n=100, _p=84, total_size=100
Step 685, t=24, state shape: (33,)
RolloutBuffer: _n=100, _p=85, total_size=100
Step 686, t=25, state shape: (33,)
RolloutBuffer: _n=100, _p=86, total_size=100
Step 687, t=26, state shape: (33,)
RolloutBuffer: _n=100, _p=87, total_size=100
Step 688, t=27, state shape: (33,)
RolloutBuffer: _n=100, _p=88, total_size=100
Step 689, t=28, state shape: (33,)
RolloutBuffer: _n=100, _p=89, total_size=100
Step 690, t=29, state shape: (33,)
RolloutBuffer: _n=100, _p=90, total_size=100
Step 691, t=30, state shape: (33,)
RolloutBuffer: _n=100, _p=91, total_size=100
Step 692, t=31, state shape: (33,)
RolloutBuffer: _n=100, _p=92, total_size=100
Step 693, t=32, state shape: (33,)
RolloutBuffer: _n=100, _p=93, total_size=100
Step 694, t=33, state shape: (33,)
RolloutBuffer: _n=100, _p=94, total_size=100
Step 695, t=34, state shape: (33,)
RolloutBuffer: _n=100, _p=95, total_size=100
Step 696, t=35, state shape: (33,)
RolloutBuffer: _n=100, _p=96, total_size=100
Step 697, t=1, state shape: (33,)
RolloutBuffer: _n=100, _p=97, total_size=100
Step 698, t=2, state shape: (33,)
RolloutBuffer: _n=100, _p=98, total_size=100
Step 699, t=3, state shape: (33,)
RolloutBuffer: _n=100, _p=99, total_size=100
Step 700, t=4, state shape: (33,)
RolloutBuffer: _n=100, _p=0, total_size=100
[Debug] Log probabilities of current policy actions: tensor([[-12.5476],
        [-10.5911],
        [-12.0981],
        [-11.8258],
        [-13.8117],
        [-12.3732],
        [-11.0728],
        [-10.8869],
        [-12.2637],
        [-12.5476],
        [ -9.4218],
        [-11.9483],
        [-12.6676],
        [-11.0352],
        [-12.0981],
        [-13.6699],
        [-11.8258],
        [-11.5532],
        [-11.4686],
        [-11.1750],
        [-11.3760],
        [-12.0125],
        [-11.1750],
        [-11.3273],
        [-13.3632],
        [-11.9813],
        [-12.5476],
        [-10.7915],
        [-12.3549],
        [-10.3561],
        [-10.4839],
        [ -9.3147],
        [-11.2441],
        [-12.3058],
        [-11.7862],
        [-11.0465],
        [-10.5213],
        [-11.4686],
        [-11.3273],
        [-12.4304],
        [-12.4167],
        [-12.7628],
        [-12.1516],
        [-13.3632],
        [-12.0887],
        [-12.4032],
        [ -9.0077],
        [-11.5532],
        [-13.8117],
        [-12.0887],
        [-12.0887],
        [ -8.6491],
        [-12.1516],
        [-13.0301],
        [-12.3058],
        [-12.2725],
        [-11.7862],
        [-12.3732],
        [-13.0301],
        [-12.5704],
        [ -9.7259],
        [-11.0953],
        [-10.0588],
        [-11.5532]], device='cuda:0')
[Debug] actions_exp max:
1.0
min:
-1.0000001192092896
[Debug] Log probabilities of expert actions: tensor([[-12.6757],
        [-14.0507],
        [-27.0132],
        [-11.3130],
        [-12.5696],
        [-13.3962],
        [-12.6667],
        [-12.5263],
        [-11.9022],
        [-23.4044],
        [-15.1697],
        [-13.6478],
        [-11.5189],
        [-27.0619],
        [-14.5338],
        [-13.1680],
        [-24.2316],
        [-13.4941],
        [-13.5112],
        [-41.4075],
        [-13.5188],
        [-13.7155],
        [-13.1843],
        [-52.6285],
        [-13.7937],
        [-13.1843],
        [-12.8013],
        [-12.4815],
        [-11.5252],
        [-10.7653],
        [-14.4255],
        [-13.7506],
        [-25.2968],
        [-14.4177],
        [-26.3763],
        [-30.6716],
        [-25.2968],
        [-13.5123],
        [-13.1217],
        [-10.7815],
        [-12.8389],
        [-28.5266],
        [-14.1376],
        [-13.2335],
        [-15.5414],
        [-11.6328],
        [-12.5817],
        [-11.5189],
        [-12.9157],
        [-13.9696],
        [-15.0692],
        [-14.2952],
        [-29.8969],
        [-29.9886],
        [-13.9248],
        [-12.4945],
        [-12.5601],
        [-14.1288],
        [-15.0554],
        [-12.6037],
        [-12.3975],
        [-14.1748],
        [-14.1809],
        [-11.9942]], device='cuda:0')
[Debug] Log probabilities of current policy actions: tensor([[-12.2598],
        [-13.8117],
        [-10.7473],
        [-10.9794],
        [-11.4686],
        [-10.4839],
        [-12.2725],
        [-10.6031],
        [-10.7473],
        [-11.2331],
        [-10.0628],
        [-11.5081],
        [-11.1461],
        [ -9.7259],
        [ -9.3147],
        [-10.8650],
        [-12.2598],
        [-10.5086],
        [-12.7122],
        [-11.0985],
        [-11.4686],
        [-10.8116],
        [-11.9263],
        [-10.6031],
        [-10.8869],
        [-10.4839],
        [-11.3760],
        [-11.4686],
        [-11.5532],
        [-10.5086],
        [ -9.9168],
        [-11.0985],
        [-11.0985],
        [-10.0628],
        [-12.4304],
        [-10.7915],
        [-10.8869],
        [-11.0465],
        [-11.7862],
        [-12.6136],
        [-12.2637],
        [-12.7628],
        [-12.0887],
        [-11.0141],
        [-10.8869],
        [-13.3574],
        [-11.1461],
        [-11.9813],
        [-12.2725],
        [-12.0887],
        [-11.7840],
        [-12.6939],
        [ -9.3147],
        [-12.0887],
        [ -9.3147],
        [-13.0301],
        [-13.0301],
        [-13.3632],
        [-11.1461],
        [-10.5086],
        [-12.9366],
        [-12.2637],
        [-11.3111],
        [-12.2598]], device='cuda:0')
[Debug] actions_exp max:
1.0000001192092896
min:
-1.0
[Debug] Log probabilities of expert actions: tensor([[-14.6938],
        [-13.3962],
        [-13.4946],
        [-13.0353],
        [-14.1186],
        [-12.7995],
        [-13.1964],
        [-38.5482],
        [-29.8943],
        [-11.9941],
        [-13.5594],
        [-13.4237],
        [-13.3258],
        [-13.0353],
        [-13.1283],
        [-13.4510],
        [-13.5604],
        [-29.9077],
        [-13.1518],
        [-12.2059],
        [-13.0066],
        [-14.2819],
        [-13.0167],
        [-12.8374],
        [-14.6455],
        [-14.1930],
        [-13.1383],
        [-11.7719],
        [-22.8765],
        [-24.2316],
        [-13.5055],
        [-27.1813],
        [-10.6167],
        [-28.4771],
        [-27.6572],
        [-41.5143],
        [-13.0091],
        [-15.1501],
        [-12.4336],
        [-12.8203],
        [-24.5121],
        [-14.7159],
        [-26.7971],
        [-12.6710],
        [-24.4459],
        [-12.0430],
        [-11.0442],
        [-14.1748],
        [-13.1333],
        [-12.0567],
        [-26.8657],
        [-11.4227],
        [-11.6490],
        [-14.0595],
        [-12.9278],
        [-10.4982],
        [-11.4321],
        [-13.6519],
        [-14.7332],
        [-13.1869],
        [-14.0483],
        [-24.2109],
        [-14.3079],
        [-12.5194]], device='cuda:0')
[Debug] Log probabilities of current policy actions: tensor([[ -9.5565],
        [ -8.6491],
        [-10.7915],
        [-11.3111],
        [-10.9794],
        [-12.4167],
        [-11.0728],
        [-11.0141],
        [ -9.7259],
        [-10.3561],
        [-12.6676],
        [-12.1516],
        [-11.7773],
        [-12.4032],
        [-10.8650],
        [-11.4686],
        [-11.0352],
        [-11.9483],
        [-12.0803],
        [-10.6821],
        [-11.5532],
        [-10.0588],
        [-11.5081],
        [-11.9156],
        [-11.7840],
        [-11.8258],
        [-12.7628],
        [-11.0953],
        [ -9.5565],
        [-13.8117],
        [-12.7628],
        [-10.0628],
        [-11.2331],
        [-11.4717],
        [-12.1975],
        [-12.5392],
        [-11.8258],
        [-12.7122],
        [-12.5704],
        [-12.6676],
        [-10.6031],
        [-12.0803],
        [-13.6699],
        [-10.7915],
        [-12.1204],
        [-12.5476],
        [-11.0728],
        [-11.0352],
        [ -9.7259],
        [-10.5911],
        [-13.8117],
        [ -9.0217],
        [-12.2637],
        [-12.3732],
        [-12.6136],
        [-10.9798],
        [-12.6676],
        [-11.7450],
        [-12.5704],
        [-12.7122],
        [-11.0287],
        [-10.8869],
        [-10.0669],
        [-10.5213]], device='cuda:0')
[Debug] actions_exp max:
1.0000001192092896
min:
-1.0000001192092896
[Debug] Log probabilities of expert actions: tensor([[-12.2059],
        [-13.5107],
        [-14.3232],
        [-11.3237],
        [-11.1352],
        [-13.9818],
        [-12.4702],
        [-12.3127],
        [-15.1314],
        [-29.9184],
        [-26.6953],
        [-12.9925],
        [-13.2644],
        [-12.6537],
        [-10.7306],
        [-29.9953],
        [-13.4856],
        [-11.7554],
        [-27.5798],
        [-12.5538],
        [-13.4422],
        [-12.2022],
        [-29.8943],
        [-26.7971],
        [-13.3551],
        [-14.7381],
        [-12.8849],
        [-25.5486],
        [-27.9043],
        [-11.1324],
        [-24.2168],
        [-13.2781],
        [-10.3300],
        [-13.5217],
        [-27.8988],
        [-12.0333],
        [-11.9608],
        [-13.0814],
        [-13.3624],
        [-14.6052],
        [-24.4754],
        [-12.8053],
        [-15.3610],
        [-13.0464],
        [-13.1427],
        [-25.1149],
        [-12.5035],
        [-12.5467],
        [-13.8669],
        [-13.9340],
        [-26.6950],
        [-15.5996],
        [-12.5263],
        [-12.6018],
        [-12.6574],
        [-13.2305],
        [-11.5216],
        [-12.8445],
        [-40.8937],
        [-10.3347],
        [-15.4347],
        [-24.4216],
        [-25.5465],
        [-10.5952]], device='cuda:0')
[Debug] Rewards: tensor([[ 9.8284],
        [12.8046],
        [10.3989],
        [10.0374],
        [10.4526],
        [11.9692],
        [10.7331],
        [11.5915],
        [11.3173],
        [ 9.7958],
        [ 8.8932],
        [ 9.0480],
        [11.1696],
        [ 9.3286],
        [10.4296],
        [11.4776],
        [10.9774],
        [13.5519],
        [11.8106],
        [ 8.7681],
        [10.7911],
        [12.3381],
        [11.8044],
        [10.4797],
        [ 9.8794],
        [11.9314],
        [11.7100],
        [12.2973],
        [10.2268],
        [11.0204],
        [ 9.8883],
        [11.3733],
        [12.1056],
        [11.0546],
        [11.5912],
        [10.9144],
        [11.4027],
        [11.2094],
        [11.1049],
        [12.3763],
        [ 7.9071],
        [10.3953],
        [10.3476],
        [ 9.8247],
        [ 9.8184],
        [10.5956],
        [ 9.3418],
        [ 9.5090],
        [ 9.9867],
        [11.0273],
        [11.5902],
        [11.7369],
        [ 8.4451],
        [13.3093],
        [12.4058],
        [11.2004],
        [10.7394],
        [11.7913],
        [11.5319],
        [11.7687],
        [11.0166],
        [13.2404],
        [11.0598],
        [ 9.5603],
        [11.0298],
        [11.2098],
        [12.4283],
        [10.7135],
        [12.0320],
        [ 9.3972],
        [11.6785],
        [10.6146],
        [ 9.0932],
        [11.1458],
        [11.5166],
        [11.2265],
        [11.4679],
        [10.2749],
        [11.6040],
        [12.2526],
        [12.0157],
        [13.7885],
        [ 9.4363],
        [11.5054],
        [ 8.2060],
        [11.5495],
        [11.2724],
        [10.3536],
        [11.5464],
        [ 8.1884],
        [12.0816],
        [11.0077],
        [12.1287],
        [10.8281],
        [11.8481],
        [10.4862],
        [12.8124],
        [10.9736],
        [10.0288],
        [11.6324]], device='cuda:0')
[Debug] Reward mean: 10.9741, std: 1.1796
[Debug] actions_exp max:
0.9993342161178589
min:
-0.9972989559173584
[Debug] actions_exp max:
0.9993342161178589
min:
-0.9972989559173584
[Debug] actions_exp max:
0.9993342161178589
min:
-0.9972989559173584
[Debug] actions_exp max:
0.9993342161178589
min:
-0.9972989559173584
[Debug] actions_exp max:
0.9993342161178589
min:
-0.9972989559173584
[Debug] actions_exp max:
0.9993342161178589
min:
-0.9972989559173584
[Debug] actions_exp max:
0.9993342161178589
min:
-0.9972989559173584
[Debug] actions_exp max:
0.9993342161178589
min:
-0.9972989559173584
[Debug] actions_exp max:
0.9993342161178589
min:
-0.9972989559173584
[Debug] actions_exp max:
0.9993342161178589
min:
-0.9972989559173584
[Debug] actions_exp max:
0.9993342161178589
min:
-0.9972989559173584
[Debug] actions_exp max:
0.9993342161178589
min:
-0.9972989559173584
[Debug] actions_exp max:
0.9993342161178589
min:
-0.9972989559173584
[Debug] actions_exp max:
0.9993342161178589
min:
-0.9972989559173584
[Debug] actions_exp max:
0.9993342161178589
min:
-0.9972989559173584
[Debug] actions_exp max:
0.9993342161178589
min:
-0.9972989559173584
[Debug] actions_exp max:
0.9993342161178589
min:
-0.9972989559173584
[Debug] actions_exp max:
0.9993342161178589
min:
-0.9972989559173584
[Debug] actions_exp max:
0.9993342161178589
min:
-0.9972989559173584
[Debug] actions_exp max:
0.9993342161178589
min:
-0.9972989559173584
[Debug] actions_exp max:
0.9993342161178589
min:
-0.9972989559173584
[Debug] actions_exp max:
0.9993342161178589
min:
-0.9972989559173584
[Debug] actions_exp max:
0.9993342161178589
min:
-0.9972989559173584
[Debug] actions_exp max:
0.9993342161178589
min:
-0.9972989559173584
[Debug] actions_exp max:
0.9993342161178589
min:
-0.9972989559173584
[Debug] actions_exp max:
0.9993342161178589
min:
-0.9972989559173584
[Debug] actions_exp max:
0.9993342161178589
min:
-0.9972989559173584
[Debug] actions_exp max:
0.9993342161178589
min:
-0.9972989559173584
[Debug] actions_exp max:
0.9993342161178589
min:
-0.9972989559173584
[Debug] actions_exp max:
0.9993342161178589
min:
-0.9972989559173584
[Debug] actions_exp max:
0.9993342161178589
min:
-0.9972989559173584
[Debug] actions_exp max:
0.9993342161178589
min:
-0.9972989559173584
[Debug] actions_exp max:
0.9993342161178589
min:
-0.9972989559173584
[Debug] actions_exp max:
0.9993342161178589
min:
-0.9972989559173584
[Debug] actions_exp max:
0.9993342161178589
min:
-0.9972989559173584
[Debug] actions_exp max:
0.9993342161178589
min:
-0.9972989559173584
[Debug] actions_exp max:
0.9993342161178589
min:
-0.9972989559173584
[Debug] actions_exp max:
0.9993342161178589
min:
-0.9972989559173584
[Debug] actions_exp max:
0.9993342161178589
min:
-0.9972989559173584
[Debug] actions_exp max:
0.9993342161178589
min:
-0.9972989559173584
[Debug] actions_exp max:
0.9993342161178589
min:
-0.9972989559173584
[Debug] actions_exp max:
0.9993342161178589
min:
-0.9972989559173584
[Debug] actions_exp max:
0.9993342161178589
min:
-0.9972989559173584
[Debug] actions_exp max:
0.9993342161178589
min:
-0.9972989559173584
[Debug] actions_exp max:
0.9993342161178589
min:
-0.9972989559173584
[Debug] actions_exp max:
0.9993342161178589
min:
-0.9972989559173584
[Debug] actions_exp max:
0.9993342161178589
min:
-0.9972989559173584
[Debug] actions_exp max:
0.9993342161178589
min:
-0.9972989559173584
[Debug] actions_exp max:
0.9993342161178589
min:
-0.9972989559173584
[Debug] actions_exp max:
0.9993342161178589
min:
-0.9972989559173584
Step 701, t=5, state shape: (33,)
RolloutBuffer: _n=100, _p=1, total_size=100
Step 702, t=6, state shape: (33,)
RolloutBuffer: _n=100, _p=2, total_size=100
Step 703, t=7, state shape: (33,)
RolloutBuffer: _n=100, _p=3, total_size=100
Step 704, t=8, state shape: (33,)
RolloutBuffer: _n=100, _p=4, total_size=100
Step 705, t=9, state shape: (33,)
RolloutBuffer: _n=100, _p=5, total_size=100
Step 706, t=10, state shape: (33,)
RolloutBuffer: _n=100, _p=6, total_size=100
Step 707, t=11, state shape: (33,)
RolloutBuffer: _n=100, _p=7, total_size=100
Step 708, t=12, state shape: (33,)
RolloutBuffer: _n=100, _p=8, total_size=100
Step 709, t=13, state shape: (33,)
RolloutBuffer: _n=100, _p=9, total_size=100
Step 710, t=14, state shape: (33,)
RolloutBuffer: _n=100, _p=10, total_size=100
Step 711, t=15, state shape: (33,)
RolloutBuffer: _n=100, _p=11, total_size=100
Step 712, t=16, state shape: (33,)
RolloutBuffer: _n=100, _p=12, total_size=100
Step 713, t=17, state shape: (33,)
RolloutBuffer: _n=100, _p=13, total_size=100
Step 714, t=18, state shape: (33,)
RolloutBuffer: _n=100, _p=14, total_size=100
Step 715, t=19, state shape: (33,)
RolloutBuffer: _n=100, _p=15, total_size=100
Step 716, t=20, state shape: (33,)
RolloutBuffer: _n=100, _p=16, total_size=100
Step 717, t=21, state shape: (33,)
RolloutBuffer: _n=100, _p=17, total_size=100
Step 718, t=22, state shape: (33,)
RolloutBuffer: _n=100, _p=18, total_size=100
Step 719, t=23, state shape: (33,)
RolloutBuffer: _n=100, _p=19, total_size=100
Step 720, t=1, state shape: (33,)
RolloutBuffer: _n=100, _p=20, total_size=100
Step 721, t=2, state shape: (33,)
RolloutBuffer: _n=100, _p=21, total_size=100
Step 722, t=3, state shape: (33,)
RolloutBuffer: _n=100, _p=22, total_size=100
Step 723, t=4, state shape: (33,)
RolloutBuffer: _n=100, _p=23, total_size=100
Step 724, t=5, state shape: (33,)
RolloutBuffer: _n=100, _p=24, total_size=100
Step 725, t=6, state shape: (33,)
RolloutBuffer: _n=100, _p=25, total_size=100
Step 726, t=7, state shape: (33,)
RolloutBuffer: _n=100, _p=26, total_size=100
Step 727, t=8, state shape: (33,)
RolloutBuffer: _n=100, _p=27, total_size=100
Step 728, t=9, state shape: (33,)
RolloutBuffer: _n=100, _p=28, total_size=100
Step 729, t=10, state shape: (33,)
RolloutBuffer: _n=100, _p=29, total_size=100
Step 730, t=11, state shape: (33,)
RolloutBuffer: _n=100, _p=30, total_size=100
Step 731, t=12, state shape: (33,)
RolloutBuffer: _n=100, _p=31, total_size=100
Step 732, t=13, state shape: (33,)
RolloutBuffer: _n=100, _p=32, total_size=100
Step 733, t=14, state shape: (33,)
RolloutBuffer: _n=100, _p=33, total_size=100
Step 734, t=15, state shape: (33,)
RolloutBuffer: _n=100, _p=34, total_size=100
Step 735, t=16, state shape: (33,)
RolloutBuffer: _n=100, _p=35, total_size=100
Step 736, t=17, state shape: (33,)
RolloutBuffer: _n=100, _p=36, total_size=100
Step 737, t=18, state shape: (33,)
RolloutBuffer: _n=100, _p=37, total_size=100
Step 738, t=19, state shape: (33,)
RolloutBuffer: _n=100, _p=38, total_size=100
Step 739, t=20, state shape: (33,)
RolloutBuffer: _n=100, _p=39, total_size=100
Step 740, t=21, state shape: (33,)
RolloutBuffer: _n=100, _p=40, total_size=100
Step 741, t=22, state shape: (33,)
RolloutBuffer: _n=100, _p=41, total_size=100
Step 742, t=23, state shape: (33,)
RolloutBuffer: _n=100, _p=42, total_size=100
Step 743, t=24, state shape: (33,)
RolloutBuffer: _n=100, _p=43, total_size=100
Step 744, t=25, state shape: (33,)
RolloutBuffer: _n=100, _p=44, total_size=100
Step 745, t=26, state shape: (33,)
RolloutBuffer: _n=100, _p=45, total_size=100
Step 746, t=27, state shape: (33,)
RolloutBuffer: _n=100, _p=46, total_size=100
Step 747, t=28, state shape: (33,)
RolloutBuffer: _n=100, _p=47, total_size=100
Step 748, t=1, state shape: (33,)
RolloutBuffer: _n=100, _p=48, total_size=100
Step 749, t=2, state shape: (33,)
RolloutBuffer: _n=100, _p=49, total_size=100
Step 750, t=3, state shape: (33,)
RolloutBuffer: _n=100, _p=50, total_size=100
Step 751, t=4, state shape: (33,)
RolloutBuffer: _n=100, _p=51, total_size=100
Step 752, t=5, state shape: (33,)
RolloutBuffer: _n=100, _p=52, total_size=100
Step 753, t=6, state shape: (33,)
RolloutBuffer: _n=100, _p=53, total_size=100
Step 754, t=7, state shape: (33,)
RolloutBuffer: _n=100, _p=54, total_size=100
Step 755, t=8, state shape: (33,)
RolloutBuffer: _n=100, _p=55, total_size=100
Step 756, t=9, state shape: (33,)
RolloutBuffer: _n=100, _p=56, total_size=100
Step 757, t=10, state shape: (33,)
RolloutBuffer: _n=100, _p=57, total_size=100
Step 758, t=11, state shape: (33,)
RolloutBuffer: _n=100, _p=58, total_size=100
Step 759, t=12, state shape: (33,)
RolloutBuffer: _n=100, _p=59, total_size=100
Step 760, t=13, state shape: (33,)
RolloutBuffer: _n=100, _p=60, total_size=100
Step 761, t=14, state shape: (33,)
RolloutBuffer: _n=100, _p=61, total_size=100
Step 762, t=15, state shape: (33,)
RolloutBuffer: _n=100, _p=62, total_size=100
Step 763, t=16, state shape: (33,)
RolloutBuffer: _n=100, _p=63, total_size=100
Step 764, t=1, state shape: (33,)
RolloutBuffer: _n=100, _p=64, total_size=100
Step 765, t=2, state shape: (33,)
RolloutBuffer: _n=100, _p=65, total_size=100
Step 766, t=3, state shape: (33,)
RolloutBuffer: _n=100, _p=66, total_size=100
Step 767, t=4, state shape: (33,)
RolloutBuffer: _n=100, _p=67, total_size=100
Step 768, t=5, state shape: (33,)
RolloutBuffer: _n=100, _p=68, total_size=100
Step 769, t=6, state shape: (33,)
RolloutBuffer: _n=100, _p=69, total_size=100
Step 770, t=7, state shape: (33,)
RolloutBuffer: _n=100, _p=70, total_size=100
Step 771, t=8, state shape: (33,)
RolloutBuffer: _n=100, _p=71, total_size=100
Step 772, t=9, state shape: (33,)
RolloutBuffer: _n=100, _p=72, total_size=100
Step 773, t=10, state shape: (33,)
RolloutBuffer: _n=100, _p=73, total_size=100
Step 774, t=11, state shape: (33,)
RolloutBuffer: _n=100, _p=74, total_size=100
Step 775, t=12, state shape: (33,)
RolloutBuffer: _n=100, _p=75, total_size=100
Step 776, t=13, state shape: (33,)
RolloutBuffer: _n=100, _p=76, total_size=100
Step 777, t=14, state shape: (33,)
RolloutBuffer: _n=100, _p=77, total_size=100
Step 778, t=15, state shape: (33,)
RolloutBuffer: _n=100, _p=78, total_size=100
Step 779, t=16, state shape: (33,)
RolloutBuffer: _n=100, _p=79, total_size=100
Step 780, t=17, state shape: (33,)
RolloutBuffer: _n=100, _p=80, total_size=100
Step 781, t=18, state shape: (33,)
RolloutBuffer: _n=100, _p=81, total_size=100
Step 782, t=19, state shape: (33,)
RolloutBuffer: _n=100, _p=82, total_size=100
Step 783, t=20, state shape: (33,)
RolloutBuffer: _n=100, _p=83, total_size=100
Step 784, t=21, state shape: (33,)
RolloutBuffer: _n=100, _p=84, total_size=100
Step 785, t=22, state shape: (33,)
RolloutBuffer: _n=100, _p=85, total_size=100
Step 786, t=23, state shape: (33,)
RolloutBuffer: _n=100, _p=86, total_size=100
Step 787, t=24, state shape: (33,)
RolloutBuffer: _n=100, _p=87, total_size=100
Step 788, t=25, state shape: (33,)
RolloutBuffer: _n=100, _p=88, total_size=100
Step 789, t=26, state shape: (33,)
RolloutBuffer: _n=100, _p=89, total_size=100
Step 790, t=27, state shape: (33,)
RolloutBuffer: _n=100, _p=90, total_size=100
Step 791, t=1, state shape: (33,)
RolloutBuffer: _n=100, _p=91, total_size=100
Step 792, t=2, state shape: (33,)
RolloutBuffer: _n=100, _p=92, total_size=100
Step 793, t=3, state shape: (33,)
RolloutBuffer: _n=100, _p=93, total_size=100
Step 794, t=4, state shape: (33,)
RolloutBuffer: _n=100, _p=94, total_size=100
Step 795, t=5, state shape: (33,)
RolloutBuffer: _n=100, _p=95, total_size=100
Step 796, t=6, state shape: (33,)
RolloutBuffer: _n=100, _p=96, total_size=100
Step 797, t=7, state shape: (33,)
RolloutBuffer: _n=100, _p=97, total_size=100
Step 798, t=8, state shape: (33,)
RolloutBuffer: _n=100, _p=98, total_size=100
Step 799, t=9, state shape: (33,)
RolloutBuffer: _n=100, _p=99, total_size=100
Step 800, t=10, state shape: (33,)
RolloutBuffer: _n=100, _p=0, total_size=100
[Debug] Log probabilities of current policy actions: tensor([[ -9.5282],
        [-10.3076],
        [-11.7780],
        [-11.4595],
        [-12.4453],
        [-11.7838],
        [-12.2476],
        [ -9.4891],
        [-13.4426],
        [-13.5461],
        [-11.9122],
        [-12.3103],
        [-11.8942],
        [-10.4742],
        [-11.8244],
        [-11.0900],
        [-11.6391],
        [-10.7468],
        [-11.8942],
        [-11.0607],
        [-12.7873],
        [ -9.4891],
        [-12.2171],
        [-12.4437],
        [-12.2171],
        [-12.5656],
        [-10.6836],
        [-13.5633],
        [-11.4280],
        [-11.8942],
        [ -8.8744],
        [-10.6836],
        [-11.0900],
        [-11.7780],
        [-10.9813],
        [-10.4742],
        [-13.5604],
        [-11.9122],
        [-12.5924],
        [-13.6051],
        [-13.0533],
        [-11.2737],
        [-10.9813],
        [-11.0607],
        [-10.6150],
        [-11.6391],
        [-13.5633],
        [ -8.5289],
        [-13.0533],
        [-11.4252],
        [-14.7411],
        [-11.7838],
        [-12.0615],
        [-12.0615],
        [-10.7468],
        [-11.3680],
        [-13.1769],
        [-12.2171],
        [-11.7780],
        [-11.4609],
        [-12.3103],
        [-12.9974],
        [-11.7963],
        [-11.6391]], device='cuda:0')
[Debug] actions_exp max:
1.0
min:
-1.0000001192092896
[Debug] Log probabilities of expert actions: tensor([[-12.9066],
        [-12.7681],
        [-12.7158],
        [-13.3128],
        [-12.5911],
        [-12.5519],
        [-11.3270],
        [-14.0332],
        [-13.9932],
        [-15.0914],
        [-11.6449],
        [-12.4146],
        [-15.0512],
        [-12.8052],
        [-12.5555],
        [-14.4858],
        [-13.4960],
        [-15.0771],
        [-13.3738],
        [-14.5622],
        [-13.7100],
        [-12.8815],
        [-26.8420],
        [-13.1741],
        [-13.1535],
        [-11.3456],
        [-13.2826],
        [-25.6263],
        [-13.4270],
        [-13.0081],
        [-12.7459],
        [-12.7088],
        [-11.9804],
        [-16.5716],
        [-54.8537],
        [-13.3785],
        [-12.4653],
        [-12.9623],
        [-13.5449],
        [-11.3822],
        [-13.1780],
        [-13.4270],
        [-11.0741],
        [-12.8634],
        [-16.1126],
        [-12.8076],
        [-31.0311],
        [-12.5957],
        [-12.1970],
        [-13.3196],
        [-14.4474],
        [-14.2965],
        [-26.0558],
        [-13.5607],
        [-11.1145],
        [-13.3680],
        [-14.1963],
        [-11.1621],
        [-14.4883],
        [-15.3662],
        [-11.9913],
        [-11.9275],
        [-16.2755],
        [-12.4892]], device='cuda:0')
[Debug] Log probabilities of current policy actions: tensor([[-12.9974],
        [-10.8474],
        [-10.6008],
        [-11.8942],
        [-12.2257],
        [-11.2881],
        [-11.5898],
        [-12.0867],
        [-11.3425],
        [-10.3076],
        [-12.9851],
        [-12.0015],
        [-14.9310],
        [-11.3425],
        [-10.8474],
        [-13.0483],
        [-13.2048],
        [-10.7468],
        [-11.7963],
        [-12.3103],
        [-12.1769],
        [-10.8277],
        [-11.3680],
        [-11.4280],
        [ -9.8992],
        [-12.9851],
        [-11.2737],
        [-12.3103],
        [-11.4280],
        [-12.5656],
        [-10.6150],
        [-13.1811],
        [-13.1811],
        [-11.3680],
        [-10.6836],
        [-12.2356],
        [-13.4426],
        [ -9.1261],
        [-10.4320],
        [-11.3680],
        [-10.6008],
        [ -9.5282],
        [ -9.2116],
        [-11.4252],
        [-12.4437],
        [-11.7335],
        [-12.5924],
        [ -9.5386],
        [-12.0015],
        [ -9.8992],
        [-13.5461],
        [-10.3076],
        [-10.3540],
        [-12.7873],
        [-12.5236],
        [-12.9129],
        [-12.0015],
        [-11.7838],
        [ -9.5386],
        [ -9.2116],
        [-12.9912],
        [-12.1397],
        [-10.7468],
        [-12.5924]], device='cuda:0')
[Debug] actions_exp max:
1.0000001192092896
min:
-1.0000001192092896
[Debug] Log probabilities of expert actions: tensor([[-12.9548],
        [-13.8720],
        [-13.7859],
        [-10.5389],
        [-12.7435],
        [-13.1721],
        [-14.1522],
        [-25.9713],
        [-12.9221],
        [-12.8689],
        [-15.5867],
        [-11.2547],
        [-14.7201],
        [-12.6344],
        [-27.0259],
        [-28.5626],
        [-12.1597],
        [-12.8009],
        [-12.2047],
        [-15.2719],
        [-13.6586],
        [-12.7459],
        [-27.3162],
        [-11.1542],
        [-12.9056],
        [-12.8262],
        [-26.4080],
        [-13.1741],
        [-10.5883],
        [-39.5570],
        [-24.9659],
        [-12.9335],
        [-13.4371],
        [-25.0975],
        [-11.5457],
        [-12.8599],
        [-13.4450],
        [-13.5909],
        [-14.0000],
        [-23.5733],
        [-12.4209],
        [-13.5930],
        [-30.2663],
        [-12.3635],
        [-13.5836],
        [-12.4335],
        [-14.5140],
        [-15.3947],
        [-13.5909],
        [-13.4278],
        [-13.8617],
        [-27.3669],
        [-14.0190],
        [-14.6044],
        [-13.1692],
        [-24.3671],
        [-14.4856],
        [-13.9907],
        [-13.1838],
        [-16.1520],
        [-14.3293],
        [-27.3333],
        [-13.1838],
        [-12.9090]], device='cuda:0')
[Debug] Log probabilities of current policy actions: tensor([[-13.4426],
        [-10.3540],
        [-11.5898],
        [-11.5898],
        [-11.8942],
        [-11.9136],
        [-10.3540],
        [ -7.9164],
        [-12.0867],
        [-13.4708],
        [-11.0607],
        [-12.9851],
        [-12.4437],
        [ -9.5386],
        [-11.3680],
        [-11.7780],
        [ -9.4891],
        [-14.9310],
        [-10.6150],
        [-13.6051],
        [-11.8942],
        [-14.9310],
        [-14.9310],
        [-11.7603],
        [-10.0824],
        [-12.9912],
        [-11.2438],
        [-11.3425],
        [-12.5236],
        [-11.9136],
        [-12.4453],
        [-12.1769],
        [-12.5483],
        [-13.5461],
        [-12.2171],
        [-12.2171],
        [-13.0533],
        [-10.3076],
        [-11.7335],
        [-10.7566],
        [-11.7025],
        [-11.9122],
        [ -9.5282],
        [-11.4252],
        [-11.3680],
        [-13.6657],
        [ -9.8992],
        [-10.3076],
        [ -8.7629],
        [-11.2438],
        [-12.5656],
        [-10.3076],
        [ -9.1261],
        [-11.6391],
        [-14.7411],
        [ -9.1261],
        [-12.9129],
        [-12.0015],
        [-13.4426],
        [-11.2438],
        [-11.2208],
        [ -9.2116],
        [-13.4426],
        [-10.7194]], device='cuda:0')
[Debug] actions_exp max:
1.0
min:
-1.0
[Debug] Log probabilities of expert actions: tensor([[-15.1241],
        [-12.8666],
        [-29.4900],
        [-12.6229],
        [-29.4472],
        [-13.8495],
        [-12.3668],
        [-14.5699],
        [-12.2017],
        [-26.6346],
        [-13.1760],
        [-12.9509],
        [-30.3852],
        [-12.8432],
        [-14.3335],
        [-13.1606],
        [-12.7086],
        [-12.9133],
        [-15.0688],
        [-16.2713],
        [-16.0961],
        [-13.7299],
        [-27.7419],
        [-15.3774],
        [-14.4804],
        [-13.8789],
        [-26.6404],
        [-12.8508],
        [-10.8539],
        [-13.4852],
        [-13.3055],
        [-12.2000],
        [-42.1712],
        [-13.2474],
        [-12.9511],
        [-12.9630],
        [-13.9254],
        [-13.7287],
        [-16.0229],
        [-13.7536],
        [-13.7736],
        [-13.5464],
        [-14.0063],
        [-14.3445],
        [-11.1145],
        [-13.3098],
        [-14.3099],
        [-14.6548],
        [-12.8144],
        [-12.6820],
        [-15.3766],
        [-13.0520],
        [-11.7277],
        [-12.2152],
        [-15.0794],
        [-13.6586],
        [-14.0597],
        [-29.5463],
        [-12.8858],
        [-13.7114],
        [-15.4066],
        [-11.7121],
        [-14.0163],
        [-14.5140]], device='cuda:0')
[Debug] Rewards: tensor([[14.3662],
        [12.4191],
        [10.6095],
        [12.0058],
        [11.6503],
        [10.6041],
        [10.6324],
        [11.9449],
        [12.0125],
        [11.8380],
        [11.3998],
        [ 9.7263],
        [11.5624],
        [11.4317],
        [11.3279],
        [10.3302],
        [11.7977],
        [11.4304],
        [12.2564],
        [11.9017],
        [11.0276],
        [12.5809],
        [10.4550],
        [ 9.1040],
        [ 8.2984],
        [12.3771],
        [10.5490],
        [10.9139],
        [10.4164],
        [12.4560],
        [11.3551],
        [ 8.5333],
        [ 9.3025],
        [10.2704],
        [11.2776],
        [12.5855],
        [11.7816],
        [12.1389],
        [11.0431],
        [ 8.9678],
        [12.2979],
        [12.5385],
        [11.7751],
        [11.0711],
        [ 8.4308],
        [11.3983],
        [10.3039],
        [12.5730],
        [11.2071],
        [12.8161],
        [10.5485],
        [ 7.4700],
        [12.3768],
        [10.8163],
        [ 9.9552],
        [11.4497],
        [10.2079],
        [12.2274],
        [ 9.0267],
        [ 7.7998],
        [10.8601],
        [11.8103],
        [10.7719],
        [11.5666],
        [11.4808],
        [ 9.9638],
        [ 9.3173],
        [11.9068],
        [13.0328],
        [10.9251],
        [11.9644],
        [10.4274],
        [10.7761],
        [ 7.7819],
        [10.2418],
        [13.0543],
        [ 9.9400],
        [10.5877],
        [11.0741],
        [14.1341],
        [ 8.4629],
        [11.9252],
        [10.2333],
        [ 7.0864],
        [ 9.2595],
        [10.9886],
        [10.5166],
        [11.5722],
        [12.5115],
        [10.1878],
        [12.9066],
        [10.0560],
        [10.4229],
        [12.9249],
        [10.1728],
        [10.8056],
        [10.2086],
        [12.5140],
        [13.1529],
        [13.1964]], device='cuda:0')
[Debug] Reward mean: 11.0369, std: 1.4188
[Debug] actions_exp max:
0.9993651509284973
min:
-0.9963425993919373
[Debug] actions_exp max:
0.9993651509284973
min:
-0.9963425993919373
[Debug] actions_exp max:
0.9993651509284973
min:
-0.9963425993919373
[Debug] actions_exp max:
0.9993651509284973
min:
-0.9963425993919373
[Debug] actions_exp max:
0.9993651509284973
min:
-0.9963425993919373
[Debug] actions_exp max:
0.9993651509284973
min:
-0.9963425993919373
[Debug] actions_exp max:
0.9993651509284973
min:
-0.9963425993919373
[Debug] actions_exp max:
0.9993651509284973
min:
-0.9963425993919373
[Debug] actions_exp max:
0.9993651509284973
min:
-0.9963425993919373
[Debug] actions_exp max:
0.9993651509284973
min:
-0.9963425993919373
[Debug] actions_exp max:
0.9993651509284973
min:
-0.9963425993919373
[Debug] actions_exp max:
0.9993651509284973
min:
-0.9963425993919373
[Debug] actions_exp max:
0.9993651509284973
min:
-0.9963425993919373
[Debug] actions_exp max:
0.9993651509284973
min:
-0.9963425993919373
[Debug] actions_exp max:
0.9993651509284973
min:
-0.9963425993919373
[Debug] actions_exp max:
0.9993651509284973
min:
-0.9963425993919373
[Debug] actions_exp max:
0.9993651509284973
min:
-0.9963425993919373
[Debug] actions_exp max:
0.9993651509284973
min:
-0.9963425993919373
[Debug] actions_exp max:
0.9993651509284973
min:
-0.9963425993919373
[Debug] actions_exp max:
0.9993651509284973
min:
-0.9963425993919373
[Debug] actions_exp max:
0.9993651509284973
min:
-0.9963425993919373
[Debug] actions_exp max:
0.9993651509284973
min:
-0.9963425993919373
[Debug] actions_exp max:
0.9993651509284973
min:
-0.9963425993919373
[Debug] actions_exp max:
0.9993651509284973
min:
-0.9963425993919373
[Debug] actions_exp max:
0.9993651509284973
min:
-0.9963425993919373
[Debug] actions_exp max:
0.9993651509284973
min:
-0.9963425993919373
[Debug] actions_exp max:
0.9993651509284973
min:
-0.9963425993919373
[Debug] actions_exp max:
0.9993651509284973
min:
-0.9963425993919373
[Debug] actions_exp max:
0.9993651509284973
min:
-0.9963425993919373
[Debug] actions_exp max:
0.9993651509284973
min:
-0.9963425993919373
[Debug] actions_exp max:
0.9993651509284973
min:
-0.9963425993919373
[Debug] actions_exp max:
0.9993651509284973
min:
-0.9963425993919373
[Debug] actions_exp max:
0.9993651509284973
min:
-0.9963425993919373
[Debug] actions_exp max:
0.9993651509284973
min:
-0.9963425993919373
[Debug] actions_exp max:
0.9993651509284973
min:
-0.9963425993919373
[Debug] actions_exp max:
0.9993651509284973
min:
-0.9963425993919373
[Debug] actions_exp max:
0.9993651509284973
min:
-0.9963425993919373
[Debug] actions_exp max:
0.9993651509284973
min:
-0.9963425993919373
[Debug] actions_exp max:
0.9993651509284973
min:
-0.9963425993919373
[Debug] actions_exp max:
0.9993651509284973
min:
-0.9963425993919373
[Debug] actions_exp max:
0.9993651509284973
min:
-0.9963425993919373
[Debug] actions_exp max:
0.9993651509284973
min:
-0.9963425993919373
[Debug] actions_exp max:
0.9993651509284973
min:
-0.9963425993919373
[Debug] actions_exp max:
0.9993651509284973
min:
-0.9963425993919373
[Debug] actions_exp max:
0.9993651509284973
min:
-0.9963425993919373
[Debug] actions_exp max:
0.9993651509284973
min:
-0.9963425993919373
[Debug] actions_exp max:
0.9993651509284973
min:
-0.9963425993919373
[Debug] actions_exp max:
0.9993651509284973
min:
-0.9963425993919373
[Debug] actions_exp max:
0.9993651509284973
min:
-0.9963425993919373
[Debug] actions_exp max:
0.9993651509284973
min:
-0.9963425993919373
Step 801, t=11, state shape: (33,)
RolloutBuffer: _n=100, _p=1, total_size=100
Step 802, t=12, state shape: (33,)
RolloutBuffer: _n=100, _p=2, total_size=100
Step 803, t=13, state shape: (33,)
RolloutBuffer: _n=100, _p=3, total_size=100
Step 804, t=14, state shape: (33,)
RolloutBuffer: _n=100, _p=4, total_size=100
Step 805, t=15, state shape: (33,)
RolloutBuffer: _n=100, _p=5, total_size=100
Step 806, t=16, state shape: (33,)
RolloutBuffer: _n=100, _p=6, total_size=100
Step 807, t=17, state shape: (33,)
RolloutBuffer: _n=100, _p=7, total_size=100
Step 808, t=18, state shape: (33,)
RolloutBuffer: _n=100, _p=8, total_size=100
Step 809, t=19, state shape: (33,)
RolloutBuffer: _n=100, _p=9, total_size=100
Step 810, t=20, state shape: (33,)
RolloutBuffer: _n=100, _p=10, total_size=100
Step 811, t=21, state shape: (33,)
RolloutBuffer: _n=100, _p=11, total_size=100
Step 812, t=22, state shape: (33,)
RolloutBuffer: _n=100, _p=12, total_size=100
Step 813, t=1, state shape: (33,)
RolloutBuffer: _n=100, _p=13, total_size=100
Step 814, t=2, state shape: (33,)
RolloutBuffer: _n=100, _p=14, total_size=100
Step 815, t=3, state shape: (33,)
RolloutBuffer: _n=100, _p=15, total_size=100
Step 816, t=4, state shape: (33,)
RolloutBuffer: _n=100, _p=16, total_size=100
Step 817, t=5, state shape: (33,)
RolloutBuffer: _n=100, _p=17, total_size=100
Step 818, t=6, state shape: (33,)
RolloutBuffer: _n=100, _p=18, total_size=100
Step 819, t=7, state shape: (33,)
RolloutBuffer: _n=100, _p=19, total_size=100
Step 820, t=8, state shape: (33,)
RolloutBuffer: _n=100, _p=20, total_size=100
Step 821, t=9, state shape: (33,)
RolloutBuffer: _n=100, _p=21, total_size=100
Step 822, t=10, state shape: (33,)
RolloutBuffer: _n=100, _p=22, total_size=100
Step 823, t=11, state shape: (33,)
RolloutBuffer: _n=100, _p=23, total_size=100
Step 824, t=12, state shape: (33,)
RolloutBuffer: _n=100, _p=24, total_size=100
Step 825, t=13, state shape: (33,)
RolloutBuffer: _n=100, _p=25, total_size=100
Step 826, t=14, state shape: (33,)
RolloutBuffer: _n=100, _p=26, total_size=100
Step 827, t=15, state shape: (33,)
RolloutBuffer: _n=100, _p=27, total_size=100
Step 828, t=16, state shape: (33,)
RolloutBuffer: _n=100, _p=28, total_size=100
Step 829, t=17, state shape: (33,)
RolloutBuffer: _n=100, _p=29, total_size=100
Step 830, t=18, state shape: (33,)
RolloutBuffer: _n=100, _p=30, total_size=100
Step 831, t=1, state shape: (33,)
RolloutBuffer: _n=100, _p=31, total_size=100
Step 832, t=2, state shape: (33,)
RolloutBuffer: _n=100, _p=32, total_size=100
Step 833, t=3, state shape: (33,)
RolloutBuffer: _n=100, _p=33, total_size=100
Step 834, t=4, state shape: (33,)
RolloutBuffer: _n=100, _p=34, total_size=100
Step 835, t=5, state shape: (33,)
RolloutBuffer: _n=100, _p=35, total_size=100
Step 836, t=6, state shape: (33,)
RolloutBuffer: _n=100, _p=36, total_size=100
Step 837, t=7, state shape: (33,)
RolloutBuffer: _n=100, _p=37, total_size=100
Step 838, t=8, state shape: (33,)
RolloutBuffer: _n=100, _p=38, total_size=100
Step 839, t=9, state shape: (33,)
RolloutBuffer: _n=100, _p=39, total_size=100
Step 840, t=10, state shape: (33,)
RolloutBuffer: _n=100, _p=40, total_size=100
Step 841, t=11, state shape: (33,)
RolloutBuffer: _n=100, _p=41, total_size=100
Step 842, t=12, state shape: (33,)
RolloutBuffer: _n=100, _p=42, total_size=100
Step 843, t=13, state shape: (33,)
RolloutBuffer: _n=100, _p=43, total_size=100
Step 844, t=14, state shape: (33,)
RolloutBuffer: _n=100, _p=44, total_size=100
Step 845, t=15, state shape: (33,)
RolloutBuffer: _n=100, _p=45, total_size=100
Step 846, t=16, state shape: (33,)
RolloutBuffer: _n=100, _p=46, total_size=100
Step 847, t=17, state shape: (33,)
RolloutBuffer: _n=100, _p=47, total_size=100
Step 848, t=1, state shape: (33,)
RolloutBuffer: _n=100, _p=48, total_size=100
Step 849, t=2, state shape: (33,)
RolloutBuffer: _n=100, _p=49, total_size=100
Step 850, t=3, state shape: (33,)
RolloutBuffer: _n=100, _p=50, total_size=100
Step 851, t=4, state shape: (33,)
RolloutBuffer: _n=100, _p=51, total_size=100
Step 852, t=5, state shape: (33,)
RolloutBuffer: _n=100, _p=52, total_size=100
Step 853, t=6, state shape: (33,)
RolloutBuffer: _n=100, _p=53, total_size=100
Step 854, t=7, state shape: (33,)
RolloutBuffer: _n=100, _p=54, total_size=100
Step 855, t=8, state shape: (33,)
RolloutBuffer: _n=100, _p=55, total_size=100
Step 856, t=9, state shape: (33,)
RolloutBuffer: _n=100, _p=56, total_size=100
Step 857, t=10, state shape: (33,)
RolloutBuffer: _n=100, _p=57, total_size=100
Step 858, t=11, state shape: (33,)
RolloutBuffer: _n=100, _p=58, total_size=100
Step 859, t=12, state shape: (33,)
RolloutBuffer: _n=100, _p=59, total_size=100
Step 860, t=13, state shape: (33,)
RolloutBuffer: _n=100, _p=60, total_size=100
Step 861, t=14, state shape: (33,)
RolloutBuffer: _n=100, _p=61, total_size=100
Step 862, t=15, state shape: (33,)
RolloutBuffer: _n=100, _p=62, total_size=100
Step 863, t=16, state shape: (33,)
RolloutBuffer: _n=100, _p=63, total_size=100
Step 864, t=17, state shape: (33,)
RolloutBuffer: _n=100, _p=64, total_size=100
Step 865, t=18, state shape: (33,)
RolloutBuffer: _n=100, _p=65, total_size=100
Step 866, t=19, state shape: (33,)
RolloutBuffer: _n=100, _p=66, total_size=100
Step 867, t=20, state shape: (33,)
RolloutBuffer: _n=100, _p=67, total_size=100
Step 868, t=21, state shape: (33,)
RolloutBuffer: _n=100, _p=68, total_size=100
Step 869, t=22, state shape: (33,)
RolloutBuffer: _n=100, _p=69, total_size=100
Step 870, t=23, state shape: (33,)
RolloutBuffer: _n=100, _p=70, total_size=100
Step 871, t=24, state shape: (33,)
RolloutBuffer: _n=100, _p=71, total_size=100
Step 872, t=25, state shape: (33,)
RolloutBuffer: _n=100, _p=72, total_size=100
Step 873, t=26, state shape: (33,)
RolloutBuffer: _n=100, _p=73, total_size=100
Step 874, t=27, state shape: (33,)
RolloutBuffer: _n=100, _p=74, total_size=100
Step 875, t=28, state shape: (33,)
RolloutBuffer: _n=100, _p=75, total_size=100
Step 876, t=29, state shape: (33,)
RolloutBuffer: _n=100, _p=76, total_size=100
Step 877, t=30, state shape: (33,)
RolloutBuffer: _n=100, _p=77, total_size=100
Step 878, t=31, state shape: (33,)
RolloutBuffer: _n=100, _p=78, total_size=100
Step 879, t=1, state shape: (33,)
RolloutBuffer: _n=100, _p=79, total_size=100
Step 880, t=2, state shape: (33,)
RolloutBuffer: _n=100, _p=80, total_size=100
Step 881, t=3, state shape: (33,)
RolloutBuffer: _n=100, _p=81, total_size=100
Step 882, t=4, state shape: (33,)
RolloutBuffer: _n=100, _p=82, total_size=100
Step 883, t=5, state shape: (33,)
RolloutBuffer: _n=100, _p=83, total_size=100
Step 884, t=6, state shape: (33,)
RolloutBuffer: _n=100, _p=84, total_size=100
Step 885, t=7, state shape: (33,)
RolloutBuffer: _n=100, _p=85, total_size=100
Step 886, t=8, state shape: (33,)
RolloutBuffer: _n=100, _p=86, total_size=100
Step 887, t=9, state shape: (33,)
RolloutBuffer: _n=100, _p=87, total_size=100
Step 888, t=10, state shape: (33,)
RolloutBuffer: _n=100, _p=88, total_size=100
Step 889, t=11, state shape: (33,)
RolloutBuffer: _n=100, _p=89, total_size=100
Step 890, t=12, state shape: (33,)
RolloutBuffer: _n=100, _p=90, total_size=100
Step 891, t=13, state shape: (33,)
RolloutBuffer: _n=100, _p=91, total_size=100
Step 892, t=14, state shape: (33,)
RolloutBuffer: _n=100, _p=92, total_size=100
Step 893, t=15, state shape: (33,)
RolloutBuffer: _n=100, _p=93, total_size=100
Step 894, t=16, state shape: (33,)
RolloutBuffer: _n=100, _p=94, total_size=100
Step 895, t=17, state shape: (33,)
RolloutBuffer: _n=100, _p=95, total_size=100
Step 896, t=18, state shape: (33,)
RolloutBuffer: _n=100, _p=96, total_size=100
Step 897, t=19, state shape: (33,)
RolloutBuffer: _n=100, _p=97, total_size=100
Step 898, t=20, state shape: (33,)
RolloutBuffer: _n=100, _p=98, total_size=100
Step 899, t=21, state shape: (33,)
RolloutBuffer: _n=100, _p=99, total_size=100
Step 900, t=22, state shape: (33,)
RolloutBuffer: _n=100, _p=0, total_size=100
[Debug] Log probabilities of current policy actions: tensor([[-13.0975],
        [ -9.2563],
        [-12.9627],
        [-12.3325],
        [-10.2063],
        [ -9.5849],
        [-10.2063],
        [-12.7334],
        [-11.2132],
        [ -9.5849],
        [-10.9357],
        [ -9.7047],
        [-12.1336],
        [-12.0029],
        [-12.3179],
        [-13.0735],
        [ -9.9596],
        [-12.9805],
        [-10.7610],
        [-11.0862],
        [-12.7252],
        [-11.1343],
        [-13.7302],
        [-10.9357],
        [-10.1454],
        [-13.3519],
        [-13.3519],
        [-13.0986],
        [ -9.7047],
        [-10.1940],
        [-11.4454],
        [-12.0628],
        [-13.5797],
        [-11.6699],
        [-10.9867],
        [-13.3519],
        [-11.6699],
        [-11.2132],
        [-13.5293],
        [ -9.5144],
        [-12.5219],
        [-12.1336],
        [-11.6934],
        [-10.1940],
        [-13.5540],
        [ -9.0729],
        [-11.2634],
        [-13.6030],
        [-10.9051],
        [-11.4950],
        [-13.2473],
        [ -9.2563],
        [-11.4950],
        [-12.3516],
        [-13.1466],
        [ -9.9596],
        [-12.0120],
        [-10.6901],
        [-14.1239],
        [-11.2132],
        [-13.3008],
        [-13.1466],
        [-12.5219],
        [-12.4812]], device='cuda:0')
[Debug] actions_exp max:
1.0
min:
-1.0
[Debug] Log probabilities of expert actions: tensor([[-30.0414],
        [-12.6086],
        [-14.0246],
        [-13.7955],
        [-15.3615],
        [-12.2674],
        [-13.6774],
        [-13.7955],
        [-12.8581],
        [-14.3215],
        [-13.0822],
        [-12.6818],
        [-12.3880],
        [-12.6086],
        [-12.8139],
        [-12.9233],
        [-12.5109],
        [-13.4819],
        [-11.2894],
        [-27.5093],
        [-12.4731],
        [-13.7235],
        [-13.5165],
        [-12.4429],
        [-29.6234],
        [-11.1275],
        [-11.2746],
        [-13.4583],
        [-13.1769],
        [-12.9172],
        [-12.9732],
        [-25.9005],
        [-13.7083],
        [-12.9382],
        [-13.0791],
        [-14.4166],
        [-13.7332],
        [-12.8581],
        [-12.4531],
        [-14.2568],
        [-26.2435],
        [-14.5001],
        [-12.2049],
        [-28.4006],
        [-13.1798],
        [-14.0596],
        [-25.9601],
        [-14.0709],
        [-13.5080],
        [-12.2459],
        [-13.9302],
        [-13.3463],
        [-14.3989],
        [-27.8981],
        [-13.9314],
        [-13.4659],
        [-13.4943],
        [-12.0668],
        [-27.5097],
        [-16.2831],
        [-14.4537],
        [-23.2754],
        [-12.9470],
        [-14.0678]], device='cuda:0')
[Debug] Log probabilities of current policy actions: tensor([[-13.4317],
        [-12.7719],
        [-13.1849],
        [-13.3519],
        [-12.0029],
        [-12.3179],
        [-11.4950],
        [ -9.5849],
        [-13.3519],
        [-13.3594],
        [ -9.3880],
        [-11.8394],
        [-11.6118],
        [ -9.2563],
        [-11.4950],
        [-10.3012],
        [-13.0735],
        [-11.0862],
        [ -9.0459],
        [-12.7719],
        [-11.0862],
        [-12.9805],
        [-12.8053],
        [-11.8339],
        [-10.6354],
        [-12.2579],
        [-12.1336],
        [-10.9051],
        [-10.9357],
        [-13.0975],
        [-10.4979],
        [ -9.2563],
        [-10.9948],
        [-12.0713],
        [-12.0120],
        [-11.3055],
        [-12.7719],
        [-13.9583],
        [-11.6934],
        [-12.6530],
        [-12.1542],
        [-12.8053],
        [-10.8510],
        [-10.2063],
        [-11.6699],
        [-11.8587],
        [-13.3815],
        [-12.3516],
        [ -9.9596],
        [-12.0029],
        [-12.8053],
        [-10.8510],
        [-11.8301],
        [-10.2063],
        [-10.9948],
        [-12.7275],
        [-10.9795],
        [-12.2759],
        [-12.9805],
        [-11.4691],
        [-12.0120],
        [ -9.5849],
        [-10.2626],
        [-11.7349]], device='cuda:0')
[Debug] actions_exp max:
1.0000001192092896
min:
-1.0000001192092896
[Debug] Log probabilities of expert actions: tensor([[-13.2348],
        [-14.7191],
        [-41.1736],
        [-12.9779],
        [-13.1684],
        [-13.3869],
        [-28.3613],
        [-13.0147],
        [-40.0931],
        [-13.0370],
        [-12.2646],
        [-12.9451],
        [-11.7614],
        [-13.4634],
        [-12.3084],
        [-26.3899],
        [-12.3097],
        [-13.1111],
        [-12.2007],
        [-13.4896],
        [-26.0991],
        [-27.6003],
        [-12.8641],
        [-13.0661],
        [-12.4989],
        [-13.0339],
        [-12.9075],
        [-27.2221],
        [-11.6297],
        [-11.4977],
        [-16.3057],
        [-13.4975],
        [-24.4723],
        [-12.5310],
        [-12.4531],
        [-13.6851],
        [-26.2559],
        [-15.3808],
        [-13.9336],
        [-11.6412],
        [-13.7955],
        [-27.8276],
        [-13.7878],
        [-13.7701],
        [-27.9616],
        [-30.1160],
        [-12.9599],
        [-13.3562],
        [-12.2132],
        [-13.1666],
        [-27.9045],
        [-13.8259],
        [-11.7203],
        [-13.0092],
        [-13.3775],
        [-14.0018],
        [-13.1850],
        [-26.0584],
        [-24.4746],
        [-11.9241],
        [-12.8347],
        [-13.6738],
        [-27.8923],
        [-25.9105]], device='cuda:0')
[Debug] Log probabilities of current policy actions: tensor([[-13.0666],
        [-12.3089],
        [-13.3594],
        [-12.3325],
        [ -9.5144],
        [-10.2626],
        [-12.3179],
        [-13.6030],
        [-13.1849],
        [-10.3012],
        [-12.1542],
        [-10.9948],
        [-10.4659],
        [-12.8053],
        [-13.3519],
        [-12.3089],
        [-10.2063],
        [-13.7302],
        [-10.7426],
        [-12.0120],
        [-12.2579],
        [-12.3179],
        [-11.3196],
        [-11.0862],
        [-12.0029],
        [-11.0862],
        [-13.3519],
        [-13.3815],
        [-10.9867],
        [-10.9948],
        [-10.9867],
        [-10.4979],
        [-12.3516],
        [-13.1466],
        [-10.9795],
        [-10.1454],
        [-10.2626],
        [-12.8027],
        [-11.8301],
        [-11.6934],
        [-11.4950],
        [-11.2132],
        [-13.5797],
        [-13.0666],
        [-12.0120],
        [-13.1849],
        [-12.1542],
        [-11.4950],
        [-11.4527],
        [-13.5293],
        [-12.6281],
        [-10.1940],
        [-11.4848],
        [-10.9357],
        [-13.2473],
        [-13.3008],
        [-12.1542],
        [-11.7480],
        [-11.4848],
        [-10.8038],
        [-11.4454],
        [ -9.5849],
        [-10.9795],
        [-10.9867]], device='cuda:0')
[Debug] actions_exp max:
1.0000001192092896
min:
-1.0000001192092896
[Debug] Log probabilities of expert actions: tensor([[-12.9075],
        [-14.7071],
        [-14.0822],
        [-12.3718],
        [-26.0494],
        [-41.1118],
        [-13.7102],
        [-56.5795],
        [-13.0423],
        [-13.5438],
        [-13.0096],
        [-26.0499],
        [-14.2637],
        [-12.1406],
        [-12.8649],
        [-12.4605],
        [-12.6619],
        [-13.1668],
        [-13.8151],
        [-13.8627],
        [-12.9665],
        [-14.3158],
        [-12.2922],
        [-11.9762],
        [-13.8047],
        [-12.9581],
        [-25.3019],
        [-13.0153],
        [-13.7862],
        [-12.3880],
        [-15.3644],
        [-13.2023],
        [-28.8734],
        [-13.3364],
        [-13.6992],
        [-11.1477],
        [-13.9863],
        [-26.3781],
        [-13.0483],
        [-12.8851],
        [-25.0681],
        [-12.6975],
        [-11.9725],
        [-11.9618],
        [-13.3493],
        [-11.9646],
        [-13.1503],
        [-16.0563],
        [-12.8851],
        [-13.0773],
        [-27.4989],
        [-13.2312],
        [-12.6818],
        [-13.5226],
        [-40.4252],
        [-11.9625],
        [-13.4896],
        [-12.2538],
        [-14.0740],
        [-13.7382],
        [-13.3493],
        [-26.0060],
        [-12.0527],
        [-13.9827]], device='cuda:0')
[Debug] Rewards: tensor([[ 9.5433],
        [10.5171],
        [11.8976],
        [12.6548],
        [ 8.0669],
        [11.2839],
        [11.8322],
        [10.9736],
        [11.2573],
        [ 9.6178],
        [ 8.7300],
        [11.0986],
        [13.3754],
        [11.7588],
        [11.3066],
        [11.0289],
        [12.4270],
        [12.7433],
        [11.0843],
        [11.5918],
        [10.9115],
        [12.3974],
        [10.3154],
        [10.5765],
        [10.0502],
        [ 9.8405],
        [10.3192],
        [10.5535],
        [11.0865],
        [12.8238],
        [12.3418],
        [13.4985],
        [12.3359],
        [10.9740],
        [ 9.8832],
        [12.5015],
        [ 9.1408],
        [10.4645],
        [12.4676],
        [12.5844],
        [12.0269],
        [10.4838],
        [ 9.3586],
        [11.0594],
        [12.6500],
        [10.4465],
        [ 9.7705],
        [12.0678],
        [13.2818],
        [11.1641],
        [10.7023],
        [11.1468],
        [11.8832],
        [12.4954],
        [10.5414],
        [12.9809],
        [11.6238],
        [11.6662],
        [10.7166],
        [ 9.8134],
        [11.5651],
        [ 8.9028],
        [10.5533],
        [10.4895],
        [12.8680],
        [10.5315],
        [10.8366],
        [11.3438],
        [10.7615],
        [ 9.9881],
        [10.2905],
        [12.1118],
        [10.0191],
        [11.3225],
        [10.0759],
        [ 8.5752],
        [12.7791],
        [13.1458],
        [12.4536],
        [10.0639],
        [10.9967],
        [ 9.4008],
        [12.2286],
        [11.0408],
        [13.0962],
        [11.7315],
        [11.9099],
        [ 8.8988],
        [13.0852],
        [11.5788],
        [11.2240],
        [11.9828],
        [12.1585],
        [ 9.4410],
        [ 9.0671],
        [11.8960],
        [13.3435],
        [11.6647],
        [12.0378],
        [ 7.7866]], device='cuda:0')
[Debug] Reward mean: 11.1698, std: 1.2807
[Debug] actions_exp max:
0.9974579215049744
min:
-0.9963254928588867
[Debug] actions_exp max:
0.9974579215049744
min:
-0.9963254928588867
[Debug] actions_exp max:
0.9974579215049744
min:
-0.9963254928588867
[Debug] actions_exp max:
0.9974579215049744
min:
-0.9963254928588867
[Debug] actions_exp max:
0.9974579215049744
min:
-0.9963254928588867
[Debug] actions_exp max:
0.9974579215049744
min:
-0.9963254928588867
[Debug] actions_exp max:
0.9974579215049744
min:
-0.9963254928588867
[Debug] actions_exp max:
0.9974579215049744
min:
-0.9963254928588867
[Debug] actions_exp max:
0.9974579215049744
min:
-0.9963254928588867
[Debug] actions_exp max:
0.9974579215049744
min:
-0.9963254928588867
[Debug] actions_exp max:
0.9974579215049744
min:
-0.9963254928588867
[Debug] actions_exp max:
0.9974579215049744
min:
-0.9963254928588867
[Debug] actions_exp max:
0.9974579215049744
min:
-0.9963254928588867
[Debug] actions_exp max:
0.9974579215049744
min:
-0.9963254928588867
[Debug] actions_exp max:
0.9974579215049744
min:
-0.9963254928588867
[Debug] actions_exp max:
0.9974579215049744
min:
-0.9963254928588867
[Debug] actions_exp max:
0.9974579215049744
min:
-0.9963254928588867
[Debug] actions_exp max:
0.9974579215049744
min:
-0.9963254928588867
[Debug] actions_exp max:
0.9974579215049744
min:
-0.9963254928588867
[Debug] actions_exp max:
0.9974579215049744
min:
-0.9963254928588867
[Debug] actions_exp max:
0.9974579215049744
min:
-0.9963254928588867
[Debug] actions_exp max:
0.9974579215049744
min:
-0.9963254928588867
[Debug] actions_exp max:
0.9974579215049744
min:
-0.9963254928588867
[Debug] actions_exp max:
0.9974579215049744
min:
-0.9963254928588867
[Debug] actions_exp max:
0.9974579215049744
min:
-0.9963254928588867
[Debug] actions_exp max:
0.9974579215049744
min:
-0.9963254928588867
[Debug] actions_exp max:
0.9974579215049744
min:
-0.9963254928588867
[Debug] actions_exp max:
0.9974579215049744
min:
-0.9963254928588867
[Debug] actions_exp max:
0.9974579215049744
min:
-0.9963254928588867
[Debug] actions_exp max:
0.9974579215049744
min:
-0.9963254928588867
[Debug] actions_exp max:
0.9974579215049744
min:
-0.9963254928588867
[Debug] actions_exp max:
0.9974579215049744
min:
-0.9963254928588867
[Debug] actions_exp max:
0.9974579215049744
min:
-0.9963254928588867
[Debug] actions_exp max:
0.9974579215049744
min:
-0.9963254928588867
[Debug] actions_exp max:
0.9974579215049744
min:
-0.9963254928588867
[Debug] actions_exp max:
0.9974579215049744
min:
-0.9963254928588867
[Debug] actions_exp max:
0.9974579215049744
min:
-0.9963254928588867
[Debug] actions_exp max:
0.9974579215049744
min:
-0.9963254928588867
[Debug] actions_exp max:
0.9974579215049744
min:
-0.9963254928588867
[Debug] actions_exp max:
0.9974579215049744
min:
-0.9963254928588867
[Debug] actions_exp max:
0.9974579215049744
min:
-0.9963254928588867
[Debug] actions_exp max:
0.9974579215049744
min:
-0.9963254928588867
[Debug] actions_exp max:
0.9974579215049744
min:
-0.9963254928588867
[Debug] actions_exp max:
0.9974579215049744
min:
-0.9963254928588867
[Debug] actions_exp max:
0.9974579215049744
min:
-0.9963254928588867
[Debug] actions_exp max:
0.9974579215049744
min:
-0.9963254928588867
[Debug] actions_exp max:
0.9974579215049744
min:
-0.9963254928588867
[Debug] actions_exp max:
0.9974579215049744
min:
-0.9963254928588867
[Debug] actions_exp max:
0.9974579215049744
min:
-0.9963254928588867
[Debug] actions_exp max:
0.9974579215049744
min:
-0.9963254928588867
Step 901, t=23, state shape: (33,)
RolloutBuffer: _n=100, _p=1, total_size=100
Step 902, t=24, state shape: (33,)
RolloutBuffer: _n=100, _p=2, total_size=100
Step 903, t=25, state shape: (33,)
RolloutBuffer: _n=100, _p=3, total_size=100
Step 904, t=26, state shape: (33,)
RolloutBuffer: _n=100, _p=4, total_size=100
Step 905, t=27, state shape: (33,)
RolloutBuffer: _n=100, _p=5, total_size=100
Step 906, t=28, state shape: (33,)
RolloutBuffer: _n=100, _p=6, total_size=100
Step 907, t=29, state shape: (33,)
RolloutBuffer: _n=100, _p=7, total_size=100
Step 908, t=30, state shape: (33,)
RolloutBuffer: _n=100, _p=8, total_size=100
Step 909, t=31, state shape: (33,)
RolloutBuffer: _n=100, _p=9, total_size=100
Step 910, t=32, state shape: (33,)
RolloutBuffer: _n=100, _p=10, total_size=100
Step 911, t=33, state shape: (33,)
RolloutBuffer: _n=100, _p=11, total_size=100
Step 912, t=34, state shape: (33,)
RolloutBuffer: _n=100, _p=12, total_size=100
Step 913, t=35, state shape: (33,)
RolloutBuffer: _n=100, _p=13, total_size=100
Step 914, t=36, state shape: (33,)
RolloutBuffer: _n=100, _p=14, total_size=100
Step 915, t=37, state shape: (33,)
RolloutBuffer: _n=100, _p=15, total_size=100
Step 916, t=38, state shape: (33,)
RolloutBuffer: _n=100, _p=16, total_size=100
Step 917, t=39, state shape: (33,)
RolloutBuffer: _n=100, _p=17, total_size=100
Step 918, t=40, state shape: (33,)
RolloutBuffer: _n=100, _p=18, total_size=100
Step 919, t=41, state shape: (33,)
RolloutBuffer: _n=100, _p=19, total_size=100
Step 920, t=42, state shape: (33,)
RolloutBuffer: _n=100, _p=20, total_size=100
Step 921, t=43, state shape: (33,)
RolloutBuffer: _n=100, _p=21, total_size=100
Step 922, t=44, state shape: (33,)
RolloutBuffer: _n=100, _p=22, total_size=100
Step 923, t=45, state shape: (33,)
RolloutBuffer: _n=100, _p=23, total_size=100
Step 924, t=46, state shape: (33,)
RolloutBuffer: _n=100, _p=24, total_size=100
Step 925, t=47, state shape: (33,)
RolloutBuffer: _n=100, _p=25, total_size=100
Step 926, t=48, state shape: (33,)
RolloutBuffer: _n=100, _p=26, total_size=100
Step 927, t=49, state shape: (33,)
RolloutBuffer: _n=100, _p=27, total_size=100
Step 928, t=50, state shape: (33,)
RolloutBuffer: _n=100, _p=28, total_size=100
Step 929, t=51, state shape: (33,)
RolloutBuffer: _n=100, _p=29, total_size=100
Step 930, t=52, state shape: (33,)
RolloutBuffer: _n=100, _p=30, total_size=100
Step 931, t=53, state shape: (33,)
RolloutBuffer: _n=100, _p=31, total_size=100
Step 932, t=54, state shape: (33,)
RolloutBuffer: _n=100, _p=32, total_size=100
Step 933, t=55, state shape: (33,)
RolloutBuffer: _n=100, _p=33, total_size=100
Step 934, t=1, state shape: (33,)
RolloutBuffer: _n=100, _p=34, total_size=100
Step 935, t=2, state shape: (33,)
RolloutBuffer: _n=100, _p=35, total_size=100
Step 936, t=3, state shape: (33,)
RolloutBuffer: _n=100, _p=36, total_size=100
Step 937, t=4, state shape: (33,)
RolloutBuffer: _n=100, _p=37, total_size=100
Step 938, t=5, state shape: (33,)
RolloutBuffer: _n=100, _p=38, total_size=100
Step 939, t=6, state shape: (33,)
RolloutBuffer: _n=100, _p=39, total_size=100
Step 940, t=7, state shape: (33,)
RolloutBuffer: _n=100, _p=40, total_size=100
Step 941, t=8, state shape: (33,)
RolloutBuffer: _n=100, _p=41, total_size=100
Step 942, t=9, state shape: (33,)
RolloutBuffer: _n=100, _p=42, total_size=100
Step 943, t=10, state shape: (33,)
RolloutBuffer: _n=100, _p=43, total_size=100
Step 944, t=11, state shape: (33,)
RolloutBuffer: _n=100, _p=44, total_size=100
Step 945, t=12, state shape: (33,)
RolloutBuffer: _n=100, _p=45, total_size=100
Step 946, t=13, state shape: (33,)
RolloutBuffer: _n=100, _p=46, total_size=100
Step 947, t=14, state shape: (33,)
RolloutBuffer: _n=100, _p=47, total_size=100
Step 948, t=15, state shape: (33,)
RolloutBuffer: _n=100, _p=48, total_size=100
Step 949, t=16, state shape: (33,)
RolloutBuffer: _n=100, _p=49, total_size=100
Step 950, t=17, state shape: (33,)
RolloutBuffer: _n=100, _p=50, total_size=100
Step 951, t=18, state shape: (33,)
RolloutBuffer: _n=100, _p=51, total_size=100
Step 952, t=19, state shape: (33,)
RolloutBuffer: _n=100, _p=52, total_size=100
Step 953, t=20, state shape: (33,)
RolloutBuffer: _n=100, _p=53, total_size=100
Step 954, t=21, state shape: (33,)
RolloutBuffer: _n=100, _p=54, total_size=100
Step 955, t=22, state shape: (33,)
RolloutBuffer: _n=100, _p=55, total_size=100
Step 956, t=23, state shape: (33,)
RolloutBuffer: _n=100, _p=56, total_size=100
Step 957, t=24, state shape: (33,)
RolloutBuffer: _n=100, _p=57, total_size=100
Step 958, t=25, state shape: (33,)
RolloutBuffer: _n=100, _p=58, total_size=100
Step 959, t=26, state shape: (33,)
RolloutBuffer: _n=100, _p=59, total_size=100
Step 960, t=27, state shape: (33,)
RolloutBuffer: _n=100, _p=60, total_size=100
Step 961, t=28, state shape: (33,)
RolloutBuffer: _n=100, _p=61, total_size=100
Step 962, t=29, state shape: (33,)
RolloutBuffer: _n=100, _p=62, total_size=100
Step 963, t=30, state shape: (33,)
RolloutBuffer: _n=100, _p=63, total_size=100
Step 964, t=31, state shape: (33,)
RolloutBuffer: _n=100, _p=64, total_size=100
Step 965, t=32, state shape: (33,)
RolloutBuffer: _n=100, _p=65, total_size=100
Step 966, t=33, state shape: (33,)
RolloutBuffer: _n=100, _p=66, total_size=100
Step 967, t=34, state shape: (33,)
RolloutBuffer: _n=100, _p=67, total_size=100
Step 968, t=35, state shape: (33,)
RolloutBuffer: _n=100, _p=68, total_size=100
Step 969, t=36, state shape: (33,)
RolloutBuffer: _n=100, _p=69, total_size=100
Step 970, t=37, state shape: (33,)
RolloutBuffer: _n=100, _p=70, total_size=100
Step 971, t=38, state shape: (33,)
RolloutBuffer: _n=100, _p=71, total_size=100
Step 972, t=39, state shape: (33,)
RolloutBuffer: _n=100, _p=72, total_size=100
Step 973, t=1, state shape: (33,)
RolloutBuffer: _n=100, _p=73, total_size=100
Step 974, t=2, state shape: (33,)
RolloutBuffer: _n=100, _p=74, total_size=100
Step 975, t=3, state shape: (33,)
RolloutBuffer: _n=100, _p=75, total_size=100
Step 976, t=4, state shape: (33,)
RolloutBuffer: _n=100, _p=76, total_size=100
Step 977, t=5, state shape: (33,)
RolloutBuffer: _n=100, _p=77, total_size=100
Step 978, t=6, state shape: (33,)
RolloutBuffer: _n=100, _p=78, total_size=100
Step 979, t=7, state shape: (33,)
RolloutBuffer: _n=100, _p=79, total_size=100
Step 980, t=8, state shape: (33,)
RolloutBuffer: _n=100, _p=80, total_size=100
Step 981, t=9, state shape: (33,)
RolloutBuffer: _n=100, _p=81, total_size=100
Step 982, t=10, state shape: (33,)
RolloutBuffer: _n=100, _p=82, total_size=100
Step 983, t=11, state shape: (33,)
RolloutBuffer: _n=100, _p=83, total_size=100
Step 984, t=12, state shape: (33,)
RolloutBuffer: _n=100, _p=84, total_size=100
Step 985, t=13, state shape: (33,)
RolloutBuffer: _n=100, _p=85, total_size=100
Step 986, t=14, state shape: (33,)
RolloutBuffer: _n=100, _p=86, total_size=100
Step 987, t=15, state shape: (33,)
RolloutBuffer: _n=100, _p=87, total_size=100
Step 988, t=16, state shape: (33,)
RolloutBuffer: _n=100, _p=88, total_size=100
Step 989, t=17, state shape: (33,)
RolloutBuffer: _n=100, _p=89, total_size=100
Step 990, t=18, state shape: (33,)
RolloutBuffer: _n=100, _p=90, total_size=100
Step 991, t=19, state shape: (33,)
RolloutBuffer: _n=100, _p=91, total_size=100
Step 992, t=20, state shape: (33,)
RolloutBuffer: _n=100, _p=92, total_size=100
Step 993, t=21, state shape: (33,)
RolloutBuffer: _n=100, _p=93, total_size=100
Step 994, t=22, state shape: (33,)
RolloutBuffer: _n=100, _p=94, total_size=100
Step 995, t=23, state shape: (33,)
RolloutBuffer: _n=100, _p=95, total_size=100
Step 996, t=24, state shape: (33,)
RolloutBuffer: _n=100, _p=96, total_size=100
Step 997, t=25, state shape: (33,)
RolloutBuffer: _n=100, _p=97, total_size=100
Step 998, t=26, state shape: (33,)
RolloutBuffer: _n=100, _p=98, total_size=100
Step 999, t=27, state shape: (33,)
RolloutBuffer: _n=100, _p=99, total_size=100
Step 1000, t=28, state shape: (33,)
RolloutBuffer: _n=100, _p=0, total_size=100
[Debug] Log probabilities of current policy actions: tensor([[-11.9180],
        [-11.2825],
        [-12.9154],
        [-12.2089],
        [-12.0573],
        [-13.7062],
        [ -9.8164],
        [-10.0868],
        [-12.3190],
        [-13.5886],
        [-11.3689],
        [-14.2236],
        [-13.0469],
        [-11.6090],
        [-11.3459],
        [-12.3943],
        [-13.2329],
        [-12.7885],
        [-10.8457],
        [-12.3190],
        [-11.9818],
        [-10.5361],
        [-12.1399],
        [-12.7244],
        [-13.4056],
        [-13.1591],
        [-11.6599],
        [-11.6652],
        [-11.7660],
        [-10.8354],
        [-10.8709],
        [-12.5392],
        [ -9.6718],
        [-12.6578],
        [-13.4056],
        [-12.5542],
        [-13.0055],
        [-11.0454],
        [-13.4222],
        [-13.0055],
        [ -9.9546],
        [-11.7996],
        [-12.3169],
        [-10.8457],
        [-10.0868],
        [-12.1941],
        [-11.6652],
        [-10.2192],
        [-11.1487],
        [-11.3459],
        [-10.7558],
        [-11.7660],
        [-11.9818],
        [-10.1390],
        [-12.5542],
        [-11.2143],
        [-11.0454],
        [-10.4183],
        [-12.0573],
        [-12.0573],
        [-11.9818],
        [-13.3466],
        [-12.9154],
        [-12.2089]], device='cuda:0')
[Debug] actions_exp max:
1.0
min:
-1.0
[Debug] Log probabilities of expert actions: tensor([[-13.4858],
        [-12.7669],
        [-13.3401],
        [-27.5454],
        [-11.7980],
        [-12.5492],
        [-12.7856],
        [-12.4918],
        [-13.6199],
        [-11.8021],
        [-13.5782],
        [-13.7730],
        [-11.5823],
        [-14.2469],
        [-11.8075],
        [-12.7365],
        [-13.3865],
        [-13.1511],
        [-12.5211],
        [-11.5212],
        [-28.1613],
        [-14.1165],
        [-10.7469],
        [-12.1324],
        [-26.4086],
        [-14.1543],
        [-27.0041],
        [-13.0101],
        [-12.8911],
        [-14.2448],
        [-12.7825],
        [-13.9118],
        [-11.8464],
        [-13.3262],
        [-13.6989],
        [-40.6013],
        [-13.7454],
        [-15.2149],
        [-14.1751],
        [-12.4918],
        [-13.7515],
        [-13.2552],
        [-26.1513],
        [-13.6766],
        [-12.0700],
        [-12.7859],
        [-30.1654],
        [-12.5200],
        [-13.0417],
        [-13.7204],
        [-12.4020],
        [-13.6607],
        [-12.0993],
        [-12.0113],
        [-27.2518],
        [-14.6748],
        [-12.7776],
        [-13.0430],
        [-12.6969],
        [-14.0888],
        [-13.6862],
        [-13.6278],
        [-14.1464],
        [-14.0058]], device='cuda:0')
[Debug] Log probabilities of current policy actions: tensor([[-13.5886],
        [ -9.6365],
        [-12.9154],
        [-12.3169],
        [-11.2183],
        [-12.6091],
        [-12.3700],
        [-10.4736],
        [-11.7660],
        [-13.5886],
        [-13.4056],
        [-10.2192],
        [-10.4105],
        [-10.8709],
        [-11.4218],
        [-12.7077],
        [-10.4111],
        [-12.0144],
        [-13.3816],
        [ -9.9546],
        [-12.6091],
        [-12.1399],
        [-11.8893],
        [-13.7150],
        [-12.6578],
        [-13.5090],
        [-11.0454],
        [-13.5090],
        [-11.6652],
        [-11.4218],
        [-13.1933],
        [-11.1187],
        [-13.0469],
        [-12.0144],
        [-13.4222],
        [-11.4796],
        [-12.6704],
        [-11.0328],
        [-11.2209],
        [-11.5041],
        [-14.9791],
        [-11.3280],
        [-10.8354],
        [-10.8382],
        [-13.6063],
        [-13.0469],
        [-11.0454],
        [-13.1961],
        [ -9.8164],
        [-10.4479],
        [-13.5085],
        [-10.9348],
        [-14.9791],
        [-11.8951],
        [-10.1390],
        [-12.3943],
        [-12.3169],
        [-10.4105],
        [-11.4218],
        [-12.7325],
        [-10.2192],
        [-12.5148],
        [-10.9348],
        [-10.4736]], device='cuda:0')
[Debug] actions_exp max:
1.0000001192092896
min:
-1.0
[Debug] Log probabilities of expert actions: tensor([[-13.0740],
        [-13.5307],
        [-13.3985],
        [-14.0693],
        [-12.7661],
        [-13.5082],
        [-12.7090],
        [-14.1473],
        [-13.6934],
        [-30.0426],
        [-13.9023],
        [-13.7152],
        [-25.3250],
        [-12.2996],
        [-26.1000],
        [-11.9354],
        [-27.8802],
        [-14.1013],
        [-13.6441],
        [-12.7036],
        [-13.3192],
        [-28.0336],
        [-12.9695],
        [-40.4413],
        [-14.0695],
        [-28.5441],
        [-23.0078],
        [-15.6900],
        [-12.6631],
        [-26.0973],
        [-26.4871],
        [-12.3940],
        [-28.0072],
        [-12.7098],
        [-11.5975],
        [-12.3971],
        [-15.0351],
        [-27.6209],
        [-14.4893],
        [-12.7502],
        [-15.1920],
        [-13.0715],
        [-12.4123],
        [-27.4874],
        [-13.8304],
        [-11.9313],
        [-12.8084],
        [-12.7856],
        [-11.5825],
        [-12.6962],
        [-13.8440],
        [-12.2996],
        [-13.5371],
        [-12.1735],
        [-12.4265],
        [-13.3968],
        [-13.7041],
        [-40.6403],
        [-13.7053],
        [-12.7246],
        [-11.4189],
        [-13.9270],
        [-14.1029],
        [-12.2263]], device='cuda:0')
[Debug] Log probabilities of current policy actions: tensor([[-12.7244],
        [-10.4736],
        [-12.6091],
        [-11.0985],
        [-11.3997],
        [-10.2192],
        [-12.0144],
        [ -9.9523],
        [-11.4218],
        [-12.6091],
        [-12.3190],
        [-10.0868],
        [-13.3816],
        [-10.2617],
        [-12.4160],
        [ -9.2934],
        [-11.3459],
        [-11.2676],
        [-11.3459],
        [-11.8951],
        [-13.6063],
        [ -9.5729],
        [-11.7996],
        [-11.2814],
        [-13.1591],
        [-10.4105],
        [-10.3553],
        [-12.5392],
        [-13.0055],
        [-10.0259],
        [-12.5392],
        [-10.4105],
        [-12.4160],
        [-10.5361],
        [-12.0573],
        [-12.2360],
        [-10.0868],
        [-10.2192],
        [-13.0055],
        [-10.4111],
        [-11.3280],
        [-11.7996],
        [-10.1390],
        [-11.3689],
        [-13.3466],
        [ -9.2934],
        [-13.5085],
        [-10.5361],
        [-10.6444],
        [-11.6652],
        [-10.8382],
        [-12.3700],
        [-10.0868],
        [-10.1390],
        [-12.2648],
        [-11.8951],
        [ -9.8164],
        [-12.9154],
        [-10.9348],
        [-10.8354],
        [-13.3816],
        [ -9.9546],
        [-10.4301],
        [-11.5041]], device='cuda:0')
[Debug] actions_exp max:
1.0000001192092896
min:
-1.0
[Debug] Log probabilities of expert actions: tensor([[-39.9212],
        [-11.5733],
        [-26.7013],
        [-12.5873],
        [-23.0961],
        [-13.1682],
        [-12.7365],
        [-12.8186],
        [-26.4378],
        [-12.5439],
        [-14.1859],
        [-12.9265],
        [-12.2092],
        [-11.7459],
        [-14.1487],
        [-11.8037],
        [-13.0331],
        [-27.2759],
        [-12.0237],
        [-12.8037],
        [-14.1753],
        [-14.0060],
        [-59.7149],
        [-12.7825],
        [-13.6003],
        [-12.5901],
        [-12.5121],
        [-11.9313],
        [-27.1550],
        [-26.4468],
        [-28.7677],
        [-12.0699],
        [-13.3401],
        [-12.3774],
        [-12.7366],
        [-13.2587],
        [-26.0516],
        [-40.3149],
        [-13.7199],
        [-14.6924],
        [-18.1556],
        [-14.3272],
        [-13.9668],
        [-12.7576],
        [-12.6860],
        [-12.8947],
        [-12.1673],
        [-12.6022],
        [-13.3969],
        [-14.2139],
        [-26.7095],
        [-13.3968],
        [-13.3447],
        [-12.0854],
        [-12.7936],
        [-14.0239],
        [-13.8219],
        [-13.8134],
        [-26.4156],
        [-28.2588],
        [-12.9293],
        [-12.5121],
        [-11.5306],
        [-26.1024]], device='cuda:0')
[Debug] Rewards: tensor([[10.8471],
        [ 9.8569],
        [10.8061],
        [11.5681],
        [11.2100],
        [ 8.9134],
        [12.3634],
        [ 9.7999],
        [10.3857],
        [10.3634],
        [11.3976],
        [ 9.5085],
        [12.7909],
        [11.5662],
        [12.0771],
        [10.4397],
        [10.6721],
        [ 9.9650],
        [10.9435],
        [10.1971],
        [ 9.8782],
        [10.9936],
        [10.7537],
        [12.2369],
        [11.0788],
        [10.8949],
        [11.3839],
        [11.4507],
        [10.0830],
        [10.3204],
        [12.0058],
        [12.7728],
        [11.9167],
        [12.0375],
        [10.5766],
        [11.0110],
        [12.8761],
        [11.8253],
        [ 9.4255],
        [13.0524],
        [12.9156],
        [12.0621],
        [ 9.6287],
        [10.9800],
        [13.7040],
        [10.9170],
        [13.1278],
        [ 9.9148],
        [10.0640],
        [12.4897],
        [ 9.4161],
        [10.6494],
        [ 9.2012],
        [11.2511],
        [11.4107],
        [13.3202],
        [11.0783],
        [12.4738],
        [13.1427],
        [ 9.8190],
        [11.6555],
        [ 8.7071],
        [ 9.3064],
        [ 8.7441],
        [ 9.2748],
        [11.1885],
        [12.1899],
        [10.5091],
        [11.9163],
        [12.1675],
        [10.1893],
        [10.9333],
        [11.6917],
        [12.3880],
        [10.6797],
        [ 9.7080],
        [10.8700],
        [ 9.4127],
        [ 9.0516],
        [12.1451],
        [10.0480],
        [12.2061],
        [10.2051],
        [10.2302],
        [13.1424],
        [10.4080],
        [11.9833],
        [10.8912],
        [10.6493],
        [10.8931],
        [12.6570],
        [10.8665],
        [ 9.4913],
        [12.7286],
        [10.2641],
        [ 9.2999],
        [10.0181],
        [12.1167],
        [ 8.9618],
        [12.6856]], device='cuda:0')
[Debug] Reward mean: 11.0229, std: 1.2175
[Debug] actions_exp max:
0.9991115927696228
min:
-0.9971429705619812
[Debug] actions_exp max:
0.9991115927696228
min:
-0.9971429705619812
[Debug] actions_exp max:
0.9991115927696228
min:
-0.9971429705619812
[Debug] actions_exp max:
0.9991115927696228
min:
-0.9971429705619812
[Debug] actions_exp max:
0.9991115927696228
min:
-0.9971429705619812
[Debug] actions_exp max:
0.9991115927696228
min:
-0.9971429705619812
[Debug] actions_exp max:
0.9991115927696228
min:
-0.9971429705619812
[Debug] actions_exp max:
0.9991115927696228
min:
-0.9971429705619812
[Debug] actions_exp max:
0.9991115927696228
min:
-0.9971429705619812
[Debug] actions_exp max:
0.9991115927696228
min:
-0.9971429705619812
[Debug] actions_exp max:
0.9991115927696228
min:
-0.9971429705619812
[Debug] actions_exp max:
0.9991115927696228
min:
-0.9971429705619812
[Debug] actions_exp max:
0.9991115927696228
min:
-0.9971429705619812
[Debug] actions_exp max:
0.9991115927696228
min:
-0.9971429705619812
[Debug] actions_exp max:
0.9991115927696228
min:
-0.9971429705619812
[Debug] actions_exp max:
0.9991115927696228
min:
-0.9971429705619812
[Debug] actions_exp max:
0.9991115927696228
min:
-0.9971429705619812
[Debug] actions_exp max:
0.9991115927696228
min:
-0.9971429705619812
[Debug] actions_exp max:
0.9991115927696228
min:
-0.9971429705619812
[Debug] actions_exp max:
0.9991115927696228
min:
-0.9971429705619812
[Debug] actions_exp max:
0.9991115927696228
min:
-0.9971429705619812
[Debug] actions_exp max:
0.9991115927696228
min:
-0.9971429705619812
[Debug] actions_exp max:
0.9991115927696228
min:
-0.9971429705619812
[Debug] actions_exp max:
0.9991115927696228
min:
-0.9971429705619812
[Debug] actions_exp max:
0.9991115927696228
min:
-0.9971429705619812
[Debug] actions_exp max:
0.9991115927696228
min:
-0.9971429705619812
[Debug] actions_exp max:
0.9991115927696228
min:
-0.9971429705619812
[Debug] actions_exp max:
0.9991115927696228
min:
-0.9971429705619812
[Debug] actions_exp max:
0.9991115927696228
min:
-0.9971429705619812
[Debug] actions_exp max:
0.9991115927696228
min:
-0.9971429705619812
[Debug] actions_exp max:
0.9991115927696228
min:
-0.9971429705619812
[Debug] actions_exp max:
0.9991115927696228
min:
-0.9971429705619812
[Debug] actions_exp max:
0.9991115927696228
min:
-0.9971429705619812
[Debug] actions_exp max:
0.9991115927696228
min:
-0.9971429705619812
[Debug] actions_exp max:
0.9991115927696228
min:
-0.9971429705619812
[Debug] actions_exp max:
0.9991115927696228
min:
-0.9971429705619812
[Debug] actions_exp max:
0.9991115927696228
min:
-0.9971429705619812
[Debug] actions_exp max:
0.9991115927696228
min:
-0.9971429705619812
[Debug] actions_exp max:
0.9991115927696228
min:
-0.9971429705619812
[Debug] actions_exp max:
0.9991115927696228
min:
-0.9971429705619812
[Debug] actions_exp max:
0.9991115927696228
min:
-0.9971429705619812
[Debug] actions_exp max:
0.9991115927696228
min:
-0.9971429705619812
[Debug] actions_exp max:
0.9991115927696228
min:
-0.9971429705619812
[Debug] actions_exp max:
0.9991115927696228
min:
-0.9971429705619812
[Debug] actions_exp max:
0.9991115927696228
min:
-0.9971429705619812
[Debug] actions_exp max:
0.9991115927696228
min:
-0.9971429705619812
[Debug] actions_exp max:
0.9991115927696228
min:
-0.9971429705619812
[Debug] actions_exp max:
0.9991115927696228
min:
-0.9971429705619812
[Debug] actions_exp max:
0.9991115927696228
min:
-0.9971429705619812
[Debug] actions_exp max:
0.9991115927696228
min:
-0.9971429705619812
Num steps: 1000     Return: 0.0     Time: 0:02:32
Step 1001, t=1, state shape: (33,)
RolloutBuffer: _n=100, _p=1, total_size=100
Step 1002, t=1, state shape: (33,)
RolloutBuffer: _n=100, _p=2, total_size=100
Step 1003, t=1, state shape: (33,)
RolloutBuffer: _n=100, _p=3, total_size=100
Step 1004, t=1, state shape: (33,)
RolloutBuffer: _n=100, _p=4, total_size=100
Step 1005, t=1, state shape: (33,)
RolloutBuffer: _n=100, _p=5, total_size=100
Step 1006, t=1, state shape: (33,)
RolloutBuffer: _n=100, _p=6, total_size=100
Step 1007, t=1, state shape: (33,)
RolloutBuffer: _n=100, _p=7, total_size=100
Step 1008, t=1, state shape: (33,)
RolloutBuffer: _n=100, _p=8, total_size=100
Step 1009, t=1, state shape: (33,)
RolloutBuffer: _n=100, _p=9, total_size=100
Step 1010, t=1, state shape: (33,)
RolloutBuffer: _n=100, _p=10, total_size=100
Step 1011, t=1, state shape: (33,)
RolloutBuffer: _n=100, _p=11, total_size=100
Step 1012, t=1, state shape: (33,)
RolloutBuffer: _n=100, _p=12, total_size=100
Step 1013, t=1, state shape: (33,)
RolloutBuffer: _n=100, _p=13, total_size=100
Step 1014, t=1, state shape: (33,)
RolloutBuffer: _n=100, _p=14, total_size=100
Step 1015, t=1, state shape: (33,)
RolloutBuffer: _n=100, _p=15, total_size=100
Step 1016, t=1, state shape: (33,)
RolloutBuffer: _n=100, _p=16, total_size=100
Step 1017, t=1, state shape: (33,)
RolloutBuffer: _n=100, _p=17, total_size=100
Step 1018, t=1, state shape: (33,)
RolloutBuffer: _n=100, _p=18, total_size=100
Step 1019, t=1, state shape: (33,)
RolloutBuffer: _n=100, _p=19, total_size=100
Step 1020, t=1, state shape: (33,)
RolloutBuffer: _n=100, _p=20, total_size=100
Step 1021, t=1, state shape: (33,)
RolloutBuffer: _n=100, _p=21, total_size=100
Step 1022, t=1, state shape: (33,)
RolloutBuffer: _n=100, _p=22, total_size=100
Step 1023, t=1, state shape: (33,)
RolloutBuffer: _n=100, _p=23, total_size=100
Step 1024, t=1, state shape: (33,)
RolloutBuffer: _n=100, _p=24, total_size=100
Step 1025, t=1, state shape: (33,)
RolloutBuffer: _n=100, _p=25, total_size=100
Step 1026, t=1, state shape: (33,)
RolloutBuffer: _n=100, _p=26, total_size=100
Step 1027, t=1, state shape: (33,)
RolloutBuffer: _n=100, _p=27, total_size=100
Step 1028, t=1, state shape: (33,)
RolloutBuffer: _n=100, _p=28, total_size=100
Step 1029, t=1, state shape: (33,)
RolloutBuffer: _n=100, _p=29, total_size=100
Step 1030, t=1, state shape: (33,)
RolloutBuffer: _n=100, _p=30, total_size=100
Step 1031, t=1, state shape: (33,)
RolloutBuffer: _n=100, _p=31, total_size=100
Step 1032, t=1, state shape: (33,)
RolloutBuffer: _n=100, _p=32, total_size=100
Step 1033, t=1, state shape: (33,)
RolloutBuffer: _n=100, _p=33, total_size=100
Step 1034, t=1, state shape: (33,)
RolloutBuffer: _n=100, _p=34, total_size=100
Step 1035, t=1, state shape: (33,)
RolloutBuffer: _n=100, _p=35, total_size=100
Step 1036, t=1, state shape: (33,)
RolloutBuffer: _n=100, _p=36, total_size=100
Step 1037, t=1, state shape: (33,)
RolloutBuffer: _n=100, _p=37, total_size=100
Step 1038, t=1, state shape: (33,)
RolloutBuffer: _n=100, _p=38, total_size=100
Step 1039, t=1, state shape: (33,)
RolloutBuffer: _n=100, _p=39, total_size=100
Step 1040, t=1, state shape: (33,)
RolloutBuffer: _n=100, _p=40, total_size=100
Step 1041, t=1, state shape: (33,)
RolloutBuffer: _n=100, _p=41, total_size=100
Step 1042, t=1, state shape: (33,)
RolloutBuffer: _n=100, _p=42, total_size=100
Step 1043, t=1, state shape: (33,)
RolloutBuffer: _n=100, _p=43, total_size=100
Step 1044, t=1, state shape: (33,)
RolloutBuffer: _n=100, _p=44, total_size=100
Step 1045, t=1, state shape: (33,)
RolloutBuffer: _n=100, _p=45, total_size=100
Step 1046, t=1, state shape: (33,)
RolloutBuffer: _n=100, _p=46, total_size=100
Step 1047, t=1, state shape: (33,)
RolloutBuffer: _n=100, _p=47, total_size=100
Step 1048, t=1, state shape: (33,)
RolloutBuffer: _n=100, _p=48, total_size=100
Step 1049, t=1, state shape: (33,)
RolloutBuffer: _n=100, _p=49, total_size=100
Step 1050, t=1, state shape: (33,)
RolloutBuffer: _n=100, _p=50, total_size=100
Step 1051, t=1, state shape: (33,)
RolloutBuffer: _n=100, _p=51, total_size=100
Step 1052, t=1, state shape: (33,)
RolloutBuffer: _n=100, _p=52, total_size=100
Step 1053, t=1, state shape: (33,)
RolloutBuffer: _n=100, _p=53, total_size=100
Step 1054, t=1, state shape: (33,)
RolloutBuffer: _n=100, _p=54, total_size=100
Step 1055, t=1, state shape: (33,)
RolloutBuffer: _n=100, _p=55, total_size=100
Step 1056, t=1, state shape: (33,)
RolloutBuffer: _n=100, _p=56, total_size=100
Step 1057, t=1, state shape: (33,)
RolloutBuffer: _n=100, _p=57, total_size=100
Step 1058, t=1, state shape: (33,)
RolloutBuffer: _n=100, _p=58, total_size=100
Step 1059, t=1, state shape: (33,)
RolloutBuffer: _n=100, _p=59, total_size=100
Step 1060, t=1, state shape: (33,)
RolloutBuffer: _n=100, _p=60, total_size=100
Step 1061, t=1, state shape: (33,)
RolloutBuffer: _n=100, _p=61, total_size=100
Step 1062, t=1, state shape: (33,)
RolloutBuffer: _n=100, _p=62, total_size=100
Step 1063, t=1, state shape: (33,)
RolloutBuffer: _n=100, _p=63, total_size=100
Step 1064, t=1, state shape: (33,)
RolloutBuffer: _n=100, _p=64, total_size=100
Step 1065, t=1, state shape: (33,)
RolloutBuffer: _n=100, _p=65, total_size=100
Step 1066, t=1, state shape: (33,)
RolloutBuffer: _n=100, _p=66, total_size=100
Step 1067, t=1, state shape: (33,)
RolloutBuffer: _n=100, _p=67, total_size=100
Step 1068, t=1, state shape: (33,)
RolloutBuffer: _n=100, _p=68, total_size=100
Step 1069, t=1, state shape: (33,)
RolloutBuffer: _n=100, _p=69, total_size=100
Step 1070, t=1, state shape: (33,)
RolloutBuffer: _n=100, _p=70, total_size=100
Step 1071, t=1, state shape: (33,)
RolloutBuffer: _n=100, _p=71, total_size=100
Step 1072, t=1, state shape: (33,)
RolloutBuffer: _n=100, _p=72, total_size=100
Step 1073, t=1, state shape: (33,)
RolloutBuffer: _n=100, _p=73, total_size=100
Step 1074, t=1, state shape: (33,)
RolloutBuffer: _n=100, _p=74, total_size=100
Step 1075, t=1, state shape: (33,)
RolloutBuffer: _n=100, _p=75, total_size=100
Step 1076, t=1, state shape: (33,)
RolloutBuffer: _n=100, _p=76, total_size=100
Step 1077, t=1, state shape: (33,)
RolloutBuffer: _n=100, _p=77, total_size=100
Step 1078, t=1, state shape: (33,)
RolloutBuffer: _n=100, _p=78, total_size=100
Step 1079, t=1, state shape: (33,)
RolloutBuffer: _n=100, _p=79, total_size=100
Step 1080, t=1, state shape: (33,)
RolloutBuffer: _n=100, _p=80, total_size=100
Step 1081, t=1, state shape: (33,)
RolloutBuffer: _n=100, _p=81, total_size=100
Step 1082, t=1, state shape: (33,)
RolloutBuffer: _n=100, _p=82, total_size=100
Step 1083, t=1, state shape: (33,)
RolloutBuffer: _n=100, _p=83, total_size=100
Step 1084, t=1, state shape: (33,)
RolloutBuffer: _n=100, _p=84, total_size=100
Step 1085, t=1, state shape: (33,)
RolloutBuffer: _n=100, _p=85, total_size=100
Step 1086, t=1, state shape: (33,)
RolloutBuffer: _n=100, _p=86, total_size=100
Step 1087, t=1, state shape: (33,)
RolloutBuffer: _n=100, _p=87, total_size=100
Step 1088, t=1, state shape: (33,)
RolloutBuffer: _n=100, _p=88, total_size=100
Step 1089, t=1, state shape: (33,)
RolloutBuffer: _n=100, _p=89, total_size=100
Step 1090, t=1, state shape: (33,)
RolloutBuffer: _n=100, _p=90, total_size=100
Step 1091, t=1, state shape: (33,)
RolloutBuffer: _n=100, _p=91, total_size=100
Step 1092, t=1, state shape: (33,)
RolloutBuffer: _n=100, _p=92, total_size=100
Step 1093, t=1, state shape: (33,)
RolloutBuffer: _n=100, _p=93, total_size=100
Step 1094, t=1, state shape: (33,)
RolloutBuffer: _n=100, _p=94, total_size=100
Step 1095, t=1, state shape: (33,)
RolloutBuffer: _n=100, _p=95, total_size=100
Step 1096, t=1, state shape: (33,)
RolloutBuffer: _n=100, _p=96, total_size=100
Step 1097, t=1, state shape: (33,)
RolloutBuffer: _n=100, _p=97, total_size=100
Step 1098, t=1, state shape: (33,)
RolloutBuffer: _n=100, _p=98, total_size=100
Step 1099, t=1, state shape: (33,)
RolloutBuffer: _n=100, _p=99, total_size=100
Step 1100, t=1, state shape: (33,)
RolloutBuffer: _n=100, _p=0, total_size=100
[Debug] Log probabilities of current policy actions: tensor([[-10.6982],
        [-12.6169],
        [-12.0438],
        [-12.5327],
        [-12.1136],
        [-12.5126],
        [-12.2324],
        [-11.6116],
        [-12.2081],
        [-12.8032],
        [-11.4401],
        [ -9.0479],
        [-12.6807],
        [-10.7729],
        [-11.2517],
        [-11.0764],
        [-13.7941],
        [-12.2032],
        [-12.5327],
        [-12.3829],
        [-12.3866],
        [-12.1136],
        [-12.3829],
        [-11.1153],
        [-11.5995],
        [-12.7006],
        [-12.1081],
        [-11.7988],
        [-11.3820],
        [ -9.8006],
        [-12.6995],
        [-11.7008],
        [-12.3956],
        [-11.3820],
        [-12.5327],
        [-11.3820],
        [-11.7910],
        [-11.5538],
        [-13.0050],
        [-12.5327],
        [-11.5538],
        [-11.4401],
        [-11.0156],
        [ -9.2880],
        [-13.0982],
        [-11.5061],
        [-12.9703],
        [-12.3866],
        [-11.9011],
        [-11.0764],
        [-12.0030],
        [-11.1942],
        [-12.0438],
        [-11.5538],
        [-11.5095],
        [-12.3866],
        [-10.6350],
        [-11.7304],
        [-12.7923],
        [-12.1136],
        [-12.9703],
        [-10.2743],
        [-11.3820],
        [-11.7910]], device='cuda:0')
[Debug] actions_exp max:
1.0000001192092896
min:
-1.0000001192092896
[Debug] Log probabilities of expert actions: tensor([[-11.9573],
        [-14.3180],
        [-26.5157],
        [-28.0104],
        [-13.7012],
        [-12.5648],
        [-27.8426],
        [-11.7111],
        [-25.8212],
        [-12.1659],
        [-13.2024],
        [-13.7695],
        [-11.7405],
        [-13.8148],
        [-13.0696],
        [-13.7231],
        [-27.4888],
        [-11.7097],
        [-12.8789],
        [-13.0773],
        [-15.4316],
        [-13.6355],
        [-13.0810],
        [-16.3217],
        [-12.5951],
        [-12.6107],
        [-26.9223],
        [-12.3626],
        [-27.3234],
        [-13.6636],
        [-12.2325],
        [-26.2282],
        [-14.3238],
        [-11.3442],
        [-11.4484],
        [-12.6755],
        [-12.4437],
        [-13.7209],
        [-13.1842],
        [-13.4979],
        [-11.3388],
        [-13.6203],
        [-13.5208],
        [-12.9031],
        [-11.2560],
        [-15.1906],
        [-12.9755],
        [-11.9282],
        [-13.6761],
        [-40.2605],
        [-13.1413],
        [-12.6153],
        [-12.6915],
        [-26.1524],
        [-12.2075],
        [-27.3666],
        [-13.4706],
        [-13.7903],
        [-13.6106],
        [-12.3005],
        [-23.7049],
        [-12.3549],
        [-14.0222],
        [-12.9343]], device='cuda:0')
[Debug] Log probabilities of current policy actions: tensor([[-12.2032],
        [-13.7941],
        [-12.6169],
        [-10.8646],
        [-10.7899],
        [-11.2705],
        [-10.6350],
        [-11.2517],
        [-11.0156],
        [-13.5874],
        [-13.4437],
        [-11.2517],
        [-11.1617],
        [-13.0035],
        [-13.4282],
        [-10.7824],
        [-12.4146],
        [-11.5095],
        [-13.1704],
        [-12.2032],
        [-11.1153],
        [-12.6807],
        [-11.1617],
        [-12.4372],
        [-13.7941],
        [-11.5080],
        [ -9.8006],
        [-11.7988],
        [-11.5061],
        [-13.1704],
        [-12.7802],
        [-11.4027],
        [-11.1617],
        [-11.5095],
        [ -9.8509],
        [-12.2081],
        [-11.6000],
        [-11.1617],
        [-12.6169],
        [-12.1081],
        [-12.1136],
        [ -9.8006],
        [-12.3863],
        [-12.6169],
        [-12.6169],
        [-12.4146],
        [-12.6169],
        [-11.8047],
        [-11.4823],
        [-12.7825],
        [-12.7923],
        [-13.4282],
        [-11.8131],
        [-11.6116],
        [-11.0156],
        [ -9.0479],
        [-12.4372],
        [-10.7824],
        [-11.6389],
        [-10.7729],
        [-12.4372],
        [-12.1758],
        [-10.6982],
        [-11.7304]], device='cuda:0')
[Debug] actions_exp max:
1.0000001192092896
min:
-1.0
[Debug] Log probabilities of expert actions: tensor([[-13.3963],
        [-13.6179],
        [-11.9667],
        [-11.5041],
        [-12.3799],
        [-12.6313],
        [-13.7788],
        [-13.1655],
        [-13.0930],
        [-12.7391],
        [-12.3759],
        [-11.9453],
        [-12.9823],
        [-13.3846],
        [-11.9793],
        [-13.6289],
        [-12.5791],
        [-12.4450],
        [-13.9404],
        [-14.0736],
        [-40.8591],
        [-24.6169],
        [-13.2298],
        [-13.6758],
        [-12.1438],
        [-14.1183],
        [-12.1438],
        [-12.3718],
        [-13.6462],
        [-25.8208],
        [-13.6239],
        [-12.5122],
        [-23.7049],
        [-13.2754],
        [-28.7138],
        [-11.9338],
        [-13.5043],
        [-12.0380],
        [-12.2963],
        [-12.9635],
        [-11.9424],
        [-27.4888],
        [-14.0541],
        [-13.4616],
        [-13.8063],
        [-12.4608],
        [-12.3273],
        [-12.0873],
        [-12.5477],
        [-26.6786],
        [-26.2068],
        [-13.1088],
        [-12.6144],
        [-11.9443],
        [-26.1761],
        [-18.0617],
        [-12.7041],
        [-11.3217],
        [-12.3853],
        [-13.0906],
        [-13.7290],
        [-13.7903],
        [-27.3310],
        [-13.4583]], device='cuda:0')
[Debug] Log probabilities of current policy actions: tensor([[-10.7729],
        [-11.8131],
        [-12.0582],
        [ -9.0479],
        [-11.5995],
        [-11.0206],
        [-10.7729],
        [-10.2743],
        [ -9.2880],
        [-11.9333],
        [-12.2564],
        [-12.0438],
        [-12.0164],
        [-12.4372],
        [-12.4146],
        [-12.6807],
        [ -9.0479],
        [-11.6116],
        [-11.8047],
        [-12.0030],
        [-12.4883],
        [-11.6028],
        [-11.7988],
        [-11.6000],
        [-12.3956],
        [-11.7910],
        [-10.6002],
        [-13.0982],
        [-11.5095],
        [-11.4808],
        [-10.4038],
        [-11.5080],
        [-12.3146],
        [-12.1136],
        [-11.5080],
        [-11.3820],
        [-12.3863],
        [-12.2564],
        [-12.7006],
        [-11.8131],
        [-12.9703],
        [-12.1136],
        [-12.4459],
        [-12.3320],
        [-11.4401],
        [-12.7923],
        [-12.2324],
        [-11.7910],
        [-12.2032],
        [-12.5327],
        [ -9.8006],
        [-11.6116],
        [-13.0050],
        [-11.7910],
        [-13.1704],
        [-12.0164],
        [-11.4823],
        [-10.4038],
        [-13.0956],
        [-11.1321],
        [-10.7899],
        [ -9.0479],
        [ -9.2880],
        [-11.7304]], device='cuda:0')
[Debug] actions_exp max:
1.0
min:
-1.0000001192092896
[Debug] Log probabilities of expert actions: tensor([[-12.5906],
        [-13.5065],
        [-14.0659],
        [-15.0149],
        [-11.9958],
        [-12.4460],
        [-30.1277],
        [-13.0501],
        [-13.1330],
        [-13.0843],
        [-10.3684],
        [-13.6647],
        [-12.3012],
        [-13.3381],
        [-11.7387],
        [-27.1255],
        [-12.3473],
        [-26.1774],
        [-13.6605],
        [-12.5029],
        [-13.7643],
        [-11.9289],
        [-12.9042],
        [-28.7931],
        [-11.8844],
        [-14.0168],
        [-13.7965],
        [-13.0235],
        [-12.4818],
        [-15.0149],
        [-15.5446],
        [-27.4888],
        [-11.4643],
        [-11.2665],
        [-13.7456],
        [-13.4621],
        [-14.0405],
        [-24.6418],
        [-15.5550],
        [-12.2487],
        [-14.0644],
        [-40.5353],
        [-12.5277],
        [-11.9441],
        [-13.6795],
        [-14.0554],
        [-13.6438],
        [-13.0812],
        [-13.1655],
        [-14.2562],
        [-26.5152],
        [-13.8395],
        [-13.6681],
        [-24.9015],
        [-12.9164],
        [-11.9540],
        [-12.9826],
        [-11.9408],
        [-15.4316],
        [-27.5269],
        [-12.5018],
        [-13.5292],
        [-11.2103],
        [-12.8999]], device='cuda:0')
[Debug] Rewards: tensor([[10.9855],
        [11.9838],
        [10.6526],
        [12.1266],
        [11.2729],
        [10.1803],
        [10.7841],
        [12.2658],
        [11.4239],
        [12.5508],
        [13.5203],
        [12.6733],
        [11.8866],
        [11.4730],
        [11.0644],
        [11.4697],
        [10.4704],
        [13.4575],
        [11.4788],
        [11.9140],
        [10.7273],
        [10.5301],
        [11.5091],
        [10.5052],
        [10.6431],
        [12.9658],
        [10.9466],
        [12.1077],
        [10.2740],
        [12.2568],
        [11.2522],
        [10.7348],
        [11.9782],
        [12.5708],
        [12.2565],
        [11.3510],
        [12.6504],
        [12.1848],
        [13.0406],
        [11.3797],
        [12.6625],
        [11.6612],
        [12.4870],
        [11.6832],
        [12.3074],
        [11.4702],
        [11.6749],
        [ 9.6708],
        [11.3763],
        [11.3103],
        [12.9683],
        [12.7828],
        [13.6642],
        [11.0023],
        [12.0734],
        [13.4372],
        [12.2022],
        [11.1407],
        [12.5697],
        [12.6785],
        [12.3828],
        [11.8035],
        [12.0783],
        [ 8.9182],
        [10.8858],
        [12.8752],
        [ 9.4126],
        [12.3991],
        [11.1219],
        [11.6690],
        [13.3138],
        [11.7713],
        [10.6562],
        [11.5709],
        [12.2848],
        [11.0318],
        [11.4442],
        [11.6006],
        [12.2531],
        [11.3525],
        [13.2984],
        [11.3782],
        [12.1026],
        [12.0460],
        [11.9283],
        [12.4029],
        [10.6601],
        [12.3585],
        [10.1445],
        [12.8405],
        [12.6527],
        [ 9.1583],
        [11.4818],
        [ 9.7211],
        [10.5684],
        [11.8732],
        [12.8737],
        [10.8908],
        [12.3160],
        [11.4320]], device='cuda:0')
[Debug] Reward mean: 11.6928, std: 0.9798
[Debug] actions_exp max:
0.9963575005531311
min:
-0.9984821081161499
[Debug] actions_exp max:
0.9963575005531311
min:
-0.9984821081161499
[Debug] actions_exp max:
0.9963575005531311
min:
-0.9984821081161499
[Debug] actions_exp max:
0.9963575005531311
min:
-0.9984821081161499
[Debug] actions_exp max:
0.9963575005531311
min:
-0.9984821081161499
[Debug] actions_exp max:
0.9963575005531311
min:
-0.9984821081161499
[Debug] actions_exp max:
0.9963575005531311
min:
-0.9984821081161499
[Debug] actions_exp max:
0.9963575005531311
min:
-0.9984821081161499
[Debug] actions_exp max:
0.9963575005531311
min:
-0.9984821081161499
[Debug] actions_exp max:
0.9963575005531311
min:
-0.9984821081161499
[Debug] actions_exp max:
0.9963575005531311
min:
-0.9984821081161499
[Debug] actions_exp max:
0.9963575005531311
min:
-0.9984821081161499
[Debug] actions_exp max:
0.9963575005531311
min:
-0.9984821081161499
[Debug] actions_exp max:
0.9963575005531311
min:
-0.9984821081161499
[Debug] actions_exp max:
0.9963575005531311
min:
-0.9984821081161499
[Debug] actions_exp max:
0.9963575005531311
min:
-0.9984821081161499
[Debug] actions_exp max:
0.9963575005531311
min:
-0.9984821081161499
[Debug] actions_exp max:
0.9963575005531311
min:
-0.9984821081161499
[Debug] actions_exp max:
0.9963575005531311
min:
-0.9984821081161499
[Debug] actions_exp max:
0.9963575005531311
min:
-0.9984821081161499
[Debug] actions_exp max:
0.9963575005531311
min:
-0.9984821081161499
[Debug] actions_exp max:
0.9963575005531311
min:
-0.9984821081161499
[Debug] actions_exp max:
0.9963575005531311
min:
-0.9984821081161499
[Debug] actions_exp max:
0.9963575005531311
min:
-0.9984821081161499
[Debug] actions_exp max:
0.9963575005531311
min:
-0.9984821081161499
[Debug] actions_exp max:
0.9963575005531311
min:
-0.9984821081161499
[Debug] actions_exp max:
0.9963575005531311
min:
-0.9984821081161499
[Debug] actions_exp max:
0.9963575005531311
min:
-0.9984821081161499
[Debug] actions_exp max:
0.9963575005531311
min:
-0.9984821081161499
[Debug] actions_exp max:
0.9963575005531311
min:
-0.9984821081161499
[Debug] actions_exp max:
0.9963575005531311
min:
-0.9984821081161499
[Debug] actions_exp max:
0.9963575005531311
min:
-0.9984821081161499
[Debug] actions_exp max:
0.9963575005531311
min:
-0.9984821081161499
[Debug] actions_exp max:
0.9963575005531311
min:
-0.9984821081161499
[Debug] actions_exp max:
0.9963575005531311
min:
-0.9984821081161499
[Debug] actions_exp max:
0.9963575005531311
min:
-0.9984821081161499
[Debug] actions_exp max:
0.9963575005531311
min:
-0.9984821081161499
[Debug] actions_exp max:
0.9963575005531311
min:
-0.9984821081161499
[Debug] actions_exp max:
0.9963575005531311
min:
-0.9984821081161499
[Debug] actions_exp max:
0.9963575005531311
min:
-0.9984821081161499
[Debug] actions_exp max:
0.9963575005531311
min:
-0.9984821081161499
[Debug] actions_exp max:
0.9963575005531311
min:
-0.9984821081161499
[Debug] actions_exp max:
0.9963575005531311
min:
-0.9984821081161499
[Debug] actions_exp max:
0.9963575005531311
min:
-0.9984821081161499
[Debug] actions_exp max:
0.9963575005531311
min:
-0.9984821081161499
[Debug] actions_exp max:
0.9963575005531311
min:
-0.9984821081161499
[Debug] actions_exp max:
0.9963575005531311
min:
-0.9984821081161499
[Debug] actions_exp max:
0.9963575005531311
min:
-0.9984821081161499
[Debug] actions_exp max:
0.9963575005531311
min:
-0.9984821081161499
[Debug] actions_exp max:
0.9963575005531311
min:
-0.9984821081161499
Step 1101, t=1, state shape: (33,)
RolloutBuffer: _n=100, _p=1, total_size=100
Step 1102, t=1, state shape: (33,)
RolloutBuffer: _n=100, _p=2, total_size=100
Step 1103, t=1, state shape: (33,)
RolloutBuffer: _n=100, _p=3, total_size=100
Step 1104, t=1, state shape: (33,)
RolloutBuffer: _n=100, _p=4, total_size=100
Step 1105, t=1, state shape: (33,)
RolloutBuffer: _n=100, _p=5, total_size=100
Step 1106, t=1, state shape: (33,)
RolloutBuffer: _n=100, _p=6, total_size=100
Step 1107, t=1, state shape: (33,)
RolloutBuffer: _n=100, _p=7, total_size=100
Step 1108, t=1, state shape: (33,)
RolloutBuffer: _n=100, _p=8, total_size=100
Step 1109, t=1, state shape: (33,)
RolloutBuffer: _n=100, _p=9, total_size=100
Step 1110, t=1, state shape: (33,)
RolloutBuffer: _n=100, _p=10, total_size=100
Step 1111, t=1, state shape: (33,)
RolloutBuffer: _n=100, _p=11, total_size=100
Step 1112, t=1, state shape: (33,)
RolloutBuffer: _n=100, _p=12, total_size=100
Step 1113, t=1, state shape: (33,)
RolloutBuffer: _n=100, _p=13, total_size=100
Step 1114, t=1, state shape: (33,)
RolloutBuffer: _n=100, _p=14, total_size=100
Step 1115, t=1, state shape: (33,)
RolloutBuffer: _n=100, _p=15, total_size=100
Step 1116, t=1, state shape: (33,)
RolloutBuffer: _n=100, _p=16, total_size=100
Step 1117, t=1, state shape: (33,)
RolloutBuffer: _n=100, _p=17, total_size=100
Step 1118, t=1, state shape: (33,)
RolloutBuffer: _n=100, _p=18, total_size=100
Step 1119, t=1, state shape: (33,)
RolloutBuffer: _n=100, _p=19, total_size=100
Step 1120, t=1, state shape: (33,)
RolloutBuffer: _n=100, _p=20, total_size=100
Step 1121, t=1, state shape: (33,)
RolloutBuffer: _n=100, _p=21, total_size=100
Step 1122, t=1, state shape: (33,)
RolloutBuffer: _n=100, _p=22, total_size=100
Step 1123, t=1, state shape: (33,)
RolloutBuffer: _n=100, _p=23, total_size=100
Step 1124, t=1, state shape: (33,)
RolloutBuffer: _n=100, _p=24, total_size=100
Step 1125, t=1, state shape: (33,)
RolloutBuffer: _n=100, _p=25, total_size=100
Step 1126, t=1, state shape: (33,)
RolloutBuffer: _n=100, _p=26, total_size=100
Step 1127, t=1, state shape: (33,)
RolloutBuffer: _n=100, _p=27, total_size=100
Step 1128, t=1, state shape: (33,)
RolloutBuffer: _n=100, _p=28, total_size=100
Step 1129, t=1, state shape: (33,)
RolloutBuffer: _n=100, _p=29, total_size=100
Step 1130, t=1, state shape: (33,)
RolloutBuffer: _n=100, _p=30, total_size=100
Step 1131, t=1, state shape: (33,)
RolloutBuffer: _n=100, _p=31, total_size=100
Step 1132, t=1, state shape: (33,)
RolloutBuffer: _n=100, _p=32, total_size=100
Step 1133, t=1, state shape: (33,)
RolloutBuffer: _n=100, _p=33, total_size=100
Step 1134, t=1, state shape: (33,)
RolloutBuffer: _n=100, _p=34, total_size=100
Step 1135, t=1, state shape: (33,)
RolloutBuffer: _n=100, _p=35, total_size=100
Step 1136, t=1, state shape: (33,)
RolloutBuffer: _n=100, _p=36, total_size=100
Step 1137, t=1, state shape: (33,)
RolloutBuffer: _n=100, _p=37, total_size=100
Step 1138, t=1, state shape: (33,)
RolloutBuffer: _n=100, _p=38, total_size=100
Step 1139, t=1, state shape: (33,)
RolloutBuffer: _n=100, _p=39, total_size=100
Step 1140, t=1, state shape: (33,)
RolloutBuffer: _n=100, _p=40, total_size=100
Step 1141, t=1, state shape: (33,)
RolloutBuffer: _n=100, _p=41, total_size=100
Step 1142, t=1, state shape: (33,)
RolloutBuffer: _n=100, _p=42, total_size=100
Step 1143, t=1, state shape: (33,)
RolloutBuffer: _n=100, _p=43, total_size=100
Step 1144, t=1, state shape: (33,)
RolloutBuffer: _n=100, _p=44, total_size=100
Step 1145, t=1, state shape: (33,)
RolloutBuffer: _n=100, _p=45, total_size=100
Step 1146, t=1, state shape: (33,)
RolloutBuffer: _n=100, _p=46, total_size=100
Step 1147, t=1, state shape: (33,)
RolloutBuffer: _n=100, _p=47, total_size=100
Step 1148, t=1, state shape: (33,)
RolloutBuffer: _n=100, _p=48, total_size=100
Step 1149, t=1, state shape: (33,)
RolloutBuffer: _n=100, _p=49, total_size=100
Step 1150, t=1, state shape: (33,)
RolloutBuffer: _n=100, _p=50, total_size=100
Step 1151, t=1, state shape: (33,)
RolloutBuffer: _n=100, _p=51, total_size=100
Step 1152, t=1, state shape: (33,)
RolloutBuffer: _n=100, _p=52, total_size=100
Step 1153, t=1, state shape: (33,)
RolloutBuffer: _n=100, _p=53, total_size=100
Step 1154, t=1, state shape: (33,)
RolloutBuffer: _n=100, _p=54, total_size=100
Step 1155, t=1, state shape: (33,)
RolloutBuffer: _n=100, _p=55, total_size=100
Step 1156, t=1, state shape: (33,)
RolloutBuffer: _n=100, _p=56, total_size=100
Step 1157, t=1, state shape: (33,)
RolloutBuffer: _n=100, _p=57, total_size=100
Step 1158, t=1, state shape: (33,)
RolloutBuffer: _n=100, _p=58, total_size=100
Step 1159, t=1, state shape: (33,)
RolloutBuffer: _n=100, _p=59, total_size=100
Step 1160, t=1, state shape: (33,)
RolloutBuffer: _n=100, _p=60, total_size=100
Step 1161, t=1, state shape: (33,)
RolloutBuffer: _n=100, _p=61, total_size=100
Step 1162, t=1, state shape: (33,)
RolloutBuffer: _n=100, _p=62, total_size=100
Step 1163, t=1, state shape: (33,)
RolloutBuffer: _n=100, _p=63, total_size=100
Step 1164, t=1, state shape: (33,)
RolloutBuffer: _n=100, _p=64, total_size=100
Step 1165, t=1, state shape: (33,)
RolloutBuffer: _n=100, _p=65, total_size=100
Step 1166, t=1, state shape: (33,)
RolloutBuffer: _n=100, _p=66, total_size=100
Step 1167, t=1, state shape: (33,)
RolloutBuffer: _n=100, _p=67, total_size=100
Step 1168, t=1, state shape: (33,)
RolloutBuffer: _n=100, _p=68, total_size=100
Step 1169, t=1, state shape: (33,)
RolloutBuffer: _n=100, _p=69, total_size=100
Step 1170, t=1, state shape: (33,)
RolloutBuffer: _n=100, _p=70, total_size=100
Step 1171, t=1, state shape: (33,)
RolloutBuffer: _n=100, _p=71, total_size=100
Step 1172, t=1, state shape: (33,)
RolloutBuffer: _n=100, _p=72, total_size=100
Step 1173, t=1, state shape: (33,)
RolloutBuffer: _n=100, _p=73, total_size=100
Step 1174, t=1, state shape: (33,)
RolloutBuffer: _n=100, _p=74, total_size=100
Step 1175, t=1, state shape: (33,)
RolloutBuffer: _n=100, _p=75, total_size=100
Step 1176, t=1, state shape: (33,)
RolloutBuffer: _n=100, _p=76, total_size=100
Step 1177, t=1, state shape: (33,)
RolloutBuffer: _n=100, _p=77, total_size=100
Step 1178, t=1, state shape: (33,)
RolloutBuffer: _n=100, _p=78, total_size=100
Step 1179, t=1, state shape: (33,)
RolloutBuffer: _n=100, _p=79, total_size=100
Step 1180, t=1, state shape: (33,)
RolloutBuffer: _n=100, _p=80, total_size=100
Step 1181, t=1, state shape: (33,)
RolloutBuffer: _n=100, _p=81, total_size=100
Step 1182, t=1, state shape: (33,)
RolloutBuffer: _n=100, _p=82, total_size=100
Step 1183, t=1, state shape: (33,)
RolloutBuffer: _n=100, _p=83, total_size=100
Step 1184, t=1, state shape: (33,)
RolloutBuffer: _n=100, _p=84, total_size=100
Step 1185, t=1, state shape: (33,)
RolloutBuffer: _n=100, _p=85, total_size=100
Step 1186, t=1, state shape: (33,)
RolloutBuffer: _n=100, _p=86, total_size=100
Step 1187, t=1, state shape: (33,)
RolloutBuffer: _n=100, _p=87, total_size=100
Step 1188, t=1, state shape: (33,)
RolloutBuffer: _n=100, _p=88, total_size=100
Step 1189, t=1, state shape: (33,)
RolloutBuffer: _n=100, _p=89, total_size=100
Step 1190, t=1, state shape: (33,)
RolloutBuffer: _n=100, _p=90, total_size=100
Step 1191, t=1, state shape: (33,)
RolloutBuffer: _n=100, _p=91, total_size=100
Step 1192, t=1, state shape: (33,)
RolloutBuffer: _n=100, _p=92, total_size=100
Step 1193, t=1, state shape: (33,)
RolloutBuffer: _n=100, _p=93, total_size=100
Step 1194, t=1, state shape: (33,)
RolloutBuffer: _n=100, _p=94, total_size=100
Step 1195, t=1, state shape: (33,)
RolloutBuffer: _n=100, _p=95, total_size=100
Step 1196, t=1, state shape: (33,)
RolloutBuffer: _n=100, _p=96, total_size=100
Step 1197, t=1, state shape: (33,)
RolloutBuffer: _n=100, _p=97, total_size=100
Step 1198, t=1, state shape: (33,)
RolloutBuffer: _n=100, _p=98, total_size=100
Step 1199, t=1, state shape: (33,)
RolloutBuffer: _n=100, _p=99, total_size=100
Step 1200, t=1, state shape: (33,)
RolloutBuffer: _n=100, _p=0, total_size=100
[Debug] Log probabilities of current policy actions: tensor([[-11.5170],
        [-13.2944],
        [-12.6351],
        [-12.9997],
        [-13.0412],
        [-11.7837],
        [-11.4076],
        [-12.4681],
        [-13.0886],
        [-11.9119],
        [-12.3657],
        [-11.3981],
        [-12.0417],
        [-12.4167],
        [-13.2944],
        [-13.0295],
        [-13.4299],
        [-12.2615],
        [-13.4370],
        [-13.4887],
        [-12.9997],
        [-10.5102],
        [-13.0412],
        [-14.2966],
        [-12.0390],
        [-12.8023],
        [-13.5998],
        [-13.4887],
        [-10.7175],
        [-13.4370],
        [-12.4414],
        [-11.8049],
        [-12.1741],
        [-12.5399],
        [-11.5170],
        [-11.2018],
        [-10.9978],
        [-12.2722],
        [-11.7837],
        [-13.0412],
        [-11.5170],
        [-12.2118],
        [-11.0670],
        [-11.7837],
        [-11.5985],
        [-10.5102],
        [-13.5005],
        [-14.2966],
        [-12.0417],
        [-12.6794],
        [-12.9997],
        [-12.8733],
        [-12.2615],
        [-12.2448],
        [-13.5005],
        [-12.9997],
        [-13.1928],
        [-12.6606],
        [-11.4107],
        [-12.4414],
        [-10.1350],
        [-11.3009],
        [-12.3135],
        [-12.3657]], device='cuda:0')
[Debug] actions_exp max:
1.0000001192092896
min:
-1.0
[Debug] Log probabilities of expert actions: tensor([[-12.1403],
        [-13.6399],
        [-13.9198],
        [-24.6733],
        [-13.4918],
        [-23.9632],
        [-13.2859],
        [-12.3812],
        [-13.1165],
        [-14.0589],
        [-27.4292],
        [-12.7190],
        [-13.4562],
        [-11.7118],
        [-12.2112],
        [-13.5546],
        [-12.4614],
        [-12.2778],
        [-13.8620],
        [-13.2794],
        [-13.0147],
        [-12.5413],
        [-13.6687],
        [-13.2557],
        [-11.0925],
        [-26.9108],
        [-26.7034],
        [-12.7170],
        [-14.7892],
        [-12.9278],
        [-40.9799],
        [-13.5546],
        [-13.5592],
        [-13.0923],
        [-13.6807],
        [-13.5780],
        [-26.0259],
        [-41.5692],
        [-41.6527],
        [-13.0344],
        [-14.0877],
        [-12.2996],
        [-12.6885],
        [-12.9999],
        [-13.4668],
        [-12.1097],
        [-12.1194],
        [-10.1071],
        [-15.6200],
        [-26.9241],
        [-13.4821],
        [-11.0646],
        [-13.8941],
        [-12.1865],
        [-27.7983],
        [-11.9674],
        [-12.9450],
        [-13.4156],
        [-12.2444],
        [-13.7366],
        [-13.2727],
        [-13.6056],
        [-13.6055],
        [-13.0424]], device='cuda:0')
[Debug] Log probabilities of current policy actions: tensor([[-11.8515],
        [-11.5075],
        [-10.9978],
        [-13.0886],
        [-14.2966],
        [-11.7771],
        [-13.4370],
        [-12.2615],
        [-12.2722],
        [-11.8515],
        [ -9.7387],
        [-10.4204],
        [-12.2118],
        [-11.6652],
        [-10.3002],
        [-12.0417],
        [-12.3657],
        [-12.0390],
        [-13.4830],
        [-11.6890],
        [-12.6351],
        [-10.9978],
        [-11.4076],
        [-11.7771],
        [-10.4204],
        [-10.7175],
        [-12.6656],
        [-11.6328],
        [-11.4107],
        [-13.0295],
        [-11.9996],
        [-14.2966],
        [-13.4299],
        [-12.4414],
        [-12.0167],
        [-12.4681],
        [-13.1580],
        [-13.2944],
        [-11.3981],
        [-10.7175],
        [-11.6328],
        [-13.0295],
        [-12.4167],
        [-10.7175],
        [ -9.7387],
        [-12.2448],
        [-11.5170],
        [-14.5514],
        [-12.1058],
        [-11.6890],
        [-11.7947],
        [-10.3002],
        [-10.5102],
        [-12.8733],
        [-10.6140],
        [-12.1102],
        [-11.8049],
        [-12.9143],
        [-10.0472],
        [-11.9119],
        [-10.6140],
        [-12.3657],
        [-11.5514],
        [-11.4107]], device='cuda:0')
[Debug] actions_exp max:
1.0000001192092896
min:
-1.0
[Debug] Log probabilities of expert actions: tensor([[-14.2343],
        [-11.0102],
        [-12.1363],
        [-13.3605],
        [-12.4710],
        [-12.7175],
        [-13.9523],
        [-13.9786],
        [-11.9971],
        [-13.4293],
        [-12.4627],
        [-13.9290],
        [-13.5418],
        [-13.4946],
        [-10.1040],
        [-11.8272],
        [-13.0919],
        [-12.5172],
        [-40.9850],
        [-14.8442],
        [-11.4386],
        [-23.9827],
        [-12.4188],
        [-13.4550],
        [-13.0992],
        [-14.2771],
        [-11.7446],
        [-13.5048],
        [-13.6666],
        [-12.2274],
        [-12.4619],
        [-13.5185],
        [-13.6919],
        [-13.4846],
        [-14.2204],
        [-28.2339],
        [-11.0869],
        [-14.2066],
        [-12.6371],
        [-11.7102],
        [-11.6360],
        [-12.2096],
        [-27.4316],
        [-28.7760],
        [-13.1282],
        [-13.2053],
        [-40.9970],
        [-13.0434],
        [-11.5713],
        [-12.4614],
        [-26.9260],
        [-11.7752],
        [-12.7175],
        [-12.4883],
        [-13.2805],
        [-13.6687],
        [-13.4533],
        [-13.8275],
        [-12.8251],
        [-13.3465],
        [-13.7987],
        [-26.9260],
        [-12.2003],
        [-11.7684]], device='cuda:0')
[Debug] Log probabilities of current policy actions: tensor([[-13.2066],
        [-11.9119],
        [ -9.7387],
        [-13.4830],
        [-13.4760],
        [-10.7175],
        [-10.4204],
        [-12.4414],
        [-13.1580],
        [-12.4167],
        [-12.7579],
        [-13.4887],
        [-10.3002],
        [-12.0167],
        [-14.5514],
        [-13.1928],
        [-11.7630],
        [-12.9143],
        [-12.2615],
        [-11.0670],
        [-12.8059],
        [-13.0412],
        [-10.3002],
        [-12.1058],
        [-13.3051],
        [-13.5998],
        [-11.9293],
        [-12.4414],
        [-13.3051],
        [-14.5514],
        [-13.3150],
        [-12.4414],
        [-12.0417],
        [-11.3029],
        [-10.3002],
        [-11.5170],
        [-11.3029],
        [-10.0472],
        [-13.9112],
        [-13.4830],
        [-12.6606],
        [-13.4887],
        [-10.6140],
        [-12.0167],
        [-12.0417],
        [-12.9997],
        [-12.1741],
        [-12.7579],
        [-12.4681],
        [-12.1058],
        [-12.6351],
        [-11.5761],
        [-12.0864],
        [-11.9119],
        [-11.7837],
        [-11.0670],
        [-11.3029],
        [-12.1102],
        [-12.4414],
        [-13.3150],
        [-12.2615],
        [-11.3009],
        [-12.0417],
        [-12.6606]], device='cuda:0')
[Debug] actions_exp max:
1.0000001192092896
min:
-1.0
[Debug] Log probabilities of expert actions: tensor([[-13.6101],
        [-13.9575],
        [-13.6378],
        [-12.7190],
        [-13.7987],
        [-11.8174],
        [-13.8557],
        [-16.1901],
        [-12.8308],
        [-12.4514],
        [-14.0877],
        [-13.4404],
        [-12.4593],
        [-11.1666],
        [-12.4533],
        [-12.8130],
        [-12.8251],
        [-13.1525],
        [-30.9552],
        [-12.5376],
        [-12.1382],
        [-13.3736],
        [-14.4214],
        [-13.6399],
        [-13.3272],
        [-10.2847],
        [-13.4683],
        [-13.9986],
        [-13.7763],
        [-12.4514],
        [-13.2769],
        [-13.5677],
        [-11.6445],
        [-13.2928],
        [-12.2168],
        [-27.5076],
        [-12.4533],
        [-13.0399],
        [-13.8557],
        [-12.5011],
        [-13.4323],
        [-13.4008],
        [-13.1913],
        [-14.2337],
        [-14.8564],
        [-13.2502],
        [-13.6084],
        [-26.8971],
        [-12.4748],
        [-11.4144],
        [-13.5514],
        [-59.7057],
        [-41.9515],
        [-12.1403],
        [-13.0845],
        [-13.0441],
        [-11.9462],
        [-16.2180],
        [-27.0035],
        [-13.5527],
        [-25.4699],
        [-13.5576],
        [-26.9116],
        [-13.0117]], device='cuda:0')
[Debug] Rewards: tensor([[12.2497],
        [12.6353],
        [13.3160],
        [11.2405],
        [12.0778],
        [12.7063],
        [11.5416],
        [13.1381],
        [12.0448],
        [13.1480],
        [13.0396],
        [11.1338],
        [13.0257],
        [ 9.9680],
        [11.8098],
        [11.4286],
        [12.4936],
        [12.5909],
        [11.4982],
        [12.9910],
        [11.7623],
        [13.0035],
        [11.6378],
        [13.4328],
        [10.9000],
        [11.8747],
        [11.6101],
        [11.9583],
        [12.0146],
        [11.4822],
        [11.3405],
        [12.1052],
        [11.3844],
        [11.1359],
        [13.1273],
        [10.6748],
        [14.3844],
        [12.0944],
        [11.9193],
        [12.1987],
        [12.3011],
        [11.4091],
        [12.8327],
        [13.2628],
        [11.5960],
        [12.6389],
        [10.9284],
        [ 9.5718],
        [12.2027],
        [11.6845],
        [11.5220],
        [12.5124],
        [12.8742],
        [10.2534],
        [11.7120],
        [11.6277],
        [13.9405],
        [11.2437],
        [11.8497],
        [13.3107],
        [11.9388],
        [10.4470],
        [13.3334],
        [12.4986],
        [11.3499],
        [12.8624],
        [11.1569],
        [11.0347],
        [10.3432],
        [12.2744],
        [11.6167],
        [14.1296],
        [11.3633],
        [13.7442],
        [12.6011],
        [11.4315],
        [11.7449],
        [11.6101],
        [11.9432],
        [12.7473],
        [12.0071],
        [12.4681],
        [11.8326],
        [ 9.8802],
        [10.1332],
        [11.2310],
        [12.1465],
        [13.3217],
        [10.5505],
        [13.2699],
        [12.4162],
        [12.9216],
        [11.6641],
        [11.8719],
        [11.4658],
        [12.3729],
        [13.3089],
        [10.8308],
        [10.5073],
        [12.6583]], device='cuda:0')
[Debug] Reward mean: 12.0042, std: 0.9688
[Debug] actions_exp max:
0.9965692162513733
min:
-0.9984234571456909
[Debug] actions_exp max:
0.9965692162513733
min:
-0.9984234571456909
[Debug] actions_exp max:
0.9965692162513733
min:
-0.9984234571456909
[Debug] actions_exp max:
0.9965692162513733
min:
-0.9984234571456909
[Debug] actions_exp max:
0.9965692162513733
min:
-0.9984234571456909
[Debug] actions_exp max:
0.9965692162513733
min:
-0.9984234571456909
[Debug] actions_exp max:
0.9965692162513733
min:
-0.9984234571456909
[Debug] actions_exp max:
0.9965692162513733
min:
-0.9984234571456909
[Debug] actions_exp max:
0.9965692162513733
min:
-0.9984234571456909
[Debug] actions_exp max:
0.9965692162513733
min:
-0.9984234571456909
[Debug] actions_exp max:
0.9965692162513733
min:
-0.9984234571456909
[Debug] actions_exp max:
0.9965692162513733
min:
-0.9984234571456909
[Debug] actions_exp max:
0.9965692162513733
min:
-0.9984234571456909
[Debug] actions_exp max:
0.9965692162513733
min:
-0.9984234571456909
[Debug] actions_exp max:
0.9965692162513733
min:
-0.9984234571456909
[Debug] actions_exp max:
0.9965692162513733
min:
-0.9984234571456909
[Debug] actions_exp max:
0.9965692162513733
min:
-0.9984234571456909
[Debug] actions_exp max:
0.9965692162513733
min:
-0.9984234571456909
[Debug] actions_exp max:
0.9965692162513733
min:
-0.9984234571456909
[Debug] actions_exp max:
0.9965692162513733
min:
-0.9984234571456909
[Debug] actions_exp max:
0.9965692162513733
min:
-0.9984234571456909
[Debug] actions_exp max:
0.9965692162513733
min:
-0.9984234571456909
[Debug] actions_exp max:
0.9965692162513733
min:
-0.9984234571456909
[Debug] actions_exp max:
0.9965692162513733
min:
-0.9984234571456909
[Debug] actions_exp max:
0.9965692162513733
min:
-0.9984234571456909
[Debug] actions_exp max:
0.9965692162513733
min:
-0.9984234571456909
[Debug] actions_exp max:
0.9965692162513733
min:
-0.9984234571456909
[Debug] actions_exp max:
0.9965692162513733
min:
-0.9984234571456909
[Debug] actions_exp max:
0.9965692162513733
min:
-0.9984234571456909
[Debug] actions_exp max:
0.9965692162513733
min:
-0.9984234571456909
[Debug] actions_exp max:
0.9965692162513733
min:
-0.9984234571456909
[Debug] actions_exp max:
0.9965692162513733
min:
-0.9984234571456909
[Debug] actions_exp max:
0.9965692162513733
min:
-0.9984234571456909
[Debug] actions_exp max:
0.9965692162513733
min:
-0.9984234571456909
[Debug] actions_exp max:
0.9965692162513733
min:
-0.9984234571456909
[Debug] actions_exp max:
0.9965692162513733
min:
-0.9984234571456909
[Debug] actions_exp max:
0.9965692162513733
min:
-0.9984234571456909
[Debug] actions_exp max:
0.9965692162513733
min:
-0.9984234571456909
[Debug] actions_exp max:
0.9965692162513733
min:
-0.9984234571456909
[Debug] actions_exp max:
0.9965692162513733
min:
-0.9984234571456909
[Debug] actions_exp max:
0.9965692162513733
min:
-0.9984234571456909
[Debug] actions_exp max:
0.9965692162513733
min:
-0.9984234571456909
[Debug] actions_exp max:
0.9965692162513733
min:
-0.9984234571456909
[Debug] actions_exp max:
0.9965692162513733
min:
-0.9984234571456909
[Debug] actions_exp max:
0.9965692162513733
min:
-0.9984234571456909
[Debug] actions_exp max:
0.9965692162513733
min:
-0.9984234571456909
[Debug] actions_exp max:
0.9965692162513733
min:
-0.9984234571456909
[Debug] actions_exp max:
0.9965692162513733
min:
-0.9984234571456909
[Debug] actions_exp max:
0.9965692162513733
min:
-0.9984234571456909
[Debug] actions_exp max:
0.9965692162513733
min:
-0.9984234571456909
Step 1201, t=1, state shape: (33,)
RolloutBuffer: _n=100, _p=1, total_size=100
Step 1202, t=1, state shape: (33,)
RolloutBuffer: _n=100, _p=2, total_size=100
Step 1203, t=1, state shape: (33,)
RolloutBuffer: _n=100, _p=3, total_size=100
Step 1204, t=1, state shape: (33,)
RolloutBuffer: _n=100, _p=4, total_size=100
Step 1205, t=1, state shape: (33,)
RolloutBuffer: _n=100, _p=5, total_size=100
Step 1206, t=1, state shape: (33,)
RolloutBuffer: _n=100, _p=6, total_size=100
Step 1207, t=1, state shape: (33,)
RolloutBuffer: _n=100, _p=7, total_size=100
Step 1208, t=1, state shape: (33,)
RolloutBuffer: _n=100, _p=8, total_size=100
Step 1209, t=1, state shape: (33,)
RolloutBuffer: _n=100, _p=9, total_size=100
Step 1210, t=1, state shape: (33,)
RolloutBuffer: _n=100, _p=10, total_size=100
Step 1211, t=1, state shape: (33,)
RolloutBuffer: _n=100, _p=11, total_size=100
Step 1212, t=1, state shape: (33,)
RolloutBuffer: _n=100, _p=12, total_size=100
Step 1213, t=1, state shape: (33,)
RolloutBuffer: _n=100, _p=13, total_size=100
Step 1214, t=1, state shape: (33,)
RolloutBuffer: _n=100, _p=14, total_size=100
Step 1215, t=1, state shape: (33,)
RolloutBuffer: _n=100, _p=15, total_size=100
Step 1216, t=1, state shape: (33,)
RolloutBuffer: _n=100, _p=16, total_size=100
Step 1217, t=1, state shape: (33,)
RolloutBuffer: _n=100, _p=17, total_size=100
Step 1218, t=1, state shape: (33,)
RolloutBuffer: _n=100, _p=18, total_size=100
Step 1219, t=1, state shape: (33,)
RolloutBuffer: _n=100, _p=19, total_size=100
Step 1220, t=1, state shape: (33,)
RolloutBuffer: _n=100, _p=20, total_size=100
Step 1221, t=1, state shape: (33,)
RolloutBuffer: _n=100, _p=21, total_size=100
Step 1222, t=1, state shape: (33,)
RolloutBuffer: _n=100, _p=22, total_size=100
Step 1223, t=1, state shape: (33,)
RolloutBuffer: _n=100, _p=23, total_size=100
Step 1224, t=1, state shape: (33,)
RolloutBuffer: _n=100, _p=24, total_size=100
Step 1225, t=1, state shape: (33,)
RolloutBuffer: _n=100, _p=25, total_size=100
Step 1226, t=1, state shape: (33,)
RolloutBuffer: _n=100, _p=26, total_size=100
Step 1227, t=1, state shape: (33,)
RolloutBuffer: _n=100, _p=27, total_size=100
Step 1228, t=1, state shape: (33,)
RolloutBuffer: _n=100, _p=28, total_size=100
Step 1229, t=1, state shape: (33,)
RolloutBuffer: _n=100, _p=29, total_size=100
Step 1230, t=1, state shape: (33,)
RolloutBuffer: _n=100, _p=30, total_size=100
Step 1231, t=1, state shape: (33,)
RolloutBuffer: _n=100, _p=31, total_size=100
Step 1232, t=1, state shape: (33,)
RolloutBuffer: _n=100, _p=32, total_size=100
Step 1233, t=1, state shape: (33,)
RolloutBuffer: _n=100, _p=33, total_size=100
Step 1234, t=1, state shape: (33,)
RolloutBuffer: _n=100, _p=34, total_size=100
Step 1235, t=1, state shape: (33,)
RolloutBuffer: _n=100, _p=35, total_size=100
Step 1236, t=1, state shape: (33,)
RolloutBuffer: _n=100, _p=36, total_size=100
Step 1237, t=1, state shape: (33,)
RolloutBuffer: _n=100, _p=37, total_size=100
Step 1238, t=1, state shape: (33,)
RolloutBuffer: _n=100, _p=38, total_size=100
Step 1239, t=1, state shape: (33,)
RolloutBuffer: _n=100, _p=39, total_size=100
Step 1240, t=1, state shape: (33,)
RolloutBuffer: _n=100, _p=40, total_size=100
Step 1241, t=1, state shape: (33,)
RolloutBuffer: _n=100, _p=41, total_size=100
Step 1242, t=1, state shape: (33,)
RolloutBuffer: _n=100, _p=42, total_size=100
Step 1243, t=1, state shape: (33,)
RolloutBuffer: _n=100, _p=43, total_size=100
Step 1244, t=1, state shape: (33,)
RolloutBuffer: _n=100, _p=44, total_size=100
Step 1245, t=1, state shape: (33,)
RolloutBuffer: _n=100, _p=45, total_size=100
Step 1246, t=1, state shape: (33,)
RolloutBuffer: _n=100, _p=46, total_size=100
Step 1247, t=1, state shape: (33,)
RolloutBuffer: _n=100, _p=47, total_size=100
Step 1248, t=1, state shape: (33,)
RolloutBuffer: _n=100, _p=48, total_size=100
Step 1249, t=1, state shape: (33,)
RolloutBuffer: _n=100, _p=49, total_size=100
Step 1250, t=1, state shape: (33,)
RolloutBuffer: _n=100, _p=50, total_size=100
Step 1251, t=1, state shape: (33,)
RolloutBuffer: _n=100, _p=51, total_size=100
Step 1252, t=1, state shape: (33,)
RolloutBuffer: _n=100, _p=52, total_size=100
Step 1253, t=1, state shape: (33,)
RolloutBuffer: _n=100, _p=53, total_size=100
Step 1254, t=1, state shape: (33,)
RolloutBuffer: _n=100, _p=54, total_size=100
Step 1255, t=1, state shape: (33,)
RolloutBuffer: _n=100, _p=55, total_size=100
Step 1256, t=1, state shape: (33,)
RolloutBuffer: _n=100, _p=56, total_size=100
Step 1257, t=1, state shape: (33,)
RolloutBuffer: _n=100, _p=57, total_size=100
Step 1258, t=1, state shape: (33,)
RolloutBuffer: _n=100, _p=58, total_size=100
Step 1259, t=1, state shape: (33,)
RolloutBuffer: _n=100, _p=59, total_size=100
Step 1260, t=1, state shape: (33,)
RolloutBuffer: _n=100, _p=60, total_size=100
Step 1261, t=1, state shape: (33,)
RolloutBuffer: _n=100, _p=61, total_size=100
Step 1262, t=1, state shape: (33,)
RolloutBuffer: _n=100, _p=62, total_size=100
Step 1263, t=1, state shape: (33,)
RolloutBuffer: _n=100, _p=63, total_size=100
Step 1264, t=1, state shape: (33,)
RolloutBuffer: _n=100, _p=64, total_size=100
Step 1265, t=1, state shape: (33,)
RolloutBuffer: _n=100, _p=65, total_size=100
Step 1266, t=1, state shape: (33,)
RolloutBuffer: _n=100, _p=66, total_size=100
Step 1267, t=1, state shape: (33,)
RolloutBuffer: _n=100, _p=67, total_size=100
Step 1268, t=1, state shape: (33,)
RolloutBuffer: _n=100, _p=68, total_size=100
Step 1269, t=1, state shape: (33,)
RolloutBuffer: _n=100, _p=69, total_size=100
Step 1270, t=1, state shape: (33,)
RolloutBuffer: _n=100, _p=70, total_size=100
Step 1271, t=1, state shape: (33,)
RolloutBuffer: _n=100, _p=71, total_size=100
Step 1272, t=1, state shape: (33,)
RolloutBuffer: _n=100, _p=72, total_size=100
Step 1273, t=1, state shape: (33,)
RolloutBuffer: _n=100, _p=73, total_size=100
Step 1274, t=1, state shape: (33,)
RolloutBuffer: _n=100, _p=74, total_size=100
Step 1275, t=1, state shape: (33,)
RolloutBuffer: _n=100, _p=75, total_size=100
Step 1276, t=1, state shape: (33,)
RolloutBuffer: _n=100, _p=76, total_size=100
Step 1277, t=1, state shape: (33,)
RolloutBuffer: _n=100, _p=77, total_size=100
Step 1278, t=1, state shape: (33,)
RolloutBuffer: _n=100, _p=78, total_size=100
Step 1279, t=1, state shape: (33,)
RolloutBuffer: _n=100, _p=79, total_size=100
Step 1280, t=1, state shape: (33,)
RolloutBuffer: _n=100, _p=80, total_size=100
Step 1281, t=1, state shape: (33,)
RolloutBuffer: _n=100, _p=81, total_size=100
Step 1282, t=1, state shape: (33,)
RolloutBuffer: _n=100, _p=82, total_size=100
Step 1283, t=1, state shape: (33,)
RolloutBuffer: _n=100, _p=83, total_size=100
Step 1284, t=1, state shape: (33,)
RolloutBuffer: _n=100, _p=84, total_size=100
Step 1285, t=1, state shape: (33,)
RolloutBuffer: _n=100, _p=85, total_size=100
Step 1286, t=1, state shape: (33,)
RolloutBuffer: _n=100, _p=86, total_size=100
Step 1287, t=1, state shape: (33,)
RolloutBuffer: _n=100, _p=87, total_size=100
Step 1288, t=1, state shape: (33,)
RolloutBuffer: _n=100, _p=88, total_size=100
Step 1289, t=1, state shape: (33,)
RolloutBuffer: _n=100, _p=89, total_size=100
Step 1290, t=1, state shape: (33,)
RolloutBuffer: _n=100, _p=90, total_size=100
Step 1291, t=1, state shape: (33,)
RolloutBuffer: _n=100, _p=91, total_size=100
Step 1292, t=1, state shape: (33,)
RolloutBuffer: _n=100, _p=92, total_size=100
Step 1293, t=1, state shape: (33,)
RolloutBuffer: _n=100, _p=93, total_size=100
Step 1294, t=1, state shape: (33,)
RolloutBuffer: _n=100, _p=94, total_size=100
Step 1295, t=1, state shape: (33,)
RolloutBuffer: _n=100, _p=95, total_size=100
Step 1296, t=1, state shape: (33,)
RolloutBuffer: _n=100, _p=96, total_size=100
Step 1297, t=1, state shape: (33,)
RolloutBuffer: _n=100, _p=97, total_size=100
Step 1298, t=1, state shape: (33,)
RolloutBuffer: _n=100, _p=98, total_size=100
Step 1299, t=1, state shape: (33,)
RolloutBuffer: _n=100, _p=99, total_size=100
Step 1300, t=1, state shape: (33,)
RolloutBuffer: _n=100, _p=0, total_size=100
[Debug] Log probabilities of current policy actions: tensor([[-11.9277],
        [-13.3549],
        [-11.4357],
        [-11.2933],
        [-11.1632],
        [-11.1691],
        [-11.4907],
        [-12.9011],
        [-12.0370],
        [-11.8316],
        [-11.4927],
        [-11.9271],
        [-10.5609],
        [-11.7116],
        [-12.7016],
        [-11.0556],
        [-12.9545],
        [-12.9545],
        [-12.4028],
        [-12.9545],
        [-11.8890],
        [-10.9442],
        [-11.7408],
        [-11.0337],
        [-11.8316],
        [-13.0383],
        [-12.1305],
        [-11.7308],
        [-13.8245],
        [-13.2235],
        [-12.7016],
        [-11.0556],
        [-11.0556],
        [-12.1559],
        [-11.2933],
        [-12.6564],
        [-12.0604],
        [-11.3870],
        [-12.0668],
        [-11.2933],
        [-11.3870],
        [-13.0217],
        [-12.3467],
        [-12.3933],
        [-12.7587],
        [-13.6086],
        [-11.9411],
        [-12.2314],
        [-13.2235],
        [-12.4959],
        [-10.5609],
        [-13.8348],
        [-12.6564],
        [-11.7661],
        [-10.8680],
        [-12.4235],
        [-12.6494],
        [-12.7783],
        [-10.7691],
        [-11.0337],
        [-12.6972],
        [-12.6494],
        [-11.9277],
        [-11.4357]], device='cuda:0')
[Debug] actions_exp max:
1.0000001192092896
min:
-1.0
[Debug] Log probabilities of expert actions: tensor([[-11.0441],
        [-14.5255],
        [-14.1922],
        [-13.1610],
        [-13.0621],
        [-13.1311],
        [-24.1473],
        [-14.0752],
        [-12.6830],
        [-12.1579],
        [-41.8099],
        [-12.1727],
        [-13.4419],
        [-11.8270],
        [-27.8167],
        [-12.5860],
        [-10.8919],
        [-11.1622],
        [-12.9973],
        [-13.3043],
        [-12.1366],
        [-13.5921],
        [-41.8254],
        [-13.5049],
        [-13.1332],
        [ -9.8657],
        [-12.1293],
        [-27.4273],
        [-12.5788],
        [-14.1916],
        [-11.9705],
        [-25.4417],
        [-13.6957],
        [-12.1414],
        [-11.6200],
        [-13.3837],
        [-27.4805],
        [-13.1909],
        [-27.5125],
        [-13.5907],
        [-13.1849],
        [-15.6990],
        [-11.9784],
        [-28.0478],
        [ -9.8424],
        [-12.9957],
        [-12.5161],
        [-12.6793],
        [-14.3109],
        [-12.2445],
        [-12.2887],
        [-27.4413],
        [-14.4437],
        [-13.5879],
        [-14.2412],
        [-13.0603],
        [-12.2456],
        [-14.0729],
        [-11.7475],
        [-12.6869],
        [-14.5873],
        [-13.0378],
        [-12.2990],
        [-14.5646]], device='cuda:0')
[Debug] Log probabilities of current policy actions: tensor([[-12.1559],
        [-11.0149],
        [ -9.9538],
        [-10.9442],
        [-12.7783],
        [-11.0337],
        [-12.1559],
        [-11.7408],
        [-13.2235],
        [-11.5908],
        [-11.2771],
        [-11.2933],
        [-11.4266],
        [-13.6090],
        [-10.9280],
        [-12.7783],
        [-11.9271],
        [-12.6564],
        [-12.4504],
        [-12.3515],
        [-11.0456],
        [-10.4269],
        [-12.0604],
        [-12.3418],
        [-11.3975],
        [-12.8307],
        [-13.3549],
        [-11.2771],
        [-11.1839],
        [-12.4235],
        [-10.9994],
        [-12.6564],
        [-13.3549],
        [-12.2708],
        [-11.9411],
        [ -9.6471],
        [-11.4357],
        [-13.8245],
        [-12.6785],
        [-12.1305],
        [-13.0217],
        [-13.8245],
        [-12.5627],
        [-12.4959],
        [-12.0056],
        [-11.8316],
        [-11.1632],
        [-12.4235],
        [-12.2803],
        [-12.0668],
        [ -9.6471],
        [-11.7239],
        [-10.8680],
        [-11.4357],
        [-12.1618],
        [-12.9545],
        [-11.1691],
        [-11.4357],
        [-12.0056],
        [-12.3933],
        [-12.4028],
        [-12.4028],
        [-12.5627],
        [-12.7587]], device='cuda:0')
[Debug] actions_exp max:
1.0000001192092896
min:
-1.0000001192092896
[Debug] Log probabilities of expert actions: tensor([[-12.5852],
        [-10.0452],
        [-14.3002],
        [-13.7061],
        [-15.6605],
        [-24.1308],
        [-13.9848],
        [-15.0572],
        [-26.6999],
        [-41.7730],
        [-14.0782],
        [-12.3150],
        [-11.6257],
        [-14.4914],
        [-13.5388],
        [-13.3025],
        [-11.9424],
        [-13.9192],
        [-12.7636],
        [-27.7995],
        [-12.4270],
        [-12.8375],
        [-14.6450],
        [-12.9035],
        [-28.4314],
        [-13.0095],
        [-31.1891],
        [-12.3777],
        [-10.9132],
        [-13.1412],
        [-12.1815],
        [-12.6710],
        [-13.4273],
        [-41.5277],
        [-12.5821],
        [-13.0506],
        [-13.9041],
        [-14.3249],
        [-12.7489],
        [-28.4388],
        [-15.6849],
        [-13.1428],
        [-12.6876],
        [-11.8270],
        [-12.6836],
        [-13.5248],
        [-12.1293],
        [-28.0096],
        [-13.5711],
        [-13.5559],
        [-27.4325],
        [-13.5614],
        [-13.7435],
        [-12.0994],
        [-13.5435],
        [-12.3932],
        [-12.1727],
        [-12.4161],
        [-11.9385],
        [-13.5492],
        [-13.0621],
        [-13.5696],
        [-28.0478],
        [-12.8092]], device='cuda:0')
[Debug] Log probabilities of current policy actions: tensor([[ -9.9538],
        [-12.3029],
        [-10.3678],
        [-12.3418],
        [-13.0171],
        [-11.4357],
        [-11.9271],
        [-12.4504],
        [-12.3515],
        [-11.0456],
        [-12.6494],
        [-10.2062],
        [-13.1079],
        [-12.3515],
        [-13.2235],
        [-12.2739],
        [-12.2739],
        [-11.1632],
        [-11.9277],
        [-11.9411],
        [-11.7797],
        [-11.3975],
        [-11.0177],
        [-12.9011],
        [-11.9411],
        [-12.0056],
        [-12.2314],
        [-11.9411],
        [ -9.9538],
        [-11.4907],
        [-12.1618],
        [-10.8680],
        [-13.6086],
        [-11.0337],
        [-12.5627],
        [-12.1618],
        [-12.1559],
        [-11.9271],
        [-12.7016],
        [-12.2803],
        [-12.3515],
        [-12.5479],
        [-13.2235],
        [-11.2089],
        [-13.6090],
        [-12.6785],
        [-12.4750],
        [-12.3933],
        [-12.2320],
        [-12.2320],
        [-11.4357],
        [-11.2771],
        [-12.4504],
        [-12.3933],
        [-11.4368],
        [-12.6972],
        [-11.0177],
        [-11.3870],
        [-12.9644],
        [-12.5627],
        [-12.4504],
        [-12.9011],
        [-11.8098],
        [-12.8307]], device='cuda:0')
[Debug] actions_exp max:
1.0000001192092896
min:
-1.0
[Debug] Log probabilities of expert actions: tensor([[-13.2392],
        [-11.9608],
        [-10.9011],
        [-13.0729],
        [-12.1209],
        [-12.6961],
        [-13.5836],
        [-13.1857],
        [-12.2673],
        [-27.7138],
        [-14.6507],
        [-12.9616],
        [-13.4702],
        [-13.2015],
        [-25.8502],
        [-18.6989],
        [-13.4324],
        [-13.1872],
        [-13.4324],
        [-13.6425],
        [-11.5066],
        [ -9.8311],
        [-41.5389],
        [-12.1128],
        [-12.3035],
        [-13.5435],
        [-26.8779],
        [-13.5518],
        [-12.7670],
        [-13.7113],
        [-13.0070],
        [-13.2993],
        [-14.1383],
        [-12.6619],
        [-10.9011],
        [-13.1192],
        [-15.5703],
        [-27.5851],
        [-13.5577],
        [-12.9611],
        [-14.4015],
        [-11.9321],
        [-28.0006],
        [-14.0614],
        [-25.8309],
        [-13.0059],
        [-26.6368],
        [-41.5461],
        [-12.1595],
        [-13.5836],
        [-12.7756],
        [-13.0154],
        [-11.8469],
        [-24.7464],
        [-27.5666],
        [-13.6906],
        [-13.4452],
        [-14.2132],
        [-14.5379],
        [-27.5694],
        [-13.3837],
        [-13.1332],
        [-11.6959],
        [-27.8229]], device='cuda:0')
[Debug] Rewards: tensor([[11.8310],
        [10.9632],
        [11.5349],
        [10.7934],
        [10.8497],
        [12.3420],
        [11.7351],
        [11.7212],
        [10.8090],
        [12.1873],
        [12.2899],
        [12.0970],
        [12.2690],
        [11.2298],
        [11.2867],
        [12.0680],
        [12.7485],
        [10.9779],
        [12.9252],
        [10.5681],
        [10.7220],
        [13.1489],
        [13.6185],
        [12.4725],
        [12.2444],
        [12.4404],
        [10.6621],
        [13.0175],
        [11.5248],
        [12.0261],
        [11.3627],
        [12.0254],
        [10.8277],
        [ 9.7479],
        [12.1358],
        [12.5528],
        [10.5631],
        [12.4913],
        [11.0029],
        [12.0743],
        [10.0003],
        [10.9572],
        [11.4745],
        [11.0832],
        [13.2437],
        [13.4030],
        [11.9559],
        [11.1840],
        [10.3550],
        [12.4956],
        [12.8113],
        [13.4026],
        [12.6951],
        [11.6039],
        [10.7382],
        [12.9019],
        [10.8117],
        [11.6257],
        [11.2847],
        [12.0649],
        [12.3568],
        [ 9.4412],
        [10.2210],
        [12.1968],
        [12.5723],
        [12.1456],
        [11.0873],
        [11.6831],
        [11.2308],
        [12.2175],
        [12.8323],
        [11.2207],
        [13.6289],
        [11.5056],
        [11.8609],
        [11.1811],
        [12.8157],
        [11.7218],
        [11.7996],
        [11.5601],
        [11.3849],
        [12.6240],
        [12.4434],
        [11.2298],
        [12.1408],
        [11.9246],
        [12.7584],
        [11.0711],
        [12.8111],
        [12.4505],
        [11.5179],
        [10.1619],
        [11.1916],
        [12.0320],
        [11.8545],
        [11.9499],
        [11.5738],
        [11.9867],
        [12.6247],
        [10.8396]], device='cuda:0')
[Debug] Reward mean: 11.7783, std: 0.8710
[Debug] actions_exp max:
0.9946117997169495
min:
-0.9979262948036194
[Debug] actions_exp max:
0.9946117997169495
min:
-0.9979262948036194
[Debug] actions_exp max:
0.9946117997169495
min:
-0.9979262948036194
[Debug] actions_exp max:
0.9946117997169495
min:
-0.9979262948036194
[Debug] actions_exp max:
0.9946117997169495
min:
-0.9979262948036194
[Debug] actions_exp max:
0.9946117997169495
min:
-0.9979262948036194
[Debug] actions_exp max:
0.9946117997169495
min:
-0.9979262948036194
[Debug] actions_exp max:
0.9946117997169495
min:
-0.9979262948036194
[Debug] actions_exp max:
0.9946117997169495
min:
-0.9979262948036194
[Debug] actions_exp max:
0.9946117997169495
min:
-0.9979262948036194
[Debug] actions_exp max:
0.9946117997169495
min:
-0.9979262948036194
[Debug] actions_exp max:
0.9946117997169495
min:
-0.9979262948036194
[Debug] actions_exp max:
0.9946117997169495
min:
-0.9979262948036194
[Debug] actions_exp max:
0.9946117997169495
min:
-0.9979262948036194
[Debug] actions_exp max:
0.9946117997169495
min:
-0.9979262948036194
[Debug] actions_exp max:
0.9946117997169495
min:
-0.9979262948036194
[Debug] actions_exp max:
0.9946117997169495
min:
-0.9979262948036194
[Debug] actions_exp max:
0.9946117997169495
min:
-0.9979262948036194
[Debug] actions_exp max:
0.9946117997169495
min:
-0.9979262948036194
[Debug] actions_exp max:
0.9946117997169495
min:
-0.9979262948036194
[Debug] actions_exp max:
0.9946117997169495
min:
-0.9979262948036194
[Debug] actions_exp max:
0.9946117997169495
min:
-0.9979262948036194
[Debug] actions_exp max:
0.9946117997169495
min:
-0.9979262948036194
[Debug] actions_exp max:
0.9946117997169495
min:
-0.9979262948036194
[Debug] actions_exp max:
0.9946117997169495
min:
-0.9979262948036194
[Debug] actions_exp max:
0.9946117997169495
min:
-0.9979262948036194
[Debug] actions_exp max:
0.9946117997169495
min:
-0.9979262948036194
[Debug] actions_exp max:
0.9946117997169495
min:
-0.9979262948036194
[Debug] actions_exp max:
0.9946117997169495
min:
-0.9979262948036194
[Debug] actions_exp max:
0.9946117997169495
min:
-0.9979262948036194
[Debug] actions_exp max:
0.9946117997169495
min:
-0.9979262948036194
[Debug] actions_exp max:
0.9946117997169495
min:
-0.9979262948036194
[Debug] actions_exp max:
0.9946117997169495
min:
-0.9979262948036194
[Debug] actions_exp max:
0.9946117997169495
min:
-0.9979262948036194
[Debug] actions_exp max:
0.9946117997169495
min:
-0.9979262948036194
[Debug] actions_exp max:
0.9946117997169495
min:
-0.9979262948036194
[Debug] actions_exp max:
0.9946117997169495
min:
-0.9979262948036194
[Debug] actions_exp max:
0.9946117997169495
min:
-0.9979262948036194
[Debug] actions_exp max:
0.9946117997169495
min:
-0.9979262948036194
[Debug] actions_exp max:
0.9946117997169495
min:
-0.9979262948036194
[Debug] actions_exp max:
0.9946117997169495
min:
-0.9979262948036194
[Debug] actions_exp max:
0.9946117997169495
min:
-0.9979262948036194
[Debug] actions_exp max:
0.9946117997169495
min:
-0.9979262948036194
[Debug] actions_exp max:
0.9946117997169495
min:
-0.9979262948036194
[Debug] actions_exp max:
0.9946117997169495
min:
-0.9979262948036194
[Debug] actions_exp max:
0.9946117997169495
min:
-0.9979262948036194
[Debug] actions_exp max:
0.9946117997169495
min:
-0.9979262948036194
[Debug] actions_exp max:
0.9946117997169495
min:
-0.9979262948036194
[Debug] actions_exp max:
0.9946117997169495
min:
-0.9979262948036194
[Debug] actions_exp max:
0.9946117997169495
min:
-0.9979262948036194
Step 1301, t=1, state shape: (33,)
RolloutBuffer: _n=100, _p=1, total_size=100
Step 1302, t=1, state shape: (33,)
RolloutBuffer: _n=100, _p=2, total_size=100
Step 1303, t=1, state shape: (33,)
RolloutBuffer: _n=100, _p=3, total_size=100
Step 1304, t=1, state shape: (33,)
RolloutBuffer: _n=100, _p=4, total_size=100
Step 1305, t=1, state shape: (33,)
RolloutBuffer: _n=100, _p=5, total_size=100
Step 1306, t=1, state shape: (33,)
RolloutBuffer: _n=100, _p=6, total_size=100
Step 1307, t=1, state shape: (33,)
RolloutBuffer: _n=100, _p=7, total_size=100
Step 1308, t=1, state shape: (33,)
RolloutBuffer: _n=100, _p=8, total_size=100
Step 1309, t=1, state shape: (33,)
RolloutBuffer: _n=100, _p=9, total_size=100
Step 1310, t=1, state shape: (33,)
RolloutBuffer: _n=100, _p=10, total_size=100
Step 1311, t=1, state shape: (33,)
RolloutBuffer: _n=100, _p=11, total_size=100
Step 1312, t=1, state shape: (33,)
RolloutBuffer: _n=100, _p=12, total_size=100
Step 1313, t=1, state shape: (33,)
RolloutBuffer: _n=100, _p=13, total_size=100
Step 1314, t=1, state shape: (33,)
RolloutBuffer: _n=100, _p=14, total_size=100
Step 1315, t=1, state shape: (33,)
RolloutBuffer: _n=100, _p=15, total_size=100
Step 1316, t=1, state shape: (33,)
RolloutBuffer: _n=100, _p=16, total_size=100
Step 1317, t=1, state shape: (33,)
RolloutBuffer: _n=100, _p=17, total_size=100
Step 1318, t=1, state shape: (33,)
RolloutBuffer: _n=100, _p=18, total_size=100
Step 1319, t=1, state shape: (33,)
RolloutBuffer: _n=100, _p=19, total_size=100
Step 1320, t=1, state shape: (33,)
RolloutBuffer: _n=100, _p=20, total_size=100
Step 1321, t=1, state shape: (33,)
RolloutBuffer: _n=100, _p=21, total_size=100
Step 1322, t=1, state shape: (33,)
RolloutBuffer: _n=100, _p=22, total_size=100
Step 1323, t=1, state shape: (33,)
RolloutBuffer: _n=100, _p=23, total_size=100
Step 1324, t=1, state shape: (33,)
RolloutBuffer: _n=100, _p=24, total_size=100
Step 1325, t=1, state shape: (33,)
RolloutBuffer: _n=100, _p=25, total_size=100
Step 1326, t=1, state shape: (33,)
RolloutBuffer: _n=100, _p=26, total_size=100
Step 1327, t=1, state shape: (33,)
RolloutBuffer: _n=100, _p=27, total_size=100
Step 1328, t=1, state shape: (33,)
RolloutBuffer: _n=100, _p=28, total_size=100
Step 1329, t=1, state shape: (33,)
RolloutBuffer: _n=100, _p=29, total_size=100
Step 1330, t=1, state shape: (33,)
RolloutBuffer: _n=100, _p=30, total_size=100
Step 1331, t=1, state shape: (33,)
RolloutBuffer: _n=100, _p=31, total_size=100
Step 1332, t=1, state shape: (33,)
RolloutBuffer: _n=100, _p=32, total_size=100
Step 1333, t=1, state shape: (33,)
RolloutBuffer: _n=100, _p=33, total_size=100
Step 1334, t=1, state shape: (33,)
RolloutBuffer: _n=100, _p=34, total_size=100
Step 1335, t=1, state shape: (33,)
RolloutBuffer: _n=100, _p=35, total_size=100
Step 1336, t=1, state shape: (33,)
RolloutBuffer: _n=100, _p=36, total_size=100
Step 1337, t=1, state shape: (33,)
RolloutBuffer: _n=100, _p=37, total_size=100
Step 1338, t=1, state shape: (33,)
RolloutBuffer: _n=100, _p=38, total_size=100
Step 1339, t=1, state shape: (33,)
RolloutBuffer: _n=100, _p=39, total_size=100
Step 1340, t=1, state shape: (33,)
RolloutBuffer: _n=100, _p=40, total_size=100
Step 1341, t=1, state shape: (33,)
RolloutBuffer: _n=100, _p=41, total_size=100
Step 1342, t=1, state shape: (33,)
RolloutBuffer: _n=100, _p=42, total_size=100
Step 1343, t=1, state shape: (33,)
RolloutBuffer: _n=100, _p=43, total_size=100
Step 1344, t=1, state shape: (33,)
RolloutBuffer: _n=100, _p=44, total_size=100
Step 1345, t=1, state shape: (33,)
RolloutBuffer: _n=100, _p=45, total_size=100
Step 1346, t=1, state shape: (33,)
RolloutBuffer: _n=100, _p=46, total_size=100
Step 1347, t=1, state shape: (33,)
RolloutBuffer: _n=100, _p=47, total_size=100
Step 1348, t=1, state shape: (33,)
RolloutBuffer: _n=100, _p=48, total_size=100
Step 1349, t=1, state shape: (33,)
RolloutBuffer: _n=100, _p=49, total_size=100
Step 1350, t=1, state shape: (33,)
RolloutBuffer: _n=100, _p=50, total_size=100
Step 1351, t=1, state shape: (33,)
RolloutBuffer: _n=100, _p=51, total_size=100
Step 1352, t=1, state shape: (33,)
RolloutBuffer: _n=100, _p=52, total_size=100
Step 1353, t=1, state shape: (33,)
RolloutBuffer: _n=100, _p=53, total_size=100
Step 1354, t=1, state shape: (33,)
RolloutBuffer: _n=100, _p=54, total_size=100
Step 1355, t=1, state shape: (33,)
RolloutBuffer: _n=100, _p=55, total_size=100
Step 1356, t=1, state shape: (33,)
RolloutBuffer: _n=100, _p=56, total_size=100
Step 1357, t=1, state shape: (33,)
RolloutBuffer: _n=100, _p=57, total_size=100
Step 1358, t=1, state shape: (33,)
RolloutBuffer: _n=100, _p=58, total_size=100
Step 1359, t=1, state shape: (33,)
RolloutBuffer: _n=100, _p=59, total_size=100
Step 1360, t=1, state shape: (33,)
RolloutBuffer: _n=100, _p=60, total_size=100
Step 1361, t=1, state shape: (33,)
RolloutBuffer: _n=100, _p=61, total_size=100
Step 1362, t=1, state shape: (33,)
RolloutBuffer: _n=100, _p=62, total_size=100
Step 1363, t=1, state shape: (33,)
RolloutBuffer: _n=100, _p=63, total_size=100
Step 1364, t=1, state shape: (33,)
RolloutBuffer: _n=100, _p=64, total_size=100
Step 1365, t=1, state shape: (33,)
RolloutBuffer: _n=100, _p=65, total_size=100
Step 1366, t=1, state shape: (33,)
RolloutBuffer: _n=100, _p=66, total_size=100
Step 1367, t=1, state shape: (33,)
RolloutBuffer: _n=100, _p=67, total_size=100
Step 1368, t=1, state shape: (33,)
RolloutBuffer: _n=100, _p=68, total_size=100
Step 1369, t=1, state shape: (33,)
RolloutBuffer: _n=100, _p=69, total_size=100
Step 1370, t=1, state shape: (33,)
RolloutBuffer: _n=100, _p=70, total_size=100
Step 1371, t=1, state shape: (33,)
RolloutBuffer: _n=100, _p=71, total_size=100
Step 1372, t=1, state shape: (33,)
RolloutBuffer: _n=100, _p=72, total_size=100
Step 1373, t=1, state shape: (33,)
RolloutBuffer: _n=100, _p=73, total_size=100
Step 1374, t=1, state shape: (33,)
RolloutBuffer: _n=100, _p=74, total_size=100
Step 1375, t=1, state shape: (33,)
RolloutBuffer: _n=100, _p=75, total_size=100
Step 1376, t=1, state shape: (33,)
RolloutBuffer: _n=100, _p=76, total_size=100
Step 1377, t=1, state shape: (33,)
RolloutBuffer: _n=100, _p=77, total_size=100
Step 1378, t=1, state shape: (33,)
RolloutBuffer: _n=100, _p=78, total_size=100
Step 1379, t=1, state shape: (33,)
RolloutBuffer: _n=100, _p=79, total_size=100
Step 1380, t=1, state shape: (33,)
RolloutBuffer: _n=100, _p=80, total_size=100
Step 1381, t=1, state shape: (33,)
RolloutBuffer: _n=100, _p=81, total_size=100
Step 1382, t=1, state shape: (33,)
RolloutBuffer: _n=100, _p=82, total_size=100
Step 1383, t=1, state shape: (33,)
RolloutBuffer: _n=100, _p=83, total_size=100
Step 1384, t=1, state shape: (33,)
RolloutBuffer: _n=100, _p=84, total_size=100
Step 1385, t=1, state shape: (33,)
RolloutBuffer: _n=100, _p=85, total_size=100
Step 1386, t=1, state shape: (33,)
RolloutBuffer: _n=100, _p=86, total_size=100
Step 1387, t=1, state shape: (33,)
RolloutBuffer: _n=100, _p=87, total_size=100
Step 1388, t=1, state shape: (33,)
RolloutBuffer: _n=100, _p=88, total_size=100
Step 1389, t=1, state shape: (33,)
RolloutBuffer: _n=100, _p=89, total_size=100
Step 1390, t=1, state shape: (33,)
RolloutBuffer: _n=100, _p=90, total_size=100
Step 1391, t=1, state shape: (33,)
RolloutBuffer: _n=100, _p=91, total_size=100
Step 1392, t=1, state shape: (33,)
RolloutBuffer: _n=100, _p=92, total_size=100
Step 1393, t=1, state shape: (33,)
RolloutBuffer: _n=100, _p=93, total_size=100
Step 1394, t=1, state shape: (33,)
RolloutBuffer: _n=100, _p=94, total_size=100
Step 1395, t=1, state shape: (33,)
RolloutBuffer: _n=100, _p=95, total_size=100
Step 1396, t=1, state shape: (33,)
RolloutBuffer: _n=100, _p=96, total_size=100
Step 1397, t=1, state shape: (33,)
RolloutBuffer: _n=100, _p=97, total_size=100
Step 1398, t=1, state shape: (33,)
RolloutBuffer: _n=100, _p=98, total_size=100
Step 1399, t=1, state shape: (33,)
RolloutBuffer: _n=100, _p=99, total_size=100
Step 1400, t=1, state shape: (33,)
RolloutBuffer: _n=100, _p=0, total_size=100
[Debug] Log probabilities of current policy actions: tensor([[-11.0476],
        [-13.2160],
        [-13.2160],
        [-12.1358],
        [-13.0613],
        [-10.4872],
        [-12.4945],
        [-13.4627],
        [-12.1358],
        [-11.0706],
        [-13.8553],
        [-12.8327],
        [-11.8510],
        [-12.1358],
        [-11.1273],
        [-12.5703],
        [-12.8139],
        [-14.2245],
        [-12.1759],
        [-10.8090],
        [-10.3006],
        [-11.3279],
        [-13.0829],
        [-12.9110],
        [-12.8452],
        [-13.2058],
        [-13.2058],
        [-10.9934],
        [-10.8090],
        [-12.2431],
        [-12.1347],
        [-12.7846],
        [-10.7950],
        [-12.4432],
        [-13.0051],
        [-11.3841],
        [-12.3668],
        [-13.7459],
        [-10.9934],
        [-12.1742],
        [-10.7950],
        [-13.1086],
        [-10.3675],
        [-12.2665],
        [-11.2637],
        [-11.2452],
        [-13.7459],
        [-11.6792],
        [-12.8452],
        [-12.1759],
        [-10.3658],
        [-11.6310],
        [-10.1637],
        [-12.9021],
        [-12.2142],
        [-11.6792],
        [-11.3279],
        [-12.2658],
        [-11.8857],
        [-10.3658],
        [-12.1347],
        [-12.4345],
        [-11.8918],
        [-12.7846]], device='cuda:0')
[Debug] actions_exp max:
1.0000001192092896
min:
-1.0000001192092896
[Debug] Log probabilities of expert actions: tensor([[-12.4368],
        [-42.2632],
        [-13.9318],
        [-14.1954],
        [-14.0711],
        [-12.9608],
        [-13.7732],
        [-13.4177],
        [-14.0569],
        [-11.9958],
        [-14.1377],
        [-11.9169],
        [-28.9696],
        [-13.8626],
        [-28.8803],
        [-13.6961],
        [-13.5999],
        [-13.6304],
        [-10.6270],
        [-12.3084],
        [-12.2840],
        [-10.8511],
        [-13.4699],
        [-15.0913],
        [-11.7514],
        [-12.9204],
        [-12.1604],
        [-13.6186],
        [-27.9317],
        [-12.7035],
        [-14.1508],
        [-29.0428],
        [-14.0629],
        [-13.6150],
        [-12.1219],
        [-27.1571],
        [-14.0566],
        [-12.3562],
        [-11.9035],
        [-10.9607],
        [-28.9767],
        [-12.6258],
        [-26.1915],
        [-12.7067],
        [-13.6670],
        [-24.9693],
        [-13.7146],
        [-13.9191],
        [-14.1933],
        [-13.4805],
        [-13.6966],
        [-13.7790],
        [-27.1877],
        [-11.9449],
        [-10.6182],
        [-14.1965],
        [-27.7203],
        [-13.6893],
        [-13.7102],
        [-27.9232],
        [-12.1022],
        [-13.6811],
        [-13.1272],
        [-13.8078]], device='cuda:0')
[Debug] Log probabilities of current policy actions: tensor([[-12.4729],
        [-12.3012],
        [-13.8553],
        [-10.8090],
        [-13.0051],
        [-10.8090],
        [-13.0051],
        [-11.8857],
        [-10.1430],
        [-12.3202],
        [-11.2729],
        [-12.3668],
        [-12.5703],
        [-11.6929],
        [-12.8327],
        [-10.3006],
        [-12.9021],
        [-12.2675],
        [-11.9321],
        [-13.4641],
        [-11.6310],
        [-11.5502],
        [-10.4266],
        [-13.0383],
        [-12.4432],
        [-12.8139],
        [-11.9321],
        [-12.9021],
        [-11.3107],
        [-13.3428],
        [-10.3675],
        [-11.2452],
        [-12.5228],
        [-10.3006],
        [-11.0476],
        [-11.8857],
        [-11.2637],
        [-11.0476],
        [-13.2160],
        [-12.2273],
        [-12.5228],
        [-11.7347],
        [-12.8139],
        [-12.6415],
        [-11.2729],
        [-12.5703],
        [-11.9800],
        [-12.7846],
        [-13.2160],
        [-12.3312],
        [-12.7291],
        [-12.2273],
        [-11.8918],
        [-12.7926],
        [-11.4890],
        [-11.9261],
        [-12.9110],
        [-12.3012],
        [-11.9321],
        [-12.3960],
        [-12.3202],
        [-11.6358],
        [-10.3006],
        [-12.7846]], device='cuda:0')
[Debug] actions_exp max:
1.0000001192092896
min:
-1.0
[Debug] Log probabilities of expert actions: tensor([[-12.9689],
        [-13.7097],
        [-12.2019],
        [-13.3179],
        [-15.5478],
        [-42.3636],
        [-13.0478],
        [-29.2517],
        [-13.1272],
        [-12.0487],
        [-12.7067],
        [-11.8508],
        [-13.8208],
        [-28.0114],
        [-25.0071],
        [-13.6081],
        [-11.6898],
        [-10.8178],
        [-12.0567],
        [-18.9353],
        [-11.9337],
        [-13.1477],
        [-12.2838],
        [-13.2980],
        [-13.6927],
        [-12.4368],
        [-12.7824],
        [-29.2250],
        [-13.6811],
        [-26.7308],
        [-12.3878],
        [-12.2830],
        [-13.2309],
        [-31.8660],
        [-13.8905],
        [-28.1012],
        [-24.4741],
        [-15.4013],
        [-12.1874],
        [-15.0799],
        [-13.5369],
        [-15.8009],
        [-11.9345],
        [-12.2040],
        [-13.2160],
        [-29.2285],
        [-11.9763],
        [-12.2951],
        [-15.8188],
        [-12.7988],
        [-13.3381],
        [-13.6752],
        [-29.5676],
        [-24.5209],
        [-12.1790],
        [-12.1853],
        [-14.1140],
        [-12.9069],
        [-41.9244],
        [-13.4801],
        [-13.3199],
        [-41.9738],
        [-42.2632],
        [-13.1049]], device='cuda:0')
[Debug] Log probabilities of current policy actions: tensor([[-10.4266],
        [-11.8918],
        [-11.8310],
        [-11.3107],
        [-12.5802],
        [-11.5390],
        [-11.4890],
        [-12.1742],
        [-12.1389],
        [-11.0476],
        [-10.4266],
        [-11.1273],
        [-12.2431],
        [-11.9261],
        [-12.8452],
        [-12.5703],
        [-12.4345],
        [-12.4345],
        [-12.7291],
        [-12.6415],
        [-13.0829],
        [-13.0383],
        [-10.4872],
        [-10.4872],
        [-13.9150],
        [-12.5228],
        [-11.2729],
        [-11.3841],
        [-11.8310],
        [-10.3658],
        [-12.3202],
        [-10.3006],
        [-14.6881],
        [-11.6358],
        [-12.6415],
        [-11.8310],
        [-13.2058],
        [-11.2729],
        [-12.4945],
        [-12.5802],
        [-13.0613],
        [-12.4641],
        [-11.6929],
        [-10.4266],
        [-12.2665],
        [-11.0136],
        [-13.2058],
        [-12.5228],
        [-11.8294],
        [-11.0706],
        [-11.6929],
        [-11.6929],
        [-11.5390],
        [-12.2431],
        [-10.7950],
        [-11.0136],
        [-13.9150],
        [-11.9800],
        [-11.3279],
        [-11.4440],
        [-12.5703],
        [-10.1430],
        [-12.6152],
        [-12.5703]], device='cuda:0')
[Debug] actions_exp max:
1.0000001192092896
min:
-1.0
[Debug] Log probabilities of expert actions: tensor([[-12.6089],
        [-25.0429],
        [-13.4969],
        [-27.9353],
        [-27.1805],
        [-15.8479],
        [-42.0156],
        [-11.9406],
        [-13.2684],
        [-12.9496],
        [ -9.9136],
        [-12.3100],
        [-27.9118],
        [-11.9034],
        [-27.9158],
        [-15.8009],
        [-13.3129],
        [-27.2725],
        [-29.2270],
        [-13.3449],
        [-13.3492],
        [-13.6161],
        [-12.7358],
        [-13.7279],
        [-11.9403],
        [-27.4252],
        [-14.0918],
        [-13.2572],
        [-24.9693],
        [-11.6791],
        [-13.1002],
        [-12.2315],
        [-28.0442],
        [-13.2684],
        [-14.5058],
        [-13.6097],
        [-27.1877],
        [-13.7502],
        [-12.8767],
        [-13.5784],
        [-13.6236],
        [-12.3478],
        [-13.0478],
        [-14.0918],
        [-27.8602],
        [-12.9608],
        [-12.7143],
        [-13.5383],
        [-41.8634],
        [-13.7595],
        [-27.1877],
        [-13.0730],
        [-12.7809],
        [-12.9608],
        [-13.6178],
        [-27.4252],
        [-29.1008],
        [-14.3314],
        [-13.2587],
        [-14.1954],
        [-11.9243],
        [-29.1150],
        [-15.8804],
        [-12.2464]], device='cuda:0')
[Debug] Rewards: tensor([[12.0733],
        [13.0959],
        [12.4794],
        [11.9804],
        [13.6084],
        [11.6852],
        [11.5841],
        [12.0196],
        [10.1189],
        [12.1963],
        [11.4878],
        [13.4073],
        [12.3280],
        [12.3234],
        [11.2421],
        [12.0543],
        [13.9776],
        [12.8360],
        [10.8237],
        [12.8143],
        [11.1372],
        [12.3484],
        [11.4460],
        [12.7914],
        [12.5983],
        [12.4822],
        [12.7582],
        [11.4323],
        [ 9.8962],
        [12.3333],
        [11.2089],
        [11.0168],
        [12.1876],
        [11.0638],
        [13.6681],
        [10.2403],
        [12.2476],
        [11.6214],
        [11.9673],
        [10.5481],
        [11.8878],
        [11.6757],
        [12.9884],
        [12.0189],
        [11.3841],
        [12.0843],
        [11.9962],
        [12.2172],
        [12.6373],
        [11.8889],
        [12.2260],
        [12.5670],
        [11.9273],
        [ 9.9169],
        [12.1491],
        [11.9290],
        [10.7667],
        [12.1199],
        [12.9690],
        [12.3683],
        [11.7331],
        [10.0538],
        [12.0206],
        [10.1206],
        [11.6449],
        [11.5746],
        [10.7465],
        [10.1797],
        [13.4990],
        [11.0260],
        [12.6641],
        [11.3889],
        [11.5825],
        [12.3946],
        [13.2158],
        [10.5621],
        [11.6388],
        [11.6962],
        [12.5457],
        [11.6041],
        [11.1971],
        [12.5377],
        [13.2172],
        [12.8617],
        [12.2759],
        [11.2921],
        [11.8920],
        [11.6792],
        [12.5858],
        [14.4412],
        [12.6552],
        [10.8007],
        [11.3033],
        [12.9589],
        [10.8804],
        [11.8894],
        [10.9983],
        [10.7953],
        [11.0810],
        [12.8698]], device='cuda:0')
[Debug] Reward mean: 11.9095, std: 0.9236
[Debug] actions_exp max:
0.9993459582328796
min:
-0.997380793094635
[Debug] actions_exp max:
0.9993459582328796
min:
-0.997380793094635
[Debug] actions_exp max:
0.9993459582328796
min:
-0.997380793094635
[Debug] actions_exp max:
0.9993459582328796
min:
-0.997380793094635
[Debug] actions_exp max:
0.9993459582328796
min:
-0.997380793094635
[Debug] actions_exp max:
0.9993459582328796
min:
-0.997380793094635
[Debug] actions_exp max:
0.9993459582328796
min:
-0.997380793094635
[Debug] actions_exp max:
0.9993459582328796
min:
-0.997380793094635
[Debug] actions_exp max:
0.9993459582328796
min:
-0.997380793094635
[Debug] actions_exp max:
0.9993459582328796
min:
-0.997380793094635
[Debug] actions_exp max:
0.9993459582328796
min:
-0.997380793094635
[Debug] actions_exp max:
0.9993459582328796
min:
-0.997380793094635
[Debug] actions_exp max:
0.9993459582328796
min:
-0.997380793094635
[Debug] actions_exp max:
0.9993459582328796
min:
-0.997380793094635
[Debug] actions_exp max:
0.9993459582328796
min:
-0.997380793094635
[Debug] actions_exp max:
0.9993459582328796
min:
-0.997380793094635
[Debug] actions_exp max:
0.9993459582328796
min:
-0.997380793094635
[Debug] actions_exp max:
0.9993459582328796
min:
-0.997380793094635
[Debug] actions_exp max:
0.9993459582328796
min:
-0.997380793094635
[Debug] actions_exp max:
0.9993459582328796
min:
-0.997380793094635
[Debug] actions_exp max:
0.9993459582328796
min:
-0.997380793094635
[Debug] actions_exp max:
0.9993459582328796
min:
-0.997380793094635
[Debug] actions_exp max:
0.9993459582328796
min:
-0.997380793094635
[Debug] actions_exp max:
0.9993459582328796
min:
-0.997380793094635
[Debug] actions_exp max:
0.9993459582328796
min:
-0.997380793094635
[Debug] actions_exp max:
0.9993459582328796
min:
-0.997380793094635
[Debug] actions_exp max:
0.9993459582328796
min:
-0.997380793094635
[Debug] actions_exp max:
0.9993459582328796
min:
-0.997380793094635
[Debug] actions_exp max:
0.9993459582328796
min:
-0.997380793094635
[Debug] actions_exp max:
0.9993459582328796
min:
-0.997380793094635
[Debug] actions_exp max:
0.9993459582328796
min:
-0.997380793094635
[Debug] actions_exp max:
0.9993459582328796
min:
-0.997380793094635
[Debug] actions_exp max:
0.9993459582328796
min:
-0.997380793094635
[Debug] actions_exp max:
0.9993459582328796
min:
-0.997380793094635
[Debug] actions_exp max:
0.9993459582328796
min:
-0.997380793094635
[Debug] actions_exp max:
0.9993459582328796
min:
-0.997380793094635
[Debug] actions_exp max:
0.9993459582328796
min:
-0.997380793094635
[Debug] actions_exp max:
0.9993459582328796
min:
-0.997380793094635
[Debug] actions_exp max:
0.9993459582328796
min:
-0.997380793094635
[Debug] actions_exp max:
0.9993459582328796
min:
-0.997380793094635
[Debug] actions_exp max:
0.9993459582328796
min:
-0.997380793094635
[Debug] actions_exp max:
0.9993459582328796
min:
-0.997380793094635
[Debug] actions_exp max:
0.9993459582328796
min:
-0.997380793094635
[Debug] actions_exp max:
0.9993459582328796
min:
-0.997380793094635
[Debug] actions_exp max:
0.9993459582328796
min:
-0.997380793094635
[Debug] actions_exp max:
0.9993459582328796
min:
-0.997380793094635
[Debug] actions_exp max:
0.9993459582328796
min:
-0.997380793094635
[Debug] actions_exp max:
0.9993459582328796
min:
-0.997380793094635
[Debug] actions_exp max:
0.9993459582328796
min:
-0.997380793094635
[Debug] actions_exp max:
0.9993459582328796
min:
-0.997380793094635
Step 1401, t=1, state shape: (33,)
RolloutBuffer: _n=100, _p=1, total_size=100
Step 1402, t=1, state shape: (33,)
RolloutBuffer: _n=100, _p=2, total_size=100
Step 1403, t=1, state shape: (33,)
RolloutBuffer: _n=100, _p=3, total_size=100
Step 1404, t=1, state shape: (33,)
RolloutBuffer: _n=100, _p=4, total_size=100
Step 1405, t=1, state shape: (33,)
RolloutBuffer: _n=100, _p=5, total_size=100
Step 1406, t=1, state shape: (33,)
RolloutBuffer: _n=100, _p=6, total_size=100
Step 1407, t=1, state shape: (33,)
RolloutBuffer: _n=100, _p=7, total_size=100
Step 1408, t=1, state shape: (33,)
RolloutBuffer: _n=100, _p=8, total_size=100
Step 1409, t=1, state shape: (33,)
RolloutBuffer: _n=100, _p=9, total_size=100
Step 1410, t=1, state shape: (33,)
RolloutBuffer: _n=100, _p=10, total_size=100
Step 1411, t=1, state shape: (33,)
RolloutBuffer: _n=100, _p=11, total_size=100
Step 1412, t=1, state shape: (33,)
RolloutBuffer: _n=100, _p=12, total_size=100
Step 1413, t=1, state shape: (33,)
RolloutBuffer: _n=100, _p=13, total_size=100
Step 1414, t=1, state shape: (33,)
RolloutBuffer: _n=100, _p=14, total_size=100
Step 1415, t=1, state shape: (33,)
RolloutBuffer: _n=100, _p=15, total_size=100
Step 1416, t=1, state shape: (33,)
RolloutBuffer: _n=100, _p=16, total_size=100
Step 1417, t=1, state shape: (33,)
RolloutBuffer: _n=100, _p=17, total_size=100
Step 1418, t=1, state shape: (33,)
RolloutBuffer: _n=100, _p=18, total_size=100
Step 1419, t=1, state shape: (33,)
RolloutBuffer: _n=100, _p=19, total_size=100
Step 1420, t=1, state shape: (33,)
RolloutBuffer: _n=100, _p=20, total_size=100
Step 1421, t=1, state shape: (33,)
RolloutBuffer: _n=100, _p=21, total_size=100
Step 1422, t=1, state shape: (33,)
RolloutBuffer: _n=100, _p=22, total_size=100
Step 1423, t=1, state shape: (33,)
RolloutBuffer: _n=100, _p=23, total_size=100
Step 1424, t=1, state shape: (33,)
RolloutBuffer: _n=100, _p=24, total_size=100
Step 1425, t=1, state shape: (33,)
RolloutBuffer: _n=100, _p=25, total_size=100
Step 1426, t=1, state shape: (33,)
RolloutBuffer: _n=100, _p=26, total_size=100
Step 1427, t=1, state shape: (33,)
RolloutBuffer: _n=100, _p=27, total_size=100
Step 1428, t=1, state shape: (33,)
RolloutBuffer: _n=100, _p=28, total_size=100
Step 1429, t=1, state shape: (33,)
RolloutBuffer: _n=100, _p=29, total_size=100
Step 1430, t=1, state shape: (33,)
RolloutBuffer: _n=100, _p=30, total_size=100
Step 1431, t=1, state shape: (33,)
RolloutBuffer: _n=100, _p=31, total_size=100
Step 1432, t=1, state shape: (33,)
RolloutBuffer: _n=100, _p=32, total_size=100
Step 1433, t=1, state shape: (33,)
RolloutBuffer: _n=100, _p=33, total_size=100
Step 1434, t=1, state shape: (33,)
RolloutBuffer: _n=100, _p=34, total_size=100
Step 1435, t=1, state shape: (33,)
RolloutBuffer: _n=100, _p=35, total_size=100
Step 1436, t=1, state shape: (33,)
RolloutBuffer: _n=100, _p=36, total_size=100
Step 1437, t=1, state shape: (33,)
RolloutBuffer: _n=100, _p=37, total_size=100
Step 1438, t=1, state shape: (33,)
RolloutBuffer: _n=100, _p=38, total_size=100
Step 1439, t=1, state shape: (33,)
RolloutBuffer: _n=100, _p=39, total_size=100
Step 1440, t=1, state shape: (33,)
RolloutBuffer: _n=100, _p=40, total_size=100
Step 1441, t=1, state shape: (33,)
RolloutBuffer: _n=100, _p=41, total_size=100
Step 1442, t=1, state shape: (33,)
RolloutBuffer: _n=100, _p=42, total_size=100
Step 1443, t=1, state shape: (33,)
RolloutBuffer: _n=100, _p=43, total_size=100
Step 1444, t=1, state shape: (33,)
RolloutBuffer: _n=100, _p=44, total_size=100
Step 1445, t=1, state shape: (33,)
RolloutBuffer: _n=100, _p=45, total_size=100
Step 1446, t=1, state shape: (33,)
RolloutBuffer: _n=100, _p=46, total_size=100
Step 1447, t=1, state shape: (33,)
RolloutBuffer: _n=100, _p=47, total_size=100
Step 1448, t=1, state shape: (33,)
RolloutBuffer: _n=100, _p=48, total_size=100
Step 1449, t=1, state shape: (33,)
RolloutBuffer: _n=100, _p=49, total_size=100
Step 1450, t=1, state shape: (33,)
RolloutBuffer: _n=100, _p=50, total_size=100
Step 1451, t=1, state shape: (33,)
RolloutBuffer: _n=100, _p=51, total_size=100
Step 1452, t=1, state shape: (33,)
RolloutBuffer: _n=100, _p=52, total_size=100
Step 1453, t=1, state shape: (33,)
RolloutBuffer: _n=100, _p=53, total_size=100
Step 1454, t=1, state shape: (33,)
RolloutBuffer: _n=100, _p=54, total_size=100
Step 1455, t=1, state shape: (33,)
RolloutBuffer: _n=100, _p=55, total_size=100
Step 1456, t=1, state shape: (33,)
RolloutBuffer: _n=100, _p=56, total_size=100
Step 1457, t=1, state shape: (33,)
RolloutBuffer: _n=100, _p=57, total_size=100
Step 1458, t=1, state shape: (33,)
RolloutBuffer: _n=100, _p=58, total_size=100
Step 1459, t=1, state shape: (33,)
RolloutBuffer: _n=100, _p=59, total_size=100
Step 1460, t=1, state shape: (33,)
RolloutBuffer: _n=100, _p=60, total_size=100
Step 1461, t=1, state shape: (33,)
RolloutBuffer: _n=100, _p=61, total_size=100
Step 1462, t=1, state shape: (33,)
RolloutBuffer: _n=100, _p=62, total_size=100
Step 1463, t=1, state shape: (33,)
RolloutBuffer: _n=100, _p=63, total_size=100
Step 1464, t=1, state shape: (33,)
RolloutBuffer: _n=100, _p=64, total_size=100
Step 1465, t=1, state shape: (33,)
RolloutBuffer: _n=100, _p=65, total_size=100
Step 1466, t=1, state shape: (33,)
RolloutBuffer: _n=100, _p=66, total_size=100
Step 1467, t=1, state shape: (33,)
RolloutBuffer: _n=100, _p=67, total_size=100
Step 1468, t=1, state shape: (33,)
RolloutBuffer: _n=100, _p=68, total_size=100
Step 1469, t=1, state shape: (33,)
RolloutBuffer: _n=100, _p=69, total_size=100
Step 1470, t=1, state shape: (33,)
RolloutBuffer: _n=100, _p=70, total_size=100
Step 1471, t=1, state shape: (33,)
RolloutBuffer: _n=100, _p=71, total_size=100
Step 1472, t=1, state shape: (33,)
RolloutBuffer: _n=100, _p=72, total_size=100
Step 1473, t=1, state shape: (33,)
RolloutBuffer: _n=100, _p=73, total_size=100
Step 1474, t=1, state shape: (33,)
RolloutBuffer: _n=100, _p=74, total_size=100
Step 1475, t=1, state shape: (33,)
RolloutBuffer: _n=100, _p=75, total_size=100
Step 1476, t=1, state shape: (33,)
RolloutBuffer: _n=100, _p=76, total_size=100
Step 1477, t=1, state shape: (33,)
RolloutBuffer: _n=100, _p=77, total_size=100
Step 1478, t=1, state shape: (33,)
RolloutBuffer: _n=100, _p=78, total_size=100
Step 1479, t=1, state shape: (33,)
RolloutBuffer: _n=100, _p=79, total_size=100
Step 1480, t=1, state shape: (33,)
RolloutBuffer: _n=100, _p=80, total_size=100
Step 1481, t=1, state shape: (33,)
RolloutBuffer: _n=100, _p=81, total_size=100
Step 1482, t=1, state shape: (33,)
RolloutBuffer: _n=100, _p=82, total_size=100
Step 1483, t=1, state shape: (33,)
RolloutBuffer: _n=100, _p=83, total_size=100
Step 1484, t=1, state shape: (33,)
RolloutBuffer: _n=100, _p=84, total_size=100
Step 1485, t=1, state shape: (33,)
RolloutBuffer: _n=100, _p=85, total_size=100
Step 1486, t=1, state shape: (33,)
RolloutBuffer: _n=100, _p=86, total_size=100
Step 1487, t=1, state shape: (33,)
RolloutBuffer: _n=100, _p=87, total_size=100
Step 1488, t=1, state shape: (33,)
RolloutBuffer: _n=100, _p=88, total_size=100
Step 1489, t=1, state shape: (33,)
RolloutBuffer: _n=100, _p=89, total_size=100
Step 1490, t=1, state shape: (33,)
RolloutBuffer: _n=100, _p=90, total_size=100
Step 1491, t=1, state shape: (33,)
RolloutBuffer: _n=100, _p=91, total_size=100
Step 1492, t=1, state shape: (33,)
RolloutBuffer: _n=100, _p=92, total_size=100
Step 1493, t=1, state shape: (33,)
RolloutBuffer: _n=100, _p=93, total_size=100
Step 1494, t=1, state shape: (33,)
RolloutBuffer: _n=100, _p=94, total_size=100
Step 1495, t=1, state shape: (33,)
RolloutBuffer: _n=100, _p=95, total_size=100
Step 1496, t=1, state shape: (33,)
RolloutBuffer: _n=100, _p=96, total_size=100
Step 1497, t=1, state shape: (33,)
RolloutBuffer: _n=100, _p=97, total_size=100
Step 1498, t=1, state shape: (33,)
RolloutBuffer: _n=100, _p=98, total_size=100
Step 1499, t=1, state shape: (33,)
RolloutBuffer: _n=100, _p=99, total_size=100
Step 1500, t=1, state shape: (33,)
RolloutBuffer: _n=100, _p=0, total_size=100
[Debug] Log probabilities of current policy actions: tensor([[-12.3069],
        [ -9.5492],
        [-12.6844],
        [-11.8175],
        [-13.8666],
        [-12.4308],
        [-10.1437],
        [-11.5721],
        [-11.4501],
        [-13.4280],
        [-12.7642],
        [-12.4239],
        [-13.1478],
        [-12.2988],
        [-11.6849],
        [-12.1876],
        [-12.9323],
        [-12.8641],
        [-11.8373],
        [-10.3524],
        [-10.3524],
        [-12.1688],
        [-12.5679],
        [-13.4280],
        [-11.8569],
        [-11.5999],
        [-13.2019],
        [-11.1288],
        [-13.6584],
        [-11.9947],
        [-12.9904],
        [-10.3524],
        [-12.3704],
        [-13.0341],
        [-13.4098],
        [-13.9413],
        [-12.4239],
        [-13.8666],
        [-13.2211],
        [-11.9898],
        [-11.7445],
        [-12.4441],
        [-12.0736],
        [-11.9158],
        [-12.3549],
        [-12.2643],
        [-12.0732],
        [-12.6844],
        [-12.3765],
        [-12.3930],
        [-12.3765],
        [-12.8814],
        [-11.5721],
        [-12.1274],
        [-12.3765],
        [-12.8814],
        [-12.7521],
        [-10.9554],
        [-11.4501],
        [-12.9508],
        [-12.3930],
        [-11.9781],
        [-12.9323],
        [-12.3287]], device='cuda:0')
[Debug] actions_exp max:
1.0
min:
-1.0
[Debug] Log probabilities of expert actions: tensor([[-11.8702],
        [-12.2501],
        [-12.3062],
        [-10.8767],
        [-13.9896],
        [-12.5421],
        [-13.0421],
        [-12.2294],
        [-29.3925],
        [-13.3709],
        [-13.4006],
        [-11.8369],
        [-13.0421],
        [-13.7383],
        [-14.0447],
        [-14.2569],
        [-14.0595],
        [-12.5864],
        [-14.0655],
        [-12.4688],
        [-12.3185],
        [-13.9493],
        [-14.5238],
        [-12.5285],
        [-12.5171],
        [-28.7617],
        [-13.5485],
        [-12.8565],
        [-13.0490],
        [-13.7076],
        [-12.4521],
        [-14.0364],
        [-13.2481],
        [-15.8943],
        [-28.4405],
        [-10.6678],
        [-14.1872],
        [-12.8976],
        [-13.7053],
        [-13.4582],
        [-13.7104],
        [-14.5238],
        [-11.9134],
        [-15.2178],
        [-13.0421],
        [-12.6625],
        [-29.9013],
        [-24.4407],
        [-12.4783],
        [-13.8925],
        [-13.8781],
        [-13.5119],
        [-14.2493],
        [-27.5506],
        [-11.6509],
        [-26.2965],
        [-27.5263],
        [-12.9376],
        [-12.6236],
        [-14.4374],
        [-14.1563],
        [-29.5583],
        [-13.6102],
        [-13.5414]], device='cuda:0')
[Debug] Log probabilities of current policy actions: tensor([[-12.3765],
        [-12.1282],
        [-11.9849],
        [-12.2988],
        [-13.8666],
        [-12.4239],
        [-13.3370],
        [-11.9551],
        [-12.9323],
        [-13.8666],
        [-12.2236],
        [-12.8814],
        [-11.7445],
        [-11.8529],
        [-13.6017],
        [-11.6849],
        [-11.1978],
        [-12.0884],
        [-12.0884],
        [-12.9988],
        [-11.1978],
        [-11.5692],
        [-11.5721],
        [-13.6017],
        [ -9.5492],
        [-12.3743],
        [-13.2211],
        [-12.3069],
        [-10.3461],
        [-12.7406],
        [-12.7642],
        [-12.3589],
        [-12.5764],
        [-10.3524],
        [-10.9241],
        [-12.3589],
        [-11.9158],
        [-11.9551],
        [-12.3549],
        [-11.9947],
        [-12.1876],
        [-12.7521],
        [-10.9633],
        [-12.3549],
        [-13.3370],
        [-13.0114],
        [-12.5786],
        [-11.9898],
        [-12.0732],
        [-10.3524],
        [-12.2988],
        [-11.5721],
        [-13.9413],
        [-10.3524],
        [-10.6766],
        [-15.0848],
        [-11.9947],
        [-13.1478],
        [-12.9878],
        [-13.0074],
        [-12.4441],
        [-12.0884],
        [-11.5999],
        [-10.9633]], device='cuda:0')
[Debug] actions_exp max:
1.0000001192092896
min:
-1.0
[Debug] Log probabilities of expert actions: tensor([[-12.4090],
        [-12.3809],
        [-13.1043],
        [-14.1825],
        [-13.7529],
        [-13.2790],
        [-14.6853],
        [-28.4382],
        [-12.5628],
        [-11.6301],
        [-10.6081],
        [-12.5115],
        [-13.7545],
        [-14.4579],
        [-13.5501],
        [ -9.9486],
        [-12.3137],
        [-10.0161],
        [-12.5285],
        [-10.5606],
        [-11.9864],
        [-12.2633],
        [-13.9722],
        [-12.1714],
        [-13.6237],
        [-14.3908],
        [-14.8587],
        [-12.5126],
        [-13.5908],
        [-13.0431],
        [-14.0447],
        [-14.0022],
        [-13.6865],
        [-13.1484],
        [-12.1114],
        [-13.4097],
        [-13.6458],
        [-13.2123],
        [-12.5714],
        [-12.9604],
        [-12.7016],
        [-13.4317],
        [-27.5668],
        [-13.2153],
        [-15.8960],
        [-42.9358],
        [-12.5259],
        [-12.5476],
        [-14.2666],
        [-13.4015],
        [-14.1478],
        [-12.2708],
        [-15.8957],
        [-29.5587],
        [-29.5251],
        [-29.6180],
        [-11.4927],
        [-12.1519],
        [-13.6646],
        [-12.8312],
        [-13.2166],
        [-12.0931],
        [-12.1744],
        [-29.5125]], device='cuda:0')
[Debug] Log probabilities of current policy actions: tensor([[-12.0610],
        [-11.8373],
        [-12.4239],
        [-11.5999],
        [-12.3930],
        [-11.8569],
        [-12.7642],
        [ -9.8779],
        [-13.0074],
        [-13.6723],
        [-10.6766],
        [-11.5999],
        [-12.3765],
        [ -9.8779],
        [-12.2421],
        [-11.1288],
        [-12.6844],
        [-12.5956],
        [-12.5052],
        [-12.3743],
        [-11.1978],
        [-11.9551],
        [-11.1288],
        [-11.1978],
        [-13.0074],
        [-12.2236],
        [-12.8641],
        [-12.3287],
        [-11.8278],
        [-12.2643],
        [-12.4441],
        [-12.9508],
        [-12.4641],
        [-13.8666],
        [-12.9878],
        [-10.3461],
        [-12.4308],
        [-13.4280],
        [-12.1282],
        [-11.2567],
        [-11.8373],
        [-11.8278],
        [-12.9323],
        [-13.3344],
        [-11.7445],
        [-12.3287],
        [-12.9904],
        [-10.3524],
        [-10.8331],
        [-13.3344],
        [-11.8569],
        [-12.8641],
        [-12.0962],
        [-12.1688],
        [-12.3765],
        [-13.6017],
        [-11.5692],
        [-12.8641],
        [-10.9554],
        [-10.6766],
        [ -9.5492],
        [-12.0962],
        [-12.9988],
        [-12.3743]], device='cuda:0')
[Debug] actions_exp max:
1.0000001192092896
min:
-1.0
[Debug] Log probabilities of expert actions: tensor([[-15.1879],
        [-12.1188],
        [-14.4384],
        [-13.6277],
        [-27.8619],
        [-11.6374],
        [-12.4007],
        [-24.6616],
        [-13.9069],
        [-12.0947],
        [-27.4562],
        [-13.6277],
        [-29.6403],
        [-11.9864],
        [-13.0040],
        [-28.7434],
        [-42.9367],
        [-12.3054],
        [-13.6066],
        [-12.5223],
        [-13.6996],
        [-16.7856],
        [-13.9842],
        [-32.2489],
        [-14.0655],
        [-12.5909],
        [-14.0412],
        [-13.9457],
        [-27.5668],
        [-29.9131],
        [-12.1896],
        [-11.6833],
        [-13.8539],
        [-12.6344],
        [-27.7811],
        [-27.7815],
        [-13.5718],
        [-13.8799],
        [-28.6511],
        [-13.3934],
        [-27.5668],
        [-62.8348],
        [-12.6827],
        [-42.9367],
        [-12.0761],
        [-13.0369],
        [-11.9583],
        [-12.6202],
        [-14.5672],
        [-11.4953],
        [-12.1360],
        [-12.6982],
        [-12.1356],
        [-12.4084],
        [-14.0909],
        [-14.0731],
        [-24.6329],
        [-14.1009],
        [-12.9247],
        [-13.0217],
        [-14.0731],
        [-32.2602],
        [-13.5808],
        [-12.7391]], device='cuda:0')
[Debug] Rewards: tensor([[11.7060],
        [11.5269],
        [12.0702],
        [12.5926],
        [11.7997],
        [12.3898],
        [11.3962],
        [11.2780],
        [13.3697],
        [11.7011],
        [13.0482],
        [12.4755],
        [10.0637],
        [11.5495],
        [11.9534],
        [12.7454],
        [13.3835],
        [12.6342],
        [10.6746],
        [12.7227],
        [12.0816],
        [11.5288],
        [12.0856],
        [13.1211],
        [12.8590],
        [11.7723],
        [10.0574],
        [12.2898],
        [12.0399],
        [ 9.2605],
        [11.6894],
        [11.9348],
        [12.7016],
        [12.0878],
        [10.6667],
        [12.0661],
        [11.4343],
        [12.2791],
        [11.7845],
        [11.8074],
        [10.8401],
        [12.6435],
        [11.5642],
        [12.6621],
        [10.6088],
        [11.8801],
        [12.3069],
        [11.5486],
        [ 9.5892],
        [12.0181],
        [11.8387],
        [11.8395],
        [11.6962],
        [12.9132],
        [12.1352],
        [12.7421],
        [12.4519],
        [11.5390],
        [12.3207],
        [14.7960],
        [12.5754],
        [11.8989],
        [13.6526],
        [12.7101],
        [10.9091],
        [12.3957],
        [10.3879],
        [12.0298],
        [12.1754],
        [12.0100],
        [11.7848],
        [13.0457],
        [11.3112],
        [11.5681],
        [12.3514],
        [11.7508],
        [11.6664],
        [12.4634],
        [ 9.8550],
        [11.1613],
        [10.6354],
        [13.5778],
        [13.1393],
        [11.9756],
        [10.9679],
        [12.2877],
        [11.2834],
        [12.9324],
        [10.5444],
        [12.1420],
        [11.3584],
        [11.6271],
        [12.7187],
        [12.6990],
        [13.3129],
        [12.2165],
        [12.1554],
        [12.1042],
        [11.4557],
        [11.2804]], device='cuda:0')
[Debug] Reward mean: 11.9468, std: 0.9010
[Debug] actions_exp max:
0.9984301328659058
min:
-0.9979320764541626
[Debug] actions_exp max:
0.9984301328659058
min:
-0.9979320764541626
[Debug] actions_exp max:
0.9984301328659058
min:
-0.9979320764541626
[Debug] actions_exp max:
0.9984301328659058
min:
-0.9979320764541626
[Debug] actions_exp max:
0.9984301328659058
min:
-0.9979320764541626
[Debug] actions_exp max:
0.9984301328659058
min:
-0.9979320764541626
[Debug] actions_exp max:
0.9984301328659058
min:
-0.9979320764541626
[Debug] actions_exp max:
0.9984301328659058
min:
-0.9979320764541626
[Debug] actions_exp max:
0.9984301328659058
min:
-0.9979320764541626
[Debug] actions_exp max:
0.9984301328659058
min:
-0.9979320764541626
[Debug] actions_exp max:
0.9984301328659058
min:
-0.9979320764541626
[Debug] actions_exp max:
0.9984301328659058
min:
-0.9979320764541626
[Debug] actions_exp max:
0.9984301328659058
min:
-0.9979320764541626
[Debug] actions_exp max:
0.9984301328659058
min:
-0.9979320764541626
[Debug] actions_exp max:
0.9984301328659058
min:
-0.9979320764541626
[Debug] actions_exp max:
0.9984301328659058
min:
-0.9979320764541626
[Debug] actions_exp max:
0.9984301328659058
min:
-0.9979320764541626
[Debug] actions_exp max:
0.9984301328659058
min:
-0.9979320764541626
[Debug] actions_exp max:
0.9984301328659058
min:
-0.9979320764541626
[Debug] actions_exp max:
0.9984301328659058
min:
-0.9979320764541626
[Debug] actions_exp max:
0.9984301328659058
min:
-0.9979320764541626
[Debug] actions_exp max:
0.9984301328659058
min:
-0.9979320764541626
[Debug] actions_exp max:
0.9984301328659058
min:
-0.9979320764541626
[Debug] actions_exp max:
0.9984301328659058
min:
-0.9979320764541626
[Debug] actions_exp max:
0.9984301328659058
min:
-0.9979320764541626
[Debug] actions_exp max:
0.9984301328659058
min:
-0.9979320764541626
[Debug] actions_exp max:
0.9984301328659058
min:
-0.9979320764541626
[Debug] actions_exp max:
0.9984301328659058
min:
-0.9979320764541626
[Debug] actions_exp max:
0.9984301328659058
min:
-0.9979320764541626
[Debug] actions_exp max:
0.9984301328659058
min:
-0.9979320764541626
[Debug] actions_exp max:
0.9984301328659058
min:
-0.9979320764541626
[Debug] actions_exp max:
0.9984301328659058
min:
-0.9979320764541626
[Debug] actions_exp max:
0.9984301328659058
min:
-0.9979320764541626
[Debug] actions_exp max:
0.9984301328659058
min:
-0.9979320764541626
[Debug] actions_exp max:
0.9984301328659058
min:
-0.9979320764541626
[Debug] actions_exp max:
0.9984301328659058
min:
-0.9979320764541626
[Debug] actions_exp max:
0.9984301328659058
min:
-0.9979320764541626
[Debug] actions_exp max:
0.9984301328659058
min:
-0.9979320764541626
[Debug] actions_exp max:
0.9984301328659058
min:
-0.9979320764541626
[Debug] actions_exp max:
0.9984301328659058
min:
-0.9979320764541626
[Debug] actions_exp max:
0.9984301328659058
min:
-0.9979320764541626
[Debug] actions_exp max:
0.9984301328659058
min:
-0.9979320764541626
[Debug] actions_exp max:
0.9984301328659058
min:
-0.9979320764541626
[Debug] actions_exp max:
0.9984301328659058
min:
-0.9979320764541626
[Debug] actions_exp max:
0.9984301328659058
min:
-0.9979320764541626
[Debug] actions_exp max:
0.9984301328659058
min:
-0.9979320764541626
[Debug] actions_exp max:
0.9984301328659058
min:
-0.9979320764541626
[Debug] actions_exp max:
0.9984301328659058
min:
-0.9979320764541626
[Debug] actions_exp max:
0.9984301328659058
min:
-0.9979320764541626
[Debug] actions_exp max:
0.9984301328659058
min:
-0.9979320764541626
Num steps: 1500     Return: 0.0     Time: 0:22:45
Models saved to logs/Medauroidea/airl/20250715-2020/model
