5.261549658203124036e-01,2.300969238281249662e-01,-1.017028403320312302e+00,3.067958984374999885e-03,7.516499511718749416e-02,-1.001688608398437319e+00,-7.086985253906249449e-01,2.193590673828124671e-01,-1.009358505859374810e+00,-5.184850683593749121e-01,-2.009513134765624764e-01,1.015494423828124937e+00,3.067958984374999885e-03,-7.056305664062499650e-02,1.001688608398437319e+00,6.887567919921874227e-01,-2.699803906249999552e-01,1.004756567382812493e+00
5.276889453124999907e-01,2.300969238281249662e-01,-1.017028403320312302e+00,3.067958984374999885e-03,7.516499511718749416e-02,-1.001688608398437319e+00,-7.086985253906249449e-01,2.193590673828124671e-01,-1.009358505859374810e+00,-5.184850683593749121e-01,-2.009513134765624764e-01,1.015494423828124937e+00,3.067958984374999885e-03,-6.902907714843749265e-02,1.001688608398437319e+00,6.902907714843748987e-01,-2.699803906249999552e-01,1.004756567382812493e+00
5.276889453124999907e-01,2.300969238281249662e-01,-1.017028403320312302e+00,3.067958984374999885e-03,7.363101562499999031e-02,-1.001688608398437319e+00,-7.086985253906249449e-01,2.193590673828124671e-01,-1.009358505859374810e+00,-5.184850683593749121e-01,-2.009513134765624764e-01,1.015494423828124937e+00,3.067958984374999885e-03,-7.056305664062499650e-02,1.003222587890624906e+00,6.887567919921874227e-01,-2.699803906249999552e-01,1.004756567382812493e+00
5.261549658203124036e-01,2.300969238281249662e-01,-1.018562382812499889e+00,3.067958984374999885e-03,7.363101562499999031e-02,-1.001688608398437319e+00,-7.086985253906249449e-01,2.193590673828124671e-01,-1.007824526367187445e+00,-5.184850683593749121e-01,-2.024852929687499803e-01,1.015494423828124937e+00,3.067958984374999885e-03,-7.056305664062499650e-02,1.001688608398437319e+00,6.902907714843748987e-01,-2.699803906249999552e-01,1.004756567382812493e+00
5.261549658203124036e-01,2.300969238281249662e-01,-1.017028403320312302e+00,3.067958984374999885e-03,7.516499511718749416e-02,-1.001688608398437319e+00,-7.086985253906249449e-01,2.193590673828124671e-01,-1.007824526367187445e+00,-5.200190478515624992e-01,-2.009513134765624764e-01,1.015494423828124937e+00,3.067958984374999885e-03,-7.056305664062499650e-02,1.001688608398437319e+00,6.902907714843748987e-01,-2.699803906249999552e-01,1.004756567382812493e+00
5.276889453124999907e-01,2.300969238281249662e-01,-1.017028403320312302e+00,3.067958984374999885e-03,7.516499511718749416e-02,-1.001688608398437319e+00,-7.086985253906249449e-01,2.193590673828124671e-01,-1.007824526367187445e+00,-5.184850683593749121e-01,-2.009513134765624764e-01,1.015494423828124937e+00,3.067958984374999885e-03,-7.056305664062499650e-02,1.003222587890624906e+00,6.902907714843748987e-01,-2.699803906249999552e-01,1.004756567382812493e+00
5.261549658203124036e-01,2.300969238281249662e-01,-1.017028403320312302e+00,3.067958984374999885e-03,7.516499511718749416e-02,-1.001688608398437319e+00,-7.086985253906249449e-01,2.193590673828124671e-01,-1.009358505859374810e+00,-5.184850683593749121e-01,-2.024852929687499803e-01,1.017028403320312302e+00,3.067958984374999885e-03,-7.056305664062499650e-02,1.001688608398437319e+00,6.902907714843748987e-01,-2.699803906249999552e-01,1.004756567382812493e+00
5.261549658203124036e-01,2.300969238281249662e-01,-1.017028403320312302e+00,3.067958984374999885e-03,7.516499511718749416e-02,-1.001688608398437319e+00,-7.086985253906249449e-01,2.193590673828124671e-01,-1.009358505859374810e+00,-5.184850683593749121e-01,-2.009513134765624764e-01,1.015494423828124937e+00,3.067958984374999885e-03,-7.056305664062499650e-02,1.001688608398437319e+00,6.887567919921874227e-01,-2.699803906249999552e-01,1.004756567382812493e+00
5.261549658203124036e-01,2.300969238281249662e-01,-1.017028403320312302e+00,3.067958984374999885e-03,7.516499511718749416e-02,-1.001688608398437319e+00,-7.086985253906249449e-01,2.193590673828124671e-01,-1.009358505859374810e+00,-5.184850683593749121e-01,-2.009513134765624764e-01,1.015494423828124937e+00,3.067958984374999885e-03,-6.902907714843749265e-02,1.003222587890624906e+00,6.902907714843748987e-01,-2.699803906249999552e-01,1.004756567382812493e+00
5.261549658203124036e-01,2.300969238281249662e-01,-1.017028403320312302e+00,3.067958984374999885e-03,7.516499511718749416e-02,-1.001688608398437319e+00,-7.086985253906249449e-01,2.193590673828124671e-01,-1.009358505859374810e+00,-5.200190478515624992e-01,-2.009513134765624764e-01,1.015494423828124937e+00,3.067958984374999885e-03,-7.056305664062499650e-02,1.001688608398437319e+00,6.902907714843748987e-01,-2.699803906249999552e-01,1.004756567382812493e+00
5.261549658203124036e-01,2.300969238281249662e-01,-1.017028403320312302e+00,3.067958984374999885e-03,7.516499511718749416e-02,-1.001688608398437319e+00,-7.086985253906249449e-01,2.193590673828124671e-01,-1.007824526367187445e+00,-5.200190478515624992e-01,-2.009513134765624764e-01,1.015494423828124937e+00,3.067958984374999885e-03,-7.056305664062499650e-02,1.001688608398437319e+00,6.902907714843748987e-01,-2.699803906249999552e-01,1.004756567382812493e+00
5.276889453124999907e-01,2.300969238281249662e-01,-1.017028403320312302e+00,3.067958984374999885e-03,7.516499511718749416e-02,-1.001688608398437319e+00,-7.086985253906249449e-01,2.193590673828124671e-01,-1.009358505859374810e+00,-5.184850683593749121e-01,-2.009513134765624764e-01,1.015494423828124937e+00,3.067958984374999885e-03,-7.056305664062499650e-02,1.001688608398437319e+00,6.887567919921874227e-01,-2.699803906249999552e-01,1.004756567382812493e+00
5.261549658203124036e-01,2.300969238281249662e-01,-1.017028403320312302e+00,3.067958984374999885e-03,7.516499511718749416e-02,-1.001688608398437319e+00,-7.086985253906249449e-01,2.193590673828124671e-01,-1.009358505859374810e+00,-5.184850683593749121e-01,-2.009513134765624764e-01,1.015494423828124937e+00,3.067958984374999885e-03,-7.056305664062499650e-02,1.003222587890624906e+00,6.902907714843748987e-01,-2.699803906249999552e-01,1.004756567382812493e+00
5.261549658203124036e-01,2.300969238281249662e-01,-1.017028403320312302e+00,3.067958984374999885e-03,7.516499511718749416e-02,-1.001688608398437319e+00,-7.086985253906249449e-01,2.193590673828124671e-01,-1.009358505859374810e+00,-5.184850683593749121e-01,-2.024852929687499803e-01,1.015494423828124937e+00,1.533979492187499943e-03,-6.902907714843749265e-02,1.001688608398437319e+00,6.887567919921874227e-01,-2.699803906249999552e-01,1.004756567382812493e+00
5.276889453124999907e-01,2.300969238281249662e-01,-1.017028403320312302e+00,3.067958984374999885e-03,7.363101562499999031e-02,-1.001688608398437319e+00,-7.086985253906249449e-01,2.193590673828124671e-01,-1.007824526367187445e+00,-5.184850683593749121e-01,-2.009513134765624764e-01,1.015494423828124937e+00,3.067958984374999885e-03,-7.056305664062499650e-02,1.001688608398437319e+00,6.902907714843748987e-01,-2.699803906249999552e-01,1.004756567382812493e+00
5.276889453124999907e-01,2.300969238281249662e-01,-1.018562382812499889e+00,3.067958984374999885e-03,7.516499511718749416e-02,-1.001688608398437319e+00,-7.086985253906249449e-01,2.193590673828124671e-01,-1.009358505859374810e+00,-5.184850683593749121e-01,-2.009513134765624764e-01,1.015494423828124937e+00,3.067958984374999885e-03,-7.056305664062499650e-02,1.001688608398437319e+00,6.902907714843748987e-01,-2.699803906249999552e-01,1.004756567382812493e+00
5.261549658203124036e-01,2.300969238281249662e-01,-1.017028403320312302e+00,3.067958984374999885e-03,7.516499511718749416e-02,-1.001688608398437319e+00,-7.086985253906249449e-01,2.193590673828124671e-01,-1.009358505859374810e+00,-5.200190478515624992e-01,-2.009513134765624764e-01,1.015494423828124937e+00,3.067958984374999885e-03,-7.056305664062499650e-02,1.001688608398437319e+00,6.902907714843748987e-01,-2.699803906249999552e-01,1.004756567382812493e+00
5.261549658203124036e-01,2.285629443359374902e-01,-1.017028403320312302e+00,3.067958984374999885e-03,7.516499511718749416e-02,-1.001688608398437319e+00,-7.086985253906249449e-01,2.193590673828124671e-01,-1.009358505859374810e+00,-5.184850683593749121e-01,-2.009513134765624764e-01,1.017028403320312302e+00,3.067958984374999885e-03,-6.902907714843749265e-02,1.001688608398437319e+00,6.902907714843748987e-01,-2.699803906249999552e-01,1.004756567382812493e+00
5.261549658203124036e-01,2.300969238281249662e-01,-1.017028403320312302e+00,3.067958984374999885e-03,7.363101562499999031e-02,-1.001688608398437319e+00,-7.086985253906249449e-01,2.193590673828124671e-01,-1.007824526367187445e+00,-5.184850683593749121e-01,-2.009513134765624764e-01,1.015494423828124937e+00,3.067958984374999885e-03,-7.056305664062499650e-02,1.001688608398437319e+00,6.902907714843748987e-01,-2.699803906249999552e-01,1.004756567382812493e+00
5.276889453124999907e-01,2.300969238281249662e-01,-1.017028403320312302e+00,3.067958984374999885e-03,7.516499511718749416e-02,-1.001688608398437319e+00,-7.086985253906249449e-01,2.193590673828124671e-01,-1.007824526367187445e+00,-5.200190478515624992e-01,-2.009513134765624764e-01,1.015494423828124937e+00,3.067958984374999885e-03,-6.902907714843749265e-02,1.001688608398437319e+00,6.887567919921874227e-01,-2.699803906249999552e-01,1.004756567382812493e+00
5.261549658203124036e-01,2.300969238281249662e-01,-1.017028403320312302e+00,3.067958984374999885e-03,7.516499511718749416e-02,-1.001688608398437319e+00,-7.086985253906249449e-01,2.193590673828124671e-01,-1.009358505859374810e+00,-5.200190478515624992e-01,-2.009513134765624764e-01,1.015494423828124937e+00,3.067958984374999885e-03,-7.056305664062499650e-02,1.001688608398437319e+00,6.887567919921874227e-01,-2.699803906249999552e-01,1.004756567382812493e+00
5.276889453124999907e-01,2.300969238281249662e-01,-1.017028403320312302e+00,3.067958984374999885e-03,7.516499511718749416e-02,-1.001688608398437319e+00,-7.086985253906249449e-01,2.193590673828124671e-01,-1.009358505859374810e+00,-5.184850683593749121e-01,-2.009513134765624764e-01,1.017028403320312302e+00,1.533979492187499943e-03,-6.902907714843749265e-02,1.001688608398437319e+00,6.902907714843748987e-01,-2.699803906249999552e-01,1.004756567382812493e+00
5.261549658203124036e-01,2.300969238281249662e-01,-1.017028403320312302e+00,3.067958984374999885e-03,7.516499511718749416e-02,-1.001688608398437319e+00,-7.086985253906249449e-01,2.193590673828124671e-01,-1.007824526367187445e+00,-5.184850683593749121e-01,-2.009513134765624764e-01,1.015494423828124937e+00,3.067958984374999885e-03,-7.056305664062499650e-02,1.001688608398437319e+00,6.902907714843748987e-01,-2.699803906249999552e-01,1.004756567382812493e+00
5.276889453124999907e-01,2.300969238281249662e-01,-1.017028403320312302e+00,3.067958984374999885e-03,7.363101562499999031e-02,-1.001688608398437319e+00,-7.086985253906249449e-01,2.193590673828124671e-01,-1.007824526367187445e+00,-5.184850683593749121e-01,-2.009513134765624764e-01,1.015494423828124937e+00,3.067958984374999885e-03,-7.056305664062499650e-02,1.001688608398437319e+00,6.902907714843748987e-01,-2.699803906249999552e-01,1.004756567382812493e+00
5.261549658203124036e-01,2.285629443359374902e-01,-1.017028403320312302e+00,3.067958984374999885e-03,7.516499511718749416e-02,-1.001688608398437319e+00,-7.086985253906249449e-01,2.193590673828124671e-01,-1.009358505859374810e+00,-5.184850683593749121e-01,-2.024852929687499803e-01,1.015494423828124937e+00,3.067958984374999885e-03,-6.902907714843749265e-02,1.003222587890624906e+00,6.902907714843748987e-01,-2.699803906249999552e-01,1.004756567382812493e+00
5.261549658203124036e-01,2.300969238281249662e-01,-1.017028403320312302e+00,3.067958984374999885e-03,7.516499511718749416e-02,-1.001688608398437319e+00,-7.086985253906249449e-01,2.193590673828124671e-01,-1.007824526367187445e+00,-5.184850683593749121e-01,-2.009513134765624764e-01,1.015494423828124937e+00,3.067958984374999885e-03,-7.056305664062499650e-02,1.003222587890624906e+00,6.902907714843748987e-01,-2.699803906249999552e-01,1.004756567382812493e+00
5.261549658203124036e-01,2.300969238281249662e-01,-1.017028403320312302e+00,3.067958984374999885e-03,7.516499511718749416e-02,-1.001688608398437319e+00,-7.086985253906249449e-01,2.193590673828124671e-01,-1.009358505859374810e+00,-5.184850683593749121e-01,-2.009513134765624764e-01,1.015494423828124937e+00,3.067958984374999885e-03,-7.056305664062499650e-02,1.001688608398437319e+00,6.902907714843748987e-01,-2.699803906249999552e-01,1.004756567382812493e+00
5.276889453124999907e-01,2.300969238281249662e-01,-1.017028403320312302e+00,3.067958984374999885e-03,7.363101562499999031e-02,-1.001688608398437319e+00,-7.086985253906249449e-01,2.193590673828124671e-01,-1.009358505859374810e+00,-5.200190478515624992e-01,-2.009513134765624764e-01,1.015494423828124937e+00,3.067958984374999885e-03,-7.056305664062499650e-02,1.001688608398437319e+00,6.902907714843748987e-01,-2.699803906249999552e-01,1.004756567382812493e+00
5.261549658203124036e-01,2.300969238281249662e-01,-1.017028403320312302e+00,3.067958984374999885e-03,7.516499511718749416e-02,-1.001688608398437319e+00,-7.086985253906249449e-01,2.193590673828124671e-01,-1.009358505859374810e+00,-5.200190478515624992e-01,-2.024852929687499803e-01,1.015494423828124937e+00,3.067958984374999885e-03,-7.056305664062499650e-02,1.001688608398437319e+00,6.902907714843748987e-01,-2.699803906249999552e-01,1.004756567382812493e+00
5.261549658203124036e-01,2.300969238281249662e-01,-1.017028403320312302e+00,3.067958984374999885e-03,7.516499511718749416e-02,-1.001688608398437319e+00,-7.086985253906249449e-01,2.193590673828124671e-01,-1.007824526367187445e+00,-5.184850683593749121e-01,-2.009513134765624764e-01,1.015494423828124937e+00,3.067958984374999885e-03,-6.902907714843749265e-02,1.001688608398437319e+00,6.902907714843748987e-01,-2.699803906249999552e-01,1.004756567382812493e+00
5.276889453124999907e-01,2.300969238281249662e-01,-1.018562382812499889e+00,3.067958984374999885e-03,7.516499511718749416e-02,-1.001688608398437319e+00,-7.086985253906249449e-01,2.193590673828124671e-01,-1.009358505859374810e+00,-5.184850683593749121e-01,-2.009513134765624764e-01,1.015494423828124937e+00,3.067958984374999885e-03,-7.056305664062499650e-02,1.001688608398437319e+00,6.902907714843748987e-01,-2.699803906249999552e-01,1.004756567382812493e+00
5.261549658203124036e-01,2.300969238281249662e-01,-1.018562382812499889e+00,3.067958984374999885e-03,7.516499511718749416e-02,-1.001688608398437319e+00,-7.086985253906249449e-01,2.193590673828124671e-01,-1.009358505859374810e+00,-5.184850683593749121e-01,-2.009513134765624764e-01,1.015494423828124937e+00,3.067958984374999885e-03,-7.056305664062499650e-02,1.001688608398437319e+00,6.902907714843748987e-01,-2.699803906249999552e-01,1.004756567382812493e+00
5.261549658203124036e-01,2.300969238281249662e-01,-1.017028403320312302e+00,3.067958984374999885e-03,7.516499511718749416e-02,-1.001688608398437319e+00,-7.086985253906249449e-01,2.193590673828124671e-01,-1.009358505859374810e+00,-5.184850683593749121e-01,-2.009513134765624764e-01,1.015494423828124937e+00,3.067958984374999885e-03,-7.056305664062499650e-02,1.001688608398437319e+00,6.902907714843748987e-01,-2.699803906249999552e-01,1.004756567382812493e+00
5.276889453124999907e-01,2.300969238281249662e-01,-1.017028403320312302e+00,3.067958984374999885e-03,7.516499511718749416e-02,-1.001688608398437319e+00,-7.086985253906249449e-01,2.193590673828124671e-01,-1.009358505859374810e+00,-5.184850683593749121e-01,-2.009513134765624764e-01,1.015494423828124937e+00,3.067958984374999885e-03,-7.056305664062499650e-02,1.001688608398437319e+00,6.902907714843748987e-01,-2.699803906249999552e-01,1.004756567382812493e+00
5.276889453124999907e-01,2.300969238281249662e-01,-1.018562382812499889e+00,3.067958984374999885e-03,7.516499511718749416e-02,-1.001688608398437319e+00,-7.086985253906249449e-01,2.193590673828124671e-01,-1.009358505859374810e+00,-5.184850683593749121e-01,-2.024852929687499803e-01,1.015494423828124937e+00,1.533979492187499943e-03,-7.056305664062499650e-02,1.001688608398437319e+00,6.902907714843748987e-01,-2.699803906249999552e-01,1.004756567382812493e+00
5.261549658203124036e-01,2.300969238281249662e-01,-1.017028403320312302e+00,3.067958984374999885e-03,7.516499511718749416e-02,-1.001688608398437319e+00,-7.086985253906249449e-01,2.193590673828124671e-01,-1.009358505859374810e+00,-5.184850683593749121e-01,-2.009513134765624764e-01,1.015494423828124937e+00,3.067958984374999885e-03,-7.056305664062499650e-02,1.001688608398437319e+00,6.887567919921874227e-01,-2.699803906249999552e-01,1.004756567382812493e+00
5.261549658203124036e-01,2.300969238281249662e-01,-1.017028403320312302e+00,3.067958984374999885e-03,7.516499511718749416e-02,-1.001688608398437319e+00,-7.086985253906249449e-01,2.193590673828124671e-01,-1.009358505859374810e+00,-5.200190478515624992e-01,-2.009513134765624764e-01,1.015494423828124937e+00,3.067958984374999885e-03,-6.902907714843749265e-02,1.001688608398437319e+00,6.902907714843748987e-01,-2.699803906249999552e-01,1.004756567382812493e+00
5.276889453124999907e-01,2.300969238281249662e-01,-1.017028403320312302e+00,3.067958984374999885e-03,7.516499511718749416e-02,-1.001688608398437319e+00,-7.071645458984374688e-01,2.193590673828124671e-01,-1.009358505859374810e+00,-5.184850683593749121e-01,-2.009513134765624764e-01,1.015494423828124937e+00,3.067958984374999885e-03,-6.902907714843749265e-02,1.001688608398437319e+00,6.887567919921874227e-01,-2.699803906249999552e-01,1.004756567382812493e+00
5.261549658203124036e-01,2.300969238281249662e-01,-1.017028403320312302e+00,3.067958984374999885e-03,7.516499511718749416e-02,-1.001688608398437319e+00,-7.086985253906249449e-01,2.193590673828124671e-01,-1.009358505859374810e+00,-5.200190478515624992e-01,-2.009513134765624764e-01,1.015494423828124937e+00,3.067958984374999885e-03,-7.056305664062499650e-02,1.001688608398437319e+00,6.902907714843748987e-01,-2.699803906249999552e-01,1.004756567382812493e+00
5.261549658203124036e-01,2.300969238281249662e-01,-1.017028403320312302e+00,3.067958984374999885e-03,7.363101562499999031e-02,-1.003222587890624906e+00,-7.086985253906249449e-01,2.193590673828124671e-01,-1.007824526367187445e+00,-5.200190478515624992e-01,-2.024852929687499803e-01,1.015494423828124937e+00,3.067958984374999885e-03,-6.902907714843749265e-02,1.001688608398437319e+00,6.902907714843748987e-01,-2.699803906249999552e-01,1.004756567382812493e+00
5.261549658203124036e-01,2.300969238281249662e-01,-1.017028403320312302e+00,3.067958984374999885e-03,7.516499511718749416e-02,-1.001688608398437319e+00,-7.086985253906249449e-01,2.193590673828124671e-01,-1.009358505859374810e+00,-5.200190478515624992e-01,-2.024852929687499803e-01,1.017028403320312302e+00,3.067958984374999885e-03,-6.902907714843749265e-02,1.003222587890624906e+00,6.902907714843748987e-01,-2.699803906249999552e-01,1.004756567382812493e+00
5.261549658203124036e-01,2.300969238281249662e-01,-1.017028403320312302e+00,3.067958984374999885e-03,7.516499511718749416e-02,-1.001688608398437319e+00,-7.086985253906249449e-01,2.193590673828124671e-01,-1.007824526367187445e+00,-5.184850683593749121e-01,-2.009513134765624764e-01,1.015494423828124937e+00,3.067958984374999885e-03,-7.056305664062499650e-02,1.001688608398437319e+00,6.887567919921874227e-01,-2.699803906249999552e-01,1.004756567382812493e+00
5.276889453124999907e-01,2.300969238281249662e-01,-1.017028403320312302e+00,3.067958984374999885e-03,7.516499511718749416e-02,-1.001688608398437319e+00,-7.086985253906249449e-01,2.193590673828124671e-01,-1.007824526367187445e+00,-5.184850683593749121e-01,-2.009513134765624764e-01,1.015494423828124937e+00,3.067958984374999885e-03,-6.902907714843749265e-02,1.001688608398437319e+00,6.902907714843748987e-01,-2.699803906249999552e-01,1.004756567382812493e+00
5.261549658203124036e-01,2.300969238281249662e-01,-1.017028403320312302e+00,3.067958984374999885e-03,7.516499511718749416e-02,-1.001688608398437319e+00,-7.086985253906249449e-01,2.193590673828124671e-01,-1.007824526367187445e+00,-5.200190478515624992e-01,-2.009513134765624764e-01,1.015494423828124937e+00,3.067958984374999885e-03,-7.056305664062499650e-02,1.001688608398437319e+00,6.902907714843748987e-01,-2.699803906249999552e-01,1.004756567382812493e+00
5.276889453124999907e-01,2.300969238281249662e-01,-1.017028403320312302e+00,3.067958984374999885e-03,7.516499511718749416e-02,-1.001688608398437319e+00,-7.086985253906249449e-01,2.193590673828124671e-01,-1.009358505859374810e+00,-5.184850683593749121e-01,-2.009513134765624764e-01,1.017028403320312302e+00,3.067958984374999885e-03,-6.902907714843749265e-02,1.001688608398437319e+00,6.902907714843748987e-01,-2.699803906249999552e-01,1.004756567382812493e+00
5.261549658203124036e-01,2.300969238281249662e-01,-1.017028403320312302e+00,3.067958984374999885e-03,7.363101562499999031e-02,-1.003222587890624906e+00,-7.086985253906249449e-01,2.193590673828124671e-01,-1.009358505859374810e+00,-5.184850683593749121e-01,-2.009513134765624764e-01,1.015494423828124937e+00,3.067958984374999885e-03,-6.902907714843749265e-02,1.001688608398437319e+00,6.902907714843748987e-01,-2.699803906249999552e-01,1.004756567382812493e+00
5.261549658203124036e-01,2.300969238281249662e-01,-1.017028403320312302e+00,3.067958984374999885e-03,7.516499511718749416e-02,-1.001688608398437319e+00,-7.086985253906249449e-01,2.193590673828124671e-01,-1.009358505859374810e+00,-5.200190478515624992e-01,-2.024852929687499803e-01,1.015494423828124937e+00,3.067958984374999885e-03,-7.056305664062499650e-02,1.001688608398437319e+00,6.902907714843748987e-01,-2.699803906249999552e-01,1.004756567382812493e+00
5.261549658203124036e-01,2.300969238281249662e-01,-1.017028403320312302e+00,3.067958984374999885e-03,7.516499511718749416e-02,-1.001688608398437319e+00,-7.086985253906249449e-01,2.193590673828124671e-01,-1.009358505859374810e+00,-5.184850683593749121e-01,-2.009513134765624764e-01,1.015494423828124937e+00,3.067958984374999885e-03,-6.902907714843749265e-02,1.001688608398437319e+00,6.902907714843748987e-01,-2.699803906249999552e-01,1.004756567382812493e+00
5.276889453124999907e-01,2.300969238281249662e-01,-1.018562382812499889e+00,3.067958984374999885e-03,7.516499511718749416e-02,-1.001688608398437319e+00,-7.086985253906249449e-01,2.193590673828124671e-01,-1.009358505859374810e+00,-5.200190478515624992e-01,-2.009513134765624764e-01,1.015494423828124937e+00,3.067958984374999885e-03,-7.056305664062499650e-02,1.001688608398437319e+00,6.902907714843748987e-01,-2.699803906249999552e-01,1.004756567382812493e+00
5.261549658203124036e-01,2.300969238281249662e-01,-1.017028403320312302e+00,3.067958984374999885e-03,7.516499511718749416e-02,-1.003222587890624906e+00,-7.086985253906249449e-01,2.193590673828124671e-01,-1.009358505859374810e+00,-5.184850683593749121e-01,-2.009513134765624764e-01,1.015494423828124937e+00,3.067958984374999885e-03,-7.056305664062499650e-02,1.001688608398437319e+00,6.887567919921874227e-01,-2.699803906249999552e-01,1.004756567382812493e+00
5.261549658203124036e-01,2.300969238281249662e-01,-1.017028403320312302e+00,3.067958984374999885e-03,7.516499511718749416e-02,-1.001688608398437319e+00,-7.086985253906249449e-01,2.193590673828124671e-01,-1.007824526367187445e+00,-5.200190478515624992e-01,-2.009513134765624764e-01,1.015494423828124937e+00,3.067958984374999885e-03,-6.902907714843749265e-02,1.001688608398437319e+00,6.887567919921874227e-01,-2.699803906249999552e-01,1.004756567382812493e+00
5.261549658203124036e-01,2.300969238281249662e-01,-1.017028403320312302e+00,3.067958984374999885e-03,7.516499511718749416e-02,-1.001688608398437319e+00,-7.086985253906249449e-01,2.193590673828124671e-01,-1.007824526367187445e+00,-5.184850683593749121e-01,-2.009513134765624764e-01,1.015494423828124937e+00,3.067958984374999885e-03,-7.056305664062499650e-02,1.003222587890624906e+00,6.902907714843748987e-01,-2.699803906249999552e-01,1.004756567382812493e+00
5.276889453124999907e-01,2.300969238281249662e-01,-1.017028403320312302e+00,3.067958984374999885e-03,7.516499511718749416e-02,-1.001688608398437319e+00,-7.086985253906249449e-01,2.193590673828124671e-01,-1.009358505859374810e+00,-5.184850683593749121e-01,-2.009513134765624764e-01,1.015494423828124937e+00,3.067958984374999885e-03,-7.056305664062499650e-02,1.001688608398437319e+00,6.902907714843748987e-01,-2.699803906249999552e-01,1.004756567382812493e+00
5.261549658203124036e-01,2.300969238281249662e-01,-1.018562382812499889e+00,3.067958984374999885e-03,7.363101562499999031e-02,-1.001688608398437319e+00,-7.086985253906249449e-01,2.193590673828124671e-01,-1.009358505859374810e+00,-5.184850683593749121e-01,-2.009513134765624764e-01,1.015494423828124937e+00,3.067958984374999885e-03,-7.056305664062499650e-02,1.001688608398437319e+00,6.902907714843748987e-01,-2.684464111328124791e-01,1.004756567382812493e+00
5.276889453124999907e-01,2.300969238281249662e-01,-1.017028403320312302e+00,3.067958984374999885e-03,7.516499511718749416e-02,-1.001688608398437319e+00,-7.086985253906249449e-01,2.193590673828124671e-01,-1.009358505859374810e+00,-5.184850683593749121e-01,-2.024852929687499803e-01,1.015494423828124937e+00,3.067958984374999885e-03,-6.902907714843749265e-02,1.001688608398437319e+00,6.887567919921874227e-01,-2.699803906249999552e-01,1.004756567382812493e+00
5.261549658203124036e-01,2.300969238281249662e-01,-1.017028403320312302e+00,3.067958984374999885e-03,7.516499511718749416e-02,-1.003222587890624906e+00,-7.086985253906249449e-01,2.193590673828124671e-01,-1.007824526367187445e+00,-5.184850683593749121e-01,-2.009513134765624764e-01,1.015494423828124937e+00,3.067958984374999885e-03,-7.056305664062499650e-02,1.001688608398437319e+00,6.887567919921874227e-01,-2.699803906249999552e-01,1.004756567382812493e+00
5.276889453124999907e-01,2.300969238281249662e-01,-1.017028403320312302e+00,3.067958984374999885e-03,7.516499511718749416e-02,-1.001688608398437319e+00,-7.086985253906249449e-01,2.193590673828124671e-01,-1.007824526367187445e+00,-5.200190478515624992e-01,-2.024852929687499803e-01,1.015494423828124937e+00,3.067958984374999885e-03,-7.056305664062499650e-02,1.001688608398437319e+00,6.902907714843748987e-01,-2.699803906249999552e-01,1.004756567382812493e+00
5.261549658203124036e-01,2.300969238281249662e-01,-1.017028403320312302e+00,3.067958984374999885e-03,7.516499511718749416e-02,-1.001688608398437319e+00,-7.086985253906249449e-01,2.193590673828124671e-01,-1.007824526367187445e+00,-5.184850683593749121e-01,-2.024852929687499803e-01,1.015494423828124937e+00,3.067958984374999885e-03,-7.056305664062499650e-02,1.001688608398437319e+00,6.902907714843748987e-01,-2.699803906249999552e-01,1.004756567382812493e+00
5.261549658203124036e-01,2.300969238281249662e-01,-1.017028403320312302e+00,3.067958984374999885e-03,7.516499511718749416e-02,-1.001688608398437319e+00,-7.086985253906249449e-01,2.193590673828124671e-01,-1.007824526367187445e+00,-5.184850683593749121e-01,-2.024852929687499803e-01,1.015494423828124937e+00,3.067958984374999885e-03,-7.056305664062499650e-02,1.001688608398437319e+00,6.902907714843748987e-01,-2.699803906249999552e-01,1.004756567382812493e+00
5.276889453124999907e-01,2.300969238281249662e-01,-1.017028403320312302e+00,3.067958984374999885e-03,7.516499511718749416e-02,-1.001688608398437319e+00,-7.086985253906249449e-01,2.193590673828124671e-01,-1.009358505859374810e+00,-5.184850683593749121e-01,-2.009513134765624764e-01,1.015494423828124937e+00,3.067958984374999885e-03,-7.056305664062499650e-02,1.001688608398437319e+00,6.887567919921874227e-01,-2.699803906249999552e-01,1.004756567382812493e+00
5.276889453124999907e-01,2.300969238281249662e-01,-1.018562382812499889e+00,3.067958984374999885e-03,7.516499511718749416e-02,-1.001688608398437319e+00,-7.086985253906249449e-01,2.193590673828124671e-01,-1.009358505859374810e+00,-5.184850683593749121e-01,-2.009513134765624764e-01,1.015494423828124937e+00,3.067958984374999885e-03,-7.056305664062499650e-02,1.003222587890624906e+00,6.902907714843748987e-01,-2.699803906249999552e-01,1.004756567382812493e+00
5.261549658203124036e-01,2.300969238281249662e-01,-1.017028403320312302e+00,3.067958984374999885e-03,7.516499511718749416e-02,-1.001688608398437319e+00,-7.086985253906249449e-01,2.193590673828124671e-01,-1.007824526367187445e+00,-5.200190478515624992e-01,-2.009513134765624764e-01,1.015494423828124937e+00,3.067958984374999885e-03,-6.902907714843749265e-02,1.001688608398437319e+00,6.887567919921874227e-01,-2.699803906249999552e-01,1.004756567382812493e+00
5.261549658203124036e-01,2.285629443359374902e-01,-1.017028403320312302e+00,3.067958984374999885e-03,7.516499511718749416e-02,-1.001688608398437319e+00,-7.086985253906249449e-01,2.193590673828124671e-01,-1.009358505859374810e+00,-5.184850683593749121e-01,-2.009513134765624764e-01,1.015494423828124937e+00,3.067958984374999885e-03,-7.056305664062499650e-02,1.001688608398437319e+00,6.902907714843748987e-01,-2.699803906249999552e-01,1.004756567382812493e+00
5.261549658203124036e-01,2.300969238281249662e-01,-1.017028403320312302e+00,3.067958984374999885e-03,7.516499511718749416e-02,-1.001688608398437319e+00,-7.086985253906249449e-01,2.193590673828124671e-01,-1.009358505859374810e+00,-5.184850683593749121e-01,-2.009513134765624764e-01,1.015494423828124937e+00,3.067958984374999885e-03,-7.056305664062499650e-02,1.001688608398437319e+00,6.902907714843748987e-01,-2.699803906249999552e-01,1.004756567382812493e+00
5.276889453124999907e-01,2.300969238281249662e-01,-1.017028403320312302e+00,3.067958984374999885e-03,7.516499511718749416e-02,-1.001688608398437319e+00,-7.086985253906249449e-01,2.193590673828124671e-01,-1.007824526367187445e+00,-5.184850683593749121e-01,-2.009513134765624764e-01,1.015494423828124937e+00,3.067958984374999885e-03,-7.056305664062499650e-02,1.001688608398437319e+00,6.902907714843748987e-01,-2.699803906249999552e-01,1.004756567382812493e+00
5.276889453124999907e-01,2.300969238281249662e-01,-1.017028403320312302e+00,3.067958984374999885e-03,7.516499511718749416e-02,-1.001688608398437319e+00,-7.086985253906249449e-01,2.193590673828124671e-01,-1.007824526367187445e+00,-5.200190478515624992e-01,-2.009513134765624764e-01,1.015494423828124937e+00,3.067958984374999885e-03,-6.902907714843749265e-02,1.001688608398437319e+00,6.902907714843748987e-01,-2.699803906249999552e-01,1.004756567382812493e+00
5.261549658203124036e-01,2.300969238281249662e-01,-1.017028403320312302e+00,3.067958984374999885e-03,7.516499511718749416e-02,-1.001688608398437319e+00,-7.086985253906249449e-01,2.193590673828124671e-01,-1.007824526367187445e+00,-5.184850683593749121e-01,-2.024852929687499803e-01,1.015494423828124937e+00,3.067958984374999885e-03,-7.056305664062499650e-02,1.001688608398437319e+00,6.902907714843748987e-01,-2.699803906249999552e-01,1.004756567382812493e+00
5.261549658203124036e-01,2.300969238281249662e-01,-1.017028403320312302e+00,3.067958984374999885e-03,7.516499511718749416e-02,-1.001688608398437319e+00,-7.086985253906249449e-01,2.193590673828124671e-01,-1.009358505859374810e+00,-5.184850683593749121e-01,-2.009513134765624764e-01,1.015494423828124937e+00,3.067958984374999885e-03,-7.056305664062499650e-02,1.001688608398437319e+00,6.902907714843748987e-01,-2.699803906249999552e-01,1.004756567382812493e+00
5.261549658203124036e-01,2.300969238281249662e-01,-1.017028403320312302e+00,3.067958984374999885e-03,7.516499511718749416e-02,-1.001688608398437319e+00,-7.086985253906249449e-01,2.193590673828124671e-01,-1.009358505859374810e+00,-5.200190478515624992e-01,-2.009513134765624764e-01,1.015494423828124937e+00,3.067958984374999885e-03,-7.056305664062499650e-02,1.001688608398437319e+00,6.887567919921874227e-01,-2.699803906249999552e-01,1.004756567382812493e+00
5.276889453124999907e-01,2.300969238281249662e-01,-1.017028403320312302e+00,3.067958984374999885e-03,7.516499511718749416e-02,-1.001688608398437319e+00,-7.086985253906249449e-01,2.193590673828124671e-01,-1.007824526367187445e+00,-5.184850683593749121e-01,-2.009513134765624764e-01,1.015494423828124937e+00,3.067958984374999885e-03,-6.902907714843749265e-02,1.001688608398437319e+00,6.902907714843748987e-01,-2.699803906249999552e-01,1.004756567382812493e+00
5.261549658203124036e-01,2.300969238281249662e-01,-1.017028403320312302e+00,3.067958984374999885e-03,7.516499511718749416e-02,-1.001688608398437319e+00,-7.086985253906249449e-01,2.208930468749999709e-01,-1.007824526367187445e+00,-5.200190478515624992e-01,-2.009513134765624764e-01,1.015494423828124937e+00,3.067958984374999885e-03,-6.902907714843749265e-02,1.001688608398437319e+00,6.887567919921874227e-01,-2.699803906249999552e-01,1.004756567382812493e+00
5.261549658203124036e-01,2.300969238281249662e-01,-1.017028403320312302e+00,3.067958984374999885e-03,7.363101562499999031e-02,-1.003222587890624906e+00,-7.086985253906249449e-01,2.193590673828124671e-01,-1.007824526367187445e+00,-5.200190478515624992e-01,-2.009513134765624764e-01,1.017028403320312302e+00,3.067958984374999885e-03,-7.056305664062499650e-02,1.001688608398437319e+00,6.902907714843748987e-01,-2.699803906249999552e-01,1.004756567382812493e+00
5.261549658203124036e-01,2.300969238281249662e-01,-1.017028403320312302e+00,3.067958984374999885e-03,7.516499511718749416e-02,-1.001688608398437319e+00,-7.086985253906249449e-01,2.193590673828124671e-01,-1.007824526367187445e+00,-5.184850683593749121e-01,-2.009513134765624764e-01,1.015494423828124937e+00,3.067958984374999885e-03,-7.056305664062499650e-02,1.001688608398437319e+00,6.902907714843748987e-01,-2.699803906249999552e-01,1.004756567382812493e+00
5.261549658203124036e-01,2.300969238281249662e-01,-1.017028403320312302e+00,3.067958984374999885e-03,7.516499511718749416e-02,-1.001688608398437319e+00,-7.086985253906249449e-01,2.193590673828124671e-01,-1.009358505859374810e+00,-5.184850683593749121e-01,-2.009513134765624764e-01,1.015494423828124937e+00,3.067958984374999885e-03,-7.056305664062499650e-02,1.001688608398437319e+00,6.902907714843748987e-01,-2.699803906249999552e-01,1.004756567382812493e+00
5.261549658203124036e-01,2.300969238281249662e-01,-1.018562382812499889e+00,3.067958984374999885e-03,7.516499511718749416e-02,-1.001688608398437319e+00,-7.086985253906249449e-01,2.193590673828124671e-01,-1.009358505859374810e+00,-5.200190478515624992e-01,-2.024852929687499803e-01,1.015494423828124937e+00,1.533979492187499943e-03,-6.902907714843749265e-02,1.001688608398437319e+00,6.902907714843748987e-01,-2.699803906249999552e-01,1.004756567382812493e+00
5.261549658203124036e-01,2.285629443359374902e-01,-1.017028403320312302e+00,3.067958984374999885e-03,7.516499511718749416e-02,-1.001688608398437319e+00,-7.086985253906249449e-01,2.193590673828124671e-01,-1.009358505859374810e+00,-5.184850683593749121e-01,-2.009513134765624764e-01,1.015494423828124937e+00,3.067958984374999885e-03,-6.902907714843749265e-02,1.001688608398437319e+00,6.887567919921874227e-01,-2.699803906249999552e-01,1.004756567382812493e+00
5.261549658203124036e-01,2.300969238281249662e-01,-1.017028403320312302e+00,3.067958984374999885e-03,7.516499511718749416e-02,-1.001688608398437319e+00,-7.086985253906249449e-01,2.193590673828124671e-01,-1.007824526367187445e+00,-5.200190478515624992e-01,-2.024852929687499803e-01,1.015494423828124937e+00,3.067958984374999885e-03,-7.056305664062499650e-02,1.003222587890624906e+00,6.902907714843748987e-01,-2.699803906249999552e-01,1.004756567382812493e+00
5.261549658203124036e-01,2.300969238281249662e-01,-1.017028403320312302e+00,3.067958984374999885e-03,7.516499511718749416e-02,-1.001688608398437319e+00,-7.086985253906249449e-01,2.193590673828124671e-01,-1.007824526367187445e+00,-5.184850683593749121e-01,-2.009513134765624764e-01,1.015494423828124937e+00,3.067958984374999885e-03,-7.056305664062499650e-02,1.001688608398437319e+00,6.902907714843748987e-01,-2.699803906249999552e-01,1.004756567382812493e+00
5.261549658203124036e-01,2.300969238281249662e-01,-1.017028403320312302e+00,3.067958984374999885e-03,7.516499511718749416e-02,-1.001688608398437319e+00,-7.086985253906249449e-01,2.193590673828124671e-01,-1.009358505859374810e+00,-5.184850683593749121e-01,-2.024852929687499803e-01,1.015494423828124937e+00,3.067958984374999885e-03,-7.056305664062499650e-02,1.001688608398437319e+00,6.887567919921874227e-01,-2.699803906249999552e-01,1.004756567382812493e+00
5.261549658203124036e-01,2.300969238281249662e-01,-1.017028403320312302e+00,3.067958984374999885e-03,7.516499511718749416e-02,-1.003222587890624906e+00,-7.086985253906249449e-01,2.193590673828124671e-01,-1.007824526367187445e+00,-5.200190478515624992e-01,-2.024852929687499803e-01,1.015494423828124937e+00,1.533979492187499943e-03,-7.056305664062499650e-02,1.001688608398437319e+00,6.902907714843748987e-01,-2.699803906249999552e-01,1.004756567382812493e+00
5.276889453124999907e-01,2.300969238281249662e-01,-1.017028403320312302e+00,3.067958984374999885e-03,7.363101562499999031e-02,-1.001688608398437319e+00,-7.086985253906249449e-01,2.193590673828124671e-01,-1.009358505859374810e+00,-5.200190478515624992e-01,-2.009513134765624764e-01,1.015494423828124937e+00,3.067958984374999885e-03,-6.902907714843749265e-02,1.001688608398437319e+00,6.902907714843748987e-01,-2.699803906249999552e-01,1.004756567382812493e+00
5.276889453124999907e-01,2.300969238281249662e-01,-1.018562382812499889e+00,3.067958984374999885e-03,7.516499511718749416e-02,-1.001688608398437319e+00,-7.086985253906249449e-01,2.193590673828124671e-01,-1.009358505859374810e+00,-5.200190478515624992e-01,-2.009513134765624764e-01,1.015494423828124937e+00,3.067958984374999885e-03,-7.056305664062499650e-02,1.001688608398437319e+00,6.887567919921874227e-01,-2.699803906249999552e-01,1.004756567382812493e+00
5.276889453124999907e-01,2.300969238281249662e-01,-1.017028403320312302e+00,3.067958984374999885e-03,7.516499511718749416e-02,-1.001688608398437319e+00,-7.086985253906249449e-01,2.193590673828124671e-01,-1.009358505859374810e+00,-5.184850683593749121e-01,-2.024852929687499803e-01,1.015494423828124937e+00,3.067958984374999885e-03,-7.056305664062499650e-02,1.001688608398437319e+00,6.887567919921874227e-01,-2.699803906249999552e-01,1.004756567382812493e+00
5.261549658203124036e-01,2.285629443359374902e-01,-1.017028403320312302e+00,3.067958984374999885e-03,7.516499511718749416e-02,-1.001688608398437319e+00,-7.086985253906249449e-01,2.193590673828124671e-01,-1.007824526367187445e+00,-5.184850683593749121e-01,-2.024852929687499803e-01,1.015494423828124937e+00,3.067958984374999885e-03,-7.056305664062499650e-02,1.001688608398437319e+00,6.902907714843748987e-01,-2.699803906249999552e-01,1.004756567382812493e+00
5.261549658203124036e-01,2.300969238281249662e-01,-1.017028403320312302e+00,3.067958984374999885e-03,7.516499511718749416e-02,-1.001688608398437319e+00,-7.086985253906249449e-01,2.193590673828124671e-01,-1.009358505859374810e+00,-5.200190478515624992e-01,-2.009513134765624764e-01,1.015494423828124937e+00,3.067958984374999885e-03,-7.056305664062499650e-02,1.001688608398437319e+00,6.902907714843748987e-01,-2.699803906249999552e-01,1.004756567382812493e+00
5.261549658203124036e-01,2.300969238281249662e-01,-1.017028403320312302e+00,3.067958984374999885e-03,7.516499511718749416e-02,-1.001688608398437319e+00,-7.086985253906249449e-01,2.193590673828124671e-01,-1.009358505859374810e+00,-5.200190478515624992e-01,-2.009513134765624764e-01,1.015494423828124937e+00,3.067958984374999885e-03,-7.056305664062499650e-02,1.003222587890624906e+00,6.902907714843748987e-01,-2.699803906249999552e-01,1.004756567382812493e+00
5.276889453124999907e-01,2.300969238281249662e-01,-1.017028403320312302e+00,3.067958984374999885e-03,7.516499511718749416e-02,-1.001688608398437319e+00,-7.086985253906249449e-01,2.193590673828124671e-01,-1.007824526367187445e+00,-5.200190478515624992e-01,-2.009513134765624764e-01,1.015494423828124937e+00,3.067958984374999885e-03,-7.056305664062499650e-02,1.001688608398437319e+00,6.902907714843748987e-01,-2.699803906249999552e-01,1.004756567382812493e+00
5.276889453124999907e-01,2.300969238281249662e-01,-1.017028403320312302e+00,3.067958984374999885e-03,7.516499511718749416e-02,-1.001688608398437319e+00,-7.086985253906249449e-01,2.193590673828124671e-01,-1.009358505859374810e+00,-5.184850683593749121e-01,-2.009513134765624764e-01,1.015494423828124937e+00,3.067958984374999885e-03,-7.056305664062499650e-02,1.001688608398437319e+00,6.902907714843748987e-01,-2.699803906249999552e-01,1.004756567382812493e+00
5.261549658203124036e-01,2.285629443359374902e-01,-1.017028403320312302e+00,3.067958984374999885e-03,7.516499511718749416e-02,-1.001688608398437319e+00,-7.086985253906249449e-01,2.193590673828124671e-01,-1.007824526367187445e+00,-5.184850683593749121e-01,-2.009513134765624764e-01,1.015494423828124937e+00,3.067958984374999885e-03,-7.056305664062499650e-02,1.001688608398437319e+00,6.902907714843748987e-01,-2.699803906249999552e-01,1.004756567382812493e+00
5.276889453124999907e-01,2.300969238281249662e-01,-1.017028403320312302e+00,3.067958984374999885e-03,7.516499511718749416e-02,-1.001688608398437319e+00,-7.086985253906249449e-01,2.193590673828124671e-01,-1.009358505859374810e+00,-5.184850683593749121e-01,-2.009513134765624764e-01,1.015494423828124937e+00,3.067958984374999885e-03,-7.056305664062499650e-02,1.001688608398437319e+00,6.902907714843748987e-01,-2.699803906249999552e-01,1.004756567382812493e+00
5.261549658203124036e-01,2.300969238281249662e-01,-1.017028403320312302e+00,3.067958984374999885e-03,7.516499511718749416e-02,-1.001688608398437319e+00,-7.086985253906249449e-01,2.193590673828124671e-01,-1.007824526367187445e+00,-5.184850683593749121e-01,-2.009513134765624764e-01,1.017028403320312302e+00,3.067958984374999885e-03,-7.056305664062499650e-02,1.001688608398437319e+00,6.902907714843748987e-01,-2.699803906249999552e-01,1.004756567382812493e+00
5.261549658203124036e-01,2.300969238281249662e-01,-1.017028403320312302e+00,3.067958984374999885e-03,7.516499511718749416e-02,-1.001688608398437319e+00,-7.086985253906249449e-01,2.193590673828124671e-01,-1.009358505859374810e+00,-5.184850683593749121e-01,-2.009513134765624764e-01,1.017028403320312302e+00,3.067958984374999885e-03,-7.056305664062499650e-02,1.001688608398437319e+00,6.902907714843748987e-01,-2.699803906249999552e-01,1.004756567382812493e+00
5.276889453124999907e-01,2.300969238281249662e-01,-1.017028403320312302e+00,3.067958984374999885e-03,7.516499511718749416e-02,-1.001688608398437319e+00,-7.086985253906249449e-01,2.193590673828124671e-01,-1.009358505859374810e+00,-5.200190478515624992e-01,-2.009513134765624764e-01,1.015494423828124937e+00,3.067958984374999885e-03,-7.056305664062499650e-02,1.003222587890624906e+00,6.902907714843748987e-01,-2.699803906249999552e-01,1.004756567382812493e+00
5.261549658203124036e-01,2.285629443359374902e-01,-1.017028403320312302e+00,3.067958984374999885e-03,7.516499511718749416e-02,-1.001688608398437319e+00,-7.086985253906249449e-01,2.193590673828124671e-01,-1.007824526367187445e+00,-5.200190478515624992e-01,-2.009513134765624764e-01,1.015494423828124937e+00,3.067958984374999885e-03,-7.056305664062499650e-02,1.001688608398437319e+00,6.902907714843748987e-01,-2.699803906249999552e-01,1.004756567382812493e+00
5.261549658203124036e-01,2.300969238281249662e-01,-1.017028403320312302e+00,3.067958984374999885e-03,7.516499511718749416e-02,-1.001688608398437319e+00,-7.086985253906249449e-01,2.193590673828124671e-01,-1.009358505859374810e+00,-5.200190478515624992e-01,-2.009513134765624764e-01,1.015494423828124937e+00,3.067958984374999885e-03,-7.056305664062499650e-02,1.001688608398437319e+00,6.902907714843748987e-01,-2.699803906249999552e-01,1.004756567382812493e+00
5.261549658203124036e-01,2.300969238281249662e-01,-1.017028403320312302e+00,3.067958984374999885e-03,7.516499511718749416e-02,-1.001688608398437319e+00,-7.086985253906249449e-01,2.193590673828124671e-01,-1.007824526367187445e+00,-5.184850683593749121e-01,-2.009513134765624764e-01,1.015494423828124937e+00,3.067958984374999885e-03,-7.056305664062499650e-02,1.001688608398437319e+00,6.902907714843748987e-01,-2.699803906249999552e-01,1.004756567382812493e+00
5.292229248046874668e-01,2.393008007812499893e-01,-1.018562382812499889e+00,2.914561035156249674e-02,1.012426464843749901e-01,-9.940187109374999386e-01,-6.488733251953124892e-01,2.699803906249999552e-01,-1.075319624023437504e+00,-5.184850683593749121e-01,-2.116891699218749756e-01,1.020096362304687476e+00,-3.528152832031249825e-02,-9.050479003906249098e-02,9.894167724609373993e-01,6.611451611328124089e-01,-3.344075292968749502e-01,1.066115747070312425e+00
5.353588427734374822e-01,2.546405957031249723e-01,-1.055377890624999981e+00,1.150484619140624831e-01,1.794756005859374781e-01,-9.924847314453124625e-01,-5.476306787109374019e-01,3.712230371093749870e-01,-1.181164208984374797e+00,-5.246209863281249275e-01,-2.408347802734374654e-01,1.095261357421874804e+00,-1.227183593749999885e-01,-1.319222363281249977e-01,9.295915722656249436e-01,5.675724121093749241e-01,-4.417860937499999419e-01,1.156620537109374958e+00
5.645044531249999720e-01,2.807182470703124544e-01,-1.132076865234374896e+00,2.132231494140624795e-01,2.699803906249999552e-01,-1.067649726562500012e+00,-4.356501757812499820e-01,4.878054785156249462e-01,-1.296212670898437391e+00,-5.460966992187499258e-01,-2.761163085937499706e-01,1.173494311523437306e+00,-2.239610058593749786e-01,-2.208930468749999709e-01,8.452227001953124264e-01,4.525239501953124410e-01,-5.614364941406249088e-01,1.224115634765624794e+00
6.243296533203124277e-01,3.021939599609374527e-01,-1.213377778320312350e+00,3.267376318359374587e-01,3.497473242187499887e-01,-1.173494311523437306e+00,-3.359415087890624818e-01,6.197277148437499994e-01,-1.411261132812499763e+00,-6.120578173828123969e-01,-3.098638574218749997e-01,1.253261245117187395e+00,-3.390094677734374895e-01,-3.113978369140624758e-01,7.823295410156249075e-01,3.466793652343749810e-01,-6.918247509765624859e-01,1.254795224609374982e+00
6.749509765624999158e-01,3.067958984374999920e-01,-1.291610732421874852e+00,4.295142578124999666e-01,3.926987499999999853e-01,-1.271668999023437330e+00,-2.868541650390624698e-01,7.531839306640624176e-01,-1.510969799804687375e+00,-6.964266894531249141e-01,-3.190677343749999673e-01,1.336096137695312436e+00,-4.479220117187499572e-01,-3.666210986328124477e-01,7.562518896484374809e-01,2.837862060546874621e-01,-7.976693359374998904e-01,1.265533081054687425e+00
7.086985253906249449e-01,3.113978369140624758e-01,-1.366775727539062402e+00,5.399607812499999104e-01,4.141744628906249837e-01,-1.374445624999999893e+00,-2.638444726562499953e-01,8.528925976562499178e-01,-1.632154179687499873e+00,-7.807955615234374314e-01,-3.267376318359374587e-01,1.414329091796874938e+00,-5.614364941406249088e-01,-3.896307910156249776e-01,7.501159716796874655e-01,2.500386572265624885e-01,-8.682323925781249008e-01,1.271668999023437330e+00
7.240383203124999278e-01,3.067958984374999920e-01,-1.446542661132812269e+00,6.396694482421874106e-01,4.187764013671874674e-01,-1.471086333007812330e+00,-2.546405957031249723e-01,8.912420849609373752e-01,-1.737998764648437389e+00,-8.651644335937499486e-01,-3.206017138671874989e-01,1.500231943359374931e+00,-6.642131201171874721e-01,-3.942327294921874614e-01,7.455140332031249262e-01,2.362328417968749816e-01,-8.958440234374999145e-01,1.276270937499999869e+00
7.363101562499999586e-01,2.853201855468749937e-01,-1.533979492187499849e+00,7.516499511718749416e-01,4.187764013671874674e-01,-1.576930917968749846e+00,-2.500386572265624885e-01,9.142517773437499606e-01,-1.837707431640624778e+00,-9.633391210937498617e-01,-3.098638574218749997e-01,1.598406630859374955e+00,-7.623878076171873852e-01,-3.988346679687499452e-01,7.409120947265623869e-01,2.423687597656249693e-01,-9.035139208984374060e-01,1.260931142578124886e+00
7.332421972656248954e-01,2.822522265624999860e-01,-1.619882343749999842e+00,8.436887207031249503e-01,4.295142578124999666e-01,-1.684309482421874948e+00,-2.577085546874999800e-01,8.605624951171874093e-01,-1.807027841796874812e+00,-1.001688608398437319e+00,-3.390094677734374895e-01,1.603008569335937272e+00,-7.853974999999999707e-01,-4.019026269531249529e-01,7.746596435546874160e-01,2.454367187499999770e-01,-9.035139208984374060e-01,1.184232167968749971e+00
7.378441357421874347e-01,2.883881445312500014e-01,-1.710387133789062375e+00,8.927760644531249623e-01,3.957667089843749375e-01,-1.785552128906249925e+00,-2.531066162109374962e-01,7.731256640624999399e-01,-1.807027841796874812e+00,-1.001688608398437319e+00,-3.850288525390624383e-01,1.621416323242187429e+00,-7.639217871093749723e-01,-3.988346679687499452e-01,8.620964746093748854e-01,2.423687597656249693e-01,-8.390867822265624110e-01,1.072251665039062329e+00
7.731256640624999399e-01,3.037279394531249843e-01,-1.777882231445312433e+00,8.805042285156249315e-01,3.436114062499999733e-01,-1.854581206054687348e+00,-2.791842675781249783e-01,8.084071923828124451e-01,-1.882192836914062362e+00,-1.012426464843749985e+00,-4.325822167968749743e-01,1.701183256835937296e+00,-7.531839306640624176e-01,-3.604851806640624878e-01,9.572032031249999573e-01,3.021939599609374527e-01,-7.577858691406249569e-01,9.633391210937498617e-01
7.992033154296874775e-01,3.083298779296874681e-01,-1.790154067382812242e+00,8.927760644531249623e-01,3.159997753906249596e-01,-1.871454980468749918e+00,-3.497473242187499887e-01,7.823295410156249075e-01,-1.876056918945312235e+00,-1.007824526367187445e+00,-5.123491503906250077e-01,1.714989072265624914e+00,-7.685237255859374006e-01,-3.328735498046874741e-01,1.053843911132812394e+00,3.006599804687499766e-01,-6.626791406249998850e-01,8.574945361328124571e-01
7.976693359374998904e-01,3.067958984374999920e-01,-1.708853154296874788e+00,8.528925976562499178e-01,3.175337548828124912e-01,-1.860717124023437252e+00,-4.525239501953124410e-01,7.976693359374998904e-01,-1.899066611328124932e+00,-1.013960444335937350e+00,-6.028539404296874293e-01,1.733396826171874849e+00,-7.332421972656248954e-01,-3.420774267578124417e-01,1.152018598632812418e+00,3.666210986328124477e-01,-5.599025146484374327e-01,7.531839306640624176e-01
8.176110693359374126e-01,3.052619189453124604e-01,-1.604542548828124859e+00,7.654557666015624484e-01,3.144657958984374835e-01,-1.857649165039062300e+00,-5.614364941406249088e-01,8.651644335937499486e-01,-1.834639472656249826e+00,-1.000154628906249954e+00,-6.780189355468749790e-01,1.679707543945312409e+00,-6.580772021484374568e-01,-3.466793652343749810e-01,1.233319511718749872e+00,4.632618066406249402e-01,-4.586598681640624564e-01,6.596111816406249329e-01
8.697663720703123769e-01,3.006599804687499766e-01,-1.514037758789062327e+00,6.856888330078124705e-01,3.221356933593749750e-01,-1.854581206054687348e+00,-6.688150585937499004e-01,9.081158593749999453e-01,-1.728794887695312310e+00,-9.786789160156249556e-01,-7.194363818359373886e-01,1.589202753906249876e+00,-5.967180224609374140e-01,-3.650871191406249716e-01,1.306950527343749835e+00,4.601938476562499325e-01,-3.758249755859374708e-01,6.273976123046874909e-01
8.820382080078124076e-01,2.899221240234374775e-01,-1.417397050781249890e+00,6.028539404296874293e-01,3.313395703124999425e-01,-1.854581206054687348e+00,-7.823295410156249075e-01,8.989119824218748667e-01,-1.609144487304687399e+00,-9.464653466796874026e-01,-7.470480126953124023e-01,1.486426127929687313e+00,-5.614364941406249088e-01,-3.942327294921874614e-01,1.391319399414062463e+00,4.970093554687499693e-01,-3.252036523437499826e-01,6.105238378906249208e-01
8.651644335937499486e-01,2.853201855468749937e-01,-1.319222363281249866e+00,5.215530273437499753e-01,3.359415087890624818e-01,-1.853047226562499761e+00,-7.930673974609374621e-01,8.943100439453124384e-01,-1.494096025390624805e+00,-8.866401464843749469e-01,-7.623878076171873852e-01,1.380581542968749797e+00,-4.786016015624999786e-01,-3.880968115234374460e-01,1.478756230468749822e+00,5.844461865234374942e-01,-3.113978369140624758e-01,6.120578173828123969e-01
8.068732128906249690e-01,2.837862060546874621e-01,-1.216445737304687302e+00,4.325822167968749743e-01,3.420774267578124417e-01,-1.846911308593749856e+00,-8.590285156249999332e-01,8.344848437499998717e-01,-1.383649501953124972e+00,-8.068732128906249690e-01,-7.792615820312499553e-01,1.279338896484374821e+00,-4.786016015624999786e-01,-3.911647705078124537e-01,1.569261020507812354e+00,5.583685351562499566e-01,-3.482133447265624571e-01,5.844461865234374942e-01
7.163684228515624364e-01,2.899221240234374775e-01,-1.118271049804687500e+00,3.420774267578124417e-01,3.298055908203124664e-01,-1.833105493164062239e+00,-9.679410595703124010e-01,8.513586181640624417e-01,-1.273202978515624917e+00,-7.455140332031249262e-01,-7.639217871093749723e-01,1.170426352539062353e+00,-5.691063916015624002e-01,-4.003686474609374768e-01,1.659765810546874887e+00,4.632618066406249402e-01,-3.436114062499999733e-01,6.458053662109374260e-01
6.534752636718749175e-01,2.791842675781249783e-01,-1.018562382812499889e+00,2.561745751953125039e-01,3.267376318359374587e-01,-1.822367636718749795e+00,-1.018562382812499889e+00,8.759022900390623922e-01,-1.165824414062499814e+00,-7.010286279296874534e-01,-7.086985253906249449e-01,1.070717685546874964e+00,-5.384268017578124343e-01,-4.203103808593749435e-01,1.696581318359374757e+00,3.804269140624999546e-01,-4.218443603515624751e-01,7.347761767578124825e-01
6.181937353515624123e-01,2.362328417968749816e-01,-9.173197363281249128e-01,1.764076416015624704e-01,3.574172216796874801e-01,-1.810095800781249764e+00,-9.725429980468749402e-01,8.176110693359374126e-01,-1.047707993164062490e+00,-6.672810791015624243e-01,-6.166597558593749362e-01,9.633391210937498617e-01,-4.647957861328124718e-01,-4.586598681640624564e-01,1.627552241210937334e+00,4.080385449218749683e-01,-5.307569042968749429e-01,8.329508642578123956e-01
6.089898583984374447e-01,2.300969238281249662e-01,-8.237469873046874280e-01,8.743683105468749717e-02,4.065045654296874367e-01,-1.800891923828124908e+00,-9.878827929687499232e-01,8.314168847656249195e-01,-9.387954492187499111e-01,-6.611451611328124089e-01,-5.092811914062499445e-01,8.866401464843749469e-01,-3.758249755859374708e-01,-4.601938476562499325e-01,1.526309594726562358e+00,3.589512011718749562e-01,-6.366014892578124584e-01,9.372614697265624351e-01
6.074558789062499686e-01,2.515726367187499646e-01,-7.424460742187499740e-01,-1.533979492187499943e-03,4.325822167968749743e-01,-1.714989072265624914e+00,-1.015494423828124937e+00,7.930673974609374621e-01,-8.237469873046874280e-01,-6.642131201171874721e-01,-4.019026269531249529e-01,8.973780029296873906e-01,-2.868541650390624698e-01,-4.111065039062499760e-01,1.418931030273437477e+00,3.037279394531249843e-01,-7.378441357421874347e-01,1.053843911132812394e+00
6.181937353515624123e-01,2.653784521484374714e-01,-7.562518896484374809e-01,-7.976693359374999182e-02,4.571258886718749803e-01,-1.609144487304687399e+00,-9.648731005859374488e-01,7.148344433593749603e-01,-7.102325048828124210e-01,-6.534752636718749175e-01,-2.929900830078124851e-01,9.940187109374999386e-01,-2.070872314453124918e-01,-3.558832421874999485e-01,1.308484506835937422e+00,2.929900830078124851e-01,-8.022712744140624297e-01,1.165824414062499814e+00
6.258636328124999038e-01,2.515726367187499646e-01,-8.559605566406248700e-01,-1.595338671874999836e-01,4.632618066406249402e-01,-1.497163984374999757e+00,-8.697663720703123769e-01,6.059218994140624925e-01,-6.350675097656249823e-01,-6.550092431640623936e-01,-1.794756005859374781e-01,1.095261357421874804e+00,-1.257863183593749823e-01,-3.021939599609374527e-01,1.194970024414062415e+00,2.929900830078124851e-01,-8.176110693359374126e-01,1.279338896484374821e+00
6.504073046874999653e-01,2.040192724609374841e-01,-9.664070800781249249e-01,-2.469706982421874808e-01,4.525239501953124410e-01,-1.388251440429687289e+00,-7.623878076171873852e-01,4.954753759765624377e-01,-6.013199609374999532e-01,-6.596111816406249329e-01,-1.303882568359374938e-01,1.193436044921874828e+00,-3.681550781249999515e-02,-2.899221240234374775e-01,1.075319624023437504e+00,2.975920214843749689e-01,-8.222130078124999519e-01,1.394387358398437415e+00
6.795529150390624551e-01,1.426600927734374968e-01,-1.067649726562500012e+00,-3.405434472656249656e-01,4.325822167968749743e-01,-1.285474814453124948e+00,-6.442713867187499499e-01,4.417860937499999419e-01,-6.013199609374999532e-01,-6.688150585937499004e-01,-1.564659082031249759e-01,1.173494311523437306e+00,6.289315917968749114e-02,-2.791842675781249783e-01,9.740769775390624163e-01,3.006599804687499766e-01,-8.314168847656249195e-01,1.500231943359374931e+00
7.163684228515624364e-01,1.165824414062499870e-01,-1.158154516601562323e+00,-4.295142578124999666e-01,3.957667089843749375e-01,-1.239455429687499999e+00,-5.353588427734374822e-01,4.847375195312499385e-01,-6.135917968749999840e-01,-6.718830175781249636e-01,-1.856115185546874935e-01,1.101397275390624930e+00,1.748736621093749943e-01,-2.822522265624999860e-01,9.311255517578124197e-01,2.929900830078124851e-01,-8.145431103515624605e-01,1.592270712890624829e+00
7.562518896484374809e-01,1.395921337890624891e-01,-1.234853491210937459e+00,-4.985433349609374454e-01,3.512813037109374648e-01,-1.213377778320312350e+00,-4.279802783203124350e-01,5.645044531249999720e-01,-6.366014892578124584e-01,-6.703490380859374875e-01,-2.592425341796874561e-01,1.076853603515624869e+00,2.607765136718749877e-01,-2.899221240234374775e-01,9.449313671874999265e-01,2.715143701171874868e-01,-8.574945361328124571e-01,1.665901728515624791e+00
7.731256640624999399e-01,1.702717236328124828e-01,-1.310018486328124787e+00,-4.724656835937499633e-01,3.466793652343749810e-01,-1.198037983398437367e+00,-3.896307910156249776e-01,6.488733251953124892e-01,-6.319995507812499191e-01,-6.626791406249998850e-01,-3.405434472656249656e-01,1.113669111328124961e+00,3.175337548828124912e-01,-3.313395703124999425e-01,9.970866699218748908e-01,2.623104931640624637e-01,-8.912420849609373752e-01,1.731862846679687262e+00
7.715916845703124638e-01,2.040192724609374841e-01,-1.380581542968749797e+00,-4.801355810546874547e-01,3.420774267578124417e-01,-1.193436044921874828e+00,-3.712230371093749870e-01,7.010286279296874534e-01,-6.319995507812499191e-01,-6.534752636718749175e-01,-4.310482373046874427e-01,1.202639921874999906e+00,3.957667089843749375e-01,-3.666210986328124477e-01,1.044640034179687316e+00,2.638444726562499953e-01,-9.096498388671874213e-01,1.797823964843749733e+00
7.685237255859374006e-01,2.439027392578124731e-01,-1.441940722656249951e+00,-4.494559912109374333e-01,3.681550781249999793e-01,-1.184232167968749971e+00,-4.249123193359374828e-01,6.688150585937499004e-01,-6.611451611328124089e-01,-6.458053662109374260e-01,-5.123491503906250077e-01,1.308484506835937422e+00,4.647957861328124718e-01,-3.911647705078124537e-01,1.084523500976562360e+00,2.699803906249999552e-01,-9.081158593749999453e-01,1.837707431640624778e+00
7.685237255859374006e-01,2.822522265624999860e-01,-1.498697963867187344e+00,-3.620191601562499639e-01,4.019026269531249529e-01,-1.191902065429687463e+00,-5.077472119140624685e-01,6.227956738281249516e-01,-7.117664843749998971e-01,-6.504073046874999653e-01,-5.798442480468749549e-01,1.403591235351562272e+00,4.525239501953124410e-01,-4.049705859374999606e-01,1.121339008789062452e+00,2.776502880859375022e-01,-9.035139208984374060e-01,1.823901616210937382e+00
7.669897460937499245e-01,3.206017138671874989e-01,-1.552387246093749784e+00,-2.653784521484374714e-01,4.264462988281249589e-01,-1.242523388671874951e+00,-5.997859814453124772e-01,5.445627197265624497e-01,-7.899994384765623989e-01,-6.519412841796874414e-01,-6.013199609374999532e-01,1.500231943359374931e+00,4.494559912109374333e-01,-4.111065039062499760e-01,1.199571962890624954e+00,2.791842675781249783e-01,-8.636304541015624725e-01,1.754872539062499737e+00
7.715916845703124638e-01,3.528152832031249408e-01,-1.613746425781249938e+00,-1.687377441406249790e-01,4.555919091796874487e-01,-1.323824301757812405e+00,-5.813782275390624310e-01,5.062132324218749924e-01,-7.792615820312499553e-01,-6.458053662109374260e-01,-5.844461865234374942e-01,1.603008569335937272e+00,3.896307910156249776e-01,-4.218443603515624751e-01,1.233319511718749872e+00,2.807182470703124544e-01,-8.743683105468749162e-01,1.641358056640624952e+00
7.562518896484374809e-01,3.727570166015624631e-01,-1.693513359374999805e+00,-7.056305664062499650e-02,4.770676220703124470e-01,-1.417397050781249890e+00,-5.092811914062499445e-01,4.203103808593749435e-01,-8.237469873046874280e-01,-6.442713867187499499e-01,-5.430287402343749736e-01,1.699649277343749931e+00,3.006599804687499766e-01,-4.571258886718749803e-01,1.173494311523437306e+00,2.960580419921874928e-01,-9.633391210937498617e-01,1.526309594726562358e+00
6.918247509765624859e-01,3.788929345703124785e-01,-1.782484169921874750e+00,3.067958984374999712e-02,4.878054785156249462e-01,-1.518639697265624866e+00,-5.184850683593749121e-01,3.298055908203124664e-01,-9.019799414062499299e-01,-6.672810791015624243e-01,-4.663297656249999479e-01,1.788620087890624877e+00,2.024852929687499803e-01,-4.663297656249999479e-01,1.125940947265624992e+00,3.512813037109374648e-01,-9.464653466796874026e-01,1.418931030273437477e+00
6.810868945312499312e-01,3.911647705078124537e-01,-1.859183144531249887e+00,1.303882568359374938e-01,4.878054785156249462e-01,-1.615280405273437303e+00,-5.553005761718750044e-01,2.991260009765625005e-01,-9.648731005859374488e-01,-7.040965869140624056e-01,-4.555919091796874487e-01,1.860717124023437252e+00,9.970866699218748630e-02,-4.601938476562499325e-01,1.098329316406249978e+00,4.356501757812499820e-01,-8.789702490234374554e-01,1.302348588867187296e+00
6.764849560546873919e-01,3.880968115234374460e-01,-1.948153955078124833e+00,2.393008007812499893e-01,4.816695605468749308e-01,-1.725726928710937358e+00,-5.629704736328124959e-01,2.899221240234374775e-01,-9.265236132812498804e-01,-7.378441357421874347e-01,-4.571258886718749803e-01,1.932814160156249850e+00,-4.601938476562499394e-03,-4.540579296874999726e-01,1.059979829101562299e+00,4.939413964843749616e-01,-8.544265771484373939e-01,1.187300126953124924e+00
6.718830175781249636e-01,3.589512011718749562e-01,-2.041726704101562095e+00,3.466793652343749810e-01,4.816695605468749308e-01,-1.828503554687499921e+00,-5.721743505859374634e-01,2.745823291015624945e-01,-8.436887207031249503e-01,-7.715916845703124638e-01,-4.448540527343749496e-01,1.994173339843749782e+00,-1.135144824218749932e-01,-4.509899707031249649e-01,1.018562382812499889e+00,4.693977246093749556e-01,-8.590285156249999332e-01,1.078387583007812456e+00
6.718830175781249636e-01,3.451453857421874494e-01,-2.106153842773437201e+00,4.601938476562499325e-01,4.755336425781249710e-01,-1.868387021484374744e+00,-5.384268017578124343e-01,2.592425341796874561e-01,-8.743683105468749162e-01,-8.237469873046874280e-01,-4.448540527343749496e-01,1.995707319335937369e+00,-1.917474365234374811e-01,-4.448540527343749496e-01,9.526012646484374180e-01,4.939413964843749616e-01,-8.114751513671873973e-01,9.633391210937498617e-01
6.856888330078124705e-01,3.650871191406249716e-01,-2.184386796874999703e+00,5.568345556640624805e-01,4.755336425781249710e-01,-1.942018037109374928e+00,-5.921160839843749857e-01,2.546405957031249723e-01,-8.099411718749999212e-01,-8.467566796874999024e-01,-4.617278271484374641e-01,2.021784970703124795e+00,-2.653784521484374714e-01,-4.402521142578124658e-01,9.065818798828124692e-01,4.555919091796874487e-01,-8.130091308593748733e-01,9.019799414062499299e-01
6.810868945312499312e-01,3.804269140624999546e-01,-2.268755668945312109e+00,6.565432226562499807e-01,4.678637451171874795e-01,-2.040192724609374952e+00,-6.872228124999999466e-01,2.316309033203124701e-01,-7.025626074218749295e-01,-8.498246386718749656e-01,-5.108151708984374206e-01,1.992639360351562416e+00,-3.006599804687499766e-01,-4.356501757812499820e-01,9.311255517578124197e-01,3.880968115234374460e-01,-7.807955615234374314e-01,8.053392333984373819e-01
7.086985253906249449e-01,3.942327294921874614e-01,-2.277959545898437188e+00,7.194363818359373886e-01,4.555919091796874487e-01,-2.064736396484375014e+00,-6.841548535156248834e-01,2.745823291015624945e-01,-7.439800537109374501e-01,-8.375528027343749349e-01,-5.399607812499999104e-01,1.894464672851562392e+00,-2.208930468749999709e-01,-4.279802783203124350e-01,9.572032031249999573e-01,4.157084423828124597e-01,-6.933587304687499620e-01,8.329508642578123956e-01
7.347761767578124825e-01,4.095725244140624444e-01,-2.201260571289062273e+00,6.979606689453123902e-01,4.571258886718749803e-01,-2.055532519531249935e+00,-5.890481249999999225e-01,3.620191601562499639e-01,-8.498246386718749656e-01,-8.344848437499998717e-01,-5.338248632812500061e-01,1.800891923828124908e+00,-1.181164208984374908e-01,-3.973006884765624691e-01,9.372614697265624351e-01,5.062132324218749924e-01,-6.074558789062499686e-01,8.206790283203124758e-01
7.685237255859374006e-01,4.141744628906249837e-01,-2.116891699218749867e+00,6.120578173828123969e-01,4.172424218749999358e-01,-2.044794663085937270e+00,-5.599025146484374327e-01,4.525239501953124410e-01,-8.498246386718749656e-01,-8.406207617187498871e-01,-5.200190478515624992e-01,1.699649277343749931e+00,-1.840775390624999758e-02,-3.528152832031249408e-01,9.679410595703124010e-01,6.105238378906249208e-01,-5.108151708984374206e-01,7.409120947265623869e-01
7.531839306640624176e-01,4.141744628906249837e-01,-2.014115073242187304e+00,5.246209863281249275e-01,3.635531396484374400e-01,-2.032522827148437461e+00,-5.537665966796874173e-01,5.506986376953124651e-01,-7.439800537109374501e-01,-8.406207617187498871e-01,-5.414947607421874975e-01,1.603008569335937272e+00,-4.601938476562499394e-03,-3.190677343749999673e-01,1.050775952148437442e+00,7.056305664062498817e-01,-4.279802783203124350e-01,7.255722998046874039e-01
7.255722998046874039e-01,4.034366064453124845e-01,-1.922076303710937406e+00,4.479220117187499572e-01,3.804269140624999546e-01,-2.015649052734374891e+00,-5.368928222656249583e-01,6.580772021484374568e-01,-7.209703613281249757e-01,-8.375528027343749349e-01,-5.675724121093749241e-01,1.500231943359374931e+00,-2.300969238281249871e-02,-3.159997753906249596e-01,1.122872988281249818e+00,7.715916845703124638e-01,-4.003686474609374768e-01,7.608538281249999091e-01
6.918247509765624859e-01,3.911647705078124537e-01,-1.823901616210937382e+00,3.742909960937499392e-01,4.172424218749999358e-01,-1.997241298828124734e+00,-4.878054785156249462e-01,7.623878076171873852e-01,-7.884654589843749228e-01,-8.390867822265624110e-01,-5.783102685546874788e-01,1.398989296874999955e+00,-7.363101562499999031e-02,-3.206017138671874989e-01,1.191902065429687463e+00,7.470480126953124023e-01,-4.065045654296874367e-01,8.191450488281248887e-01
6.534752636718749175e-01,3.819608935546874862e-01,-1.725726928710937358e+00,2.960580419921874928e-01,4.387181347656249342e-01,-1.981901503906249751e+00,-4.233783398437499512e-01,8.528925976562499178e-01,-8.881741259765624230e-01,-8.651644335937499486e-01,-5.460966992187499258e-01,1.293144711914062439e+00,-1.549319287109374998e-01,-3.298055908203124664e-01,1.207241860351562446e+00,7.777276025390624792e-01,-4.203103808593749435e-01,8.973780029296873906e-01
6.243296533203124277e-01,3.589512011718749562e-01,-1.627552241210937334e+00,2.178250878906249910e-01,4.540579296874999726e-01,-1.961959770507812229e+00,-4.095725244140624444e-01,8.789702490234374554e-01,-8.590285156249999332e-01,-8.805042285156249315e-01,-5.092811914062499445e-01,1.193436044921874828e+00,-2.285629443359374902e-01,-3.420774267578124417e-01,1.152018598632812418e+00,7.470480126953124023e-01,-5.031452734374999292e-01,9.740769775390624163e-01
6.120578173828123969e-01,2.960580419921874928e-01,-1.521707656249999818e+00,1.303882568359374938e-01,4.341161962890624504e-01,-1.943552016601562293e+00,-4.371841552734374581e-01,8.789702490234374554e-01,-7.577858691406249569e-01,-8.943100439453124384e-01,-4.371841552734374581e-01,1.081455541992187408e+00,-2.960580419921874928e-01,-3.819608935546874862e-01,1.099863295898437343e+00,6.534752636718749175e-01,-6.181937353515624123e-01,1.070717685546874964e+00
6.089898583984374447e-01,2.577085546874999800e-01,-1.421998989257812429e+00,4.601938476562499741e-02,4.540579296874999726e-01,-1.902134570312499884e+00,-5.000773144531249770e-01,8.897081054687498991e-01,-6.780189355468749790e-01,-9.372614697265624351e-01,-3.558832421874999485e-01,9.786789160156249556e-01,-3.390094677734374895e-01,-3.788929345703124785e-01,1.029300239257812333e+00,5.691063916015624002e-01,-6.381354687499999345e-01,1.148950639648437466e+00
6.105238378906249208e-01,2.162911083984374871e-01,-1.316154404296874914e+00,-3.528152832031249825e-02,4.878054785156249462e-01,-1.880658857421874774e+00,-4.555919091796874487e-01,8.789702490234374554e-01,-6.749509765624999158e-01,-9.602711621093749095e-01,-2.730483496093749629e-01,8.851061669921874708e-01,-3.896307910156249776e-01,-3.819608935546874862e-01,9.418634082031248633e-01,5.737083300781249395e-01,-7.317082177734374193e-01,1.228717573242187333e+00
6.059218994140624925e-01,1.641358056640624952e-01,-1.208775839843749811e+00,-1.196504003906249947e-01,5.092811914062499445e-01,-1.906736508789062423e+00,-3.850288525390624383e-01,8.298829052734374434e-01,-6.826208740234374073e-01,-9.587371826171874334e-01,-2.070872314453124918e-01,7.823295410156249075e-01,-3.482133447265624571e-01,-4.049705859374999606e-01,8.421547412109374742e-01,6.442713867187499499e-01,-8.421547412109374742e-01,1.326892260742187357e+00
6.074558789062499686e-01,1.380581542968749853e-01,-1.086057480468749947e+00,-2.224270263671874748e-01,5.108151708984374206e-01,-1.965027729492187403e+00,-3.420774267578124417e-01,8.053392333984373819e-01,-6.856888330078124705e-01,-9.633391210937498617e-01,-1.810095800781249820e-01,6.550092431640623936e-01,-2.807182470703124544e-01,-4.295142578124999666e-01,7.209703613281249757e-01,6.856888330078124705e-01,-9.081158593749999453e-01,1.438872763671874777e+00
6.074558789062499686e-01,1.472620312499999806e-01,-9.786789160156249556e-01,-3.144657958984374835e-01,5.215530273437499753e-01,-1.948153955078124833e+00,-3.973006884765624691e-01,8.344848437499998717e-01,-7.255722998046874039e-01,-9.786789160156249556e-01,-1.948153955078124888e-01,6.442713867187499499e-01,-1.917474365234374811e-01,-4.111065039062499760e-01,6.273976123046874909e-01,7.271062792968748800e-01,-8.789702490234374554e-01,1.537047451171874801e+00
6.212616943359374755e-01,1.641358056640624952e-01,-8.728343310546874401e-01,-4.019026269531249529e-01,5.307569042968749429e-01,-1.865319062499999792e+00,-5.016112939453124531e-01,8.283489257812499673e-01,-8.099411718749999212e-01,-9.986206494140623668e-01,-2.178250878906249910e-01,7.194363818359373886e-01,-9.050479003906249098e-02,-3.159997753906249596e-01,6.120578173828123969e-01,7.915334179687498750e-01,-8.237469873046874280e-01,1.613746425781249938e+00
6.442713867187499499e-01,1.748736621093749943e-01,-7.746596435546874160e-01,-4.770676220703124470e-01,5.460966992187499258e-01,-1.754872539062499737e+00,-5.905821044921873986e-01,7.961353564453124143e-01,-9.173197363281249128e-01,-1.010892485351562398e+00,-2.331648828124999739e-01,7.961353564453124143e-01,7.669897460937499280e-03,-2.485046777343749846e-01,6.642131201171874721e-01,8.605624951171874093e-01,-7.715916845703124638e-01,1.685843461914062313e+00
6.718830175781249636e-01,1.902134570312499773e-01,-7.133004638671874842e-01,-5.445627197265624497e-01,5.506986376953124651e-01,-1.642892036132812317e+00,-5.813782275390624310e-01,7.623878076171873852e-01,-1.029300239257812333e+00,-1.018562382812499889e+00,-2.500386572265624885e-01,8.252809667968749041e-01,9.357274902343748479e-02,-2.331648828124999739e-01,7.654557666015624484e-01,9.111838183593748974e-01,-7.194363818359373886e-01,1.756406518554687324e+00
6.780189355468749790e-01,2.132231494140624795e-01,-7.025626074218749295e-01,-5.997859814453124772e-01,5.506986376953124651e-01,-1.549319287109374832e+00,-4.908734374999999539e-01,7.700577050781248767e-01,-1.144348701171874927e+00,-1.024698300781250015e+00,-2.669124316406250030e-01,8.298829052734374434e-01,9.970866699218748630e-02,-2.423687597656249693e-01,8.636304541015624725e-01,8.682323925781249008e-01,-7.271062792968748800e-01,1.808561821289062399e+00
6.642131201171874721e-01,2.408347802734374654e-01,-7.501159716796874655e-01,-6.381354687499999345e-01,5.445627197265624497e-01,-1.526309594726562358e+00,-3.850288525390624383e-01,7.286402587890624671e-01,-1.251727265624999808e+00,-1.030834218749999920e+00,-3.129318164062499519e-01,8.897081054687498991e-01,1.687377441406249720e-02,-2.653784521484374714e-01,9.526012646484374180e-01,7.823295410156249075e-01,-7.056305664062498817e-01,1.794756005859374781e+00
6.458053662109374260e-01,2.684464111328124791e-01,-8.206790283203124758e-01,-6.749509765624999158e-01,5.460966992187499258e-01,-1.521707656249999818e+00,-3.129318164062499519e-01,6.427374072265624738e-01,-1.360639809570312275e+00,-1.043106054687499951e+00,-4.065045654296874367e-01,8.452227001953124264e-01,-7.823295410156248797e-02,-3.512813037109374648e-01,1.038504116210937411e+00,6.979606689453123902e-01,-7.685237255859374006e-01,1.690445400390624853e+00
6.412034277343749977e-01,2.945240624999999612e-01,-8.989119824218748667e-01,-6.902907714843748987e-01,4.908734374999999539e-01,-1.515571738281249914e+00,-3.006599804687499766e-01,5.430287402343749736e-01,-1.468018374023437378e+00,-1.033902177734374872e+00,-4.786016015624999786e-01,7.623878076171873852e-01,-1.626018261718749913e-01,-3.957667089843749375e-01,1.116737070312499913e+00,5.951840429687499379e-01,-7.455140332031249262e-01,1.575396938476562259e+00
6.488733251953124892e-01,3.129318164062499519e-01,-9.863488134765624471e-01,-6.550092431640623936e-01,4.801355810546874547e-01,-1.504833881835937470e+00,-2.791842675781249783e-01,4.647957861328124718e-01,-1.558523164062499911e+00,-1.036970136718749824e+00,-5.368928222656249583e-01,6.688150585937499004e-01,-2.408347802734374654e-01,-4.571258886718749803e-01,1.176562270507812480e+00,5.092811914062499445e-01,-7.731256640624999399e-01,1.458814497070312299e+00
6.596111816406249329e-01,3.206017138671874989e-01,-1.072251665039062329e+00,-5.691063916015624002e-01,4.816695605468749308e-01,-1.506367861328124835e+00,-3.006599804687499766e-01,4.080385449218749683e-01,-1.636756118164062412e+00,-1.041572075195312364e+00,-6.089898583984374447e-01,6.197277148437499994e-01,-3.206017138671874989e-01,-5.215530273437499753e-01,1.222581655273437429e+00,4.065045654296874367e-01,-8.406207617187498871e-01,1.349901953124999832e+00
6.764849560546873919e-01,3.206017138671874989e-01,-1.167358393554687401e+00,-4.739996630859374394e-01,4.739996630859374394e-01,-1.566193061523437402e+00,-3.604851806640624878e-01,3.804269140624999546e-01,-1.704251215820312249e+00,-1.044640034179687316e+00,-6.856888330078124705e-01,6.565432226562499807e-01,-3.988346679687499452e-01,-5.691063916015624002e-01,1.244057368164062316e+00,3.144657958984374835e-01,-8.436887207031249503e-01,1.239455429687499999e+00
7.332421972656248954e-01,3.236696728515624510e-01,-1.260931142578124886e+00,-3.635531396484374400e-01,4.647957861328124718e-01,-1.662833769531249839e+00,-3.834948730468749623e-01,3.712230371093749870e-01,-1.776348251953124846e+00,-1.066115747070312425e+00,-7.485819921874998784e-01,7.531839306640624176e-01,-4.770676220703124470e-01,-5.905821044921873986e-01,1.245591347656249903e+00,2.638444726562499953e-01,-8.329508642578123956e-01,1.129008906249999944e+00
8.206790283203124758e-01,3.267376318359374587e-01,-1.356037871093749958e+00,-2.607765136718749877e-01,4.249123193359374828e-01,-1.730328867187499897e+00,-4.509899707031249649e-01,3.712230371093749870e-01,-1.842309370117187317e+00,-1.075319624023437504e+00,-7.623878076171873852e-01,8.590285156249999332e-01,-5.553005761718750044e-01,-6.212616943359374755e-01,1.240989409179687364e+00,2.531066162109374962e-01,-7.608538281249999091e-01,1.013960444335937350e+00
9.065818798828124692e-01,3.313395703124999425e-01,-1.443474702148437316e+00,-1.610678466796874875e-01,3.896307910156249776e-01,-1.782484169921874750e+00,-5.292229248046874668e-01,3.712230371093749870e-01,-1.906736508789062423e+00,-1.053843911132812394e+00,-7.485819921874998784e-01,9.572032031249999573e-01,-6.074558789062499686e-01,-6.488733251953124892e-01,1.242523388671874951e+00,2.822522265624999860e-01,-6.688150585937499004e-01,8.989119824218748667e-01
9.526012646484374180e-01,3.420774267578124417e-01,-1.530911533203124897e+00,-5.829122070312499349e-02,3.252036523437499826e-01,-1.793222026367187416e+00,-4.939413964843749616e-01,3.696890576171874554e-01,-1.978833544921874799e+00,-1.036970136718749824e+00,-7.163684228515624364e-01,1.058445849609374934e+00,-6.810868945312499312e-01,-6.734169970703124397e-01,1.244057368164062316e+00,3.451453857421874494e-01,-5.905821044921873986e-01,7.777276025390624792e-01
9.679410595703124010e-01,3.589512011718749562e-01,-1.589202753906249876e+00,4.141744628906249281e-02,2.331648828124999739e-01,-1.736464785156249802e+00,-4.816695605468749308e-01,3.666210986328124477e-01,-2.029454868164062287e+00,-1.015494423828124937e+00,-6.458053662109374260e-01,1.152018598632812418e+00,-6.488733251953124892e-01,-6.979606689453123902e-01,1.237921450195312412e+00,4.310482373046874427e-01,-5.169510888671874360e-01,6.749509765624999158e-01
9.848148339843748600e-01,3.727570166015624631e-01,-1.650561933593749808e+00,1.395921337890624891e-01,1.441940722656250007e-01,-1.676639584960937457e+00,-5.430287402343749736e-01,3.681550781249999793e-01,-1.991105380859374829e+00,-1.004756567382812493e+00,-6.396694482421874106e-01,1.228717573242187333e+00,-5.675724121093749241e-01,-7.179024023437499125e-01,1.231785532226562285e+00,5.200190478515624992e-01,-4.586598681640624564e-01,7.025626074218749295e-01
9.894167724609373993e-01,3.819608935546874862e-01,-1.655163872070312348e+00,2.086212109374999679e-01,8.130091308593749566e-02,-1.655163872070312348e+00,-5.905821044921873986e-01,4.325822167968749743e-01,-1.885260795898437314e+00,-9.955526904296874147e-01,-6.734169970703124397e-01,1.305416547851562470e+00,-4.847375195312499385e-01,-7.286402587890624671e-01,1.237921450195312412e+00,5.921160839843749857e-01,-4.632618066406249402e-01,7.685237255859374006e-01
9.894167724609373993e-01,3.880968115234374460e-01,-1.564659082031249815e+00,1.902134570312499773e-01,7.363101562499999031e-02,-1.639824077148437365e+00,-5.829122070312499071e-01,5.307569042968749429e-01,-1.774814272460937259e+00,-9.786789160156249556e-01,-6.764849560546873919e-01,1.397455317382812368e+00,-3.865628320312499699e-01,-7.317082177734374193e-01,1.290076752929687487e+00,6.780189355468749790e-01,-4.770676220703124470e-01,8.498246386718749656e-01
9.602711621093749095e-01,3.804269140624999546e-01,-1.471086333007812330e+00,1.073785644531249917e-01,7.516499511718749416e-02,-1.624484282226562382e+00,-5.553005761718750044e-01,6.212616943359374755e-01,-1.672037646484374918e+00,-9.618051416015623856e-01,-6.534752636718749175e-01,1.443474702148437316e+00,-2.975920214843749689e-01,-6.994946484374999773e-01,1.375979604492187480e+00,6.780189355468749790e-01,-5.506986376953124651e-01,9.341935107421873719e-01
9.050479003906248820e-01,3.696890576171874554e-01,-1.374445624999999893e+00,9.357274902343748479e-02,8.130091308593749566e-02,-1.596872651367187368e+00,-5.629704736328124959e-01,7.071645458984374688e-01,-1.556989184570312323e+00,-9.403294287109373872e-01,-6.043879199218749054e-01,1.375979604492187480e+00,-2.208930468749999709e-01,-6.810868945312499312e-01,1.431202866210937286e+00,6.151257763671874601e-01,-6.550092431640623936e-01,1.027766259765624968e+00
8.176110693359374126e-01,3.620191601562499639e-01,-1.277804916992187456e+00,1.119805029296874893e-01,8.130091308593749566e-02,-1.604542548828124859e+00,-6.243296533203124277e-01,7.654557666015624484e-01,-1.443474702148437316e+00,-9.157857568359374367e-01,-5.138831298828124838e-01,1.288542773437499900e+00,-1.457280517578124768e-01,-6.948927099609374380e-01,1.392853378906249828e+00,5.230870068359374514e-01,-7.685237255859374006e-01,1.122872988281249818e+00
7.439800537109374501e-01,3.727570166015624631e-01,-1.175028291015624893e+00,5.062132324218749507e-02,9.817468749999999633e-02,-1.604542548828124859e+00,-7.271062792968748800e-01,7.439800537109374501e-01,-1.325358281249999770e+00,-8.375528027343749349e-01,-4.801355810546874547e-01,1.207241860351562446e+00,-6.135917968749999424e-02,-6.994946484374999773e-01,1.372911645507812306e+00,4.433200732421874735e-01,-7.608538281249999091e-01,1.207241860351562446e+00
6.856888330078124705e-01,3.942327294921874614e-01,-1.089125439453124899e+00,-3.681550781249999515e-02,1.549319287109374998e-01,-1.578464897460937433e+00,-8.390867822265624110e-01,7.946013769531249382e-01,-1.224115634765624794e+00,-7.577858691406249569e-01,-4.509899707031249649e-01,1.168892373046874988e+00,2.607765136718749599e-02,-7.025626074218749295e-01,1.360639809570312275e+00,4.065045654296874367e-01,-7.516499511718749416e-01,1.276270937499999869e+00
6.473393457031249021e-01,4.325822167968749743e-01,-1.121339008789062452e+00,-1.165824414062499870e-01,1.994173339843749726e-01,-1.474154291992187282e+00,-9.526012646484374180e-01,8.344848437499998717e-01,-1.110601152343750009e+00,-7.025626074218749295e-01,-3.773589550781249469e-01,1.119805029296874865e+00,1.211843798828124846e-01,-6.749509765624999158e-01,1.277804916992187456e+00,3.788929345703124785e-01,-7.501159716796874655e-01,1.349901953124999832e+00
6.304655712890624430e-01,4.371841552734374581e-01,-1.222581655273437429e+00,-1.349901953124999776e-01,2.899221240234374775e-01,-1.457280517578124934e+00,-1.061513808593749886e+00,7.731256640624999399e-01,-9.955526904296874147e-01,-6.764849560546873919e-01,-3.758249755859374708e-01,1.061513808593749886e+00,2.239610058593749786e-01,-6.151257763671874601e-01,1.179630229492187432e+00,3.436114062499999733e-01,-8.344848437499998717e-01,1.429668886718749921e+00
6.442713867187499499e-01,4.065045654296874367e-01,-1.320756342773437453e+00,-5.829122070312499349e-02,3.973006884765624691e-01,-1.544717348632812293e+00,-1.171960332031249941e+00,6.642131201171874721e-01,-8.759022900390623922e-01,-6.611451611328124089e-01,-4.479220117187499572e-01,1.119805029296874865e+00,3.267376318359374587e-01,-5.307569042968749429e-01,1.173494311523437306e+00,3.037279394531249843e-01,-9.142517773437499606e-01,1.518639697265624866e+00
6.488733251953124892e-01,3.942327294921874614e-01,-1.303882568359374883e+00,2.914561035156249674e-02,4.878054785156249462e-01,-1.592270712890624829e+00,-1.236387470703124825e+00,5.506986376953124651e-01,-7.623878076171873852e-01,-6.611451611328124089e-01,-4.663297656249999479e-01,1.205707880859374859e+00,3.988346679687499452e-01,-4.739996630859374394e-01,1.130542885742187309e+00,2.807182470703124544e-01,-9.341935107421873719e-01,1.612212446289062351e+00
6.550092431640623936e-01,4.095725244140624444e-01,-1.334562158203124849e+00,4.908734374999999817e-02,5.445627197265624497e-01,-1.561591123046874863e+00,-1.268601040039062378e+00,4.310482373046874427e-01,-6.703490380859374875e-01,-6.657470996093749482e-01,-4.693977246093749556e-01,1.285474814453124948e+00,4.908734374999999539e-01,-4.264462988281249589e-01,1.029300239257812333e+00,2.745823291015624945e-01,-9.280575927734374675e-01,1.711921113281249740e+00
6.718830175781249636e-01,4.264462988281249589e-01,-1.412795112304687351e+00,0.000000000000000000e+00,5.445627197265624497e-01,-1.549319287109374832e+00,-1.234853491210937459e+00,3.635531396484374400e-01,-6.197277148437499994e-01,-6.611451611328124089e-01,-4.908734374999999539e-01,1.369843686523437354e+00,5.476306787109374019e-01,-4.187764013671874674e-01,1.010892485351562398e+00,2.761163085937499706e-01,-9.587371826171874334e-01,1.797823964843749733e+00
7.102325048828124210e-01,4.463880322265624812e-01,-1.495630004882812392e+00,2.300969238281249871e-02,5.322908837890624190e-01,-1.547785307617187467e+00,-1.208775839843749811e+00,2.853201855468749937e-01,-6.151257763671874601e-01,-6.657470996093749482e-01,-5.599025146484374327e-01,1.458814497070312299e+00,5.844461865234374942e-01,-4.233783398437499512e-01,1.072251665039062329e+00,2.761163085937499706e-01,-9.572032031249999573e-01,1.808561821289062399e+00
7.593198486328124330e-01,4.693977246093749556e-01,-1.572328979492187306e+00,1.119805029296874893e-01,5.215530273437499753e-01,-1.544717348632812293e+00,-1.152018598632812418e+00,2.377668212890624855e-01,-6.580772021484374568e-01,-6.626791406249998850e-01,-6.151257763671874601e-01,1.550853266601562419e+00,5.491646582031249890e-01,-4.264462988281249589e-01,1.150484619140624831e+00,2.761163085937499706e-01,-9.219216748046874521e-01,1.713455092773437327e+00
8.406207617187498871e-01,4.970093554687499693e-01,-1.644426015624999904e+00,2.024852929687499803e-01,5.031452734374999292e-01,-1.561591123046874863e+00,-1.072251665039062329e+00,2.454367187499999770e-01,-6.672810791015624243e-01,-6.657470996093749482e-01,-6.534752636718749175e-01,1.567727041015624767e+00,4.709317041015624317e-01,-4.509899707031249649e-01,1.216445737304687302e+00,2.715143701171874868e-01,-9.234556542968749282e-01,1.601474589843749907e+00
8.973780029296873906e-01,5.230870068359374514e-01,-1.710387133789062375e+00,2.899221240234374775e-01,4.924074169921874300e-01,-1.601474589843749907e+00,-9.756109570312498924e-01,3.052619189453124604e-01,-6.304655712890624430e-01,-6.703490380859374875e-01,-6.580772021484374568e-01,1.489494086914062265e+00,3.926987499999999853e-01,-5.062132324218749924e-01,1.205707880859374859e+00,2.638444726562499953e-01,-9.372614697265624351e-01,1.494096025390624805e+00
9.081158593749999453e-01,5.460966992187499258e-01,-1.784018149414062337e+00,3.758249755859374708e-01,4.617278271484374641e-01,-1.642892036132812317e+00,-8.651644335937499486e-01,4.003686474609374768e-01,-6.227956738281249516e-01,-6.657470996093749482e-01,-6.718830175781249636e-01,1.395921337890624780e+00,3.083298779296874681e-01,-5.368928222656249583e-01,1.107533193359374835e+00,2.531066162109374962e-01,-9.418634082031248633e-01,1.408193173828124811e+00
9.004459619140624538e-01,5.645044531249999720e-01,-1.863785083007812426e+00,4.632618066406249402e-01,4.862714990234374701e-01,-1.673571625976562283e+00,-7.531839306640624176e-01,4.878054785156249462e-01,-6.396694482421874106e-01,-6.718830175781249636e-01,-6.734169970703124397e-01,1.293144711914062439e+00,2.101551904296874718e-01,-5.215530273437499753e-01,1.009358505859374810e+00,2.500386572265624885e-01,-9.495333056640624658e-01,1.308484506835937422e+00
8.851061669921874708e-01,5.476306787109374019e-01,-1.949687934570312420e+00,5.599025146484374327e-01,4.816695605468749308e-01,-1.764076416015624815e+00,-6.350675097656249823e-01,5.506986376953124651e-01,-6.427374072265624738e-01,-6.979606689453123902e-01,-6.826208740234374073e-01,1.182698188476562384e+00,9.970866699218748630e-02,-5.031452734374999292e-01,9.387954492187499111e-01,2.485046777343749846e-01,-9.526012646484374180e-01,1.227183593749999968e+00
8.482906591796873785e-01,5.506986376953124651e-01,-2.029454868164062287e+00,6.611451611328124089e-01,4.801355810546874547e-01,-1.857649165039062300e+00,-5.230870068359374514e-01,6.335335302734373952e-01,-6.519412841796874414e-01,-7.148344433593749603e-01,-6.427374072265624738e-01,1.130542885742187309e+00,-7.669897460937499280e-03,-4.908734374999999539e-01,8.651644335937499486e-01,2.485046777343749846e-01,-9.541352441406248941e-01,1.135144824218749848e+00
7.930673974609374621e-01,5.614364941406249088e-01,-2.113823740234374693e+00,7.133004638671874842e-01,4.647957861328124718e-01,-1.889862734374999853e+00,-4.095725244140624444e-01,7.286402587890624671e-01,-7.086985253906249449e-01,-7.455140332031249262e-01,-5.506986376953124651e-01,1.053843911132812394e+00,-1.119805029296874893e-01,-4.755336425781249710e-01,7.761936230468748921e-01,2.546405957031249723e-01,-9.526012646484374180e-01,1.178096249999999845e+00
7.792615820312499553e-01,5.629704736328124959e-01,-2.204328530273437448e+00,7.899994384765623989e-01,4.739996630859374394e-01,-1.919008344726562232e+00,-3.834948730468749623e-01,7.086985253906249449e-01,-6.550092431640623936e-01,-7.792615820312499553e-01,-5.292229248046874668e-01,9.618051416015623856e-01,-1.902134570312499773e-01,-4.709317041015624317e-01,7.577858691406249569e-01,2.500386572265624885e-01,-9.526012646484374180e-01,1.280872875976562408e+00
7.807955615234374314e-01,5.706403710937499874e-01,-2.222736284179687161e+00,8.421547412109374742e-01,4.739996630859374394e-01,-1.997241298828124734e+00,-4.095725244140624444e-01,6.718830175781249636e-01,-6.089898583984374447e-01,-7.807955615234374314e-01,-5.246209863281249275e-01,9.786789160156249556e-01,-2.669124316406250030e-01,-4.678637451171874795e-01,7.255722998046874039e-01,2.515726367187499646e-01,-9.526012646484374180e-01,1.389785419921874876e+00
7.547179101562498937e-01,5.798442480468749549e-01,-2.190522714843749608e+00,8.344848437499998717e-01,4.663297656249999479e-01,-2.053998540039062348e+00,-4.816695605468749308e-01,6.918247509765624859e-01,-5.936500634765624618e-01,-7.807955615234374314e-01,-4.970093554687499693e-01,1.072251665039062329e+00,-2.638444726562499953e-01,-4.586598681640624564e-01,6.565432226562499807e-01,2.531066162109374962e-01,-9.510672851562499419e-01,1.489494086914062265e+00
7.163684228515624364e-01,5.767762890625000027e-01,-2.110755781249999963e+00,7.823295410156249075e-01,4.709317041015624317e-01,-2.058600478515624665e+00,-5.368928222656249583e-01,7.378441357421874347e-01,-5.997859814453124772e-01,-7.639217871093749723e-01,-4.924074169921874300e-01,1.171960332031249941e+00,-1.656697851562499713e-01,-4.325822167968749743e-01,5.997859814453124772e-01,3.083298779296874681e-01,-9.280575927734374675e-01,1.527843574218749945e+00
6.841548535156248834e-01,5.660384326171874481e-01,-2.015649052734374891e+00,6.948927099609374380e-01,4.862714990234374701e-01,-2.053998540039062348e+00,-5.675724121093749241e-01,7.946013769531249382e-01,-6.565432226562499807e-01,-7.378441357421874347e-01,-4.770676220703124470e-01,1.202639921874999906e+00,-5.829122070312499349e-02,-3.804269140624999546e-01,6.013199609374999532e-01,3.742909960937499392e-01,-8.943100439453124384e-01,1.587668774414062289e+00
6.488733251953124892e-01,5.537665966796874173e-01,-1.914406406249999915e+00,6.135917968749999840e-01,5.138831298828124838e-01,-2.047862622070312444e+00,-5.905821044921873986e-01,8.513586181640624417e-01,-7.501159716796874655e-01,-7.225043408203124518e-01,-4.739996630859374394e-01,1.175028291015624893e+00,3.374754882812499440e-02,-3.635531396484374400e-01,6.319995507812499191e-01,4.310482373046874427e-01,-8.897081054687498991e-01,1.652095913085937395e+00
6.319995507812499191e-01,5.491646582031249890e-01,-1.822367636718749795e+00,5.384268017578124343e-01,5.522326171874999412e-01,-2.035590786132812191e+00,-5.537665966796874173e-01,8.897081054687498991e-01,-8.636304541015624725e-01,-7.163684228515624364e-01,-4.770676220703124470e-01,1.082989521484374995e+00,2.914561035156249674e-02,-3.635531396484374400e-01,7.117664843749998971e-01,4.862714990234374701e-01,-8.851061669921874708e-01,1.652095913085937395e+00
6.243296533203124277e-01,5.414947607421874975e-01,-1.724192949218749771e+00,4.617278271484374641e-01,5.875141455078124464e-01,-2.021784970703124795e+00,-4.893394580078124778e-01,9.004459619140624538e-01,-9.633391210937498617e-01,-7.179024023437499125e-01,-5.031452734374999292e-01,9.832808544921873839e-01,-6.902907714843749265e-02,-3.696890576171874554e-01,8.160770898437499365e-01,5.629704736328124959e-01,-8.713003515624999640e-01,1.704251215820312249e+00
6.212616943359374755e-01,5.230870068359374514e-01,-1.626018261718749747e+00,3.834948730468749623e-01,6.043879199218749054e-01,-2.004911196289062225e+00,-4.187764013671874674e-01,9.050479003906248820e-01,-1.084523500976562360e+00,-7.086985253906249449e-01,-5.752423095703124156e-01,8.851061669921874708e-01,-1.672037646484374751e-01,-4.019026269531249529e-01,9.157857568359374367e-01,6.381354687499999345e-01,-8.851061669921874708e-01,1.776348251953124846e+00
6.442713867187499499e-01,4.862714990234374701e-01,-1.527843574218749945e+00,3.052619189453124604e-01,6.135917968749999840e-01,-1.984969462890624925e+00,-3.712230371093749870e-01,9.065818798828124692e-01,-1.199571962890624954e+00,-7.163684228515624364e-01,-6.611451611328124089e-01,7.838635205078123835e-01,-2.684464111328124791e-01,-4.003686474609374768e-01,1.013960444335937350e+00,6.550092431640623936e-01,-9.142517773437499606e-01,1.846911308593749856e+00
6.810868945312499312e-01,4.356501757812499820e-01,-1.428134907226562333e+00,2.270289648437499863e-01,6.197277148437499994e-01,-1.960425791015624863e+00,-3.604851806640624878e-01,9.065818798828124692e-01,-1.310018486328124787e+00,-7.777276025390624792e-01,-7.332421972656248954e-01,6.764849560546873919e-01,-3.650871191406249716e-01,-4.019026269531249529e-01,1.124406967773437405e+00,7.301742382812499432e-01,-9.142517773437499606e-01,1.905202529296874836e+00
7.102325048828124210e-01,3.712230371093749870e-01,-1.319222363281249866e+00,1.457280517578124768e-01,6.135917968749999840e-01,-1.934348139648437215e+00,-3.328735498046874741e-01,9.050479003906248820e-01,-1.428134907226562333e+00,-8.743683105468749162e-01,-7.746596435546874160e-01,5.706403710937499874e-01,-4.601938476562499325e-01,-4.095725244140624444e-01,1.227183593749999968e+00,6.918247509765624859e-01,-9.495333056640624658e-01,1.863785083007812426e+00
6.948927099609374380e-01,3.589512011718749562e-01,-1.224115634765624794e+00,5.982520019531249733e-02,5.844461865234374942e-01,-1.917474365234374867e+00,-3.067958984374999920e-01,9.065818798828124692e-01,-1.544717348632812293e+00,-9.802128955078124317e-01,-7.792615820312499553e-01,5.368928222656249583e-01,-5.629704736328124959e-01,-4.417860937499999419e-01,1.329960219726562309e+00,5.936500634765624618e-01,-9.832808544921873839e-01,1.765610395507812402e+00
6.749509765624999158e-01,3.650871191406249716e-01,-1.135144824218749848e+00,-3.374754882812499440e-02,5.307569042968749429e-01,-1.931280180664062263e+00,-2.914561035156249535e-01,9.111838183593748974e-01,-1.659765810546874887e+00,-1.079921562499999821e+00,-7.700577050781248767e-01,4.985433349609374454e-01,-6.688150585937499004e-01,-4.678637451171874795e-01,1.429668886718749921e+00,4.893394580078124778e-01,-9.832808544921873839e-01,1.667435708007812378e+00
6.780189355468749790e-01,3.957667089843749375e-01,-1.029300239257812333e+00,-1.288542773437499900e-01,4.908734374999999539e-01,-1.931280180664062263e+00,-2.914561035156249535e-01,9.142517773437499606e-01,-1.779416210937499798e+00,-1.115203090820312326e+00,-7.531839306640624176e-01,5.629704736328124959e-01,-7.455140332031249262e-01,-5.138831298828124838e-01,1.504833881835937470e+00,4.157084423828124597e-01,-9.802128955078124317e-01,1.546251328124999880e+00
6.994946484374999773e-01,4.249123193359374828e-01,-9.341935107421873719e-01,-2.193590673828124671e-01,5.077472119140624685e-01,-1.876056918945312235e+00,-3.589512011718749562e-01,8.482906591796873785e-01,-1.895998652343749757e+00,-1.107533193359374835e+00,-7.025626074218749295e-01,6.596111816406249329e-01,-7.117664843749998971e-01,-5.645044531249999720e-01,1.523241635742187405e+00,4.448540527343749496e-01,-9.249896337890624043e-01,1.428134907226562333e+00
7.746596435546874160e-01,4.233783398437499512e-01,-8.360188232421874588e-01,-3.067958984374999920e-01,4.786016015624999786e-01,-1.773280292968749894e+00,-4.632618066406249402e-01,7.547179101562498937e-01,-1.894464672851562392e+00,-1.072251665039062329e+00,-6.273976123046874909e-01,7.577858691406249569e-01,-6.412034277343749977e-01,-6.013199609374999532e-01,1.526309594726562358e+00,5.399607812499999104e-01,-8.298829052734374434e-01,1.311552465820312374e+00
8.713003515624999640e-01,4.295142578124999666e-01,-7.439800537109374501e-01,-3.926987499999999853e-01,4.111065039062499760e-01,-1.672037646484374918e+00,-5.583685351562499566e-01,6.672810791015624243e-01,-1.785552128906249925e+00,-1.013960444335937350e+00,-5.368928222656249583e-01,8.605624951171874093e-01,-5.691063916015624002e-01,-6.335335302734373952e-01,1.540115410156249753e+00,6.396694482421874106e-01,-7.393781152343749108e-01,1.190368085937499876e+00
9.740769775390624163e-01,4.632618066406249402e-01,-6.488733251953124892e-01,-4.678637451171874795e-01,3.420774267578124417e-01,-1.563125102539062450e+00,-6.504073046874999653e-01,5.844461865234374942e-01,-1.704251215820312249e+00,-9.495333056640624658e-01,-4.402521142578124658e-01,9.679410595703124010e-01,-4.954753759765624377e-01,-6.642131201171874721e-01,1.595338671874999781e+00,7.286402587890624671e-01,-6.596111816406249329e-01,1.092193398437499852e+00
1.072251665039062329e+00,5.077472119140624685e-01,-5.506986376953124651e-01,-5.123491503906250077e-01,2.960580419921874928e-01,-1.457280517578124934e+00,-7.240383203124999278e-01,5.215530273437499753e-01,-1.739532744140624754e+00,-8.881741259765624230e-01,-3.727570166015624631e-01,1.053843911132812394e+00,-4.233783398437499512e-01,-7.010286279296874534e-01,1.636756118164062412e+00,8.053392333984373819e-01,-5.951840429687499379e-01,1.086057480468749947e+00
1.109067172851562422e+00,5.384268017578124343e-01,-5.092811914062499445e-01,-5.706403710937499874e-01,2.929900830078124851e-01,-1.354503891601562371e+00,-7.899994384765623989e-01,5.016112939453124531e-01,-1.773280292968749894e+00,-8.344848437499998717e-01,-3.988346679687499452e-01,1.132076865234374896e+00,-3.451453857421874494e-01,-7.209703613281249757e-01,1.633688159179687460e+00,8.851061669921874708e-01,-5.629704736328124959e-01,1.155086557617187371e+00
1.118271049804687500e+00,5.660384326171874481e-01,-4.770676220703124470e-01,-5.859801660156249703e-01,2.745823291015624945e-01,-1.260931142578124886e+00,-8.636304541015624725e-01,4.647957861328124718e-01,-1.695047338867187392e+00,-8.099411718749999212e-01,-4.601938476562499325e-01,1.214911757812499937e+00,-2.500386572265624885e-01,-7.225043408203124518e-01,1.639824077148437365e+00,9.679410595703124010e-01,-5.138831298828124838e-01,1.234853491210937459e+00
1.119805029296874865e+00,5.798442480468749549e-01,-4.249123193359374828e-01,-6.289315917968749670e-01,2.178250878906249910e-01,-1.161222475585937497e+00,-8.482906591796873785e-01,5.169510888671874360e-01,-1.739532744140624754e+00,-7.869314794921874467e-01,-4.893394580078124778e-01,1.293144711914062439e+00,-1.549319287109374998e-01,-7.209703613281249757e-01,1.685843461914062313e+00,1.053843911132812394e+00,-4.417860937499999419e-01,1.316154404296874914e+00
1.102931254882812295e+00,5.875141455078124464e-01,-4.249123193359374828e-01,-6.565432226562499807e-01,1.457280517578124768e-01,-1.052309931640624807e+00,-8.651644335937499486e-01,6.289315917968749670e-01,-1.836173452148437413e+00,-7.639217871093749723e-01,-5.092811914062499445e-01,1.377513583984374845e+00,-5.215530273437499198e-02,-6.795529150390624551e-01,1.771746313476562307e+00,1.132076865234374896e+00,-3.758249755859374708e-01,1.406659194335937446e+00
1.081455541992187408e+00,5.921160839843749857e-01,-5.031452734374999292e-01,-6.626791406249998850e-01,1.288542773437499900e-01,-9.341935107421873719e-01,-9.510672851562499419e-01,7.117664843749998971e-01,-1.825435595703124747e+00,-7.347761767578124825e-01,-5.445627197265624497e-01,1.460348476562499886e+00,5.368928222656249583e-02,-5.936500634765624618e-01,1.871454980468749918e+00,1.104465234374999882e+00,-3.957667089843749375e-01,1.500231943359374931e+00
1.096795336914062391e+00,5.890481249999999225e-01,-6.013199609374999532e-01,-6.074558789062499686e-01,1.825435595703124858e-01,-8.191450488281248887e-01,-1.035436157226562459e+00,6.764849560546873919e-01,-1.711921113281249740e+00,-7.179024023437499125e-01,-6.258636328124999038e-01,1.547785307617187467e+00,1.549319287109374998e-01,-5.062132324218749924e-01,1.963493749999999816e+00,1.010892485351562398e+00,-4.632618066406249402e-01,1.606076528320312446e+00
1.176562270507812480e+00,5.476306787109374019e-01,-7.071645458984374688e-01,-5.108151708984374206e-01,2.791842675781249783e-01,-7.179024023437499125e-01,-1.119805029296874865e+00,5.936500634765624618e-01,-1.592270712890624829e+00,-6.933587304687499620e-01,-6.304655712890624430e-01,1.641358056640624952e+00,2.592425341796874561e-01,-4.356501757812499820e-01,1.998775278320312321e+00,8.927760644531249623e-01,-5.506986376953124651e-01,1.668969687499999743e+00
1.259397163085937299e+00,4.709317041015624317e-01,-8.038052539062499058e-01,-4.049705859374999606e-01,3.650871191406249716e-01,-6.749509765624999158e-01,-1.190368085937499876e+00,5.169510888671874360e-01,-1.463416435546874839e+00,-6.887567919921874227e-01,-5.921160839843749857e-01,1.744134682617187293e+00,3.574172216796874801e-01,-3.696890576171874554e-01,1.975765585937499846e+00,7.731256640624999399e-01,-6.197277148437499994e-01,1.601474589843749907e+00
1.313086445312499961e+00,4.693977246093749556e-01,-8.774362695312498683e-01,-3.083298779296874681e-01,3.574172216796874801e-01,-6.626791406249998850e-01,-1.224115634765624794e+00,4.647957861328124718e-01,-1.325358281249999770e+00,-6.764849560546873919e-01,-5.414947607421874975e-01,1.834639472656249826e+00,4.494559912109374333e-01,-3.113978369140624758e-01,1.868387021484374744e+00,6.580772021484374568e-01,-5.875141455078124464e-01,1.483358168945312361e+00
1.333028178710937484e+00,4.954753759765624377e-01,-9.526012646484374180e-01,-2.254949853515624825e-01,3.880968115234374460e-01,-6.396694482421874106e-01,-1.225649614257812381e+00,4.233783398437499512e-01,-1.187300126953124924e+00,-6.657470996093749482e-01,-5.246209863281249275e-01,1.915940385742187280e+00,5.154171093749999599e-01,-2.485046777343749846e-01,1.756406518554687324e+00,5.506986376953124651e-01,-5.046792529296874052e-01,1.372911645507812306e+00
1.337630117187499801e+00,5.200190478515624992e-01,-1.029300239257812333e+00,-1.303882568359374938e-01,4.295142578124999666e-01,-6.458053662109374260e-01,-1.259397163085937299e+00,3.742909960937499392e-01,-1.053843911132812394e+00,-6.473393457031249021e-01,-5.261549658203124036e-01,2.000309257812499908e+00,5.767762890625000027e-01,-2.638444726562499953e-01,1.644426015624999904e+00,4.325822167968749743e-01,-5.353588427734374822e-01,1.260931142578124886e+00
1.345300014648437292e+00,5.246209863281249275e-01,-1.112135131835937374e+00,-3.221356933593749750e-02,4.356501757812499820e-01,-6.856888330078124705e-01,-1.276270937499999869e+00,3.328735498046874741e-01,-9.249896337890624043e-01,-6.289315917968749670e-01,-5.230870068359374514e-01,2.070872314453124918e+00,6.166597558593749362e-01,-2.362328417968749816e-01,1.538581430664062388e+00,3.405434472656249656e-01,-5.000773144531249770e-01,1.150484619140624831e+00
1.348367973632812467e+00,5.261549658203124036e-01,-1.199571962890624954e+00,6.596111816406249884e-02,4.525239501953124410e-01,-7.577858691406249569e-01,-1.291610732421874852e+00,3.236696728515624510e-01,-7.884654589843749228e-01,-6.135917968749999840e-01,-5.169510888671874360e-01,2.149105268554687420e+00,6.258636328124999038e-01,-2.607765136718749877e-01,1.432736845703124873e+00,2.761163085937499706e-01,-5.491646582031249890e-01,1.040038095703124998e+00
1.351435932617187419e+00,5.307569042968749429e-01,-1.280872875976562408e+00,1.672037646484374751e-01,4.295142578124999666e-01,-7.838635205078123835e-01,-1.297746650390624978e+00,3.006599804687499766e-01,-6.810868945312499312e-01,-5.967180224609374140e-01,-5.246209863281249275e-01,2.216600366210937256e+00,6.519412841796874414e-01,-2.346988623046874778e-01,1.323824301757812405e+00,2.561745751953125039e-01,-5.491646582031249890e-01,9.311255517578124197e-01
1.351435932617187419e+00,5.353588427734374822e-01,-1.362173789062499862e+00,2.561745751953125039e-01,4.172424218749999358e-01,-8.360188232421874588e-01,-1.296212670898437391e+00,2.699803906249999552e-01,-6.166597558593749362e-01,-5.829122070312499071e-01,-5.599025146484374327e-01,2.248813935546874809e+00,6.273976123046874909e-01,-2.285629443359374902e-01,1.310018486328124787e+00,2.485046777343749846e-01,-5.875141455078124464e-01,8.252809667968749041e-01
1.357571850585937323e+00,5.062132324218749924e-01,-1.452678579101562395e+00,3.558832421874999485e-01,4.126404833984374521e-01,-9.326595312499998958e-01,-1.296212670898437391e+00,2.515726367187499646e-01,-5.859801660156249703e-01,-5.982520019531250011e-01,-5.660384326171874481e-01,2.297901279296874932e+00,6.212616943359374755e-01,-2.485046777343749846e-01,1.282406855468749995e+00,2.469706982421874808e-01,-6.273976123046874909e-01,7.179024023437499125e-01
1.362173789062499862e+00,5.000773144531249770e-01,-1.526309594726562358e+00,4.555919091796874487e-01,4.310482373046874427e-01,-1.027766259765624968e+00,-1.300814609374999931e+00,2.515726367187499646e-01,-5.691063916015624002e-01,-6.059218994140624925e-01,-5.568345556640624805e-01,2.299435258789062075e+00,5.951840429687499379e-01,-2.791842675781249783e-01,1.207241860351562446e+00,2.469706982421874808e-01,-5.859801660156249703e-01,6.580772021484374568e-01
1.348367973632812467e+00,5.062132324218749924e-01,-1.604542548828124859e+00,5.537665966796874173e-01,4.310482373046874427e-01,-1.130542885742187309e+00,-1.302348588867187296e+00,2.531066162109374962e-01,-5.614364941406249088e-01,-6.059218994140624925e-01,-5.307569042968749429e-01,2.317843012695312233e+00,5.506986376953124651e-01,-3.159997753906249596e-01,1.110601152343750009e+00,2.485046777343749846e-01,-5.767762890625000027e-01,7.040965869140624056e-01
1.299280629882812343e+00,5.062132324218749924e-01,-1.690445400390624853e+00,6.596111816406249329e-01,4.218443603515624751e-01,-1.233319511718749872e+00,-1.302348588867187296e+00,2.653784521484374714e-01,-5.599025146484374327e-01,-6.166597558593749362e-01,-5.200190478515624992e-01,2.333182807617187215e+00,4.847375195312499385e-01,-3.344075292968749502e-01,1.006290546874999858e+00,2.500386572265624885e-01,-5.737083300781249395e-01,7.976693359374998904e-01
1.221047675781249842e+00,4.970093554687499693e-01,-1.780950190429687385e+00,7.608538281249999091e-01,4.080385449218749683e-01,-1.339164096679687388e+00,-1.294678691406249804e+00,3.113978369140624758e-01,-5.614364941406249088e-01,-6.227956738281249516e-01,-5.077472119140624685e-01,2.337784746093749977e+00,3.926987499999999853e-01,-3.574172216796874801e-01,8.973780029296873906e-01,2.531066162109374962e-01,-5.859801660156249703e-01,9.096498388671874213e-01
1.125940947265624992e+00,4.647957861328124718e-01,-1.874522939453124870e+00,8.421547412109374742e-01,4.279802783203124350e-01,-1.452678579101562395e+00,-1.279338896484374821e+00,3.083298779296874681e-01,-5.599025146484374327e-01,-6.258636328124999038e-01,-4.970093554687499693e-01,2.325512910156249724e+00,2.929900830078124851e-01,-3.988346679687499452e-01,8.160770898437499365e-01,2.515726367187499646e-01,-6.488733251953124892e-01,9.219216748046874521e-01
1.026232280273437381e+00,3.926987499999999853e-01,-1.971163647460937307e+00,8.743683105468749162e-01,4.341161962890624504e-01,-1.556989184570312323e+00,-1.259397163085937299e+00,3.466793652343749810e-01,-5.599025146484374327e-01,-6.304655712890624430e-01,-4.755336425781249710e-01,2.323978930664062137e+00,2.116891699218749756e-01,-4.264462988281249589e-01,7.332421972656248954e-01,2.515726367187499646e-01,-6.964266894531249141e-01,9.986206494140623668e-01
9.341935107421873719e-01,3.604851806640624878e-01,-2.049396601562500031e+00,8.605624951171874093e-01,4.233783398437499512e-01,-1.647493974609374856e+00,-1.202639921874999906e+00,4.187764013671874674e-01,-5.629704736328124959e-01,-6.366014892578124584e-01,-4.632618066406249402e-01,2.281027504882812362e+00,1.917474365234374811e-01,-4.126404833984374521e-01,6.550092431640623936e-01,2.531066162109374962e-01,-6.504073046874999653e-01,1.107533193359374835e+00
8.989119824218748667e-01,3.712230371093749870e-01,-2.124561596679687359e+00,8.237469873046874280e-01,3.957667089843749375e-01,-1.676639584960937457e+00,-1.124406967773437405e+00,5.200190478515624992e-01,-5.752423095703124156e-01,-6.504073046874999653e-01,-4.264462988281249589e-01,2.211998427734374939e+00,1.963493749999999927e-01,-3.482133447265624571e-01,5.859801660156249703e-01,2.485046777343749846e-01,-5.706403710937499874e-01,1.199571962890624954e+00
8.728343310546874401e-01,3.865628320312499699e-01,-2.199726591796874686e+00,8.114751513671873973e-01,3.451453857421874494e-01,-1.696581318359374757e+00,-1.102931254882812295e+00,6.181937353515624123e-01,-5.829122070312499071e-01,-6.611451611328124089e-01,-3.988346679687499452e-01,2.127629555664062089e+00,1.303882568359374938e-01,-2.822522265624999860e-01,5.568345556640624805e-01,2.531066162109374962e-01,-5.476306787109374019e-01,1.179630229492187432e+00
8.421547412109374742e-01,3.819608935546874862e-01,-2.254949853515624714e+00,8.007372949218749536e-01,2.914561035156249535e-01,-1.739532744140624754e+00,-1.056911870117187346e+00,7.133004638671874842e-01,-5.875141455078124464e-01,-6.534752636718749175e-01,-3.988346679687499452e-01,2.020250991210937208e+00,3.681550781249999515e-02,-2.208930468749999709e-01,5.445627197265624497e-01,2.439027392578124731e-01,-5.629704736328124959e-01,1.156620537109374958e+00
8.068732128906249690e-01,3.650871191406249716e-01,-2.254949853515624714e+00,7.700577050781248767e-01,2.669124316406250030e-01,-1.785552128906249925e+00,-9.771449365234373685e-01,8.038052539062499058e-01,-5.844461865234374942e-01,-6.611451611328124089e-01,-4.203103808593749435e-01,1.923610283203124771e+00,-7.363101562499999031e-02,-1.656697851562499713e-01,5.445627197265624497e-01,2.439027392578124731e-01,-6.212616943359374755e-01,1.167358393554687401e+00
7.869314794921874467e-01,2.945240624999999612e-01,-2.267221689453124966e+00,7.639217871093749723e-01,2.469706982421874808e-01,-1.856115185546874935e+00,-9.127177978515623735e-01,8.620964746093748854e-01,-5.890481249999999225e-01,-6.795529150390624551e-01,-4.417860937499999419e-01,1.808561821289062399e+00,-1.672037646484374751e-01,-1.411261132812499930e-01,5.445627197265624497e-01,2.393008007812499893e-01,-6.519412841796874414e-01,1.170426352539062353e+00
7.715916845703124638e-01,2.408347802734374654e-01,-2.219668325195312431e+00,7.117664843749998971e-01,2.346988623046874778e-01,-1.912872426757812327e+00,-8.360188232421874588e-01,8.927760644531249623e-01,-5.844461865234374942e-01,-6.994946484374999773e-01,-4.617278271484374641e-01,1.702717236328124883e+00,-2.500386572265624885e-01,-1.181164208984374908e-01,5.430287402343749736e-01,2.377668212890624855e-01,-7.255722998046874039e-01,1.228717573242187333e+00
7.424460742187499740e-01,2.224270263671874748e-01,-2.136833432617187167e+00,7.516499511718749416e-01,2.377668212890624855e-01,-1.963493749999999816e+00,-7.393781152343749108e-01,8.498246386718749656e-01,-5.859801660156249703e-01,-7.117664843749998971e-01,-5.046792529296874052e-01,1.609144487304687399e+00,-3.390094677734374895e-01,-1.349901953124999776e-01,5.491646582031249890e-01,2.393008007812499893e-01,-8.268149462890623802e-01,1.175028291015624893e+00
6.933587304687499620e-01,2.009513134765624764e-01,-2.044794663085937270e+00,7.869314794921874467e-01,2.868541650390624698e-01,-2.050930581054687174e+00,-6.289315917968749670e-01,8.130091308593748733e-01,-5.982520019531250011e-01,-7.225043408203124518e-01,-5.200190478515624992e-01,1.503299902343749883e+00,-4.371841552734374581e-01,-2.055532519531249880e-01,5.491646582031249890e-01,2.485046777343749846e-01,-9.019799414062499299e-01,1.224115634765624794e+00
6.626791406249998850e-01,1.533979492187499960e-01,-1.955823852539062324e+00,7.761936230468748921e-01,3.282716113281249903e-01,-2.155241186523437324e+00,-5.184850683593749121e-01,7.823295410156249075e-01,-6.043879199218749054e-01,-8.007372949218749536e-01,-5.230870068359374514e-01,1.391319399414062463e+00,-5.430287402343749736e-01,-2.837862060546874621e-01,5.460966992187499258e-01,2.515726367187499646e-01,-9.341935107421873719e-01,1.245591347656249903e+00
6.335335302734373952e-01,1.227183593749999885e-01,-1.866853041992187379e+00,7.409120947265623869e-01,3.328735498046874741e-01,-2.251881894531249984e+00,-4.111065039062499760e-01,7.777276025390624792e-01,-6.319995507812499191e-01,-9.019799414062499299e-01,-5.077472119140624685e-01,1.288542773437499900e+00,-6.458053662109374260e-01,-3.236696728515624510e-01,5.460966992187499258e-01,2.531066162109374962e-01,-9.433973876953124504e-01,1.277804916992187456e+00
6.227956738281249516e-01,1.089125439453124955e-01,-1.765610395507812402e+00,6.550092431640623936e-01,3.236696728515624510e-01,-2.300969238281249662e+00,-3.374754882812499579e-01,7.807955615234374314e-01,-6.964266894531249141e-01,-9.970866699218748908e-01,-4.586598681640624564e-01,1.176562270507812480e+00,-7.317082177734374193e-01,-3.282716113281249903e-01,5.568345556640624805e-01,2.684464111328124791e-01,-9.449313671874999265e-01,1.349901953124999832e+00
6.151257763671874601e-01,1.150484619140624831e-01,-1.662833769531249839e+00,5.399607812499999104e-01,3.098638574218749997e-01,-2.316309033203124645e+00,-2.929900830078124851e-01,7.961353564453124143e-01,-7.884654589843749228e-01,-1.095261357421874804e+00,-3.834948730468749623e-01,1.061513808593749886e+00,-7.455140332031249262e-01,-3.236696728515624510e-01,5.829122070312499071e-01,2.883881445312500014e-01,-9.510672851562499419e-01,1.434270825195312460e+00
6.105238378906249208e-01,1.533979492187499960e-01,-1.552387246093749784e+00,4.264462988281249589e-01,3.037279394531249843e-01,-2.308639135742187154e+00,-2.745823291015624945e-01,8.268149462890623802e-01,-9.019799414062499299e-01,-1.193436044921874828e+00,-2.899221240234374775e-01,9.526012646484374180e-01,-7.531839306640624176e-01,-3.328735498046874741e-01,6.227956738281249516e-01,2.914561035156249535e-01,-9.740769775390624163e-01,1.520173676757812453e+00
6.151257763671874601e-01,1.917474365234374811e-01,-1.451144599609374808e+00,3.282716113281249903e-01,3.067958984374999920e-01,-2.300969238281249662e+00,-2.929900830078124851e-01,8.482906591796873785e-01,-1.018562382812499889e+00,-1.224115634765624794e+00,-2.515726367187499646e-01,8.513586181640624417e-01,-6.979606689453123902e-01,-3.420774267578124417e-01,6.718830175781249636e-01,3.451453857421874494e-01,-9.694750390624998770e-01,1.538581430664062388e+00
6.151257763671874601e-01,2.101551904296874718e-01,-1.351435932617187419e+00,2.408347802734374654e-01,3.129318164062499519e-01,-2.296367299804687345e+00,-3.328735498046874741e-01,8.590285156249999332e-01,-1.129008906249999944e+00,-1.216445737304687302e+00,-2.561745751953125039e-01,7.516499511718749416e-01,-6.243296533203124277e-01,-3.604851806640624878e-01,7.746596435546874160e-01,4.065045654296874367e-01,-9.664070800781249249e-01,1.556989184570312323e+00
6.120578173828123969e-01,2.270289648437499863e-01,-1.251727265624999808e+00,1.533979492187499960e-01,3.206017138671874989e-01,-2.294833320312499758e+00,-3.926987499999999853e-01,8.651644335937499486e-01,-1.237921450195312412e+00,-1.204173901367187494e+00,-2.883881445312500014e-01,6.550092431640623936e-01,-5.460966992187499258e-01,-3.865628320312499699e-01,8.759022900390623922e-01,4.663297656249999479e-01,-9.679410595703124010e-01,1.603008569335937272e+00
6.135917968749999840e-01,2.346988623046874778e-01,-1.152018598632812418e+00,6.749509765624998880e-02,3.267376318359374587e-01,-2.293299340820312171e+00,-4.433200732421874735e-01,8.697663720703123769e-01,-1.346833994140624879e+00,-1.191902065429687463e+00,-3.543492626953124724e-01,5.583685351562499566e-01,-4.693977246093749556e-01,-4.218443603515624751e-01,9.725429980468749402e-01,5.399607812499999104e-01,-9.572032031249999573e-01,1.662833769531249839e+00
6.120578173828123969e-01,2.377668212890624855e-01,-1.053843911132812394e+00,-1.533979492187499856e-02,3.267376318359374587e-01,-2.284095463867187092e+00,-4.555919091796874487e-01,8.697663720703123769e-01,-1.455746538085937347e+00,-1.178096249999999845e+00,-4.402521142578124658e-01,4.601938476562499325e-01,-4.295142578124999666e-01,-4.479220117187499572e-01,1.073785644531249917e+00,6.289315917968749670e-01,-9.249896337890624043e-01,1.711921113281249740e+00
6.120578173828123969e-01,2.239610058593749786e-01,-9.572032031249999573e-01,-9.510672851562498864e-02,3.374754882812499579e-01,-2.259551791992187475e+00,-4.095725244140624444e-01,8.682323925781249008e-01,-1.566193061523437402e+00,-1.155086557617187371e+00,-4.954753759765624377e-01,3.865628320312499699e-01,-4.755336425781249710e-01,-4.647957861328124718e-01,1.168892373046874988e+00,7.255722998046874039e-01,-9.510672851562499419e-01,1.779416210937499798e+00
6.135917968749999840e-01,2.239610058593749786e-01,-8.559605566406248700e-01,-1.810095800781249820e-01,3.236696728515624510e-01,-2.219668325195312431e+00,-3.712230371093749870e-01,8.897081054687498991e-01,-1.673571625976562283e+00,-1.135144824218749848e+00,-5.123491503906250077e-01,3.635531396484374400e-01,-5.169510888671874360e-01,-4.663297656249999479e-01,1.262465122070312473e+00,8.191450488281248887e-01,-9.065818798828124692e-01,1.856115185546874935e+00
6.151257763671874601e-01,2.346988623046874778e-01,-7.593198486328124330e-01,-2.669124316406250030e-01,3.206017138671874989e-01,-2.199726591796874686e+00,-3.574172216796874801e-01,8.989119824218748667e-01,-1.787086108398437290e+00,-1.124406967773437405e+00,-5.368928222656249583e-01,3.696890576171874554e-01,-5.583685351562499566e-01,-4.770676220703124470e-01,1.348367973632812467e+00,9.081158593749999453e-01,-8.544265771484373939e-01,1.919008344726562232e+00
6.166597558593749362e-01,2.531066162109374962e-01,-6.580772021484374568e-01,-3.528152832031249408e-01,3.252036523437499826e-01,-2.178250878906249799e+00,-3.574172216796874801e-01,8.927760644531249623e-01,-1.846911308593749856e+00,-1.102931254882812295e+00,-5.737083300781249395e-01,3.942327294921874614e-01,-5.783102685546874788e-01,-5.031452734374999292e-01,1.425066948242187381e+00,9.679410595703124010e-01,-7.946013769531249382e-01,1.963493749999999816e+00
6.197277148437499994e-01,2.653784521484374714e-01,-5.660384326171874481e-01,-4.402521142578124658e-01,3.374754882812499579e-01,-2.142969350585937516e+00,-4.233783398437499512e-01,8.421547412109374742e-01,-1.790154067382812242e+00,-1.073785644531249917e+00,-5.890481249999999225e-01,4.479220117187499572e-01,-5.292229248046874668e-01,-5.430287402343749736e-01,1.478756230468749822e+00,1.029300239257812333e+00,-7.056305664062498817e-01,1.931280180664062263e+00
6.580772021484374568e-01,2.607765136718749877e-01,-4.755336425781249710e-01,-5.322908837890624190e-01,3.067958984374999920e-01,-2.067804355468749744e+00,-5.353588427734374822e-01,7.378441357421874347e-01,-1.711921113281249740e+00,-1.035436157226562459e+00,-5.890481249999999225e-01,5.445627197265624497e-01,-4.417860937499999419e-01,-5.721743505859374634e-01,1.555455205078124958e+00,1.009358505859374810e+00,-5.967180224609374140e-01,1.823901616210937382e+00
7.485819921874998784e-01,2.592425341796874561e-01,-4.111065039062499760e-01,-6.105238378906249208e-01,2.561745751953125039e-01,-1.971163647460937307e+00,-6.412034277343749977e-01,6.304655712890624430e-01,-1.773280292968749894e+00,-9.556692236328123702e-01,-5.675724121093749241e-01,6.504073046874999653e-01,-3.574172216796874801e-01,-5.921160839843749857e-01,1.632154179687499873e+00,1.038504116210937411e+00,-4.939413964843749616e-01,1.710387133789062375e+00
7.884654589843749228e-01,2.684464111328124791e-01,-4.479220117187499572e-01,-6.703490380859374875e-01,2.960580419921874928e-01,-1.879124877929687409e+00,-7.593198486328124330e-01,5.184850683593749121e-01,-1.879124877929687409e+00,-8.789702490234374554e-01,-5.614364941406249088e-01,7.547179101562498937e-01,-2.699803906249999552e-01,-6.227956738281249516e-01,1.705785195312499836e+00,1.081455541992187408e+00,-5.154171093749999599e-01,1.711921113281249740e+00
8.344848437499998717e-01,2.945240624999999612e-01,-4.786016015624999786e-01,-6.918247509765624859e-01,3.175337548828124912e-01,-1.773280292968749894e+00,-8.666984130859374247e-01,4.111065039062499760e-01,-1.983435483398437338e+00,-8.329508642578123956e-01,-5.430287402343749736e-01,8.544265771484373939e-01,-1.764076416015624704e-01,-6.197277148437499994e-01,1.782484169921874750e+00,1.148950639648437466e+00,-5.307569042968749429e-01,1.688911420898437266e+00
9.127177978515623735e-01,3.466793652343749810e-01,-4.893394580078124778e-01,-6.979606689453123902e-01,3.282716113281249903e-01,-1.661299790039062252e+00,-9.740769775390624163e-01,3.436114062499999733e-01,-2.070872314453124918e+00,-8.160770898437499365e-01,-5.246209863281249275e-01,9.526012646484374180e-01,-7.056305664062499650e-02,-5.997859814453124772e-01,1.862251103515624839e+00,1.188834106445312289e+00,-5.246209863281249275e-01,1.586134794921874924e+00
1.004756567382812493e+00,4.157084423828124597e-01,-5.154171093749999599e-01,-6.948927099609374380e-01,3.390094677734374895e-01,-1.544717348632812293e+00,-1.073785644531249917e+00,3.374754882812499579e-01,-2.127629555664062089e+00,-8.068732128906249690e-01,-5.414947607421874975e-01,1.036970136718749824e+00,3.221356933593749750e-02,-6.043879199218749054e-01,1.935882119140624802e+00,1.185766147460937336e+00,-5.123491503906250077e-01,1.475688271484374869e+00
1.070717685546874964e+00,5.062132324218749924e-01,-5.292229248046874668e-01,-6.841548535156248834e-01,3.298055908203124664e-01,-1.440406743164062364e+00,-1.144348701171874927e+00,3.374754882812499579e-01,-2.158309145507812499e+00,-7.930673974609374621e-01,-5.568345556640624805e-01,1.112135131835937374e+00,1.319222363281249977e-01,-5.890481249999999225e-01,2.011047114257812130e+00,1.176562270507812480e+00,-4.985433349609374454e-01,1.377513583984374845e+00
1.150484619140624831e+00,5.553005761718750044e-01,-5.936500634765624618e-01,-6.703490380859374875e-01,3.098638574218749997e-01,-1.339164096679687388e+00,-1.196504003906250002e+00,3.374754882812499579e-01,-2.081610170898437140e+00,-7.731256640624999399e-01,-5.844461865234374942e-01,1.176562270507812480e+00,2.285629443359374902e-01,-5.553005761718750044e-01,2.096949965820312123e+00,1.105999213867187470e+00,-4.663297656249999479e-01,1.331494199218749896e+00
1.214911757812499937e+00,5.829122070312499071e-01,-6.872228124999999466e-01,-6.059218994140624925e-01,3.144657958984374835e-01,-1.239455429687499999e+00,-1.211843798828124985e+00,3.267376318359374587e-01,-1.975765585937499846e+00,-7.608538281249999091e-01,-5.982520019531250011e-01,1.257863183593749934e+00,3.344075292968749502e-01,-5.154171093749999599e-01,2.184386796874999703e+00,1.003222587890624906e+00,-5.184850683593749121e-01,1.385183481445312337e+00
1.265533081054687425e+00,5.982520019531250011e-01,-7.731256640624999399e-01,-4.985433349609374454e-01,3.712230371093749870e-01,-1.139746762695312388e+00,-1.207241860351562446e+00,3.067958984374999920e-01,-1.860717124023437252e+00,-7.485819921874998784e-01,-5.905821044921873986e-01,1.293144711914062439e+00,4.387181347656249342e-01,-4.678637451171874795e-01,2.230406181640624652e+00,8.912420849609373752e-01,-6.151257763671874601e-01,1.326892260742187357e+00
1.294678691406249804e+00,6.212616943359374755e-01,-8.528925976562499178e-01,-3.926987499999999853e-01,3.880968115234374460e-01,-1.032368198242187507e+00,-1.148950639648437466e+00,3.696890576171874554e-01,-1.741066723632812341e+00,-7.363101562499999586e-01,-5.875141455078124464e-01,1.371377666015624941e+00,5.292229248046874668e-01,-4.494559912109374333e-01,2.210464448242187352e+00,7.976693359374998904e-01,-5.890481249999999225e-01,1.214911757812499937e+00
1.302348588867187296e+00,6.427374072265624738e-01,-9.341935107421873719e-01,-2.853201855468749937e-01,4.157084423828124597e-01,-9.341935107421873719e-01,-1.168892373046874988e+00,3.482133447265624571e-01,-1.621416323242187429e+00,-7.286402587890624671e-01,-5.737083300781249395e-01,1.463416435546874839e+00,5.322908837890624190e-01,-4.111065039062499760e-01,2.153707207031249737e+00,6.872228124999999466e-01,-5.967180224609374140e-01,1.104465234374999882e+00
1.306950527343749835e+00,6.534752636718749175e-01,-1.017028403320312302e+00,-1.871454980468749696e-01,4.310482373046874427e-01,-9.295915722656249436e-01,-1.213377778320312350e+00,3.144657958984374835e-01,-1.497163984374999757e+00,-7.163684228515624364e-01,-5.921160839843749857e-01,1.553921225585937371e+00,5.322908837890624190e-01,-4.141744628906249837e-01,2.052464560546874761e+00,5.737083300781249395e-01,-6.749509765624999158e-01,9.955526904296874147e-01
1.313086445312499961e+00,6.718830175781249636e-01,-1.095261357421874804e+00,-8.283489257812498563e-02,4.356501757812499820e-01,-8.851061669921874708e-01,-1.263999101562499838e+00,3.052619189453124604e-01,-1.374445624999999893e+00,-7.025626074218749295e-01,-6.089898583984374447e-01,1.632154179687499873e+00,5.691063916015624002e-01,-3.973006884765624691e-01,1.951221914062499785e+00,4.617278271484374641e-01,-6.396694482421874106e-01,8.927760644531249623e-01
1.297746650390624978e+00,6.918247509765624859e-01,-1.178096249999999845e+00,1.380581542968749818e-02,4.341161962890624504e-01,-8.958440234374999145e-01,-1.287008793945312313e+00,2.914561035156249535e-01,-1.247125327148437490e+00,-6.872228124999999466e-01,-6.304655712890624430e-01,1.721124990234374819e+00,6.013199609374999532e-01,-3.973006884765624691e-01,1.859183144531249887e+00,3.558832421874999485e-01,-6.887567919921874227e-01,7.869314794921874467e-01
1.297746650390624978e+00,6.964266894531249141e-01,-1.259397163085937299e+00,1.104465234374999855e-01,4.387181347656249342e-01,-8.927760644531249623e-01,-1.306950527343749835e+00,2.822522265624999860e-01,-1.121339008789062452e+00,-6.672810791015624243e-01,-6.243296533203124277e-01,1.805493862304687447e+00,6.396694482421874106e-01,-3.604851806640624878e-01,1.753338559570312372e+00,2.883881445312500014e-01,-7.286402587890624671e-01,7.133004638671874842e-01
1.300814609374999931e+00,6.994946484374999773e-01,-1.343766035156249927e+00,1.978833544921874688e-01,4.479220117187499572e-01,-8.697663720703123769e-01,-1.317688383789062279e+00,2.822522265624999860e-01,-9.848148339843748600e-01,-6.534752636718749175e-01,-5.890481249999999225e-01,1.889862734374999853e+00,6.703490380859374875e-01,-3.067958984374999920e-01,1.641358056640624952e+00,2.561745751953125039e-01,-7.240383203124999278e-01,7.102325048828124210e-01
1.303882568359374883e+00,7.040965869140624056e-01,-1.428134907226562333e+00,2.807182470703124544e-01,4.571258886718749803e-01,-8.544265771484373939e-01,-1.320756342773437453e+00,2.822522265624999860e-01,-8.559605566406248700e-01,-6.381354687499999345e-01,-5.445627197265624497e-01,1.971163647460937307e+00,6.902907714843748987e-01,-2.561745751953125039e-01,1.523241635742187405e+00,2.485046777343749846e-01,-6.841548535156248834e-01,7.439800537109374501e-01
1.313086445312499961e+00,7.040965869140624056e-01,-1.512503779296874962e+00,3.650871191406249716e-01,4.801355810546874547e-01,-8.298829052734374434e-01,-1.322290322265624818e+00,2.822522265624999860e-01,-7.286402587890624671e-01,-6.273976123046874909e-01,-4.832035400390624624e-01,2.052464560546874761e+00,6.887567919921874227e-01,-2.116891699218749756e-01,1.408193173828124811e+00,2.500386572265624885e-01,-6.181937353515624123e-01,7.225043408203124518e-01
1.313086445312499961e+00,7.025626074218749295e-01,-1.598406630859374955e+00,4.586598681640624564e-01,4.693977246093749556e-01,-8.590285156249999332e-01,-1.317688383789062279e+00,2.776502880859375022e-01,-6.319995507812499191e-01,-6.289315917968749670e-01,-4.724656835937499633e-01,2.130697514648437263e+00,6.872228124999999466e-01,-1.641358056640624952e-01,1.296212670898437391e+00,2.531066162109374962e-01,-6.181937353515624123e-01,7.869314794921874467e-01
1.300814609374999931e+00,7.025626074218749295e-01,-1.682775502929687361e+00,5.476306787109374019e-01,4.540579296874999726e-01,-9.449313671874999265e-01,-1.317688383789062279e+00,2.669124316406250030e-01,-5.875141455078124464e-01,-6.289315917968749670e-01,-4.755336425781249710e-01,2.202794550781249860e+00,6.672810791015624243e-01,-1.579998876953124798e-01,1.187300126953124924e+00,2.531066162109374962e-01,-5.783102685546874788e-01,8.835721874999998837e-01
1.285474814453124948e+00,6.994946484374999773e-01,-1.770212333984374942e+00,6.396694482421874106e-01,4.525239501953124410e-01,-1.038504116210937411e+00,-1.308484506835937422e+00,2.899221240234374775e-01,-5.721743505859374634e-01,-6.273976123046874909e-01,-4.647957861328124718e-01,2.250347915039062396e+00,6.227956738281249516e-01,-1.764076416015624704e-01,1.087591459960937312e+00,2.485046777343749846e-01,-5.062132324218749924e-01,9.924847314453124625e-01
1.244057368164062316e+00,6.918247509765624859e-01,-1.860717124023437252e+00,7.163684228515624364e-01,4.356501757812499820e-01,-1.130542885742187309e+00,-1.297746650390624978e+00,3.543492626953124724e-01,-5.783102685546874788e-01,-6.227956738281249516e-01,-4.387181347656249342e-01,2.273357607421874871e+00,5.675724121093749241e-01,-2.147571289062499833e-01,9.863488134765624471e-01,2.500386572265624885e-01,-4.540579296874999726e-01,1.104465234374999882e+00
1.159688496093749910e+00,6.626791406249998850e-01,-1.955823852539062324e+00,7.639217871093749723e-01,4.218443603515624751e-01,-1.230251552734374920e+00,-1.282406855468749995e+00,4.402521142578124658e-01,-5.829122070312499071e-01,-6.197277148437499994e-01,-4.065045654296874367e-01,2.284095463867187092e+00,5.154171093749999599e-01,-2.454367187499999770e-01,8.759022900390623922e-01,2.500386572265624885e-01,-4.586598681640624564e-01,1.217979716796874889e+00
1.070717685546874964e+00,5.890481249999999225e-01,-2.047862622070312444e+00,7.899994384765623989e-01,4.187764013671874674e-01,-1.334562158203124849e+00,-1.239455429687499999e+00,5.353588427734374822e-01,-5.875141455078124464e-01,-6.197277148437499994e-01,-3.850288525390624383e-01,2.285629443359374680e+00,4.371841552734374581e-01,-2.730483496093749629e-01,7.731256640624999399e-01,2.485046777343749846e-01,-5.215530273437499753e-01,1.326892260742187357e+00
9.771449365234373685e-01,5.154171093749999599e-01,-2.135299453125000024e+00,7.946013769531249382e-01,4.172424218749999358e-01,-1.445008681640624904e+00,-1.184232167968749971e+00,6.350675097656249823e-01,-5.875141455078124464e-01,-6.243296533203124277e-01,-3.666210986328124477e-01,2.293299340820312171e+00,3.466793652343749810e-01,-3.144657958984374835e-01,6.780189355468749790e-01,2.454367187499999770e-01,-6.043879199218749054e-01,1.418931030273437477e+00
8.835721874999998837e-01,4.479220117187499572e-01,-2.222736284179687161e+00,7.961353564453124143e-01,4.126404833984374521e-01,-1.558523164062499911e+00,-1.107533193359374835e+00,7.225043408203124518e-01,-5.859801660156249703e-01,-6.335335302734373952e-01,-3.604851806640624878e-01,2.265687709960937379e+00,2.485046777343749846e-01,-3.390094677734374895e-01,6.120578173828123969e-01,2.439027392578124731e-01,-6.626791406249998850e-01,1.461882456054687474e+00
8.574945361328124571e-01,4.387181347656249342e-01,-2.281027504882812362e+00,7.639217871093749723e-01,4.019026269531249529e-01,-1.653629892578124760e+00,-1.023164321289062428e+00,7.946013769531249382e-01,-5.890481249999999225e-01,-6.412034277343749977e-01,-3.589512011718749562e-01,2.208930468749999765e+00,1.503299902343749883e-01,-3.144657958984374835e-01,5.675724121093749241e-01,2.423687597656249693e-01,-6.243296533203124277e-01,1.415863071289062303e+00
8.559605566406248700e-01,4.295142578124999666e-01,-2.316309033203124645e+00,7.378441357421874347e-01,3.942327294921874614e-01,-1.745668662109374880e+00,-9.357274902343749590e-01,8.452227001953124264e-01,-5.905821044921873986e-01,-6.872228124999999466e-01,-3.620191601562499639e-01,2.119959658203124597e+00,4.448540527343749357e-02,-2.377668212890624855e-01,5.430287402343749736e-01,2.423687597656249693e-01,-6.151257763671874601e-01,1.299280629882812343e+00
8.375528027343749349e-01,4.034366064453124845e-01,-2.351590561523437373e+00,7.884654589843749228e-01,4.065045654296874367e-01,-1.839241411132812365e+00,-9.004459619140624538e-01,7.961353564453124143e-01,-5.844461865234374942e-01,-7.102325048828124210e-01,-3.957667089843749375e-01,2.023318950195312382e+00,-5.829122070312499349e-02,-2.485046777343749846e-01,5.583685351562499566e-01,2.423687597656249693e-01,-6.826208740234374073e-01,1.185766147460937336e+00
7.792615820312499553e-01,3.650871191406249716e-01,-2.345454643554687468e+00,8.344848437499998717e-01,4.019026269531249529e-01,-1.942018037109374928e+00,-8.206790283203124758e-01,7.946013769531249382e-01,-5.905821044921873986e-01,-7.240383203124999278e-01,-4.893394580078124778e-01,1.923610283203124771e+00,-1.656697851562499713e-01,-3.067958984374999920e-01,5.645044531249999720e-01,2.454367187499999770e-01,-7.761936230468748921e-01,1.073785644531249917e+00
7.393781152343749108e-01,2.960580419921874928e-01,-2.350056582031249786e+00,8.513586181640624417e-01,4.065045654296874367e-01,-2.049396601562500031e+00,-7.531839306640624176e-01,7.869314794921874467e-01,-5.921160839843749857e-01,-7.378441357421874347e-01,-5.553005761718750044e-01,1.807027841796874812e+00,-2.791842675781249783e-01,-3.344075292968749502e-01,5.706403710937499874e-01,2.439027392578124731e-01,-8.314168847656249195e-01,9.556692236328123702e-01
7.102325048828124210e-01,2.469706982421874808e-01,-2.304037197265624837e+00,8.697663720703123769e-01,3.773589550781249469e-01,-2.152173227539062150e+00,-6.611451611328124089e-01,7.761936230468748921e-01,-5.936500634765624618e-01,-7.363101562499999586e-01,-5.997859814453124772e-01,1.702717236328124883e+00,-3.942327294921874614e-01,-3.696890576171874554e-01,5.783102685546874788e-01,2.439027392578124731e-01,-8.943100439453124384e-01,8.360188232421874588e-01
6.826208740234374073e-01,1.764076416015624704e-01,-2.227338222656249922e+00,8.682323925781249008e-01,3.282716113281249903e-01,-2.241144038085937318e+00,-5.553005761718750044e-01,7.777276025390624792e-01,-5.997859814453124772e-01,-7.347761767578124825e-01,-6.519412841796874414e-01,1.590736733398437464e+00,-5.062132324218749924e-01,-3.942327294921874614e-01,5.767762890625000027e-01,2.469706982421874808e-01,-9.387954492187499111e-01,7.915334179687498750e-01
6.703490380859374875e-01,1.165824414062499870e-01,-2.150639248046875007e+00,8.375528027343749349e-01,3.221356933593749750e-01,-2.294833320312499758e+00,-4.525239501953124410e-01,7.608538281249999091e-01,-6.258636328124999038e-01,-7.654557666015624484e-01,-6.565432226562499807e-01,1.483358168945312361e+00,-5.997859814453124772e-01,-3.834948730468749623e-01,5.645044531249999720e-01,2.546405957031249723e-01,-9.510672851562499419e-01,8.436887207031249503e-01
6.596111816406249329e-01,7.056305664062499650e-02,-2.075474252929687236e+00,7.869314794921874467e-01,3.221356933593749750e-01,-2.325512910156249724e+00,-3.650871191406249716e-01,7.501159716796874655e-01,-6.427374072265624738e-01,-8.620964746093748854e-01,-6.319995507812499191e-01,1.369843686523437354e+00,-6.994946484374999773e-01,-3.574172216796874801e-01,5.583685351562499566e-01,2.623104931640624637e-01,-9.464653466796874026e-01,9.142517773437499606e-01
6.442713867187499499e-01,6.135917968749999424e-02,-2.000309257812499908e+00,7.040965869140624056e-01,3.098638574218749997e-01,-2.323978930664062137e+00,-3.359415087890624818e-01,8.099411718749999212e-01,-6.596111816406249329e-01,-9.572032031249999573e-01,-5.752423095703124156e-01,1.267067060546874790e+00,-7.700577050781248767e-01,-3.037279394531249843e-01,5.752423095703124156e-01,2.577085546874999800e-01,-9.127177978515623735e-01,1.006290546874999858e+00
6.350675097656249823e-01,6.135917968749999424e-02,-1.915940385742187280e+00,6.013199609374999532e-01,2.607765136718749877e-01,-2.327046889648437311e+00,-3.589512011718749562e-01,8.160770898437499365e-01,-7.133004638671874842e-01,-1.001688608398437319e+00,-5.522326171874999412e-01,1.165824414062499814e+00,-7.363101562499999586e-01,-2.699803906249999552e-01,6.043879199218749054e-01,3.006599804687499766e-01,-8.421547412109374742e-01,9.894167724609373993e-01
6.212616943359374755e-01,7.516499511718749416e-02,-1.836173452148437413e+00,4.939413964843749616e-01,1.687377441406249790e-01,-2.325512910156249724e+00,-3.497473242187499887e-01,8.544265771484373939e-01,-8.145431103515624605e-01,-1.013960444335937350e+00,-5.368928222656249583e-01,1.061513808593749886e+00,-6.442713867187499499e-01,-2.883881445312500014e-01,6.933587304687499620e-01,3.865628320312499699e-01,-7.992033154296874775e-01,1.026232280273437381e+00
6.227956738281249516e-01,1.211843798828124846e-01,-1.739532744140624754e+00,3.880968115234374460e-01,9.817468749999999633e-02,-2.316309033203124645e+00,-3.865628320312499699e-01,8.789702490234374554e-01,-9.265236132812498804e-01,-1.013960444335937350e+00,-5.016112939453124531e-01,9.587371826171874334e-01,-5.553005761718750044e-01,-3.497473242187499887e-01,7.992033154296874775e-01,4.693977246093749556e-01,-7.485819921874998784e-01,1.115203090820312326e+00
6.181937353515624123e-01,1.748736621093749943e-01,-1.644426015624999904e+00,2.868541650390624698e-01,9.203876953124999483e-02,-2.300969238281249662e+00,-4.632618066406249402e-01,8.835721874999998837e-01,-1.027766259765624968e+00,-1.007824526367187445e+00,-5.016112939453124531e-01,8.574945361328124571e-01,-4.571258886718749803e-01,-4.080385449218749683e-01,8.989119824218748667e-01,5.292229248046874668e-01,-7.347761767578124825e-01,1.181164208984374797e+00
6.197277148437499994e-01,1.978833544921874688e-01,-1.541649389648437340e+00,1.932814160156249850e-01,9.203876953124999483e-02,-2.288697402343749854e+00,-5.368928222656249583e-01,8.774362695312498683e-01,-1.132076865234374896e+00,-9.710090185546874642e-01,-5.230870068359374514e-01,7.577858691406249569e-01,-3.650871191406249716e-01,-4.417860937499999419e-01,9.986206494140623668e-01,5.829122070312499071e-01,-7.347761767578124825e-01,1.239455429687499999e+00
6.151257763671874601e-01,2.055532519531249880e-01,-1.441940722656249951e+00,1.012426464843749901e-01,9.357274902343748479e-02,-2.273357607421874871e+00,-5.737083300781249395e-01,8.759022900390623922e-01,-1.222581655273437429e+00,-9.173197363281249128e-01,-5.430287402343749736e-01,6.596111816406249329e-01,-2.945240624999999612e-01,-4.617278271484374641e-01,1.096795336914062391e+00,6.565432226562499807e-01,-7.194363818359373886e-01,1.300814609374999931e+00
6.120578173828123969e-01,2.055532519531249880e-01,-1.333028178710937484e+00,6.135917968749999771e-03,9.357274902343748479e-02,-2.262619750976562205e+00,-5.875141455078124464e-01,8.774362695312498683e-01,-1.276270937499999869e+00,-8.774362695312498683e-01,-5.614364941406249088e-01,5.568345556640624805e-01,-2.531066162109374962e-01,-4.709317041015624317e-01,1.199571962890624954e+00,7.485819921874998784e-01,-6.872228124999999466e-01,1.366775727539062402e+00
6.120578173828123969e-01,2.070872314453124918e-01,-1.231785532226562285e+00,-8.743683105468749717e-02,9.203876953124999483e-02,-2.251881894531249984e+00,-5.813782275390624310e-01,8.759022900390623922e-01,-1.348367973632812467e+00,-8.574945361328124571e-01,-5.691063916015624002e-01,4.540579296874999726e-01,-2.362328417968749816e-01,-4.755336425781249710e-01,1.297746650390624978e+00,8.436887207031249503e-01,-6.458053662109374260e-01,1.437338784179687412e+00
6.135917968749999840e-01,1.948153955078124888e-01,-1.127474926757812357e+00,-1.810095800781249820e-01,1.181164208984374908e-01,-2.227338222656249922e+00,-5.230870068359374514e-01,8.774362695312498683e-01,-1.440406743164062364e+00,-8.574945361328124571e-01,-5.445627197265624497e-01,3.850288525390624383e-01,-2.960580419921874928e-01,-4.786016015624999786e-01,1.372911645507812306e+00,9.418634082031248633e-01,-6.657470996093749482e-01,1.517105717773437279e+00
6.120578173828123969e-01,2.024852929687499803e-01,-1.026232280273437381e+00,-2.745823291015624945e-01,1.595338671874999836e-01,-2.175182919921874625e+00,-4.663297656249999479e-01,9.004459619140624538e-01,-1.547785307617187467e+00,-8.789702490234374554e-01,-4.586598681640624564e-01,3.482133447265624571e-01,-3.344075292968749502e-01,-4.724656835937499633e-01,1.425066948242187381e+00,1.033902177734374872e+00,-6.089898583984374447e-01,1.604542548828124859e+00
6.120578173828123969e-01,2.239610058593749786e-01,-9.280575927734374675e-01,-3.650871191406249716e-01,1.840775390624999897e-01,-2.106153842773437201e+00,-4.371841552734374581e-01,9.004459619140624538e-01,-1.664367749023437426e+00,-9.449313671874999265e-01,-3.604851806640624878e-01,3.420774267578124417e-01,-3.313395703124999425e-01,-4.709317041015624317e-01,1.510969799804687375e+00,1.109067172851562422e+00,-5.645044531249999720e-01,1.682775502929687361e+00
6.120578173828123969e-01,2.454367187499999770e-01,-8.314168847656249195e-01,-4.555919091796874487e-01,1.902134570312499773e-01,-2.052464560546874761e+00,-4.233783398437499512e-01,8.805042285156249315e-01,-1.713455092773437327e+00,-1.027766259765624968e+00,-2.607765136718749877e-01,3.528152832031249408e-01,-2.761163085937499706e-01,-4.770676220703124470e-01,1.598406630859374955e+00,1.125940947265624992e+00,-5.522326171874999412e-01,1.770212333984374942e+00
6.197277148437499994e-01,2.623104931640624637e-01,-7.378441357421874347e-01,-5.399607812499999104e-01,1.917474365234374811e-01,-2.000309257812499908e+00,-4.325822167968749743e-01,8.084071923828124451e-01,-1.645959995117187269e+00,-1.050775952148437442e+00,-1.656697851562499713e-01,4.095725244140624444e-01,-1.963493749999999927e-01,-4.893394580078124778e-01,1.682775502929687361e+00,1.079921562499999821e+00,-5.645044531249999720e-01,1.857649165039062300e+00
6.289315917968749670e-01,2.745823291015624945e-01,-7.409120947265623869e-01,-6.197277148437499994e-01,2.224270263671874748e-01,-1.919008344726562232e+00,-5.016112939453124531e-01,7.056305664062498817e-01,-1.541649389648437340e+00,-1.043106054687499951e+00,-1.595338671874999836e-01,4.786016015624999786e-01,-1.073785644531249917e-01,-5.123491503906250077e-01,1.696581318359374757e+00,9.832808544921873839e-01,-6.335335302734373952e-01,1.957357832031249911e+00
6.534752636718749175e-01,3.006599804687499766e-01,-8.314168847656249195e-01,-6.810868945312499312e-01,3.144657958984374835e-01,-1.819299677734374843e+00,-6.089898583984374447e-01,6.043879199218749054e-01,-1.566193061523437402e+00,-1.044640034179687316e+00,-1.963493749999999927e-01,5.583685351562499566e-01,-1.380581542968749818e-02,-5.154171093749999599e-01,1.756406518554687324e+00,8.651644335937499486e-01,-7.347761767578124825e-01,2.066270375976562157e+00
7.271062792968748800e-01,3.512813037109374648e-01,-9.219216748046874521e-01,-6.994946484374999773e-01,3.926987499999999853e-01,-1.704251215820312249e+00,-7.163684228515624364e-01,5.077472119140624685e-01,-1.672037646484374918e+00,-1.076853603515624869e+00,-2.193590673828124671e-01,6.504073046874999653e-01,8.436887207031248948e-02,-5.077472119140624685e-01,1.840775390624999730e+00,8.176110693359374126e-01,-7.823295410156249075e-01,2.121493637695312184e+00
7.992033154296874775e-01,4.479220117187499572e-01,-9.265236132812498804e-01,-7.102325048828124210e-01,4.448540527343749496e-01,-1.590736733398437464e+00,-8.252809667968749041e-01,4.203103808593749435e-01,-1.765610395507812402e+00,-1.084523500976562360e+00,-2.592425341796874561e-01,7.424460742187499740e-01,1.948153955078124888e-01,-5.092811914062499445e-01,1.928212221679687310e+00,7.439800537109374501e-01,-8.191450488281248887e-01,2.073940273437499648e+00
8.774362695312498683e-01,5.460966992187499258e-01,-9.035139208984374060e-01,-7.071645458984374688e-01,4.739996630859374394e-01,-1.481824189453124774e+00,-9.188537158203123889e-01,4.065045654296874367e-01,-1.816231718749999891e+00,-1.072251665039062329e+00,-3.313395703124999425e-01,8.237469873046874280e-01,2.868541650390624698e-01,-5.430287402343749736e-01,1.992639360351562416e+00,6.488733251953124892e-01,-8.528925976562499178e-01,1.966561708984374768e+00
9.710090185546874642e-01,6.366014892578124584e-01,-9.219216748046874521e-01,-6.810868945312499312e-01,4.755336425781249710e-01,-1.374445624999999893e+00,-1.003222587890624906e+00,4.065045654296874367e-01,-1.857649165039062300e+00,-1.026232280273437381e+00,-4.433200732421874735e-01,9.035139208984374060e-01,3.773589550781249469e-01,-5.921160839843749857e-01,2.007979155273437399e+00,5.338248632812500061e-01,-8.605624951171874093e-01,1.860717124023437252e+00
1.061513808593749886e+00,6.902907714843748987e-01,-9.786789160156249556e-01,-6.335335302734373952e-01,4.601938476562499325e-01,-1.279338896484374821e+00,-1.046174013671874903e+00,4.080385449218749683e-01,-1.900600590820312297e+00,-1.006290546874999858e+00,-5.430287402343749736e-01,9.894167724609373993e-01,4.693977246093749556e-01,-6.212616943359374755e-01,2.011047114257812130e+00,4.709317041015624317e-01,-8.222130078124999519e-01,1.748736621093749832e+00
1.159688496093749910e+00,7.086985253906249449e-01,-1.072251665039062329e+00,-5.829122070312499071e-01,4.463880322265624812e-01,-1.176562270507812480e+00,-1.118271049804687500e+00,4.203103808593749435e-01,-1.961959770507812229e+00,-1.007824526367187445e+00,-6.258636328124999038e-01,1.040038095703124998e+00,5.583685351562499566e-01,-6.289315917968749670e-01,2.060134458007812253e+00,3.973006884765624691e-01,-7.485819921874998784e-01,1.641358056640624952e+00
1.219513696289062477e+00,7.470480126953124023e-01,-1.152018598632812418e+00,-5.000773144531249770e-01,4.325822167968749743e-01,-1.135144824218749848e+00,-1.184232167968749971e+00,3.788929345703124785e-01,-1.977299565429687211e+00,-9.940187109374999386e-01,-6.841548535156248834e-01,1.095261357421874804e+00,5.568345556640624805e-01,-6.258636328124999038e-01,2.133765473632812437e+00,3.528152832031249408e-01,-7.669897460937499245e-01,1.543183369140624928e+00
1.262465122070312473e+00,7.792615820312499553e-01,-1.175028291015624893e+00,-3.973006884765624691e-01,4.095725244140624444e-01,-1.141280742187499975e+00,-1.138212783203124800e+00,3.543492626953124724e-01,-2.023318950195312382e+00,-9.786789160156249556e-01,-7.025626074218749295e-01,1.158154516601562323e+00,6.059218994140624925e-01,-6.396694482421874106e-01,2.179784858398437386e+00,3.742909960937499392e-01,-7.455140332031249262e-01,1.445008681640624904e+00
1.297746650390624978e+00,8.007372949218749536e-01,-1.237921450195312412e+00,-2.914561035156249535e-01,3.850288525390624383e-01,-1.118271049804687500e+00,-1.047707993164062490e+00,3.451453857421874494e-01,-2.050930581054687174e+00,-9.633391210937498617e-01,-7.133004638671874842e-01,1.240989409179687364e+00,6.289315917968749670e-01,-6.335335302734373952e-01,2.184386796874999703e+00,4.678637451171874795e-01,-6.703490380859374875e-01,1.337630117187499801e+00
1.326892260742187357e+00,8.298829052734374434e-01,-1.310018486328124787e+00,-1.917474365234374811e-01,3.666210986328124477e-01,-1.072251665039062329e+00,-1.089125439453124899e+00,3.712230371093749870e-01,-1.997241298828124734e+00,-9.418634082031248633e-01,-7.347761767578124825e-01,1.317688383789062279e+00,6.120578173828123969e-01,-6.151257763671874601e-01,2.161377104492187229e+00,4.571258886718749803e-01,-5.890481249999999225e-01,1.230251552734374920e+00
1.326892260742187357e+00,8.559605566406248700e-01,-1.380581542968749797e+00,-9.664070800781249249e-02,3.497473242187499887e-01,-1.049241972656249855e+00,-1.178096249999999845e+00,3.451453857421874494e-01,-1.892930693359374805e+00,-9.234556542968749282e-01,-7.639217871093749723e-01,1.398989296874999955e+00,6.273976123046874909e-01,-6.028539404296874293e-01,2.073940273437499648e+00,3.696890576171874554e-01,-6.151257763671874601e-01,1.122872988281249818e+00
1.322290322265624818e+00,8.713003515624999640e-01,-1.463416435546874839e+00,7.669897460937499280e-03,3.482133447265624571e-01,-9.863488134765624471e-01,-1.247125327148437490e+00,3.282716113281249903e-01,-1.780950190429687385e+00,-9.050479003906248820e-01,-7.823295410156249075e-01,1.469552353515624965e+00,6.580772021484374568e-01,-5.537665966796874173e-01,1.972697626953124894e+00,3.021939599609374527e-01,-6.565432226562499807e-01,1.116737070312499913e+00
1.294678691406249804e+00,8.820382080078124076e-01,-1.549319287109374832e+00,1.058445849609374878e-01,3.436114062499999733e-01,-9.909507519531248754e-01,-1.274736958007812282e+00,3.098638574218749997e-01,-1.664367749023437426e+00,-8.743683105468749162e-01,-8.053392333984373819e-01,1.550853266601562419e+00,6.657470996093749482e-01,-5.399607812499999104e-01,1.866853041992187379e+00,2.638444726562499953e-01,-7.179024023437499125e-01,1.059979829101562299e+00
1.228717573242187333e+00,8.927760644531249623e-01,-1.642892036132812317e+00,2.055532519531249880e-01,3.497473242187499887e-01,-1.086057480468749947e+00,-1.287008793945312313e+00,2.868541650390624698e-01,-1.546251328124999880e+00,-8.498246386718749656e-01,-8.084071923828124451e-01,1.630620200195312286e+00,6.749509765624999158e-01,-4.770676220703124470e-01,1.759474477539062276e+00,2.485046777343749846e-01,-7.715916845703124638e-01,1.007824526367187445e+00
1.222581655273437429e+00,9.035139208984374060e-01,-1.728794887695312310e+00,2.945240624999999612e-01,3.681550781249999793e-01,-1.145882680664062292e+00,-1.302348588867187296e+00,2.761163085937499706e-01,-1.423532968749999794e+00,-8.344848437499998717e-01,-8.099411718749999212e-01,1.718057031249999866e+00,6.872228124999999466e-01,-4.049705859374999606e-01,1.659765810546874887e+00,2.485046777343749846e-01,-7.669897460937499245e-01,9.142517773437499606e-01
1.224115634765624794e+00,9.050479003906248820e-01,-1.820833657226562430e+00,3.742909960937499392e-01,3.758249755859374708e-01,-1.150484619140624831e+00,-1.313086445312499961e+00,2.638444726562499953e-01,-1.299280629882812343e+00,-8.222130078124999519e-01,-7.899994384765623989e-01,1.802425903320312273e+00,7.025626074218749295e-01,-3.405434472656249656e-01,1.544717348632812293e+00,2.531066162109374962e-01,-7.301742382812499432e-01,8.774362695312498683e-01
1.225649614257812381e+00,8.989119824218748667e-01,-1.911338447265624740e+00,4.571258886718749803e-01,3.804269140624999546e-01,-1.147416660156249879e+00,-1.314620424804687326e+00,2.485046777343749846e-01,-1.173494311523437306e+00,-7.946013769531249382e-01,-7.363101562499999586e-01,1.886794775390624901e+00,7.071645458984374688e-01,-2.761163085937499706e-01,1.423532968749999794e+00,2.515726367187499646e-01,-7.163684228515624364e-01,8.590285156249999332e-01
1.213377778320312350e+00,8.881741259765624230e-01,-1.998775278320312321e+00,5.368928222656249583e-01,3.819608935546874862e-01,-1.167358393554687401e+00,-1.313086445312499961e+00,2.454367187499999770e-01,-1.053843911132812394e+00,-7.547179101562498937e-01,-6.826208740234374073e-01,1.965027729492187403e+00,7.071645458984374688e-01,-2.208930468749999709e-01,1.306950527343749835e+00,2.500386572265624885e-01,-6.933587304687499620e-01,9.127177978515623735e-01
1.188834106445312289e+00,8.620964746093748854e-01,-2.090814047851562218e+00,6.105238378906249208e-01,3.758249755859374708e-01,-1.207241860351562446e+00,-1.311552465820312374e+00,2.515726367187499646e-01,-9.249896337890624043e-01,-6.964266894531249141e-01,-6.504073046874999653e-01,2.047862622070312444e+00,7.025626074218749295e-01,-1.932814160156249850e-01,1.187300126953124924e+00,2.546405957031249723e-01,-6.734169970703124397e-01,1.001688608398437319e+00
1.153552578125000005e+00,8.298829052734374434e-01,-2.181318837890624973e+00,6.749509765624999158e-01,3.727570166015624631e-01,-1.267067060546874790e+00,-1.311552465820312374e+00,2.822522265624999860e-01,-8.099411718749999212e-01,-6.504073046874999653e-01,-6.273976123046874909e-01,2.129163535156249676e+00,6.841548535156248834e-01,-2.070872314453124918e-01,1.075319624023437504e+00,2.485046777343749846e-01,-6.258636328124999038e-01,1.109067172851562422e+00
1.109067172851562422e+00,7.838635205078123835e-01,-2.277959545898437188e+00,6.841548535156248834e-01,3.727570166015624631e-01,-1.337630117187499801e+00,-1.299280629882812343e+00,3.558832421874999485e-01,-6.964266894531249141e-01,-6.197277148437499994e-01,-6.028539404296874293e-01,2.181318837890624973e+00,6.319995507812499191e-01,-2.393008007812499893e-01,9.648731005859374488e-01,2.500386572265624885e-01,-5.537665966796874173e-01,1.219513696289062477e+00
1.030834218749999920e+00,7.271062792968748800e-01,-2.368464335937499943e+00,6.626791406249998850e-01,3.712230371093749870e-01,-1.418931030273437477e+00,-1.287008793945312313e+00,4.601938476562499325e-01,-6.304655712890624430e-01,-6.074558789062499686e-01,-5.583685351562499566e-01,2.193590673828124782e+00,5.752423095703124156e-01,-2.745823291015624945e-01,8.605624951171874093e-01,2.500386572265624885e-01,-5.292229248046874668e-01,1.299280629882812343e+00
9.418634082031248633e-01,6.488733251953124892e-01,-2.412949741210937304e+00,6.657470996093749482e-01,3.758249755859374708e-01,-1.503299902343749883e+00,-1.245591347656249903e+00,5.660384326171874481e-01,-5.982520019531250011e-01,-6.059218994140624925e-01,-5.138831298828124838e-01,2.161377104492187229e+00,5.031452734374999292e-01,-2.776502880859375022e-01,7.577858691406249569e-01,2.515726367187499646e-01,-5.921160839843749857e-01,1.382115522460937385e+00
8.498246386718749656e-01,5.798442480468749549e-01,-2.420619638671874796e+00,6.795529150390624551e-01,3.788929345703124785e-01,-1.583066835937499750e+00,-1.193436044921874828e+00,6.718830175781249636e-01,-5.905821044921873986e-01,-6.120578173828123969e-01,-4.279802783203124350e-01,2.106153842773437201e+00,4.157084423828124597e-01,-2.776502880859375022e-01,6.534752636718749175e-01,2.515726367187499646e-01,-6.458053662109374260e-01,1.469552353515624965e+00
7.623878076171873852e-01,4.939413964843749616e-01,-2.411415761718749717e+00,6.979606689453123902e-01,3.788929345703124785e-01,-1.673571625976562283e+00,-1.118271049804687500e+00,7.685237255859374006e-01,-5.936500634765624618e-01,-6.243296533203124277e-01,-3.405434472656249656e-01,2.027920888671874700e+00,3.206017138671874989e-01,-2.761163085937499706e-01,5.829122070312499071e-01,2.485046777343749846e-01,-6.979606689453123902e-01,1.556989184570312323e+00
7.117664843749998971e-01,4.249123193359374828e-01,-2.382270151367187339e+00,7.071645458984374688e-01,3.788929345703124785e-01,-1.756406518554687324e+00,-1.023164321289062428e+00,8.314168847656249195e-01,-5.905821044921873986e-01,-6.442713867187499499e-01,-3.021939599609374527e-01,1.926678242187499723e+00,2.162911083984374871e-01,-2.776502880859375022e-01,5.460966992187499258e-01,2.469706982421874808e-01,-7.424460742187499740e-01,1.632154179687499873e+00
6.902907714843748987e-01,3.666210986328124477e-01,-2.333182807617187215e+00,6.902907714843748987e-01,3.758249755859374708e-01,-1.839241411132812365e+00,-9.081158593749999453e-01,8.759022900390623922e-01,-5.890481249999999225e-01,-6.764849560546873919e-01,-2.853201855468749937e-01,1.820833657226562430e+00,1.073785644531249917e-01,-2.669124316406250030e-01,5.368928222656249583e-01,2.469706982421874808e-01,-7.884654589843749228e-01,1.714989072265624914e+00
6.872228124999999466e-01,3.221356933593749750e-01,-2.359260458984374864e+00,7.455140332031249262e-01,3.942327294921874614e-01,-1.917474365234374867e+00,-9.142517773437499606e-01,8.559605566406248700e-01,-5.890481249999999225e-01,-7.209703613281249757e-01,-2.669124316406250030e-01,1.741066723632812341e+00,7.669897460937499280e-03,-2.776502880859375022e-01,5.506986376953124651e-01,2.439027392578124731e-01,-8.651644335937499486e-01,1.681241523437499774e+00
6.718830175781249636e-01,2.975920214843749689e-01,-2.314775053710937502e+00,8.191450488281248887e-01,3.834948730468749623e-01,-2.017183032226562478e+00,-8.544265771484373939e-01,8.436887207031249503e-01,-5.936500634765624618e-01,-7.654557666015624484e-01,-2.638444726562499953e-01,1.630620200195312286e+00,-1.043106054687499840e-01,-3.374754882812499579e-01,5.522326171874999412e-01,2.454367187499999770e-01,-9.295915722656249436e-01,1.569261020507812354e+00
6.718830175781249636e-01,2.500386572265624885e-01,-2.331648828124999628e+00,8.452227001953124264e-01,3.973006884765624691e-01,-2.112289760742187106e+00,-7.531839306640624176e-01,8.222130078124999519e-01,-5.951840429687499379e-01,-8.421547412109374742e-01,-3.021939599609374527e-01,1.523241635742187405e+00,-2.040192724609374841e-01,-3.558832421874999485e-01,5.522326171874999412e-01,2.454367187499999770e-01,-9.341935107421873719e-01,1.449610620117187443e+00
6.703490380859374875e-01,2.040192724609374841e-01,-2.274891586914062458e+00,8.467566796874999024e-01,3.896307910156249776e-01,-2.205862509765624591e+00,-6.366014892578124584e-01,8.160770898437499365e-01,-6.013199609374999532e-01,-9.433973876953124504e-01,-3.574172216796874801e-01,1.412795112304687351e+00,-3.144657958984374835e-01,-3.635531396484374400e-01,5.568345556640624805e-01,2.469706982421874808e-01,-9.372614697265624351e-01,1.328426240234374944e+00
6.657470996093749482e-01,1.595338671874999836e-01,-2.213532407226562082e+00,8.298829052734374434e-01,3.620191601562499639e-01,-2.279493525390624775e+00,-5.246209863281249275e-01,8.130091308593748733e-01,-6.473393457031249021e-01,-1.036970136718749824e+00,-4.141744628906249837e-01,1.316154404296874914e+00,-4.233783398437499512e-01,-3.620191601562499639e-01,5.629704736328124959e-01,2.469706982421874808e-01,-9.449313671874999265e-01,1.211843798828124985e+00
6.565432226562499807e-01,1.150484619140624831e-01,-2.146037309570312246e+00,7.746596435546874160e-01,3.405434472656249656e-01,-2.320910971679687407e+00,-4.126404833984374521e-01,7.930673974609374621e-01,-7.056305664062498817e-01,-1.139746762695312388e+00,-4.586598681640624564e-01,1.207241860351562446e+00,-5.384268017578124343e-01,-3.666210986328124477e-01,5.829122070312499071e-01,2.546405957031249723e-01,-9.433973876953124504e-01,1.095261357421874804e+00
6.350675097656249823e-01,1.165824414062499870e-01,-2.064736396484375014e+00,6.826208740234374073e-01,3.113978369140624758e-01,-2.336250766601562390e+00,-3.344075292968749502e-01,7.930673974609374621e-01,-8.099411718749999212e-01,-1.213377778320312350e+00,-4.893394580078124778e-01,1.099863295898437343e+00,-6.412034277343749977e-01,-3.788929345703124785e-01,6.166597558593749362e-01,2.653784521484374714e-01,-9.418634082031248633e-01,1.084523500976562360e+00
6.304655712890624430e-01,1.810095800781249820e-01,-1.961959770507812229e+00,5.737083300781249395e-01,2.653784521484374714e-01,-2.339318725585937120e+00,-2.929900830078124851e-01,8.314168847656249195e-01,-9.265236132812498804e-01,-1.253261245117187395e+00,-5.476306787109374019e-01,9.970866699218748908e-01,-7.240383203124999278e-01,-4.019026269531249529e-01,6.826208740234374073e-01,3.083298779296874681e-01,-9.372614697265624351e-01,1.161222475585937497e+00
6.289315917968749670e-01,2.822522265624999860e-01,-1.845377329101562269e+00,4.586598681640624564e-01,2.070872314453124918e-01,-2.339318725585937120e+00,-2.761163085937499706e-01,8.728343310546874401e-01,-1.041572075195312364e+00,-1.237921450195312412e+00,-6.335335302734373952e-01,8.835721874999998837e-01,-7.915334179687498750e-01,-4.356501757812499820e-01,7.899994384765623989e-01,3.620191601562499639e-01,-9.387954492187499111e-01,1.268601040039062378e+00
6.273976123046874909e-01,3.574172216796874801e-01,-1.739532744140624754e+00,3.466793652343749810e-01,1.871454980468749696e-01,-2.334716787109374803e+00,-2.883881445312500014e-01,8.820382080078124076e-01,-1.175028291015624893e+00,-1.178096249999999845e+00,-6.964266894531249141e-01,7.639217871093749723e-01,-8.022712744140624297e-01,-4.540579296874999726e-01,9.035139208984374060e-01,4.356501757812499820e-01,-9.479993261718748787e-01,1.363707768554687449e+00
6.258636328124999038e-01,3.712230371093749870e-01,-1.632154179687499873e+00,2.469706982421874808e-01,1.794756005859374781e-01,-2.330114848632812485e+00,-3.159997753906249596e-01,8.851061669921874708e-01,-1.288542773437499900e+00,-1.105999213867187470e+00,-7.179024023437499125e-01,6.580772021484374568e-01,-7.516499511718749416e-01,-4.647957861328124718e-01,1.000154628906249954e+00,5.108151708984374206e-01,-9.387954492187499111e-01,1.357571850585937323e+00
6.243296533203124277e-01,3.712230371093749870e-01,-1.529377553710937310e+00,1.441940722656250007e-01,1.687377441406249790e-01,-2.316309033203124645e+00,-3.804269140624999546e-01,8.881741259765624230e-01,-1.360639809570312275e+00,-1.006290546874999858e+00,-7.271062792968748800e-01,5.614364941406249088e-01,-6.918247509765624859e-01,-4.924074169921874300e-01,1.082989521484374995e+00,5.875141455078124464e-01,-9.387954492187499111e-01,1.408193173828124811e+00
6.243296533203124277e-01,3.574172216796874801e-01,-1.428134907226562333e+00,4.601938476562499741e-02,1.702717236328124828e-01,-2.297901279296874932e+00,-4.663297656249999479e-01,8.851061669921874708e-01,-1.329960219726562309e+00,-8.927760644531249623e-01,-7.040965869140624056e-01,4.678637451171874795e-01,-6.319995507812499191e-01,-5.338248632812500061e-01,1.127474926757812357e+00,6.734169970703124397e-01,-9.173197363281249128e-01,1.478756230468749822e+00
6.243296533203124277e-01,3.436114062499999733e-01,-1.331494199218749896e+00,-4.295142578124999666e-02,1.718057031249999866e-01,-2.268755668945312109e+00,-5.016112939453124531e-01,8.943100439453124384e-01,-1.380581542968749797e+00,-8.498246386718749656e-01,-6.749509765624999158e-01,4.080385449218749683e-01,-5.645044531249999720e-01,-5.568345556640624805e-01,1.162756455078124862e+00,7.623878076171873852e-01,-8.682323925781249008e-01,1.549319287109374832e+00
6.243296533203124277e-01,3.451453857421874494e-01,-1.227183593749999968e+00,-1.380581542968749853e-01,1.687377441406249790e-01,-2.245745976562499635e+00,-5.169510888671874360e-01,9.004459619140624538e-01,-1.445008681640624904e+00,-8.314168847656249195e-01,-6.442713867187499499e-01,3.788929345703124785e-01,-5.016112939453124531e-01,-5.614364941406249088e-01,1.245591347656249903e+00,8.651644335937499486e-01,-8.114751513671873973e-01,1.626018261718749747e+00
6.243296533203124277e-01,3.359415087890624818e-01,-1.125940947265624992e+00,-2.208930468749999709e-01,1.748736621093749943e-01,-2.218134345703124843e+00,-5.031452734374999292e-01,8.973780029296873906e-01,-1.441940722656249951e+00,-8.160770898437499365e-01,-6.043879199218749054e-01,3.666210986328124477e-01,-4.325822167968749743e-01,-5.660384326171874481e-01,1.319222363281249866e+00,9.602711621093749095e-01,-7.577858691406249569e-01,1.698115297851562344e+00
6.181937353515624123e-01,3.252036523437499826e-01,-1.032368198242187507e+00,-3.083298779296874681e-01,1.672037646484374751e-01,-2.181318837890624973e+00,-5.215530273437499753e-01,8.835721874999998837e-01,-1.377513583984374845e+00,-8.222130078124999519e-01,-5.154171093749999599e-01,3.788929345703124785e-01,-3.482133447265624571e-01,-5.706403710937499874e-01,1.402057255859374907e+00,1.058445849609374934e+00,-6.918247509765624859e-01,1.773280292968749894e+00
6.181937353515624123e-01,3.282716113281249903e-01,-9.387954492187499111e-01,-3.942327294921874614e-01,1.610678466796874875e-01,-2.141435371093749929e+00,-5.921160839843749857e-01,8.390867822265624110e-01,-1.294678691406249804e+00,-8.268149462890623802e-01,-4.862714990234374701e-01,4.341161962890624504e-01,-2.592425341796874561e-01,-5.737083300781249395e-01,1.486426127929687313e+00,1.141280742187499975e+00,-7.148344433593749603e-01,1.860717124023437252e+00
6.227956738281249516e-01,3.405434472656249656e-01,-8.344848437499998717e-01,-4.878054785156249462e-01,1.395921337890624891e-01,-2.087746088867187488e+00,-6.764849560546873919e-01,7.577858691406249569e-01,-1.173494311523437306e+00,-7.961353564453124143e-01,-4.617278271484374641e-01,5.062132324218749924e-01,-1.656697851562499713e-01,-5.829122070312499071e-01,1.564659082031249815e+00,1.182698188476562384e+00,-6.918247509765624859e-01,1.965027729492187403e+00
6.197277148437499994e-01,3.788929345703124785e-01,-7.424460742187499740e-01,-5.767762890625000027e-01,1.303882568359374938e-01,-2.004911196289062225e+00,-7.332421972656248954e-01,6.596111816406249329e-01,-1.072251665039062329e+00,-7.715916845703124638e-01,-4.295142578124999666e-01,5.997859814453124772e-01,-7.363101562499999031e-02,-5.982520019531250011e-01,1.636756118164062412e+00,1.150484619140624831e+00,-6.366014892578124584e-01,2.049396601562500031e+00
6.227956738281249516e-01,4.203103808593749435e-01,-7.347761767578124825e-01,-6.427374072265624738e-01,1.395921337890624891e-01,-1.929746201171874898e+00,-8.130091308593748733e-01,5.537665966796874173e-01,-1.125940947265624992e+00,-7.639217871093749723e-01,-4.218443603515624751e-01,6.872228124999999466e-01,1.687377441406249720e-02,-6.197277148437499994e-01,1.710387133789062375e+00,1.078387583007812456e+00,-6.933587304687499620e-01,2.112289760742187106e+00
6.565432226562499807e-01,4.586598681640624564e-01,-7.992033154296874775e-01,-6.749509765624999158e-01,1.886794775390624734e-01,-1.848445288085937444e+00,-9.142517773437499606e-01,4.540579296874999726e-01,-1.225649614257812381e+00,-7.700577050781248767e-01,-4.371841552734374581e-01,7.792615820312499553e-01,1.058445849609374878e-01,-6.304655712890624430e-01,1.785552128906249925e+00,9.756109570312498924e-01,-7.654557666015624484e-01,2.109221801757812376e+00
7.409120947265623869e-01,4.970093554687499693e-01,-8.774362695312498683e-01,-6.887567919921874227e-01,2.699803906249999552e-01,-1.741066723632812341e+00,-1.024698300781250015e+00,3.512813037109374648e-01,-1.342232055664062340e+00,-7.976693359374998904e-01,-4.417860937499999419e-01,8.743683105468749162e-01,2.086212109374999679e-01,-6.074558789062499686e-01,1.869921000976562331e+00,8.666984130859374247e-01,-8.007372949218749536e-01,2.000309257812499908e+00
8.344848437499998717e-01,5.721743505859374634e-01,-9.848148339843748600e-01,-6.964266894531249141e-01,3.589512011718749562e-01,-1.630620200195312286e+00,-1.070717685546874964e+00,2.638444726562499953e-01,-1.451144599609374808e+00,-8.682323925781249008e-01,-4.509899707031249649e-01,9.679410595703124010e-01,3.159997753906249596e-01,-5.675724121093749241e-01,1.957357832031249911e+00,7.439800537109374501e-01,-8.421547412109374742e-01,1.888328754882812266e+00
9.173197363281249128e-01,6.672810791015624243e-01,-1.072251665039062329e+00,-6.918247509765624859e-01,4.479220117187499572e-01,-1.515571738281249914e+00,-1.032368198242187507e+00,2.500386572265624885e-01,-1.535513471679687436e+00,-9.556692236328123702e-01,-4.878054785156249462e-01,1.038504116210937411e+00,4.095725244140624444e-01,-5.491646582031249890e-01,2.043260683593749683e+00,6.304655712890624430e-01,-8.851061669921874708e-01,1.768678354492187355e+00
9.986206494140623668e-01,7.317082177734374193e-01,-1.167358393554687401e+00,-6.611451611328124089e-01,4.893394580078124778e-01,-1.402057255859374907e+00,-9.664070800781249249e-01,2.853201855468749937e-01,-1.599940610351562320e+00,-1.021630341796874841e+00,-5.292229248046874668e-01,1.021630341796874841e+00,4.985433349609374454e-01,-5.645044531249999720e-01,2.092348027343749806e+00,5.215530273437499753e-01,-9.127177978515623735e-01,1.652095913085937395e+00
1.081455541992187408e+00,7.562518896484374809e-01,-1.253261245117187395e+00,-5.890481249999999225e-01,4.908734374999999539e-01,-1.306950527343749835e+00,-8.866401464843749469e-01,3.113978369140624758e-01,-1.658231831054687300e+00,-1.052309931640624807e+00,-5.783102685546874788e-01,1.003222587890624906e+00,5.813782275390624310e-01,-5.691063916015624002e-01,2.100017924804687297e+00,4.279802783203124350e-01,-9.142517773437499606e-01,1.544717348632812293e+00
1.150484619140624831e+00,7.823295410156249075e-01,-1.334562158203124849e+00,-4.878054785156249462e-01,4.786016015624999786e-01,-1.198037983398437367e+00,-7.992033154296874775e-01,3.129318164062499519e-01,-1.734930805664062436e+00,-1.089125439453124899e+00,-6.243296533203124277e-01,1.029300239257812333e+00,6.396694482421874106e-01,-5.614364941406249088e-01,2.104619863281249614e+00,3.650871191406249716e-01,-9.111838183593748974e-01,1.429668886718749921e+00
1.188834106445312289e+00,8.068732128906249690e-01,-1.411261132812499763e+00,-3.973006884765624691e-01,4.678637451171874795e-01,-1.102931254882812295e+00,-8.176110693359374126e-01,3.175337548828124912e-01,-1.802425903320312273e+00,-1.109067172851562422e+00,-6.534752636718749175e-01,9.986206494140623668e-01,6.596111816406249329e-01,-5.706403710937499874e-01,2.109221801757812376e+00,3.052619189453124604e-01,-8.897081054687498991e-01,1.313086445312499961e+00
1.234853491210937459e+00,8.314168847656249195e-01,-1.486426127929687313e+00,-2.975920214843749689e-01,4.525239501953124410e-01,-1.086057480468749947e+00,-8.851061669921874708e-01,2.929900830078124851e-01,-1.820833657226562430e+00,-1.107533193359374835e+00,-6.764849560546873919e-01,9.311255517578124197e-01,6.688150585937499004e-01,-5.767762890625000027e-01,2.053998540039062348e+00,2.715143701171874868e-01,-9.035139208984374060e-01,1.205707880859374859e+00
1.277804916992187456e+00,8.513586181640624417e-01,-1.563125102539062450e+00,-1.917474365234374811e-01,4.402521142578124658e-01,-1.093727377929687439e+00,-8.544265771484373939e-01,3.221356933593749750e-01,-1.742600703124999928e+00,-1.092193398437499852e+00,-6.749509765624999158e-01,9.449313671874999265e-01,6.718830175781249636e-01,-5.721743505859374634e-01,1.961959770507812229e+00,2.684464111328124791e-01,-8.406207617187498871e-01,1.101397275390624930e+00
1.306950527343749835e+00,8.743683105468749162e-01,-1.636756118164062412e+00,-9.357274902343748479e-02,4.387181347656249342e-01,-1.073785644531249917e+00,-8.866401464843749469e-01,2.807182470703124544e-01,-1.632154179687499873e+00,-1.084523500976562360e+00,-6.764849560546873919e-01,1.038504116210937411e+00,6.596111816406249329e-01,-5.691063916015624002e-01,1.862251103515624839e+00,2.531066162109374962e-01,-8.513586181640624417e-01,9.940187109374999386e-01
1.316154404296874914e+00,8.866401464843749469e-01,-1.718057031249999866e+00,1.533979492187499943e-03,4.126404833984374521e-01,-1.063047788085937473e+00,-9.771449365234373685e-01,2.331648828124999739e-01,-1.515571738281249914e+00,-1.064581767578124838e+00,-6.780189355468749790e-01,1.124406967773437405e+00,6.902907714843748987e-01,-5.614364941406249088e-01,1.780950190429687385e+00,2.653784521484374714e-01,-8.130091308593748733e-01,9.311255517578124197e-01
1.294678691406249804e+00,8.973780029296873906e-01,-1.797823964843749733e+00,1.027766259765624940e-01,3.466793652343749810e-01,-1.024698300781250015e+00,-1.073785644531249917e+00,2.300969238281249662e-01,-1.392853378906249828e+00,-1.030834218749999920e+00,-6.657470996093749482e-01,1.214911757812499937e+00,7.194363818359373886e-01,-5.353588427734374822e-01,1.681241523437499774e+00,2.807182470703124544e-01,-7.501159716796874655e-01,9.602711621093749095e-01
1.244057368164062316e+00,9.065818798828124692e-01,-1.882192836914062362e+00,2.040192724609374841e-01,2.929900830078124851e-01,-9.449313671874999265e-01,-1.162756455078124862e+00,2.346988623046874778e-01,-1.259397163085937299e+00,-1.024698300781250015e+00,-6.519412841796874414e-01,1.300814609374999931e+00,7.301742382812499432e-01,-4.786016015624999786e-01,1.566193061523437402e+00,2.929900830078124851e-01,-6.565432226562499807e-01,1.070717685546874964e+00
1.190368085937499876e+00,9.188537158203123889e-01,-1.960425791015624863e+00,2.929900830078124851e-01,2.561745751953125039e-01,-9.633391210937498617e-01,-1.219513696289062477e+00,2.454367187499999770e-01,-1.132076865234374896e+00,-1.033902177734374872e+00,-6.473393457031249021e-01,1.386717460937499924e+00,7.286402587890624671e-01,-4.295142578124999666e-01,1.452678579101562395e+00,2.776502880859375022e-01,-5.997859814453124772e-01,1.181164208984374797e+00
1.130542885742187309e+00,9.265236132812498804e-01,-2.049396601562500031e+00,3.727570166015624631e-01,2.592425341796874561e-01,-1.040038095703124998e+00,-1.259397163085937299e+00,2.807182470703124544e-01,-1.009358505859374810e+00,-1.043106054687499951e+00,-6.473393457031249021e-01,1.469552353515624965e+00,7.240383203124999278e-01,-3.926987499999999853e-01,1.331494199218749896e+00,2.653784521484374714e-01,-6.273976123046874909e-01,1.288542773437499900e+00
1.046174013671874903e+00,9.341935107421873719e-01,-2.138367412109374754e+00,4.463880322265624812e-01,3.144657958984374835e-01,-1.112135131835937374e+00,-1.296212670898437391e+00,2.515726367187499646e-01,-8.866401464843749469e-01,-1.043106054687499951e+00,-6.381354687499999345e-01,1.555455205078124958e+00,7.071645458984374688e-01,-4.080385449218749683e-01,1.263999101562499838e+00,2.592425341796874561e-01,-7.102325048828124210e-01,1.354503891601562371e+00
1.017028403320312302e+00,9.372614697265624351e-01,-2.230406181640624652e+00,5.261549658203124036e-01,3.543492626953124724e-01,-1.193436044921874828e+00,-1.306950527343749835e+00,3.175337548828124912e-01,-7.731256640624999399e-01,-1.041572075195312364e+00,-6.427374072265624738e-01,1.636756118164062412e+00,6.933587304687499620e-01,-4.187764013671874674e-01,1.188834106445312289e+00,2.561745751953125039e-01,-6.810868945312499312e-01,1.423532968749999794e+00
1.020096362304687476e+00,9.357274902343749590e-01,-2.308639135742187154e+00,5.905821044921873986e-01,3.742909960937499392e-01,-1.233319511718749872e+00,-1.305416547851562470e+00,4.019026269531249529e-01,-6.764849560546873919e-01,-1.027766259765624968e+00,-6.319995507812499191e-01,1.721124990234374819e+00,6.872228124999999466e-01,-3.666210986328124477e-01,1.084523500976562360e+00,2.561745751953125039e-01,-6.289315917968749670e-01,1.495630004882812392e+00
1.018562382812499889e+00,9.464653466796874026e-01,-2.369998315429687086e+00,6.366014892578124584e-01,3.896307910156249776e-01,-1.221047675781249842e+00,-1.300814609374999931e+00,4.847375195312499385e-01,-6.197277148437499994e-01,-1.009358505859374810e+00,-6.135917968749999840e-01,1.813163759765624938e+00,6.473393457031249021e-01,-3.344075292968749502e-01,9.848148339843748600e-01,2.607765136718749877e-01,-6.258636328124999038e-01,1.564659082031249815e+00
9.817468749999999078e-01,9.526012646484374180e-01,-2.406813823242187400e+00,5.921160839843749857e-01,3.988346679687499452e-01,-1.208775839843749811e+00,-1.270135019531249965e+00,5.752423095703124156e-01,-5.951840429687499379e-01,-9.848148339843748600e-01,-5.568345556640624805e-01,1.899066611328124932e+00,5.859801660156249703e-01,-3.236696728515624510e-01,8.851061669921874708e-01,2.623104931640624637e-01,-6.227956738281249516e-01,1.639824077148437365e+00
9.387954492187499111e-01,9.464653466796874026e-01,-2.435959433593749779e+00,6.120578173828123969e-01,3.973006884765624691e-01,-1.221047675781249842e+00,-1.222581655273437429e+00,6.534752636718749175e-01,-5.936500634765624618e-01,-9.510672851562499419e-01,-4.939413964843749616e-01,1.988037421874999877e+00,5.092811914062499445e-01,-3.328735498046874741e-01,7.930673974609374621e-01,2.607765136718749877e-01,-7.071645458984374688e-01,1.710387133789062375e+00
8.498246386718749656e-01,9.234556542968749282e-01,-2.452833208007812349e+00,6.458053662109374260e-01,3.880968115234374460e-01,-1.270135019531249965e+00,-1.139746762695312388e+00,7.271062792968748800e-01,-5.921160839843749857e-01,-8.881741259765624230e-01,-4.647957861328124718e-01,2.027920888671874700e+00,4.095725244140624444e-01,-3.865628320312499699e-01,6.887567919921874227e-01,2.607765136718749877e-01,-8.160770898437499365e-01,1.805493862304687447e+00
7.761936230468748921e-01,8.682323925781249008e-01,-2.449765249023437175e+00,6.427374072265624738e-01,3.589512011718749562e-01,-1.342232055664062340e+00,-1.040038095703124998e+00,7.976693359374998904e-01,-5.890481249999999225e-01,-8.068732128906249690e-01,-4.586598681640624564e-01,1.984969462890624925e+00,3.206017138671874989e-01,-4.049705859374999606e-01,6.120578173828123969e-01,2.607765136718749877e-01,-8.467566796874999024e-01,1.894464672851562392e+00
7.209703613281249757e-01,7.731256640624999399e-01,-2.434425454101562192e+00,7.056305664062498817e-01,3.574172216796874801e-01,-1.409727153320312398e+00,-9.326595312499998958e-01,7.838635205078123835e-01,-5.890481249999999225e-01,-7.179024023437499125e-01,-4.755336425781249710e-01,1.889862734374999853e+00,2.193590673828124671e-01,-4.264462988281249589e-01,6.059218994140624925e-01,2.607765136718749877e-01,-9.265236132812498804e-01,1.863785083007812426e+00
6.718830175781249636e-01,6.764849560546873919e-01,-2.417551679687499622e+00,7.685237255859374006e-01,3.819608935546874862e-01,-1.504833881835937470e+00,-8.222130078124999519e-01,7.777276025390624792e-01,-5.967180224609374140e-01,-6.642131201171874721e-01,-5.108151708984374206e-01,1.776348251953124846e+00,1.043106054687499840e-01,-4.479220117187499572e-01,6.059218994140624925e-01,2.561745751953125039e-01,-9.679410595703124010e-01,1.744134682617187293e+00
6.488733251953124892e-01,5.905821044921873986e-01,-2.366930356445312356e+00,8.206790283203124758e-01,3.466793652343749810e-01,-1.606076528320312446e+00,-7.086985253906249449e-01,8.114751513671873973e-01,-5.967180224609374140e-01,-6.611451611328124089e-01,-5.169510888671874360e-01,1.664367749023437426e+00,-6.135917968749999771e-03,-4.571258886718749803e-01,5.982520019531250011e-01,2.515726367187499646e-01,-9.725429980468749402e-01,1.619882343749999842e+00
6.580772021484374568e-01,5.353588427734374822e-01,-2.382270151367187339e+00,8.498246386718749656e-01,3.696890576171874554e-01,-1.698115297851562344e+00,-5.905821044921873986e-01,7.946013769531249382e-01,-6.043879199218749054e-01,-6.872228124999999466e-01,-5.414947607421874975e-01,1.558523164062499911e+00,-1.196504003906249947e-01,-4.494559912109374333e-01,6.442713867187499499e-01,2.454367187499999770e-01,-9.740769775390624163e-01,1.494096025390624805e+00
6.596111816406249329e-01,4.709317041015624317e-01,-2.348522602539062198e+00,8.620964746093748854e-01,3.635531396484374400e-01,-1.797823964843749733e+00,-4.847375195312499385e-01,7.992033154296874775e-01,-6.151257763671874601e-01,-7.485819921874998784e-01,-5.875141455078124464e-01,1.452678579101562395e+00,-2.300969238281249662e-01,-4.509899707031249649e-01,7.071645458984374688e-01,2.423687597656249693e-01,-9.679410595703124010e-01,1.377513583984374845e+00
6.672810791015624243e-01,4.034366064453124845e-01,-2.365396376953124769e+00,8.620964746093748854e-01,3.681550781249999793e-01,-1.895998652343749757e+00,-4.816695605468749308e-01,8.344848437499998717e-01,-6.181937353515624123e-01,-8.360188232421874588e-01,-6.074558789062499686e-01,1.340698076171874975e+00,-3.390094677734374895e-01,-4.433200732421874735e-01,7.976693359374998904e-01,2.439027392578124731e-01,-9.587371826171874334e-01,1.262465122070312473e+00
6.780189355468749790e-01,3.420774267578124417e-01,-2.351590561523437373e+00,8.636304541015624725e-01,3.451453857421874494e-01,-1.997241298828124734e+00,-4.325822167968749743e-01,8.559605566406248700e-01,-6.580772021484374568e-01,-9.372614697265624351e-01,-6.335335302734373952e-01,1.237921450195312412e+00,-4.479220117187499572e-01,-4.417860937499999419e-01,9.035139208984374060e-01,2.454367187499999770e-01,-9.587371826171874334e-01,1.144348701171874927e+00
6.672810791015624243e-01,3.252036523437499826e-01,-2.282561484374999949e+00,8.421547412109374742e-01,3.037279394531249843e-01,-2.092348027343749806e+00,-3.696890576171874554e-01,8.498246386718749656e-01,-7.179024023437499125e-01,-9.725429980468749402e-01,-6.642131201171874721e-01,1.145882680664062292e+00,-5.522326171874999412e-01,-4.433200732421874735e-01,9.142517773437499606e-01,2.500386572265624885e-01,-9.587371826171874334e-01,1.030834218749999920e+00
6.396694482421874106e-01,3.067958984374999920e-01,-2.190522714843749608e+00,7.899994384765623989e-01,2.546405957031249723e-01,-2.165979042968749990e+00,-3.159997753906249596e-01,8.467566796874999024e-01,-8.068732128906249690e-01,-9.924847314453124625e-01,-6.826208740234374073e-01,1.036970136718749824e+00,-6.519412841796874414e-01,-4.448540527343749496e-01,9.618051416015623856e-01,2.531066162109374962e-01,-9.556692236328123702e-01,9.265236132812498804e-01
6.350675097656249823e-01,2.653784521484374714e-01,-2.089280068359374631e+00,7.133004638671874842e-01,2.224270263671874748e-01,-2.207396489257812178e+00,-3.221356933593749750e-01,8.176110693359374126e-01,-9.142517773437499606e-01,-1.030834218749999920e+00,-6.979606689453123902e-01,9.372614697265624351e-01,-6.994946484374999773e-01,-4.356501757812499820e-01,1.053843911132812394e+00,3.006599804687499766e-01,-9.249896337890624043e-01,8.145431103515624605e-01
6.319995507812499191e-01,2.423687597656249693e-01,-1.989571401367187242e+00,6.151257763671874601e-01,1.656697851562499713e-01,-2.231940161132812239e+00,-3.252036523437499826e-01,8.360188232421874588e-01,-1.035436157226562459e+00,-1.082989521484374995e+00,-6.795529150390624551e-01,8.375528027343749349e-01,-7.409120947265623869e-01,-4.233783398437499512e-01,1.150484619140624831e+00,3.712230371093749870e-01,-8.666984130859374247e-01,7.915334179687498750e-01
6.289315917968749670e-01,2.423687597656249693e-01,-1.885260795898437314e+00,5.184850683593749121e-01,1.349901953124999776e-01,-2.238076079101562144e+00,-3.420774267578124417e-01,8.559605566406248700e-01,-1.145882680664062292e+00,-1.101397275390624930e+00,-6.580772021484374568e-01,7.317082177734374193e-01,-7.301742382812499432e-01,-4.295142578124999666e-01,1.234853491210937459e+00,4.678637451171874795e-01,-7.838635205078123835e-01,8.482906591796873785e-01
6.304655712890624430e-01,2.531066162109374962e-01,-1.784018149414062337e+00,4.172424218749999358e-01,1.165824414062499870e-01,-2.239610058593749731e+00,-3.497473242187499887e-01,8.851061669921874708e-01,-1.265533081054687425e+00,-1.087591459960937312e+00,-6.550092431640623936e-01,6.319995507812499191e-01,-6.688150585937499004e-01,-4.663297656249999479e-01,1.308484506835937422e+00,5.737083300781249395e-01,-6.933587304687499620e-01,9.326595312499998958e-01
6.304655712890624430e-01,2.761163085937499706e-01,-1.678173564453124822e+00,3.175337548828124912e-01,1.104465234374999855e-01,-2.231940161132812239e+00,-3.696890576171874554e-01,8.927760644531249623e-01,-1.374445624999999893e+00,-1.030834218749999920e+00,-6.335335302734373952e-01,5.307569042968749429e-01,-5.967180224609374140e-01,-4.985433349609374454e-01,1.377513583984374845e+00,6.596111816406249329e-01,-6.458053662109374260e-01,1.007824526367187445e+00
6.289315917968749670e-01,2.899221240234374775e-01,-1.583066835937499750e+00,2.208930468749999709e-01,1.119805029296874893e-01,-2.222736284179687161e+00,-4.003686474609374768e-01,8.958440234374999145e-01,-1.483358168945312361e+00,-9.710090185546874642e-01,-6.043879199218749054e-01,4.463880322265624812e-01,-5.123491503906250077e-01,-5.077472119140624685e-01,1.461882456054687474e+00,7.347761767578124825e-01,-6.289315917968749670e-01,1.070717685546874964e+00
6.289315917968749670e-01,2.868541650390624698e-01,-1.480290209960937409e+00,1.242523388671874923e-01,1.119805029296874893e-01,-2.216600366210937256e+00,-4.141744628906249837e-01,8.927760644531249623e-01,-1.570794999999999941e+00,-9.265236132812498804e-01,-5.675724121093749241e-01,3.973006884765624691e-01,-4.157084423828124597e-01,-4.939413964843749616e-01,1.550853266601562419e+00,8.191450488281248887e-01,-5.982520019531250011e-01,1.133610844726562483e+00
6.181937353515624123e-01,2.791842675781249783e-01,-1.380581542968749797e+00,3.067958984374999712e-02,1.303882568359374938e-01,-2.201260571289062273e+00,-4.801355810546874547e-01,8.958440234374999145e-01,-1.675105605468749870e+00,-9.019799414062499299e-01,-5.169510888671874360e-01,4.126404833984374521e-01,-3.206017138671874989e-01,-4.755336425781249710e-01,1.603008569335937272e+00,8.989119824218748667e-01,-5.813782275390624310e-01,1.201105942382812319e+00
6.181937353515624123e-01,2.715143701171874868e-01,-1.280872875976562408e+00,-5.675724121093749658e-02,1.288542773437499900e-01,-2.179784858398437386e+00,-5.798442480468749549e-01,8.943100439453124384e-01,-1.690445400390624853e+00,-8.743683105468749162e-01,-4.325822167968749743e-01,4.126404833984374521e-01,-2.208930468749999709e-01,-4.586598681640624564e-01,1.616814384765624890e+00,9.924847314453124625e-01,-5.460966992187499258e-01,1.273202978515624917e+00
6.166597558593749362e-01,2.837862060546874621e-01,-1.181164208984374797e+00,-1.472620312499999806e-01,1.273202978515624861e-01,-2.156775166015624912e+00,-6.718830175781249636e-01,8.866401464843749469e-01,-1.641358056640624952e+00,-8.452227001953124264e-01,-3.420774267578124417e-01,4.080385449218749683e-01,-1.150484619140624831e-01,-4.279802783203124350e-01,1.616814384765624890e+00,1.084523500976562360e+00,-5.169510888671874360e-01,1.348367973632812467e+00
6.135917968749999840e-01,3.052619189453124604e-01,-1.079921562499999821e+00,-2.346988623046874778e-01,1.549319287109374998e-01,-2.113823740234374693e+00,-7.761936230468748921e-01,8.697663720703123769e-01,-1.641358056640624952e+00,-8.467566796874999024e-01,-2.592425341796874561e-01,4.126404833984374521e-01,-1.533979492187499856e-02,-4.187764013671874674e-01,1.564659082031249815e+00,1.158154516601562323e+00,-5.706403710937499874e-01,1.432736845703124873e+00
6.166597558593749362e-01,3.298055908203124664e-01,-9.817468749999999078e-01,-3.221356933593749750e-01,1.380581542968749853e-01,-2.057066499023437522e+00,-8.022712744140624297e-01,8.191450488281248887e-01,-1.581532856445312385e+00,-8.590285156249999332e-01,-1.856115185546874935e-01,4.509899707031249649e-01,8.283489257812498563e-02,-4.095725244140624444e-01,1.498697963867187344e+00,1.211843798828124985e+00,-5.982520019531250011e-01,1.527843574218749945e+00
6.166597558593749362e-01,3.788929345703124785e-01,-8.835721874999998837e-01,-4.126404833984374521e-01,1.196504003906249947e-01,-2.029454868164062287e+00,-7.946013769531249382e-01,7.347761767578124825e-01,-1.529377553710937310e+00,-8.544265771484373939e-01,-1.395921337890624891e-01,5.261549658203124036e-01,1.794756005859374781e-01,-4.019026269531249529e-01,1.486426127929687313e+00,1.230251552734374920e+00,-6.258636328124999038e-01,1.618348364257812255e+00
6.197277148437499994e-01,4.571258886718749803e-01,-7.899994384765623989e-01,-5.031452734374999292e-01,1.227183593749999885e-01,-2.014115073242187304e+00,-8.544265771484373939e-01,6.366014892578124584e-01,-1.566193061523437402e+00,-8.467566796874999024e-01,-1.211843798828124846e-01,6.212616943359374755e-01,2.669124316406250030e-01,-3.973006884765624691e-01,1.449610620117187443e+00,1.199571962890624954e+00,-6.703490380859374875e-01,1.710387133789062375e+00
6.258636328124999038e-01,5.445627197265624497e-01,-6.933587304687499620e-01,-5.951840429687499379e-01,1.626018261718749913e-01,-1.981901503906249751e+00,-9.602711621093749095e-01,5.338248632812500061e-01,-1.645959995117187269e+00,-8.574945361328124571e-01,-1.303882568359374938e-01,7.209703613281249757e-01,3.543492626953124724e-01,-3.681550781249999793e-01,1.386717460937499924e+00,1.129008906249999944e+00,-7.133004638671874842e-01,1.811629780273437351e+00
6.534752636718749175e-01,6.366014892578124584e-01,-7.040965869140624056e-01,-6.611451611328124089e-01,2.408347802734374654e-01,-1.946619975585937246e+00,-1.059979829101562299e+00,4.249123193359374828e-01,-1.737998764648437389e+00,-8.759022900390623922e-01,-1.718057031249999866e-01,7.654557666015624484e-01,4.448540527343749496e-01,-3.604851806640624878e-01,1.403591235351562272e+00,1.033902177734374872e+00,-7.915334179687498750e-01,1.906736508789062423e+00
6.902907714843748987e-01,7.179024023437499125e-01,-7.992033154296874775e-01,-6.902907714843748987e-01,3.313395703124999425e-01,-1.919008344726562232e+00,-1.029300239257812333e+00,3.604851806640624878e-01,-1.816231718749999891e+00,-8.835721874999998837e-01,-2.439027392578124731e-01,7.240383203124999278e-01,5.062132324218749924e-01,-3.926987499999999853e-01,1.484892148437499948e+00,9.265236132812498804e-01,-8.728343310546874401e-01,1.919008344726562232e+00
7.577858691406249569e-01,7.746596435546874160e-01,-8.958440234374999145e-01,-6.979606689453123902e-01,4.034366064453124845e-01,-1.839241411132812365e+00,-9.403294287109373872e-01,3.834948730468749623e-01,-1.863785083007812426e+00,-9.096498388671874213e-01,-3.313395703124999425e-01,6.596111816406249329e-01,4.770676220703124470e-01,-4.555919091796874487e-01,1.560057143554687276e+00,8.130091308593748733e-01,-9.081158593749999453e-01,1.823901616210937382e+00
8.544265771484373939e-01,8.022712744140624297e-01,-9.924847314453124625e-01,-6.780189355468749790e-01,4.509899707031249649e-01,-1.730328867187499897e+00,-8.390867822265624110e-01,4.049705859374999606e-01,-1.908270488281249788e+00,-9.756109570312498924e-01,-4.295142578124999666e-01,7.025626074218749295e-01,4.126404833984374521e-01,-5.154171093749999599e-01,1.636756118164062412e+00,6.918247509765624859e-01,-9.096498388671874213e-01,1.710387133789062375e+00
9.602711621093749095e-01,8.084071923828124451e-01,-1.090659418945312487e+00,-6.519412841796874414e-01,4.755336425781249710e-01,-1.638290097656249777e+00,-7.715916845703124638e-01,4.402521142578124658e-01,-1.949687934570312420e+00,-1.063047788085937473e+00,-5.184850683593749121e-01,7.731256640624999399e-01,3.528152832031249408e-01,-5.460966992187499258e-01,1.711921113281249740e+00,5.660384326171874481e-01,-9.096498388671874213e-01,1.596872651367187368e+00
1.052309931640624807e+00,7.976693359374998904e-01,-1.191902065429687463e+00,-6.120578173828123969e-01,4.878054785156249462e-01,-1.615280405273437303e+00,-7.547179101562498937e-01,5.169510888671874360e-01,-1.866853041992187379e+00,-1.105999213867187470e+00,-6.043879199218749054e-01,8.666984130859374247e-01,2.699803906249999552e-01,-5.506986376953124651e-01,1.791688046874999829e+00,4.463880322265624812e-01,-9.127177978515623735e-01,1.484892148437499948e+00
1.148950639648437466e+00,7.915334179687498750e-01,-1.277804916992187456e+00,-5.414947607421874975e-01,5.046792529296874052e-01,-1.687377441406249901e+00,-7.531839306640624176e-01,5.046792529296874052e-01,-1.745668662109374880e+00,-1.110601152343750009e+00,-6.902907714843748987e-01,8.620964746093748854e-01,1.825435595703124858e-01,-5.430287402343749736e-01,1.879124877929687409e+00,3.451453857421874494e-01,-9.234556542968749282e-01,1.362173789062499862e+00
1.193436044921874828e+00,8.160770898437499365e-01,-1.357571850585937323e+00,-5.645044531249999720e-01,5.230870068359374514e-01,-1.698115297851562344e+00,-6.887567919921874227e-01,5.568345556640624805e-01,-1.639824077148437365e+00,-1.105999213867187470e+00,-7.133004638671874842e-01,9.249896337890624043e-01,1.073785644531249917e-01,-5.599025146484374327e-01,1.949687934570312420e+00,2.761163085937499706e-01,-9.295915722656249436e-01,1.248659306640624855e+00
1.198037983398437367e+00,8.513586181640624417e-01,-1.431202866210937286e+00,-5.384268017578124343e-01,5.322908837890624190e-01,-1.675105605468749870e+00,-5.798442480468749549e-01,6.504073046874999653e-01,-1.532445512695312262e+00,-1.101397275390624930e+00,-7.209703613281249757e-01,9.986206494140623668e-01,4.601938476562499741e-02,-5.859801660156249703e-01,2.018717011718749621e+00,2.439027392578124731e-01,-9.280575927734374675e-01,1.138212783203124800e+00
1.204173901367187494e+00,8.759022900390623922e-01,-1.507901840820312422e+00,-4.647957861328124718e-01,5.292229248046874668e-01,-1.630620200195312286e+00,-5.399607812499999104e-01,7.470480126953124023e-01,-1.412795112304687351e+00,-1.109067172851562422e+00,-7.102325048828124210e-01,1.089125439453124899e+00,2.914561035156249674e-02,-6.089898583984374447e-01,2.075474252929687236e+00,2.362328417968749816e-01,-9.265236132812498804e-01,1.036970136718749824e+00
1.211843798828124985e+00,8.973780029296873906e-01,-1.579998876953124798e+00,-3.957667089843749375e-01,5.353588427734374822e-01,-1.530911533203124897e+00,-5.798442480468749549e-01,8.099411718749999212e-01,-1.296212670898437391e+00,-1.115203090820312326e+00,-6.841548535156248834e-01,1.187300126953124924e+00,8.130091308593749566e-02,-6.335335302734373952e-01,2.089280068359374631e+00,2.393008007812499893e-01,-9.203876953124998650e-01,1.004756567382812493e+00
1.228717573242187333e+00,9.188537158203123889e-01,-1.658231831054687300e+00,-3.129318164062499519e-01,5.246209863281249275e-01,-1.418931030273437477e+00,-6.718830175781249636e-01,8.145431103515624605e-01,-1.175028291015624893e+00,-1.102931254882812295e+00,-6.366014892578124584e-01,1.287008793945312313e+00,1.764076416015624704e-01,-6.350675097656249823e-01,2.055532519531249935e+00,2.469706982421874808e-01,-8.513586181640624417e-01,9.694750390624998770e-01
1.260931142578124886e+00,9.341935107421873719e-01,-1.736464785156249802e+00,-2.346988623046874778e-01,5.215530273437499753e-01,-1.310018486328124787e+00,-7.715916845703124638e-01,7.501159716796874655e-01,-1.061513808593749886e+00,-1.095261357421874804e+00,-5.629704736328124959e-01,1.371377666015624941e+00,2.577085546874999800e-01,-6.258636328124999038e-01,1.994173339843749782e+00,2.500386572265624885e-01,-7.623878076171873852e-01,1.023164321289062428e+00
1.265533081054687425e+00,9.372614697265624351e-01,-1.826969575195312334e+00,-1.518639697265624922e-01,5.246209863281249275e-01,-1.198037983398437367e+00,-8.805042285156249315e-01,6.488733251953124892e-01,-9.479993261718748787e-01,-1.073785644531249917e+00,-4.954753759765624377e-01,1.451144599609374808e+00,3.543492626953124724e-01,-5.706403710937499874e-01,1.895998652343749757e+00,2.975920214843749689e-01,-6.519412841796874414e-01,1.130542885742187309e+00
1.219513696289062477e+00,9.173197363281249128e-01,-1.922076303710937406e+00,-6.902907714843749265e-02,5.491646582031249890e-01,-1.110601152343750009e+00,-9.955526904296874147e-01,5.292229248046874668e-01,-8.314168847656249195e-01,-1.030834218749999920e+00,-4.295142578124999666e-01,1.540115410156249753e+00,4.617278271484374641e-01,-5.200190478515624992e-01,1.788620087890624877e+00,2.945240624999999612e-01,-6.442713867187499499e-01,1.250193286132812442e+00
1.191902065429687463e+00,8.927760644531249623e-01,-2.021784970703124795e+00,2.147571289062499833e-02,5.399607812499999104e-01,-1.027766259765624968e+00,-1.098329316406249978e+00,4.310482373046874427e-01,-7.179024023437499125e-01,-9.725429980468749402e-01,-3.896307910156249776e-01,1.613746425781249938e+00,5.445627197265624497e-01,-4.739996630859374394e-01,1.679707543945312409e+00,3.159997753906249596e-01,-6.074558789062499686e-01,1.352969912109374784e+00
1.207241860351562446e+00,8.666984130859374247e-01,-2.109221801757812376e+00,1.319222363281249977e-01,5.016112939453124531e-01,-9.219216748046874521e-01,-1.199571962890624954e+00,3.451453857421874494e-01,-6.289315917968749670e-01,-9.111838183593748974e-01,-3.696890576171874554e-01,1.695047338867187392e+00,6.166597558593749362e-01,-4.034366064453124845e-01,1.573862958984374893e+00,3.528152832031249408e-01,-5.108151708984374206e-01,1.451144599609374808e+00
1.234853491210937459e+00,8.498246386718749656e-01,-2.190522714843749608e+00,2.300969238281249662e-01,4.709317041015624317e-01,-8.482906591796873785e-01,-1.260931142578124886e+00,2.807182470703124544e-01,-5.783102685546874788e-01,-8.314168847656249195e-01,-2.960580419921874928e-01,1.791688046874999829e+00,6.703490380859374875e-01,-2.991260009765625005e-01,1.472620312499999917e+00,3.405434472656249656e-01,-4.218443603515624751e-01,1.458814497070312299e+00
1.237921450195312412e+00,8.528925976562499178e-01,-2.265687709960937379e+00,3.282716113281249903e-01,4.617278271484374641e-01,-8.590285156249999332e-01,-1.276270937499999869e+00,2.684464111328124791e-01,-5.476306787109374019e-01,-7.409120947265623869e-01,-2.485046777343749846e-01,1.874522939453124870e+00,6.887567919921874227e-01,-2.055532519531249880e-01,1.359105830078124910e+00,3.006599804687499766e-01,-4.049705859374999606e-01,1.371377666015624941e+00
1.267067060546874790e+00,8.452227001953124264e-01,-2.345454643554687468e+00,4.295142578124999666e-01,4.571258886718749803e-01,-9.433973876953124504e-01,-1.276270937499999869e+00,2.669124316406250030e-01,-5.368928222656249583e-01,-6.764849560546873919e-01,-2.929900830078124851e-01,1.955823852539062324e+00,6.933587304687499620e-01,-1.641358056640624952e-01,1.251727265624999808e+00,2.669124316406250030e-01,-4.080385449218749683e-01,1.254795224609374982e+00
1.308484506835937422e+00,8.160770898437499365e-01,-2.403745864257812226e+00,5.368928222656249583e-01,4.479220117187499572e-01,-9.418634082031248633e-01,-1.279338896484374821e+00,2.684464111328124791e-01,-5.384268017578124343e-01,-6.580772021484374568e-01,-3.098638574218749997e-01,2.037124765624999778e+00,6.948927099609374380e-01,-9.970866699218748630e-02,1.141280742187499975e+00,2.592425341796874561e-01,-3.482133447265624571e-01,1.173494311523437306e+00
1.331494199218749896e+00,8.130091308593748733e-01,-2.417551679687499622e+00,6.458053662109374260e-01,4.463880322265624812e-01,-9.357274902343749590e-01,-1.287008793945312313e+00,2.684464111328124791e-01,-5.368928222656249583e-01,-6.611451611328124089e-01,-3.129318164062499519e-01,2.104619863281249614e+00,6.887567919921874227e-01,-9.357274902343748479e-02,1.036970136718749824e+00,2.561745751953125039e-01,-3.328735498046874741e-01,1.076853603515624869e+00
1.331494199218749896e+00,8.053392333984373819e-01,-2.423687597656249970e+00,7.485819921874998784e-01,4.448540527343749496e-01,-1.013960444335937350e+00,-1.293144711914062439e+00,2.745823291015624945e-01,-5.368928222656249583e-01,-6.672810791015624243e-01,-3.604851806640624878e-01,2.184386796874999703e+00,6.427374072265624738e-01,-1.089125439453124955e-01,9.418634082031248633e-01,2.531066162109374962e-01,-4.003686474609374768e-01,1.058445849609374934e+00
1.336096137695312436e+00,7.715916845703124638e-01,-2.429823515624999875e+00,7.946013769531249382e-01,4.065045654296874367e-01,-1.110601152343750009e+00,-1.283940834960937361e+00,3.420774267578124417e-01,-5.445627197265624497e-01,-6.764849560546873919e-01,-4.709317041015624317e-01,2.208930468749999765e+00,5.599025146484374327e-01,-1.365241748046874815e-01,8.360188232421874588e-01,2.531066162109374962e-01,-5.016112939453124531e-01,1.000154628906249954e+00
1.334562158203124849e+00,7.378441357421874347e-01,-2.432891474609374605e+00,8.022712744140624297e-01,3.973006884765624691e-01,-1.216445737304687302e+00,-1.221047675781249842e+00,4.387181347656249342e-01,-5.629704736328124959e-01,-6.856888330078124705e-01,-4.954753759765624377e-01,2.175182919921874625e+00,4.617278271484374641e-01,-2.040192724609374841e-01,7.317082177734374193e-01,2.515726367187499646e-01,-6.089898583984374447e-01,9.280575927734374675e-01
1.294678691406249804e+00,6.902907714843748987e-01,-2.445163310546874857e+00,8.022712744140624297e-01,4.203103808593749435e-01,-1.326892260742187357e+00,-1.119805029296874865e+00,5.353588427734374822e-01,-5.813782275390624310e-01,-6.964266894531249141e-01,-4.847375195312499385e-01,2.192056694335937195e+00,3.558832421874999485e-01,-2.868541650390624698e-01,6.519412841796874414e-01,2.500386572265624885e-01,-7.179024023437499125e-01,9.832808544921873839e-01
1.199571962890624954e+00,6.212616943359374755e-01,-2.446697290039062445e+00,8.314168847656249195e-01,4.003686474609374768e-01,-1.423532968749999794e+00,-1.009358505859374810e+00,6.396694482421874106e-01,-5.921160839843749857e-01,-7.209703613281249757e-01,-4.847375195312499385e-01,2.133765473632812437e+00,2.454367187499999770e-01,-3.558832421874999485e-01,5.875141455078124464e-01,2.500386572265624885e-01,-8.114751513671873973e-01,1.070717685546874964e+00
1.095261357421874804e+00,5.276889453124999907e-01,-2.437493413085937366e+00,8.498246386718749656e-01,3.666210986328124477e-01,-1.537047451171874801e+00,-8.881741259765624230e-01,7.424460742187499740e-01,-5.951840429687499379e-01,-7.593198486328124330e-01,-4.693977246093749556e-01,2.038658745117187365e+00,1.303882568359374938e-01,-4.080385449218749683e-01,5.629704736328124959e-01,2.546405957031249723e-01,-8.574945361328124571e-01,1.070717685546874964e+00
1.006290546874999858e+00,4.755336425781249710e-01,-2.406813823242187400e+00,8.344848437499998717e-01,3.267376318359374587e-01,-1.635222138671874825e+00,-8.068732128906249690e-01,8.222130078124999519e-01,-5.967180224609374140e-01,-7.961353564453124143e-01,-4.709317041015624317e-01,1.946619975585937246e+00,2.607765136718749599e-02,-3.957667089843749375e-01,5.476306787109374019e-01,2.561745751953125039e-01,-8.283489257812499673e-01,9.924847314453124625e-01
9.188537158203123889e-01,4.356501757812499820e-01,-2.362328417968749594e+00,8.206790283203124758e-01,2.929900830078124851e-01,-1.721124990234374819e+00,-7.086985253906249449e-01,8.743683105468749162e-01,-5.905821044921873986e-01,-8.360188232421874588e-01,-4.647957861328124718e-01,1.842309370117187317e+00,-8.590285156249999332e-02,-3.374754882812499579e-01,5.476306787109374019e-01,2.531066162109374962e-01,-8.145431103515624605e-01,9.510672851562499419e-01
8.252809667968749041e-01,3.497473242187499887e-01,-2.357726479492187277e+00,8.513586181640624417e-01,2.975920214843749689e-01,-1.807027841796874812e+00,-6.427374072265624738e-01,8.682323925781249008e-01,-5.905821044921873986e-01,-8.344848437499998717e-01,-4.862714990234374701e-01,1.736464785156249802e+00,-1.886794775390624734e-01,-3.466793652343749810e-01,5.675724121093749241e-01,2.485046777343749846e-01,-8.436887207031249503e-01,8.651644335937499486e-01
7.746596435546874160e-01,2.730483496093749629e-01,-2.369998315429687086e+00,8.406207617187498871e-01,2.853201855468749937e-01,-1.894464672851562392e+00,-6.964266894531249141e-01,8.835721874999998837e-01,-5.890481249999999225e-01,-8.160770898437499365e-01,-4.878054785156249462e-01,1.626018261718749747e+00,-2.883881445312500014e-01,-3.236696728515624510e-01,5.645044531249999720e-01,2.485046777343749846e-01,-8.022712744140624297e-01,8.329508642578123956e-01
7.347761767578124825e-01,2.086212109374999679e-01,-2.369998315429687086e+00,8.406207617187498871e-01,2.699803906249999552e-01,-1.994173339843749782e+00,-8.007372949218749536e-01,8.927760644531249623e-01,-5.890481249999999225e-01,-8.084071923828124451e-01,-4.571258886718749803e-01,1.514037758789062327e+00,-3.957667089843749375e-01,-2.684464111328124791e-01,5.691063916015624002e-01,2.485046777343749846e-01,-7.685237255859374006e-01,8.145431103515624605e-01
7.194363818359373886e-01,1.549319287109374998e-01,-2.336250766601562390e+00,8.344848437499998717e-01,2.377668212890624855e-01,-2.101551904296874884e+00,-8.759022900390623922e-01,8.958440234374999145e-01,-5.936500634765624618e-01,-8.053392333984373819e-01,-4.586598681640624564e-01,1.405125214843749859e+00,-5.062132324218749924e-01,-2.116891699218749756e-01,5.675724121093749241e-01,2.531066162109374962e-01,-7.669897460937499245e-01,8.068732128906249690e-01
7.040965869140624056e-01,1.089125439453124955e-01,-2.265687709960937379e+00,8.344848437499998717e-01,2.116891699218749756e-01,-2.202794550781249860e+00,-8.237469873046874280e-01,8.835721874999998837e-01,-5.967180224609374140e-01,-8.191450488281248887e-01,-4.816695605468749308e-01,1.293144711914062439e+00,-6.151257763671874601e-01,-2.162911083984374871e-01,5.645044531249999720e-01,2.531066162109374962e-01,-8.222130078124999519e-01,8.544265771484373939e-01
6.718830175781249636e-01,7.209703613281250034e-02,-2.169047001953124720e+00,7.992033154296874775e-01,1.626018261718749913e-01,-2.276425566406249601e+00,-7.102325048828124210e-01,8.636304541015624725e-01,-6.043879199218749054e-01,-8.743683105468749162e-01,-5.138831298828124838e-01,1.184232167968749971e+00,-6.780189355468749790e-01,-2.316309033203124701e-01,5.706403710937499874e-01,2.546405957031249723e-01,-8.590285156249999332e-01,8.605624951171874093e-01
6.473393457031249021e-01,6.135917968749999424e-02,-2.096949965820312123e+00,7.255722998046874039e-01,1.027766259765624940e-01,-2.320910971679687407e+00,-5.967180224609374140e-01,8.590285156249999332e-01,-6.366014892578124584e-01,-9.449313671874999265e-01,-4.939413964843749616e-01,1.076853603515624869e+00,-7.501159716796874655e-01,-2.485046777343749846e-01,5.875141455078124464e-01,2.623104931640624637e-01,-8.682323925781249008e-01,9.219216748046874521e-01
6.258636328124999038e-01,7.823295410156248797e-02,-2.012581093749999717e+00,6.135917968749999840e-01,4.755336425781249432e-02,-2.331648828124999628e+00,-4.908734374999999539e-01,8.682323925781249008e-01,-6.994946484374999773e-01,-1.020096362304687476e+00,-4.157084423828124597e-01,9.633391210937498617e-01,-7.807955615234374314e-01,-2.561745751953125039e-01,6.442713867187499499e-01,2.761163085937499706e-01,-8.390867822265624110e-01,1.003222587890624906e+00
6.243296533203124277e-01,1.043106054687499840e-01,-1.920542324218749819e+00,5.062132324218749924e-01,1.533979492187499856e-02,-2.331648828124999628e+00,-4.065045654296874367e-01,8.636304541015624725e-01,-8.022712744140624297e-01,-1.052309931640624807e+00,-4.095725244140624444e-01,8.620964746093748854e-01,-7.378441357421874347e-01,-2.822522265624999860e-01,7.286402587890624671e-01,3.344075292968749502e-01,-8.268149462890623802e-01,9.618051416015623856e-01
6.273976123046874909e-01,1.395921337890624891e-01,-1.816231718749999891e+00,3.926987499999999853e-01,3.528152832031249825e-02,-2.322444951171874994e+00,-3.420774267578124417e-01,8.820382080078124076e-01,-9.173197363281249128e-01,-1.073785644531249917e+00,-3.957667089843749375e-01,7.623878076171873852e-01,-7.332421972656248954e-01,-3.604851806640624878e-01,8.191450488281248887e-01,3.543492626953124724e-01,-8.789702490234374554e-01,1.020096362304687476e+00
6.181937353515624123e-01,1.840775390624999897e-01,-1.708853154296874788e+00,2.776502880859375022e-01,6.442713867187499499e-02,-2.327046889648437311e+00,-2.991260009765625005e-01,8.912420849609373752e-01,-1.033902177734374872e+00,-1.113669111328124961e+00,-3.451453857421874494e-01,6.442713867187499499e-01,-7.332421972656248954e-01,-4.356501757812499820e-01,9.188537158203123889e-01,3.727570166015624631e-01,-9.173197363281249128e-01,1.129008906249999944e+00
6.227956738281249516e-01,2.162911083984374871e-01,-1.596872651367187368e+00,1.641358056640624952e-01,6.596111816406249884e-02,-2.331648828124999628e+00,-2.868541650390624698e-01,8.989119824218748667e-01,-1.162756455078124862e+00,-1.145882680664062292e+00,-3.512813037109374648e-01,5.353588427734374822e-01,-7.301742382812499432e-01,-4.862714990234374701e-01,1.013960444335937350e+00,4.463880322265624812e-01,-9.219216748046874521e-01,1.228717573242187333e+00
6.227956738281249516e-01,2.592425341796874561e-01,-1.484892148437499948e+00,5.675724121093749658e-02,6.442713867187499499e-02,-2.340852705078124707e+00,-3.221356933593749750e-01,8.943100439453124384e-01,-1.280872875976562408e+00,-1.145882680664062292e+00,-3.712230371093749870e-01,4.387181347656249342e-01,-6.964266894531249141e-01,-5.276889453124999907e-01,1.089125439453124899e+00,5.307569042968749429e-01,-9.173197363281249128e-01,1.308484506835937422e+00
6.227956738281249516e-01,2.960580419921874928e-01,-1.388251440429687289e+00,-4.601938476562499741e-02,6.442713867187499499e-02,-2.337784746093749977e+00,-3.482133447265624571e-01,8.943100439453124384e-01,-1.398989296874999955e+00,-1.099863295898437343e+00,-4.371841552734374581e-01,3.758249755859374708e-01,-6.688150585937499004e-01,-5.460966992187499258e-01,1.168892373046874988e+00,6.227956738281249516e-01,-8.989119824218748667e-01,1.388251440429687289e+00
6.181937353515624123e-01,2.960580419921874928e-01,-1.277804916992187456e+00,-1.472620312499999806e-01,9.664070800781249249e-02,-2.322444951171874994e+00,-3.190677343749999673e-01,8.973780029296873906e-01,-1.509435820312499787e+00,-1.076853603515624869e+00,-4.417860937499999419e-01,3.344075292968749502e-01,-7.040965869140624056e-01,-5.506986376953124651e-01,1.245591347656249903e+00,7.240383203124999278e-01,-9.019799414062499299e-01,1.475688271484374869e+00
6.135917968749999840e-01,2.669124316406250030e-01,-1.181164208984374797e+00,-2.515726367187499646e-01,1.641358056640624952e-01,-2.290231381835937441e+00,-3.113978369140624758e-01,9.065818798828124692e-01,-1.627552241210937334e+00,-1.133610844726562483e+00,-4.371841552734374581e-01,3.298055908203124664e-01,-7.685237255859374006e-01,-5.292229248046874668e-01,1.322290322265624818e+00,7.347761767578124825e-01,-9.418634082031248633e-01,1.575396938476562259e+00
6.181937353515624123e-01,2.254949853515624825e-01,-1.064581767578124838e+00,-3.620191601562499639e-01,2.300969238281249662e-01,-2.254949853515624714e+00,-3.113978369140624758e-01,9.127177978515623735e-01,-1.741066723632812341e+00,-1.191902065429687463e+00,-4.080385449218749683e-01,3.282716113281249903e-01,-7.639217871093749723e-01,-5.077472119140624685e-01,1.408193173828124811e+00,7.976693359374998904e-01,-9.357274902343749590e-01,1.673571625976562283e+00
6.181937353515624123e-01,1.764076416015624704e-01,-9.587371826171874334e-01,-4.678637451171874795e-01,2.531066162109374962e-01,-2.264153730468749792e+00,-3.344075292968749502e-01,9.111838183593748974e-01,-1.865319062499999792e+00,-1.208775839843749811e+00,-3.850288525390624383e-01,3.328735498046874741e-01,-7.102325048828124210e-01,-5.046792529296874052e-01,1.503299902343749883e+00,8.789702490234374554e-01,-9.265236132812498804e-01,1.762542436523437450e+00
6.151257763671874601e-01,1.457280517578124768e-01,-8.544265771484373939e-01,-5.614364941406249088e-01,2.684464111328124791e-01,-2.274891586914062458e+00,-3.727570166015624631e-01,9.019799414062499299e-01,-1.972697626953124894e+00,-1.188834106445312289e+00,-4.019026269531249529e-01,3.390094677734374895e-01,-6.366014892578124584e-01,-5.062132324218749924e-01,1.593804692382812416e+00,9.664070800781249249e-01,-9.203876953124998650e-01,1.840775390624999730e+00
6.243296533203124277e-01,1.426600927734374968e-01,-7.593198486328124330e-01,-6.258636328124999038e-01,2.730483496093749629e-01,-2.261085771484374618e+00,-4.310482373046874427e-01,8.651644335937499486e-01,-1.981901503906249751e+00,-1.139746762695312388e+00,-4.310482373046874427e-01,3.497473242187499887e-01,-5.553005761718750044e-01,-5.215530273437499753e-01,1.676639584960937457e+00,1.056911870117187346e+00,-9.188537158203123889e-01,1.915940385742187280e+00
6.212616943359374755e-01,1.457280517578124768e-01,-6.795529150390624551e-01,-6.565432226562499807e-01,2.822522265624999860e-01,-2.227338222656249922e+00,-5.184850683593749121e-01,7.946013769531249382e-01,-1.906736508789062423e+00,-1.076853603515624869e+00,-4.540579296874999726e-01,4.065045654296874367e-01,-4.709317041015624317e-01,-5.368928222656249583e-01,1.757940498046874911e+00,1.053843911132812394e+00,-9.081158593749999453e-01,1.991105380859374829e+00
6.427374072265624738e-01,1.549319287109374998e-01,-5.905821044921873986e-01,-6.734169970703124397e-01,3.021939599609374527e-01,-2.165979042968749990e+00,-6.212616943359374755e-01,6.918247509765624859e-01,-1.857649165039062300e+00,-1.053843911132812394e+00,-4.479220117187499572e-01,4.924074169921874300e-01,-3.819608935546874862e-01,-5.445627197265624497e-01,1.840775390624999730e+00,1.029300239257812333e+00,-8.651644335937499486e-01,2.060134458007812253e+00
6.734169970703124397e-01,1.656697851562499713e-01,-5.046792529296874052e-01,-6.749509765624999158e-01,3.144657958984374835e-01,-2.104619863281249614e+00,-7.317082177734374193e-01,5.859801660156249703e-01,-1.923610283203124771e+00,-1.063047788085937473e+00,-4.310482373046874427e-01,5.859801660156249703e-01,-2.914561035156249535e-01,-5.445627197265624497e-01,1.926678242187499723e+00,1.076853603515624869e+00,-8.145431103515624605e-01,2.112289760742187106e+00
7.439800537109374501e-01,1.687377441406249790e-01,-4.494559912109374333e-01,-6.718830175781249636e-01,3.236696728515624510e-01,-2.073940273437499648e+00,-8.344848437499998717e-01,4.954753759765624377e-01,-2.017183032226562478e+00,-1.078387583007812456e+00,-3.988346679687499452e-01,6.826208740234374073e-01,-1.994173339843749726e-01,-5.368928222656249583e-01,2.015649052734374891e+00,1.145882680664062292e+00,-7.363101562499999586e-01,2.080076191406249997e+00
8.375528027343749349e-01,1.794756005859374781e-01,-4.279802783203124350e-01,-6.718830175781249636e-01,3.497473242187499887e-01,-2.007979155273437399e+00,-9.357274902343749590e-01,4.187764013671874674e-01,-2.104619863281249614e+00,-1.110601152343750009e+00,-3.512813037109374648e-01,7.823295410156249075e-01,-1.073785644531249917e-01,-5.322908837890624190e-01,2.100017924804687297e+00,1.185766147460937336e+00,-6.473393457031249021e-01,1.972697626953124894e+00
9.403294287109373872e-01,2.331648828124999739e-01,-4.448540527343749496e-01,-6.703490380859374875e-01,3.773589550781249469e-01,-1.911338447265624740e+00,-1.029300239257812333e+00,3.635531396484374400e-01,-2.187454755859374878e+00,-1.145882680664062292e+00,-3.390094677734374895e-01,8.835721874999998837e-01,-1.994173339843749795e-02,-5.307569042968749429e-01,2.179784858398437386e+00,1.185766147460937336e+00,-5.967180224609374140e-01,1.863785083007812426e+00
1.038504116210937411e+00,3.252036523437499826e-01,-4.939413964843749616e-01,-6.688150585937499004e-01,4.019026269531249529e-01,-1.802425903320312273e+00,-1.087591459960937312e+00,3.328735498046874741e-01,-2.236542099609375001e+00,-1.155086557617187371e+00,-3.742909960937499392e-01,9.740769775390624163e-01,6.289315917968749114e-02,-5.414947607421874975e-01,2.228872202148437509e+00,1.148950639648437466e+00,-6.043879199218749054e-01,1.759474477539062276e+00
1.139746762695312388e+00,4.172424218749999358e-01,-5.230870068359374514e-01,-6.642131201171874721e-01,4.126404833984374521e-01,-1.695047338867187392e+00,-1.119805029296874865e+00,3.313395703124999425e-01,-2.253415874023437127e+00,-1.156620537109374958e+00,-4.341161962890624504e-01,1.061513808593749886e+00,1.702717236328124828e-01,-5.322908837890624190e-01,2.267221689453124966e+00,1.125940947265624992e+00,-6.181937353515624123e-01,1.638290097656249777e+00
1.221047675781249842e+00,5.108151708984374206e-01,-5.798442480468749549e-01,-6.381354687499999345e-01,4.187764013671874674e-01,-1.583066835937499750e+00,-1.110601152343750009e+00,3.313395703124999425e-01,-2.254949853515624714e+00,-1.150484619140624831e+00,-5.200190478515624992e-01,1.138212783203124800e+00,2.730483496093749629e-01,-5.138831298828124838e-01,2.277959545898437188e+00,1.107533193359374835e+00,-6.780189355468749790e-01,1.529377553710937310e+00
1.279338896484374821e+00,6.105238378906249208e-01,-6.412034277343749977e-01,-5.629704736328124959e-01,4.233783398437499512e-01,-1.475688271484374869e+00,-1.078387583007812456e+00,3.313395703124999425e-01,-2.190522714843749608e+00,-1.136678803710937435e+00,-5.982520019531250011e-01,1.211843798828124985e+00,3.819608935546874862e-01,-4.970093554687499693e-01,2.265687709960937379e+00,1.070717685546874964e+00,-7.623878076171873852e-01,1.420465009765624842e+00
1.325358281249999770e+00,6.810868945312499312e-01,-6.611451611328124089e-01,-5.537665966796874173e-01,4.187764013671874674e-01,-1.374445624999999893e+00,-1.012426464843749985e+00,3.911647705078124537e-01,-2.241144038085937318e+00,-1.133610844726562483e+00,-6.227956738281249516e-01,1.191902065429687463e+00,4.801355810546874547e-01,-4.770676220703124470e-01,2.218134345703124843e+00,1.070717685546874964e+00,-7.792615820312499553e-01,1.319222363281249866e+00
1.339164096679687388e+00,7.286402587890624671e-01,-6.642131201171874721e-01,-5.031452734374999292e-01,4.126404833984374521e-01,-1.270135019531249965e+00,-9.280575927734374675e-01,3.865628320312499699e-01,-2.187454755859374878e+00,-1.127474926757812357e+00,-6.181937353515624123e-01,1.118271049804687500e+00,5.691063916015624002e-01,-4.647957861328124718e-01,2.130697514648437263e+00,1.010892485351562398e+00,-8.176110693359374126e-01,1.213377778320312350e+00
1.320756342773437453e+00,7.470480126953124023e-01,-7.409120947265623869e-01,-3.942327294921874614e-01,4.172424218749999358e-01,-1.167358393554687401e+00,-8.989119824218748667e-01,4.019026269531249529e-01,-2.087746088867187488e+00,-1.102931254882812295e+00,-5.660384326171874481e-01,1.009358505859374810e+00,6.258636328124999038e-01,-4.494559912109374333e-01,2.026386909179687112e+00,9.188537158203123889e-01,-8.528925976562499178e-01,1.109067172851562422e+00
1.306950527343749835e+00,7.409120947265623869e-01,-8.360188232421874588e-01,-2.853201855468749937e-01,4.279802783203124350e-01,-1.067649726562500012e+00,-9.587371826171874334e-01,3.497473242187499887e-01,-1.992639360351562416e+00,-1.063047788085937473e+00,-5.062132324218749924e-01,9.894167724609373993e-01,6.442713867187499499e-01,-3.926987499999999853e-01,1.915940385742187280e+00,8.038052539062499058e-01,-8.436887207031249503e-01,9.970866699218748908e-01
1.303882568359374883e+00,7.148344433593749603e-01,-9.280575927734374675e-01,-1.764076416015624704e-01,4.341161962890624504e-01,-9.679410595703124010e-01,-1.066115747070312425e+00,3.067958984374999920e-01,-1.889862734374999853e+00,-1.018562382812499889e+00,-5.000773144531249770e-01,1.036970136718749824e+00,6.488733251953124892e-01,-3.021939599609374527e-01,1.811629780273437351e+00,6.872228124999999466e-01,-8.145431103515624605e-01,8.897081054687498991e-01
1.302348588867187296e+00,7.086985253906249449e-01,-1.013960444335937350e+00,-7.516499511718749416e-02,4.295142578124999666e-01,-9.464653466796874026e-01,-1.171960332031249941e+00,2.822522265624999860e-01,-1.780950190429687385e+00,-9.786789160156249556e-01,-5.599025146484374327e-01,1.112135131835937374e+00,6.504073046874999653e-01,-3.006599804687499766e-01,1.716523051757812279e+00,5.752423095703124156e-01,-8.467566796874999024e-01,7.792615820312499553e-01
1.311552465820312374e+00,7.071645458984374688e-01,-1.101397275390624930e+00,2.454367187499999908e-02,4.310482373046874427e-01,-8.759022900390623922e-01,-1.250193286132812442e+00,2.761163085937499706e-01,-1.670503666992187330e+00,-9.357274902343749590e-01,-5.737083300781249395e-01,1.191902065429687463e+00,6.672810791015624243e-01,-2.669124316406250030e-01,1.612212446289062351e+00,4.678637451171874795e-01,-7.869314794921874467e-01,7.639217871093749723e-01
1.331494199218749896e+00,7.071645458984374688e-01,-1.191902065429687463e+00,1.303882568359374938e-01,3.973006884765624691e-01,-7.669897460937499245e-01,-1.282406855468749995e+00,2.761163085937499706e-01,-1.549319287109374832e+00,-9.127177978515623735e-01,-5.645044531249999720e-01,1.271668999023437330e+00,6.918247509765624859e-01,-2.024852929687499803e-01,1.498697963867187344e+00,3.620191601562499639e-01,-6.688150585937499004e-01,6.918247509765624859e-01
1.345300014648437292e+00,7.086985253906249449e-01,-1.276270937499999869e+00,2.423687597656249693e-01,3.620191601562499639e-01,-6.872228124999999466e-01,-1.294678691406249804e+00,2.761163085937499706e-01,-1.426600927734374968e+00,-8.897081054687498991e-01,-5.322908837890624190e-01,1.356037871093749958e+00,7.071645458984374688e-01,-1.426600927734374968e-01,1.377513583984374845e+00,2.945240624999999612e-01,-5.399607812499999104e-01,6.565432226562499807e-01
1.346833994140624879e+00,7.086985253906249449e-01,-1.362173789062499862e+00,3.497473242187499887e-01,3.175337548828124912e-01,-6.580772021484374568e-01,-1.297746650390624978e+00,2.791842675781249783e-01,-1.297746650390624978e+00,-8.605624951171874093e-01,-4.801355810546874547e-01,1.437338784179687412e+00,7.071645458984374688e-01,-9.050479003906249098e-02,1.259397163085937299e+00,2.607765136718749877e-01,-4.233783398437499512e-01,6.534752636718749175e-01
1.348367973632812467e+00,6.979606689453123902e-01,-1.451144599609374808e+00,4.601938476562499325e-01,2.991260009765625005e-01,-6.458053662109374260e-01,-1.303882568359374883e+00,2.791842675781249783e-01,-1.159688496093749910e+00,-8.222130078124999519e-01,-4.172424218749999358e-01,1.520173676757812453e+00,7.040965869140624056e-01,-4.295142578124999666e-02,1.139746762695312388e+00,2.531066162109374962e-01,-3.221356933593749750e-01,6.534752636718749175e-01
1.349901953124999832e+00,7.040965869140624056e-01,-1.538581430664062388e+00,5.583685351562499566e-01,2.638444726562499953e-01,-6.749509765624999158e-01,-1.306950527343749835e+00,2.776502880859375022e-01,-1.029300239257812333e+00,-7.823295410156249075e-01,-4.387181347656249342e-01,1.601474589843749907e+00,6.534752636718749175e-01,-4.295142578124999666e-02,1.112135131835937374e+00,2.515726367187499646e-01,-3.512813037109374648e-01,6.273976123046874909e-01
1.342232055664062340e+00,6.964266894531249141e-01,-1.632154179687499873e+00,6.550092431640623936e-01,2.899221240234374775e-01,-7.623878076171873852e-01,-1.319222363281249866e+00,3.052619189453124604e-01,-9.004459619140624538e-01,-7.317082177734374193e-01,-5.230870068359374514e-01,1.693513359374999805e+00,5.829122070312499071e-01,-9.510672851562498864e-02,1.072251665039062329e+00,2.500386572265624885e-01,-4.433200732421874735e-01,7.010286279296874534e-01
1.319222363281249866e+00,6.887567919921874227e-01,-1.724192949218749771e+00,7.455140332031249262e-01,2.960580419921874928e-01,-8.605624951171874093e-01,-1.313086445312499961e+00,3.681550781249999793e-01,-7.807955615234374314e-01,-6.718830175781249636e-01,-5.476306787109374019e-01,1.793222026367187416e+00,4.939413964843749616e-01,-1.840775390624999897e-01,9.633391210937498617e-01,2.454367187499999770e-01,-5.000773144531249770e-01,8.130091308593748733e-01
1.279338896484374821e+00,6.841548535156248834e-01,-1.814697739257812303e+00,8.038052539062499058e-01,2.837862060546874621e-01,-9.587371826171874334e-01,-1.276270937499999869e+00,4.494559912109374333e-01,-6.764849560546873919e-01,-6.412034277343749977e-01,-5.522326171874999412e-01,1.877590898437499822e+00,3.896307910156249776e-01,-2.623104931640624637e-01,8.498246386718749656e-01,2.454367187499999770e-01,-5.445627197265624497e-01,9.219216748046874521e-01
1.196504003906250002e+00,6.672810791015624243e-01,-1.911338447265624740e+00,8.406207617187498871e-01,2.975920214843749689e-01,-1.061513808593749886e+00,-1.208775839843749811e+00,5.445627197265624497e-01,-6.227956738281249516e-01,-6.120578173828123969e-01,-5.583685351562499566e-01,1.948153955078124833e+00,2.837862060546874621e-01,-3.344075292968749502e-01,7.516499511718749416e-01,2.439027392578124731e-01,-6.212616943359374755e-01,1.032368198242187507e+00
1.104465234374999882e+00,6.151257763671874601e-01,-2.004911196289062225e+00,8.544265771484373939e-01,3.267376318359374587e-01,-1.167358393554687401e+00,-1.129008906249999944e+00,6.366014892578124584e-01,-5.982520019531250011e-01,-6.105238378906249208e-01,-5.414947607421874975e-01,2.030988847656249874e+00,1.733396826171874905e-01,-3.973006884765624691e-01,6.964266894531249141e-01,2.439027392578124731e-01,-7.056305664062498817e-01,1.121339008789062452e+00
1.012426464843749985e+00,5.583685351562499566e-01,-2.086212109374999901e+00,8.406207617187498871e-01,3.650871191406249716e-01,-1.280872875976562408e+00,-1.038504116210937411e+00,7.071645458984374688e-01,-5.905821044921873986e-01,-6.181937353515624123e-01,-5.215530273437499753e-01,2.110755781249999963e+00,6.442713867187499499e-02,-4.402521142578124658e-01,6.826208740234374073e-01,2.454367187499999770e-01,-7.838635205078123835e-01,1.168892373046874988e+00
9.173197363281249128e-01,5.000773144531249770e-01,-2.175182919921874625e+00,8.298829052734374434e-01,3.788929345703124785e-01,-1.386717460937499924e+00,-9.295915722656249436e-01,7.409120947265623869e-01,-5.890481249999999225e-01,-6.258636328124999038e-01,-4.939413964843749616e-01,2.192056694335937195e+00,-4.295142578124999666e-02,-4.525239501953124410e-01,6.657470996093749482e-01,2.469706982421874808e-01,-8.237469873046874280e-01,1.273202978515624917e+00
8.237469873046874280e-01,4.739996630859374394e-01,-2.253415874023437127e+00,8.360188232421874588e-01,3.788929345703124785e-01,-1.492562045898437439e+00,-8.268149462890623802e-01,7.700577050781248767e-01,-5.936500634765624618e-01,-6.319995507812499191e-01,-4.908734374999999539e-01,2.213532407226562082e+00,-1.411261132812499930e-01,-4.494559912109374333e-01,6.304655712890624430e-01,2.500386572265624885e-01,-8.191450488281248887e-01,1.386717460937499924e+00
7.516499511718749416e-01,4.632618066406249402e-01,-2.317843012695312233e+00,8.344848437499998717e-01,3.650871191406249716e-01,-1.601474589843749907e+00,-7.301742382812499432e-01,8.038052539062499058e-01,-5.905821044921873986e-01,-6.427374072265624738e-01,-4.985433349609374454e-01,2.173648940429687482e+00,-2.454367187499999770e-01,-4.371841552734374581e-01,6.028539404296874293e-01,2.469706982421874808e-01,-8.191450488281248887e-01,1.438872763671874777e+00
6.964266894531249141e-01,4.494559912109374333e-01,-2.362328417968749594e+00,8.620964746093748854e-01,3.543492626953124724e-01,-1.708853154296874788e+00,-6.856888330078124705e-01,7.654557666015624484e-01,-5.890481249999999225e-01,-6.458053662109374260e-01,-5.215530273437499753e-01,2.109221801757812376e+00,-3.466793652343749810e-01,-4.417860937499999419e-01,6.059218994140624925e-01,2.485046777343749846e-01,-8.697663720703123769e-01,1.374445624999999893e+00
6.734169970703124397e-01,3.942327294921874614e-01,-2.396075966796874734e+00,8.759022900390623922e-01,3.098638574218749997e-01,-1.803959882812499860e+00,-6.795529150390624551e-01,7.838635205078123835e-01,-5.936500634765624618e-01,-6.442713867187499499e-01,-5.813782275390624310e-01,2.027920888671874700e+00,-4.540579296874999726e-01,-4.448540527343749496e-01,6.227956738281249516e-01,2.500386572265624885e-01,-8.651644335937499486e-01,1.257863183593749934e+00
6.780189355468749790e-01,3.252036523437499826e-01,-2.403745864257812226e+00,8.759022900390623922e-01,3.206017138671874989e-01,-1.894464672851562392e+00,-6.181937353515624123e-01,7.976693359374998904e-01,-5.936500634765624618e-01,-6.550092431640623936e-01,-5.997859814453124772e-01,1.929746201171874898e+00,-5.184850683593749121e-01,-4.233783398437499512e-01,6.181937353515624123e-01,2.485046777343749846e-01,-8.789702490234374554e-01,1.145882680664062292e+00
6.718830175781249636e-01,2.669124316406250030e-01,-2.362328417968749594e+00,8.805042285156249315e-01,2.730483496093749629e-01,-1.983435483398437338e+00,-5.399607812499999104e-01,8.176110693359374126e-01,-5.951840429687499379e-01,-6.657470996093749482e-01,-6.335335302734373952e-01,1.823901616210937382e+00,-6.105238378906249208e-01,-4.187764013671874674e-01,6.289315917968749670e-01,2.469706982421874808e-01,-9.050479003906248820e-01,1.029300239257812333e+00
6.642131201171874721e-01,1.856115185546874935e-01,-2.285629443359374680e+00,8.774362695312498683e-01,2.116891699218749756e-01,-2.066270375976562157e+00,-4.755336425781249710e-01,8.252809667968749041e-01,-5.997859814453124772e-01,-6.703490380859374875e-01,-6.764849560546873919e-01,1.721124990234374819e+00,-6.534752636718749175e-01,-4.080385449218749683e-01,6.396694482421874106e-01,2.469706982421874808e-01,-9.234556542968749282e-01,9.127177978515623735e-01
6.504073046874999653e-01,9.970866699218748630e-02,-2.195124653320312369e+00,8.666984130859374247e-01,1.518639697265624922e-01,-2.147571289062499833e+00,-4.126404833984374521e-01,8.191450488281248887e-01,-6.089898583984374447e-01,-7.102325048828124210e-01,-6.994946484374999773e-01,1.612212446289062351e+00,-6.688150585937499004e-01,-3.865628320312499699e-01,6.657470996093749482e-01,2.531066162109374962e-01,-9.234556542968749282e-01,8.022712744140624297e-01
6.504073046874999653e-01,4.141744628906249281e-02,-2.110755781249999963e+00,8.344848437499998717e-01,1.288542773437499900e-01,-2.228872202148437509e+00,-3.466793652343749810e-01,7.869314794921874467e-01,-6.672810791015624243e-01,-7.685237255859374006e-01,-6.948927099609374380e-01,1.503299902343749883e+00,-6.565432226562499807e-01,-3.512813037109374648e-01,6.642131201171874721e-01,3.006599804687499766e-01,-9.173197363281249128e-01,8.191450488281248887e-01
6.504073046874999653e-01,1.687377441406249720e-02,-2.030988847656249874e+00,7.639217871093749723e-01,1.104465234374999855e-01,-2.285629443359374680e+00,-3.589512011718749562e-01,7.731256640624999399e-01,-7.593198486328124330e-01,-8.559605566406248700e-01,-6.764849560546873919e-01,1.400523276367187320e+00,-6.657470996093749482e-01,-3.298055908203124664e-01,6.780189355468749790e-01,3.804269140624999546e-01,-8.605624951171874093e-01,7.577858691406249569e-01
6.442713867187499499e-01,2.454367187499999908e-02,-1.958891811523437276e+00,6.565432226562499807e-01,4.601938476562499741e-02,-2.319376992187499820e+00,-3.681550781249999793e-01,8.007372949218749536e-01,-8.805042285156249315e-01,-9.526012646484374180e-01,-6.764849560546873919e-01,1.294678691406249804e+00,-6.626791406249998850e-01,-3.374754882812499579e-01,7.731256640624999399e-01,4.908734374999999539e-01,-7.593198486328124330e-01,7.086985253906249449e-01
6.396694482421874106e-01,5.829122070312499349e-02,-1.863785083007812426e+00,5.384268017578124343e-01,7.669897460937499280e-03,-2.320910971679687407e+00,-3.788929345703124785e-01,8.160770898437499365e-01,-1.000154628906249954e+00,-1.046174013671874903e+00,-6.764849560546873919e-01,1.185766147460937336e+00,-6.289315917968749670e-01,-3.650871191406249716e-01,8.774362695312498683e-01,6.089898583984374447e-01,-6.580772021484374568e-01,7.225043408203124518e-01
6.304655712890624430e-01,1.058445849609374878e-01,-1.757940498046874911e+00,4.279802783203124350e-01,9.203876953124998789e-03,-2.310173115234374741e+00,-3.635531396484374400e-01,8.620964746093748854e-01,-1.115203090820312326e+00,-1.127474926757812357e+00,-6.335335302734373952e-01,1.069183706054687377e+00,-5.829122070312499071e-01,-4.019026269531249529e-01,9.802128955078124317e-01,7.117664843749998971e-01,-6.319995507812499191e-01,7.853974999999999707e-01
6.258636328124999038e-01,1.610678466796874875e-01,-1.653629892578124760e+00,3.206017138671874989e-01,2.300969238281249871e-02,-2.288697402343749854e+00,-3.604851806640624878e-01,8.835721874999998837e-01,-1.227183593749999968e+00,-1.156620537109374958e+00,-5.384268017578124343e-01,9.572032031249999573e-01,-5.338248632812500061e-01,-4.402521142578124658e-01,1.072251665039062329e+00,8.007372949218749536e-01,-6.135917968749999840e-01,8.682323925781249008e-01
6.258636328124999038e-01,1.825435595703124858e-01,-1.540115410156249753e+00,2.132231494140624795e-01,4.448540527343749357e-02,-2.264153730468749792e+00,-3.788929345703124785e-01,8.897081054687498991e-01,-1.352969912109374784e+00,-1.167358393554687401e+00,-4.371841552734374581e-01,8.544265771484373939e-01,-4.663297656249999479e-01,-4.663297656249999479e-01,1.153552578125000005e+00,8.851061669921874708e-01,-5.936500634765624618e-01,9.418634082031248633e-01
6.258636328124999038e-01,2.116891699218749756e-01,-1.446542661132812269e+00,1.165824414062499870e-01,4.908734374999999817e-02,-2.250347915039062396e+00,-4.325822167968749743e-01,8.789702490234374554e-01,-1.414329091796874938e+00,-1.159688496093749910e+00,-4.172424218749999358e-01,7.608538281249999091e-01,-3.926987499999999853e-01,-4.862714990234374701e-01,1.233319511718749872e+00,9.694750390624998770e-01,-5.767762890625000027e-01,1.007824526367187445e+00
6.243296533203124277e-01,2.316309033203124701e-01,-1.340698076171874975e+00,1.533979492187499856e-02,4.908734374999999817e-02,-2.244211997070312492e+00,-4.770676220703124470e-01,8.759022900390623922e-01,-1.509435820312499787e+00,-1.107533193359374835e+00,-4.264462988281249589e-01,6.565432226562499807e-01,-3.252036523437499826e-01,-4.954753759765624377e-01,1.320756342773437453e+00,1.069183706054687377e+00,-5.506986376953124651e-01,1.087591459960937312e+00
6.166597558593749362e-01,2.316309033203124701e-01,-1.233319511718749872e+00,-8.436887207031248948e-02,5.062132324218749507e-02,-2.244211997070312492e+00,-5.215530273437499753e-01,8.713003515624999640e-01,-1.489494086914062265e+00,-1.050775952148437442e+00,-4.264462988281249589e-01,5.491646582031249890e-01,-2.822522265624999860e-01,-5.016112939453124531e-01,1.412795112304687351e+00,1.158154516601562323e+00,-5.307569042968749429e-01,1.171960332031249941e+00
6.135917968749999840e-01,2.132231494140624795e-01,-1.121339008789062452e+00,-1.810095800781249820e-01,9.970866699218748630e-02,-2.230406181640624652e+00,-5.077472119140624685e-01,8.682323925781249008e-01,-1.547785307617187467e+00,-1.033902177734374872e+00,-3.926987499999999853e-01,4.448540527343749496e-01,-3.236696728515624510e-01,-5.062132324218749924e-01,1.423532968749999794e+00,1.201105942382812319e+00,-5.997859814453124772e-01,1.263999101562499838e+00
6.105238378906249208e-01,1.794756005859374781e-01,-1.027766259765624968e+00,-2.807182470703124544e-01,1.840775390624999897e-01,-2.176716899414062212e+00,-5.399607812499999104e-01,8.912420849609373752e-01,-1.573862958984374893e+00,-1.073785644531249917e+00,-3.083298779296874681e-01,3.712230371093749870e-01,-3.282716113281249903e-01,-4.939413964843749616e-01,1.352969912109374784e+00,1.168892373046874988e+00,-6.703490380859374875e-01,1.365241748046874815e+00
6.089898583984374447e-01,1.702717236328124828e-01,-9.234556542968749282e-01,-3.804269140624999546e-01,2.546405957031249723e-01,-2.126095576171874946e+00,-5.875141455078124464e-01,8.897081054687498991e-01,-1.507901840820312422e+00,-1.122872988281249818e+00,-2.500386572265624885e-01,3.405434472656249656e-01,-2.715143701171874868e-01,-4.908734374999999539e-01,1.322290322265624818e+00,1.147416660156249879e+00,-6.979606689453123902e-01,1.458814497070312299e+00
6.120578173828123969e-01,1.733396826171874905e-01,-8.283489257812499673e-01,-4.770676220703124470e-01,3.175337548828124912e-01,-2.138367412109374754e+00,-6.519412841796874414e-01,8.160770898437499365e-01,-1.415863071289062303e+00,-1.142814721679687340e+00,-2.439027392578124731e-01,3.405434472656249656e-01,-1.917474365234374811e-01,-4.985433349609374454e-01,1.331494199218749896e+00,1.107533193359374835e+00,-7.823295410156249075e-01,1.543183369140624928e+00
6.120578173828123969e-01,1.932814160156249850e-01,-7.470480126953124023e-01,-5.675724121093749241e-01,3.742909960937499392e-01,-2.138367412109374754e+00,-7.470480126953124023e-01,7.117664843749998971e-01,-1.299280629882812343e+00,-1.130542885742187309e+00,-2.684464111328124791e-01,3.696890576171874554e-01,-1.135144824218749932e-01,-5.261549658203124036e-01,1.394387358398437415e+00,1.010892485351562398e+00,-8.666984130859374247e-01,1.642892036132812317e+00
6.227956738281249516e-01,2.162911083984374871e-01,-7.424460742187499740e-01,-6.381354687499999345e-01,4.325822167968749743e-01,-2.119959658203124597e+00,-8.636304541015624725e-01,6.043879199218749054e-01,-1.225649614257812381e+00,-1.118271049804687500e+00,-3.052619189453124604e-01,4.249123193359374828e-01,-3.374754882812499440e-02,-5.599025146484374327e-01,1.469552353515624965e+00,9.004459619140624538e-01,-9.188537158203123889e-01,1.744134682617187293e+00
6.488733251953124892e-01,2.393008007812499893e-01,-8.053392333984373819e-01,-6.734169970703124397e-01,4.770676220703124470e-01,-2.050930581054687174e+00,-9.740769775390624163e-01,4.954753759765624377e-01,-1.259397163085937299e+00,-1.127474926757812357e+00,-3.466793652343749810e-01,4.939413964843749616e-01,4.755336425781249432e-02,-5.859801660156249703e-01,1.550853266601562419e+00,7.976693359374998904e-01,-9.449313671874999265e-01,1.823901616210937382e+00
7.209703613281249757e-01,2.561745751953125039e-01,-9.035139208984374060e-01,-6.887567919921874227e-01,5.108151708984374206e-01,-1.958891811523437276e+00,-1.035436157226562459e+00,3.942327294921874614e-01,-1.360639809570312275e+00,-1.162756455078124862e+00,-3.911647705078124537e-01,5.599025146484374327e-01,1.227183593749999885e-01,-5.859801660156249703e-01,1.633688159179687460e+00,6.979606689453123902e-01,-9.495333056640624658e-01,1.816231718749999891e+00
8.206790283203124758e-01,2.684464111328124791e-01,-1.009358505859374810e+00,-6.964266894531249141e-01,5.169510888671874360e-01,-1.851513247070312396e+00,-1.030834218749999920e+00,3.880968115234374460e-01,-1.445008681640624904e+00,-1.187300126953124924e+00,-4.448540527343749496e-01,5.046792529296874052e-01,1.426600927734374968e-01,-5.936500634765624618e-01,1.711921113281249740e+00,5.921160839843749857e-01,-9.234556542968749282e-01,1.716523051757812279e+00
9.127177978515623735e-01,3.129318164062499519e-01,-1.096795336914062391e+00,-6.979606689453123902e-01,5.169510888671874360e-01,-1.745668662109374880e+00,-9.832808544921873839e-01,3.666210986328124477e-01,-1.527843574218749945e+00,-1.194970024414062415e+00,-5.399607812499999104e-01,5.338248632812500061e-01,1.058445849609374878e-01,-6.135917968749999840e-01,1.782484169921874750e+00,4.786016015624999786e-01,-9.219216748046874521e-01,1.612212446289062351e+00
9.786789160156249556e-01,4.249123193359374828e-01,-1.185766147460937336e+00,-6.964266894531249141e-01,5.077472119140624685e-01,-1.644426015624999904e+00,-9.510672851562499419e-01,3.528152832031249408e-01,-1.612212446289062351e+00,-1.202639921874999906e+00,-6.043879199218749054e-01,6.120578173828123969e-01,9.203876953124999483e-02,-6.166597558593749362e-01,1.859183144531249887e+00,3.681550781249999793e-01,-9.188537158203123889e-01,1.495630004882812392e+00
1.024698300781250015e+00,5.614364941406249088e-01,-1.260931142578124886e+00,-6.933587304687499620e-01,4.893394580078124778e-01,-1.535513471679687436e+00,-9.249896337890624043e-01,3.543492626953124724e-01,-1.695047338867187392e+00,-1.191902065429687463e+00,-6.427374072265624738e-01,6.810868945312499312e-01,1.349901953124999776e-01,-6.212616943359374755e-01,1.926678242187499723e+00,2.899221240234374775e-01,-9.188537158203123889e-01,1.386717460937499924e+00
1.056911870117187346e+00,6.703490380859374875e-01,-1.331494199218749896e+00,-6.841548535156248834e-01,4.786016015624999786e-01,-1.428134907226562333e+00,-8.774362695312498683e-01,3.589512011718749562e-01,-1.780950190429687385e+00,-1.152018598632812418e+00,-6.396694482421874106e-01,7.455140332031249262e-01,2.162911083984374871e-01,-6.412034277343749977e-01,1.974231606445312259e+00,2.561745751953125039e-01,-9.203876953124998650e-01,1.389785419921874876e+00
1.086057480468749947e+00,7.685237255859374006e-01,-1.405125214843749859e+00,-6.979606689453123902e-01,4.479220117187499572e-01,-1.328426240234374944e+00,-8.022712744140624297e-01,4.387181347656249342e-01,-1.865319062499999792e+00,-1.132076865234374896e+00,-6.258636328124999038e-01,8.206790283203124758e-01,3.067958984374999920e-01,-6.534752636718749175e-01,2.011047114257812130e+00,2.638444726562499953e-01,-9.188537158203123889e-01,1.463416435546874839e+00
1.142814721679687340e+00,8.022712744140624297e-01,-1.484892148437499948e+00,-7.025626074218749295e-01,4.203103808593749435e-01,-1.217979716796874889e+00,-6.918247509765624859e-01,5.553005761718750044e-01,-1.969629667968749720e+00,-1.145882680664062292e+00,-6.059218994140624925e-01,9.081158593749999453e-01,4.019026269531249529e-01,-6.366014892578124584e-01,2.084678129882812314e+00,2.669124316406250030e-01,-9.234556542968749282e-01,1.573862958984374893e+00
1.156620537109374958e+00,8.160770898437499365e-01,-1.552387246093749784e+00,-6.749509765624999158e-01,4.249123193359374828e-01,-1.122872988281249818e+00,-5.890481249999999225e-01,6.626791406249998850e-01,-1.995707319335937369e+00,-1.175028291015624893e+00,-5.737083300781249395e-01,9.940187109374999386e-01,4.647957861328124718e-01,-6.105238378906249208e-01,2.115357719726562280e+00,2.669124316406250030e-01,-9.219216748046874521e-01,1.693513359374999805e+00
1.165824414062499814e+00,8.344848437499998717e-01,-1.615280405273437303e+00,-6.059218994140624925e-01,4.157084423828124597e-01,-1.036970136718749824e+00,-5.691063916015624002e-01,6.642131201171874721e-01,-1.895998652343749757e+00,-1.191902065429687463e+00,-5.414947607421874975e-01,1.082989521484374995e+00,5.553005761718750044e-01,-6.289315917968749670e-01,2.073940273437499648e+00,3.129318164062499519e-01,-9.203876953124998650e-01,1.802425903320312273e+00
1.152018598632812418e+00,8.544265771484373939e-01,-1.693513359374999805e+00,-5.123491503906250077e-01,4.049705859374999606e-01,-9.771449365234373685e-01,-6.212616943359374755e-01,6.166597558593749362e-01,-1.777882231445312433e+00,-1.185766147460937336e+00,-5.230870068359374514e-01,1.170426352539062353e+00,6.473393457031249021e-01,-6.243296533203124277e-01,1.969629667968749720e+00,3.190677343749999673e-01,-9.050479003906248820e-01,1.908270488281249788e+00
1.098329316406249978e+00,8.682323925781249008e-01,-1.776348251953124846e+00,-4.157084423828124597e-01,3.681550781249999793e-01,-9.664070800781249249e-01,-7.056305664062498817e-01,5.599025146484374327e-01,-1.655163872070312348e+00,-1.173494311523437306e+00,-5.292229248046874668e-01,1.253261245117187395e+00,6.994946484374999773e-01,-6.166597558593749362e-01,1.865319062499999792e+00,3.206017138671874989e-01,-9.065818798828124692e-01,1.912872426757812327e+00
1.049241972656249855e+00,8.728343310546874401e-01,-1.866853041992187379e+00,-3.206017138671874989e-01,3.390094677734374895e-01,-9.970866699218748908e-01,-7.869314794921874467e-01,4.954753759765624377e-01,-1.532445512695312262e+00,-1.173494311523437306e+00,-5.307569042968749429e-01,1.337630117187499801e+00,7.133004638671874842e-01,-5.783102685546874788e-01,1.762542436523437450e+00,3.098638574218749997e-01,-8.851061669921874708e-01,1.836173452148437413e+00
1.040038095703124998e+00,8.728343310546874401e-01,-1.961959770507812229e+00,-2.193590673828124671e-01,3.006599804687499766e-01,-9.955526904296874147e-01,-8.713003515624999640e-01,4.279802783203124350e-01,-1.409727153320312398e+00,-1.181164208984374797e+00,-5.338248632812500061e-01,1.420465009765624842e+00,7.133004638671874842e-01,-5.154171093749999599e-01,1.662833769531249839e+00,3.021939599609374527e-01,-8.283489257812499673e-01,1.721124990234374819e+00
1.075319624023437504e+00,8.682323925781249008e-01,-2.052464560546874761e+00,-1.211843798828124846e-01,2.607765136718749877e-01,-9.740769775390624163e-01,-9.572032031249999573e-01,3.712230371093749870e-01,-1.282406855468749995e+00,-1.190368085937499876e+00,-5.322908837890624190e-01,1.503299902343749883e+00,7.133004638671874842e-01,-4.540579296874999726e-01,1.553921225585937371e+00,3.129318164062499519e-01,-7.439800537109374501e-01,1.604542548828124859e+00
1.155086557617187371e+00,8.713003515624999640e-01,-2.149105268554687420e+00,-2.761163085937499637e-02,2.331648828124999739e-01,-9.326595312499998958e-01,-1.040038095703124998e+00,3.221356933593749750e-01,-1.161222475585937497e+00,-1.190368085937499876e+00,-5.721743505859374634e-01,1.587668774414062289e+00,7.102325048828124210e-01,-3.926987499999999853e-01,1.501765922851562296e+00,3.528152832031249408e-01,-6.458053662109374260e-01,1.486426127929687313e+00
1.198037983398437367e+00,8.713003515624999640e-01,-2.224270263671874748e+00,6.902907714843749265e-02,2.178250878906249910e-01,-9.019799414062499299e-01,-1.121339008789062452e+00,2.822522265624999860e-01,-1.036970136718749824e+00,-1.178096249999999845e+00,-5.675724121093749241e-01,1.673571625976562283e+00,7.056305664062498817e-01,-3.374754882812499579e-01,1.423532968749999794e+00,3.712230371093749870e-01,-5.721743505859374634e-01,1.369843686523437354e+00
1.259397163085937299e+00,8.713003515624999640e-01,-2.311707094726562328e+00,1.687377441406249790e-01,2.086212109374999679e-01,-8.927760644531249623e-01,-1.194970024414062415e+00,2.454367187499999770e-01,-9.203876953124998650e-01,-1.171960332031249941e+00,-6.028539404296874293e-01,1.759474477539062276e+00,6.933587304687499620e-01,-3.282716113281249903e-01,1.405125214843749859e+00,3.712230371093749870e-01,-4.954753759765624377e-01,1.250193286132812442e+00
1.303882568359374883e+00,8.682323925781249008e-01,-2.386872089843749656e+00,2.638444726562499953e-01,2.254949853515624825e-01,-9.096498388671874213e-01,-1.228717573242187333e+00,2.316309033203124701e-01,-8.360188232421874588e-01,-1.118271049804687500e+00,-6.749509765624999158e-01,1.862251103515624839e+00,6.319995507812499191e-01,-3.436114062499999733e-01,1.418931030273437477e+00,3.252036523437499826e-01,-5.384268017578124343e-01,1.139746762695312388e+00
1.337630117187499801e+00,8.666984130859374247e-01,-2.434425454101562192e+00,3.620191601562499639e-01,2.853201855468749937e-01,-9.602711621093749095e-01,-1.236387470703124825e+00,2.224270263671874748e-01,-7.363101562499999586e-01,-1.030834218749999920e+00,-7.071645458984374688e-01,1.957357832031249911e+00,5.537665966796874173e-01,-3.773589550781249469e-01,1.445008681640624904e+00,2.761163085937499706e-01,-6.304655712890624430e-01,1.030834218749999920e+00
1.343766035156249927e+00,8.559605566406248700e-01,-2.462037084960937428e+00,4.693977246093749556e-01,3.574172216796874801e-01,-1.059979829101562299e+00,-1.244057368164062316e+00,2.239610058593749786e-01,-6.458053662109374260e-01,-9.449313671874999265e-01,-7.255722998046874039e-01,2.046328642578124857e+00,4.709317041015624317e-01,-4.417860937499999419e-01,1.418931030273437477e+00,2.546405957031249723e-01,-7.133004638671874842e-01,9.234556542968749282e-01
1.329960219726562309e+00,8.544265771484373939e-01,-2.474308920898437236e+00,5.675724121093749241e-01,4.034366064453124845e-01,-1.168892373046874988e+00,-1.193436044921874828e+00,2.945240624999999612e-01,-5.875141455078124464e-01,-8.421547412109374742e-01,-7.286402587890624671e-01,2.035590786132812191e+00,3.819608935546874862e-01,-5.108151708984374206e-01,1.369843686523437354e+00,2.454367187499999770e-01,-8.099411718749999212e-01,9.311255517578124197e-01
1.248659306640624855e+00,8.421547412109374742e-01,-2.474308920898437236e+00,6.642131201171874721e-01,4.157084423828124597e-01,-1.267067060546874790e+00,-1.116737070312499913e+00,3.988346679687499452e-01,-5.721743505859374634e-01,-7.639217871093749723e-01,-6.764849560546873919e-01,2.043260683593749683e+00,2.883881445312500014e-01,-5.230870068359374514e-01,1.259397163085937299e+00,2.454367187499999770e-01,-8.651644335937499486e-01,1.036970136718749824e+00
1.156620537109374958e+00,7.685237255859374006e-01,-2.469706982421874919e+00,7.577858691406249569e-01,4.126404833984374521e-01,-1.377513583984374845e+00,-1.021630341796874841e+00,5.062132324218749924e-01,-5.813782275390624310e-01,-7.317082177734374193e-01,-6.181937353515624123e-01,2.009513134765624986e+00,1.794756005859374781e-01,-5.000773144531249770e-01,1.152018598632812418e+00,2.485046777343749846e-01,-8.897081054687498991e-01,1.159688496093749910e+00
1.059979829101562299e+00,6.734169970703124397e-01,-2.454367187499999936e+00,8.160770898437499365e-01,3.896307910156249776e-01,-1.478756230468749822e+00,-9.173197363281249128e-01,6.166597558593749362e-01,-5.859801660156249703e-01,-7.179024023437499125e-01,-5.583685351562499566e-01,2.060134458007812253e+00,7.363101562499999031e-02,-4.862714990234374701e-01,1.046174013671874903e+00,2.515726367187499646e-01,-9.035139208984374060e-01,1.248659306640624855e+00
9.664070800781249249e-01,5.767762890625000027e-01,-2.443629331054687270e+00,8.099411718749999212e-01,3.773589550781249469e-01,-1.572328979492187306e+00,-9.234556542968749282e-01,7.209703613281249757e-01,-5.859801660156249703e-01,-7.025626074218749295e-01,-5.092811914062499445e-01,2.006445175781249812e+00,-7.669897460937499280e-03,-4.448540527343749496e-01,9.387954492187499111e-01,2.469706982421874808e-01,-8.436887207031249503e-01,1.346833994140624879e+00
8.851061669921874708e-01,4.954753759765624377e-01,-2.428289536132812287e+00,7.853974999999999707e-01,3.604851806640624878e-01,-1.639824077148437365e+00,-9.740769775390624163e-01,7.915334179687498750e-01,-5.905821044921873986e-01,-6.826208740234374073e-01,-4.341161962890624504e-01,1.922076303710937406e+00,3.681550781249999515e-02,-4.049705859374999606e-01,8.298829052734374434e-01,2.531066162109374962e-01,-7.700577050781248767e-01,1.446542661132812269e+00
7.117664843749998971e-01,4.187764013671874674e-01,-2.334716787109374803e+00,7.807955615234374314e-01,3.236696728515624510e-01,-1.734930805664062436e+00,-9.771449365234373685e-01,8.728343310546874401e-01,-5.859801660156249703e-01,-6.642131201171874721e-01,-3.037279394531249843e-01,1.803959882812499860e+00,-2.607765136718749599e-02,-3.804269140624999546e-01,6.243296533203124277e-01,2.439027392578124731e-01,-8.176110693359374126e-01,1.649027954101562443e+00
6.933587304687499620e-01,3.758249755859374708e-01,-2.327046889648437311e+00,8.084071923828124451e-01,3.006599804687499766e-01,-1.741066723632812341e+00,-1.004756567382812493e+00,8.513586181640624417e-01,-5.875141455078124464e-01,-6.565432226562499807e-01,-2.914561035156249535e-01,1.754872539062499737e+00,-4.448540527343749357e-02,-3.819608935546874862e-01,5.967180224609374140e-01,2.439027392578124731e-01,-8.697663720703123769e-01,1.659765810546874887e+00
7.102325048828124210e-01,3.390094677734374895e-01,-2.328580869140624898e+00,7.992033154296874775e-01,2.868541650390624698e-01,-1.756406518554687324e+00,-1.012426464843749985e+00,8.084071923828124451e-01,-5.905821044921873986e-01,-6.473393457031249021e-01,-3.528152832031249408e-01,1.661299790039062252e+00,9.203876953124998789e-03,-3.758249755859374708e-01,5.737083300781249395e-01,2.454367187499999770e-01,-8.344848437499998717e-01,1.564659082031249815e+00
7.992033154296874775e-01,3.236696728515624510e-01,-2.345454643554687468e+00,7.531839306640624176e-01,2.837862060546874621e-01,-1.785552128906249925e+00,-1.063047788085937473e+00,8.314168847656249195e-01,-5.921160839843749857e-01,-6.657470996093749482e-01,-3.727570166015624631e-01,1.558523164062499911e+00,6.749509765624998880e-02,-3.052619189453124604e-01,5.568345556640624805e-01,2.423687597656249693e-01,-7.685237255859374006e-01,1.446542661132812269e+00
8.375528027343749349e-01,3.267376318359374587e-01,-2.327046889648437311e+00,7.040965869140624056e-01,2.929900830078124851e-01,-1.803959882812499860e+00,-1.021630341796874841e+00,8.283489257812499673e-01,-6.059218994140624925e-01,-7.455140332031249262e-01,-3.742909960937499392e-01,1.451144599609374808e+00,6.289315917968749114e-02,-2.638444726562499953e-01,5.445627197265624497e-01,2.561745751953125039e-01,-8.222130078124999519e-01,1.474154291992187282e+00
8.329508642578123956e-01,3.298055908203124664e-01,-2.254949853515624714e+00,6.534752636718749175e-01,2.929900830078124851e-01,-1.823901616210937382e+00,-9.188537158203123889e-01,8.283489257812499673e-01,-6.550092431640623936e-01,-8.375528027343749349e-01,-3.804269140624999546e-01,1.357571850585937323e+00,-1.073785644531249917e-02,-2.331648828124999739e-01,5.430287402343749736e-01,3.098638574218749997e-01,-9.035139208984374060e-01,1.494096025390624805e+00
7.899994384765623989e-01,3.282716113281249903e-01,-2.181318837890624973e+00,5.829122070312499071e-01,3.083298779296874681e-01,-1.888328754882812266e+00,-8.114751513671873973e-01,8.007372949218749536e-01,-7.255722998046874039e-01,-9.403294287109373872e-01,-3.896307910156249776e-01,1.257863183593749934e+00,-1.104465234374999855e-01,-2.408347802734374654e-01,5.491646582031249890e-01,3.696890576171874554e-01,-9.449313671874999265e-01,1.418931030273437477e+00
7.240383203124999278e-01,3.206017138671874989e-01,-2.103085883789062471e+00,4.985433349609374454e-01,3.175337548828124912e-01,-1.974231606445312259e+00,-7.071645458984374688e-01,7.992033154296874775e-01,-8.252809667968749041e-01,-1.036970136718749824e+00,-4.157084423828124597e-01,1.158154516601562323e+00,-2.132231494140624795e-01,-2.577085546874999800e-01,6.059218994140624925e-01,3.451453857421874494e-01,-9.541352441406248941e-01,1.313086445312499961e+00
6.764849560546873919e-01,2.899221240234374775e-01,-2.011047114257812130e+00,4.019026269531249529e-01,3.144657958984374835e-01,-2.063202416992187427e+00,-6.304655712890624430e-01,8.022712744140624297e-01,-9.418634082031248633e-01,-1.124406967773437405e+00,-4.770676220703124470e-01,1.063047788085937473e+00,-3.113978369140624758e-01,-3.175337548828124912e-01,7.025626074218749295e-01,3.313395703124999425e-01,-9.495333056640624658e-01,1.202639921874999906e+00
6.350675097656249823e-01,2.822522265624999860e-01,-1.912872426757812327e+00,3.006599804687499766e-01,3.144657958984374835e-01,-2.153707207031249737e+00,-5.399607812499999104e-01,8.252809667968749041e-01,-1.066115747070312425e+00,-1.219513696289062477e+00,-5.062132324218749924e-01,9.510672851562499419e-01,-4.157084423828124597e-01,-3.819608935546874862e-01,7.117664843749998971e-01,3.098638574218749997e-01,-9.479993261718748787e-01,1.191902065429687463e+00
6.151257763671874601e-01,2.715143701171874868e-01,-1.803959882812499860e+00,1.994173339843749726e-01,3.466793652343749810e-01,-2.227338222656249922e+00,-4.295142578124999666e-01,8.406207617187498871e-01,-1.101397275390624930e+00,-1.276270937499999869e+00,-4.786016015624999786e-01,8.406207617187498871e-01,-5.215530273437499753e-01,-4.141744628906249837e-01,6.626791406249998850e-01,2.899221240234374775e-01,-9.418634082031248633e-01,1.296212670898437391e+00
6.135917968749999840e-01,2.822522265624999860e-01,-1.695047338867187392e+00,8.897081054687498713e-02,3.528152832031249408e-01,-2.279493525390624775e+00,-3.359415087890624818e-01,8.544265771484373939e-01,-1.148950639648437466e+00,-1.300814609374999931e+00,-4.724656835937499633e-01,7.317082177734374193e-01,-6.319995507812499191e-01,-4.356501757812499820e-01,6.749509765624999158e-01,2.761163085937499706e-01,-9.479993261718748787e-01,1.395921337890624780e+00
6.151257763671874601e-01,3.098638574218749997e-01,-1.586134794921874924e+00,-1.227183593749999954e-02,3.466793652343749810e-01,-2.294833320312499758e+00,-2.837862060546874621e-01,8.682323925781249008e-01,-1.265533081054687425e+00,-1.314620424804687326e+00,-4.954753759765624377e-01,6.243296533203124277e-01,-7.393781152343749108e-01,-4.494559912109374333e-01,7.516499511718749416e-01,2.699803906249999552e-01,-9.556692236328123702e-01,1.349901953124999832e+00
6.135917968749999840e-01,3.482133447265624571e-01,-1.469552353515624965e+00,-1.196504003906249947e-01,3.451453857421874494e-01,-2.302503217773437250e+00,-2.669124316406250030e-01,8.697663720703123769e-01,-1.375979604492187480e+00,-1.316154404296874914e+00,-5.307569042968749429e-01,5.077472119140624685e-01,-8.237469873046874280e-01,-4.555919091796874487e-01,8.651644335937499486e-01,2.653784521484374714e-01,-9.556692236328123702e-01,1.323824301757812405e+00
6.181937353515624123e-01,3.482133447265624571e-01,-1.349901953124999832e+00,-2.224270263671874748e-01,2.945240624999999612e-01,-2.317843012695312233e+00,-2.699803906249999552e-01,8.789702490234374554e-01,-1.480290209960937409e+00,-1.296212670898437391e+00,-5.890481249999999225e-01,4.080385449218749683e-01,-8.590285156249999332e-01,-4.601938476562499325e-01,9.633391210937498617e-01,2.669124316406250030e-01,-9.541352441406248941e-01,1.234853491210937459e+00
6.197277148437499994e-01,3.175337548828124912e-01,-1.247125327148437490e+00,-3.236696728515624510e-01,2.162911083984374871e-01,-2.317843012695312233e+00,-2.761163085937499706e-01,8.973780029296873906e-01,-1.592270712890624829e+00,-1.282406855468749995e+00,-6.043879199218749054e-01,3.420774267578124417e-01,-8.713003515624999640e-01,-4.663297656249999479e-01,1.063047788085937473e+00,2.638444726562499953e-01,-9.188537158203123889e-01,1.248659306640624855e+00
6.197277148437499994e-01,2.776502880859375022e-01,-1.150484619140624831e+00,-4.218443603515624751e-01,1.687377441406249790e-01,-2.305571176757812424e+00,-2.899221240234374775e-01,9.081158593749999453e-01,-1.632154179687499873e+00,-1.260931142578124886e+00,-5.890481249999999225e-01,3.252036523437499826e-01,-8.605624951171874093e-01,-4.939413964843749616e-01,1.139746762695312388e+00,2.899221240234374775e-01,-8.897081054687498991e-01,1.317688383789062279e+00
6.197277148437499994e-01,2.408347802734374654e-01,-1.047707993164062490e+00,-5.138831298828124838e-01,1.825435595703124858e-01,-2.291765361328124584e+00,-3.252036523437499826e-01,9.142517773437499606e-01,-1.586134794921874924e+00,-1.225649614257812381e+00,-5.767762890625000027e-01,3.267376318359374587e-01,-8.390867822265624110e-01,-5.184850683593749121e-01,1.205707880859374859e+00,3.328735498046874741e-01,-8.544265771484373939e-01,1.391319399414062463e+00
6.212616943359374755e-01,2.362328417968749816e-01,-9.510672851562499419e-01,-5.967180224609374140e-01,1.886794775390624734e-01,-2.267221689453124966e+00,-3.067958984374999920e-01,8.866401464843749469e-01,-1.533979492187499849e+00,-1.170426352539062353e+00,-5.599025146484374327e-01,3.466793652343749810e-01,-7.838635205078123835e-01,-5.261549658203124036e-01,1.287008793945312313e+00,4.095725244140624444e-01,-8.206790283203124758e-01,1.472620312499999917e+00
6.181937353515624123e-01,2.408347802734374654e-01,-8.544265771484373939e-01,-6.504073046874999653e-01,1.794756005859374781e-01,-2.230406181640624652e+00,-3.236696728515624510e-01,8.329508642578123956e-01,-1.445008681640624904e+00,-1.110601152343750009e+00,-5.307569042968749429e-01,3.973006884765624691e-01,-7.010286279296874534e-01,-5.169510888671874360e-01,1.375979604492187480e+00,5.016112939453124531e-01,-7.577858691406249569e-01,1.553921225585937371e+00
6.289315917968749670e-01,2.500386572265624885e-01,-7.593198486328124330e-01,-6.672810791015624243e-01,1.564659082031249759e-01,-2.187454755859374878e+00,-3.773589550781249469e-01,7.531839306640624176e-01,-1.343766035156249927e+00,-1.021630341796874841e+00,-4.985433349609374454e-01,4.801355810546874547e-01,-6.043879199218749054e-01,-5.092811914062499445e-01,1.466484394531249791e+00,5.967180224609374140e-01,-6.933587304687499620e-01,1.633688159179687460e+00
6.366014892578124584e-01,2.607765136718749877e-01,-6.672810791015624243e-01,-6.688150585937499004e-01,1.181164208984374908e-01,-2.138367412109374754e+00,-4.494559912109374333e-01,6.657470996093749482e-01,-1.354503891601562371e+00,-9.234556542968749282e-01,-4.279802783203124350e-01,5.614364941406249088e-01,-5.092811914062499445e-01,-4.709317041015624317e-01,1.558523164062499911e+00,6.933587304687499620e-01,-6.289315917968749670e-01,1.713455092773437327e+00
6.550092431640623936e-01,2.730483496093749629e-01,-5.721743505859374634e-01,-6.688150585937499004e-01,9.357274902343748479e-02,-2.060134458007812253e+00,-5.215530273437499753e-01,5.691063916015624002e-01,-1.432736845703124873e+00,-8.544265771484373939e-01,-3.298055908203124664e-01,6.212616943359374755e-01,-4.141744628906249837e-01,-3.988346679687499452e-01,1.644426015624999904e+00,7.930673974609374621e-01,-5.583685351562499566e-01,1.796289985351562368e+00
6.826208740234374073e-01,2.929900830078124851e-01,-4.847375195312499385e-01,-6.657470996093749482e-01,7.056305664062499650e-02,-1.974231606445312259e+00,-6.135917968749999840e-01,4.586598681640624564e-01,-1.544717348632812293e+00,-8.329508642578123956e-01,-2.362328417968749816e-01,7.010286279296874534e-01,-3.236696728515624510e-01,-3.313395703124999425e-01,1.727260908203124945e+00,8.943100439453124384e-01,-4.801355810546874547e-01,1.885260795898437314e+00
7.501159716796874655e-01,3.390094677734374895e-01,-4.325822167968749743e-01,-6.611451611328124089e-01,7.056305664062499650e-02,-1.877590898437499822e+00,-7.301742382812499432e-01,3.390094677734374895e-01,-1.672037646484374918e+00,-8.528925976562499178e-01,-1.564659082031249759e-01,8.007372949218749536e-01,-2.193590673828124671e-01,-2.607765136718749877e-01,1.828503554687499921e+00,1.009358505859374810e+00,-3.865628320312499699e-01,1.981901503906249751e+00
8.329508642578123956e-01,4.249123193359374828e-01,-4.080385449218749683e-01,-6.642131201171874721e-01,6.596111816406249884e-02,-1.771746313476562307e+00,-8.421547412109374742e-01,2.577085546874999800e-01,-1.784018149414062337e+00,-9.004459619140624538e-01,-1.150484619140624831e-01,9.019799414062499299e-01,-1.073785644531249917e-01,-2.239610058593749786e-01,1.940484057617187341e+00,1.119805029296874865e+00,-3.052619189453124604e-01,2.084678129882812314e+00
9.157857568359374367e-01,5.169510888671874360e-01,-4.187764013671874674e-01,-6.611451611328124089e-01,1.058445849609374878e-01,-1.665901728515624791e+00,-9.572032031249999573e-01,2.101551904296874718e-01,-1.897532631835937345e+00,-9.495333056640624658e-01,-9.203876953124999483e-02,9.970866699218748908e-01,7.669897460937499280e-03,-2.024852929687499803e-01,2.057066499023437522e+00,1.219513696289062477e+00,-2.362328417968749816e-01,2.110755781249999963e+00
1.017028403320312302e+00,5.951840429687499379e-01,-4.647957861328124718e-01,-6.611451611328124089e-01,1.825435595703124858e-01,-1.553921225585937371e+00,-1.064581767578124838e+00,1.902134570312499773e-01,-2.020250991210937208e+00,-1.030834218749999920e+00,-9.050479003906249098e-02,1.101397275390624930e+00,1.211843798828124846e-01,-2.086212109374999679e-01,2.167513022460937133e+00,1.268601040039062378e+00,-1.978833544921874688e-01,2.057066499023437522e+00
1.095261357421874804e+00,6.074558789062499686e-01,-5.399607812499999104e-01,-6.657470996093749482e-01,2.699803906249999552e-01,-1.448076640624999856e+00,-1.130542885742187309e+00,1.764076416015624704e-01,-2.132231494140624850e+00,-1.119805029296874865e+00,-1.027766259765624940e-01,1.202639921874999906e+00,2.285629443359374902e-01,-2.362328417968749816e-01,2.201260571289062273e+00,1.231785532226562285e+00,-2.469706982421874808e-01,2.121493637695312184e+00
1.178096249999999845e+00,5.691063916015624002e-01,-6.442713867187499499e-01,-6.335335302734373952e-01,3.543492626953124724e-01,-1.342232055664062340e+00,-1.116737070312499913e+00,1.687377441406249790e-01,-2.251881894531249984e+00,-1.171960332031249941e+00,-1.349901953124999776e-01,1.316154404296874914e+00,3.359415087890624818e-01,-3.052619189453124604e-01,2.202794550781249860e+00,1.156620537109374958e+00,-3.574172216796874801e-01,2.231940161132812239e+00
1.263999101562499838e+00,5.599025146484374327e-01,-7.608538281249999091e-01,-5.537665966796874173e-01,4.172424218749999358e-01,-1.234853491210937459e+00,-1.050775952148437442e+00,1.641358056640624952e-01,-2.239610058593749731e+00,-1.176562270507812480e+00,-1.487960107421874845e-01,1.403591235351562272e+00,4.356501757812499820e-01,-3.635531396484374400e-01,2.159843124999999642e+00,1.056911870117187346e+00,-4.586598681640624564e-01,2.221202304687500018e+00
1.328426240234374944e+00,5.660384326171874481e-01,-8.605624951171874093e-01,-4.448540527343749496e-01,4.525239501953124410e-01,-1.133610844726562483e+00,-9.618051416015623856e-01,1.656697851562499713e-01,-2.149105268554687420e+00,-1.182698188476562384e+00,-1.349901953124999776e-01,1.429668886718749921e+00,4.893394580078124778e-01,-3.650871191406249716e-01,2.080076191406249997e+00,9.526012646484374180e-01,-5.568345556640624805e-01,2.132231494140624850e+00
1.359105830078124910e+00,6.089898583984374447e-01,-9.740769775390624163e-01,-3.405434472656249656e-01,4.617278271484374641e-01,-1.046174013671874903e+00,-9.909507519531248754e-01,1.610678466796874875e-01,-2.034056806640624604e+00,-1.227183593749999968e+00,-9.510672851562498864e-02,1.517105717773437279e+00,4.878054785156249462e-01,-2.960580419921874928e-01,1.974231606445312259e+00,8.268149462890623802e-01,-6.672810791015624243e-01,2.014115073242187304e+00
1.383649501953124972e+00,6.427374072265624738e-01,-1.072251665039062329e+00,-2.254949853515624825e-01,4.310482373046874427e-01,-9.418634082031248633e-01,-1.001688608398437319e+00,1.718057031249999866e-01,-1.915940385742187280e+00,-1.245591347656249903e+00,-9.050479003906249098e-02,1.498697963867187344e+00,5.460966992187499258e-01,-1.994173339843749726e-01,1.872988959960937283e+00,7.255722998046874039e-01,-6.488733251953124892e-01,1.894464672851562392e+00
1.380581542968749797e+00,6.856888330078124705e-01,-1.170426352539062353e+00,-1.242523388671874923e-01,4.264462988281249589e-01,-8.958440234374999145e-01,-1.073785644531249917e+00,1.748736621093749943e-01,-1.802425903320312273e+00,-1.248659306640624855e+00,-8.897081054687498713e-02,1.543183369140624928e+00,5.614364941406249088e-01,-9.510672851562498864e-02,1.768678354492187355e+00,6.135917968749999840e-01,-6.488733251953124892e-01,1.777882231445312433e+00
1.356037871093749958e+00,6.948927099609374380e-01,-1.277804916992187456e+00,-2.147571289062499833e-02,4.325822167968749743e-01,-9.203876953124998650e-01,-1.178096249999999845e+00,1.518639697265624922e-01,-1.678173564453124822e+00,-1.219513696289062477e+00,-1.135144824218749932e-01,1.579998876953124798e+00,5.307569042968749429e-01,-9.050479003906249098e-02,1.665901728515624791e+00,5.000773144531249770e-01,-7.209703613281249757e-01,1.667435708007812378e+00
1.334562158203124849e+00,6.856888330078124705e-01,-1.369843686523437354e+00,9.357274902343748479e-02,4.356501757812499820e-01,-1.013960444335937350e+00,-1.254795224609374982e+00,1.457280517578124768e-01,-1.569261020507812354e+00,-1.144348701171874927e+00,-1.948153955078124888e-01,1.664367749023437426e+00,5.123491503906250077e-01,-1.211843798828124846e-01,1.564659082031249815e+00,3.973006884765624691e-01,-7.838635205078123835e-01,1.549319287109374832e+00
1.331494199218749896e+00,6.488733251953124892e-01,-1.484892148437499948e+00,2.116891699218749756e-01,4.371841552734374581e-01,-1.082989521484374995e+00,-1.297746650390624978e+00,1.457280517578124768e-01,-1.438872763671874777e+00,-1.036970136718749824e+00,-2.960580419921874928e-01,1.767144374999999767e+00,5.138831298828124838e-01,-1.349901953124999776e-01,1.448076640624999856e+00,3.190677343749999673e-01,-8.084071923828124451e-01,1.418931030273437477e+00
1.334562158203124849e+00,6.166597558593749362e-01,-1.613746425781249938e+00,3.344075292968749502e-01,4.402521142578124658e-01,-1.121339008789062452e+00,-1.311552465820312374e+00,1.457280517578124768e-01,-1.303882568359374883e+00,-9.142517773437499606e-01,-3.942327294921874614e-01,1.871454980468749918e+00,5.138831298828124838e-01,-1.395921337890624891e-01,1.326892260742187357e+00,2.807182470703124544e-01,-8.222130078124999519e-01,1.291610732421874852e+00
1.339164096679687388e+00,5.767762890625000027e-01,-1.725726928710937358e+00,4.586598681640624564e-01,4.387181347656249342e-01,-1.135144824218749848e+00,-1.313086445312499961e+00,1.457280517578124768e-01,-1.182698188476562384e+00,-8.022712744140624297e-01,-4.693977246093749556e-01,1.977299565429687211e+00,5.154171093749999599e-01,-1.273202978515624861e-01,1.224115634765624794e+00,2.653784521484374714e-01,-7.823295410156249075e-01,1.167358393554687401e+00
1.352969912109374784e+00,5.522326171874999412e-01,-1.857649165039062300e+00,5.752423095703124156e-01,4.387181347656249342e-01,-1.193436044921874828e+00,-1.314620424804687326e+00,1.472620312499999806e-01,-1.053843911132812394e+00,-7.179024023437499125e-01,-5.384268017578124343e-01,2.061668437499999840e+00,4.770676220703124470e-01,-1.165824414062499870e-01,1.158154516601562323e+00,2.561745751953125039e-01,-7.593198486328124330e-01,1.038504116210937411e+00
1.352969912109374784e+00,5.414947607421874975e-01,-1.972697626953124894e+00,6.764849560546873919e-01,4.325822167968749743e-01,-1.285474814453124948e+00,-1.313086445312499961e+00,1.472620312499999806e-01,-9.234556542968749282e-01,-6.688150585937499004e-01,-5.629704736328124959e-01,2.142969350585937516e+00,4.111065039062499760e-01,-1.135144824218749932e-01,1.096795336914062391e+00,2.469706982421874808e-01,-7.439800537109374501e-01,9.142517773437499606e-01
1.336096137695312436e+00,5.292229248046874668e-01,-2.084678129882812314e+00,7.547179101562498937e-01,4.279802783203124350e-01,-1.385183481445312337e+00,-1.311552465820312374e+00,1.595338671874999836e-01,-8.022712744140624297e-01,-6.473393457031249021e-01,-5.537665966796874173e-01,2.215066386718749669e+00,3.221356933593749750e-01,-1.319222363281249977e-01,1.012426464843749985e+00,2.454367187499999770e-01,-7.240383203124999278e-01,7.961353564453124143e-01
1.287008793945312313e+00,4.862714990234374701e-01,-2.198192612304687099e+00,7.915334179687498750e-01,4.080385449218749683e-01,-1.489494086914062265e+00,-1.313086445312499961e+00,2.300969238281249662e-01,-6.979606689453123902e-01,-6.442713867187499499e-01,-5.430287402343749736e-01,2.193590673828124782e+00,2.147571289062499833e-01,-1.978833544921874688e-01,9.065818798828124692e-01,2.454367187499999770e-01,-7.409120947265623869e-01,7.102325048828124210e-01
1.191902065429687463e+00,3.988346679687499452e-01,-2.296367299804687345e+00,8.099411718749999212e-01,3.758249755859374708e-01,-1.595338671874999781e+00,-1.299280629882812343e+00,3.359415087890624818e-01,-6.289315917968749670e-01,-6.396694482421874106e-01,-4.939413964843749616e-01,2.116891699218749867e+00,1.073785644531249917e-01,-2.638444726562499953e-01,7.992033154296874775e-01,2.485046777343749846e-01,-7.255722998046874039e-01,7.071645458984374688e-01
1.087591459960937312e+00,2.883881445312500014e-01,-2.377668212890624577e+00,8.298829052734374434e-01,3.159997753906249596e-01,-1.676639584960937457e+00,-1.253261245117187395e+00,4.463880322265624812e-01,-5.997859814453124772e-01,-6.442713867187499499e-01,-3.942327294921874614e-01,2.017183032226562478e+00,-1.533979492187499943e-03,-3.006599804687499766e-01,6.979606689453123902e-01,2.454367187499999770e-01,-6.918247509765624859e-01,7.409120947265623869e-01
9.725429980468749402e-01,1.672037646484374751e-01,-2.417551679687499622e+00,8.421547412109374742e-01,2.454367187499999770e-01,-1.742600703124999928e+00,-1.171960332031249941e+00,5.645044531249999720e-01,-5.905821044921873986e-01,-6.534752636718749175e-01,-2.807182470703124544e-01,1.897532631835937345e+00,-1.227183593749999885e-01,-3.206017138671874989e-01,6.166597558593749362e-01,2.469706982421874808e-01,-6.596111816406249329e-01,7.915334179687498750e-01
8.605624951171874093e-01,6.596111816406249884e-02,-2.422153618164062383e+00,8.467566796874999024e-01,1.994173339843749726e-01,-1.770212333984374942e+00,-1.073785644531249917e+00,6.734169970703124397e-01,-5.890481249999999225e-01,-6.642131201171874721e-01,-1.902134570312499773e-01,1.779416210937499798e+00,-2.393008007812499893e-01,-3.175337548828124912e-01,5.737083300781249395e-01,2.515726367187499646e-01,-6.350675097656249823e-01,8.590285156249999332e-01
7.531839306640624176e-01,1.533979492187499943e-03,-2.389940048828124830e+00,8.452227001953124264e-01,1.810095800781249820e-01,-1.797823964843749733e+00,-9.817468749999999078e-01,7.823295410156249075e-01,-5.905821044921873986e-01,-6.749509765624999158e-01,-1.303882568359374938e-01,1.658231831054687300e+00,-3.604851806640624878e-01,-2.914561035156249535e-01,5.568345556640624805e-01,2.500386572265624885e-01,-6.319995507812499191e-01,9.418634082031248633e-01
6.672810791015624243e-01,-2.300969238281249871e-02,-2.331648828124999628e+00,8.421547412109374742e-01,1.687377441406249790e-01,-1.857649165039062300e+00,-9.142517773437499606e-01,8.620964746093748854e-01,-5.875141455078124464e-01,-6.948927099609374380e-01,-1.058445849609374878e-01,1.533979492187499849e+00,-4.847375195312499385e-01,-2.699803906249999552e-01,5.491646582031249890e-01,2.469706982421874808e-01,-6.596111816406249329e-01,1.041572075195312364e+00
6.350675097656249823e-01,-2.607765136718749599e-02,-2.302503217773437250e+00,8.421547412109374742e-01,1.687377441406249790e-01,-1.892930693359374805e+00,-8.835721874999998837e-01,8.973780029296873906e-01,-5.844461865234374942e-01,-7.117664843749998971e-01,-1.027766259765624940e-01,1.406659194335937446e+00,-5.997859814453124772e-01,-2.607765136718749877e-01,5.491646582031249890e-01,2.515726367187499646e-01,-6.703490380859374875e-01,1.104465234374999882e+00
6.243296533203124277e-01,-2.607765136718749599e-02,-2.230406181640624652e+00,8.283489257812499673e-01,1.579998876953124798e-01,-1.946619975585937246e+00,-8.298829052734374434e-01,9.019799414062499299e-01,-5.890481249999999225e-01,-7.255722998046874039e-01,-1.043106054687499840e-01,1.285474814453124948e+00,-6.979606689453123902e-01,-2.546405957031249723e-01,5.476306787109374019e-01,2.531066162109374962e-01,-7.163684228515624364e-01,1.194970024414062415e+00
6.120578173828123969e-01,-2.607765136718749599e-02,-2.123027617187499771e+00,8.053392333984373819e-01,1.349901953124999776e-01,-2.038658745117187365e+00,-7.393781152343749108e-01,9.019799414062499299e-01,-5.890481249999999225e-01,-7.746596435546874160e-01,-1.104465234374999855e-01,1.170426352539062353e+00,-7.623878076171873852e-01,-2.515726367187499646e-01,5.522326171874999412e-01,2.500386572265624885e-01,-7.838635205078123835e-01,1.313086445312499961e+00
6.105238378906249208e-01,-2.454367187499999908e-02,-2.012581093749999717e+00,7.547179101562498937e-01,1.334562158203125015e-01,-2.147571289062499833e+00,-6.289315917968749670e-01,9.019799414062499299e-01,-5.982520019531250011e-01,-8.666984130859374247e-01,-1.165824414062499870e-01,1.055377890624999981e+00,-8.114751513671873973e-01,-2.515726367187499646e-01,5.599025146484374327e-01,2.485046777343749846e-01,-8.482906591796873785e-01,1.429668886718749921e+00
6.105238378906249208e-01,-1.994173339843749795e-02,-1.891396713867187440e+00,6.611451611328124089e-01,1.549319287109374998e-01,-2.242678017578124905e+00,-5.123491503906250077e-01,9.004459619140624538e-01,-6.580772021484374568e-01,-9.802128955078124317e-01,-1.303882568359374938e-01,9.326595312499998958e-01,-8.590285156249999332e-01,-2.623104931640624637e-01,5.936500634765624618e-01,2.515726367187499646e-01,-8.851061669921874708e-01,1.521707656249999818e+00
6.105238378906249208e-01,-1.533979492187499943e-03,-1.779416210937499798e+00,5.399607812499999104e-01,1.487960107421874845e-01,-2.293299340820312171e+00,-4.065045654296874367e-01,9.004459619140624538e-01,-7.608538281249999091e-01,-1.087591459960937312e+00,-1.779416210937499743e-01,8.176110693359374126e-01,-8.759022900390623922e-01,-2.883881445312500014e-01,6.764849560546873919e-01,2.561745751953125039e-01,-8.973780029296873906e-01,1.506367861328124835e+00
6.120578173828123969e-01,4.448540527343749357e-02,-1.670503666992187330e+00,4.249123193359374828e-01,8.897081054687498713e-02,-2.323978930664062137e+00,-3.206017138671874989e-01,9.050479003906248820e-01,-8.805042285156249315e-01,-1.191902065429687463e+00,-2.577085546874999800e-01,7.071645458984374688e-01,-8.666984130859374247e-01,-3.512813037109374648e-01,7.853974999999999707e-01,2.684464111328124791e-01,-8.958440234374999145e-01,1.431202866210937286e+00
6.135917968749999840e-01,1.380581542968749853e-01,-1.555455205078124958e+00,3.067958984374999920e-01,1.994173339843749795e-02,-2.336250766601562390e+00,-2.807182470703124544e-01,9.050479003906248820e-01,-9.986206494140623668e-01,-1.267067060546874790e+00,-3.635531396484374400e-01,5.967180224609374140e-01,-8.590285156249999332e-01,-4.019026269531249529e-01,9.004459619140624538e-01,2.853201855468749937e-01,-8.958440234374999145e-01,1.392853378906249828e+00
6.181937353515624123e-01,2.469706982421874808e-01,-1.432736845703124873e+00,1.825435595703124858e-01,-2.300969238281249871e-02,-2.340852705078124707e+00,-2.699803906249999552e-01,9.081158593749999453e-01,-1.124406967773437405e+00,-1.300814609374999931e+00,-4.724656835937499633e-01,4.786016015624999786e-01,-8.559605566406248700e-01,-4.310482373046874427e-01,1.021630341796874841e+00,3.221356933593749750e-01,-8.912420849609373752e-01,1.423532968749999794e+00
6.227956738281249516e-01,3.482133447265624571e-01,-1.319222363281249866e+00,6.135917968749999424e-02,-4.908734374999999817e-02,-2.340852705078124707e+00,-2.745823291015624945e-01,9.203876953124998650e-01,-1.244057368164062316e+00,-1.300814609374999931e+00,-5.783102685546874788e-01,3.850288525390624383e-01,-8.482906591796873785e-01,-4.402521142578124658e-01,1.142814721679687340e+00,4.049705859374999606e-01,-8.605624951171874093e-01,1.512503779296874962e+00
6.289315917968749670e-01,4.249123193359374828e-01,-1.201105942382812319e+00,-6.135917968749999424e-02,-6.135917968749999424e-02,-2.336250766601562390e+00,-2.745823291015624945e-01,9.418634082031248633e-01,-1.359105830078124910e+00,-1.290076752929687487e+00,-6.688150585937499004e-01,3.344075292968749502e-01,-8.283489257812499673e-01,-4.402521142578124658e-01,1.265533081054687425e+00,5.184850683593749121e-01,-8.022712744140624297e-01,1.624484282226562382e+00
6.289315917968749670e-01,4.647957861328124718e-01,-1.081455541992187408e+00,-1.902134570312499773e-01,-6.289315917968749114e-02,-2.330114848632812485e+00,-2.715143701171874868e-01,9.587371826171874334e-01,-1.475688271484374869e+00,-1.271668999023437330e+00,-7.255722998046874039e-01,3.159997753906249596e-01,-7.930673974609374621e-01,-4.402521142578124658e-01,1.389785419921874876e+00,6.488733251953124892e-01,-7.225043408203124518e-01,1.744134682617187293e+00
6.273976123046874909e-01,4.770676220703124470e-01,-9.602711621093749095e-01,-3.221356933593749750e-01,-6.289315917968749114e-02,-2.328580869140624898e+00,-2.745823291015624945e-01,9.572032031249999573e-01,-1.601474589843749907e+00,-1.260931142578124886e+00,-7.378441357421874347e-01,3.129318164062499519e-01,-7.761936230468748921e-01,-4.402521142578124658e-01,1.518639697265624866e+00,7.823295410156249075e-01,-6.749509765624999158e-01,1.856115185546874935e+00
6.273976123046874909e-01,4.801355810546874547e-01,-8.360188232421874588e-01,-4.463880322265624812e-01,-5.982520019531249733e-02,-2.311707094726562328e+00,-2.791842675781249783e-01,9.403294287109373872e-01,-1.737998764648437389e+00,-1.237921450195312412e+00,-7.163684228515624364e-01,3.190677343749999673e-01,-7.209703613281249757e-01,-4.371841552734374581e-01,1.641358056640624952e+00,9.173197363281249128e-01,-5.936500634765624618e-01,1.969629667968749720e+00
6.227956738281249516e-01,4.893394580078124778e-01,-7.240383203124999278e-01,-5.599025146484374327e-01,-5.829122070312499349e-02,-2.267221689453124966e+00,-3.006599804687499766e-01,9.265236132812498804e-01,-1.857649165039062300e+00,-1.204173901367187494e+00,-6.626791406249998850e-01,3.206017138671874989e-01,-6.304655712890624430e-01,-4.295142578124999666e-01,1.747202641601562245e+00,1.040038095703124998e+00,-5.000773144531249770e-01,2.084678129882812314e+00
6.243296533203124277e-01,5.200190478515624992e-01,-6.120578173828123969e-01,-6.534752636718749175e-01,-6.289315917968749114e-02,-2.190522714843749608e+00,-3.313395703124999425e-01,8.651644335937499486e-01,-1.948153955078124833e+00,-1.138212783203124800e+00,-6.166597558593749362e-01,3.313395703124999425e-01,-5.077472119140624685e-01,-3.788929345703124785e-01,1.857649165039062300e+00,1.164290434570312449e+00,-3.896307910156249776e-01,2.207396489257812178e+00
6.243296533203124277e-01,5.660384326171874481e-01,-5.138831298828124838e-01,-7.010286279296874534e-01,-7.209703613281250034e-02,-2.086212109374999901e+00,-3.113978369140624758e-01,8.697663720703123769e-01,-2.066270375976562157e+00,-1.105999213867187470e+00,-5.568345556640624805e-01,3.942327294921874614e-01,-4.019026269531249529e-01,-2.929900830078124851e-01,1.908270488281249788e+00,1.257863183593749934e+00,-2.868541650390624698e-01,2.325512910156249724e+00
6.488733251953124892e-01,6.381354687499999345e-01,-4.203103808593749435e-01,-7.194363818359373886e-01,-7.976693359374999182e-02,-1.972697626953124894e+00,-3.466793652343749810e-01,8.160770898437499365e-01,-2.187454755859374878e+00,-1.052309931640624807e+00,-4.509899707031249649e-01,5.000773144531249770e-01,-2.868541650390624698e-01,-1.825435595703124858e-01,1.972697626953124894e+00,1.303882568359374883e+00,-2.055532519531249880e-01,2.445163310546874857e+00
7.163684228515624364e-01,7.071645458984374688e-01,-3.834948730468749623e-01,-7.240383203124999278e-01,-8.283489257812498563e-02,-1.859183144531249887e+00,-4.310482373046874427e-01,7.240383203124999278e-01,-2.304037197265624837e+00,-1.063047788085937473e+00,-3.390094677734374895e-01,6.089898583984374447e-01,-1.687377441406249790e-01,-9.970866699218748630e-02,2.066270375976562157e+00,1.313086445312499961e+00,-1.641358056640624952e-01,2.432891474609374605e+00
8.145431103515624605e-01,7.531839306640624176e-01,-3.696890576171874554e-01,-7.040965869140624056e-01,-4.448540527343749357e-02,-1.754872539062499737e+00,-5.476306787109374019e-01,6.028539404296874293e-01,-2.354658520507812103e+00,-1.053843911132812394e+00,-3.083298779296874681e-01,7.255722998046874039e-01,-6.749509765624998880e-02,-1.319222363281249977e-01,2.170580981445312307e+00,1.310018486328124787e+00,-1.579998876953124798e-01,2.343920664062499881e+00
9.249896337890624043e-01,7.731256640624999399e-01,-3.865628320312499699e-01,-6.810868945312499312e-01,2.454367187499999908e-02,-1.642892036132812317e+00,-6.718830175781249636e-01,4.801355810546874547e-01,-2.371532294921874673e+00,-1.029300239257812333e+00,-2.653784521484374714e-01,8.329508642578123956e-01,5.062132324218749507e-02,-2.178250878906249910e-01,2.256483833007812301e+00,1.300814609374999931e+00,-1.656697851562499713e-01,2.221202304687500018e+00
1.027766259765624968e+00,7.807955615234374314e-01,-4.356501757812499820e-01,-6.412034277343749977e-01,1.058445849609374878e-01,-1.537047451171874801e+00,-7.853974999999999707e-01,3.589512011718749562e-01,-2.320910971679687407e+00,-1.004756567382812493e+00,-2.300969238281249662e-01,9.433973876953124504e-01,1.579998876953124798e-01,-2.837862060546874621e-01,2.308639135742187154e+00,1.279338896484374821e+00,-1.733396826171874905e-01,2.104619863281249614e+00
1.135144824218749848e+00,7.807955615234374314e-01,-4.985433349609374454e-01,-5.568345556640624805e-01,1.963493749999999927e-01,-1.423532968749999794e+00,-9.050479003906248820e-01,2.500386572265624885e-01,-2.228872202148437509e+00,-1.001688608398437319e+00,-2.009513134765624764e-01,1.067649726562500012e+00,2.776502880859375022e-01,-3.206017138671874989e-01,2.316309033203124645e+00,1.242523388671874951e+00,-1.978833544921874688e-01,1.981901503906249751e+00
1.239455429687499999e+00,7.838635205078123835e-01,-5.721743505859374634e-01,-4.494559912109374333e-01,2.761163085937499706e-01,-1.306950527343749835e+00,-1.018562382812499889e+00,1.825435595703124858e-01,-2.109221801757812376e+00,-1.017028403320312302e+00,-1.702717236328124828e-01,1.184232167968749971e+00,3.926987499999999853e-01,-3.144657958984374835e-01,2.310173115234374741e+00,1.171960332031249941e+00,-2.331648828124999739e-01,1.859183144531249887e+00
1.316154404296874914e+00,7.823295410156249075e-01,-6.626791406249998850e-01,-3.328735498046874741e-01,3.252036523437499826e-01,-1.205707880859374859e+00,-1.109067172851562422e+00,1.579998876953124798e-01,-1.983435483398437338e+00,-1.026232280273437381e+00,-1.441940722656250007e-01,1.299280629882812343e+00,5.077472119140624685e-01,-2.592425341796874561e-01,2.256483833007812301e+00,1.075319624023437504e+00,-2.945240624999999612e-01,1.734930805664062436e+00
1.349901953124999832e+00,7.838635205078123835e-01,-7.102325048828124210e-01,-2.101551904296874718e-01,3.405434472656249656e-01,-1.087591459960937312e+00,-1.170426352539062353e+00,1.533979492187499960e-01,-1.857649165039062300e+00,-1.023164321289062428e+00,-1.380581542968749853e-01,1.431202866210937286e+00,6.043879199218749054e-01,-2.285629443359374902e-01,2.187454755859374878e+00,9.832808544921873839e-01,-3.313395703124999425e-01,1.601474589843749907e+00
1.362173789062499862e+00,7.853974999999999707e-01,-7.930673974609374621e-01,-8.743683105468749717e-02,3.727570166015624631e-01,-9.725429980468749402e-01,-1.204173901367187494e+00,1.533979492187499960e-01,-1.725726928710937358e+00,-1.030834218749999920e+00,-1.165824414062499870e-01,1.544717348632812293e+00,6.611451611328124089e-01,-1.779416210937499743e-01,2.092348027343749806e+00,8.851061669921874708e-01,-3.942327294921874614e-01,1.477222250976562457e+00
1.360639809570312275e+00,7.792615820312499553e-01,-9.096498388671874213e-01,2.454367187499999908e-02,4.049705859374999606e-01,-8.651644335937499486e-01,-1.244057368164062316e+00,1.533979492187499960e-01,-1.606076528320312446e+00,-1.007824526367187445e+00,-9.203876953124999483e-02,1.661299790039062252e+00,6.764849560546873919e-01,-1.027766259765624940e-01,1.977299565429687211e+00,7.685237255859374006e-01,-4.601938476562499325e-01,1.359105830078124910e+00
1.363707768554687449e+00,7.562518896484374809e-01,-1.030834218749999920e+00,1.503299902343749883e-01,4.264462988281249589e-01,-7.807955615234374314e-01,-1.283940834960937361e+00,1.533979492187499960e-01,-1.475688271484374869e+00,-9.280575927734374675e-01,-9.203876953124999483e-02,1.787086108398437290e+00,6.565432226562499807e-01,-5.982520019531249733e-02,1.857649165039062300e+00,6.412034277343749977e-01,-5.338248632812500061e-01,1.225649614257812381e+00
1.357571850585937323e+00,7.179024023437499125e-01,-1.144348701171874927e+00,2.638444726562499953e-01,4.402521142578124658e-01,-7.777276025390624792e-01,-1.300814609374999931e+00,1.533979492187499960e-01,-1.351435932617187419e+00,-8.482906591796873785e-01,-1.242523388671874923e-01,1.905202529296874836e+00,6.366014892578124584e-01,-5.062132324218749507e-02,1.742600703124999928e+00,5.246209863281249275e-01,-6.089898583984374447e-01,1.107533193359374835e+00
1.352969912109374784e+00,6.734169970703124397e-01,-1.265533081054687425e+00,3.834948730468749623e-01,4.463880322265624812e-01,-8.298829052734374434e-01,-1.303882568359374883e+00,1.533979492187499960e-01,-1.225649614257812381e+00,-7.731256640624999399e-01,-1.840775390624999897e-01,2.021784970703124795e+00,6.181937353515624123e-01,-6.135917968749999424e-02,1.627552241210937334e+00,4.065045654296874367e-01,-6.872228124999999466e-01,9.894167724609373993e-01
1.351435932617187419e+00,6.166597558593749362e-01,-1.379047563476562432e+00,5.031452734374999292e-01,4.463880322265624812e-01,-9.096498388671874213e-01,-1.310018486328124787e+00,1.518639697265624922e-01,-1.101397275390624930e+00,-7.040965869140624056e-01,-2.638444726562499953e-01,2.095415986328124980e+00,5.936500634765624618e-01,-6.902907714843749265e-02,1.504833881835937470e+00,3.144657958984374835e-01,-7.501159716796874655e-01,8.682323925781249008e-01
1.352969912109374784e+00,5.522326171874999412e-01,-1.503299902343749883e+00,6.289315917968749670e-01,4.463880322265624812e-01,-9.955526904296874147e-01,-1.311552465820312374e+00,1.533979492187499960e-01,-9.664070800781249249e-01,-6.688150585937499004e-01,-3.466793652343749810e-01,2.195124653320312369e+00,5.675724121093749241e-01,-6.749509765624998880e-02,1.385183481445312337e+00,2.653784521484374714e-01,-7.761936230468748921e-01,7.516499511718749416e-01
1.352969912109374784e+00,4.970093554687499693e-01,-1.624484282226562382e+00,7.439800537109374501e-01,4.448540527343749496e-01,-1.090659418945312487e+00,-1.310018486328124787e+00,1.549319287109374998e-01,-8.436887207031249503e-01,-6.550092431640623936e-01,-4.111065039062499760e-01,2.277959545898437188e+00,5.292229248046874668e-01,-7.056305664062499650e-02,1.268601040039062378e+00,2.423687597656249693e-01,-7.777276025390624792e-01,6.749509765624999158e-01
1.345300014648437292e+00,4.356501757812499820e-01,-1.739532744140624754e+00,8.329508642578123956e-01,4.356501757812499820e-01,-1.204173901367187494e+00,-1.314620424804687326e+00,1.641358056640624952e-01,-7.271062792968748800e-01,-6.504073046874999653e-01,-4.617278271484374641e-01,2.337784746093749977e+00,4.540579296874999726e-01,-1.165824414062499870e-01,1.156620537109374958e+00,2.423687597656249693e-01,-7.470480126953124023e-01,6.335335302734373952e-01
1.313086445312499961e+00,3.604851806640624878e-01,-1.854581206054687348e+00,8.743683105468749162e-01,4.325822167968749743e-01,-1.322290322265624818e+00,-1.314620424804687326e+00,2.101551904296874718e-01,-6.412034277343749977e-01,-6.519412841796874414e-01,-4.755336425781249710e-01,2.382270151367187339e+00,3.528152832031249408e-01,-1.902134570312499773e-01,1.043106054687499951e+00,2.423687597656249693e-01,-7.301742382812499432e-01,6.243296533203124277e-01
1.244057368164062316e+00,2.715143701171874868e-01,-1.972697626953124894e+00,8.835721874999998837e-01,4.249123193359374828e-01,-1.441940722656249951e+00,-1.311552465820312374e+00,2.929900830078124851e-01,-6.059218994140624925e-01,-6.504073046874999653e-01,-4.448540527343749496e-01,2.383804130859374926e+00,2.377668212890624855e-01,-2.607765136718749877e-01,9.249896337890624043e-01,2.469706982421874808e-01,-7.194363818359373886e-01,6.335335302734373952e-01
1.171960332031249941e+00,1.963493749999999927e-01,-2.096949965820312123e+00,8.835721874999998837e-01,4.203103808593749435e-01,-1.569261020507812354e+00,-1.310018486328124787e+00,3.712230371093749870e-01,-5.890481249999999225e-01,-6.488733251953124892e-01,-4.187764013671874674e-01,2.382270151367187339e+00,1.135144824218749932e-01,-2.914561035156249535e-01,7.992033154296874775e-01,2.469706982421874808e-01,-7.163684228515624364e-01,6.381354687499999345e-01
1.098329316406249978e+00,1.319222363281249977e-01,-2.211998427734374939e+00,8.728343310546874401e-01,4.003686474609374768e-01,-1.682775502929687361e+00,-1.302348588867187296e+00,4.647957861328124718e-01,-5.921160839843749857e-01,-6.519412841796874414e-01,-3.788929345703124785e-01,2.331648828124999628e+00,-4.601938476562499394e-03,-3.037279394531249843e-01,6.902907714843748987e-01,2.485046777343749846e-01,-6.856888330078124705e-01,6.703490380859374875e-01
9.894167724609373993e-01,7.363101562499999031e-02,-2.319376992187499820e+00,8.636304541015624725e-01,3.512813037109374648e-01,-1.780950190429687385e+00,-1.276270937499999869e+00,5.706403710937499874e-01,-5.921160839843749857e-01,-6.504073046874999653e-01,-3.159997753906249596e-01,2.251881894531249984e+00,-1.196504003906249947e-01,-2.883881445312500014e-01,6.120578173828123969e-01,2.485046777343749846e-01,-6.366014892578124584e-01,7.347761767578124825e-01
8.789702490234374554e-01,1.994173339843749795e-02,-2.391474028320312417e+00,8.651644335937499486e-01,2.914561035156249535e-01,-1.836173452148437413e+00,-1.224115634765624794e+00,6.810868945312499312e-01,-5.921160839843749857e-01,-6.534752636718749175e-01,-2.423687597656249693e-01,2.149105268554687420e+00,-2.362328417968749816e-01,-2.715143701171874868e-01,5.721743505859374634e-01,2.485046777343749846e-01,-5.890481249999999225e-01,8.191450488281248887e-01
7.654557666015624484e-01,-1.227183593749999954e-02,-2.408347802734374987e+00,8.666984130859374247e-01,2.270289648437499863e-01,-1.849979267578124809e+00,-1.148950639648437466e+00,7.807955615234374314e-01,-5.921160839843749857e-01,-6.550092431640623936e-01,-1.932814160156249850e-01,2.029454868164062287e+00,-3.558832421874999485e-01,-2.607765136718749877e-01,5.568345556640624805e-01,2.485046777343749846e-01,-5.629704736328124959e-01,9.035139208984374060e-01
6.856888330078124705e-01,-2.607765136718749599e-02,-2.376134233398437434e+00,8.651644335937499486e-01,1.810095800781249820e-01,-1.857649165039062300e+00,-1.078387583007812456e+00,8.528925976562499178e-01,-5.905821044921873986e-01,-6.550092431640623936e-01,-1.687377441406249790e-01,1.900600590820312297e+00,-4.724656835937499633e-01,-2.439027392578124731e-01,5.506986376953124651e-01,2.515726367187499646e-01,-5.737083300781249395e-01,9.878827929687499232e-01
6.427374072265624738e-01,-3.067958984374999712e-02,-2.302503217773437250e+00,8.498246386718749656e-01,1.426600927734374968e-01,-1.902134570312499884e+00,-9.986206494140623668e-01,8.881741259765624230e-01,-5.905821044921873986e-01,-6.672810791015624243e-01,-1.626018261718749913e-01,1.791688046874999829e+00,-5.798442480468749549e-01,-2.408347802734374654e-01,5.476306787109374019e-01,2.515726367187499646e-01,-6.396694482421874106e-01,1.093727377929687439e+00
6.166597558593749362e-01,-3.067958984374999712e-02,-2.181318837890624973e+00,8.344848437499998717e-01,1.288542773437499900e-01,-2.006445175781249812e+00,-8.897081054687498991e-01,8.958440234374999145e-01,-5.905821044921873986e-01,-7.194363818359373886e-01,-1.595338671874999836e-01,1.672037646484374918e+00,-6.657470996093749482e-01,-2.454367187499999770e-01,5.506986376953124651e-01,2.515726367187499646e-01,-7.271062792968748800e-01,1.208775839843749811e+00
6.105238378906249208e-01,-2.914561035156249674e-02,-2.055532519531249935e+00,8.145431103515624605e-01,1.365241748046874815e-01,-2.118425678710937454e+00,-7.608538281249999091e-01,8.958440234374999145e-01,-5.921160839843749857e-01,-7.976693359374998904e-01,-1.518639697265624922e-01,1.549319287109374832e+00,-7.378441357421874347e-01,-2.561745751953125039e-01,5.583685351562499566e-01,2.515726367187499646e-01,-8.099411718749999212e-01,1.329960219726562309e+00
6.105238378906249208e-01,-2.914561035156249674e-02,-1.945085996093749880e+00,7.455140332031249262e-01,1.656697851562499713e-01,-2.208930468749999765e+00,-6.427374072265624738e-01,8.943100439453124384e-01,-5.967180224609374140e-01,-8.881741259765624230e-01,-1.257863183593749823e-01,1.429668886718749921e+00,-8.022712744140624297e-01,-2.653784521484374714e-01,5.737083300781249395e-01,2.515726367187499646e-01,-8.636304541015624725e-01,1.432736845703124873e+00
6.120578173828123969e-01,-2.300969238281249871e-02,-1.826969575195312334e+00,6.396694482421874106e-01,2.040192724609374841e-01,-2.270289648437499697e+00,-5.215530273437499753e-01,8.912420849609373752e-01,-6.427374072265624738e-01,-1.001688608398437319e+00,-1.150484619140624831e-01,1.311552465820312374e+00,-8.452227001953124264e-01,-2.883881445312500014e-01,6.074558789062499686e-01,2.546405957031249723e-01,-8.897081054687498991e-01,1.474154291992187282e+00
6.105238378906249208e-01,-6.135917968749999771e-03,-1.713455092773437327e+00,5.230870068359374514e-01,1.932814160156249850e-01,-2.300969238281249662e+00,-4.111065039062499760e-01,8.943100439453124384e-01,-7.332421972656248954e-01,-1.112135131835937374e+00,-1.319222363281249977e-01,1.196504003906250002e+00,-8.544265771484373939e-01,-3.175337548828124912e-01,6.780189355468749790e-01,2.592425341796874561e-01,-8.989119824218748667e-01,1.449610620117187443e+00
6.105238378906249208e-01,3.988346679687499591e-02,-1.598406630859374955e+00,4.003686474609374768e-01,1.457280517578124768e-01,-2.319376992187499820e+00,-3.282716113281249903e-01,8.973780029296873906e-01,-8.467566796874999024e-01,-1.216445737304687302e+00,-1.702717236328124828e-01,1.082989521484374995e+00,-8.452227001953124264e-01,-3.420774267578124417e-01,7.823295410156249075e-01,2.653784521484374714e-01,-8.989119824218748667e-01,1.412795112304687351e+00
6.120578173828123969e-01,8.897081054687498713e-02,-1.469552353515624965e+00,2.745823291015624945e-01,1.196504003906249947e-01,-2.327046889648437311e+00,-2.883881445312500014e-01,8.958440234374999145e-01,-9.710090185546874642e-01,-1.285474814453124948e+00,-1.932814160156249850e-01,9.556692236328123702e-01,-8.375528027343749349e-01,-3.528152832031249408e-01,9.035139208984374060e-01,2.669124316406250030e-01,-8.989119824218748667e-01,1.398989296874999955e+00
6.166597558593749362e-01,1.487960107421874845e-01,-1.357571850585937323e+00,1.549319287109374998e-01,7.976693359374999182e-02,-2.328580869140624898e+00,-2.715143701171874868e-01,8.989119824218748667e-01,-1.102931254882812295e+00,-1.316154404296874914e+00,-2.454367187499999770e-01,8.390867822265624110e-01,-8.268149462890623802e-01,-3.758249755859374708e-01,1.015494423828124937e+00,2.730483496093749629e-01,-8.973780029296873906e-01,1.351435932617187419e+00
6.166597558593749362e-01,2.285629443359374902e-01,-1.247125327148437490e+00,3.834948730468749900e-02,2.147571289062499833e-02,-2.333182807617187215e+00,-2.730483496093749629e-01,8.989119824218748667e-01,-1.227183593749999968e+00,-1.322290322265624818e+00,-3.282716113281249903e-01,7.301742382812499432e-01,-8.145431103515624605e-01,-4.080385449218749683e-01,1.130542885742187309e+00,3.236696728515624510e-01,-8.912420849609373752e-01,1.336096137695312436e+00
6.227956738281249516e-01,3.206017138671874989e-01,-1.138212783203124800e+00,-7.669897460937499800e-02,-2.914561035156249674e-02,-2.337784746093749977e+00,-2.822522265624999860e-01,9.004459619140624538e-01,-1.345300014648437292e+00,-1.300814609374999931e+00,-4.279802783203124350e-01,6.212616943359374755e-01,-7.992033154296874775e-01,-4.264462988281249589e-01,1.245591347656249903e+00,4.095725244140624444e-01,-8.498246386718749656e-01,1.395921337890624780e+00
6.289315917968749670e-01,4.003686474609374768e-01,-1.020096362304687476e+00,-1.978833544921874688e-01,-5.062132324218749507e-02,-2.334716787109374803e+00,-2.914561035156249535e-01,9.004459619140624538e-01,-1.477222250976562457e+00,-1.276270937499999869e+00,-5.292229248046874668e-01,5.062132324218749924e-01,-7.884654589843749228e-01,-4.295142578124999666e-01,1.366775727539062402e+00,5.322908837890624190e-01,-7.731256640624999399e-01,1.451144599609374808e+00
6.304655712890624430e-01,4.371841552734374581e-01,-9.019799414062499299e-01,-3.159997753906249596e-01,-5.215530273437499198e-02,-2.322444951171874994e+00,-2.991260009765625005e-01,8.989119824218748667e-01,-1.601474589843749907e+00,-1.231785532226562285e+00,-6.105238378906249208e-01,4.049705859374999606e-01,-7.225043408203124518e-01,-4.279802783203124350e-01,1.481824189453124774e+00,6.611451611328124089e-01,-6.734169970703124397e-01,1.541649389648437340e+00
6.258636328124999038e-01,4.571258886718749803e-01,-7.884654589843749228e-01,-4.356501757812499820e-01,-4.755336425781249432e-02,-2.290231381835937441e+00,-3.313395703124999425e-01,8.973780029296873906e-01,-1.713455092773437327e+00,-1.182698188476562384e+00,-6.458053662109374260e-01,3.436114062499999733e-01,-6.258636328124999038e-01,-4.218443603515624751e-01,1.598406630859374955e+00,7.915334179687498750e-01,-5.537665966796874173e-01,1.664367749023437426e+00
6.258636328124999038e-01,4.816695605468749308e-01,-6.764849560546873919e-01,-5.476306787109374019e-01,-4.601938476562499741e-02,-2.228872202148437509e+00,-3.758249755859374708e-01,8.605624951171874093e-01,-1.816231718749999891e+00,-1.148950639648437466e+00,-6.396694482421874106e-01,3.221356933593749750e-01,-5.138831298828124838e-01,-3.788929345703124785e-01,1.708853154296874788e+00,9.219216748046874521e-01,-4.279802783203124350e-01,1.788620087890624877e+00
6.335335302734373952e-01,5.261549658203124036e-01,-5.691063916015624002e-01,-6.458053662109374260e-01,-4.908734374999999817e-02,-2.132231494140624850e+00,-4.371841552734374581e-01,7.700577050781248767e-01,-1.900600590820312297e+00,-1.118271049804687500e+00,-6.335335302734373952e-01,3.252036523437499826e-01,-3.973006884765624691e-01,-3.037279394531249843e-01,1.820833657226562430e+00,1.043106054687499951e+00,-3.159997753906249596e-01,1.911338447265624740e+00
6.565432226562499807e-01,5.875141455078124464e-01,-4.617278271484374641e-01,-6.902907714843748987e-01,-4.908734374999999817e-02,-2.020250991210937208e+00,-5.230870068359374514e-01,6.473393457031249021e-01,-2.004911196289062225e+00,-1.076853603515624869e+00,-6.120578173828123969e-01,3.405434472656249656e-01,-2.791842675781249783e-01,-1.994173339843749726e-01,1.934348139648437215e+00,1.165824414062499814e+00,-2.300969238281249662e-01,2.017183032226562478e+00
7.194363818359373886e-01,6.488733251953124892e-01,-3.834948730468749623e-01,-7.040965869140624056e-01,-4.908734374999999817e-02,-1.899066611328124932e+00,-6.519412841796874414e-01,5.184850683593749121e-01,-2.090814047851562218e+00,-1.026232280273437381e+00,-5.599025146484374327e-01,4.049705859374999606e-01,-1.564659082031249759e-01,-9.817468749999999633e-02,2.053998540039062348e+00,1.256329204101562347e+00,-1.886794775390624734e-01,2.093882006835937393e+00
8.237469873046874280e-01,7.086985253906249449e-01,-3.497473242187499887e-01,-7.086985253906249449e-01,-4.295142578124999666e-02,-1.784018149414062337e+00,-7.777276025390624792e-01,3.911647705078124537e-01,-2.170580981445312307e+00,-9.418634082031248633e-01,-4.724656835937499633e-01,5.046792529296874052e-01,-3.681550781249999515e-02,-6.289315917968749114e-02,2.165979042968749990e+00,1.290076752929687487e+00,-1.718057031249999866e-01,2.080076191406249997e+00
9.188537158203123889e-01,7.470480126953124023e-01,-3.405434472656249656e-01,-7.117664843749998971e-01,-3.988346679687499591e-02,-1.661299790039062252e+00,-9.065818798828124692e-01,2.776502880859375022e-01,-2.207396489257812178e+00,-8.897081054687498991e-01,-3.896307910156249776e-01,6.258636328124999038e-01,7.823295410156248797e-02,-4.295142578124999666e-02,2.231940161132812239e+00,1.297746650390624978e+00,-1.702717236328124828e-01,2.037124765624999778e+00
1.007824526367187445e+00,7.669897460937499245e-01,-3.574172216796874801e-01,-7.010286279296874534e-01,-3.067958984374999885e-03,-1.550853266601562419e+00,-1.030834218749999920e+00,1.978833544921874688e-01,-2.287163422851562267e+00,-8.682323925781249008e-01,-2.975920214843749689e-01,7.455140332031249262e-01,2.009513134765624764e-01,-7.976693359374999182e-02,2.281027504882812362e+00,1.285474814453124948e+00,-1.687377441406249790e-01,1.954289873046874737e+00
1.095261357421874804e+00,7.746596435546874160e-01,-4.095725244140624444e-01,-6.504073046874999653e-01,5.982520019531249733e-02,-1.440406743164062364e+00,-1.141280742187499975e+00,1.595338671874999836e-01,-2.262619750976562205e+00,-8.697663720703123769e-01,-2.086212109374999679e-01,8.544265771484373939e-01,3.129318164062499519e-01,-1.518639697265624922e-01,2.299435258789062075e+00,1.276270937499999869e+00,-1.687377441406249790e-01,1.836173452148437413e+00
1.179630229492187432e+00,7.731256640624999399e-01,-4.801355810546874547e-01,-5.614364941406249088e-01,1.518639697265624922e-01,-1.331494199218749896e+00,-1.214911757812499937e+00,1.472620312499999806e-01,-2.181318837890624973e+00,-8.743683105468749162e-01,-1.257863183593749823e-01,9.725429980468749402e-01,4.218443603515624751e-01,-2.208930468749999709e-01,2.291765361328124584e+00,1.240989409179687364e+00,-1.871454980468749696e-01,1.713455092773437327e+00
1.239455429687499999e+00,7.746596435546874160e-01,-5.737083300781249395e-01,-4.494559912109374333e-01,2.515726367187499646e-01,-1.221047675781249842e+00,-1.233319511718749872e+00,1.472620312499999806e-01,-2.058600478515624665e+00,-8.805042285156249315e-01,-5.829122070312499349e-02,1.093727377929687439e+00,5.353588427734374822e-01,-2.761163085937499706e-01,2.233474140624999826e+00,1.168892373046874988e+00,-2.439027392578124731e-01,1.593804692382812416e+00
1.267067060546874790e+00,7.746596435546874160e-01,-6.780189355468749790e-01,-3.344075292968749502e-01,3.420774267578124417e-01,-1.107533193359374835e+00,-1.201105942382812319e+00,1.472620312499999806e-01,-1.929746201171874898e+00,-9.127177978515623735e-01,-1.227183593749999954e-02,1.207241860351562446e+00,6.289315917968749670e-01,-2.730483496093749629e-01,2.132231494140624850e+00,1.070717685546874964e+00,-3.359415087890624818e-01,1.472620312499999917e+00
1.276270937499999869e+00,7.608538281249999091e-01,-7.930673974609374621e-01,-2.178250878906249910e-01,4.111065039062499760e-01,-9.909507519531248754e-01,-1.242523388671874951e+00,1.472620312499999806e-01,-1.811629780273437351e+00,-9.771449365234373685e-01,6.135917968749999771e-03,1.328426240234374944e+00,6.534752636718749175e-01,-2.101551904296874718e-01,2.018717011718749621e+00,9.510672851562499419e-01,-4.479220117187499572e-01,1.349901953124999832e+00
1.283940834960937361e+00,7.317082177734374193e-01,-9.065818798828124692e-01,-9.970866699218748630e-02,4.494559912109374333e-01,-8.835721874999998837e-01,-1.280872875976562408e+00,1.472620312499999806e-01,-1.685843461914062313e+00,-9.832808544921873839e-01,1.533979492187499943e-03,1.445008681640624904e+00,6.273976123046874909e-01,-1.319222363281249977e-01,1.906736508789062423e+00,8.298829052734374434e-01,-5.614364941406249088e-01,1.227183593749999968e+00
1.282406855468749995e+00,7.133004638671874842e-01,-1.030834218749999920e+00,7.669897460937499280e-03,4.555919091796874487e-01,-8.390867822265624110e-01,-1.297746650390624978e+00,1.472620312499999806e-01,-1.556989184570312323e+00,-9.449313671874999265e-01,-1.687377441406249720e-02,1.563125102539062450e+00,5.798442480468749549e-01,-8.897081054687498713e-02,1.791688046874999829e+00,7.071645458984374688e-01,-6.734169970703124397e-01,1.104465234374999882e+00
1.285474814453124948e+00,6.933587304687499620e-01,-1.142814721679687340e+00,9.970866699218748630e-02,4.525239501953124410e-01,-8.774362695312498683e-01,-1.300814609374999931e+00,1.472620312499999806e-01,-1.432736845703124873e+00,-8.805042285156249315e-01,-4.601938476562499741e-02,1.682775502929687361e+00,5.445627197265624497e-01,-8.283489257812498563e-02,1.678173564453124822e+00,5.859801660156249703e-01,-7.654557666015624484e-01,9.832808544921873839e-01
1.300814609374999931e+00,6.718830175781249636e-01,-1.253261245117187395e+00,1.856115185546874935e-01,4.509899707031249649e-01,-9.541352441406248941e-01,-1.300814609374999931e+00,1.457280517578124768e-01,-1.306950527343749835e+00,-7.976693359374998904e-01,-1.104465234374999855e-01,1.802425903320312273e+00,5.338248632812500061e-01,-8.590285156249999332e-02,1.563125102539062450e+00,4.678637451171874795e-01,-8.237469873046874280e-01,8.666984130859374247e-01
1.322290322265624818e+00,6.473393457031249021e-01,-1.375979604492187480e+00,3.021939599609374527e-01,4.509899707031249649e-01,-1.049241972656249855e+00,-1.302348588867187296e+00,1.472620312499999806e-01,-1.181164208984374797e+00,-7.240383203124999278e-01,-2.040192724609374841e-01,1.917474365234374867e+00,5.230870068359374514e-01,-8.283489257812498563e-02,1.449610620117187443e+00,3.543492626953124724e-01,-8.513586181640624417e-01,7.639217871093749723e-01
1.342232055664062340e+00,6.273976123046874909e-01,-1.498697963867187344e+00,4.249123193359374828e-01,4.494559912109374333e-01,-1.161222475585937497e+00,-1.306950527343749835e+00,1.487960107421874845e-01,-1.053843911132812394e+00,-6.718830175781249636e-01,-3.098638574218749997e-01,2.038658745117187365e+00,4.985433349609374454e-01,-8.130091308593749566e-02,1.348367973632812467e+00,2.807182470703124544e-01,-8.528925976562499178e-01,6.887567919921874227e-01
1.346833994140624879e+00,6.181937353515624123e-01,-1.627552241210937334e+00,5.491646582031249890e-01,4.448540527343749496e-01,-1.265533081054687425e+00,-1.306950527343749835e+00,1.487960107421874845e-01,-9.219216748046874521e-01,-6.534752636718749175e-01,-4.111065039062499760e-01,2.162911083984374816e+00,4.893394580078124778e-01,-8.130091308593749566e-02,1.224115634765624794e+00,2.485046777343749846e-01,-8.544265771484373939e-01,6.611451611328124089e-01
1.342232055664062340e+00,5.936500634765624618e-01,-1.744134682617187293e+00,6.703490380859374875e-01,4.371841552734374581e-01,-1.366775727539062402e+00,-1.308484506835937422e+00,1.549319287109374998e-01,-7.961353564453124143e-01,-6.473393457031249021e-01,-4.924074169921874300e-01,2.274891586914062458e+00,4.387181347656249342e-01,-9.357274902343748479e-02,1.116737070312499913e+00,2.408347802734374654e-01,-8.544265771484373939e-01,6.396694482421874106e-01
1.325358281249999770e+00,5.399607812499999104e-01,-1.865319062499999792e+00,7.853974999999999707e-01,4.310482373046874427e-01,-1.487960107421874900e+00,-1.310018486328124787e+00,1.840775390624999897e-01,-6.872228124999999466e-01,-6.473393457031249021e-01,-5.476306787109374019e-01,2.351590561523437373e+00,3.528152832031249408e-01,-1.411261132812499930e-01,1.015494423828124937e+00,2.408347802734374654e-01,-8.390867822265624110e-01,6.289315917968749670e-01
1.293144711914062439e+00,4.617278271484374641e-01,-1.986503442382812290e+00,8.513586181640624417e-01,4.233783398437499512e-01,-1.607610507812499812e+00,-1.310018486328124787e+00,2.561745751953125039e-01,-6.243296533203124277e-01,-6.534752636718749175e-01,-5.460966992187499258e-01,2.373066274414062260e+00,2.454367187499999770e-01,-2.116891699218749756e-01,9.035139208984374060e-01,2.423687597656249693e-01,-8.206790283203124758e-01,6.273976123046874909e-01
1.233319511718749872e+00,3.666210986328124477e-01,-2.096949965820312123e+00,8.774362695312498683e-01,4.218443603515624751e-01,-1.730328867187499897e+00,-1.308484506835937422e+00,3.574172216796874801e-01,-5.967180224609374140e-01,-6.550092431640623936e-01,-5.016112939453124531e-01,2.339318725585937120e+00,1.273202978515624861e-01,-2.699803906249999552e-01,7.853974999999999707e-01,2.439027392578124731e-01,-7.961353564453124143e-01,6.304655712890624430e-01
1.138212783203124800e+00,2.623104931640624637e-01,-2.208930468749999765e+00,8.728343310546874401e-01,3.942327294921874614e-01,-1.794756005859374781e+00,-1.276270937499999869e+00,4.678637451171874795e-01,-5.905821044921873986e-01,-6.657470996093749482e-01,-4.249123193359374828e-01,2.259551791992187475e+00,9.203876953124998789e-03,-2.761163085937499706e-01,6.764849560546873919e-01,2.485046777343749846e-01,-7.255722998046874039e-01,6.918247509765624859e-01
1.032368198242187507e+00,1.549319287109374998e-01,-2.305571176757812424e+00,8.697663720703123769e-01,3.543492626953124724e-01,-1.808561821289062399e+00,-1.227183593749999968e+00,5.752423095703124156e-01,-5.905821044921873986e-01,-6.841548535156248834e-01,-3.113978369140624758e-01,2.146037309570312246e+00,-1.012426464843749901e-01,-2.454367187499999770e-01,6.043879199218749054e-01,2.500386572265624885e-01,-6.473393457031249021e-01,7.685237255859374006e-01
9.157857568359374367e-01,5.829122070312499349e-02,-2.368464335937499943e+00,8.728343310546874401e-01,3.144657958984374835e-01,-1.807027841796874812e+00,-1.162756455078124862e+00,6.856888330078124705e-01,-5.905821044921873986e-01,-6.948927099609374380e-01,-2.116891699218749756e-01,2.029454868164062287e+00,-2.239610058593749786e-01,-2.254949853515624825e-01,5.675724121093749241e-01,2.500386572265624885e-01,-5.813782275390624310e-01,8.252809667968749041e-01
7.976693359374998904e-01,-3.067958984374999885e-03,-2.366930356445312356e+00,8.697663720703123769e-01,2.761163085937499706e-01,-1.819299677734374843e+00,-1.087591459960937312e+00,7.869314794921874467e-01,-5.875141455078124464e-01,-7.102325048828124210e-01,-1.564659082031249759e-01,1.905202529296874836e+00,-3.482133447265624571e-01,-2.070872314453124918e-01,5.491646582031249890e-01,2.500386572265624885e-01,-5.430287402343749736e-01,8.912420849609373752e-01
6.994946484374999773e-01,-2.914561035156249674e-02,-2.308639135742187154e+00,8.636304541015624725e-01,2.515726367187499646e-01,-1.856115185546874935e+00,-1.013960444335937350e+00,8.559605566406248700e-01,-5.905821044921873986e-01,-7.163684228515624364e-01,-1.349901953124999776e-01,1.787086108398437290e+00,-4.586598681640624564e-01,-1.825435595703124858e-01,5.460966992187499258e-01,2.500386572265624885e-01,-5.522326171874999412e-01,9.694750390624998770e-01
6.442713867187499499e-01,-3.374754882812499440e-02,-2.221202304687500018e+00,8.528925976562499178e-01,2.224270263671874748e-01,-1.912872426757812327e+00,-9.418634082031248633e-01,8.866401464843749469e-01,-5.890481249999999225e-01,-7.332421972656248954e-01,-1.349901953124999776e-01,1.662833769531249839e+00,-5.706403710937499874e-01,-1.748736621093749943e-01,5.460966992187499258e-01,2.485046777343749846e-01,-5.967180224609374140e-01,1.063047788085937473e+00
6.181937353515624123e-01,-3.221356933593749750e-02,-2.100017924804687297e+00,8.191450488281248887e-01,1.948153955078124888e-01,-1.988037421874999877e+00,-8.528925976562499178e-01,8.943100439453124384e-01,-5.890481249999999225e-01,-7.700577050781248767e-01,-1.441940722656250007e-01,1.550853266601562419e+00,-6.488733251953124892e-01,-1.871454980468749696e-01,5.476306787109374019e-01,2.500386572265624885e-01,-6.703490380859374875e-01,1.164290434570312449e+00
6.135917968749999840e-01,-3.221356933593749750e-02,-1.977299565429687211e+00,8.068732128906249690e-01,1.856115185546874935e-01,-2.055532519531249935e+00,-7.961353564453124143e-01,8.943100439453124384e-01,-5.905821044921873986e-01,-7.946013769531249382e-01,-1.441940722656250007e-01,1.421998989257812429e+00,-6.887567919921874227e-01,-1.902134570312499773e-01,5.476306787109374019e-01,2.500386572265624885e-01,-7.209703613281249757e-01,1.222581655273437429e+00
6.105238378906249208e-01,-3.221356933593749750e-02,-1.854581206054687348e+00,7.731256640624999399e-01,1.840775390624999897e-01,-2.124561596679687359e+00,-7.102325048828124210e-01,8.943100439453124384e-01,-5.890481249999999225e-01,-8.421547412109374742e-01,-1.441940722656250007e-01,1.299280629882812343e+00,-7.393781152343749108e-01,-1.994173339843749726e-01,5.522326171874999412e-01,2.500386572265624885e-01,-7.884654589843749228e-01,1.302348588867187296e+00
6.105238378906249208e-01,-3.067958984374999712e-02,-1.748736621093749832e+00,6.933587304687499620e-01,1.963493749999999927e-01,-2.207396489257812178e+00,-6.074558789062499686e-01,8.912420849609373752e-01,-5.967180224609374140e-01,-9.295915722656249436e-01,-1.334562158203125015e-01,1.187300126953124924e+00,-8.053392333984373819e-01,-2.193590673828124671e-01,5.645044531249999720e-01,2.515726367187499646e-01,-8.467566796874999024e-01,1.386717460937499924e+00
6.135917968749999840e-01,-1.533979492187499856e-02,-1.632154179687499873e+00,5.844461865234374942e-01,2.132231494140624795e-01,-2.271823627929687284e+00,-5.016112939453124531e-01,8.897081054687498991e-01,-6.519412841796874414e-01,-1.036970136718749824e+00,-1.257863183593749823e-01,1.073785644531249917e+00,-8.528925976562499178e-01,-2.531066162109374962e-01,5.967180224609374140e-01,2.577085546874999800e-01,-8.835721874999998837e-01,1.463416435546874839e+00
6.151257763671874601e-01,1.073785644531249917e-02,-1.515571738281249914e+00,4.647957861328124718e-01,1.932814160156249850e-01,-2.304037197265624837e+00,-4.034366064453124845e-01,8.927760644531249623e-01,-7.455140332031249262e-01,-1.145882680664062292e+00,-1.380581542968749853e-01,9.556692236328123702e-01,-8.620964746093748854e-01,-2.899221240234374775e-01,6.672810791015624243e-01,2.592425341796874561e-01,-9.004459619140624538e-01,1.512503779296874962e+00
6.135917968749999840e-01,5.829122070312499349e-02,-1.405125214843749859e+00,3.451453857421874494e-01,1.411261132812499930e-01,-2.322444951171874994e+00,-3.282716113281249903e-01,8.989119824218748667e-01,-8.620964746093748854e-01,-1.234853491210937459e+00,-1.748736621093749943e-01,8.452227001953124264e-01,-8.421547412109374742e-01,-3.252036523437499826e-01,7.715916845703124638e-01,2.653784521484374714e-01,-9.004459619140624538e-01,1.535513471679687436e+00
6.151257763671874601e-01,1.334562158203125015e-01,-1.296212670898437391e+00,2.285629443359374902e-01,6.902907714843749265e-02,-2.330114848632812485e+00,-2.945240624999999612e-01,9.035139208984374060e-01,-9.878827929687499232e-01,-1.285474814453124948e+00,-2.469706982421874808e-01,7.347761767578124825e-01,-8.176110693359374126e-01,-3.758249755859374708e-01,8.835721874999998837e-01,3.144657958984374835e-01,-8.866401464843749469e-01,1.524775615234374770e+00
6.151257763671874601e-01,2.346988623046874778e-01,-1.181164208984374797e+00,1.043106054687499840e-01,0.000000000000000000e+00,-2.333182807617187215e+00,-2.883881445312500014e-01,9.035139208984374060e-01,-1.113669111328124961e+00,-1.294678691406249804e+00,-3.512813037109374648e-01,6.197277148437499994e-01,-8.068732128906249690e-01,-4.126404833984374521e-01,1.003222587890624906e+00,3.957667089843749375e-01,-8.651644335937499486e-01,1.581532856445312385e+00
6.212616943359374755e-01,3.298055908203124664e-01,-1.064581767578124838e+00,-1.533979492187499856e-02,-3.681550781249999515e-02,-2.333182807617187215e+00,-2.883881445312500014e-01,9.035139208984374060e-01,-1.239455429687499999e+00,-1.287008793945312313e+00,-4.540579296874999726e-01,5.092811914062499445e-01,-8.038052539062499058e-01,-4.264462988281249589e-01,1.121339008789062452e+00,4.985433349609374454e-01,-8.130091308593748733e-01,1.652095913085937395e+00
6.258636328124999038e-01,3.926987499999999853e-01,-9.433973876953124504e-01,-1.426600927734374968e-01,-5.368928222656249583e-02,-2.333182807617187215e+00,-2.883881445312500014e-01,9.035139208984374060e-01,-1.372911645507812306e+00,-1.276270937499999869e+00,-5.629704736328124959e-01,4.049705859374999606e-01,-7.946013769531249382e-01,-4.279802783203124350e-01,1.247125327148437490e+00,6.243296533203124277e-01,-7.347761767578124825e-01,1.682775502929687361e+00
6.273976123046874909e-01,4.141744628906249837e-01,-8.206790283203124758e-01,-2.715143701171874868e-01,-5.368928222656249583e-02,-2.327046889648437311e+00,-2.868541650390624698e-01,9.035139208984374060e-01,-1.501765922851562296e+00,-1.259397163085937299e+00,-6.519412841796874414e-01,3.420774267578124417e-01,-7.685237255859374006e-01,-4.279802783203124350e-01,1.371377666015624941e+00,7.608538281249999091e-01,-6.519412841796874414e-01,1.728794887695312310e+00
6.273976123046874909e-01,4.187764013671874674e-01,-7.025626074218749295e-01,-3.942327294921874614e-01,-5.215530273437499198e-02,-2.316309033203124645e+00,-2.929900830078124851e-01,9.035139208984374060e-01,-1.630620200195312286e+00,-1.231785532226562285e+00,-7.010286279296874534e-01,3.175337548828124912e-01,-7.086985253906249449e-01,-4.249123193359374828e-01,1.491028066406249852e+00,8.927760644531249623e-01,-5.660384326171874481e-01,1.822367636718749795e+00
6.273976123046874909e-01,4.433200732421874735e-01,-5.859801660156249703e-01,-5.169510888671874360e-01,-5.062132324218749507e-02,-2.274891586914062458e+00,-3.144657958984374835e-01,8.881741259765624230e-01,-1.753338559570312372e+00,-1.202639921874999906e+00,-6.994946484374999773e-01,3.144657958984374835e-01,-6.135917968749999840e-01,-4.111065039062499760e-01,1.607610507812499812e+00,1.026232280273437381e+00,-4.617278271484374641e-01,1.945085996093749880e+00
6.273976123046874909e-01,4.663297656249999479e-01,-4.724656835937499633e-01,-6.227956738281249516e-01,-5.062132324218749507e-02,-2.256483833007812301e+00,-3.206017138671874989e-01,8.820382080078124076e-01,-1.888328754882812266e+00,-1.191902065429687463e+00,-6.918247509765624859e-01,3.190677343749999673e-01,-5.077472119140624685e-01,-4.095725244140624444e-01,1.725726928710937358e+00,1.147416660156249879e+00,-3.957667089843749375e-01,2.064736396484375014e+00
6.304655712890624430e-01,5.092811914062499445e-01,-3.834948730468749623e-01,-6.872228124999999466e-01,-5.368928222656249583e-02,-2.193590673828124782e+00,-3.451453857421874494e-01,8.068732128906249690e-01,-2.003377216796874638e+00,-1.161222475585937497e+00,-6.856888330078124705e-01,3.236696728515624510e-01,-4.080385449218749683e-01,-3.558832421874999485e-01,1.836173452148437413e+00,1.250193286132812442e+00,-3.236696728515624510e-01,2.178250878906249799e+00
6.519412841796874414e-01,5.675724121093749241e-01,-3.390094677734374895e-01,-7.102325048828124210e-01,-5.675724121093749658e-02,-2.089280068359374631e+00,-4.249123193359374828e-01,6.902907714843748987e-01,-2.119959658203124597e+00,-1.115203090820312326e+00,-6.872228124999999466e-01,3.604851806640624878e-01,-3.006599804687499766e-01,-2.684464111328124791e-01,1.943552016601562293e+00,1.302348588867187296e+00,-2.546405957031249723e-01,2.144503330078124659e+00
7.225043408203124518e-01,6.396694482421874106e-01,-3.282716113281249903e-01,-7.117664843749998971e-01,-5.675724121093749658e-02,-1.977299565429687211e+00,-5.399607812499999104e-01,5.691063916015624002e-01,-2.241144038085937318e+00,-1.029300239257812333e+00,-6.672810791015624243e-01,4.448540527343749496e-01,-1.825435595703124858e-01,-2.009513134765624764e-01,2.058600478515624665e+00,1.319222363281249866e+00,-2.254949853515624825e-01,2.030988847656249874e+00
8.268149462890623802e-01,7.086985253906249449e-01,-3.405434472656249656e-01,-7.086985253906249449e-01,-2.914561035156249674e-02,-1.868387021484374744e+00,-6.703490380859374875e-01,4.433200732421874735e-01,-2.328580869140624898e+00,-9.265236132812498804e-01,-5.967180224609374140e-01,5.537665966796874173e-01,-6.902907714843749265e-02,-2.331648828124999739e-01,2.167513022460937133e+00,1.313086445312499961e+00,-2.086212109374999679e-01,1.908270488281249788e+00
9.341935107421873719e-01,7.455140332031249262e-01,-3.973006884765624691e-01,-6.626791406249998850e-01,2.454367187499999908e-02,-1.759474477539062276e+00,-7.915334179687498750e-01,3.206017138671874989e-01,-2.274891586914062458e+00,-8.620964746093748854e-01,-4.939413964843749616e-01,6.642131201171874721e-01,4.141744628906249281e-02,-3.021939599609374527e-01,2.254949853515624714e+00,1.300814609374999931e+00,-2.040192724609374841e-01,1.787086108398437290e+00
1.041572075195312364e+00,7.577858691406249569e-01,-4.832035400390624624e-01,-5.737083300781249395e-01,1.227183593749999885e-01,-1.649027954101562443e+00,-9.096498388671874213e-01,2.239610058593749786e-01,-2.149105268554687420e+00,-8.344848437499998717e-01,-3.788929345703124785e-01,7.884654589843749228e-01,1.549319287109374998e-01,-3.482133447265624571e-01,2.294833320312499758e+00,1.287008793945312313e+00,-2.224270263671874748e-01,1.665901728515624791e+00
1.150484619140624831e+00,7.577858691406249569e-01,-5.599025146484374327e-01,-4.494559912109374333e-01,2.316309033203124701e-01,-1.529377553710937310e+00,-1.029300239257812333e+00,1.718057031249999866e-01,-2.027920888671874700e+00,-8.329508642578123956e-01,-2.669124316406250030e-01,9.111838183593748974e-01,2.791842675781249783e-01,-3.681550781249999793e-01,2.300969238281249662e+00,1.263999101562499838e+00,-2.592425341796874561e-01,1.540115410156249753e+00
1.244057368164062316e+00,7.593198486328124330e-01,-6.181937353515624123e-01,-3.359415087890624818e-01,3.175337548828124912e-01,-1.408193173828124811e+00,-1.124406967773437405e+00,1.518639697265624922e-01,-1.900600590820312297e+00,-8.344848437499998717e-01,-1.856115185546874935e-01,1.038504116210937411e+00,4.003686474609374768e-01,-3.681550781249999793e-01,2.273357607421874871e+00,1.230251552734374920e+00,-3.144657958984374835e-01,1.414329091796874938e+00
1.293144711914062439e+00,7.593198486328124330e-01,-6.902907714843748987e-01,-2.132231494140624795e-01,3.788929345703124785e-01,-1.287008793945312313e+00,-1.176562270507812480e+00,1.503299902343749883e-01,-1.773280292968749894e+00,-8.406207617187498871e-01,-1.043106054687499840e-01,1.155086557617187371e+00,5.154171093749999599e-01,-3.451453857421874494e-01,2.199726591796874686e+00,1.156620537109374958e+00,-3.865628320312499699e-01,1.293144711914062439e+00
1.302348588867187296e+00,7.547179101562498937e-01,-7.961353564453124143e-01,-9.203876953124999483e-02,4.233783398437499512e-01,-1.167358393554687401e+00,-1.207241860351562446e+00,1.503299902343749883e-01,-1.644426015624999904e+00,-8.820382080078124076e-01,-2.914561035156249674e-02,1.279338896484374821e+00,6.197277148437499994e-01,-2.761163085937499706e-01,2.078542211914062410e+00,1.047707993164062490e+00,-4.663297656249999479e-01,1.167358393554687401e+00
1.302348588867187296e+00,7.194363818359373886e-01,-9.081158593749999453e-01,2.300969238281249871e-02,4.402521142578124658e-01,-1.053843911132812394e+00,-1.256329204101562347e+00,1.503299902343749883e-01,-1.524775615234374770e+00,-9.127177978515623735e-01,1.227183593749999954e-02,1.398989296874999955e+00,6.688150585937499004e-01,-1.902134570312499773e-01,1.965027729492187403e+00,9.295915722656249436e-01,-5.215530273437499753e-01,1.047707993164062490e+00
1.303882568359374883e+00,6.964266894531249141e-01,-1.036970136718749824e+00,1.487960107421874845e-01,4.448540527343749496e-01,-9.311255517578124197e-01,-1.271668999023437330e+00,1.503299902343749883e-01,-1.395921337890624780e+00,-9.142517773437499606e-01,2.454367187499999908e-02,1.526309594726562358e+00,6.887567919921874227e-01,-1.472620312499999806e-01,1.846911308593749856e+00,8.053392333984373819e-01,-5.491646582031249890e-01,9.249896337890624043e-01
1.302348588867187296e+00,6.580772021484374568e-01,-1.155086557617187371e+00,2.761163085937499706e-01,4.525239501953124410e-01,-8.160770898437499365e-01,-1.287008793945312313e+00,1.487960107421874845e-01,-1.268601040039062378e+00,-8.805042285156249315e-01,2.147571289062499833e-02,1.644426015624999904e+00,6.856888330078124705e-01,-1.089125439453124955e-01,1.724192949218749771e+00,6.841548535156248834e-01,-5.982520019531250011e-01,8.697663720703123769e-01
1.299280629882812343e+00,6.197277148437499994e-01,-1.276270937499999869e+00,3.988346679687499452e-01,4.540579296874999726e-01,-7.363101562499999586e-01,-1.299280629882812343e+00,1.487960107421874845e-01,-1.144348701171874927e+00,-8.176110693359374126e-01,3.067958984374999885e-03,1.765610395507812402e+00,6.718830175781249636e-01,-9.050479003906249098e-02,1.610678466796874764e+00,5.660384326171874481e-01,-6.703490380859374875e-01,8.789702490234374554e-01
1.300814609374999931e+00,5.951840429687499379e-01,-1.395921337890624780e+00,5.169510888671874360e-01,4.555919091796874487e-01,-7.455140332031249262e-01,-1.302348588867187296e+00,1.503299902343749883e-01,-1.020096362304687476e+00,-7.562518896484374809e-01,-4.295142578124999666e-02,1.885260795898437314e+00,6.442713867187499499e-01,-9.050479003906249098e-02,1.495630004882812392e+00,4.494559912109374333e-01,-7.485819921874998784e-01,8.636304541015624725e-01
1.317688383789062279e+00,5.706403710937499874e-01,-1.507901840820312422e+00,6.350675097656249823e-01,4.555919091796874487e-01,-8.160770898437499365e-01,-1.302348588867187296e+00,1.503299902343749883e-01,-8.973780029296873906e-01,-7.071645458984374688e-01,-1.181164208984374908e-01,2.001843237304687495e+00,6.227956738281249516e-01,-8.897081054687498713e-02,1.383649501953124972e+00,3.436114062499999733e-01,-8.084071923828124451e-01,8.160770898437499365e-01
1.336096137695312436e+00,5.553005761718750044e-01,-1.630620200195312286e+00,7.562518896484374809e-01,4.540579296874999726e-01,-9.203876953124998650e-01,-1.306950527343749835e+00,1.503299902343749883e-01,-7.715916845703124638e-01,-6.826208740234374073e-01,-2.178250878906249910e-01,2.118425678710937454e+00,5.997859814453124772e-01,-7.056305664062499650e-02,1.268601040039062378e+00,2.791842675781249783e-01,-8.329508642578123956e-01,7.531839306640624176e-01
1.337630117187499801e+00,5.138831298828124838e-01,-1.739532744140624754e+00,8.252809667968749041e-01,4.494559912109374333e-01,-1.033902177734374872e+00,-1.310018486328124787e+00,1.917474365234374811e-01,-6.718830175781249636e-01,-6.688150585937499004e-01,-3.221356933593749750e-01,2.227338222656249922e+00,5.215530273437499753e-01,-9.357274902343748479e-02,1.161222475585937497e+00,2.454367187499999770e-01,-8.329508642578123956e-01,6.918247509765624859e-01
1.306950527343749835e+00,4.233783398437499512e-01,-1.853047226562499761e+00,8.544265771484373939e-01,4.402521142578124658e-01,-1.152018598632812418e+00,-1.310018486328124787e+00,2.745823291015624945e-01,-6.197277148437499994e-01,-6.565432226562499807e-01,-3.942327294921874614e-01,2.314775053710937502e+00,4.141744628906249837e-01,-1.672037646484374751e-01,1.052309931640624807e+00,2.362328417968749816e-01,-8.283489257812499673e-01,6.795529150390624551e-01
1.234853491210937459e+00,3.129318164062499519e-01,-1.974231606445312259e+00,8.620964746093748854e-01,4.264462988281249589e-01,-1.267067060546874790e+00,-1.300814609374999931e+00,3.850288525390624383e-01,-5.951840429687499379e-01,-6.534752636718749175e-01,-4.111065039062499760e-01,2.357726479492187277e+00,3.006599804687499766e-01,-2.577085546874999800e-01,9.372614697265624351e-01,2.377668212890624855e-01,-8.252809667968749041e-01,6.749509765624999158e-01
1.133610844726562483e+00,1.994173339843749726e-01,-2.086212109374999901e+00,8.682323925781249008e-01,4.034366064453124845e-01,-1.391319399414062463e+00,-1.274736958007812282e+00,5.016112939453124531e-01,-5.921160839843749857e-01,-6.519412841796874414e-01,-4.172424218749999358e-01,2.333182807617187215e+00,1.794756005859374781e-01,-3.390094677734374895e-01,8.176110693359374126e-01,2.454367187499999770e-01,-8.130091308593748733e-01,6.749509765624999158e-01
1.015494423828124937e+00,9.970866699218748630e-02,-2.204328530273437448e+00,8.651644335937499486e-01,3.620191601562499639e-01,-1.504833881835937470e+00,-1.227183593749999968e+00,6.151257763671874601e-01,-5.921160839843749857e-01,-6.596111816406249329e-01,-4.049705859374999606e-01,2.256483833007812301e+00,5.982520019531249733e-02,-3.712230371093749870e-01,7.102325048828124210e-01,2.454367187499999770e-01,-7.884654589843749228e-01,6.826208740234374073e-01
9.019799414062499299e-01,2.914561035156249674e-02,-2.317843012695312233e+00,8.605624951171874093e-01,3.083298779296874681e-01,-1.615280405273437303e+00,-1.159688496093749910e+00,7.255722998046874039e-01,-5.921160839843749857e-01,-6.734169970703124397e-01,-3.850288525390624383e-01,2.150639248046875007e+00,-5.982520019531249733e-02,-3.589512011718749562e-01,6.335335302734373952e-01,2.469706982421874808e-01,-7.424460742187499740e-01,7.240383203124999278e-01
7.946013769531249382e-01,-7.669897460937499280e-03,-2.396075966796874734e+00,8.590285156249999332e-01,2.439027392578124731e-01,-1.737998764648437389e+00,-1.076853603515624869e+00,8.206790283203124758e-01,-5.890481249999999225e-01,-6.810868945312499312e-01,-3.543492626953124724e-01,2.026386909179687112e+00,-1.779416210937499743e-01,-3.252036523437499826e-01,5.921160839843749857e-01,2.485046777343749846e-01,-6.872228124999999466e-01,7.777276025390624792e-01
7.209703613281249757e-01,-1.687377441406249720e-02,-2.435959433593749779e+00,8.605624951171874093e-01,2.101551904296874718e-01,-1.866853041992187379e+00,-1.020096362304687476e+00,8.759022900390623922e-01,-5.905821044921873986e-01,-6.856888330078124705e-01,-3.405434472656249656e-01,1.900600590820312297e+00,-3.067958984374999920e-01,-3.129318164062499519e-01,5.783102685546874788e-01,2.469706982421874808e-01,-6.565432226562499807e-01,8.068732128906249690e-01
6.764849560546873919e-01,-1.994173339843749795e-02,-2.428289536132812287e+00,8.620964746093748854e-01,1.764076416015624704e-01,-1.955823852539062324e+00,-9.587371826171874334e-01,9.019799414062499299e-01,-5.875141455078124464e-01,-6.902907714843748987e-01,-3.175337548828124912e-01,1.776348251953124846e+00,-4.310482373046874427e-01,-2.853201855468749937e-01,5.691063916015624002e-01,2.500386572265624885e-01,-6.289315917968749670e-01,8.620964746093748854e-01
6.504073046874999653e-01,-2.300969238281249871e-02,-2.397609946289062322e+00,8.697663720703123769e-01,1.457280517578124768e-01,-2.034056806640624604e+00,-8.866401464843749469e-01,9.065818798828124692e-01,-5.890481249999999225e-01,-6.964266894531249141e-01,-2.853201855468749937e-01,1.658231831054687300e+00,-5.430287402343749736e-01,-2.485046777343749846e-01,5.614364941406249088e-01,2.485046777343749846e-01,-6.319995507812499191e-01,9.249896337890624043e-01
6.427374072265624738e-01,-2.761163085937499637e-02,-2.337784746093749977e+00,8.697663720703123769e-01,1.380581542968749853e-01,-2.103085883789062471e+00,-7.915334179687498750e-01,9.081158593749999453e-01,-5.890481249999999225e-01,-7.209703613281249757e-01,-2.592425341796874561e-01,1.538581430664062388e+00,-6.550092431640623936e-01,-2.270289648437499863e-01,5.614364941406249088e-01,2.485046777343749846e-01,-6.718830175781249636e-01,9.786789160156249556e-01
6.258636328124999038e-01,-3.067958984374999712e-02,-2.253415874023437127e+00,8.666984130859374247e-01,1.089125439453124955e-01,-2.170580981445312307e+00,-6.795529150390624551e-01,9.065818798828124692e-01,-5.921160839843749857e-01,-7.731256640624999399e-01,-2.346988623046874778e-01,1.421998989257812429e+00,-7.317082177734374193e-01,-2.224270263671874748e-01,5.675724121093749241e-01,2.485046777343749846e-01,-7.439800537109374501e-01,1.044640034179687316e+00
6.166597558593749362e-01,-3.067958984374999712e-02,-2.142969350585937516e+00,8.206790283203124758e-01,1.104465234374999855e-01,-2.236542099609375001e+00,-5.629704736328124959e-01,8.881741259765624230e-01,-6.243296533203124277e-01,-8.636304541015624725e-01,-1.932814160156249850e-01,1.302348588867187296e+00,-7.992033154296874775e-01,-2.285629443359374902e-01,5.921160839843749857e-01,2.515726367187499646e-01,-8.191450488281248887e-01,1.129008906249999944e+00
6.166597558593749362e-01,-2.147571289062499833e-02,-2.030988847656249874e+00,7.271062792968748800e-01,1.104465234374999855e-01,-2.279493525390624775e+00,-4.494559912109374333e-01,8.820382080078124076e-01,-7.102325048828124210e-01,-9.740769775390624163e-01,-1.334562158203125015e-01,1.190368085937499876e+00,-8.329508642578123956e-01,-2.515726367187499646e-01,6.749509765624999158e-01,2.653784521484374714e-01,-8.620964746093748854e-01,1.184232167968749971e+00
6.166597558593749362e-01,3.067958984374999885e-03,-1.917474365234374867e+00,6.105238378906249208e-01,8.897081054687498713e-02,-2.304037197265624837e+00,-3.512813037109374648e-01,8.851061669921874708e-01,-8.176110693359374126e-01,-1.086057480468749947e+00,-1.211843798828124846e-01,1.076853603515624869e+00,-8.160770898437499365e-01,-2.883881445312500014e-01,7.823295410156249075e-01,2.745823291015624945e-01,-8.851061669921874708e-01,1.248659306640624855e+00
6.135917968749999840e-01,6.596111816406249884e-02,-1.803959882812499860e+00,4.893394580078124778e-01,6.289315917968749114e-02,-2.317843012695312233e+00,-2.991260009765625005e-01,8.897081054687498991e-01,-9.341935107421873719e-01,-1.194970024414062415e+00,-1.441940722656250007e-01,9.618051416015623856e-01,-7.884654589843749228e-01,-3.390094677734374895e-01,8.958440234374999145e-01,2.914561035156249535e-01,-8.912420849609373752e-01,1.343766035156249927e+00
6.166597558593749362e-01,1.549319287109374998e-01,-1.688911420898437266e+00,3.727570166015624631e-01,3.988346679687499591e-02,-2.317843012695312233e+00,-2.776502880859375022e-01,8.973780029296873906e-01,-1.064581767578124838e+00,-1.280872875976562408e+00,-1.978833544921874688e-01,8.482906591796873785e-01,-7.685237255859374006e-01,-3.773589550781249469e-01,1.012426464843749985e+00,3.328735498046874741e-01,-8.866401464843749469e-01,1.458814497070312299e+00
6.166597558593749362e-01,2.561745751953125039e-01,-1.573862958984374893e+00,2.531066162109374962e-01,-1.533979492187499943e-03,-2.320910971679687407e+00,-2.776502880859375022e-01,9.004459619140624538e-01,-1.191902065429687463e+00,-1.314620424804687326e+00,-2.684464111328124791e-01,7.332421972656248954e-01,-7.531839306640624176e-01,-4.019026269531249529e-01,1.130542885742187309e+00,4.111065039062499760e-01,-8.651644335937499486e-01,1.576930917968749846e+00
6.166597558593749362e-01,3.589512011718749562e-01,-1.457280517578124934e+00,1.319222363281249977e-01,-3.374754882812499440e-02,-2.323978930664062137e+00,-2.975920214843749689e-01,9.004459619140624538e-01,-1.317688383789062279e+00,-1.314620424804687326e+00,-3.574172216796874801e-01,6.197277148437499994e-01,-7.485819921874998784e-01,-4.065045654296874367e-01,1.248659306640624855e+00,5.184850683593749121e-01,-7.992033154296874775e-01,1.698115297851562344e+00
6.166597558593749362e-01,4.479220117187499572e-01,-1.329960219726562309e+00,3.067958984374999885e-03,-4.141744628906249281e-02,-2.323978930664062137e+00,-3.067958984374999920e-01,9.004459619140624538e-01,-1.451144599609374808e+00,-1.311552465820312374e+00,-4.310482373046874427e-01,4.985433349609374454e-01,-7.470480126953124023e-01,-4.080385449218749683e-01,1.380581542968749797e+00,6.412034277343749977e-01,-7.531839306640624176e-01,1.819299677734374843e+00
6.181937353515624123e-01,5.108151708984374206e-01,-1.208775839843749811e+00,-1.273202978515624861e-01,-4.448540527343749357e-02,-2.322444951171874994e+00,-3.113978369140624758e-01,9.019799414062499299e-01,-1.584600815429687337e+00,-1.306950527343749835e+00,-5.031452734374999292e-01,3.957667089843749375e-01,-7.439800537109374501e-01,-4.065045654296874367e-01,1.504833881835937470e+00,7.654557666015624484e-01,-6.749509765624999158e-01,1.914406406249999915e+00
6.227956738281249516e-01,5.445627197265624497e-01,-1.081455541992187408e+00,-2.531066162109374962e-01,-4.755336425781249432e-02,-2.319376992187499820e+00,-3.175337548828124912e-01,9.019799414062499299e-01,-1.718057031249999866e+00,-1.285474814453124948e+00,-5.737083300781249395e-01,3.390094677734374895e-01,-7.148344433593749603e-01,-4.065045654296874367e-01,1.629086220703124921e+00,8.973780029296873906e-01,-5.829122070312499071e-01,1.998775278320312321e+00
6.227956738281249516e-01,5.553005761718750044e-01,-9.633391210937498617e-01,-3.804269140624999546e-01,-4.448540527343749357e-02,-2.311707094726562328e+00,-3.190677343749999673e-01,9.019799414062499299e-01,-1.849979267578124809e+00,-1.263999101562499838e+00,-6.151257763671874601e-01,3.175337548828124912e-01,-6.580772021484374568e-01,-4.065045654296874367e-01,1.750270600585937419e+00,1.026232280273437381e+00,-4.924074169921874300e-01,2.090814047851562218e+00
6.212616943359374755e-01,5.629704736328124959e-01,-8.436887207031249503e-01,-5.092811914062499445e-01,-4.295142578124999666e-02,-2.300969238281249662e+00,-3.236696728515624510e-01,8.989119824218748667e-01,-1.978833544921874799e+00,-1.253261245117187395e+00,-6.381354687499999345e-01,3.159997753906249596e-01,-5.767762890625000027e-01,-4.065045654296874367e-01,1.840775390624999730e+00,1.144348701171874927e+00,-4.187764013671874674e-01,2.188988735351562465e+00
6.258636328124999038e-01,5.859801660156249703e-01,-7.286402587890624671e-01,-6.151257763671874601e-01,-4.448540527343749357e-02,-2.268755668945312109e+00,-3.589512011718749562e-01,8.697663720703123769e-01,-2.090814047851562218e+00,-1.233319511718749872e+00,-6.565432226562499807e-01,3.144657958984374835e-01,-4.801355810546874547e-01,-3.988346679687499452e-01,1.920542324218749819e+00,1.240989409179687364e+00,-3.436114062499999733e-01,2.270289648437499697e+00
6.565432226562499807e-01,6.074558789062499686e-01,-6.212616943359374755e-01,-6.810868945312499312e-01,-5.062132324218749507e-02,-2.210464448242187352e+00,-4.295142578124999666e-01,7.961353564453124143e-01,-2.207396489257812178e+00,-1.214911757812499937e+00,-6.688150585937499004e-01,3.374754882812499579e-01,-3.681550781249999793e-01,-3.528152832031249408e-01,2.011047114257812130e+00,1.291610732421874852e+00,-2.684464111328124791e-01,2.215066386718749669e+00
7.378441357421874347e-01,6.458053662109374260e-01,-5.200190478515624992e-01,-7.071645458984374688e-01,-5.062132324218749507e-02,-2.101551904296874884e+00,-5.445627197265624497e-01,6.795529150390624551e-01,-2.319376992187499820e+00,-1.170426352539062353e+00,-6.442713867187499499e-01,4.172424218749999358e-01,-2.577085546874999800e-01,-2.469706982421874808e-01,2.110755781249999963e+00,1.311552465820312374e+00,-2.239610058593749786e-01,2.121493637695312184e+00
8.421547412109374742e-01,7.133004638671874842e-01,-4.310482373046874427e-01,-7.194363818359373886e-01,-3.067958984374999712e-02,-1.994173339843749782e+00,-6.703490380859374875e-01,5.537665966796874173e-01,-2.425221577148437113e+00,-1.113669111328124961e+00,-5.875141455078124464e-01,5.215530273437499753e-01,-1.457280517578124768e-01,-2.162911083984374871e-01,2.202794550781249860e+00,1.308484506835937422e+00,-2.009513134765624764e-01,2.060134458007812253e+00
9.449313671874999265e-01,7.593198486328124330e-01,-3.942327294921874614e-01,-7.148344433593749603e-01,9.203876953124998789e-03,-1.885260795898437314e+00,-7.823295410156249075e-01,4.295142578124999666e-01,-2.449765249023437175e+00,-1.075319624023437504e+00,-4.924074169921874300e-01,6.304655712890624430e-01,-3.374754882812499440e-02,-2.362328417968749816e-01,2.271823627929687284e+00,1.303882568359374883e+00,-1.718057031249999866e-01,2.012581093749999717e+00
1.047707993164062490e+00,7.777276025390624792e-01,-4.019026269531249529e-01,-6.948927099609374380e-01,6.749509765624998880e-02,-1.785552128906249925e+00,-9.004459619140624538e-01,3.175337548828124912e-01,-2.394541987304687147e+00,-1.056911870117187346e+00,-3.942327294921874614e-01,7.455140332031249262e-01,7.516499511718749416e-02,-2.776502880859375022e-01,2.307105156250000011e+00,1.291610732421874852e+00,-1.672037646484374751e-01,1.948153955078124833e+00
1.145882680664062292e+00,7.807955615234374314e-01,-4.417860937499999419e-01,-6.504073046874999653e-01,1.303882568359374938e-01,-1.691979379882812440e+00,-1.004756567382812493e+00,2.316309033203124701e-01,-2.304037197265624837e+00,-1.052309931640624807e+00,-2.945240624999999612e-01,8.605624951171874093e-01,1.825435595703124858e-01,-3.144657958984374835e-01,2.319376992187499820e+00,1.268601040039062378e+00,-1.687377441406249790e-01,1.874522939453124870e+00
1.222581655273437429e+00,7.792615820312499553e-01,-4.878054785156249462e-01,-5.721743505859374634e-01,2.086212109374999679e-01,-1.578464897460937433e+00,-1.095261357421874804e+00,1.856115185546874935e-01,-2.211998427734374939e+00,-1.043106054687499951e+00,-2.193590673828124671e-01,9.694750390624998770e-01,2.914561035156249535e-01,-3.482133447265624571e-01,2.314775053710937502e+00,1.237921450195312412e+00,-2.024852929687499803e-01,1.768678354492187355e+00
1.259397163085937299e+00,7.807955615234374314e-01,-5.000773144531249770e-01,-5.077472119140624685e-01,2.761163085937499706e-01,-1.460348476562499886e+00,-1.171960332031249941e+00,1.518639697265624922e-01,-2.119959658203124597e+00,-1.027766259765624968e+00,-1.825435595703124858e-01,1.098329316406249978e+00,4.111065039062499760e-01,-3.666210986328124477e-01,2.314775053710937502e+00,1.224115634765624794e+00,-2.531066162109374962e-01,1.636756118164062412e+00
1.256329204101562347e+00,7.807955615234374314e-01,-5.169510888671874360e-01,-4.325822167968749743e-01,3.436114062499999733e-01,-1.351435932617187419e+00,-1.184232167968749971e+00,1.349901953124999776e-01,-2.026386909179687112e+00,-1.007824526367187445e+00,-1.334562158203125015e-01,1.207241860351562446e+00,5.215530273437499753e-01,-3.742909960937499392e-01,2.256483833007812301e+00,1.164290434570312449e+00,-3.344075292968749502e-01,1.521707656249999818e+00
1.240989409179687364e+00,7.807955615234374314e-01,-5.905821044921873986e-01,-3.206017138671874989e-01,4.111065039062499760e-01,-1.237921450195312412e+00,-1.141280742187499975e+00,1.426600927734374968e-01,-1.908270488281249788e+00,-9.894167724609373993e-01,-9.203876953124999483e-02,1.302348588867187296e+00,6.105238378906249208e-01,-3.742909960937499392e-01,2.155241186523437324e+00,1.066115747070312425e+00,-4.402521142578124658e-01,1.406659194335937446e+00
1.222581655273437429e+00,7.761936230468748921e-01,-7.010286279296874534e-01,-2.070872314453124918e-01,4.540579296874999726e-01,-1.119805029296874865e+00,-1.165824414062499814e+00,1.533979492187499960e-01,-1.782484169921874750e+00,-9.878827929687499232e-01,-9.203876953124999483e-02,1.394387358398437415e+00,6.703490380859374875e-01,-3.420774267578124417e-01,2.043260683593749683e+00,9.495333056640624658e-01,-5.522326171874999412e-01,1.282406855468749995e+00
1.242523388671874951e+00,7.761936230468748921e-01,-8.022712744140624297e-01,-8.436887207031248948e-02,4.555919091796874487e-01,-1.010892485351562398e+00,-1.152018598632812418e+00,1.825435595703124858e-01,-1.681241523437499774e+00,-1.024698300781250015e+00,-8.590285156249999332e-02,1.484892148437499948e+00,6.856888330078124705e-01,-2.669124316406250030e-01,1.931280180664062263e+00,8.544265771484373939e-01,-5.675724121093749241e-01,1.170426352539062353e+00
1.256329204101562347e+00,7.746596435546874160e-01,-9.050479003906248820e-01,1.994173339843749795e-02,4.525239501953124410e-01,-9.157857568359374367e-01,-1.211843798828124985e+00,1.994173339843749726e-01,-1.599940610351562320e+00,-1.030834218749999920e+00,-9.357274902343748479e-02,1.579998876953124798e+00,6.611451611328124089e-01,-1.626018261718749913e-01,1.830037534179687286e+00,7.516499511718749416e-01,-6.304655712890624430e-01,1.075319624023437504e+00
1.287008793945312313e+00,7.608538281249999091e-01,-1.020096362304687476e+00,1.303882568359374938e-01,4.463880322265624812e-01,-8.406207617187498871e-01,-1.256329204101562347e+00,1.994173339843749726e-01,-1.478756230468749822e+00,-9.970866699218748908e-01,-1.150484619140624831e-01,1.676639584960937457e+00,6.273976123046874909e-01,-7.516499511718749416e-02,1.716523051757812279e+00,6.381354687499999345e-01,-6.243296533203124277e-01,9.648731005859374488e-01
1.323824301757812405e+00,7.455140332031249262e-01,-1.136678803710937435e+00,2.485046777343749846e-01,4.402521142578124658e-01,-8.053392333984373819e-01,-1.279338896484374821e+00,2.024852929687499803e-01,-1.362173789062499862e+00,-9.203876953124998650e-01,-1.380581542968749853e-01,1.791688046874999829e+00,6.074558789062499686e-01,-9.203876953124998789e-03,1.606076528320312446e+00,5.169510888671874360e-01,-6.458053662109374260e-01,8.559605566406248700e-01
1.348367973632812467e+00,7.317082177734374193e-01,-1.248659306640624855e+00,3.650871191406249716e-01,4.249123193359374828e-01,-8.222130078124999519e-01,-1.291610732421874852e+00,2.132231494140624795e-01,-1.236387470703124825e+00,-8.498246386718749656e-01,-1.733396826171874905e-01,1.915940385742187280e+00,5.875141455078124464e-01,2.300969238281249871e-02,1.497163984374999757e+00,3.957667089843749375e-01,-6.519412841796874414e-01,7.777276025390624792e-01
1.368309707031249767e+00,6.979606689453123902e-01,-1.354503891601562371e+00,4.832035400390624624e-01,4.356501757812499820e-01,-8.774362695312498683e-01,-1.308484506835937422e+00,1.718057031249999866e-01,-1.109067172851562422e+00,-7.777276025390624792e-01,-2.101551904296874718e-01,2.006445175781249812e+00,6.105238378906249208e-01,4.601938476562499394e-03,1.434270825195312460e+00,3.021939599609374527e-01,-7.102325048828124210e-01,7.010286279296874534e-01
1.379047563476562432e+00,6.227956738281249516e-01,-1.460348476562499886e+00,5.737083300781249395e-01,4.049705859374999606e-01,-9.249896337890624043e-01,-1.306950527343749835e+00,2.239610058593749786e-01,-1.003222587890624906e+00,-7.378441357421874347e-01,-2.945240624999999612e-01,2.110755781249999963e+00,5.890481249999999225e-01,-1.227183593749999954e-02,1.408193173828124811e+00,2.546405957031249723e-01,-6.642131201171874721e-01,7.056305664062498817e-01
1.382115522460937385e+00,5.292229248046874668e-01,-1.561591123046874863e+00,6.749509765624999158e-01,3.773589550781249469e-01,-1.010892485351562398e+00,-1.308484506835937422e+00,3.067958984374999920e-01,-8.958440234374999145e-01,-7.209703613281249757e-01,-3.696890576171874554e-01,2.211998427734374939e+00,5.338248632812500061e-01,0.000000000000000000e+00,1.329960219726562309e+00,2.377668212890624855e-01,-5.721743505859374634e-01,7.409120947265623869e-01
1.379047563476562432e+00,4.080385449218749683e-01,-1.678173564453124822e+00,7.777276025390624792e-01,3.543492626953124724e-01,-1.107533193359374835e+00,-1.306950527343749835e+00,3.911647705078124537e-01,-7.685237255859374006e-01,-7.133004638671874842e-01,-4.417860937499999419e-01,2.294833320312499758e+00,4.908734374999999539e-01,7.669897460937499280e-03,1.213377778320312350e+00,2.393008007812499893e-01,-4.709317041015624317e-01,7.562518896484374809e-01
1.362173789062499862e+00,3.589512011718749562e-01,-1.797823964843749733e+00,8.513586181640624417e-01,3.574172216796874801e-01,-1.201105942382812319e+00,-1.310018486328124787e+00,3.558832421874999485e-01,-6.642131201171874721e-01,-7.056305664062498817e-01,-5.123491503906250077e-01,2.354658520507812103e+00,4.126404833984374521e-01,-2.454367187499999908e-02,1.099863295898437343e+00,2.439027392578124731e-01,-4.908734374999999539e-01,7.025626074218749295e-01
1.299280629882812343e+00,3.113978369140624758e-01,-1.900600590820312297e+00,8.774362695312498683e-01,3.758249755859374708e-01,-1.300814609374999931e+00,-1.311552465820312374e+00,3.942327294921874614e-01,-6.089898583984374447e-01,-6.826208740234374073e-01,-5.077472119140624685e-01,2.374600253906249847e+00,3.113978369140624758e-01,-1.135144824218749932e-01,9.970866699218748908e-01,2.454367187499999770e-01,-5.829122070312499071e-01,6.749509765624999158e-01
1.208775839843749811e+00,2.300969238281249662e-01,-2.006445175781249812e+00,8.805042285156249315e-01,3.850288525390624383e-01,-1.418931030273437477e+00,-1.303882568359374883e+00,4.724656835937499633e-01,-5.951840429687499379e-01,-6.718830175781249636e-01,-4.509899707031249649e-01,2.350056582031249786e+00,2.009513134765624764e-01,-2.101551904296874718e-01,8.912420849609373752e-01,2.439027392578124731e-01,-6.688150585937499004e-01,6.795529150390624551e-01
1.105999213867187470e+00,1.718057031249999866e-01,-2.095415986328124980e+00,8.206790283203124758e-01,3.681550781249999793e-01,-1.504833881835937470e+00,-1.259397163085937299e+00,5.752423095703124156e-01,-5.890481249999999225e-01,-6.734169970703124397e-01,-3.528152832031249408e-01,2.282561484374999949e+00,9.510672851562498864e-02,-2.178250878906249910e-01,7.777276025390624792e-01,2.485046777343749846e-01,-6.427374072265624738e-01,7.485819921874998784e-01
1.013960444335937350e+00,1.702717236328124828e-01,-2.181318837890624973e+00,8.237469873046874280e-01,3.420774267578124417e-01,-1.612212446289062351e+00,-1.240989409179687364e+00,6.626791406249998850e-01,-5.936500634765624618e-01,-6.749509765624999158e-01,-3.037279394531249843e-01,2.211998427734374939e+00,-6.135917968749999771e-03,-2.270289648437499863e-01,6.948927099609374380e-01,2.439027392578124731e-01,-6.703490380859374875e-01,7.347761767578124825e-01
9.142517773437499606e-01,1.211843798828124846e-01,-2.273357607421874871e+00,8.452227001953124264e-01,3.021939599609374527e-01,-1.678173564453124822e+00,-1.185766147460937336e+00,7.608538281249999091e-01,-5.890481249999999225e-01,-6.642131201171874721e-01,-2.684464111328124791e-01,2.129163535156249676e+00,-1.165824414062499870e-01,-2.638444726562499953e-01,6.258636328124999038e-01,2.500386572265624885e-01,-6.396694482421874106e-01,7.516499511718749416e-01
8.114751513671873973e-01,5.982520019531249733e-02,-2.313241074218749915e+00,8.682323925781249008e-01,2.638444726562499953e-01,-1.768678354492187355e+00,-1.104465234374999882e+00,8.252809667968749041e-01,-5.936500634765624618e-01,-6.657470996093749482e-01,-2.439027392578124731e-01,2.038658745117187365e+00,-2.254949853515624825e-01,-2.960580419921874928e-01,5.890481249999999225e-01,2.561745751953125039e-01,-6.458053662109374260e-01,7.838635205078123835e-01
7.117664843749998971e-01,1.687377441406249720e-02,-2.302503217773437250e+00,8.743683105468749162e-01,2.346988623046874778e-01,-1.865319062499999792e+00,-1.007824526367187445e+00,8.528925976562499178e-01,-5.890481249999999225e-01,-6.657470996093749482e-01,-2.408347802734374654e-01,1.951221914062499785e+00,-3.359415087890624818e-01,-3.113978369140624758e-01,5.721743505859374634e-01,2.592425341796874561e-01,-6.473393457031249021e-01,8.360188232421874588e-01
6.534752636718749175e-01,-1.533979492187499943e-03,-2.259551791992187475e+00,8.774362695312498683e-01,2.086212109374999679e-01,-1.935882119140624802e+00,-9.142517773437499606e-01,8.759022900390623922e-01,-5.905821044921873986e-01,-6.902907714843748987e-01,-2.285629443359374902e-01,1.859183144531249887e+00,-4.463880322265624812e-01,-3.037279394531249843e-01,5.568345556640624805e-01,2.592425341796874561e-01,-6.672810791015624243e-01,9.127177978515623735e-01
6.181937353515624123e-01,-1.227183593749999954e-02,-2.193590673828124782e+00,8.743683105468749162e-01,1.902134570312499773e-01,-2.027920888671874700e+00,-8.176110693359374126e-01,8.605624951171874093e-01,-5.921160839843749857e-01,-6.948927099609374380e-01,-2.331648828124999739e-01,1.762542436523437450e+00,-5.537665966796874173e-01,-3.344075292968749502e-01,5.599025146484374327e-01,2.592425341796874561e-01,-7.470480126953124023e-01,1.000154628906249954e+00
6.197277148437499994e-01,-2.914561035156249674e-02,-2.121493637695312184e+00,8.651644335937499486e-01,2.055532519531249880e-01,-2.133765473632812437e+00,-7.071645458984374688e-01,8.314168847656249195e-01,-5.936500634765624618e-01,-7.056305664062498817e-01,-2.868541650390624698e-01,1.658231831054687300e+00,-6.197277148437499994e-01,-3.390094677734374895e-01,5.583685351562499566e-01,2.577085546874999800e-01,-8.298829052734374434e-01,1.078387583007812456e+00
6.212616943359374755e-01,-3.221356933593749750e-02,-2.136833432617187167e+00,8.206790283203124758e-01,1.978833544921874688e-01,-2.204328530273437448e+00,-5.967180224609374140e-01,8.651644335937499486e-01,-5.967180224609374140e-01,-7.623878076171873852e-01,-2.929900830078124851e-01,1.544717348632812293e+00,-6.734169970703124397e-01,-2.822522265624999860e-01,5.629704736328124959e-01,2.546405957031249723e-01,-8.406207617187498871e-01,1.168892373046874988e+00
6.304655712890624430e-01,-2.761163085937499637e-02,-2.103085883789062471e+00,7.976693359374998904e-01,1.718057031249999866e-01,-2.251881894531249984e+00,-5.062132324218749924e-01,8.866401464843749469e-01,-5.951840429687499379e-01,-8.590285156249999332e-01,-2.960580419921874928e-01,1.434270825195312460e+00,-6.979606689453123902e-01,-2.055532519531249880e-01,5.629704736328124959e-01,2.500386572265624885e-01,-8.513586181640624417e-01,1.270135019531249965e+00
6.258636328124999038e-01,-2.914561035156249674e-02,-2.030988847656249874e+00,7.547179101562498937e-01,1.626018261718749913e-01,-2.287163422851562267e+00,-4.279802783203124350e-01,8.912420849609373752e-01,-6.166597558593749362e-01,-9.633391210937498617e-01,-2.991260009765625005e-01,1.317688383789062279e+00,-7.347761767578124825e-01,-1.840775390624999897e-01,5.721743505859374634e-01,2.454367187499999770e-01,-8.851061669921874708e-01,1.276270937499999869e+00
6.227956738281249516e-01,-3.067958984374999712e-02,-1.980367524414062386e+00,6.734169970703124397e-01,1.656697851562499713e-01,-2.304037197265624837e+00,-3.604851806640624878e-01,8.881741259765624230e-01,-6.611451611328124089e-01,-1.064581767578124838e+00,-3.037279394531249843e-01,1.213377778320312350e+00,-7.685237255859374006e-01,-1.871454980468749696e-01,6.043879199218749054e-01,2.454367187499999770e-01,-9.004459619140624538e-01,1.207241860351562446e+00
6.258636328124999038e-01,-2.914561035156249674e-02,-1.915940385742187280e+00,5.660384326171874481e-01,1.595338671874999836e-01,-2.322444951171874994e+00,-3.175337548828124912e-01,8.436887207031249503e-01,-7.455140332031249262e-01,-1.115203090820312326e+00,-3.252036523437499826e-01,1.112135131835937374e+00,-7.777276025390624792e-01,-2.178250878906249910e-01,6.826208740234374073e-01,2.761163085937499706e-01,-9.096498388671874213e-01,1.109067172851562422e+00
6.181937353515624123e-01,-1.073785644531249917e-02,-1.814697739257812303e+00,4.601938476562499325e-01,1.073785644531249917e-01,-2.333182807617187215e+00,-2.929900830078124851e-01,8.544265771484373939e-01,-8.651644335937499486e-01,-1.110601152343750009e+00,-3.911647705078124537e-01,1.006290546874999858e+00,-7.439800537109374501e-01,-2.899221240234374775e-01,7.823295410156249075e-01,3.144657958984374835e-01,-9.203876953124998650e-01,1.130542885742187309e+00
6.212616943359374755e-01,5.829122070312499349e-02,-1.711921113281249740e+00,3.497473242187499887e-01,4.908734374999999817e-02,-2.333182807617187215e+00,-3.083298779296874681e-01,8.636304541015624725e-01,-9.802128955078124317e-01,-1.059979829101562299e+00,-4.724656835937499633e-01,9.050479003906248820e-01,-6.795529150390624551e-01,-3.650871191406249716e-01,8.820382080078124076e-01,3.834948730468749623e-01,-9.111838183593748974e-01,1.230251552734374920e+00
6.197277148437499994e-01,1.411261132812499930e-01,-1.612212446289062351e+00,2.408347802734374654e-01,4.448540527343749357e-02,-2.330114848632812485e+00,-3.390094677734374895e-01,8.636304541015624725e-01,-1.101397275390624930e+00,-1.029300239257812333e+00,-5.614364941406249088e-01,7.992033154296874775e-01,-6.304655712890624430e-01,-4.249123193359374828e-01,9.940187109374999386e-01,4.617278271484374641e-01,-9.019799414062499299e-01,1.316154404296874914e+00
6.166597558593749362e-01,2.270289648437499863e-01,-1.507901840820312422e+00,1.334562158203125015e-01,5.062132324218749507e-02,-2.328580869140624898e+00,-3.558832421874999485e-01,8.651644335937499486e-01,-1.219513696289062477e+00,-1.017028403320312302e+00,-6.105238378906249208e-01,6.887567919921874227e-01,-5.936500634765624618e-01,-4.463880322265624812e-01,1.095261357421874804e+00,5.261549658203124036e-01,-9.004459619140624538e-01,1.388251440429687289e+00
6.151257763671874601e-01,3.052619189453124604e-01,-1.400523276367187320e+00,3.067958984374999712e-02,4.908734374999999817e-02,-2.322444951171874994e+00,-3.758249755859374708e-01,8.697663720703123769e-01,-1.331494199218749896e+00,-9.986206494140623668e-01,-6.304655712890624430e-01,5.875141455078124464e-01,-5.599025146484374327e-01,-4.555919091796874487e-01,1.199571962890624954e+00,5.921160839843749857e-01,-9.004459619140624538e-01,1.455746538085937347e+00
6.166597558593749362e-01,3.405434472656249656e-01,-1.287008793945312313e+00,-7.209703613281250034e-02,4.908734374999999817e-02,-2.305571176757812424e+00,-3.850288525390624383e-01,8.713003515624999640e-01,-1.445008681640624904e+00,-9.756109570312498924e-01,-6.319995507812499191e-01,4.786016015624999786e-01,-5.292229248046874668e-01,-4.586598681640624564e-01,1.310018486328124787e+00,6.734169970703124397e-01,-8.835721874999998837e-01,1.526309594726562358e+00
6.135917968749999840e-01,3.773589550781249469e-01,-1.188834106445312289e+00,-1.718057031249999866e-01,8.283489257812498563e-02,-2.261085771484374618e+00,-4.095725244140624444e-01,8.866401464843749469e-01,-1.556989184570312323e+00,-9.679410595703124010e-01,-5.951840429687499379e-01,3.926987499999999853e-01,-5.460966992187499258e-01,-4.463880322265624812e-01,1.371377666015624941e+00,7.577858691406249569e-01,-8.498246386718749656e-01,1.593804692382812416e+00
6.197277148437499994e-01,3.788929345703124785e-01,-1.084523500976562360e+00,-2.653784521484374714e-01,1.273202978515624861e-01,-2.181318837890624973e+00,-3.834948730468749623e-01,8.958440234374999145e-01,-1.672037646484374918e+00,-9.740769775390624163e-01,-5.031452734374999292e-01,3.436114062499999733e-01,-5.322908837890624190e-01,-4.310482373046874427e-01,1.385183481445312337e+00,8.452227001953124264e-01,-8.130091308593748733e-01,1.658231831054687300e+00
6.105238378906249208e-01,3.374754882812499579e-01,-9.878827929687499232e-01,-3.528152832031249408e-01,1.334562158203125015e-01,-2.181318837890624973e+00,-3.620191601562499639e-01,8.743683105468749162e-01,-1.779416210937499798e+00,-9.924847314453124625e-01,-4.832035400390624624e-01,3.359415087890624818e-01,-5.568345556640624805e-01,-4.310482373046874427e-01,1.463416435546874839e+00,9.387954492187499111e-01,-8.452227001953124264e-01,1.727260908203124945e+00
6.135917968749999840e-01,3.190677343749999673e-01,-8.835721874999998837e-01,-4.448540527343749496e-01,1.487960107421874845e-01,-2.175182919921874625e+00,-3.604851806640624878e-01,8.759022900390623922e-01,-1.866853041992187379e+00,-1.012426464843749985e+00,-4.433200732421874735e-01,3.374754882812499579e-01,-5.062132324218749924e-01,-4.325822167968749743e-01,1.504833881835937470e+00,1.032368198242187507e+00,-8.114751513671873973e-01,1.811629780273437351e+00
6.212616943359374755e-01,3.144657958984374835e-01,-7.915334179687498750e-01,-5.292229248046874668e-01,1.564659082031249759e-01,-2.104619863281249614e+00,-3.758249755859374708e-01,8.130091308593748733e-01,-1.894464672851562392e+00,-1.023164321289062428e+00,-3.666210986328124477e-01,3.451453857421874494e-01,-4.111065039062499760e-01,-4.279802783203124350e-01,1.556989184570312323e+00,1.113669111328124961e+00,-7.685237255859374006e-01,1.876056918945312235e+00
6.166597558593749362e-01,3.098638574218749997e-01,-6.964266894531249141e-01,-5.921160839843749857e-01,1.533979492187499960e-01,-2.066270375976562157e+00,-4.402521142578124658e-01,7.209703613281249757e-01,-1.957357832031249911e+00,-1.030834218749999920e+00,-2.776502880859375022e-01,4.126404833984374521e-01,-3.098638574218749997e-01,-4.187764013671874674e-01,1.655163872070312348e+00,1.185766147460937336e+00,-7.347761767578124825e-01,1.937416098632812389e+00
6.366014892578124584e-01,3.037279394531249843e-01,-6.013199609374999532e-01,-6.304655712890624430e-01,1.150484619140624831e-01,-2.058600478515624665e+00,-5.353588427734374822e-01,6.319995507812499191e-01,-2.035590786132812191e+00,-1.030834218749999920e+00,-2.009513134765624764e-01,5.046792529296874052e-01,-2.101551904296874718e-01,-3.742909960937499392e-01,1.745668662109374880e+00,1.228717573242187333e+00,-6.872228124999999466e-01,1.937416098632812389e+00
7.102325048828124210e-01,3.052619189453124604e-01,-5.077472119140624685e-01,-6.657470996093749482e-01,9.510672851562498864e-02,-2.000309257812499908e+00,-6.350675097656249823e-01,5.414947607421874975e-01,-2.133765473632812437e+00,-1.023164321289062428e+00,-1.411261132812499930e-01,6.105238378906249208e-01,-1.058445849609374878e-01,-3.497473242187499887e-01,1.853047226562499761e+00,1.247125327148437490e+00,-6.105238378906249208e-01,1.849979267578124809e+00
8.053392333984373819e-01,3.344075292968749502e-01,-4.555919091796874487e-01,-6.764849560546873919e-01,1.073785644531249917e-01,-1.906736508789062423e+00,-7.393781152343749108e-01,4.494559912109374333e-01,-2.233474140624999826e+00,-1.027766259765624968e+00,-1.457280517578124768e-01,7.194363818359373886e-01,-7.669897460937499280e-03,-3.865628320312499699e-01,1.943552016601562293e+00,1.188834106445312289e+00,-5.859801660156249703e-01,1.737998764648437389e+00
9.081158593749999453e-01,4.049705859374999606e-01,-4.141744628906249837e-01,-6.703490380859374875e-01,1.549319287109374998e-01,-1.797823964843749733e+00,-8.406207617187498871e-01,3.635531396484374400e-01,-2.308639135742187154e+00,-1.059979829101562299e+00,-1.672037646484374751e-01,8.191450488281248887e-01,8.436887207031248948e-02,-4.295142578124999666e-01,2.034056806640624604e+00,1.170426352539062353e+00,-5.092811914062499445e-01,1.618348364257812255e+00
1.007824526367187445e+00,5.016112939453124531e-01,-4.218443603515624751e-01,-6.611451611328124089e-01,2.101551904296874718e-01,-1.696581318359374757e+00,-9.357274902343749590e-01,3.175337548828124912e-01,-2.311707094726562328e+00,-1.093727377929687439e+00,-2.147571289062499833e-01,9.188537158203123889e-01,1.641358056640624952e-01,-4.678637451171874795e-01,2.116891699218749867e+00,1.121339008789062452e+00,-4.816695605468749308e-01,1.506367861328124835e+00
1.104465234374999882e+00,5.813782275390624310e-01,-4.632618066406249402e-01,-6.181937353515624123e-01,2.577085546874999800e-01,-1.593804692382812416e+00,-9.986206494140623668e-01,3.083298779296874681e-01,-2.297901279296874932e+00,-1.107533193359374835e+00,-2.899221240234374775e-01,1.006290546874999858e+00,2.485046777343749846e-01,-4.878054785156249462e-01,2.195124653320312369e+00,1.032368198242187507e+00,-5.169510888671874360e-01,1.398989296874999955e+00
1.202639921874999906e+00,6.504073046874999653e-01,-4.908734374999999539e-01,-6.381354687499999345e-01,2.730483496093749629e-01,-1.486426127929687313e+00,-9.403294287109373872e-01,3.666210986328124477e-01,-2.365396376953124769e+00,-1.107533193359374835e+00,-3.282716113281249903e-01,1.087591459960937312e+00,3.344075292968749502e-01,-4.939413964843749616e-01,2.215066386718749669e+00,1.003222587890624906e+00,-4.693977246093749556e-01,1.283940834960937361e+00
1.297746650390624978e+00,7.148344433593749603e-01,-5.660384326171874481e-01,-6.580772021484374568e-01,2.945240624999999612e-01,-1.389785419921874876e+00,-8.390867822265624110e-01,4.371841552734374581e-01,-2.426755556640624700e+00,-1.124406967773437405e+00,-3.589512011718749562e-01,1.142814721679687340e+00,3.834948730468749623e-01,-4.601938476562499325e-01,2.216600366210937256e+00,9.295915722656249436e-01,-4.939413964843749616e-01,1.173494311523437306e+00
1.348367973632812467e+00,7.593198486328124330e-01,-6.611451611328124089e-01,-6.120578173828123969e-01,3.344075292968749502e-01,-1.291610732421874852e+00,-7.424460742187499740e-01,5.092811914062499445e-01,-2.374600253906249847e+00,-1.145882680664062292e+00,-3.880968115234374460e-01,1.144348701171874927e+00,4.187764013671874674e-01,-4.448540527343749496e-01,2.187454755859374878e+00,8.314168847656249195e-01,-5.706403710937499874e-01,1.105999213867187470e+00
1.372911645507812306e+00,7.807955615234374314e-01,-7.608538281249999091e-01,-5.798442480468749549e-01,3.865628320312499699e-01,-1.188834106445312289e+00,-6.780189355468749790e-01,5.476306787109374019e-01,-2.284095463867187092e+00,-1.170426352539062353e+00,-4.095725244140624444e-01,1.168892373046874988e+00,4.249123193359374828e-01,-4.433200732421874735e-01,2.156775166015624912e+00,7.163684228515624364e-01,-6.703490380859374875e-01,1.000154628906249954e+00
1.379047563476562432e+00,7.823295410156249075e-01,-8.666984130859374247e-01,-5.169510888671874360e-01,4.218443603515624751e-01,-1.098329316406249978e+00,-7.240383203124999278e-01,4.893394580078124778e-01,-2.218134345703124843e+00,-1.181164208984374797e+00,-4.540579296874999726e-01,1.156620537109374958e+00,4.693977246093749556e-01,-4.402521142578124658e-01,2.116891699218749867e+00,6.074558789062499686e-01,-7.731256640624999399e-01,9.203876953124998650e-01
1.375979604492187480e+00,7.639217871093749723e-01,-9.725429980468749402e-01,-4.095725244140624444e-01,4.264462988281249589e-01,-1.004756567382812493e+00,-8.068732128906249690e-01,3.942327294921874614e-01,-2.147571289062499833e+00,-1.150484619140624831e+00,-4.847375195312499385e-01,1.213377778320312350e+00,5.230870068359374514e-01,-4.111065039062499760e-01,2.021784970703124795e+00,4.939413964843749616e-01,-8.038052539062499058e-01,8.206790283203124758e-01
1.368309707031249767e+00,7.148344433593749603e-01,-1.070717685546874964e+00,-3.067958984374999920e-01,4.356501757812499820e-01,-9.510672851562499419e-01,-9.081158593749999453e-01,3.113978369140624758e-01,-2.060134458007812253e+00,-1.089125439453124899e+00,-5.108151708984374206e-01,1.282406855468749995e+00,5.599025146484374327e-01,-3.236696728515624510e-01,1.922076303710937406e+00,3.850288525390624383e-01,-8.114751513671873973e-01,7.777276025390624792e-01
1.352969912109374784e+00,6.258636328124999038e-01,-1.176562270507812480e+00,-2.055532519531249880e-01,4.310482373046874427e-01,-8.912420849609373752e-01,-1.010892485351562398e+00,2.531066162109374962e-01,-1.971163647460937307e+00,-1.032368198242187507e+00,-5.215530273437499753e-01,1.360639809570312275e+00,6.043879199218749054e-01,-2.270289648437499863e-01,1.816231718749999891e+00,3.037279394531249843e-01,-7.838635205078123835e-01,7.992033154296874775e-01
1.337630117187499801e+00,5.353588427734374822e-01,-1.265533081054687425e+00,-1.012426464843749901e-01,4.279802783203124350e-01,-8.038052539062499058e-01,-1.102931254882812295e+00,2.193590673828124671e-01,-1.883726816406249727e+00,-9.848148339843748600e-01,-5.123491503906250077e-01,1.440406743164062364e+00,6.550092431640623936e-01,-1.349901953124999776e-01,1.710387133789062375e+00,2.607765136718749877e-01,-7.025626074218749295e-01,8.820382080078124076e-01
1.333028178710937484e+00,4.709317041015624317e-01,-1.348367973632812467e+00,4.601938476562499394e-03,4.264462988281249589e-01,-7.148344433593749603e-01,-1.193436044921874828e+00,2.055532519531249880e-01,-1.784018149414062337e+00,-9.679410595703124010e-01,-4.832035400390624624e-01,1.520173676757812453e+00,6.795529150390624551e-01,-5.675724121093749658e-02,1.601474589843749907e+00,2.515726367187499646e-01,-5.905821044921873986e-01,9.894167724609373993e-01
1.331494199218749896e+00,4.371841552734374581e-01,-1.437338784179687412e+00,1.150484619140624831e-01,4.218443603515624751e-01,-6.550092431640623936e-01,-1.254795224609374982e+00,2.040192724609374841e-01,-1.675105605468749870e+00,-9.556692236328123702e-01,-4.249123193359374828e-01,1.606076528320312446e+00,6.948927099609374380e-01,-3.067958984374999885e-03,1.483358168945312361e+00,2.577085546874999800e-01,-4.663297656249999479e-01,1.104465234374999882e+00
1.343766035156249927e+00,4.095725244140624444e-01,-1.532445512695312262e+00,2.254949853515624825e-01,3.727570166015624631e-01,-6.181937353515624123e-01,-1.285474814453124948e+00,1.978833544921874688e-01,-1.570794999999999941e+00,-9.050479003906248820e-01,-3.758249755859374708e-01,1.688911420898437266e+00,6.933587304687499620e-01,3.221356933593749750e-02,1.379047563476562432e+00,2.684464111328124791e-01,-3.420774267578124417e-01,1.102931254882812295e+00
1.337630117187499801e+00,3.650871191406249716e-01,-1.638290097656249777e+00,3.359415087890624818e-01,3.742909960937499392e-01,-6.504073046874999653e-01,-1.302348588867187296e+00,2.040192724609374841e-01,-1.458814497070312299e+00,-8.605624951171874093e-01,-3.650871191406249716e-01,1.771746313476562307e+00,6.749509765624999158e-01,5.062132324218749507e-02,1.276270937499999869e+00,2.623104931640624637e-01,-3.298055908203124664e-01,1.156620537109374958e+00
1.302348588867187296e+00,3.021939599609374527e-01,-1.728794887695312310e+00,4.387181347656249342e-01,3.957667089843749375e-01,-7.424460742187499740e-01,-1.305416547851562470e+00,2.454367187499999770e-01,-1.345300014648437292e+00,-8.206790283203124758e-01,-3.221356933593749750e-01,1.857649165039062300e+00,6.366014892578124584e-01,5.062132324218749507e-02,1.173494311523437306e+00,2.546405957031249723e-01,-3.267376318359374587e-01,1.270135019531249965e+00
1.236387470703124825e+00,2.730483496093749629e-01,-1.820833657226562430e+00,5.522326171874999412e-01,3.758249755859374708e-01,-8.513586181640624417e-01,-1.306950527343749835e+00,2.715143701171874868e-01,-1.224115634765624794e+00,-7.654557666015624484e-01,-3.175337548828124912e-01,1.955823852539062324e+00,5.629704736328124959e-01,1.533979492187499856e-02,1.070717685546874964e+00,2.515726367187499646e-01,-3.865628320312499699e-01,1.391319399414062463e+00
1.145882680664062292e+00,2.239610058593749786e-01,-1.919008344726562232e+00,6.611451611328124089e-01,3.696890576171874554e-01,-9.664070800781249249e-01,-1.303882568359374883e+00,2.822522265624999860e-01,-1.107533193359374835e+00,-7.010286279296874534e-01,-3.021939599609374527e-01,2.052464560546874761e+00,5.138831298828124838e-01,-5.062132324218749507e-02,9.633391210937498617e-01,2.515726367187499646e-01,-4.203103808593749435e-01,1.506367861328124835e+00
