-1.700000000000000122e-01,2.509999999999999787e+00,7.620000000000000107e+00
-1.100000000000000006e-01,2.529999999999999805e+00,7.910000000000000142e+00
-1.300000000000000044e-01,2.549999999999999822e+00,7.860000000000000320e+00
-4.000000000000000083e-02,2.439999999999999947e+00,8.000000000000000000e+00
-1.799999999999999933e-01,2.490000000000000213e+00,7.809999999999999609e+00
-1.499999999999999944e-01,2.490000000000000213e+00,7.410000000000000142e+00
-5.000000000000000278e-02,2.490000000000000213e+00,7.589999999999999858e+00
-1.900000000000000022e-01,2.339999999999999858e+00,7.959999999999999964e+00
-1.000000000000000056e-01,2.479999999999999982e+00,8.119999999999999218e+00
1.600000000000000033e-01,2.419999999999999929e+00,7.669999999999999929e+00
-4.000000000000000083e-02,2.439999999999999947e+00,8.070000000000000284e+00
-2.999999999999999889e-02,2.700000000000000178e+00,7.700000000000000178e+00
-1.400000000000000133e-01,2.540000000000000036e+00,8.099999999999999645e+00
-1.300000000000000044e-01,2.540000000000000036e+00,7.389999999999999680e+00
-7.000000000000000666e-02,2.620000000000000107e+00,7.530000000000000249e+00
-8.000000000000000167e-02,2.549999999999999822e+00,7.839999999999999858e+00
-1.400000000000000133e-01,2.479999999999999982e+00,7.750000000000000000e+00
7.000000000000000666e-02,2.459999999999999964e+00,7.459999999999999964e+00
-5.999999999999999778e-02,2.470000000000000195e+00,7.700000000000000178e+00
-1.700000000000000122e-01,2.569999999999999840e+00,8.060000000000000497e+00
-1.100000000000000006e-01,2.390000000000000124e+00,7.330000000000000071e+00
-1.600000000000000033e-01,2.509999999999999787e+00,7.610000000000000320e+00
-1.300000000000000044e-01,2.270000000000000018e+00,8.000000000000000000e+00
-1.300000000000000044e-01,2.379999999999999893e+00,7.669999999999999929e+00
-1.199999999999999956e-01,2.540000000000000036e+00,8.060000000000000497e+00
-2.999999999999999889e-02,2.479999999999999982e+00,8.080000000000000071e+00
-1.400000000000000133e-01,2.549999999999999822e+00,7.589999999999999858e+00
-1.000000000000000056e-01,2.450000000000000178e+00,7.980000000000000426e+00
-4.000000000000000083e-02,2.509999999999999787e+00,8.070000000000000284e+00
-5.000000000000000278e-02,2.410000000000000142e+00,7.389999999999999680e+00
-1.400000000000000133e-01,2.509999999999999787e+00,7.639999999999999680e+00
1.000000000000000021e-02,2.500000000000000000e+00,7.410000000000000142e+00
-1.499999999999999944e-01,2.339999999999999858e+00,7.929999999999999716e+00
-8.999999999999999667e-02,2.450000000000000178e+00,8.050000000000000711e+00
-4.000000000000000083e-02,2.430000000000000160e+00,7.790000000000000036e+00
2.000000000000000042e-02,2.520000000000000018e+00,7.730000000000000426e+00
-2.500000000000000000e-01,2.479999999999999982e+00,7.540000000000000036e+00
-1.100000000000000006e-01,2.379999999999999893e+00,7.900000000000000355e+00
-5.000000000000000278e-02,2.419999999999999929e+00,7.540000000000000036e+00
-1.600000000000000033e-01,2.439999999999999947e+00,7.820000000000000284e+00
5.999999999999999778e-02,2.520000000000000018e+00,7.490000000000000213e+00
-1.900000000000000022e-01,2.390000000000000124e+00,7.650000000000000355e+00
-1.400000000000000133e-01,2.490000000000000213e+00,7.599999999999999645e+00
-5.000000000000000278e-02,2.410000000000000142e+00,7.820000000000000284e+00
-5.000000000000000278e-02,2.419999999999999929e+00,7.929999999999999716e+00
-2.000000000000000042e-02,2.520000000000000018e+00,7.910000000000000142e+00
-4.000000000000000083e-02,2.479999999999999982e+00,7.519999999999999574e+00
-1.300000000000000044e-01,2.600000000000000089e+00,7.280000000000000249e+00
-1.700000000000000122e-01,2.410000000000000142e+00,7.620000000000000107e+00
-8.000000000000000167e-02,2.450000000000000178e+00,7.959999999999999964e+00
-2.000000000000000042e-02,2.509999999999999787e+00,7.990000000000000213e+00
-0.000000000000000000e+00,2.450000000000000178e+00,7.519999999999999574e+00
-8.000000000000000167e-02,2.350000000000000089e+00,7.740000000000000213e+00
-1.100000000000000006e-01,2.470000000000000195e+00,7.719999999999999751e+00
-1.600000000000000033e-01,2.549999999999999822e+00,7.790000000000000036e+00
-1.000000000000000021e-02,2.479999999999999982e+00,7.790000000000000036e+00
4.000000000000000083e-02,2.370000000000000107e+00,7.370000000000000107e+00
-1.100000000000000006e-01,2.479999999999999982e+00,7.809999999999999609e+00
5.999999999999999778e-02,2.439999999999999947e+00,7.250000000000000000e+00
-1.100000000000000006e-01,2.569999999999999840e+00,7.730000000000000426e+00
-1.400000000000000133e-01,2.470000000000000195e+00,8.119999999999999218e+00
-2.099999999999999922e-01,2.390000000000000124e+00,8.019999999999999574e+00
-2.000000000000000042e-02,2.399999999999999911e+00,7.169999999999999929e+00
-2.300000000000000100e-01,2.430000000000000160e+00,7.959999999999999964e+00
1.000000000000000021e-02,2.439999999999999947e+00,7.540000000000000036e+00
-7.000000000000000666e-02,2.490000000000000213e+00,7.839999999999999858e+00
-7.000000000000000666e-02,2.479999999999999982e+00,7.099999999999999645e+00
-7.000000000000000666e-02,2.490000000000000213e+00,7.559999999999999609e+00
-2.399999999999999911e-01,2.540000000000000036e+00,7.910000000000000142e+00
-1.100000000000000006e-01,2.500000000000000000e+00,8.210000000000000853e+00
-8.000000000000000167e-02,2.419999999999999929e+00,7.990000000000000213e+00
-8.999999999999999667e-02,2.560000000000000053e+00,7.900000000000000355e+00
-2.999999999999999889e-02,2.540000000000000036e+00,7.740000000000000213e+00
-7.000000000000000666e-02,2.430000000000000160e+00,8.099999999999999645e+00
-1.199999999999999956e-01,2.430000000000000160e+00,7.830000000000000071e+00
-1.700000000000000122e-01,2.439999999999999947e+00,8.019999999999999574e+00
-7.000000000000000666e-02,2.430000000000000160e+00,7.490000000000000213e+00
-5.999999999999999778e-02,2.419999999999999929e+00,7.650000000000000355e+00
-1.900000000000000022e-01,2.470000000000000195e+00,7.450000000000000178e+00
-1.300000000000000044e-01,2.439999999999999947e+00,7.480000000000000426e+00
-1.000000000000000056e-01,2.509999999999999787e+00,7.589999999999999858e+00
-1.199999999999999956e-01,2.399999999999999911e+00,7.809999999999999609e+00
-1.400000000000000133e-01,2.500000000000000000e+00,7.929999999999999716e+00
-1.600000000000000033e-01,2.439999999999999947e+00,8.060000000000000497e+00
-1.100000000000000006e-01,2.439999999999999947e+00,7.929999999999999716e+00
-5.999999999999999778e-02,2.500000000000000000e+00,7.980000000000000426e+00
-2.999999999999999889e-02,2.319999999999999840e+00,7.910000000000000142e+00
-1.400000000000000133e-01,2.520000000000000018e+00,7.549999999999999822e+00
-1.300000000000000044e-01,2.529999999999999805e+00,7.900000000000000355e+00
-1.300000000000000044e-01,2.500000000000000000e+00,7.870000000000000107e+00
-2.999999999999999889e-02,2.410000000000000142e+00,8.119999999999999218e+00
-5.999999999999999778e-02,2.470000000000000195e+00,7.929999999999999716e+00
-8.000000000000000167e-02,2.490000000000000213e+00,7.830000000000000071e+00
-1.600000000000000033e-01,2.470000000000000195e+00,7.940000000000000391e+00
-1.000000000000000056e-01,2.470000000000000195e+00,8.000000000000000000e+00
-8.999999999999999667e-02,2.430000000000000160e+00,7.900000000000000355e+00
-2.099999999999999922e-01,2.430000000000000160e+00,8.189999999999999503e+00
-5.999999999999999778e-02,2.500000000000000000e+00,8.390000000000000568e+00
-2.999999999999999889e-02,2.479999999999999982e+00,7.719999999999999751e+00
-2.999999999999999889e-02,2.419999999999999929e+00,7.919999999999999929e+00
1.000000000000000021e-02,2.500000000000000000e+00,7.599999999999999645e+00
-2.200000000000000011e-01,2.479999999999999982e+00,8.130000000000000782e+00
-1.000000000000000056e-01,2.470000000000000195e+00,7.940000000000000391e+00
-8.999999999999999667e-02,2.509999999999999787e+00,7.740000000000000213e+00
-5.999999999999999778e-02,2.399999999999999911e+00,7.639999999999999680e+00
-1.400000000000000133e-01,2.490000000000000213e+00,8.080000000000000071e+00
-2.999999999999999889e-02,2.310000000000000053e+00,7.900000000000000355e+00
-1.000000000000000021e-02,2.419999999999999929e+00,7.410000000000000142e+00
-1.000000000000000056e-01,2.430000000000000160e+00,7.820000000000000284e+00
-1.100000000000000006e-01,2.419999999999999929e+00,7.849999999999999645e+00
-7.000000000000000666e-02,2.439999999999999947e+00,7.740000000000000213e+00
0.000000000000000000e+00,2.450000000000000178e+00,8.009999999999999787e+00
-2.000000000000000042e-02,2.450000000000000178e+00,7.889999999999999680e+00
1.000000000000000021e-02,2.450000000000000178e+00,7.929999999999999716e+00
-1.700000000000000122e-01,2.479999999999999982e+00,8.220000000000000639e+00
-1.499999999999999944e-01,2.439999999999999947e+00,8.130000000000000782e+00
2.999999999999999889e-02,2.379999999999999893e+00,7.469999999999999751e+00
-7.000000000000000666e-02,2.500000000000000000e+00,8.050000000000000711e+00
-1.499999999999999944e-01,2.600000000000000089e+00,8.130000000000000782e+00
-8.999999999999999667e-02,2.529999999999999805e+00,8.470000000000000639e+00
4.000000000000000083e-02,2.390000000000000124e+00,7.660000000000000142e+00
-8.999999999999999667e-02,2.439999999999999947e+00,7.530000000000000249e+00
-8.999999999999999667e-02,2.410000000000000142e+00,7.540000000000000036e+00
-8.000000000000000167e-02,2.450000000000000178e+00,7.889999999999999680e+00
-2.999999999999999889e-02,2.450000000000000178e+00,7.450000000000000178e+00
-1.600000000000000033e-01,2.450000000000000178e+00,7.549999999999999822e+00
-8.000000000000000167e-02,2.500000000000000000e+00,7.900000000000000355e+00
1.000000000000000021e-02,2.390000000000000124e+00,7.839999999999999858e+00
0.000000000000000000e+00,2.379999999999999893e+00,7.589999999999999858e+00
-2.000000000000000042e-02,2.450000000000000178e+00,7.519999999999999574e+00
-1.600000000000000033e-01,2.419999999999999929e+00,7.980000000000000426e+00
-1.400000000000000133e-01,2.439999999999999947e+00,7.830000000000000071e+00
2.999999999999999889e-02,2.549999999999999822e+00,7.700000000000000178e+00
-1.300000000000000044e-01,2.560000000000000053e+00,7.610000000000000320e+00
-1.300000000000000044e-01,2.589999999999999858e+00,8.140000000000000568e+00
-1.000000000000000056e-01,2.459999999999999964e+00,7.790000000000000036e+00
-8.999999999999999667e-02,2.379999999999999893e+00,7.290000000000000036e+00
-5.000000000000000278e-02,2.509999999999999787e+00,7.360000000000000320e+00
2.999999999999999889e-02,2.419999999999999929e+00,7.950000000000000178e+00
-5.600000000000000533e-01,2.500000000000000000e+00,8.029999999999999361e+00
-1.040000000000000036e+00,1.350000000000000089e+00,7.990000000000000213e+00
1.600000000000000033e-01,2.899999999999999800e-01,7.969999999999999751e+00
-1.000000000000000021e-02,1.000000000000000021e-02,8.460000000000000853e+00
-6.300000000000000044e-01,7.299999999999999822e-01,8.660000000000000142e+00
5.999999999999999778e-01,3.129999999999999893e+00,8.720000000000000639e+00
-4.699999999999999734e-01,5.690000000000000391e+00,9.070000000000000284e+00
-6.500000000000000222e-01,4.830000000000000071e+00,8.949999999999999289e+00
1.209999999999999964e+00,6.349999999999999645e+00,9.060000000000000497e+00
0.000000000000000000e+00,8.949999999999999289e+00,9.009999999999999787e+00
-2.899999999999999800e-01,1.086999999999999922e+01,8.720000000000000639e+00
1.189999999999999947e+00,1.233000000000000007e+01,8.470000000000000639e+00
2.490000000000000213e+00,1.325000000000000000e+01,8.560000000000000497e+00
2.509999999999999787e+00,1.402999999999999936e+01,8.080000000000000071e+00
3.270000000000000018e+00,1.368999999999999950e+01,7.740000000000000213e+00
4.860000000000000320e+00,1.339000000000000057e+01,7.769999999999999574e+00
5.639999999999999680e+00,1.356000000000000050e+01,7.769999999999999574e+00
7.500000000000000000e+00,1.282000000000000028e+01,8.300000000000000711e+00
9.949999999999999289e+00,1.239000000000000057e+01,9.039999999999999147e+00
1.075999999999999979e+01,1.252999999999999936e+01,9.660000000000000142e+00
9.130000000000000782e+00,1.224000000000000021e+01,9.539999999999999147e+00
6.480000000000000426e+00,1.200999999999999979e+01,9.179999999999999716e+00
6.570000000000000284e+00,1.246000000000000085e+01,9.400000000000000355e+00
5.839999999999999858e+00,1.453999999999999915e+01,9.789999999999999147e+00
2.959999999999999964e+00,1.673999999999999844e+01,9.710000000000000853e+00
1.179999999999999938e+00,1.757000000000000028e+01,9.259999999999999787e+00
2.560000000000000053e+00,1.789000000000000057e+01,9.849999999999999645e+00
4.759999999999999787e+00,1.828999999999999915e+01,1.125999999999999979e+01
3.870000000000000107e+00,1.744999999999999929e+01,1.265000000000000036e+01
3.419999999999999929e+00,1.710999999999999943e+01,1.316000000000000014e+01
5.549999999999999822e+00,1.719000000000000128e+01,1.394999999999999929e+01
5.919999999999999929e+00,1.717999999999999972e+01,1.392999999999999972e+01
7.580000000000000071e+00,1.662999999999999901e+01,1.492999999999999972e+01
6.910000000000000142e+00,1.642000000000000171e+01,1.557000000000000028e+01
5.309999999999999609e+00,1.651999999999999957e+01,1.585999999999999943e+01
3.919999999999999929e+00,1.673999999999999844e+01,1.588000000000000078e+01
2.859999999999999876e+00,1.714000000000000057e+01,1.588000000000000078e+01
3.560000000000000053e+00,1.662999999999999901e+01,1.625000000000000000e+01
4.080000000000000071e+00,1.591999999999999993e+01,1.653999999999999915e+01
3.979999999999999982e+00,1.564000000000000057e+01,1.703999999999999915e+01
4.360000000000000320e+00,1.555000000000000071e+01,1.769000000000000128e+01
4.620000000000000107e+00,1.496000000000000085e+01,1.810999999999999943e+01
5.129999999999999893e+00,1.317999999999999972e+01,1.851000000000000156e+01
6.080000000000000071e+00,1.317999999999999972e+01,1.883999999999999986e+01
4.719999999999999751e+00,1.239000000000000057e+01,1.869999999999999929e+01
3.189999999999999947e+00,1.069999999999999929e+01,1.814999999999999858e+01
2.640000000000000124e+00,9.339999999999999858e+00,1.751000000000000156e+01
3.279999999999999805e+00,7.610000000000000320e+00,1.692999999999999972e+01
4.089999999999999858e+00,6.160000000000000142e+00,1.667000000000000171e+01
5.299999999999999822e+00,5.519999999999999574e+00,1.657999999999999829e+01
6.059999999999999609e+00,5.559999999999999609e+00,1.671999999999999886e+01
4.889999999999999680e+00,5.740000000000000213e+00,1.660000000000000142e+01
6.230000000000000426e+00,8.439999999999999503e+00,1.617000000000000171e+01
8.529999999999999361e+00,9.900000000000000355e+00,1.616000000000000014e+01
8.669999999999999929e+00,1.040000000000000036e+01,1.637000000000000099e+01
8.689999999999999503e+00,1.108000000000000007e+01,1.657000000000000028e+01
1.006000000000000050e+01,1.150000000000000000e+01,1.717000000000000171e+01
1.225999999999999979e+01,1.224000000000000021e+01,1.825000000000000000e+01
1.286999999999999922e+01,1.291000000000000014e+01,1.960000000000000142e+01
1.144999999999999929e+01,1.353999999999999915e+01,2.035000000000000142e+01
1.008000000000000007e+01,1.350000000000000000e+01,2.030999999999999872e+01
1.099000000000000021e+01,1.339000000000000057e+01,2.035999999999999943e+01
1.265000000000000036e+01,1.331000000000000050e+01,2.105000000000000071e+01
1.183999999999999986e+01,1.289000000000000057e+01,2.166000000000000014e+01
1.053999999999999915e+01,1.291999999999999993e+01,2.144999999999999929e+01
9.029999999999999361e+00,1.217999999999999972e+01,2.055000000000000071e+01
8.259999999999999787e+00,1.101999999999999957e+01,1.939999999999999858e+01
1.043999999999999950e+01,1.143999999999999950e+01,1.919999999999999929e+01
1.067999999999999972e+01,1.183999999999999986e+01,1.933999999999999986e+01
8.980000000000000426e+00,1.233000000000000007e+01,1.898999999999999844e+01
7.200000000000000178e+00,1.364000000000000057e+01,1.864000000000000057e+01
5.870000000000000107e+00,1.490000000000000036e+01,1.842000000000000171e+01
5.830000000000000071e+00,1.607999999999999829e+01,1.892999999999999972e+01
5.690000000000000391e+00,1.714999999999999858e+01,1.962999999999999901e+01
4.219999999999999751e+00,1.782000000000000028e+01,1.998999999999999844e+01
6.320000000000000284e+00,1.887999999999999901e+01,2.133999999999999986e+01
7.910000000000000142e+00,1.944999999999999929e+01,2.257999999999999829e+01
9.939999999999999503e+00,1.832999999999999829e+01,2.373000000000000043e+01
1.191000000000000014e+01,1.619000000000000128e+01,2.576999999999999957e+01
1.159999999999999964e+01,1.453999999999999915e+01,2.648000000000000043e+01
1.282000000000000028e+01,1.335999999999999943e+01,2.667999999999999972e+01
1.440000000000000036e+01,1.193999999999999950e+01,2.710999999999999943e+01
1.792999999999999972e+01,7.790000000000000036e+00,2.789000000000000057e+01
1.812999999999999901e+01,5.690000000000000391e+00,2.857999999999999829e+01
1.726000000000000156e+01,4.480000000000000426e+00,2.923000000000000043e+01
1.393999999999999950e+01,3.899999999999999911e+00,2.960999999999999943e+01
1.167999999999999972e+01,3.229999999999999982e+00,2.980000000000000071e+01
8.080000000000000071e+00,2.109999999999999876e+00,2.982999999999999829e+01
3.899999999999999911e+00,1.360000000000000098e+00,2.973000000000000043e+01
3.270000000000000018e+00,8.999999999999999667e-02,2.962999999999999901e+01
3.299999999999999822e+00,-1.679999999999999938e+00,3.023000000000000043e+01
5.540000000000000036e+00,-3.459999999999999964e+00,3.082000000000000028e+01
7.299999999999999822e+00,-5.379999999999999893e+00,3.151000000000000156e+01
9.939999999999999503e+00,-6.429999999999999716e+00,3.253000000000000114e+01
9.410000000000000142e+00,-5.700000000000000178e+00,3.356000000000000227e+01
1.039000000000000057e+01,-5.879999999999999893e+00,3.435999999999999943e+01
1.158000000000000007e+01,-6.750000000000000000e+00,3.550999999999999801e+01
1.356000000000000050e+01,-7.370000000000000107e+00,3.606000000000000227e+01
1.683999999999999986e+01,-7.860000000000000320e+00,3.671999999999999886e+01
1.735000000000000142e+01,-8.500000000000000000e+00,3.774000000000000199e+01
1.867999999999999972e+01,-9.210000000000000853e+00,3.853000000000000114e+01
2.032999999999999829e+01,-8.089999999999999858e+00,3.988000000000000256e+01
2.076000000000000156e+01,-7.219999999999999751e+00,4.110000000000000142e+01
2.205999999999999872e+01,-5.959999999999999964e+00,4.211999999999999744e+01
2.175000000000000000e+01,-5.929999999999999716e+00,4.303999999999999915e+01
2.173999999999999844e+01,-4.860000000000000320e+00,4.382000000000000028e+01
2.235999999999999943e+01,-4.790000000000000036e+00,4.396999999999999886e+01
2.105000000000000071e+01,-3.830000000000000071e+00,4.388000000000000256e+01
1.960000000000000142e+01,-1.600000000000000089e+00,4.292000000000000171e+01
1.710000000000000142e+01,-7.399999999999999911e-01,4.189999999999999858e+01
1.424000000000000021e+01,2.600000000000000089e-01,3.997999999999999687e+01
1.467999999999999972e+01,1.560000000000000053e+00,3.846999999999999886e+01
1.566000000000000014e+01,3.330000000000000071e+00,3.764000000000000057e+01
1.712999999999999901e+01,5.360000000000000320e+00,3.717000000000000171e+01
1.830999999999999872e+01,7.940000000000000391e+00,3.727000000000000313e+01
1.746999999999999886e+01,9.449999999999999289e+00,3.700999999999999801e+01
1.778000000000000114e+01,9.240000000000000213e+00,3.670000000000000284e+01
1.762999999999999901e+01,8.810000000000000497e+00,3.699000000000000199e+01
1.592999999999999972e+01,7.769999999999999574e+00,3.734000000000000341e+01
1.351999999999999957e+01,7.379999999999999893e+00,3.792999999999999972e+01
1.164000000000000057e+01,6.490000000000000213e+00,3.889000000000000057e+01
1.131000000000000050e+01,5.169999999999999929e+00,3.939999999999999858e+01
1.003999999999999915e+01,3.839999999999999858e+00,3.992000000000000171e+01
5.750000000000000000e+00,2.609999999999999876e+00,3.956000000000000227e+01
5.280000000000000249e+00,1.850000000000000089e+00,3.893999999999999773e+01
4.900000000000000355e+00,2.759999999999999787e+00,3.771999999999999886e+01
4.679999999999999716e+00,3.819999999999999840e+00,3.663000000000000256e+01
5.950000000000000178e+00,3.729999999999999982e+00,3.604999999999999716e+01
5.440000000000000391e+00,3.839999999999999858e+00,3.538000000000000256e+01
4.719999999999999751e+00,2.810000000000000053e+00,3.429999999999999716e+01
6.540000000000000036e+00,1.540000000000000036e+00,3.343999999999999773e+01
8.519999999999999574e+00,6.500000000000000222e-01,3.272999999999999687e+01
1.089000000000000057e+01,8.800000000000000044e-01,3.215999999999999659e+01
9.949999999999999289e+00,2.180000000000000160e+00,3.176999999999999957e+01
9.410000000000000142e+00,2.879999999999999893e+00,3.126000000000000156e+01
1.089000000000000057e+01,3.970000000000000195e+00,3.066000000000000014e+01
1.064000000000000057e+01,5.110000000000000320e+00,2.987000000000000099e+01
1.206000000000000050e+01,6.330000000000000071e+00,2.944000000000000128e+01
1.294999999999999929e+01,7.290000000000000036e+00,2.914000000000000057e+01
1.213000000000000078e+01,8.589999999999999858e+00,2.869000000000000128e+01
1.155000000000000071e+01,9.349999999999999645e+00,2.828999999999999915e+01
1.100000000000000000e+01,9.589999999999999858e+00,2.757000000000000028e+01
1.330000000000000071e+01,9.480000000000000426e+00,2.707000000000000028e+01
1.473000000000000043e+01,9.519999999999999574e+00,2.707000000000000028e+01
1.459999999999999964e+01,1.017999999999999972e+01,2.712000000000000099e+01
1.381000000000000050e+01,1.057000000000000028e+01,2.691000000000000014e+01
1.183999999999999986e+01,1.056000000000000050e+01,2.646999999999999886e+01
9.210000000000000853e+00,1.148000000000000043e+01,2.591000000000000014e+01
5.519999999999999574e+00,1.301999999999999957e+01,2.489999999999999858e+01
3.200000000000000178e+00,1.324000000000000021e+01,2.389000000000000057e+01
3.060000000000000053e+00,1.400000000000000000e+01,2.360000000000000142e+01
8.000000000000000444e-01,1.648999999999999844e+01,2.305999999999999872e+01
-7.600000000000000089e-01,1.757000000000000028e+01,2.244999999999999929e+01
-2.700000000000000178e+00,1.746999999999999886e+01,2.146999999999999886e+01
-1.659999999999999920e+00,1.673000000000000043e+01,2.155999999999999872e+01
-7.500000000000000000e-01,1.564000000000000057e+01,2.189000000000000057e+01
-1.090000000000000080e+00,1.365000000000000036e+01,2.205999999999999872e+01
1.459999999999999964e+00,1.274000000000000021e+01,2.292000000000000171e+01
4.940000000000000391e+00,1.241000000000000014e+01,2.421000000000000085e+01
9.380000000000000782e+00,1.151999999999999957e+01,2.571000000000000085e+01
1.376999999999999957e+01,9.970000000000000639e+00,2.721999999999999886e+01
1.524000000000000021e+01,7.549999999999999822e+00,2.889999999999999858e+01
1.523000000000000043e+01,6.370000000000000107e+00,3.030999999999999872e+01
1.506000000000000050e+01,6.259999999999999787e+00,3.142999999999999972e+01
1.361999999999999922e+01,6.519999999999999574e+00,3.220000000000000284e+01
1.408000000000000007e+01,7.000000000000000000e+00,3.265999999999999659e+01
1.331000000000000050e+01,7.490000000000000213e+00,3.267999999999999972e+01
1.309999999999999964e+01,8.779999999999999361e+00,3.228000000000000114e+01
1.333000000000000007e+01,8.880000000000000782e+00,3.198999999999999844e+01
1.260999999999999943e+01,7.669999999999999929e+00,3.144999999999999929e+01
1.209999999999999964e+01,6.540000000000000036e+00,3.128999999999999915e+01
1.175999999999999979e+01,4.139999999999999680e+00,3.116000000000000014e+01
1.052999999999999936e+01,1.929999999999999938e+00,3.096000000000000085e+01
8.330000000000000071e+00,-5.200000000000000178e-01,3.067000000000000171e+01
6.429999999999999716e+00,-2.359999999999999876e+00,3.055999999999999872e+01
2.919999999999999929e+00,-3.520000000000000018e+00,3.094999999999999929e+01
2.200000000000000011e-01,-4.179999999999999716e+00,3.130000000000000071e+01
-2.500000000000000000e+00,-6.169999999999999929e+00,3.162000000000000099e+01
-4.030000000000000249e+00,-6.379999999999999893e+00,3.155000000000000071e+01
-5.790000000000000036e+00,-5.509999999999999787e+00,3.107000000000000028e+01
-7.690000000000000391e+00,-3.450000000000000178e+00,3.033999999999999986e+01
-7.459999999999999964e+00,-1.709999999999999964e+00,2.964999999999999858e+01
-7.790000000000000036e+00,-8.900000000000000133e-01,2.883999999999999986e+01
-9.939999999999999503e+00,-1.310000000000000053e+00,2.858999999999999986e+01
-1.124000000000000021e+01,-1.510000000000000009e+00,2.839000000000000057e+01
-9.919999999999999929e+00,-1.129999999999999893e+00,2.812999999999999901e+01
-8.140000000000000568e+00,6.999999999999999556e-01,2.800000000000000000e+01
-9.900000000000000355e+00,2.060000000000000053e+00,2.801999999999999957e+01
-8.759999999999999787e+00,3.390000000000000124e+00,2.773999999999999844e+01
-7.240000000000000213e+00,3.080000000000000071e+00,2.707000000000000028e+01
-7.830000000000000071e+00,3.689999999999999947e+00,2.644000000000000128e+01
-6.860000000000000320e+00,3.770000000000000018e+00,2.610000000000000142e+01
-5.599999999999999645e+00,3.459999999999999964e+00,2.551000000000000156e+01
-4.450000000000000178e+00,3.810000000000000053e+00,2.507999999999999829e+01
-5.110000000000000320e+00,5.120000000000000107e+00,2.492000000000000171e+01
-5.200000000000000178e+00,6.360000000000000320e+00,2.464000000000000057e+01
-4.679999999999999716e+00,7.160000000000000142e+00,2.451999999999999957e+01
-3.859999999999999876e+00,7.990000000000000213e+00,2.444999999999999929e+01
-2.629999999999999893e+00,8.929999999999999716e+00,2.451000000000000156e+01
-1.899999999999999911e+00,9.199999999999999289e+00,2.439000000000000057e+01
-3.499999999999999778e-01,1.123000000000000043e+01,2.455000000000000071e+01
1.729999999999999982e+00,1.196000000000000085e+01,2.508999999999999986e+01
1.459999999999999964e+00,1.346000000000000085e+01,2.566000000000000014e+01
2.419999999999999929e+00,1.431000000000000050e+01,2.637999999999999901e+01
2.259999999999999787e+00,1.417999999999999972e+01,2.717000000000000171e+01
-3.200000000000000067e-01,1.475999999999999979e+01,2.735000000000000142e+01
-6.899999999999999467e-01,1.417999999999999972e+01,2.732000000000000028e+01
2.300000000000000100e-01,1.447000000000000064e+01,2.725000000000000000e+01
2.009999999999999787e+00,1.499000000000000021e+01,2.739999999999999858e+01
4.099999999999999645e+00,1.567999999999999972e+01,2.755999999999999872e+01
7.179999999999999716e+00,1.632999999999999829e+01,2.801000000000000156e+01
9.109999999999999432e+00,1.630000000000000071e+01,2.850000000000000000e+01
8.869999999999999218e+00,1.635000000000000142e+01,2.848999999999999844e+01
1.116999999999999993e+01,1.580000000000000071e+01,2.892999999999999972e+01
1.342999999999999972e+01,1.550999999999999979e+01,2.960000000000000142e+01
1.540000000000000036e+01,1.383999999999999986e+01,3.069999999999999929e+01
1.502999999999999936e+01,1.316999999999999993e+01,3.137000000000000099e+01
1.555000000000000071e+01,1.327999999999999936e+01,3.229999999999999716e+01
1.574000000000000021e+01,1.251999999999999957e+01,3.306000000000000227e+01
1.573000000000000043e+01,1.339000000000000057e+01,3.377000000000000313e+01
1.301999999999999957e+01,1.368999999999999950e+01,3.386999999999999744e+01
1.143999999999999950e+01,1.409999999999999964e+01,3.382000000000000028e+01
9.949999999999999289e+00,1.488000000000000078e+01,3.359000000000000341e+01
8.710000000000000853e+00,1.541000000000000014e+01,3.290999999999999659e+01
9.220000000000000639e+00,1.598000000000000043e+01,3.239999999999999858e+01
8.779999999999999361e+00,1.646999999999999886e+01,3.153999999999999915e+01
7.549999999999999822e+00,1.644000000000000128e+01,3.046000000000000085e+01
5.740000000000000213e+00,1.612999999999999901e+01,2.892000000000000171e+01
5.129999999999999893e+00,1.475000000000000000e+01,2.803000000000000114e+01
5.639999999999999680e+00,1.366000000000000014e+01,2.741000000000000014e+01
6.339999999999999858e+00,1.177999999999999936e+01,2.685999999999999943e+01
7.179999999999999716e+00,1.105000000000000071e+01,2.637000000000000099e+01
7.610000000000000320e+00,9.429999999999999716e+00,2.621000000000000085e+01
7.509999999999999787e+00,6.879999999999999893e+00,2.619999999999999929e+01
8.300000000000000711e+00,4.339999999999999858e+00,2.623000000000000043e+01
8.779999999999999361e+00,1.659999999999999920e+00,2.657000000000000028e+01
9.519999999999999574e+00,-1.000000000000000056e-01,2.683999999999999986e+01
1.094999999999999929e+01,-2.779999999999999805e+00,2.717999999999999972e+01
1.078999999999999915e+01,-4.589999999999999858e+00,2.746999999999999886e+01
9.500000000000000000e+00,-5.299999999999999822e+00,2.751000000000000156e+01
1.040000000000000036e+01,-5.330000000000000071e+00,2.714000000000000057e+01
1.069999999999999929e+01,-5.940000000000000391e+00,2.717999999999999972e+01
8.320000000000000284e+00,-6.669999999999999929e+00,2.716000000000000014e+01
6.750000000000000000e+00,-7.339999999999999858e+00,2.707999999999999829e+01
6.429999999999999716e+00,-9.410000000000000142e+00,2.696999999999999886e+01
5.530000000000000249e+00,-1.096000000000000085e+01,2.678000000000000114e+01
4.639999999999999680e+00,-1.216000000000000014e+01,2.707999999999999829e+01
4.700000000000000178e+00,-1.376999999999999957e+01,2.707000000000000028e+01
4.349999999999999645e+00,-1.483000000000000007e+01,2.762000000000000099e+01
2.270000000000000018e+00,-1.596000000000000085e+01,2.885000000000000142e+01
1.000000000000000021e-02,-1.651999999999999957e+01,2.996999999999999886e+01
-1.469999999999999973e+00,-1.552999999999999936e+01,3.067999999999999972e+01
-3.439999999999999947e+00,-1.555000000000000071e+01,3.089999999999999858e+01
-5.160000000000000142e+00,-1.503999999999999915e+01,3.076999999999999957e+01
-5.860000000000000320e+00,-1.294999999999999929e+01,3.098999999999999844e+01
-6.230000000000000426e+00,-1.148000000000000043e+01,3.105999999999999872e+01
-3.770000000000000018e+00,-1.117999999999999972e+01,3.085999999999999943e+01
-3.120000000000000107e+00,-1.015000000000000036e+01,3.085999999999999943e+01
-5.809999999999999609e+00,-9.140000000000000568e+00,3.173000000000000043e+01
-4.990000000000000213e+00,-8.519999999999999574e+00,3.182999999999999829e+01
-3.500000000000000000e+00,-7.160000000000000142e+00,3.141000000000000014e+01
-6.049999999999999822e+00,-5.320000000000000284e+00,3.132999999999999829e+01
-6.599999999999999645e+00,-4.660000000000000142e+00,3.087999999999999901e+01
-7.400000000000000355e+00,-4.030000000000000249e+00,3.033999999999999986e+01
-9.849999999999999645e+00,-2.200000000000000178e+00,2.994000000000000128e+01
-1.036999999999999922e+01,-1.669999999999999929e+00,2.914999999999999858e+01
-9.400000000000000355e+00,-1.199999999999999956e+00,2.839999999999999858e+01
-9.919999999999999929e+00,-1.280000000000000027e+00,2.798999999999999844e+01
-9.679999999999999716e+00,4.799999999999999822e-01,2.767999999999999972e+01
-9.619999999999999218e+00,1.679999999999999938e+00,2.714999999999999858e+01
-9.890000000000000568e+00,3.080000000000000071e+00,2.685000000000000142e+01
-9.189999999999999503e+00,5.410000000000000142e+00,2.655000000000000071e+01
-7.150000000000000355e+00,7.000000000000000000e+00,2.639999999999999858e+01
-6.280000000000000249e+00,8.640000000000000568e+00,2.664000000000000057e+01
-4.339999999999999858e+00,1.113000000000000078e+01,2.723000000000000043e+01
-3.000000000000000000e+00,1.283000000000000007e+01,2.780999999999999872e+01
-1.989999999999999991e+00,1.366000000000000014e+01,2.837999999999999901e+01
-4.600000000000000200e-01,1.313000000000000078e+01,2.935999999999999943e+01
-9.899999999999999911e-01,1.316000000000000014e+01,2.948999999999999844e+01
5.300000000000000266e-01,1.417999999999999972e+01,2.982000000000000028e+01
2.979999999999999982e+00,1.408999999999999986e+01,2.996999999999999886e+01
4.769999999999999574e+00,1.383000000000000007e+01,3.003000000000000114e+01
6.240000000000000213e+00,1.326999999999999957e+01,3.000000000000000000e+01
8.230000000000000426e+00,1.393999999999999950e+01,3.023000000000000043e+01
1.018999999999999950e+01,1.431000000000000050e+01,3.087999999999999901e+01
1.224000000000000021e+01,1.430000000000000071e+01,3.180000000000000071e+01
1.359999999999999964e+01,1.421000000000000085e+01,3.267999999999999972e+01
1.432000000000000028e+01,1.374000000000000021e+01,3.382999999999999829e+01
1.447000000000000064e+01,1.294999999999999929e+01,3.471999999999999886e+01
1.427999999999999936e+01,1.258000000000000007e+01,3.563000000000000256e+01
1.393999999999999950e+01,1.311999999999999922e+01,3.650999999999999801e+01
1.477999999999999936e+01,1.377999999999999936e+01,3.775000000000000000e+01
1.363000000000000078e+01,1.376999999999999957e+01,3.800999999999999801e+01
1.356000000000000050e+01,1.352999999999999936e+01,3.770000000000000284e+01
1.402999999999999936e+01,1.297000000000000064e+01,3.775000000000000000e+01
1.368999999999999950e+01,1.341000000000000014e+01,3.754999999999999716e+01
1.251999999999999957e+01,1.342999999999999972e+01,3.696999999999999886e+01
1.157000000000000028e+01,1.317999999999999972e+01,3.593999999999999773e+01
1.053999999999999915e+01,1.259999999999999964e+01,3.453999999999999915e+01
1.001999999999999957e+01,1.267999999999999972e+01,3.306000000000000227e+01
1.050000000000000000e+01,1.225000000000000000e+01,3.167000000000000171e+01
1.017999999999999972e+01,1.185999999999999943e+01,3.062999999999999901e+01
1.046000000000000085e+01,1.106000000000000050e+01,2.976999999999999957e+01
1.025999999999999979e+01,9.839999999999999858e+00,2.914000000000000057e+01
1.125999999999999979e+01,8.060000000000000497e+00,2.835999999999999943e+01
1.182000000000000028e+01,7.629999999999999893e+00,2.789999999999999858e+01
9.980000000000000426e+00,6.629999999999999893e+00,2.780000000000000071e+01
1.000000000000000000e+01,4.790000000000000036e+00,2.805000000000000071e+01
9.970000000000000639e+00,3.160000000000000142e+00,2.832999999999999829e+01
9.710000000000000853e+00,2.459999999999999964e+00,2.883999999999999986e+01
1.146000000000000085e+01,1.510000000000000009e+00,2.923999999999999844e+01
1.280000000000000071e+01,1.100000000000000089e+00,2.964000000000000057e+01
1.283000000000000007e+01,3.499999999999999778e-01,3.023000000000000043e+01
1.141000000000000014e+01,-9.599999999999999645e-01,3.096000000000000085e+01
9.039999999999999147e+00,-3.699999999999999956e-01,3.137999999999999901e+01
5.610000000000000320e+00,-8.800000000000000044e-01,3.182999999999999829e+01
4.809999999999999609e+00,-6.800000000000000488e-01,3.211999999999999744e+01
5.959999999999999964e+00,-2.040000000000000036e+00,3.210999999999999943e+01
6.219999999999999751e+00,-4.349999999999999645e+00,3.213000000000000256e+01
6.589999999999999858e+00,-4.660000000000000142e+00,3.268999999999999773e+01
7.240000000000000213e+00,-5.639999999999999680e+00,3.282000000000000028e+01
6.830000000000000071e+00,-7.759999999999999787e+00,3.332000000000000028e+01
7.019999999999999574e+00,-9.720000000000000639e+00,3.365999999999999659e+01
6.990000000000000213e+00,-1.156000000000000050e+01,3.403000000000000114e+01
6.969999999999999751e+00,-1.259999999999999964e+01,3.425999999999999801e+01
7.240000000000000213e+00,-1.269999999999999929e+01,3.379999999999999716e+01
5.120000000000000107e+00,-1.405000000000000071e+01,3.365999999999999659e+01
5.190000000000000391e+00,-1.488000000000000078e+01,3.295000000000000284e+01
5.540000000000000036e+00,-1.513000000000000078e+01,3.296000000000000085e+01
5.820000000000000284e+00,-1.372000000000000064e+01,3.357999999999999829e+01
8.769999999999999574e+00,-1.141999999999999993e+01,3.328999999999999915e+01
8.730000000000000426e+00,-9.039999999999999147e+00,3.327000000000000313e+01
9.070000000000000284e+00,-7.360000000000000320e+00,3.367999999999999972e+01
1.105000000000000071e+01,-6.469999999999999751e+00,3.429999999999999716e+01
8.550000000000000711e+00,-5.900000000000000355e+00,3.542999999999999972e+01
6.669999999999999929e+00,-5.410000000000000142e+00,3.595000000000000284e+01
7.419999999999999929e+00,-5.469999999999999751e+00,3.584000000000000341e+01
5.910000000000000142e+00,-5.030000000000000249e+00,3.599000000000000199e+01
4.719999999999999751e+00,-3.549999999999999822e+00,3.582000000000000028e+01
5.089999999999999858e+00,-2.049999999999999822e+00,3.564999999999999858e+01
2.950000000000000178e+00,-1.400000000000000133e-01,3.563000000000000256e+01
2.750000000000000000e+00,1.510000000000000009e+00,3.532000000000000028e+01
2.660000000000000142e+00,2.870000000000000107e+00,3.525000000000000000e+01
1.909999999999999920e+00,5.200000000000000178e+00,3.503999999999999915e+01
2.120000000000000107e+00,7.330000000000000071e+00,3.471999999999999886e+01
3.890000000000000124e+00,9.349999999999999645e+00,3.454999999999999716e+01
3.290000000000000036e+00,8.980000000000000426e+00,3.456000000000000227e+01
2.120000000000000107e+00,1.032000000000000028e+01,3.436999999999999744e+01
2.779999999999999805e+00,1.225000000000000000e+01,3.425000000000000000e+01
2.600000000000000089e+00,1.309999999999999964e+01,3.424000000000000199e+01
2.000000000000000000e+00,1.331000000000000050e+01,3.414000000000000057e+01
1.580000000000000071e+00,1.368999999999999950e+01,3.393999999999999773e+01
2.259999999999999787e+00,1.527999999999999936e+01,3.413000000000000256e+01
1.629999999999999893e+00,1.610000000000000142e+01,3.406000000000000227e+01
4.290000000000000036e+00,1.676999999999999957e+01,3.464000000000000057e+01
4.919999999999999929e+00,1.639999999999999858e+01,3.459000000000000341e+01
6.690000000000000391e+00,1.549000000000000021e+01,3.445000000000000284e+01
8.349999999999999645e+00,1.521000000000000085e+01,3.461999999999999744e+01
1.131000000000000050e+01,1.492999999999999972e+01,3.560999999999999943e+01
1.159999999999999964e+01,1.456000000000000050e+01,3.628000000000000114e+01
1.300000000000000000e+01,1.341000000000000014e+01,3.739000000000000057e+01
1.591000000000000014e+01,1.350000000000000000e+01,3.936999999999999744e+01
1.680000000000000071e+01,1.351999999999999957e+01,4.082999999999999829e+01
1.812999999999999901e+01,1.307000000000000028e+01,4.245000000000000284e+01
1.855000000000000071e+01,1.317999999999999972e+01,4.418999999999999773e+01
1.785999999999999943e+01,1.272000000000000064e+01,4.514000000000000057e+01
1.644000000000000128e+01,1.163000000000000078e+01,4.579999999999999716e+01
1.669000000000000128e+01,1.057000000000000028e+01,4.614000000000000057e+01
1.739000000000000057e+01,9.330000000000000071e+00,4.639999999999999858e+01
1.848999999999999844e+01,8.859999999999999432e+00,4.646000000000000085e+01
1.773000000000000043e+01,8.460000000000000853e+00,4.592999999999999972e+01
1.685999999999999943e+01,7.410000000000000142e+00,4.507999999999999829e+01
1.493999999999999950e+01,5.790000000000000036e+00,4.368999999999999773e+01
1.306000000000000050e+01,5.099999999999999645e+00,4.232999999999999829e+01
1.180000000000000071e+01,4.559999999999999609e+00,4.089999999999999858e+01
1.147000000000000064e+01,3.350000000000000089e+00,3.940999999999999659e+01
1.160999999999999943e+01,1.800000000000000044e+00,3.753000000000000114e+01
1.197000000000000064e+01,1.520000000000000018e+00,3.618999999999999773e+01
1.152999999999999936e+01,1.020000000000000018e+00,3.509000000000000341e+01
1.201999999999999957e+01,7.700000000000000178e-01,3.371000000000000085e+01
1.230000000000000071e+01,8.299999999999999600e-01,3.265999999999999659e+01
1.361999999999999922e+01,3.300000000000000155e-01,3.162000000000000099e+01
1.246000000000000085e+01,-2.500000000000000000e-01,3.121000000000000085e+01
1.273000000000000043e+01,-1.219999999999999973e+00,3.094000000000000128e+01
1.441999999999999993e+01,-1.810000000000000053e+00,3.080999999999999872e+01
1.491999999999999993e+01,-3.259999999999999787e+00,3.075000000000000000e+01
1.408000000000000007e+01,-4.269999999999999574e+00,3.094999999999999929e+01
1.138000000000000078e+01,-4.730000000000000426e+00,3.130000000000000071e+01
6.719999999999999751e+00,-4.990000000000000213e+00,3.206000000000000227e+01
2.750000000000000000e+00,-5.799999999999999822e+00,3.250000000000000000e+01
3.640000000000000124e+00,-7.059999999999999609e+00,3.217999999999999972e+01
3.950000000000000178e+00,-6.639999999999999680e+00,3.133999999999999986e+01
2.850000000000000089e+00,-7.980000000000000426e+00,3.069000000000000128e+01
4.290000000000000036e+00,-9.429999999999999716e+00,2.892999999999999972e+01
6.349999999999999645e+00,-1.083000000000000007e+01,2.696000000000000085e+01
7.950000000000000178e+00,-1.158000000000000007e+01,2.585999999999999943e+01
9.820000000000000284e+00,-1.193999999999999950e+01,2.451000000000000156e+01
1.277999999999999936e+01,-1.266999999999999993e+01,2.314000000000000057e+01
1.363000000000000078e+01,-1.317999999999999972e+01,2.201999999999999957e+01
1.551999999999999957e+01,-1.305000000000000071e+01,2.108999999999999986e+01
1.808999999999999986e+01,-1.166999999999999993e+01,2.076000000000000156e+01
1.882999999999999829e+01,-8.890000000000000568e+00,2.089000000000000057e+01
1.866000000000000014e+01,-6.379999999999999893e+00,2.144999999999999929e+01
1.928999999999999915e+01,-4.730000000000000426e+00,2.221999999999999886e+01
1.750000000000000000e+01,-3.450000000000000178e+00,2.373999999999999844e+01
1.760000000000000142e+01,-2.580000000000000071e+00,2.501000000000000156e+01
1.769999999999999929e+01,-1.270000000000000018e+00,2.644999999999999929e+01
1.506000000000000050e+01,-4.000000000000000083e-02,2.807999999999999829e+01
1.408000000000000007e+01,6.500000000000000222e-01,2.898999999999999844e+01
1.385999999999999943e+01,1.570000000000000062e+00,2.951000000000000156e+01
1.086999999999999922e+01,2.290000000000000036e+00,3.005000000000000071e+01
9.880000000000000782e+00,3.529999999999999805e+00,2.989999999999999858e+01
9.050000000000000711e+00,3.540000000000000036e+00,2.941000000000000014e+01
5.389999999999999680e+00,3.819999999999999840e+00,2.905000000000000071e+01
4.110000000000000320e+00,5.589999999999999858e+00,2.826000000000000156e+01
2.000000000000000000e+00,6.089999999999999858e+00,2.769000000000000128e+01
7.600000000000000089e-01,7.799999999999999822e+00,2.708999999999999986e+01
6.500000000000000222e-01,9.080000000000000071e+00,2.616000000000000014e+01
8.100000000000000533e-01,1.027999999999999936e+01,2.505999999999999872e+01
2.399999999999999911e-01,1.066999999999999993e+01,2.364000000000000057e+01
2.410000000000000142e+00,1.138000000000000078e+01,2.289000000000000057e+01
5.799999999999999822e+00,1.139000000000000057e+01,2.246000000000000085e+01
9.669999999999999929e+00,1.202999999999999936e+01,2.219999999999999929e+01
1.016999999999999993e+01,1.124000000000000021e+01,2.198999999999999844e+01
1.025999999999999979e+01,1.168999999999999950e+01,2.176000000000000156e+01
1.202999999999999936e+01,1.225999999999999979e+01,2.205000000000000071e+01
1.372000000000000064e+01,1.305000000000000071e+01,2.250000000000000000e+01
1.571000000000000085e+01,1.364000000000000057e+01,2.339000000000000057e+01
1.614999999999999858e+01,1.383000000000000007e+01,2.403999999999999915e+01
1.610999999999999943e+01,1.373000000000000043e+01,2.441000000000000014e+01
1.621999999999999886e+01,1.352999999999999936e+01,2.417999999999999972e+01
1.753000000000000114e+01,1.389000000000000057e+01,2.398000000000000043e+01
1.985000000000000142e+01,1.308000000000000007e+01,2.442999999999999972e+01
1.992000000000000171e+01,1.274000000000000021e+01,2.471999999999999886e+01
2.112999999999999901e+01,1.278999999999999915e+01,2.505000000000000071e+01
2.358999999999999986e+01,1.233999999999999986e+01,2.592000000000000171e+01
2.287000000000000099e+01,1.203999999999999915e+01,2.619999999999999929e+01
2.430000000000000071e+01,1.126999999999999957e+01,2.692999999999999972e+01
2.382000000000000028e+01,1.183000000000000007e+01,2.725000000000000000e+01
2.067000000000000171e+01,1.318999999999999950e+01,2.655999999999999872e+01
1.775000000000000000e+01,1.350999999999999979e+01,2.530999999999999872e+01
1.490000000000000036e+01,1.348000000000000043e+01,2.364999999999999858e+01
1.231000000000000050e+01,1.272000000000000064e+01,2.175000000000000000e+01
1.138000000000000078e+01,1.216000000000000014e+01,1.967000000000000171e+01
9.589999999999999858e+00,1.171000000000000085e+01,1.817999999999999972e+01
7.040000000000000036e+00,1.142999999999999972e+01,1.601999999999999957e+01
6.440000000000000391e+00,1.135999999999999943e+01,1.449000000000000021e+01
5.860000000000000320e+00,1.132000000000000028e+01,1.316999999999999993e+01
7.360000000000000320e+00,1.110999999999999943e+01,1.183999999999999986e+01
7.299999999999999822e+00,1.098000000000000043e+01,1.092999999999999972e+01
9.019999999999999574e+00,1.113000000000000078e+01,1.023000000000000043e+01
1.048000000000000043e+01,1.014000000000000057e+01,1.003999999999999915e+01
1.223000000000000043e+01,9.300000000000000711e+00,9.939999999999999503e+00
1.259999999999999964e+01,8.980000000000000426e+00,9.960000000000000853e+00
1.241000000000000014e+01,7.790000000000000036e+00,1.006000000000000050e+01
1.150999999999999979e+01,7.049999999999999822e+00,1.036999999999999922e+01
1.053999999999999915e+01,6.780000000000000249e+00,1.033999999999999986e+01
1.113000000000000078e+01,5.049999999999999822e+00,1.025000000000000000e+01
1.122000000000000064e+01,2.520000000000000018e+00,9.890000000000000568e+00
1.249000000000000021e+01,-8.999999999999999667e-02,9.630000000000000782e+00
1.272000000000000064e+01,-3.459999999999999964e+00,9.859999999999999432e+00
1.115000000000000036e+01,-6.219999999999999751e+00,1.027999999999999936e+01
6.290000000000000036e+00,-7.799999999999999822e+00,1.161999999999999922e+01
4.269999999999999574e+00,-8.550000000000000711e+00,1.276999999999999957e+01
3.649999999999999911e+00,-9.570000000000000284e+00,1.296000000000000085e+01
3.580000000000000071e+00,-1.096000000000000085e+01,1.335999999999999943e+01
2.220000000000000195e+00,-1.186999999999999922e+01,1.380000000000000071e+01
3.000000000000000000e+00,-1.140000000000000036e+01,1.369999999999999929e+01
2.939999999999999947e+00,-1.101999999999999957e+01,1.422000000000000064e+01
1.139999999999999902e+00,-1.093999999999999950e+01,1.478999999999999915e+01
-4.000000000000000083e-02,-1.047000000000000064e+01,1.508999999999999986e+01
-3.200000000000000067e-01,-9.199999999999999289e+00,1.493999999999999950e+01
-1.090000000000000080e+00,-7.200000000000000178e+00,1.448000000000000043e+01
-3.319999999999999840e+00,-4.969999999999999751e+00,1.386999999999999922e+01
-3.890000000000000124e+00,-2.509999999999999787e+00,1.290000000000000036e+01
-5.879999999999999893e+00,1.110000000000000098e+00,1.196000000000000085e+01
-4.389999999999999680e+00,4.519999999999999574e+00,1.041999999999999993e+01
-1.810000000000000053e+00,6.129999999999999893e+00,9.119999999999999218e+00
-4.160000000000000142e+00,6.860000000000000320e+00,7.830000000000000071e+00
-7.410000000000000142e+00,6.759999999999999787e+00,6.120000000000000107e+00
-9.679999999999999716e+00,6.830000000000000071e+00,4.889999999999999680e+00
-9.210000000000000853e+00,7.860000000000000320e+00,3.979999999999999982e+00
-8.660000000000000142e+00,1.049000000000000021e+01,3.339999999999999858e+00
-7.370000000000000107e+00,1.089000000000000057e+01,3.060000000000000053e+00
-5.790000000000000036e+00,1.114000000000000057e+01,3.049999999999999822e+00
-6.309999999999999609e+00,1.093999999999999950e+01,3.029999999999999805e+00
-7.820000000000000284e+00,1.081000000000000050e+01,2.799999999999999822e+00
-8.519999999999999574e+00,1.058999999999999986e+01,2.600000000000000089e+00
-7.400000000000000355e+00,1.017999999999999972e+01,2.640000000000000124e+00
-6.559999999999999609e+00,1.051999999999999957e+01,2.479999999999999982e+00
-4.469999999999999751e+00,1.130000000000000071e+01,2.790000000000000036e+00
-2.129999999999999893e+00,1.202999999999999936e+01,3.299999999999999822e+00
-7.600000000000000089e-01,1.300000000000000000e+01,3.859999999999999876e+00
6.400000000000000133e-01,1.335999999999999943e+01,4.809999999999999609e+00
8.199999999999999512e-01,1.336999999999999922e+01,5.570000000000000284e+00
1.949999999999999956e+00,1.372000000000000064e+01,6.370000000000000107e+00
2.330000000000000071e+00,1.376999999999999957e+01,6.830000000000000071e+00
4.440000000000000391e+00,1.453999999999999915e+01,7.509999999999999787e+00
5.620000000000000107e+00,1.490000000000000036e+01,8.160000000000000142e+00
6.780000000000000249e+00,1.523000000000000043e+01,8.689999999999999503e+00
9.490000000000000213e+00,1.563000000000000078e+01,9.339999999999999858e+00
1.184999999999999964e+01,1.561999999999999922e+01,1.018999999999999950e+01
1.280000000000000071e+01,1.574000000000000021e+01,1.128999999999999915e+01
1.314000000000000057e+01,1.548000000000000043e+01,1.166000000000000014e+01
1.466999999999999993e+01,1.491000000000000014e+01,1.214000000000000057e+01
1.575999999999999979e+01,1.365000000000000036e+01,1.206000000000000050e+01
1.887000000000000099e+01,1.257000000000000028e+01,1.259999999999999964e+01
2.044999999999999929e+01,1.209999999999999964e+01,1.307000000000000028e+01
2.330000000000000071e+01,1.091000000000000014e+01,1.391999999999999993e+01
2.357999999999999829e+01,1.027999999999999936e+01,1.489000000000000057e+01
2.237000000000000099e+01,9.789999999999999147e+00,1.550000000000000000e+01
2.157999999999999829e+01,9.699999999999999289e+00,1.541000000000000014e+01
2.357999999999999829e+01,8.570000000000000284e+00,1.519999999999999929e+01
2.496000000000000085e+01,7.379999999999999893e+00,1.542999999999999972e+01
2.505000000000000071e+01,6.889999999999999680e+00,1.605000000000000071e+01
2.357000000000000028e+01,6.549999999999999822e+00,1.605999999999999872e+01
2.310999999999999943e+01,6.009999999999999787e+00,1.581000000000000050e+01
2.148000000000000043e+01,5.129999999999999893e+00,1.534999999999999964e+01
1.900000000000000000e+01,4.450000000000000178e+00,1.425000000000000000e+01
1.785999999999999943e+01,3.299999999999999822e+00,1.316999999999999993e+01
1.776000000000000156e+01,2.979999999999999982e+00,1.222000000000000064e+01
1.823999999999999844e+01,3.529999999999999805e+00,1.186999999999999922e+01
1.632000000000000028e+01,4.250000000000000000e+00,1.166000000000000014e+01
1.322000000000000064e+01,5.459999999999999964e+00,1.105000000000000071e+01
1.066999999999999993e+01,6.209999999999999964e+00,1.049000000000000021e+01
8.240000000000000213e+00,6.509999999999999787e+00,9.759999999999999787e+00
6.360000000000000320e+00,7.320000000000000284e+00,8.779999999999999361e+00
6.919999999999999929e+00,7.990000000000000213e+00,7.809999999999999609e+00
7.269999999999999574e+00,8.460000000000000853e+00,6.940000000000000391e+00
8.570000000000000284e+00,8.589999999999999858e+00,6.599999999999999645e+00
8.759999999999999787e+00,7.360000000000000320e+00,6.540000000000000036e+00
6.929999999999999716e+00,6.209999999999999964e+00,6.820000000000000284e+00
4.940000000000000391e+00,4.519999999999999574e+00,7.099999999999999645e+00
4.570000000000000284e+00,3.729999999999999982e+00,7.230000000000000426e+00
4.990000000000000213e+00,2.569999999999999840e+00,7.360000000000000320e+00
5.030000000000000249e+00,1.139999999999999902e+00,7.709999999999999964e+00
5.049999999999999822e+00,-7.500000000000000000e-01,7.870000000000000107e+00
5.110000000000000320e+00,-4.599999999999999645e+00,7.950000000000000178e+00
4.549999999999999822e+00,-6.820000000000000284e+00,8.029999999999999361e+00
3.029999999999999805e+00,-9.230000000000000426e+00,8.269999999999999574e+00
1.129999999999999893e+00,-1.294999999999999929e+01,8.679999999999999716e+00
4.199999999999999845e-01,-1.519999999999999929e+01,9.210000000000000853e+00
3.699999999999999956e-01,-1.696000000000000085e+01,9.580000000000000071e+00
-5.600000000000000533e-01,-1.762000000000000099e+01,1.016000000000000014e+01
-1.219999999999999973e+00,-1.687000000000000099e+01,1.046000000000000085e+01
-2.740000000000000213e+00,-1.701000000000000156e+01,1.108999999999999986e+01
-3.709999999999999964e+00,-1.848999999999999844e+01,1.127999999999999936e+01
-3.740000000000000213e+00,-1.810999999999999943e+01,1.115000000000000036e+01
-3.390000000000000124e+00,-1.733999999999999986e+01,1.101999999999999957e+01
-3.609999999999999876e+00,-1.614000000000000057e+01,1.041999999999999993e+01
-2.799999999999999822e+00,-1.617000000000000171e+01,9.679999999999999716e+00
-7.700000000000000178e-01,-1.403999999999999915e+01,9.080000000000000071e+00
1.439999999999999947e+00,-1.200000000000000000e+01,8.439999999999999503e+00
2.600000000000000089e+00,-1.016000000000000014e+01,7.889999999999999680e+00
2.700000000000000178e+00,-9.210000000000000853e+00,7.809999999999999609e+00
1.659999999999999920e+00,-8.019999999999999574e+00,8.150000000000000355e+00
2.999999999999999889e-02,-5.610000000000000320e+00,8.330000000000000071e+00
-2.569999999999999840e+00,-3.240000000000000213e+00,8.480000000000000426e+00
-4.919999999999999929e+00,-1.320000000000000062e+00,8.369999999999999218e+00
-6.669999999999999929e+00,1.260000000000000009e+00,7.719999999999999751e+00
-5.629999999999999893e+00,3.439999999999999947e+00,7.030000000000000249e+00
-4.280000000000000249e+00,3.750000000000000000e+00,6.679999999999999716e+00
-5.099999999999999645e+00,4.320000000000000284e+00,6.280000000000000249e+00
-3.040000000000000036e+00,5.750000000000000000e+00,5.629999999999999893e+00
2.189999999999999947e+00,7.080000000000000071e+00,5.540000000000000036e+00
3.250000000000000000e+00,8.449999999999999289e+00,5.719999999999999751e+00
2.240000000000000213e+00,9.869999999999999218e+00,6.070000000000000284e+00
2.859999999999999876e+00,1.169999999999999929e+01,6.639999999999999680e+00
2.859999999999999876e+00,1.315000000000000036e+01,7.269999999999999574e+00
3.029999999999999805e+00,1.524000000000000021e+01,7.910000000000000142e+00
3.299999999999999822e+00,1.561999999999999922e+01,8.539999999999999147e+00
2.720000000000000195e+00,1.526999999999999957e+01,8.859999999999999432e+00
3.859999999999999876e+00,1.457000000000000028e+01,9.720000000000000639e+00
3.509999999999999787e+00,1.369999999999999929e+01,9.949999999999999289e+00
4.719999999999999751e+00,1.359999999999999964e+01,1.031000000000000050e+01
7.070000000000000284e+00,1.397000000000000064e+01,1.074000000000000021e+01
9.289999999999999147e+00,1.291000000000000014e+01,1.110999999999999943e+01
9.640000000000000568e+00,1.267999999999999972e+01,1.100000000000000000e+01
1.143999999999999950e+01,1.260999999999999943e+01,1.118999999999999950e+01
1.346000000000000085e+01,1.350999999999999979e+01,1.157000000000000028e+01
1.666000000000000014e+01,1.440000000000000036e+01,1.225000000000000000e+01
1.978999999999999915e+01,1.459999999999999964e+01,1.333000000000000007e+01
2.076000000000000156e+01,1.425999999999999979e+01,1.400000000000000000e+01
2.167999999999999972e+01,1.394999999999999929e+01,1.450999999999999979e+01
2.201999999999999957e+01,1.409999999999999964e+01,1.519999999999999929e+01
2.101000000000000156e+01,1.327999999999999936e+01,1.551999999999999957e+01
2.055999999999999872e+01,1.214000000000000057e+01,1.565000000000000036e+01
2.180000000000000071e+01,1.133000000000000007e+01,1.600000000000000000e+01
2.164999999999999858e+01,1.100000000000000000e+01,1.619000000000000128e+01
2.071999999999999886e+01,1.131000000000000050e+01,1.594999999999999929e+01
1.855999999999999872e+01,1.183999999999999986e+01,1.525000000000000000e+01
1.591999999999999993e+01,1.214000000000000057e+01,1.383000000000000007e+01
1.352999999999999936e+01,1.191999999999999993e+01,1.214000000000000057e+01
1.168999999999999950e+01,1.156000000000000050e+01,1.042999999999999972e+01
1.133000000000000007e+01,1.135999999999999943e+01,8.490000000000000213e+00
1.135999999999999943e+01,1.091999999999999993e+01,6.190000000000000391e+00
1.151999999999999957e+01,1.071000000000000085e+01,4.509999999999999787e+00
1.061999999999999922e+01,9.419999999999999929e+00,3.069999999999999840e+00
1.206000000000000050e+01,9.050000000000000711e+00,2.089999999999999858e+00
1.385999999999999943e+01,9.779999999999999361e+00,1.570000000000000062e+00
1.325999999999999979e+01,1.050999999999999979e+01,1.530000000000000027e+00
1.175999999999999979e+01,9.960000000000000853e+00,1.250000000000000000e+00
1.221000000000000085e+01,9.689999999999999503e+00,1.620000000000000107e+00
1.396000000000000085e+01,9.220000000000000639e+00,2.100000000000000089e+00
1.315000000000000036e+01,9.710000000000000853e+00,2.850000000000000089e+00
1.293999999999999950e+01,1.048000000000000043e+01,3.799999999999999822e+00
1.231000000000000050e+01,1.084999999999999964e+01,4.490000000000000213e+00
9.660000000000000142e+00,1.017999999999999972e+01,4.919999999999999929e+00
8.130000000000000782e+00,1.003999999999999915e+01,5.259999999999999787e+00
8.089999999999999858e+00,8.490000000000000213e+00,5.459999999999999964e+00
7.919999999999999929e+00,6.730000000000000426e+00,5.480000000000000426e+00
7.830000000000000071e+00,3.779999999999999805e+00,5.570000000000000284e+00
7.750000000000000000e+00,2.300000000000000100e-01,5.500000000000000000e+00
6.959999999999999964e+00,-3.759999999999999787e+00,5.330000000000000071e+00
5.230000000000000426e+00,-6.549999999999999822e+00,5.059999999999999609e+00
3.899999999999999911e+00,-9.339999999999999858e+00,4.049999999999999822e+00
3.370000000000000107e+00,-1.031000000000000050e+01,3.040000000000000036e+00
2.109999999999999876e+00,-1.109999999999999964e+01,1.870000000000000107e+00
1.199999999999999956e+00,-1.251999999999999957e+01,-5.999999999999999778e-02
8.000000000000000444e-01,-1.260999999999999943e+01,-1.479999999999999982e+00
-4.000000000000000222e-01,-1.150999999999999979e+01,-2.910000000000000142e+00
-1.929999999999999938e+00,-8.720000000000000639e+00,-3.609999999999999876e+00
-2.300000000000000100e-01,-6.150000000000000355e+00,-4.910000000000000142e+00
1.989999999999999991e+00,-5.019999999999999574e+00,-5.490000000000000213e+00
3.299999999999999822e+00,-3.549999999999999822e+00,-5.250000000000000000e+00
4.299999999999999822e+00,-2.450000000000000178e+00,-4.129999999999999893e+00
6.230000000000000426e+00,-1.189999999999999947e+00,-3.250000000000000000e+00
7.889999999999999680e+00,1.499999999999999944e-01,-1.979999999999999982e+00
8.599999999999999645e+00,2.999999999999999889e-01,-6.400000000000000133e-01
9.259999999999999787e+00,3.300000000000000155e-01,5.500000000000000444e-01
7.509999999999999787e+00,1.580000000000000071e+00,1.760000000000000009e+00
8.400000000000000355e+00,1.260000000000000009e+00,2.680000000000000160e+00
6.429999999999999716e+00,1.189999999999999947e+00,3.890000000000000124e+00
6.620000000000000107e+00,2.109999999999999876e+00,4.500000000000000000e+00
5.889999999999999680e+00,1.500000000000000000e+00,5.139999999999999680e+00
6.269999999999999574e+00,8.900000000000000133e-01,5.559999999999999609e+00
7.200000000000000178e+00,7.099999999999999645e-01,5.980000000000000426e+00
6.519999999999999574e+00,1.929999999999999938e+00,6.690000000000000391e+00
6.650000000000000355e+00,3.319999999999999840e+00,6.719999999999999751e+00
8.310000000000000497e+00,3.990000000000000213e+00,6.230000000000000426e+00
9.039999999999999147e+00,3.500000000000000000e+00,6.120000000000000107e+00
8.189999999999999503e+00,4.450000000000000178e+00,6.059999999999999609e+00
6.929999999999999716e+00,5.900000000000000355e+00,5.980000000000000426e+00
6.610000000000000320e+00,8.349999999999999645e+00,5.540000000000000036e+00
7.580000000000000071e+00,1.048000000000000043e+01,5.919999999999999929e+00
6.929999999999999716e+00,1.166000000000000014e+01,6.320000000000000284e+00
5.950000000000000178e+00,1.186999999999999922e+01,6.120000000000000107e+00
4.540000000000000036e+00,1.174000000000000021e+01,5.740000000000000213e+00
5.389999999999999680e+00,1.133999999999999986e+01,5.830000000000000071e+00
4.889999999999999680e+00,1.190000000000000036e+01,6.009999999999999787e+00
3.220000000000000195e+00,1.221000000000000085e+01,5.660000000000000142e+00
4.799999999999999822e+00,1.300000000000000000e+01,5.400000000000000355e+00
5.000000000000000000e+00,1.335999999999999943e+01,4.919999999999999929e+00
6.839999999999999858e+00,1.303999999999999915e+01,4.799999999999999822e+00
6.660000000000000142e+00,1.326999999999999957e+01,4.349999999999999645e+00
7.769999999999999574e+00,1.303999999999999915e+01,4.530000000000000249e+00
8.060000000000000497e+00,1.324000000000000021e+01,4.240000000000000213e+00
1.058000000000000007e+01,1.326999999999999957e+01,4.339999999999999858e+00
1.122000000000000064e+01,1.248000000000000043e+01,4.669999999999999929e+00
1.339000000000000057e+01,1.203999999999999915e+01,5.389999999999999680e+00
1.382000000000000028e+01,1.159999999999999964e+01,6.120000000000000107e+00
1.384999999999999964e+01,1.111999999999999922e+01,6.219999999999999751e+00
1.552999999999999936e+01,1.043999999999999950e+01,6.519999999999999574e+00
1.739999999999999858e+01,9.939999999999999503e+00,6.950000000000000178e+00
1.942999999999999972e+01,1.006000000000000050e+01,7.540000000000000036e+00
1.937999999999999901e+01,1.011999999999999922e+01,7.709999999999999964e+00
1.932000000000000028e+01,1.030000000000000071e+01,7.900000000000000355e+00
2.112999999999999901e+01,1.005000000000000071e+01,8.210000000000000853e+00
2.235999999999999943e+01,9.939999999999999503e+00,8.570000000000000284e+00
2.307000000000000028e+01,9.310000000000000497e+00,8.919999999999999929e+00
2.478000000000000114e+01,8.369999999999999218e+00,9.220000000000000639e+00
2.757000000000000028e+01,6.769999999999999574e+00,9.740000000000000213e+00
2.812000000000000099e+01,5.860000000000000320e+00,1.038000000000000078e+01
2.542999999999999972e+01,5.769999999999999574e+00,1.084999999999999964e+01
2.292000000000000171e+01,5.750000000000000000e+00,1.075000000000000000e+01
1.975000000000000000e+01,4.809999999999999609e+00,1.008999999999999986e+01
1.766000000000000014e+01,4.280000000000000249e+00,9.400000000000000355e+00
1.600000000000000000e+01,4.009999999999999787e+00,8.769999999999999574e+00
1.253999999999999915e+01,3.589999999999999858e+00,7.500000000000000000e+00
1.118999999999999950e+01,2.939999999999999947e+00,6.660000000000000142e+00
8.570000000000000284e+00,1.820000000000000062e+00,5.530000000000000249e+00
7.089999999999999858e+00,1.499999999999999944e-01,4.620000000000000107e+00
6.669999999999999929e+00,-7.199999999999999734e-01,3.850000000000000089e+00
6.150000000000000355e+00,-2.439999999999999947e+00,3.319999999999999840e+00
4.660000000000000142e+00,-4.280000000000000249e+00,2.870000000000000107e+00
3.919999999999999929e+00,-5.839999999999999858e+00,2.359999999999999876e+00
2.629999999999999893e+00,-7.379999999999999893e+00,1.850000000000000089e+00
2.149999999999999911e+00,-9.029999999999999361e+00,1.520000000000000018e+00
2.549999999999999822e+00,-1.044999999999999929e+01,1.129999999999999893e+00
1.659999999999999920e+00,-1.106000000000000050e+01,1.199999999999999956e+00
2.370000000000000107e+00,-1.057000000000000028e+01,1.260000000000000009e+00
9.799999999999999822e-01,-9.689999999999999503e+00,1.760000000000000009e+00
1.370000000000000107e+00,-8.699999999999999289e+00,1.739999999999999991e+00
1.449999999999999956e+00,-6.490000000000000213e+00,1.360000000000000098e+00
3.029999999999999805e+00,-4.940000000000000391e+00,1.189999999999999947e+00
4.099999999999999645e+00,-3.689999999999999947e+00,1.010000000000000009e+00
6.349999999999999645e+00,-1.600000000000000089e+00,1.129999999999999893e+00
5.910000000000000142e+00,2.899999999999999800e-01,1.659999999999999920e+00
6.459999999999999964e+00,1.060000000000000053e+00,1.760000000000000009e+00
8.720000000000000639e+00,2.709999999999999964e+00,1.919999999999999929e+00
9.980000000000000426e+00,4.240000000000000213e+00,2.200000000000000178e+00
1.134999999999999964e+01,5.440000000000000391e+00,2.180000000000000160e+00
1.282000000000000028e+01,6.099999999999999645e+00,1.979999999999999982e+00
1.628999999999999915e+01,6.910000000000000142e+00,1.560000000000000053e+00
1.805999999999999872e+01,7.019999999999999574e+00,1.330000000000000071e+00
1.891000000000000014e+01,7.769999999999999574e+00,6.600000000000000311e-01
2.060000000000000142e+01,8.410000000000000142e+00,2.300000000000000100e-01
2.301999999999999957e+01,8.539999999999999147e+00,2.000000000000000042e-02
2.464999999999999858e+01,7.469999999999999751e+00,-1.199999999999999956e-01
2.589000000000000057e+01,6.269999999999999574e+00,-2.800000000000000266e-01
2.664999999999999858e+01,5.629999999999999893e+00,-4.199999999999999845e-01
2.537000000000000099e+01,5.230000000000000426e+00,-4.299999999999999933e-01
2.607000000000000028e+01,4.830000000000000071e+00,-3.099999999999999978e-01
2.567999999999999972e+01,5.200000000000000178e+00,-3.200000000000000067e-01
2.617000000000000171e+01,4.919999999999999929e+00,5.000000000000000278e-02
2.414000000000000057e+01,4.809999999999999609e+00,1.700000000000000122e-01
2.255999999999999872e+01,4.919999999999999929e+00,2.300000000000000100e-01
2.014999999999999858e+01,4.839999999999999858e+00,1.000000000000000056e-01
1.967000000000000171e+01,4.719999999999999751e+00,2.200000000000000011e-01
1.814999999999999858e+01,4.830000000000000071e+00,3.699999999999999956e-01
1.773999999999999844e+01,4.889999999999999680e+00,7.800000000000000266e-01
1.782999999999999829e+01,4.660000000000000142e+00,1.360000000000000098e+00
1.696000000000000085e+01,4.660000000000000142e+00,1.800000000000000044e+00
1.726999999999999957e+01,4.360000000000000320e+00,2.299999999999999822e+00
1.721999999999999886e+01,3.810000000000000053e+00,2.589999999999999858e+00
1.667999999999999972e+01,3.819999999999999840e+00,2.919999999999999929e+00
1.662000000000000099e+01,5.209999999999999964e+00,3.649999999999999911e+00
1.572000000000000064e+01,6.660000000000000142e+00,4.290000000000000036e+00
1.425000000000000000e+01,7.900000000000000355e+00,5.139999999999999680e+00
1.324000000000000021e+01,8.800000000000000711e+00,5.860000000000000320e+00
1.230000000000000071e+01,8.970000000000000639e+00,6.589999999999999858e+00
1.165000000000000036e+01,8.810000000000000497e+00,7.419999999999999929e+00
1.146000000000000085e+01,8.259999999999999787e+00,8.419999999999999929e+00
9.960000000000000853e+00,7.530000000000000249e+00,8.900000000000000355e+00
7.570000000000000284e+00,5.709999999999999964e+00,9.210000000000000853e+00
5.169999999999999929e+00,4.160000000000000142e+00,9.660000000000000142e+00
2.919999999999999929e+00,2.770000000000000018e+00,9.869999999999999218e+00
4.199999999999999845e-01,1.120000000000000107e+00,9.949999999999999289e+00
-7.700000000000000178e-01,-1.900000000000000022e-01,9.820000000000000284e+00
-1.340000000000000080e+00,-1.550000000000000044e+00,9.470000000000000639e+00
-9.000000000000000222e-01,-3.299999999999999822e+00,8.960000000000000853e+00
1.189999999999999947e+00,-4.230000000000000426e+00,8.720000000000000639e+00
1.620000000000000107e+00,-3.459999999999999964e+00,8.339999999999999858e+00
3.759999999999999787e+00,-2.850000000000000089e+00,7.980000000000000426e+00
3.220000000000000195e+00,-2.270000000000000018e+00,7.769999999999999574e+00
3.879999999999999893e+00,-1.370000000000000107e+00,7.339999999999999858e+00
3.759999999999999787e+00,-1.649999999999999911e+00,7.209999999999999964e+00
4.349999999999999645e+00,-2.300000000000000100e-01,7.320000000000000284e+00
2.620000000000000107e+00,2.149999999999999911e+00,7.639999999999999680e+00
2.939999999999999947e+00,3.689999999999999947e+00,7.950000000000000178e+00
1.969999999999999973e+00,5.459999999999999964e+00,8.890000000000000568e+00
7.399999999999999911e-01,6.500000000000000000e+00,9.279999999999999361e+00
2.160000000000000142e+00,7.549999999999999822e+00,9.640000000000000568e+00
3.250000000000000000e+00,8.449999999999999289e+00,1.050000000000000000e+01
2.950000000000000178e+00,9.900000000000000355e+00,1.117999999999999972e+01
1.750000000000000000e+00,1.050000000000000000e+01,1.183999999999999986e+01
2.299999999999999822e+00,1.086999999999999922e+01,1.269999999999999929e+01
8.699999999999999956e-01,1.076999999999999957e+01,1.298000000000000043e+01
6.600000000000000311e-01,1.042999999999999972e+01,1.338000000000000078e+01
-8.299999999999999600e-01,1.075999999999999979e+01,1.380000000000000071e+01
-1.270000000000000018e+00,1.013000000000000078e+01,1.426999999999999957e+01
-1.370000000000000107e+00,9.410000000000000142e+00,1.524000000000000021e+01
-2.120000000000000107e+00,9.369999999999999218e+00,1.578999999999999915e+01
-2.470000000000000195e+00,8.880000000000000782e+00,1.619999999999999929e+01
-1.330000000000000071e+00,8.900000000000000355e+00,1.646000000000000085e+01
-9.399999999999999467e-01,8.769999999999999574e+00,1.673999999999999844e+01
7.099999999999999645e-01,8.640000000000000568e+00,1.698000000000000043e+01
2.689999999999999947e+00,8.400000000000000355e+00,1.703000000000000114e+01
4.940000000000000391e+00,8.189999999999999503e+00,1.676999999999999957e+01
7.429999999999999716e+00,7.500000000000000000e+00,1.703999999999999915e+01
8.720000000000000639e+00,7.919999999999999929e+00,1.707000000000000028e+01
1.044999999999999929e+01,7.879999999999999893e+00,1.692999999999999972e+01
1.148000000000000043e+01,7.480000000000000426e+00,1.714000000000000057e+01
1.283999999999999986e+01,7.030000000000000249e+00,1.714000000000000057e+01
1.307000000000000028e+01,7.070000000000000284e+00,1.735000000000000142e+01
1.347000000000000064e+01,6.809999999999999609e+00,1.758999999999999986e+01
1.316000000000000014e+01,6.759999999999999787e+00,1.798999999999999844e+01
1.140000000000000036e+01,6.360000000000000320e+00,1.782000000000000028e+01
1.032000000000000028e+01,6.219999999999999751e+00,1.771999999999999886e+01
9.779999999999999361e+00,6.950000000000000178e+00,1.789999999999999858e+01
8.609999999999999432e+00,6.849999999999999645e+00,1.723999999999999844e+01
6.740000000000000213e+00,6.980000000000000426e+00,1.682000000000000028e+01
5.309999999999999609e+00,7.410000000000000142e+00,1.646999999999999886e+01
4.580000000000000071e+00,7.790000000000000036e+00,1.577999999999999936e+01
4.080000000000000071e+00,8.050000000000000711e+00,1.535999999999999943e+01
3.720000000000000195e+00,8.429999999999999716e+00,1.466999999999999993e+01
5.240000000000000213e+00,8.240000000000000213e+00,1.442999999999999972e+01
5.349999999999999645e+00,7.839999999999999858e+00,1.407000000000000028e+01
6.400000000000000355e+00,7.370000000000000107e+00,1.389000000000000057e+01
7.509999999999999787e+00,6.610000000000000320e+00,1.378999999999999915e+01
8.980000000000000426e+00,6.620000000000000107e+00,1.391999999999999993e+01
8.589999999999999858e+00,6.099999999999999645e+00,1.416999999999999993e+01
9.390000000000000568e+00,5.459999999999999964e+00,1.432000000000000028e+01
8.589999999999999858e+00,4.870000000000000107e+00,1.450000000000000000e+01
8.740000000000000213e+00,3.500000000000000000e+00,1.484999999999999964e+01
8.849999999999999645e+00,2.339999999999999858e+00,1.508999999999999986e+01
7.150000000000000355e+00,1.090000000000000080e+00,1.525000000000000000e+01
5.509999999999999787e+00,-5.999999999999999778e-02,1.542999999999999972e+01
5.799999999999999822e+00,-1.000000000000000000e+00,1.534999999999999964e+01
3.750000000000000000e+00,-2.870000000000000107e+00,1.540000000000000036e+01
1.909999999999999920e+00,-4.190000000000000391e+00,1.532000000000000028e+01
-6.899999999999999467e-01,-5.410000000000000142e+00,1.488000000000000078e+01
-1.780000000000000027e+00,-7.099999999999999645e+00,1.434999999999999964e+01
-4.070000000000000284e+00,-8.189999999999999503e+00,1.406000000000000050e+01
-6.269999999999999574e+00,-9.140000000000000568e+00,1.332000000000000028e+01
-7.959999999999999964e+00,-9.859999999999999432e+00,1.269999999999999929e+01
-9.330000000000000071e+00,-1.033999999999999986e+01,1.208000000000000007e+01
-1.167999999999999972e+01,-1.007000000000000028e+01,1.148000000000000043e+01
-1.264000000000000057e+01,-9.230000000000000426e+00,1.077999999999999936e+01
-1.390000000000000036e+01,-7.820000000000000284e+00,1.013000000000000078e+01
-1.421000000000000085e+01,-6.799999999999999822e+00,9.300000000000000711e+00
-1.558999999999999986e+01,-5.980000000000000426e+00,8.599999999999999645e+00
-1.516000000000000014e+01,-3.490000000000000213e+00,7.639999999999999680e+00
-1.483999999999999986e+01,-1.030000000000000027e+00,6.589999999999999858e+00
-1.363000000000000078e+01,2.470000000000000195e+00,5.679999999999999716e+00
-1.310999999999999943e+01,5.190000000000000391e+00,5.549999999999999822e+00
-1.164000000000000057e+01,8.050000000000000711e+00,5.419999999999999929e+00
-9.609999999999999432e+00,1.118999999999999950e+01,5.610000000000000320e+00
-8.650000000000000355e+00,1.240000000000000036e+01,5.900000000000000355e+00
-7.429999999999999716e+00,1.396000000000000085e+01,6.349999999999999645e+00
-5.639999999999999680e+00,1.503999999999999915e+01,7.139999999999999680e+00
-4.019999999999999574e+00,1.539000000000000057e+01,7.969999999999999751e+00
-1.030000000000000027e+00,1.549000000000000021e+01,9.419999999999999929e+00
2.200000000000000011e-01,1.500000000000000000e+01,1.059999999999999964e+01
1.040000000000000036e+00,1.451999999999999957e+01,1.165000000000000036e+01
2.709999999999999964e+00,1.401999999999999957e+01,1.246000000000000085e+01
3.810000000000000053e+00,1.239000000000000057e+01,1.317999999999999972e+01
3.500000000000000000e+00,1.093999999999999950e+01,1.338000000000000078e+01
2.629999999999999893e+00,9.060000000000000497e+00,1.325999999999999979e+01
2.180000000000000160e+00,7.450000000000000178e+00,1.288000000000000078e+01
2.169999999999999929e+00,5.910000000000000142e+00,1.231000000000000050e+01
2.859999999999999876e+00,4.750000000000000000e+00,1.200999999999999979e+01
3.709999999999999964e+00,3.770000000000000018e+00,1.169999999999999929e+01
2.790000000000000036e+00,3.430000000000000160e+00,1.102999999999999936e+01
2.700000000000000178e+00,1.580000000000000071e+00,1.072000000000000064e+01
3.629999999999999893e+00,2.800000000000000266e-01,1.038000000000000078e+01
3.270000000000000018e+00,-1.469999999999999973e+00,1.018999999999999950e+01
4.250000000000000000e+00,-2.240000000000000213e+00,1.030000000000000071e+01
3.669999999999999929e+00,-2.299999999999999822e+00,1.046000000000000085e+01
4.370000000000000107e+00,-1.459999999999999964e+00,1.050999999999999979e+01
2.910000000000000142e+00,-1.010000000000000009e+00,1.071000000000000085e+01
3.629999999999999893e+00,-2.999999999999999889e-01,1.068999999999999950e+01
2.970000000000000195e+00,1.060000000000000053e+00,1.025000000000000000e+01
2.290000000000000036e+00,1.850000000000000089e+00,9.980000000000000426e+00
2.959999999999999964e+00,2.299999999999999822e+00,9.650000000000000355e+00
3.580000000000000071e+00,3.279999999999999805e+00,9.710000000000000853e+00
3.799999999999999822e+00,3.959999999999999964e+00,9.880000000000000782e+00
4.200000000000000178e+00,4.299999999999999822e+00,1.013000000000000078e+01
5.629999999999999893e+00,4.730000000000000426e+00,1.041000000000000014e+01
5.690000000000000391e+00,4.530000000000000249e+00,1.059999999999999964e+01
6.230000000000000426e+00,4.540000000000000036e+00,1.066999999999999993e+01
6.660000000000000142e+00,4.280000000000000249e+00,1.075999999999999979e+01
7.959999999999999964e+00,3.149999999999999911e+00,1.110999999999999943e+01
7.860000000000000320e+00,1.729999999999999982e+00,1.128999999999999915e+01
7.719999999999999751e+00,8.199999999999999512e-01,1.143999999999999950e+01
6.360000000000000320e+00,-5.799999999999999600e-01,1.125999999999999979e+01
5.530000000000000249e+00,-8.399999999999999689e-01,1.109999999999999964e+01
3.959999999999999964e+00,-1.499999999999999944e-01,1.075999999999999979e+01
3.250000000000000000e+00,1.900000000000000022e-01,1.032000000000000028e+01
1.550000000000000044e+00,5.799999999999999600e-01,9.929999999999999716e+00
-7.000000000000000666e-02,1.090000000000000080e+00,9.369999999999999218e+00
-2.000000000000000000e+00,1.379999999999999893e+00,8.880000000000000782e+00
-4.589999999999999858e+00,1.719999999999999973e+00,8.330000000000000071e+00
-7.589999999999999858e+00,1.790000000000000036e+00,7.740000000000000213e+00
-1.056000000000000050e+01,1.439999999999999947e+00,7.139999999999999680e+00
-1.398000000000000043e+01,1.040000000000000036e+00,6.450000000000000178e+00
-1.621999999999999886e+01,5.200000000000000178e-01,5.860000000000000320e+00
-1.767999999999999972e+01,-2.099999999999999922e-01,5.139999999999999680e+00
-1.910000000000000142e+01,2.099999999999999922e-01,4.379999999999999893e+00
-2.148000000000000043e+01,7.800000000000000266e-01,3.569999999999999840e+00
-2.278999999999999915e+01,1.129999999999999893e+00,2.879999999999999893e+00
-2.264000000000000057e+01,2.990000000000000213e+00,2.189999999999999947e+00
-2.171999999999999886e+01,4.200000000000000178e+00,1.909999999999999920e+00
-2.207999999999999829e+01,5.660000000000000142e+00,1.540000000000000036e+00
-2.273000000000000043e+01,6.349999999999999645e+00,5.699999999999999512e-01
-2.119000000000000128e+01,6.980000000000000426e+00,-2.999999999999999889e-02
-2.050000000000000000e+01,7.759999999999999787e+00,-6.300000000000000044e-01
-1.894000000000000128e+01,9.369999999999999218e+00,-1.229999999999999982e+00
-1.764000000000000057e+01,1.074000000000000021e+01,-1.449999999999999956e+00
-1.610999999999999943e+01,1.181000000000000050e+01,-1.639999999999999902e+00
-1.315000000000000036e+01,1.406000000000000050e+01,-1.590000000000000080e+00
-1.099000000000000021e+01,1.500999999999999979e+01,-1.209999999999999964e+00
-9.589999999999999858e+00,1.577999999999999936e+01,-1.020000000000000018e+00
-6.769999999999999574e+00,1.651000000000000156e+01,-3.800000000000000044e-01
-2.970000000000000195e+00,1.696000000000000085e+01,1.020000000000000018e+00
-6.800000000000000488e-01,1.662000000000000099e+01,2.200000000000000178e+00
1.219999999999999973e+00,1.641000000000000014e+01,3.189999999999999947e+00
2.509999999999999787e+00,1.591000000000000014e+01,3.859999999999999876e+00
3.970000000000000195e+00,1.466999999999999993e+01,4.450000000000000178e+00
5.500000000000000000e+00,1.375999999999999979e+01,5.040000000000000036e+00
6.570000000000000284e+00,1.294999999999999929e+01,5.419999999999999929e+00
8.320000000000000284e+00,1.176999999999999957e+01,5.879999999999999893e+00
9.580000000000000071e+00,1.033999999999999986e+01,6.099999999999999645e+00
1.052999999999999936e+01,9.060000000000000497e+00,6.360000000000000320e+00
1.264000000000000057e+01,7.549999999999999822e+00,6.690000000000000391e+00
1.251999999999999957e+01,6.750000000000000000e+00,6.719999999999999751e+00
1.392999999999999972e+01,5.700000000000000178e+00,6.929999999999999716e+00
1.506000000000000050e+01,4.139999999999999680e+00,7.290000000000000036e+00
1.530000000000000071e+01,3.459999999999999964e+00,7.580000000000000071e+00
1.558000000000000007e+01,2.549999999999999822e+00,8.109999999999999432e+00
1.425999999999999979e+01,2.350000000000000089e+00,8.380000000000000782e+00
1.384999999999999964e+01,1.770000000000000018e+00,8.500000000000000000e+00
1.242999999999999972e+01,2.100000000000000089e+00,8.560000000000000497e+00
1.061999999999999922e+01,1.810000000000000053e+00,8.439999999999999503e+00
8.800000000000000711e+00,1.899999999999999911e+00,8.289999999999999147e+00
6.879999999999999893e+00,2.120000000000000107e+00,8.080000000000000071e+00
4.830000000000000071e+00,1.909999999999999920e+00,7.650000000000000355e+00
5.320000000000000284e+00,2.100000000000000089e+00,7.570000000000000284e+00
4.139999999999999680e+00,2.470000000000000195e+00,7.280000000000000249e+00
4.320000000000000284e+00,1.840000000000000080e+00,6.929999999999999716e+00
3.129999999999999893e+00,1.290000000000000036e+00,6.589999999999999858e+00
5.440000000000000391e+00,1.219999999999999973e+00,6.230000000000000426e+00
5.919999999999999929e+00,1.120000000000000107e+00,6.030000000000000249e+00
7.709999999999999964e+00,1.639999999999999902e+00,6.280000000000000249e+00
7.879999999999999893e+00,2.060000000000000053e+00,6.349999999999999645e+00
8.800000000000000711e+00,2.759999999999999787e+00,6.389999999999999680e+00
9.380000000000000782e+00,3.160000000000000142e+00,6.780000000000000249e+00
9.939999999999999503e+00,2.729999999999999982e+00,7.040000000000000036e+00
1.041999999999999993e+01,1.850000000000000089e+00,7.280000000000000249e+00
8.750000000000000000e+00,1.040000000000000036e+00,7.330000000000000071e+00
7.480000000000000426e+00,-1.600000000000000033e-01,7.250000000000000000e+00
5.780000000000000249e+00,-1.649999999999999911e+00,7.000000000000000000e+00
4.320000000000000284e+00,-3.100000000000000089e+00,6.799999999999999822e+00
2.049999999999999822e+00,-4.259999999999999787e+00,6.410000000000000142e+00
1.900000000000000022e-01,-6.110000000000000320e+00,5.830000000000000071e+00
-8.399999999999999689e-01,-6.639999999999999680e+00,5.429999999999999716e+00
-1.320000000000000062e+00,-7.040000000000000036e+00,4.860000000000000320e+00
-1.409999999999999920e+00,-6.809999999999999609e+00,4.099999999999999645e+00
-1.770000000000000018e+00,-6.559999999999999609e+00,3.790000000000000036e+00
-1.520000000000000018e+00,-5.400000000000000355e+00,3.500000000000000000e+00
-9.000000000000000222e-01,-3.729999999999999982e+00,3.399999999999999911e+00
-1.040000000000000036e+00,-1.489999999999999991e+00,3.729999999999999982e+00
-7.299999999999999822e-01,-5.600000000000000533e-01,4.320000000000000284e+00
-1.090000000000000080e+00,8.199999999999999512e-01,4.750000000000000000e+00
-2.470000000000000195e+00,1.899999999999999911e+00,5.280000000000000249e+00
-3.060000000000000053e+00,2.640000000000000124e+00,5.629999999999999893e+00
-4.290000000000000036e+00,3.459999999999999964e+00,6.179999999999999716e+00
-5.870000000000000107e+00,3.850000000000000089e+00,6.870000000000000107e+00
-7.000000000000000000e+00,4.250000000000000000e+00,7.429999999999999716e+00
-8.210000000000000853e+00,4.200000000000000178e+00,7.879999999999999893e+00
-8.750000000000000000e+00,3.930000000000000160e+00,8.339999999999999858e+00
-8.740000000000000213e+00,3.220000000000000195e+00,8.660000000000000142e+00
-7.809999999999999609e+00,1.870000000000000107e+00,8.859999999999999432e+00
-5.950000000000000178e+00,1.790000000000000036e+00,9.009999999999999787e+00
-3.350000000000000089e+00,8.000000000000000167e-02,9.330000000000000071e+00
-1.199999999999999956e+00,-1.739999999999999991e+00,9.720000000000000639e+00
1.530000000000000027e+00,-3.439999999999999947e+00,9.960000000000000853e+00
3.259999999999999787e+00,-3.379999999999999893e+00,1.048000000000000043e+01
3.049999999999999822e+00,-2.850000000000000089e+00,1.116000000000000014e+01
2.220000000000000195e+00,-6.600000000000000311e-01,1.163000000000000078e+01
1.949999999999999956e+00,1.550000000000000044e+00,1.209999999999999964e+01
1.659999999999999920e+00,1.719999999999999973e+00,1.235999999999999943e+01
3.160000000000000142e+00,2.020000000000000018e+00,1.268999999999999950e+01
2.270000000000000018e+00,2.779999999999999805e+00,1.280000000000000071e+01
2.950000000000000178e+00,3.120000000000000107e+00,1.235999999999999943e+01
4.690000000000000391e+00,3.910000000000000142e+00,1.228999999999999915e+01
4.410000000000000142e+00,4.490000000000000213e+00,1.208999999999999986e+01
5.389999999999999680e+00,5.919999999999999929e+00,1.191999999999999993e+01
6.200000000000000178e+00,6.500000000000000000e+00,1.208999999999999986e+01
3.839999999999999858e+00,7.120000000000000107e+00,1.224000000000000021e+01
2.560000000000000053e+00,8.050000000000000711e+00,1.203999999999999915e+01
7.500000000000000000e-01,8.529999999999999361e+00,1.173000000000000043e+01
-8.299999999999999600e-01,8.699999999999999289e+00,1.124000000000000021e+01
1.810000000000000053e+00,7.870000000000000107e+00,1.131000000000000050e+01
2.410000000000000142e+00,7.269999999999999574e+00,1.155000000000000071e+01
3.759999999999999787e+00,6.759999999999999787e+00,1.183000000000000007e+01
4.679999999999999716e+00,8.140000000000000568e+00,1.186999999999999922e+01
4.389999999999999680e+00,1.032000000000000028e+01,1.188000000000000078e+01
5.839999999999999858e+00,1.271000000000000085e+01,1.247000000000000064e+01
8.500000000000000000e+00,1.478999999999999915e+01,1.323000000000000043e+01
1.001999999999999957e+01,1.710000000000000142e+01,1.377999999999999936e+01
9.480000000000000426e+00,1.785000000000000142e+01,1.382000000000000028e+01
9.839999999999999858e+00,1.801000000000000156e+01,1.373000000000000043e+01
8.039999999999999147e+00,1.744000000000000128e+01,1.316999999999999993e+01
7.110000000000000320e+00,1.842000000000000171e+01,1.263000000000000078e+01
7.440000000000000391e+00,1.905000000000000071e+01,1.241999999999999993e+01
8.220000000000000639e+00,1.933999999999999986e+01,1.206000000000000050e+01
1.014000000000000057e+01,1.885000000000000142e+01,1.239000000000000057e+01
1.275000000000000000e+01,1.819000000000000128e+01,1.371000000000000085e+01
1.200000000000000000e+01,1.837000000000000099e+01,1.413000000000000078e+01
1.369999999999999929e+01,1.798000000000000043e+01,1.508999999999999986e+01
1.346000000000000085e+01,1.780999999999999872e+01,1.548000000000000043e+01
1.461999999999999922e+01,1.751000000000000156e+01,1.607000000000000028e+01
1.484999999999999964e+01,1.660000000000000142e+01,1.637000000000000099e+01
1.596000000000000085e+01,1.696999999999999886e+01,1.687000000000000099e+01
1.703999999999999915e+01,1.728999999999999915e+01,1.712999999999999901e+01
1.714000000000000057e+01,1.639000000000000057e+01,1.714000000000000057e+01
1.623000000000000043e+01,1.596000000000000085e+01,1.650000000000000000e+01
1.676000000000000156e+01,1.543999999999999950e+01,1.599000000000000021e+01
1.534999999999999964e+01,1.509999999999999964e+01,1.502999999999999936e+01
1.472000000000000064e+01,1.575999999999999979e+01,1.417999999999999972e+01
1.302999999999999936e+01,1.644999999999999929e+01,1.299000000000000021e+01
1.081000000000000050e+01,1.757000000000000028e+01,1.125999999999999979e+01
1.002999999999999936e+01,1.850000000000000000e+01,1.022000000000000064e+01
9.789999999999999147e+00,1.853000000000000114e+01,9.500000000000000000e+00
6.629999999999999893e+00,1.735999999999999943e+01,8.179999999999999716e+00
3.930000000000000160e+00,1.710999999999999943e+01,6.740000000000000213e+00
3.149999999999999911e+00,1.673999999999999844e+01,5.990000000000000213e+00
3.169999999999999929e+00,1.687999999999999901e+01,5.509999999999999787e+00
2.209999999999999964e+00,1.598000000000000043e+01,4.679999999999999716e+00
1.840000000000000080e+00,1.538000000000000078e+01,4.019999999999999574e+00
2.259999999999999787e+00,1.458000000000000007e+01,3.879999999999999893e+00
3.040000000000000036e+00,1.391999999999999993e+01,3.890000000000000124e+00
3.140000000000000124e+00,1.183999999999999986e+01,4.330000000000000071e+00
3.069999999999999840e+00,1.002999999999999936e+01,3.839999999999999858e+00
3.250000000000000000e+00,8.119999999999999218e+00,2.790000000000000036e+00
5.440000000000000391e+00,6.070000000000000284e+00,2.100000000000000089e+00
8.500000000000000000e+00,4.139999999999999680e+00,1.510000000000000009e+00
1.050000000000000000e+01,2.370000000000000107e+00,6.899999999999999467e-01
1.123000000000000043e+01,-8.999999999999999667e-02,-1.799999999999999933e-01
1.158000000000000007e+01,-2.169999999999999929e+00,-3.499999999999999778e-01
1.200000000000000000e+01,-3.520000000000000018e+00,-5.400000000000000355e-01
1.166000000000000014e+01,-4.650000000000000355e+00,-8.000000000000000167e-02
9.289999999999999147e+00,-5.519999999999999574e+00,5.200000000000000178e-01
8.560000000000000497e+00,-6.730000000000000426e+00,1.000000000000000000e+00
7.469999999999999751e+00,-7.540000000000000036e+00,1.840000000000000080e+00
6.139999999999999680e+00,-7.669999999999999929e+00,2.799999999999999822e+00
4.490000000000000213e+00,-7.900000000000000355e+00,3.660000000000000142e+00
3.100000000000000089e+00,-8.359999999999999432e+00,4.040000000000000036e+00
3.680000000000000160e+00,-1.016000000000000014e+01,3.959999999999999964e+00
5.169999999999999929e+00,-1.209999999999999964e+01,3.629999999999999893e+00
4.429999999999999716e+00,-1.309999999999999964e+01,3.479999999999999982e+00
5.650000000000000355e+00,-1.241999999999999993e+01,2.990000000000000213e+00
5.980000000000000426e+00,-1.098000000000000043e+01,2.870000000000000107e+00
6.490000000000000213e+00,-9.929999999999999716e+00,2.629999999999999893e+00
8.130000000000000782e+00,-9.199999999999999289e+00,2.839999999999999858e+00
7.799999999999999822e+00,-8.369999999999999218e+00,3.490000000000000213e+00
6.950000000000000178e+00,-5.889999999999999680e+00,4.450000000000000178e+00
6.599999999999999645e+00,-4.839999999999999858e+00,5.000000000000000000e+00
7.570000000000000284e+00,-4.459999999999999964e+00,5.570000000000000284e+00
9.300000000000000711e+00,-3.620000000000000107e+00,6.370000000000000107e+00
7.740000000000000213e+00,-3.229999999999999982e+00,7.049999999999999822e+00
5.830000000000000071e+00,-2.509999999999999787e+00,7.549999999999999822e+00
5.700000000000000178e+00,-1.429999999999999938e+00,7.669999999999999929e+00
6.059999999999999609e+00,-2.229999999999999982e+00,7.540000000000000036e+00
6.309999999999999609e+00,-1.929999999999999938e+00,7.419999999999999929e+00
6.200000000000000178e+00,-1.239999999999999991e+00,7.129999999999999893e+00
5.469999999999999751e+00,-1.580000000000000071e+00,6.790000000000000036e+00
6.049999999999999822e+00,-2.299999999999999822e+00,6.519999999999999574e+00
5.129999999999999893e+00,-3.270000000000000018e+00,6.530000000000000249e+00
5.349999999999999645e+00,-4.690000000000000391e+00,5.929999999999999716e+00
4.419999999999999929e+00,-5.860000000000000320e+00,5.889999999999999680e+00
3.560000000000000053e+00,-6.709999999999999964e+00,5.509999999999999787e+00
3.149999999999999911e+00,-6.990000000000000213e+00,4.929999999999999716e+00
2.799999999999999822e+00,-7.269999999999999574e+00,4.519999999999999574e+00
1.879999999999999893e+00,-7.219999999999999751e+00,4.429999999999999716e+00
1.189999999999999947e+00,-7.450000000000000178e+00,4.200000000000000178e+00
8.599999999999999867e-01,-7.549999999999999822e+00,3.890000000000000124e+00
1.899999999999999911e+00,-7.089999999999999858e+00,3.609999999999999876e+00
1.870000000000000107e+00,-6.219999999999999751e+00,3.240000000000000213e+00
1.169999999999999929e+00,-5.929999999999999716e+00,3.370000000000000107e+00
1.060000000000000053e+00,-6.730000000000000426e+00,3.290000000000000036e+00
5.000000000000000000e-01,-7.299999999999999822e+00,3.359999999999999876e+00
-2.099999999999999922e-01,-7.759999999999999787e+00,3.580000000000000071e+00
-9.000000000000000222e-01,-8.589999999999999858e+00,3.689999999999999947e+00
6.300000000000000044e-01,-9.500000000000000000e+00,3.629999999999999893e+00
1.379999999999999893e+00,-1.064000000000000057e+01,3.729999999999999982e+00
3.069999999999999840e+00,-1.031000000000000050e+01,3.790000000000000036e+00
4.669999999999999929e+00,-1.009999999999999964e+01,4.120000000000000107e+00
3.490000000000000213e+00,-1.036999999999999922e+01,4.980000000000000426e+00
3.899999999999999911e+00,-1.039000000000000057e+01,5.379999999999999893e+00
5.190000000000000391e+00,-1.090000000000000036e+01,5.759999999999999787e+00
5.360000000000000320e+00,-1.136999999999999922e+01,6.259999999999999787e+00
5.209999999999999964e+00,-1.043999999999999950e+01,6.740000000000000213e+00
5.440000000000000391e+00,-9.320000000000000284e+00,7.120000000000000107e+00
5.200000000000000178e+00,-8.720000000000000639e+00,7.469999999999999751e+00
5.610000000000000320e+00,-8.539999999999999147e+00,7.709999999999999964e+00
6.129999999999999893e+00,-8.419999999999999929e+00,7.790000000000000036e+00
5.889999999999999680e+00,-8.050000000000000711e+00,8.060000000000000497e+00
5.969999999999999751e+00,-7.809999999999999609e+00,8.250000000000000000e+00
5.190000000000000391e+00,-8.169999999999999929e+00,8.380000000000000782e+00
5.750000000000000000e+00,-8.830000000000000071e+00,8.470000000000000639e+00
6.209999999999999964e+00,-9.320000000000000284e+00,8.490000000000000213e+00
7.160000000000000142e+00,-9.500000000000000000e+00,8.529999999999999361e+00
7.730000000000000426e+00,-9.560000000000000497e+00,8.619999999999999218e+00
8.679999999999999716e+00,-9.949999999999999289e+00,8.560000000000000497e+00
9.839999999999999858e+00,-9.970000000000000639e+00,8.750000000000000000e+00
9.509999999999999787e+00,-9.550000000000000711e+00,9.000000000000000000e+00
9.519999999999999574e+00,-8.630000000000000782e+00,9.259999999999999787e+00
1.096000000000000085e+01,-8.410000000000000142e+00,9.240000000000000213e+00
1.123000000000000043e+01,-8.740000000000000213e+00,9.279999999999999361e+00
1.124000000000000021e+01,-9.089999999999999858e+00,9.369999999999999218e+00
1.097000000000000064e+01,-9.310000000000000497e+00,9.349999999999999645e+00
9.199999999999999289e+00,-8.789999999999999147e+00,9.560000000000000497e+00
8.140000000000000568e+00,-8.640000000000000568e+00,9.519999999999999574e+00
7.730000000000000426e+00,-8.199999999999999289e+00,9.300000000000000711e+00
6.929999999999999716e+00,-8.259999999999999787e+00,8.890000000000000568e+00
6.209999999999999964e+00,-8.539999999999999147e+00,8.289999999999999147e+00
6.309999999999999609e+00,-9.189999999999999503e+00,7.919999999999999929e+00
5.769999999999999574e+00,-8.240000000000000213e+00,7.629999999999999893e+00
6.320000000000000284e+00,-7.780000000000000249e+00,7.099999999999999645e+00
6.309999999999999609e+00,-8.009999999999999787e+00,6.950000000000000178e+00
5.480000000000000426e+00,-7.500000000000000000e+00,6.809999999999999609e+00
6.480000000000000426e+00,-7.530000000000000249e+00,6.459999999999999964e+00
5.780000000000000249e+00,-8.089999999999999858e+00,6.370000000000000107e+00
5.160000000000000142e+00,-8.000000000000000000e+00,6.360000000000000320e+00
4.820000000000000284e+00,-7.750000000000000000e+00,6.320000000000000284e+00
4.919999999999999929e+00,-7.780000000000000249e+00,6.049999999999999822e+00
4.360000000000000320e+00,-7.639999999999999680e+00,5.879999999999999893e+00
3.580000000000000071e+00,-7.349999999999999645e+00,5.540000000000000036e+00
1.840000000000000080e+00,-7.469999999999999751e+00,5.400000000000000355e+00
1.100000000000000006e-01,-8.089999999999999858e+00,5.099999999999999645e+00
-1.209999999999999964e+00,-8.000000000000000000e+00,4.820000000000000284e+00
-2.009999999999999787e+00,-8.089999999999999858e+00,4.490000000000000213e+00
-3.310000000000000053e+00,-7.059999999999999609e+00,4.360000000000000320e+00
-2.500000000000000000e+00,-6.219999999999999751e+00,3.990000000000000213e+00
-2.609999999999999876e+00,-5.299999999999999822e+00,3.669999999999999929e+00
-1.370000000000000107e+00,-6.450000000000000178e+00,3.330000000000000071e+00
-9.599999999999999645e-01,-7.450000000000000178e+00,3.229999999999999982e+00
5.999999999999999778e-02,-8.140000000000000568e+00,3.120000000000000107e+00
6.800000000000000488e-01,-7.950000000000000178e+00,3.680000000000000160e+00
-2.899999999999999800e-01,-7.759999999999999787e+00,3.500000000000000000e+00
-1.280000000000000027e+00,-7.620000000000000107e+00,3.890000000000000124e+00
-2.189999999999999947e+00,-7.150000000000000355e+00,3.520000000000000018e+00
-2.250000000000000000e+00,-6.620000000000000107e+00,3.049999999999999822e+00
-1.919999999999999929e+00,-6.509999999999999787e+00,2.479999999999999982e+00
-1.370000000000000107e+00,-6.620000000000000107e+00,2.640000000000000124e+00
-4.400000000000000022e-01,-5.919999999999999929e+00,2.709999999999999964e+00
-1.310000000000000053e+00,-6.690000000000000391e+00,3.220000000000000195e+00
-2.259999999999999787e+00,-7.339999999999999858e+00,3.330000000000000071e+00
-3.129999999999999893e+00,-7.549999999999999822e+00,3.200000000000000178e+00
-1.689999999999999947e+00,-7.540000000000000036e+00,3.009999999999999787e+00
-4.600000000000000200e-01,-7.309999999999999609e+00,2.970000000000000195e+00
-1.310000000000000053e+00,-6.879999999999999893e+00,2.839999999999999858e+00
-1.899999999999999911e+00,-6.790000000000000036e+00,2.890000000000000124e+00
-2.870000000000000107e+00,-6.209999999999999964e+00,3.000000000000000000e+00
-1.699999999999999956e+00,-5.429999999999999716e+00,3.020000000000000018e+00
-1.750000000000000000e+00,-4.849999999999999645e+00,3.180000000000000160e+00
-1.889999999999999902e+00,-5.759999999999999787e+00,2.990000000000000213e+00
-1.810000000000000053e+00,-6.929999999999999716e+00,2.810000000000000053e+00
-2.299999999999999822e+00,-7.169999999999999929e+00,2.669999999999999929e+00
-1.459999999999999964e+00,-6.599999999999999645e+00,2.959999999999999964e+00
-1.340000000000000080e+00,-6.250000000000000000e+00,2.990000000000000213e+00
-1.679999999999999938e+00,-6.129999999999999893e+00,3.109999999999999876e+00
-2.319999999999999840e+00,-6.679999999999999716e+00,2.819999999999999840e+00
-2.060000000000000053e+00,-7.169999999999999929e+00,2.509999999999999787e+00
-2.509999999999999787e+00,-7.099999999999999645e+00,2.770000000000000018e+00
-2.419999999999999929e+00,-5.799999999999999822e+00,2.640000000000000124e+00
-1.729999999999999982e+00,-4.490000000000000213e+00,2.560000000000000053e+00
-2.450000000000000178e+00,-4.450000000000000178e+00,2.529999999999999805e+00
-1.959999999999999964e+00,-5.679999999999999716e+00,2.479999999999999982e+00
-1.790000000000000036e+00,-5.000000000000000000e+00,2.149999999999999911e+00
-1.939999999999999947e+00,-5.769999999999999574e+00,2.180000000000000160e+00
-1.959999999999999964e+00,-5.219999999999999751e+00,2.600000000000000089e+00
-2.310000000000000053e+00,-5.429999999999999716e+00,3.160000000000000142e+00
-2.459999999999999964e+00,-5.889999999999999680e+00,2.990000000000000213e+00
-1.429999999999999938e+00,-5.360000000000000320e+00,3.049999999999999822e+00
-1.510000000000000009e+00,-5.599999999999999645e+00,2.910000000000000142e+00
-2.040000000000000036e+00,-5.440000000000000391e+00,2.919999999999999929e+00
-1.939999999999999947e+00,-5.580000000000000071e+00,2.700000000000000178e+00
-1.030000000000000027e+00,-5.209999999999999964e+00,2.740000000000000213e+00
-1.590000000000000080e+00,-5.339999999999999858e+00,2.890000000000000124e+00
-2.229999999999999982e+00,-4.830000000000000071e+00,2.629999999999999893e+00
-2.120000000000000107e+00,-4.809999999999999609e+00,2.759999999999999787e+00
-2.770000000000000018e+00,-6.160000000000000142e+00,2.790000000000000036e+00
-1.909999999999999920e+00,-7.240000000000000213e+00,2.569999999999999840e+00
-1.389999999999999902e+00,-6.620000000000000107e+00,2.629999999999999893e+00
-1.850000000000000089e+00,-7.160000000000000142e+00,2.759999999999999787e+00
-2.689999999999999947e+00,-6.639999999999999680e+00,2.740000000000000213e+00
-1.840000000000000080e+00,-5.540000000000000036e+00,2.500000000000000000e+00
-1.250000000000000000e+00,-3.990000000000000213e+00,2.470000000000000195e+00
-1.989999999999999991e+00,-2.970000000000000195e+00,2.560000000000000053e+00
-1.729999999999999982e+00,-3.950000000000000178e+00,2.439999999999999947e+00
-1.520000000000000018e+00,-5.169999999999999929e+00,2.609999999999999876e+00
-1.520000000000000018e+00,-6.009999999999999787e+00,2.450000000000000178e+00
-1.669999999999999929e+00,-6.330000000000000071e+00,2.259999999999999787e+00
-1.239999999999999991e+00,-6.500000000000000000e+00,2.520000000000000018e+00
-1.080000000000000071e+00,-6.330000000000000071e+00,2.490000000000000213e+00
-2.060000000000000053e+00,-6.110000000000000320e+00,2.609999999999999876e+00
-3.299999999999999822e+00,-6.799999999999999822e+00,2.680000000000000160e+00
-4.240000000000000213e+00,-7.780000000000000249e+00,2.660000000000000142e+00
-4.320000000000000284e+00,-7.650000000000000355e+00,2.259999999999999787e+00
-3.839999999999999858e+00,-7.379999999999999893e+00,1.979999999999999982e+00
-4.400000000000000355e+00,-7.780000000000000249e+00,1.719999999999999973e+00
-4.179999999999999716e+00,-7.450000000000000178e+00,1.429999999999999938e+00
-2.839999999999999858e+00,-6.799999999999999822e+00,1.419999999999999929e+00
-2.830000000000000071e+00,-6.839999999999999858e+00,1.709999999999999964e+00
-3.500000000000000000e+00,-7.089999999999999858e+00,1.709999999999999964e+00
-3.100000000000000089e+00,-7.209999999999999964e+00,1.679999999999999938e+00
-3.720000000000000195e+00,-7.209999999999999964e+00,2.089999999999999858e+00
-4.459999999999999964e+00,-6.980000000000000426e+00,2.259999999999999787e+00
-3.180000000000000160e+00,-7.230000000000000426e+00,1.879999999999999893e+00
-3.020000000000000018e+00,-7.129999999999999893e+00,1.739999999999999991e+00
-3.220000000000000195e+00,-7.059999999999999609e+00,1.770000000000000018e+00
-4.280000000000000249e+00,-6.709999999999999964e+00,1.889999999999999902e+00
-4.299999999999999822e+00,-7.129999999999999893e+00,1.729999999999999982e+00
-4.299999999999999822e+00,-7.230000000000000426e+00,8.699999999999999956e-01
-3.229999999999999982e+00,-6.599999999999999645e+00,1.159999999999999920e+00
-3.709999999999999964e+00,-6.599999999999999645e+00,1.540000000000000036e+00
-3.950000000000000178e+00,-6.549999999999999822e+00,1.780000000000000027e+00
-4.500000000000000000e+00,-7.099999999999999645e+00,1.750000000000000000e+00
-3.470000000000000195e+00,-6.559999999999999609e+00,1.719999999999999973e+00
-3.859999999999999876e+00,-6.660000000000000142e+00,2.080000000000000071e+00
-3.890000000000000124e+00,-6.719999999999999751e+00,1.760000000000000009e+00
-4.209999999999999964e+00,-6.910000000000000142e+00,1.719999999999999973e+00
-3.509999999999999787e+00,-6.769999999999999574e+00,1.879999999999999893e+00
-3.979999999999999982e+00,-6.839999999999999858e+00,1.840000000000000080e+00
-3.910000000000000142e+00,-6.759999999999999787e+00,1.149999999999999911e+00
-4.129999999999999893e+00,-6.709999999999999964e+00,1.659999999999999920e+00
-4.030000000000000249e+00,-6.759999999999999787e+00,1.919999999999999929e+00
-3.859999999999999876e+00,-6.700000000000000178e+00,1.639999999999999902e+00
-4.080000000000000071e+00,-6.790000000000000036e+00,1.840000000000000080e+00
-3.890000000000000124e+00,-6.790000000000000036e+00,1.300000000000000044e+00
-3.919999999999999929e+00,-6.919999999999999929e+00,1.870000000000000107e+00
-3.979999999999999982e+00,-6.719999999999999751e+00,2.430000000000000160e+00
-4.059999999999999609e+00,-6.950000000000000178e+00,2.209999999999999964e+00
-3.810000000000000053e+00,-6.780000000000000249e+00,1.729999999999999982e+00
-3.950000000000000178e+00,-6.730000000000000426e+00,1.260000000000000009e+00
-3.890000000000000124e+00,-6.820000000000000284e+00,1.270000000000000018e+00
-4.019999999999999574e+00,-6.709999999999999964e+00,1.580000000000000071e+00
-3.850000000000000089e+00,-6.849999999999999645e+00,1.110000000000000098e+00
-3.810000000000000053e+00,-6.799999999999999822e+00,7.399999999999999911e-01
-4.089999999999999858e+00,-6.879999999999999893e+00,1.449999999999999956e+00
-3.930000000000000160e+00,-6.839999999999999858e+00,1.310000000000000053e+00
-3.910000000000000142e+00,-6.830000000000000071e+00,1.610000000000000098e+00
-4.059999999999999609e+00,-6.750000000000000000e+00,1.459999999999999964e+00
-4.110000000000000320e+00,-6.799999999999999822e+00,2.310000000000000053e+00
-3.899999999999999911e+00,-6.750000000000000000e+00,2.509999999999999787e+00
-3.779999999999999805e+00,-6.900000000000000355e+00,2.120000000000000107e+00
-4.040000000000000036e+00,-6.879999999999999893e+00,2.020000000000000018e+00
-4.059999999999999609e+00,-6.740000000000000213e+00,1.919999999999999929e+00
-3.970000000000000195e+00,-6.740000000000000213e+00,1.800000000000000044e+00
-4.059999999999999609e+00,-6.730000000000000426e+00,1.699999999999999956e+00
-3.859999999999999876e+00,-6.889999999999999680e+00,1.370000000000000107e+00
-4.080000000000000071e+00,-6.719999999999999751e+00,1.989999999999999991e+00
-3.899999999999999911e+00,-6.830000000000000071e+00,1.429999999999999938e+00
-3.950000000000000178e+00,-6.750000000000000000e+00,1.290000000000000036e+00
-4.019999999999999574e+00,-6.769999999999999574e+00,1.860000000000000098e+00
-4.040000000000000036e+00,-6.759999999999999787e+00,1.600000000000000089e+00
-3.990000000000000213e+00,-6.759999999999999787e+00,1.929999999999999938e+00
-4.019999999999999574e+00,-6.799999999999999822e+00,2.330000000000000071e+00
-4.030000000000000249e+00,-6.809999999999999609e+00,2.049999999999999822e+00
-4.080000000000000071e+00,-6.759999999999999787e+00,1.550000000000000044e+00
-3.839999999999999858e+00,-6.769999999999999574e+00,1.469999999999999973e+00
-4.019999999999999574e+00,-6.830000000000000071e+00,1.489999999999999991e+00
-4.019999999999999574e+00,-6.740000000000000213e+00,1.459999999999999964e+00
-3.979999999999999982e+00,-6.790000000000000036e+00,1.580000000000000071e+00
-3.890000000000000124e+00,-6.730000000000000426e+00,1.860000000000000098e+00
-3.990000000000000213e+00,-6.769999999999999574e+00,1.919999999999999929e+00
-3.850000000000000089e+00,-6.879999999999999893e+00,1.260000000000000009e+00
-4.059999999999999609e+00,-6.780000000000000249e+00,1.580000000000000071e+00
-3.979999999999999982e+00,-6.919999999999999929e+00,1.689999999999999947e+00
-3.970000000000000195e+00,-6.940000000000000391e+00,1.300000000000000044e+00
-4.080000000000000071e+00,-6.809999999999999609e+00,1.889999999999999902e+00
-4.040000000000000036e+00,-6.830000000000000071e+00,2.160000000000000142e+00
-3.930000000000000160e+00,-6.879999999999999893e+00,2.149999999999999911e+00
-3.859999999999999876e+00,-6.860000000000000320e+00,1.949999999999999956e+00
-3.890000000000000124e+00,-6.809999999999999609e+00,1.520000000000000018e+00
-3.970000000000000195e+00,-6.769999999999999574e+00,1.570000000000000062e+00
-4.160000000000000142e+00,-6.730000000000000426e+00,2.009999999999999787e+00
-3.879999999999999893e+00,-6.839999999999999858e+00,1.679999999999999938e+00
-3.859999999999999876e+00,-6.700000000000000178e+00,1.969999999999999973e+00
-3.910000000000000142e+00,-6.769999999999999574e+00,1.260000000000000009e+00
-3.870000000000000107e+00,-6.839999999999999858e+00,1.330000000000000071e+00
-4.019999999999999574e+00,-6.759999999999999787e+00,1.250000000000000000e+00
-4.049999999999999822e+00,-6.790000000000000036e+00,1.219999999999999973e+00
-3.850000000000000089e+00,-6.769999999999999574e+00,1.209999999999999964e+00
-3.899999999999999911e+00,-6.660000000000000142e+00,1.909999999999999920e+00
-4.049999999999999822e+00,-6.740000000000000213e+00,2.120000000000000107e+00
-3.939999999999999947e+00,-6.790000000000000036e+00,1.590000000000000080e+00
-3.970000000000000195e+00,-6.900000000000000355e+00,1.620000000000000107e+00
-4.049999999999999822e+00,-6.799999999999999822e+00,1.679999999999999938e+00
-3.939999999999999947e+00,-6.799999999999999822e+00,1.760000000000000009e+00
-3.890000000000000124e+00,-6.849999999999999645e+00,2.160000000000000142e+00
-3.979999999999999982e+00,-6.759999999999999787e+00,1.840000000000000080e+00
-3.919999999999999929e+00,-6.759999999999999787e+00,2.100000000000000089e+00
-3.950000000000000178e+00,-6.639999999999999680e+00,1.949999999999999956e+00
-4.080000000000000071e+00,-6.790000000000000036e+00,1.879999999999999893e+00
-4.030000000000000249e+00,-6.719999999999999751e+00,2.140000000000000124e+00
-4.049999999999999822e+00,-6.809999999999999609e+00,1.820000000000000062e+00
-3.979999999999999982e+00,-6.910000000000000142e+00,1.439999999999999947e+00
-3.979999999999999982e+00,-6.839999999999999858e+00,1.610000000000000098e+00
-3.879999999999999893e+00,-6.870000000000000107e+00,1.919999999999999929e+00
-3.899999999999999911e+00,-6.759999999999999787e+00,1.850000000000000089e+00
-3.979999999999999982e+00,-6.860000000000000320e+00,1.300000000000000044e+00
-4.049999999999999822e+00,-6.730000000000000426e+00,1.699999999999999956e+00
-4.040000000000000036e+00,-6.759999999999999787e+00,1.919999999999999929e+00
-4.070000000000000284e+00,-6.780000000000000249e+00,1.719999999999999973e+00
-3.959999999999999964e+00,-6.759999999999999787e+00,1.330000000000000071e+00
-4.009999999999999787e+00,-6.780000000000000249e+00,1.879999999999999893e+00
-4.019999999999999574e+00,-6.769999999999999574e+00,1.929999999999999938e+00
-3.939999999999999947e+00,-6.740000000000000213e+00,1.590000000000000080e+00
-3.970000000000000195e+00,-6.719999999999999751e+00,1.340000000000000080e+00
-4.019999999999999574e+00,-6.769999999999999574e+00,1.479999999999999982e+00
-3.879999999999999893e+00,-6.860000000000000320e+00,1.360000000000000098e+00
-4.040000000000000036e+00,-6.889999999999999680e+00,1.800000000000000044e+00
-3.959999999999999964e+00,-6.790000000000000036e+00,1.629999999999999893e+00
-3.879999999999999893e+00,-6.790000000000000036e+00,1.409999999999999920e+00
-3.939999999999999947e+00,-6.769999999999999574e+00,1.689999999999999947e+00
-3.899999999999999911e+00,-6.750000000000000000e+00,1.790000000000000036e+00
-3.979999999999999982e+00,-6.750000000000000000e+00,1.699999999999999956e+00
-4.040000000000000036e+00,-6.750000000000000000e+00,1.750000000000000000e+00
-3.870000000000000107e+00,-6.759999999999999787e+00,1.560000000000000053e+00
-4.019999999999999574e+00,-6.860000000000000320e+00,1.469999999999999973e+00
-3.879999999999999893e+00,-6.809999999999999609e+00,1.429999999999999938e+00
-4.040000000000000036e+00,-6.719999999999999751e+00,1.899999999999999911e+00
-4.070000000000000284e+00,-6.719999999999999751e+00,2.100000000000000089e+00
-3.939999999999999947e+00,-6.750000000000000000e+00,1.899999999999999911e+00
-3.879999999999999893e+00,-6.679999999999999716e+00,1.129999999999999893e+00
-3.910000000000000142e+00,-6.879999999999999893e+00,1.959999999999999964e+00
-3.799999999999999822e+00,-6.889999999999999680e+00,2.100000000000000089e+00
-3.939999999999999947e+00,-6.740000000000000213e+00,1.419999999999999929e+00
-3.979999999999999982e+00,-6.849999999999999645e+00,1.979999999999999982e+00
-3.939999999999999947e+00,-6.679999999999999716e+00,1.850000000000000089e+00
-3.660000000000000142e+00,-6.820000000000000284e+00,1.560000000000000053e+00
-3.839999999999999858e+00,-6.740000000000000213e+00,1.649999999999999911e+00
-3.839999999999999858e+00,-6.769999999999999574e+00,1.520000000000000018e+00
-3.959999999999999964e+00,-6.759999999999999787e+00,1.110000000000000098e+00
-4.000000000000000000e+00,-6.709999999999999964e+00,1.600000000000000089e+00
-4.139999999999999680e+00,-6.759999999999999787e+00,1.649999999999999911e+00
-3.910000000000000142e+00,-6.759999999999999787e+00,1.659999999999999920e+00
-3.890000000000000124e+00,-6.809999999999999609e+00,1.830000000000000071e+00
-3.930000000000000160e+00,-6.769999999999999574e+00,1.810000000000000053e+00
-3.839999999999999858e+00,-6.879999999999999893e+00,1.659999999999999920e+00
-3.959999999999999964e+00,-6.809999999999999609e+00,1.679999999999999938e+00
-3.790000000000000036e+00,-6.799999999999999822e+00,1.270000000000000018e+00
-3.919999999999999929e+00,-6.790000000000000036e+00,1.030000000000000027e+00
-4.059999999999999609e+00,-6.830000000000000071e+00,1.510000000000000009e+00
-4.030000000000000249e+00,-6.839999999999999858e+00,2.189999999999999947e+00
-3.859999999999999876e+00,-6.799999999999999822e+00,1.810000000000000053e+00
-3.859999999999999876e+00,-6.790000000000000036e+00,1.820000000000000062e+00
-3.850000000000000089e+00,-6.709999999999999964e+00,2.080000000000000071e+00
-3.850000000000000089e+00,-6.780000000000000249e+00,1.290000000000000036e+00
-4.099999999999999645e+00,-6.709999999999999964e+00,1.909999999999999920e+00
-3.819999999999999840e+00,-6.889999999999999680e+00,1.810000000000000053e+00
-3.990000000000000213e+00,-6.759999999999999787e+00,2.299999999999999822e+00
-3.890000000000000124e+00,-6.799999999999999822e+00,1.810000000000000053e+00
-3.859999999999999876e+00,-6.790000000000000036e+00,1.750000000000000000e+00
-3.830000000000000071e+00,-6.820000000000000284e+00,1.649999999999999911e+00
-4.030000000000000249e+00,-6.700000000000000178e+00,1.689999999999999947e+00
-4.040000000000000036e+00,-6.750000000000000000e+00,1.709999999999999964e+00
-4.040000000000000036e+00,-6.990000000000000213e+00,2.240000000000000213e+00
-3.970000000000000195e+00,-6.809999999999999609e+00,1.979999999999999982e+00
-3.930000000000000160e+00,-6.860000000000000320e+00,1.750000000000000000e+00
-3.930000000000000160e+00,-6.799999999999999822e+00,1.649999999999999911e+00
-4.000000000000000000e+00,-6.809999999999999609e+00,1.219999999999999973e+00
-3.939999999999999947e+00,-6.700000000000000178e+00,1.570000000000000062e+00
-4.019999999999999574e+00,-6.759999999999999787e+00,2.259999999999999787e+00
-4.030000000000000249e+00,-6.870000000000000107e+00,1.350000000000000089e+00
-3.939999999999999947e+00,-6.799999999999999822e+00,1.300000000000000044e+00
-3.899999999999999911e+00,-6.769999999999999574e+00,1.590000000000000080e+00
-3.970000000000000195e+00,-6.780000000000000249e+00,1.530000000000000027e+00
-4.000000000000000000e+00,-6.700000000000000178e+00,1.449999999999999956e+00
-3.839999999999999858e+00,-6.889999999999999680e+00,1.300000000000000044e+00
-4.009999999999999787e+00,-6.709999999999999964e+00,1.540000000000000036e+00
-3.899999999999999911e+00,-6.679999999999999716e+00,1.530000000000000027e+00
-3.930000000000000160e+00,-6.799999999999999822e+00,1.739999999999999991e+00
-4.000000000000000000e+00,-6.849999999999999645e+00,2.009999999999999787e+00
-3.910000000000000142e+00,-6.769999999999999574e+00,1.340000000000000080e+00
-3.839999999999999858e+00,-6.719999999999999751e+00,1.870000000000000107e+00
-3.819999999999999840e+00,-6.870000000000000107e+00,1.800000000000000044e+00
-4.089999999999999858e+00,-6.780000000000000249e+00,2.020000000000000018e+00
-3.799999999999999822e+00,-6.910000000000000142e+00,1.629999999999999893e+00
-4.000000000000000000e+00,-6.860000000000000320e+00,1.500000000000000000e+00
-3.959999999999999964e+00,-6.780000000000000249e+00,1.389999999999999902e+00
-4.019999999999999574e+00,-6.820000000000000284e+00,1.830000000000000071e+00
-4.019999999999999574e+00,-6.719999999999999751e+00,1.909999999999999920e+00
-4.019999999999999574e+00,-6.719999999999999751e+00,2.220000000000000195e+00
-4.059999999999999609e+00,-6.730000000000000426e+00,1.840000000000000080e+00
-3.709999999999999964e+00,-6.799999999999999822e+00,1.770000000000000018e+00
-4.379999999999999893e+00,-7.309999999999999609e+00,1.620000000000000107e+00
-3.640000000000000124e+00,-6.799999999999999822e+00,1.629999999999999893e+00
-3.810000000000000053e+00,-7.240000000000000213e+00,1.600000000000000089e+00
-3.660000000000000142e+00,-6.389999999999999680e+00,1.760000000000000009e+00
-3.979999999999999982e+00,-6.959999999999999964e+00,1.639999999999999902e+00
-3.979999999999999982e+00,-6.709999999999999964e+00,1.949999999999999956e+00
-3.419999999999999929e+00,-6.400000000000000355e+00,1.739999999999999991e+00
-4.440000000000000391e+00,-6.950000000000000178e+00,1.800000000000000044e+00
-3.379999999999999893e+00,-6.639999999999999680e+00,1.580000000000000071e+00
-4.120000000000000107e+00,-6.719999999999999751e+00,1.590000000000000080e+00
-3.830000000000000071e+00,-6.769999999999999574e+00,1.709999999999999964e+00
-3.810000000000000053e+00,-6.849999999999999645e+00,2.359999999999999876e+00
-4.080000000000000071e+00,-6.910000000000000142e+00,1.989999999999999991e+00
-3.580000000000000071e+00,-6.559999999999999609e+00,2.069999999999999840e+00
-4.309999999999999609e+00,-6.990000000000000213e+00,1.979999999999999982e+00
-3.660000000000000142e+00,-6.759999999999999787e+00,1.389999999999999902e+00
-3.950000000000000178e+00,-6.740000000000000213e+00,1.750000000000000000e+00
-3.939999999999999947e+00,-6.910000000000000142e+00,1.510000000000000009e+00
-4.120000000000000107e+00,-6.719999999999999751e+00,2.049999999999999822e+00
-4.099999999999999645e+00,-6.740000000000000213e+00,2.029999999999999805e+00
-3.799999999999999822e+00,-6.839999999999999858e+00,1.389999999999999902e+00
-4.150000000000000355e+00,-6.849999999999999645e+00,1.560000000000000053e+00
-3.850000000000000089e+00,-6.759999999999999787e+00,9.799999999999999822e-01
-3.839999999999999858e+00,-6.839999999999999858e+00,6.700000000000000400e-01
-3.870000000000000107e+00,-6.769999999999999574e+00,1.120000000000000107e+00
-4.009999999999999787e+00,-6.679999999999999716e+00,1.639999999999999902e+00
-4.150000000000000355e+00,-6.750000000000000000e+00,1.729999999999999982e+00
-3.810000000000000053e+00,-6.820000000000000284e+00,2.000000000000000000e+00
-4.019999999999999574e+00,-6.660000000000000142e+00,1.929999999999999938e+00
-3.779999999999999805e+00,-6.730000000000000426e+00,1.270000000000000018e+00
-4.059999999999999609e+00,-6.839999999999999858e+00,1.979999999999999982e+00
-3.720000000000000195e+00,-6.759999999999999787e+00,1.719999999999999973e+00
-4.000000000000000000e+00,-6.830000000000000071e+00,2.060000000000000053e+00
-4.030000000000000249e+00,-6.919999999999999929e+00,1.909999999999999920e+00
-3.819999999999999840e+00,-6.940000000000000391e+00,1.379999999999999893e+00
-3.890000000000000124e+00,-6.790000000000000036e+00,1.620000000000000107e+00
-3.859999999999999876e+00,-6.719999999999999751e+00,1.610000000000000098e+00
-3.950000000000000178e+00,-6.799999999999999822e+00,2.089999999999999858e+00
-4.009999999999999787e+00,-6.759999999999999787e+00,1.939999999999999947e+00
-3.979999999999999982e+00,-6.830000000000000071e+00,2.000000000000000000e+00
-3.950000000000000178e+00,-6.809999999999999609e+00,1.649999999999999911e+00
-4.030000000000000249e+00,-6.700000000000000178e+00,2.490000000000000213e+00
-3.959999999999999964e+00,-6.709999999999999964e+00,1.870000000000000107e+00
-3.859999999999999876e+00,-6.849999999999999645e+00,1.350000000000000089e+00
-3.910000000000000142e+00,-6.790000000000000036e+00,1.110000000000000098e+00
-3.810000000000000053e+00,-6.759999999999999787e+00,1.310000000000000053e+00
-3.879999999999999893e+00,-6.919999999999999929e+00,1.409999999999999920e+00
-4.110000000000000320e+00,-6.750000000000000000e+00,1.290000000000000036e+00
-3.970000000000000195e+00,-6.790000000000000036e+00,1.719999999999999973e+00
-3.979999999999999982e+00,-6.799999999999999822e+00,1.479999999999999982e+00
-4.049999999999999822e+00,-6.849999999999999645e+00,1.830000000000000071e+00
-3.970000000000000195e+00,-6.809999999999999609e+00,1.879999999999999893e+00
-3.950000000000000178e+00,-6.750000000000000000e+00,1.989999999999999991e+00
-3.899999999999999911e+00,-6.830000000000000071e+00,1.949999999999999956e+00
-3.740000000000000213e+00,-6.889999999999999680e+00,1.870000000000000107e+00
-3.990000000000000213e+00,-6.750000000000000000e+00,1.610000000000000098e+00
-3.890000000000000124e+00,-6.740000000000000213e+00,1.889999999999999902e+00
-3.819999999999999840e+00,-6.679999999999999716e+00,1.659999999999999920e+00
-4.019999999999999574e+00,-6.759999999999999787e+00,2.189999999999999947e+00
-3.870000000000000107e+00,-6.809999999999999609e+00,1.510000000000000009e+00
-3.899999999999999911e+00,-6.990000000000000213e+00,1.439999999999999947e+00
-3.990000000000000213e+00,-6.820000000000000284e+00,1.260000000000000009e+00
-3.939999999999999947e+00,-6.839999999999999858e+00,1.469999999999999973e+00
-4.080000000000000071e+00,-6.750000000000000000e+00,1.750000000000000000e+00
-3.919999999999999929e+00,-6.799999999999999822e+00,1.649999999999999911e+00
-3.930000000000000160e+00,-6.919999999999999929e+00,1.780000000000000027e+00
-4.040000000000000036e+00,-6.830000000000000071e+00,1.620000000000000107e+00
-3.919999999999999929e+00,-6.839999999999999858e+00,1.689999999999999947e+00
-3.890000000000000124e+00,-6.790000000000000036e+00,2.100000000000000089e+00
-3.890000000000000124e+00,-6.830000000000000071e+00,1.989999999999999991e+00
-3.910000000000000142e+00,-6.790000000000000036e+00,1.969999999999999973e+00
-3.930000000000000160e+00,-6.709999999999999964e+00,2.319999999999999840e+00
-3.839999999999999858e+00,-6.879999999999999893e+00,1.560000000000000053e+00
-3.990000000000000213e+00,-6.849999999999999645e+00,2.160000000000000142e+00
-4.000000000000000000e+00,-6.790000000000000036e+00,1.939999999999999947e+00
-4.019999999999999574e+00,-6.799999999999999822e+00,1.820000000000000062e+00
-4.000000000000000000e+00,-6.799999999999999822e+00,2.319999999999999840e+00
-3.890000000000000124e+00,-6.790000000000000036e+00,2.330000000000000071e+00
-3.879999999999999893e+00,-6.740000000000000213e+00,1.840000000000000080e+00
-3.859999999999999876e+00,-6.830000000000000071e+00,1.610000000000000098e+00
-4.009999999999999787e+00,-6.799999999999999822e+00,2.020000000000000018e+00
-3.689999999999999947e+00,-6.929999999999999716e+00,1.570000000000000062e+00
-4.059999999999999609e+00,-6.719999999999999751e+00,1.860000000000000098e+00
-4.070000000000000284e+00,-6.759999999999999787e+00,2.140000000000000124e+00
-3.930000000000000160e+00,-6.799999999999999822e+00,2.000000000000000000e+00
-3.930000000000000160e+00,-6.730000000000000426e+00,1.639999999999999902e+00
-3.970000000000000195e+00,-6.929999999999999716e+00,1.419999999999999929e+00
-4.099999999999999645e+00,-6.759999999999999787e+00,1.770000000000000018e+00
-3.729999999999999982e+00,-6.639999999999999680e+00,1.379999999999999893e+00
-4.030000000000000249e+00,-6.759999999999999787e+00,1.709999999999999964e+00
-3.779999999999999805e+00,-6.799999999999999822e+00,1.830000000000000071e+00
-3.709999999999999964e+00,-6.830000000000000071e+00,1.399999999999999911e+00
-4.040000000000000036e+00,-6.849999999999999645e+00,1.850000000000000089e+00
-3.959999999999999964e+00,-6.730000000000000426e+00,2.040000000000000036e+00
-4.019999999999999574e+00,-6.740000000000000213e+00,2.379999999999999893e+00
-4.019999999999999574e+00,-6.719999999999999751e+00,2.430000000000000160e+00
-4.030000000000000249e+00,-6.860000000000000320e+00,1.760000000000000009e+00
-3.689999999999999947e+00,-6.740000000000000213e+00,1.370000000000000107e+00
-3.790000000000000036e+00,-6.809999999999999609e+00,1.169999999999999929e+00
-3.939999999999999947e+00,-6.799999999999999822e+00,1.870000000000000107e+00
-3.890000000000000124e+00,-6.799999999999999822e+00,1.429999999999999938e+00
-3.720000000000000195e+00,-6.750000000000000000e+00,1.239999999999999991e+00
-4.120000000000000107e+00,-6.790000000000000036e+00,1.879999999999999893e+00
-4.009999999999999787e+00,-6.790000000000000036e+00,1.639999999999999902e+00
-4.009999999999999787e+00,-6.799999999999999822e+00,1.870000000000000107e+00
-3.930000000000000160e+00,-6.759999999999999787e+00,2.319999999999999840e+00
-3.740000000000000213e+00,-6.759999999999999787e+00,1.239999999999999991e+00
-3.919999999999999929e+00,-6.870000000000000107e+00,1.600000000000000089e+00
-4.089999999999999858e+00,-6.750000000000000000e+00,2.229999999999999982e+00
-4.040000000000000036e+00,-6.719999999999999751e+00,2.129999999999999893e+00
-3.919999999999999929e+00,-6.820000000000000284e+00,1.719999999999999973e+00
-4.009999999999999787e+00,-6.769999999999999574e+00,2.200000000000000178e+00
-3.819999999999999840e+00,-6.780000000000000249e+00,1.439999999999999947e+00
-3.899999999999999911e+00,-6.719999999999999751e+00,1.879999999999999893e+00
-3.870000000000000107e+00,-6.820000000000000284e+00,1.560000000000000053e+00
-3.979999999999999982e+00,-6.830000000000000071e+00,2.220000000000000195e+00
-3.979999999999999982e+00,-6.870000000000000107e+00,1.689999999999999947e+00
-3.799999999999999822e+00,-6.750000000000000000e+00,2.029999999999999805e+00
-3.930000000000000160e+00,-6.839999999999999858e+00,1.949999999999999956e+00
-4.040000000000000036e+00,-6.769999999999999574e+00,2.000000000000000000e+00
-3.930000000000000160e+00,-6.790000000000000036e+00,1.790000000000000036e+00
-3.859999999999999876e+00,-6.700000000000000178e+00,1.739999999999999991e+00
-4.019999999999999574e+00,-6.849999999999999645e+00,2.370000000000000107e+00
-4.040000000000000036e+00,-6.700000000000000178e+00,1.800000000000000044e+00
-3.859999999999999876e+00,-6.759999999999999787e+00,1.580000000000000071e+00
-3.959999999999999964e+00,-6.830000000000000071e+00,1.389999999999999902e+00
-3.959999999999999964e+00,-6.839999999999999858e+00,2.060000000000000053e+00
-3.879999999999999893e+00,-6.830000000000000071e+00,1.790000000000000036e+00
-3.979999999999999982e+00,-6.769999999999999574e+00,1.939999999999999947e+00
-3.970000000000000195e+00,-6.679999999999999716e+00,1.729999999999999982e+00
-3.890000000000000124e+00,-6.820000000000000284e+00,2.060000000000000053e+00
-4.070000000000000284e+00,-6.820000000000000284e+00,1.899999999999999911e+00
-3.830000000000000071e+00,-6.769999999999999574e+00,1.459999999999999964e+00
-4.000000000000000000e+00,-6.750000000000000000e+00,1.530000000000000027e+00
-3.910000000000000142e+00,-6.860000000000000320e+00,1.939999999999999947e+00
-4.019999999999999574e+00,-6.709999999999999964e+00,1.360000000000000098e+00
-4.070000000000000284e+00,-6.690000000000000391e+00,1.760000000000000009e+00
-3.959999999999999964e+00,-6.669999999999999929e+00,2.080000000000000071e+00
-3.859999999999999876e+00,-6.769999999999999574e+00,1.479999999999999982e+00
-4.080000000000000071e+00,-6.709999999999999964e+00,1.979999999999999982e+00
-3.770000000000000018e+00,-6.849999999999999645e+00,1.479999999999999982e+00
-3.819999999999999840e+00,-6.769999999999999574e+00,1.199999999999999956e+00
-3.939999999999999947e+00,-6.759999999999999787e+00,2.049999999999999822e+00
-4.080000000000000071e+00,-6.830000000000000071e+00,1.489999999999999991e+00
-4.070000000000000284e+00,-6.740000000000000213e+00,1.969999999999999973e+00
-4.030000000000000249e+00,-6.860000000000000320e+00,1.919999999999999929e+00
-3.899999999999999911e+00,-6.780000000000000249e+00,1.959999999999999964e+00
-4.000000000000000000e+00,-6.809999999999999609e+00,1.909999999999999920e+00
-3.959999999999999964e+00,-6.839999999999999858e+00,1.800000000000000044e+00
-3.930000000000000160e+00,-6.849999999999999645e+00,1.520000000000000018e+00
-3.990000000000000213e+00,-6.809999999999999609e+00,1.780000000000000027e+00
-3.890000000000000124e+00,-6.860000000000000320e+00,2.410000000000000142e+00
-3.919999999999999929e+00,-6.919999999999999929e+00,2.399999999999999911e+00
-3.890000000000000124e+00,-6.870000000000000107e+00,1.840000000000000080e+00
-4.150000000000000355e+00,-6.700000000000000178e+00,2.229999999999999982e+00
-3.939999999999999947e+00,-6.740000000000000213e+00,2.100000000000000089e+00
-3.879999999999999893e+00,-6.830000000000000071e+00,1.520000000000000018e+00
-3.910000000000000142e+00,-6.809999999999999609e+00,1.100000000000000089e+00
-3.959999999999999964e+00,-6.830000000000000071e+00,1.669999999999999929e+00
-3.859999999999999876e+00,-6.849999999999999645e+00,1.840000000000000080e+00
-4.059999999999999609e+00,-6.879999999999999893e+00,2.259999999999999787e+00
-3.879999999999999893e+00,-6.669999999999999929e+00,1.800000000000000044e+00
-3.939999999999999947e+00,-6.830000000000000071e+00,2.120000000000000107e+00
-3.899999999999999911e+00,-6.769999999999999574e+00,2.120000000000000107e+00
-3.850000000000000089e+00,-6.910000000000000142e+00,1.840000000000000080e+00
-3.930000000000000160e+00,-6.799999999999999822e+00,1.479999999999999982e+00
-3.950000000000000178e+00,-6.730000000000000426e+00,1.840000000000000080e+00
-3.890000000000000124e+00,-6.820000000000000284e+00,1.580000000000000071e+00
-4.040000000000000036e+00,-6.700000000000000178e+00,1.800000000000000044e+00
-4.099999999999999645e+00,-6.799999999999999822e+00,2.220000000000000195e+00
-3.890000000000000124e+00,-6.759999999999999787e+00,1.570000000000000062e+00
-4.080000000000000071e+00,-6.809999999999999609e+00,1.800000000000000044e+00
-3.919999999999999929e+00,-6.809999999999999609e+00,2.020000000000000018e+00
-3.839999999999999858e+00,-6.769999999999999574e+00,1.679999999999999938e+00
-3.819999999999999840e+00,-6.719999999999999751e+00,1.649999999999999911e+00
-3.919999999999999929e+00,-6.759999999999999787e+00,8.299999999999999600e-01
-4.080000000000000071e+00,-6.830000000000000071e+00,1.560000000000000053e+00
-4.070000000000000284e+00,-6.839999999999999858e+00,2.040000000000000036e+00
-3.839999999999999858e+00,-6.849999999999999645e+00,1.629999999999999893e+00
-3.950000000000000178e+00,-6.820000000000000284e+00,2.220000000000000195e+00
-3.979999999999999982e+00,-6.769999999999999574e+00,2.100000000000000089e+00
-3.970000000000000195e+00,-6.820000000000000284e+00,2.160000000000000142e+00
-3.649999999999999911e+00,-6.849999999999999645e+00,1.280000000000000027e+00
-4.030000000000000249e+00,-6.839999999999999858e+00,2.000000000000000000e+00
-3.950000000000000178e+00,-6.809999999999999609e+00,1.909999999999999920e+00
-3.750000000000000000e+00,-6.830000000000000071e+00,1.489999999999999991e+00
-3.839999999999999858e+00,-6.799999999999999822e+00,1.739999999999999991e+00
-3.990000000000000213e+00,-6.740000000000000213e+00,1.879999999999999893e+00
-4.019999999999999574e+00,-6.830000000000000071e+00,1.739999999999999991e+00
-4.019999999999999574e+00,-6.830000000000000071e+00,1.600000000000000089e+00
-4.110000000000000320e+00,-6.769999999999999574e+00,2.160000000000000142e+00
-3.819999999999999840e+00,-6.719999999999999751e+00,1.739999999999999991e+00
-4.000000000000000000e+00,-6.719999999999999751e+00,2.250000000000000000e+00
-3.819999999999999840e+00,-6.820000000000000284e+00,1.719999999999999973e+00
-3.790000000000000036e+00,-6.759999999999999787e+00,1.780000000000000027e+00
-3.970000000000000195e+00,-6.790000000000000036e+00,2.089999999999999858e+00
-3.950000000000000178e+00,-6.750000000000000000e+00,1.949999999999999956e+00
-3.810000000000000053e+00,-6.750000000000000000e+00,1.719999999999999973e+00
-4.099999999999999645e+00,-6.780000000000000249e+00,1.790000000000000036e+00
-3.930000000000000160e+00,-6.849999999999999645e+00,1.929999999999999938e+00
-3.930000000000000160e+00,-6.900000000000000355e+00,1.300000000000000044e+00
-4.000000000000000000e+00,-6.740000000000000213e+00,1.969999999999999973e+00
-3.939999999999999947e+00,-6.809999999999999609e+00,2.209999999999999964e+00
-3.990000000000000213e+00,-6.830000000000000071e+00,1.520000000000000018e+00
-3.859999999999999876e+00,-6.900000000000000355e+00,1.889999999999999902e+00
-4.040000000000000036e+00,-6.870000000000000107e+00,2.109999999999999876e+00
-3.770000000000000018e+00,-6.799999999999999822e+00,1.979999999999999982e+00
-3.910000000000000142e+00,-6.879999999999999893e+00,1.100000000000000089e+00
-4.049999999999999822e+00,-6.780000000000000249e+00,1.439999999999999947e+00
-4.040000000000000036e+00,-6.839999999999999858e+00,1.560000000000000053e+00
-4.070000000000000284e+00,-6.910000000000000142e+00,1.679999999999999938e+00
-3.979999999999999982e+00,-6.679999999999999716e+00,1.729999999999999982e+00
-3.910000000000000142e+00,-6.669999999999999929e+00,1.679999999999999938e+00
-4.059999999999999609e+00,-6.679999999999999716e+00,1.669999999999999929e+00
-4.099999999999999645e+00,-6.690000000000000391e+00,1.830000000000000071e+00
-4.030000000000000249e+00,-6.769999999999999574e+00,1.899999999999999911e+00
-3.890000000000000124e+00,-6.809999999999999609e+00,2.020000000000000018e+00
-3.870000000000000107e+00,-6.839999999999999858e+00,1.610000000000000098e+00
-3.859999999999999876e+00,-6.879999999999999893e+00,1.429999999999999938e+00
-3.879999999999999893e+00,-6.839999999999999858e+00,1.600000000000000089e+00
-4.000000000000000000e+00,-6.780000000000000249e+00,1.620000000000000107e+00
-3.979999999999999982e+00,-6.900000000000000355e+00,1.820000000000000062e+00
-3.830000000000000071e+00,-6.900000000000000355e+00,1.790000000000000036e+00
-3.939999999999999947e+00,-6.669999999999999929e+00,2.160000000000000142e+00
-3.899999999999999911e+00,-6.870000000000000107e+00,1.929999999999999938e+00
-4.160000000000000142e+00,-6.740000000000000213e+00,2.020000000000000018e+00
-4.019999999999999574e+00,-6.639999999999999680e+00,1.530000000000000027e+00
-4.070000000000000284e+00,-6.740000000000000213e+00,1.729999999999999982e+00
-4.000000000000000000e+00,-6.790000000000000036e+00,1.860000000000000098e+00
-3.770000000000000018e+00,-6.830000000000000071e+00,1.469999999999999973e+00
-3.959999999999999964e+00,-6.799999999999999822e+00,1.969999999999999973e+00
-3.899999999999999911e+00,-6.759999999999999787e+00,2.390000000000000124e+00
-3.759999999999999787e+00,-6.849999999999999645e+00,2.160000000000000142e+00
-3.879999999999999893e+00,-6.870000000000000107e+00,1.790000000000000036e+00
-4.110000000000000320e+00,-6.719999999999999751e+00,2.459999999999999964e+00
-3.810000000000000053e+00,-6.660000000000000142e+00,2.160000000000000142e+00
-4.000000000000000000e+00,-6.780000000000000249e+00,1.899999999999999911e+00
-3.950000000000000178e+00,-6.719999999999999751e+00,1.750000000000000000e+00
-3.899999999999999911e+00,-6.849999999999999645e+00,1.850000000000000089e+00
-3.959999999999999964e+00,-6.730000000000000426e+00,1.790000000000000036e+00
-4.040000000000000036e+00,-6.690000000000000391e+00,2.279999999999999805e+00
-4.009999999999999787e+00,-6.790000000000000036e+00,2.490000000000000213e+00
-3.850000000000000089e+00,-6.879999999999999893e+00,2.029999999999999805e+00
-3.870000000000000107e+00,-6.790000000000000036e+00,1.989999999999999991e+00
-3.970000000000000195e+00,-6.879999999999999893e+00,1.780000000000000027e+00
-3.879999999999999893e+00,-6.860000000000000320e+00,1.669999999999999929e+00
-3.890000000000000124e+00,-6.830000000000000071e+00,1.520000000000000018e+00
-3.979999999999999982e+00,-6.849999999999999645e+00,1.620000000000000107e+00
-3.910000000000000142e+00,-6.700000000000000178e+00,1.780000000000000027e+00
-4.120000000000000107e+00,-6.790000000000000036e+00,2.029999999999999805e+00
-3.709999999999999964e+00,-6.830000000000000071e+00,1.770000000000000018e+00
-3.799999999999999822e+00,-6.959999999999999964e+00,1.209999999999999964e+00
-4.110000000000000320e+00,-6.690000000000000391e+00,2.169999999999999929e+00
-3.990000000000000213e+00,-6.730000000000000426e+00,2.299999999999999822e+00
-3.990000000000000213e+00,-6.830000000000000071e+00,1.629999999999999893e+00
-3.890000000000000124e+00,-6.780000000000000249e+00,1.550000000000000044e+00
-3.810000000000000053e+00,-6.799999999999999822e+00,1.560000000000000053e+00
-4.120000000000000107e+00,-6.849999999999999645e+00,1.790000000000000036e+00
-3.919999999999999929e+00,-6.809999999999999609e+00,1.590000000000000080e+00
-3.959999999999999964e+00,-6.750000000000000000e+00,2.140000000000000124e+00
-3.959999999999999964e+00,-6.849999999999999645e+00,2.009999999999999787e+00
-3.970000000000000195e+00,-6.799999999999999822e+00,2.020000000000000018e+00
-3.970000000000000195e+00,-6.790000000000000036e+00,2.350000000000000089e+00
-3.890000000000000124e+00,-6.910000000000000142e+00,1.840000000000000080e+00
-3.870000000000000107e+00,-6.690000000000000391e+00,1.530000000000000027e+00
-4.089999999999999858e+00,-6.830000000000000071e+00,1.439999999999999947e+00
-3.890000000000000124e+00,-6.830000000000000071e+00,1.679999999999999938e+00
-4.049999999999999822e+00,-6.790000000000000036e+00,2.169999999999999929e+00
-3.870000000000000107e+00,-6.839999999999999858e+00,1.959999999999999964e+00
-3.990000000000000213e+00,-6.889999999999999680e+00,2.220000000000000195e+00
-3.910000000000000142e+00,-6.799999999999999822e+00,1.969999999999999973e+00
-3.720000000000000195e+00,-6.790000000000000036e+00,1.120000000000000107e+00
-4.009999999999999787e+00,-6.809999999999999609e+00,1.409999999999999920e+00
-4.030000000000000249e+00,-6.700000000000000178e+00,2.149999999999999911e+00
-3.850000000000000089e+00,-6.860000000000000320e+00,1.080000000000000071e+00
-4.019999999999999574e+00,-6.759999999999999787e+00,1.459999999999999964e+00
-3.819999999999999840e+00,-6.790000000000000036e+00,1.810000000000000053e+00
-3.930000000000000160e+00,-6.959999999999999964e+00,2.049999999999999822e+00
-3.939999999999999947e+00,-6.740000000000000213e+00,2.229999999999999982e+00
-3.939999999999999947e+00,-6.799999999999999822e+00,2.089999999999999858e+00
-3.959999999999999964e+00,-6.849999999999999645e+00,2.100000000000000089e+00
-4.009999999999999787e+00,-6.709999999999999964e+00,2.140000000000000124e+00
-4.019999999999999574e+00,-6.790000000000000036e+00,1.449999999999999956e+00
-3.959999999999999964e+00,-6.830000000000000071e+00,1.649999999999999911e+00
-4.030000000000000249e+00,-6.799999999999999822e+00,1.520000000000000018e+00
-3.759999999999999787e+00,-6.820000000000000284e+00,1.969999999999999973e+00
-3.970000000000000195e+00,-6.780000000000000249e+00,1.729999999999999982e+00
-3.839999999999999858e+00,-6.780000000000000249e+00,1.959999999999999964e+00
-4.019999999999999574e+00,-6.780000000000000249e+00,2.029999999999999805e+00
-3.979999999999999982e+00,-6.759999999999999787e+00,2.009999999999999787e+00
-3.709999999999999964e+00,-6.740000000000000213e+00,1.620000000000000107e+00
-3.990000000000000213e+00,-6.709999999999999964e+00,1.760000000000000009e+00
-3.759999999999999787e+00,-6.740000000000000213e+00,1.699999999999999956e+00
-3.850000000000000089e+00,-6.759999999999999787e+00,1.610000000000000098e+00
-4.009999999999999787e+00,-6.769999999999999574e+00,2.189999999999999947e+00
-3.879999999999999893e+00,-6.730000000000000426e+00,1.520000000000000018e+00
-4.049999999999999822e+00,-6.639999999999999680e+00,2.160000000000000142e+00
-3.930000000000000160e+00,-6.750000000000000000e+00,1.689999999999999947e+00
-3.950000000000000178e+00,-6.809999999999999609e+00,2.000000000000000000e+00
-3.939999999999999947e+00,-6.790000000000000036e+00,1.909999999999999920e+00
-3.979999999999999982e+00,-6.700000000000000178e+00,2.080000000000000071e+00
-3.959999999999999964e+00,-6.719999999999999751e+00,1.689999999999999947e+00
-4.009999999999999787e+00,-6.849999999999999645e+00,1.469999999999999973e+00
-3.870000000000000107e+00,-6.730000000000000426e+00,1.800000000000000044e+00
-3.979999999999999982e+00,-6.629999999999999893e+00,1.919999999999999929e+00
-4.059999999999999609e+00,-6.769999999999999574e+00,1.639999999999999902e+00
-3.950000000000000178e+00,-6.750000000000000000e+00,1.500000000000000000e+00
-4.070000000000000284e+00,-6.679999999999999716e+00,1.889999999999999902e+00
-4.030000000000000249e+00,-6.690000000000000391e+00,2.049999999999999822e+00
-3.959999999999999964e+00,-6.709999999999999964e+00,1.669999999999999929e+00
-3.970000000000000195e+00,-6.750000000000000000e+00,1.469999999999999973e+00
-3.979999999999999982e+00,-6.650000000000000355e+00,1.830000000000000071e+00
-3.839999999999999858e+00,-6.870000000000000107e+00,1.290000000000000036e+00
-3.819999999999999840e+00,-6.690000000000000391e+00,1.840000000000000080e+00
-4.070000000000000284e+00,-6.709999999999999964e+00,1.840000000000000080e+00
-3.990000000000000213e+00,-6.820000000000000284e+00,1.739999999999999991e+00
-3.870000000000000107e+00,-6.759999999999999787e+00,1.699999999999999956e+00
-3.839999999999999858e+00,-6.750000000000000000e+00,1.389999999999999902e+00
-3.979999999999999982e+00,-6.639999999999999680e+00,1.629999999999999893e+00
-3.890000000000000124e+00,-6.889999999999999680e+00,1.830000000000000071e+00
-4.030000000000000249e+00,-6.679999999999999716e+00,1.879999999999999893e+00
-3.939999999999999947e+00,-6.799999999999999822e+00,1.879999999999999893e+00
-4.160000000000000142e+00,-6.700000000000000178e+00,2.069999999999999840e+00
-3.850000000000000089e+00,-6.809999999999999609e+00,1.459999999999999964e+00
-3.930000000000000160e+00,-6.750000000000000000e+00,1.510000000000000009e+00
-4.049999999999999822e+00,-6.839999999999999858e+00,2.220000000000000195e+00
-3.919999999999999929e+00,-6.740000000000000213e+00,2.020000000000000018e+00
-4.019999999999999574e+00,-6.790000000000000036e+00,1.830000000000000071e+00
-3.850000000000000089e+00,-6.730000000000000426e+00,1.780000000000000027e+00
-3.669999999999999929e+00,-6.839999999999999858e+00,1.719999999999999973e+00
-3.770000000000000018e+00,-6.870000000000000107e+00,1.629999999999999893e+00
-4.080000000000000071e+00,-6.719999999999999751e+00,1.810000000000000053e+00
-3.830000000000000071e+00,-6.730000000000000426e+00,2.009999999999999787e+00
-3.850000000000000089e+00,-6.980000000000000426e+00,2.000000000000000000e+00
-4.080000000000000071e+00,-6.639999999999999680e+00,1.699999999999999956e+00
-4.110000000000000320e+00,-6.769999999999999574e+00,2.180000000000000160e+00
-3.990000000000000213e+00,-6.730000000000000426e+00,1.570000000000000062e+00
-4.009999999999999787e+00,-6.900000000000000355e+00,1.669999999999999929e+00
-4.009999999999999787e+00,-6.799999999999999822e+00,2.200000000000000178e+00
-3.950000000000000178e+00,-6.870000000000000107e+00,1.370000000000000107e+00
-3.990000000000000213e+00,-6.870000000000000107e+00,1.500000000000000000e+00
-4.059999999999999609e+00,-6.849999999999999645e+00,2.060000000000000053e+00
-3.899999999999999911e+00,-6.849999999999999645e+00,2.109999999999999876e+00
-3.979999999999999982e+00,-6.860000000000000320e+00,1.750000000000000000e+00
-3.819999999999999840e+00,-6.839999999999999858e+00,1.550000000000000044e+00
-3.939999999999999947e+00,-6.790000000000000036e+00,1.600000000000000089e+00
-4.089999999999999858e+00,-6.740000000000000213e+00,1.949999999999999956e+00
-3.859999999999999876e+00,-6.759999999999999787e+00,2.029999999999999805e+00
-3.959999999999999964e+00,-6.730000000000000426e+00,1.870000000000000107e+00
-4.040000000000000036e+00,-6.750000000000000000e+00,1.520000000000000018e+00
-4.040000000000000036e+00,-6.799999999999999822e+00,2.180000000000000160e+00
-4.030000000000000249e+00,-6.709999999999999964e+00,1.840000000000000080e+00
-3.970000000000000195e+00,-6.769999999999999574e+00,1.840000000000000080e+00
-3.950000000000000178e+00,-6.660000000000000142e+00,1.590000000000000080e+00
-3.970000000000000195e+00,-6.910000000000000142e+00,1.610000000000000098e+00
-3.870000000000000107e+00,-6.679999999999999716e+00,1.840000000000000080e+00
-4.030000000000000249e+00,-6.650000000000000355e+00,1.600000000000000089e+00
-3.959999999999999964e+00,-6.750000000000000000e+00,1.620000000000000107e+00
-3.939999999999999947e+00,-6.709999999999999964e+00,1.429999999999999938e+00
-3.910000000000000142e+00,-6.750000000000000000e+00,1.429999999999999938e+00
-3.950000000000000178e+00,-6.679999999999999716e+00,1.600000000000000089e+00
-3.950000000000000178e+00,-6.759999999999999787e+00,1.489999999999999991e+00
-3.899999999999999911e+00,-6.690000000000000391e+00,2.020000000000000018e+00
-3.990000000000000213e+00,-6.750000000000000000e+00,1.889999999999999902e+00
-4.019999999999999574e+00,-6.799999999999999822e+00,2.220000000000000195e+00
-3.970000000000000195e+00,-6.750000000000000000e+00,1.560000000000000053e+00
-4.000000000000000000e+00,-6.780000000000000249e+00,1.360000000000000098e+00
-3.850000000000000089e+00,-6.820000000000000284e+00,1.520000000000000018e+00
-4.000000000000000000e+00,-6.660000000000000142e+00,1.959999999999999964e+00
-3.939999999999999947e+00,-6.910000000000000142e+00,1.629999999999999893e+00
-3.899999999999999911e+00,-6.830000000000000071e+00,2.009999999999999787e+00
-3.910000000000000142e+00,-6.759999999999999787e+00,1.389999999999999902e+00
-3.779999999999999805e+00,-6.870000000000000107e+00,1.530000000000000027e+00
-3.790000000000000036e+00,-6.839999999999999858e+00,1.399999999999999911e+00
-4.040000000000000036e+00,-6.740000000000000213e+00,1.689999999999999947e+00
-3.850000000000000089e+00,-6.900000000000000355e+00,2.029999999999999805e+00
-3.850000000000000089e+00,-6.759999999999999787e+00,1.649999999999999911e+00
-4.019999999999999574e+00,-6.820000000000000284e+00,2.000000000000000000e+00
-4.030000000000000249e+00,-6.740000000000000213e+00,2.169999999999999929e+00
-3.939999999999999947e+00,-6.820000000000000284e+00,1.800000000000000044e+00
-4.019999999999999574e+00,-6.750000000000000000e+00,1.679999999999999938e+00
-3.870000000000000107e+00,-6.740000000000000213e+00,1.760000000000000009e+00
-4.019999999999999574e+00,-6.860000000000000320e+00,1.540000000000000036e+00
-3.810000000000000053e+00,-6.820000000000000284e+00,1.340000000000000080e+00
-4.080000000000000071e+00,-6.750000000000000000e+00,1.530000000000000027e+00
-3.810000000000000053e+00,-6.750000000000000000e+00,9.000000000000000222e-01
-4.070000000000000284e+00,-6.719999999999999751e+00,2.120000000000000107e+00
-4.129999999999999893e+00,-6.799999999999999822e+00,2.580000000000000071e+00
-3.779999999999999805e+00,-6.809999999999999609e+00,1.750000000000000000e+00
-3.890000000000000124e+00,-6.849999999999999645e+00,1.739999999999999991e+00
-4.059999999999999609e+00,-6.769999999999999574e+00,2.250000000000000000e+00
-3.819999999999999840e+00,-6.870000000000000107e+00,1.610000000000000098e+00
-3.830000000000000071e+00,-6.910000000000000142e+00,1.070000000000000062e+00
-3.970000000000000195e+00,-6.769999999999999574e+00,1.300000000000000044e+00
-4.070000000000000284e+00,-6.759999999999999787e+00,2.189999999999999947e+00
-3.899999999999999911e+00,-6.750000000000000000e+00,2.029999999999999805e+00
-3.890000000000000124e+00,-6.879999999999999893e+00,1.320000000000000062e+00
-3.939999999999999947e+00,-6.750000000000000000e+00,1.580000000000000071e+00
-3.910000000000000142e+00,-6.690000000000000391e+00,2.129999999999999893e+00
-3.830000000000000071e+00,-6.669999999999999929e+00,1.780000000000000027e+00
-4.040000000000000036e+00,-6.910000000000000142e+00,2.529999999999999805e+00
-3.899999999999999911e+00,-6.639999999999999680e+00,2.069999999999999840e+00
-4.000000000000000000e+00,-6.790000000000000036e+00,1.659999999999999920e+00
-4.030000000000000249e+00,-6.769999999999999574e+00,1.870000000000000107e+00
-4.009999999999999787e+00,-6.799999999999999822e+00,2.350000000000000089e+00
-3.830000000000000071e+00,-6.860000000000000320e+00,1.520000000000000018e+00
-3.879999999999999893e+00,-6.959999999999999964e+00,1.199999999999999956e+00
-3.950000000000000178e+00,-6.849999999999999645e+00,1.320000000000000062e+00
-3.990000000000000213e+00,-6.799999999999999822e+00,1.560000000000000053e+00
-4.059999999999999609e+00,-6.750000000000000000e+00,1.889999999999999902e+00
-3.950000000000000178e+00,-6.669999999999999929e+00,1.449999999999999956e+00
-4.129999999999999893e+00,-6.709999999999999964e+00,1.439999999999999947e+00
-3.859999999999999876e+00,-6.730000000000000426e+00,1.570000000000000062e+00
-4.049999999999999822e+00,-6.799999999999999822e+00,2.220000000000000195e+00
-4.040000000000000036e+00,-6.879999999999999893e+00,2.020000000000000018e+00
-4.019999999999999574e+00,-6.750000000000000000e+00,2.470000000000000195e+00
-3.919999999999999929e+00,-6.820000000000000284e+00,1.530000000000000027e+00
-4.059999999999999609e+00,-6.839999999999999858e+00,1.459999999999999964e+00
-3.990000000000000213e+00,-6.780000000000000249e+00,2.430000000000000160e+00
-3.979999999999999982e+00,-6.799999999999999822e+00,2.540000000000000036e+00
-3.970000000000000195e+00,-6.740000000000000213e+00,2.200000000000000178e+00
-3.990000000000000213e+00,-6.769999999999999574e+00,1.590000000000000080e+00
-3.850000000000000089e+00,-6.730000000000000426e+00,1.739999999999999991e+00
-3.939999999999999947e+00,-6.620000000000000107e+00,2.120000000000000107e+00
-3.700000000000000178e+00,-6.740000000000000213e+00,2.129999999999999893e+00
-3.589999999999999858e+00,-6.429999999999999716e+00,1.820000000000000062e+00
-4.290000000000000036e+00,-7.049999999999999822e+00,1.790000000000000036e+00
-3.580000000000000071e+00,-6.169999999999999929e+00,1.629999999999999893e+00
-3.790000000000000036e+00,-6.740000000000000213e+00,1.250000000000000000e+00
-4.190000000000000391e+00,-6.919999999999999929e+00,1.709999999999999964e+00
-3.759999999999999787e+00,-6.429999999999999716e+00,1.840000000000000080e+00
-4.059999999999999609e+00,-6.839999999999999858e+00,1.699999999999999956e+00
-3.549999999999999822e+00,-6.599999999999999645e+00,1.889999999999999902e+00
-3.850000000000000089e+00,-6.750000000000000000e+00,2.129999999999999893e+00
-4.000000000000000000e+00,-6.669999999999999929e+00,2.339999999999999858e+00
-4.059999999999999609e+00,-7.379999999999999893e+00,2.209999999999999964e+00
-3.509999999999999787e+00,-7.500000000000000000e+00,2.080000000000000071e+00
-2.029999999999999805e+00,-7.530000000000000249e+00,1.939999999999999947e+00
-8.299999999999999600e-01,-6.580000000000000071e+00,1.949999999999999956e+00
-5.200000000000000178e-01,-6.030000000000000249e+00,2.169999999999999929e+00
-7.900000000000000355e-01,-5.320000000000000284e+00,2.649999999999999911e+00
-2.029999999999999805e+00,-5.360000000000000320e+00,2.890000000000000124e+00
-2.689999999999999947e+00,-5.200000000000000178e+00,2.790000000000000036e+00
-3.680000000000000160e+00,-5.700000000000000178e+00,2.799999999999999822e+00
-4.410000000000000142e+00,-6.360000000000000320e+00,2.529999999999999805e+00
-5.009999999999999787e+00,-7.200000000000000178e+00,2.319999999999999840e+00
-5.980000000000000426e+00,-7.639999999999999680e+00,2.459999999999999964e+00
-5.849999999999999645e+00,-7.459999999999999964e+00,2.310000000000000053e+00
-6.790000000000000036e+00,-7.929999999999999716e+00,2.180000000000000160e+00
-6.500000000000000000e+00,-7.110000000000000320e+00,1.570000000000000062e+00
-5.190000000000000391e+00,-6.349999999999999645e+00,1.330000000000000071e+00
-3.470000000000000195e+00,-5.740000000000000213e+00,1.229999999999999982e+00
-3.149999999999999911e+00,-5.830000000000000071e+00,1.570000000000000062e+00
-3.830000000000000071e+00,-6.169999999999999929e+00,1.679999999999999938e+00
-4.860000000000000320e+00,-6.190000000000000391e+00,1.840000000000000080e+00
-5.379999999999999893e+00,-5.459999999999999964e+00,1.699999999999999956e+00
-5.809999999999999609e+00,-5.339999999999999858e+00,1.699999999999999956e+00
-4.540000000000000036e+00,-6.030000000000000249e+00,1.479999999999999982e+00
-3.770000000000000018e+00,-7.219999999999999751e+00,1.570000000000000062e+00
-2.140000000000000124e+00,-7.160000000000000142e+00,1.790000000000000036e+00
-3.279999999999999805e+00,-6.660000000000000142e+00,2.089999999999999858e+00
-4.530000000000000249e+00,-5.820000000000000284e+00,2.180000000000000160e+00
-4.360000000000000320e+00,-5.669999999999999929e+00,2.040000000000000036e+00
-3.299999999999999822e+00,-6.549999999999999822e+00,1.699999999999999956e+00
-3.770000000000000018e+00,-7.629999999999999893e+00,1.600000000000000089e+00
-3.669999999999999929e+00,-6.889999999999999680e+00,1.520000000000000018e+00
-3.169999999999999929e+00,-5.360000000000000320e+00,1.360000000000000098e+00
-4.139999999999999680e+00,-6.030000000000000249e+00,1.659999999999999920e+00
-4.990000000000000213e+00,-7.049999999999999822e+00,1.629999999999999893e+00
-4.049999999999999822e+00,-6.500000000000000000e+00,1.540000000000000036e+00
-3.399999999999999911e+00,-5.700000000000000178e+00,1.260000000000000009e+00
-3.490000000000000213e+00,-6.690000000000000391e+00,1.540000000000000036e+00
-3.689999999999999947e+00,-5.940000000000000391e+00,1.550000000000000044e+00
-4.730000000000000426e+00,-5.709999999999999964e+00,1.479999999999999982e+00
-4.549999999999999822e+00,-5.700000000000000178e+00,1.560000000000000053e+00
-3.169999999999999929e+00,-6.019999999999999574e+00,1.379999999999999893e+00
-3.669999999999999929e+00,-6.969999999999999751e+00,1.330000000000000071e+00
-3.930000000000000160e+00,-7.809999999999999609e+00,1.280000000000000027e+00
-4.009999999999999787e+00,-7.820000000000000284e+00,1.139999999999999902e+00
-4.139999999999999680e+00,-6.580000000000000071e+00,1.169999999999999929e+00
-4.179999999999999716e+00,-5.250000000000000000e+00,1.060000000000000053e+00
-4.200000000000000178e+00,-6.019999999999999574e+00,1.370000000000000107e+00
-4.030000000000000249e+00,-6.629999999999999893e+00,1.479999999999999982e+00
-3.520000000000000018e+00,-6.160000000000000142e+00,1.489999999999999991e+00
-3.620000000000000107e+00,-6.080000000000000071e+00,1.379999999999999893e+00
-4.070000000000000284e+00,-5.849999999999999645e+00,1.550000000000000044e+00
-4.240000000000000213e+00,-6.629999999999999893e+00,1.879999999999999893e+00
-4.290000000000000036e+00,-7.030000000000000249e+00,1.709999999999999964e+00
-4.299999999999999822e+00,-6.870000000000000107e+00,1.889999999999999902e+00
-3.720000000000000195e+00,-6.429999999999999716e+00,1.820000000000000062e+00
-3.439999999999999947e+00,-6.190000000000000391e+00,2.229999999999999982e+00
-3.200000000000000178e+00,-5.940000000000000391e+00,2.259999999999999787e+00
-3.509999999999999787e+00,-4.629999999999999893e+00,2.029999999999999805e+00
-4.400000000000000355e+00,-4.690000000000000391e+00,2.200000000000000178e+00
-5.099999999999999645e+00,-5.750000000000000000e+00,2.089999999999999858e+00
-4.450000000000000178e+00,-6.809999999999999609e+00,1.820000000000000062e+00
-3.419999999999999929e+00,-7.599999999999999645e+00,2.080000000000000071e+00
-3.279999999999999805e+00,-7.169999999999999929e+00,2.129999999999999893e+00
-4.269999999999999574e+00,-6.620000000000000107e+00,2.439999999999999947e+00
-4.759999999999999787e+00,-5.620000000000000107e+00,2.580000000000000071e+00
-4.120000000000000107e+00,-5.530000000000000249e+00,2.549999999999999822e+00
-3.339999999999999858e+00,-6.669999999999999929e+00,2.350000000000000089e+00
-3.060000000000000053e+00,-7.049999999999999822e+00,2.410000000000000142e+00
-4.190000000000000391e+00,-6.759999999999999787e+00,3.060000000000000053e+00
-4.559999999999999609e+00,-6.259999999999999787e+00,3.129999999999999893e+00
-4.009999999999999787e+00,-6.549999999999999822e+00,2.700000000000000178e+00
-4.450000000000000178e+00,-5.860000000000000320e+00,2.990000000000000213e+00
-4.209999999999999964e+00,-5.730000000000000426e+00,3.000000000000000000e+00
-4.410000000000000142e+00,-6.290000000000000036e+00,2.770000000000000018e+00
-3.950000000000000178e+00,-6.870000000000000107e+00,2.660000000000000142e+00
-4.250000000000000000e+00,-6.959999999999999964e+00,2.819999999999999840e+00
-3.209999999999999964e+00,-6.370000000000000107e+00,3.220000000000000195e+00
-3.459999999999999964e+00,-5.820000000000000284e+00,3.100000000000000089e+00
-3.990000000000000213e+00,-5.370000000000000107e+00,3.270000000000000018e+00
-4.589999999999999858e+00,-5.679999999999999716e+00,2.870000000000000107e+00
-4.269999999999999574e+00,-6.219999999999999751e+00,2.959999999999999964e+00
-4.230000000000000426e+00,-6.320000000000000284e+00,3.250000000000000000e+00
-4.549999999999999822e+00,-6.200000000000000178e+00,3.200000000000000178e+00
-4.349999999999999645e+00,-6.389999999999999680e+00,2.660000000000000142e+00
-4.089999999999999858e+00,-6.240000000000000213e+00,2.919999999999999929e+00
-4.379999999999999893e+00,-5.990000000000000213e+00,2.890000000000000124e+00
-3.680000000000000160e+00,-6.009999999999999787e+00,3.180000000000000160e+00
-3.330000000000000071e+00,-6.150000000000000355e+00,3.520000000000000018e+00
-3.410000000000000142e+00,-5.790000000000000036e+00,3.279999999999999805e+00
-4.790000000000000036e+00,-4.490000000000000213e+00,3.339999999999999858e+00
-4.599999999999999645e+00,-3.709999999999999964e+00,3.310000000000000053e+00
-4.629999999999999893e+00,-2.319999999999999840e+00,3.209999999999999964e+00
-4.360000000000000320e+00,-6.099999999999999867e-01,2.959999999999999964e+00
-4.059999999999999609e+00,1.040000000000000036e+00,2.899999999999999911e+00
-4.459999999999999964e+00,8.399999999999999689e-01,2.850000000000000089e+00
-4.709999999999999964e+00,-2.500000000000000000e-01,2.609999999999999876e+00
-4.349999999999999645e+00,-1.370000000000000107e+00,2.390000000000000124e+00
-4.019999999999999574e+00,-2.009999999999999787e+00,2.229999999999999982e+00
-3.270000000000000018e+00,-6.400000000000000133e-01,2.350000000000000089e+00
-3.049999999999999822e+00,8.900000000000000133e-01,2.270000000000000018e+00
-3.419999999999999929e+00,2.189999999999999947e+00,2.310000000000000053e+00
-3.279999999999999805e+00,3.250000000000000000e+00,2.330000000000000071e+00
-3.600000000000000089e+00,2.890000000000000124e+00,2.140000000000000124e+00
-3.009999999999999787e+00,2.419999999999999929e+00,2.060000000000000053e+00
-2.870000000000000107e+00,2.810000000000000053e+00,1.899999999999999911e+00
-3.250000000000000000e+00,3.430000000000000160e+00,2.040000000000000036e+00
-3.520000000000000018e+00,4.120000000000000107e+00,1.870000000000000107e+00
-4.250000000000000000e+00,4.849999999999999645e+00,1.820000000000000062e+00
-4.860000000000000320e+00,5.099999999999999645e+00,1.659999999999999920e+00
-4.709999999999999964e+00,5.030000000000000249e+00,1.419999999999999929e+00
-3.790000000000000036e+00,4.780000000000000249e+00,1.459999999999999964e+00
-3.859999999999999876e+00,5.360000000000000320e+00,1.330000000000000071e+00
-3.640000000000000124e+00,5.940000000000000391e+00,1.090000000000000080e+00
-4.230000000000000426e+00,5.950000000000000178e+00,1.139999999999999902e+00
-4.580000000000000071e+00,6.459999999999999964e+00,9.200000000000000400e-01
-4.349999999999999645e+00,7.259999999999999787e+00,8.699999999999999956e-01
-3.669999999999999929e+00,8.210000000000000853e+00,9.899999999999999911e-01
-3.149999999999999911e+00,7.809999999999999609e+00,1.239999999999999991e+00
-3.830000000000000071e+00,6.860000000000000320e+00,1.120000000000000107e+00
-4.540000000000000036e+00,7.219999999999999751e+00,9.000000000000000222e-01
-3.850000000000000089e+00,7.150000000000000355e+00,1.020000000000000018e+00
-4.400000000000000355e+00,6.410000000000000142e+00,9.000000000000000222e-01
-4.040000000000000036e+00,6.339999999999999858e+00,1.469999999999999973e+00
-3.609999999999999876e+00,7.139999999999999680e+00,1.580000000000000071e+00
-3.620000000000000107e+00,6.990000000000000213e+00,7.299999999999999822e-01
-4.509999999999999787e+00,6.200000000000000178e+00,6.199999999999999956e-01
-5.019999999999999574e+00,6.330000000000000071e+00,9.100000000000000311e-01
-4.080000000000000071e+00,6.919999999999999929e+00,6.400000000000000133e-01
-3.410000000000000142e+00,7.099999999999999645e+00,1.250000000000000000e+00
-3.290000000000000036e+00,6.929999999999999716e+00,1.149999999999999911e+00
-4.219999999999999751e+00,6.650000000000000355e+00,7.299999999999999822e-01
-4.389999999999999680e+00,6.709999999999999964e+00,5.400000000000000355e-01
-3.830000000000000071e+00,6.969999999999999751e+00,1.000000000000000000e+00
-3.950000000000000178e+00,6.459999999999999964e+00,1.399999999999999911e+00
-4.610000000000000320e+00,6.509999999999999787e+00,1.270000000000000018e+00
-4.360000000000000320e+00,6.950000000000000178e+00,6.700000000000000400e-01
-3.879999999999999893e+00,6.639999999999999680e+00,6.300000000000000044e-01
-4.099999999999999645e+00,6.540000000000000036e+00,2.700000000000000178e-01
-4.129999999999999893e+00,6.669999999999999929e+00,2.000000000000000111e-01
-4.280000000000000249e+00,6.830000000000000071e+00,5.999999999999999778e-01
-4.000000000000000000e+00,6.679999999999999716e+00,1.149999999999999911e+00
-4.099999999999999645e+00,6.570000000000000284e+00,1.100000000000000089e+00
-4.080000000000000071e+00,6.769999999999999574e+00,8.699999999999999956e-01
-3.930000000000000160e+00,6.660000000000000142e+00,7.700000000000000178e-01
-3.890000000000000124e+00,6.400000000000000355e+00,7.199999999999999734e-01
-4.099999999999999645e+00,6.620000000000000107e+00,2.800000000000000266e-01
-4.320000000000000284e+00,6.790000000000000036e+00,8.299999999999999600e-01
-4.009999999999999787e+00,6.669999999999999929e+00,1.129999999999999893e+00
-3.910000000000000142e+00,6.599999999999999645e+00,8.599999999999999867e-01
-4.129999999999999893e+00,6.820000000000000284e+00,1.330000000000000071e+00
-4.169999999999999929e+00,6.709999999999999964e+00,8.800000000000000044e-01
-4.219999999999999751e+00,6.629999999999999893e+00,8.199999999999999512e-01
-4.049999999999999822e+00,6.660000000000000142e+00,8.800000000000000044e-01
-4.049999999999999822e+00,6.780000000000000249e+00,6.800000000000000488e-01
-4.169999999999999929e+00,6.490000000000000213e+00,7.399999999999999911e-01
-4.089999999999999858e+00,6.589999999999999858e+00,5.899999999999999689e-01
-4.120000000000000107e+00,6.559999999999999609e+00,6.500000000000000222e-01
-4.080000000000000071e+00,6.570000000000000284e+00,1.209999999999999964e+00
-4.139999999999999680e+00,6.610000000000000320e+00,1.719999999999999973e+00
-4.009999999999999787e+00,6.660000000000000142e+00,9.499999999999999556e-01
-4.219999999999999751e+00,6.690000000000000391e+00,5.600000000000000533e-01
-4.049999999999999822e+00,6.669999999999999929e+00,9.899999999999999911e-01
-4.290000000000000036e+00,6.679999999999999716e+00,1.100000000000000089e+00
-4.080000000000000071e+00,6.690000000000000391e+00,1.320000000000000062e+00
-4.160000000000000142e+00,6.669999999999999929e+00,1.409999999999999920e+00
-4.049999999999999822e+00,6.660000000000000142e+00,1.189999999999999947e+00
-4.129999999999999893e+00,6.589999999999999858e+00,1.429999999999999938e+00
-3.959999999999999964e+00,6.730000000000000426e+00,1.199999999999999956e+00
-4.019999999999999574e+00,6.639999999999999680e+00,3.699999999999999956e-01
-4.030000000000000249e+00,6.679999999999999716e+00,1.090000000000000080e+00
-4.160000000000000142e+00,6.750000000000000000e+00,1.100000000000000089e+00
-4.120000000000000107e+00,6.570000000000000284e+00,1.020000000000000018e+00
-3.890000000000000124e+00,6.589999999999999858e+00,6.600000000000000311e-01
-4.379999999999999893e+00,6.709999999999999964e+00,9.599999999999999645e-01
-4.290000000000000036e+00,6.540000000000000036e+00,1.010000000000000009e+00
-4.250000000000000000e+00,6.950000000000000178e+00,7.199999999999999734e-01
-3.689999999999999947e+00,6.379999999999999893e+00,1.000000000000000000e+00
-3.990000000000000213e+00,7.110000000000000320e+00,5.500000000000000444e-01
-3.890000000000000124e+00,6.280000000000000249e+00,1.040000000000000036e+00
-3.810000000000000053e+00,5.549999999999999822e+00,1.229999999999999982e+00
-4.030000000000000249e+00,6.730000000000000426e+00,1.250000000000000000e+00
-3.919999999999999929e+00,7.129999999999999893e+00,1.070000000000000062e+00
-2.979999999999999982e+00,5.790000000000000036e+00,1.100000000000000089e+00
-3.790000000000000036e+00,6.179999999999999716e+00,1.070000000000000062e+00
-4.830000000000000071e+00,6.839999999999999858e+00,1.070000000000000062e+00
-5.549999999999999822e+00,7.360000000000000320e+00,7.700000000000000178e-01
-4.129999999999999893e+00,7.719999999999999751e+00,7.500000000000000000e-01
-3.520000000000000018e+00,6.870000000000000107e+00,8.499999999999999778e-01
-3.790000000000000036e+00,6.679999999999999716e+00,8.699999999999999956e-01
-3.879999999999999893e+00,7.440000000000000391e+00,6.600000000000000311e-01
-3.720000000000000195e+00,8.179999999999999716e+00,1.209999999999999964e+00
-3.830000000000000071e+00,7.719999999999999751e+00,1.229999999999999982e+00
-3.680000000000000160e+00,7.419999999999999929e+00,9.499999999999999556e-01
-4.309999999999999609e+00,7.570000000000000284e+00,1.060000000000000053e+00
-3.529999999999999805e+00,7.360000000000000320e+00,1.330000000000000071e+00
-4.400000000000000355e+00,7.990000000000000213e+00,1.229999999999999982e+00
-4.500000000000000000e+00,7.959999999999999964e+00,1.169999999999999929e+00
-4.480000000000000426e+00,7.099999999999999645e+00,1.149999999999999911e+00
-4.389999999999999680e+00,6.759999999999999787e+00,1.129999999999999893e+00
-4.169999999999999929e+00,7.330000000000000071e+00,1.209999999999999964e+00
-4.280000000000000249e+00,7.400000000000000355e+00,1.129999999999999893e+00
-4.240000000000000213e+00,6.969999999999999751e+00,1.219999999999999973e+00
-4.919999999999999929e+00,7.839999999999999858e+00,1.120000000000000107e+00
-5.410000000000000142e+00,7.589999999999999858e+00,1.189999999999999947e+00
-6.290000000000000036e+00,7.200000000000000178e+00,9.300000000000000488e-01
-4.549999999999999822e+00,7.299999999999999822e+00,7.900000000000000355e-01
-3.290000000000000036e+00,6.629999999999999893e+00,9.300000000000000488e-01
-3.959999999999999964e+00,6.679999999999999716e+00,1.120000000000000107e+00
-3.450000000000000178e+00,7.540000000000000036e+00,1.290000000000000036e+00
-4.290000000000000036e+00,7.410000000000000142e+00,1.439999999999999947e+00
-4.290000000000000036e+00,6.860000000000000320e+00,5.799999999999999600e-01
-4.009999999999999787e+00,6.790000000000000036e+00,1.300000000000000044e+00
-4.519999999999999574e+00,7.519999999999999574e+00,1.729999999999999982e+00
-3.859999999999999876e+00,7.000000000000000000e+00,1.860000000000000098e+00
-4.400000000000000355e+00,7.009999999999999787e+00,1.830000000000000071e+00
-4.070000000000000284e+00,7.320000000000000284e+00,1.689999999999999947e+00
-4.240000000000000213e+00,7.070000000000000284e+00,1.139999999999999902e+00
-4.129999999999999893e+00,6.919999999999999929e+00,1.139999999999999902e+00
-4.230000000000000426e+00,7.410000000000000142e+00,1.310000000000000053e+00
-4.019999999999999574e+00,6.990000000000000213e+00,1.139999999999999902e+00
-4.209999999999999964e+00,7.049999999999999822e+00,1.129999999999999893e+00
-4.269999999999999574e+00,7.269999999999999574e+00,1.560000000000000053e+00
-4.230000000000000426e+00,7.089999999999999858e+00,1.389999999999999902e+00
-4.250000000000000000e+00,6.929999999999999716e+00,1.370000000000000107e+00
-4.160000000000000142e+00,7.250000000000000000e+00,1.290000000000000036e+00
-4.230000000000000426e+00,7.469999999999999751e+00,1.399999999999999911e+00
-4.450000000000000178e+00,6.990000000000000213e+00,1.510000000000000009e+00
-4.179999999999999716e+00,7.650000000000000355e+00,1.340000000000000080e+00
-3.540000000000000036e+00,6.940000000000000391e+00,1.350000000000000089e+00
-4.500000000000000000e+00,6.820000000000000284e+00,1.719999999999999973e+00
-4.179999999999999716e+00,7.360000000000000320e+00,1.550000000000000044e+00
-3.979999999999999982e+00,7.139999999999999680e+00,1.360000000000000098e+00
-4.129999999999999893e+00,6.879999999999999893e+00,1.649999999999999911e+00
-4.740000000000000213e+00,7.360000000000000320e+00,1.199999999999999956e+00
-3.870000000000000107e+00,7.219999999999999751e+00,1.719999999999999973e+00
-3.729999999999999982e+00,6.860000000000000320e+00,2.379999999999999893e+00
-4.419999999999999929e+00,7.209999999999999964e+00,1.469999999999999973e+00
-4.570000000000000284e+00,7.120000000000000107e+00,1.719999999999999973e+00
-3.750000000000000000e+00,7.000000000000000000e+00,1.510000000000000009e+00
-4.059999999999999609e+00,7.500000000000000000e+00,1.639999999999999902e+00
-3.910000000000000142e+00,7.500000000000000000e+00,1.270000000000000018e+00
-4.040000000000000036e+00,6.419999999999999929e+00,1.120000000000000107e+00
-4.349999999999999645e+00,7.040000000000000036e+00,1.300000000000000044e+00
-3.899999999999999911e+00,6.820000000000000284e+00,1.469999999999999973e+00
-3.799999999999999822e+00,6.669999999999999929e+00,1.649999999999999911e+00
-3.930000000000000160e+00,7.250000000000000000e+00,1.500000000000000000e+00
-4.360000000000000320e+00,7.209999999999999964e+00,1.459999999999999964e+00
-4.410000000000000142e+00,6.419999999999999929e+00,1.389999999999999902e+00
-3.580000000000000071e+00,6.900000000000000355e+00,1.810000000000000053e+00
-3.970000000000000195e+00,7.280000000000000249e+00,1.449999999999999956e+00
-4.389999999999999680e+00,8.009999999999999787e+00,1.129999999999999893e+00
-4.290000000000000036e+00,7.709999999999999964e+00,1.330000000000000071e+00
-4.580000000000000071e+00,7.730000000000000426e+00,1.139999999999999902e+00
-4.919999999999999929e+00,7.360000000000000320e+00,1.649999999999999911e+00
-4.780000000000000249e+00,6.950000000000000178e+00,2.020000000000000018e+00
-4.860000000000000320e+00,7.219999999999999751e+00,1.139999999999999902e+00
-3.609999999999999876e+00,6.549999999999999822e+00,1.239999999999999991e+00
-4.259999999999999787e+00,6.400000000000000355e+00,1.229999999999999982e+00
-4.509999999999999787e+00,7.440000000000000391e+00,1.330000000000000071e+00
-4.030000000000000249e+00,7.230000000000000426e+00,1.389999999999999902e+00
-3.740000000000000213e+00,6.389999999999999680e+00,1.810000000000000053e+00
-3.810000000000000053e+00,6.469999999999999751e+00,1.879999999999999893e+00
-3.350000000000000089e+00,5.830000000000000071e+00,1.810000000000000053e+00
-3.950000000000000178e+00,6.160000000000000142e+00,2.029999999999999805e+00
-3.640000000000000124e+00,6.400000000000000355e+00,1.620000000000000107e+00
-4.139999999999999680e+00,6.780000000000000249e+00,1.649999999999999911e+00
-4.280000000000000249e+00,6.450000000000000178e+00,1.479999999999999982e+00
-3.950000000000000178e+00,6.480000000000000426e+00,1.659999999999999920e+00
-4.160000000000000142e+00,7.240000000000000213e+00,1.439999999999999947e+00
-4.809999999999999609e+00,7.830000000000000071e+00,9.899999999999999911e-01
-4.419999999999999929e+00,7.219999999999999751e+00,1.239999999999999991e+00
-3.290000000000000036e+00,6.429999999999999716e+00,1.389999999999999902e+00
-4.230000000000000426e+00,6.620000000000000107e+00,1.149999999999999911e+00
-4.549999999999999822e+00,6.580000000000000071e+00,1.199999999999999956e+00
-4.360000000000000320e+00,7.700000000000000178e+00,1.340000000000000080e+00
-3.759999999999999787e+00,8.369999999999999218e+00,1.010000000000000009e+00
-4.160000000000000142e+00,7.570000000000000284e+00,9.899999999999999911e-01
-4.469999999999999751e+00,6.870000000000000107e+00,1.020000000000000018e+00
-4.259999999999999787e+00,6.660000000000000142e+00,1.580000000000000071e+00
-3.330000000000000071e+00,6.459999999999999964e+00,1.840000000000000080e+00
-3.830000000000000071e+00,6.849999999999999645e+00,1.679999999999999938e+00
-4.269999999999999574e+00,6.980000000000000426e+00,1.629999999999999893e+00
-4.160000000000000142e+00,7.030000000000000249e+00,1.340000000000000080e+00
-4.000000000000000000e+00,6.519999999999999574e+00,1.620000000000000107e+00
-3.609999999999999876e+00,6.320000000000000284e+00,1.189999999999999947e+00
-4.059999999999999609e+00,6.360000000000000320e+00,1.409999999999999920e+00
-3.939999999999999947e+00,6.849999999999999645e+00,1.419999999999999929e+00
-3.700000000000000178e+00,7.209999999999999964e+00,1.479999999999999982e+00
-4.419999999999999929e+00,6.809999999999999609e+00,1.500000000000000000e+00
-4.679999999999999716e+00,6.639999999999999680e+00,1.370000000000000107e+00
-4.089999999999999858e+00,7.169999999999999929e+00,1.129999999999999893e+00
-3.279999999999999805e+00,6.929999999999999716e+00,1.419999999999999929e+00
-4.179999999999999716e+00,6.809999999999999609e+00,1.790000000000000036e+00
-4.440000000000000391e+00,5.950000000000000178e+00,1.060000000000000053e+00
-4.110000000000000320e+00,6.889999999999999680e+00,1.469999999999999973e+00
-2.919999999999999929e+00,6.929999999999999716e+00,1.850000000000000089e+00
-3.540000000000000036e+00,6.740000000000000213e+00,1.550000000000000044e+00
-4.129999999999999893e+00,6.540000000000000036e+00,1.350000000000000089e+00
-4.599999999999999645e+00,6.780000000000000249e+00,1.810000000000000053e+00
-3.560000000000000053e+00,6.660000000000000142e+00,1.649999999999999911e+00
-3.939999999999999947e+00,7.570000000000000284e+00,1.689999999999999947e+00
-4.099999999999999645e+00,7.160000000000000142e+00,1.600000000000000089e+00
-3.919999999999999929e+00,5.740000000000000213e+00,1.350000000000000089e+00
-3.979999999999999982e+00,6.629999999999999893e+00,1.250000000000000000e+00
-3.879999999999999893e+00,7.519999999999999574e+00,1.699999999999999956e+00
-3.799999999999999822e+00,6.629999999999999893e+00,1.399999999999999911e+00
-4.080000000000000071e+00,6.280000000000000249e+00,1.219999999999999973e+00
-3.500000000000000000e+00,6.929999999999999716e+00,1.250000000000000000e+00
-4.049999999999999822e+00,7.030000000000000249e+00,1.620000000000000107e+00
-4.480000000000000426e+00,6.870000000000000107e+00,1.820000000000000062e+00
-4.000000000000000000e+00,7.009999999999999787e+00,1.889999999999999902e+00
-4.099999999999999645e+00,7.650000000000000355e+00,1.810000000000000053e+00
-3.729999999999999982e+00,7.099999999999999645e+00,1.969999999999999973e+00
-3.549999999999999822e+00,7.209999999999999964e+00,1.669999999999999929e+00
-3.859999999999999876e+00,7.269999999999999574e+00,1.570000000000000062e+00
-3.879999999999999893e+00,6.089999999999999858e+00,1.209999999999999964e+00
-3.990000000000000213e+00,5.589999999999999858e+00,1.620000000000000107e+00
-3.979999999999999982e+00,6.610000000000000320e+00,1.790000000000000036e+00
-3.129999999999999893e+00,7.429999999999999716e+00,1.699999999999999956e+00
-3.390000000000000124e+00,6.429999999999999716e+00,2.109999999999999876e+00
-4.259999999999999787e+00,5.309999999999999609e+00,1.699999999999999956e+00
-3.589999999999999858e+00,5.950000000000000178e+00,1.860000000000000098e+00
-3.879999999999999893e+00,6.959999999999999964e+00,1.750000000000000000e+00
-3.450000000000000178e+00,6.929999999999999716e+00,1.979999999999999982e+00
-3.939999999999999947e+00,6.450000000000000178e+00,1.649999999999999911e+00
-4.049999999999999822e+00,6.519999999999999574e+00,1.610000000000000098e+00
-3.879999999999999893e+00,7.400000000000000355e+00,1.870000000000000107e+00
-3.509999999999999787e+00,6.530000000000000249e+00,2.069999999999999840e+00
-4.280000000000000249e+00,5.769999999999999574e+00,1.889999999999999902e+00
-3.839999999999999858e+00,6.559999999999999609e+00,2.310000000000000053e+00
-3.609999999999999876e+00,7.099999999999999645e+00,1.969999999999999973e+00
-3.740000000000000213e+00,6.860000000000000320e+00,1.870000000000000107e+00
-3.029999999999999805e+00,5.370000000000000107e+00,1.699999999999999956e+00
-3.799999999999999822e+00,6.179999999999999716e+00,1.810000000000000053e+00
-4.599999999999999645e+00,7.240000000000000213e+00,1.500000000000000000e+00
-3.689999999999999947e+00,6.360000000000000320e+00,1.530000000000000027e+00
-2.950000000000000178e+00,5.740000000000000213e+00,1.600000000000000089e+00
-3.979999999999999982e+00,6.349999999999999645e+00,1.770000000000000018e+00
-3.959999999999999964e+00,6.610000000000000320e+00,1.590000000000000080e+00
-3.220000000000000195e+00,6.530000000000000249e+00,1.899999999999999911e+00
-3.479999999999999982e+00,6.250000000000000000e+00,1.550000000000000044e+00
-4.500000000000000000e+00,6.370000000000000107e+00,1.649999999999999911e+00
-3.729999999999999982e+00,6.360000000000000320e+00,1.850000000000000089e+00
-3.180000000000000160e+00,6.639999999999999680e+00,2.149999999999999911e+00
-3.870000000000000107e+00,6.639999999999999680e+00,1.659999999999999920e+00
-4.320000000000000284e+00,6.450000000000000178e+00,1.560000000000000053e+00
-3.600000000000000089e+00,6.330000000000000071e+00,1.330000000000000071e+00
-3.470000000000000195e+00,6.450000000000000178e+00,1.620000000000000107e+00
-3.959999999999999964e+00,6.620000000000000107e+00,9.599999999999999645e-01
-3.770000000000000018e+00,5.969999999999999751e+00,9.499999999999999556e-01
-4.490000000000000213e+00,6.400000000000000355e+00,8.100000000000000533e-01
-3.209999999999999964e+00,7.120000000000000107e+00,1.050000000000000044e+00
-2.680000000000000160e+00,7.620000000000000107e+00,1.350000000000000089e+00
-3.569999999999999840e+00,6.429999999999999716e+00,1.399999999999999911e+00
-4.559999999999999609e+00,5.750000000000000000e+00,1.360000000000000098e+00
-4.559999999999999609e+00,5.490000000000000213e+00,1.020000000000000018e+00
-3.479999999999999982e+00,6.490000000000000213e+00,1.060000000000000053e+00
-2.009999999999999787e+00,7.580000000000000071e+00,1.449999999999999956e+00
-3.029999999999999805e+00,7.419999999999999929e+00,1.479999999999999982e+00
-3.439999999999999947e+00,6.269999999999999574e+00,1.590000000000000080e+00
-3.410000000000000142e+00,6.089999999999999858e+00,1.909999999999999920e+00
-3.930000000000000160e+00,6.169999999999999929e+00,1.669999999999999929e+00
-4.089999999999999858e+00,6.919999999999999929e+00,1.729999999999999982e+00
-2.879999999999999893e+00,6.540000000000000036e+00,1.959999999999999964e+00
-1.939999999999999947e+00,6.179999999999999716e+00,2.200000000000000178e+00
-2.520000000000000018e+00,6.639999999999999680e+00,2.200000000000000178e+00
-3.950000000000000178e+00,6.809999999999999609e+00,1.709999999999999964e+00
-3.490000000000000213e+00,7.160000000000000142e+00,1.739999999999999991e+00
-3.060000000000000053e+00,6.759999999999999787e+00,1.659999999999999920e+00
-3.910000000000000142e+00,7.230000000000000426e+00,1.550000000000000044e+00
-4.150000000000000355e+00,6.769999999999999574e+00,1.520000000000000018e+00
-4.400000000000000355e+00,6.669999999999999929e+00,1.639999999999999902e+00
-4.370000000000000107e+00,6.759999999999999787e+00,1.500000000000000000e+00
-4.120000000000000107e+00,5.740000000000000213e+00,1.360000000000000098e+00
-4.500000000000000000e+00,5.469999999999999751e+00,1.580000000000000071e+00
-3.990000000000000213e+00,5.169999999999999929e+00,1.409999999999999920e+00
-3.680000000000000160e+00,5.870000000000000107e+00,1.530000000000000027e+00
-3.910000000000000142e+00,6.059999999999999609e+00,1.399999999999999911e+00
-3.919999999999999929e+00,5.200000000000000178e+00,1.419999999999999929e+00
-4.040000000000000036e+00,4.339999999999999858e+00,1.340000000000000080e+00
-4.900000000000000355e+00,4.049999999999999822e+00,1.350000000000000089e+00
-4.209999999999999964e+00,3.819999999999999840e+00,1.679999999999999938e+00
-4.150000000000000355e+00,2.919999999999999929e+00,1.649999999999999911e+00
-3.750000000000000000e+00,2.290000000000000036e+00,1.659999999999999920e+00
-4.150000000000000355e+00,1.510000000000000009e+00,1.659999999999999920e+00
-3.419999999999999929e+00,1.850000000000000089e+00,1.830000000000000071e+00
-4.509999999999999787e+00,1.209999999999999964e+00,1.820000000000000062e+00
-5.150000000000000355e+00,-4.400000000000000022e-01,1.719999999999999973e+00
-4.049999999999999822e+00,-4.699999999999999734e-01,1.620000000000000107e+00
-3.439999999999999947e+00,-6.099999999999999867e-01,1.689999999999999947e+00
-4.219999999999999751e+00,-2.000000000000000111e-01,1.679999999999999938e+00
-4.820000000000000284e+00,-2.500000000000000000e-01,2.049999999999999822e+00
-4.589999999999999858e+00,1.199999999999999956e+00,2.100000000000000089e+00
-4.280000000000000249e+00,2.500000000000000000e-01,2.160000000000000142e+00
-4.589999999999999858e+00,-1.600000000000000033e-01,2.140000000000000124e+00
-3.740000000000000213e+00,5.999999999999999778e-02,2.229999999999999982e+00
-4.469999999999999751e+00,-2.500000000000000000e-01,1.959999999999999964e+00
-4.389999999999999680e+00,-1.600000000000000033e-01,2.029999999999999805e+00
-4.230000000000000426e+00,-1.600000000000000033e-01,1.909999999999999920e+00
-4.400000000000000355e+00,4.000000000000000083e-02,1.699999999999999956e+00
-4.250000000000000000e+00,4.899999999999999911e-01,1.750000000000000000e+00
-4.669999999999999929e+00,5.999999999999999778e-02,1.969999999999999973e+00
-4.120000000000000107e+00,-2.099999999999999922e-01,2.279999999999999805e+00
-4.099999999999999645e+00,1.799999999999999933e-01,2.009999999999999787e+00
-4.120000000000000107e+00,2.099999999999999922e-01,1.979999999999999982e+00
-4.139999999999999680e+00,2.999999999999999889e-02,2.520000000000000018e+00
-4.469999999999999751e+00,5.000000000000000278e-02,1.939999999999999947e+00
-4.150000000000000355e+00,5.300000000000000266e-01,1.639999999999999902e+00
-4.490000000000000213e+00,3.200000000000000067e-01,2.029999999999999805e+00
-4.259999999999999787e+00,-2.000000000000000042e-02,1.790000000000000036e+00
-4.150000000000000355e+00,4.600000000000000200e-01,1.590000000000000080e+00
-4.280000000000000249e+00,4.199999999999999845e-01,1.560000000000000053e+00
-4.269999999999999574e+00,1.000000000000000056e-01,1.899999999999999911e+00
-4.370000000000000107e+00,4.699999999999999734e-01,1.899999999999999911e+00
-4.540000000000000036e+00,2.300000000000000100e-01,2.000000000000000000e+00
-4.320000000000000284e+00,-5.999999999999999778e-02,1.610000000000000098e+00
-4.450000000000000178e+00,2.300000000000000100e-01,1.439999999999999947e+00
-4.200000000000000178e+00,3.900000000000000133e-01,1.790000000000000036e+00
-4.339999999999999858e+00,-1.300000000000000044e-01,2.100000000000000089e+00
-4.379999999999999893e+00,1.499999999999999944e-01,1.989999999999999991e+00
-4.580000000000000071e+00,1.600000000000000033e-01,2.509999999999999787e+00
-4.179999999999999716e+00,1.700000000000000122e-01,2.020000000000000018e+00
-4.459999999999999964e+00,1.600000000000000033e-01,2.339999999999999858e+00
-4.400000000000000355e+00,1.799999999999999933e-01,2.569999999999999840e+00
-4.490000000000000213e+00,5.600000000000000533e-01,2.049999999999999822e+00
-4.280000000000000249e+00,7.399999999999999911e-01,1.929999999999999938e+00
-4.580000000000000071e+00,4.400000000000000022e-01,2.120000000000000107e+00
-5.059999999999999609e+00,-2.300000000000000100e-01,1.919999999999999929e+00
-4.169999999999999929e+00,7.500000000000000000e-01,1.989999999999999991e+00
-3.850000000000000089e+00,2.999999999999999889e-02,2.359999999999999876e+00
-4.360000000000000320e+00,3.099999999999999978e-01,2.220000000000000195e+00
-3.509999999999999787e+00,2.200000000000000011e-01,2.600000000000000089e+00
-3.450000000000000178e+00,4.099999999999999756e-01,2.500000000000000000e+00
-3.750000000000000000e+00,5.999999999999999778e-02,2.009999999999999787e+00
-4.089999999999999858e+00,6.099999999999999867e-01,1.949999999999999956e+00
-4.070000000000000284e+00,4.400000000000000022e-01,1.719999999999999973e+00
-3.939999999999999947e+00,3.599999999999999867e-01,2.080000000000000071e+00
-4.129999999999999893e+00,3.800000000000000044e-01,2.660000000000000142e+00
-4.129999999999999893e+00,2.500000000000000000e-01,2.580000000000000071e+00
-4.070000000000000284e+00,2.200000000000000011e-01,1.760000000000000009e+00
-4.209999999999999964e+00,5.699999999999999512e-01,2.040000000000000036e+00
-3.450000000000000178e+00,5.300000000000000266e-01,2.390000000000000124e+00
-4.269999999999999574e+00,4.600000000000000200e-01,2.259999999999999787e+00
-3.729999999999999982e+00,9.100000000000000311e-01,1.949999999999999956e+00
-4.419999999999999929e+00,3.900000000000000133e-01,1.929999999999999938e+00
-4.080000000000000071e+00,5.600000000000000533e-01,1.939999999999999947e+00
-4.089999999999999858e+00,3.300000000000000155e-01,1.600000000000000089e+00
-4.219999999999999751e+00,4.000000000000000222e-01,2.240000000000000213e+00
-4.009999999999999787e+00,2.899999999999999800e-01,1.699999999999999956e+00
-4.160000000000000142e+00,4.299999999999999933e-01,1.750000000000000000e+00
-4.209999999999999964e+00,3.499999999999999778e-01,2.160000000000000142e+00
-4.230000000000000426e+00,3.599999999999999867e-01,2.379999999999999893e+00
-4.080000000000000071e+00,2.999999999999999889e-01,2.069999999999999840e+00
-4.110000000000000320e+00,2.700000000000000178e-01,2.620000000000000107e+00
-4.129999999999999893e+00,4.299999999999999933e-01,2.540000000000000036e+00
-4.160000000000000142e+00,2.500000000000000000e-01,2.490000000000000213e+00
-4.019999999999999574e+00,3.900000000000000133e-01,2.089999999999999858e+00
-4.209999999999999964e+00,4.000000000000000222e-01,2.169999999999999929e+00
-4.240000000000000213e+00,3.599999999999999867e-01,2.160000000000000142e+00
-4.320000000000000284e+00,3.800000000000000044e-01,2.330000000000000071e+00
-4.059999999999999609e+00,4.400000000000000022e-01,1.939999999999999947e+00
-4.040000000000000036e+00,3.200000000000000067e-01,2.000000000000000000e+00
-4.120000000000000107e+00,4.099999999999999756e-01,1.429999999999999938e+00
-3.910000000000000142e+00,2.500000000000000000e-01,1.560000000000000053e+00
-4.219999999999999751e+00,2.500000000000000000e-01,1.750000000000000000e+00
-4.099999999999999645e+00,3.499999999999999778e-01,2.279999999999999805e+00
-3.990000000000000213e+00,3.699999999999999956e-01,1.879999999999999893e+00
-4.230000000000000426e+00,3.200000000000000067e-01,2.560000000000000053e+00
-4.089999999999999858e+00,4.600000000000000200e-01,2.799999999999999822e+00
-4.000000000000000000e+00,2.500000000000000000e-01,2.279999999999999805e+00
-4.089999999999999858e+00,3.499999999999999778e-01,2.640000000000000124e+00
-3.970000000000000195e+00,4.099999999999999756e-01,1.560000000000000053e+00
-4.250000000000000000e+00,2.999999999999999889e-01,2.000000000000000000e+00
-4.190000000000000391e+00,4.299999999999999933e-01,2.129999999999999893e+00
-4.190000000000000391e+00,2.600000000000000089e-01,1.949999999999999956e+00
-4.150000000000000355e+00,3.900000000000000133e-01,2.310000000000000053e+00
-4.190000000000000391e+00,4.099999999999999756e-01,2.220000000000000195e+00
-4.089999999999999858e+00,3.599999999999999867e-01,1.699999999999999956e+00
-4.009999999999999787e+00,3.499999999999999778e-01,2.220000000000000195e+00
-4.019999999999999574e+00,3.900000000000000133e-01,1.729999999999999982e+00
-3.990000000000000213e+00,3.300000000000000155e-01,1.669999999999999929e+00
-4.129999999999999893e+00,2.600000000000000089e-01,2.149999999999999911e+00
-4.269999999999999574e+00,2.999999999999999889e-01,1.899999999999999911e+00
-3.930000000000000160e+00,3.099999999999999978e-01,1.350000000000000089e+00
-4.000000000000000000e+00,1.000000000000000021e-02,1.760000000000000009e+00
-3.959999999999999964e+00,1.700000000000000122e-01,2.040000000000000036e+00
-4.209999999999999964e+00,4.000000000000000222e-01,2.200000000000000178e+00
-3.890000000000000124e+00,2.700000000000000178e-01,2.459999999999999964e+00
-3.959999999999999964e+00,4.899999999999999911e-01,2.470000000000000195e+00
-4.080000000000000071e+00,3.200000000000000067e-01,1.800000000000000044e+00
-4.089999999999999858e+00,4.799999999999999822e-01,1.919999999999999929e+00
-4.150000000000000355e+00,4.099999999999999756e-01,2.600000000000000089e+00
-4.179999999999999716e+00,3.599999999999999867e-01,2.100000000000000089e+00
-4.169999999999999929e+00,3.300000000000000155e-01,1.739999999999999991e+00
-3.930000000000000160e+00,2.999999999999999889e-01,2.069999999999999840e+00
-4.019999999999999574e+00,2.500000000000000000e-01,2.120000000000000107e+00
-4.110000000000000320e+00,4.299999999999999933e-01,1.639999999999999902e+00
-4.049999999999999822e+00,3.599999999999999867e-01,1.909999999999999920e+00
-4.169999999999999929e+00,4.400000000000000022e-01,1.600000000000000089e+00
-4.129999999999999893e+00,3.300000000000000155e-01,1.500000000000000000e+00
-4.219999999999999751e+00,3.599999999999999867e-01,1.310000000000000053e+00
-4.209999999999999964e+00,4.699999999999999734e-01,2.109999999999999876e+00
-4.040000000000000036e+00,3.099999999999999978e-01,1.830000000000000071e+00
-4.160000000000000142e+00,4.199999999999999845e-01,1.889999999999999902e+00
-4.179999999999999716e+00,2.899999999999999800e-01,1.520000000000000018e+00
-4.320000000000000284e+00,4.099999999999999756e-01,1.719999999999999973e+00
-4.160000000000000142e+00,3.900000000000000133e-01,1.979999999999999982e+00
-4.040000000000000036e+00,3.800000000000000044e-01,1.800000000000000044e+00
-4.269999999999999574e+00,3.900000000000000133e-01,2.100000000000000089e+00
-4.080000000000000071e+00,3.900000000000000133e-01,2.430000000000000160e+00
-4.120000000000000107e+00,3.499999999999999778e-01,2.089999999999999858e+00
-3.979999999999999982e+00,3.900000000000000133e-01,1.870000000000000107e+00
-4.059999999999999609e+00,3.400000000000000244e-01,1.810000000000000053e+00
-4.169999999999999929e+00,3.599999999999999867e-01,1.290000000000000036e+00
-4.200000000000000178e+00,4.099999999999999756e-01,2.089999999999999858e+00
-3.959999999999999964e+00,4.299999999999999933e-01,2.410000000000000142e+00
-4.040000000000000036e+00,2.700000000000000178e-01,1.790000000000000036e+00
-4.240000000000000213e+00,4.199999999999999845e-01,1.560000000000000053e+00
-4.169999999999999929e+00,3.599999999999999867e-01,2.339999999999999858e+00
-4.120000000000000107e+00,2.800000000000000266e-01,1.790000000000000036e+00
-4.250000000000000000e+00,4.699999999999999734e-01,2.859999999999999876e+00
-4.059999999999999609e+00,3.599999999999999867e-01,1.929999999999999938e+00
-4.110000000000000320e+00,2.899999999999999800e-01,2.720000000000000195e+00
-3.930000000000000160e+00,2.600000000000000089e-01,1.989999999999999991e+00
-4.120000000000000107e+00,4.099999999999999756e-01,2.399999999999999911e+00
-3.990000000000000213e+00,4.000000000000000222e-01,2.120000000000000107e+00
-4.190000000000000391e+00,3.300000000000000155e-01,1.969999999999999973e+00
-4.120000000000000107e+00,3.800000000000000044e-01,2.020000000000000018e+00
-4.139999999999999680e+00,3.400000000000000244e-01,2.319999999999999840e+00
-4.080000000000000071e+00,3.699999999999999956e-01,1.899999999999999911e+00
-4.169999999999999929e+00,2.800000000000000266e-01,2.169999999999999929e+00
-4.120000000000000107e+00,2.600000000000000089e-01,2.259999999999999787e+00
-4.219999999999999751e+00,4.400000000000000022e-01,2.069999999999999840e+00
-4.049999999999999822e+00,3.699999999999999956e-01,2.200000000000000178e+00
-4.070000000000000284e+00,2.999999999999999889e-01,1.840000000000000080e+00
-4.120000000000000107e+00,3.499999999999999778e-01,1.770000000000000018e+00
-4.169999999999999929e+00,2.899999999999999800e-01,1.840000000000000080e+00
-4.099999999999999645e+00,2.399999999999999911e-01,2.330000000000000071e+00
-4.089999999999999858e+00,3.499999999999999778e-01,1.969999999999999973e+00
-4.099999999999999645e+00,3.599999999999999867e-01,2.419999999999999929e+00
-4.059999999999999609e+00,4.000000000000000222e-01,2.310000000000000053e+00
-4.059999999999999609e+00,3.800000000000000044e-01,2.040000000000000036e+00
-4.110000000000000320e+00,3.599999999999999867e-01,1.860000000000000098e+00
-4.200000000000000178e+00,3.800000000000000044e-01,2.629999999999999893e+00
-4.059999999999999609e+00,3.499999999999999778e-01,2.339999999999999858e+00
-4.190000000000000391e+00,4.400000000000000022e-01,1.620000000000000107e+00
-4.200000000000000178e+00,2.300000000000000100e-01,2.120000000000000107e+00
-4.030000000000000249e+00,3.499999999999999778e-01,1.889999999999999902e+00
-4.209999999999999964e+00,4.600000000000000200e-01,2.259999999999999787e+00
-4.219999999999999751e+00,3.400000000000000244e-01,2.229999999999999982e+00
-4.110000000000000320e+00,3.200000000000000067e-01,2.379999999999999893e+00
-4.250000000000000000e+00,3.699999999999999956e-01,2.370000000000000107e+00
-4.099999999999999645e+00,3.300000000000000155e-01,1.580000000000000071e+00
-4.200000000000000178e+00,3.499999999999999778e-01,1.570000000000000062e+00
-4.150000000000000355e+00,3.499999999999999778e-01,1.840000000000000080e+00
-4.089999999999999858e+00,3.599999999999999867e-01,1.709999999999999964e+00
-4.009999999999999787e+00,3.900000000000000133e-01,1.479999999999999982e+00
-4.240000000000000213e+00,4.400000000000000022e-01,1.800000000000000044e+00
-4.280000000000000249e+00,2.200000000000000011e-01,2.040000000000000036e+00
-4.190000000000000391e+00,4.199999999999999845e-01,2.470000000000000195e+00
-4.169999999999999929e+00,4.000000000000000222e-01,2.419999999999999929e+00
-4.089999999999999858e+00,3.499999999999999778e-01,2.080000000000000071e+00
-4.209999999999999964e+00,2.200000000000000011e-01,2.259999999999999787e+00
-4.240000000000000213e+00,4.299999999999999933e-01,2.490000000000000213e+00
-3.959999999999999964e+00,3.599999999999999867e-01,2.129999999999999893e+00
-4.179999999999999716e+00,2.999999999999999889e-01,1.919999999999999929e+00
-4.200000000000000178e+00,4.000000000000000222e-01,2.529999999999999805e+00
-4.080000000000000071e+00,3.099999999999999978e-01,2.209999999999999964e+00
-4.139999999999999680e+00,4.099999999999999756e-01,1.929999999999999938e+00
-4.099999999999999645e+00,1.799999999999999933e-01,1.889999999999999902e+00
-4.160000000000000142e+00,3.499999999999999778e-01,1.879999999999999893e+00
-4.290000000000000036e+00,3.499999999999999778e-01,2.540000000000000036e+00
-3.939999999999999947e+00,3.699999999999999956e-01,2.029999999999999805e+00
-4.209999999999999964e+00,3.300000000000000155e-01,1.820000000000000062e+00
-4.129999999999999893e+00,3.599999999999999867e-01,1.949999999999999956e+00
-4.250000000000000000e+00,3.400000000000000244e-01,2.180000000000000160e+00
-4.030000000000000249e+00,2.899999999999999800e-01,2.629999999999999893e+00
-4.030000000000000249e+00,3.699999999999999956e-01,2.089999999999999858e+00
-4.139999999999999680e+00,3.200000000000000067e-01,1.409999999999999920e+00
-4.059999999999999609e+00,3.099999999999999978e-01,2.290000000000000036e+00
-4.059999999999999609e+00,3.599999999999999867e-01,2.109999999999999876e+00
-4.169999999999999929e+00,4.299999999999999933e-01,2.379999999999999893e+00
-4.009999999999999787e+00,2.300000000000000100e-01,1.959999999999999964e+00
-4.160000000000000142e+00,3.900000000000000133e-01,1.830000000000000071e+00
-4.160000000000000142e+00,2.500000000000000000e-01,2.359999999999999876e+00
-4.169999999999999929e+00,2.999999999999999889e-01,2.660000000000000142e+00
-4.049999999999999822e+00,8.000000000000000167e-02,2.770000000000000018e+00
-4.419999999999999929e+00,3.800000000000000044e-01,2.319999999999999840e+00
-4.240000000000000213e+00,2.399999999999999911e-01,1.830000000000000071e+00
-4.200000000000000178e+00,5.100000000000000089e-01,1.790000000000000036e+00
-4.089999999999999858e+00,2.700000000000000178e-01,1.729999999999999982e+00
-4.049999999999999822e+00,4.199999999999999845e-01,1.679999999999999938e+00
-4.030000000000000249e+00,3.900000000000000133e-01,1.280000000000000027e+00
-4.030000000000000249e+00,5.899999999999999689e-01,1.919999999999999929e+00
-4.139999999999999680e+00,3.200000000000000067e-01,2.069999999999999840e+00
-4.129999999999999893e+00,3.099999999999999978e-01,2.390000000000000124e+00
-4.089999999999999858e+00,2.999999999999999889e-01,1.790000000000000036e+00
-4.259999999999999787e+00,4.199999999999999845e-01,2.000000000000000000e+00
-4.099999999999999645e+00,3.900000000000000133e-01,2.169999999999999929e+00
-4.120000000000000107e+00,2.399999999999999911e-01,2.180000000000000160e+00
-4.139999999999999680e+00,4.000000000000000222e-01,1.770000000000000018e+00
-4.169999999999999929e+00,4.099999999999999756e-01,2.000000000000000000e+00
-4.000000000000000000e+00,5.000000000000000000e-01,1.909999999999999920e+00
-4.009999999999999787e+00,4.600000000000000200e-01,2.020000000000000018e+00
-4.089999999999999858e+00,3.300000000000000155e-01,1.709999999999999964e+00
-4.099999999999999645e+00,5.000000000000000000e-01,1.770000000000000018e+00
-4.080000000000000071e+00,4.899999999999999911e-01,1.649999999999999911e+00
-4.030000000000000249e+00,2.300000000000000100e-01,1.830000000000000071e+00
-3.930000000000000160e+00,4.600000000000000200e-01,1.780000000000000027e+00
-4.179999999999999716e+00,4.299999999999999933e-01,1.780000000000000027e+00
-4.040000000000000036e+00,3.599999999999999867e-01,1.889999999999999902e+00
-4.099999999999999645e+00,4.400000000000000022e-01,1.810000000000000053e+00
-3.979999999999999982e+00,4.000000000000000222e-01,2.009999999999999787e+00
-4.110000000000000320e+00,4.199999999999999845e-01,1.620000000000000107e+00
-4.160000000000000142e+00,3.900000000000000133e-01,1.899999999999999911e+00
-3.910000000000000142e+00,3.200000000000000067e-01,1.709999999999999964e+00
-3.910000000000000142e+00,4.099999999999999756e-01,1.790000000000000036e+00
-4.110000000000000320e+00,3.400000000000000244e-01,2.000000000000000000e+00
-4.209999999999999964e+00,4.000000000000000222e-01,2.049999999999999822e+00
-4.080000000000000071e+00,3.900000000000000133e-01,1.830000000000000071e+00
-4.230000000000000426e+00,4.699999999999999734e-01,2.140000000000000124e+00
-3.950000000000000178e+00,2.600000000000000089e-01,1.689999999999999947e+00
-3.939999999999999947e+00,3.099999999999999978e-01,1.489999999999999991e+00
-4.110000000000000320e+00,4.500000000000000111e-01,2.009999999999999787e+00
-4.040000000000000036e+00,4.299999999999999933e-01,2.379999999999999893e+00
-4.240000000000000213e+00,3.400000000000000244e-01,2.350000000000000089e+00
-4.160000000000000142e+00,4.299999999999999933e-01,2.439999999999999947e+00
-4.089999999999999858e+00,5.400000000000000355e-01,2.160000000000000142e+00
-4.169999999999999929e+00,3.200000000000000067e-01,2.330000000000000071e+00
-3.990000000000000213e+00,4.199999999999999845e-01,2.220000000000000195e+00
-4.190000000000000391e+00,3.300000000000000155e-01,2.629999999999999893e+00
-4.009999999999999787e+00,4.400000000000000022e-01,2.589999999999999858e+00
-4.320000000000000284e+00,3.800000000000000044e-01,2.439999999999999947e+00
-4.209999999999999964e+00,3.300000000000000155e-01,2.259999999999999787e+00
-4.150000000000000355e+00,3.900000000000000133e-01,2.330000000000000071e+00
-4.139999999999999680e+00,4.000000000000000222e-01,2.049999999999999822e+00
-4.190000000000000391e+00,3.300000000000000155e-01,1.750000000000000000e+00
-4.030000000000000249e+00,4.199999999999999845e-01,1.600000000000000089e+00
-4.230000000000000426e+00,3.499999999999999778e-01,1.550000000000000044e+00
-4.190000000000000391e+00,4.299999999999999933e-01,2.290000000000000036e+00
-4.200000000000000178e+00,4.600000000000000200e-01,2.509999999999999787e+00
-4.160000000000000142e+00,2.999999999999999889e-01,2.259999999999999787e+00
-4.190000000000000391e+00,3.699999999999999956e-01,2.490000000000000213e+00
-4.110000000000000320e+00,4.600000000000000200e-01,1.659999999999999920e+00
-4.169999999999999929e+00,4.199999999999999845e-01,2.609999999999999876e+00
-4.019999999999999574e+00,3.599999999999999867e-01,2.500000000000000000e+00
-4.190000000000000391e+00,3.400000000000000244e-01,1.979999999999999982e+00
-4.200000000000000178e+00,3.200000000000000067e-01,2.250000000000000000e+00
-4.169999999999999929e+00,3.200000000000000067e-01,1.959999999999999964e+00
-4.129999999999999893e+00,4.199999999999999845e-01,1.879999999999999893e+00
-4.290000000000000036e+00,4.199999999999999845e-01,1.800000000000000044e+00
-4.110000000000000320e+00,4.099999999999999756e-01,2.270000000000000018e+00
-4.299999999999999822e+00,3.200000000000000067e-01,1.939999999999999947e+00
-4.040000000000000036e+00,4.899999999999999911e-01,2.299999999999999822e+00
-4.250000000000000000e+00,3.499999999999999778e-01,2.549999999999999822e+00
-4.129999999999999893e+00,3.499999999999999778e-01,2.350000000000000089e+00
-4.240000000000000213e+00,4.799999999999999822e-01,1.979999999999999982e+00
-4.040000000000000036e+00,3.800000000000000044e-01,1.780000000000000027e+00
-4.110000000000000320e+00,2.899999999999999800e-01,1.679999999999999938e+00
-4.019999999999999574e+00,4.899999999999999911e-01,2.290000000000000036e+00
-4.259999999999999787e+00,5.600000000000000533e-01,2.569999999999999840e+00
-4.080000000000000071e+00,5.400000000000000355e-01,1.959999999999999964e+00
-4.049999999999999822e+00,3.200000000000000067e-01,1.770000000000000018e+00
-4.259999999999999787e+00,3.900000000000000133e-01,2.160000000000000142e+00
-3.939999999999999947e+00,2.600000000000000089e-01,2.430000000000000160e+00
-4.129999999999999893e+00,3.800000000000000044e-01,2.580000000000000071e+00
-4.160000000000000142e+00,3.699999999999999956e-01,1.719999999999999973e+00
-4.049999999999999822e+00,2.800000000000000266e-01,2.089999999999999858e+00
-4.209999999999999964e+00,3.300000000000000155e-01,1.780000000000000027e+00
-4.250000000000000000e+00,3.599999999999999867e-01,2.680000000000000160e+00
-3.939999999999999947e+00,2.500000000000000000e-01,2.209999999999999964e+00
-4.209999999999999964e+00,4.299999999999999933e-01,2.509999999999999787e+00
-3.959999999999999964e+00,4.899999999999999911e-01,2.529999999999999805e+00
-4.040000000000000036e+00,3.200000000000000067e-01,2.200000000000000178e+00
-4.209999999999999964e+00,3.699999999999999956e-01,2.120000000000000107e+00
-4.089999999999999858e+00,4.000000000000000222e-01,2.240000000000000213e+00
-4.139999999999999680e+00,2.600000000000000089e-01,1.790000000000000036e+00
-4.190000000000000391e+00,3.200000000000000067e-01,2.620000000000000107e+00
-4.269999999999999574e+00,2.999999999999999889e-01,2.229999999999999982e+00
-4.120000000000000107e+00,3.699999999999999956e-01,2.270000000000000018e+00
-4.240000000000000213e+00,4.199999999999999845e-01,2.270000000000000018e+00
-4.290000000000000036e+00,3.300000000000000155e-01,2.279999999999999805e+00
-4.230000000000000426e+00,4.400000000000000022e-01,1.790000000000000036e+00
-4.030000000000000249e+00,2.700000000000000178e-01,2.520000000000000018e+00
-4.190000000000000391e+00,3.499999999999999778e-01,2.290000000000000036e+00
-3.990000000000000213e+00,2.899999999999999800e-01,2.060000000000000053e+00
-4.269999999999999574e+00,3.900000000000000133e-01,2.419999999999999929e+00
-4.200000000000000178e+00,2.999999999999999889e-01,2.490000000000000213e+00
-4.200000000000000178e+00,2.999999999999999889e-01,2.500000000000000000e+00
-4.259999999999999787e+00,3.300000000000000155e-01,2.399999999999999911e+00
-3.870000000000000107e+00,2.800000000000000266e-01,2.270000000000000018e+00
-4.019999999999999574e+00,3.099999999999999978e-01,2.089999999999999858e+00
-4.110000000000000320e+00,3.599999999999999867e-01,2.399999999999999911e+00
-4.209999999999999964e+00,3.499999999999999778e-01,2.770000000000000018e+00
-4.230000000000000426e+00,3.400000000000000244e-01,2.069999999999999840e+00
-4.150000000000000355e+00,3.499999999999999778e-01,1.399999999999999911e+00
-4.250000000000000000e+00,4.000000000000000222e-01,1.860000000000000098e+00
-4.129999999999999893e+00,3.200000000000000067e-01,1.790000000000000036e+00
-4.150000000000000355e+00,2.999999999999999889e-01,2.069999999999999840e+00
-4.200000000000000178e+00,2.899999999999999800e-01,1.959999999999999964e+00
-4.070000000000000284e+00,2.700000000000000178e-01,2.160000000000000142e+00
-4.030000000000000249e+00,3.599999999999999867e-01,2.009999999999999787e+00
-4.179999999999999716e+00,4.199999999999999845e-01,1.820000000000000062e+00
-4.299999999999999822e+00,3.099999999999999978e-01,1.959999999999999964e+00
-4.129999999999999893e+00,4.299999999999999933e-01,1.899999999999999911e+00
-4.030000000000000249e+00,2.500000000000000000e-01,2.129999999999999893e+00
-4.309999999999999609e+00,2.700000000000000178e-01,2.250000000000000000e+00
-4.209999999999999964e+00,2.600000000000000089e-01,1.729999999999999982e+00
-4.080000000000000071e+00,3.499999999999999778e-01,1.669999999999999929e+00
-4.059999999999999609e+00,4.299999999999999933e-01,1.840000000000000080e+00
-4.059999999999999609e+00,3.699999999999999956e-01,1.989999999999999991e+00
-4.360000000000000320e+00,3.800000000000000044e-01,2.169999999999999929e+00
-4.110000000000000320e+00,2.300000000000000100e-01,1.840000000000000080e+00
-4.110000000000000320e+00,2.899999999999999800e-01,2.009999999999999787e+00
-4.280000000000000249e+00,4.299999999999999933e-01,2.270000000000000018e+00
-3.990000000000000213e+00,3.800000000000000044e-01,1.929999999999999938e+00
-4.139999999999999680e+00,3.300000000000000155e-01,1.750000000000000000e+00
-4.209999999999999964e+00,3.300000000000000155e-01,2.220000000000000195e+00
-4.320000000000000284e+00,3.499999999999999778e-01,2.680000000000000160e+00
-3.979999999999999982e+00,3.400000000000000244e-01,1.679999999999999938e+00
-4.190000000000000391e+00,4.299999999999999933e-01,2.200000000000000178e+00
-3.979999999999999982e+00,3.300000000000000155e-01,1.709999999999999964e+00
-4.250000000000000000e+00,3.699999999999999956e-01,2.180000000000000160e+00
-4.150000000000000355e+00,3.800000000000000044e-01,2.669999999999999929e+00
-4.099999999999999645e+00,3.599999999999999867e-01,2.319999999999999840e+00
-4.110000000000000320e+00,3.900000000000000133e-01,1.969999999999999973e+00
-4.160000000000000142e+00,2.899999999999999800e-01,1.500000000000000000e+00
-4.209999999999999964e+00,4.600000000000000200e-01,2.060000000000000053e+00
-4.070000000000000284e+00,4.799999999999999822e-01,1.919999999999999929e+00
-4.049999999999999822e+00,4.000000000000000222e-01,2.009999999999999787e+00
-4.030000000000000249e+00,4.199999999999999845e-01,2.189999999999999947e+00
-4.089999999999999858e+00,2.999999999999999889e-01,2.160000000000000142e+00
-4.219999999999999751e+00,2.999999999999999889e-01,2.229999999999999982e+00
-4.299999999999999822e+00,2.800000000000000266e-01,2.100000000000000089e+00
-4.040000000000000036e+00,3.599999999999999867e-01,2.189999999999999947e+00
-4.190000000000000391e+00,3.800000000000000044e-01,2.040000000000000036e+00
-4.150000000000000355e+00,4.099999999999999756e-01,2.229999999999999982e+00
-4.219999999999999751e+00,3.599999999999999867e-01,2.209999999999999964e+00
-4.200000000000000178e+00,3.200000000000000067e-01,1.449999999999999956e+00
-4.179999999999999716e+00,4.199999999999999845e-01,2.200000000000000178e+00
-4.110000000000000320e+00,4.000000000000000222e-01,2.149999999999999911e+00
-4.110000000000000320e+00,2.600000000000000089e-01,2.250000000000000000e+00
-4.059999999999999609e+00,4.099999999999999756e-01,2.180000000000000160e+00
-4.099999999999999645e+00,3.200000000000000067e-01,1.590000000000000080e+00
-4.190000000000000391e+00,2.500000000000000000e-01,1.830000000000000071e+00
-4.209999999999999964e+00,2.800000000000000266e-01,1.840000000000000080e+00
-4.169999999999999929e+00,4.099999999999999756e-01,2.109999999999999876e+00
-4.219999999999999751e+00,4.099999999999999756e-01,2.250000000000000000e+00
-4.209999999999999964e+00,3.800000000000000044e-01,2.160000000000000142e+00
-4.080000000000000071e+00,4.199999999999999845e-01,2.330000000000000071e+00
-4.009999999999999787e+00,4.000000000000000222e-01,2.259999999999999787e+00
-4.190000000000000391e+00,3.400000000000000244e-01,2.240000000000000213e+00
-4.070000000000000284e+00,4.000000000000000222e-01,2.459999999999999964e+00
-4.330000000000000071e+00,3.400000000000000244e-01,2.629999999999999893e+00
-4.049999999999999822e+00,3.400000000000000244e-01,2.029999999999999805e+00
-4.179999999999999716e+00,3.800000000000000044e-01,1.979999999999999982e+00
-4.030000000000000249e+00,2.399999999999999911e-01,2.520000000000000018e+00
-3.959999999999999964e+00,2.500000000000000000e-01,1.959999999999999964e+00
-3.919999999999999929e+00,3.499999999999999778e-01,2.270000000000000018e+00
-4.259999999999999787e+00,4.500000000000000111e-01,1.889999999999999902e+00
-4.040000000000000036e+00,3.099999999999999978e-01,2.379999999999999893e+00
-4.049999999999999822e+00,3.599999999999999867e-01,1.770000000000000018e+00
-4.030000000000000249e+00,3.400000000000000244e-01,1.709999999999999964e+00
-4.070000000000000284e+00,2.899999999999999800e-01,1.659999999999999920e+00
-4.179999999999999716e+00,3.300000000000000155e-01,1.810000000000000053e+00
-4.139999999999999680e+00,2.399999999999999911e-01,2.290000000000000036e+00
-4.049999999999999822e+00,2.700000000000000178e-01,1.669999999999999929e+00
-3.970000000000000195e+00,3.099999999999999978e-01,1.409999999999999920e+00
-4.290000000000000036e+00,3.699999999999999956e-01,2.319999999999999840e+00
-4.190000000000000391e+00,3.200000000000000067e-01,2.319999999999999840e+00
-3.990000000000000213e+00,4.099999999999999756e-01,2.490000000000000213e+00
-4.139999999999999680e+00,3.800000000000000044e-01,2.220000000000000195e+00
-4.059999999999999609e+00,3.099999999999999978e-01,2.390000000000000124e+00
-4.120000000000000107e+00,4.099999999999999756e-01,2.410000000000000142e+00
-3.970000000000000195e+00,2.700000000000000178e-01,1.639999999999999902e+00
-4.190000000000000391e+00,3.200000000000000067e-01,1.379999999999999893e+00
-4.030000000000000249e+00,3.400000000000000244e-01,1.739999999999999991e+00
-3.910000000000000142e+00,2.899999999999999800e-01,1.800000000000000044e+00
-4.129999999999999893e+00,2.899999999999999800e-01,2.009999999999999787e+00
-4.030000000000000249e+00,3.599999999999999867e-01,2.040000000000000036e+00
-4.070000000000000284e+00,3.099999999999999978e-01,1.899999999999999911e+00
-4.120000000000000107e+00,4.199999999999999845e-01,2.779999999999999805e+00
-4.169999999999999929e+00,3.499999999999999778e-01,2.330000000000000071e+00
-4.150000000000000355e+00,3.699999999999999956e-01,1.919999999999999929e+00
-4.059999999999999609e+00,2.999999999999999889e-01,2.080000000000000071e+00
-3.970000000000000195e+00,3.300000000000000155e-01,1.610000000000000098e+00
-4.040000000000000036e+00,2.700000000000000178e-01,2.069999999999999840e+00
-4.250000000000000000e+00,3.900000000000000133e-01,2.669999999999999929e+00
-4.179999999999999716e+00,3.599999999999999867e-01,3.040000000000000036e+00
-4.150000000000000355e+00,2.999999999999999889e-01,2.750000000000000000e+00
-4.129999999999999893e+00,3.099999999999999978e-01,1.850000000000000089e+00
-3.939999999999999947e+00,2.500000000000000000e-01,2.439999999999999947e+00
-4.099999999999999645e+00,2.099999999999999922e-01,2.540000000000000036e+00
-4.200000000000000178e+00,4.099999999999999756e-01,2.899999999999999911e+00
-4.200000000000000178e+00,2.700000000000000178e-01,2.649999999999999911e+00
-4.049999999999999822e+00,4.199999999999999845e-01,2.529999999999999805e+00
-4.190000000000000391e+00,3.499999999999999778e-01,2.490000000000000213e+00
-4.169999999999999929e+00,3.499999999999999778e-01,2.200000000000000178e+00
-4.250000000000000000e+00,2.999999999999999889e-01,2.279999999999999805e+00
-4.240000000000000213e+00,3.800000000000000044e-01,2.000000000000000000e+00
-3.990000000000000213e+00,2.399999999999999911e-01,1.929999999999999938e+00
-4.219999999999999751e+00,2.899999999999999800e-01,2.279999999999999805e+00
-4.190000000000000391e+00,4.099999999999999756e-01,2.149999999999999911e+00
-4.139999999999999680e+00,3.599999999999999867e-01,2.160000000000000142e+00
-4.190000000000000391e+00,3.900000000000000133e-01,2.209999999999999964e+00
-4.000000000000000000e+00,2.899999999999999800e-01,1.679999999999999938e+00
-4.070000000000000284e+00,3.900000000000000133e-01,2.200000000000000178e+00
-4.099999999999999645e+00,2.700000000000000178e-01,1.989999999999999991e+00
-3.970000000000000195e+00,2.999999999999999889e-01,1.899999999999999911e+00
-3.879999999999999893e+00,3.599999999999999867e-01,1.600000000000000089e+00
-4.280000000000000249e+00,3.400000000000000244e-01,2.259999999999999787e+00
-4.259999999999999787e+00,4.199999999999999845e-01,2.470000000000000195e+00
-4.009999999999999787e+00,4.099999999999999756e-01,2.200000000000000178e+00
-4.219999999999999751e+00,3.900000000000000133e-01,2.419999999999999929e+00
-4.139999999999999680e+00,3.200000000000000067e-01,2.649999999999999911e+00
-4.150000000000000355e+00,4.500000000000000111e-01,2.009999999999999787e+00
-4.129999999999999893e+00,3.499999999999999778e-01,2.160000000000000142e+00
-4.200000000000000178e+00,4.000000000000000222e-01,2.129999999999999893e+00
-4.190000000000000391e+00,2.700000000000000178e-01,2.609999999999999876e+00
-4.070000000000000284e+00,3.499999999999999778e-01,2.689999999999999947e+00
-4.150000000000000355e+00,3.499999999999999778e-01,2.430000000000000160e+00
-4.080000000000000071e+00,3.300000000000000155e-01,2.299999999999999822e+00
-4.089999999999999858e+00,2.700000000000000178e-01,1.699999999999999956e+00
-4.089999999999999858e+00,2.899999999999999800e-01,2.020000000000000018e+00
-3.959999999999999964e+00,3.900000000000000133e-01,2.029999999999999805e+00
-4.169999999999999929e+00,2.999999999999999889e-01,1.469999999999999973e+00
-4.099999999999999645e+00,4.400000000000000022e-01,2.250000000000000000e+00
-4.150000000000000355e+00,3.499999999999999778e-01,2.359999999999999876e+00
-4.070000000000000284e+00,3.099999999999999978e-01,1.679999999999999938e+00
-4.200000000000000178e+00,2.500000000000000000e-01,1.889999999999999902e+00
-4.129999999999999893e+00,4.400000000000000022e-01,2.569999999999999840e+00
-3.959999999999999964e+00,2.999999999999999889e-01,2.350000000000000089e+00
-4.070000000000000284e+00,2.999999999999999889e-01,1.689999999999999947e+00
-4.089999999999999858e+00,3.800000000000000044e-01,1.199999999999999956e+00
-4.179999999999999716e+00,3.599999999999999867e-01,1.919999999999999929e+00
-3.979999999999999982e+00,3.200000000000000067e-01,2.600000000000000089e+00
-4.009999999999999787e+00,3.699999999999999956e-01,2.000000000000000000e+00
-4.209999999999999964e+00,2.300000000000000100e-01,1.739999999999999991e+00
-4.110000000000000320e+00,4.500000000000000111e-01,2.700000000000000178e+00
-4.179999999999999716e+00,4.299999999999999933e-01,2.640000000000000124e+00
-4.070000000000000284e+00,4.400000000000000022e-01,2.109999999999999876e+00
-4.240000000000000213e+00,3.699999999999999956e-01,2.250000000000000000e+00
-4.080000000000000071e+00,4.000000000000000222e-01,2.049999999999999822e+00
-4.059999999999999609e+00,4.199999999999999845e-01,2.290000000000000036e+00
-4.120000000000000107e+00,4.400000000000000022e-01,1.600000000000000089e+00
-4.150000000000000355e+00,3.300000000000000155e-01,1.500000000000000000e+00
-4.120000000000000107e+00,3.300000000000000155e-01,1.860000000000000098e+00
-3.979999999999999982e+00,4.400000000000000022e-01,1.449999999999999956e+00
-4.190000000000000391e+00,4.099999999999999756e-01,1.959999999999999964e+00
-4.009999999999999787e+00,3.499999999999999778e-01,2.450000000000000178e+00
-4.240000000000000213e+00,3.699999999999999956e-01,2.680000000000000160e+00
-3.970000000000000195e+00,3.099999999999999978e-01,2.470000000000000195e+00
-4.120000000000000107e+00,3.599999999999999867e-01,2.390000000000000124e+00
-4.230000000000000426e+00,3.499999999999999778e-01,2.140000000000000124e+00
-4.030000000000000249e+00,2.700000000000000178e-01,1.969999999999999973e+00
-4.160000000000000142e+00,3.900000000000000133e-01,2.330000000000000071e+00
-4.230000000000000426e+00,4.099999999999999756e-01,2.700000000000000178e+00
-4.099999999999999645e+00,3.400000000000000244e-01,2.049999999999999822e+00
-4.120000000000000107e+00,4.199999999999999845e-01,2.399999999999999911e+00
-3.970000000000000195e+00,2.700000000000000178e-01,1.899999999999999911e+00
-3.979999999999999982e+00,3.400000000000000244e-01,1.610000000000000098e+00
-4.150000000000000355e+00,4.199999999999999845e-01,1.340000000000000080e+00
-4.019999999999999574e+00,3.599999999999999867e-01,1.750000000000000000e+00
-4.209999999999999964e+00,4.099999999999999756e-01,2.240000000000000213e+00
-4.169999999999999929e+00,4.199999999999999845e-01,2.450000000000000178e+00
-4.080000000000000071e+00,3.300000000000000155e-01,2.089999999999999858e+00
-4.169999999999999929e+00,3.699999999999999956e-01,2.189999999999999947e+00
-4.059999999999999609e+00,3.300000000000000155e-01,2.479999999999999982e+00
-4.110000000000000320e+00,3.200000000000000067e-01,1.919999999999999929e+00
-4.009999999999999787e+00,3.900000000000000133e-01,2.080000000000000071e+00
-4.209999999999999964e+00,3.800000000000000044e-01,2.580000000000000071e+00
-4.030000000000000249e+00,4.199999999999999845e-01,2.100000000000000089e+00
-3.979999999999999982e+00,4.600000000000000200e-01,1.600000000000000089e+00
-4.070000000000000284e+00,3.300000000000000155e-01,1.199999999999999956e+00
-4.059999999999999609e+00,3.200000000000000067e-01,1.879999999999999893e+00
-4.099999999999999645e+00,3.599999999999999867e-01,1.530000000000000027e+00
-4.179999999999999716e+00,2.600000000000000089e-01,2.029999999999999805e+00
-4.080000000000000071e+00,2.800000000000000266e-01,1.370000000000000107e+00
-4.089999999999999858e+00,3.699999999999999956e-01,2.089999999999999858e+00
-4.230000000000000426e+00,2.999999999999999889e-01,2.419999999999999929e+00
-3.939999999999999947e+00,3.200000000000000067e-01,1.830000000000000071e+00
-3.979999999999999982e+00,3.599999999999999867e-01,1.429999999999999938e+00
-4.190000000000000391e+00,3.499999999999999778e-01,1.899999999999999911e+00
-4.200000000000000178e+00,4.199999999999999845e-01,1.929999999999999938e+00
-3.979999999999999982e+00,4.099999999999999756e-01,2.529999999999999805e+00
-4.000000000000000000e+00,3.400000000000000244e-01,1.770000000000000018e+00
-4.059999999999999609e+00,3.200000000000000067e-01,1.620000000000000107e+00
-4.070000000000000284e+00,1.799999999999999933e-01,1.889999999999999902e+00
-3.979999999999999982e+00,3.300000000000000155e-01,2.540000000000000036e+00
-4.129999999999999893e+00,3.099999999999999978e-01,2.209999999999999964e+00
-3.919999999999999929e+00,2.300000000000000100e-01,2.220000000000000195e+00
-4.219999999999999751e+00,3.300000000000000155e-01,2.310000000000000053e+00
-4.099999999999999645e+00,2.999999999999999889e-01,1.729999999999999982e+00
-4.099999999999999645e+00,3.900000000000000133e-01,1.979999999999999982e+00
-4.059999999999999609e+00,3.800000000000000044e-01,2.390000000000000124e+00
-4.169999999999999929e+00,3.599999999999999867e-01,2.299999999999999822e+00
-4.150000000000000355e+00,2.500000000000000000e-01,1.830000000000000071e+00
-4.009999999999999787e+00,4.000000000000000222e-01,2.180000000000000160e+00
-4.259999999999999787e+00,3.499999999999999778e-01,2.169999999999999929e+00
-4.099999999999999645e+00,3.900000000000000133e-01,1.530000000000000027e+00
-4.169999999999999929e+00,3.300000000000000155e-01,2.120000000000000107e+00
-4.129999999999999893e+00,2.000000000000000111e-01,2.040000000000000036e+00
-4.219999999999999751e+00,3.699999999999999956e-01,2.299999999999999822e+00
-4.099999999999999645e+00,3.699999999999999956e-01,2.430000000000000160e+00
-4.080000000000000071e+00,3.800000000000000044e-01,1.500000000000000000e+00
-4.110000000000000320e+00,2.700000000000000178e-01,2.259999999999999787e+00
-3.959999999999999964e+00,3.099999999999999978e-01,1.860000000000000098e+00
-4.049999999999999822e+00,3.800000000000000044e-01,1.719999999999999973e+00
-3.970000000000000195e+00,3.699999999999999956e-01,1.989999999999999991e+00
-4.080000000000000071e+00,5.100000000000000089e-01,2.149999999999999911e+00
-3.959999999999999964e+00,2.800000000000000266e-01,1.969999999999999973e+00
-4.230000000000000426e+00,3.900000000000000133e-01,1.919999999999999929e+00
-4.200000000000000178e+00,4.000000000000000222e-01,1.949999999999999956e+00
-4.099999999999999645e+00,4.099999999999999756e-01,2.560000000000000053e+00
-4.219999999999999751e+00,4.500000000000000111e-01,2.339999999999999858e+00
-4.070000000000000284e+00,3.599999999999999867e-01,2.060000000000000053e+00
-4.080000000000000071e+00,4.099999999999999756e-01,2.149999999999999911e+00
-4.179999999999999716e+00,3.099999999999999978e-01,2.649999999999999911e+00
-4.240000000000000213e+00,4.400000000000000022e-01,2.379999999999999893e+00
-3.939999999999999947e+00,2.999999999999999889e-01,1.860000000000000098e+00
-4.049999999999999822e+00,1.799999999999999933e-01,1.600000000000000089e+00
-4.009999999999999787e+00,5.000000000000000000e-01,1.760000000000000009e+00
-4.209999999999999964e+00,4.099999999999999756e-01,1.790000000000000036e+00
-4.160000000000000142e+00,4.500000000000000111e-01,1.959999999999999964e+00
-4.219999999999999751e+00,3.699999999999999956e-01,2.399999999999999911e+00
-4.099999999999999645e+00,4.000000000000000222e-01,2.129999999999999893e+00
-4.059999999999999609e+00,3.400000000000000244e-01,2.080000000000000071e+00
-3.850000000000000089e+00,4.099999999999999756e-01,1.679999999999999938e+00
-3.919999999999999929e+00,2.999999999999999889e-01,1.929999999999999938e+00
-4.259999999999999787e+00,3.300000000000000155e-01,1.739999999999999991e+00
-4.179999999999999716e+00,3.900000000000000133e-01,1.969999999999999973e+00
-4.099999999999999645e+00,4.199999999999999845e-01,2.259999999999999787e+00
-4.009999999999999787e+00,3.699999999999999956e-01,2.209999999999999964e+00
-4.049999999999999822e+00,2.300000000000000100e-01,2.089999999999999858e+00
-4.049999999999999822e+00,3.699999999999999956e-01,1.639999999999999902e+00
-4.230000000000000426e+00,4.299999999999999933e-01,1.989999999999999991e+00
-4.049999999999999822e+00,2.600000000000000089e-01,1.820000000000000062e+00
-4.240000000000000213e+00,3.400000000000000244e-01,1.989999999999999991e+00
-3.970000000000000195e+00,3.699999999999999956e-01,1.879999999999999893e+00
-4.250000000000000000e+00,4.199999999999999845e-01,2.430000000000000160e+00
-4.099999999999999645e+00,2.700000000000000178e-01,2.299999999999999822e+00
-4.209999999999999964e+00,4.000000000000000222e-01,2.040000000000000036e+00
-4.240000000000000213e+00,4.400000000000000022e-01,2.220000000000000195e+00
-4.110000000000000320e+00,2.700000000000000178e-01,2.080000000000000071e+00
-3.950000000000000178e+00,3.099999999999999978e-01,2.029999999999999805e+00
-4.250000000000000000e+00,4.199999999999999845e-01,2.509999999999999787e+00
-4.129999999999999893e+00,2.399999999999999911e-01,2.080000000000000071e+00
-4.179999999999999716e+00,3.099999999999999978e-01,2.180000000000000160e+00
-3.950000000000000178e+00,4.500000000000000111e-01,1.889999999999999902e+00
-4.190000000000000391e+00,3.900000000000000133e-01,1.270000000000000018e+00
-4.160000000000000142e+00,3.599999999999999867e-01,2.169999999999999929e+00
-4.049999999999999822e+00,3.599999999999999867e-01,2.240000000000000213e+00
-4.230000000000000426e+00,4.600000000000000200e-01,2.229999999999999982e+00
-4.190000000000000391e+00,3.499999999999999778e-01,2.180000000000000160e+00
-3.990000000000000213e+00,2.999999999999999889e-01,1.989999999999999991e+00
-4.209999999999999964e+00,3.099999999999999978e-01,2.020000000000000018e+00
-4.009999999999999787e+00,3.800000000000000044e-01,1.760000000000000009e+00
-4.200000000000000178e+00,2.300000000000000100e-01,1.780000000000000027e+00
-4.219999999999999751e+00,3.200000000000000067e-01,1.729999999999999982e+00
-4.089999999999999858e+00,5.000000000000000000e-01,2.089999999999999858e+00
-4.120000000000000107e+00,4.500000000000000111e-01,2.390000000000000124e+00
-4.049999999999999822e+00,4.799999999999999822e-01,2.129999999999999893e+00
-4.160000000000000142e+00,4.699999999999999734e-01,2.290000000000000036e+00
-4.219999999999999751e+00,3.200000000000000067e-01,2.060000000000000053e+00
-4.269999999999999574e+00,2.200000000000000011e-01,1.870000000000000107e+00
-4.169999999999999929e+00,3.499999999999999778e-01,2.069999999999999840e+00
-4.169999999999999929e+00,4.199999999999999845e-01,2.580000000000000071e+00
-4.169999999999999929e+00,2.700000000000000178e-01,2.439999999999999947e+00
-4.230000000000000426e+00,4.000000000000000222e-01,2.270000000000000018e+00
-4.160000000000000142e+00,2.600000000000000089e-01,2.129999999999999893e+00
-4.290000000000000036e+00,3.699999999999999956e-01,2.089999999999999858e+00
-4.089999999999999858e+00,2.500000000000000000e-01,2.620000000000000107e+00
-3.950000000000000178e+00,2.600000000000000089e-01,2.419999999999999929e+00
-4.009999999999999787e+00,2.600000000000000089e-01,1.550000000000000044e+00
-4.099999999999999645e+00,3.599999999999999867e-01,2.270000000000000018e+00
-3.919999999999999929e+00,4.199999999999999845e-01,1.620000000000000107e+00
-4.030000000000000249e+00,3.900000000000000133e-01,1.979999999999999982e+00
-4.110000000000000320e+00,3.499999999999999778e-01,1.969999999999999973e+00
-4.120000000000000107e+00,3.800000000000000044e-01,2.720000000000000195e+00
-4.000000000000000000e+00,2.500000000000000000e-01,2.270000000000000018e+00
-4.129999999999999893e+00,3.900000000000000133e-01,1.949999999999999956e+00
-3.970000000000000195e+00,3.300000000000000155e-01,2.060000000000000053e+00
-4.110000000000000320e+00,4.400000000000000022e-01,1.449999999999999956e+00
-4.290000000000000036e+00,3.900000000000000133e-01,2.339999999999999858e+00
-4.240000000000000213e+00,2.999999999999999889e-01,2.169999999999999929e+00
-4.059999999999999609e+00,4.899999999999999911e-01,1.610000000000000098e+00
-4.150000000000000355e+00,4.299999999999999933e-01,2.310000000000000053e+00
-4.179999999999999716e+00,4.699999999999999734e-01,1.679999999999999938e+00
-4.059999999999999609e+00,4.799999999999999822e-01,1.919999999999999929e+00
-4.120000000000000107e+00,2.800000000000000266e-01,1.639999999999999902e+00
-4.070000000000000284e+00,4.000000000000000222e-01,2.000000000000000000e+00
-4.190000000000000391e+00,3.300000000000000155e-01,2.009999999999999787e+00
-4.009999999999999787e+00,3.099999999999999978e-01,1.860000000000000098e+00
-4.269999999999999574e+00,4.000000000000000222e-01,2.080000000000000071e+00
-4.150000000000000355e+00,2.899999999999999800e-01,2.270000000000000018e+00
-4.200000000000000178e+00,3.400000000000000244e-01,2.370000000000000107e+00
-4.019999999999999574e+00,4.699999999999999734e-01,2.029999999999999805e+00
-3.910000000000000142e+00,4.000000000000000222e-01,1.780000000000000027e+00
-4.059999999999999609e+00,3.200000000000000067e-01,1.479999999999999982e+00
-3.939999999999999947e+00,2.800000000000000266e-01,1.439999999999999947e+00
-4.200000000000000178e+00,4.000000000000000222e-01,1.580000000000000071e+00
-4.150000000000000355e+00,3.900000000000000133e-01,2.379999999999999893e+00
-4.230000000000000426e+00,3.499999999999999778e-01,2.140000000000000124e+00
-4.120000000000000107e+00,4.699999999999999734e-01,1.979999999999999982e+00
-4.219999999999999751e+00,3.599999999999999867e-01,2.000000000000000000e+00
-4.259999999999999787e+00,4.600000000000000200e-01,2.339999999999999858e+00
-3.990000000000000213e+00,3.800000000000000044e-01,1.360000000000000098e+00
-4.089999999999999858e+00,3.200000000000000067e-01,1.899999999999999911e+00
-3.959999999999999964e+00,2.800000000000000266e-01,1.790000000000000036e+00
-4.250000000000000000e+00,3.800000000000000044e-01,2.720000000000000195e+00
-4.230000000000000426e+00,3.599999999999999867e-01,2.379999999999999893e+00
-3.959999999999999964e+00,4.099999999999999756e-01,2.100000000000000089e+00
-4.160000000000000142e+00,3.200000000000000067e-01,2.339999999999999858e+00
-4.129999999999999893e+00,2.999999999999999889e-01,2.529999999999999805e+00
-4.099999999999999645e+00,2.899999999999999800e-01,2.060000000000000053e+00
-4.169999999999999929e+00,3.200000000000000067e-01,2.259999999999999787e+00
-4.179999999999999716e+00,3.300000000000000155e-01,2.279999999999999805e+00
-4.169999999999999929e+00,4.000000000000000222e-01,2.120000000000000107e+00
-3.830000000000000071e+00,3.300000000000000155e-01,1.659999999999999920e+00
-4.219999999999999751e+00,2.999999999999999889e-01,2.430000000000000160e+00
-4.139999999999999680e+00,4.199999999999999845e-01,2.200000000000000178e+00
-3.910000000000000142e+00,3.499999999999999778e-01,1.879999999999999893e+00
-4.000000000000000000e+00,3.800000000000000044e-01,1.729999999999999982e+00
-4.080000000000000071e+00,3.900000000000000133e-01,1.659999999999999920e+00
-4.139999999999999680e+00,2.600000000000000089e-01,1.080000000000000071e+00
-4.129999999999999893e+00,3.099999999999999978e-01,2.069999999999999840e+00
-4.040000000000000036e+00,4.799999999999999822e-01,2.379999999999999893e+00
-4.150000000000000355e+00,4.600000000000000200e-01,2.220000000000000195e+00
-4.040000000000000036e+00,3.800000000000000044e-01,2.209999999999999964e+00
-4.219999999999999751e+00,3.699999999999999956e-01,2.220000000000000195e+00
-4.040000000000000036e+00,2.800000000000000266e-01,1.800000000000000044e+00
-4.129999999999999893e+00,3.599999999999999867e-01,2.029999999999999805e+00
-4.190000000000000391e+00,2.800000000000000266e-01,2.450000000000000178e+00
-3.990000000000000213e+00,3.699999999999999956e-01,2.120000000000000107e+00
-4.259999999999999787e+00,4.099999999999999756e-01,2.430000000000000160e+00
-4.009999999999999787e+00,4.099999999999999756e-01,2.359999999999999876e+00
-4.250000000000000000e+00,3.699999999999999956e-01,2.189999999999999947e+00
-4.160000000000000142e+00,3.099999999999999978e-01,2.759999999999999787e+00
-4.209999999999999964e+00,3.300000000000000155e-01,2.580000000000000071e+00
-4.120000000000000107e+00,3.599999999999999867e-01,2.229999999999999982e+00
-4.120000000000000107e+00,4.000000000000000222e-01,1.860000000000000098e+00
-4.059999999999999609e+00,2.200000000000000011e-01,1.669999999999999929e+00
-4.299999999999999822e+00,4.600000000000000200e-01,1.969999999999999973e+00
-4.169999999999999929e+00,3.200000000000000067e-01,1.770000000000000018e+00
-4.110000000000000320e+00,3.499999999999999778e-01,2.270000000000000018e+00
-4.080000000000000071e+00,2.999999999999999889e-01,2.459999999999999964e+00
-4.150000000000000355e+00,4.600000000000000200e-01,2.169999999999999929e+00
-4.240000000000000213e+00,2.600000000000000089e-01,1.820000000000000062e+00
-4.169999999999999929e+00,3.300000000000000155e-01,2.250000000000000000e+00
-4.139999999999999680e+00,3.800000000000000044e-01,2.490000000000000213e+00
-3.939999999999999947e+00,5.300000000000000266e-01,1.229999999999999982e+00
-4.219999999999999751e+00,3.499999999999999778e-01,2.080000000000000071e+00
-4.219999999999999751e+00,3.099999999999999978e-01,2.299999999999999822e+00
-4.040000000000000036e+00,2.099999999999999922e-01,1.689999999999999947e+00
-4.030000000000000249e+00,3.300000000000000155e-01,1.310000000000000053e+00
-4.190000000000000391e+00,4.000000000000000222e-01,2.049999999999999822e+00
-4.169999999999999929e+00,3.400000000000000244e-01,2.629999999999999893e+00
-4.040000000000000036e+00,4.799999999999999822e-01,1.979999999999999982e+00
-4.070000000000000284e+00,5.300000000000000266e-01,2.149999999999999911e+00
-4.070000000000000284e+00,3.200000000000000067e-01,2.259999999999999787e+00
-4.129999999999999893e+00,3.800000000000000044e-01,2.609999999999999876e+00
-4.120000000000000107e+00,3.400000000000000244e-01,1.889999999999999902e+00
-4.089999999999999858e+00,3.800000000000000044e-01,1.949999999999999956e+00
-4.280000000000000249e+00,3.699999999999999956e-01,2.779999999999999805e+00
-4.150000000000000355e+00,4.699999999999999734e-01,2.799999999999999822e+00
-4.099999999999999645e+00,4.000000000000000222e-01,1.959999999999999964e+00
-4.150000000000000355e+00,3.699999999999999956e-01,2.240000000000000213e+00
-4.030000000000000249e+00,3.499999999999999778e-01,2.399999999999999911e+00
-4.179999999999999716e+00,3.800000000000000044e-01,2.109999999999999876e+00
-4.139999999999999680e+00,2.099999999999999922e-01,2.140000000000000124e+00
-4.019999999999999574e+00,3.300000000000000155e-01,2.060000000000000053e+00
-3.979999999999999982e+00,3.400000000000000244e-01,2.009999999999999787e+00
-4.009999999999999787e+00,4.000000000000000222e-01,1.889999999999999902e+00
-4.190000000000000391e+00,3.200000000000000067e-01,2.000000000000000000e+00
-4.080000000000000071e+00,2.600000000000000089e-01,2.060000000000000053e+00
-4.049999999999999822e+00,4.099999999999999756e-01,2.290000000000000036e+00
-4.009999999999999787e+00,3.200000000000000067e-01,1.949999999999999956e+00
-4.209999999999999964e+00,3.900000000000000133e-01,2.020000000000000018e+00
-3.990000000000000213e+00,2.999999999999999889e-01,2.390000000000000124e+00
-4.070000000000000284e+00,4.400000000000000022e-01,1.889999999999999902e+00
-4.099999999999999645e+00,4.199999999999999845e-01,2.109999999999999876e+00
-4.099999999999999645e+00,4.099999999999999756e-01,1.989999999999999991e+00
-3.970000000000000195e+00,3.699999999999999956e-01,2.020000000000000018e+00
-4.110000000000000320e+00,2.399999999999999911e-01,2.080000000000000071e+00
-4.030000000000000249e+00,4.400000000000000022e-01,2.040000000000000036e+00
-4.179999999999999716e+00,3.400000000000000244e-01,2.410000000000000142e+00
-4.150000000000000355e+00,4.400000000000000022e-01,1.820000000000000062e+00
-4.089999999999999858e+00,3.800000000000000044e-01,1.929999999999999938e+00
-4.139999999999999680e+00,3.300000000000000155e-01,2.290000000000000036e+00
-4.059999999999999609e+00,3.900000000000000133e-01,1.899999999999999911e+00
-3.910000000000000142e+00,3.800000000000000044e-01,1.830000000000000071e+00
-4.169999999999999929e+00,3.400000000000000244e-01,2.540000000000000036e+00
-4.089999999999999858e+00,2.099999999999999922e-01,1.570000000000000062e+00
-4.230000000000000426e+00,4.000000000000000222e-01,1.840000000000000080e+00
-4.089999999999999858e+00,2.899999999999999800e-01,2.040000000000000036e+00
-4.129999999999999893e+00,3.699999999999999956e-01,2.240000000000000213e+00
-3.970000000000000195e+00,3.300000000000000155e-01,1.709999999999999964e+00
-4.240000000000000213e+00,3.400000000000000244e-01,1.540000000000000036e+00
-4.019999999999999574e+00,4.500000000000000111e-01,1.979999999999999982e+00
-4.059999999999999609e+00,2.800000000000000266e-01,1.870000000000000107e+00
-4.070000000000000284e+00,4.099999999999999756e-01,2.580000000000000071e+00
-4.250000000000000000e+00,4.000000000000000222e-01,2.209999999999999964e+00
-4.209999999999999964e+00,3.300000000000000155e-01,2.140000000000000124e+00
-4.169999999999999929e+00,2.899999999999999800e-01,1.530000000000000027e+00
-4.120000000000000107e+00,3.800000000000000044e-01,1.669999999999999929e+00
-4.179999999999999716e+00,3.599999999999999867e-01,2.330000000000000071e+00
-4.139999999999999680e+00,2.999999999999999889e-01,2.410000000000000142e+00
-4.160000000000000142e+00,4.000000000000000222e-01,2.640000000000000124e+00
-4.169999999999999929e+00,4.400000000000000022e-01,2.330000000000000071e+00
-4.209999999999999964e+00,4.400000000000000022e-01,2.520000000000000018e+00
-4.099999999999999645e+00,3.099999999999999978e-01,2.270000000000000018e+00
-4.110000000000000320e+00,3.099999999999999978e-01,1.979999999999999982e+00
-4.200000000000000178e+00,4.099999999999999756e-01,1.860000000000000098e+00
-4.059999999999999609e+00,3.300000000000000155e-01,1.870000000000000107e+00
-4.169999999999999929e+00,3.599999999999999867e-01,2.129999999999999893e+00
-4.169999999999999929e+00,3.699999999999999956e-01,2.240000000000000213e+00
-3.970000000000000195e+00,3.499999999999999778e-01,2.479999999999999982e+00
-4.019999999999999574e+00,3.200000000000000067e-01,2.220000000000000195e+00
-4.040000000000000036e+00,2.899999999999999800e-01,2.080000000000000071e+00
-4.160000000000000142e+00,3.599999999999999867e-01,1.820000000000000062e+00
-4.049999999999999822e+00,4.199999999999999845e-01,1.679999999999999938e+00
-4.139999999999999680e+00,3.900000000000000133e-01,2.089999999999999858e+00
-4.040000000000000036e+00,3.599999999999999867e-01,2.549999999999999822e+00
-4.219999999999999751e+00,3.099999999999999978e-01,2.399999999999999911e+00
-4.150000000000000355e+00,4.199999999999999845e-01,1.959999999999999964e+00
-4.070000000000000284e+00,3.400000000000000244e-01,1.290000000000000036e+00
-4.259999999999999787e+00,4.899999999999999911e-01,2.299999999999999822e+00
-4.139999999999999680e+00,2.800000000000000266e-01,2.140000000000000124e+00
-4.250000000000000000e+00,3.300000000000000155e-01,2.430000000000000160e+00
-4.099999999999999645e+00,2.800000000000000266e-01,2.140000000000000124e+00
-4.169999999999999929e+00,3.499999999999999778e-01,1.830000000000000071e+00
-4.150000000000000355e+00,3.699999999999999956e-01,2.180000000000000160e+00
-4.259999999999999787e+00,3.300000000000000155e-01,2.419999999999999929e+00
-4.000000000000000000e+00,3.499999999999999778e-01,1.639999999999999902e+00
-4.320000000000000284e+00,3.099999999999999978e-01,2.290000000000000036e+00
-4.059999999999999609e+00,4.299999999999999933e-01,2.290000000000000036e+00
-4.280000000000000249e+00,3.800000000000000044e-01,2.060000000000000053e+00
-3.979999999999999982e+00,3.800000000000000044e-01,1.959999999999999964e+00
-3.959999999999999964e+00,4.000000000000000222e-01,1.719999999999999973e+00
-4.169999999999999929e+00,2.899999999999999800e-01,1.870000000000000107e+00
-4.179999999999999716e+00,4.899999999999999911e-01,2.009999999999999787e+00
-4.129999999999999893e+00,3.200000000000000067e-01,1.469999999999999973e+00
-4.019999999999999574e+00,3.300000000000000155e-01,2.149999999999999911e+00
-3.990000000000000213e+00,4.000000000000000222e-01,2.169999999999999929e+00
-4.150000000000000355e+00,4.500000000000000111e-01,2.120000000000000107e+00
-4.280000000000000249e+00,5.300000000000000266e-01,2.149999999999999911e+00
-4.230000000000000426e+00,4.699999999999999734e-01,2.290000000000000036e+00
-3.990000000000000213e+00,4.799999999999999822e-01,2.020000000000000018e+00
-4.120000000000000107e+00,4.299999999999999933e-01,1.360000000000000098e+00
-4.169999999999999929e+00,4.299999999999999933e-01,2.339999999999999858e+00
-3.990000000000000213e+00,4.199999999999999845e-01,1.919999999999999929e+00
-4.080000000000000071e+00,4.099999999999999756e-01,1.620000000000000107e+00
-4.120000000000000107e+00,2.500000000000000000e-01,1.820000000000000062e+00
-3.970000000000000195e+00,2.999999999999999889e-01,1.330000000000000071e+00
-4.200000000000000178e+00,3.800000000000000044e-01,2.250000000000000000e+00
-4.120000000000000107e+00,3.599999999999999867e-01,2.359999999999999876e+00
-3.970000000000000195e+00,2.800000000000000266e-01,2.069999999999999840e+00
-4.250000000000000000e+00,3.900000000000000133e-01,1.590000000000000080e+00
-4.139999999999999680e+00,3.900000000000000133e-01,2.259999999999999787e+00
-4.019999999999999574e+00,3.499999999999999778e-01,2.259999999999999787e+00
-3.990000000000000213e+00,3.800000000000000044e-01,1.830000000000000071e+00
-4.160000000000000142e+00,4.899999999999999911e-01,2.490000000000000213e+00
-3.930000000000000160e+00,3.900000000000000133e-01,2.529999999999999805e+00
-4.169999999999999929e+00,4.500000000000000111e-01,2.149999999999999911e+00
-4.089999999999999858e+00,4.099999999999999756e-01,2.140000000000000124e+00
-4.070000000000000284e+00,3.099999999999999978e-01,1.649999999999999911e+00
-4.000000000000000000e+00,4.400000000000000022e-01,1.530000000000000027e+00
-4.160000000000000142e+00,4.000000000000000222e-01,1.860000000000000098e+00
-4.160000000000000142e+00,4.099999999999999756e-01,1.800000000000000044e+00
-4.009999999999999787e+00,2.800000000000000266e-01,2.500000000000000000e+00
-4.169999999999999929e+00,3.200000000000000067e-01,2.240000000000000213e+00
-4.190000000000000391e+00,3.800000000000000044e-01,2.350000000000000089e+00
-4.099999999999999645e+00,4.400000000000000022e-01,3.020000000000000018e+00
-4.019999999999999574e+00,3.499999999999999778e-01,2.680000000000000160e+00
-4.030000000000000249e+00,3.900000000000000133e-01,2.549999999999999822e+00
-3.970000000000000195e+00,2.000000000000000111e-01,2.350000000000000089e+00
-4.120000000000000107e+00,3.699999999999999956e-01,2.169999999999999929e+00
-4.099999999999999645e+00,4.500000000000000111e-01,1.360000000000000098e+00
-4.009999999999999787e+00,3.200000000000000067e-01,1.300000000000000044e+00
-4.190000000000000391e+00,5.000000000000000000e-01,2.029999999999999805e+00
-4.240000000000000213e+00,5.799999999999999600e-01,1.899999999999999911e+00
-4.240000000000000213e+00,2.999999999999999889e-01,1.620000000000000107e+00
-4.040000000000000036e+00,3.699999999999999956e-01,1.780000000000000027e+00
-4.219999999999999751e+00,3.699999999999999956e-01,2.029999999999999805e+00
-4.190000000000000391e+00,4.400000000000000022e-01,1.689999999999999947e+00
-4.139999999999999680e+00,3.699999999999999956e-01,2.160000000000000142e+00
-3.979999999999999982e+00,2.800000000000000266e-01,2.020000000000000018e+00
-4.120000000000000107e+00,4.799999999999999822e-01,2.149999999999999911e+00
-4.219999999999999751e+00,4.099999999999999756e-01,2.509999999999999787e+00
-4.089999999999999858e+00,4.099999999999999756e-01,2.680000000000000160e+00
-4.009999999999999787e+00,4.400000000000000022e-01,2.379999999999999893e+00
-4.250000000000000000e+00,5.000000000000000000e-01,2.609999999999999876e+00
-4.230000000000000426e+00,3.599999999999999867e-01,2.560000000000000053e+00
-4.230000000000000426e+00,3.400000000000000244e-01,2.350000000000000089e+00
-4.000000000000000000e+00,4.000000000000000222e-01,1.459999999999999964e+00
-4.320000000000000284e+00,3.900000000000000133e-01,1.820000000000000062e+00
-4.019999999999999574e+00,3.900000000000000133e-01,1.870000000000000107e+00
-4.030000000000000249e+00,2.999999999999999889e-01,1.830000000000000071e+00
-4.000000000000000000e+00,4.099999999999999756e-01,1.419999999999999929e+00
-4.120000000000000107e+00,3.599999999999999867e-01,1.090000000000000080e+00
-4.070000000000000284e+00,5.300000000000000266e-01,1.659999999999999920e+00
-4.179999999999999716e+00,3.400000000000000244e-01,2.270000000000000018e+00
-4.240000000000000213e+00,3.099999999999999978e-01,2.459999999999999964e+00
-4.110000000000000320e+00,3.499999999999999778e-01,2.299999999999999822e+00
-4.000000000000000000e+00,2.899999999999999800e-01,1.949999999999999956e+00
-4.330000000000000071e+00,4.000000000000000222e-01,2.459999999999999964e+00
-3.979999999999999982e+00,3.200000000000000067e-01,2.339999999999999858e+00
-4.280000000000000249e+00,4.699999999999999734e-01,1.989999999999999991e+00
-4.059999999999999609e+00,4.099999999999999756e-01,2.370000000000000107e+00
-4.070000000000000284e+00,3.499999999999999778e-01,2.229999999999999982e+00
-3.870000000000000107e+00,4.400000000000000022e-01,1.919999999999999929e+00
-4.000000000000000000e+00,3.900000000000000133e-01,1.750000000000000000e+00
-4.080000000000000071e+00,4.199999999999999845e-01,1.719999999999999973e+00
-4.070000000000000284e+00,3.200000000000000067e-01,2.029999999999999805e+00
-4.110000000000000320e+00,3.400000000000000244e-01,1.590000000000000080e+00
-4.160000000000000142e+00,3.900000000000000133e-01,1.979999999999999982e+00
-4.200000000000000178e+00,3.699999999999999956e-01,1.860000000000000098e+00
-4.219999999999999751e+00,4.000000000000000222e-01,2.259999999999999787e+00
-4.070000000000000284e+00,4.299999999999999933e-01,2.520000000000000018e+00
-4.209999999999999964e+00,3.499999999999999778e-01,1.969999999999999973e+00
-4.339999999999999858e+00,4.199999999999999845e-01,2.330000000000000071e+00
-4.309999999999999609e+00,4.400000000000000022e-01,2.549999999999999822e+00
-4.099999999999999645e+00,3.800000000000000044e-01,2.950000000000000178e+00
-4.120000000000000107e+00,4.099999999999999756e-01,2.850000000000000089e+00
-4.099999999999999645e+00,2.899999999999999800e-01,2.189999999999999947e+00
-4.129999999999999893e+00,2.700000000000000178e-01,2.089999999999999858e+00
-4.030000000000000249e+00,3.200000000000000067e-01,2.700000000000000178e+00
-4.089999999999999858e+00,2.700000000000000178e-01,2.359999999999999876e+00
-4.320000000000000284e+00,4.199999999999999845e-01,2.450000000000000178e+00
-4.089999999999999858e+00,2.700000000000000178e-01,2.379999999999999893e+00
-3.990000000000000213e+00,3.400000000000000244e-01,2.680000000000000160e+00
-3.979999999999999982e+00,3.599999999999999867e-01,2.060000000000000053e+00
-4.230000000000000426e+00,4.000000000000000222e-01,1.939999999999999947e+00
-4.160000000000000142e+00,3.800000000000000044e-01,1.979999999999999982e+00
-4.009999999999999787e+00,4.699999999999999734e-01,1.520000000000000018e+00
-4.250000000000000000e+00,3.599999999999999867e-01,1.899999999999999911e+00
-4.070000000000000284e+00,3.800000000000000044e-01,2.229999999999999982e+00
-4.209999999999999964e+00,3.599999999999999867e-01,2.350000000000000089e+00
-4.110000000000000320e+00,4.600000000000000200e-01,2.600000000000000089e+00
-4.059999999999999609e+00,3.699999999999999956e-01,2.640000000000000124e+00
-4.240000000000000213e+00,4.400000000000000022e-01,2.540000000000000036e+00
-4.099999999999999645e+00,3.499999999999999778e-01,2.140000000000000124e+00
-4.110000000000000320e+00,3.300000000000000155e-01,2.100000000000000089e+00
-4.150000000000000355e+00,3.300000000000000155e-01,1.979999999999999982e+00
-4.169999999999999929e+00,3.800000000000000044e-01,2.069999999999999840e+00
-4.040000000000000036e+00,3.300000000000000155e-01,1.929999999999999938e+00
-4.099999999999999645e+00,3.200000000000000067e-01,1.699999999999999956e+00
-4.059999999999999609e+00,2.000000000000000111e-01,1.780000000000000027e+00
-4.240000000000000213e+00,4.000000000000000222e-01,2.089999999999999858e+00
-4.120000000000000107e+00,1.600000000000000033e-01,1.699999999999999956e+00
-4.129999999999999893e+00,3.400000000000000244e-01,1.679999999999999938e+00
-4.120000000000000107e+00,3.599999999999999867e-01,1.830000000000000071e+00
-4.049999999999999822e+00,2.600000000000000089e-01,1.639999999999999902e+00
-4.070000000000000284e+00,4.199999999999999845e-01,1.860000000000000098e+00
-4.110000000000000320e+00,2.999999999999999889e-01,2.609999999999999876e+00
-4.000000000000000000e+00,2.200000000000000011e-01,2.089999999999999858e+00
-4.209999999999999964e+00,4.199999999999999845e-01,2.399999999999999911e+00
-4.200000000000000178e+00,3.200000000000000067e-01,2.750000000000000000e+00
-4.139999999999999680e+00,4.099999999999999756e-01,2.259999999999999787e+00
-4.080000000000000071e+00,3.200000000000000067e-01,1.610000000000000098e+00
-4.250000000000000000e+00,3.900000000000000133e-01,2.290000000000000036e+00
-4.129999999999999893e+00,3.800000000000000044e-01,2.520000000000000018e+00
-3.870000000000000107e+00,3.300000000000000155e-01,2.180000000000000160e+00
-4.150000000000000355e+00,3.800000000000000044e-01,1.719999999999999973e+00
-4.129999999999999893e+00,2.200000000000000011e-01,2.200000000000000178e+00
-4.019999999999999574e+00,3.400000000000000244e-01,2.299999999999999822e+00
-4.110000000000000320e+00,4.199999999999999845e-01,2.060000000000000053e+00
-4.230000000000000426e+00,4.299999999999999933e-01,2.560000000000000053e+00
-3.990000000000000213e+00,4.400000000000000022e-01,2.140000000000000124e+00
-3.970000000000000195e+00,4.799999999999999822e-01,1.570000000000000062e+00
-4.190000000000000391e+00,3.800000000000000044e-01,2.080000000000000071e+00
-4.160000000000000142e+00,3.099999999999999978e-01,2.229999999999999982e+00
-4.219999999999999751e+00,3.400000000000000244e-01,2.939999999999999947e+00
-4.150000000000000355e+00,3.099999999999999978e-01,2.399999999999999911e+00
-4.040000000000000036e+00,3.400000000000000244e-01,2.109999999999999876e+00
-3.990000000000000213e+00,3.599999999999999867e-01,2.100000000000000089e+00
-4.030000000000000249e+00,2.700000000000000178e-01,2.040000000000000036e+00
-4.150000000000000355e+00,2.899999999999999800e-01,2.290000000000000036e+00
-4.110000000000000320e+00,3.200000000000000067e-01,2.049999999999999822e+00
-4.070000000000000284e+00,4.299999999999999933e-01,1.969999999999999973e+00
-4.120000000000000107e+00,3.900000000000000133e-01,2.330000000000000071e+00
-3.990000000000000213e+00,2.999999999999999889e-01,1.649999999999999911e+00
-4.089999999999999858e+00,2.800000000000000266e-01,1.590000000000000080e+00
-4.139999999999999680e+00,3.200000000000000067e-01,1.459999999999999964e+00
-4.219999999999999751e+00,3.400000000000000244e-01,2.370000000000000107e+00
-4.059999999999999609e+00,2.600000000000000089e-01,1.820000000000000062e+00
-3.950000000000000178e+00,2.999999999999999889e-01,1.540000000000000036e+00
-4.059999999999999609e+00,3.200000000000000067e-01,1.570000000000000062e+00
-4.190000000000000391e+00,4.000000000000000222e-01,2.339999999999999858e+00
-3.879999999999999893e+00,4.299999999999999933e-01,1.959999999999999964e+00
-4.150000000000000355e+00,4.199999999999999845e-01,2.290000000000000036e+00
-4.040000000000000036e+00,4.500000000000000111e-01,1.600000000000000089e+00
-4.099999999999999645e+00,3.099999999999999978e-01,1.959999999999999964e+00
-4.030000000000000249e+00,5.100000000000000089e-01,1.699999999999999956e+00
-4.219999999999999751e+00,4.299999999999999933e-01,2.390000000000000124e+00
-4.040000000000000036e+00,3.300000000000000155e-01,2.390000000000000124e+00
-4.019999999999999574e+00,3.800000000000000044e-01,1.580000000000000071e+00
-4.139999999999999680e+00,3.099999999999999978e-01,1.659999999999999920e+00
-4.040000000000000036e+00,3.099999999999999978e-01,1.879999999999999893e+00
-4.059999999999999609e+00,3.800000000000000044e-01,1.689999999999999947e+00
-4.209999999999999964e+00,4.699999999999999734e-01,1.620000000000000107e+00
-4.200000000000000178e+00,4.400000000000000022e-01,1.840000000000000080e+00
-4.059999999999999609e+00,4.000000000000000222e-01,1.389999999999999902e+00
-4.160000000000000142e+00,3.599999999999999867e-01,2.089999999999999858e+00
-4.080000000000000071e+00,3.499999999999999778e-01,1.600000000000000089e+00
-4.110000000000000320e+00,3.699999999999999956e-01,1.969999999999999973e+00
-4.049999999999999822e+00,2.800000000000000266e-01,2.060000000000000053e+00
-4.299999999999999822e+00,2.000000000000000111e-01,1.879999999999999893e+00
-4.019999999999999574e+00,2.000000000000000111e-01,2.290000000000000036e+00
-4.200000000000000178e+00,3.599999999999999867e-01,2.200000000000000178e+00
-4.150000000000000355e+00,3.900000000000000133e-01,2.379999999999999893e+00
-4.219999999999999751e+00,3.499999999999999778e-01,2.049999999999999822e+00
