Logging started at 20250715-1955
Ontime :
True
Action space mid: [-1.01873243  0.45176268 -1.4165763  -0.0205206   0.1673988  -1.3896672
  0.73325681  0.58896359 -1.6511396   0.8836804  -0.47590394  1.35490289
  0.18083922 -0.15080036  1.30874578 -0.74782036 -0.56708082  1.47821588], scale: [0.44304717 0.46786146 0.9527527  0.73484704 0.4457115  0.8509844
 0.45946249 0.41638221 0.9457742  0.2983276  0.44032795 1.03865751
 0.73073588 0.35183635 0.95987222 0.47668324 0.43512017 0.99632052]
INFO: VrepInterfaze is initialized successfully.
Ontime :
True
Action space mid: [-1.01873243  0.45176268 -1.4165763  -0.0205206   0.1673988  -1.3896672
  0.73325681  0.58896359 -1.6511396   0.8836804  -0.47590394  1.35490289
  0.18083922 -0.15080036  1.30874578 -0.74782036 -0.56708082  1.47821588], scale: [0.44304717 0.46786146 0.9527527  0.73484704 0.4457115  0.8509844
 0.45946249 0.41638221 0.9457742  0.2983276  0.44032795 1.03865751
 0.73073588 0.35183635 0.95987222 0.47668324 0.43512017 0.99632052]
INFO: VrepInterfaze is initialized successfully.
NVIDIA GeForce RTX 4060 Laptop GPU
Process ID: 30245
Env: Medauroidea, expert.csv, Seed: 0
Rollout length: 100
Num steps: 1000000, Eval interval: 10000
Gamma: 0.995, Mix buffer: 1, Batch size: 64
lr_actor: 0.0001, lr_critic: 0.0001, lr_disc: 0.0001
Units Actor: (64, 64), Units Critic: (64, 64)
Units Disc R: (100, 100), Units Disc V: (100, 100)
Epoch ppo: 50, Epoch disc: 3
Clip Epsc: 0.2, Lambda: 0.97, Coef Ent: 0.05, Max Grad Norm: 10.0
Expert buffer size: 1517
Initial state shape: (33,)
Step 1, t=1, state shape: (33,)
RolloutBuffer: _n=1, _p=1, total_size=100
Step 2, t=2, state shape: (33,)
RolloutBuffer: _n=2, _p=2, total_size=100
Step 3, t=3, state shape: (33,)
RolloutBuffer: _n=3, _p=3, total_size=100
Step 4, t=4, state shape: (33,)
RolloutBuffer: _n=4, _p=4, total_size=100
Step 5, t=5, state shape: (33,)
RolloutBuffer: _n=5, _p=5, total_size=100
Step 6, t=6, state shape: (33,)
RolloutBuffer: _n=6, _p=6, total_size=100
Step 7, t=7, state shape: (33,)
RolloutBuffer: _n=7, _p=7, total_size=100
Step 8, t=8, state shape: (33,)
RolloutBuffer: _n=8, _p=8, total_size=100
Step 9, t=9, state shape: (33,)
RolloutBuffer: _n=9, _p=9, total_size=100
Step 10, t=10, state shape: (33,)
RolloutBuffer: _n=10, _p=10, total_size=100
Step 11, t=11, state shape: (33,)
RolloutBuffer: _n=11, _p=11, total_size=100
Step 12, t=12, state shape: (33,)
RolloutBuffer: _n=12, _p=12, total_size=100
Step 13, t=13, state shape: (33,)
RolloutBuffer: _n=13, _p=13, total_size=100
Step 14, t=14, state shape: (33,)
RolloutBuffer: _n=14, _p=14, total_size=100
Step 15, t=15, state shape: (33,)
RolloutBuffer: _n=15, _p=15, total_size=100
Step 16, t=16, state shape: (33,)
RolloutBuffer: _n=16, _p=16, total_size=100
Step 17, t=17, state shape: (33,)
RolloutBuffer: _n=17, _p=17, total_size=100
Step 18, t=18, state shape: (33,)
RolloutBuffer: _n=18, _p=18, total_size=100
Step 19, t=19, state shape: (33,)
RolloutBuffer: _n=19, _p=19, total_size=100
Step 20, t=20, state shape: (33,)
RolloutBuffer: _n=20, _p=20, total_size=100
Step 21, t=21, state shape: (33,)
RolloutBuffer: _n=21, _p=21, total_size=100
Step 22, t=22, state shape: (33,)
RolloutBuffer: _n=22, _p=22, total_size=100
Step 23, t=23, state shape: (33,)
RolloutBuffer: _n=23, _p=23, total_size=100
Step 24, t=24, state shape: (33,)
RolloutBuffer: _n=24, _p=24, total_size=100
Step 25, t=25, state shape: (33,)
RolloutBuffer: _n=25, _p=25, total_size=100
Step 26, t=26, state shape: (33,)
RolloutBuffer: _n=26, _p=26, total_size=100
Step 27, t=27, state shape: (33,)
RolloutBuffer: _n=27, _p=27, total_size=100
Step 28, t=28, state shape: (33,)
RolloutBuffer: _n=28, _p=28, total_size=100
Step 29, t=29, state shape: (33,)
RolloutBuffer: _n=29, _p=29, total_size=100
Step 30, t=30, state shape: (33,)
RolloutBuffer: _n=30, _p=30, total_size=100
Step 31, t=31, state shape: (33,)
RolloutBuffer: _n=31, _p=31, total_size=100
Step 32, t=32, state shape: (33,)
RolloutBuffer: _n=32, _p=32, total_size=100
Step 33, t=33, state shape: (33,)
RolloutBuffer: _n=33, _p=33, total_size=100
Step 34, t=34, state shape: (33,)
RolloutBuffer: _n=34, _p=34, total_size=100
Step 35, t=35, state shape: (33,)
RolloutBuffer: _n=35, _p=35, total_size=100
Step 36, t=36, state shape: (33,)
RolloutBuffer: _n=36, _p=36, total_size=100
Step 37, t=1, state shape: (33,)
RolloutBuffer: _n=37, _p=37, total_size=100
Step 38, t=2, state shape: (33,)
RolloutBuffer: _n=38, _p=38, total_size=100
Step 39, t=3, state shape: (33,)
RolloutBuffer: _n=39, _p=39, total_size=100
Step 40, t=4, state shape: (33,)
RolloutBuffer: _n=40, _p=40, total_size=100
Step 41, t=5, state shape: (33,)
RolloutBuffer: _n=41, _p=41, total_size=100
Step 42, t=6, state shape: (33,)
RolloutBuffer: _n=42, _p=42, total_size=100
Step 43, t=7, state shape: (33,)
RolloutBuffer: _n=43, _p=43, total_size=100
Step 44, t=8, state shape: (33,)
RolloutBuffer: _n=44, _p=44, total_size=100
Step 45, t=9, state shape: (33,)
RolloutBuffer: _n=45, _p=45, total_size=100
Step 46, t=10, state shape: (33,)
RolloutBuffer: _n=46, _p=46, total_size=100
Step 47, t=11, state shape: (33,)
RolloutBuffer: _n=47, _p=47, total_size=100
Step 48, t=12, state shape: (33,)
RolloutBuffer: _n=48, _p=48, total_size=100
Step 49, t=13, state shape: (33,)
RolloutBuffer: _n=49, _p=49, total_size=100
Step 50, t=14, state shape: (33,)
RolloutBuffer: _n=50, _p=50, total_size=100
Step 51, t=15, state shape: (33,)
RolloutBuffer: _n=51, _p=51, total_size=100
Step 52, t=16, state shape: (33,)
RolloutBuffer: _n=52, _p=52, total_size=100
Step 53, t=17, state shape: (33,)
RolloutBuffer: _n=53, _p=53, total_size=100
Step 54, t=18, state shape: (33,)
RolloutBuffer: _n=54, _p=54, total_size=100
Step 55, t=19, state shape: (33,)
RolloutBuffer: _n=55, _p=55, total_size=100
Step 56, t=20, state shape: (33,)
RolloutBuffer: _n=56, _p=56, total_size=100
Step 57, t=21, state shape: (33,)
RolloutBuffer: _n=57, _p=57, total_size=100
Step 58, t=22, state shape: (33,)
RolloutBuffer: _n=58, _p=58, total_size=100
Step 59, t=23, state shape: (33,)
RolloutBuffer: _n=59, _p=59, total_size=100
Step 60, t=24, state shape: (33,)
RolloutBuffer: _n=60, _p=60, total_size=100
Step 61, t=25, state shape: (33,)
RolloutBuffer: _n=61, _p=61, total_size=100
Step 62, t=26, state shape: (33,)
RolloutBuffer: _n=62, _p=62, total_size=100
Step 63, t=27, state shape: (33,)
RolloutBuffer: _n=63, _p=63, total_size=100
Step 64, t=28, state shape: (33,)
RolloutBuffer: _n=64, _p=64, total_size=100
Step 65, t=29, state shape: (33,)
RolloutBuffer: _n=65, _p=65, total_size=100
Step 66, t=30, state shape: (33,)
RolloutBuffer: _n=66, _p=66, total_size=100
Step 67, t=31, state shape: (33,)
RolloutBuffer: _n=67, _p=67, total_size=100
Step 68, t=32, state shape: (33,)
RolloutBuffer: _n=68, _p=68, total_size=100
Step 69, t=33, state shape: (33,)
RolloutBuffer: _n=69, _p=69, total_size=100
Step 70, t=34, state shape: (33,)
RolloutBuffer: _n=70, _p=70, total_size=100
Step 71, t=35, state shape: (33,)
RolloutBuffer: _n=71, _p=71, total_size=100
Step 72, t=36, state shape: (33,)
RolloutBuffer: _n=72, _p=72, total_size=100
Step 73, t=37, state shape: (33,)
RolloutBuffer: _n=73, _p=73, total_size=100
Step 74, t=38, state shape: (33,)
RolloutBuffer: _n=74, _p=74, total_size=100
Step 75, t=39, state shape: (33,)
RolloutBuffer: _n=75, _p=75, total_size=100
Step 76, t=40, state shape: (33,)
RolloutBuffer: _n=76, _p=76, total_size=100
Step 77, t=41, state shape: (33,)
RolloutBuffer: _n=77, _p=77, total_size=100
Step 78, t=42, state shape: (33,)
RolloutBuffer: _n=78, _p=78, total_size=100
Step 79, t=43, state shape: (33,)
RolloutBuffer: _n=79, _p=79, total_size=100
Step 80, t=44, state shape: (33,)
RolloutBuffer: _n=80, _p=80, total_size=100
Step 81, t=45, state shape: (33,)
RolloutBuffer: _n=81, _p=81, total_size=100
Step 82, t=46, state shape: (33,)
RolloutBuffer: _n=82, _p=82, total_size=100
Step 83, t=47, state shape: (33,)
RolloutBuffer: _n=83, _p=83, total_size=100
Step 84, t=48, state shape: (33,)
RolloutBuffer: _n=84, _p=84, total_size=100
Step 85, t=49, state shape: (33,)
RolloutBuffer: _n=85, _p=85, total_size=100
Step 86, t=50, state shape: (33,)
RolloutBuffer: _n=86, _p=86, total_size=100
Step 87, t=51, state shape: (33,)
RolloutBuffer: _n=87, _p=87, total_size=100
Step 88, t=52, state shape: (33,)
RolloutBuffer: _n=88, _p=88, total_size=100
Step 89, t=53, state shape: (33,)
RolloutBuffer: _n=89, _p=89, total_size=100
Step 90, t=54, state shape: (33,)
RolloutBuffer: _n=90, _p=90, total_size=100
Step 91, t=55, state shape: (33,)
RolloutBuffer: _n=91, _p=91, total_size=100
Step 92, t=56, state shape: (33,)
RolloutBuffer: _n=92, _p=92, total_size=100
Step 93, t=57, state shape: (33,)
RolloutBuffer: _n=93, _p=93, total_size=100
Step 94, t=58, state shape: (33,)
RolloutBuffer: _n=94, _p=94, total_size=100
Step 95, t=59, state shape: (33,)
RolloutBuffer: _n=95, _p=95, total_size=100
Step 96, t=60, state shape: (33,)
RolloutBuffer: _n=96, _p=96, total_size=100
Step 97, t=61, state shape: (33,)
RolloutBuffer: _n=97, _p=97, total_size=100
Step 98, t=62, state shape: (33,)
RolloutBuffer: _n=98, _p=98, total_size=100
Step 99, t=63, state shape: (33,)
RolloutBuffer: _n=99, _p=99, total_size=100
Step 100, t=64, state shape: (33,)
RolloutBuffer: _n=100, _p=0, total_size=100
[Debug] Log probabilities of current policy actions: tensor([[-10.1667],
        [ -9.0848],
        [-13.6233],
        [-11.8032],
        [-11.8032],
        [-11.2985],
        [-13.2265],
        [-11.2242],
        [-14.0971],
        [-10.1557],
        [ -9.7287],
        [-11.7544],
        [-11.7544],
        [-10.5777],
        [-12.4279],
        [-11.9980],
        [-12.1454],
        [-10.1557],
        [ -9.8925],
        [-11.7544],
        [-10.7403],
        [-13.0839],
        [ -9.9848],
        [-10.5913],
        [-12.1669],
        [-11.2985],
        [-11.3453],
        [-12.0799],
        [-11.1566],
        [-10.1961],
        [ -9.0848],
        [-13.6233],
        [-11.4531],
        [-10.8752],
        [-11.7544],
        [-11.2877],
        [ -8.0201],
        [-12.1684],
        [-12.1684],
        [-14.5352],
        [-12.1454],
        [-13.5140],
        [-11.9980],
        [-11.2985],
        [-12.8381],
        [-13.5140],
        [-11.6505],
        [-14.7529],
        [-12.4191],
        [-13.6856],
        [ -8.7054],
        [-10.7171],
        [-11.3956],
        [-14.0458],
        [-11.6645],
        [-11.6645],
        [-14.0971],
        [ -7.4021],
        [ -6.3873],
        [-11.5199],
        [-12.2288],
        [-10.1961],
        [-11.1807],
        [-10.6000]], device='cuda:0')
[Debug] actions_exp max:
1.0
min:
-1.0000001192092896
[Debug] Log probabilities of expert actions: tensor([[-15.8583],
        [-23.4011],
        [-12.1256],
        [-14.3175],
        [-13.0449],
        [-15.7654],
        [-13.3644],
        [-27.2591],
        [-13.9904],
        [-14.4847],
        [-14.5278],
        [-14.4825],
        [-29.8029],
        [-14.5237],
        [-13.2127],
        [-13.6372],
        [-14.0110],
        [-24.9800],
        [-11.9576],
        [-17.1326],
        [-15.0235],
        [-12.8713],
        [-13.5280],
        [-13.8265],
        [-27.4058],
        [-12.0887],
        [-10.4635],
        [-13.4677],
        [-12.9778],
        [-13.9744],
        [-14.4188],
        [-12.6525],
        [-13.3602],
        [-12.8860],
        [-13.6734],
        [-14.0283],
        [-12.3078],
        [-15.2022],
        [-15.3178],
        [-15.6001],
        [-14.4052],
        [-14.4662],
        [-13.3842],
        [-14.3452],
        [-14.1663],
        [-23.4160],
        [-13.2169],
        [-12.9306],
        [-13.2160],
        [-12.5981],
        [-13.0706],
        [-13.9744],
        [-12.0685],
        [-12.8761],
        [-26.7423],
        [-13.0828],
        [-14.1034],
        [-14.4933],
        [-13.3642],
        [-13.1551],
        [-15.3128],
        [-15.6454],
        [-12.9891],
        [-13.4217]], device='cuda:0')
[Debug] Log probabilities of current policy actions: tensor([[-10.9652],
        [-12.6547],
        [-14.5352],
        [ -9.7524],
        [-12.4279],
        [-11.9980],
        [-14.0971],
        [-12.4458],
        [-11.5878],
        [-13.5023],
        [-14.0757],
        [-11.0889],
        [-12.1880],
        [-12.0799],
        [-13.5140],
        [-13.8391],
        [-11.6645],
        [-11.5199],
        [-12.1684],
        [ -9.8925],
        [-10.6000],
        [-10.4321],
        [-12.8922],
        [-10.5913],
        [-12.4442],
        [ -9.0392],
        [-11.0889],
        [-10.9856],
        [-13.4752],
        [-12.8668],
        [-10.7672],
        [-12.4480],
        [-12.1669],
        [-12.1684],
        [-10.3315],
        [-12.1669],
        [-10.4886],
        [-10.8847],
        [-12.3805],
        [-11.8032],
        [-11.6423],
        [-14.5352],
        [-10.2279],
        [-11.1807],
        [-11.8032],
        [-14.0757],
        [-11.5878],
        [-10.5913],
        [ -8.7054],
        [-10.4321],
        [-11.5250],
        [ -9.0392],
        [ -8.0201],
        [-11.2242],
        [ -9.9848],
        [-12.0799],
        [-12.8922],
        [-11.6423],
        [-13.2265],
        [-12.3090],
        [-13.5140],
        [ -9.7287],
        [-11.3150],
        [-11.6505]], device='cuda:0')
[Debug] actions_exp max:
1.0
min:
-1.0
[Debug] Log probabilities of expert actions: tensor([[-11.7996],
        [-12.8727],
        [-15.8522],
        [-13.4967],
        [-28.4899],
        [-16.4060],
        [-13.0637],
        [-13.9904],
        [-11.3345],
        [-13.4303],
        [-11.9187],
        [-14.4531],
        [-13.6951],
        [-13.4968],
        [-13.5731],
        [-12.4893],
        [-12.7351],
        [-15.7014],
        [-14.4715],
        [-26.0485],
        [-15.7714],
        [-13.3644],
        [-11.6255],
        [-12.4212],
        [-13.0928],
        [-13.0706],
        [-13.0746],
        [-13.3257],
        [-14.3584],
        [-13.4886],
        [-13.4013],
        [-14.0456],
        [-13.4266],
        [-15.0318],
        [-12.0902],
        [-12.5322],
        [-13.1669],
        [-25.9990],
        [-11.7592],
        [-12.9891],
        [-17.1164],
        [-13.2651],
        [-13.6928],
        [-23.8341],
        [-40.5637],
        [-13.0774],
        [-13.2797],
        [-13.0615],
        [-12.4089],
        [-14.1583],
        [-23.4234],
        [-14.0161],
        [-12.7251],
        [-27.2486],
        [-13.6277],
        [-11.3560],
        [-11.5130],
        [-23.4027],
        [-27.0355],
        [-16.4158],
        [-13.2548],
        [-12.9955],
        [-15.7658],
        [-15.6430]], device='cuda:0')
[Debug] Log probabilities of current policy actions: tensor([[-14.0971],
        [-11.6645],
        [ -8.7054],
        [-14.0458],
        [-11.1566],
        [ -7.4021],
        [-12.0799],
        [-12.4404],
        [ -9.7820],
        [-11.6423],
        [-12.9280],
        [-10.7403],
        [-13.6856],
        [ -9.5838],
        [-12.4480],
        [-14.0971],
        [-12.8527],
        [ -9.9848],
        [-11.8032],
        [-13.6856],
        [-12.4442],
        [ -8.0201],
        [-12.3090],
        [-11.0538],
        [-12.2288],
        [-11.2231],
        [-12.4342],
        [-11.0889],
        [-11.1566],
        [-10.5777],
        [-10.1667],
        [-10.8847],
        [ -9.5838],
        [-11.3150],
        [-12.1454],
        [-12.1454],
        [ -8.7054],
        [-13.4497],
        [-12.4442],
        [-12.2288],
        [ -9.7287],
        [-11.5685],
        [-11.0538],
        [ -9.2426],
        [-13.5023],
        [-13.2265],
        [-11.2877],
        [ -9.7524],
        [-11.2231],
        [ -9.8925],
        [-11.2242],
        [ -9.9464],
        [-12.7954],
        [-10.2279],
        [ -9.5838],
        [ -9.9464],
        [-11.3956],
        [-10.7403],
        [-12.4279],
        [-11.6645],
        [-11.5878],
        [-12.7342],
        [-11.5250],
        [-14.0971]], device='cuda:0')
[Debug] actions_exp max:
1.0
min:
-1.0
[Debug] Log probabilities of expert actions: tensor([[-14.4097],
        [-14.4605],
        [-11.5132],
        [-12.3332],
        [-13.7781],
        [-12.0375],
        [-14.1210],
        [-24.5003],
        [-15.6322],
        [-29.9536],
        [-15.7937],
        [-13.3007],
        [-11.6298],
        [-15.8131],
        [-13.8065],
        [-15.7937],
        [-12.5764],
        [-13.3917],
        [-14.2698],
        [-14.6929],
        [-25.9126],
        [-11.8437],
        [-13.0546],
        [-15.7510],
        [-13.7853],
        [-30.5451],
        [-29.9633],
        [-13.0502],
        [-14.2668],
        [-15.4914],
        [-13.1655],
        [-12.9778],
        [-11.8597],
        [-15.0523],
        [-13.0469],
        [-29.8050],
        [-13.9893],
        [-14.4052],
        [-13.4037],
        [-12.1799],
        [-13.3948],
        [-13.4005],
        [-10.7137],
        [-40.4604],
        [-13.0904],
        [-15.8449],
        [-14.3990],
        [-15.7740],
        [-13.2256],
        [-15.7469],
        [-23.4011],
        [-13.2417],
        [-15.6454],
        [-13.0076],
        [-14.5395],
        [-53.8307],
        [-15.0299],
        [-15.1154],
        [-24.3460],
        [-14.5395],
        [-15.8449],
        [-22.4897],
        [-28.4778],
        [-12.7757]], device='cuda:0')
[Debug] Rewards: tensor([[11.6418],
        [12.7573],
        [10.9282],
        [10.7634],
        [10.5296],
        [ 6.0686],
        [11.2712],
        [12.9929],
        [ 9.5960],
        [11.0810],
        [12.1761],
        [13.6378],
        [10.5529],
        [10.4169],
        [14.5662],
        [11.6565],
        [10.5939],
        [11.9785],
        [10.5802],
        [11.8393],
        [11.0643],
        [10.7813],
        [13.1943],
        [12.3419],
        [ 8.9453],
        [ 9.8834],
        [10.7429],
        [12.4063],
        [11.1684],
        [ 7.6365],
        [12.0187],
        [11.3000],
        [13.0506],
        [12.2709],
        [13.8521],
        [13.8394],
        [14.0708],
        [12.9173],
        [11.3011],
        [11.8864],
        [12.0504],
        [ 9.7643],
        [10.4738],
        [13.3171],
        [ 9.8687],
        [12.0712],
        [ 9.6292],
        [ 9.2074],
        [12.6584],
        [11.1407],
        [10.5772],
        [12.0799],
        [12.2924],
        [ 6.6912],
        [13.3842],
        [10.7979],
        [10.2689],
        [12.6987],
        [12.2240],
        [12.9937],
        [12.5213],
        [10.6413],
        [12.5632],
        [12.5170],
        [13.4266],
        [11.5508],
        [10.8459],
        [11.5182],
        [ 8.8135],
        [10.9072],
        [ 9.5463],
        [11.0077],
        [11.6472],
        [ 9.6172],
        [14.3761],
        [ 8.0727],
        [12.2102],
        [10.2528],
        [11.4770],
        [10.2851],
        [11.8255],
        [10.7441],
        [11.2833],
        [13.3597],
        [12.2185],
        [11.3162],
        [11.2509],
        [10.0669],
        [11.4621],
        [12.3038],
        [10.1019],
        [ 9.4126],
        [ 9.4003],
        [10.6485],
        [12.5721],
        [ 9.7287],
        [10.1150],
        [ 9.6997],
        [11.7228],
        [ 8.9648]], device='cuda:0')
[Debug] Reward mean: 11.2648, std: 1.5643
[Debug] actions_exp max:
0.9967146515846252
min:
-0.9959291219711304
[Debug] actions_exp max:
0.9967146515846252
min:
-0.9959291219711304
[Debug] actions_exp max:
0.9967146515846252
min:
-0.9959291219711304
[Debug] actions_exp max:
0.9967146515846252
min:
-0.9959291219711304
[Debug] actions_exp max:
0.9967146515846252
min:
-0.9959291219711304
[Debug] actions_exp max:
0.9967146515846252
min:
-0.9959291219711304
[Debug] actions_exp max:
0.9967146515846252
min:
-0.9959291219711304
[Debug] actions_exp max:
0.9967146515846252
min:
-0.9959291219711304
[Debug] actions_exp max:
0.9967146515846252
min:
-0.9959291219711304
[Debug] actions_exp max:
0.9967146515846252
min:
-0.9959291219711304
[Debug] actions_exp max:
0.9967146515846252
min:
-0.9959291219711304
[Debug] actions_exp max:
0.9967146515846252
min:
-0.9959291219711304
[Debug] actions_exp max:
0.9967146515846252
min:
-0.9959291219711304
[Debug] actions_exp max:
0.9967146515846252
min:
-0.9959291219711304
[Debug] actions_exp max:
0.9967146515846252
min:
-0.9959291219711304
[Debug] actions_exp max:
0.9967146515846252
min:
-0.9959291219711304
[Debug] actions_exp max:
0.9967146515846252
min:
-0.9959291219711304
[Debug] actions_exp max:
0.9967146515846252
min:
-0.9959291219711304
[Debug] actions_exp max:
0.9967146515846252
min:
-0.9959291219711304
[Debug] actions_exp max:
0.9967146515846252
min:
-0.9959291219711304
[Debug] actions_exp max:
0.9967146515846252
min:
-0.9959291219711304
[Debug] actions_exp max:
0.9967146515846252
min:
-0.9959291219711304
[Debug] actions_exp max:
0.9967146515846252
min:
-0.9959291219711304
[Debug] actions_exp max:
0.9967146515846252
min:
-0.9959291219711304
[Debug] actions_exp max:
0.9967146515846252
min:
-0.9959291219711304
[Debug] actions_exp max:
0.9967146515846252
min:
-0.9959291219711304
[Debug] actions_exp max:
0.9967146515846252
min:
-0.9959291219711304
[Debug] actions_exp max:
0.9967146515846252
min:
-0.9959291219711304
[Debug] actions_exp max:
0.9967146515846252
min:
-0.9959291219711304
[Debug] actions_exp max:
0.9967146515846252
min:
-0.9959291219711304
[Debug] actions_exp max:
0.9967146515846252
min:
-0.9959291219711304
[Debug] actions_exp max:
0.9967146515846252
min:
-0.9959291219711304
[Debug] actions_exp max:
0.9967146515846252
min:
-0.9959291219711304
[Debug] actions_exp max:
0.9967146515846252
min:
-0.9959291219711304
[Debug] actions_exp max:
0.9967146515846252
min:
-0.9959291219711304
[Debug] actions_exp max:
0.9967146515846252
min:
-0.9959291219711304
[Debug] actions_exp max:
0.9967146515846252
min:
-0.9959291219711304
[Debug] actions_exp max:
0.9967146515846252
min:
-0.9959291219711304
[Debug] actions_exp max:
0.9967146515846252
min:
-0.9959291219711304
[Debug] actions_exp max:
0.9967146515846252
min:
-0.9959291219711304
[Debug] actions_exp max:
0.9967146515846252
min:
-0.9959291219711304
[Debug] actions_exp max:
0.9967146515846252
min:
-0.9959291219711304
[Debug] actions_exp max:
0.9967146515846252
min:
-0.9959291219711304
[Debug] actions_exp max:
0.9967146515846252
min:
-0.9959291219711304
[Debug] actions_exp max:
0.9967146515846252
min:
-0.9959291219711304
[Debug] actions_exp max:
0.9967146515846252
min:
-0.9959291219711304
[Debug] actions_exp max:
0.9967146515846252
min:
-0.9959291219711304
[Debug] actions_exp max:
0.9967146515846252
min:
-0.9959291219711304
[Debug] actions_exp max:
0.9967146515846252
min:
-0.9959291219711304
[Debug] actions_exp max:
0.9967146515846252
min:
-0.9959291219711304
Step 101, t=65, state shape: (33,)
RolloutBuffer: _n=100, _p=1, total_size=100
Step 102, t=66, state shape: (33,)
RolloutBuffer: _n=100, _p=2, total_size=100
Step 103, t=67, state shape: (33,)
RolloutBuffer: _n=100, _p=3, total_size=100
Step 104, t=68, state shape: (33,)
RolloutBuffer: _n=100, _p=4, total_size=100
Step 105, t=69, state shape: (33,)
RolloutBuffer: _n=100, _p=5, total_size=100
Step 106, t=70, state shape: (33,)
RolloutBuffer: _n=100, _p=6, total_size=100
Step 107, t=71, state shape: (33,)
RolloutBuffer: _n=100, _p=7, total_size=100
Step 108, t=72, state shape: (33,)
RolloutBuffer: _n=100, _p=8, total_size=100
Step 109, t=73, state shape: (33,)
RolloutBuffer: _n=100, _p=9, total_size=100
Step 110, t=74, state shape: (33,)
RolloutBuffer: _n=100, _p=10, total_size=100
Step 111, t=75, state shape: (33,)
RolloutBuffer: _n=100, _p=11, total_size=100
Step 112, t=76, state shape: (33,)
RolloutBuffer: _n=100, _p=12, total_size=100
Step 113, t=77, state shape: (33,)
RolloutBuffer: _n=100, _p=13, total_size=100
Step 114, t=78, state shape: (33,)
RolloutBuffer: _n=100, _p=14, total_size=100
Step 115, t=79, state shape: (33,)
RolloutBuffer: _n=100, _p=15, total_size=100
Step 116, t=80, state shape: (33,)
RolloutBuffer: _n=100, _p=16, total_size=100
Step 117, t=81, state shape: (33,)
RolloutBuffer: _n=100, _p=17, total_size=100
Step 118, t=1, state shape: (33,)
RolloutBuffer: _n=100, _p=18, total_size=100
Step 119, t=2, state shape: (33,)
RolloutBuffer: _n=100, _p=19, total_size=100
Step 120, t=3, state shape: (33,)
RolloutBuffer: _n=100, _p=20, total_size=100
Step 121, t=4, state shape: (33,)
RolloutBuffer: _n=100, _p=21, total_size=100
Step 122, t=5, state shape: (33,)
RolloutBuffer: _n=100, _p=22, total_size=100
Step 123, t=6, state shape: (33,)
RolloutBuffer: _n=100, _p=23, total_size=100
Step 124, t=7, state shape: (33,)
RolloutBuffer: _n=100, _p=24, total_size=100
Step 125, t=8, state shape: (33,)
RolloutBuffer: _n=100, _p=25, total_size=100
Step 126, t=9, state shape: (33,)
RolloutBuffer: _n=100, _p=26, total_size=100
Step 127, t=10, state shape: (33,)
RolloutBuffer: _n=100, _p=27, total_size=100
Step 128, t=11, state shape: (33,)
RolloutBuffer: _n=100, _p=28, total_size=100
Step 129, t=12, state shape: (33,)
RolloutBuffer: _n=100, _p=29, total_size=100
Step 130, t=13, state shape: (33,)
RolloutBuffer: _n=100, _p=30, total_size=100
Step 131, t=14, state shape: (33,)
RolloutBuffer: _n=100, _p=31, total_size=100
Step 132, t=15, state shape: (33,)
RolloutBuffer: _n=100, _p=32, total_size=100
Step 133, t=16, state shape: (33,)
RolloutBuffer: _n=100, _p=33, total_size=100
Step 134, t=17, state shape: (33,)
RolloutBuffer: _n=100, _p=34, total_size=100
Step 135, t=18, state shape: (33,)
RolloutBuffer: _n=100, _p=35, total_size=100
Step 136, t=19, state shape: (33,)
RolloutBuffer: _n=100, _p=36, total_size=100
Step 137, t=20, state shape: (33,)
RolloutBuffer: _n=100, _p=37, total_size=100
Step 138, t=21, state shape: (33,)
RolloutBuffer: _n=100, _p=38, total_size=100
Step 139, t=22, state shape: (33,)
RolloutBuffer: _n=100, _p=39, total_size=100
Step 140, t=23, state shape: (33,)
RolloutBuffer: _n=100, _p=40, total_size=100
Step 141, t=24, state shape: (33,)
RolloutBuffer: _n=100, _p=41, total_size=100
Step 142, t=25, state shape: (33,)
RolloutBuffer: _n=100, _p=42, total_size=100
Step 143, t=26, state shape: (33,)
RolloutBuffer: _n=100, _p=43, total_size=100
Step 144, t=27, state shape: (33,)
RolloutBuffer: _n=100, _p=44, total_size=100
Step 145, t=28, state shape: (33,)
RolloutBuffer: _n=100, _p=45, total_size=100
Step 146, t=29, state shape: (33,)
RolloutBuffer: _n=100, _p=46, total_size=100
Step 147, t=30, state shape: (33,)
RolloutBuffer: _n=100, _p=47, total_size=100
Step 148, t=31, state shape: (33,)
RolloutBuffer: _n=100, _p=48, total_size=100
Step 149, t=32, state shape: (33,)
RolloutBuffer: _n=100, _p=49, total_size=100
Step 150, t=33, state shape: (33,)
RolloutBuffer: _n=100, _p=50, total_size=100
Step 151, t=34, state shape: (33,)
RolloutBuffer: _n=100, _p=51, total_size=100
Step 152, t=35, state shape: (33,)
RolloutBuffer: _n=100, _p=52, total_size=100
Step 153, t=36, state shape: (33,)
RolloutBuffer: _n=100, _p=53, total_size=100
Step 154, t=37, state shape: (33,)
RolloutBuffer: _n=100, _p=54, total_size=100
Step 155, t=38, state shape: (33,)
RolloutBuffer: _n=100, _p=55, total_size=100
Step 156, t=39, state shape: (33,)
RolloutBuffer: _n=100, _p=56, total_size=100
Step 157, t=40, state shape: (33,)
RolloutBuffer: _n=100, _p=57, total_size=100
Step 158, t=41, state shape: (33,)
RolloutBuffer: _n=100, _p=58, total_size=100
Step 159, t=42, state shape: (33,)
RolloutBuffer: _n=100, _p=59, total_size=100
Step 160, t=43, state shape: (33,)
RolloutBuffer: _n=100, _p=60, total_size=100
Step 161, t=1, state shape: (33,)
RolloutBuffer: _n=100, _p=61, total_size=100
Step 162, t=2, state shape: (33,)
RolloutBuffer: _n=100, _p=62, total_size=100
Step 163, t=3, state shape: (33,)
RolloutBuffer: _n=100, _p=63, total_size=100
Step 164, t=4, state shape: (33,)
RolloutBuffer: _n=100, _p=64, total_size=100
Step 165, t=5, state shape: (33,)
RolloutBuffer: _n=100, _p=65, total_size=100
Step 166, t=6, state shape: (33,)
RolloutBuffer: _n=100, _p=66, total_size=100
Step 167, t=7, state shape: (33,)
RolloutBuffer: _n=100, _p=67, total_size=100
Step 168, t=8, state shape: (33,)
RolloutBuffer: _n=100, _p=68, total_size=100
Step 169, t=9, state shape: (33,)
RolloutBuffer: _n=100, _p=69, total_size=100
Step 170, t=10, state shape: (33,)
RolloutBuffer: _n=100, _p=70, total_size=100
Step 171, t=11, state shape: (33,)
RolloutBuffer: _n=100, _p=71, total_size=100
Step 172, t=12, state shape: (33,)
RolloutBuffer: _n=100, _p=72, total_size=100
Step 173, t=13, state shape: (33,)
RolloutBuffer: _n=100, _p=73, total_size=100
Step 174, t=14, state shape: (33,)
RolloutBuffer: _n=100, _p=74, total_size=100
Step 175, t=15, state shape: (33,)
RolloutBuffer: _n=100, _p=75, total_size=100
Step 176, t=16, state shape: (33,)
RolloutBuffer: _n=100, _p=76, total_size=100
Step 177, t=17, state shape: (33,)
RolloutBuffer: _n=100, _p=77, total_size=100
Step 178, t=18, state shape: (33,)
RolloutBuffer: _n=100, _p=78, total_size=100
Step 179, t=19, state shape: (33,)
RolloutBuffer: _n=100, _p=79, total_size=100
Step 180, t=20, state shape: (33,)
RolloutBuffer: _n=100, _p=80, total_size=100
Step 181, t=21, state shape: (33,)
RolloutBuffer: _n=100, _p=81, total_size=100
Step 182, t=22, state shape: (33,)
RolloutBuffer: _n=100, _p=82, total_size=100
Step 183, t=23, state shape: (33,)
RolloutBuffer: _n=100, _p=83, total_size=100
Step 184, t=24, state shape: (33,)
RolloutBuffer: _n=100, _p=84, total_size=100
Step 185, t=25, state shape: (33,)
RolloutBuffer: _n=100, _p=85, total_size=100
Step 186, t=26, state shape: (33,)
RolloutBuffer: _n=100, _p=86, total_size=100
Step 187, t=27, state shape: (33,)
RolloutBuffer: _n=100, _p=87, total_size=100
Step 188, t=28, state shape: (33,)
RolloutBuffer: _n=100, _p=88, total_size=100
Step 189, t=29, state shape: (33,)
RolloutBuffer: _n=100, _p=89, total_size=100
Step 190, t=30, state shape: (33,)
RolloutBuffer: _n=100, _p=90, total_size=100
Step 191, t=31, state shape: (33,)
RolloutBuffer: _n=100, _p=91, total_size=100
Step 192, t=32, state shape: (33,)
RolloutBuffer: _n=100, _p=92, total_size=100
Step 193, t=33, state shape: (33,)
RolloutBuffer: _n=100, _p=93, total_size=100
Step 194, t=34, state shape: (33,)
RolloutBuffer: _n=100, _p=94, total_size=100
Step 195, t=35, state shape: (33,)
RolloutBuffer: _n=100, _p=95, total_size=100
Step 196, t=36, state shape: (33,)
RolloutBuffer: _n=100, _p=96, total_size=100
Step 197, t=37, state shape: (33,)
RolloutBuffer: _n=100, _p=97, total_size=100
Step 198, t=38, state shape: (33,)
RolloutBuffer: _n=100, _p=98, total_size=100
Step 199, t=39, state shape: (33,)
RolloutBuffer: _n=100, _p=99, total_size=100
Step 200, t=40, state shape: (33,)
RolloutBuffer: _n=100, _p=0, total_size=100
[Debug] Log probabilities of current policy actions: tensor([[-10.0561],
        [ -9.4021],
        [ -9.9576],
        [-12.6626],
        [-14.1880],
        [ -9.8150],
        [-12.5345],
        [ -9.6590],
        [-11.1467],
        [-10.3022],
        [ -9.9390],
        [-10.6419],
        [-10.7840],
        [ -8.0397],
        [-13.6799],
        [-10.1161],
        [-10.6419],
        [-11.5518],
        [-14.1880],
        [ -8.4867],
        [-12.2269],
        [-14.2853],
        [-10.1161],
        [ -7.9265],
        [-14.2333],
        [-11.7533],
        [-10.6894],
        [-12.1466],
        [-14.2853],
        [-11.7478],
        [-12.4149],
        [-11.6620],
        [ -7.8341],
        [-10.4309],
        [ -9.9047],
        [-12.4948],
        [-11.1467],
        [-11.4115],
        [-13.3154],
        [-10.9917],
        [-10.5600],
        [-11.8909],
        [-14.3305],
        [-10.8602],
        [-10.4309],
        [-12.3166],
        [-11.1145],
        [ -8.1921],
        [-10.0561],
        [-12.1418],
        [-12.1508],
        [-11.5518],
        [ -9.5675],
        [-10.9917],
        [-11.3124],
        [-13.2340],
        [-12.7423],
        [-11.7533],
        [-11.8909],
        [-11.8395],
        [-12.5351],
        [-10.9919],
        [-11.8909],
        [-12.7423]], device='cuda:0')
[Debug] actions_exp max:
1.0
min:
-1.0
[Debug] Log probabilities of expert actions: tensor([[-13.0254],
        [-14.9459],
        [-13.4088],
        [-12.6545],
        [-16.1561],
        [-24.5632],
        [-13.3279],
        [-30.2676],
        [-13.9942],
        [-16.6758],
        [-30.0596],
        [-26.9932],
        [-14.0238],
        [-12.8465],
        [-12.0178],
        [-40.4740],
        [-11.9615],
        [-14.1115],
        [-12.7643],
        [-13.0602],
        [-12.9907],
        [-12.4501],
        [-26.9728],
        [-13.6727],
        [-13.0374],
        [-13.0520],
        [-13.3152],
        [-12.2888],
        [-25.6620],
        [-12.1524],
        [-11.8452],
        [-12.8191],
        [-11.8994],
        [-23.2269],
        [-14.1532],
        [-13.3743],
        [-14.0441],
        [-12.0444],
        [-12.9106],
        [-13.5143],
        [-40.5612],
        [-11.7429],
        [-11.7872],
        [-15.5699],
        [-13.1714],
        [-13.8119],
        [-13.4239],
        [-14.1232],
        [-15.1989],
        [-14.8249],
        [-11.8537],
        [-13.5382],
        [-38.3940],
        [-28.0977],
        [-12.9846],
        [-26.9994],
        [-11.8225],
        [-14.9301],
        [-13.1932],
        [-14.1046],
        [-11.6937],
        [-14.1128],
        [-14.2944],
        [-12.9186]], device='cuda:0')
[Debug] Log probabilities of current policy actions: tensor([[-12.0614],
        [-10.1161],
        [ -8.9817],
        [-11.7086],
        [-11.3124],
        [-12.1418],
        [ -8.0397],
        [-14.2853],
        [-12.4385],
        [-12.4997],
        [-11.4115],
        [-12.4237],
        [-13.2340],
        [ -9.8150],
        [-13.0675],
        [-14.1065],
        [-10.7840],
        [-14.3305],
        [ -9.9390],
        [-12.6626],
        [-10.8602],
        [-10.6474],
        [-11.9390],
        [-12.4948],
        [-10.8602],
        [-11.0995],
        [-13.1178],
        [-13.8412],
        [-12.5345],
        [-11.7478],
        [-11.8909],
        [-11.9390],
        [-10.8602],
        [-12.2269],
        [-12.7423],
        [-11.6771],
        [-12.4948],
        [-11.1290],
        [-13.3154],
        [-11.4115],
        [-12.4997],
        [-12.5345],
        [-10.3022],
        [-12.5038],
        [-12.3953],
        [ -9.8150],
        [ -8.4867],
        [-11.4862],
        [-12.2269],
        [-12.4997],
        [-12.5038],
        [-12.1418],
        [-11.7086],
        [-14.1880],
        [-11.0401],
        [-12.4149],
        [-11.1635],
        [-11.3124],
        [-13.0997],
        [-12.9547],
        [-10.6419],
        [-10.6894],
        [ -9.9576],
        [-14.2333]], device='cuda:0')
[Debug] actions_exp max:
1.0000001192092896
min:
-1.0
[Debug] Log probabilities of expert actions: tensor([[-13.2145],
        [-38.2945],
        [-12.1268],
        [-11.2587],
        [-13.5942],
        [-16.6718],
        [-15.1741],
        [-11.7486],
        [-12.4653],
        [-12.0859],
        [-12.1164],
        [-27.3687],
        [-13.4242],
        [-24.5552],
        [-13.1921],
        [-23.1872],
        [-13.3449],
        [-30.5496],
        [-28.6829],
        [-13.3942],
        [-11.8557],
        [-13.5151],
        [-14.0816],
        [-14.0398],
        [-12.0007],
        [-13.7183],
        [-14.0563],
        [-12.0602],
        [-12.7713],
        [-13.4238],
        [-28.5896],
        [-12.9527],
        [-27.6516],
        [-15.3281],
        [-14.2296],
        [-11.7049],
        [-14.0776],
        [-11.9458],
        [-14.9646],
        [-11.8452],
        [-11.7906],
        [-14.0756],
        [-24.5020],
        [-36.5170],
        [-13.0170],
        [-26.9890],
        [-13.0170],
        [-12.1164],
        [-13.5369],
        [-12.1557],
        [-12.7971],
        [-14.0444],
        [-14.1711],
        [-30.5496],
        [-12.1514],
        [-24.5009],
        [-11.6997],
        [-11.9320],
        [-16.1561],
        [-12.9243],
        [-15.2673],
        [-12.9057],
        [-15.7244],
        [-14.0352]], device='cuda:0')
[Debug] Log probabilities of current policy actions: tensor([[-11.6590],
        [-11.9390],
        [-12.1508],
        [-11.6620],
        [-10.5600],
        [-12.4980],
        [-10.0566],
        [-10.0932],
        [-10.7840],
        [-11.4583],
        [-12.5038],
        [-12.4385],
        [-10.9917],
        [-13.0675],
        [-11.6771],
        [-13.9128],
        [-10.6894],
        [-11.9390],
        [-10.0932],
        [-11.1635],
        [-12.6626],
        [-12.5351],
        [-12.1710],
        [-13.0997],
        [-10.8602],
        [-13.1178],
        [-14.2853],
        [-11.8395],
        [-13.0675],
        [-13.1555],
        [-11.1934],
        [ -9.6590],
        [-12.4948],
        [-13.8412],
        [-11.1934],
        [-12.6473],
        [ -9.9576],
        [ -9.9047],
        [-11.8395],
        [-11.1934],
        [-13.4943],
        [-12.7423],
        [ -9.6590],
        [-11.1467],
        [-12.3953],
        [ -9.9047],
        [ -8.1921],
        [-12.9410],
        [-14.3305],
        [-13.0675],
        [-11.5518],
        [-10.0561],
        [-11.7086],
        [ -8.1921],
        [-11.7533],
        [-11.1145],
        [-11.4583],
        [-11.7086],
        [-14.1065],
        [-11.0421],
        [-11.4115],
        [-10.5600],
        [-11.7086],
        [-12.2242]], device='cuda:0')
[Debug] actions_exp max:
1.0
min:
-1.0000001192092896
[Debug] Log probabilities of expert actions: tensor([[-27.0880],
        [-13.3745],
        [-15.3002],
        [-11.6999],
        [-15.2107],
        [-13.2636],
        [-13.1908],
        [-30.2315],
        [-13.2605],
        [-13.2669],
        [-13.5602],
        [-12.7706],
        [-13.5520],
        [-13.1122],
        [-15.4967],
        [-13.8215],
        [-11.5555],
        [-17.0304],
        [-12.6408],
        [-12.8810],
        [-11.9941],
        [-11.9884],
        [-24.8291],
        [-13.2241],
        [-23.2431],
        [-10.8839],
        [-27.6246],
        [-13.7608],
        [-15.4982],
        [-15.5220],
        [-12.3274],
        [-11.0678],
        [-12.8005],
        [-12.0790],
        [-15.0420],
        [-14.6272],
        [-12.8637],
        [-14.4501],
        [-11.7548],
        [-30.2523],
        [-14.8716],
        [-11.6157],
        [-13.2612],
        [-12.3033],
        [-27.3506],
        [-27.1030],
        [-28.6401],
        [-11.9772],
        [-13.4151],
        [-11.9966],
        [-11.9321],
        [-13.2310],
        [-40.4740],
        [-13.0940],
        [-13.1075],
        [-13.0710],
        [-13.5557],
        [-53.7404],
        [-12.7504],
        [-12.8357],
        [-11.6476],
        [-12.4350],
        [-12.0056],
        [-14.4097]], device='cuda:0')
[Debug] Rewards: tensor([[10.1214],
        [ 9.9843],
        [11.4730],
        [11.3667],
        [11.9689],
        [ 9.5910],
        [13.8354],
        [11.0922],
        [ 8.9959],
        [ 9.6448],
        [12.8833],
        [12.0104],
        [11.0758],
        [10.0296],
        [12.8231],
        [10.5884],
        [12.0097],
        [13.7961],
        [12.7835],
        [ 9.9068],
        [11.6736],
        [11.4025],
        [ 8.2814],
        [ 9.8882],
        [ 9.3797],
        [ 9.6925],
        [ 9.7847],
        [11.9462],
        [11.6242],
        [10.9302],
        [12.8468],
        [13.0015],
        [13.8208],
        [ 7.9635],
        [10.9316],
        [12.3425],
        [12.5655],
        [11.9072],
        [ 7.9132],
        [13.0398],
        [13.0004],
        [12.7593],
        [12.5026],
        [ 8.6804],
        [ 9.7936],
        [11.7277],
        [11.2138],
        [10.7267],
        [ 9.1709],
        [10.6744],
        [10.1585],
        [11.3681],
        [12.3371],
        [ 9.9522],
        [10.8245],
        [12.0943],
        [ 7.4046],
        [10.4108],
        [ 9.5253],
        [12.6473],
        [12.3775],
        [10.8406],
        [11.2348],
        [12.3497],
        [11.9575],
        [10.8609],
        [11.3775],
        [11.3962],
        [ 9.6913],
        [10.7885],
        [10.6399],
        [10.5736],
        [13.7893],
        [10.0482],
        [12.2666],
        [12.9355],
        [11.3223],
        [10.9772],
        [12.8113],
        [12.0647],
        [14.0383],
        [11.5718],
        [13.0131],
        [13.0611],
        [11.9673],
        [11.6904],
        [11.9582],
        [11.2361],
        [10.3828],
        [13.8020],
        [12.4966],
        [12.7089],
        [11.9251],
        [10.6490],
        [ 9.9308],
        [13.2572],
        [12.1550],
        [14.0936],
        [12.1022],
        [ 7.6286]], device='cuda:0')
[Debug] Reward mean: 11.3386, std: 1.5004
[Debug] actions_exp max:
0.9948604702949524
min:
-0.9985170960426331
[Debug] actions_exp max:
0.9948604702949524
min:
-0.9985170960426331
[Debug] actions_exp max:
0.9948604702949524
min:
-0.9985170960426331
[Debug] actions_exp max:
0.9948604702949524
min:
-0.9985170960426331
[Debug] actions_exp max:
0.9948604702949524
min:
-0.9985170960426331
[Debug] actions_exp max:
0.9948604702949524
min:
-0.9985170960426331
[Debug] actions_exp max:
0.9948604702949524
min:
-0.9985170960426331
[Debug] actions_exp max:
0.9948604702949524
min:
-0.9985170960426331
[Debug] actions_exp max:
0.9948604702949524
min:
-0.9985170960426331
[Debug] actions_exp max:
0.9948604702949524
min:
-0.9985170960426331
[Debug] actions_exp max:
0.9948604702949524
min:
-0.9985170960426331
[Debug] actions_exp max:
0.9948604702949524
min:
-0.9985170960426331
[Debug] actions_exp max:
0.9948604702949524
min:
-0.9985170960426331
[Debug] actions_exp max:
0.9948604702949524
min:
-0.9985170960426331
[Debug] actions_exp max:
0.9948604702949524
min:
-0.9985170960426331
[Debug] actions_exp max:
0.9948604702949524
min:
-0.9985170960426331
[Debug] actions_exp max:
0.9948604702949524
min:
-0.9985170960426331
[Debug] actions_exp max:
0.9948604702949524
min:
-0.9985170960426331
[Debug] actions_exp max:
0.9948604702949524
min:
-0.9985170960426331
[Debug] actions_exp max:
0.9948604702949524
min:
-0.9985170960426331
[Debug] actions_exp max:
0.9948604702949524
min:
-0.9985170960426331
[Debug] actions_exp max:
0.9948604702949524
min:
-0.9985170960426331
[Debug] actions_exp max:
0.9948604702949524
min:
-0.9985170960426331
[Debug] actions_exp max:
0.9948604702949524
min:
-0.9985170960426331
[Debug] actions_exp max:
0.9948604702949524
min:
-0.9985170960426331
[Debug] actions_exp max:
0.9948604702949524
min:
-0.9985170960426331
[Debug] actions_exp max:
0.9948604702949524
min:
-0.9985170960426331
[Debug] actions_exp max:
0.9948604702949524
min:
-0.9985170960426331
[Debug] actions_exp max:
0.9948604702949524
min:
-0.9985170960426331
[Debug] actions_exp max:
0.9948604702949524
min:
-0.9985170960426331
[Debug] actions_exp max:
0.9948604702949524
min:
-0.9985170960426331
[Debug] actions_exp max:
0.9948604702949524
min:
-0.9985170960426331
[Debug] actions_exp max:
0.9948604702949524
min:
-0.9985170960426331
[Debug] actions_exp max:
0.9948604702949524
min:
-0.9985170960426331
[Debug] actions_exp max:
0.9948604702949524
min:
-0.9985170960426331
[Debug] actions_exp max:
0.9948604702949524
min:
-0.9985170960426331
[Debug] actions_exp max:
0.9948604702949524
min:
-0.9985170960426331
[Debug] actions_exp max:
0.9948604702949524
min:
-0.9985170960426331
[Debug] actions_exp max:
0.9948604702949524
min:
-0.9985170960426331
[Debug] actions_exp max:
0.9948604702949524
min:
-0.9985170960426331
[Debug] actions_exp max:
0.9948604702949524
min:
-0.9985170960426331
[Debug] actions_exp max:
0.9948604702949524
min:
-0.9985170960426331
[Debug] actions_exp max:
0.9948604702949524
min:
-0.9985170960426331
[Debug] actions_exp max:
0.9948604702949524
min:
-0.9985170960426331
[Debug] actions_exp max:
0.9948604702949524
min:
-0.9985170960426331
[Debug] actions_exp max:
0.9948604702949524
min:
-0.9985170960426331
[Debug] actions_exp max:
0.9948604702949524
min:
-0.9985170960426331
[Debug] actions_exp max:
0.9948604702949524
min:
-0.9985170960426331
[Debug] actions_exp max:
0.9948604702949524
min:
-0.9985170960426331
[Debug] actions_exp max:
0.9948604702949524
min:
-0.9985170960426331
Step 201, t=41, state shape: (33,)
RolloutBuffer: _n=100, _p=1, total_size=100
Step 202, t=42, state shape: (33,)
RolloutBuffer: _n=100, _p=2, total_size=100
Step 203, t=43, state shape: (33,)
RolloutBuffer: _n=100, _p=3, total_size=100
Step 204, t=44, state shape: (33,)
RolloutBuffer: _n=100, _p=4, total_size=100
Step 205, t=45, state shape: (33,)
RolloutBuffer: _n=100, _p=5, total_size=100
Step 206, t=46, state shape: (33,)
RolloutBuffer: _n=100, _p=6, total_size=100
Step 207, t=47, state shape: (33,)
RolloutBuffer: _n=100, _p=7, total_size=100
Step 208, t=48, state shape: (33,)
RolloutBuffer: _n=100, _p=8, total_size=100
Step 209, t=49, state shape: (33,)
RolloutBuffer: _n=100, _p=9, total_size=100
Step 210, t=50, state shape: (33,)
RolloutBuffer: _n=100, _p=10, total_size=100
Step 211, t=51, state shape: (33,)
RolloutBuffer: _n=100, _p=11, total_size=100
Step 212, t=52, state shape: (33,)
RolloutBuffer: _n=100, _p=12, total_size=100
Step 213, t=53, state shape: (33,)
RolloutBuffer: _n=100, _p=13, total_size=100
Step 214, t=54, state shape: (33,)
RolloutBuffer: _n=100, _p=14, total_size=100
Step 215, t=55, state shape: (33,)
RolloutBuffer: _n=100, _p=15, total_size=100
Step 216, t=56, state shape: (33,)
RolloutBuffer: _n=100, _p=16, total_size=100
Step 217, t=57, state shape: (33,)
RolloutBuffer: _n=100, _p=17, total_size=100
Step 218, t=58, state shape: (33,)
RolloutBuffer: _n=100, _p=18, total_size=100
Step 219, t=59, state shape: (33,)
RolloutBuffer: _n=100, _p=19, total_size=100
Step 220, t=60, state shape: (33,)
RolloutBuffer: _n=100, _p=20, total_size=100
Step 221, t=61, state shape: (33,)
RolloutBuffer: _n=100, _p=21, total_size=100
Step 222, t=62, state shape: (33,)
RolloutBuffer: _n=100, _p=22, total_size=100
Step 223, t=63, state shape: (33,)
RolloutBuffer: _n=100, _p=23, total_size=100
Step 224, t=64, state shape: (33,)
RolloutBuffer: _n=100, _p=24, total_size=100
Step 225, t=65, state shape: (33,)
RolloutBuffer: _n=100, _p=25, total_size=100
Step 226, t=66, state shape: (33,)
RolloutBuffer: _n=100, _p=26, total_size=100
Step 227, t=67, state shape: (33,)
RolloutBuffer: _n=100, _p=27, total_size=100
Step 228, t=68, state shape: (33,)
RolloutBuffer: _n=100, _p=28, total_size=100
Step 229, t=69, state shape: (33,)
RolloutBuffer: _n=100, _p=29, total_size=100
Step 230, t=70, state shape: (33,)
RolloutBuffer: _n=100, _p=30, total_size=100
Step 231, t=71, state shape: (33,)
RolloutBuffer: _n=100, _p=31, total_size=100
Step 232, t=72, state shape: (33,)
RolloutBuffer: _n=100, _p=32, total_size=100
Step 233, t=73, state shape: (33,)
RolloutBuffer: _n=100, _p=33, total_size=100
Step 234, t=74, state shape: (33,)
RolloutBuffer: _n=100, _p=34, total_size=100
Step 235, t=75, state shape: (33,)
RolloutBuffer: _n=100, _p=35, total_size=100
Step 236, t=76, state shape: (33,)
RolloutBuffer: _n=100, _p=36, total_size=100
Step 237, t=77, state shape: (33,)
RolloutBuffer: _n=100, _p=37, total_size=100
Step 238, t=78, state shape: (33,)
RolloutBuffer: _n=100, _p=38, total_size=100
Step 239, t=79, state shape: (33,)
RolloutBuffer: _n=100, _p=39, total_size=100
Step 240, t=80, state shape: (33,)
RolloutBuffer: _n=100, _p=40, total_size=100
Step 241, t=81, state shape: (33,)
RolloutBuffer: _n=100, _p=41, total_size=100
Step 242, t=82, state shape: (33,)
RolloutBuffer: _n=100, _p=42, total_size=100
Step 243, t=83, state shape: (33,)
RolloutBuffer: _n=100, _p=43, total_size=100
Step 244, t=84, state shape: (33,)
RolloutBuffer: _n=100, _p=44, total_size=100
Step 245, t=85, state shape: (33,)
RolloutBuffer: _n=100, _p=45, total_size=100
Step 246, t=86, state shape: (33,)
RolloutBuffer: _n=100, _p=46, total_size=100
Step 247, t=87, state shape: (33,)
RolloutBuffer: _n=100, _p=47, total_size=100
Step 248, t=88, state shape: (33,)
RolloutBuffer: _n=100, _p=48, total_size=100
Step 249, t=89, state shape: (33,)
RolloutBuffer: _n=100, _p=49, total_size=100
Step 250, t=90, state shape: (33,)
RolloutBuffer: _n=100, _p=50, total_size=100
Step 251, t=91, state shape: (33,)
RolloutBuffer: _n=100, _p=51, total_size=100
Step 252, t=92, state shape: (33,)
RolloutBuffer: _n=100, _p=52, total_size=100
Step 253, t=93, state shape: (33,)
RolloutBuffer: _n=100, _p=53, total_size=100
Step 254, t=94, state shape: (33,)
RolloutBuffer: _n=100, _p=54, total_size=100
Step 255, t=95, state shape: (33,)
RolloutBuffer: _n=100, _p=55, total_size=100
Step 256, t=96, state shape: (33,)
RolloutBuffer: _n=100, _p=56, total_size=100
Step 257, t=97, state shape: (33,)
RolloutBuffer: _n=100, _p=57, total_size=100
Step 258, t=98, state shape: (33,)
RolloutBuffer: _n=100, _p=58, total_size=100
Step 259, t=99, state shape: (33,)
RolloutBuffer: _n=100, _p=59, total_size=100
Step 260, t=100, state shape: (33,)
RolloutBuffer: _n=100, _p=60, total_size=100
Step 261, t=101, state shape: (33,)
RolloutBuffer: _n=100, _p=61, total_size=100
Step 262, t=102, state shape: (33,)
RolloutBuffer: _n=100, _p=62, total_size=100
Step 263, t=103, state shape: (33,)
RolloutBuffer: _n=100, _p=63, total_size=100
Step 264, t=104, state shape: (33,)
RolloutBuffer: _n=100, _p=64, total_size=100
Step 265, t=105, state shape: (33,)
RolloutBuffer: _n=100, _p=65, total_size=100
Step 266, t=106, state shape: (33,)
RolloutBuffer: _n=100, _p=66, total_size=100
Step 267, t=107, state shape: (33,)
RolloutBuffer: _n=100, _p=67, total_size=100
Step 268, t=108, state shape: (33,)
RolloutBuffer: _n=100, _p=68, total_size=100
Step 269, t=109, state shape: (33,)
RolloutBuffer: _n=100, _p=69, total_size=100
Step 270, t=110, state shape: (33,)
RolloutBuffer: _n=100, _p=70, total_size=100
Step 271, t=111, state shape: (33,)
RolloutBuffer: _n=100, _p=71, total_size=100
Step 272, t=112, state shape: (33,)
RolloutBuffer: _n=100, _p=72, total_size=100
Step 273, t=113, state shape: (33,)
RolloutBuffer: _n=100, _p=73, total_size=100
Step 274, t=114, state shape: (33,)
RolloutBuffer: _n=100, _p=74, total_size=100
Step 275, t=115, state shape: (33,)
RolloutBuffer: _n=100, _p=75, total_size=100
Step 276, t=116, state shape: (33,)
RolloutBuffer: _n=100, _p=76, total_size=100
Step 277, t=117, state shape: (33,)
RolloutBuffer: _n=100, _p=77, total_size=100
Step 278, t=118, state shape: (33,)
RolloutBuffer: _n=100, _p=78, total_size=100
Step 279, t=119, state shape: (33,)
RolloutBuffer: _n=100, _p=79, total_size=100
Step 280, t=120, state shape: (33,)
RolloutBuffer: _n=100, _p=80, total_size=100
Step 281, t=121, state shape: (33,)
RolloutBuffer: _n=100, _p=81, total_size=100
Step 282, t=122, state shape: (33,)
RolloutBuffer: _n=100, _p=82, total_size=100
Step 283, t=123, state shape: (33,)
RolloutBuffer: _n=100, _p=83, total_size=100
Step 284, t=124, state shape: (33,)
RolloutBuffer: _n=100, _p=84, total_size=100
Step 285, t=125, state shape: (33,)
RolloutBuffer: _n=100, _p=85, total_size=100
Step 286, t=126, state shape: (33,)
RolloutBuffer: _n=100, _p=86, total_size=100
Step 287, t=127, state shape: (33,)
RolloutBuffer: _n=100, _p=87, total_size=100
Step 288, t=128, state shape: (33,)
RolloutBuffer: _n=100, _p=88, total_size=100
Step 289, t=1, state shape: (33,)
RolloutBuffer: _n=100, _p=89, total_size=100
Step 290, t=2, state shape: (33,)
RolloutBuffer: _n=100, _p=90, total_size=100
Step 291, t=3, state shape: (33,)
RolloutBuffer: _n=100, _p=91, total_size=100
Step 292, t=4, state shape: (33,)
RolloutBuffer: _n=100, _p=92, total_size=100
Step 293, t=5, state shape: (33,)
RolloutBuffer: _n=100, _p=93, total_size=100
Step 294, t=6, state shape: (33,)
RolloutBuffer: _n=100, _p=94, total_size=100
Step 295, t=7, state shape: (33,)
RolloutBuffer: _n=100, _p=95, total_size=100
Step 296, t=8, state shape: (33,)
RolloutBuffer: _n=100, _p=96, total_size=100
Step 297, t=9, state shape: (33,)
RolloutBuffer: _n=100, _p=97, total_size=100
Step 298, t=10, state shape: (33,)
RolloutBuffer: _n=100, _p=98, total_size=100
Step 299, t=11, state shape: (33,)
RolloutBuffer: _n=100, _p=99, total_size=100
Step 300, t=12, state shape: (33,)
RolloutBuffer: _n=100, _p=0, total_size=100
[Debug] Log probabilities of current policy actions: tensor([[-10.5689],
        [-13.2149],
        [-10.5194],
        [-10.8101],
        [-13.4546],
        [-11.7612],
        [-11.3492],
        [-12.1144],
        [-11.5019],
        [-13.2042],
        [ -9.0538],
        [-13.1084],
        [ -9.2344],
        [-13.2042],
        [-12.7298],
        [-11.9764],
        [-13.8754],
        [-10.6440],
        [-12.2700],
        [-12.2700],
        [-11.9764],
        [-12.5494],
        [-11.3883],
        [-10.8101],
        [-10.8390],
        [-12.9127],
        [ -8.4904],
        [-11.6862],
        [-10.3969],
        [-10.9143],
        [-12.7298],
        [-11.0856],
        [-13.3152],
        [-11.7612],
        [-10.7615],
        [ -8.8102],
        [ -8.4904],
        [-10.8799],
        [ -8.4904],
        [-10.8394],
        [-12.5958],
        [-10.3921],
        [-12.0031],
        [ -8.9104],
        [-12.0655],
        [-11.3883],
        [-12.2700],
        [-13.2735],
        [-12.4757],
        [-10.2442],
        [-12.3281],
        [-12.7298],
        [ -9.0538],
        [-13.4113],
        [-13.3784],
        [-13.1602],
        [-11.4232],
        [-10.5865],
        [ -9.6625],
        [-12.4204],
        [ -8.8102],
        [-10.6440],
        [-13.2042],
        [-10.3396]], device='cuda:0')
[Debug] actions_exp max:
1.0
min:
-1.0
[Debug] Log probabilities of expert actions: tensor([[-13.8828],
        [-15.0971],
        [-24.2023],
        [-12.9972],
        [-15.1291],
        [-13.7805],
        [-14.4228],
        [-13.1091],
        [-13.3889],
        [-11.4750],
        [-13.2449],
        [-14.3222],
        [-14.8577],
        [-13.3913],
        [-10.7552],
        [-14.7206],
        [-29.0628],
        [-11.8534],
        [-12.5898],
        [-29.3266],
        [-11.6533],
        [-12.9519],
        [-13.8835],
        [-12.9769],
        [-12.9140],
        [-12.3412],
        [-13.0566],
        [-13.4979],
        [-13.3021],
        [-12.6613],
        [-23.7292],
        [-11.7164],
        [-13.3910],
        [-12.5738],
        [-12.2366],
        [-14.8706],
        [-13.8762],
        [-13.0825],
        [-13.0566],
        [-12.0076],
        [-11.6898],
        [-23.5618],
        [-14.3999],
        [-11.0927],
        [-27.9529],
        [-24.9692],
        [-14.7262],
        [-12.5811],
        [-13.7489],
        [-14.3681],
        [-12.9919],
        [-12.9484],
        [-24.3185],
        [-12.8275],
        [-12.0759],
        [-28.4432],
        [-14.4157],
        [-12.5708],
        [-14.8506],
        [-12.3140],
        [-14.7717],
        [-14.8723],
        [-29.0854],
        [-11.6915]], device='cuda:0')
[Debug] Log probabilities of current policy actions: tensor([[ -9.4381],
        [-12.2495],
        [-13.8754],
        [-11.6862],
        [-12.7298],
        [ -9.6625],
        [-12.4757],
        [ -9.7314],
        [-12.3281],
        [-13.2149],
        [-11.1642],
        [-13.4546],
        [-12.0676],
        [-12.5837],
        [-10.0763],
        [-11.3460],
        [-10.3396],
        [-13.1335],
        [-12.4757],
        [-11.3460],
        [ -9.4381],
        [-10.8390],
        [-12.4757],
        [-13.1602],
        [ -8.9104],
        [-11.6862],
        [-11.5019],
        [ -8.9104],
        [-13.3784],
        [ -9.5335],
        [-13.4206],
        [-11.6717],
        [-13.5752],
        [-11.6862],
        [-13.3152],
        [ -9.2344],
        [-10.9143],
        [-11.3492],
        [-11.2562],
        [-13.3784],
        [-13.4113],
        [-10.2442],
        [-10.3921],
        [-10.3921],
        [-12.2700],
        [ -9.5335],
        [-10.7615],
        [-13.1335],
        [-11.6364],
        [ -9.6625],
        [-11.7612],
        [-12.2495],
        [-13.2149],
        [ -9.7314],
        [-12.7714],
        [-12.7714],
        [-13.1084],
        [-12.3148],
        [-10.2442],
        [-13.2735],
        [-13.2024],
        [-11.1126],
        [-10.5865],
        [ -8.3763]], device='cuda:0')
[Debug] actions_exp max:
1.0000001192092896
min:
-1.0000001192092896
[Debug] Log probabilities of expert actions: tensor([[-16.4189],
        [-13.1633],
        [-11.7642],
        [-29.0854],
        [-27.4348],
        [-14.2744],
        [-26.1756],
        [-14.7886],
        [-14.8631],
        [-28.4821],
        [-12.9727],
        [-12.7907],
        [-14.2744],
        [-38.4034],
        [-27.2694],
        [-12.0570],
        [-12.4511],
        [-15.8032],
        [-13.5203],
        [-14.4149],
        [-12.5659],
        [-11.8905],
        [-14.8028],
        [-27.2125],
        [-12.0661],
        [-13.8900],
        [-14.3222],
        [-14.1788],
        [-12.6613],
        [-27.2772],
        [-12.5399],
        [-12.6489],
        [-11.6678],
        [-12.5546],
        [-13.2142],
        [-12.7118],
        [-13.3650],
        [-27.0269],
        [-29.0890],
        [-12.9972],
        [-13.0478],
        [-12.9975],
        [-14.3844],
        [-24.3155],
        [-12.6329],
        [-16.4099],
        [-13.9450],
        [-11.6735],
        [-12.8068],
        [-13.8257],
        [-11.1937],
        [-14.4307],
        [-13.8686],
        [-13.8828],
        [-14.3994],
        [-12.4908],
        [-12.0605],
        [-13.7633],
        [-11.4628],
        [-12.5397],
        [-12.1427],
        [-11.0943],
        [-27.3020],
        [-10.9937]], device='cuda:0')
[Debug] Log probabilities of current policy actions: tensor([[-10.8390],
        [-11.6862],
        [ -8.5588],
        [-12.7714],
        [-12.5837],
        [-11.3288],
        [ -8.5588],
        [ -9.5335],
        [-12.7819],
        [-10.0763],
        [-10.8902],
        [-10.3396],
        [-12.7714],
        [-11.4804],
        [ -8.3763],
        [-10.3921],
        [-12.1947],
        [-13.3784],
        [-12.3148],
        [-11.6862],
        [-11.4804],
        [-12.7714],
        [-12.7144],
        [-12.7714],
        [-13.4206],
        [-11.3460],
        [-13.4113],
        [-13.1602],
        [-13.8754],
        [-12.5958],
        [-11.0856],
        [-13.0795],
        [-11.8389],
        [-11.3883],
        [ -9.5335],
        [-12.7144],
        [-13.2318],
        [ -8.3763],
        [-12.7714],
        [-12.0655],
        [-10.8390],
        [ -9.4381],
        [ -8.5588],
        [ -9.0538],
        [-12.1947],
        [ -9.5335],
        [-11.3883],
        [-13.0795],
        [-12.7084],
        [-11.3883],
        [-11.4804],
        [-13.3152],
        [ -8.4904],
        [-12.7714],
        [-12.0230],
        [-12.7714],
        [-11.8317],
        [-10.5194],
        [-13.8754],
        [-13.4206],
        [-13.8754],
        [-13.4206],
        [-13.1084],
        [-13.1084]], device='cuda:0')
[Debug] actions_exp max:
1.0000001192092896
min:
-1.0
[Debug] Log probabilities of expert actions: tensor([[-11.4631],
        [-13.2170],
        [-13.4095],
        [-10.7314],
        [-12.7819],
        [-13.8481],
        [-14.4228],
        [-13.4323],
        [-13.3829],
        [-12.7521],
        [-11.8500],
        [-15.1399],
        [-24.5031],
        [-38.2814],
        [-14.2396],
        [-13.3910],
        [-13.7560],
        [-13.7633],
        [-12.8383],
        [-12.4887],
        [-13.0339],
        [-23.5217],
        [-11.6756],
        [-12.7281],
        [-12.7320],
        [-11.7130],
        [-12.6783],
        [-14.2577],
        [-11.6915],
        [-11.8928],
        [-12.5570],
        [-12.9966],
        [-11.5716],
        [-53.1647],
        [-12.7971],
        [-13.3065],
        [-12.6805],
        [-13.8071],
        [-13.0203],
        [-11.9064],
        [-12.7500],
        [-13.0203],
        [-13.9480],
        [-26.9119],
        [-28.5147],
        [-14.6034],
        [-12.9060],
        [-27.4213],
        [-12.7869],
        [-13.0079],
        [-13.8828],
        [-13.2387],
        [-11.7880],
        [-14.4989],
        [-14.4149],
        [-11.8315],
        [-11.7816],
        [-13.5052],
        [-11.5951],
        [-29.2713],
        [-13.7282],
        [-11.8118],
        [-10.7158],
        [-12.6783]], device='cuda:0')
[Debug] Rewards: tensor([[10.7180],
        [13.6078],
        [12.3672],
        [12.0993],
        [10.8087],
        [12.9126],
        [12.0695],
        [11.9395],
        [12.4798],
        [10.5046],
        [10.3861],
        [12.5236],
        [12.9150],
        [11.5309],
        [13.0603],
        [ 8.7718],
        [13.1970],
        [11.3854],
        [12.5152],
        [12.7932],
        [13.1401],
        [10.8897],
        [ 9.9863],
        [ 8.7539],
        [11.9195],
        [11.9448],
        [10.2040],
        [ 8.7627],
        [12.9477],
        [11.6679],
        [12.1902],
        [12.0373],
        [12.2051],
        [12.8058],
        [10.1884],
        [11.8281],
        [ 9.8751],
        [13.0531],
        [11.8684],
        [13.3543],
        [12.3055],
        [12.8200],
        [10.7351],
        [11.8332],
        [11.2618],
        [10.6670],
        [13.3598],
        [10.2920],
        [12.5585],
        [11.5832],
        [10.5630],
        [10.5167],
        [11.0216],
        [10.7601],
        [11.0962],
        [ 8.3542],
        [10.3929],
        [10.8196],
        [12.3520],
        [12.7579],
        [10.9672],
        [ 8.1469],
        [ 7.6158],
        [12.8538],
        [11.5361],
        [13.0681],
        [11.8098],
        [12.3893],
        [12.5913],
        [12.1005],
        [10.6039],
        [13.0447],
        [10.6707],
        [12.4414],
        [11.7289],
        [12.2996],
        [ 7.9133],
        [11.7142],
        [11.2303],
        [10.0605],
        [ 9.2502],
        [ 9.0354],
        [ 7.8023],
        [12.1462],
        [10.3692],
        [10.7395],
        [ 9.2653],
        [10.5290],
        [ 9.4754],
        [10.2627],
        [11.4454],
        [13.0365],
        [11.8987],
        [ 9.6342],
        [ 8.5846],
        [11.3782],
        [10.2472],
        [11.1489],
        [12.6760],
        [11.5772]], device='cuda:0')
[Debug] Reward mean: 11.2955, std: 1.4261
[Debug] actions_exp max:
0.9977231621742249
min:
-0.9987396597862244
[Debug] actions_exp max:
0.9977231621742249
min:
-0.9987396597862244
[Debug] actions_exp max:
0.9977231621742249
min:
-0.9987396597862244
[Debug] actions_exp max:
0.9977231621742249
min:
-0.9987396597862244
[Debug] actions_exp max:
0.9977231621742249
min:
-0.9987396597862244
[Debug] actions_exp max:
0.9977231621742249
min:
-0.9987396597862244
[Debug] actions_exp max:
0.9977231621742249
min:
-0.9987396597862244
[Debug] actions_exp max:
0.9977231621742249
min:
-0.9987396597862244
[Debug] actions_exp max:
0.9977231621742249
min:
-0.9987396597862244
[Debug] actions_exp max:
0.9977231621742249
min:
-0.9987396597862244
[Debug] actions_exp max:
0.9977231621742249
min:
-0.9987396597862244
[Debug] actions_exp max:
0.9977231621742249
min:
-0.9987396597862244
[Debug] actions_exp max:
0.9977231621742249
min:
-0.9987396597862244
[Debug] actions_exp max:
0.9977231621742249
min:
-0.9987396597862244
[Debug] actions_exp max:
0.9977231621742249
min:
-0.9987396597862244
[Debug] actions_exp max:
0.9977231621742249
min:
-0.9987396597862244
[Debug] actions_exp max:
0.9977231621742249
min:
-0.9987396597862244
[Debug] actions_exp max:
0.9977231621742249
min:
-0.9987396597862244
[Debug] actions_exp max:
0.9977231621742249
min:
-0.9987396597862244
[Debug] actions_exp max:
0.9977231621742249
min:
-0.9987396597862244
[Debug] actions_exp max:
0.9977231621742249
min:
-0.9987396597862244
[Debug] actions_exp max:
0.9977231621742249
min:
-0.9987396597862244
[Debug] actions_exp max:
0.9977231621742249
min:
-0.9987396597862244
[Debug] actions_exp max:
0.9977231621742249
min:
-0.9987396597862244
[Debug] actions_exp max:
0.9977231621742249
min:
-0.9987396597862244
[Debug] actions_exp max:
0.9977231621742249
min:
-0.9987396597862244
[Debug] actions_exp max:
0.9977231621742249
min:
-0.9987396597862244
[Debug] actions_exp max:
0.9977231621742249
min:
-0.9987396597862244
[Debug] actions_exp max:
0.9977231621742249
min:
-0.9987396597862244
[Debug] actions_exp max:
0.9977231621742249
min:
-0.9987396597862244
[Debug] actions_exp max:
0.9977231621742249
min:
-0.9987396597862244
[Debug] actions_exp max:
0.9977231621742249
min:
-0.9987396597862244
[Debug] actions_exp max:
0.9977231621742249
min:
-0.9987396597862244
[Debug] actions_exp max:
0.9977231621742249
min:
-0.9987396597862244
[Debug] actions_exp max:
0.9977231621742249
min:
-0.9987396597862244
[Debug] actions_exp max:
0.9977231621742249
min:
-0.9987396597862244
[Debug] actions_exp max:
0.9977231621742249
min:
-0.9987396597862244
[Debug] actions_exp max:
0.9977231621742249
min:
-0.9987396597862244
[Debug] actions_exp max:
0.9977231621742249
min:
-0.9987396597862244
[Debug] actions_exp max:
0.9977231621742249
min:
-0.9987396597862244
[Debug] actions_exp max:
0.9977231621742249
min:
-0.9987396597862244
[Debug] actions_exp max:
0.9977231621742249
min:
-0.9987396597862244
[Debug] actions_exp max:
0.9977231621742249
min:
-0.9987396597862244
[Debug] actions_exp max:
0.9977231621742249
min:
-0.9987396597862244
[Debug] actions_exp max:
0.9977231621742249
min:
-0.9987396597862244
[Debug] actions_exp max:
0.9977231621742249
min:
-0.9987396597862244
[Debug] actions_exp max:
0.9977231621742249
min:
-0.9987396597862244
[Debug] actions_exp max:
0.9977231621742249
min:
-0.9987396597862244
[Debug] actions_exp max:
0.9977231621742249
min:
-0.9987396597862244
[Debug] actions_exp max:
0.9977231621742249
min:
-0.9987396597862244
Step 301, t=13, state shape: (33,)
RolloutBuffer: _n=100, _p=1, total_size=100
Step 302, t=14, state shape: (33,)
RolloutBuffer: _n=100, _p=2, total_size=100
Step 303, t=15, state shape: (33,)
RolloutBuffer: _n=100, _p=3, total_size=100
Step 304, t=16, state shape: (33,)
RolloutBuffer: _n=100, _p=4, total_size=100
Step 305, t=17, state shape: (33,)
RolloutBuffer: _n=100, _p=5, total_size=100
Step 306, t=18, state shape: (33,)
RolloutBuffer: _n=100, _p=6, total_size=100
Step 307, t=19, state shape: (33,)
RolloutBuffer: _n=100, _p=7, total_size=100
Step 308, t=20, state shape: (33,)
RolloutBuffer: _n=100, _p=8, total_size=100
Step 309, t=21, state shape: (33,)
RolloutBuffer: _n=100, _p=9, total_size=100
Step 310, t=22, state shape: (33,)
RolloutBuffer: _n=100, _p=10, total_size=100
Step 311, t=23, state shape: (33,)
RolloutBuffer: _n=100, _p=11, total_size=100
Step 312, t=24, state shape: (33,)
RolloutBuffer: _n=100, _p=12, total_size=100
Step 313, t=25, state shape: (33,)
RolloutBuffer: _n=100, _p=13, total_size=100
Step 314, t=26, state shape: (33,)
RolloutBuffer: _n=100, _p=14, total_size=100
Step 315, t=27, state shape: (33,)
RolloutBuffer: _n=100, _p=15, total_size=100
Step 316, t=28, state shape: (33,)
RolloutBuffer: _n=100, _p=16, total_size=100
Step 317, t=29, state shape: (33,)
RolloutBuffer: _n=100, _p=17, total_size=100
Step 318, t=30, state shape: (33,)
RolloutBuffer: _n=100, _p=18, total_size=100
Step 319, t=31, state shape: (33,)
RolloutBuffer: _n=100, _p=19, total_size=100
Step 320, t=32, state shape: (33,)
RolloutBuffer: _n=100, _p=20, total_size=100
Step 321, t=33, state shape: (33,)
RolloutBuffer: _n=100, _p=21, total_size=100
Step 322, t=34, state shape: (33,)
RolloutBuffer: _n=100, _p=22, total_size=100
Step 323, t=35, state shape: (33,)
RolloutBuffer: _n=100, _p=23, total_size=100
Step 324, t=36, state shape: (33,)
RolloutBuffer: _n=100, _p=24, total_size=100
Step 325, t=37, state shape: (33,)
RolloutBuffer: _n=100, _p=25, total_size=100
Step 326, t=38, state shape: (33,)
RolloutBuffer: _n=100, _p=26, total_size=100
Step 327, t=39, state shape: (33,)
RolloutBuffer: _n=100, _p=27, total_size=100
Step 328, t=40, state shape: (33,)
RolloutBuffer: _n=100, _p=28, total_size=100
Step 329, t=41, state shape: (33,)
RolloutBuffer: _n=100, _p=29, total_size=100
Step 330, t=42, state shape: (33,)
RolloutBuffer: _n=100, _p=30, total_size=100
Step 331, t=43, state shape: (33,)
RolloutBuffer: _n=100, _p=31, total_size=100
Step 332, t=44, state shape: (33,)
RolloutBuffer: _n=100, _p=32, total_size=100
Step 333, t=45, state shape: (33,)
RolloutBuffer: _n=100, _p=33, total_size=100
Step 334, t=46, state shape: (33,)
RolloutBuffer: _n=100, _p=34, total_size=100
Step 335, t=47, state shape: (33,)
RolloutBuffer: _n=100, _p=35, total_size=100
Step 336, t=48, state shape: (33,)
RolloutBuffer: _n=100, _p=36, total_size=100
Step 337, t=49, state shape: (33,)
RolloutBuffer: _n=100, _p=37, total_size=100
Step 338, t=50, state shape: (33,)
RolloutBuffer: _n=100, _p=38, total_size=100
Step 339, t=51, state shape: (33,)
RolloutBuffer: _n=100, _p=39, total_size=100
Step 340, t=52, state shape: (33,)
RolloutBuffer: _n=100, _p=40, total_size=100
Step 341, t=53, state shape: (33,)
RolloutBuffer: _n=100, _p=41, total_size=100
Step 342, t=54, state shape: (33,)
RolloutBuffer: _n=100, _p=42, total_size=100
Step 343, t=55, state shape: (33,)
RolloutBuffer: _n=100, _p=43, total_size=100
Step 344, t=56, state shape: (33,)
RolloutBuffer: _n=100, _p=44, total_size=100
Step 345, t=57, state shape: (33,)
RolloutBuffer: _n=100, _p=45, total_size=100
Step 346, t=58, state shape: (33,)
RolloutBuffer: _n=100, _p=46, total_size=100
Step 347, t=59, state shape: (33,)
RolloutBuffer: _n=100, _p=47, total_size=100
Step 348, t=60, state shape: (33,)
RolloutBuffer: _n=100, _p=48, total_size=100
Step 349, t=61, state shape: (33,)
RolloutBuffer: _n=100, _p=49, total_size=100
Step 350, t=62, state shape: (33,)
RolloutBuffer: _n=100, _p=50, total_size=100
Step 351, t=63, state shape: (33,)
RolloutBuffer: _n=100, _p=51, total_size=100
Step 352, t=64, state shape: (33,)
RolloutBuffer: _n=100, _p=52, total_size=100
Step 353, t=65, state shape: (33,)
RolloutBuffer: _n=100, _p=53, total_size=100
Step 354, t=66, state shape: (33,)
RolloutBuffer: _n=100, _p=54, total_size=100
Step 355, t=67, state shape: (33,)
RolloutBuffer: _n=100, _p=55, total_size=100
Step 356, t=68, state shape: (33,)
RolloutBuffer: _n=100, _p=56, total_size=100
Step 357, t=69, state shape: (33,)
RolloutBuffer: _n=100, _p=57, total_size=100
Step 358, t=70, state shape: (33,)
RolloutBuffer: _n=100, _p=58, total_size=100
Step 359, t=71, state shape: (33,)
RolloutBuffer: _n=100, _p=59, total_size=100
Step 360, t=72, state shape: (33,)
RolloutBuffer: _n=100, _p=60, total_size=100
Step 361, t=73, state shape: (33,)
RolloutBuffer: _n=100, _p=61, total_size=100
Step 362, t=74, state shape: (33,)
RolloutBuffer: _n=100, _p=62, total_size=100
Step 363, t=75, state shape: (33,)
RolloutBuffer: _n=100, _p=63, total_size=100
Step 364, t=76, state shape: (33,)
RolloutBuffer: _n=100, _p=64, total_size=100
Step 365, t=77, state shape: (33,)
RolloutBuffer: _n=100, _p=65, total_size=100
Step 366, t=78, state shape: (33,)
RolloutBuffer: _n=100, _p=66, total_size=100
Step 367, t=79, state shape: (33,)
RolloutBuffer: _n=100, _p=67, total_size=100
Step 368, t=80, state shape: (33,)
RolloutBuffer: _n=100, _p=68, total_size=100
Step 369, t=81, state shape: (33,)
RolloutBuffer: _n=100, _p=69, total_size=100
Step 370, t=82, state shape: (33,)
RolloutBuffer: _n=100, _p=70, total_size=100
Step 371, t=83, state shape: (33,)
RolloutBuffer: _n=100, _p=71, total_size=100
Step 372, t=84, state shape: (33,)
RolloutBuffer: _n=100, _p=72, total_size=100
Step 373, t=85, state shape: (33,)
RolloutBuffer: _n=100, _p=73, total_size=100
Step 374, t=86, state shape: (33,)
RolloutBuffer: _n=100, _p=74, total_size=100
Step 375, t=87, state shape: (33,)
RolloutBuffer: _n=100, _p=75, total_size=100
Step 376, t=88, state shape: (33,)
RolloutBuffer: _n=100, _p=76, total_size=100
Step 377, t=89, state shape: (33,)
RolloutBuffer: _n=100, _p=77, total_size=100
Step 378, t=90, state shape: (33,)
RolloutBuffer: _n=100, _p=78, total_size=100
Step 379, t=91, state shape: (33,)
RolloutBuffer: _n=100, _p=79, total_size=100
Step 380, t=92, state shape: (33,)
RolloutBuffer: _n=100, _p=80, total_size=100
Step 381, t=93, state shape: (33,)
RolloutBuffer: _n=100, _p=81, total_size=100
Step 382, t=94, state shape: (33,)
RolloutBuffer: _n=100, _p=82, total_size=100
Step 383, t=95, state shape: (33,)
RolloutBuffer: _n=100, _p=83, total_size=100
Step 384, t=96, state shape: (33,)
RolloutBuffer: _n=100, _p=84, total_size=100
Step 385, t=97, state shape: (33,)
RolloutBuffer: _n=100, _p=85, total_size=100
Step 386, t=98, state shape: (33,)
RolloutBuffer: _n=100, _p=86, total_size=100
Step 387, t=99, state shape: (33,)
RolloutBuffer: _n=100, _p=87, total_size=100
Step 388, t=100, state shape: (33,)
RolloutBuffer: _n=100, _p=88, total_size=100
Step 389, t=101, state shape: (33,)
RolloutBuffer: _n=100, _p=89, total_size=100
Step 390, t=102, state shape: (33,)
RolloutBuffer: _n=100, _p=90, total_size=100
Step 391, t=103, state shape: (33,)
RolloutBuffer: _n=100, _p=91, total_size=100
Step 392, t=104, state shape: (33,)
RolloutBuffer: _n=100, _p=92, total_size=100
Step 393, t=105, state shape: (33,)
RolloutBuffer: _n=100, _p=93, total_size=100
Step 394, t=106, state shape: (33,)
RolloutBuffer: _n=100, _p=94, total_size=100
Step 395, t=107, state shape: (33,)
RolloutBuffer: _n=100, _p=95, total_size=100
Step 396, t=108, state shape: (33,)
RolloutBuffer: _n=100, _p=96, total_size=100
Step 397, t=109, state shape: (33,)
RolloutBuffer: _n=100, _p=97, total_size=100
Step 398, t=110, state shape: (33,)
RolloutBuffer: _n=100, _p=98, total_size=100
Step 399, t=111, state shape: (33,)
RolloutBuffer: _n=100, _p=99, total_size=100
Step 400, t=112, state shape: (33,)
RolloutBuffer: _n=100, _p=0, total_size=100
[Debug] Log probabilities of current policy actions: tensor([[-12.4328],
        [-13.7014],
        [-11.5555],
        [-10.2777],
        [-11.6683],
        [-11.3942],
        [ -6.9613],
        [-12.0395],
        [-11.6683],
        [ -9.7593],
        [-12.8924],
        [-11.1352],
        [-13.3423],
        [-11.5229],
        [-10.9742],
        [ -9.9461],
        [-11.8906],
        [-10.7974],
        [-10.5290],
        [-10.8891],
        [-13.1521],
        [-12.4092],
        [-12.6823],
        [ -9.0359],
        [-12.4193],
        [-10.6374],
        [ -8.5333],
        [-12.3708],
        [-11.9948],
        [-11.0767],
        [-10.3492],
        [-12.4092],
        [ -9.6911],
        [-10.5290],
        [-11.3942],
        [-12.0395],
        [-13.1521],
        [-10.2896],
        [-11.6808],
        [-10.5290],
        [-11.8906],
        [-10.5290],
        [-10.8891],
        [-10.3492],
        [-12.6823],
        [-12.9146],
        [-13.9023],
        [-11.6348],
        [-12.2266],
        [ -9.5644],
        [-11.1858],
        [-10.5396],
        [-12.4328],
        [ -9.7593],
        [-12.7699],
        [-13.3711],
        [-10.9742],
        [-11.0767],
        [-12.8806],
        [-12.1121],
        [-15.4310],
        [ -8.8646],
        [-13.9616],
        [-12.5084]], device='cuda:0')
[Debug] actions_exp max:
1.0000001192092896
min:
-1.0000001192092896
[Debug] Log probabilities of expert actions: tensor([[-26.7342],
        [-11.4819],
        [-12.8765],
        [-12.0470],
        [-29.7617],
        [-13.2209],
        [-14.7112],
        [-28.8502],
        [-36.1777],
        [-13.0430],
        [-14.7640],
        [-27.6437],
        [-14.3444],
        [-12.4894],
        [-11.9016],
        [-11.5930],
        [-14.1846],
        [-13.7308],
        [-13.3646],
        [-12.4862],
        [-11.9154],
        [-13.7806],
        [-29.5384],
        [-14.1630],
        [-13.4797],
        [-12.2585],
        [-26.9218],
        [-11.9618],
        [-13.5057],
        [-14.1370],
        [-12.7992],
        [-24.8999],
        [-12.9920],
        [-11.0485],
        [-13.1645],
        [-12.8011],
        [-14.3764],
        [-23.7071],
        [-14.3525],
        [-29.4154],
        [-14.1050],
        [-23.8289],
        [-13.7118],
        [-11.5778],
        [-40.4078],
        [-11.7811],
        [-11.9545],
        [-13.9402],
        [-12.6570],
        [-13.2129],
        [-26.6066],
        [-13.5459],
        [-13.7298],
        [-13.3322],
        [-14.5106],
        [-25.4576],
        [-11.5716],
        [-11.5344],
        [-23.6816],
        [-13.4769],
        [-11.8846],
        [-13.9132],
        [-13.5048],
        [-12.9060]], device='cuda:0')
[Debug] Log probabilities of current policy actions: tensor([[-12.5084],
        [-12.0395],
        [ -9.7775],
        [-10.2777],
        [-12.6823],
        [-12.6823],
        [-11.1858],
        [-11.1202],
        [-13.0550],
        [-10.9946],
        [ -9.6911],
        [-12.2266],
        [-10.4243],
        [-12.3961],
        [-10.3453],
        [-10.6374],
        [-10.9145],
        [-10.3900],
        [ -9.0359],
        [ -9.7775],
        [-11.5184],
        [-11.7254],
        [-12.2548],
        [-10.2896],
        [-12.6021],
        [ -9.6911],
        [-12.3961],
        [-12.7179],
        [-11.8906],
        [ -9.7593],
        [-10.8047],
        [-11.1202],
        [-10.6374],
        [ -9.6218],
        [-12.9792],
        [-11.7254],
        [ -9.8898],
        [-10.6984],
        [-12.7699],
        [-12.7179],
        [-13.9023],
        [ -9.8502],
        [-12.2812],
        [-10.2116],
        [-11.6808],
        [-11.5855],
        [-12.6823],
        [ -9.8502],
        [-12.3708],
        [-12.8924],
        [ -8.7055],
        [-10.3453],
        [-12.6823],
        [-10.5290],
        [ -9.7894],
        [-10.9145],
        [-10.9946],
        [-10.9536],
        [-12.6021],
        [-13.3423],
        [-12.5084],
        [-10.6374],
        [-10.5787],
        [-10.8891]], device='cuda:0')
[Debug] actions_exp max:
1.0000001192092896
min:
-1.0
[Debug] Log probabilities of expert actions: tensor([[-13.7916],
        [-27.2136],
        [-39.3360],
        [-12.0113],
        [-13.5482],
        [-12.7685],
        [-11.9291],
        [-12.9383],
        [-14.5654],
        [-13.7329],
        [-11.3885],
        [-14.2083],
        [-24.4923],
        [-13.3687],
        [-15.5405],
        [-12.8742],
        [-12.6570],
        [-24.2469],
        [-13.3685],
        [-14.5106],
        [-12.7625],
        [-13.0269],
        [-11.5056],
        [-13.8497],
        [-11.8650],
        [-26.6127],
        [-11.9521],
        [-24.5172],
        [-12.9715],
        [-11.9668],
        [-40.2335],
        [-12.7347],
        [-13.1035],
        [-13.1396],
        [-12.7928],
        [-13.7916],
        [-54.0001],
        [-14.2809],
        [-26.5227],
        [-10.6669],
        [-13.5048],
        [-12.6303],
        [-12.6436],
        [-11.5716],
        [-13.5048],
        [-13.7362],
        [-12.0878],
        [-11.9718],
        [-12.9289],
        [-13.6781],
        [-14.1050],
        [-11.9689],
        [-12.6436],
        [-12.7521],
        [-15.5254],
        [-28.8461],
        [-12.7504],
        [-13.4869],
        [-12.5123],
        [-13.4343],
        [-13.0456],
        [-13.4963],
        [-40.4078],
        [-14.3152]], device='cuda:0')
[Debug] Log probabilities of current policy actions: tensor([[-12.3961],
        [-12.3961],
        [-13.9023],
        [-10.7692],
        [-11.7254],
        [-14.3899],
        [-10.9742],
        [-10.9410],
        [-14.0234],
        [-10.9145],
        [-12.2266],
        [-12.5491],
        [-11.6348],
        [-14.0234],
        [-12.9146],
        [-13.9616],
        [ -9.8898],
        [-11.4397],
        [ -9.6911],
        [-10.5787],
        [-10.9410],
        [-12.2266],
        [-10.6464],
        [-11.5184],
        [-13.0550],
        [-10.3453],
        [-13.9023],
        [-12.4193],
        [-10.8047],
        [ -8.8646],
        [-12.9792],
        [-11.6348],
        [ -8.7055],
        [-13.0195],
        [-12.0395],
        [-11.8961],
        [-13.5870],
        [-10.3453],
        [-10.9742],
        [-10.9145],
        [-11.6808],
        [-13.9023],
        [-12.6823],
        [ -9.7894],
        [-11.2976],
        [ -9.9461],
        [-12.2548],
        [-11.6348],
        [-12.5084],
        [ -9.5725],
        [-11.8125],
        [-11.1202],
        [-10.6464],
        [-11.0767],
        [-11.1858],
        [ -9.8898],
        [-10.5290],
        [-12.5491],
        [-10.9410],
        [-10.9368],
        [-13.7014],
        [-11.2976],
        [-10.2116],
        [-10.6464]], device='cuda:0')
[Debug] actions_exp max:
1.0000001192092896
min:
-1.0000001192092896
[Debug] Log probabilities of expert actions: tensor([[-13.7655],
        [-12.4205],
        [-14.5972],
        [-29.4459],
        [-13.1508],
        [-13.3965],
        [-12.4970],
        [-13.0376],
        [-12.9759],
        [-12.1575],
        [-11.9673],
        [-13.7916],
        [-12.8053],
        [-25.2208],
        [-12.3231],
        [-12.3231],
        [-11.0875],
        [-11.4570],
        [-12.3863],
        [-11.9673],
        [-13.7817],
        [-39.2015],
        [-12.9759],
        [-13.7157],
        [-13.4920],
        [-12.1745],
        [-13.0044],
        [-27.8661],
        [-14.3683],
        [-11.4603],
        [-13.4871],
        [-12.6192],
        [-12.2460],
        [-13.1181],
        [-14.6870],
        [-13.3946],
        [-13.6414],
        [-26.4325],
        [-14.7637],
        [-14.7419],
        [-11.0539],
        [-10.7000],
        [-14.2125],
        [-15.5393],
        [-25.2442],
        [-36.0675],
        [-13.3965],
        [-24.5081],
        [-13.0269],
        [-13.7877],
        [-12.0480],
        [-40.3620],
        [-13.9008],
        [-15.5497],
        [-11.7824],
        [-14.6902],
        [-11.9019],
        [-23.8289],
        [-15.5403],
        [-13.6656],
        [-14.4083],
        [-29.5384],
        [-23.5378],
        [-14.6464]], device='cuda:0')
[Debug] Rewards: tensor([[11.6271],
        [12.0037],
        [ 9.7189],
        [10.2767],
        [ 8.7765],
        [ 9.8839],
        [11.7199],
        [11.8439],
        [13.7176],
        [ 9.9788],
        [11.5454],
        [ 9.6843],
        [12.0100],
        [ 9.7043],
        [12.4530],
        [11.4237],
        [10.7421],
        [10.0569],
        [11.2789],
        [10.2160],
        [10.2655],
        [11.7278],
        [13.4207],
        [10.3541],
        [12.5497],
        [10.5197],
        [ 9.8507],
        [10.6355],
        [10.3360],
        [12.2586],
        [ 8.8466],
        [11.9087],
        [ 9.0397],
        [13.0244],
        [11.2766],
        [ 9.1766],
        [12.6941],
        [12.8363],
        [ 6.7357],
        [ 9.5276],
        [10.8369],
        [11.3369],
        [12.4641],
        [12.8324],
        [10.9126],
        [12.0657],
        [10.8759],
        [ 9.8241],
        [ 9.2402],
        [11.5579],
        [14.2286],
        [11.0432],
        [12.2939],
        [ 9.0265],
        [10.8555],
        [ 8.7125],
        [12.0517],
        [ 9.1413],
        [10.2804],
        [11.5807],
        [12.0197],
        [10.8302],
        [10.2445],
        [ 8.9797],
        [ 9.4024],
        [12.7051],
        [10.4103],
        [12.6698],
        [10.5302],
        [11.6173],
        [12.0394],
        [13.4722],
        [10.0036],
        [ 9.9520],
        [ 9.7595],
        [12.1631],
        [10.1307],
        [11.1853],
        [12.6446],
        [11.1136],
        [10.6223],
        [12.3668],
        [ 8.2048],
        [ 9.1606],
        [10.5264],
        [11.1865],
        [14.5909],
        [11.6702],
        [11.2215],
        [ 8.2037],
        [ 9.4917],
        [ 9.1238],
        [ 8.1984],
        [ 7.4116],
        [12.5059],
        [ 8.5848],
        [10.5804],
        [11.1198],
        [11.8973],
        [13.0700]], device='cuda:0')
[Debug] Reward mean: 10.8842, std: 1.5143
[Debug] actions_exp max:
0.9960012435913086
min:
-0.9963136315345764
[Debug] actions_exp max:
0.9960012435913086
min:
-0.9963136315345764
[Debug] actions_exp max:
0.9960012435913086
min:
-0.9963136315345764
[Debug] actions_exp max:
0.9960012435913086
min:
-0.9963136315345764
[Debug] actions_exp max:
0.9960012435913086
min:
-0.9963136315345764
[Debug] actions_exp max:
0.9960012435913086
min:
-0.9963136315345764
[Debug] actions_exp max:
0.9960012435913086
min:
-0.9963136315345764
[Debug] actions_exp max:
0.9960012435913086
min:
-0.9963136315345764
[Debug] actions_exp max:
0.9960012435913086
min:
-0.9963136315345764
[Debug] actions_exp max:
0.9960012435913086
min:
-0.9963136315345764
[Debug] actions_exp max:
0.9960012435913086
min:
-0.9963136315345764
[Debug] actions_exp max:
0.9960012435913086
min:
-0.9963136315345764
[Debug] actions_exp max:
0.9960012435913086
min:
-0.9963136315345764
[Debug] actions_exp max:
0.9960012435913086
min:
-0.9963136315345764
[Debug] actions_exp max:
0.9960012435913086
min:
-0.9963136315345764
[Debug] actions_exp max:
0.9960012435913086
min:
-0.9963136315345764
[Debug] actions_exp max:
0.9960012435913086
min:
-0.9963136315345764
[Debug] actions_exp max:
0.9960012435913086
min:
-0.9963136315345764
[Debug] actions_exp max:
0.9960012435913086
min:
-0.9963136315345764
[Debug] actions_exp max:
0.9960012435913086
min:
-0.9963136315345764
[Debug] actions_exp max:
0.9960012435913086
min:
-0.9963136315345764
[Debug] actions_exp max:
0.9960012435913086
min:
-0.9963136315345764
[Debug] actions_exp max:
0.9960012435913086
min:
-0.9963136315345764
[Debug] actions_exp max:
0.9960012435913086
min:
-0.9963136315345764
[Debug] actions_exp max:
0.9960012435913086
min:
-0.9963136315345764
[Debug] actions_exp max:
0.9960012435913086
min:
-0.9963136315345764
[Debug] actions_exp max:
0.9960012435913086
min:
-0.9963136315345764
[Debug] actions_exp max:
0.9960012435913086
min:
-0.9963136315345764
[Debug] actions_exp max:
0.9960012435913086
min:
-0.9963136315345764
[Debug] actions_exp max:
0.9960012435913086
min:
-0.9963136315345764
[Debug] actions_exp max:
0.9960012435913086
min:
-0.9963136315345764
[Debug] actions_exp max:
0.9960012435913086
min:
-0.9963136315345764
[Debug] actions_exp max:
0.9960012435913086
min:
-0.9963136315345764
[Debug] actions_exp max:
0.9960012435913086
min:
-0.9963136315345764
[Debug] actions_exp max:
0.9960012435913086
min:
-0.9963136315345764
[Debug] actions_exp max:
0.9960012435913086
min:
-0.9963136315345764
[Debug] actions_exp max:
0.9960012435913086
min:
-0.9963136315345764
[Debug] actions_exp max:
0.9960012435913086
min:
-0.9963136315345764
[Debug] actions_exp max:
0.9960012435913086
min:
-0.9963136315345764
[Debug] actions_exp max:
0.9960012435913086
min:
-0.9963136315345764
[Debug] actions_exp max:
0.9960012435913086
min:
-0.9963136315345764
[Debug] actions_exp max:
0.9960012435913086
min:
-0.9963136315345764
[Debug] actions_exp max:
0.9960012435913086
min:
-0.9963136315345764
[Debug] actions_exp max:
0.9960012435913086
min:
-0.9963136315345764
[Debug] actions_exp max:
0.9960012435913086
min:
-0.9963136315345764
[Debug] actions_exp max:
0.9960012435913086
min:
-0.9963136315345764
[Debug] actions_exp max:
0.9960012435913086
min:
-0.9963136315345764
[Debug] actions_exp max:
0.9960012435913086
min:
-0.9963136315345764
[Debug] actions_exp max:
0.9960012435913086
min:
-0.9963136315345764
[Debug] actions_exp max:
0.9960012435913086
min:
-0.9963136315345764
Step 401, t=113, state shape: (33,)
RolloutBuffer: _n=100, _p=1, total_size=100
Step 402, t=114, state shape: (33,)
RolloutBuffer: _n=100, _p=2, total_size=100
Step 403, t=115, state shape: (33,)
RolloutBuffer: _n=100, _p=3, total_size=100
Step 404, t=116, state shape: (33,)
RolloutBuffer: _n=100, _p=4, total_size=100
Step 405, t=117, state shape: (33,)
RolloutBuffer: _n=100, _p=5, total_size=100
Step 406, t=118, state shape: (33,)
RolloutBuffer: _n=100, _p=6, total_size=100
Step 407, t=1, state shape: (33,)
RolloutBuffer: _n=100, _p=7, total_size=100
Step 408, t=2, state shape: (33,)
RolloutBuffer: _n=100, _p=8, total_size=100
Step 409, t=3, state shape: (33,)
RolloutBuffer: _n=100, _p=9, total_size=100
Step 410, t=4, state shape: (33,)
RolloutBuffer: _n=100, _p=10, total_size=100
Step 411, t=5, state shape: (33,)
RolloutBuffer: _n=100, _p=11, total_size=100
Step 412, t=6, state shape: (33,)
RolloutBuffer: _n=100, _p=12, total_size=100
Step 413, t=7, state shape: (33,)
RolloutBuffer: _n=100, _p=13, total_size=100
Step 414, t=8, state shape: (33,)
RolloutBuffer: _n=100, _p=14, total_size=100
Step 415, t=9, state shape: (33,)
RolloutBuffer: _n=100, _p=15, total_size=100
Step 416, t=10, state shape: (33,)
RolloutBuffer: _n=100, _p=16, total_size=100
Step 417, t=11, state shape: (33,)
RolloutBuffer: _n=100, _p=17, total_size=100
Step 418, t=12, state shape: (33,)
RolloutBuffer: _n=100, _p=18, total_size=100
Step 419, t=13, state shape: (33,)
RolloutBuffer: _n=100, _p=19, total_size=100
Step 420, t=14, state shape: (33,)
RolloutBuffer: _n=100, _p=20, total_size=100
Step 421, t=15, state shape: (33,)
RolloutBuffer: _n=100, _p=21, total_size=100
Step 422, t=16, state shape: (33,)
RolloutBuffer: _n=100, _p=22, total_size=100
Step 423, t=17, state shape: (33,)
RolloutBuffer: _n=100, _p=23, total_size=100
Step 424, t=18, state shape: (33,)
RolloutBuffer: _n=100, _p=24, total_size=100
Step 425, t=19, state shape: (33,)
RolloutBuffer: _n=100, _p=25, total_size=100
Step 426, t=20, state shape: (33,)
RolloutBuffer: _n=100, _p=26, total_size=100
Step 427, t=21, state shape: (33,)
RolloutBuffer: _n=100, _p=27, total_size=100
Step 428, t=22, state shape: (33,)
RolloutBuffer: _n=100, _p=28, total_size=100
Step 429, t=23, state shape: (33,)
RolloutBuffer: _n=100, _p=29, total_size=100
Step 430, t=24, state shape: (33,)
RolloutBuffer: _n=100, _p=30, total_size=100
Step 431, t=25, state shape: (33,)
RolloutBuffer: _n=100, _p=31, total_size=100
Step 432, t=26, state shape: (33,)
RolloutBuffer: _n=100, _p=32, total_size=100
Step 433, t=27, state shape: (33,)
RolloutBuffer: _n=100, _p=33, total_size=100
Step 434, t=28, state shape: (33,)
RolloutBuffer: _n=100, _p=34, total_size=100
Step 435, t=29, state shape: (33,)
RolloutBuffer: _n=100, _p=35, total_size=100
Step 436, t=30, state shape: (33,)
RolloutBuffer: _n=100, _p=36, total_size=100
Step 437, t=1, state shape: (33,)
RolloutBuffer: _n=100, _p=37, total_size=100
Step 438, t=2, state shape: (33,)
RolloutBuffer: _n=100, _p=38, total_size=100
Step 439, t=3, state shape: (33,)
RolloutBuffer: _n=100, _p=39, total_size=100
Step 440, t=4, state shape: (33,)
RolloutBuffer: _n=100, _p=40, total_size=100
Step 441, t=5, state shape: (33,)
RolloutBuffer: _n=100, _p=41, total_size=100
Step 442, t=1, state shape: (33,)
RolloutBuffer: _n=100, _p=42, total_size=100
Step 443, t=2, state shape: (33,)
RolloutBuffer: _n=100, _p=43, total_size=100
Step 444, t=3, state shape: (33,)
RolloutBuffer: _n=100, _p=44, total_size=100
Step 445, t=4, state shape: (33,)
RolloutBuffer: _n=100, _p=45, total_size=100
Step 446, t=5, state shape: (33,)
RolloutBuffer: _n=100, _p=46, total_size=100
Step 447, t=6, state shape: (33,)
RolloutBuffer: _n=100, _p=47, total_size=100
Step 448, t=7, state shape: (33,)
RolloutBuffer: _n=100, _p=48, total_size=100
Step 449, t=8, state shape: (33,)
RolloutBuffer: _n=100, _p=49, total_size=100
Step 450, t=9, state shape: (33,)
RolloutBuffer: _n=100, _p=50, total_size=100
Step 451, t=10, state shape: (33,)
RolloutBuffer: _n=100, _p=51, total_size=100
Step 452, t=11, state shape: (33,)
RolloutBuffer: _n=100, _p=52, total_size=100
Step 453, t=12, state shape: (33,)
RolloutBuffer: _n=100, _p=53, total_size=100
Step 454, t=13, state shape: (33,)
RolloutBuffer: _n=100, _p=54, total_size=100
Step 455, t=14, state shape: (33,)
RolloutBuffer: _n=100, _p=55, total_size=100
Step 456, t=15, state shape: (33,)
RolloutBuffer: _n=100, _p=56, total_size=100
Step 457, t=16, state shape: (33,)
RolloutBuffer: _n=100, _p=57, total_size=100
Step 458, t=17, state shape: (33,)
RolloutBuffer: _n=100, _p=58, total_size=100
Step 459, t=18, state shape: (33,)
RolloutBuffer: _n=100, _p=59, total_size=100
Step 460, t=19, state shape: (33,)
RolloutBuffer: _n=100, _p=60, total_size=100
Step 461, t=20, state shape: (33,)
RolloutBuffer: _n=100, _p=61, total_size=100
Step 462, t=21, state shape: (33,)
RolloutBuffer: _n=100, _p=62, total_size=100
Step 463, t=22, state shape: (33,)
RolloutBuffer: _n=100, _p=63, total_size=100
Step 464, t=23, state shape: (33,)
RolloutBuffer: _n=100, _p=64, total_size=100
Step 465, t=24, state shape: (33,)
RolloutBuffer: _n=100, _p=65, total_size=100
Step 466, t=25, state shape: (33,)
RolloutBuffer: _n=100, _p=66, total_size=100
Step 467, t=26, state shape: (33,)
RolloutBuffer: _n=100, _p=67, total_size=100
Step 468, t=27, state shape: (33,)
RolloutBuffer: _n=100, _p=68, total_size=100
Step 469, t=28, state shape: (33,)
RolloutBuffer: _n=100, _p=69, total_size=100
Step 470, t=29, state shape: (33,)
RolloutBuffer: _n=100, _p=70, total_size=100
Step 471, t=30, state shape: (33,)
RolloutBuffer: _n=100, _p=71, total_size=100
Step 472, t=31, state shape: (33,)
RolloutBuffer: _n=100, _p=72, total_size=100
Step 473, t=32, state shape: (33,)
RolloutBuffer: _n=100, _p=73, total_size=100
Step 474, t=33, state shape: (33,)
RolloutBuffer: _n=100, _p=74, total_size=100
Step 475, t=34, state shape: (33,)
RolloutBuffer: _n=100, _p=75, total_size=100
Step 476, t=35, state shape: (33,)
RolloutBuffer: _n=100, _p=76, total_size=100
Step 477, t=36, state shape: (33,)
RolloutBuffer: _n=100, _p=77, total_size=100
Step 478, t=37, state shape: (33,)
RolloutBuffer: _n=100, _p=78, total_size=100
Step 479, t=38, state shape: (33,)
RolloutBuffer: _n=100, _p=79, total_size=100
Step 480, t=39, state shape: (33,)
RolloutBuffer: _n=100, _p=80, total_size=100
Step 481, t=40, state shape: (33,)
RolloutBuffer: _n=100, _p=81, total_size=100
Step 482, t=41, state shape: (33,)
RolloutBuffer: _n=100, _p=82, total_size=100
Step 483, t=42, state shape: (33,)
RolloutBuffer: _n=100, _p=83, total_size=100
Step 484, t=43, state shape: (33,)
RolloutBuffer: _n=100, _p=84, total_size=100
Step 485, t=44, state shape: (33,)
RolloutBuffer: _n=100, _p=85, total_size=100
Step 486, t=45, state shape: (33,)
RolloutBuffer: _n=100, _p=86, total_size=100
Step 487, t=46, state shape: (33,)
RolloutBuffer: _n=100, _p=87, total_size=100
Step 488, t=47, state shape: (33,)
RolloutBuffer: _n=100, _p=88, total_size=100
Step 489, t=48, state shape: (33,)
RolloutBuffer: _n=100, _p=89, total_size=100
Step 490, t=49, state shape: (33,)
RolloutBuffer: _n=100, _p=90, total_size=100
Step 491, t=1, state shape: (33,)
RolloutBuffer: _n=100, _p=91, total_size=100
Step 492, t=2, state shape: (33,)
RolloutBuffer: _n=100, _p=92, total_size=100
Step 493, t=3, state shape: (33,)
RolloutBuffer: _n=100, _p=93, total_size=100
Step 494, t=4, state shape: (33,)
RolloutBuffer: _n=100, _p=94, total_size=100
Step 495, t=5, state shape: (33,)
RolloutBuffer: _n=100, _p=95, total_size=100
Step 496, t=6, state shape: (33,)
RolloutBuffer: _n=100, _p=96, total_size=100
Step 497, t=7, state shape: (33,)
RolloutBuffer: _n=100, _p=97, total_size=100
Step 498, t=8, state shape: (33,)
RolloutBuffer: _n=100, _p=98, total_size=100
Step 499, t=9, state shape: (33,)
RolloutBuffer: _n=100, _p=99, total_size=100
Step 500, t=10, state shape: (33,)
RolloutBuffer: _n=100, _p=0, total_size=100
[Debug] Log probabilities of current policy actions: tensor([[-11.8437],
        [-10.3363],
        [-13.2056],
        [-11.6009],
        [-12.4047],
        [ -9.5274],
        [-13.8481],
        [-12.4385],
        [-11.4969],
        [-11.0829],
        [-13.0127],
        [-11.1762],
        [-11.7860],
        [-10.7760],
        [-14.2791],
        [-10.0444],
        [-11.3669],
        [-13.0068],
        [-15.7055],
        [-10.4813],
        [-14.2780],
        [-11.5607],
        [-10.4813],
        [-12.7883],
        [-12.5301],
        [-11.2389],
        [-12.2094],
        [-11.1791],
        [-12.1226],
        [-13.3679],
        [ -9.9106],
        [-11.7492],
        [-12.2094],
        [-12.6112],
        [-11.2632],
        [-15.7055],
        [-11.8768],
        [-11.6009],
        [-12.2094],
        [-11.9580],
        [-12.1226],
        [-12.3129],
        [-12.0773],
        [ -9.1322],
        [-12.0804],
        [-13.6915],
        [-11.1804],
        [-12.6516],
        [-11.2481],
        [-12.0804],
        [-12.1226],
        [-12.4385],
        [-12.4047],
        [ -8.0059],
        [-10.4244],
        [-12.1033],
        [-14.2780],
        [-11.2632],
        [ -9.5274],
        [-10.1065],
        [ -9.6636],
        [-12.4537],
        [-12.3393],
        [-11.2389]], device='cuda:0')
[Debug] actions_exp max:
1.0000001192092896
min:
-1.0000001192092896
[Debug] Log probabilities of expert actions: tensor([[-12.7042],
        [-12.9219],
        [-13.0316],
        [-14.5356],
        [-12.7922],
        [-27.5799],
        [-11.9846],
        [-12.4367],
        [-29.0849],
        [-24.2297],
        [-12.1032],
        [-13.8197],
        [-13.0416],
        [-14.0381],
        [-27.5804],
        [-13.4177],
        [-12.4666],
        [-23.4056],
        [-12.1114],
        [-13.8197],
        [-13.8279],
        [-41.0654],
        [-11.9718],
        [-28.6747],
        [-28.6812],
        [-24.7491],
        [-11.1491],
        [-12.9376],
        [-23.5179],
        [-12.2145],
        [-11.4067],
        [-11.5700],
        [-23.5305],
        [-12.4391],
        [-12.9894],
        [-13.0521],
        [-26.4354],
        [-12.3521],
        [-15.0528],
        [-12.9527],
        [-39.9285],
        [-13.3406],
        [-24.2904],
        [-15.7925],
        [-12.7980],
        [-12.9248],
        [-11.5716],
        [-13.8431],
        [-10.9827],
        [-12.4557],
        [-11.3855],
        [-13.8153],
        [-12.4592],
        [-14.5952],
        [-13.8553],
        [-12.4281],
        [-11.3872],
        [-12.6149],
        [-13.9125],
        [-13.9028],
        [-14.5984],
        [-29.1845],
        [-13.5227],
        [-14.7540]], device='cuda:0')
[Debug] Log probabilities of current policy actions: tensor([[-12.3393],
        [-11.7860],
        [-10.8444],
        [-11.8671],
        [-13.1868],
        [-12.4610],
        [-11.9693],
        [-11.1762],
        [ -9.7506],
        [-12.0013],
        [-13.3679],
        [-10.9947],
        [-11.9507],
        [-11.3221],
        [-10.9947],
        [-11.4192],
        [-11.1758],
        [-12.2170],
        [-13.6915],
        [-11.2481],
        [-13.3857],
        [-13.4747],
        [-11.1791],
        [-14.2791],
        [-11.7492],
        [ -8.8483],
        [-11.4192],
        [-12.1483],
        [-12.2170],
        [-12.0457],
        [-12.1483],
        [-11.1307],
        [-12.4610],
        [-13.0114],
        [-12.1226],
        [-15.7055],
        [-12.0773],
        [-11.1288],
        [-12.5494],
        [-13.4747],
        [-14.2214],
        [-12.6516],
        [-11.9580],
        [-11.6009],
        [-11.3002],
        [-11.2389],
        [-13.0127],
        [-14.2780],
        [-14.2791],
        [-11.5266],
        [-12.3891],
        [-12.0773],
        [-13.8481],
        [-13.4747],
        [-11.1288],
        [-13.3198],
        [-13.3198],
        [-12.2170],
        [-11.5607],
        [-14.2791],
        [-11.5607],
        [-11.5607],
        [-11.9507],
        [-11.4192]], device='cuda:0')
[Debug] actions_exp max:
1.0000001192092896
min:
-1.0000001192092896
[Debug] Log probabilities of expert actions: tensor([[-26.3800],
        [-12.8066],
        [-24.2460],
        [-27.5210],
        [-15.7370],
        [-13.4832],
        [-14.0205],
        [-14.1617],
        [-14.8229],
        [-13.0362],
        [-13.5120],
        [-24.4851],
        [-23.4056],
        [-24.7579],
        [-13.0973],
        [-27.5799],
        [-13.5973],
        [-11.9299],
        [-14.6424],
        [-12.9452],
        [-13.0534],
        [-36.0948],
        [-12.7042],
        [-13.5663],
        [-13.7439],
        [-11.2142],
        [-11.1077],
        [-12.4501],
        [-28.7002],
        [-11.9885],
        [-13.9772],
        [-14.5216],
        [-23.5674],
        [-10.9869],
        [-12.1674],
        [-13.2956],
        [-13.7359],
        [-14.7730],
        [-24.6343],
        [-14.5433],
        [-23.5640],
        [-14.7573],
        [-24.2904],
        [-13.3510],
        [-13.0645],
        [-12.3521],
        [-13.7679],
        [-12.9971],
        [-15.0664],
        [-29.1900],
        [-14.1710],
        [-12.9452],
        [-10.9833],
        [-12.9334],
        [-11.9891],
        [-41.0333],
        [-14.7731],
        [-13.2237],
        [-13.2702],
        [-13.0507],
        [-13.6828],
        [-13.3703],
        [-12.3790],
        [-14.7096]], device='cuda:0')
[Debug] Log probabilities of current policy actions: tensor([[-12.1222],
        [-11.9580],
        [-12.0804],
        [-11.3669],
        [-13.0477],
        [-11.1288],
        [ -9.1322],
        [-11.9507],
        [-12.4047],
        [-11.1804],
        [-13.2056],
        [-10.0444],
        [-11.2389],
        [-11.5607],
        [-11.8437],
        [-13.8481],
        [-12.4047],
        [-13.0114],
        [-10.7987],
        [-12.4610],
        [-12.4610],
        [-13.3679],
        [-15.7055],
        [-12.1033],
        [-13.1868],
        [-11.1307],
        [-12.0457],
        [-10.4244],
        [-12.0457],
        [-12.4610],
        [-10.7760],
        [-13.0114],
        [-12.0457],
        [-12.1033],
        [-11.1288],
        [-12.4537],
        [-11.4969],
        [-10.3119],
        [ -9.5274],
        [-11.2632],
        [-12.2170],
        [-12.1226],
        [-11.7492],
        [-11.2481],
        [-12.4662],
        [-11.9693],
        [-10.9259],
        [-12.6131],
        [-14.2780],
        [-11.7492],
        [-11.9507],
        [-13.1868],
        [-11.2481],
        [-12.0773],
        [ -8.0059],
        [-12.4610],
        [-14.2791],
        [-12.7883],
        [-12.1226],
        [-11.4969],
        [ -8.8483],
        [-13.8481],
        [-11.5607],
        [-12.6131]], device='cuda:0')
[Debug] actions_exp max:
1.0000001192092896
min:
-1.0000001192092896
[Debug] Log probabilities of expert actions: tensor([[-11.9262],
        [-12.9245],
        [-12.9728],
        [-11.1602],
        [-27.5377],
        [-13.5408],
        [-25.7184],
        [-11.2305],
        [-26.4354],
        [-12.2385],
        [-13.6370],
        [-11.0284],
        [-14.6209],
        [-14.5514],
        [-14.6402],
        [-15.7736],
        [-12.6922],
        [-12.6307],
        [-11.1562],
        [-13.0748],
        [-14.7061],
        [-13.4000],
        [-15.5030],
        [-13.1321],
        [-14.7363],
        [-12.6854],
        [-12.8838],
        [-11.4904],
        [-13.9946],
        [-12.7933],
        [-11.9612],
        [-13.9772],
        [-23.8067],
        [-12.4301],
        [-11.5246],
        [-12.4304],
        [-13.9708],
        [-13.2930],
        [-12.9510],
        [-13.6371],
        [-13.9888],
        [-12.8573],
        [-24.6837],
        [-24.2297],
        [-13.0416],
        [-14.5646],
        [-12.9052],
        [-13.9946],
        [-14.2787],
        [-27.4825],
        [-13.2775],
        [-12.0036],
        [-12.7843],
        [-27.3019],
        [-55.1955],
        [-12.9334],
        [-27.5519],
        [-11.1562],
        [-13.0673],
        [-14.7727],
        [-13.8805],
        [-24.6402],
        [-13.5873],
        [-12.7713]], device='cuda:0')
[Debug] Rewards: tensor([[12.1727],
        [ 9.9019],
        [11.2951],
        [11.4717],
        [14.0777],
        [12.9956],
        [12.5706],
        [11.1015],
        [ 8.0874],
        [11.4490],
        [11.7633],
        [12.1130],
        [11.0361],
        [10.6390],
        [ 9.0392],
        [12.2973],
        [10.9029],
        [10.7718],
        [11.2179],
        [11.5864],
        [ 9.2624],
        [11.1686],
        [13.8505],
        [10.6302],
        [ 6.6824],
        [12.7516],
        [10.3534],
        [12.1037],
        [ 9.8479],
        [11.5178],
        [11.0672],
        [11.5795],
        [10.7933],
        [10.5315],
        [12.5678],
        [ 9.4778],
        [13.2766],
        [12.2355],
        [12.4520],
        [10.8055],
        [10.0884],
        [12.1212],
        [12.1080],
        [12.6583],
        [12.2359],
        [11.4446],
        [ 9.0185],
        [12.7513],
        [ 9.8397],
        [15.4918],
        [11.5840],
        [10.6534],
        [11.3075],
        [11.8729],
        [11.7636],
        [12.5887],
        [11.4919],
        [13.1863],
        [11.9996],
        [11.0427],
        [12.1450],
        [ 9.5032],
        [10.6501],
        [11.8696],
        [10.8929],
        [10.5691],
        [11.3886],
        [10.5085],
        [10.5066],
        [11.0633],
        [12.3830],
        [11.9149],
        [13.5598],
        [13.8461],
        [11.0930],
        [ 9.8551],
        [11.9560],
        [12.2954],
        [10.8241],
        [12.9859],
        [13.1887],
        [12.5443],
        [ 9.6838],
        [11.8375],
        [10.2626],
        [11.0869],
        [12.0211],
        [11.0121],
        [12.2153],
        [11.4584],
        [10.7088],
        [11.8751],
        [11.7014],
        [10.1836],
        [ 8.5132],
        [10.2349],
        [10.7623],
        [11.3746],
        [11.9393],
        [10.7047]], device='cuda:0')
[Debug] Reward mean: 11.3781, std: 1.3172
[Debug] actions_exp max:
0.9997013807296753
min:
-0.9983693957328796
[Debug] actions_exp max:
0.9997013807296753
min:
-0.9983693957328796
[Debug] actions_exp max:
0.9997013807296753
min:
-0.9983693957328796
[Debug] actions_exp max:
0.9997013807296753
min:
-0.9983693957328796
[Debug] actions_exp max:
0.9997013807296753
min:
-0.9983693957328796
[Debug] actions_exp max:
0.9997013807296753
min:
-0.9983693957328796
[Debug] actions_exp max:
0.9997013807296753
min:
-0.9983693957328796
[Debug] actions_exp max:
0.9997013807296753
min:
-0.9983693957328796
[Debug] actions_exp max:
0.9997013807296753
min:
-0.9983693957328796
[Debug] actions_exp max:
0.9997013807296753
min:
-0.9983693957328796
[Debug] actions_exp max:
0.9997013807296753
min:
-0.9983693957328796
[Debug] actions_exp max:
0.9997013807296753
min:
-0.9983693957328796
[Debug] actions_exp max:
0.9997013807296753
min:
-0.9983693957328796
[Debug] actions_exp max:
0.9997013807296753
min:
-0.9983693957328796
[Debug] actions_exp max:
0.9997013807296753
min:
-0.9983693957328796
[Debug] actions_exp max:
0.9997013807296753
min:
-0.9983693957328796
[Debug] actions_exp max:
0.9997013807296753
min:
-0.9983693957328796
[Debug] actions_exp max:
0.9997013807296753
min:
-0.9983693957328796
[Debug] actions_exp max:
0.9997013807296753
min:
-0.9983693957328796
[Debug] actions_exp max:
0.9997013807296753
min:
-0.9983693957328796
[Debug] actions_exp max:
0.9997013807296753
min:
-0.9983693957328796
[Debug] actions_exp max:
0.9997013807296753
min:
-0.9983693957328796
[Debug] actions_exp max:
0.9997013807296753
min:
-0.9983693957328796
[Debug] actions_exp max:
0.9997013807296753
min:
-0.9983693957328796
[Debug] actions_exp max:
0.9997013807296753
min:
-0.9983693957328796
[Debug] actions_exp max:
0.9997013807296753
min:
-0.9983693957328796
[Debug] actions_exp max:
0.9997013807296753
min:
-0.9983693957328796
[Debug] actions_exp max:
0.9997013807296753
min:
-0.9983693957328796
[Debug] actions_exp max:
0.9997013807296753
min:
-0.9983693957328796
[Debug] actions_exp max:
0.9997013807296753
min:
-0.9983693957328796
[Debug] actions_exp max:
0.9997013807296753
min:
-0.9983693957328796
[Debug] actions_exp max:
0.9997013807296753
min:
-0.9983693957328796
[Debug] actions_exp max:
0.9997013807296753
min:
-0.9983693957328796
[Debug] actions_exp max:
0.9997013807296753
min:
-0.9983693957328796
[Debug] actions_exp max:
0.9997013807296753
min:
-0.9983693957328796
[Debug] actions_exp max:
0.9997013807296753
min:
-0.9983693957328796
[Debug] actions_exp max:
0.9997013807296753
min:
-0.9983693957328796
[Debug] actions_exp max:
0.9997013807296753
min:
-0.9983693957328796
[Debug] actions_exp max:
0.9997013807296753
min:
-0.9983693957328796
[Debug] actions_exp max:
0.9997013807296753
min:
-0.9983693957328796
[Debug] actions_exp max:
0.9997013807296753
min:
-0.9983693957328796
[Debug] actions_exp max:
0.9997013807296753
min:
-0.9983693957328796
[Debug] actions_exp max:
0.9997013807296753
min:
-0.9983693957328796
[Debug] actions_exp max:
0.9997013807296753
min:
-0.9983693957328796
[Debug] actions_exp max:
0.9997013807296753
min:
-0.9983693957328796
[Debug] actions_exp max:
0.9997013807296753
min:
-0.9983693957328796
[Debug] actions_exp max:
0.9997013807296753
min:
-0.9983693957328796
[Debug] actions_exp max:
0.9997013807296753
min:
-0.9983693957328796
[Debug] actions_exp max:
0.9997013807296753
min:
-0.9983693957328796
[Debug] actions_exp max:
0.9997013807296753
min:
-0.9983693957328796
Step 501, t=1, state shape: (33,)
RolloutBuffer: _n=100, _p=1, total_size=100
Step 502, t=2, state shape: (33,)
RolloutBuffer: _n=100, _p=2, total_size=100
Step 503, t=3, state shape: (33,)
RolloutBuffer: _n=100, _p=3, total_size=100
Step 504, t=4, state shape: (33,)
RolloutBuffer: _n=100, _p=4, total_size=100
Step 505, t=5, state shape: (33,)
RolloutBuffer: _n=100, _p=5, total_size=100
Step 506, t=6, state shape: (33,)
RolloutBuffer: _n=100, _p=6, total_size=100
Step 507, t=7, state shape: (33,)
RolloutBuffer: _n=100, _p=7, total_size=100
Step 508, t=8, state shape: (33,)
RolloutBuffer: _n=100, _p=8, total_size=100
Step 509, t=9, state shape: (33,)
RolloutBuffer: _n=100, _p=9, total_size=100
Step 510, t=10, state shape: (33,)
RolloutBuffer: _n=100, _p=10, total_size=100
Step 511, t=11, state shape: (33,)
RolloutBuffer: _n=100, _p=11, total_size=100
Step 512, t=12, state shape: (33,)
RolloutBuffer: _n=100, _p=12, total_size=100
Step 513, t=13, state shape: (33,)
RolloutBuffer: _n=100, _p=13, total_size=100
Step 514, t=14, state shape: (33,)
RolloutBuffer: _n=100, _p=14, total_size=100
Step 515, t=15, state shape: (33,)
RolloutBuffer: _n=100, _p=15, total_size=100
Step 516, t=16, state shape: (33,)
RolloutBuffer: _n=100, _p=16, total_size=100
Step 517, t=17, state shape: (33,)
RolloutBuffer: _n=100, _p=17, total_size=100
Step 518, t=18, state shape: (33,)
RolloutBuffer: _n=100, _p=18, total_size=100
Step 519, t=19, state shape: (33,)
RolloutBuffer: _n=100, _p=19, total_size=100
Step 520, t=20, state shape: (33,)
RolloutBuffer: _n=100, _p=20, total_size=100
Step 521, t=21, state shape: (33,)
RolloutBuffer: _n=100, _p=21, total_size=100
Step 522, t=22, state shape: (33,)
RolloutBuffer: _n=100, _p=22, total_size=100
Step 523, t=23, state shape: (33,)
RolloutBuffer: _n=100, _p=23, total_size=100
Step 524, t=24, state shape: (33,)
RolloutBuffer: _n=100, _p=24, total_size=100
Step 525, t=25, state shape: (33,)
RolloutBuffer: _n=100, _p=25, total_size=100
Step 526, t=26, state shape: (33,)
RolloutBuffer: _n=100, _p=26, total_size=100
Step 527, t=27, state shape: (33,)
RolloutBuffer: _n=100, _p=27, total_size=100
Step 528, t=28, state shape: (33,)
RolloutBuffer: _n=100, _p=28, total_size=100
Step 529, t=29, state shape: (33,)
RolloutBuffer: _n=100, _p=29, total_size=100
Step 530, t=30, state shape: (33,)
RolloutBuffer: _n=100, _p=30, total_size=100
Step 531, t=31, state shape: (33,)
RolloutBuffer: _n=100, _p=31, total_size=100
Step 532, t=32, state shape: (33,)
RolloutBuffer: _n=100, _p=32, total_size=100
Step 533, t=33, state shape: (33,)
RolloutBuffer: _n=100, _p=33, total_size=100
Step 534, t=34, state shape: (33,)
RolloutBuffer: _n=100, _p=34, total_size=100
Step 535, t=35, state shape: (33,)
RolloutBuffer: _n=100, _p=35, total_size=100
Step 536, t=36, state shape: (33,)
RolloutBuffer: _n=100, _p=36, total_size=100
Step 537, t=37, state shape: (33,)
RolloutBuffer: _n=100, _p=37, total_size=100
Step 538, t=38, state shape: (33,)
RolloutBuffer: _n=100, _p=38, total_size=100
Step 539, t=39, state shape: (33,)
RolloutBuffer: _n=100, _p=39, total_size=100
Step 540, t=40, state shape: (33,)
RolloutBuffer: _n=100, _p=40, total_size=100
Step 541, t=41, state shape: (33,)
RolloutBuffer: _n=100, _p=41, total_size=100
Step 542, t=42, state shape: (33,)
RolloutBuffer: _n=100, _p=42, total_size=100
Step 543, t=43, state shape: (33,)
RolloutBuffer: _n=100, _p=43, total_size=100
Step 544, t=44, state shape: (33,)
RolloutBuffer: _n=100, _p=44, total_size=100
Step 545, t=45, state shape: (33,)
RolloutBuffer: _n=100, _p=45, total_size=100
Step 546, t=46, state shape: (33,)
RolloutBuffer: _n=100, _p=46, total_size=100
Step 547, t=47, state shape: (33,)
RolloutBuffer: _n=100, _p=47, total_size=100
Step 548, t=48, state shape: (33,)
RolloutBuffer: _n=100, _p=48, total_size=100
Step 549, t=49, state shape: (33,)
RolloutBuffer: _n=100, _p=49, total_size=100
Step 550, t=50, state shape: (33,)
RolloutBuffer: _n=100, _p=50, total_size=100
Step 551, t=51, state shape: (33,)
RolloutBuffer: _n=100, _p=51, total_size=100
Step 552, t=52, state shape: (33,)
RolloutBuffer: _n=100, _p=52, total_size=100
Step 553, t=53, state shape: (33,)
RolloutBuffer: _n=100, _p=53, total_size=100
Step 554, t=54, state shape: (33,)
RolloutBuffer: _n=100, _p=54, total_size=100
Step 555, t=55, state shape: (33,)
RolloutBuffer: _n=100, _p=55, total_size=100
Step 556, t=56, state shape: (33,)
RolloutBuffer: _n=100, _p=56, total_size=100
Step 557, t=57, state shape: (33,)
RolloutBuffer: _n=100, _p=57, total_size=100
Step 558, t=58, state shape: (33,)
RolloutBuffer: _n=100, _p=58, total_size=100
Step 559, t=59, state shape: (33,)
RolloutBuffer: _n=100, _p=59, total_size=100
Step 560, t=60, state shape: (33,)
RolloutBuffer: _n=100, _p=60, total_size=100
Step 561, t=61, state shape: (33,)
RolloutBuffer: _n=100, _p=61, total_size=100
Step 562, t=62, state shape: (33,)
RolloutBuffer: _n=100, _p=62, total_size=100
Step 563, t=63, state shape: (33,)
RolloutBuffer: _n=100, _p=63, total_size=100
Step 564, t=64, state shape: (33,)
RolloutBuffer: _n=100, _p=64, total_size=100
Step 565, t=65, state shape: (33,)
RolloutBuffer: _n=100, _p=65, total_size=100
Step 566, t=66, state shape: (33,)
RolloutBuffer: _n=100, _p=66, total_size=100
Step 567, t=67, state shape: (33,)
RolloutBuffer: _n=100, _p=67, total_size=100
Step 568, t=68, state shape: (33,)
RolloutBuffer: _n=100, _p=68, total_size=100
Step 569, t=69, state shape: (33,)
RolloutBuffer: _n=100, _p=69, total_size=100
Step 570, t=70, state shape: (33,)
RolloutBuffer: _n=100, _p=70, total_size=100
Step 571, t=71, state shape: (33,)
RolloutBuffer: _n=100, _p=71, total_size=100
Step 572, t=72, state shape: (33,)
RolloutBuffer: _n=100, _p=72, total_size=100
Step 573, t=73, state shape: (33,)
RolloutBuffer: _n=100, _p=73, total_size=100
Step 574, t=74, state shape: (33,)
RolloutBuffer: _n=100, _p=74, total_size=100
Step 575, t=75, state shape: (33,)
RolloutBuffer: _n=100, _p=75, total_size=100
Step 576, t=76, state shape: (33,)
RolloutBuffer: _n=100, _p=76, total_size=100
Step 577, t=77, state shape: (33,)
RolloutBuffer: _n=100, _p=77, total_size=100
Step 578, t=78, state shape: (33,)
RolloutBuffer: _n=100, _p=78, total_size=100
Step 579, t=79, state shape: (33,)
RolloutBuffer: _n=100, _p=79, total_size=100
Step 580, t=80, state shape: (33,)
RolloutBuffer: _n=100, _p=80, total_size=100
Step 581, t=81, state shape: (33,)
RolloutBuffer: _n=100, _p=81, total_size=100
Step 582, t=82, state shape: (33,)
RolloutBuffer: _n=100, _p=82, total_size=100
Step 583, t=83, state shape: (33,)
RolloutBuffer: _n=100, _p=83, total_size=100
Step 584, t=84, state shape: (33,)
RolloutBuffer: _n=100, _p=84, total_size=100
Step 585, t=85, state shape: (33,)
RolloutBuffer: _n=100, _p=85, total_size=100
Step 586, t=86, state shape: (33,)
RolloutBuffer: _n=100, _p=86, total_size=100
Step 587, t=87, state shape: (33,)
RolloutBuffer: _n=100, _p=87, total_size=100
Step 588, t=88, state shape: (33,)
RolloutBuffer: _n=100, _p=88, total_size=100
Step 589, t=89, state shape: (33,)
RolloutBuffer: _n=100, _p=89, total_size=100
Step 590, t=90, state shape: (33,)
RolloutBuffer: _n=100, _p=90, total_size=100
Step 591, t=91, state shape: (33,)
RolloutBuffer: _n=100, _p=91, total_size=100
Step 592, t=92, state shape: (33,)
RolloutBuffer: _n=100, _p=92, total_size=100
Step 593, t=93, state shape: (33,)
RolloutBuffer: _n=100, _p=93, total_size=100
Step 594, t=94, state shape: (33,)
RolloutBuffer: _n=100, _p=94, total_size=100
Step 595, t=95, state shape: (33,)
RolloutBuffer: _n=100, _p=95, total_size=100
Step 596, t=96, state shape: (33,)
RolloutBuffer: _n=100, _p=96, total_size=100
Step 597, t=97, state shape: (33,)
RolloutBuffer: _n=100, _p=97, total_size=100
Step 598, t=98, state shape: (33,)
RolloutBuffer: _n=100, _p=98, total_size=100
Step 599, t=99, state shape: (33,)
RolloutBuffer: _n=100, _p=99, total_size=100
Step 600, t=100, state shape: (33,)
RolloutBuffer: _n=100, _p=0, total_size=100
[Debug] Log probabilities of current policy actions: tensor([[-10.9180],
        [-13.0138],
        [-13.3361],
        [-10.8125],
        [-11.0552],
        [-11.8822],
        [-13.1980],
        [-12.4947],
        [-10.7474],
        [ -9.4949],
        [-13.1266],
        [-10.8387],
        [-10.1006],
        [-12.0008],
        [-14.0673],
        [-10.5629],
        [-11.8333],
        [-10.9137],
        [ -9.8404],
        [-10.7577],
        [-10.9137],
        [-11.0552],
        [ -9.8279],
        [-12.6140],
        [-10.9872],
        [-13.4247],
        [-12.2242],
        [-11.7054],
        [-11.0552],
        [-12.9734],
        [-12.5081],
        [-12.0830],
        [-13.1980],
        [-13.1980],
        [-13.3361],
        [-11.3113],
        [-10.1332],
        [-11.6036],
        [-12.1342],
        [-12.1644],
        [-10.9652],
        [-12.9321],
        [-11.3113],
        [-10.7873],
        [-10.5701],
        [-11.6280],
        [-10.7577],
        [-13.6286],
        [-10.1332],
        [-13.6286],
        [ -9.9418],
        [-11.8443],
        [ -9.9418],
        [-11.0848],
        [-13.6286],
        [-15.0872],
        [-10.8461],
        [-12.2091],
        [-10.8125],
        [-10.3131],
        [-10.1006],
        [-13.4247],
        [-12.0245],
        [-12.5081]], device='cuda:0')
[Debug] actions_exp max:
1.0
min:
-1.0000001192092896
[Debug] Log probabilities of expert actions: tensor([[-13.4220],
        [-13.2591],
        [-13.2685],
        [-12.9256],
        [-26.5363],
        [-12.6595],
        [-13.0405],
        [-14.8098],
        [-14.5757],
        [-12.9827],
        [-13.7428],
        [-10.8717],
        [-12.6621],
        [-24.3499],
        [-13.1723],
        [-11.0559],
        [-12.4932],
        [-12.4784],
        [-24.6886],
        [-13.0538],
        [-29.1802],
        [-13.1949],
        [-13.1949],
        [-13.9395],
        [-13.0262],
        [-26.4828],
        [-13.3748],
        [-12.7314],
        [-28.6254],
        [-10.9705],
        [-13.2448],
        [-11.6508],
        [-12.6185],
        [-14.5174],
        [-14.7121],
        [-11.9375],
        [-13.4685],
        [-14.5122],
        [-13.8611],
        [-13.7332],
        [-12.1473],
        [-13.9262],
        [-11.7503],
        [-13.0987],
        [-12.8386],
        [-41.3312],
        [-13.2002],
        [-11.7503],
        [-14.4476],
        [-14.4474],
        [-11.2633],
        [-11.0858],
        [-11.2531],
        [-12.8360],
        [-12.8818],
        [-11.2531],
        [-11.2287],
        [-23.5701],
        [-12.3558],
        [-13.8278],
        [-11.9735],
        [-13.3077],
        [-13.9105],
        [-12.8467]], device='cuda:0')
[Debug] Log probabilities of current policy actions: tensor([[-14.0673],
        [-12.9096],
        [-12.5081],
        [ -9.4949],
        [-11.7301],
        [-15.0872],
        [-11.6493],
        [-11.9403],
        [-15.0872],
        [ -9.4949],
        [-12.9096],
        [-10.5629],
        [-11.5705],
        [-12.2865],
        [-10.2266],
        [-11.7301],
        [-11.6280],
        [-10.3131],
        [-10.9754],
        [-10.8387],
        [-10.7946],
        [-10.3049],
        [-10.8401],
        [-11.6280],
        [-15.0872],
        [-11.5372],
        [-10.7577],
        [ -9.3636],
        [-13.1980],
        [ -8.4826],
        [-11.0552],
        [-10.3049],
        [-14.0673],
        [-10.9137],
        [-10.5701],
        [-10.8401],
        [-12.9096],
        [-10.5701],
        [-11.6852],
        [-10.9872],
        [-11.6493],
        [-11.8822],
        [-14.0673],
        [-12.6140],
        [ -9.4949],
        [-11.9403],
        [-11.8333],
        [-11.6036],
        [-12.7506],
        [-10.7474],
        [-12.8431],
        [-10.5030],
        [-11.2678],
        [-10.0484],
        [-10.5030],
        [-10.0484],
        [-12.0008],
        [-10.1703],
        [-10.5629],
        [-14.0673],
        [-12.0245],
        [-12.2287],
        [-10.9250],
        [-10.9250]], device='cuda:0')
[Debug] actions_exp max:
1.0
min:
-1.0
[Debug] Log probabilities of expert actions: tensor([[-13.5948],
        [-26.0736],
        [-13.9458],
        [-13.4590],
        [-11.2652],
        [-28.7930],
        [-13.6582],
        [-10.8150],
        [-10.8961],
        [-13.4175],
        [-24.8399],
        [-13.2944],
        [-28.8166],
        [-26.8168],
        [-12.6239],
        [-13.6878],
        [-10.9798],
        [-12.3943],
        [-13.2993],
        [-13.5948],
        [-13.2737],
        [-13.9527],
        [-14.0373],
        [-11.2532],
        [-13.7428],
        [-11.1110],
        [-12.9732],
        [-15.3549],
        [-27.7795],
        [-15.3905],
        [-13.4590],
        [-12.3776],
        [-13.9010],
        [-13.1563],
        [-12.7182],
        [-12.7024],
        [-13.3039],
        [-23.5701],
        [-24.3813],
        [-11.4541],
        [-13.7123],
        [-12.9573],
        [-23.9687],
        [-26.2775],
        [-12.5641],
        [-10.9968],
        [-28.6254],
        [-26.8168],
        [-13.8093],
        [-12.8254],
        [-13.2715],
        [-12.7182],
        [-12.3261],
        [-12.4775],
        [-14.5803],
        [-13.3786],
        [-12.3896],
        [-10.9968],
        [-16.5043],
        [-14.8635],
        [-26.3591],
        [-14.3897],
        [-13.2808],
        [-12.3980]], device='cuda:0')
[Debug] Log probabilities of current policy actions: tensor([[-10.1243],
        [-10.5645],
        [-11.6280],
        [-12.7506],
        [-10.5030],
        [-10.1703],
        [-12.2531],
        [-10.7946],
        [ -9.3636],
        [-11.2597],
        [ -9.4949],
        [-12.9734],
        [-15.0872],
        [-12.2865],
        [ -8.4826],
        [-11.6852],
        [-11.6852],
        [ -8.4826],
        [-11.0848],
        [-11.6036],
        [-11.6280],
        [-10.0484],
        [-12.1644],
        [-12.7506],
        [-13.1980],
        [-11.6493],
        [-11.2597],
        [ -9.8404],
        [-13.1947],
        [-11.9635],
        [-10.1703],
        [-12.9321],
        [-11.6036],
        [ -9.8279],
        [-12.9096],
        [-10.7946],
        [ -8.6946],
        [-11.3688],
        [-12.4769],
        [ -8.4826],
        [ -8.6946],
        [-10.7577],
        [-11.3113],
        [-12.5081],
        [-10.1243],
        [-10.9872],
        [-10.9754],
        [ -9.8404],
        [-12.5588],
        [-10.1006],
        [-11.2678],
        [-13.1266],
        [-12.9267],
        [ -9.8279],
        [-10.9754],
        [-10.5518],
        [-10.8461],
        [ -9.4204],
        [-13.1266],
        [-12.2374],
        [-13.1266],
        [-12.0830],
        [-11.0848],
        [ -9.4949]], device='cuda:0')
[Debug] actions_exp max:
1.0000001192092896
min:
-1.0
[Debug] Log probabilities of expert actions: tensor([[-10.8596],
        [-13.6837],
        [-29.1802],
        [-13.6878],
        [-39.1956],
        [-13.7203],
        [-14.4915],
        [-11.7555],
        [-12.4061],
        [-13.7479],
        [-12.6595],
        [-11.8554],
        [-13.0801],
        [-15.0702],
        [-28.3217],
        [-24.3566],
        [-13.0151],
        [-16.4917],
        [-13.1666],
        [-13.0444],
        [-14.8230],
        [-28.8299],
        [-29.2426],
        [-12.6439],
        [-12.6448],
        [-14.6728],
        [-23.4971],
        [-16.5004],
        [-12.3661],
        [-15.5893],
        [-14.4181],
        [-23.9718],
        [-11.0913],
        [-12.9732],
        [-12.5921],
        [-13.2570],
        [-13.9688],
        [-15.3201],
        [-13.4625],
        [-13.8093],
        [-28.7863],
        [-13.3449],
        [-23.2827],
        [-26.0542],
        [-14.1843],
        [-13.9703],
        [-12.4737],
        [-29.1229],
        [-12.1473],
        [-13.2685],
        [-13.6914],
        [-14.2307],
        [-13.3217],
        [-13.2859],
        [-13.6314],
        [-12.3259],
        [-12.8645],
        [-13.9952],
        [-12.6930],
        [-14.5788],
        [-11.4133],
        [-12.5698],
        [-11.7828],
        [-12.8571]], device='cuda:0')
[Debug] Rewards: tensor([[11.9216],
        [11.8211],
        [10.1421],
        [13.5912],
        [10.7268],
        [ 9.8738],
        [10.3036],
        [11.3006],
        [10.7720],
        [12.7407],
        [10.4879],
        [12.0597],
        [10.1857],
        [12.2118],
        [11.5425],
        [11.5700],
        [11.2612],
        [10.7179],
        [11.3690],
        [12.1904],
        [11.3693],
        [10.2626],
        [12.6061],
        [ 9.5942],
        [ 9.9392],
        [10.5584],
        [10.2706],
        [10.8829],
        [10.5224],
        [ 8.2285],
        [ 9.8972],
        [10.6397],
        [10.5561],
        [10.7492],
        [ 9.9385],
        [ 9.5789],
        [10.4494],
        [ 8.5747],
        [11.9540],
        [ 9.7502],
        [12.0973],
        [12.7401],
        [12.1635],
        [12.0803],
        [10.6317],
        [11.7861],
        [11.3620],
        [ 9.7673],
        [ 8.7665],
        [11.8581],
        [ 8.9066],
        [11.1431],
        [11.2712],
        [11.8199],
        [12.1650],
        [11.0584],
        [12.5630],
        [10.0371],
        [11.4785],
        [ 8.5956],
        [14.3324],
        [10.0593],
        [11.2577],
        [ 7.7816],
        [11.0085],
        [ 9.8149],
        [12.2786],
        [11.4813],
        [10.1137],
        [10.6552],
        [11.0186],
        [12.8343],
        [10.4702],
        [10.3720],
        [12.9127],
        [11.0152],
        [11.9555],
        [ 9.0107],
        [ 9.3987],
        [ 9.7924],
        [11.5437],
        [11.5157],
        [10.3091],
        [12.1870],
        [12.6016],
        [10.4245],
        [11.4470],
        [10.4769],
        [11.1293],
        [10.9515],
        [ 8.8799],
        [10.1889],
        [10.0443],
        [11.8364],
        [ 9.5199],
        [12.2716],
        [11.4075],
        [10.6080],
        [ 9.6437],
        [ 9.3927]], device='cuda:0')
[Debug] Reward mean: 10.8935, std: 1.1985
[Debug] actions_exp max:
0.996197521686554
min:
-0.993289053440094
[Debug] actions_exp max:
0.996197521686554
min:
-0.993289053440094
[Debug] actions_exp max:
0.996197521686554
min:
-0.993289053440094
[Debug] actions_exp max:
0.996197521686554
min:
-0.993289053440094
[Debug] actions_exp max:
0.996197521686554
min:
-0.993289053440094
[Debug] actions_exp max:
0.996197521686554
min:
-0.993289053440094
[Debug] actions_exp max:
0.996197521686554
min:
-0.993289053440094
[Debug] actions_exp max:
0.996197521686554
min:
-0.993289053440094
[Debug] actions_exp max:
0.996197521686554
min:
-0.993289053440094
[Debug] actions_exp max:
0.996197521686554
min:
-0.993289053440094
[Debug] actions_exp max:
0.996197521686554
min:
-0.993289053440094
[Debug] actions_exp max:
0.996197521686554
min:
-0.993289053440094
[Debug] actions_exp max:
0.996197521686554
min:
-0.993289053440094
[Debug] actions_exp max:
0.996197521686554
min:
-0.993289053440094
[Debug] actions_exp max:
0.996197521686554
min:
-0.993289053440094
[Debug] actions_exp max:
0.996197521686554
min:
-0.993289053440094
[Debug] actions_exp max:
0.996197521686554
min:
-0.993289053440094
[Debug] actions_exp max:
0.996197521686554
min:
-0.993289053440094
[Debug] actions_exp max:
0.996197521686554
min:
-0.993289053440094
[Debug] actions_exp max:
0.996197521686554
min:
-0.993289053440094
[Debug] actions_exp max:
0.996197521686554
min:
-0.993289053440094
[Debug] actions_exp max:
0.996197521686554
min:
-0.993289053440094
[Debug] actions_exp max:
0.996197521686554
min:
-0.993289053440094
[Debug] actions_exp max:
0.996197521686554
min:
-0.993289053440094
[Debug] actions_exp max:
0.996197521686554
min:
-0.993289053440094
[Debug] actions_exp max:
0.996197521686554
min:
-0.993289053440094
[Debug] actions_exp max:
0.996197521686554
min:
-0.993289053440094
[Debug] actions_exp max:
0.996197521686554
min:
-0.993289053440094
[Debug] actions_exp max:
0.996197521686554
min:
-0.993289053440094
[Debug] actions_exp max:
0.996197521686554
min:
-0.993289053440094
[Debug] actions_exp max:
0.996197521686554
min:
-0.993289053440094
[Debug] actions_exp max:
0.996197521686554
min:
-0.993289053440094
[Debug] actions_exp max:
0.996197521686554
min:
-0.993289053440094
[Debug] actions_exp max:
0.996197521686554
min:
-0.993289053440094
[Debug] actions_exp max:
0.996197521686554
min:
-0.993289053440094
[Debug] actions_exp max:
0.996197521686554
min:
-0.993289053440094
[Debug] actions_exp max:
0.996197521686554
min:
-0.993289053440094
[Debug] actions_exp max:
0.996197521686554
min:
-0.993289053440094
[Debug] actions_exp max:
0.996197521686554
min:
-0.993289053440094
[Debug] actions_exp max:
0.996197521686554
min:
-0.993289053440094
[Debug] actions_exp max:
0.996197521686554
min:
-0.993289053440094
[Debug] actions_exp max:
0.996197521686554
min:
-0.993289053440094
[Debug] actions_exp max:
0.996197521686554
min:
-0.993289053440094
[Debug] actions_exp max:
0.996197521686554
min:
-0.993289053440094
[Debug] actions_exp max:
0.996197521686554
min:
-0.993289053440094
[Debug] actions_exp max:
0.996197521686554
min:
-0.993289053440094
[Debug] actions_exp max:
0.996197521686554
min:
-0.993289053440094
[Debug] actions_exp max:
0.996197521686554
min:
-0.993289053440094
[Debug] actions_exp max:
0.996197521686554
min:
-0.993289053440094
[Debug] actions_exp max:
0.996197521686554
min:
-0.993289053440094
Step 601, t=101, state shape: (33,)
RolloutBuffer: _n=100, _p=1, total_size=100
Step 602, t=102, state shape: (33,)
RolloutBuffer: _n=100, _p=2, total_size=100
Step 603, t=103, state shape: (33,)
RolloutBuffer: _n=100, _p=3, total_size=100
Step 604, t=104, state shape: (33,)
RolloutBuffer: _n=100, _p=4, total_size=100
Step 605, t=105, state shape: (33,)
RolloutBuffer: _n=100, _p=5, total_size=100
Step 606, t=106, state shape: (33,)
RolloutBuffer: _n=100, _p=6, total_size=100
Step 607, t=1, state shape: (33,)
RolloutBuffer: _n=100, _p=7, total_size=100
Step 608, t=2, state shape: (33,)
RolloutBuffer: _n=100, _p=8, total_size=100
Step 609, t=3, state shape: (33,)
RolloutBuffer: _n=100, _p=9, total_size=100
Step 610, t=4, state shape: (33,)
RolloutBuffer: _n=100, _p=10, total_size=100
Step 611, t=5, state shape: (33,)
RolloutBuffer: _n=100, _p=11, total_size=100
Step 612, t=6, state shape: (33,)
RolloutBuffer: _n=100, _p=12, total_size=100
Step 613, t=7, state shape: (33,)
RolloutBuffer: _n=100, _p=13, total_size=100
Step 614, t=8, state shape: (33,)
RolloutBuffer: _n=100, _p=14, total_size=100
Step 615, t=9, state shape: (33,)
RolloutBuffer: _n=100, _p=15, total_size=100
Step 616, t=10, state shape: (33,)
RolloutBuffer: _n=100, _p=16, total_size=100
Step 617, t=11, state shape: (33,)
RolloutBuffer: _n=100, _p=17, total_size=100
Step 618, t=12, state shape: (33,)
RolloutBuffer: _n=100, _p=18, total_size=100
Step 619, t=13, state shape: (33,)
RolloutBuffer: _n=100, _p=19, total_size=100
Step 620, t=14, state shape: (33,)
RolloutBuffer: _n=100, _p=20, total_size=100
Step 621, t=15, state shape: (33,)
RolloutBuffer: _n=100, _p=21, total_size=100
Step 622, t=16, state shape: (33,)
RolloutBuffer: _n=100, _p=22, total_size=100
Step 623, t=17, state shape: (33,)
RolloutBuffer: _n=100, _p=23, total_size=100
Step 624, t=18, state shape: (33,)
RolloutBuffer: _n=100, _p=24, total_size=100
Step 625, t=19, state shape: (33,)
RolloutBuffer: _n=100, _p=25, total_size=100
Step 626, t=20, state shape: (33,)
RolloutBuffer: _n=100, _p=26, total_size=100
Step 627, t=21, state shape: (33,)
RolloutBuffer: _n=100, _p=27, total_size=100
Step 628, t=22, state shape: (33,)
RolloutBuffer: _n=100, _p=28, total_size=100
Step 629, t=23, state shape: (33,)
RolloutBuffer: _n=100, _p=29, total_size=100
Step 630, t=24, state shape: (33,)
RolloutBuffer: _n=100, _p=30, total_size=100
Step 631, t=25, state shape: (33,)
RolloutBuffer: _n=100, _p=31, total_size=100
Step 632, t=26, state shape: (33,)
RolloutBuffer: _n=100, _p=32, total_size=100
Step 633, t=27, state shape: (33,)
RolloutBuffer: _n=100, _p=33, total_size=100
Step 634, t=28, state shape: (33,)
RolloutBuffer: _n=100, _p=34, total_size=100
Step 635, t=29, state shape: (33,)
RolloutBuffer: _n=100, _p=35, total_size=100
Step 636, t=30, state shape: (33,)
RolloutBuffer: _n=100, _p=36, total_size=100
Step 637, t=31, state shape: (33,)
RolloutBuffer: _n=100, _p=37, total_size=100
Step 638, t=32, state shape: (33,)
RolloutBuffer: _n=100, _p=38, total_size=100
Step 639, t=33, state shape: (33,)
RolloutBuffer: _n=100, _p=39, total_size=100
Step 640, t=34, state shape: (33,)
RolloutBuffer: _n=100, _p=40, total_size=100
Step 641, t=35, state shape: (33,)
RolloutBuffer: _n=100, _p=41, total_size=100
Step 642, t=36, state shape: (33,)
RolloutBuffer: _n=100, _p=42, total_size=100
Step 643, t=37, state shape: (33,)
RolloutBuffer: _n=100, _p=43, total_size=100
Step 644, t=38, state shape: (33,)
RolloutBuffer: _n=100, _p=44, total_size=100
Step 645, t=39, state shape: (33,)
RolloutBuffer: _n=100, _p=45, total_size=100
Step 646, t=40, state shape: (33,)
RolloutBuffer: _n=100, _p=46, total_size=100
Step 647, t=41, state shape: (33,)
RolloutBuffer: _n=100, _p=47, total_size=100
Step 648, t=42, state shape: (33,)
RolloutBuffer: _n=100, _p=48, total_size=100
Step 649, t=43, state shape: (33,)
RolloutBuffer: _n=100, _p=49, total_size=100
Step 650, t=44, state shape: (33,)
RolloutBuffer: _n=100, _p=50, total_size=100
Step 651, t=45, state shape: (33,)
RolloutBuffer: _n=100, _p=51, total_size=100
Step 652, t=46, state shape: (33,)
RolloutBuffer: _n=100, _p=52, total_size=100
Step 653, t=47, state shape: (33,)
RolloutBuffer: _n=100, _p=53, total_size=100
Step 654, t=48, state shape: (33,)
RolloutBuffer: _n=100, _p=54, total_size=100
Step 655, t=49, state shape: (33,)
RolloutBuffer: _n=100, _p=55, total_size=100
Step 656, t=50, state shape: (33,)
RolloutBuffer: _n=100, _p=56, total_size=100
Step 657, t=51, state shape: (33,)
RolloutBuffer: _n=100, _p=57, total_size=100
Step 658, t=52, state shape: (33,)
RolloutBuffer: _n=100, _p=58, total_size=100
Step 659, t=53, state shape: (33,)
RolloutBuffer: _n=100, _p=59, total_size=100
Step 660, t=54, state shape: (33,)
RolloutBuffer: _n=100, _p=60, total_size=100
Step 661, t=55, state shape: (33,)
RolloutBuffer: _n=100, _p=61, total_size=100
Step 662, t=56, state shape: (33,)
RolloutBuffer: _n=100, _p=62, total_size=100
Step 663, t=57, state shape: (33,)
RolloutBuffer: _n=100, _p=63, total_size=100
Step 664, t=58, state shape: (33,)
RolloutBuffer: _n=100, _p=64, total_size=100
Step 665, t=59, state shape: (33,)
RolloutBuffer: _n=100, _p=65, total_size=100
Step 666, t=60, state shape: (33,)
RolloutBuffer: _n=100, _p=66, total_size=100
Step 667, t=61, state shape: (33,)
RolloutBuffer: _n=100, _p=67, total_size=100
Step 668, t=62, state shape: (33,)
RolloutBuffer: _n=100, _p=68, total_size=100
Step 669, t=63, state shape: (33,)
RolloutBuffer: _n=100, _p=69, total_size=100
Step 670, t=64, state shape: (33,)
RolloutBuffer: _n=100, _p=70, total_size=100
Step 671, t=65, state shape: (33,)
RolloutBuffer: _n=100, _p=71, total_size=100
Step 672, t=66, state shape: (33,)
RolloutBuffer: _n=100, _p=72, total_size=100
Step 673, t=67, state shape: (33,)
RolloutBuffer: _n=100, _p=73, total_size=100
Step 674, t=68, state shape: (33,)
RolloutBuffer: _n=100, _p=74, total_size=100
Step 675, t=69, state shape: (33,)
RolloutBuffer: _n=100, _p=75, total_size=100
Step 676, t=70, state shape: (33,)
RolloutBuffer: _n=100, _p=76, total_size=100
Step 677, t=71, state shape: (33,)
RolloutBuffer: _n=100, _p=77, total_size=100
Step 678, t=72, state shape: (33,)
RolloutBuffer: _n=100, _p=78, total_size=100
Step 679, t=73, state shape: (33,)
RolloutBuffer: _n=100, _p=79, total_size=100
Step 680, t=74, state shape: (33,)
RolloutBuffer: _n=100, _p=80, total_size=100
Step 681, t=75, state shape: (33,)
RolloutBuffer: _n=100, _p=81, total_size=100
Step 682, t=76, state shape: (33,)
RolloutBuffer: _n=100, _p=82, total_size=100
Step 683, t=77, state shape: (33,)
RolloutBuffer: _n=100, _p=83, total_size=100
Step 684, t=78, state shape: (33,)
RolloutBuffer: _n=100, _p=84, total_size=100
Step 685, t=1, state shape: (33,)
RolloutBuffer: _n=100, _p=85, total_size=100
Step 686, t=2, state shape: (33,)
RolloutBuffer: _n=100, _p=86, total_size=100
Step 687, t=3, state shape: (33,)
RolloutBuffer: _n=100, _p=87, total_size=100
Step 688, t=4, state shape: (33,)
RolloutBuffer: _n=100, _p=88, total_size=100
Step 689, t=5, state shape: (33,)
RolloutBuffer: _n=100, _p=89, total_size=100
Step 690, t=6, state shape: (33,)
RolloutBuffer: _n=100, _p=90, total_size=100
Step 691, t=7, state shape: (33,)
RolloutBuffer: _n=100, _p=91, total_size=100
Step 692, t=8, state shape: (33,)
RolloutBuffer: _n=100, _p=92, total_size=100
Step 693, t=9, state shape: (33,)
RolloutBuffer: _n=100, _p=93, total_size=100
Step 694, t=10, state shape: (33,)
RolloutBuffer: _n=100, _p=94, total_size=100
Step 695, t=11, state shape: (33,)
RolloutBuffer: _n=100, _p=95, total_size=100
Step 696, t=12, state shape: (33,)
RolloutBuffer: _n=100, _p=96, total_size=100
Step 697, t=13, state shape: (33,)
RolloutBuffer: _n=100, _p=97, total_size=100
Step 698, t=14, state shape: (33,)
RolloutBuffer: _n=100, _p=98, total_size=100
Step 699, t=15, state shape: (33,)
RolloutBuffer: _n=100, _p=99, total_size=100
Step 700, t=16, state shape: (33,)
RolloutBuffer: _n=100, _p=0, total_size=100
[Debug] Log probabilities of current policy actions: tensor([[-12.1175],
        [-13.4311],
        [-12.0542],
        [-12.7526],
        [-12.5119],
        [-10.4477],
        [ -9.9112],
        [ -9.5292],
        [-10.9495],
        [-12.1175],
        [ -9.8001],
        [-11.8846],
        [-13.4849],
        [-10.1318],
        [-12.0542],
        [-13.2478],
        [-12.7526],
        [-11.0928],
        [-10.4331],
        [-10.7985],
        [-11.5001],
        [-11.8295],
        [-10.7985],
        [ -9.1076],
        [-13.5517],
        [ -9.7737],
        [-12.1175],
        [ -9.8862],
        [-11.9354],
        [-10.3427],
        [-12.3651],
        [ -9.3052],
        [-13.0306],
        [-11.3318],
        [-13.0667],
        [-10.5306],
        [-10.9356],
        [-10.4331],
        [ -9.1076],
        [-12.6494],
        [-11.1261],
        [-11.9357],
        [-11.0028],
        [-13.5517],
        [-11.8828],
        [-12.1482],
        [ -8.9987],
        [-11.0928],
        [-12.5119],
        [-11.8828],
        [-11.8828],
        [-10.6837],
        [-11.0028],
        [-12.6891],
        [-11.3318],
        [ -9.8502],
        [-13.0667],
        [-10.4477],
        [-12.6891],
        [-12.3269],
        [-13.0042],
        [-11.8831],
        [ -8.7841],
        [-11.0928]], device='cuda:0')
[Debug] actions_exp max:
1.0
min:
-1.0000001192092896
[Debug] Log probabilities of expert actions: tensor([[-13.0818],
        [-13.9371],
        [-26.9323],
        [-11.4599],
        [-12.2415],
        [-13.9368],
        [-12.6063],
        [-12.7451],
        [-12.2740],
        [-22.8735],
        [-14.7930],
        [-13.3820],
        [-11.0784],
        [-26.3282],
        [-13.4457],
        [-13.5279],
        [-23.4052],
        [-13.2374],
        [-12.8321],
        [-41.9920],
        [-14.5344],
        [-13.9187],
        [-13.9226],
        [-57.2789],
        [-13.7462],
        [-13.9226],
        [-12.4606],
        [-12.1603],
        [-12.1845],
        [-11.1533],
        [-14.7787],
        [-13.9497],
        [-24.4997],
        [-14.6830],
        [-26.6013],
        [-28.4679],
        [-24.4997],
        [-14.5270],
        [-12.4127],
        [-11.1746],
        [-12.3348],
        [-28.6600],
        [-13.7002],
        [-13.9467],
        [-15.3623],
        [-11.0207],
        [-11.9542],
        [-11.0784],
        [-12.4027],
        [-13.8668],
        [-14.6926],
        [-14.1749],
        [-28.6551],
        [-29.3788],
        [-13.1546],
        [-12.6829],
        [-12.8049],
        [-13.9928],
        [-14.6797],
        [-12.8456],
        [-12.5487],
        [-13.6807],
        [-13.8157],
        [-12.4452]], device='cuda:0')
[Debug] Log probabilities of current policy actions: tensor([[-11.4735],
        [-12.5119],
        [-11.7210],
        [ -9.6920],
        [-10.4331],
        [-12.3651],
        [ -9.8502],
        [-11.1114],
        [-11.7210],
        [-10.4978],
        [ -9.1430],
        [-12.9640],
        [-11.0327],
        [-13.0042],
        [ -9.3052],
        [-10.5136],
        [-11.4735],
        [ -9.2238],
        [-13.0411],
        [-10.8490],
        [-10.4331],
        [-11.0471],
        [-10.6496],
        [-11.1114],
        [ -9.5292],
        [-12.3651],
        [-11.5001],
        [-10.4331],
        [-11.0928],
        [ -9.2238],
        [-10.3291],
        [-10.8490],
        [-10.8490],
        [ -9.1430],
        [-12.6494],
        [ -9.8862],
        [ -9.5292],
        [-10.5306],
        [-13.0667],
        [-10.1621],
        [-10.9495],
        [-11.9357],
        [-11.8828],
        [-10.9354],
        [ -9.5292],
        [-11.4979],
        [-11.0327],
        [ -9.7737],
        [ -9.8502],
        [-11.8828],
        [-11.0506],
        [-13.2348],
        [ -9.3052],
        [-11.8828],
        [ -9.3052],
        [-12.6891],
        [-12.6891],
        [-13.5517],
        [-11.0327],
        [ -9.2238],
        [-12.2335],
        [-10.9495],
        [-11.2302],
        [-11.4735]], device='cuda:0')
[Debug] actions_exp max:
1.0000001192092896
min:
-1.0
[Debug] Log probabilities of expert actions: tensor([[-14.2745],
        [-13.9368],
        [-12.8218],
        [-12.5063],
        [-13.9706],
        [-12.3901],
        [-12.5173],
        [-36.9721],
        [-28.6303],
        [-12.2506],
        [-13.4242],
        [-13.5573],
        [-13.3776],
        [-12.5063],
        [-12.6051],
        [-12.7501],
        [-14.0960],
        [-28.6486],
        [-12.5863],
        [-12.5285],
        [-12.9744],
        [-14.5978],
        [-12.9865],
        [-12.3291],
        [-15.0070],
        [-13.9035],
        [-12.6283],
        [-10.8335],
        [-24.3802],
        [-23.4052],
        [-14.5288],
        [-24.8410],
        [-11.4141],
        [-28.6148],
        [-28.7606],
        [-42.1081],
        [-12.9811],
        [-14.7001],
        [-11.8242],
        [-12.2863],
        [-23.1131],
        [-15.0689],
        [-26.8462],
        [-12.0033],
        [-23.1694],
        [-12.2900],
        [-11.8657],
        [-13.6807],
        [-12.5642],
        [-11.8200],
        [-26.8104],
        [-11.4750],
        [-11.8310],
        [-13.9542],
        [-12.4135],
        [-11.2689],
        [-11.4879],
        [-13.3380],
        [-15.0658],
        [-13.5538],
        [-13.5667],
        [-23.3931],
        [-14.0022],
        [-12.3556]], device='cuda:0')
[Debug] Log probabilities of current policy actions: tensor([[-10.9894],
        [-10.6837],
        [ -9.8862],
        [-11.2302],
        [ -9.6920],
        [-11.1261],
        [ -9.9112],
        [-10.9354],
        [-13.0042],
        [-10.3427],
        [-13.4849],
        [-11.0028],
        [-10.4698],
        [-12.1482],
        [-10.5136],
        [-10.4331],
        [-10.1318],
        [-11.8846],
        [-12.8704],
        [ -9.7568],
        [-11.0928],
        [ -8.7841],
        [-12.9640],
        [-12.1802],
        [-11.0506],
        [-12.7526],
        [-11.9357],
        [-11.8831],
        [-10.9894],
        [-12.5119],
        [-11.9357],
        [ -9.1430],
        [-10.4978],
        [-10.5412],
        [-12.3433],
        [-11.6648],
        [-12.7526],
        [-13.0411],
        [-12.3269],
        [-13.4849],
        [-11.1114],
        [-12.8704],
        [-13.2478],
        [ -9.8862],
        [-13.2672],
        [-12.1175],
        [ -9.9112],
        [-10.1318],
        [-13.0042],
        [-13.4311],
        [-12.5119],
        [-12.1883],
        [-10.9495],
        [-10.4477],
        [-10.1621],
        [-11.1134],
        [-13.4849],
        [-13.2039],
        [-12.3269],
        [-13.0411],
        [-11.6774],
        [ -9.5292],
        [ -9.5951],
        [-10.9356]], device='cuda:0')
[Debug] actions_exp max:
1.0000001192092896
min:
-1.0000001192092896
[Debug] Log probabilities of expert actions: tensor([[-12.5285],
        [-12.8124],
        [-14.6823],
        [-10.8533],
        [-10.6415],
        [-13.8961],
        [-12.6660],
        [-11.7531],
        [-16.7026],
        [-28.6565],
        [-26.2410],
        [-12.5257],
        [-13.4166],
        [-11.9719],
        [-11.2221],
        [-29.3920],
        [-13.5584],
        [-11.4437],
        [-28.6959],
        [-12.7885],
        [-13.5752],
        [-12.5231],
        [-28.6303],
        [-26.8462],
        [-13.8771],
        [-14.6266],
        [-12.3053],
        [-26.3991],
        [-27.0605],
        [-10.6494],
        [-23.4183],
        [-13.2802],
        [-10.7863],
        [-13.6236],
        [-27.1027],
        [-12.2819],
        [-12.5293],
        [-12.5078],
        [-13.9202],
        [-14.3894],
        [-22.9932],
        [-12.3910],
        [-15.3199],
        [-12.5242],
        [-12.5629],
        [-23.5831],
        [-12.3227],
        [-12.7809],
        [-13.2708],
        [-13.0614],
        [-26.2582],
        [-15.7588],
        [-12.7451],
        [-12.8195],
        [-11.9074],
        [-12.5205],
        [-11.0501],
        [-13.2783],
        [-39.4415],
        [-10.8169],
        [-15.3380],
        [-23.1172],
        [-26.3920],
        [-11.3803]], device='cuda:0')
[Debug] Rewards: tensor([[12.0464],
        [11.9675],
        [10.0906],
        [ 9.2705],
        [11.0584],
        [12.5646],
        [ 9.9650],
        [11.8346],
        [12.7327],
        [ 9.9326],
        [ 8.2487],
        [ 8.3377],
        [10.0501],
        [12.7324],
        [10.6372],
        [10.1975],
        [10.4733],
        [12.2746],
        [ 9.3729],
        [ 8.7768],
        [10.9370],
        [10.8353],
        [13.0504],
        [ 9.3379],
        [ 8.6852],
        [10.1880],
        [12.3123],
        [13.1145],
        [10.1443],
        [11.9207],
        [10.3485],
        [11.3978],
        [11.7983],
        [11.1513],
        [ 9.4092],
        [11.2480],
        [ 9.7955],
        [ 9.6560],
        [12.4041],
        [12.3011],
        [11.4494],
        [10.0509],
        [10.5634],
        [ 8.7829],
        [ 7.6507],
        [ 6.7039],
        [ 9.5008],
        [ 8.5059],
        [ 9.0483],
        [10.8932],
        [10.5185],
        [12.0666],
        [10.3179],
        [12.8967],
        [11.8510],
        [ 9.4286],
        [ 8.7912],
        [11.6238],
        [11.5781],
        [10.4871],
        [10.1816],
        [12.6113],
        [10.8110],
        [ 8.9480],
        [11.5405],
        [11.2675],
        [12.3965],
        [10.1672],
        [10.1455],
        [ 9.9372],
        [11.6915],
        [12.0438],
        [ 8.7864],
        [ 9.9336],
        [ 9.1467],
        [ 9.9229],
        [10.6070],
        [13.2430],
        [11.8132],
        [11.8305],
        [11.5697],
        [13.2213],
        [ 9.0690],
        [10.7308],
        [10.5533],
        [12.6907],
        [12.7325],
        [11.4596],
        [11.7840],
        [ 7.9992],
        [10.5141],
        [10.3046],
        [11.8439],
        [10.4602],
        [10.3901],
        [11.3381],
        [11.1181],
        [10.6867],
        [ 9.5885],
        [11.8854]], device='cuda:0')
[Debug] Reward mean: 10.7227, std: 1.3880
[Debug] actions_exp max:
0.9991499781608582
min:
-0.9981104731559753
[Debug] actions_exp max:
0.9991499781608582
min:
-0.9981104731559753
[Debug] actions_exp max:
0.9991499781608582
min:
-0.9981104731559753
[Debug] actions_exp max:
0.9991499781608582
min:
-0.9981104731559753
[Debug] actions_exp max:
0.9991499781608582
min:
-0.9981104731559753
[Debug] actions_exp max:
0.9991499781608582
min:
-0.9981104731559753
[Debug] actions_exp max:
0.9991499781608582
min:
-0.9981104731559753
[Debug] actions_exp max:
0.9991499781608582
min:
-0.9981104731559753
[Debug] actions_exp max:
0.9991499781608582
min:
-0.9981104731559753
[Debug] actions_exp max:
0.9991499781608582
min:
-0.9981104731559753
[Debug] actions_exp max:
0.9991499781608582
min:
-0.9981104731559753
[Debug] actions_exp max:
0.9991499781608582
min:
-0.9981104731559753
[Debug] actions_exp max:
0.9991499781608582
min:
-0.9981104731559753
[Debug] actions_exp max:
0.9991499781608582
min:
-0.9981104731559753
[Debug] actions_exp max:
0.9991499781608582
min:
-0.9981104731559753
[Debug] actions_exp max:
0.9991499781608582
min:
-0.9981104731559753
[Debug] actions_exp max:
0.9991499781608582
min:
-0.9981104731559753
[Debug] actions_exp max:
0.9991499781608582
min:
-0.9981104731559753
[Debug] actions_exp max:
0.9991499781608582
min:
-0.9981104731559753
[Debug] actions_exp max:
0.9991499781608582
min:
-0.9981104731559753
[Debug] actions_exp max:
0.9991499781608582
min:
-0.9981104731559753
[Debug] actions_exp max:
0.9991499781608582
min:
-0.9981104731559753
[Debug] actions_exp max:
0.9991499781608582
min:
-0.9981104731559753
[Debug] actions_exp max:
0.9991499781608582
min:
-0.9981104731559753
[Debug] actions_exp max:
0.9991499781608582
min:
-0.9981104731559753
[Debug] actions_exp max:
0.9991499781608582
min:
-0.9981104731559753
[Debug] actions_exp max:
0.9991499781608582
min:
-0.9981104731559753
[Debug] actions_exp max:
0.9991499781608582
min:
-0.9981104731559753
[Debug] actions_exp max:
0.9991499781608582
min:
-0.9981104731559753
[Debug] actions_exp max:
0.9991499781608582
min:
-0.9981104731559753
[Debug] actions_exp max:
0.9991499781608582
min:
-0.9981104731559753
[Debug] actions_exp max:
0.9991499781608582
min:
-0.9981104731559753
[Debug] actions_exp max:
0.9991499781608582
min:
-0.9981104731559753
[Debug] actions_exp max:
0.9991499781608582
min:
-0.9981104731559753
[Debug] actions_exp max:
0.9991499781608582
min:
-0.9981104731559753
[Debug] actions_exp max:
0.9991499781608582
min:
-0.9981104731559753
[Debug] actions_exp max:
0.9991499781608582
min:
-0.9981104731559753
[Debug] actions_exp max:
0.9991499781608582
min:
-0.9981104731559753
[Debug] actions_exp max:
0.9991499781608582
min:
-0.9981104731559753
[Debug] actions_exp max:
0.9991499781608582
min:
-0.9981104731559753
[Debug] actions_exp max:
0.9991499781608582
min:
-0.9981104731559753
[Debug] actions_exp max:
0.9991499781608582
min:
-0.9981104731559753
[Debug] actions_exp max:
0.9991499781608582
min:
-0.9981104731559753
[Debug] actions_exp max:
0.9991499781608582
min:
-0.9981104731559753
[Debug] actions_exp max:
0.9991499781608582
min:
-0.9981104731559753
[Debug] actions_exp max:
0.9991499781608582
min:
-0.9981104731559753
[Debug] actions_exp max:
0.9991499781608582
min:
-0.9981104731559753
[Debug] actions_exp max:
0.9991499781608582
min:
-0.9981104731559753
[Debug] actions_exp max:
0.9991499781608582
min:
-0.9981104731559753
[Debug] actions_exp max:
0.9991499781608582
min:
-0.9981104731559753
Step 701, t=17, state shape: (33,)
RolloutBuffer: _n=100, _p=1, total_size=100
Step 702, t=18, state shape: (33,)
RolloutBuffer: _n=100, _p=2, total_size=100
Step 703, t=19, state shape: (33,)
RolloutBuffer: _n=100, _p=3, total_size=100
Step 704, t=20, state shape: (33,)
RolloutBuffer: _n=100, _p=4, total_size=100
Step 705, t=21, state shape: (33,)
RolloutBuffer: _n=100, _p=5, total_size=100
Step 706, t=22, state shape: (33,)
RolloutBuffer: _n=100, _p=6, total_size=100
Step 707, t=23, state shape: (33,)
RolloutBuffer: _n=100, _p=7, total_size=100
Step 708, t=24, state shape: (33,)
RolloutBuffer: _n=100, _p=8, total_size=100
Step 709, t=25, state shape: (33,)
RolloutBuffer: _n=100, _p=9, total_size=100
Step 710, t=26, state shape: (33,)
RolloutBuffer: _n=100, _p=10, total_size=100
Step 711, t=27, state shape: (33,)
RolloutBuffer: _n=100, _p=11, total_size=100
Step 712, t=28, state shape: (33,)
RolloutBuffer: _n=100, _p=12, total_size=100
Step 713, t=29, state shape: (33,)
RolloutBuffer: _n=100, _p=13, total_size=100
Step 714, t=30, state shape: (33,)
RolloutBuffer: _n=100, _p=14, total_size=100
Step 715, t=31, state shape: (33,)
RolloutBuffer: _n=100, _p=15, total_size=100
Step 716, t=32, state shape: (33,)
RolloutBuffer: _n=100, _p=16, total_size=100
Step 717, t=33, state shape: (33,)
RolloutBuffer: _n=100, _p=17, total_size=100
Step 718, t=34, state shape: (33,)
RolloutBuffer: _n=100, _p=18, total_size=100
Step 719, t=35, state shape: (33,)
RolloutBuffer: _n=100, _p=19, total_size=100
Step 720, t=36, state shape: (33,)
RolloutBuffer: _n=100, _p=20, total_size=100
Step 721, t=37, state shape: (33,)
RolloutBuffer: _n=100, _p=21, total_size=100
Step 722, t=38, state shape: (33,)
RolloutBuffer: _n=100, _p=22, total_size=100
Step 723, t=39, state shape: (33,)
RolloutBuffer: _n=100, _p=23, total_size=100
Step 724, t=40, state shape: (33,)
RolloutBuffer: _n=100, _p=24, total_size=100
Step 725, t=41, state shape: (33,)
RolloutBuffer: _n=100, _p=25, total_size=100
Step 726, t=42, state shape: (33,)
RolloutBuffer: _n=100, _p=26, total_size=100
Step 727, t=43, state shape: (33,)
RolloutBuffer: _n=100, _p=27, total_size=100
Step 728, t=44, state shape: (33,)
RolloutBuffer: _n=100, _p=28, total_size=100
Step 729, t=45, state shape: (33,)
RolloutBuffer: _n=100, _p=29, total_size=100
Step 730, t=1, state shape: (33,)
RolloutBuffer: _n=100, _p=30, total_size=100
Step 731, t=2, state shape: (33,)
RolloutBuffer: _n=100, _p=31, total_size=100
Step 732, t=3, state shape: (33,)
RolloutBuffer: _n=100, _p=32, total_size=100
Step 733, t=4, state shape: (33,)
RolloutBuffer: _n=100, _p=33, total_size=100
Step 734, t=5, state shape: (33,)
RolloutBuffer: _n=100, _p=34, total_size=100
Step 735, t=6, state shape: (33,)
RolloutBuffer: _n=100, _p=35, total_size=100
Step 736, t=7, state shape: (33,)
RolloutBuffer: _n=100, _p=36, total_size=100
Step 737, t=8, state shape: (33,)
RolloutBuffer: _n=100, _p=37, total_size=100
Step 738, t=9, state shape: (33,)
RolloutBuffer: _n=100, _p=38, total_size=100
Step 739, t=10, state shape: (33,)
RolloutBuffer: _n=100, _p=39, total_size=100
Step 740, t=11, state shape: (33,)
RolloutBuffer: _n=100, _p=40, total_size=100
Step 741, t=12, state shape: (33,)
RolloutBuffer: _n=100, _p=41, total_size=100
Step 742, t=13, state shape: (33,)
RolloutBuffer: _n=100, _p=42, total_size=100
Step 743, t=14, state shape: (33,)
RolloutBuffer: _n=100, _p=43, total_size=100
Step 744, t=15, state shape: (33,)
RolloutBuffer: _n=100, _p=44, total_size=100
Step 745, t=16, state shape: (33,)
RolloutBuffer: _n=100, _p=45, total_size=100
Step 746, t=17, state shape: (33,)
RolloutBuffer: _n=100, _p=46, total_size=100
Step 747, t=18, state shape: (33,)
RolloutBuffer: _n=100, _p=47, total_size=100
Step 748, t=19, state shape: (33,)
RolloutBuffer: _n=100, _p=48, total_size=100
Step 749, t=20, state shape: (33,)
RolloutBuffer: _n=100, _p=49, total_size=100
Step 750, t=21, state shape: (33,)
RolloutBuffer: _n=100, _p=50, total_size=100
Step 751, t=22, state shape: (33,)
RolloutBuffer: _n=100, _p=51, total_size=100
Step 752, t=23, state shape: (33,)
RolloutBuffer: _n=100, _p=52, total_size=100
Step 753, t=24, state shape: (33,)
RolloutBuffer: _n=100, _p=53, total_size=100
Step 754, t=25, state shape: (33,)
RolloutBuffer: _n=100, _p=54, total_size=100
Step 755, t=26, state shape: (33,)
RolloutBuffer: _n=100, _p=55, total_size=100
Step 756, t=27, state shape: (33,)
RolloutBuffer: _n=100, _p=56, total_size=100
Step 757, t=28, state shape: (33,)
RolloutBuffer: _n=100, _p=57, total_size=100
Step 758, t=29, state shape: (33,)
RolloutBuffer: _n=100, _p=58, total_size=100
Step 759, t=30, state shape: (33,)
RolloutBuffer: _n=100, _p=59, total_size=100
Step 760, t=31, state shape: (33,)
RolloutBuffer: _n=100, _p=60, total_size=100
Step 761, t=32, state shape: (33,)
RolloutBuffer: _n=100, _p=61, total_size=100
Step 762, t=33, state shape: (33,)
RolloutBuffer: _n=100, _p=62, total_size=100
Step 763, t=34, state shape: (33,)
RolloutBuffer: _n=100, _p=63, total_size=100
Step 764, t=35, state shape: (33,)
RolloutBuffer: _n=100, _p=64, total_size=100
Step 765, t=36, state shape: (33,)
RolloutBuffer: _n=100, _p=65, total_size=100
Step 766, t=37, state shape: (33,)
RolloutBuffer: _n=100, _p=66, total_size=100
Step 767, t=38, state shape: (33,)
RolloutBuffer: _n=100, _p=67, total_size=100
Step 768, t=39, state shape: (33,)
RolloutBuffer: _n=100, _p=68, total_size=100
Step 769, t=40, state shape: (33,)
RolloutBuffer: _n=100, _p=69, total_size=100
Step 770, t=41, state shape: (33,)
RolloutBuffer: _n=100, _p=70, total_size=100
Step 771, t=42, state shape: (33,)
RolloutBuffer: _n=100, _p=71, total_size=100
Step 772, t=43, state shape: (33,)
RolloutBuffer: _n=100, _p=72, total_size=100
Step 773, t=44, state shape: (33,)
RolloutBuffer: _n=100, _p=73, total_size=100
Step 774, t=45, state shape: (33,)
RolloutBuffer: _n=100, _p=74, total_size=100
Step 775, t=46, state shape: (33,)
RolloutBuffer: _n=100, _p=75, total_size=100
Step 776, t=47, state shape: (33,)
RolloutBuffer: _n=100, _p=76, total_size=100
Step 777, t=48, state shape: (33,)
RolloutBuffer: _n=100, _p=77, total_size=100
Step 778, t=49, state shape: (33,)
RolloutBuffer: _n=100, _p=78, total_size=100
Step 779, t=50, state shape: (33,)
RolloutBuffer: _n=100, _p=79, total_size=100
Step 780, t=51, state shape: (33,)
RolloutBuffer: _n=100, _p=80, total_size=100
Step 781, t=52, state shape: (33,)
RolloutBuffer: _n=100, _p=81, total_size=100
Step 782, t=53, state shape: (33,)
RolloutBuffer: _n=100, _p=82, total_size=100
Step 783, t=1, state shape: (33,)
RolloutBuffer: _n=100, _p=83, total_size=100
Step 784, t=2, state shape: (33,)
RolloutBuffer: _n=100, _p=84, total_size=100
Step 785, t=3, state shape: (33,)
RolloutBuffer: _n=100, _p=85, total_size=100
Step 786, t=4, state shape: (33,)
RolloutBuffer: _n=100, _p=86, total_size=100
Step 787, t=5, state shape: (33,)
RolloutBuffer: _n=100, _p=87, total_size=100
Step 788, t=6, state shape: (33,)
RolloutBuffer: _n=100, _p=88, total_size=100
Step 789, t=7, state shape: (33,)
RolloutBuffer: _n=100, _p=89, total_size=100
Step 790, t=8, state shape: (33,)
RolloutBuffer: _n=100, _p=90, total_size=100
Step 791, t=9, state shape: (33,)
RolloutBuffer: _n=100, _p=91, total_size=100
Step 792, t=10, state shape: (33,)
RolloutBuffer: _n=100, _p=92, total_size=100
Step 793, t=11, state shape: (33,)
RolloutBuffer: _n=100, _p=93, total_size=100
Step 794, t=12, state shape: (33,)
RolloutBuffer: _n=100, _p=94, total_size=100
Step 795, t=13, state shape: (33,)
RolloutBuffer: _n=100, _p=95, total_size=100
Step 796, t=14, state shape: (33,)
RolloutBuffer: _n=100, _p=96, total_size=100
Step 797, t=15, state shape: (33,)
RolloutBuffer: _n=100, _p=97, total_size=100
Step 798, t=16, state shape: (33,)
RolloutBuffer: _n=100, _p=98, total_size=100
Step 799, t=17, state shape: (33,)
RolloutBuffer: _n=100, _p=99, total_size=100
Step 800, t=18, state shape: (33,)
RolloutBuffer: _n=100, _p=0, total_size=100
[Debug] Log probabilities of current policy actions: tensor([[ -7.8748],
        [ -8.3567],
        [-11.5181],
        [-11.9447],
        [-11.1442],
        [-11.7954],
        [-12.5017],
        [-10.7344],
        [-12.5877],
        [-12.8310],
        [-10.6429],
        [-12.4452],
        [-12.1046],
        [ -9.5108],
        [ -8.7920],
        [-10.3302],
        [-11.9605],
        [-10.9611],
        [-12.1046],
        [-12.8032],
        [-12.1940],
        [-10.7344],
        [-11.6334],
        [-10.4809],
        [-11.6334],
        [-12.3463],
        [-11.8536],
        [-13.8799],
        [-11.2004],
        [-12.1046],
        [-12.2273],
        [-11.8536],
        [-10.3302],
        [-11.5181],
        [-11.4587],
        [ -9.5108],
        [-14.6281],
        [-10.6429],
        [-12.5752],
        [-12.5401],
        [-13.1855],
        [-11.6985],
        [-11.4587],
        [-12.8032],
        [ -9.8446],
        [-11.9605],
        [-13.8799],
        [-12.6582],
        [-13.1855],
        [-12.3847],
        [-15.3411],
        [-11.7954],
        [-11.2568],
        [-11.2568],
        [-10.9611],
        [-11.2220],
        [-12.9655],
        [-11.6334],
        [-11.5181],
        [-11.0577],
        [-12.4452],
        [-14.0148],
        [-12.9065],
        [-11.9605]], device='cuda:0')
[Debug] actions_exp max:
1.0
min:
-1.0000001192092896
[Debug] Log probabilities of expert actions: tensor([[-12.6927],
        [-12.3166],
        [-12.9331],
        [-13.7173],
        [-11.8144],
        [-11.7672],
        [-11.7577],
        [-13.9573],
        [-13.8547],
        [-14.5637],
        [-10.9673],
        [-12.1006],
        [-14.5579],
        [-12.3701],
        [-11.7760],
        [-13.3691],
        [-13.5093],
        [-14.5554],
        [-13.7945],
        [-14.5191],
        [-13.5202],
        [-12.6928],
        [-23.7526],
        [-12.9023],
        [-12.5654],
        [-11.0104],
        [-13.7748],
        [-26.0234],
        [-13.4697],
        [-12.4952],
        [-13.2511],
        [-13.0702],
        [-11.4824],
        [-16.0990],
        [-57.6467],
        [-13.8165],
        [-11.5933],
        [-12.7775],
        [-13.7151],
        [-11.1004],
        [-12.6353],
        [-13.4697],
        [-11.8127],
        [-12.1392],
        [-15.0506],
        [-12.5848],
        [-28.0934],
        [-11.8131],
        [-11.5239],
        [-13.3731],
        [-13.8136],
        [-14.5099],
        [-24.6642],
        [-13.3738],
        [-10.7846],
        [-13.8016],
        [-13.7723],
        [-11.5516],
        [-13.4118],
        [-14.3212],
        [-11.0917],
        [-11.4361],
        [-15.5424],
        [-12.4501]], device='cuda:0')
[Debug] Log probabilities of current policy actions: tensor([[-14.0148],
        [-10.2380],
        [-10.6093],
        [-12.1046],
        [-13.0620],
        [-11.2505],
        [-11.5573],
        [-13.1696],
        [-12.1274],
        [ -8.3567],
        [-12.4986],
        [-11.2514],
        [-13.0407],
        [-12.1274],
        [-10.2380],
        [-11.3816],
        [-12.9249],
        [-10.9611],
        [-12.9065],
        [-12.4452],
        [-10.6239],
        [-12.4792],
        [-11.2220],
        [-11.2004],
        [ -9.6482],
        [-12.4986],
        [-11.6985],
        [-12.4452],
        [-11.2004],
        [-12.3463],
        [ -9.8446],
        [-13.0654],
        [-13.0654],
        [-11.2220],
        [-11.8536],
        [ -9.5141],
        [-12.5877],
        [ -8.8320],
        [-11.1771],
        [-11.2220],
        [-10.6093],
        [ -7.8748],
        [ -9.7587],
        [-12.3847],
        [-10.4809],
        [-12.6084],
        [-12.5752],
        [-10.3712],
        [-11.2514],
        [ -9.6482],
        [-12.8310],
        [ -8.3567],
        [ -9.7079],
        [-12.1940],
        [-13.1531],
        [-12.5284],
        [-11.2514],
        [-11.7954],
        [-10.3712],
        [ -9.7587],
        [-12.8447],
        [-12.0209],
        [-10.9611],
        [-12.5752]], device='cuda:0')
[Debug] actions_exp max:
1.0000001192092896
min:
-1.0000001192092896
[Debug] Log probabilities of expert actions: tensor([[-12.1441],
        [-13.6492],
        [-13.2744],
        [-11.1474],
        [-12.1171],
        [-13.1790],
        [-13.6389],
        [-24.5634],
        [-13.0438],
        [-12.6010],
        [-14.4591],
        [-11.6415],
        [-14.5103],
        [-12.5570],
        [-26.9032],
        [-28.1479],
        [-11.9449],
        [-12.2870],
        [-11.6933],
        [-14.8260],
        [-13.6070],
        [-13.2511],
        [-25.4897],
        [-11.5492],
        [-12.2593],
        [-13.1493],
        [-24.5979],
        [-12.9023],
        [-11.1730],
        [-37.4331],
        [-26.7797],
        [-12.7471],
        [-13.4326],
        [-26.9082],
        [-11.1407],
        [-12.6120],
        [-13.2012],
        [-14.3217],
        [-13.8411],
        [-24.3883],
        [-12.3010],
        [-14.3299],
        [-28.3395],
        [-11.8640],
        [-13.3091],
        [-11.9869],
        [-13.4205],
        [-14.3438],
        [-14.3217],
        [-13.4866],
        [-13.3076],
        [-26.1741],
        [-13.0184],
        [-14.3994],
        [-13.2115],
        [-22.5902],
        [-13.8282],
        [-13.8345],
        [-12.9364],
        [-15.8298],
        [-14.5531],
        [-26.6993],
        [-12.9364],
        [-12.2588]], device='cuda:0')
[Debug] Log probabilities of current policy actions: tensor([[-12.5877],
        [ -9.7079],
        [-11.5573],
        [-11.5573],
        [-12.1046],
        [-12.1638],
        [ -9.7079],
        [ -9.4027],
        [-13.1696],
        [-15.3482],
        [-12.8032],
        [-12.4986],
        [-10.4809],
        [-10.3712],
        [-11.2220],
        [-11.5181],
        [-10.7344],
        [-13.0407],
        [ -9.8446],
        [-12.5401],
        [-12.1046],
        [-13.0407],
        [-13.0407],
        [-11.5167],
        [-10.8457],
        [-12.8447],
        [-12.7956],
        [-12.1274],
        [-13.1531],
        [-12.1638],
        [-11.1442],
        [-10.6239],
        [-11.0217],
        [-12.8310],
        [-11.6334],
        [-11.6334],
        [-13.1855],
        [ -8.3567],
        [-12.6084],
        [-11.2594],
        [-11.5608],
        [-10.6429],
        [ -7.8748],
        [-12.3847],
        [-11.2220],
        [-13.6746],
        [ -9.6482],
        [ -8.3567],
        [-11.0645],
        [-12.7956],
        [-12.3463],
        [ -8.3567],
        [ -8.8320],
        [-11.9605],
        [-15.3411],
        [ -8.8320],
        [-12.5284],
        [-11.2514],
        [-12.5877],
        [-12.7956],
        [ -8.9331],
        [ -9.7587],
        [-12.5877],
        [-14.1823]], device='cuda:0')
[Debug] actions_exp max:
1.0
min:
-1.0
[Debug] Log probabilities of expert actions: tensor([[-15.2246],
        [-12.1486],
        [-28.7689],
        [-12.5410],
        [-28.7311],
        [-13.2641],
        [-11.9818],
        [-14.5885],
        [-11.5467],
        [-26.4638],
        [-12.9674],
        [-12.5609],
        [-28.2711],
        [-12.5303],
        [-13.7821],
        [-12.5989],
        [-12.9316],
        [-12.5782],
        [-15.1659],
        [-15.5342],
        [-16.6496],
        [-12.6451],
        [-25.8861],
        [-14.3263],
        [-13.8310],
        [-13.6733],
        [-26.4763],
        [-12.1313],
        [-11.3896],
        [-14.0956],
        [-13.7124],
        [-11.4905],
        [-42.5175],
        [-12.6569],
        [-12.1407],
        [-12.5638],
        [-13.4441],
        [-13.7505],
        [-15.0525],
        [-13.2676],
        [-13.5132],
        [-13.3643],
        [-13.9787],
        [-14.2744],
        [-10.7846],
        [-12.9905],
        [-14.5188],
        [-14.3888],
        [-12.5957],
        [-13.0250],
        [-14.3258],
        [-12.8218],
        [-11.1860],
        [-11.2461],
        [-15.1966],
        [-13.6070],
        [-13.0299],
        [-28.5143],
        [-13.3318],
        [-13.5038],
        [-14.4219],
        [-11.7820],
        [-13.0130],
        [-13.4205]], device='cuda:0')
[Debug] Rewards: tensor([[12.4718],
        [13.4933],
        [12.0381],
        [ 9.8100],
        [12.3969],
        [11.7319],
        [11.8972],
        [11.6023],
        [11.5573],
        [10.6509],
        [12.1967],
        [10.2842],
        [10.3457],
        [10.6880],
        [11.9530],
        [11.2563],
        [10.2118],
        [11.4228],
        [10.3115],
        [10.7249],
        [ 8.3657],
        [11.9910],
        [ 9.4884],
        [13.0851],
        [10.2907],
        [13.0009],
        [ 9.9456],
        [10.6400],
        [11.0821],
        [12.6925],
        [11.9144],
        [ 9.4933],
        [ 9.8588],
        [10.3110],
        [11.3048],
        [12.3993],
        [ 8.7571],
        [12.1507],
        [10.9044],
        [10.0092],
        [12.5010],
        [12.1492],
        [12.0459],
        [11.2906],
        [ 9.5231],
        [12.3317],
        [ 9.0205],
        [11.5751],
        [12.0233],
        [12.5199],
        [ 9.9758],
        [ 8.7921],
        [10.5259],
        [10.1795],
        [ 8.0073],
        [11.6013],
        [ 9.9572],
        [12.4271],
        [ 6.7732],
        [ 7.8148],
        [ 9.2114],
        [12.2163],
        [10.8413],
        [ 9.6485],
        [11.7533],
        [10.2403],
        [ 8.7992],
        [10.3698],
        [14.7378],
        [11.1618],
        [11.0053],
        [11.8334],
        [11.0585],
        [11.7134],
        [ 9.3581],
        [12.7170],
        [ 7.5999],
        [10.5336],
        [11.0255],
        [14.6237],
        [11.8416],
        [10.8421],
        [11.5547],
        [ 8.7081],
        [ 8.8968],
        [10.2802],
        [11.1141],
        [ 9.9782],
        [13.5378],
        [10.7348],
        [12.8602],
        [ 9.2187],
        [11.8649],
        [12.1417],
        [11.2604],
        [11.4276],
        [10.8354],
        [10.5390],
        [11.8888],
        [13.9445]], device='cuda:0')
[Debug] Reward mean: 10.9968, std: 1.4802
[Debug] actions_exp max:
0.9992571473121643
min:
-0.9963976144790649
[Debug] actions_exp max:
0.9992571473121643
min:
-0.9963976144790649
[Debug] actions_exp max:
0.9992571473121643
min:
-0.9963976144790649
[Debug] actions_exp max:
0.9992571473121643
min:
-0.9963976144790649
[Debug] actions_exp max:
0.9992571473121643
min:
-0.9963976144790649
[Debug] actions_exp max:
0.9992571473121643
min:
-0.9963976144790649
[Debug] actions_exp max:
0.9992571473121643
min:
-0.9963976144790649
[Debug] actions_exp max:
0.9992571473121643
min:
-0.9963976144790649
[Debug] actions_exp max:
0.9992571473121643
min:
-0.9963976144790649
[Debug] actions_exp max:
0.9992571473121643
min:
-0.9963976144790649
[Debug] actions_exp max:
0.9992571473121643
min:
-0.9963976144790649
[Debug] actions_exp max:
0.9992571473121643
min:
-0.9963976144790649
[Debug] actions_exp max:
0.9992571473121643
min:
-0.9963976144790649
[Debug] actions_exp max:
0.9992571473121643
min:
-0.9963976144790649
[Debug] actions_exp max:
0.9992571473121643
min:
-0.9963976144790649
[Debug] actions_exp max:
0.9992571473121643
min:
-0.9963976144790649
[Debug] actions_exp max:
0.9992571473121643
min:
-0.9963976144790649
[Debug] actions_exp max:
0.9992571473121643
min:
-0.9963976144790649
[Debug] actions_exp max:
0.9992571473121643
min:
-0.9963976144790649
[Debug] actions_exp max:
0.9992571473121643
min:
-0.9963976144790649
[Debug] actions_exp max:
0.9992571473121643
min:
-0.9963976144790649
[Debug] actions_exp max:
0.9992571473121643
min:
-0.9963976144790649
[Debug] actions_exp max:
0.9992571473121643
min:
-0.9963976144790649
[Debug] actions_exp max:
0.9992571473121643
min:
-0.9963976144790649
[Debug] actions_exp max:
0.9992571473121643
min:
-0.9963976144790649
[Debug] actions_exp max:
0.9992571473121643
min:
-0.9963976144790649
[Debug] actions_exp max:
0.9992571473121643
min:
-0.9963976144790649
[Debug] actions_exp max:
0.9992571473121643
min:
-0.9963976144790649
[Debug] actions_exp max:
0.9992571473121643
min:
-0.9963976144790649
[Debug] actions_exp max:
0.9992571473121643
min:
-0.9963976144790649
[Debug] actions_exp max:
0.9992571473121643
min:
-0.9963976144790649
[Debug] actions_exp max:
0.9992571473121643
min:
-0.9963976144790649
[Debug] actions_exp max:
0.9992571473121643
min:
-0.9963976144790649
[Debug] actions_exp max:
0.9992571473121643
min:
-0.9963976144790649
[Debug] actions_exp max:
0.9992571473121643
min:
-0.9963976144790649
[Debug] actions_exp max:
0.9992571473121643
min:
-0.9963976144790649
[Debug] actions_exp max:
0.9992571473121643
min:
-0.9963976144790649
[Debug] actions_exp max:
0.9992571473121643
min:
-0.9963976144790649
[Debug] actions_exp max:
0.9992571473121643
min:
-0.9963976144790649
[Debug] actions_exp max:
0.9992571473121643
min:
-0.9963976144790649
[Debug] actions_exp max:
0.9992571473121643
min:
-0.9963976144790649
[Debug] actions_exp max:
0.9992571473121643
min:
-0.9963976144790649
[Debug] actions_exp max:
0.9992571473121643
min:
-0.9963976144790649
[Debug] actions_exp max:
0.9992571473121643
min:
-0.9963976144790649
[Debug] actions_exp max:
0.9992571473121643
min:
-0.9963976144790649
[Debug] actions_exp max:
0.9992571473121643
min:
-0.9963976144790649
[Debug] actions_exp max:
0.9992571473121643
min:
-0.9963976144790649
[Debug] actions_exp max:
0.9992571473121643
min:
-0.9963976144790649
[Debug] actions_exp max:
0.9992571473121643
min:
-0.9963976144790649
[Debug] actions_exp max:
0.9992571473121643
min:
-0.9963976144790649
Step 801, t=19, state shape: (33,)
RolloutBuffer: _n=100, _p=1, total_size=100
Step 802, t=20, state shape: (33,)
RolloutBuffer: _n=100, _p=2, total_size=100
Step 803, t=21, state shape: (33,)
RolloutBuffer: _n=100, _p=3, total_size=100
Step 804, t=22, state shape: (33,)
RolloutBuffer: _n=100, _p=4, total_size=100
Step 805, t=23, state shape: (33,)
RolloutBuffer: _n=100, _p=5, total_size=100
Step 806, t=24, state shape: (33,)
RolloutBuffer: _n=100, _p=6, total_size=100
Step 807, t=25, state shape: (33,)
RolloutBuffer: _n=100, _p=7, total_size=100
Step 808, t=1, state shape: (33,)
RolloutBuffer: _n=100, _p=8, total_size=100
Step 809, t=2, state shape: (33,)
RolloutBuffer: _n=100, _p=9, total_size=100
Step 810, t=3, state shape: (33,)
RolloutBuffer: _n=100, _p=10, total_size=100
Step 811, t=4, state shape: (33,)
RolloutBuffer: _n=100, _p=11, total_size=100
Step 812, t=5, state shape: (33,)
RolloutBuffer: _n=100, _p=12, total_size=100
Step 813, t=6, state shape: (33,)
RolloutBuffer: _n=100, _p=13, total_size=100
Step 814, t=7, state shape: (33,)
RolloutBuffer: _n=100, _p=14, total_size=100
Step 815, t=8, state shape: (33,)
RolloutBuffer: _n=100, _p=15, total_size=100
Step 816, t=9, state shape: (33,)
RolloutBuffer: _n=100, _p=16, total_size=100
Step 817, t=10, state shape: (33,)
RolloutBuffer: _n=100, _p=17, total_size=100
Step 818, t=11, state shape: (33,)
RolloutBuffer: _n=100, _p=18, total_size=100
Step 819, t=12, state shape: (33,)
RolloutBuffer: _n=100, _p=19, total_size=100
Step 820, t=13, state shape: (33,)
RolloutBuffer: _n=100, _p=20, total_size=100
Step 821, t=14, state shape: (33,)
RolloutBuffer: _n=100, _p=21, total_size=100
Step 822, t=15, state shape: (33,)
RolloutBuffer: _n=100, _p=22, total_size=100
Step 823, t=16, state shape: (33,)
RolloutBuffer: _n=100, _p=23, total_size=100
Step 824, t=17, state shape: (33,)
RolloutBuffer: _n=100, _p=24, total_size=100
Step 825, t=18, state shape: (33,)
RolloutBuffer: _n=100, _p=25, total_size=100
Step 826, t=19, state shape: (33,)
RolloutBuffer: _n=100, _p=26, total_size=100
Step 827, t=20, state shape: (33,)
RolloutBuffer: _n=100, _p=27, total_size=100
Step 828, t=21, state shape: (33,)
RolloutBuffer: _n=100, _p=28, total_size=100
Step 829, t=22, state shape: (33,)
RolloutBuffer: _n=100, _p=29, total_size=100
Step 830, t=23, state shape: (33,)
RolloutBuffer: _n=100, _p=30, total_size=100
Step 831, t=24, state shape: (33,)
RolloutBuffer: _n=100, _p=31, total_size=100
Step 832, t=25, state shape: (33,)
RolloutBuffer: _n=100, _p=32, total_size=100
Step 833, t=1, state shape: (33,)
RolloutBuffer: _n=100, _p=33, total_size=100
Step 834, t=2, state shape: (33,)
RolloutBuffer: _n=100, _p=34, total_size=100
Step 835, t=3, state shape: (33,)
RolloutBuffer: _n=100, _p=35, total_size=100
Step 836, t=4, state shape: (33,)
RolloutBuffer: _n=100, _p=36, total_size=100
Step 837, t=5, state shape: (33,)
RolloutBuffer: _n=100, _p=37, total_size=100
Step 838, t=6, state shape: (33,)
RolloutBuffer: _n=100, _p=38, total_size=100
Step 839, t=7, state shape: (33,)
RolloutBuffer: _n=100, _p=39, total_size=100
Step 840, t=8, state shape: (33,)
RolloutBuffer: _n=100, _p=40, total_size=100
Step 841, t=9, state shape: (33,)
RolloutBuffer: _n=100, _p=41, total_size=100
Step 842, t=10, state shape: (33,)
RolloutBuffer: _n=100, _p=42, total_size=100
Step 843, t=11, state shape: (33,)
RolloutBuffer: _n=100, _p=43, total_size=100
Step 844, t=12, state shape: (33,)
RolloutBuffer: _n=100, _p=44, total_size=100
Step 845, t=13, state shape: (33,)
RolloutBuffer: _n=100, _p=45, total_size=100
Step 846, t=14, state shape: (33,)
RolloutBuffer: _n=100, _p=46, total_size=100
Step 847, t=15, state shape: (33,)
RolloutBuffer: _n=100, _p=47, total_size=100
Step 848, t=16, state shape: (33,)
RolloutBuffer: _n=100, _p=48, total_size=100
Step 849, t=17, state shape: (33,)
RolloutBuffer: _n=100, _p=49, total_size=100
Step 850, t=18, state shape: (33,)
RolloutBuffer: _n=100, _p=50, total_size=100
Step 851, t=19, state shape: (33,)
RolloutBuffer: _n=100, _p=51, total_size=100
Step 852, t=20, state shape: (33,)
RolloutBuffer: _n=100, _p=52, total_size=100
Step 853, t=21, state shape: (33,)
RolloutBuffer: _n=100, _p=53, total_size=100
Step 854, t=22, state shape: (33,)
RolloutBuffer: _n=100, _p=54, total_size=100
Step 855, t=23, state shape: (33,)
RolloutBuffer: _n=100, _p=55, total_size=100
Step 856, t=24, state shape: (33,)
RolloutBuffer: _n=100, _p=56, total_size=100
Step 857, t=25, state shape: (33,)
RolloutBuffer: _n=100, _p=57, total_size=100
Step 858, t=26, state shape: (33,)
RolloutBuffer: _n=100, _p=58, total_size=100
Step 859, t=27, state shape: (33,)
RolloutBuffer: _n=100, _p=59, total_size=100
Step 860, t=28, state shape: (33,)
RolloutBuffer: _n=100, _p=60, total_size=100
Step 861, t=29, state shape: (33,)
RolloutBuffer: _n=100, _p=61, total_size=100
Step 862, t=30, state shape: (33,)
RolloutBuffer: _n=100, _p=62, total_size=100
Step 863, t=31, state shape: (33,)
RolloutBuffer: _n=100, _p=63, total_size=100
Step 864, t=32, state shape: (33,)
RolloutBuffer: _n=100, _p=64, total_size=100
Step 865, t=33, state shape: (33,)
RolloutBuffer: _n=100, _p=65, total_size=100
Step 866, t=34, state shape: (33,)
RolloutBuffer: _n=100, _p=66, total_size=100
Step 867, t=35, state shape: (33,)
RolloutBuffer: _n=100, _p=67, total_size=100
Step 868, t=36, state shape: (33,)
RolloutBuffer: _n=100, _p=68, total_size=100
Step 869, t=37, state shape: (33,)
RolloutBuffer: _n=100, _p=69, total_size=100
Step 870, t=38, state shape: (33,)
RolloutBuffer: _n=100, _p=70, total_size=100
Step 871, t=39, state shape: (33,)
RolloutBuffer: _n=100, _p=71, total_size=100
Step 872, t=40, state shape: (33,)
RolloutBuffer: _n=100, _p=72, total_size=100
Step 873, t=41, state shape: (33,)
RolloutBuffer: _n=100, _p=73, total_size=100
Step 874, t=42, state shape: (33,)
RolloutBuffer: _n=100, _p=74, total_size=100
Step 875, t=43, state shape: (33,)
RolloutBuffer: _n=100, _p=75, total_size=100
Step 876, t=44, state shape: (33,)
RolloutBuffer: _n=100, _p=76, total_size=100
Step 877, t=45, state shape: (33,)
RolloutBuffer: _n=100, _p=77, total_size=100
Step 878, t=46, state shape: (33,)
RolloutBuffer: _n=100, _p=78, total_size=100
Step 879, t=47, state shape: (33,)
RolloutBuffer: _n=100, _p=79, total_size=100
Step 880, t=48, state shape: (33,)
RolloutBuffer: _n=100, _p=80, total_size=100
Step 881, t=49, state shape: (33,)
RolloutBuffer: _n=100, _p=81, total_size=100
Step 882, t=1, state shape: (33,)
RolloutBuffer: _n=100, _p=82, total_size=100
Step 883, t=2, state shape: (33,)
RolloutBuffer: _n=100, _p=83, total_size=100
Step 884, t=3, state shape: (33,)
RolloutBuffer: _n=100, _p=84, total_size=100
Step 885, t=4, state shape: (33,)
RolloutBuffer: _n=100, _p=85, total_size=100
Step 886, t=5, state shape: (33,)
RolloutBuffer: _n=100, _p=86, total_size=100
Step 887, t=6, state shape: (33,)
RolloutBuffer: _n=100, _p=87, total_size=100
Step 888, t=7, state shape: (33,)
RolloutBuffer: _n=100, _p=88, total_size=100
Step 889, t=8, state shape: (33,)
RolloutBuffer: _n=100, _p=89, total_size=100
Step 890, t=9, state shape: (33,)
RolloutBuffer: _n=100, _p=90, total_size=100
Step 891, t=10, state shape: (33,)
RolloutBuffer: _n=100, _p=91, total_size=100
Step 892, t=11, state shape: (33,)
RolloutBuffer: _n=100, _p=92, total_size=100
Step 893, t=12, state shape: (33,)
RolloutBuffer: _n=100, _p=93, total_size=100
Step 894, t=13, state shape: (33,)
RolloutBuffer: _n=100, _p=94, total_size=100
Step 895, t=14, state shape: (33,)
RolloutBuffer: _n=100, _p=95, total_size=100
Step 896, t=15, state shape: (33,)
RolloutBuffer: _n=100, _p=96, total_size=100
Step 897, t=16, state shape: (33,)
RolloutBuffer: _n=100, _p=97, total_size=100
Step 898, t=17, state shape: (33,)
RolloutBuffer: _n=100, _p=98, total_size=100
Step 899, t=18, state shape: (33,)
RolloutBuffer: _n=100, _p=99, total_size=100
Step 900, t=19, state shape: (33,)
RolloutBuffer: _n=100, _p=0, total_size=100
[Debug] Log probabilities of current policy actions: tensor([[-14.3282],
        [-10.5989],
        [-12.6919],
        [-11.7004],
        [-10.9227],
        [ -9.4568],
        [-10.9227],
        [-13.9469],
        [-12.2943],
        [ -9.4568],
        [-10.5560],
        [-10.1500],
        [-11.7044],
        [-13.9357],
        [-11.5095],
        [-11.0839],
        [ -9.2166],
        [-13.4761],
        [-12.0145],
        [-13.0196],
        [-11.6530],
        [-11.7052],
        [-13.6100],
        [-10.5560],
        [-11.5265],
        [-13.4581],
        [-13.4581],
        [-12.9345],
        [-10.1500],
        [ -8.8211],
        [ -9.4869],
        [-12.1750],
        [-12.8745],
        [-12.2880],
        [-11.7556],
        [-13.4581],
        [-12.2880],
        [-12.2943],
        [-13.6715],
        [ -9.7702],
        [-12.7579],
        [-11.7044],
        [-12.0685],
        [ -8.8211],
        [-13.6313],
        [-11.8973],
        [-11.6357],
        [-12.9033],
        [-11.8449],
        [-11.9666],
        [-13.5853],
        [-10.5989],
        [-11.9666],
        [-11.5223],
        [-11.4179],
        [ -9.2166],
        [-10.6849],
        [ -9.7679],
        [-13.8811],
        [-12.2943],
        [-13.6031],
        [-11.4179],
        [-12.7579],
        [-13.0014]], device='cuda:0')
[Debug] actions_exp max:
1.0
min:
-1.0
[Debug] Log probabilities of expert actions: tensor([[-28.2895],
        [-12.2466],
        [-14.4085],
        [-13.2007],
        [-15.4374],
        [-13.1204],
        [-13.3745],
        [-13.2007],
        [-13.6772],
        [-13.5533],
        [-13.0963],
        [-13.1972],
        [-12.6162],
        [-12.2466],
        [-12.9243],
        [-12.4662],
        [-12.7462],
        [-12.8997],
        [-11.8473],
        [-26.9004],
        [-12.5433],
        [-14.2257],
        [-13.0028],
        [-13.0206],
        [-28.1433],
        [-11.2320],
        [-11.8401],
        [-12.8951],
        [-12.6430],
        [-12.4520],
        [-12.5712],
        [-27.8509],
        [-14.1949],
        [-13.3840],
        [-12.6392],
        [-14.5039],
        [-13.7602],
        [-13.6772],
        [-13.0126],
        [-14.3556],
        [-28.1934],
        [-14.4899],
        [-11.1985],
        [-28.6623],
        [-13.1034],
        [-14.5351],
        [-22.9710],
        [-14.7895],
        [-13.4506],
        [-13.0358],
        [-13.0678],
        [-13.6420],
        [-14.1970],
        [-26.0458],
        [-13.7095],
        [-12.8926],
        [-13.6754],
        [-10.6531],
        [-26.9118],
        [-16.8585],
        [-14.4694],
        [-23.1977],
        [-12.5762],
        [-14.7876]], device='cuda:0')
[Debug] Log probabilities of current policy actions: tensor([[-10.8769],
        [-13.5854],
        [-12.0538],
        [-13.4581],
        [-13.9357],
        [-11.5095],
        [-11.9666],
        [ -9.4568],
        [-13.4581],
        [-12.2115],
        [-10.3671],
        [-11.1700],
        [-11.6348],
        [-10.5989],
        [-11.9666],
        [-10.2859],
        [-11.0839],
        [-13.0196],
        [-10.2864],
        [-13.5854],
        [-13.0196],
        [-13.4761],
        [-11.3958],
        [-13.0313],
        [-11.6797],
        [-11.9622],
        [-11.7044],
        [-11.8449],
        [-10.5560],
        [-14.3282],
        [-11.5234],
        [-10.5989],
        [-12.0962],
        [-11.9353],
        [-10.6849],
        [-12.4537],
        [-13.5854],
        [-13.3133],
        [-12.0685],
        [-11.7627],
        [-12.5056],
        [-11.3958],
        [-11.7879],
        [-10.9227],
        [-12.2880],
        [-11.0997],
        [-13.7605],
        [-11.5223],
        [ -9.2166],
        [-13.9357],
        [-11.3958],
        [-11.7879],
        [-12.1920],
        [-10.9227],
        [-12.0962],
        [-13.7915],
        [-11.5865],
        [-13.0367],
        [-11.9592],
        [ -9.8482],
        [-10.6849],
        [ -9.4568],
        [-11.8166],
        [-11.5653]], device='cuda:0')
[Debug] actions_exp max:
1.0000001192092896
min:
-1.0000001192092896
[Debug] Log probabilities of expert actions: tensor([[-12.8281],
        [-14.5776],
        [-42.5403],
        [-11.9644],
        [-12.2234],
        [-12.8232],
        [-28.6430],
        [-12.5211],
        [-36.4478],
        [-12.8876],
        [-13.0532],
        [-12.5819],
        [-10.7336],
        [-12.9019],
        [-11.2294],
        [-26.9480],
        [-13.1628],
        [-12.6728],
        [-12.1170],
        [-13.6756],
        [-23.0626],
        [-26.2848],
        [-12.6437],
        [-12.6805],
        [-13.0610],
        [-13.0526],
        [-13.3659],
        [-27.7391],
        [-10.9306],
        [-10.9340],
        [-16.8904],
        [-13.1786],
        [-25.1238],
        [-12.7835],
        [-13.0126],
        [-13.7377],
        [-28.1947],
        [-15.4470],
        [-13.7488],
        [-10.9424],
        [-13.2007],
        [-25.6674],
        [-13.1781],
        [-13.1924],
        [-26.1108],
        [-28.3864],
        [-12.4173],
        [-13.4906],
        [-12.1419],
        [-12.2455],
        [-25.9238],
        [-13.5951],
        [-12.3335],
        [-12.5109],
        [-12.8314],
        [-13.9349],
        [-12.2421],
        [-26.8317],
        [-25.1398],
        [-11.9546],
        [-12.9319],
        [-13.5025],
        [-26.0903],
        [-27.8647]], device='cuda:0')
[Debug] Log probabilities of current policy actions: tensor([[-13.7358],
        [-11.7153],
        [-12.2115],
        [-11.7004],
        [ -9.7702],
        [-11.8166],
        [-11.5095],
        [-12.9033],
        [-12.0538],
        [-10.2859],
        [-12.5056],
        [-12.0962],
        [-11.5805],
        [-11.3958],
        [-13.4581],
        [-11.7153],
        [-10.9227],
        [-13.6100],
        [-10.4927],
        [-10.6849],
        [-11.9622],
        [-11.5095],
        [-11.6747],
        [-13.0196],
        [-13.9357],
        [-13.0196],
        [-13.4581],
        [-13.7605],
        [-11.7556],
        [-12.0962],
        [-11.7556],
        [-11.5234],
        [-11.5223],
        [-11.4179],
        [-11.5865],
        [-11.5265],
        [-11.8166],
        [-12.9431],
        [-12.1920],
        [-12.0685],
        [-11.9666],
        [-12.2943],
        [-12.8745],
        [-13.7358],
        [-10.6849],
        [-12.0538],
        [-12.5056],
        [-11.9666],
        [-12.5147],
        [-13.6715],
        [-12.9614],
        [ -8.8211],
        [-10.6051],
        [-10.5560],
        [-13.5853],
        [-13.6031],
        [-12.5056],
        [-12.1022],
        [-10.6051],
        [-12.6873],
        [ -9.4869],
        [ -9.4568],
        [-11.5865],
        [-11.7556]], device='cuda:0')
[Debug] actions_exp max:
1.0000001192092896
min:
-1.0000001192092896
[Debug] Log probabilities of expert actions: tensor([[-13.3659],
        [-14.6501],
        [-14.5747],
        [-12.5180],
        [-26.9653],
        [-42.4669],
        [-13.7623],
        [-58.0072],
        [-13.0547],
        [-13.6133],
        [-12.5188],
        [-26.8246],
        [-14.6592],
        [-11.9513],
        [-13.6890],
        [-12.6911],
        [-11.4724],
        [-12.8706],
        [-13.2265],
        [-13.2473],
        [-12.5531],
        [-13.5448],
        [-12.2632],
        [-12.0630],
        [-14.1653],
        [-12.4139],
        [-25.0055],
        [-11.9913],
        [-13.4770],
        [-12.6162],
        [-15.4478],
        [-13.5570],
        [-28.4242],
        [-12.8002],
        [-13.7209],
        [-11.2243],
        [-13.9122],
        [-26.9258],
        [-13.0574],
        [-13.4694],
        [-24.2009],
        [-11.3422],
        [-11.7294],
        [-12.0169],
        [-13.6280],
        [-11.7138],
        [-12.8606],
        [-16.1888],
        [-13.4694],
        [-12.6363],
        [-26.8886],
        [-13.0807],
        [-13.1972],
        [-13.2024],
        [-40.5494],
        [-11.6875],
        [-13.6756],
        [-10.7652],
        [-13.5692],
        [-13.1694],
        [-13.6280],
        [-27.9906],
        [-12.8051],
        [-13.6648]], device='cuda:0')
[Debug] Rewards: tensor([[ 8.4761],
        [ 9.3480],
        [11.0831],
        [12.9747],
        [10.9812],
        [11.7403],
        [11.2834],
        [11.9034],
        [13.6279],
        [ 8.4450],
        [ 9.9918],
        [10.8839],
        [12.8617],
        [10.5973],
        [10.6701],
        [10.9333],
        [12.2230],
        [11.4387],
        [12.3106],
        [10.2915],
        [ 8.5921],
        [13.4341],
        [11.0594],
        [11.8099],
        [11.0020],
        [10.5480],
        [11.3847],
        [11.1729],
        [12.5783],
        [13.3692],
        [12.3243],
        [13.3116],
        [13.7420],
        [12.2448],
        [ 9.3554],
        [13.1393],
        [ 9.7806],
        [11.0143],
        [12.5709],
        [11.5745],
        [11.0801],
        [11.6513],
        [ 8.0181],
        [11.5152],
        [11.3622],
        [11.7992],
        [10.4508],
        [11.0363],
        [13.0501],
        [10.2395],
        [10.9255],
        [10.2319],
        [11.2481],
        [13.0875],
        [11.3386],
        [13.2987],
        [11.8955],
        [11.6441],
        [10.5314],
        [10.7785],
        [11.0895],
        [ 8.7288],
        [12.5072],
        [11.0910],
        [12.9785],
        [ 8.9155],
        [11.6857],
        [11.6701],
        [ 9.8433],
        [11.6636],
        [10.0063],
        [10.4018],
        [11.9383],
        [12.2936],
        [11.3359],
        [ 9.5206],
        [12.1152],
        [10.4648],
        [12.6009],
        [10.0917],
        [10.6322],
        [ 9.8558],
        [13.2905],
        [11.5929],
        [12.8038],
        [10.4409],
        [11.9835],
        [ 7.8773],
        [11.6316],
        [11.2584],
        [10.4726],
        [ 9.9974],
        [13.1063],
        [10.7954],
        [ 9.4531],
        [12.1192],
        [13.1354],
        [11.5039],
        [11.7045],
        [ 8.9701]], device='cuda:0')
[Debug] Reward mean: 11.2482, std: 1.3352
[Debug] actions_exp max:
0.9981862306594849
min:
-0.9952707886695862
[Debug] actions_exp max:
0.9981862306594849
min:
-0.9952707886695862
[Debug] actions_exp max:
0.9981862306594849
min:
-0.9952707886695862
[Debug] actions_exp max:
0.9981862306594849
min:
-0.9952707886695862
[Debug] actions_exp max:
0.9981862306594849
min:
-0.9952707886695862
[Debug] actions_exp max:
0.9981862306594849
min:
-0.9952707886695862
[Debug] actions_exp max:
0.9981862306594849
min:
-0.9952707886695862
[Debug] actions_exp max:
0.9981862306594849
min:
-0.9952707886695862
[Debug] actions_exp max:
0.9981862306594849
min:
-0.9952707886695862
[Debug] actions_exp max:
0.9981862306594849
min:
-0.9952707886695862
[Debug] actions_exp max:
0.9981862306594849
min:
-0.9952707886695862
[Debug] actions_exp max:
0.9981862306594849
min:
-0.9952707886695862
[Debug] actions_exp max:
0.9981862306594849
min:
-0.9952707886695862
[Debug] actions_exp max:
0.9981862306594849
min:
-0.9952707886695862
[Debug] actions_exp max:
0.9981862306594849
min:
-0.9952707886695862
[Debug] actions_exp max:
0.9981862306594849
min:
-0.9952707886695862
[Debug] actions_exp max:
0.9981862306594849
min:
-0.9952707886695862
[Debug] actions_exp max:
0.9981862306594849
min:
-0.9952707886695862
[Debug] actions_exp max:
0.9981862306594849
min:
-0.9952707886695862
[Debug] actions_exp max:
0.9981862306594849
min:
-0.9952707886695862
[Debug] actions_exp max:
0.9981862306594849
min:
-0.9952707886695862
[Debug] actions_exp max:
0.9981862306594849
min:
-0.9952707886695862
[Debug] actions_exp max:
0.9981862306594849
min:
-0.9952707886695862
[Debug] actions_exp max:
0.9981862306594849
min:
-0.9952707886695862
[Debug] actions_exp max:
0.9981862306594849
min:
-0.9952707886695862
[Debug] actions_exp max:
0.9981862306594849
min:
-0.9952707886695862
[Debug] actions_exp max:
0.9981862306594849
min:
-0.9952707886695862
[Debug] actions_exp max:
0.9981862306594849
min:
-0.9952707886695862
[Debug] actions_exp max:
0.9981862306594849
min:
-0.9952707886695862
[Debug] actions_exp max:
0.9981862306594849
min:
-0.9952707886695862
[Debug] actions_exp max:
0.9981862306594849
min:
-0.9952707886695862
[Debug] actions_exp max:
0.9981862306594849
min:
-0.9952707886695862
[Debug] actions_exp max:
0.9981862306594849
min:
-0.9952707886695862
[Debug] actions_exp max:
0.9981862306594849
min:
-0.9952707886695862
[Debug] actions_exp max:
0.9981862306594849
min:
-0.9952707886695862
[Debug] actions_exp max:
0.9981862306594849
min:
-0.9952707886695862
[Debug] actions_exp max:
0.9981862306594849
min:
-0.9952707886695862
[Debug] actions_exp max:
0.9981862306594849
min:
-0.9952707886695862
[Debug] actions_exp max:
0.9981862306594849
min:
-0.9952707886695862
[Debug] actions_exp max:
0.9981862306594849
min:
-0.9952707886695862
[Debug] actions_exp max:
0.9981862306594849
min:
-0.9952707886695862
[Debug] actions_exp max:
0.9981862306594849
min:
-0.9952707886695862
[Debug] actions_exp max:
0.9981862306594849
min:
-0.9952707886695862
[Debug] actions_exp max:
0.9981862306594849
min:
-0.9952707886695862
[Debug] actions_exp max:
0.9981862306594849
min:
-0.9952707886695862
[Debug] actions_exp max:
0.9981862306594849
min:
-0.9952707886695862
[Debug] actions_exp max:
0.9981862306594849
min:
-0.9952707886695862
[Debug] actions_exp max:
0.9981862306594849
min:
-0.9952707886695862
[Debug] actions_exp max:
0.9981862306594849
min:
-0.9952707886695862
[Debug] actions_exp max:
0.9981862306594849
min:
-0.9952707886695862
Step 901, t=20, state shape: (33,)
RolloutBuffer: _n=100, _p=1, total_size=100
Step 902, t=21, state shape: (33,)
RolloutBuffer: _n=100, _p=2, total_size=100
Step 903, t=22, state shape: (33,)
RolloutBuffer: _n=100, _p=3, total_size=100
Step 904, t=23, state shape: (33,)
RolloutBuffer: _n=100, _p=4, total_size=100
Step 905, t=24, state shape: (33,)
RolloutBuffer: _n=100, _p=5, total_size=100
Step 906, t=1, state shape: (33,)
RolloutBuffer: _n=100, _p=6, total_size=100
Step 907, t=2, state shape: (33,)
RolloutBuffer: _n=100, _p=7, total_size=100
Step 908, t=3, state shape: (33,)
RolloutBuffer: _n=100, _p=8, total_size=100
Step 909, t=4, state shape: (33,)
RolloutBuffer: _n=100, _p=9, total_size=100
Step 910, t=5, state shape: (33,)
RolloutBuffer: _n=100, _p=10, total_size=100
Step 911, t=6, state shape: (33,)
RolloutBuffer: _n=100, _p=11, total_size=100
Step 912, t=7, state shape: (33,)
RolloutBuffer: _n=100, _p=12, total_size=100
Step 913, t=8, state shape: (33,)
RolloutBuffer: _n=100, _p=13, total_size=100
Step 914, t=9, state shape: (33,)
RolloutBuffer: _n=100, _p=14, total_size=100
Step 915, t=10, state shape: (33,)
RolloutBuffer: _n=100, _p=15, total_size=100
Step 916, t=11, state shape: (33,)
RolloutBuffer: _n=100, _p=16, total_size=100
Step 917, t=12, state shape: (33,)
RolloutBuffer: _n=100, _p=17, total_size=100
Step 918, t=13, state shape: (33,)
RolloutBuffer: _n=100, _p=18, total_size=100
Step 919, t=14, state shape: (33,)
RolloutBuffer: _n=100, _p=19, total_size=100
Step 920, t=15, state shape: (33,)
RolloutBuffer: _n=100, _p=20, total_size=100
Step 921, t=16, state shape: (33,)
RolloutBuffer: _n=100, _p=21, total_size=100
Step 922, t=17, state shape: (33,)
RolloutBuffer: _n=100, _p=22, total_size=100
Step 923, t=18, state shape: (33,)
RolloutBuffer: _n=100, _p=23, total_size=100
Step 924, t=19, state shape: (33,)
RolloutBuffer: _n=100, _p=24, total_size=100
Step 925, t=20, state shape: (33,)
RolloutBuffer: _n=100, _p=25, total_size=100
Step 926, t=21, state shape: (33,)
RolloutBuffer: _n=100, _p=26, total_size=100
Step 927, t=22, state shape: (33,)
RolloutBuffer: _n=100, _p=27, total_size=100
Step 928, t=1, state shape: (33,)
RolloutBuffer: _n=100, _p=28, total_size=100
Step 929, t=2, state shape: (33,)
RolloutBuffer: _n=100, _p=29, total_size=100
Step 930, t=3, state shape: (33,)
RolloutBuffer: _n=100, _p=30, total_size=100
Step 931, t=4, state shape: (33,)
RolloutBuffer: _n=100, _p=31, total_size=100
Step 932, t=5, state shape: (33,)
RolloutBuffer: _n=100, _p=32, total_size=100
Step 933, t=6, state shape: (33,)
RolloutBuffer: _n=100, _p=33, total_size=100
Step 934, t=7, state shape: (33,)
RolloutBuffer: _n=100, _p=34, total_size=100
Step 935, t=8, state shape: (33,)
RolloutBuffer: _n=100, _p=35, total_size=100
Step 936, t=9, state shape: (33,)
RolloutBuffer: _n=100, _p=36, total_size=100
Step 937, t=10, state shape: (33,)
RolloutBuffer: _n=100, _p=37, total_size=100
Step 938, t=11, state shape: (33,)
RolloutBuffer: _n=100, _p=38, total_size=100
Step 939, t=12, state shape: (33,)
RolloutBuffer: _n=100, _p=39, total_size=100
Step 940, t=13, state shape: (33,)
RolloutBuffer: _n=100, _p=40, total_size=100
Step 941, t=14, state shape: (33,)
RolloutBuffer: _n=100, _p=41, total_size=100
Step 942, t=15, state shape: (33,)
RolloutBuffer: _n=100, _p=42, total_size=100
Step 943, t=16, state shape: (33,)
RolloutBuffer: _n=100, _p=43, total_size=100
Step 944, t=17, state shape: (33,)
RolloutBuffer: _n=100, _p=44, total_size=100
Step 945, t=18, state shape: (33,)
RolloutBuffer: _n=100, _p=45, total_size=100
Step 946, t=19, state shape: (33,)
RolloutBuffer: _n=100, _p=46, total_size=100
Step 947, t=20, state shape: (33,)
RolloutBuffer: _n=100, _p=47, total_size=100
Step 948, t=21, state shape: (33,)
RolloutBuffer: _n=100, _p=48, total_size=100
Step 949, t=22, state shape: (33,)
RolloutBuffer: _n=100, _p=49, total_size=100
Step 950, t=23, state shape: (33,)
RolloutBuffer: _n=100, _p=50, total_size=100
Step 951, t=24, state shape: (33,)
RolloutBuffer: _n=100, _p=51, total_size=100
Step 952, t=25, state shape: (33,)
RolloutBuffer: _n=100, _p=52, total_size=100
Step 953, t=26, state shape: (33,)
RolloutBuffer: _n=100, _p=53, total_size=100
Step 954, t=27, state shape: (33,)
RolloutBuffer: _n=100, _p=54, total_size=100
Step 955, t=28, state shape: (33,)
RolloutBuffer: _n=100, _p=55, total_size=100
Step 956, t=29, state shape: (33,)
RolloutBuffer: _n=100, _p=56, total_size=100
Step 957, t=30, state shape: (33,)
RolloutBuffer: _n=100, _p=57, total_size=100
Step 958, t=31, state shape: (33,)
RolloutBuffer: _n=100, _p=58, total_size=100
Step 959, t=32, state shape: (33,)
RolloutBuffer: _n=100, _p=59, total_size=100
Step 960, t=33, state shape: (33,)
RolloutBuffer: _n=100, _p=60, total_size=100
Step 961, t=34, state shape: (33,)
RolloutBuffer: _n=100, _p=61, total_size=100
Step 962, t=35, state shape: (33,)
RolloutBuffer: _n=100, _p=62, total_size=100
Step 963, t=36, state shape: (33,)
RolloutBuffer: _n=100, _p=63, total_size=100
Step 964, t=37, state shape: (33,)
RolloutBuffer: _n=100, _p=64, total_size=100
Step 965, t=38, state shape: (33,)
RolloutBuffer: _n=100, _p=65, total_size=100
Step 966, t=39, state shape: (33,)
RolloutBuffer: _n=100, _p=66, total_size=100
Step 967, t=40, state shape: (33,)
RolloutBuffer: _n=100, _p=67, total_size=100
Step 968, t=41, state shape: (33,)
RolloutBuffer: _n=100, _p=68, total_size=100
Step 969, t=42, state shape: (33,)
RolloutBuffer: _n=100, _p=69, total_size=100
Step 970, t=43, state shape: (33,)
RolloutBuffer: _n=100, _p=70, total_size=100
Step 971, t=44, state shape: (33,)
RolloutBuffer: _n=100, _p=71, total_size=100
Step 972, t=45, state shape: (33,)
RolloutBuffer: _n=100, _p=72, total_size=100
Step 973, t=46, state shape: (33,)
RolloutBuffer: _n=100, _p=73, total_size=100
Step 974, t=47, state shape: (33,)
RolloutBuffer: _n=100, _p=74, total_size=100
Step 975, t=48, state shape: (33,)
RolloutBuffer: _n=100, _p=75, total_size=100
Step 976, t=49, state shape: (33,)
RolloutBuffer: _n=100, _p=76, total_size=100
Step 977, t=50, state shape: (33,)
RolloutBuffer: _n=100, _p=77, total_size=100
Step 978, t=51, state shape: (33,)
RolloutBuffer: _n=100, _p=78, total_size=100
Step 979, t=52, state shape: (33,)
RolloutBuffer: _n=100, _p=79, total_size=100
Step 980, t=53, state shape: (33,)
RolloutBuffer: _n=100, _p=80, total_size=100
Step 981, t=54, state shape: (33,)
RolloutBuffer: _n=100, _p=81, total_size=100
Step 982, t=55, state shape: (33,)
RolloutBuffer: _n=100, _p=82, total_size=100
Step 983, t=56, state shape: (33,)
RolloutBuffer: _n=100, _p=83, total_size=100
Step 984, t=57, state shape: (33,)
RolloutBuffer: _n=100, _p=84, total_size=100
Step 985, t=58, state shape: (33,)
RolloutBuffer: _n=100, _p=85, total_size=100
Step 986, t=59, state shape: (33,)
RolloutBuffer: _n=100, _p=86, total_size=100
Step 987, t=60, state shape: (33,)
RolloutBuffer: _n=100, _p=87, total_size=100
Step 988, t=61, state shape: (33,)
RolloutBuffer: _n=100, _p=88, total_size=100
Step 989, t=62, state shape: (33,)
RolloutBuffer: _n=100, _p=89, total_size=100
Step 990, t=63, state shape: (33,)
RolloutBuffer: _n=100, _p=90, total_size=100
Step 991, t=64, state shape: (33,)
RolloutBuffer: _n=100, _p=91, total_size=100
Step 992, t=65, state shape: (33,)
RolloutBuffer: _n=100, _p=92, total_size=100
Step 993, t=66, state shape: (33,)
RolloutBuffer: _n=100, _p=93, total_size=100
Step 994, t=67, state shape: (33,)
RolloutBuffer: _n=100, _p=94, total_size=100
Step 995, t=68, state shape: (33,)
RolloutBuffer: _n=100, _p=95, total_size=100
Step 996, t=69, state shape: (33,)
RolloutBuffer: _n=100, _p=96, total_size=100
Step 997, t=70, state shape: (33,)
RolloutBuffer: _n=100, _p=97, total_size=100
Step 998, t=71, state shape: (33,)
RolloutBuffer: _n=100, _p=98, total_size=100
Step 999, t=72, state shape: (33,)
RolloutBuffer: _n=100, _p=99, total_size=100
Step 1000, t=73, state shape: (33,)
RolloutBuffer: _n=100, _p=0, total_size=100
[Debug] Log probabilities of current policy actions: tensor([[-12.9394],
        [-11.1386],
        [-11.0281],
        [-12.2327],
        [-11.6120],
        [-14.7428],
        [-11.1674],
        [-10.9530],
        [-11.0920],
        [-12.0519],
        [-10.1105],
        [-13.8598],
        [-13.7706],
        [-13.4325],
        [-12.0218],
        [ -9.8854],
        [-13.4708],
        [-13.2460],
        [-11.1446],
        [-11.0920],
        [-12.9219],
        [-10.2467],
        [-12.3759],
        [-11.2942],
        [-11.2095],
        [-13.0487],
        [-10.7707],
        [-11.3985],
        [-10.7531],
        [-11.5042],
        [-11.5809],
        [-12.7223],
        [-11.3202],
        [-12.6859],
        [-11.2095],
        [ -9.8481],
        [-11.4487],
        [-11.9360],
        [-12.3530],
        [-11.4487],
        [-12.6293],
        [-11.3966],
        [-11.6079],
        [-11.1446],
        [-10.9530],
        [-11.9418],
        [-11.3985],
        [-12.4911],
        [-11.9898],
        [-12.0218],
        [-11.2137],
        [-10.7531],
        [-12.9219],
        [ -8.8326],
        [ -9.8481],
        [ -9.8689],
        [-11.9360],
        [-11.9666],
        [-11.6120],
        [-11.6120],
        [-12.9219],
        [-12.2563],
        [-11.0281],
        [-12.2327]], device='cuda:0')
[Debug] actions_exp max:
1.0
min:
-1.0
[Debug] Log probabilities of expert actions: tensor([[-14.1119],
        [-12.8287],
        [-13.3768],
        [-27.0552],
        [-12.0989],
        [-11.1889],
        [-12.9422],
        [-12.4403],
        [-12.8589],
        [-11.6025],
        [-12.7781],
        [-13.2813],
        [-11.3172],
        [-13.5596],
        [-13.0566],
        [-12.7745],
        [-13.4034],
        [-14.3538],
        [-12.4848],
        [-12.1755],
        [-26.0745],
        [-14.9818],
        [-11.5920],
        [-12.4332],
        [-24.6737],
        [-15.0045],
        [-24.1555],
        [-13.1218],
        [-11.7167],
        [-13.5881],
        [-12.9460],
        [-13.1390],
        [-12.4653],
        [-13.0881],
        [-13.9491],
        [-43.6414],
        [-13.3557],
        [-16.2445],
        [-15.0795],
        [-12.4403],
        [-12.4782],
        [-11.9090],
        [-28.0816],
        [-13.4236],
        [-12.1760],
        [-12.9122],
        [-27.5790],
        [-12.4857],
        [-14.6515],
        [-12.7327],
        [-12.2984],
        [-12.9573],
        [-12.5142],
        [-13.3135],
        [-25.1059],
        [-14.7674],
        [-12.9347],
        [-13.0466],
        [-12.7362],
        [-14.8462],
        [-13.9790],
        [-15.3880],
        [-14.3014],
        [-13.9323]], device='cuda:0')
[Debug] Log probabilities of current policy actions: tensor([[-12.0519],
        [-10.0728],
        [-11.0281],
        [-11.6079],
        [ -9.2435],
        [-12.3192],
        [-11.9864],
        [-12.8720],
        [-10.7531],
        [-12.0519],
        [-11.2095],
        [-12.4911],
        [-12.6580],
        [-11.5809],
        [-11.6713],
        [-11.9477],
        [-12.1769],
        [-11.0160],
        [-12.9176],
        [-12.6293],
        [-12.3192],
        [-12.3759],
        [-11.5810],
        [-12.2684],
        [-12.6859],
        [-10.7524],
        [-11.9360],
        [-10.7524],
        [-11.3985],
        [-11.6713],
        [-13.1062],
        [-13.6437],
        [-13.7706],
        [-11.0160],
        [-12.3530],
        [-13.0578],
        [ -9.8382],
        [-11.2238],
        [-13.0742],
        [ -9.6305],
        [-12.7403],
        [-10.3211],
        [-11.5042],
        [-11.6426],
        [-13.4984],
        [-13.7706],
        [-11.9360],
        [-13.7966],
        [-11.1674],
        [ -9.9832],
        [-14.8335],
        [-10.0068],
        [-12.7403],
        [-11.3584],
        [ -8.8326],
        [ -9.8854],
        [-11.6079],
        [-12.6580],
        [-11.6713],
        [-10.6001],
        [-12.4911],
        [-13.6403],
        [-10.0068],
        [-12.8720]], device='cuda:0')
[Debug] actions_exp max:
1.0000001192092896
min:
-1.0
[Debug] Log probabilities of expert actions: tensor([[-13.1472],
        [-15.0405],
        [-12.9406],
        [-14.9630],
        [-12.8315],
        [-13.5547],
        [-12.8727],
        [-14.2912],
        [-13.3341],
        [-29.9697],
        [-14.0579],
        [-13.9464],
        [-24.1805],
        [-13.4255],
        [-28.0091],
        [-11.6305],
        [-28.9885],
        [-15.0029],
        [-12.9213],
        [-12.8620],
        [-11.9568],
        [-29.4472],
        [-13.5310],
        [-37.8696],
        [-13.1756],
        [-28.7418],
        [-23.4346],
        [-16.4368],
        [-12.6678],
        [-25.3556],
        [-27.2786],
        [-13.5020],
        [-29.3980],
        [-13.8405],
        [-12.0372],
        [-12.8069],
        [-13.1498],
        [-26.9503],
        [-15.5935],
        [-12.8172],
        [-16.2230],
        [-14.7357],
        [-13.5587],
        [-26.4591],
        [-13.6764],
        [-11.6582],
        [-12.9578],
        [-12.9422],
        [-11.3141],
        [-12.7165],
        [-12.9684],
        [-13.4255],
        [-13.2823],
        [-13.2462],
        [-12.3775],
        [-13.1730],
        [-13.9645],
        [-43.6676],
        [-14.0189],
        [-12.7612],
        [-11.2269],
        [-13.1532],
        [-14.8558],
        [-12.5420]], device='cuda:0')
[Debug] Log probabilities of current policy actions: tensor([[-11.2942],
        [-12.8720],
        [-12.3192],
        [-11.5625],
        [-10.2580],
        [-12.4911],
        [-11.0160],
        [ -9.2496],
        [-11.6713],
        [-12.3192],
        [-11.0920],
        [-10.9530],
        [-12.9176],
        [-10.8029],
        [-12.0744],
        [ -9.6790],
        [-12.0218],
        [-12.2123],
        [-12.0218],
        [-11.3584],
        [-13.4984],
        [-11.7057],
        [-11.3966],
        [-11.1855],
        [-13.0487],
        [-12.6580],
        [-10.1628],
        [-12.7223],
        [-11.4487],
        [-11.6900],
        [-12.7223],
        [-12.6580],
        [-12.0744],
        [-10.2467],
        [-11.6120],
        [-11.7716],
        [-10.9530],
        [-12.4911],
        [-11.4487],
        [-12.1769],
        [-10.3211],
        [-11.3966],
        [ -8.8326],
        [-10.1105],
        [-12.2563],
        [ -9.6790],
        [-14.8335],
        [-10.2467],
        [-11.3981],
        [-11.3985],
        [-11.6426],
        [-11.9864],
        [-10.9530],
        [ -8.8326],
        [-13.5761],
        [-11.3584],
        [-11.1674],
        [-11.0281],
        [-10.0068],
        [-11.5042],
        [-12.9176],
        [-12.6293],
        [ -8.0772],
        [ -9.6305]], device='cuda:0')
[Debug] actions_exp max:
1.0000001192092896
min:
-1.0
[Debug] Log probabilities of expert actions: tensor([[-40.7829],
        [-11.3209],
        [-28.7844],
        [-12.6088],
        [-23.4740],
        [-14.7324],
        [-12.7745],
        [-12.9703],
        [-27.0932],
        [-13.7067],
        [-14.9276],
        [-11.7198],
        [-13.3536],
        [-13.0349],
        [-14.3100],
        [-11.5845],
        [-14.6503],
        [-25.1584],
        [-13.2119],
        [-12.8298],
        [-13.7182],
        [-13.8672],
        [-58.2434],
        [-12.9460],
        [-12.8235],
        [-12.6037],
        [-13.6949],
        [-11.6582],
        [-26.5035],
        [-29.3015],
        [-29.3301],
        [-12.4769],
        [-13.3768],
        [-12.2578],
        [-12.7924],
        [-13.6430],
        [-25.3207],
        [-37.7977],
        [-13.3403],
        [-14.7998],
        [-16.9482],
        [-13.6910],
        [-13.8373],
        [-12.7669],
        [-12.7524],
        [-11.7532],
        [-13.2608],
        [-13.7627],
        [-13.7797],
        [-13.5973],
        [-28.7928],
        [-13.1730],
        [-13.3725],
        [-13.3438],
        [-12.9521],
        [-13.3962],
        [-14.0119],
        [-13.6181],
        [-26.5158],
        [-26.1978],
        [-13.6046],
        [-13.6949],
        [-12.1772],
        [-28.0197]], device='cuda:0')
[Debug] Rewards: tensor([[10.2269],
        [ 9.7536],
        [11.4795],
        [11.4690],
        [11.3005],
        [11.4876],
        [11.2058],
        [12.4804],
        [10.7836],
        [ 8.3582],
        [11.3281],
        [ 8.5846],
        [12.5462],
        [ 9.6531],
        [10.7230],
        [12.6150],
        [10.7033],
        [11.1910],
        [12.3126],
        [10.5731],
        [11.2293],
        [12.6402],
        [ 8.8113],
        [12.6941],
        [10.1833],
        [10.3185],
        [ 9.5322],
        [11.7798],
        [10.8550],
        [11.3450],
        [11.0121],
        [11.1091],
        [10.9711],
        [13.1142],
        [10.3599],
        [11.5761],
        [ 9.6194],
        [ 8.7227],
        [11.1377],
        [14.2034],
        [12.4111],
        [ 9.3236],
        [10.8173],
        [ 8.0123],
        [13.2657],
        [ 9.9259],
        [12.9190],
        [ 9.2825],
        [ 8.9561],
        [10.3537],
        [12.2763],
        [ 9.8984],
        [10.7397],
        [10.4790],
        [11.5213],
        [11.6880],
        [11.4144],
        [11.9207],
        [10.5759],
        [ 9.5449],
        [ 9.0200],
        [ 9.3459],
        [ 7.2716],
        [10.8549],
        [ 8.0175],
        [11.7621],
        [12.2081],
        [ 9.3535],
        [10.2868],
        [11.6740],
        [ 9.6106],
        [11.3118],
        [10.5317],
        [11.2906],
        [12.3789],
        [10.4411],
        [10.3005],
        [11.2657],
        [ 9.7102],
        [ 9.9779],
        [10.8714],
        [11.9459],
        [ 9.5738],
        [10.5543],
        [14.0682],
        [11.0070],
        [12.8307],
        [11.2055],
        [10.7292],
        [10.7806],
        [12.5612],
        [12.7508],
        [11.8507],
        [11.4409],
        [11.0003],
        [ 9.9683],
        [11.9398],
        [ 8.1860],
        [ 7.8399],
        [ 9.3403]], device='cuda:0')
[Debug] Reward mean: 10.8237, std: 1.3766
[Debug] actions_exp max:
0.9984260201454163
min:
-0.9975809454917908
[Debug] actions_exp max:
0.9984260201454163
min:
-0.9975809454917908
[Debug] actions_exp max:
0.9984260201454163
min:
-0.9975809454917908
[Debug] actions_exp max:
0.9984260201454163
min:
-0.9975809454917908
[Debug] actions_exp max:
0.9984260201454163
min:
-0.9975809454917908
[Debug] actions_exp max:
0.9984260201454163
min:
-0.9975809454917908
[Debug] actions_exp max:
0.9984260201454163
min:
-0.9975809454917908
[Debug] actions_exp max:
0.9984260201454163
min:
-0.9975809454917908
[Debug] actions_exp max:
0.9984260201454163
min:
-0.9975809454917908
[Debug] actions_exp max:
0.9984260201454163
min:
-0.9975809454917908
[Debug] actions_exp max:
0.9984260201454163
min:
-0.9975809454917908
[Debug] actions_exp max:
0.9984260201454163
min:
-0.9975809454917908
[Debug] actions_exp max:
0.9984260201454163
min:
-0.9975809454917908
[Debug] actions_exp max:
0.9984260201454163
min:
-0.9975809454917908
[Debug] actions_exp max:
0.9984260201454163
min:
-0.9975809454917908
[Debug] actions_exp max:
0.9984260201454163
min:
-0.9975809454917908
[Debug] actions_exp max:
0.9984260201454163
min:
-0.9975809454917908
[Debug] actions_exp max:
0.9984260201454163
min:
-0.9975809454917908
[Debug] actions_exp max:
0.9984260201454163
min:
-0.9975809454917908
[Debug] actions_exp max:
0.9984260201454163
min:
-0.9975809454917908
[Debug] actions_exp max:
0.9984260201454163
min:
-0.9975809454917908
[Debug] actions_exp max:
0.9984260201454163
min:
-0.9975809454917908
[Debug] actions_exp max:
0.9984260201454163
min:
-0.9975809454917908
[Debug] actions_exp max:
0.9984260201454163
min:
-0.9975809454917908
[Debug] actions_exp max:
0.9984260201454163
min:
-0.9975809454917908
[Debug] actions_exp max:
0.9984260201454163
min:
-0.9975809454917908
[Debug] actions_exp max:
0.9984260201454163
min:
-0.9975809454917908
[Debug] actions_exp max:
0.9984260201454163
min:
-0.9975809454917908
[Debug] actions_exp max:
0.9984260201454163
min:
-0.9975809454917908
[Debug] actions_exp max:
0.9984260201454163
min:
-0.9975809454917908
[Debug] actions_exp max:
0.9984260201454163
min:
-0.9975809454917908
[Debug] actions_exp max:
0.9984260201454163
min:
-0.9975809454917908
[Debug] actions_exp max:
0.9984260201454163
min:
-0.9975809454917908
[Debug] actions_exp max:
0.9984260201454163
min:
-0.9975809454917908
[Debug] actions_exp max:
0.9984260201454163
min:
-0.9975809454917908
[Debug] actions_exp max:
0.9984260201454163
min:
-0.9975809454917908
[Debug] actions_exp max:
0.9984260201454163
min:
-0.9975809454917908
[Debug] actions_exp max:
0.9984260201454163
min:
-0.9975809454917908
[Debug] actions_exp max:
0.9984260201454163
min:
-0.9975809454917908
[Debug] actions_exp max:
0.9984260201454163
min:
-0.9975809454917908
[Debug] actions_exp max:
0.9984260201454163
min:
-0.9975809454917908
[Debug] actions_exp max:
0.9984260201454163
min:
-0.9975809454917908
[Debug] actions_exp max:
0.9984260201454163
min:
-0.9975809454917908
[Debug] actions_exp max:
0.9984260201454163
min:
-0.9975809454917908
[Debug] actions_exp max:
0.9984260201454163
min:
-0.9975809454917908
[Debug] actions_exp max:
0.9984260201454163
min:
-0.9975809454917908
[Debug] actions_exp max:
0.9984260201454163
min:
-0.9975809454917908
[Debug] actions_exp max:
0.9984260201454163
min:
-0.9975809454917908
[Debug] actions_exp max:
0.9984260201454163
min:
-0.9975809454917908
[Debug] actions_exp max:
0.9984260201454163
min:
-0.9975809454917908
Step 1001, t=1, state shape: (33,)
RolloutBuffer: _n=100, _p=1, total_size=100
Step 1002, t=1, state shape: (33,)
RolloutBuffer: _n=100, _p=2, total_size=100
Step 1003, t=1, state shape: (33,)
RolloutBuffer: _n=100, _p=3, total_size=100
Step 1004, t=1, state shape: (33,)
RolloutBuffer: _n=100, _p=4, total_size=100
Step 1005, t=1, state shape: (33,)
RolloutBuffer: _n=100, _p=5, total_size=100
Step 1006, t=1, state shape: (33,)
RolloutBuffer: _n=100, _p=6, total_size=100
Step 1007, t=1, state shape: (33,)
RolloutBuffer: _n=100, _p=7, total_size=100
Step 1008, t=1, state shape: (33,)
RolloutBuffer: _n=100, _p=8, total_size=100
Step 1009, t=1, state shape: (33,)
RolloutBuffer: _n=100, _p=9, total_size=100
Step 1010, t=1, state shape: (33,)
RolloutBuffer: _n=100, _p=10, total_size=100
Step 1011, t=1, state shape: (33,)
RolloutBuffer: _n=100, _p=11, total_size=100
Step 1012, t=1, state shape: (33,)
RolloutBuffer: _n=100, _p=12, total_size=100
Step 1013, t=1, state shape: (33,)
RolloutBuffer: _n=100, _p=13, total_size=100
Step 1014, t=1, state shape: (33,)
RolloutBuffer: _n=100, _p=14, total_size=100
Step 1015, t=1, state shape: (33,)
RolloutBuffer: _n=100, _p=15, total_size=100
Step 1016, t=1, state shape: (33,)
RolloutBuffer: _n=100, _p=16, total_size=100
Step 1017, t=1, state shape: (33,)
RolloutBuffer: _n=100, _p=17, total_size=100
Step 1018, t=1, state shape: (33,)
RolloutBuffer: _n=100, _p=18, total_size=100
Step 1019, t=1, state shape: (33,)
RolloutBuffer: _n=100, _p=19, total_size=100
Step 1020, t=1, state shape: (33,)
RolloutBuffer: _n=100, _p=20, total_size=100
Step 1021, t=1, state shape: (33,)
RolloutBuffer: _n=100, _p=21, total_size=100
Step 1022, t=1, state shape: (33,)
RolloutBuffer: _n=100, _p=22, total_size=100
Step 1023, t=1, state shape: (33,)
RolloutBuffer: _n=100, _p=23, total_size=100
Step 1024, t=1, state shape: (33,)
RolloutBuffer: _n=100, _p=24, total_size=100
Step 1025, t=1, state shape: (33,)
RolloutBuffer: _n=100, _p=25, total_size=100
Step 1026, t=1, state shape: (33,)
RolloutBuffer: _n=100, _p=26, total_size=100
Step 1027, t=1, state shape: (33,)
RolloutBuffer: _n=100, _p=27, total_size=100
Step 1028, t=1, state shape: (33,)
RolloutBuffer: _n=100, _p=28, total_size=100
Step 1029, t=1, state shape: (33,)
RolloutBuffer: _n=100, _p=29, total_size=100
Step 1030, t=1, state shape: (33,)
RolloutBuffer: _n=100, _p=30, total_size=100
Step 1031, t=1, state shape: (33,)
RolloutBuffer: _n=100, _p=31, total_size=100
Step 1032, t=1, state shape: (33,)
RolloutBuffer: _n=100, _p=32, total_size=100
Step 1033, t=1, state shape: (33,)
RolloutBuffer: _n=100, _p=33, total_size=100
Step 1034, t=1, state shape: (33,)
RolloutBuffer: _n=100, _p=34, total_size=100
Step 1035, t=1, state shape: (33,)
RolloutBuffer: _n=100, _p=35, total_size=100
Step 1036, t=1, state shape: (33,)
RolloutBuffer: _n=100, _p=36, total_size=100
Step 1037, t=1, state shape: (33,)
RolloutBuffer: _n=100, _p=37, total_size=100
Step 1038, t=1, state shape: (33,)
RolloutBuffer: _n=100, _p=38, total_size=100
Step 1039, t=1, state shape: (33,)
RolloutBuffer: _n=100, _p=39, total_size=100
Step 1040, t=1, state shape: (33,)
RolloutBuffer: _n=100, _p=40, total_size=100
Step 1041, t=1, state shape: (33,)
RolloutBuffer: _n=100, _p=41, total_size=100
Step 1042, t=1, state shape: (33,)
RolloutBuffer: _n=100, _p=42, total_size=100
Step 1043, t=1, state shape: (33,)
RolloutBuffer: _n=100, _p=43, total_size=100
Step 1044, t=1, state shape: (33,)
RolloutBuffer: _n=100, _p=44, total_size=100
Step 1045, t=1, state shape: (33,)
RolloutBuffer: _n=100, _p=45, total_size=100
Step 1046, t=1, state shape: (33,)
RolloutBuffer: _n=100, _p=46, total_size=100
Step 1047, t=1, state shape: (33,)
RolloutBuffer: _n=100, _p=47, total_size=100
Step 1048, t=1, state shape: (33,)
RolloutBuffer: _n=100, _p=48, total_size=100
Step 1049, t=1, state shape: (33,)
RolloutBuffer: _n=100, _p=49, total_size=100
Step 1050, t=1, state shape: (33,)
RolloutBuffer: _n=100, _p=50, total_size=100
Step 1051, t=1, state shape: (33,)
RolloutBuffer: _n=100, _p=51, total_size=100
Step 1052, t=1, state shape: (33,)
RolloutBuffer: _n=100, _p=52, total_size=100
Step 1053, t=1, state shape: (33,)
RolloutBuffer: _n=100, _p=53, total_size=100
Step 1054, t=1, state shape: (33,)
RolloutBuffer: _n=100, _p=54, total_size=100
Step 1055, t=1, state shape: (33,)
RolloutBuffer: _n=100, _p=55, total_size=100
Step 1056, t=1, state shape: (33,)
RolloutBuffer: _n=100, _p=56, total_size=100
Step 1057, t=1, state shape: (33,)
RolloutBuffer: _n=100, _p=57, total_size=100
Step 1058, t=1, state shape: (33,)
RolloutBuffer: _n=100, _p=58, total_size=100
Step 1059, t=1, state shape: (33,)
RolloutBuffer: _n=100, _p=59, total_size=100
Step 1060, t=1, state shape: (33,)
RolloutBuffer: _n=100, _p=60, total_size=100
Step 1061, t=1, state shape: (33,)
RolloutBuffer: _n=100, _p=61, total_size=100
Step 1062, t=1, state shape: (33,)
RolloutBuffer: _n=100, _p=62, total_size=100
Step 1063, t=1, state shape: (33,)
RolloutBuffer: _n=100, _p=63, total_size=100
Step 1064, t=1, state shape: (33,)
RolloutBuffer: _n=100, _p=64, total_size=100
Step 1065, t=1, state shape: (33,)
RolloutBuffer: _n=100, _p=65, total_size=100
Step 1066, t=1, state shape: (33,)
RolloutBuffer: _n=100, _p=66, total_size=100
Step 1067, t=1, state shape: (33,)
RolloutBuffer: _n=100, _p=67, total_size=100
Step 1068, t=1, state shape: (33,)
RolloutBuffer: _n=100, _p=68, total_size=100
Step 1069, t=1, state shape: (33,)
RolloutBuffer: _n=100, _p=69, total_size=100
Step 1070, t=1, state shape: (33,)
RolloutBuffer: _n=100, _p=70, total_size=100
Step 1071, t=1, state shape: (33,)
RolloutBuffer: _n=100, _p=71, total_size=100
Step 1072, t=1, state shape: (33,)
RolloutBuffer: _n=100, _p=72, total_size=100
Step 1073, t=1, state shape: (33,)
RolloutBuffer: _n=100, _p=73, total_size=100
Step 1074, t=1, state shape: (33,)
RolloutBuffer: _n=100, _p=74, total_size=100
Step 1075, t=1, state shape: (33,)
RolloutBuffer: _n=100, _p=75, total_size=100
Step 1076, t=1, state shape: (33,)
RolloutBuffer: _n=100, _p=76, total_size=100
Step 1077, t=1, state shape: (33,)
RolloutBuffer: _n=100, _p=77, total_size=100
Step 1078, t=1, state shape: (33,)
RolloutBuffer: _n=100, _p=78, total_size=100
Step 1079, t=1, state shape: (33,)
RolloutBuffer: _n=100, _p=79, total_size=100
Step 1080, t=1, state shape: (33,)
RolloutBuffer: _n=100, _p=80, total_size=100
Step 1081, t=1, state shape: (33,)
RolloutBuffer: _n=100, _p=81, total_size=100
Step 1082, t=1, state shape: (33,)
RolloutBuffer: _n=100, _p=82, total_size=100
Step 1083, t=1, state shape: (33,)
RolloutBuffer: _n=100, _p=83, total_size=100
Step 1084, t=1, state shape: (33,)
RolloutBuffer: _n=100, _p=84, total_size=100
Step 1085, t=1, state shape: (33,)
RolloutBuffer: _n=100, _p=85, total_size=100
Step 1086, t=1, state shape: (33,)
RolloutBuffer: _n=100, _p=86, total_size=100
Step 1087, t=1, state shape: (33,)
RolloutBuffer: _n=100, _p=87, total_size=100
Step 1088, t=1, state shape: (33,)
RolloutBuffer: _n=100, _p=88, total_size=100
Step 1089, t=1, state shape: (33,)
RolloutBuffer: _n=100, _p=89, total_size=100
Step 1090, t=1, state shape: (33,)
RolloutBuffer: _n=100, _p=90, total_size=100
Step 1091, t=1, state shape: (33,)
RolloutBuffer: _n=100, _p=91, total_size=100
Step 1092, t=1, state shape: (33,)
RolloutBuffer: _n=100, _p=92, total_size=100
Step 1093, t=1, state shape: (33,)
RolloutBuffer: _n=100, _p=93, total_size=100
Step 1094, t=1, state shape: (33,)
RolloutBuffer: _n=100, _p=94, total_size=100
Step 1095, t=1, state shape: (33,)
RolloutBuffer: _n=100, _p=95, total_size=100
Step 1096, t=1, state shape: (33,)
RolloutBuffer: _n=100, _p=96, total_size=100
Step 1097, t=1, state shape: (33,)
RolloutBuffer: _n=100, _p=97, total_size=100
Step 1098, t=1, state shape: (33,)
RolloutBuffer: _n=100, _p=98, total_size=100
Step 1099, t=1, state shape: (33,)
RolloutBuffer: _n=100, _p=99, total_size=100
Step 1100, t=1, state shape: (33,)
RolloutBuffer: _n=100, _p=0, total_size=100
[Debug] Log probabilities of current policy actions: tensor([[ -9.7906],
        [-13.2283],
        [-12.7418],
        [-11.9518],
        [-11.6222],
        [-12.6840],
        [-11.5466],
        [-12.8549],
        [-11.8979],
        [-12.7225],
        [-12.3453],
        [-10.0276],
        [-12.5262],
        [ -9.7086],
        [-11.6550],
        [-11.4151],
        [-12.9228],
        [-11.9615],
        [-11.9518],
        [-11.8291],
        [-12.5750],
        [-11.6222],
        [-11.8291],
        [-11.8050],
        [-11.9096],
        [-12.2587],
        [-12.0957],
        [-10.4737],
        [-11.4295],
        [-11.7809],
        [-12.0171],
        [-11.6853],
        [-12.8404],
        [-11.4295],
        [-11.9518],
        [-11.4295],
        [-11.3777],
        [-13.2239],
        [-12.8122],
        [-11.9518],
        [-13.2239],
        [-12.3453],
        [-10.9943],
        [ -8.9316],
        [-13.1665],
        [-12.3647],
        [-12.9190],
        [-12.5750],
        [-13.0194],
        [-11.4151],
        [-11.3619],
        [-11.8882],
        [-12.7418],
        [-13.2239],
        [-11.8214],
        [-12.5750],
        [-10.5357],
        [-12.1656],
        [-11.0251],
        [-11.6222],
        [-12.9190],
        [-10.6100],
        [-11.4295],
        [-11.3777]], device='cuda:0')
[Debug] actions_exp max:
1.0000001192092896
min:
-1.0000001192092896
[Debug] Log probabilities of expert actions: tensor([[-11.7331],
        [-13.7815],
        [-27.0254],
        [-25.4823],
        [-13.6998],
        [-13.1564],
        [-25.4314],
        [-11.5084],
        [-25.0080],
        [-13.3667],
        [-14.8084],
        [-14.2126],
        [-12.8010],
        [-14.2414],
        [-14.7567],
        [-14.7402],
        [-28.1635],
        [-12.7525],
        [-13.4371],
        [-12.0285],
        [-14.6653],
        [-13.1414],
        [-13.6076],
        [-14.9806],
        [-12.9144],
        [-12.8912],
        [-29.1806],
        [-13.2916],
        [-26.6872],
        [-13.1764],
        [-12.2804],
        [-29.2898],
        [-13.7843],
        [-11.9053],
        [-12.1498],
        [-14.0039],
        [-13.5947],
        [-13.4638],
        [-13.3008],
        [-12.9274],
        [-11.9022],
        [-13.7732],
        [-12.9340],
        [-13.3866],
        [-12.0102],
        [-15.6823],
        [-14.6016],
        [-12.9708],
        [-13.6128],
        [-39.5021],
        [-13.1851],
        [-12.9407],
        [-12.9516],
        [-26.8695],
        [-13.4270],
        [-26.6814],
        [-13.4736],
        [-13.1575],
        [-13.1354],
        [-12.3873],
        [-24.0029],
        [-13.2456],
        [-14.3574],
        [-12.7897]], device='cuda:0')
[Debug] Log probabilities of current policy actions: tensor([[-11.9615],
        [-12.9228],
        [-13.2283],
        [-11.3296],
        [-10.3708],
        [-11.2704],
        [-10.5357],
        [-11.6550],
        [-10.9943],
        [-13.3965],
        [-12.4526],
        [-11.6550],
        [ -9.8467],
        [-12.8617],
        [-13.8952],
        [-10.6168],
        [-13.3963],
        [-11.8214],
        [-13.0647],
        [-11.9615],
        [-11.8050],
        [-12.5262],
        [ -9.8467],
        [-10.9476],
        [-12.9228],
        [-11.1793],
        [-11.7809],
        [-10.4737],
        [-12.3647],
        [-13.0647],
        [-11.9067],
        [-11.3918],
        [ -9.8467],
        [-11.8214],
        [ -9.9831],
        [-11.8979],
        [-12.8315],
        [ -9.8467],
        [-13.2283],
        [-12.0957],
        [-11.6222],
        [-11.7809],
        [-11.7109],
        [-13.2283],
        [-13.2283],
        [-13.3963],
        [-13.2283],
        [-11.6356],
        [-10.5962],
        [-12.5151],
        [-11.0251],
        [-13.8952],
        [-11.2905],
        [-12.8549],
        [-10.9943],
        [-10.0276],
        [-10.9476],
        [-10.6168],
        [-11.4149],
        [ -9.7086],
        [-10.9476],
        [-11.2543],
        [ -9.7906],
        [-12.1656]], device='cuda:0')
[Debug] actions_exp max:
1.0000001192092896
min:
-1.0
[Debug] Log probabilities of expert actions: tensor([[-13.0601],
        [-13.1377],
        [-13.2693],
        [-12.5180],
        [-11.9047],
        [-12.8478],
        [-14.2146],
        [-13.2851],
        [-12.9784],
        [-13.3070],
        [-13.6647],
        [-11.6945],
        [-13.3489],
        [-13.0238],
        [-13.2861],
        [-13.1511],
        [-13.1938],
        [-13.7080],
        [-14.8846],
        [-12.7483],
        [-43.6783],
        [-25.3603],
        [-13.7287],
        [-14.6082],
        [-12.6061],
        [-13.7637],
        [-12.6061],
        [-11.9113],
        [-13.0470],
        [-25.0046],
        [-13.1157],
        [-13.0365],
        [-24.0029],
        [-14.8261],
        [-29.2536],
        [-12.8968],
        [-12.9311],
        [-12.4196],
        [-12.8278],
        [-13.4191],
        [-11.7729],
        [-28.1635],
        [-12.5942],
        [-12.7561],
        [-14.8107],
        [-13.5504],
        [-12.4374],
        [-11.8873],
        [-12.8384],
        [-26.2405],
        [-29.2688],
        [-12.6348],
        [-12.9452],
        [-11.7839],
        [-29.1909],
        [-16.7862],
        [-14.0220],
        [-11.9046],
        [-13.5389],
        [-13.6254],
        [-13.4483],
        [-13.1575],
        [-26.7378],
        [-12.7545]], device='cuda:0')
[Debug] Log probabilities of current policy actions: tensor([[ -9.7086],
        [-11.2905],
        [-12.1240],
        [-10.0276],
        [-11.9096],
        [ -9.6504],
        [ -9.7086],
        [-10.6100],
        [ -8.9316],
        [-11.1993],
        [-11.3867],
        [-12.7418],
        [-11.9882],
        [-10.9476],
        [-13.3963],
        [-12.5262],
        [-10.0276],
        [-12.8549],
        [-11.6356],
        [-11.3619],
        [-12.1417],
        [-12.4074],
        [-10.4737],
        [-12.8315],
        [-12.8404],
        [-11.3777],
        [ -9.3446],
        [-13.1665],
        [-11.8214],
        [-11.8854],
        [ -8.4399],
        [-11.1793],
        [-10.8812],
        [-11.6222],
        [-11.1793],
        [-11.4295],
        [-11.7109],
        [-11.3867],
        [-12.2587],
        [-11.2905],
        [-12.9190],
        [-11.6222],
        [-11.7219],
        [-13.2629],
        [-12.3453],
        [-11.0251],
        [-11.5466],
        [-11.3777],
        [-11.9615],
        [-11.9518],
        [-11.7809],
        [-12.8549],
        [-12.8122],
        [-11.3777],
        [-13.0647],
        [-11.9882],
        [-10.5962],
        [ -8.4399],
        [-14.0236],
        [-11.5651],
        [-10.3708],
        [-10.0276],
        [ -8.9316],
        [-12.1656]], device='cuda:0')
[Debug] actions_exp max:
1.0
min:
-1.0000001192092896
[Debug] Log probabilities of expert actions: tensor([[-13.1280],
        [-13.4985],
        [-13.8027],
        [-13.6126],
        [-12.9985],
        [-12.0369],
        [-27.5859],
        [-12.9390],
        [-13.2656],
        [-13.5832],
        [-11.5569],
        [-13.0693],
        [-11.6810],
        [-13.2142],
        [-12.8114],
        [-23.4393],
        [-13.6604],
        [-26.9143],
        [-13.1959],
        [-13.0187],
        [-13.8818],
        [-12.2470],
        [-13.4037],
        [-29.2397],
        [-12.8871],
        [-14.4191],
        [-13.5071],
        [-13.8813],
        [-11.4364],
        [-13.6126],
        [-17.1881],
        [-28.1635],
        [-12.1590],
        [-12.0119],
        [-13.7294],
        [-12.9773],
        [-13.3175],
        [-25.3611],
        [-17.2006],
        [-12.2928],
        [-13.4954],
        [-39.5434],
        [-11.4503],
        [-11.7219],
        [-13.1915],
        [-13.4771],
        [-13.9587],
        [-13.2762],
        [-13.2851],
        [-15.3936],
        [-27.0271],
        [-12.5465],
        [-13.9893],
        [-24.5468],
        [-13.5526],
        [-13.2573],
        [-11.7820],
        [-13.2436],
        [-14.6653],
        [-24.7730],
        [-13.0140],
        [-13.4445],
        [-11.6100],
        [-13.4132]], device='cuda:0')
[Debug] Rewards: tensor([[11.6884],
        [11.5056],
        [10.5002],
        [11.2701],
        [11.2752],
        [11.2953],
        [10.4660],
        [12.7238],
        [13.1072],
        [12.4096],
        [12.5395],
        [12.6059],
        [11.8716],
        [12.2908],
        [11.7716],
        [11.7930],
        [ 9.2281],
        [13.2799],
        [10.8788],
        [12.6252],
        [11.1737],
        [10.0628],
        [11.2983],
        [10.4192],
        [ 9.5920],
        [13.9070],
        [11.2985],
        [11.3120],
        [ 8.3235],
        [12.4584],
        [11.3129],
        [11.2130],
        [11.9791],
        [12.1421],
        [11.5943],
        [11.7688],
        [11.7901],
        [10.7646],
        [12.9481],
        [11.7048],
        [10.9085],
        [11.2611],
        [13.1117],
        [11.1739],
        [10.8310],
        [12.7149],
        [11.5190],
        [11.6643],
        [12.2481],
        [12.2287],
        [13.0499],
        [13.0622],
        [12.8062],
        [11.4485],
        [11.8449],
        [13.3553],
        [13.1463],
        [11.1538],
        [11.9005],
        [13.0308],
        [12.5674],
        [11.0827],
        [11.7813],
        [ 9.9110],
        [10.8778],
        [12.6956],
        [10.0818],
        [12.4101],
        [11.5384],
        [10.3571],
        [12.3359],
        [12.9028],
        [10.3884],
        [11.5687],
        [13.2797],
        [ 9.7301],
        [11.0443],
        [12.0490],
        [11.7125],
        [10.4796],
        [13.7786],
        [11.0627],
        [11.4300],
        [11.1377],
        [12.0074],
        [11.8352],
        [10.2542],
        [12.0251],
        [10.4934],
        [12.8024],
        [12.3985],
        [ 8.8151],
        [12.7383],
        [ 9.8665],
        [ 9.6740],
        [11.2453],
        [12.7451],
        [ 9.5339],
        [11.6053],
        [11.1227]], device='cuda:0')
[Debug] Reward mean: 11.6001, std: 1.1090
[Debug] actions_exp max:
0.9973470568656921
min:
-0.9983867406845093
[Debug] actions_exp max:
0.9973470568656921
min:
-0.9983867406845093
[Debug] actions_exp max:
0.9973470568656921
min:
-0.9983867406845093
[Debug] actions_exp max:
0.9973470568656921
min:
-0.9983867406845093
[Debug] actions_exp max:
0.9973470568656921
min:
-0.9983867406845093
[Debug] actions_exp max:
0.9973470568656921
min:
-0.9983867406845093
[Debug] actions_exp max:
0.9973470568656921
min:
-0.9983867406845093
[Debug] actions_exp max:
0.9973470568656921
min:
-0.9983867406845093
[Debug] actions_exp max:
0.9973470568656921
min:
-0.9983867406845093
[Debug] actions_exp max:
0.9973470568656921
min:
-0.9983867406845093
[Debug] actions_exp max:
0.9973470568656921
min:
-0.9983867406845093
[Debug] actions_exp max:
0.9973470568656921
min:
-0.9983867406845093
[Debug] actions_exp max:
0.9973470568656921
min:
-0.9983867406845093
[Debug] actions_exp max:
0.9973470568656921
min:
-0.9983867406845093
[Debug] actions_exp max:
0.9973470568656921
min:
-0.9983867406845093
[Debug] actions_exp max:
0.9973470568656921
min:
-0.9983867406845093
[Debug] actions_exp max:
0.9973470568656921
min:
-0.9983867406845093
[Debug] actions_exp max:
0.9973470568656921
min:
-0.9983867406845093
[Debug] actions_exp max:
0.9973470568656921
min:
-0.9983867406845093
[Debug] actions_exp max:
0.9973470568656921
min:
-0.9983867406845093
[Debug] actions_exp max:
0.9973470568656921
min:
-0.9983867406845093
[Debug] actions_exp max:
0.9973470568656921
min:
-0.9983867406845093
[Debug] actions_exp max:
0.9973470568656921
min:
-0.9983867406845093
[Debug] actions_exp max:
0.9973470568656921
min:
-0.9983867406845093
[Debug] actions_exp max:
0.9973470568656921
min:
-0.9983867406845093
[Debug] actions_exp max:
0.9973470568656921
min:
-0.9983867406845093
[Debug] actions_exp max:
0.9973470568656921
min:
-0.9983867406845093
[Debug] actions_exp max:
0.9973470568656921
min:
-0.9983867406845093
[Debug] actions_exp max:
0.9973470568656921
min:
-0.9983867406845093
[Debug] actions_exp max:
0.9973470568656921
min:
-0.9983867406845093
[Debug] actions_exp max:
0.9973470568656921
min:
-0.9983867406845093
[Debug] actions_exp max:
0.9973470568656921
min:
-0.9983867406845093
[Debug] actions_exp max:
0.9973470568656921
min:
-0.9983867406845093
[Debug] actions_exp max:
0.9973470568656921
min:
-0.9983867406845093
[Debug] actions_exp max:
0.9973470568656921
min:
-0.9983867406845093
[Debug] actions_exp max:
0.9973470568656921
min:
-0.9983867406845093
[Debug] actions_exp max:
0.9973470568656921
min:
-0.9983867406845093
[Debug] actions_exp max:
0.9973470568656921
min:
-0.9983867406845093
[Debug] actions_exp max:
0.9973470568656921
min:
-0.9983867406845093
[Debug] actions_exp max:
0.9973470568656921
min:
-0.9983867406845093
[Debug] actions_exp max:
0.9973470568656921
min:
-0.9983867406845093
[Debug] actions_exp max:
0.9973470568656921
min:
-0.9983867406845093
[Debug] actions_exp max:
0.9973470568656921
min:
-0.9983867406845093
[Debug] actions_exp max:
0.9973470568656921
min:
-0.9983867406845093
[Debug] actions_exp max:
0.9973470568656921
min:
-0.9983867406845093
[Debug] actions_exp max:
0.9973470568656921
min:
-0.9983867406845093
[Debug] actions_exp max:
0.9973470568656921
min:
-0.9983867406845093
[Debug] actions_exp max:
0.9973470568656921
min:
-0.9983867406845093
[Debug] actions_exp max:
0.9973470568656921
min:
-0.9983867406845093
[Debug] actions_exp max:
0.9973470568656921
min:
-0.9983867406845093
Step 1101, t=1, state shape: (33,)
RolloutBuffer: _n=100, _p=1, total_size=100
Step 1102, t=1, state shape: (33,)
RolloutBuffer: _n=100, _p=2, total_size=100
Step 1103, t=1, state shape: (33,)
RolloutBuffer: _n=100, _p=3, total_size=100
Step 1104, t=1, state shape: (33,)
RolloutBuffer: _n=100, _p=4, total_size=100
Step 1105, t=1, state shape: (33,)
RolloutBuffer: _n=100, _p=5, total_size=100
Step 1106, t=1, state shape: (33,)
RolloutBuffer: _n=100, _p=6, total_size=100
Step 1107, t=1, state shape: (33,)
RolloutBuffer: _n=100, _p=7, total_size=100
Step 1108, t=1, state shape: (33,)
RolloutBuffer: _n=100, _p=8, total_size=100
Step 1109, t=1, state shape: (33,)
RolloutBuffer: _n=100, _p=9, total_size=100
Step 1110, t=1, state shape: (33,)
RolloutBuffer: _n=100, _p=10, total_size=100
Step 1111, t=1, state shape: (33,)
RolloutBuffer: _n=100, _p=11, total_size=100
Step 1112, t=1, state shape: (33,)
RolloutBuffer: _n=100, _p=12, total_size=100
Step 1113, t=1, state shape: (33,)
RolloutBuffer: _n=100, _p=13, total_size=100
Step 1114, t=1, state shape: (33,)
RolloutBuffer: _n=100, _p=14, total_size=100
Step 1115, t=1, state shape: (33,)
RolloutBuffer: _n=100, _p=15, total_size=100
Step 1116, t=1, state shape: (33,)
RolloutBuffer: _n=100, _p=16, total_size=100
Step 1117, t=1, state shape: (33,)
RolloutBuffer: _n=100, _p=17, total_size=100
Step 1118, t=1, state shape: (33,)
RolloutBuffer: _n=100, _p=18, total_size=100
Step 1119, t=1, state shape: (33,)
RolloutBuffer: _n=100, _p=19, total_size=100
Step 1120, t=1, state shape: (33,)
RolloutBuffer: _n=100, _p=20, total_size=100
Step 1121, t=1, state shape: (33,)
RolloutBuffer: _n=100, _p=21, total_size=100
Step 1122, t=1, state shape: (33,)
RolloutBuffer: _n=100, _p=22, total_size=100
Step 1123, t=1, state shape: (33,)
RolloutBuffer: _n=100, _p=23, total_size=100
Step 1124, t=1, state shape: (33,)
RolloutBuffer: _n=100, _p=24, total_size=100
Step 1125, t=1, state shape: (33,)
RolloutBuffer: _n=100, _p=25, total_size=100
Step 1126, t=1, state shape: (33,)
RolloutBuffer: _n=100, _p=26, total_size=100
Step 1127, t=1, state shape: (33,)
RolloutBuffer: _n=100, _p=27, total_size=100
Step 1128, t=1, state shape: (33,)
RolloutBuffer: _n=100, _p=28, total_size=100
Step 1129, t=1, state shape: (33,)
RolloutBuffer: _n=100, _p=29, total_size=100
Step 1130, t=1, state shape: (33,)
RolloutBuffer: _n=100, _p=30, total_size=100
Step 1131, t=1, state shape: (33,)
RolloutBuffer: _n=100, _p=31, total_size=100
Step 1132, t=1, state shape: (33,)
RolloutBuffer: _n=100, _p=32, total_size=100
Step 1133, t=1, state shape: (33,)
RolloutBuffer: _n=100, _p=33, total_size=100
Step 1134, t=1, state shape: (33,)
RolloutBuffer: _n=100, _p=34, total_size=100
Step 1135, t=1, state shape: (33,)
RolloutBuffer: _n=100, _p=35, total_size=100
Step 1136, t=1, state shape: (33,)
RolloutBuffer: _n=100, _p=36, total_size=100
Step 1137, t=1, state shape: (33,)
RolloutBuffer: _n=100, _p=37, total_size=100
Step 1138, t=1, state shape: (33,)
RolloutBuffer: _n=100, _p=38, total_size=100
Step 1139, t=1, state shape: (33,)
RolloutBuffer: _n=100, _p=39, total_size=100
Step 1140, t=1, state shape: (33,)
RolloutBuffer: _n=100, _p=40, total_size=100
Step 1141, t=1, state shape: (33,)
RolloutBuffer: _n=100, _p=41, total_size=100
Step 1142, t=1, state shape: (33,)
RolloutBuffer: _n=100, _p=42, total_size=100
Step 1143, t=1, state shape: (33,)
RolloutBuffer: _n=100, _p=43, total_size=100
Step 1144, t=1, state shape: (33,)
RolloutBuffer: _n=100, _p=44, total_size=100
Step 1145, t=1, state shape: (33,)
RolloutBuffer: _n=100, _p=45, total_size=100
Step 1146, t=1, state shape: (33,)
RolloutBuffer: _n=100, _p=46, total_size=100
Step 1147, t=1, state shape: (33,)
RolloutBuffer: _n=100, _p=47, total_size=100
Step 1148, t=1, state shape: (33,)
RolloutBuffer: _n=100, _p=48, total_size=100
Step 1149, t=1, state shape: (33,)
RolloutBuffer: _n=100, _p=49, total_size=100
Step 1150, t=1, state shape: (33,)
RolloutBuffer: _n=100, _p=50, total_size=100
Step 1151, t=1, state shape: (33,)
RolloutBuffer: _n=100, _p=51, total_size=100
Step 1152, t=1, state shape: (33,)
RolloutBuffer: _n=100, _p=52, total_size=100
Step 1153, t=1, state shape: (33,)
RolloutBuffer: _n=100, _p=53, total_size=100
Step 1154, t=1, state shape: (33,)
RolloutBuffer: _n=100, _p=54, total_size=100
Step 1155, t=1, state shape: (33,)
RolloutBuffer: _n=100, _p=55, total_size=100
Step 1156, t=1, state shape: (33,)
RolloutBuffer: _n=100, _p=56, total_size=100
Step 1157, t=1, state shape: (33,)
RolloutBuffer: _n=100, _p=57, total_size=100
Step 1158, t=1, state shape: (33,)
RolloutBuffer: _n=100, _p=58, total_size=100
Step 1159, t=1, state shape: (33,)
RolloutBuffer: _n=100, _p=59, total_size=100
Step 1160, t=1, state shape: (33,)
RolloutBuffer: _n=100, _p=60, total_size=100
Step 1161, t=1, state shape: (33,)
RolloutBuffer: _n=100, _p=61, total_size=100
Step 1162, t=1, state shape: (33,)
RolloutBuffer: _n=100, _p=62, total_size=100
Step 1163, t=1, state shape: (33,)
RolloutBuffer: _n=100, _p=63, total_size=100
Step 1164, t=1, state shape: (33,)
RolloutBuffer: _n=100, _p=64, total_size=100
Step 1165, t=1, state shape: (33,)
RolloutBuffer: _n=100, _p=65, total_size=100
Step 1166, t=1, state shape: (33,)
RolloutBuffer: _n=100, _p=66, total_size=100
Step 1167, t=1, state shape: (33,)
RolloutBuffer: _n=100, _p=67, total_size=100
Step 1168, t=1, state shape: (33,)
RolloutBuffer: _n=100, _p=68, total_size=100
Step 1169, t=1, state shape: (33,)
RolloutBuffer: _n=100, _p=69, total_size=100
Step 1170, t=1, state shape: (33,)
RolloutBuffer: _n=100, _p=70, total_size=100
Step 1171, t=1, state shape: (33,)
RolloutBuffer: _n=100, _p=71, total_size=100
Step 1172, t=1, state shape: (33,)
RolloutBuffer: _n=100, _p=72, total_size=100
Step 1173, t=1, state shape: (33,)
RolloutBuffer: _n=100, _p=73, total_size=100
Step 1174, t=1, state shape: (33,)
RolloutBuffer: _n=100, _p=74, total_size=100
Step 1175, t=1, state shape: (33,)
RolloutBuffer: _n=100, _p=75, total_size=100
Step 1176, t=1, state shape: (33,)
RolloutBuffer: _n=100, _p=76, total_size=100
Step 1177, t=1, state shape: (33,)
RolloutBuffer: _n=100, _p=77, total_size=100
Step 1178, t=1, state shape: (33,)
RolloutBuffer: _n=100, _p=78, total_size=100
Step 1179, t=1, state shape: (33,)
RolloutBuffer: _n=100, _p=79, total_size=100
Step 1180, t=1, state shape: (33,)
RolloutBuffer: _n=100, _p=80, total_size=100
Step 1181, t=1, state shape: (33,)
RolloutBuffer: _n=100, _p=81, total_size=100
Step 1182, t=1, state shape: (33,)
RolloutBuffer: _n=100, _p=82, total_size=100
Step 1183, t=1, state shape: (33,)
RolloutBuffer: _n=100, _p=83, total_size=100
Step 1184, t=1, state shape: (33,)
RolloutBuffer: _n=100, _p=84, total_size=100
Step 1185, t=1, state shape: (33,)
RolloutBuffer: _n=100, _p=85, total_size=100
Step 1186, t=1, state shape: (33,)
RolloutBuffer: _n=100, _p=86, total_size=100
Step 1187, t=1, state shape: (33,)
RolloutBuffer: _n=100, _p=87, total_size=100
Step 1188, t=1, state shape: (33,)
RolloutBuffer: _n=100, _p=88, total_size=100
Step 1189, t=1, state shape: (33,)
RolloutBuffer: _n=100, _p=89, total_size=100
Step 1190, t=1, state shape: (33,)
RolloutBuffer: _n=100, _p=90, total_size=100
Step 1191, t=1, state shape: (33,)
RolloutBuffer: _n=100, _p=91, total_size=100
Step 1192, t=1, state shape: (33,)
RolloutBuffer: _n=100, _p=92, total_size=100
Step 1193, t=1, state shape: (33,)
RolloutBuffer: _n=100, _p=93, total_size=100
Step 1194, t=1, state shape: (33,)
RolloutBuffer: _n=100, _p=94, total_size=100
Step 1195, t=1, state shape: (33,)
RolloutBuffer: _n=100, _p=95, total_size=100
Step 1196, t=1, state shape: (33,)
RolloutBuffer: _n=100, _p=96, total_size=100
Step 1197, t=1, state shape: (33,)
RolloutBuffer: _n=100, _p=97, total_size=100
Step 1198, t=1, state shape: (33,)
RolloutBuffer: _n=100, _p=98, total_size=100
Step 1199, t=1, state shape: (33,)
RolloutBuffer: _n=100, _p=99, total_size=100
Step 1200, t=1, state shape: (33,)
RolloutBuffer: _n=100, _p=0, total_size=100
[Debug] Log probabilities of current policy actions: tensor([[-12.3374],
        [-12.9483],
        [-12.7198],
        [-13.2373],
        [-13.1966],
        [-11.6600],
        [-11.0514],
        [-11.8317],
        [-12.6192],
        [-12.1194],
        [-12.4423],
        [-11.0121],
        [-12.4572],
        [-12.5491],
        [-12.9483],
        [-12.7690],
        [-13.4063],
        [-12.4946],
        [-13.2153],
        [-13.7758],
        [-13.2373],
        [-10.7741],
        [-13.1966],
        [-14.6638],
        [-12.1076],
        [-12.9158],
        [-13.9196],
        [-13.7758],
        [-10.2495],
        [-13.2153],
        [-12.4673],
        [-12.0046],
        [-12.3346],
        [-12.6483],
        [-12.3374],
        [-11.5582],
        [-10.4082],
        [-11.8161],
        [-11.6600],
        [-13.1966],
        [-12.3374],
        [-12.0297],
        [-10.4269],
        [-11.6600],
        [-11.4195],
        [-10.7741],
        [-13.6521],
        [-14.6638],
        [-12.4572],
        [-12.5966],
        [-13.2373],
        [-12.8866],
        [-12.4946],
        [-12.0658],
        [-13.6521],
        [-13.2373],
        [-12.9124],
        [-12.3682],
        [-11.6004],
        [-12.4673],
        [ -9.6636],
        [-10.8294],
        [-11.8182],
        [-12.4423]], device='cuda:0')
[Debug] actions_exp max:
1.0000001192092896
min:
-1.0
[Debug] Log probabilities of expert actions: tensor([[-13.0379],
        [-14.2053],
        [-13.2372],
        [-24.5081],
        [-12.9927],
        [-24.2279],
        [-12.9646],
        [-12.9668],
        [-13.1641],
        [-13.7459],
        [-28.8273],
        [-13.2213],
        [-13.3608],
        [-11.4247],
        [-12.2833],
        [-14.0094],
        [-12.7720],
        [-12.5408],
        [-14.4145],
        [-11.9052],
        [-13.0894],
        [-13.5260],
        [-14.1614],
        [-12.8739],
        [-11.6113],
        [-26.7588],
        [-26.4579],
        [-13.3000],
        [-14.2513],
        [-11.6515],
        [-38.6484],
        [-14.0094],
        [-14.0213],
        [-13.1539],
        [-13.0066],
        [-12.9445],
        [-28.6203],
        [-43.9154],
        [-43.9729],
        [-14.0837],
        [-14.6809],
        [-12.6002],
        [-13.1915],
        [-12.4973],
        [-11.9542],
        [-13.0388],
        [-13.0164],
        [-11.3421],
        [-15.8761],
        [-26.8709],
        [-12.8894],
        [-11.9147],
        [-15.0921],
        [-12.9807],
        [-24.9785],
        [-12.1257],
        [-13.0857],
        [-13.8915],
        [-12.3516],
        [-13.5213],
        [-13.3154],
        [-13.2841],
        [-13.3940],
        [-13.1107]], device='cuda:0')
[Debug] Log probabilities of current policy actions: tensor([[-12.3318],
        [-11.9597],
        [-10.4082],
        [-12.6192],
        [-14.6638],
        [-11.6203],
        [-13.2153],
        [-12.4946],
        [-11.8161],
        [-12.3318],
        [ -9.8153],
        [ -9.6740],
        [-12.0297],
        [-11.6942],
        [ -9.9420],
        [-12.4572],
        [-12.4423],
        [-12.1076],
        [-13.5686],
        [-11.3112],
        [-12.7198],
        [-10.4082],
        [-11.0514],
        [-11.5896],
        [ -9.6740],
        [-10.2495],
        [-12.3916],
        [-10.4061],
        [-11.6004],
        [-12.7690],
        [-12.6649],
        [-14.6638],
        [-13.4063],
        [-12.4673],
        [-11.9379],
        [-11.8317],
        [-12.9202],
        [-12.9483],
        [-11.0121],
        [-10.2495],
        [-10.4061],
        [-12.7690],
        [-12.5491],
        [-10.2495],
        [ -9.8153],
        [-12.0658],
        [-12.3374],
        [-14.3825],
        [-12.0585],
        [-11.3112],
        [-12.1186],
        [ -9.9420],
        [-10.7741],
        [-12.8866],
        [-10.9301],
        [-12.8686],
        [-12.0046],
        [-12.8816],
        [ -9.9748],
        [-12.1194],
        [-10.9301],
        [-12.4423],
        [-11.4092],
        [-11.6004]], device='cuda:0')
[Debug] actions_exp max:
1.0000001192092896
min:
-1.0
[Debug] Log probabilities of expert actions: tensor([[-13.5564],
        [-11.9785],
        [-12.9438],
        [-13.6172],
        [-13.4018],
        [-13.2184],
        [-12.3413],
        [-13.1555],
        [-12.6799],
        [-12.5931],
        [-11.7135],
        [-13.2483],
        [-14.0006],
        [-12.8962],
        [-11.3178],
        [-12.5385],
        [-11.7306],
        [-13.1571],
        [-38.5702],
        [-13.1206],
        [-12.3976],
        [-24.2156],
        [-12.7671],
        [-12.9259],
        [-13.4667],
        [-14.0861],
        [-12.4623],
        [-13.8619],
        [-12.9918],
        [-12.9772],
        [-12.7679],
        [-13.7556],
        [-14.1181],
        [-13.2653],
        [-13.9880],
        [-27.9211],
        [-11.6037],
        [-13.9688],
        [-13.2759],
        [-11.4178],
        [-12.4907],
        [-12.3479],
        [-28.8492],
        [-27.9073],
        [-13.1761],
        [-13.3117],
        [-38.6363],
        [-13.0601],
        [-12.5743],
        [-12.7720],
        [-26.8280],
        [-12.5111],
        [-13.2184],
        [-13.4027],
        [-12.8906],
        [-14.1614],
        [-13.3561],
        [-14.3001],
        [-13.3509],
        [-11.9190],
        [-14.2979],
        [-26.8280],
        [-12.2720],
        [-12.4625]], device='cuda:0')
[Debug] Log probabilities of current policy actions: tensor([[-13.3590],
        [-12.1194],
        [ -9.8153],
        [-13.5686],
        [-13.7172],
        [-10.2495],
        [ -9.6740],
        [-12.4673],
        [-12.9202],
        [-12.5491],
        [-13.0152],
        [-13.7758],
        [ -9.9420],
        [-11.9379],
        [-14.3825],
        [-12.9124],
        [-12.3947],
        [-12.8816],
        [-12.4946],
        [-10.4269],
        [-12.3906],
        [-13.1966],
        [ -9.9420],
        [-12.0585],
        [-13.4646],
        [-13.9196],
        [-11.4468],
        [-12.4673],
        [-13.4646],
        [-14.3825],
        [-13.6907],
        [-12.4673],
        [-12.4572],
        [-11.9199],
        [ -9.9420],
        [-12.3374],
        [-11.9199],
        [ -9.9748],
        [-13.7980],
        [-13.5686],
        [-12.3682],
        [-13.7758],
        [-10.9301],
        [-11.9379],
        [-12.4572],
        [-13.2373],
        [-12.3346],
        [-13.0152],
        [-11.8317],
        [-12.0585],
        [-12.7198],
        [-11.6634],
        [-11.7732],
        [-12.1194],
        [-11.6600],
        [-10.4269],
        [-11.9199],
        [-12.8686],
        [-12.4673],
        [-13.6907],
        [-12.4946],
        [-10.8294],
        [-12.4572],
        [-12.3682]], device='cuda:0')
[Debug] actions_exp max:
1.0000001192092896
min:
-1.0
[Debug] Log probabilities of expert actions: tensor([[-14.2199],
        [-13.1348],
        [-14.1954],
        [-13.2213],
        [-14.2979],
        [-12.2238],
        [-13.5222],
        [-14.8647],
        [-13.1385],
        [-13.1636],
        [-14.6809],
        [-13.6632],
        [-13.0636],
        [-12.4268],
        [-13.0531],
        [-12.3408],
        [-13.3509],
        [-13.1327],
        [-28.2851],
        [-13.4332],
        [-11.7517],
        [-13.8867],
        [-15.1007],
        [-14.2053],
        [-13.3703],
        [-11.5157],
        [-11.9222],
        [-12.3797],
        [-13.5100],
        [-13.1636],
        [-13.6851],
        [-14.8190],
        [-12.3846],
        [-13.3178],
        [-12.4515],
        [-25.5354],
        [-13.0531],
        [-14.0920],
        [-13.5222],
        [-12.8853],
        [-11.7757],
        [-14.5234],
        [-14.3276],
        [-14.3813],
        [-13.1199],
        [-14.3174],
        [-14.2361],
        [-25.7703],
        [-12.4914],
        [-12.3017],
        [-14.0224],
        [-57.4924],
        [-40.6621],
        [-13.0379],
        [-14.0997],
        [-13.0774],
        [-12.6700],
        [-14.8778],
        [-28.1083],
        [-14.7684],
        [-24.4355],
        [-13.4582],
        [-26.8079],
        [-12.4884]], device='cuda:0')
[Debug] Rewards: tensor([[12.3961],
        [12.7628],
        [13.4156],
        [10.8985],
        [11.9128],
        [12.7336],
        [11.0975],
        [13.3116],
        [11.8767],
        [13.5377],
        [13.2060],
        [10.6764],
        [12.7594],
        [ 9.5106],
        [11.9255],
        [11.3541],
        [12.2152],
        [12.8622],
        [11.5412],
        [12.7672],
        [11.2938],
        [13.3069],
        [11.8516],
        [13.7666],
        [10.2739],
        [12.3042],
        [11.4366],
        [12.3244],
        [11.7340],
        [11.7523],
        [11.8067],
        [11.6631],
        [11.2562],
        [11.7669],
        [12.7953],
        [10.7549],
        [14.2295],
        [12.3416],
        [11.6202],
        [12.2893],
        [11.6787],
        [11.5104],
        [13.0843],
        [13.2533],
        [12.2417],
        [12.2376],
        [11.2168],
        [ 9.6623],
        [12.0693],
        [12.1788],
        [11.1582],
        [12.4436],
        [13.0436],
        [ 9.5211],
        [11.8859],
        [11.9656],
        [14.5117],
        [11.4474],
        [11.7849],
        [12.9514],
        [11.9055],
        [10.7771],
        [13.4991],
        [12.2386],
        [12.1844],
        [12.6160],
        [11.3508],
        [11.4052],
        [10.6211],
        [12.3143],
        [11.5070],
        [14.5108],
        [11.4188],
        [13.6450],
        [12.4702],
        [11.2665],
        [11.9664],
        [11.4673],
        [12.7156],
        [12.7286],
        [12.1816],
        [12.5668],
        [12.5119],
        [ 9.8218],
        [ 9.7890],
        [10.8591],
        [11.6652],
        [13.6228],
        [10.0966],
        [13.0623],
        [12.5320],
        [12.4662],
        [11.2901],
        [11.9546],
        [10.2532],
        [12.4953],
        [13.5642],
        [10.2552],
        [10.5852],
        [12.8480]], device='cuda:0')
[Debug] Reward mean: 12.0020, std: 1.0727
[Debug] actions_exp max:
0.997215747833252
min:
-0.9987964034080505
[Debug] actions_exp max:
0.997215747833252
min:
-0.9987964034080505
[Debug] actions_exp max:
0.997215747833252
min:
-0.9987964034080505
[Debug] actions_exp max:
0.997215747833252
min:
-0.9987964034080505
[Debug] actions_exp max:
0.997215747833252
min:
-0.9987964034080505
[Debug] actions_exp max:
0.997215747833252
min:
-0.9987964034080505
[Debug] actions_exp max:
0.997215747833252
min:
-0.9987964034080505
[Debug] actions_exp max:
0.997215747833252
min:
-0.9987964034080505
[Debug] actions_exp max:
0.997215747833252
min:
-0.9987964034080505
[Debug] actions_exp max:
0.997215747833252
min:
-0.9987964034080505
[Debug] actions_exp max:
0.997215747833252
min:
-0.9987964034080505
[Debug] actions_exp max:
0.997215747833252
min:
-0.9987964034080505
[Debug] actions_exp max:
0.997215747833252
min:
-0.9987964034080505
[Debug] actions_exp max:
0.997215747833252
min:
-0.9987964034080505
[Debug] actions_exp max:
0.997215747833252
min:
-0.9987964034080505
[Debug] actions_exp max:
0.997215747833252
min:
-0.9987964034080505
[Debug] actions_exp max:
0.997215747833252
min:
-0.9987964034080505
[Debug] actions_exp max:
0.997215747833252
min:
-0.9987964034080505
[Debug] actions_exp max:
0.997215747833252
min:
-0.9987964034080505
[Debug] actions_exp max:
0.997215747833252
min:
-0.9987964034080505
[Debug] actions_exp max:
0.997215747833252
min:
-0.9987964034080505
[Debug] actions_exp max:
0.997215747833252
min:
-0.9987964034080505
[Debug] actions_exp max:
0.997215747833252
min:
-0.9987964034080505
[Debug] actions_exp max:
0.997215747833252
min:
-0.9987964034080505
[Debug] actions_exp max:
0.997215747833252
min:
-0.9987964034080505
[Debug] actions_exp max:
0.997215747833252
min:
-0.9987964034080505
[Debug] actions_exp max:
0.997215747833252
min:
-0.9987964034080505
[Debug] actions_exp max:
0.997215747833252
min:
-0.9987964034080505
[Debug] actions_exp max:
0.997215747833252
min:
-0.9987964034080505
[Debug] actions_exp max:
0.997215747833252
min:
-0.9987964034080505
[Debug] actions_exp max:
0.997215747833252
min:
-0.9987964034080505
[Debug] actions_exp max:
0.997215747833252
min:
-0.9987964034080505
[Debug] actions_exp max:
0.997215747833252
min:
-0.9987964034080505
[Debug] actions_exp max:
0.997215747833252
min:
-0.9987964034080505
[Debug] actions_exp max:
0.997215747833252
min:
-0.9987964034080505
[Debug] actions_exp max:
0.997215747833252
min:
-0.9987964034080505
[Debug] actions_exp max:
0.997215747833252
min:
-0.9987964034080505
[Debug] actions_exp max:
0.997215747833252
min:
-0.9987964034080505
[Debug] actions_exp max:
0.997215747833252
min:
-0.9987964034080505
[Debug] actions_exp max:
0.997215747833252
min:
-0.9987964034080505
[Debug] actions_exp max:
0.997215747833252
min:
-0.9987964034080505
[Debug] actions_exp max:
0.997215747833252
min:
-0.9987964034080505
[Debug] actions_exp max:
0.997215747833252
min:
-0.9987964034080505
[Debug] actions_exp max:
0.997215747833252
min:
-0.9987964034080505
[Debug] actions_exp max:
0.997215747833252
min:
-0.9987964034080505
[Debug] actions_exp max:
0.997215747833252
min:
-0.9987964034080505
[Debug] actions_exp max:
0.997215747833252
min:
-0.9987964034080505
[Debug] actions_exp max:
0.997215747833252
min:
-0.9987964034080505
[Debug] actions_exp max:
0.997215747833252
min:
-0.9987964034080505
[Debug] actions_exp max:
0.997215747833252
min:
-0.9987964034080505
Step 1201, t=1, state shape: (33,)
RolloutBuffer: _n=100, _p=1, total_size=100
Step 1202, t=1, state shape: (33,)
RolloutBuffer: _n=100, _p=2, total_size=100
Step 1203, t=1, state shape: (33,)
RolloutBuffer: _n=100, _p=3, total_size=100
Step 1204, t=1, state shape: (33,)
RolloutBuffer: _n=100, _p=4, total_size=100
Step 1205, t=1, state shape: (33,)
RolloutBuffer: _n=100, _p=5, total_size=100
Step 1206, t=1, state shape: (33,)
RolloutBuffer: _n=100, _p=6, total_size=100
Step 1207, t=1, state shape: (33,)
RolloutBuffer: _n=100, _p=7, total_size=100
Step 1208, t=1, state shape: (33,)
RolloutBuffer: _n=100, _p=8, total_size=100
Step 1209, t=1, state shape: (33,)
RolloutBuffer: _n=100, _p=9, total_size=100
Step 1210, t=1, state shape: (33,)
RolloutBuffer: _n=100, _p=10, total_size=100
Step 1211, t=1, state shape: (33,)
RolloutBuffer: _n=100, _p=11, total_size=100
Step 1212, t=1, state shape: (33,)
RolloutBuffer: _n=100, _p=12, total_size=100
Step 1213, t=1, state shape: (33,)
RolloutBuffer: _n=100, _p=13, total_size=100
Step 1214, t=1, state shape: (33,)
RolloutBuffer: _n=100, _p=14, total_size=100
Step 1215, t=1, state shape: (33,)
RolloutBuffer: _n=100, _p=15, total_size=100
Step 1216, t=1, state shape: (33,)
RolloutBuffer: _n=100, _p=16, total_size=100
Step 1217, t=1, state shape: (33,)
RolloutBuffer: _n=100, _p=17, total_size=100
Step 1218, t=1, state shape: (33,)
RolloutBuffer: _n=100, _p=18, total_size=100
Step 1219, t=1, state shape: (33,)
RolloutBuffer: _n=100, _p=19, total_size=100
Step 1220, t=1, state shape: (33,)
RolloutBuffer: _n=100, _p=20, total_size=100
Step 1221, t=1, state shape: (33,)
RolloutBuffer: _n=100, _p=21, total_size=100
Step 1222, t=1, state shape: (33,)
RolloutBuffer: _n=100, _p=22, total_size=100
Step 1223, t=1, state shape: (33,)
RolloutBuffer: _n=100, _p=23, total_size=100
Step 1224, t=1, state shape: (33,)
RolloutBuffer: _n=100, _p=24, total_size=100
Step 1225, t=1, state shape: (33,)
RolloutBuffer: _n=100, _p=25, total_size=100
Step 1226, t=1, state shape: (33,)
RolloutBuffer: _n=100, _p=26, total_size=100
Step 1227, t=1, state shape: (33,)
RolloutBuffer: _n=100, _p=27, total_size=100
Step 1228, t=1, state shape: (33,)
RolloutBuffer: _n=100, _p=28, total_size=100
Step 1229, t=1, state shape: (33,)
RolloutBuffer: _n=100, _p=29, total_size=100
Step 1230, t=1, state shape: (33,)
RolloutBuffer: _n=100, _p=30, total_size=100
Step 1231, t=1, state shape: (33,)
RolloutBuffer: _n=100, _p=31, total_size=100
Step 1232, t=1, state shape: (33,)
RolloutBuffer: _n=100, _p=32, total_size=100
Step 1233, t=1, state shape: (33,)
RolloutBuffer: _n=100, _p=33, total_size=100
Step 1234, t=1, state shape: (33,)
RolloutBuffer: _n=100, _p=34, total_size=100
Step 1235, t=1, state shape: (33,)
RolloutBuffer: _n=100, _p=35, total_size=100
Step 1236, t=1, state shape: (33,)
RolloutBuffer: _n=100, _p=36, total_size=100
Step 1237, t=1, state shape: (33,)
RolloutBuffer: _n=100, _p=37, total_size=100
Step 1238, t=1, state shape: (33,)
RolloutBuffer: _n=100, _p=38, total_size=100
Step 1239, t=1, state shape: (33,)
RolloutBuffer: _n=100, _p=39, total_size=100
Step 1240, t=1, state shape: (33,)
RolloutBuffer: _n=100, _p=40, total_size=100
Step 1241, t=1, state shape: (33,)
RolloutBuffer: _n=100, _p=41, total_size=100
Step 1242, t=1, state shape: (33,)
RolloutBuffer: _n=100, _p=42, total_size=100
Step 1243, t=1, state shape: (33,)
RolloutBuffer: _n=100, _p=43, total_size=100
Step 1244, t=1, state shape: (33,)
RolloutBuffer: _n=100, _p=44, total_size=100
Step 1245, t=1, state shape: (33,)
RolloutBuffer: _n=100, _p=45, total_size=100
Step 1246, t=1, state shape: (33,)
RolloutBuffer: _n=100, _p=46, total_size=100
Step 1247, t=1, state shape: (33,)
RolloutBuffer: _n=100, _p=47, total_size=100
Step 1248, t=1, state shape: (33,)
RolloutBuffer: _n=100, _p=48, total_size=100
Step 1249, t=1, state shape: (33,)
RolloutBuffer: _n=100, _p=49, total_size=100
Step 1250, t=1, state shape: (33,)
RolloutBuffer: _n=100, _p=50, total_size=100
Step 1251, t=1, state shape: (33,)
RolloutBuffer: _n=100, _p=51, total_size=100
Step 1252, t=1, state shape: (33,)
RolloutBuffer: _n=100, _p=52, total_size=100
Step 1253, t=1, state shape: (33,)
RolloutBuffer: _n=100, _p=53, total_size=100
Step 1254, t=1, state shape: (33,)
RolloutBuffer: _n=100, _p=54, total_size=100
Step 1255, t=1, state shape: (33,)
RolloutBuffer: _n=100, _p=55, total_size=100
Step 1256, t=1, state shape: (33,)
RolloutBuffer: _n=100, _p=56, total_size=100
Step 1257, t=1, state shape: (33,)
RolloutBuffer: _n=100, _p=57, total_size=100
Step 1258, t=1, state shape: (33,)
RolloutBuffer: _n=100, _p=58, total_size=100
Step 1259, t=1, state shape: (33,)
RolloutBuffer: _n=100, _p=59, total_size=100
Step 1260, t=1, state shape: (33,)
RolloutBuffer: _n=100, _p=60, total_size=100
Step 1261, t=1, state shape: (33,)
RolloutBuffer: _n=100, _p=61, total_size=100
Step 1262, t=1, state shape: (33,)
RolloutBuffer: _n=100, _p=62, total_size=100
Step 1263, t=1, state shape: (33,)
RolloutBuffer: _n=100, _p=63, total_size=100
Step 1264, t=1, state shape: (33,)
RolloutBuffer: _n=100, _p=64, total_size=100
Step 1265, t=1, state shape: (33,)
RolloutBuffer: _n=100, _p=65, total_size=100
Step 1266, t=1, state shape: (33,)
RolloutBuffer: _n=100, _p=66, total_size=100
Step 1267, t=1, state shape: (33,)
RolloutBuffer: _n=100, _p=67, total_size=100
Step 1268, t=1, state shape: (33,)
RolloutBuffer: _n=100, _p=68, total_size=100
Step 1269, t=1, state shape: (33,)
RolloutBuffer: _n=100, _p=69, total_size=100
Step 1270, t=1, state shape: (33,)
RolloutBuffer: _n=100, _p=70, total_size=100
Step 1271, t=1, state shape: (33,)
RolloutBuffer: _n=100, _p=71, total_size=100
Step 1272, t=1, state shape: (33,)
RolloutBuffer: _n=100, _p=72, total_size=100
Step 1273, t=1, state shape: (33,)
RolloutBuffer: _n=100, _p=73, total_size=100
Step 1274, t=1, state shape: (33,)
RolloutBuffer: _n=100, _p=74, total_size=100
Step 1275, t=1, state shape: (33,)
RolloutBuffer: _n=100, _p=75, total_size=100
Step 1276, t=1, state shape: (33,)
RolloutBuffer: _n=100, _p=76, total_size=100
Step 1277, t=1, state shape: (33,)
RolloutBuffer: _n=100, _p=77, total_size=100
Step 1278, t=1, state shape: (33,)
RolloutBuffer: _n=100, _p=78, total_size=100
Step 1279, t=1, state shape: (33,)
RolloutBuffer: _n=100, _p=79, total_size=100
Step 1280, t=1, state shape: (33,)
RolloutBuffer: _n=100, _p=80, total_size=100
Step 1281, t=1, state shape: (33,)
RolloutBuffer: _n=100, _p=81, total_size=100
Step 1282, t=1, state shape: (33,)
RolloutBuffer: _n=100, _p=82, total_size=100
Step 1283, t=1, state shape: (33,)
RolloutBuffer: _n=100, _p=83, total_size=100
Step 1284, t=1, state shape: (33,)
RolloutBuffer: _n=100, _p=84, total_size=100
Step 1285, t=1, state shape: (33,)
RolloutBuffer: _n=100, _p=85, total_size=100
Step 1286, t=1, state shape: (33,)
RolloutBuffer: _n=100, _p=86, total_size=100
Step 1287, t=1, state shape: (33,)
RolloutBuffer: _n=100, _p=87, total_size=100
Step 1288, t=1, state shape: (33,)
RolloutBuffer: _n=100, _p=88, total_size=100
Step 1289, t=1, state shape: (33,)
RolloutBuffer: _n=100, _p=89, total_size=100
Step 1290, t=1, state shape: (33,)
RolloutBuffer: _n=100, _p=90, total_size=100
Step 1291, t=1, state shape: (33,)
RolloutBuffer: _n=100, _p=91, total_size=100
Step 1292, t=1, state shape: (33,)
RolloutBuffer: _n=100, _p=92, total_size=100
Step 1293, t=1, state shape: (33,)
RolloutBuffer: _n=100, _p=93, total_size=100
Step 1294, t=1, state shape: (33,)
RolloutBuffer: _n=100, _p=94, total_size=100
Step 1295, t=1, state shape: (33,)
RolloutBuffer: _n=100, _p=95, total_size=100
Step 1296, t=1, state shape: (33,)
RolloutBuffer: _n=100, _p=96, total_size=100
Step 1297, t=1, state shape: (33,)
RolloutBuffer: _n=100, _p=97, total_size=100
Step 1298, t=1, state shape: (33,)
RolloutBuffer: _n=100, _p=98, total_size=100
Step 1299, t=1, state shape: (33,)
RolloutBuffer: _n=100, _p=99, total_size=100
Step 1300, t=1, state shape: (33,)
RolloutBuffer: _n=100, _p=0, total_size=100
[Debug] Log probabilities of current policy actions: tensor([[-11.5368],
        [-13.5050],
        [-11.0719],
        [-11.0796],
        [-10.8870],
        [-11.2732],
        [-11.5277],
        [-13.1111],
        [-11.7878],
        [-11.3230],
        [-11.2269],
        [-11.8063],
        [-10.7849],
        [-11.6901],
        [-12.3821],
        [-10.5029],
        [-12.8535],
        [-12.8535],
        [-12.2145],
        [-12.8535],
        [-11.8919],
        [-11.1380],
        [-11.1625],
        [-11.1253],
        [-11.3230],
        [-13.2430],
        [-12.0127],
        [-11.9579],
        [-13.6640],
        [-13.2030],
        [-12.3821],
        [-10.5029],
        [-10.5029],
        [-12.1576],
        [-11.0796],
        [-13.1371],
        [-11.8651],
        [-11.2787],
        [-11.8937],
        [-11.0796],
        [-11.2787],
        [-12.7325],
        [-12.2819],
        [-12.3096],
        [-12.6386],
        [-13.3955],
        [-11.6518],
        [-12.1996],
        [-13.2030],
        [-12.3875],
        [-10.7849],
        [-13.5276],
        [-13.1371],
        [-12.0544],
        [-10.8722],
        [-12.2260],
        [-12.4580],
        [-12.7693],
        [-10.8647],
        [-11.1253],
        [-12.6458],
        [-12.4580],
        [-11.5368],
        [-11.7536]], device='cuda:0')
[Debug] actions_exp max:
1.0000001192092896
min:
-1.0
[Debug] Log probabilities of expert actions: tensor([[-12.0212],
        [-14.8220],
        [-12.5835],
        [-13.1088],
        [-14.4079],
        [-11.8402],
        [-24.4426],
        [-13.6354],
        [-13.2860],
        [-11.7680],
        [-43.7968],
        [-12.8044],
        [-13.1576],
        [-12.1799],
        [-25.9133],
        [-13.1373],
        [-11.5756],
        [-12.1455],
        [-13.6266],
        [-13.6107],
        [-12.2692],
        [-12.9895],
        [-43.8111],
        [-13.2247],
        [-13.4036],
        [-11.1948],
        [-12.4198],
        [-29.1906],
        [-13.1393],
        [-14.0042],
        [-11.6253],
        [-25.7152],
        [-13.5341],
        [-12.2782],
        [-12.3048],
        [-13.9035],
        [-26.8590],
        [-13.1427],
        [-26.8855],
        [-13.7158],
        [-13.5699],
        [-13.7237],
        [-12.4498],
        [-25.2386],
        [-11.1262],
        [-13.4691],
        [-12.1081],
        [-13.2303],
        [-14.0529],
        [-13.0000],
        [-12.6165],
        [-29.2149],
        [-12.4781],
        [-13.7119],
        [-13.6049],
        [-13.5949],
        [-12.9708],
        [-13.6153],
        [-12.4423],
        [-13.1889],
        [-13.9058],
        [-13.0894],
        [-12.6477],
        [-13.8801]], device='cuda:0')
[Debug] Log probabilities of current policy actions: tensor([[-12.1576],
        [-10.9748],
        [-10.2186],
        [-11.1380],
        [-12.7693],
        [-11.1253],
        [-12.1576],
        [-11.1625],
        [-13.2030],
        [-11.4602],
        [-10.8307],
        [-11.0796],
        [-11.3685],
        [-13.7641],
        [-10.7239],
        [-12.7693],
        [-11.8063],
        [-13.1371],
        [-11.8466],
        [-12.1261],
        [-10.6281],
        [-10.2559],
        [-11.8651],
        [-12.4951],
        [-11.5141],
        [-12.8812],
        [-13.5050],
        [-10.8307],
        [-11.3281],
        [-12.2260],
        [-10.8568],
        [-13.1371],
        [-13.5050],
        [-12.2322],
        [-11.6518],
        [ -9.7556],
        [-11.7536],
        [-13.6640],
        [-12.6769],
        [-12.0127],
        [-12.7325],
        [-13.6640],
        [-12.4612],
        [-12.3875],
        [-12.1548],
        [-11.3230],
        [-10.8870],
        [-12.2260],
        [-11.8891],
        [-11.8937],
        [ -9.7556],
        [-11.9804],
        [-10.8722],
        [-11.7536],
        [-12.3049],
        [-12.8535],
        [-11.2732],
        [-11.7536],
        [-12.1548],
        [-12.3096],
        [-12.2145],
        [-12.2145],
        [-12.4612],
        [-12.6386]], device='cuda:0')
[Debug] actions_exp max:
1.0000001192092896
min:
-1.0000001192092896
[Debug] Log probabilities of expert actions: tensor([[-11.4720],
        [-11.3727],
        [-14.2720],
        [-13.2262],
        [-14.7702],
        [-24.4664],
        [-12.1720],
        [-14.4524],
        [-26.2945],
        [-43.7631],
        [-13.3229],
        [-12.6508],
        [-12.2129],
        [-13.9868],
        [-13.0763],
        [-12.3874],
        [-12.4359],
        [-13.7297],
        [-13.0167],
        [-25.9042],
        [-12.4651],
        [-11.7578],
        [-14.4967],
        [-13.0401],
        [-27.8773],
        [-13.1221],
        [-28.4325],
        [-13.0095],
        [-12.0636],
        [-13.6545],
        [-12.8003],
        [-12.9878],
        [-12.9290],
        [-39.1054],
        [-12.9767],
        [-13.5908],
        [-13.7225],
        [-14.0759],
        [-13.0615],
        [-27.8715],
        [-13.7289],
        [-12.7366],
        [-12.1455],
        [-12.1799],
        [-13.2820],
        [-13.8675],
        [-12.4198],
        [-24.2349],
        [-13.1083],
        [-13.2127],
        [-26.8276],
        [-13.6340],
        [-13.1335],
        [-12.3109],
        [-13.6279],
        [-13.0210],
        [-12.8044],
        [-12.4917],
        [-12.5668],
        [-13.8361],
        [-13.4635],
        [-13.0164],
        [-25.2386],
        [-11.7477]], device='cuda:0')
[Debug] Log probabilities of current policy actions: tensor([[-10.2186],
        [-12.1058],
        [-10.5888],
        [-12.4951],
        [-13.1144],
        [-11.0719],
        [-11.8063],
        [-11.8466],
        [-12.1261],
        [-10.6281],
        [-12.4580],
        [ -9.9256],
        [-12.7054],
        [-12.1261],
        [-13.2030],
        [-12.2732],
        [-12.2732],
        [-10.8870],
        [-11.5368],
        [-11.6518],
        [-12.2103],
        [-11.5141],
        [-10.8801],
        [-13.1111],
        [-11.6518],
        [-12.1548],
        [-12.1996],
        [-11.6518],
        [-10.2186],
        [-11.5277],
        [-12.3049],
        [-10.8722],
        [-13.3955],
        [-11.1253],
        [-12.4612],
        [-12.3049],
        [-12.1576],
        [-11.8063],
        [-12.3821],
        [-11.8891],
        [-12.1261],
        [-12.3388],
        [-13.2030],
        [-11.3180],
        [-13.7641],
        [-12.6769],
        [-12.4395],
        [-12.3096],
        [-11.9707],
        [-11.9707],
        [-11.0719],
        [-10.8307],
        [-11.8466],
        [-12.3096],
        [-11.3560],
        [-12.6458],
        [-10.8801],
        [-11.2787],
        [-13.0590],
        [-12.4612],
        [-11.8466],
        [-13.1111],
        [-11.8316],
        [-12.8812]], device='cuda:0')
[Debug] actions_exp max:
1.0000001192092896
min:
-1.0
[Debug] Log probabilities of expert actions: tensor([[-13.8063],
        [-11.6622],
        [-11.5748],
        [-14.4138],
        [-13.6745],
        [-13.0200],
        [-12.9854],
        [-12.7539],
        [-13.0208],
        [-25.7845],
        [-14.5051],
        [-13.6328],
        [-13.1679],
        [-13.1540],
        [-28.3615],
        [-16.9676],
        [-13.9142],
        [-12.9181],
        [-13.9142],
        [-13.7742],
        [-11.3495],
        [-11.1007],
        [-39.1038],
        [-12.2114],
        [-12.6460],
        [-13.6279],
        [-26.7222],
        [-13.6288],
        [-11.7719],
        [-13.2683],
        [-13.4145],
        [-13.8166],
        [-13.8038],
        [-11.8271],
        [-11.5748],
        [-13.6447],
        [-16.5417],
        [-26.4999],
        [-13.0023],
        [-13.3323],
        [-12.7641],
        [-12.2951],
        [-27.6407],
        [-13.7926],
        [-24.9015],
        [-13.2945],
        [-26.2199],
        [-39.1708],
        [-12.2954],
        [-12.9854],
        [-13.3199],
        [-13.5034],
        [-12.4158],
        [-25.7948],
        [-24.7352],
        [-13.2400],
        [-13.1819],
        [-14.0151],
        [-14.8201],
        [-24.7441],
        [-13.9035],
        [-13.4036],
        [-12.0993],
        [-29.8365]], device='cuda:0')
[Debug] Rewards: tensor([[11.5959],
        [11.0813],
        [10.9707],
        [10.6649],
        [10.3110],
        [12.1469],
        [11.4599],
        [11.6144],
        [10.7829],
        [12.1177],
        [12.1956],
        [11.9139],
        [12.2476],
        [10.8800],
        [11.0350],
        [12.0813],
        [12.6616],
        [11.1362],
        [13.3383],
        [10.5835],
        [10.5320],
        [13.3131],
        [13.4721],
        [12.4850],
        [11.6547],
        [12.3820],
        [10.6803],
        [13.0111],
        [11.7660],
        [11.7788],
        [10.8052],
        [12.0077],
        [10.9334],
        [10.0268],
        [12.3032],
        [12.4467],
        [10.6728],
        [12.4539],
        [11.1261],
        [11.6972],
        [ 9.7337],
        [10.6951],
        [11.3304],
        [11.2806],
        [12.9160],
        [13.5722],
        [12.1130],
        [10.7604],
        [10.5930],
        [12.1902],
        [12.7948],
        [13.2036],
        [12.9192],
        [11.6397],
        [10.9462],
        [12.5135],
        [10.6883],
        [11.1311],
        [11.3358],
        [12.0403],
        [12.2693],
        [ 9.5638],
        [10.0640],
        [12.0226],
        [12.5774],
        [11.9342],
        [10.8878],
        [11.7000],
        [11.1641],
        [12.0341],
        [13.0511],
        [11.1766],
        [13.3357],
        [11.4982],
        [11.7018],
        [11.0868],
        [12.5406],
        [11.3449],
        [11.9629],
        [11.8625],
        [11.2683],
        [12.6118],
        [12.2661],
        [11.5617],
        [12.0899],
        [11.8208],
        [12.8671],
        [10.6388],
        [12.9225],
        [12.9452],
        [11.7885],
        [10.3969],
        [11.3222],
        [12.2933],
        [11.6732],
        [11.9657],
        [12.0184],
        [12.0451],
        [12.6893],
        [10.4363]], device='cuda:0')
[Debug] Reward mean: 11.7216, std: 0.8908
[Debug] actions_exp max:
0.9945773482322693
min:
-0.998004138469696
[Debug] actions_exp max:
0.9945773482322693
min:
-0.998004138469696
[Debug] actions_exp max:
0.9945773482322693
min:
-0.998004138469696
[Debug] actions_exp max:
0.9945773482322693
min:
-0.998004138469696
[Debug] actions_exp max:
0.9945773482322693
min:
-0.998004138469696
[Debug] actions_exp max:
0.9945773482322693
min:
-0.998004138469696
[Debug] actions_exp max:
0.9945773482322693
min:
-0.998004138469696
[Debug] actions_exp max:
0.9945773482322693
min:
-0.998004138469696
[Debug] actions_exp max:
0.9945773482322693
min:
-0.998004138469696
[Debug] actions_exp max:
0.9945773482322693
min:
-0.998004138469696
[Debug] actions_exp max:
0.9945773482322693
min:
-0.998004138469696
[Debug] actions_exp max:
0.9945773482322693
min:
-0.998004138469696
[Debug] actions_exp max:
0.9945773482322693
min:
-0.998004138469696
[Debug] actions_exp max:
0.9945773482322693
min:
-0.998004138469696
[Debug] actions_exp max:
0.9945773482322693
min:
-0.998004138469696
[Debug] actions_exp max:
0.9945773482322693
min:
-0.998004138469696
[Debug] actions_exp max:
0.9945773482322693
min:
-0.998004138469696
[Debug] actions_exp max:
0.9945773482322693
min:
-0.998004138469696
[Debug] actions_exp max:
0.9945773482322693
min:
-0.998004138469696
[Debug] actions_exp max:
0.9945773482322693
min:
-0.998004138469696
[Debug] actions_exp max:
0.9945773482322693
min:
-0.998004138469696
[Debug] actions_exp max:
0.9945773482322693
min:
-0.998004138469696
[Debug] actions_exp max:
0.9945773482322693
min:
-0.998004138469696
[Debug] actions_exp max:
0.9945773482322693
min:
-0.998004138469696
[Debug] actions_exp max:
0.9945773482322693
min:
-0.998004138469696
[Debug] actions_exp max:
0.9945773482322693
min:
-0.998004138469696
[Debug] actions_exp max:
0.9945773482322693
min:
-0.998004138469696
[Debug] actions_exp max:
0.9945773482322693
min:
-0.998004138469696
[Debug] actions_exp max:
0.9945773482322693
min:
-0.998004138469696
[Debug] actions_exp max:
0.9945773482322693
min:
-0.998004138469696
[Debug] actions_exp max:
0.9945773482322693
min:
-0.998004138469696
[Debug] actions_exp max:
0.9945773482322693
min:
-0.998004138469696
[Debug] actions_exp max:
0.9945773482322693
min:
-0.998004138469696
[Debug] actions_exp max:
0.9945773482322693
min:
-0.998004138469696
[Debug] actions_exp max:
0.9945773482322693
min:
-0.998004138469696
[Debug] actions_exp max:
0.9945773482322693
min:
-0.998004138469696
[Debug] actions_exp max:
0.9945773482322693
min:
-0.998004138469696
[Debug] actions_exp max:
0.9945773482322693
min:
-0.998004138469696
[Debug] actions_exp max:
0.9945773482322693
min:
-0.998004138469696
[Debug] actions_exp max:
0.9945773482322693
min:
-0.998004138469696
[Debug] actions_exp max:
0.9945773482322693
min:
-0.998004138469696
[Debug] actions_exp max:
0.9945773482322693
min:
-0.998004138469696
[Debug] actions_exp max:
0.9945773482322693
min:
-0.998004138469696
[Debug] actions_exp max:
0.9945773482322693
min:
-0.998004138469696
[Debug] actions_exp max:
0.9945773482322693
min:
-0.998004138469696
[Debug] actions_exp max:
0.9945773482322693
min:
-0.998004138469696
[Debug] actions_exp max:
0.9945773482322693
min:
-0.998004138469696
[Debug] actions_exp max:
0.9945773482322693
min:
-0.998004138469696
[Debug] actions_exp max:
0.9945773482322693
min:
-0.998004138469696
[Debug] actions_exp max:
0.9945773482322693
min:
-0.998004138469696
Step 1301, t=1, state shape: (33,)
RolloutBuffer: _n=100, _p=1, total_size=100
Step 1302, t=1, state shape: (33,)
RolloutBuffer: _n=100, _p=2, total_size=100
Step 1303, t=1, state shape: (33,)
RolloutBuffer: _n=100, _p=3, total_size=100
Step 1304, t=1, state shape: (33,)
RolloutBuffer: _n=100, _p=4, total_size=100
Step 1305, t=1, state shape: (33,)
RolloutBuffer: _n=100, _p=5, total_size=100
Step 1306, t=1, state shape: (33,)
RolloutBuffer: _n=100, _p=6, total_size=100
Step 1307, t=1, state shape: (33,)
RolloutBuffer: _n=100, _p=7, total_size=100
Step 1308, t=1, state shape: (33,)
RolloutBuffer: _n=100, _p=8, total_size=100
Step 1309, t=1, state shape: (33,)
RolloutBuffer: _n=100, _p=9, total_size=100
Step 1310, t=1, state shape: (33,)
RolloutBuffer: _n=100, _p=10, total_size=100
Step 1311, t=1, state shape: (33,)
RolloutBuffer: _n=100, _p=11, total_size=100
Step 1312, t=1, state shape: (33,)
RolloutBuffer: _n=100, _p=12, total_size=100
Step 1313, t=1, state shape: (33,)
RolloutBuffer: _n=100, _p=13, total_size=100
Step 1314, t=1, state shape: (33,)
RolloutBuffer: _n=100, _p=14, total_size=100
Step 1315, t=1, state shape: (33,)
RolloutBuffer: _n=100, _p=15, total_size=100
Step 1316, t=1, state shape: (33,)
RolloutBuffer: _n=100, _p=16, total_size=100
Step 1317, t=1, state shape: (33,)
RolloutBuffer: _n=100, _p=17, total_size=100
Step 1318, t=1, state shape: (33,)
RolloutBuffer: _n=100, _p=18, total_size=100
Step 1319, t=1, state shape: (33,)
RolloutBuffer: _n=100, _p=19, total_size=100
Step 1320, t=1, state shape: (33,)
RolloutBuffer: _n=100, _p=20, total_size=100
Step 1321, t=1, state shape: (33,)
RolloutBuffer: _n=100, _p=21, total_size=100
Step 1322, t=1, state shape: (33,)
RolloutBuffer: _n=100, _p=22, total_size=100
Step 1323, t=1, state shape: (33,)
RolloutBuffer: _n=100, _p=23, total_size=100
Step 1324, t=1, state shape: (33,)
RolloutBuffer: _n=100, _p=24, total_size=100
Step 1325, t=1, state shape: (33,)
RolloutBuffer: _n=100, _p=25, total_size=100
Step 1326, t=1, state shape: (33,)
RolloutBuffer: _n=100, _p=26, total_size=100
Step 1327, t=1, state shape: (33,)
RolloutBuffer: _n=100, _p=27, total_size=100
Step 1328, t=1, state shape: (33,)
RolloutBuffer: _n=100, _p=28, total_size=100
Step 1329, t=1, state shape: (33,)
RolloutBuffer: _n=100, _p=29, total_size=100
Step 1330, t=1, state shape: (33,)
RolloutBuffer: _n=100, _p=30, total_size=100
Step 1331, t=1, state shape: (33,)
RolloutBuffer: _n=100, _p=31, total_size=100
Step 1332, t=1, state shape: (33,)
RolloutBuffer: _n=100, _p=32, total_size=100
Step 1333, t=1, state shape: (33,)
RolloutBuffer: _n=100, _p=33, total_size=100
Step 1334, t=1, state shape: (33,)
RolloutBuffer: _n=100, _p=34, total_size=100
Step 1335, t=1, state shape: (33,)
RolloutBuffer: _n=100, _p=35, total_size=100
Step 1336, t=1, state shape: (33,)
RolloutBuffer: _n=100, _p=36, total_size=100
Step 1337, t=1, state shape: (33,)
RolloutBuffer: _n=100, _p=37, total_size=100
Step 1338, t=1, state shape: (33,)
RolloutBuffer: _n=100, _p=38, total_size=100
Step 1339, t=1, state shape: (33,)
RolloutBuffer: _n=100, _p=39, total_size=100
Step 1340, t=1, state shape: (33,)
RolloutBuffer: _n=100, _p=40, total_size=100
Step 1341, t=1, state shape: (33,)
RolloutBuffer: _n=100, _p=41, total_size=100
Step 1342, t=1, state shape: (33,)
RolloutBuffer: _n=100, _p=42, total_size=100
Step 1343, t=1, state shape: (33,)
RolloutBuffer: _n=100, _p=43, total_size=100
Step 1344, t=1, state shape: (33,)
RolloutBuffer: _n=100, _p=44, total_size=100
Step 1345, t=1, state shape: (33,)
RolloutBuffer: _n=100, _p=45, total_size=100
Step 1346, t=1, state shape: (33,)
RolloutBuffer: _n=100, _p=46, total_size=100
Step 1347, t=1, state shape: (33,)
RolloutBuffer: _n=100, _p=47, total_size=100
Step 1348, t=1, state shape: (33,)
RolloutBuffer: _n=100, _p=48, total_size=100
Step 1349, t=1, state shape: (33,)
RolloutBuffer: _n=100, _p=49, total_size=100
Step 1350, t=1, state shape: (33,)
RolloutBuffer: _n=100, _p=50, total_size=100
Step 1351, t=1, state shape: (33,)
RolloutBuffer: _n=100, _p=51, total_size=100
Step 1352, t=1, state shape: (33,)
RolloutBuffer: _n=100, _p=52, total_size=100
Step 1353, t=1, state shape: (33,)
RolloutBuffer: _n=100, _p=53, total_size=100
Step 1354, t=1, state shape: (33,)
RolloutBuffer: _n=100, _p=54, total_size=100
Step 1355, t=1, state shape: (33,)
RolloutBuffer: _n=100, _p=55, total_size=100
Step 1356, t=1, state shape: (33,)
RolloutBuffer: _n=100, _p=56, total_size=100
Step 1357, t=1, state shape: (33,)
RolloutBuffer: _n=100, _p=57, total_size=100
