-0.02406096174439537,-0.029714092827413913,-0.021543247822643857,-0.5727130023736646,0.19139798558510374,-1.2755098128646545,-0.23338968700629636,0.30914158655826457,-1.3165515926624245,0.4786580345929884,0.5079379394253086,-1.385249425667364,0.8103710855324554,-0.1666858325557088,1.3729154495797218,0.329703129306644,-0.07922865894327835,1.2687271077823816,-0.4319126840424081,-0.42135479542406684,1.395004650964723,1.0,1.0,1.0,1.0,0.0,1.0
-0.0836625361416421,-0.1361787217781471,-0.058265459691227206,-0.7175543570117188,0.3698254467932129,-1.5890112433295998,-0.03460227405797012,0.5051997829022962,-1.6391086295070683,0.3388953387036026,0.8582763039347189,-1.6853846486649393,1.105679273402135,-0.1889316675839946,1.6354661812016085,0.6112524447193733,-0.15056239665601612,1.5267108893917953,-0.5701900320411502,-0.6638079326416846,1.6631864053098955,1.0,1.0,1.0,1.0,1.0,1.0
-0.0780895255152475,-0.23381670081612538,-0.0750534249156205,-0.8962816907657895,0.1727701920382989,-1.2764172024488896,0.22137794303538227,0.815852101942108,-1.9392016620218344,0.2964238197602601,1.175821560457098,-1.9736080370238966,1.292223590996206,-0.4108386901720289,1.3215893866525708,0.6401271770986937,-0.42905180355307965,1.8321468126610025,-0.8151331010003885,-1.0717114479276562,1.8674898611804114,1.0,1.0,1.0,1.0,1.0,1.0
-0.04623792895663262,-0.21860402628490241,-0.05681553389865229,-1.170324007646957,0.22072280859554386,-0.9641097045533908,0.28569483762890335,0.7460129531182009,-1.6270299397688441,0.34776803304605963,1.3163433816847314,-2.2175597025340537,1.348268716254714,-0.6018826556074153,1.0051206212659234,0.36684875265806294,-0.7198257371845915,2.128519137989797,-1.09521795821253,-1.0018464157164255,1.5407823515678467,1.0,1.0,1.0,1.0,1.0,1.0
-0.002673862052527093,-0.13765508172655475,-0.021443578883821646,-1.3134340621923046,0.303380665197957,-1.193809251831663,0.02856111022360297,0.465693167623299,-1.297188687730193,0.5017790416736632,1.2085849684786398,-2.384934583260789,1.2812962064974185,-0.5584053717254585,1.297787009095068,0.11520034745629648,-0.8341182485881917,2.261203756768874,-1.2297675340329568,-0.7313592439734905,1.2689069207552632,1.0,1.0,1.0,1.0,1.0,1.0
0.02925550357601958,-0.0172830329849957,0.028991565387962853,-1.3707818471506117,0.5366247083847715,-1.4846548045460473,-0.2655231062435002,0.23555978922915097,-0.9669084357609539,0.803233883709726,0.9234852004389194,-2.16716579930179,1.0286769396574114,-0.6139399955319508,1.5836945547384844,-0.05971779415081668,-0.8655727562839192,2.255956382910104,-1.2088626867230443,-0.44192320989303324,0.9610219511723561,1.0,1.0,1.0,1.0,1.0,0.0
0.04537406880077624,-0.02161013444098403,0.07615514286056282,-1.3824437906897462,0.5515836326579165,-1.7864614594174983,-0.5589132856651242,0.16645523273000495,-1.0298897947854537,1.0653545873915322,0.7391219109593264,-1.8586418810964984,0.7948530311404821,-0.6562590961944871,1.867770349020497,-0.31651053856111344,-0.6544082620035667,1.9341048829532115,-0.9325177993855972,-0.37247612691594645,0.8284224219782119,1.0,1.0,1.0,1.0,1.0,1.0
0.006017185997752722,-0.15744738401640931,0.07909532449293608,-1.137118801937951,0.3002423319713933,-2.0811198476121304,-0.6906224433152737,0.2917813014979602,-1.3469991853479026,0.9724562661697815,0.7843676121736184,-1.5412058915771052,0.7048166358491348,-0.361410914493004,2.125515084707292,-0.4388379415218272,-0.43053621789023044,1.6191552602055754,-0.6175820415148597,-0.6005479051761629,1.1476339305743166,1.0,1.0,1.0,1.0,1.0,1.0
-0.010953389648222012,-0.25959258892971493,0.07639182180651785,-0.8973079697546908,0.09937768562790747,-2.119811235812056,-0.7687290499327133,0.31625842995125675,-1.6608414493524744,0.6982065535723329,0.8142607852307367,-1.4383841787139282,0.9571014725230923,-0.19525526970624807,1.8145172341694091,-0.164307088800268,-0.19332283805762873,1.3036093203900057,-0.6169835655493919,-0.7267075185927201,1.4426482843154784,1.0,0.0,1.0,1.0,1.0,1.0
0.012175629614441907,-0.2620462872054249,0.08961118465650955,-0.723742250950777,0.22429284120695586,-1.823503811721382,-0.4898494210173162,0.35432113632567264,-1.9759300059192753,0.43718280862362546,0.8608601758998188,-1.6825698802154365,1.214318436000153,-0.42225486588066263,1.4988211471398383,0.14923086628078175,-0.30836506852875895,1.1614831115281528,-0.7661196035736269,-0.8558286645953369,1.5224162988977694,1.0,1.0,1.0,1.0,0.0,1.0
0.09470238212289198,-0.20434044632369638,0.14392693285959393,-0.8219779962306707,0.3157240664045985,-1.5106566220473818,-0.19319249107948366,0.3483145700568558,-2.1082475802615495,0.32515829144755043,0.8712839752526275,-1.96754862985909,1.2999170930342354,-0.5831676359988379,1.1847190099941862,0.4609490561894046,-0.39132714828405657,1.4781883750515759,-1.0018403885112945,-0.7612189901129433,1.1923324802290443,1.0,1.0,1.0,0.0,1.0,1.0
0.16646960499123756,-0.15476926134773672,0.18371014905312508,-0.6898266518825116,0.45688861845976336,-1.1981866955702187,0.10374649758388277,0.23495023707719945,-2.0315182458685417,0.2805536411937302,0.8524425653180492,-2.264494291721657,1.2515519036656144,-0.4464457508409614,0.8761098260513183,0.5931791947213044,-0.5893613367487832,1.7723165642638012,-1.1471841560206766,-0.8582880911618755,1.3667016047593945,1.0,1.0,1.0,0.0,1.0,1.0
0.21924366094714967,-0.06655852866926393,0.18009994442467844,-0.6444204311080233,0.6489224151335331,-0.8854424848549112,0.38888351639855256,0.08163010106860533,-1.9078755383965889,0.2720172950516566,0.6907496298515243,-2.498488077096683,1.1154791212981798,-0.5587753277632531,1.1331490420520183,0.526084951364426,-0.7943144458217892,2.0894577099902976,-1.1151233264961715,-0.8832283355393455,1.655467042155985,1.0,1.0,1.0,0.0,1.0,1.0
0.21010274117189684,0.0026832360665199895,0.14144662126189203,-0.8875275286694486,0.7526107056318929,-0.6356134344746418,0.5838241006926922,0.030632958942033058,-1.5965795096487592,0.5225092282743771,0.41199306875996544,-2.5782234685232424,0.9711921539511255,-0.5311298237178383,1.449775349912075,0.23961493548187918,-0.7674115215624081,2.2487129717296477,-0.9474226047222704,-0.611300915595917,1.4375052254661416,1.0,1.0,0.0,1.0,1.0,1.0
0.17222576028834716,0.016481403273076428,0.13359211635468451,-1.1873669905556954,0.55774769047812,-0.9507809111044043,0.2935352561133152,0.3008342222352589,-1.5403017674425852,0.8320459983626748,0.3349570624982817,-2.334988350893524,0.807070567722971,-0.5760799027644447,1.7291897516926884,-0.048909038854800246,-0.5859048929449212,2.2868282946078633,-0.6520322943117909,-0.7457742056174643,1.1254871833736604,1.0,1.0,1.0,1.0,1.0,1.0
0.09269486421216963,0.03861635281638118,0.136744177305087,-1.2880658347894627,0.27860462009713804,-1.2656746950928808,-0.01735485136872139,0.40307676515523627,-1.2254836651556142,1.0455838408919942,0.2696338565644667,-2.035509781910059,0.8220417119121808,-0.5457082610238901,2.0242712568453918,-0.35464921002386357,-0.27431207694713344,2.0160304960933955,-0.4111335387414454,-0.5584808491030826,1.439877747682899,1.0,0.0,1.0,1.0,1.0,1.0
0.05182177316078604,0.011659203833483067,0.10793893251643674,-1.0295047749721666,0.21322242845328612,-1.5655146488974188,-0.32760765247250867,0.43491726776746625,-1.0715660807532916,1.0884232269426768,0.27713675601834425,-1.726011531439808,0.8393472600006111,-0.3609066219353207,2.2154789272982818,-0.37742145931817517,-0.2707243832121636,1.7027630049361206,-0.519808758502191,-0.6186954825300389,1.7523306347536443,1.0,1.0,1.0,1.0,1.0,1.0
0.07312931290445732,-0.09879259948941646,0.04997110701773891,-0.8022027275165003,0.07925223022333028,-1.8580507184748656,-0.6418665216811459,0.4502849705081658,-1.386219714954741,0.813884059092055,0.5454179258937082,-1.4164974600936653,1.105797310630519,-0.2523153520223721,1.9712323147624784,-0.073886325707753,-0.34022734466445187,1.3877900319987004,-0.5386438538850029,-0.7672743186249964,1.738614361096329,1.0,1.0,1.0,1.0,1.0,0.0
0.11567981163761429,-0.165449818234917,0.029097878618691148,-0.7453974362325679,0.01605326013650233,-1.5755899985214874,-0.4268496828505429,0.1648191794044477,-1.6991847521718932,0.5070655392133145,0.7717497969585592,-1.730351249968053,1.2035708837008343,-0.5073856292125809,1.658667639289778,0.23337450833910778,-0.37109070896220636,1.7051022034125307,-0.8174748467356414,-0.7293810726051583,1.424668281603677,1.0,1.0,1.0,1.0,1.0,1.0
0.08955126628112123,-0.18371149396913566,0.01675092604521458,-0.7042456805312789,0.04634134437280711,-1.2690800517811496,-0.10827596097796843,0.28295744556696945,-1.841883181911793,0.35607087802636056,0.7447749521298583,-1.865581533732939,1.2907553354988712,-0.4967085331597588,1.3407270472750723,0.3849147730691881,-0.42575394380986015,1.6544532270245635,-1.0812926723078207,-0.925630643403551,1.61448912742328,1.0,1.0,1.0,1.0,1.0,1.0
0.16360790245210002,-0.06703781494079816,0.00340932386572404,-0.7909410645637223,0.19188842093785705,-0.9566923103097835,0.20433745016323657,0.22351258486501321,-1.766479232093184,0.2900662828298472,0.5868434770923874,-2.1196908368606975,1.3433748040424462,-0.6518290180042899,1.024779810771589,0.44104897782746166,-0.7995748590129328,1.9853417109068094,-1.2213627012872297,-0.7538320670568044,1.5543069166670145,1.0,1.0,1.0,0.0,1.0,1.0
0.21310041327981225,0.08481636378583177,-0.04274820044481664,-0.7585861462590489,0.48075281566370315,-0.6718534268942102,0.48348818937806437,0.07582020798014835,-1.448952484242652,0.33725999931041994,0.35288735553465844,-2.4014260131268683,1.1788595645726934,-0.6671614175567981,1.3353587856599411,0.18279910825795886,-0.9884833186584919,2.2174623190336797,-1.279225148911194,-0.6043358158864452,1.799440838926767,1.0,1.0,1.0,1.0,1.0,1.0
0.13695601574500696,0.14723059555147203,-0.025907697067661967,-1.0358412849921064,0.6301891503381065,-0.9841655580329469,0.21840484416080408,0.1834505915152203,-1.1361001497608305,0.6267214380066988,0.30760788940649647,-2.519263816316855,1.0931085617315819,-0.8527391626867545,1.6421034410573196,-0.11691467291028945,-0.8117412805413264,2.27353324764705,-1.1642774124176805,-0.503535874757876,1.487951795354619,1.0,1.0,1.0,1.0,1.0,1.0
0.07645887227369105,0.14655944926886402,0.01725353838355076,-1.2246120769553899,0.5231739619917599,-1.2875290341388486,-0.09515568177521772,0.31705298150885475,-0.8374945759177204,0.9312763182922725,0.3414184547515704,-2.3679304094118323,0.925505175281341,-0.8999145760399163,1.9384083772683347,-0.41959348996940404,-0.5619362525237125,2.0629575424164877,-0.8677669758444883,-0.6750583104256764,1.174755097710653,1.0,1.0,1.0,1.0,1.0,1.0
0.07373103486640578,0.13478797304099502,0.04751539127766666,-1.122722603520351,0.5380417122586392,-1.583778606969533,-0.4077047645370244,0.37670280576637843,-0.7766535859149395,1.09387024225628,0.25923629285474187,-2.0948468244857117,0.7886719471100818,-0.8566861177906605,2.2198319787568184,-0.49012584093816935,-0.36633474209132016,1.7403089453123861,-0.5507218225137708,-0.6764159144427813,1.12358271575997,1.0,0.0,1.0,1.0,1.0,1.0
0.10237198403774331,0.0095676150175599,0.05199802337633655,-0.8487571215561396,0.26970723473860714,-1.8588683651393088,-0.7023248917798957,0.28749425114821675,-1.0896897380769484,0.9241462174470916,0.4193042569918287,-1.7737073726426889,0.6890700182838457,-0.5703320240720839,2.34817882216471,-0.1949976899316863,-0.4258035271292092,1.4263369894836904,-0.3644436076051947,-0.7362935513786,1.4367420826390571,1.0,1.0,1.0,1.0,1.0,1.0
0.10273166494298366,-0.16490067364840252,0.06839631401199006,-0.7121797202813213,0.08328837873715637,-2.006376283920521,-0.8185263445191826,0.22498586555658848,-1.4036580894273571,0.6124396225140979,0.6755459421479001,-1.851060472875656,0.8762495145795579,-0.2933053832725074,2.0476422510133365,0.11725406848623698,-0.2421430479725925,1.1127156251323609,-0.6227861969119686,-0.8305265130826703,1.7090189267525937,1.0,0.0,1.0,1.0,0.0,1.0
0.12337263360842274,-0.1783690924642575,0.08458131451302334,-0.6805824653276492,0.23952498435525138,-1.69233797209111,-0.532763261547597,0.1602156054147413,-1.730464988491483,0.4087759385275934,0.8197703201436725,-2.089338756720628,1.1594779033057605,-0.5223816672399489,1.731461559794361,0.4229541539692597,-0.38435290877036954,1.4224334049502385,-0.8630180688509179,-0.8207279097498711,1.3868393945331645,1.0,1.0,1.0,1.0,1.0,1.0
0.15426340372549222,-0.12069456954152029,0.09786265027394583,-0.6715376617017358,0.26066366385717177,-1.3778773766468901,-0.2332233858901246,0.41139205688942415,-2.0385880936111,0.313625316608124,0.8504107946998892,-2.348150283254858,1.2386282576520227,-0.6550728543624085,1.417404162010347,0.654051832687739,-0.6628764316149635,1.7300737575482712,-1.023597338439772,-0.8107263183111201,1.326698682675087,0.0,1.0,1.0,0.0,1.0,1.0
0.1420557821985168,-0.04062906793767279,0.09174572516416443,-0.6535840204629766,0.49287166108609776,-1.0695874502494598,0.051363434632347604,0.38856159529097567,-1.7483999845407867,0.31546798227125783,0.8345381084967873,-2.396217365533187,1.2449721782336418,-0.4217535067799218,1.1426276859251303,0.3704520757129074,-0.8839843527605012,2.0530753762111917,-1.1820538552669673,-0.797271589696836,1.545920533330075,1.0,1.0,1.0,1.0,1.0,1.0
0.192176109639581,0.058787530806899774,0.08080076545031903,-0.9036668602522094,0.6802588002431456,-0.9757076068875086,0.3485798571134878,0.1427221391488959,-1.4269242098118395,0.6114927741369796,0.5783768505291743,-2.535687946570228,1.0657015220907908,-0.654865961309832,1.3366745146311492,0.10842780995891532,-1.061927862408729,2.2458624648611996,-0.967105395184137,-0.5116202501215943,1.2365526088687382,1.0,1.0,1.0,1.0,1.0,1.0
0.20366844133653786,0.0896775162001908,0.11011212378467486,-1.2000782167196251,0.6357154577891213,-1.291074668899947,0.10762546636247527,0.23204559554321477,-1.1275078081917778,0.9094828380594878,0.4695090215147617,-2.292545091220555,0.8886312171172309,-0.8327010597545595,1.6450917501018347,-0.17463842770086035,-1.0057300706751624,2.2636143154745576,-0.6653516717685235,-0.6089379529318916,1.0843865330679405,1.0,1.0,1.0,1.0,1.0,1.0
0.1758135265740076,0.09059606522462063,0.15503054142947068,-1.2137369998027216,0.44459450488221924,-1.5962719298280312,-0.20381921532184466,0.3035509528123503,-0.88940257849461,1.1080680958317717,0.35139685920335295,-1.973439879880048,0.7428345826529853,-0.8830088945595513,1.933867160142913,-0.47547400675367024,-0.7134977556305385,1.949915974200009,-0.41604486785570705,-0.6191721972209656,1.396868448694711,1.0,0.0,1.0,1.0,1.0,1.0
0.1490702423088439,0.02934045926650994,0.15638334746497842,-0.9450016631481605,0.3529488314670121,-1.8904783528138667,-0.5146045501933619,0.20745047447825096,-1.121345078047966,1.070678557308326,0.3342408054617718,-1.633529932438476,0.6712526236585988,-0.7030596924805859,2.220979770011395,-0.5059639600996072,-0.49190385589301244,1.6311223829074275,-0.3946511789281639,-0.6880475334409302,1.684095339422921,1.0,1.0,1.0,1.0,1.0,1.0
0.09199744256496076,-0.08536229253751407,0.15361976906355782,-0.7458393093536412,0.23019865182139124,-2.0357874253261716,-0.7611679215004163,0.25054366984109416,-1.4371395885445968,0.771301409855563,0.597600713978892,-1.7893147689355269,0.9137198364223891,-0.3858622461675475,1.9131482673521094,-0.20913339368008504,-0.363705416540714,1.3184451446306007,-0.6756321877460361,-0.8236184451982305,1.9522746959911204,1.0,1.0,1.0,1.0,1.0,1.0
0.08901720581255221,-0.13020452973671767,0.16164967376235354,-0.6899058428655618,0.22337242464916784,-1.734497541121884,-0.4894521126232991,0.20077882525841845,-1.7601983525677773,0.4732486775727138,0.7666937380002788,-2.0898574870936413,1.1997108954754119,-0.5063383480322504,1.5994158491846036,0.10607572689767186,-0.37676196744649054,1.431341579527,-0.8563143318859688,-0.7985532261518186,1.63516526309513,1.0,1.0,1.0,1.0,1.0,1.0
0.12085263538704491,-0.08586900417100903,0.17106144905622825,-0.6747667137263994,0.33678622789351825,-1.420741887914041,-0.1803364366125445,0.3974516280239092,-2.0582070312838474,0.3427626684264605,0.7958179631403131,-2.3492343939898532,1.2514196840798804,-0.6607483950191109,1.2837657440598984,0.3985486604381766,-0.597192622360013,1.7496612323688345,-1.052409122949561,-0.6755839772521861,1.3467567240759375,0.0,1.0,1.0,1.0,1.0,1.0
0.13508102641252842,0.007905528381360355,0.1731406278121493,-0.882716633590136,0.5738914185504207,-1.1091325438218862,0.13089880381942398,0.28909388746547676,-1.7835407579326847,0.5042559283158933,0.7215397753893092,-2.470860956122906,1.293143143772745,-0.5143482354951323,1.0814299569603116,0.13845535835667344,-0.8335842444340169,2.0608219726115635,-1.1241309697196449,-0.6594220001019047,1.510275137738416,1.0,1.0,1.0,1.0,1.0,1.0
0.18061378500267564,0.1289511256653624,0.16281375837614856,-1.1679337655494384,0.7173473288944314,-0.8661881003565899,0.4371646646523696,0.09410511785732054,-1.4802569325036188,0.8177417714276889,0.4226049952436155,-2.5465018893228426,1.0906816414708174,-0.7289045747883764,1.392985164459356,-0.16689986599418638,-0.9785092530730204,2.2348557389932155,-0.8821710306560452,-0.5453582147284646,1.2858383989980422,1.0,1.0,0.0,1.0,1.0,1.0
0.16104628549859215,0.1491881980831867,0.19603342010378658,-1.2687162393805453,0.49005139730182645,-1.1774085220711126,0.1826469303670063,0.327626432101209,-1.3201429203200814,1.1022153304483255,0.3701972443697958,-2.2709446401663245,0.8905412447636653,-0.8845062842363897,1.6950854671601063,-0.4716690780263092,-0.7728950331752307,2.0417249803749757,-0.5700339204490674,-0.7417274517883011,0.995330230205867,1.0,1.0,1.0,1.0,1.0,1.0
0.10015641595276395,0.1691766179668889,0.24762355277010648,-1.1211094566676978,0.5383899033248277,-1.4652194642904859,-0.13086454064168573,0.38738997219591326,-1.0065397709350319,1.1527670174898657,0.27374837514547173,-1.945390055825789,0.75467499058117,-0.9589919829941974,1.9916215867344897,-0.6100529677062723,-0.4811719934266046,1.7147486750396168,-0.3600562087857364,-0.6727547179493568,1.3058945344040078,1.0,0.0,1.0,1.0,1.0,1.0
0.11129717501644856,0.08289728827794315,0.2577766804345144,-0.8565316898273216,0.4327362756166668,-1.747902306053506,-0.4438022143969401,0.28022001551778647,-1.2402647149572497,1.0912307203994036,0.33578532254046556,-1.6240065367195753,0.6746880797674618,-0.8422502979617968,2.2557846933338865,-0.37535493638961653,-0.44142065595529256,1.4006599125584525,-0.3230963597958759,-0.666598541705027,1.6189264002445467,1.0,1.0,1.0,1.0,1.0,0.0
0.14146476181556825,-0.07190413918880878,0.28799001624814846,-0.6991591910393385,0.25262829579017093,-1.919578002336144,-0.7231066183834358,0.1227629468244851,-1.5508456284188428,0.7956197664884468,0.5781896059644873,-1.3118048628360457,0.8734520516403572,-0.5289274930718325,1.9431306401248984,-0.1734466442318766,-0.35110135409268856,1.086598644021444,-0.5841577847704467,-0.970473398330582,1.8885506548131423,1.0,1.0,1.0,1.0,1.0,1.0
0.16955114178864314,-0.14160404243261904,0.3180201966546047,-0.6804184290659036,0.188312660259514,-1.606744480653913,-0.39845797861518506,0.3214111335069641,-1.8659015153124985,0.48946208863588925,0.7702015737177712,-1.6272359962738914,1.164779900774006,-0.5661476166825459,1.631658148203757,0.12101500659018571,-0.4891244616463569,1.3841266353483803,-0.8767931266500292,-0.966486464365432,1.5778897332322552,1.0,1.0,1.0,1.0,1.0,1.0
0.1149263234146202,-0.15000556328598855,0.3571574633065172,-0.7334245996460977,0.15280451146297916,-1.2959440525358061,-0.08347341908501149,0.6191582584635802,-2.049160856800287,0.3469513161683617,0.8854179975325085,-1.8652603376950756,1.1676380820381256,-0.6856855602321477,1.3165109325690734,0.41714336403852814,-0.5456922494335921,1.6654335345677929,-1.1106212884215445,-1.0339403174464958,1.695466050482715,1.0,1.0,1.0,1.0,1.0,1.0
0.108081070882219,-0.06612355913453291,0.3759419510268889,-0.9747124538767636,0.25761177867615886,-0.9862295004828026,0.2055667914144742,0.4752120292372792,-1.777677402918605,0.339712106807993,0.8886543945339855,-2.141702886378661,1.1987634926408692,-0.7077452458170392,0.9991066938106269,0.16300462869255405,-0.8081180355904929,1.993524837620202,-1.2430641420037656,-0.8247528764207498,1.5659792604859528,1.0,1.0,1.0,0.0,1.0,1.0
0.12663453489436652,0.08083172501871008,0.3505097158020585,-1.0449132148454034,0.5299544687288319,-0.7036443137146744,0.4243252656888502,0.1832048286033371,-1.4370940328336101,0.6129099666343751,0.6313160587691061,-2.377227423491366,0.9699233947974406,-0.5988119652754086,1.2946598581442819,-0.12127640235645665,-0.9605191735020742,2.213246817868726,-1.2796760628780044,-0.5562307598281394,1.46556336224836,1.0,1.0,1.0,1.0,1.0,1.0
0.1149663834851157,0.15159430309757774,0.3443960239402648,-1.259267546198005,0.5792916632050875,-1.0161988455700415,0.13699984150761246,0.2718973353660355,-1.1243715019096603,0.9163344505041069,0.39411827731217536,-2.064853644094241,0.8180774094705716,-0.8279962916303915,1.5985877354409004,-0.4257204192762465,-0.8460035744650222,2.2438272924389393,-1.0384969500433512,-0.571521800035957,1.1542356238510687,1.0,1.0,1.0,1.0,1.0,1.0
0.08371631223082546,0.15376505498847118,0.3380587347298608,-1.2932993397272794,0.46639161986315864,-1.3281682286865977,-0.1763826863463952,0.36797959925702384,-0.8250977972211146,1.1206283007002615,0.2712555286180799,-1.744033818120972,0.7277952385079993,-0.9000624772437746,1.8992038871256662,-0.5963191120580829,-0.5723665692045795,1.900017134564373,-0.7216256228168809,-0.6428181316681568,1.037398167630386,1.0,0.0,1.0,1.0,1.0,1.0
0.07451162232285516,0.07473356825585223,0.2924411410297676,-1.0191359013124968,0.4421653377397723,-1.6349608857000992,-0.48811499068746683,0.29211771079411697,-0.9453737188027291,1.2046833767691634,0.2756621230444235,-1.4127082667784754,0.6735127863171634,-0.760862754843143,2.1852967578477123,-0.5266653935650984,-0.4110019932779028,1.585125914775398,-0.43691092544737864,-0.6490311111486546,1.3473777904743838,1.0,1.0,1.0,1.0,1.0,1.0
0.10193940233509044,-0.10609334705149996,0.24415607570775502,-0.7757729038895136,0.22617047770907925,-1.9221369696429198,-0.7504004366172448,0.30263662244556344,-1.2621470738745126,0.932214540667632,0.5602308065624133,-1.1084120297696791,0.7931346188408096,-0.44548154191530526,2.175385102841523,-0.22744858971954868,-0.3900358513918977,1.2709383164241477,-0.4212339162203077,-0.7608074132495968,1.5873297829696582,1.0,1.0,1.0,1.0,1.0,1.0
0.1370930881435282,-0.26404186042423416,0.22589921151252926,-0.7228123701395196,0.08306025501311753,-1.9236563002118916,-0.5279605850261048,0.14249472364358326,-1.576433169745821,0.6137814125368094,0.7621347375827873,-1.3999855415455171,1.0795582459822364,-0.33521668804429167,1.8607136093446544,0.078871539154174,-0.21229891836371,0.9536691415697374,-0.7036885691525901,-1.1979526736965624,1.8623934583608925,1.0,1.0,1.0,1.0,1.0,1.0
0.1571133821081622,-0.24184610187002176,0.20785395769926582,-0.6915821788934675,0.2095820682893008,-1.606553515775018,-0.23078448933097373,0.4199508177683706,-1.9145565906414093,0.3969090959095077,0.8426995472305553,-1.6970687745644766,1.267202628437372,-0.587742681528837,1.5454969459724945,0.39144908798018097,-0.38087777808057366,1.2441032616584526,-0.6518149439786197,-1.0840962136673746,1.5385566097586112,1.0,1.0,1.0,1.0,1.0,1.0
0.15022397287203007,-0.16955511095768105,0.18648995448523523,-0.7039146340805239,0.10535338791071547,-1.2932631424879666,0.03884687247530294,0.5309689832249348,-2.0310266081185913,0.3164745814564147,0.870757980281866,-1.967817128343109,1.246258658164102,-0.672366944149104,1.2331044687912445,0.5928661763175179,-0.5880189963038741,1.5482340700838515,-0.8954668586182916,-1.1167306857195787,1.6904879589283857,1.0,1.0,1.0,0.0,1.0,1.0
0.17040829864893844,-0.06572902576238879,0.14675389755466164,-0.6517955078323717,0.26021129774961105,-0.9819188582577305,0.3325131400216085,0.3070774881202278,-1.7499726283437458,0.2740949279903934,0.7645293547757601,-2.232901347540188,1.2374309727094464,-0.6333580809642914,0.9205561268664488,0.5928410619598116,-0.8209772352907291,1.8765565271856515,-1.1348267265218475,-1.0799730433132786,1.9606344355172156,1.0,1.0,1.0,0.0,1.0,1.0
0.20843309708867966,0.06311730512525135,0.1039792657599822,-0.8696284713570378,0.5334806175344999,-0.7434608002113157,0.4456581216790788,0.0938215071860094,-1.4296436092005433,0.3731472685826439,0.47710263523149077,-2.4840711381803047,1.1628167422170896,-0.5752757006491929,1.23633110978074,0.332973115968468,-1.0014058328824629,2.1646929170537037,-1.242694760564021,-0.7630457004177651,1.6467399665414244,1.0,1.0,1.0,1.0,1.0,1.0
0.17219420629789542,0.1055684389979665,0.09892868027622967,-1.176467259167645,0.6849513764436244,-1.0549891289408706,0.29560151256853506,0.08925763821918697,-1.1185546391243408,0.6734481834636142,0.35125601900889075,-2.5439080839424166,1.0094111786947226,-0.7202295229241376,1.5256517967452208,0.04381092910262241,-0.8871731981152953,2.269815274749323,-0.9788578569612505,-0.5125575630538768,1.3346643840660737,1.0,1.0,1.0,1.0,1.0,1.0
0.12338427866111648,0.0834402127167814,0.13345379923659276,-1.2825353399905124,0.44769728646827706,-1.3706791430947796,-0.016829752927728814,0.29066989755750977,-0.9016815203544455,0.9855219551842297,0.4074340330356061,-2.335552065744283,0.8202394814687287,-0.7464025857512877,1.80898002991372,-0.2635601272224919,-0.5967516819871693,2.005957928613991,-0.6656426643795944,-0.6559526492562724,1.0437793766709014,1.0,1.0,1.0,1.0,1.0,1.0
0.055230783992072846,0.08972285017765577,0.1583484787095811,-1.09730829892644,0.45940985887818814,-1.6658322869968611,-0.3288868142039618,0.3691525927463418,-1.0035057984720566,1.1233200934009528,0.30704722582748967,-2.0122474107637927,0.717329490375298,-0.6874013375563034,2.100249093020618,-0.4559832478576439,-0.37054708439512585,1.6947923520505552,-0.4033267733722481,-0.5358404208743838,1.3543543036968033,1.0,0.0,1.0,1.0,1.0,1.0
0.057797847488171655,-0.025921402735730625,0.15643182509352574,-0.8111940182936005,0.2596993721421793,-1.9396339393926882,-0.6403331200984552,0.34291565128703877,-1.3189175927032173,0.8557205318541363,0.491639105316263,-1.6980279452238676,0.6925654226453194,-0.41090867622154686,2.267452404564235,-0.18132161794213175,-0.4268473167672329,1.3821109666275861,-0.3431023423000845,-0.7135310380999853,1.6668060344608187,1.0,0.0,1.0,1.0,1.0,0.0
0.08839792063554255,-0.14581906291207225,0.1615925237055799,-0.6903239751668486,0.08121078184497152,-1.637854005126236,-0.7797913282201188,0.09862488181436174,-1.633326328650224,0.542752710152441,0.6962348436168262,-1.586930933044979,0.9626574176441043,-0.45057087323724443,1.9539550748388947,0.1325462971267667,-0.24759657225916348,1.0844630202371357,-0.6064425217084902,-0.6656480653255363,1.5037765489228323,1.0,1.0,1.0,1.0,0.0,1.0
0.07828865900123763,-0.19172859748902954,0.1781742742949062,-0.7171281042507566,0.18322786648539652,-1.32652938828065,-0.4792126000818211,0.25371872501352183,-1.9706667112038607,0.3692667651906329,0.7605565290604105,-1.8412619696503074,1.2118950357309355,-0.4678530551971493,1.6376958800913228,0.4442381504939973,-0.29121579887029364,1.3545805290704203,-0.8718999463869732,-0.6394670387650015,1.1767996075931835,1.0,1.0,1.0,0.0,0.0,1.0
0.16050027465149444,-0.15921748813879208,0.2483032387425743,-0.6561205379376072,0.3891130819869689,-1.0142516357626836,-0.1662167260663706,0.24993052866486112,-1.9922200670049832,0.3048268964373636,0.8288051519532149,-2.147977384167882,1.2394704837148172,-0.30942812751018406,1.3251590572135246,0.5961610502491853,-0.46952354315925154,1.6778808696098588,-1.11315395214186,-0.8342049663319542,1.3499004524056182,1.0,1.0,1.0,0.0,1.0,1.0
0.22181310477742436,-0.03593704503303061,0.27949821391126994,-0.6319301336898072,0.6194144840473841,-0.6978904848907193,0.13134576751582705,0.2642351717316426,-2.1226536490129635,0.2795482146355859,0.804799072112271,-2.435131556571276,1.0953476412227994,-0.525310621714404,1.0560329883745194,0.6584403879332622,-0.810772298893548,1.9898041613126558,-1.0500611286112957,-0.8721573391260831,1.5908864204580144,1.0,1.0,0.0,1.0,1.0,1.0
0.2224149134265417,0.07185556911831906,0.27137352481015664,-0.8872599487451711,0.6958033413132569,-0.8053924768297216,0.4079337791344061,0.19717557247172768,-1.8123577042578503,0.576434731328946,0.5060584290136046,-2.5144681955687656,0.851137238593582,-0.6543460046023712,1.3677841380317872,0.3943886248138103,-0.9838025133390249,2.2413741889637135,-0.8046984710962501,-0.599530772263953,1.2428517592563828,1.0,1.0,0.0,1.0,1.0,1.0
0.18437747231583687,0.11355854238879723,0.29512912789786394,-1.1753011399644635,0.48614624931595307,-1.1232284847540002,0.12993033214578487,0.33913733142194735,-1.4994808235399644,0.8871455045720613,0.3510661421542443,-2.2567994417260437,0.717880381766397,-0.804290045002138,1.670909822160647,0.11863547959673071,-0.8768847349874226,2.30019543265899,-0.5071220980279417,-0.6693441090320903,1.1725013049073032,1.0,1.0,1.0,1.0,1.0,1.0
0.0993806403144896,0.12302507574997143,0.33339926736436587,-1.179224297822111,0.3395032024744342,-1.3659120865494656,-0.17985791413790986,0.28665915703037015,-1.1845551866529498,1.0676305736959493,0.25616299732954934,-1.9731306489217533,0.6834528428009843,-0.7909531784453819,1.9620886484611648,-0.1813203173737159,-0.5753780810148691,1.9890022407564225,-0.5648513778441173,-0.46369353454446083,1.483404093749077,1.0,0.0,1.0,1.0,1.0,1.0
0.09924125541565929,0.056721804489241384,0.30859769590643726,-0.9022679064679183,0.2577739348572574,-1.6551364987088766,-0.48986581684604646,0.29924485533842804,-0.9609115518486933,1.0743021147700982,0.24169814778752013,-1.656439565946677,0.6643648518415124,-0.6124895282317486,2.2481088544125942,-0.4586708386823592,-0.343820965253536,1.682420683701803,-0.6788970178028466,-0.6319070312212466,1.796904828686895,1.0,1.0,1.0,1.0,1.0,0.0
0.1106835524563792,-0.04724417973881834,0.24870440139683028,-0.7466307521223041,0.09195126721713265,-1.9497948261032232,-0.7527034025993737,0.16799514046383884,-1.274268001130934,0.797597002528617,0.5224408609224586,-1.424910795698482,0.9219200325064074,-0.33477452117761514,2.0069956194857816,-0.18893040911160147,-0.28075015424662353,1.3707003479266806,-0.6560880349498274,-0.5339694154494226,1.529092986498322,1.0,1.0,1.0,1.0,1.0,1.0
0.11116761069854106,-0.10721890809025487,0.19081251212394154,-0.6777923970664665,0.05914066449315749,-1.6791433238448379,-0.4845241817170058,0.132822304112263,-1.588355986772457,0.49069977052209335,0.7210297261755475,-1.7374106053477016,1.201950517844733,-0.28387526505447574,1.6937056882536914,0.12518917140053398,-0.26272007027987626,1.0568444411131914,-0.8961924667946504,-0.7071988338337704,1.709263205579159,1.0,1.0,1.0,0.0,0.0,1.0
0.11182105384620203,-0.09814484590679576,0.13026313966841022,-0.6558535321786723,0.33712489846500143,-1.3684241948993203,-0.16808435062019755,0.2327103146157903,-1.91991801413002,0.34202197469838175,0.7774093768463403,-2.0536397098980297,1.2704233783207748,-0.5143527599106268,1.378929840790221,0.4398233675002542,-0.39639391358224335,1.369989392030478,-0.9022903687899495,-0.6921127313167411,1.3953946934629178,1.0,1.0,1.0,1.0,1.0,0.0
0.2020692717591885,-0.0917418330989204,0.12391988610244378,-0.6955358393015114,0.24495898125792448,-1.0518379941009037,0.14913074964713047,0.360360889004832,-2.131810194107122,0.2984751790809726,0.829492624714456,-2.3631498939635964,1.0643485883805954,-0.6761964472915006,1.0661030180039657,0.37519459926129317,-0.747909402462229,1.6913288126150907,-1.0522538144503992,-0.9747560512240692,1.631333865726014,1.0,1.0,1.0,1.0,1.0,1.0
0.26727164040226514,0.0019166629373043864,0.11899587868170039,-0.9670888714910676,0.4040000786197956,-0.7982028223731619,0.41715245643048504,0.1984678555829798,-1.8754796847181623,0.40037959354149333,0.5931297637411052,-2.460776945117902,1.1483472659055636,-0.6514635820661006,0.9738920725044333,0.1075936516839221,-1.0998405783044511,2.012715616022083,-1.2094381172376674,-0.8099746158411348,1.5509645508471483,1.0,1.0,1.0,1.0,1.0,1.0
0.29235060594937334,0.13618743290416027,0.11824423203004567,-1.2291440082387948,0.6325268927933305,-0.9577911519848419,0.41964107785601634,0.10128501999631087,-1.5646531285084266,0.7055245679010806,0.34631336977109933,-2.528706277922398,1.0059872006814568,-0.8163624401564666,1.2669542516781105,-0.19439040560657628,-1.2369183710165848,2.211323497577068,-1.0369788327106282,-0.5324647529340297,1.2440600793744134,1.0,1.0,1.0,1.0,1.0,1.0
0.2548715774402234,0.2024109827591992,0.14408518718543742,-1.2950087184191665,0.5044072507093689,-1.2590141085563369,0.11863065436988396,0.28591688345510546,-1.2506735312705832,1.0080710876358414,0.2582817896829025,-2.2892896787393413,0.9120527114095246,-1.0524858426153887,1.5720400235296605,-0.47870999054086294,-1.066146224609983,2.179424893417922,-0.7305130978371714,-0.6960457690016458,1.07429283371163,1.0,1.0,1.0,1.0,1.0,1.0
0.1969133086068223,0.2331136953249288,0.20250374257759032,-1.1435471150740726,0.6635761603073043,-1.5554721842683519,-0.19343658056441593,0.31784017974076667,-0.9375802197139249,1.1364103780188604,0.2202927118817935,-1.9818139265147956,0.7668902362498458,-1.1874565986596979,1.8796984278974733,-0.6420933428269431,-0.7712049216776837,1.8584274009683472,-0.4614118872543831,-0.7223769292839137,1.3827238108759659,1.0,0.0,1.0,1.0,1.0,1.0
0.17731416701072936,0.1767429464151772,0.22802397219212864,-0.8715920634128135,0.6114292482266219,-1.8468662498974973,-0.5061005770709979,0.15127769739252508,-0.9268365618092513,1.0968304902464932,0.22938795425829342,-1.6746492268669528,0.6790270054841857,-1.1700512096927536,2.1686830605809733,-0.6936339490191933,-0.5408169726285008,1.503009906927902,-0.39916009653504325,-0.7546833690181894,1.668320624729553,1.0,1.0,1.0,1.0,1.0,1.0
0.10203373857207323,0.05810543286310668,0.25354285281957445,-0.6979534137137163,0.5928174406003293,-2.118059531477297,-0.7068301973443492,0.17501602258066803,-1.240232247383605,0.7881634755455448,0.44786638367818954,-1.3908256678988764,0.7636935357356053,-0.8957520170101146,2.2702976704161912,-0.4126946622774905,-0.4838026821898347,1.1906600918182904,-0.6072366791221191,-0.8746149457530764,1.9688483625136752,1.0,1.0,1.0,1.0,1.0,1.0
0.15298599784236858,-0.05191235935455052,0.305323578284324,-0.6590453229208746,0.3042622198186527,-1.945677067282588,-0.6786509734350495,0.1820009567540092,-1.5430427865306728,0.48035587902909216,0.5892202533921157,-1.7080427886670715,1.045688389252083,-0.5865741614277243,1.9533612843506738,-0.09885771031870261,-0.36952808307054574,1.0155066736327885,-0.9079582950609627,-0.9149178453324972,1.666668294512049,1.0,1.0,1.0,1.0,1.0,1.0
0.18225837226950728,-0.08640398418909823,0.32784196029893975,-0.651124095201224,0.29445378151148704,-1.6318771601530146,-0.3683851111207952,0.3256936500230451,-1.8517643050011852,0.3476291690982966,0.7595237026051536,-2.0286071687644447,1.2147669942868526,-0.6510882923847601,1.640362117599624,0.20103465936913756,-0.5062994766969257,1.2930171313150367,-0.8617408611373512,-0.8002520596437088,1.333397538215463,1.0,1.0,0.0,1.0,1.0,1.0
0.24474919680301663,-0.06263100899328669,0.3246220930804552,-0.6322003169633379,0.13663418444224876,-1.3215245925140762,-0.05961001410253508,0.35941079389240727,-2.1279324253271326,0.4461974960532147,0.6706843333341911,-1.9237600947079034,1.0164385651857006,-0.7458285985420271,1.3253430359956901,0.4861433178478275,-0.7619991655252282,1.6005454610372123,-0.7256862348917096,-0.7624728970692997,1.0277590688316602,0.0,1.0,1.0,1.0,1.0,0.0
0.27921759454173045,-0.02701724458630264,0.36549101670559436,-0.8340558467857964,0.31029821027080096,-1.0934810570769535,0.24468190828883818,0.26664786035165433,-1.8764774069845407,0.38779616435387754,0.7705520851101334,-2.2069237662959718,0.993750032379725,-0.5369687828954981,1.031109539626165,0.21636394448551866,-1.0251750860983646,1.9286446368964112,-0.9814390859834771,-0.861433538317022,1.2055576391372103,1.0,1.0,1.0,1.0,1.0,1.0
0.31352205263988986,0.08752493591839175,0.3836516107097895,-1.117836909166387,0.5764909673589587,-0.85795116688967,0.49924191553440755,0.06491341692394503,-1.5699974747686465,0.6704359533588503,0.5189148641338527,-2.4060692871803746,0.8451765744466543,-0.7145693067349957,1.3455963684764907,-0.06280167829740912,-1.2455755490736604,2.1875050476124676,-1.0321814391921762,-0.8859662624808576,1.4995305408370352,1.0,1.0,1.0,1.0,1.0,1.0
0.24031410813382084,0.1409365528219171,0.3833778404765569,-1.3018463253526982,0.607682138648582,-1.1704776577576108,0.2176301951289873,0.11416897281765306,-1.2561204880883843,0.9825945414874314,0.3073936025885181,-2.132147105513744,0.7751667484501262,-0.8575009185894703,1.6554274203594503,-0.3435968536741458,-1.0235614817628986,2.243172700515944,-0.754023265742865,-0.5822543734364203,1.1778282888060367,1.0,1.0,1.0,1.0,1.0,1.0
0.1778671382017348,0.1437255655626625,0.36752460429879286,-1.253729573046535,0.3905754229544224,-1.4711296561916969,-0.09447597935019958,0.3057565032942861,-0.9440826939337836,1.1492198153951925,0.23312382905129825,-1.8341781618547006,0.7078738268351791,-0.9098254901087998,1.947291925124079,-0.5741861593655916,-0.7146632566537642,1.9283903143099406,-0.46932302076758425,-0.6244795878190881,1.4605052585439182,1.0,1.0,1.0,1.0,1.0,1.0
0.11043915182962458,0.08470138370638616,0.3390640094439229,-0.9832624190708537,0.4193279650983367,-1.7672200541612177,-0.4054997406843578,0.3384625865568433,-0.9920356268623494,1.1316078993582588,0.24922701506240097,-1.515459350067145,0.6702660566700357,-0.7479667458632678,2.2233666572229724,-0.561091578870541,-0.47840903366688003,1.6158513095116502,-0.35315319302868375,-0.6623655908548401,1.74553754520722,1.0,1.0,1.0,1.0,1.0,1.0
0.05493336907095128,-0.052949011377785016,0.32411949548538366,-0.7585136685508115,0.37420790121120806,-2.065509733200371,-0.7028228569395409,0.3019898605757013,-1.306079007324844,0.8316509980495619,0.512663888140577,-1.2606410849513334,0.8669496634323817,-0.4337752271149087,2.1989057460775143,-0.26247986550435604,-0.4176071515181544,1.303196894005095,-0.5529654961107009,-0.7750784571838742,2.0166095781997964,1.0,1.0,1.0,1.0,1.0,1.0
0.08289775878353858,-0.14735704762675889,0.3274811376673017,-0.716967764043406,0.17451381279583655,-2.010560756789495,-0.45446485286601357,0.16118009847957765,-1.6063797622295555,0.5182837016539272,0.6792593441965323,-1.5782510833690502,1.1566037806766738,-0.47410106690951787,1.884977769494383,0.05018486643381048,-0.2987166073688349,1.0522616053476213,-0.8484249598665705,-0.830325988995869,1.7187671075156101,1.0,1.0,1.0,1.0,1.0,1.0
0.1545422505940898,-0.1724528362478028,0.3415083002396375,-0.6659296171026973,0.26420471505975185,-1.6976165414180084,-0.14170496357118656,0.2763509753635929,-1.9151699017516826,0.36579884828234316,0.755584298451671,-1.8856991116274087,1.2777372143754262,-0.6243820186346358,1.5690973321960442,0.3647860467641225,-0.4056619799617346,1.3682853781140212,-0.8516521997178651,-0.8247729407851573,1.3936215257622708,1.0,1.0,1.0,1.0,1.0,1.0
0.2643636047265582,-0.13556734267261544,0.37295428276568476,-0.6456251352154881,0.17161645781514784,-1.3842490987372453,0.16984230827886992,0.2503687665731451,-1.9886674822162242,0.3038065012982199,0.776947237381343,-2.188415442767857,1.179195463499629,-0.6368755734683186,1.253492136765706,0.5581375787359658,-0.614967089925828,1.680233480787361,-1.0792361607000782,-1.0673339334229215,1.5438149380739776,0.0,1.0,1.0,0.0,1.0,1.0
0.2962003650572077,-0.05779491529618633,0.35424673246875205,-0.6552077180786486,0.39554171894173445,-1.0710275197407613,0.46320057487018207,0.09238903750316571,-1.7288246545900354,0.3104863904121869,0.7240002171722214,-2.4269292270591176,1.2415698804634485,-0.38107528459249607,0.9757195076212266,0.4182480620239347,-0.8845985126549195,2.0011427092053395,-1.157826194954226,-1.123594647278962,1.8316399963086354,1.0,1.0,1.0,1.0,1.0,1.0
0.2939657384119744,0.07248304472547265,0.34442341588008685,-0.9169688658873385,0.6581862628657071,-0.9817872153161824,0.6029736315514883,0.009783283367932216,-1.4783936196309788,0.6093113468705069,0.43538019584126675,-2.5600646949067234,1.0193346837849595,-0.5623415568036844,1.2287091773226226,0.1535039182772372,-1.0769504868327442,2.2321971860326224,-0.9119193873385255,-0.8245167984021711,1.5062737392096865,1.0,1.0,1.0,1.0,1.0,1.0
0.19711421049548764,0.12537931208301842,0.3843422425225105,-1.207850826908289,0.7188473096837065,-1.2945642288605834,0.34816376636885227,0.07021642969612604,-1.2778474471792414,0.9214727072721927,0.373741520420924,-2.509995573941227,0.8303039706284419,-0.6860258254987077,1.5159678207744942,-0.11805279242224931,-0.9222753541052062,2.2962345462179714,-0.6035533049343734,-0.543613937173833,1.1704592184028408,1.0,1.0,1.0,1.0,1.0,1.0
0.10170900290107107,0.1366548349341626,0.4525839211917878,-1.2332773072010477,0.4615799200655722,-1.5920590629287243,0.03704650495214146,0.2873635296782749,-1.0303283580493583,1.1431059654446298,0.2983211745608143,-2.259767637359785,0.7148650586893477,-0.7962568067527221,1.811788604044835,-0.4205057306800234,-0.6209474798743766,1.9828861241689728,-0.37650566273565544,-0.5690998407892298,1.4832951604455997,1.0,1.0,1.0,1.0,1.0,1.0
0.0384138744699441,0.1285110404174691,0.4770087832919615,-0.9728947254144865,0.5561427784086703,-1.8915734056256155,-0.2740354764773144,0.3660329348369476,-1.0552477004402636,1.1919210703417895,0.25074660461733805,-1.9726957405873753,0.6641657499977546,-0.7788878206026472,2.098774616946582,-0.5047585264761532,-0.42349757004757665,1.6718880916577308,-0.30644665449264874,-0.5102328100925442,1.744532136304485,1.0,1.0,1.0,1.0,1.0,1.0
0.03974788051366965,0.03051580322328426,0.45495940777814525,-0.7393015225152758,0.4078732577372494,-2.103023414361817,-0.5892463220960652,0.3654627922282578,-1.3698252391478607,0.8906795457900504,0.42573760422592666,-1.6596358197084522,0.72000307926706,-0.5182241528830568,2.2965582036188334,-0.2106273219227191,-0.430063470147857,1.3592058815320083,-0.31717488520454407,-0.6444152406284019,2.053498559341642,1.0,1.0,1.0,1.0,1.0,1.0
0.07573789410166823,-0.07320587101806239,0.44219110081473356,-0.6628668181037137,0.18670550748043815,-1.9911956131884558,-0.7593230256833834,0.17183349231762937,-1.6858194163099036,0.575308204423843,0.6316608461039948,-1.945319629591864,0.9810375183150096,-0.36157034729100934,1.9905249551185316,0.10437492941232385,-0.2763769971263561,1.0458668792310482,-0.6173707139569035,-0.757655469077341,2.0410053231188114,1.0,1.0,1.0,1.0,0.0,1.0
0.047606196320475275,-0.06950769864879067,0.4390436173404898,-0.6946227666392754,0.431036593433753,-1.6853473544345634,-0.47104795002768807,0.27265588974360394,-2.0008922918494663,0.4024058893968549,0.7282739073082118,-2.258046436322735,1.170872239170157,-0.5785529640179232,1.6764471390549285,0.4165632344684057,-0.36868847900417373,1.3611646226718217,-0.8815284376271146,-0.6154840594876949,1.750325362633371,1.0,1.0,1.0,1.0,1.0,1.0
0.05113103741074629,-0.024506733390398994,0.475303887124068,-0.6574846543419208,0.5551833878725662,-1.373826440876313,-0.15898789700985183,0.3216758447017985,-2.112590483720388,0.34092168562197644,0.7240323130251793,-2.4125608990619227,1.033902893170943,-0.6972873157944142,1.3609540501472863,0.5548300804906873,-0.4257907766708582,1.6751631938159812,-1.0763142068118026,-0.5075086763524417,1.4591997840473274,1.0,1.0,1.0,0.0,0.0,1.0
0.07116478444355259,0.02685125723887577,0.5308486866267061,-0.6481586095275175,0.7024746197008198,-1.0630204623922257,0.15307848498224252,0.21038522372355026,-1.9356462755341606,0.33773318931904645,0.6603171265413638,-2.4876789568590776,0.9573107247957455,-0.4737086113267991,1.6733956633627396,0.29017185089398345,-0.505551599701568,1.9960744595761455,-1.1982319969615731,-0.3482099321541061,1.221256686033575,1.0,1.0,0.0,1.0,1.0,1.0
0.0790676850924735,0.038770014155311366,0.5808968866497936,-0.9219313344433941,0.6949966218954404,-0.7694606280882765,0.07054746000065248,0.34604502443102986,-1.6677720939200722,0.6195993672701201,0.49785775174738045,-2.1887619090454216,0.7840620299583776,-0.5644376511069481,1.9800270918546508,-0.026219559431431394,-0.4986109529268328,2.2089439997227722,-0.9841801404201501,-0.5026292613772247,0.9244060179503478,1.0,1.0,1.0,1.0,1.0,1.0
0.03723288295012098,0.02551721720983946,0.5946483680182423,-1.197186575964515,0.5055915764984376,-1.0711172038009622,0.24346350670762618,0.3359911223267778,-1.3542194955682891,0.9173670186936603,0.36650413088235356,-1.887441153301876,0.7015828011294677,-0.4482095726410733,2.2276234257210548,-0.3492370922182613,-0.20563672079788298,1.9718278802690554,-0.6602725025971018,-0.33143718545081646,1.237367250427111,1.0,0.0,1.0,1.0,1.0,1.0
0.021406030268083326,-0.0036760577423835816,0.5304167402224268,-1.0407365816556964,0.2095190658291795,-1.3855011596207354,-0.017924053710428045,0.42559785280640633,-1.0463059940269648,1.1453267979451505,0.29103358789031814,-1.5519715217074932,0.7343987054274195,-0.20661402473607582,2.3642674646429267,-0.516262286561993,-0.12820429604158246,1.6592428017114038,-0.40515303802988056,-0.3744934150498489,1.5521984513743288,1.0,1.0,1.0,1.0,1.0,1.0
0.049516373948675724,-0.0704296418891302,0.4532608057771572,-0.7935370719915573,0.1745639278504736,-1.6654039021274047,-0.3330868363382744,0.457944443597902,-1.3591010837547561,0.9161548326448159,0.5194448630396995,-1.2387349147478672,0.9954903388010785,-0.07674923100928033,2.3876686237917735,-0.22257904494109954,-0.22668327705405672,1.3464580061667535,-0.3169372219520553,-0.6273678636028461,1.8517902496019947,1.0,1.0,1.0,1.0,1.0,0.0
0.06862413994237157,-0.1362698848319346,0.40445617446286697,-0.7599106617783444,0.06095298101274248,-1.3576495223275742,-0.3455643292282454,0.2025228565370952,-1.6739402991438923,0.6061247174738525,0.7544961925753595,-1.5527091305615504,1.10382588319312,-0.3022747445181713,2.1203908820535182,0.09220244952394852,-0.14474703419550494,1.2545875927036203,-0.47006027070132206,-0.6369163040479601,1.6302259459697468,1.0,1.0,1.0,1.0,0.0,1.0
0.027425780899913793,-0.153800133082922,0.35003654190475386,-0.7533880823188671,0.15528968370254861,-1.0458934461023608,-0.034237010443966986,0.4958060160122743,-1.983351949289945,0.4382481197584188,0.8228335401379276,-1.8077954096412054,1.2382340931909575,-0.36785808412836446,1.8051080716193018,0.4058030428004439,-0.24575847133037204,1.475778683384108,-0.6362364839941738,-0.5315248924994529,1.3194644401602236,1.0,1.0,1.0,1.0,0.0,1.0
0.05079104834228812,-0.06618160048275515,0.37799728559384815,-0.9133093313772733,0.19476855819454225,-0.7330916513201795,0.25722343139142756,0.3444613478832621,-1.7407108263203572,0.3591843693359591,0.7498918462866637,-2.084334104565072,1.1932793266037827,-0.4014233260910678,1.4918475794577313,0.16145002114980478,-0.46710784206347405,1.8323553059334237,-0.9175043504396763,-0.5987135278351258,1.4338514510831708,0.0,1.0,1.0,0.0,1.0,1.0
0.0019474937508357493,0.0387954622272709,0.3676239897407588,-0.9721754166070216,0.4922707244329375,-0.8350998181280809,0.5131045758221103,0.22448512148176328,-1.4211843301988478,0.6290025971009311,0.597709301340592,-2.2569413587863396,1.0852792333077235,-0.5794340665944577,1.816298124643569,-0.13922769364470788,-0.4260330501838956,2.085194452168123,-0.9355445919919266,-0.45302003386752077,1.7070929259765186,0.0,1.0,1.0,1.0,1.0,1.0
-0.059822400350491745,0.06933408627904789,0.35395232140255917,-1.2098408708031152,0.35035236572716055,-1.1494976354694628,0.24907698463855976,0.36969113105961626,-1.1115900355427473,0.92734336577565,0.38677957789176365,-1.944195659560902,1.1589036513693687,-0.6359756849822856,2.118935651588351,-0.44356604498715807,-0.15909006847556084,1.7694395141317283,-0.7547210851562512,-0.2901284649116451,1.481360327006289,1.0,1.0,1.0,1.0,1.0,1.0
0.02971425547683082,0.04411181937033473,0.2997326680767026,-0.9834226455825394,0.2591401792221597,-1.4459786168840403,-0.06205351231340528,0.4419311039033246,-0.9990509267294652,1.1012891664494227,0.2761113490564549,-1.6282676145615198,0.995288550067321,-0.4966026873432804,2.3144579885021335,-0.38830216654859495,-0.320441088255842,1.4551699780771845,-0.4689193600675132,-0.49932673698679864,1.7829982303461325,1.0,1.0,1.0,1.0,1.0,1.0
0.1541600305763909,-0.08098573793842967,0.2574273477805993,-0.7542756212376539,0.07023055300899812,-1.7553706626286456,-0.3778004160009065,0.45972082583905066,-1.311631095146318,0.8739782141899766,0.44328345926313883,-1.3146776975951615,1.0579940918354658,-0.30895526461701944,2.099242759090731,-0.08822336314502377,-0.4086267909157711,1.1419695873581184,-0.4014401442097274,-0.7425088574094125,1.662135989798585,1.0,1.0,1.0,1.0,1.0,1.0
0.19456593381368284,-0.16860081305476785,0.22056666843040543,-0.6792784976186578,0.01102017653202099,-1.4534784743034213,-0.15747032059760746,0.22125833817729143,-1.6237628018879684,0.5564276607371912,0.7132095715750663,-1.6299955970538453,1.2050989524602842,-0.5003495805385367,1.7852167162840118,0.22588057127221028,-0.4190196255408037,1.4566555958842264,-0.5595457595333481,-0.9606940828910254,1.6441947980533815,1.0,1.0,1.0,1.0,1.0,1.0
0.11585051276358008,-0.20246842098386755,0.1926409288139024,-0.6862074928927466,0.009741339603762882,-1.1381760549564084,0.1540503756878676,0.5041253245999943,-1.9489826026232007,0.3741837911312935,0.8805249662298467,-1.8675740234136577,1.2379119826312062,-0.5993559607455594,1.4698629401571637,0.4971597396857216,-0.49996442242792327,1.7676220320125826,-0.8451255748825138,-1.140799312851485,1.901604768967757,0.0,1.0,1.0,0.0,1.0,1.0
-0.019733066467869265,-0.16077643900482427,0.16849290463214203,-0.7728488491129775,0.25465187932211925,-0.8276179684983682,0.37175252389461344,0.6707771838487887,-1.6772816961013146,0.3189279764080782,1.1283809509743854,-2.135086806472457,1.3296702544825507,-0.38983359925817224,1.1545804787300469,0.25338614878421206,-0.5695822766237684,2.082811058340525,-1.118152852403904,-1.0879068111285173,2.117259282581463,1.0,1.0,1.0,1.0,1.0,1.0
-0.022301070403671713,-0.00645415112919151,0.1530834515060471,-1.0511496672933909,0.49840540319991095,-1.100034569491262,0.4338961153989086,0.43293565808679524,-1.3540241051202502,0.5789037630894264,0.9555223405115946,-2.4067573198038383,1.308699477367155,-0.582228015126147,1.2432256640757149,-0.03822916937719889,-0.7200991340458346,2.26306178176833,-1.233654119464223,-0.7718271075995675,1.8024022173719558,1.0,1.0,1.0,0.0,1.0,0.0
-0.04223120116633447,0.11532167910633032,0.17129999186279984,-1.2539017033352426,0.6643565804440477,-1.261874978251124,0.18978022836968111,0.19450942159860168,-1.0310033894902795,0.8813461905283292,0.6472325947485741,-2.1275994988995257,1.0393866646737058,-0.7231637387615445,1.5469505048612535,-0.3457920536077284,-0.6584594692755521,2.280445167466295,-1.2043750553766377,-0.46010411410749774,1.489815008567783,1.0,1.0,1.0,1.0,1.0,1.0
-0.07677808271994896,0.12733967122447518,0.20405169667262976,-1.3174864178319907,0.7757174340793909,-1.5730487522669383,-0.12463137811801994,0.34470310111065383,-0.7750228327408728,1.1069578580197603,0.5095341565454496,-1.8038499834579012,0.865527697543496,-0.7940792710484799,1.8286406200218526,-0.5615612562637113,-0.43816345141151103,1.98244156728938,-0.9160113974649577,-0.6208382251152952,1.1760538529820856,1.0,1.0,1.0,1.0,1.0,1.0
-0.06843343657102477,0.07377273865080916,0.2044976807361227,-1.1998802906239667,0.7774929394174848,-1.8905149030822275,-0.43774025357966906,0.38884144890707933,-1.0632714625158428,1.1884895651665253,0.42072934937375506,-1.4614126699805523,0.7359350307750077,-0.7390348400167474,2.1123485292308195,-0.41852143463811636,-0.3838839598990694,1.6707705821477405,-0.5978470051432854,-0.6194701591737223,1.2197150436665978,1.0,0.0,1.0,1.0,1.0,1.0
-0.028789753359264314,-0.09980423997534645,0.17943208075084507,-0.9258211440156774,0.5281526343141446,-2.1696290941142857,-0.7088558456489872,0.32694155242884015,-1.3758907527490347,1.014576845393518,0.540227856810203,-1.1330938665829065,0.6753916441739998,-0.48384693572391574,2.2918479774471225,-0.11735509969608526,-0.4131726818292869,1.3574982256443504,-0.37376943127437146,-0.7383449098166688,1.5335885030126786,1.0,1.0,1.0,1.0,1.0,1.0
0.07345611799617749,-0.2590505728810158,0.19918442221827856,-0.8036267013327119,0.22464586025887795,-2.028748971452131,-0.6783269810370072,0.2733731331417532,-1.672034708740702,0.7219258106624933,0.809191443998065,-1.342425559270345,0.9098897772005051,-0.2908477154344226,1.9766259661656354,0.19133145378255523,-0.1806515397843429,1.0264669494413123,-0.614227614067435,-1.0879758162138504,1.7843860049887876,1.0,1.0,1.0,1.0,1.0,1.0
0.12776203412604256,-0.23207814918493266,0.20352836118376702,-0.7281928894370436,0.2189497233479624,-1.71372988871181,-0.38142056901040977,0.5012242885183199,-1.9785139533718794,0.45053087308407314,0.8714453431122463,-1.6517370122444528,1.1987802971200137,-0.5171865208083087,1.664178259416755,0.49952700376690495,-0.37494280440195316,1.2954471309267304,-0.6146412569989186,-1.0033487726323398,1.462162390876546,1.0,1.0,1.0,1.0,1.0,1.0
0.1427724014681204,-0.18994807138286296,0.20575648713392794,-0.7203939338151962,0.1288768697360757,-1.3961670495289995,-0.09228895956777383,0.5373550154732988,-2.0447396460618075,0.3388268974152774,0.9023526832922988,-1.9184731192112263,1.2327121139123658,-0.6498158881525699,1.3529608413157184,0.605920189856105,-0.5789011541223867,1.6005089592107613,-0.8710257995788705,-1.098011852832139,1.6258398197927786,1.0,1.0,1.0,0.0,1.0,1.0
0.16773372712038723,-0.12273500266296639,0.20158639914775275,-0.6537711804190941,0.25788295476483947,-1.0849918670424465,0.18632997664185635,0.3101603091428984,-1.7669751924424908,0.2829016755903259,0.8233481893243669,-2.1823741736747975,1.2269273899541324,-0.6256567486220189,1.0367753182741553,0.5576236961673594,-0.7676724300637535,1.918658377402328,-1.1252870872470888,-1.1595436797414238,1.9218220488667814,1.0,1.0,1.0,0.0,1.0,1.0
0.22140255567460757,-0.009587029309726075,0.17622213901649533,-0.8525885597685144,0.5387023703783866,-0.7757111856682335,0.42954908772228906,0.08649934793599062,-1.4413215896744307,0.3301758603702051,0.541070990443369,-2.428828093842814,1.1678018780810473,-0.6172187697090311,1.1728606782407773,0.3437763376659154,-0.9380046066103603,2.17852685787864,-1.2394653324132727,-0.8466550920890548,1.6065604983232706,1.0,1.0,1.0,1.0,1.0,1.0
0.24041505422062395,0.06175009391296518,0.15494165595435508,-1.1614719511158684,0.6973829777250065,-1.0839686623470104,0.3461840829477475,0.04933748939072099,-1.127893502567612,0.6245917312549557,0.30957184116505165,-2.541397421321851,0.9451415659900846,-0.6840049748852277,1.4897878053807891,0.05716482990634786,-0.9603575307816223,2.2880520135130866,-0.9976352593128053,-0.5401949831087176,1.2878939683711346,1.0,1.0,1.0,1.0,1.0,1.0
0.2004470222933146,0.06415522797526321,0.1558170222300899,-1.2937655323908213,0.4983115190933125,-1.3999248589248985,0.037548811911732094,0.26498216694154575,-0.9644730954006671,0.9375420823774868,0.27804791975260545,-2.297202454213045,0.7907585517494776,-0.7274780493995255,1.7791615386272945,-0.2323694577456768,-0.6866946603097897,2.1590083433799987,-0.6933515585002784,-0.6353683891369367,1.0013282708958784,1.0,1.0,1.0,1.0,1.0,1.0
0.11553495966930163,0.07029664920669257,0.17456916171775896,-1.131981703850391,0.33065959320493943,-1.6890096739373845,-0.2758075477999077,0.36503198662460534,-0.9003652721515354,1.1215128491581232,0.24676138470795933,-2.010737895168545,0.7091950153427579,-0.649366921219018,2.0686753026151723,-0.4942098350854704,-0.38062475905274046,1.8434566958564504,-0.419788226096101,-0.5277917005137854,1.3143807493844408,1.0,0.0,1.0,1.0,1.0,1.0
0.10253755399949091,-0.04069937849259403,0.1884420944965274,-0.836357753350773,0.14577156681660344,-1.9756926377118043,-0.588935667048119,0.3605223571455509,-1.2144499320538507,0.8467930229255302,0.4698710189293621,-1.6959454959698632,0.7147845266268253,-0.35818577145273955,2.2352731601238416,-0.23312565064471685,-0.4197812912841198,1.5302283593363422,-0.37227100004625246,-0.6899121233691236,1.6272919709291291,1.0,0.0,1.0,1.0,1.0,0.0
0.10334771530029122,-0.1412922935551303,0.20514025446217185,-0.702758508467827,0.044838729545293075,-1.837048630574047,-0.7721021584751662,0.10968597776274214,-1.5297721448768093,0.536107643416051,0.6762542102012873,-1.6766990538743407,0.9918157934424917,-0.37934028760380395,1.9222020592197273,0.08138963141284683,-0.2371329064061634,1.2168281668872267,-0.6369663574075405,-0.7109432417406013,1.650595102269829,1.0,1.0,1.0,1.0,0.0,1.0
0.046169640649973503,-0.17378725150286273,0.2131317647333996,-0.7213921590096952,0.2444706521395049,-1.5221704576368604,-0.4815798332011621,0.2363364544768857,-1.8543754184403962,0.3754912122875389,0.7864010653801886,-1.9205395580363427,1.2272741571298114,-0.47796705851713506,1.605782536230011,0.39370779568274383,-0.29977854340802007,1.3979181560460945,-0.924556058190619,-0.601533990317124,1.333080139038914,1.0,1.0,1.0,0.0,0.0,1.0
0.06067485425027827,-0.12212167284807894,0.26792238632180687,-0.6613548363616885,0.4943964394319172,-1.21116951973051,-0.17002522343953574,0.34006534969200397,-1.9455363537083914,0.30812227604552556,0.8244351131444484,-2.197595619683717,1.2394075272167184,-0.35085863451592897,1.2892597834633037,0.6163584521941726,-0.39241097420099696,1.7123655373648916,-1.1213370589576652,-0.54206269652554,1.1863594020479136,1.0,1.0,1.0,1.0,1.0,1.0
0.14915219830996332,0.02023053289548893,0.3288771528962616,-0.7895824356318542,0.6461488921855627,-0.8956846156580287,0.11516393803542757,0.15484999605417313,-1.85361561587885,0.31578263814066265,0.6982792127631836,-2.4555568099062657,1.073557067675918,-0.5645016134357109,1.0547804820610898,0.3431928455708121,-0.6771806620331764,2.086886384862906,-1.013673663955555,-0.6035074424592413,1.4487127996036038,1.0,1.0,0.0,1.0,1.0,1.0
0.13071124652317248,0.10047568211273092,0.3583477671121994,-1.0853989753543232,0.7044722592124484,-0.8259270238157475,0.10518250660951789,0.22697236444995786,-1.6029177381513122,0.6070913426853644,0.4007603070562738,-2.4086528000742797,0.8099396014254582,-0.6225000706446477,1.3720740667153404,0.04463372080022476,-0.7147550020085921,2.261431319230529,-0.7381441828517494,-0.5793567616403151,1.26569054784606,1.0,0.0,0.0,1.0,1.0,1.0
0.05411696875789321,0.11855490782083813,0.3916414822293439,-1.2040930804445649,0.531783642179406,-1.1407257680781686,-0.19202925468499965,0.34910152594258514,-1.4356197605900372,0.9141395554449697,0.292824113229294,-2.1068855300620077,0.6825142591971969,-0.652637269993775,1.6607329839668572,-0.2624657393776251,-0.4705359563413539,2.0823150627121483,-0.4675793210716592,-0.7385509691820085,1.4256482509436723,1.0,1.0,1.0,1.0,1.0,1.0
-0.07006679690181289,0.09825483097653478,0.41476087166620934,-1.1172928449605715,0.4990922121469826,-1.4466434149949594,-0.4888798966343453,0.3274193365460595,-1.1208580953686897,1.0761986004275244,0.30010641358624557,-1.7843127115143196,0.6508732475688477,-0.5740139236353503,1.9540325227178665,-0.5266397413855006,-0.1994228565345451,1.7719491355453343,-0.4190215008771987,-0.4865403164411297,1.7359190430093727,1.0,0.0,1.0,1.0,1.0,1.0
-0.10304696632268846,-0.026798406679381548,0.40828782359197147,-0.8439797021956046,0.5428153055398133,-1.746408531877985,-0.7411987523364727,0.3041763000412667,-1.4356342636263382,0.885223142913011,0.43761208885169345,-1.4678356137443562,0.6509297229402774,-0.34146394226132076,2.2391117553877464,-0.25105130532283415,-0.34364076894906875,1.458341006556838,-0.4558841138528652,-0.6421641046112938,2.0458751822872143,1.0,1.0,1.0,1.0,1.0,1.0
0.003205083095299377,-0.09607678895548098,0.4494548572987881,-0.8563438987956788,0.2517298745589053,-1.4525524383341133,-0.7608550960790409,0.275541788722284,-1.718506165436146,0.6006879088669759,0.6793596023915638,-1.73279608782421,0.877003904674811,-0.3783673966508183,1.9647857688032988,0.0623174656754677,-0.16288545707084368,1.1420166871092685,-0.7542431864427488,-0.7134997766916642,1.9300203879929825,1.0,1.0,1.0,1.0,1.0,1.0
0.10727837540862675,-0.06675764747529067,0.46892792511845727,-0.7593901921707876,0.2654821252357516,-1.1379055303412389,-0.45634949052904517,0.40499632218362513,-2.0240734463561063,0.39685807961539055,0.766274912002532,-2.0386804058596706,1.1505007751957868,-0.5772064888868272,1.6519485429084435,0.34546597993080896,-0.37517241685463354,1.385012774391055,-0.9595120499278594,-0.8158777812891596,1.6765768720820857,1.0,1.0,1.0,1.0,1.0,1.0
0.1289859368035051,0.016993272408127036,0.5074427563347822,-0.7636514640374442,0.30056423116817726,-0.8253471716290943,-0.15815123859238134,0.27913348583236336,-1.8214662204642302,0.3334558221922886,0.6901000905960654,-2.261274639706293,0.983877716834475,-0.7106379089657741,1.3382839456732363,0.27581785631237254,-0.6481945596349179,1.7043686644611935,-1.1484584768871717,-0.7562998083692478,1.6321828606248792,0.0,1.0,1.0,1.0,1.0,1.0
0.10248899950469861,0.11272776782488972,0.49632378558744816,-0.9738500644748875,0.5612436449040457,-1.1031473153218252,0.14316571238043208,0.10149170560568493,-1.5171530125730033,0.6268829425950878,0.4878909058971366,-2.4567357414087243,0.9826966287393095,-0.6894557234119681,1.6538551478427004,-0.007853510961807864,-0.7136671190340823,2.0220127549141598,-1.0896359831980815,-0.5039820734164985,1.6002139033453018,1.0,1.0,1.0,1.0,1.0,1.0
0.028125104491857483,0.12718111326875972,0.49485924929164093,-1.208252090204287,0.6577161708034815,-0.990951859206525,-0.12308093088939809,0.16524836619511576,-1.2060830811778254,0.9326741691804998,0.3144356374975925,-2.140921565827319,0.8376919549685407,-0.7714266043085461,1.9589463508905594,-0.3198748391077779,-0.49324001080000995,2.116441893996942,-0.8349065508509896,-0.4558682189783647,1.2881247883667253,1.0,1.0,1.0,1.0,1.0,1.0
-0.00527236569122097,0.11163758969865803,0.4708105839707766,-1.1627316032911261,0.42000892832675235,-1.3062829772435727,-0.4338197231888956,0.33333707830046805,-0.901771981293285,1.1478677310959675,0.25224024975698084,-1.8320763197222132,0.7139558677711859,-0.7241559122783245,2.2356980475566535,-0.5382849292264597,-0.2598719571443013,1.8232173861124363,-0.5214475450844235,-0.41423175170218307,1.5958884540410287,1.0,1.0,1.0,1.0,1.0,1.0
0.023736293750964033,0.02237462379111435,0.42500424139119175,-0.8854573374450317,0.3391059444299823,-1.5888749654540941,-0.7174648662522304,0.3951428926639017,-1.2160777485234444,0.9946927782287903,0.33587462854175554,-1.4986331983992371,0.6818351365846375,-0.48565268335083506,2.3787631718644375,-0.35263031663718597,-0.36379546316738043,1.5103690508052265,-0.3686135208833561,-0.578026895857098,1.9040801942779106,1.0,1.0,1.0,1.0,1.0,1.0
0.05371898124468674,-0.09433222624826047,0.41595617024141074,-0.7654073288459111,0.17542991633522886,-1.5172126971607838,-0.8251786246255235,0.24732799587885443,-1.5309614405763161,0.7043605379781056,0.6075972778318643,-1.6345954020596065,0.9251359022617893,-0.3457241382361405,2.120332793559704,-0.0702462051694942,-0.20887598329941726,1.1959855240833206,-0.6619896012883941,-0.8518119825191525,2.1600595727927865,1.0,1.0,1.0,1.0,0.0,1.0
0.06463909729507275,-0.08394972920411317,0.42876125028259615,-0.8513860121462071,0.29996303151714937,-1.2042111484292521,-0.5381995168487473,0.3402061265643811,-1.8418064421273181,0.44593064182997666,0.7077566556657431,-1.9040983593574876,1.1786869341715978,-0.5687946646313353,1.8059847235574984,0.23360542852745558,-0.3012322208347292,1.503046277793713,-0.9541425834740963,-0.8025922409755408,1.8701707481557721,1.0,1.0,1.0,1.0,1.0,1.0
0.035552443516183696,0.0023654695414625504,0.43219440617699045,-0.8488540747009481,0.3104302745387296,-0.8907758596075035,-0.25288921538677733,0.3854097105098758,-1.9057953474900393,0.3853592406384626,0.6474222276674413,-2.1770831788417513,1.0414047835704836,-0.7101166340953071,1.4909706477150912,0.20571634213492263,-0.44301743858433873,1.7871312238343733,-1.1626290772219265,-0.5099474245421778,1.5586868615355611,0.0,1.0,1.0,1.0,1.0,1.0
-0.017242146502357364,0.1032945864148325,0.40074254105921014,-1.0568859066486496,0.5470987977139424,-1.0287693567676344,0.04725423281556285,0.2227781924029167,-1.627485814336865,0.6687698008616314,0.46513989251500465,-2.3779428579042077,1.0834804433903544,-0.6469101720838594,1.8071478998683297,-0.0939211363560184,-0.390579458551904,2.078773624328218,-1.2304518442424355,-0.32120379974347557,1.7408371562523497,1.0,1.0,1.0,1.0,1.0,1.0
-0.04662226826286614,0.11637345384772249,0.37040150792132975,-1.216482262389478,0.6311900317055659,-1.0497470479879676,-0.22423999470743194,0.34524365283898956,-1.3149436673973784,0.9759469246709754,0.29343544711113523,-2.0721219762802785,0.9357807091174004,-0.7212637171651858,2.112576140091887,-0.4075214009290956,-0.3148541691306973,1.7651476437922196,-0.9837493564892211,-0.47122104819427224,1.4268966241039605,1.0,1.0,1.0,1.0,1.0,1.0
-0.009964665116949045,0.10337624807536736,0.33003329913391455,-1.0940908444070208,0.40295845523362106,-1.3565436529951123,-0.5371519967442245,0.40773521025134796,-1.0135210734158913,1.15397172527837,0.2615846320073955,-1.77463235630102,0.761863163662578,-0.6778384040134541,2.3407167011947485,-0.40167462589059355,-0.34295570530273356,1.4527102204741198,-0.6747057182307579,-0.6000846938051086,1.2895020311817904,1.0,1.0,1.0,1.0,1.0,1.0
0.04446741218652697,-0.03252275048148201,0.3053566071739695,-0.8300759464179598,0.26017270557061484,-1.6368198213976295,-0.7724937527086854,0.40623934512613497,-1.328122175953761,0.9011190619654741,0.4875264362964097,-1.459461109319812,0.7467120568778263,-0.40153276178449304,2.3424100656109257,-0.10205435588043843,-0.40839067992345146,1.1399676754511945,-0.4122876544245313,-0.7282529477787799,1.5059711653106354,1.0,1.0,1.0,1.0,1.0,1.0
0.1448945747992232,-0.1807924874500235,0.3123205196163572,-0.7383804724826494,0.07939993740874138,-1.722526959686023,-0.7462438450306415,0.18550140900312068,-1.641566377798974,0.5856681302629579,0.7363883324675449,-1.6853271856580114,1.0075844686061721,-0.4530859240604724,2.029128909342446,0.2115637733209197,-0.23726679917209892,0.9150522312467342,-0.5653411441665864,-0.9690456839218324,1.7104208613144403,1.0,0.0,1.0,1.0,1.0,1.0
0.24075318498391232,-0.19592332403347854,0.3297067175911613,-0.6672786496620917,0.19304392140071347,-1.4085738616577914,-0.4494033857776514,0.2977266115913307,-1.967197217618441,0.40429324040707537,0.8349212597494476,-1.9342785148412973,1.119787570323982,-0.6650455497039715,1.71335339174493,0.5239368450763197,-0.40177272111569995,1.226752374232372,-0.7711419158827321,-1.1220881698932295,1.3891021969600172,1.0,1.0,1.0,1.0,1.0,1.0
0.2430920124432249,-0.11001617815757937,0.3118605835050625,-0.6809504747434647,0.11170899386335682,-1.0949906993920835,-0.1448018754128817,0.3880804062885123,-2.0530996662490177,0.3276206123169389,0.8608014724636748,-2.2114538198026823,1.1010509005105926,-0.7087392704649079,1.4017578484173325,0.6509403872255816,-0.659398957221601,1.5523461034322636,-1.0153546160840103,-1.089783393361128,1.5767359041387676,1.0,1.0,1.0,0.0,1.0,1.0
0.21069400965297727,0.019416068350585874,0.26563506894138533,-0.645060845969152,0.29916996493564985,-0.7857802203300253,0.16200659938582096,0.2287061832829201,-1.7863172417557514,0.2831100660078479,0.6653382347971839,-2.3413332868898293,1.0570050876800166,-0.6679405709804243,1.0879661203537903,0.6305102918282178,-0.8877886257214466,1.8731924578057324,-1.1939197948751357,-0.8904347648207434,1.7987321725549896,1.0,1.0,1.0,0.0,1.0,1.0
0.20523840313362948,0.1264216246013213,0.22774385292970048,-0.8481646415833827,0.5787516894488414,-0.640061493970183,0.45221851764379284,0.060689149832822885,-1.4629244299144228,0.4610194416612742,0.3862876204692469,-2.5242043838322017,0.9502905247278363,-0.7292700976130989,1.397881621775049,0.48601521013507,-0.9998815927729123,2.159654037107664,-1.236864391623308,-0.5863510448073864,1.4913988046283793,1.0,1.0,1.0,1.0,1.0,1.0
0.13678697973429058,0.0904653994067017,0.2534544566729672,-1.1560790083180137,0.6358450510229725,-0.9545592308884738,0.18953495478272708,0.1556124948428395,-1.1521110194577584,0.7690242329345433,0.48300416825605685,-2.407591289077742,0.8491757051389297,-0.7006111232793643,1.6860690905974485,0.19469766087382456,-0.7586032842171199,2.26025885121959,-0.9849289727850408,-0.4438004809218332,1.1812298501691794,1.0,1.0,1.0,1.0,1.0,1.0
0.09439586933246094,0.020406529180252625,0.2753327603767668,-1.2730997268537925,0.35864860562814804,-1.2676304604742359,-0.12193731144748432,0.32107041280509985,-0.8847233383911335,1.052316628043105,0.5053958167149671,-2.1781459838771737,0.7431140232691906,-0.5927450719757074,1.964685082483442,-0.10811932215775799,-0.4537133251953528,1.963933384439429,-0.6726766498521916,-0.5296173872153987,1.0316887419382328,1.0,1.0,1.0,1.0,1.0,1.0
0.05688565109446189,0.005973147795974132,0.25580588415640715,-1.0544248751102328,0.2212465807864275,-1.55365464336699,-0.43284873792901624,0.39157966286903634,-1.1983815130143223,1.1073138689107427,0.35576547922642304,-1.855915354832401,0.6883531093987276,-0.42132703181070846,2.2240814626996928,-0.3554986843659735,-0.30316976887227387,1.650818653227201,-0.40428609157959516,-0.4309054105914947,1.342454053047636,1.0,1.0,1.0,1.0,1.0,1.0
0.05973773203809238,-0.0981284997424361,0.21322022427549422,-0.7846620142809694,0.08860888319812554,-1.8418174138020034,-0.7196589516951535,0.4201647873317439,-1.5136326964528404,0.8320531792048389,0.6038910869776962,-1.5422935976508552,0.9179029501503908,-0.18206579946452617,1.9875284169777547,-0.08576898594762572,-0.2932392335311472,1.3372045818636646,-0.40593538757929204,-0.6376430820468999,1.65873149717523,1.0,0.0,1.0,1.0,1.0,1.0
0.09027759519521791,-0.1595209886196884,0.18516885434407096,-0.6836980797639359,0.10609532941658249,-1.5286666025651896,-0.46586023684060657,0.16512842318538123,-1.8267960590460224,0.5185689746931353,0.771664284158031,-1.855499632285449,1.1424517408934496,-0.41983862546380785,1.6738186432739157,0.22718045203655413,-0.3469486875486819,1.1793599186327284,-0.6879199124321541,-0.8547602649984369,1.9261606387605346,1.0,1.0,1.0,1.0,0.0,1.0
0.07109550032756909,-0.13091774314847246,0.1838306201699522,-0.8231845095155816,0.3325302672519831,-1.2161237467272343,-0.15372049416842637,0.3444406765459239,-2.081001886415459,0.3607338420925673,0.7849597727022906,-2.094044585022269,1.2582698877186527,-0.6328192839497369,1.3559599748120348,0.5407472578129032,-0.40463783128736774,1.493784354385582,-0.9756800513194455,-0.7877422875717829,1.6108098290312634,1.0,1.0,1.0,1.0,1.0,1.0
0.18789678953462038,-0.013491463797366487,0.2159453740195552,-0.7796982753099481,0.3718205174538683,-0.9045348504708275,0.14929989838617852,0.1573604164134586,-1.982418950604636,0.3102633505213787,0.5497822169263179,-2.348343502995953,1.207998131174301,-0.7018931346443857,1.0420190614643967,0.32541343083173435,-0.7093609834630189,1.828235074119784,-1.177557264913642,-0.8223895447160985,1.7490369205053056,1.0,1.0,1.0,0.0,1.0,1.0
0.1851629257354405,0.09357190704345711,0.23340768315835644,-0.7270164669006223,0.6191151070116356,-0.603773320706815,0.4424629678466573,0.0321728159838933,-1.704500313550048,0.39097553702798765,0.33153867788190905,-2.521266899140211,0.9843049742645359,-0.5980185097016271,1.3579686866447123,0.12231481692834023,-0.8160985758651736,2.1204182629240167,-1.2442637636048615,-0.6065458804104197,1.768450585350268,1.0,1.0,0.0,1.0,1.0,1.0
0.1300159247179082,0.08699609441733377,0.27966929913200356,-1.0072402493655193,0.6413527425131098,-0.9179424361906405,0.15617513230222702,0.28174688381434704,-1.4201337849183364,0.6862835367487302,0.38723713963898715,-2.3592212222502096,0.8196262733918203,-0.6326343358761414,1.6533795968894154,-0.18888579562230146,-0.665494950656198,2.2475791545237724,-0.9867592389156424,-0.7293147668763199,1.4582579959911954,1.0,1.0,1.0,1.0,1.0,1.0
0.05913698720968577,0.09455085176154174,0.3093785142238721,-1.2499789986104994,0.48494628831486536,-1.2331162077579674,-0.15527858606908262,0.3383657059175613,-1.1069558801281556,0.96661608056379,0.3010431998995022,-2.0831703623244273,0.8297768604444586,-0.6874232619852392,1.9407062703949158,-0.486936097157189,-0.3788987372214371,2.119921591312506,-0.6663819863277993,-0.5075275531804391,1.145814092471203,1.0,0.0,1.0,1.0,1.0,1.0
0.024672292435857196,0.0821459489381979,0.27132685112733945,-1.0485138470067938,0.3948155214742973,-1.53610738430039,-0.46745446017842535,0.360346187829593,-0.8930335148444473,1.1655243186859772,0.25539349156240854,-1.7672693175653489,0.7244855436214631,-0.6348278391051112,2.2298183627212262,-0.5975632113606902,-0.2204011936769904,1.8227732172934896,-0.45061018635292793,-0.5451405474352383,1.4574652234593035,1.0,1.0,1.0,1.0,1.0,1.0
0.047206462155666234,-0.04954449770014635,0.21517451351551067,-0.7856227772257427,0.2481751547500761,-1.831247566069004,-0.7402947093955246,0.40003147556234114,-1.2086518983182475,0.8902350414366668,0.5167337375242639,-1.4548367776538143,0.8408961160486585,-0.33979955166855563,2.2773837065277323,-0.3093745126977649,-0.32806792416734976,1.5091812248293324,-0.4120954489887474,-0.6667529877660758,1.7703612979115686,1.0,1.0,1.0,1.0,1.0,0.0
0.07568037043535134,-0.1777718989978484,0.18150534860229708,-0.7492435829584146,0.08093753316145555,-1.74626808648615,-0.6576619493868068,0.1428573285427365,-1.5225322653317876,0.5737861445461429,0.7225986175079655,-1.7613167716239495,1.1128223567295896,-0.3574351020507084,1.974374246819182,0.0006750802610649975,-0.14429593405377705,1.2001810825380017,-0.6704691419368859,-0.8326365176440061,1.7887076500025638,1.0,1.0,1.0,1.0,1.0,1.0
0.08360099057983081,-0.18829089298189725,0.16623680842457447,-0.6927698236658266,0.20172037333854928,-1.4333309440412203,-0.3527502503268737,0.2593128056107425,-1.8498448653677484,0.3840342787391823,0.8288705620393496,-2.0231602245390885,1.2789094986021894,-0.564252036949591,1.6582369314969791,0.31500769148580854,-0.3238629993074039,1.512750616420698,-0.8586460681150674,-0.7636512081624574,1.458087175066723,1.0,1.0,1.0,0.0,1.0,1.0
0.11145822872836211,-0.1310170740638547,0.17119590351514172,-0.6402677404932758,0.3936957101059869,-1.1199145204158198,-0.04710891929027483,0.4002071132440246,-2.04541956435193,0.3053298775154615,0.8293576875815973,-2.2797996641044853,1.2484219642516898,-0.47537607930972464,1.3423566151705675,0.5894867652954868,-0.5404206787081459,1.8163774871964702,-1.0650276300933748,-0.8905419798203908,1.6342549427554316,1.0,1.0,1.0,1.0,1.0,1.0
0.1873774876114315,0.019652859478682533,0.16758245912820532,-0.8669992665080792,0.6001941081555222,-0.8084131276814133,0.2569259892994079,0.16571239875337399,-1.7809015202649066,0.39678805507344245,0.5587032909238889,-2.4894075082713627,1.2313081999076985,-0.6470913898204068,1.0314655702052051,0.30965448819778696,-0.8917071426084286,2.1280874028092054,-1.1864850558516822,-0.6317878168137706,1.4906687805408056,1.0,1.0,1.0,1.0,1.0,1.0
0.17997258984540734,0.11884888611937619,0.16127532609217762,-1.1634971423688418,0.7218802823883432,-0.8248399508970916,0.5032985720318005,0.07002146878789023,-1.4625009431480875,0.703655993717013,0.3198697681395832,-2.5524038323580047,0.9647249504865708,-0.6830627533779688,1.3480981762363498,0.01879111918248,-0.9287622421403839,2.2655250559382787,-1.030532480451962,-0.4705843685385447,1.4316426995999993,1.0,1.0,1.0,1.0,1.0,1.0
0.11015112907710053,0.15880991747481968,0.17827520700847996,-1.2987005590309633,0.5246912141895556,-1.1396997360746681,0.21759815368468616,0.29711933942141117,-1.150830130921439,1.0053150159045374,0.28822170119504975,-2.3180977605249,0.78446635621056,-0.828563211982993,1.6534150129598122,-0.26862932772204634,-0.6767483583683523,2.112977456778871,-0.7272204178782429,-0.6442950937028573,1.1270449707951318,1.0,1.0,1.0,1.0,1.0,1.0
0.010084727755797968,0.19158746518110017,0.21293887155679128,-1.195823572141271,0.6356503230198103,-1.442069055126911,-0.0935149519207813,0.3974771092547082,-0.8595354766614023,1.1546749345615908,0.2239864362280254,-2.027458110398451,0.7295489252533123,-0.8650414662419901,1.9462952887431713,-0.5141610523086417,-0.3639776667571203,1.7987352536555137,-0.4408879235036045,-0.6592840595826553,1.4356584507892471,1.0,1.0,1.0,1.0,0.0,1.0
-0.0322399801576167,0.13548327892183212,0.22085545969084078,-1.158267002267357,0.659823195022774,-1.751547162344857,-0.40695418610936385,0.3010474024674373,-0.7740994204681746,1.0690631056569848,0.24419103728023536,-1.7294918968718163,0.7072014106039775,-0.704388476218085,2.2317153215671697,-0.3012839354020803,-0.24514207266164129,1.4866234653904478,-0.3235789898970519,-0.37573797086245353,1.1199307276183088,1.0,0.0,1.0,1.0,1.0,1.0
-0.003200610036826451,-0.03631198126388335,0.20191962418838197,-0.8628243765800252,0.42348035537794193,-2.0218996861320155,-0.6999318251711117,0.32914709613927073,-1.09044285458379,0.882678905734537,0.4905270044324769,-1.414062813763948,0.6564659853416186,-0.39595066928684386,2.3801767072186624,0.010854266072145236,-0.380107819825963,1.1728906686860623,-0.2876988148855628,-0.6269060444802332,1.4332903977217295,1.0,0.0,1.0,1.0,1.0,0.0
0.051111457807741484,-0.2325078061807459,0.18988224912758603,-0.703753993691124,0.17433031339146443,-1.9253116591664141,-0.8161019747799786,0.09552352940084308,-1.4057732309908357,0.5714681527212705,0.7061833874921528,-1.1772390045828622,0.8944784734736365,-0.3980951392107341,2.076469053643031,0.32343301332856955,-0.16965613481452768,0.9305507332479968,-0.4280440628865617,-0.7834581387742353,1.5064801698550132,1.0,1.0,1.0,1.0,1.0,1.0
0.1012359439346566,-0.2874131335764225,0.19376227031272167,-0.6824354142830001,0.10922560468448042,-1.6134343759256355,-0.5231765582449251,0.28951588233172737,-1.7394320487452222,0.3900101463439509,0.8081329638286578,-1.4872790180846733,1.1816057672801135,-0.5106148306019207,1.7600631789514032,0.6328979773273097,-0.20534679246344867,1.246244952080874,-0.6369584890448269,-0.9176900191675831,1.3687707054973093,1.0,1.0,1.0,1.0,1.0,1.0
0.12339746905588592,-0.24287571249202636,0.2047980183449374,-0.677514468528983,0.06183429828371231,-1.3053412665958215,-0.2389312415052589,0.46814736808891527,-1.98393521953131,0.3145144542901817,0.8721267277197907,-1.7626338773505759,1.261283469518356,-0.5665916606822139,1.4486681422814807,0.7041419061746933,-0.41045078758187914,1.5580716756143667,-0.8810526634552608,-1.1083706236332203,1.6104268248010019,1.0,1.0,1.0,1.0,1.0,1.0
0.15880252007769405,-0.1590703908333959,0.2091155632152152,-0.8093198532418443,0.12509306946981658,-0.9951299678783463,0.032230814350324155,0.2547236763264205,-1.7046047110771223,0.2817608939610429,0.8307002448753135,-2.040066398033283,1.2958531229478576,-0.6746992206755377,1.135692995321457,0.4605457510146703,-0.669921684282077,1.8840522142451903,-1.143912536776833,-1.1822112101119084,1.8759659023160309,1.0,1.0,1.0,0.0,1.0,1.0
0.2244920694979878,-0.07204106322742457,0.17851875177120427,-0.8189005031605431,0.36900079368803446,-0.6841976422767484,0.3167609128509393,0.05613663788476863,-1.3886505955618382,0.30108859848114716,0.6159053544984952,-2.301076831922984,1.183855534105938,-0.656496510471623,1.181490451950519,0.35155349791399415,-0.8676557378560885,2.160954349807315,-1.251615753381533,-0.8678984921149027,1.5613183131980408,1.0,1.0,1.0,1.0,1.0,0.0
0.2822573497851172,-0.0008875997707457894,0.16264390745571014,-1.0964395458385634,0.5820062717530514,-0.9923833203380907,0.3099453365206467,-0.010386048109717765,-1.0778251132572607,0.5743301004543809,0.3664400391168289,-2.486399057838555,0.9396123309317287,-0.695342368428259,1.49879426092995,0.07182845268266036,-0.9798075995626263,2.2779234418253496,-1.2179535983377012,-0.567610708010111,1.260603985728812,1.0,1.0,1.0,1.0,1.0,1.0
0.2757196300338608,0.029560375931770688,0.13780153698150413,-1.2860854692731605,0.5124058940546771,-1.3081414541425798,0.00748645144348159,0.22253105085892452,-0.9715821050554314,0.8886855792345868,0.2652023878192209,-2.2510449907089423,0.8366393900116056,-0.744448201365347,1.8019034783941907,-0.2203291812902814,-0.855663186259648,2.254227185193302,-0.9463004147974947,-0.6389673032423316,0.9500995974110782,1.0,1.0,1.0,1.0,1.0,1.0
0.2084235152093021,0.04198784653506807,0.12538915922460467,-1.2427866874224074,0.21871291005009114,-1.6237613209250488,-0.3049531233391275,0.3363259090278053,-0.8675988841777631,1.0926980982200547,0.23389343548264724,-1.9564805846052562,0.7275254024488269,-0.7227177387509244,2.0812159986957104,-0.4950259181447586,-0.5487707515544309,1.9438639052318902,-0.6332320061097637,-0.6511365157268442,1.2611068674966168,1.0,0.0,1.0,1.0,1.0,1.0
0.1394790445990667,-0.03224087775517101,0.11350188170726624,-0.9429648006818634,0.14959256614925578,-1.8868816226788483,-0.6184181243538882,0.3068527475510415,-1.157902777751674,0.8446140662607763,0.35978632322670034,-1.6394014892807722,0.7147970083670935,-0.4753036940596314,2.201797251587497,-0.23491897056882932,-0.473263459093326,1.6310908106135518,-0.45424544735241135,-0.715262531834651,1.5741873628517742,1.0,1.0,1.0,1.0,1.0,1.0
0.09100802884411599,-0.14695245548503,0.1172316363071991,-0.7611972854925373,0.050906017062851,-1.798668707228629,-0.7688880564311864,0.26266765317923724,-1.4738384817800823,0.5296325290618045,0.6297627880094824,-1.929751043498094,0.9690071817567874,-0.2319929757722089,1.9026647109604662,0.07857357747811233,-0.24515344108929055,1.316831937071271,-0.708475361989748,-0.8183602638250859,1.8374616990699073,1.0,1.0,1.0,1.0,0.0,1.0
0.0856441691740307,-0.11744090363597731,0.1396785896812496,-0.7952616879867193,0.28398107449583665,-1.4828293481796713,-0.4863581998220694,0.20002497746204376,-1.796780654707795,0.3658980883428738,0.7488305061943082,-2.2172405776371327,1.217468699000599,-0.48346859459213076,1.5883764170231482,0.39323174747092826,-0.37033230379288834,1.639012913702938,-0.9685394098172733,-0.7105659320427177,1.5136002613176138,1.0,1.0,1.0,1.0,1.0,1.0
0.05997453437724928,-0.011473889846869811,0.14331470055049303,-0.7330884206479771,0.427742864735234,-1.1684538986014144,-0.1827819723821097,0.4402869052836824,-2.023175484748103,0.30998418827748303,0.7246424511639252,-2.4513846211831494,1.2042408215872287,-0.6627942540290168,1.274060176271791,0.48041307686985013,-0.5860269143060152,1.9566414268764756,-1.1590859124367316,-0.5965144902542946,1.5769645842127673,0.0,1.0,1.0,1.0,1.0,1.0
0.006745403388191795,0.10803661456191435,0.11143796302991746,-0.9422591823093811,0.6334888304966866,-0.8703803414421221,0.1106599527388391,0.38025953860901546,-1.7450569626661774,0.5953852992878468,0.5663681994916379,-2.5370401388800663,1.2348212795447524,-0.6349376468098453,1.5339281773701192,0.18594986246914091,-0.5623479408197158,2.192376508727478,-1.2217641227205285,-0.4094556541104055,1.8353690807682443,1.0,1.0,1.0,1.0,1.0,1.0
-0.001909943860595037,0.15736624325336554,0.08965667775001465,-1.2104600354025128,0.7083063544406472,-0.8582396735960143,0.07656375140650373,0.3264780242548803,-1.4356992037002163,0.9013133166971219,0.3376983149097966,-2.227400334326176,1.099454634644304,-0.805793430704052,1.83616625641806,-0.1293613653325817,-0.4648526771189156,2.2313110009531982,-1.1538303782637551,-0.5144197793809188,1.5213122159681418,1.0,1.0,1.0,1.0,1.0,1.0
0.01361226304317198,0.1656072644855194,0.07684837937784697,-1.2841747767183294,0.4522954994164658,-1.171277319796312,-0.22106869975450572,0.4053024673697469,-1.123917483267094,1.094449386417364,0.2378124127664055,-1.9203190882372803,0.8673627047456232,-0.8624893517898895,2.1204461326291204,-0.44494849840137374,-0.32196875185338536,1.9620176142716497,-0.8598631012773013,-0.6917101006041355,1.2058995239956,1.0,1.0,1.0,1.0,1.0,1.0
-0.019723994470304873,0.12155293111221585,0.05245876428616089,-1.0923983883190804,0.5358711603232587,-1.482934284645003,-0.5358004765428904,0.43376077377207245,-0.8672783625637432,1.0947195487918655,0.2427533715909999,-1.6159233005683205,0.7835963567784794,-0.695746110215255,2.3186777455456844,-0.40724720602260345,-0.32378079832705736,1.6512036011250557,-0.5461585391925807,-0.6092997552165758,1.5183929582974696,1.0,0.0,1.0,1.0,1.0,1.0
0.01566093873621538,-0.03459368450602038,0.031263364566365553,-0.8335006695746929,0.3701166585870395,-1.7695251884440213,-0.7740311119649051,0.3532163218085389,-1.183997877779052,0.8306178469040958,0.44947044253488533,-1.3036175533861079,0.7290386964696498,-0.5665335982689932,2.371073064732927,-0.10637345885018634,-0.41534004231716115,1.3362941833960906,-0.4197047934958176,-0.7726247153557844,1.6824226646770237,1.0,1.0,1.0,1.0,1.0,1.0
0.08292831555541116,-0.21276294841447296,0.0354695197089443,-0.7677897185963354,0.15731494523437578,-1.929938389122967,-0.726455809014324,0.21212379508725035,-1.4986148865561102,0.5220371374060114,0.7083681707095731,-1.5810653341025749,0.9830838245567783,-0.38055673834680526,2.05623297949915,0.20519564478883512,-0.19485698065782187,1.0169496570811556,-0.6824364349183589,-1.1281808543459897,1.9247794042383732,1.0,1.0,1.0,1.0,1.0,1.0
0.16433099631480166,-0.24809736557507356,0.03654361375133969,-0.7159568100785711,0.18436351952419175,-1.6139222628956933,-0.42330781572559584,0.31572013650073194,-1.834248111652346,0.36454761057380813,0.8243490969401488,-1.8563968549320764,1.2377618357118796,-0.5840121823695443,1.742594125895248,0.5061205696398706,-0.49272206534360047,1.3042367970739692,-0.8118890140893423,-1.240121187981465,1.6115062795588806,1.0,1.0,1.0,1.0,1.0,1.0
0.17638297953664014,-0.152365939530938,-0.0002482140377908504,-0.782295300483185,0.14634273210313914,-1.2996782085931953,-0.12661382364769136,0.5142534647220707,-2.061193928531248,0.31302292930568487,0.828269089085606,-2.1251766574115196,1.2773387002226235,-0.7134981983552355,1.4281793009209118,0.667202229278215,-0.7490714652128334,1.6164226462694617,-1.0674267541688898,-0.967428078626762,1.4242797364028392,0.0,1.0,1.0,0.0,1.0,1.0
0.21045886122380467,-0.03524493130280676,-0.05783116706377445,-0.7273052667836352,0.3527881380282049,-0.98601919892196,0.17772664651562187,0.3652101493351916,-1.7621078545429993,0.31713793673565516,0.7413515025886683,-2.2955511826949446,1.2991006859861645,-0.5245769739674409,1.1153111289733406,0.5658650815948857,-1.0381758734684094,1.9296980030893307,-1.2131825776711271,-0.8124541245896284,1.4975609323771615,1.0,1.0,1.0,1.0,1.0,1.0
0.2665174934626161,0.09031974450266397,-0.08540795177872687,-0.9817293086960652,0.5888145800126972,-1.0311534523179386,0.4649514047303277,0.14944852404060663,-1.4446841379813713,0.6120920903845155,0.47380829234448585,-2.4801486646655975,1.1895749830883293,-0.748539737182399,1.2238371390865521,0.3405671040230328,-1.255970756140592,2.1896088721776503,-1.1448902344747782,-0.5400489889166484,1.4194647878108018,1.0,1.0,1.0,1.0,1.0,1.0
0.23270397958763064,0.12455562528933792,-0.06594812250985829,-1.2319278463648848,0.5960299797482287,-1.344666146357242,0.21103876088353457,0.21291950693233047,-1.1327260015531113,0.8892586251980747,0.3974960589931785,-2.3047698012147744,1.0809234551897005,-0.895918293545297,1.516951891525178,0.02961435694832104,-1.1047066788318145,2.2512779052020484,-0.8806954836352572,-0.6679312981404596,1.1244758898324894,1.0,1.0,1.0,1.0,1.0,1.0
0.19590316200170424,0.12091245832613798,-0.01753123221002334,-1.230357525165373,0.5881380070371285,-1.6432382256062714,-0.10134576975717369,0.2802722049361277,-0.8638604612561,1.0666175300690148,0.27729753569090776,-2.0259580065149647,0.8926438331912916,-0.9349931496966106,1.8186972942311455,-0.2841773355789579,-0.8297659965954874,2.098594419005397,-0.5701524674523709,-0.7710896146465477,1.166150797011754,1.0,0.0,1.0,1.0,1.0,1.0
0.19087832456656664,0.041214883076247794,0.02812694253070694,-0.982540693277682,0.33256116568250577,-1.9202450162534839,-0.4134802951493898,0.17159792731452042,-0.9392222143350557,1.075819423898406,0.24406896234861436,-1.7006081164487876,0.7404147808177548,-0.7986560597917177,2.101012271098111,-0.5323519475373129,-0.5374961717022644,1.7606542355089863,-0.4108882799321366,-0.806852805902684,1.479270558678575,1.0,0.0,1.0,1.0,1.0,1.0
0.17532671905285338,-0.07683893055449267,0.060256859681426606,-0.7464637472626511,0.10622959874948741,-2.1714367996455857,-0.7079042180691995,0.16714394824397807,-1.2530073562547845,0.7805634935258298,0.5148712910181885,-1.6365138372047319,0.9386885275307003,-0.4830500871688385,1.7870741791947844,-0.31432396759240194,-0.47275891552332705,1.4490068798835336,-0.6471401551902862,-0.8188618638560308,1.7200777900239723,1.0,0.0,1.0,1.0,1.0,1.0
0.1392424864994388,-0.12992687461018532,0.08736010677761205,-0.6619563446220793,0.12779100016968292,-2.1169144708230196,-0.5684776705438028,0.030836872811380582,-1.565135709367785,0.4760641151196372,0.6888290733739637,-1.9502799241858626,1.201816087463333,-0.5083614620384792,1.4750118277544915,0.00031148132258873584,-0.4191864857053859,1.1624224586230891,-0.9336056671221565,-0.8460789339263507,1.6570912682361878,1.0,1.0,1.0,1.0,0.0,1.0
0.12224939685999817,-0.11174394990322364,0.11653968692019731,-0.6976484787694024,0.40378834131993724,-1.8307663936591712,-0.26049028371898664,0.3068827905619171,-1.8817226059004832,0.3474105691660786,0.7633069450175921,-2.2157296075059376,1.296303871527932,-0.6219079544283755,1.1572838101159604,0.3084923630441243,-0.470998969680986,1.476735430341403,-1.0496568014513978,-0.6972182476038474,1.338219479905222,1.0,1.0,1.0,0.0,1.0,1.0
0.12847947036157006,-0.03988401560613283,0.11229615754473124,-0.640513716932834,0.5965488834201023,-1.515245280673992,0.03845768865106203,0.4937495927795717,-2.0582747971452373,0.2885049448081466,0.8227395079114955,-2.458433575373735,1.2004522676460139,-0.5547340900668617,1.0163827644478276,0.591886331372056,-0.7209817883191291,1.7823843895889646,-1.1084067865663136,-0.7749441357756184,1.5634564877235337,0.0,1.0,1.0,1.0,1.0,1.0
0.14359154877660893,0.08123863650351063,0.0613324181920977,-0.8536398456367446,0.719947548347138,-1.2196523131931971,0.32599810340346924,0.37638856938927423,-1.7987024598395442,0.5828410029020069,0.7660328618854256,-2.5617516521654173,1.2473993147285387,-0.6003025302681673,1.170642519393392,0.36276012020630255,-1.0080622555038372,2.105423020449319,-0.8724121300898566,-0.7843688836170443,1.855241394054499,1.0,1.0,1.0,0.0,1.0,1.0
0.17537272968113496,0.16869498520942475,0.0345803510765072,-1.0393463273017174,0.7558622480221424,-0.9111208673889564,0.5338574684207958,0.12501053832636835,-1.4744251645522328,0.8757445173091541,0.45612649754652745,-2.498443574044101,1.1369354303910555,-0.8856935497132926,1.4572867933092684,0.08462129625610126,-1.0996682395082387,2.267158996826629,-0.8772872222820486,-0.6306694843271728,1.5453472068047804,1.0,1.0,0.0,1.0,1.0,1.0
0.1449436622225521,0.14406982652096104,0.08188474855625347,-1.2269046641734747,0.5162113516202138,-1.2229286515729805,0.24635948941831487,0.3390534943344659,-1.1775013137941852,1.1255241717766051,0.46344475553690134,-2.2405861064120582,0.8915203997587992,-0.9378400900173681,1.7557671585241779,-0.2268184075570988,-0.87930833673128,2.1893693290396166,-0.6082541304378634,-0.7873190105935756,1.2351975739547807,1.0,1.0,1.0,1.0,1.0,1.0
0.10035087195879064,0.1302148251608852,0.14519965868436582,-1.205652880403545,0.5606463263152588,-1.5345509181323918,-0.0659788362313426,0.38502605808363327,-0.8868026608051149,1.1481283023752797,0.3829383547919118,-1.9124989791490812,0.7970288597434686,-0.9329911643257757,2.044832060098156,-0.5088630227415231,-0.5745595783109547,1.8719260490374603,-0.39986565290248244,-0.7018341506412658,1.3038120728991374,1.0,0.0,1.0,1.0,1.0,1.0
0.10220833850086922,0.04478283566375149,0.14600777531360667,-0.9498299507998892,0.4174480918730936,-1.8017844756387287,-0.3773759702934688,0.2985743804261051,-1.1103430055744892,1.1525478444349058,0.35895441943012585,-1.5639993826678247,0.6915884961980036,-0.7432376058165522,2.286980107217003,-0.47321589918762397,-0.427720282991893,1.5621660132215844,-0.3276564093609239,-0.6881537436760574,1.6181563247547979,1.0,1.0,1.0,1.0,1.0,1.0
0.11495108847006844,-0.11102780312599135,0.14563869247817438,-0.7427256406746389,0.1953326855396505,-2.068853781251347,-0.6812411875768183,0.3345458554419164,-1.4263596164561805,0.8717488433850535,0.601906328317616,-1.4080087530970196,0.9108730291160838,-0.42834898262900634,1.9775654394288908,-0.1736166227561241,-0.37818678236491154,1.2486965283278728,-0.5605084913808175,-0.9282282419323664,1.883825639001921,1.0,1.0,1.0,1.0,1.0,1.0
0.11263473167580865,-0.20923909456909112,0.14596433540891665,-0.6910233050519252,0.11326187075893694,-1.811339409900031,-0.4368286880856883,0.18895208237474034,-1.736734483453362,0.5545781885817124,0.7770675864893672,-1.7238420457983121,1.1957797971151123,-0.4829074235416447,1.6625631630920998,0.13309839589363215,-0.368634412395966,1.4474840961913509,-0.8238310389205588,-0.9329741880723441,1.5690030162514719,1.0,1.0,1.0,1.0,1.0,1.0
0.10774703811015565,-0.22342765836761688,0.17077390844777154,-0.685923969436755,0.19228976924870833,-1.4991591585164437,-0.12465318146267779,0.4439770284563475,-2.033683338218179,0.3660804224578783,0.9012049880658913,-1.9686084650645543,1.2887162262928873,-0.620914075108055,1.3467630501525096,0.44076268757872616,-0.4612894131361226,1.7363701170085655,-1.045989263008798,-0.9260925472325761,1.4351584981022387,1.0,1.0,1.0,0.0,1.0,1.0
0.12621998676187898,-0.1507191835391614,0.1884042021804244,-0.6398856539705821,0.37113078095405533,-1.1880805836939687,0.16686064275518409,0.34173331337915036,-1.7830016088764054,0.28761477323128803,0.8665971603927273,-2.2205815166202565,1.2933626910206601,-0.5514244717494193,1.0295930835659668,0.558146026715031,-0.6765697186063061,2.044885272316195,-1.2094939363909654,-0.9686749002789679,1.6573708451377516,1.0,1.0,1.0,1.0,1.0,1.0
0.19600983979510103,-0.004274609501621868,0.17359954151966786,-0.8576361496052817,0.6027431178896931,-0.9153752547569762,0.4622743422440726,0.12678776476204395,-1.4789515932946222,0.4860539179113344,0.5757786208535443,-2.471312551713358,1.2293076447910443,-0.6464916407802532,0.9561368627771503,0.27260694466909163,-0.8966254593782066,2.260446096507025,-1.2447454524383916,-0.6572692723785237,1.4363401873903514,1.0,1.0,1.0,0.0,1.0,1.0
0.20317061682140872,0.06719752646709129,0.15991146892402971,-1.0148100584201225,0.7334839328122558,-0.9274549216114232,0.5443984414725355,0.032001283332586665,-1.1650957785532094,0.7747988411572928,0.35790514803727236,-2.536438985278433,0.9524771868862043,-0.56280299266732,1.265131497686094,-0.024078341387653968,-0.8843355410799641,2.3210681253162098,-0.9639102504860259,-0.7055691766562298,1.4079327828095292,1.0,1.0,1.0,1.0,1.0,1.0
0.13604883294841355,0.10992225134196745,0.19203021704543835,-1.2522177366409397,0.6163006972853307,-1.2420686165048238,0.24487565813601841,0.2697847999502818,-1.2227918005126224,0.9811919719387644,0.28781168810524654,-2.2702933840841015,0.8590081556209896,-0.6577364972693809,1.5603668524267484,-0.31766661495382476,-0.644786986288016,2.280186514094049,-0.6520595681177954,-0.7696390897606332,1.0985325588193087,1.0,1.0,1.0,1.0,1.0,1.0
0.03275416780276455,0.14068907855938542,0.22730956991793624,-1.2506742575052818,0.5121919276553115,-1.5492033761920951,-0.0669725084801619,0.3850183704447331,-0.9428390490292697,1.1242638945251644,0.24237895645261592,-1.974923854810311,0.7502578453169859,-0.7172420997895353,1.854282604657313,-0.5484144013851328,-0.3343831784336115,1.965381763708115,-0.3953274364912579,-0.6502251757500509,1.4100724979249044,1.0,0.0,1.0,1.0,1.0,1.0
0.03128492546666728,0.06986280992438645,0.2189086237415984,-0.9729744734816479,0.47867858883732717,-1.8499164376390995,-0.3759246491291046,0.3655733804769926,-1.0977405104740139,1.1624657631100725,0.2889321763868138,-1.6744997391135816,0.6861829855133132,-0.6280167458924056,2.1502011480440775,-0.37980753676624895,-0.3543008671080553,1.6530233125716918,-0.3367770310912641,-0.6668034329019229,1.7233894589462826,1.0,0.0,1.0,1.0,1.0,1.0
0.09182388326449434,-0.07532980712136786,0.19708628354654653,-0.7425433882547791,0.2150786893473118,-2.0867489353137043,-0.6808500046628401,0.30416633020867473,-1.4127591556035215,0.8793332141940735,0.5597035932224419,-1.3623830530730023,0.8442612954215194,-0.4447749610150872,1.9689870301812813,-0.0657313380763932,-0.41191307645199954,1.3386116473513123,-0.48653287417667046,-0.8232778580253536,1.9588381757403848,1.0,1.0,1.0,1.0,1.0,1.0
0.1525815270961666,-0.18353312636924093,0.18977816929039917,-0.6947280898525484,0.10338645709236041,-1.828573602676066,-0.43487013383205975,0.1636748799868101,-1.726573541289101,0.5599067100009377,0.7459441381958343,-1.676051972101248,1.1412225548857657,-0.4696710372827809,1.6576518087128256,0.24730756601310333,-0.3233278144614939,1.1115519174740176,-0.7778485823867081,-1.0097928149803679,1.6877794397361148,1.0,1.0,1.0,1.0,0.0,1.0
0.18924374412599246,-0.20500045463296845,0.21561637553424443,-0.7699491961826102,0.26519767926663684,-1.5149084800930406,-0.11757028955852245,0.4452082466044222,-2.0304727466690964,0.36761752704245476,0.8622412443982568,-1.9638314239433514,1.2690320297945599,-0.6234287954767349,1.343220918413981,0.5580573222439523,-0.5006081296265769,1.4231724250268563,-0.9510298391096705,-1.0086746065285002,1.3572106582153451,1.0,1.0,1.0,1.0,1.0,1.0
0.25139644202878086,-0.09909580583440894,0.22194091703484112,-0.729121220777189,0.2407525967916433,-1.2014781686079996,0.17908017618243577,0.30070881379400505,-1.8088609264504538,0.3014865140166436,0.752312776710948,-2.182273230021025,1.2030906663091103,-0.7067547123562834,1.0273913372537151,0.5286009956073526,-0.8591572568273466,1.7420726272687743,-1.145265848723325,-1.0937964092969037,1.64398456638258,0.0,1.0,1.0,1.0,1.0,1.0
0.2867077955359274,0.06149083417466536,0.16460286379846537,-0.9467013867877803,0.5112253539050626,-1.2449546979510353,0.4485261411464344,0.08494871924391151,-1.4943709422794424,0.5805224808386538,0.5159258302258984,-2.428741194216084,1.208844203973938,-0.6265681748788053,1.265957999875929,0.35458843962215714,-1.1535976579542144,2.062824976260577,-1.1084742489837351,-0.9077806162282082,1.812391909275529,1.0,1.0,1.0,1.0,1.0,1.0
0.21823244706433156,0.1765767432889723,0.15348646551265058,-1.2342699395396042,0.6853859737071959,-1.166614374640351,0.3885889015047562,0.013418362059983868,-1.2208176519491933,0.8926253030489378,0.34191935103362603,-2.498360394870999,1.1010039558237523,-0.9223671066573663,1.5543028225435425,0.052991769074681505,-1.1133048899629134,2.2385855036660396,-0.8344450005110888,-0.6095150310869858,1.5003303834012889,1.0,1.0,1.0,1.0,1.0,1.0
0.13855972968149713,0.20210892499056785,0.20487882388857612,-1.2329180457866866,0.6376882460423376,-1.4629286772562633,0.07676367700671494,0.22063118783779076,-0.9258374261918669,1.1244383119774009,0.3083555342867388,-2.2469372790732707,0.8954849874254273,-1.048893274000886,1.8428947883866504,-0.24926561397835767,-0.8322517757291042,2.0320849494904456,-0.5393975959032462,-0.7159801956589588,1.1878784071864188,1.0,1.0,1.0,1.0,1.0,1.0
0.09631481868006755,0.1897207486105987,0.26993627927525743,-1.0279764901300572,0.6590128599980898,-1.7551317932145345,-0.23526010166211753,0.2885925045267517,-0.8490486904255548,1.1607448125175925,0.24401203962457227,-1.9462720210073268,0.7311046736185016,-1.0443012823480018,2.125703183232153,-0.5003260009859626,-0.5328237661582136,1.7103491224666976,-0.3599920254081521,-0.6685919177103401,1.4969640518663594,1.0,0.0,1.0,1.0,1.0,1.0
0.13207458244024053,0.07938641620183198,0.29290239314877564,-0.7697421559813081,0.4258160260416764,-2.0112552311531413,-0.54862551934851,0.1610838079414136,-1.1632617146590927,1.0087667022503284,0.33123195976946024,-1.6230066490696438,0.6542492669902111,-0.8271952656819475,2.3261633870928695,-0.27485707826079264,-0.4824950945914136,1.3976553922214465,-0.33850517135755687,-0.7586968529230576,1.7848716923867118,1.0,1.0,1.0,1.0,1.0,1.0
0.14521824811914366,-0.0475188961263279,0.33556626550699986,-0.6678234583554014,0.18957350882094057,-1.8215799537044401,-0.7735469503631263,0.10541444701078151,-1.4778519154247558,0.7158558168735775,0.5997506386184929,-1.8611836126578005,0.8704614830700239,-0.520732568052086,2.00948491910167,0.038283372261192716,-0.3605338143463762,1.0835698774177758,-0.6474272109401653,-0.9671694240675108,2.002763454965398,1.0,1.0,1.0,1.0,0.0,1.0
0.14709436008988666,-0.056607232467326796,0.3777219602897063,-0.7401122004550617,0.28507814074300275,-1.5076028150230365,-0.48539554530787926,0.23418429930100063,-1.7801262095383232,0.4479734908898806,0.7043551041764844,-2.1456855890548643,1.1524790720055105,-0.6154348331686288,1.6957786757061566,0.34513889225847405,-0.4022741652405874,1.3925785812555522,-0.9214102977574973,-0.8463700504960509,1.6915948919378032,1.0,1.0,1.0,1.0,1.0,1.0
0.09864613494475652,-0.007760497968702623,0.3912885825657847,-0.6935252099753862,0.363594252584065,-1.1940393746376148,-0.17530845639085035,0.436901600320297,-2.0280322609665995,0.33780308505982837,0.7396717333983338,-2.3711739514929366,1.059263616578624,-0.7177403962841644,1.3823442270886979,0.5706454716241612,-0.5399988409155554,1.6806332907092305,-1.08793798312622,-0.5676982791321319,1.3730369211441193,0.0,1.0,1.0,1.0,1.0,1.0
0.02605646593802652,0.058435347419242306,0.3738548017482678,-0.8966007888799836,0.5831752569467872,-0.8910578388299037,0.12431545483663553,0.3713575799325501,-1.772581126754809,0.6133261539912174,0.6815158830284822,-2.4381766979950648,1.1235663846121748,-0.5806753856791131,1.622320144070187,0.2961130797315539,-0.5955862050652491,2.0035962505818126,-1.110832072019658,-0.46029743728559835,1.5334768347554562,1.0,1.0,1.0,1.0,1.0,1.0
-0.010290370416047134,0.08354612148650639,0.3631278001509043,-1.182048018600627,0.6915249922041697,-0.6997893403328708,0.2961578409445421,0.2264708582285022,-1.4615785430193844,0.9235669356116664,0.4637906042880161,-2.1066260633324423,0.9344270326828621,-0.647783898952991,1.9198472197751566,-0.019347402209063946,-0.44111637047558877,2.195037500354288,-0.9428557840865712,-0.41304762509146753,1.222831718507633,0.0,1.0,1.0,1.0,1.0,1.0
-0.040895607342635476,0.06129929912003931,0.34010611832101034,-1.2935103955588112,0.4782321634542719,-1.0124017756811572,0.01757042474767978,0.37457937421326437,-1.1472884626696398,1.144094172841147,0.3341186141965748,-1.7689430013251988,0.8887619172791825,-0.5559634962737939,2.1910728197104032,-0.3412138469710478,-0.1506767289428671,1.912066274737125,-0.6291543123675067,-0.30434023971960045,1.5356961857531972,1.0,1.0,1.0,1.0,1.0,1.0
-0.03601743248679895,0.006027413078615318,0.28352738489126184,-1.0612001955372712,0.2639370381911872,-1.3261032596362892,-0.29506182247488544,0.44292624900368155,-1.1028259612215385,1.1950389709064901,0.297055392898139,-1.41727014472128,0.7783884672749757,-0.3491271968317822,2.3407222309585127,-0.4257427065482822,-0.28644704518200226,1.5992944965318343,-0.38825016593095585,-0.49150440984348687,1.8522468786489297,1.0,1.0,1.0,1.0,1.0,1.0
0.011230637475391964,-0.11702253608618893,0.23281462277927115,-0.8595071452535419,0.2005228771201532,-1.6253103182937894,-0.6115029402858557,0.45544375497479633,-1.418132071090984,0.9446760913083537,0.5289816244933666,-1.1053999418774556,1.0138900290637707,-0.2814432619823829,2.0865726993875344,-0.13265073131860894,-0.34217986930855293,1.2840372509233149,-0.41151185999105966,-0.734115536255508,1.8665430884561582,1.0,1.0,1.0,1.0,1.0,0.0
0.08488897865242642,-0.21692644920634985,0.22124485870375962,-0.8056652751014071,0.06331164338562655,-1.5854387026892611,-0.39879442735479875,0.2151830213364809,-1.7386226508635905,0.6242696330772189,0.7447183424029099,-1.4209267878448537,1.1382842128662563,-0.5248627635099863,1.7741120219456215,0.17695575343948367,-0.2835506462167892,1.3300768741995415,-0.6822080143290906,-0.9113994993987842,1.6660133601753053,1.0,1.0,1.0,1.0,1.0,1.0
0.16088137985181225,-0.2714387813239927,0.24907785721514905,-0.7207633642497817,0.04114534705955249,-1.2734808350850249,-0.08633395507880326,0.4186117517933063,-1.9948127041897221,0.4006152413366124,0.8266840425459371,-1.6737136957728977,1.2746703467595881,-0.5465474407556808,1.4558477606203224,0.48611557340754785,-0.4703662371249484,1.6339013750374316,-0.9465640583722702,-1.1911800736279519,1.6664544672398227,1.0,1.0,1.0,1.0,1.0,1.0
0.25769313038618247,-0.1507922587997349,0.28377404741743695,-0.8921126263161694,0.14799718859826816,-0.9599715144342613,0.20923660515317277,0.19727239570884483,-1.7403731333232129,0.316628441192513,0.6683962013032672,-1.9307365372924636,1.3078119554208123,-0.6817684767464327,1.1406372095038537,0.3395068755539651,-0.8940094647627687,1.9677939321863602,-1.1759396914605642,-1.2226220058510404,1.770864149766753,1.0,1.0,1.0,0.0,1.0,1.0
0.3357458953688848,-0.012894401038538672,0.27352916363081015,-0.9792270507489923,0.429186517370126,-0.6626057782248405,0.46695377433863483,0.03538164225294139,-1.4335257447655263,0.4703793891492941,0.4904145730290548,-2.1893328022363785,1.0559375532326998,-0.6401761540313075,1.4142686510267912,0.08257498433604638,-1.1935500859692296,2.205203779894079,-1.2564584647734445,-0.9137973793795762,1.4992763854830822,1.0,1.0,1.0,1.0,1.0,1.0
0.36733163010583114,0.09511963084283256,0.2623784237268786,-1.2261076257061925,0.6106245141455691,-0.9714213097129574,0.20696368425897915,0.05594909949424246,-1.1203243520583632,0.7712405279127641,0.2926647909262267,-2.4093960618061576,0.884947926126451,-0.907128655806072,1.731381158782682,-0.17612853956353347,-1.2978534584438859,2.2834780724435446,-1.0465223999830233,-0.6432908816904154,1.168127791964878,1.0,1.0,1.0,1.0,1.0,1.0
0.33721813332357253,0.11106098847606063,0.26241915499913526,-1.3014687655640176,0.3441279094760227,-1.2856778635526278,-0.10573192725681624,0.23216668568706403,-0.8514258767960454,1.0660983856663595,0.2294211171437815,-2.1624329929429034,0.7559232737023874,-1.0048174175945768,2.023120077466684,-0.46444229843848084,-1.0350601833463646,2.149790455712403,-0.7424071252148795,-0.6755327395072701,0.8912698241164057,1.0,1.0,1.0,1.0,1.0,1.0
0.26718970886810456,0.1069592878732569,0.269687752074515,-1.097332305887645,0.2223410834885433,-1.5775849321053081,-0.4183797950471989,0.26861658661284393,-0.8285415907159441,1.1593942279224234,0.21221449676289544,-1.88037417512027,0.679676371952252,-0.9679765306825328,2.2815123250948885,-0.6031285917756631,-0.7322857742427734,1.8296704859538815,-0.4530209580766693,-0.5919352236661822,1.1894082303340698,1.0,0.0,1.0,1.0,1.0,1.0
0.201281717360117,0.008180748936037985,0.2646757956685786,-0.809607534565743,0.17067490214315592,-1.8611310657564395,-0.7103602934964843,0.15584827790705935,-1.1438061651631184,0.889797595557445,0.3507439262948414,-1.5661109064833423,0.644759943110662,-0.6644740754661796,2.3741012743149397,-0.4076745119329549,-0.5452059467252792,1.5198527606254844,-0.42479538481798307,-0.6657443317749374,1.4523813147275115,1.0,1.0,0.0,1.0,1.0,1.0
0.17200426246649217,-0.08963779477718792,0.26998859168048994,-0.6659793803576738,0.05363915217442821,-1.610324513845779,-0.8417034736270049,0.3290467732364726,-1.4579480157022446,0.5842560064020977,0.2845566791845261,-1.228228588453082,0.8611967906292938,-0.4351434935889666,2.100822846887227,-0.09374167475755213,-0.46677818203523747,1.2060612117326388,-0.46821619111200374,-0.8093473852137462,1.4573193329354788,1.0,1.0,1.0,1.0,0.0,0.0
0.12969846727073756,-0.15242692520395923,0.2926253404738276,-0.7981123810734415,0.022452728128616636,-1.2993913483456505,-0.5501310218764999,0.2157663541688424,-1.7763717901262805,0.4029164414286664,0.597773375661911,-1.529860788929963,1.049403776971263,-0.5337937652561723,1.7870506975669702,0.19156361426964308,-0.3892685410514991,1.514048545190568,-0.7332577649506358,-0.6370796324545861,1.1780539941903472,1.0,1.0,1.0,1.0,1.0,1.0
0.11214470868428958,-0.18056864660251373,0.32135895062186326,-0.7151517709367143,-0.004112436546863704,-0.9890403255708984,-0.23742763951124157,0.3198001552941431,-1.7196518485866346,0.32942779554879276,0.7882242586604387,-1.796738556636199,1.1156868898425372,-0.4511762436995851,1.4706195226183691,0.16070506460764056,-0.40506390524588554,1.559978342496601,-1.021583308185583,-0.8468311785044128,1.412929386736898,1.0,1.0,1.0,0.0,1.0,1.0
0.10668453589633328,-0.08500591894965889,0.2997468643616156,-0.6478353945069519,0.1874179975139804,-0.675622078506567,0.045142542358701854,0.44810547722261085,-1.9094954724938409,0.27977751085768726,0.7721501804588752,-2.072743770208398,1.166103156604951,-0.4805475427953667,1.1735787843789218,0.4446161268395682,-0.6463466918314849,1.8644555568046317,-1.1644854451136084,-0.8580001782582621,1.6445222993271484,1.0,1.0,1.0,0.0,1.0,1.0
0.14282585745490214,0.08484301214220716,0.260788729303703,-0.776939388076599,0.4739385764447249,-0.5229382385257184,0.3406613073325552,0.19914738904519283,-1.5876298529382709,0.3265881893569868,0.5413002582593669,-2.3601047897587772,1.0556432757875827,-0.6854040753536086,1.4861417489567827,0.2018440758842286,-0.9390381441578658,2.1581640490097143,-1.24473110867512,-0.6213023049504374,1.6565081759317002,1.0,1.0,1.0,1.0,1.0,1.0
0.13266322757512186,0.15612172196183496,0.2677663167916784,-1.0854387902875744,0.6006290265810308,-0.8331182637770793,0.10222716290398581,0.1525497227880635,-1.2759304630924422,0.6002358105361763,0.35963267647356945,-2.445128867807667,0.9255262215672516,-0.9034994007610875,1.7889621018523303,-0.09758660799282104,-0.8957436878438615,2.260328755198991,-1.2154184856808194,-0.3749383388075199,1.342144908203378,1.0,1.0,1.0,1.0,1.0,1.0
0.11633450470868381,0.1407031234153823,0.2883058403114357,-1.2462572603700628,0.35472162698449655,-1.1510247747089515,-0.20929421936055015,0.29427268692084185,-0.9638052239911785,0.9131455830608565,0.3063184250594598,-2.21924997191946,0.7780138830273464,-0.9260725559682382,2.0720535265953997,-0.3935485886834342,-0.6224064113675231,1.9558222808528656,-0.9252128689688693,-0.49775594600017903,1.0354625495284298,1.0,1.0,1.0,1.0,1.0,1.0
0.08378842065393208,0.12134361717671446,0.28601356425499047,-1.062392863597596,0.37171191051580454,-1.448218258980057,-0.5189975332147972,0.3577647318102319,-0.8033939674431068,1.1190975236272656,0.25169690114988286,-1.9201177337724424,0.6961004404021728,-0.788981983075607,2.2925234254084788,-0.5342433266866501,-0.3793039850566969,1.6407035800779783,-0.6085880537202173,-0.4783364186486827,1.343669028718083,1.0,0.0,1.0,1.0,1.0,1.0
0.13230780334114292,-0.012915731699794097,0.2561067334770868,-0.7982384346666582,0.14543456654130776,-1.7203229547902348,-0.7664622349204067,0.2882096148503793,-1.1177318174517508,0.8562853330461846,0.4232814685759291,-1.6046428073352905,0.6564944858263133,-0.48582158433995065,2.3828077864427994,-0.25191290991943693,-0.43740935299009354,1.3274369097370444,-0.4011525754710975,-0.6917139179799637,1.626123690311963,1.0,1.0,1.0,1.0,1.0,1.0
0.1440789488638806,-0.15146415575121852,0.24803946015227016,-0.709868305429537,0.044220917737972196,-1.801243752622222,-0.8344299304427591,0.16378663002094584,-1.4310020202946756,0.5380390348433681,0.6652896956415761,-1.9096158242384926,0.9149801421009596,-0.2920735057443657,2.077491156868736,0.061227936542651795,-0.22118048139690955,1.0144070911712912,-0.6538151817114433,-0.9469710520946509,1.8537745585968293,1.0,0.0,1.0,1.0,0.0,1.0
0.1575229446118577,-0.12393906625647379,0.24250606260381338,-0.6934566471310455,0.28001548840461155,-1.486967456530614,-0.5419285619832281,0.16751844466562807,-1.758475012927935,0.3996905567128716,0.770633137535889,-2.1892384459316574,1.1437078902689521,-0.5594518718660252,1.7648754088940923,0.3721263938371845,-0.39136547213918293,1.3274254239240175,-0.876779930456737,-0.867013991678111,1.525686293771661,1.0,1.0,1.0,1.0,1.0,1.0
0.16016966311784722,-0.04691762295587007,0.23695929223782766,-0.6825974792640986,0.3176389822170699,-1.1711590328475117,-0.23698622583824414,0.416754928334364,-2.069441513075928,0.3230735943297855,0.8105531037210744,-2.4262259564471798,1.1144722622129313,-0.6966623795426472,1.4522193173746036,0.635712481621865,-0.6370281808336923,1.6367082290262467,-0.970187706878252,-0.6407662525947788,1.22893493851993,0.0,1.0,1.0,1.0,1.0,1.0
0.10478297597032712,0.04049128724009701,0.22715338707937707,-0.8896548219005865,0.5414112603637338,-0.889982835440271,0.05727196751647179,0.41740351595279596,-1.8123512880229973,0.5474304202276024,0.7461886127429106,-2.375998015916015,1.1640753677144995,-0.5739002014713735,1.3809408800802765,0.39120176977505705,-0.8052326875328527,1.9568444855651115,-1.0317467925342096,-0.5737213871582663,1.3919269519989175,1.0,1.0,1.0,1.0,1.0,1.0
0.09155064519492148,0.1178546112806518,0.21572640126006318,-1.1700840245852393,0.659131134246755,-0.7351808433006461,0.35616945586301074,0.18138660239722465,-1.4985971877216664,0.8655573971902843,0.47046186121167255,-2.3231246720435315,1.0588001878253166,-0.7699764262271912,1.6761970329344607,0.08833821663951902,-0.8084393950422026,2.190695913339708,-0.9188393088970275,-0.45210723778536754,1.4889819873738368,0.0,1.0,1.0,1.0,1.0,1.0
0.06521436744618689,0.1257319875945219,0.2264542066162504,-1.2896451184418445,0.4422490119376111,-1.0489378254741293,0.10563777019953957,0.33610778540349134,-1.1857084488808716,1.1044750979627334,0.3338918573926577,-1.9772002549053087,0.9186754235866964,-0.8093581966584894,1.9764420841608077,-0.21562580598295356,-0.5126671798575613,1.8788491603962472,-0.651866391232809,-0.43955092653515193,1.5664355450853114,1.0,1.0,1.0,1.0,1.0,1.0
0.05534930141401542,0.08220716983598045,0.24130646586567608,-1.1311130476265536,0.34396768489376933,-1.3446442221006039,-0.20608723803955398,0.418294606951666,-0.9075998555084315,1.1534220929583567,0.2936516851092754,-1.6300854981769455,0.7883983125529818,-0.7116428361265934,2.2439748224943674,-0.4563428376214818,-0.33500842587872964,1.564664152615404,-0.41835648926676194,-0.6047695596415673,1.7168330256367867,1.0,1.0,1.0,1.0,1.0,0.0
0.043799086094877676,-0.05061523068519949,0.23212080163717433,-0.8657346981397464,0.26790841919480846,-1.6341126190969426,-0.5195379418913483,0.3450517743010131,-1.2213073079156276,0.879675124998053,0.4771930446505258,-1.3141164157282041,0.7500448533713893,-0.41049475346967124,2.1686363947196505,-0.2173967158149812,-0.3658703484197369,1.2530397306344694,-0.38065172551367077,-0.6838072465634932,1.895411394116507,1.0,1.0,1.0,1.0,1.0,1.0
0.0009445711751508434,-0.1491685865075232,0.21237691729967464,-0.7792985886933373,0.3305012397245125,-1.9197264453017708,-0.7280781119462858,0.2744391465525593,-1.5366088560493225,0.5667317969677689,0.7133031361950865,-1.603772572951977,1.002833156353405,-0.3261354817813523,1.854696681671705,0.09567483099863827,-0.22041368778187936,0.9379576628593345,-0.6838336370684891,-0.7889853535832313,1.8998495608320485,1.0,1.0,1.0,1.0,0.0,1.0
0.0358371188358621,-0.12131168178888259,0.2165299216424442,-0.7920452928269752,0.3583755143342781,-1.6052436823360168,-0.4645501310053778,0.381633110133141,-1.8778522228335768,0.3827078589073435,0.7699420436511422,-1.8848881930632586,1.224465273058126,-0.5643310476010945,1.5397096485352921,0.4097954842829491,-0.3286260521388225,1.2518948652006334,-0.8573937461456115,-0.7412231752750513,1.5899271100795274,1.0,1.0,1.0,1.0,1.0,1.0
0.11864900469575143,-0.06205193579416343,0.22955666417643275,-0.7022397205479518,0.22500297091056878,-1.2925392865939211,-0.15996609507564252,0.42875513455580755,-2.0717631919175634,0.31159268769988474,0.787901910786032,-2.182564805718454,1.1660635368057335,-0.683590387784839,1.226463343884259,0.5836814919462899,-0.5491200764141564,1.5696620813437567,-1.086390252353338,-0.8794220921890613,1.7056719772842186,0.0,1.0,1.0,1.0,1.0,1.0
0.17061553674441857,0.0345956687688071,0.20239615560932792,-0.9130386563726511,0.39624847093797466,-0.9820011858063808,0.12928886763608316,0.22532056635980088,-1.8260287749916642,0.4370788436365002,0.627970795816523,-2.4331387315614,1.2738864941487225,-0.5389656282049392,0.9635764978102141,0.32235556204061766,-0.8297346331770014,1.8920657414597353,-1.2233633844592868,-0.8662131005390816,1.9724630993232388,1.0,1.0,1.0,1.0,1.0,1.0
0.20299227381849924,0.1510998337179185,0.18214659968490124,-1.1931693842997215,0.6558631634891949,-0.763959351875392,0.4324804933017251,0.05556999942925873,-1.5151947399193129,0.7474587152266999,0.350985166649896,-2.5508746828761963,1.0379738782370618,-0.6976858870074988,1.2781448039096137,0.03136420977491827,-0.9987328377087759,2.1744143677041445,-1.067943397769911,-0.5796631136845809,1.6524620269530068,1.0,1.0,0.0,1.0,1.0,1.0
0.14478831428809527,0.13103650757374877,0.21147955000035004,-1.2945102626696832,0.4594726250389894,-1.0783986234231504,0.1779754945758948,0.3022476134931556,-1.235231820049652,1.0516691404619682,0.40312505082939565,-2.3240413110445277,0.8834608100770511,-0.7734067144500466,1.5821383711031167,-0.2712368105412843,-0.8071393330543295,2.157052975773883,-0.7674328940583452,-0.7554139764212268,1.3432317066959427,1.0,1.0,1.0,1.0,1.0,1.0
0.10217940801137479,0.13380864080749835,0.2739044423585937,-1.2783823141332815,0.43290673040634436,-1.3756557001903662,-0.13602019666072296,0.37518338158260894,-0.9339977714574255,1.1510927585760458,0.29592296492522246,-2.025973795363526,0.7611076702518751,-0.8245554141070391,1.8797511932960171,-0.5210987250616556,-0.5205579933336208,1.8418480433456135,-0.4714944077734582,-0.761411371326398,1.1421460975040834,1.0,0.0,1.0,1.0,1.0,1.0
0.11743368706808768,0.06084565965139618,0.2778041692643377,-1.0300190995437717,0.3027948435663798,-1.6636637985681944,-0.4454622374682621,0.2785122122837064,-1.1557675655314943,1.1803854608692457,0.30200559008015593,-1.7092145129590774,0.6729006501698116,-0.6784154024885262,2.157856701937737,-0.40865418679823096,-0.4157432412009431,1.5290768587275239,-0.3351928972276603,-0.6862419986998081,1.4554134267583998,1.0,1.0,1.0,1.0,1.0,1.0
0.15780612667854468,-0.09389610803162785,0.2644876290548397,-0.7751577648098484,0.09479643949011729,-1.9551526168343298,-0.7265824411642031,0.30143363152760544,-1.4701856054461069,0.8921160844636634,0.5862941162921153,-1.3973203891474553,0.8777276560663959,-0.36387026793328026,1.8620661927006212,-0.1009008350572268,-0.38180623524770996,1.2158863434108216,-0.46132649586718144,-0.8424405555705945,1.7273336500596979,1.0,0.0,1.0,1.0,1.0,1.0
0.15087345263359728,-0.167803768378935,0.2530737597294267,-0.6778297037275414,0.10772198527438392,-1.6511508313113228,-0.46606618792034116,0.1867986457827914,-1.7843626074667498,0.5699426718610815,0.7762960686373832,-1.7114390211745285,1.1296914426483662,-0.5029225674143704,1.5489116312720062,0.21223406135424439,-0.3950484543963415,1.405648233067833,-0.7530104798787238,-1.0127872482619484,1.7509850445336783,1.0,1.0,1.0,1.0,1.0,1.0
0.10075282313898162,-0.17274994244047454,0.26588039316026457,-0.7037988723352588,0.19512607396990758,-1.3364886059193382,-0.15217828462098737,0.6031677327194227,-2.074522346475159,0.3699552891462259,0.9453237374003856,-1.9477589316255013,1.2294008829694874,-0.6573807667817875,1.2321833318098574,0.5094629887207204,-0.5299994425287166,1.6984884688412538,-1.0244025041114848,-0.9939548323699764,1.6359412653072853,0.0,1.0,1.0,1.0,1.0,1.0
0.02757645497838032,-0.10697144636122508,0.28525297010331574,-0.9826688356795185,0.43626517364197626,-1.024243847846782,0.12635293243981394,0.6624901353320257,-1.791557301576136,0.420025071732963,1.091294994635135,-2.2119594228642194,1.3080250547510195,-0.5549821343142727,0.9155832383904008,0.25207974886971674,-0.7125889357466417,2.0228785898354413,-1.2062371694957836,-0.9675306009952137,1.814796449440461,1.0,1.0,1.0,1.0,1.0,1.0
0.05718383847090483,0.04186168827516609,0.28035151047397056,-1.2404793439681567,0.6391088210772051,-0.9727471499041438,0.37351892606328707,0.3857731283107933,-1.4565644486684564,0.6990686373279253,0.8541309075767878,-2.4317166033169704,1.0756948272865265,-0.6744495619273837,1.2323386061660857,-0.02345376611959893,-0.9369469340435851,2.251015512548933,-1.2093746833586707,-0.6533480047818142,1.499001023018495,1.0,1.0,1.0,1.0,1.0,0.0
0.06319666820663375,0.12141640573737464,0.2733935901349076,-1.3435827105194729,0.5622190210071085,-1.2862532840470535,0.136183098426227,0.17666950839175272,-1.135156447321261,1.0075958660767992,0.5791500760586197,-2.085774865665692,0.8302321635899012,-0.7854039005568997,1.529970795560438,-0.32711693064650194,-0.8923659654565053,2.2403117868872107,-0.9624301099808976,-0.37922175714612294,1.1865653348844525,1.0,1.0,1.0,1.0,1.0,1.0
0.031615679357596654,0.07855271571350977,0.2765935867891014,-1.290924241094877,0.6344580272595917,-1.6026566074135402,-0.17559741130280826,0.3422211707038557,-0.8516528419845226,1.1620070049091533,0.5691204047896827,-1.773303265421131,0.7367968643555539,-0.7865315686302955,1.820082815439405,-0.5638132017364462,-0.6351519606566403,1.9270959251263442,-0.6471463441470908,-0.5817248606901531,1.0931087790063803,1.0,1.0,1.0,1.0,1.0,1.0
-0.018710296916033292,-0.040997899247141034,0.23733074387447853,-1.0822438525641422,0.5741332584095178,-1.9087739408404918,-0.48919648992833725,0.3640252582854514,-1.1673843473437664,1.1821258666937375,0.6120021442098291,-1.442600405696178,0.6693582557553677,-0.5521037406645056,2.0739297575455713,-0.5500003030669032,-0.4288022531732005,1.6055268250887134,-0.3896931187828502,-0.5298887210585647,1.4056428122887055,1.0,1.0,1.0,1.0,1.0,1.0
-0.022355786545220968,-0.21508379953648996,0.1804993944804855,-0.8557807998963729,0.3743599439639158,-2.1867007528498132,-0.7433096654502422,0.3544397560680386,-1.4838529166996166,0.9292028462075942,0.7429801646853454,-1.1482388504448586,0.9147542625214651,-0.3049928077131789,1.8628590476078117,-0.2538077282595973,-0.28697515252013056,1.2901175558855853,-0.36590669480181404,-0.789708856749497,1.7009626687588493,1.0,1.0,1.0,1.0,1.0,1.0
0.06086421894008179,-0.3023677052222601,0.178430237848714,-0.7539957868124345,0.15509393172102542,-1.9716662420602948,-0.4909117697985239,0.34203702087040844,-1.7960796576762037,0.6162472142197621,0.8546772557070339,-1.348944110432114,1.199409445053837,-0.3774368697235036,1.5475874993391605,0.06063763593447391,-0.19771931847594526,0.9879691252885952,-0.5782114734628244,-1.0978586513375639,1.8170882372764054,1.0,1.0,1.0,0.0,0.0,1.0
0.10497302255350463,-0.2415839243234784,0.18894873727248282,-0.699376670246859,0.39272634836595904,-1.659987918579787,-0.20679265398058677,0.5127493875038801,-2.0881077029619033,0.38890213597633516,0.8796017087269575,-1.6633231433977351,1.3021224077647582,-0.546707486896682,1.2340575916647114,0.3709668515921337,-0.35282672920427827,1.3038729899451396,-0.8056551529312548,-0.9775061764304748,1.4858354921146248,1.0,1.0,1.0,0.0,1.0,1.0
0.12881739460911143,-0.19521498230065,0.21365926718567077,-0.6433872752733566,0.3554817442942334,-1.344436406658701,0.07549972101801983,0.5856019540288517,-2.172386955313026,0.3039042329289218,0.9161575734213798,-1.9548088857652768,1.2500280811279525,-0.5649461836956298,0.9212720790064179,0.6294112804173059,-0.5162558098110316,1.5896660039669903,-1.009105229888904,-1.0901247942736523,1.6350054615982794,0.0,1.0,1.0,0.0,1.0,1.0
0.15197666096399268,-0.1080648633594888,0.21203413759794146,-0.688163300645035,0.5414765360745457,-1.0321207121395002,0.34767414590929635,0.3953438581358953,-1.916846850703424,0.2966558621067242,0.8516449740685118,-2.2301762626824146,1.2924193863397717,-0.40837904438471917,0.8742242939288414,0.41256337356083306,-0.7439136161261392,1.9166997842936586,-1.1802054351542595,-1.0949491222824694,1.9087545606101781,1.0,1.0,1.0,1.0,1.0,1.0
0.22388039417893638,0.023734685623029578,0.19178480300038378,-0.9531877193219179,0.7036932874478201,-1.0954877286372775,0.5688210124743948,0.143640339971933,-1.609031238191661,0.5908926649518685,0.5438883803744546,-2.480428540717115,1.1492915681362876,-0.5864306194100306,1.0892266172897969,0.12876122175467752,-0.9668817107236308,2.189490340088607,-0.9829770142339164,-0.7849990370653996,1.5934898460068359,1.0,1.0,1.0,1.0,1.0,1.0
0.18951351990983575,0.10499050913369137,0.18951590420029255,-1.2267013674578793,0.7438358402079006,-1.3929238914685373,0.3951914032028153,0.11965398628841678,-1.294766550641828,0.9047179645078802,0.3336660958281958,-2.52106080527224,0.9205152878899748,-0.6604769851726005,1.4022275967319626,-0.171048588693402,-0.892624736958882,2.273544433093236,-0.6959133552415397,-0.5349710279929764,1.2766473347759366,1.0,1.0,1.0,1.0,1.0,1.0
0.11406466294359072,0.14593352808818885,0.2125625369489024,-1.2443078201659474,0.5984153667490684,-1.6990298694383046,0.08444867290450742,0.3198018833245253,-1.0611572054515215,1.1250267649697996,0.3129530511451696,-2.24404224791975,0.7679735461809418,-0.8166889941966914,1.7188139344625957,-0.4646159815034061,-0.6019451367966145,1.9843357765035305,-0.4205121428134668,-0.7014311528170567,1.5582938725742457,1.0,1.0,1.0,1.0,1.0,1.0
0.06699313304856061,0.1347898512591996,0.24037032881537243,-1.012691265164325,0.6220621851683155,-1.9950342422999527,-0.2259393891027045,0.37887092606025463,-0.9863560968841085,1.137732641003813,0.25931768985746223,-1.9269887237526948,0.713306993541808,-0.8079408209404854,2.004445068771754,-0.4609156683099235,-0.43041859924455356,1.6725596210102567,-0.31551444849860333,-0.5927816707027447,1.8689797240612298,1.0,0.0,1.0,1.0,1.0,1.0
0.0975666549233413,0.007635269668965328,0.25030822183443113,-0.7572166905625257,0.34713243434674046,-2.2147797736337878,-0.5391831201980555,0.26097714476376943,-1.3010963029182139,0.8479230202830106,0.4334286007924322,-1.6119692672878791,0.6859097569814758,-0.5843508044920531,2.2592022326770853,-0.1650830257878071,-0.45461738163124643,1.3599359268907243,-0.38055688199709947,-0.760872976910052,1.9409193623504661,1.0,1.0,1.0,1.0,1.0,1.0
0.10152850962042245,-0.12102587981151175,0.2525936831667607,-0.6639189617532013,0.1434766059641348,-2.111207297082188,-0.722604429115695,0.16691170681783843,-1.6159737633171833,0.5450033825857996,0.6525387067151915,-1.8808826834270622,0.9188509239454024,-0.3180452614745452,1.9427455848767115,0.15107252629230272,-0.2865361007192179,1.0452086368487032,-0.6833372547223884,-0.8158111273334565,1.751413899104845,1.0,1.0,1.0,1.0,0.0,1.0
0.10512143294564266,-0.11021808781114831,0.2473710877511691,-0.7052524545567521,0.3599005328038577,-1.8010604352138266,-0.43335854023591625,0.25045083707837107,-1.928590822650869,0.3781626729849091,0.7587514742052103,-2.1846634329345793,1.1806061754193775,-0.5257749806750726,1.62960700246731,0.4649233808295735,-0.3632048687374276,1.359460064202967,-0.8577444122306466,-0.6626219478604848,1.4240250767586848,1.0,1.0,1.0,1.0,1.0,1.0
0.13093846111264099,-0.06735566120364403,0.26409829958017705,-0.6589784197642993,0.39399218176576983,-1.4852902224526605,-0.12144043288261608,0.38452528172371697,-2.1205800633486334,0.31642323745541523,0.8183073172117717,-2.4177597254681014,1.1604626252015133,-0.6396280423744948,1.3148435055635947,0.6511604824847882,-0.5171327583548203,1.6664737460637453,-1.035062284196248,-0.8054140130940425,1.5933284224912108,0.0,1.0,1.0,1.0,1.0,1.0
0.12562516774355306,0.021926341130921956,0.25592249636430564,-0.8888569527427936,0.596387413513161,-1.1717470072336886,0.1856722482287282,0.2722992753879293,-1.9407878592625374,0.5197739268060856,0.71294334180424,-2.5102672960630947,1.2638273651390444,-0.5266579411320308,1.010084839480058,0.3732030653175461,-0.7224958397360169,1.99803256837056,-1.1195771164531796,-0.7787972467886686,1.8801669180647655,1.0,1.0,1.0,0.0,1.0,1.0
0.16164023548074966,0.1214872145802757,0.23825935599764805,-0.8998121197516622,0.7314350918141248,-0.8577040323990655,0.4843730460392791,0.06701467986708887,-1.6466400505263785,0.7397993397714647,0.4341893911697763,-2.506922908936033,1.0570700561282247,-0.6048129582114747,1.3295417673741698,0.08271919086641899,-0.8240549846790703,2.222140477369883,-0.9303146233598635,-0.7076406541625808,1.5686965265705188,1.0,1.0,0.0,1.0,1.0,1.0
0.11691729479457838,0.1009333658251039,0.29169945809773157,-1.168514120526997,0.5997236685568872,-1.1698750907310773,0.21052648031116739,0.30879121616173066,-1.5608370690923499,1.030954581370555,0.36786397030353823,-2.2480893178182484,0.8072171148045787,-0.6554382265038293,1.6202890934926204,-0.22838711047874083,-0.6439133232562656,2.260778009982481,-0.6205729067042491,-0.8193371467700126,1.2579181254579235,1.0,1.0,1.0,1.0,1.0,1.0
0.04062179508286032,0.10726893955674136,0.3373487970708491,-1.2501693888989078,0.42680996814048544,-1.4775466473124665,-0.10213099261193503,0.3805042996088137,-1.2474641969682145,1.0910173505065028,0.2876431368937996,-1.9382097577214694,0.7460054478634475,-0.6884767460804649,1.916927763105961,-0.5204947347651431,-0.3402128106936708,1.9736627770338762,-0.38674982865007257,-0.629133346211997,1.5692633134426028,1.0,0.0,1.0,1.0,1.0,1.0
0.050844349541697836,0.04904388234843085,0.32417578495009547,-0.9648960630527104,0.3761281423072082,-1.7746014563477954,-0.41172376247846565,0.37647593519590244,-1.0906818171101378,1.1407286013483668,0.2918558691219062,-1.6144547790529362,0.6928084042582413,-0.5694747079957635,2.2010255269188237,-0.4887094347056018,-0.329269488324374,1.6607090115903793,-0.46636430629765235,-0.6025154330094252,1.8820972702546785,1.0,1.0,1.0,1.0,1.0,1.0
0.09338962052134273,-0.0995705200933922,0.28877788689681116,-0.7660148648986492,0.14647431136561873,-2.050858070364082,-0.7057334948362929,0.3880713764296718,-1.4045820764795716,0.8636006808561153,0.5601788879608682,-1.457462694935126,0.8992372189418412,-0.2993828621234624,2.0406215660781672,-0.1836457085629239,-0.3500514619907245,1.3480176496013272,-0.6013737901832835,-0.8142907186353647,1.9397678059987216,1.0,1.0,1.0,1.0,1.0,1.0
0.09800102678931524,-0.17697415011511025,0.25238800953745677,-0.7026638070163528,0.11800136888954685,-1.7779366487163408,-0.4554052666711267,0.14636494122303534,-1.7172448581895265,0.5480122706781451,0.7550990168266621,-1.7726426585003268,1.1856004188205227,-0.4634337973443674,1.7263214160141973,0.1290041150441662,-0.33539822574614825,1.338590289810756,-0.8445062382840275,-0.8067882140358099,1.630111324190865,1.0,1.0,1.0,1.0,0.0,1.0
0.09669339240787458,-0.16655597141013442,0.2565235127934077,-0.7654458496521824,0.3515380171474578,-1.4660536329386313,-0.14395267704480952,0.41055090404479505,-2.0084850758076516,0.37208399258537056,0.8333213662052866,-2.0167871803543624,1.2781039310318232,-0.5845952492744024,1.4087081570787976,0.4420643058336994,-0.421995500035128,1.6521251785323434,-1.0230090046640188,-0.7331417430281792,1.3125411442544364,1.0,1.0,1.0,1.0,1.0,1.0
0.1894656847467606,-0.05208959269343197,0.29480128532483074,-0.7247942330561427,0.3719779178327098,-1.1521181554398938,0.1571368209950036,0.16270252096928073,-1.7552414713387738,0.31108420965573136,0.6693464487522892,-2.2785158645504593,1.1759897939371415,-0.6623888328561102,1.095524123195519,0.17151897027565555,-0.8003333461340938,1.98751485644809,-1.1741327607561638,-0.7979844326050373,1.4882675173538769,0.0,1.0,1.0,0.0,1.0,1.0
0.15418563646173442,0.05645505083899752,0.27600438712079156,-0.8468317862216135,0.6232610939391514,-0.9080956085475178,0.44968654871220337,0.04338679399388975,-1.4469848620089136,0.5906538205504029,0.59331068381622,-2.4976027383396535,1.0766310091283648,-0.5320839108564004,1.4095983745061362,-0.12743188839071795,-0.7917324648429477,2.1965446808456806,-1.050137737791188,-0.6791547675428837,1.7619063553639243,1.0,1.0,0.0,1.0,1.0,1.0
0.08553558714269441,0.0930831730343469,0.2729533193440524,-1.1528842990954822,0.6059033544334629,-1.2209032799490096,0.16080985764054823,0.2956316438293715,-1.6335696896173688,0.8951492414349697,0.3995891904909452,-2.1959439619466328,0.9227837316962172,-0.658164195756598,1.695882475441013,-0.43149918669558557,-0.5784720495304804,2.2577892890826505,-0.765659601941553,-0.7740936962457783,1.4494281965994709,1.0,1.0,1.0,1.0,1.0,1.0
0.01804351769196716,0.13218875778711078,0.2797883833496345,-1.2737735113732553,0.5139318957207815,-1.5228235134567951,-0.15275145308202442,0.388550409995704,-1.3198684101101974,1.0712140833232806,0.26946537792856484,-1.891319919719958,0.8636097035223134,-0.7573339890955209,1.979016257287633,-0.6112532919675552,-0.3007192398447001,1.9532300497930726,-0.5001978614022246,-0.6049603311987627,1.7245114026097241,1.0,1.0,1.0,1.0,1.0,1.0
0.01730829360238148,0.06760519116591743,0.27828526718079627,-1.009354446620426,0.4950410667771517,-1.8287953653592222,-0.4638845056208881,0.4283684948824699,-1.0223361717224977,1.075884972505784,0.27239605480401313,-1.5739424876499428,0.7824768953033504,-0.6250537815220231,2.2428972850955406,-0.5101792871197656,-0.3445746131922934,1.6414194260590569,-0.4339464165958523,-0.5538297503601664,2.014844284334927,1.0,1.0,1.0,1.0,1.0,1.0
0.053476860075093585,-0.07929519869841592,0.26495559190128903,-0.7802118599923309,0.2732597875626612,-2.0743565111393063,-0.7375066664260623,0.39708382427228434,-1.3361211772464712,0.7999439260976958,0.517553183042357,-1.2855746370408738,0.9920616083709561,-0.3657477790140245,2.1598447283266125,-0.20262885137652464,-0.3858601094233336,1.3277633702992597,-0.6196283505080964,-0.7942633237467527,2.042762556363137,1.0,1.0,1.0,1.0,1.0,1.0
0.10231762981033535,-0.1559734447636971,0.25755890279135796,-0.7206683489780065,0.14973046189519118,-1.8347495217158114,-0.4772678034897585,0.1368057862716522,-1.651451310537393,0.49123462769840043,0.7097082447072633,-1.601785530847821,1.2260730750757904,-0.5237985515426017,1.8457381628534764,0.1094878696498498,-0.3524613473089895,1.309423861237775,-0.9124331546050237,-0.8951546575453082,1.7478817755413716,1.0,1.0,1.0,1.0,1.0,1.0
0.12721554495642953,-0.16226235652549717,0.27912499732729845,-0.6887978536710533,0.25297471513327235,-1.5217180804325015,-0.16110109976514986,0.3723643915518164,-1.97749057122412,0.34882609720149604,0.7656552213119926,-1.8907050001216998,1.288152076619598,-0.6625992772851816,1.5284717395367382,0.4226772684793946,-0.4415871116228788,1.6294447584775429,-1.0865510920805421,-0.8431842505330552,1.4306346239383172,1.0,1.0,1.0,0.0,1.0,1.0
0.16059371493870192,-0.08710636693435382,0.29944987918251875,-0.6366998508135546,0.4311320377548106,-1.2101700549103944,0.14315669771262785,0.3339009939851407,-1.8441347740530991,0.28645907637659723,0.7628717300362221,-2.163098819392235,1.2439195640312544,-0.5551453498830362,1.2123429444002018,0.5714287018933147,-0.7020572050357207,1.938524981730879,-1.2201840324674786,-0.8511851838814661,1.525544566352557,1.0,1.0,1.0,1.0,1.0,1.0
0.2084107703520147,0.07983928407093635,0.2825158406745476,-0.8673641247740698,0.6435933127913922,-0.8954418633467438,0.4435895995144584,0.11097871367620019,-1.5568567439889833,0.5421459889051485,0.4787025379191746,-2.4285374199623515,1.0942467778940577,-0.6618385397401014,1.154322727749012,0.2939847343808727,-0.9911133499535667,2.2146957371099587,-1.166470901791085,-0.5809312350514962,1.4646739000259335,1.0,1.0,1.0,0.0,1.0,1.0
0.16272729905388286,0.14775375374580405,0.2787825453181848,-1.0188537668980073,0.7428792191777402,-0.8212108885412595,0.5423810090484394,0.03839440821488924,-1.2431013471108197,0.8270237057777978,0.3811741361163582,-2.434402714906537,0.8611685913630608,-0.7422406520044005,1.4497750047308229,0.00214681891958568,-0.916506574193619,2.283603783209328,-0.8928555994165371,-0.6746477284275081,1.5402302771262164,1.0,0.0,1.0,1.0,1.0,1.0
0.074947211631433,0.14498870197894023,0.3452801534822528,-1.2140431644356489,0.5848708221092871,-1.1368761411668147,0.2459283205645909,0.16134879310480613,-1.0466867846079346,1.0922441134299707,0.3611290705186766,-2.173031656579032,0.72587203637023,-0.8020605558726503,1.7480636216142353,-0.2992871943829744,-0.6268128119056852,2.0583595364282568,-0.6022865948509956,-0.7340749834441274,1.2322684370987012,1.0,1.0,1.0,1.0,1.0,1.0
-0.019610803818078365,0.15344109879693493,0.38665312136718755,-1.1819471924939975,0.5772454079564924,-1.4485995685108803,-0.06562647183575443,0.3436663983481655,-0.9390472445407014,1.1805734477067849,0.2582505253989385,-1.8628449866294503,0.6789302484297246,-0.8161731645608017,2.0452463214530234,-0.5082519391070209,-0.3405932976329153,1.7456406141693024,-0.37072408922718303,-0.5629146504217806,1.5263062130177798,1.0,0.0,1.0,1.0,1.0,1.0
0.008917416654032867,0.08736332103035774,0.348509108770948,-0.8983901229229895,0.539142052477698,-1.7542169093250184,-0.3755425505606459,0.34610911471814193,-1.2301141423099708,1.1919274525889534,0.28403715348432235,-1.5434750975091265,0.6465175355963466,-0.697774984884736,2.289810266601446,-0.25709608978473236,-0.39137263143080203,1.4343934707941557,-0.30226820717521574,-0.6561525091477661,1.840290518674171,1.0,1.0,1.0,1.0,1.0,0.0
0.015737132941383236,-0.06790485536656876,0.3091364152267799,-0.730153933184788,0.4070798597749437,-1.9844660157570804,-0.6655023693301367,0.2196421042301708,-1.5517865741353152,0.911812227117891,0.5751963868225153,-1.2351802636679383,0.8060984102237778,-0.406294066745951,2.0163024344731855,-0.09306108588191775,-0.2972858414709319,1.1201921037480367,-0.42089005893919595,-0.7355719012175956,1.9417443556060356,1.0,1.0,1.0,1.0,0.0,1.0
0.0624796143574565,-0.1470267171368574,0.2916945155761196,-0.7605222344593681,0.2957774774872146,-1.6728568599967082,-0.3544058752568553,0.3560109985032844,-1.867545544018892,0.5937323926037447,0.7043689635345931,-1.550633416853498,1.1143643237618506,-0.3492090520297618,1.7023690757811978,0.21761339020842874,-0.1842737160519633,1.0387041643023274,-0.7175503265857943,-0.7755504953321696,1.6369288294699664,1.0,1.0,1.0,0.0,1.0,1.0
0.08768568114674677,-0.14088565448790438,0.27544717187141166,-0.6719050032042023,0.4559405597081853,-1.3586201602337766,-0.03643191585301053,0.6045387736417881,-2.1492112525019142,0.3762482654255609,0.8413663728706257,-1.859315523034798,1.239511507279922,-0.503034246783156,1.3878885513641799,0.5321769935244721,-0.36622399408997136,1.3532056912413057,-0.7000794624868776,-0.9670113121851388,1.741663866318512,1.0,1.0,1.0,1.0,0.0,1.0
0.17250185589406078,-0.03872737153032288,0.3058902033448634,-0.9245666114181869,0.5451569712705532,-1.0462096660312181,0.25967114898717136,0.41472142650273947,-1.8702224133450127,0.32604101101668753,0.7649580907611999,-2.1336204653089053,1.2543525419743626,-0.6466231673752424,1.0736560784694025,0.35127850363194113,-0.7908792273537971,1.6721667895675123,-0.9784179945190201,-0.8287461335370334,1.3978602687441923,1.0,1.0,1.0,0.0,1.0,1.0
0.2513805814049763,0.09807334055913589,0.2825676853122925,-0.8494922963258853,0.684588285139186,-0.7336300446313417,0.5207242096296935,0.13950119797251728,-1.5698616904150022,0.6096190407149832,0.5384518361900421,-2.27821731910886,1.079635958016748,-0.7349055092237997,1.3718418469693954,0.060357895496660374,-1.1439785535000624,1.9855897803314648,-0.9120293997663702,-0.7852614491855433,1.4367546330427532,1.0,1.0,1.0,1.0,1.0,1.0
0.22585364158856705,0.1724541176785829,0.29124416999216185,-1.0999594650859643,0.6270764032388001,-1.0460545905367316,0.329771188351928,0.09076537043338143,-1.2576316628687283,0.9206959572334009,0.4364884455641388,-2.3377337484325476,0.9392543999662109,-0.9677062738546731,1.6780109242897323,-0.2521777303984676,-1.0980392366068048,2.1930044269537277,-0.6869084489618429,-0.5152160446619315,1.1162201074006841,1.0,1.0,1.0,1.0,1.0,1.0
0.15548605356131953,0.21303569121811058,0.32077617756483523,-1.1716311359027467,0.5246998710001587,-1.348390600671991,0.01905842248337053,0.2770928766261222,-0.9477759811130286,1.1329577115967444,0.2896207082418645,-2.0372446822431023,0.796240934675994,-1.1261406372655687,1.9679936118039962,-0.5322137675207084,-0.788875625102363,1.870882363146639,-0.4519518780096813,-0.5926058590229091,1.4067209430910939,1.0,1.0,1.0,1.0,1.0,1.0
0.08678094366308145,0.201373150281243,0.33650391425831205,-0.9419298886345875,0.6474338731710236,-1.6447387039697192,-0.2925990706561188,0.3151781459720199,-0.8812227360369147,1.1395417969646457,0.22378483717343545,-1.7267650727637815,0.7001339481965742,-1.134652249269929,2.23336547338181,-0.5837081729751293,-0.5043876044746085,1.5576420572418421,-0.34898890501111557,-0.5889333487765749,1.6879879817465246,1.0,1.0,1.0,1.0,1.0,1.0
-0.00023810519092909432,0.09065077865520829,0.34320143336393183,-0.7405072688513331,0.7203708581702104,-1.9419379796372864,-0.6078338676881585,0.2791244206775396,-1.1947028345073951,0.8438932219421057,0.3389982441709354,-1.4067292528296365,0.6715981795206991,-0.8645947245842908,2.3783702494715313,-0.2919633521567717,-0.4651327374152108,1.2451011683756552,-0.3785251981377147,-0.6086038013390703,1.9449561290652775,1.0,1.0,1.0,1.0,1.0,1.0
-0.017627321295796278,-0.012145863899629572,0.368352004871181,-0.6689612943167328,0.5355387383290284,-1.7976518607038754,-0.7658317584765434,0.3902041962567602,-1.5081684511316045,0.5410807041658995,0.6129023946555257,-1.6434215880622443,0.9115405692946172,-0.5914963765779071,2.294112750466936,-0.007328976774936824,-0.33061379681638836,0.9299143896671588,-0.6825316646034789,-0.7643570127471307,2.087639506021927,1.0,1.0,1.0,1.0,0.0,1.0
0.06493118149951396,-0.02942521329020384,0.38548039206966644,-0.8075579124198117,0.30691047475808686,-1.4828744506336764,-0.4813524544288191,0.35134471792881034,-1.8142578064716282,0.4138538073509863,0.6496468371598259,-1.9337342775518558,1.141082269378845,-0.6525120624860891,1.9802984359035998,0.3055479753934317,-0.3513001087210678,1.2441625371991594,-0.9667412559146659,-0.7492058642087197,1.7763745758561802,1.0,1.0,1.0,1.0,1.0,1.0
0.10928976613348132,0.022689167947120087,0.4042250534286179,-0.7301774083496075,0.22687702953885192,-1.1711902640615486,-0.18669174092520768,0.3035423721532689,-1.9074626767653808,0.3438937381944942,0.5818468885851461,-2.1273892697918715,1.0827616306973877,-0.7234936071711898,1.6669185059987885,0.5408103280108586,-0.4763656789456428,1.5601220271957956,-1.1372950847071042,-0.5496913951077433,1.4412101779755067,1.0,1.0,1.0,1.0,1.0,1.0
0.08601877912252706,0.10797783177477063,0.40819417881412967,-0.695666675949043,0.3761868683776297,-0.8605692660419701,0.11623012200940519,0.11745981843922118,-1.6226025257971735,0.3382155497910924,0.40030272308522985,-2.3274333488367844,1.0281693457120669,-0.6684417737891019,1.4127983899871022,0.2600843467409636,-0.6089040163332217,1.8789743410657158,-1.2449690321611124,-0.3916651355574873,1.5518284704823286,1.0,1.0,1.0,0.0,1.0,1.0
0.01968863750907099,0.12540669502590265,0.4043356887545463,-0.6704284999804978,0.6311501956357686,-0.5718472458141444,0.4144704499965687,0.05366468817773614,-1.301416223153715,0.49386201515295663,0.32697520296716526,-2.505149651242866,0.8551277219491138,-0.6805801072007375,1.724679980069062,-0.05111198539678785,-0.5279511575863461,2.1174857561898777,-1.0869597837973093,-0.5893402734691826,1.6980155391500416,1.0,1.0,0.0,1.0,1.0,1.0
-0.009097397736121615,0.09578546979987893,0.43137274564387795,-0.9414658100500326,0.49080750929827205,-0.8845732761742928,0.13788932366242646,0.3004031608080293,-1.1674972696073371,0.7981205684658454,0.37610120250663387,-2.3218806367055747,0.7497691430378838,-0.7135371457597595,2.022833741855791,-0.37171158100927365,-0.3747331018267834,2.1339368386135638,-0.7838481149483737,-0.6163055176066012,1.386920037478805,1.0,1.0,1.0,1.0,1.0,1.0
-0.0566145480977821,0.12393359094993037,0.4344026307000822,-1.1361360317822795,0.3747859281408404,-1.1691262490480456,-0.17441392030455127,0.3957913113827109,-0.8727580121010963,1.0635572492746603,0.2491311094624173,-2.023600085954916,0.8302831326101201,-0.699444644692028,2.2842733468858687,-0.5795226232165687,-0.13112906969510252,1.8213741390486593,-0.5244702615828694,-0.3668155137542486,1.3520751514372105,1.0,0.0,1.0,1.0,1.0,1.0
-0.004050165099867387,0.06603186524709184,0.3949480467466827,-0.8677098938903373,0.3417330994354883,-1.471127789999346,-0.4858042102346065,0.40623812728918535,-1.1157688094238518,1.1613254428895803,0.29231366254267077,-1.7347335794389447,0.7120173079869021,-0.4974957859863105,2.3950386724778165,-0.30260963437568505,-0.31665273433592733,1.5088561516969068,-0.374179210577255,-0.5760913223469537,1.6658331887312805,1.0,1.0,1.0,1.0,1.0,0.0
0.056091370386913336,-0.050407357812872394,0.3686851633434355,-0.7292466382322795,0.22725351045118894,-1.7574782615881657,-0.7485850285292144,0.2214281624359525,-1.4315115362713717,0.890508402345285,0.5849630784503524,-1.4232836346081519,0.8126078422598058,-0.3577559625297045,2.131406227578771,-0.062244832164707775,-0.23418568905620657,1.195366667960386,-0.3588197921762659,-0.6065119479535332,1.7827369607981207,1.0,1.0,1.0,1.0,0.0,1.0
0.05430202051325464,-0.11438528710085404,0.3343608335775765,-0.7410846922613402,0.1937770133887838,-1.4443646979312694,-0.506858141415375,0.19412307700083992,-1.7621742504633922,0.5749687573134764,0.6866000659952501,-1.7379851616004125,1.1120593676438926,-0.25606105056207235,1.8165570435994778,0.24959831619761652,-0.10102748906060544,0.8933631097692536,-0.6536599570133,-0.5698046708588275,1.480024162829269,1.0,1.0,1.0,0.0,0.0,1.0
0.08039216592077289,-0.10021944472641307,0.29804060181103786,-0.6711032707303592,0.42121059673517974,-1.136865924785049,-0.18556639113114093,0.43587579400533744,-2.0974722824218794,0.38346184209670164,0.8028423816456439,-2.0476837936927668,1.1881416987151088,-0.37614075214369636,1.5010877550701678,0.5645449664176473,-0.30849497830042044,1.2052853762112832,-0.6341533291463417,-0.5600641407680638,1.1725174564866134,1.0,1.0,1.0,0.0,1.0,1.0
0.20906284413539503,-0.05044666892216035,0.28979544641631705,-0.63452533569742,0.4110462447907824,-0.8208395848671395,0.13638029354822223,0.48472814635742706,-2.22362728723075,0.31207105852249295,0.8702507211408484,-2.3265169686113407,0.9864199990938147,-0.4798689711503668,1.3517541875967103,0.6424784527651234,-0.6830296083843569,1.5151033980222333,-0.6665353095404347,-0.914543605872279,1.40302164771827,1.0,1.0,0.0,1.0,1.0,1.0
0.3041976970215755,0.02052066660896279,0.27588054444682775,-0.8839079967600122,0.3125242004521647,-0.9211336484681389,0.3971572834400482,0.33845679229484865,-2.0323650496690835,0.5850239023857238,0.6382961350575875,-2.2137514763529005,0.8691856460813826,-0.6839325050873898,1.3417063846899542,0.4115433778637604,-1.0806797672598565,1.8311703394882106,-0.5492328123529362,-0.9723042444256342,1.3370972385832687,1.0,1.0,1.0,1.0,1.0,1.0
0.3085020608194906,0.1165276243036946,0.29174813657369025,-1.1504357621384262,0.3785111327894095,-0.7763080595255654,0.38038715423726754,0.13660987186374066,-1.7210101019058293,0.8451794298482213,0.4002801932013209,-2.0658923245930656,0.8276690269022593,-0.9819382780510206,1.632937000536344,0.14227582112850823,-1.281128712443342,2.1294537670606486,-0.8291442181895684,-0.957421442156425,1.572096114472087,1.0,1.0,1.0,1.0,1.0,1.0
0.2072551436512974,0.15658197899449647,0.3254492303126758,-1.2884707498390484,0.3023228830372545,-1.0599850337914922,0.08309620332256629,0.10345529879192303,-1.4065544278125284,1.0587942977848774,0.25422939975295206,-1.7490549975772451,0.7858144212332447,-1.0585797237151642,1.931919126698372,-0.1518615081025041,-1.0466095505025312,2.1734425703589912,-1.0468215752296803,-0.6382910573848609,1.2586990353214893,1.0,1.0,1.0,1.0,1.0,1.0
0.13596178480411483,0.1238999654261895,0.301332220176896,-1.2392364144161603,0.41897040185884893,-1.3636841346134205,-0.22893168885921966,0.28858681340465214,-1.0944676537547888,1.1219220377162946,0.22525212536327915,-1.4272157983111746,0.7426819377795415,-1.0307093910735352,2.1984244901384753,-0.45738812340458856,-0.7394559589081319,1.8575729770100136,-0.7969276345987827,-0.6510035088118727,1.182716486917687,1.0,1.0,1.0,1.0,1.0,1.0
0.09552008549361715,0.017470694402886733,0.2559013560106098,-0.9934934080192259,0.40907290117107564,-1.6608943801087526,-0.5411540246222423,0.32336455865512986,-0.9295486632495398,1.0978066452591884,0.2402580424451553,-1.0776150651477883,0.6750854760845814,-0.7763303259830612,2.3371227086412705,-0.5569586001723307,-0.49726252446702945,1.542710128177894,-0.5033899618479505,-0.5953389045964137,1.4207108307537841,1.0,1.0,1.0,1.0,1.0,1.0
0.04524766100578356,-0.11145167464264714,0.20957421410791258,-0.7736613667102062,0.4177433902392824,-1.9678860024777627,-0.7711194237244512,0.3106821265315488,-1.2436887008228648,0.8392883495161129,0.5378765368341363,-1.1887614374863562,0.8679268161520884,-0.4720058190445457,2.1831085345000165,-0.2802637207064201,-0.3871639570397103,1.2307573906086773,-0.6082572286308456,-0.8035793873311097,1.6978374283600526,1.0,1.0,1.0,1.0,1.0,1.0
0.07494257265488127,-0.20448648929657076,0.19860233483544323,-0.7181350940127721,0.28106954697128017,-1.9580552247177523,-0.5003325638963403,0.24847266173278718,-1.5584590417629862,0.5280684829048115,0.7471082344694939,-1.4832852297912196,1.1528690348490804,-0.48799306271114334,1.86866269520839,0.03240160113841717,-0.2679084668026732,1.0632418602884621,-0.8088992228306477,-0.8681482896591322,1.422736751937152,1.0,1.0,1.0,1.0,1.0,1.0
0.1509744415116743,-0.23727133581464796,0.18088710360964946,-0.6697509216872195,0.18551515258875753,-1.6447459476824322,-0.2150404577427012,0.3763857285623692,-1.8766128314333081,0.3674274531130577,0.8373280153527434,-1.7810376732478013,1.282266094304306,-0.6079991759187341,1.5561637904941448,0.3394803433168426,-0.43283739100610247,1.3468233162669445,-0.6916514737115416,-0.8444187924725691,1.1037261962925307,0.0,1.0,1.0,1.0,1.0,1.0
0.13194554416267099,-0.21562870374472698,0.14663191690146118,-0.6860964325256093,0.07331371844783409,-1.3822149775421764,0.05855567099772874,0.30546858983129943,-1.6308975737262221,0.31981791289771405,0.9059717152179421,-2.059326981526383,1.324807799964559,-0.4254388937867117,1.2421777406173837,0.31709991982596797,-0.5695849283995635,1.6543491372354138,-0.8837238878444235,-0.8731978636661712,1.275098874937267,1.0,1.0,1.0,0.0,1.0,1.0
0.11792048034943783,-0.08887595289551029,0.08375817564504232,-0.6364664711182416,0.28642629390655994,-1.0700641244000288,0.34862921757475196,0.4256683338300189,-1.9349526708845173,0.2754756983601779,0.7985658013977573,-2.341194146610829,1.2236665939707798,-0.5013950952066449,0.9566639891028894,0.5851118494112265,-0.7092153815000648,1.9675152975725032,-1.064850104132194,-0.792873546309462,1.5541356968627167,1.0,1.0,1.0,1.0,1.0,1.0
0.11565380445152448,0.09191159996889278,0.014646946384237608,-0.8661789838215448,0.5388088934127079,-0.8300588939050515,0.525552631171449,0.23268718278025133,-1.6111427367264382,0.4853485662142486,0.4849797707326292,-2.5276067467923617,1.2407494974159814,-0.5445421405710221,1.0253815449453891,0.3471283346150892,-0.8188350699151218,2.218867839924932,-1.2139373142324945,-0.532656172965103,1.7790213249275928,1.0,1.0,1.0,1.0,1.0,1.0
0.01999792911143508,0.18581435774358437,0.00631953559819734,-1.1743582125418859,0.6801480034189824,-1.143721412772899,0.32753193269938163,0.2576284223831487,-1.2966949483658674,0.7948268453097582,0.3091149335468337,-2.567217616331646,1.0688645664123197,-0.6743939455829971,1.3202088191983505,0.05523335371867033,-0.634587951410079,2.2905175453218964,-1.0259053279429085,-0.5442952362882121,1.4665298206144888,1.0,1.0,1.0,1.0,1.0,1.0
-0.05409879937642123,0.22632005319352963,0.02396390646802901,-1.2473438141992284,0.8310978939439377,-1.4524131794042778,0.017008254057566452,0.3692609539698942,-0.9889038098330123,1.0251001923525316,0.3029829145265256,-2.424276342319403,0.8781975648534533,-0.8045388696739608,1.6120971643688717,-0.2566376132060786,-0.43673744992471464,1.9803913984830943,-0.7161181366149001,-0.7505467156066532,1.1932019095183666,1.0,1.0,1.0,1.0,1.0,1.0
-0.056787204007249015,0.258531276129234,0.027917543844538095,-1.1526149702191129,1.0019950677199507,-1.764554929556017,-0.2953714793250949,0.3994188454933066,-0.8730750290699965,1.1272289070347201,0.24050470110405442,-2.184119237100151,0.7561260093442548,-0.9076198326862783,1.9022994191997187,-0.3343559890694298,-0.27775291016822856,1.6701530395904587,-0.4322486379128049,-0.7435936968560282,1.3293743068289536,1.0,0.0,1.0,1.0,1.0,1.0
-0.03056467316944414,0.18227083329810298,0.0010110073819051268,-0.8947799794694873,0.9158868504560835,-2.0406982368902056,-0.4841614040116008,0.2919999681468263,-1.1843549128693296,1.147080306035388,0.3419850153403867,-1.886441704286134,0.6672175168703653,-0.8709664247989211,2.183131675467899,-0.07371979797587125,-0.37385017034222007,1.3574656852748748,-0.3141695600002915,-0.7836241468585015,1.6387031318025251,1.0,1.0,1.0,1.0,1.0,1.0
0.03032223707435991,0.004290569652207116,0.0016882374355358942,-0.7327088956775543,0.6086931284781516,-2.242991050562488,-0.6711219283355645,0.29305366630309854,-1.4872051906219355,0.8750010822526834,0.6345966399087407,-1.5730746475377977,0.7426130348391788,-0.5938600748228829,1.9659097559883358,0.24029170029833857,-0.38685228513050174,1.044683200300668,-0.3032718538081626,-0.8048644856508697,1.6404778780062952,1.0,1.0,1.0,1.0,0.0,0.0
0.07985454677733247,-0.17409806421850918,-0.00263772704357243,-0.7482348765312494,0.29420604664987837,-1.9304766065407946,-0.3912981967111041,0.34657984808690356,-1.7975033450768814,0.5688205910555564,0.8586355675706289,-1.8570518779152367,1.0376114487222,-0.42550268044691814,1.6508258302932628,0.5289665298642837,-0.3609546575310794,1.3584882174966555,-0.558226109942192,-0.7581313488068239,1.3219472929776814,1.0,1.0,1.0,1.0,1.0,1.0
0.1447799639365007,-0.23471451720621153,0.016073481396809253,-0.695137054720182,0.1496766173219356,-1.6188241991868737,-0.08342455344258459,0.47417339667118047,-2.062434891743251,0.3737283803311705,0.9705289528053684,-2.1200231033332555,1.2414069939971581,-0.5430476812114362,1.3395875126980585,0.703604170353065,-0.5928050344087703,1.657714856494368,-0.7748718088232283,-1.1189098859752495,1.5671196577447302,0.0,1.0,1.0,1.0,1.0,1.0
0.19499244926134687,-0.16809872552625366,0.05387260194946056,-0.9485528379216117,0.3721793044992746,-1.3097460743149927,0.2285121466644754,0.3136343419791084,-1.76350617241235,0.3365127135726737,0.9046673183970426,-2.304633826565243,1.3303641799184773,-0.6107716041808494,1.0240329464127265,0.43161104040612275,-0.8951014817688446,1.9901592479282302,-1.07421116452651,-1.2465817612038181,1.8663357966931429,1.0,1.0,1.0,0.0,1.0,1.0
0.30041098281320633,-0.07425814793876959,0.06317585668442519,-1.0762003029052412,0.6292555920835492,-0.9986850289967117,0.45008359578347956,0.07477073821256916,-1.4462199360213401,0.5587740346593915,0.6266939961477442,-2.4624964371295066,1.1635047075901792,-0.6400551360956583,1.1771117246518519,0.21192201789416043,-1.1820433729582178,2.2148945314432624,-1.2003449509641955,-0.9490707622172084,1.5398011656494783,1.0,1.0,1.0,1.0,1.0,1.0
0.36363333076018234,0.021496149565022216,0.05839557605600568,-1.277212309163214,0.7361124958365297,-1.3090107592122515,0.20048975081150855,0.03949086201152912,-1.1810796369622236,0.8671471104785933,0.3859954005063701,-2.4718483519946393,0.9307392052793615,-0.8161333439246874,1.4942188392226299,-0.06675642217470523,-1.3075048206521735,2.288941757978376,-1.0106677926686576,-0.6641956519896742,1.217295959608486,1.0,1.0,1.0,1.0,1.0,1.0
0.34499121958681744,0.0718015452088038,0.056771679092639166,-1.3216227909483445,0.47713256558036954,-1.6250377081662,-0.1117528194170011,0.21145960657281826,-1.0474846006669025,1.092761959425889,0.2630759877492714,-2.207224175180461,0.7949271090582554,-0.9865755116760748,1.7966766783584123,-0.366817114527644,-1.1201518558193362,2.2104300220725586,-0.7019726830924286,-0.763308313714514,0.9183868519037834,1.0,1.0,1.0,1.0,1.0,1.0
0.26637518648724745,0.09812090553943406,0.08547901765478008,-1.0927993972027212,0.4611110716647286,-1.9269415167677872,-0.4241995290718804,0.21659112605571265,-0.8663398445083996,1.0694433834971062,0.24771975597321194,-1.9228981312177722,0.7068550075083208,-1.0325410138308788,2.0838127391504315,-0.5716480944467592,-0.8026825207053657,1.8966045994466765,-0.4273499444591691,-0.6933781163921213,1.2302009114459533,1.0,0.0,1.0,1.0,0.0,1.0
0.16266675598163918,0.019388087377928576,0.12160235681495421,-0.8850688836757828,0.38994015264956755,-2.0567495103600617,-0.7128415200453064,0.03437075023790328,-1.1547927570259497,0.7749256986057859,0.3521945416490252,-1.6075650779974127,0.6879728166448759,-0.7786226987359623,2.283808093777991,-0.5355001974075237,-0.5034333899953504,1.5872947388180862,-0.49511756717328903,-0.5442823255511396,1.2982108058005588,1.0,1.0,1.0,1.0,1.0,1.0
0.07313395858724628,-0.07238645376921099,0.12200752356840575,-0.7039046296196321,0.271008577335886,-1.9928237985063124,-0.7993670440613897,0.13509864447966827,-1.4718406325054463,0.4781985839420113,0.5807237126531497,-1.8620681360697722,0.9826239608289516,-0.4667169443100071,1.986192556143402,-0.24226217944906964,-0.27503815251080643,1.2673589947450794,-0.785048386583291,-0.6691735162936985,1.5740516022003401,1.0,1.0,1.0,1.0,1.0,1.0
0.12052521373913819,-0.11479717238485897,0.13567490639267268,-0.6615793269926027,0.2543880988737821,-1.6819630276493804,-0.5095572052303268,0.15629276906619954,-1.7722282457988754,0.34599510124476074,0.7157430619668224,-2.1784822839885623,1.234106253196272,-0.47045429305374153,1.6746541203966827,0.06979186817615934,-0.33186903554065306,1.2667544731736848,-0.9835745015125534,-0.625509378040517,1.2521724647534112,1.0,1.0,1.0,1.0,1.0,1.0
0.14786840380856067,-0.10066473996947174,0.11659189118091065,-0.6395139574313836,0.3832323508368259,-1.3682962013603543,-0.20171944418204213,0.35031178667466994,-2.0659918586187493,0.2990277368479755,0.8092544766067868,-2.433313451763182,1.2376908807290088,-0.6091601100879708,1.362686404104922,0.3690751202210466,-0.5641393766278777,1.567941901284434,-0.8863746632595557,-0.6823984541558247,1.2718720062890592,0.0,1.0,1.0,1.0,1.0,1.0
0.14028432260977844,-0.04404735281064717,0.08969011907458938,-0.8145281800137619,0.5742050805873975,-1.0751068014136032,0.10481282001482717,0.31830448634216524,-1.8376276928866213,0.39502311971099185,0.8159003390978249,-2.495140454184911,1.2746078036335469,-0.5402494050357118,1.0927547783569669,0.14659539063756666,-0.7522495893303902,1.8931816267822072,-0.8600635640171487,-0.7659589980123875,1.5185494306962506,1.0,1.0,1.0,0.0,1.0,1.0
0.1377290868028941,0.0483047107601913,0.08766268584634349,-0.7729499913332449,0.7091835018201871,-0.761789604173376,0.39710758945495017,0.14951785584013774,-1.5495374779770186,0.5236310831024668,0.5346284411779896,-2.5272924164142454,1.024686660365391,-0.5926022313407983,1.4079600096600067,-0.1354743696516688,-0.8087849805368172,2.1597268971706214,-0.8833663090260185,-0.6895382553245258,1.780035585741557,1.0,1.0,1.0,1.0,1.0,1.0
0.0612666802166639,0.11017389353272342,0.10372065877852535,-1.0206690691462323,0.6905983977036585,-1.0733537229267907,0.12996942004813195,0.23330448956319969,-1.236496273775418,0.8242618558190375,0.31662793518274757,-2.5419781785423554,1.003544456264913,-0.7125850603649979,1.711119728440845,-0.4386758992780004,-0.5373526613138718,2.241007997580263,-0.7364794614314534,-0.4743246639696872,1.4690243626485016,1.0,1.0,1.0,1.0,1.0,1.0
0.010088232281452891,0.14656918698999058,0.12432149323773842,-1.1646194553888631,0.5153408527629629,-1.357784734331991,-0.18280629946820381,0.37297042731236596,-0.9340277048680137,1.0617525507426981,0.2556751665365425,-2.288888454940386,0.8847088412211604,-0.8019564271531936,2.0110444331475343,-0.6040780392626043,-0.2724080186020144,1.9451879723963716,-0.4651639996365675,-0.6084998718931367,1.6720934859112326,1.0,1.0,1.0,1.0,1.0,1.0
0.026213488697914678,0.1228692089429971,0.11867523812066341,-0.9295597337953342,0.5109888110154213,-1.6585168639066434,-0.4927118576660811,0.41128551120243173,-1.0644243562259217,1.0225229303701429,0.2581137551020921,-2.01654528320454,0.7693703539490477,-0.7193072578658481,2.2615084228781135,-0.3482986700571403,-0.3624775237279307,1.631764741360334,-0.3541434081052518,-0.6010102322982851,1.9818370628402504,1.0,0.0,1.0,1.0,1.0,1.0
0.11371371418472295,0.004245582974116147,0.11972712966387802,-0.7363908242666775,0.2469946291135663,-1.9292092598186303,-0.7543926162204375,0.27475032205343525,-1.3780183777791706,0.7325480409831271,0.40799572533889983,-1.7021118893614,0.7843782940487839,-0.5880632374860018,2.2971326728700943,-0.0385212706812903,-0.4319658449231235,1.3166577448743706,-0.6243406197341648,-0.7555985992236066,1.7773346962522352,1.0,1.0,1.0,1.0,1.0,1.0
0.15687826097847393,-0.10999332600189905,0.11976828915804885,-0.6718880483082272,0.09253696127485853,-1.6272324119023518,-0.4895239733282538,0.1173510565861906,-1.6893727517789339,0.4448590516840226,0.6319808993401953,-2.0151829545844175,1.0703530175334852,-0.4475815948071129,1.987058383532513,0.27618240475945655,-0.3452050153861133,1.0883135582136694,-0.9130506794736438,-0.7684310749654446,1.4685292094321312,1.0,1.0,1.0,1.0,0.0,1.0
0.17277288933118404,-0.09602044427740526,0.10699699890970191,-0.7224070435270072,0.2991004486296327,-1.3145412026674297,-0.17370036319111515,0.357027919521632,-1.9961064676929072,0.33732865148328606,0.7598524779164604,-2.2803071400479906,1.2402203752771415,-0.6051886566714341,1.6714418696172038,0.5777783148100825,-0.5373692972114718,1.4003540918422066,-0.9416501970555515,-0.680360494243533,1.1353200846394185,1.0,1.0,1.0,0.0,1.0,1.0
0.2061917076676937,-0.0186040136990831,0.08355218555302876,-0.6531592396798129,0.42497619290288763,-1.0003342526949188,0.13957982314986206,0.4728432624553514,-2.025952339068829,0.28544661621177414,0.7809345857566601,-2.3721295501767816,1.143234405071034,-0.6044965433213609,1.355108842940984,0.6821172122554601,-0.8820105505495607,1.7233594486365957,-1.071876154856814,-0.712469580173119,1.2524985954743952,0.0,1.0,1.0,1.0,1.0,1.0
0.22258114466973147,0.06286795171742779,0.015417198951345301,-0.8631024046200433,0.6196422887816255,-1.128880469882237,0.43628217693243065,0.3560234767498172,-1.7510314951876085,0.5820465233097704,0.6942919102115233,-2.448609863237284,1.1937765627452779,-0.823580200369237,1.45404125785681,0.5709600768937858,-1.1552093641424535,2.0378059030781444,-0.9347051803548795,-0.779846848960626,1.5515782932326152,1.0,1.0,1.0,1.0,1.0,1.0
0.2229742020127836,0.1290133954364581,0.008639638036371688,-1.169744566353362,0.6304971361801273,-0.9465159217726231,0.21529128536757314,0.15039178861521207,-1.4224318291011246,0.888053686456375,0.4849866088003546,-2.297350748502362,1.028883371451307,-1.035081522597927,1.7467055254597126,0.28852764199088643,-1.2056864491628663,2.2182822331678262,-1.0378647700205332,-0.4954025551422053,1.3567006335421197,1.0,1.0,1.0,1.0,1.0,1.0
0.196187264002096,0.13682168751583615,0.038784937163009375,-1.2661611192435525,0.47445849984081784,-1.2492781243729103,-0.09611801263591668,0.2519719211421952,-1.1106530864402406,1.0715251175753502,0.3388707348615008,-2.015467865947997,0.8865412683758703,-1.0882407781026429,2.027549130176065,-0.010298436160851576,-0.9480488099707356,2.094508587470483,-0.7947346605832625,-0.6434954350491016,1.0494242943542995,1.0,1.0,1.0,1.0,1.0,1.0
0.16093863342077866,0.08879723269694331,0.08138607774232728,-1.115043409975623,0.42011512280643887,-1.5491518601652632,-0.40789470069511224,0.2843726187037917,-0.8396263379117426,1.0702684952311026,0.2629876072121652,-1.6803681361548688,0.7506941792762392,-0.9177011272638774,2.254009778607685,-0.32218154154898343,-0.6411407291604264,1.7755798376821736,-0.5057996901363789,-0.6572655558371903,1.3606647428723513,1.0,0.0,1.0,1.0,1.0,1.0
0.16238532521747642,-0.05016340270595454,0.11215007710319216,-0.8390518737453015,0.18530196216445466,-1.8329177948510555,-0.7029387746027032,0.16220779940851185,-1.1544034859823804,0.7916440597156064,0.34265530733548616,-1.3662971117166294,0.6762631231846693,-0.6157165141426907,2.3573726484143664,-0.22651349334494159,-0.504361225513752,1.4622468271060096,-0.4936649104324431,-0.7919278496838479,1.6490532133437998,1.0,1.0,1.0,1.0,1.0,1.0
0.13018955180424088,-0.1743607233428755,0.13466716822806715,-0.7266962424406401,0.06047761126577054,-1.8045383938519877,-0.7351457652285494,0.14500510966210123,-1.469965912039274,0.48339435513557605,0.5977142000227041,-1.6489960585038757,0.9439057606605082,-0.3189870637032571,2.045726069579939,0.0806307075060283,-0.2516413972097239,1.145982925320232,-0.7879170703177866,-1.059125862470282,1.9504325194462384,1.0,1.0,1.0,1.0,1.0,1.0
0.12296966862979328,-0.16915666532661408,0.1526946633952229,-0.7133211184064661,0.231309885009221,-1.4887440662312437,-0.436898062078913,0.25828546694765847,-1.7944326649191438,0.3462737333485816,0.7745977851624711,-1.94055478601725,1.2085803792220031,-0.5409086061205968,1.7318145909343423,0.3916245972413871,-0.389679073080427,1.440659639470826,-0.917501180046007,-0.9487124118090385,1.632391348104498,1.0,1.0,1.0,1.0,1.0,1.0
0.1218898755599456,-0.10552360373023145,0.16415270060011858,-0.7622976569945815,0.22490940366250894,-1.1752685383779562,-0.14240950186261125,0.4524784764241512,-2.026197026905029,0.2992585244107969,0.809543760291652,-2.186078926287294,1.2434592223822811,-0.6960764867259059,1.4169207392200034,0.5874115600713411,-0.6118883654523132,1.7434531593213196,-1.1199684520295234,-0.7950533916582475,1.4394203997764903,0.0,1.0,1.0,0.0,1.0,1.0
0.11404169122805244,-0.00866744256102292,0.14207435363386547,-0.7197586535303478,0.4411124928902645,-0.8661280635283171,0.16041621102820514,0.31987338685926625,-1.749115090819077,0.39143574016722743,0.7311735528715407,-2.3573987554821905,1.2578725746735082,-0.45998802238458386,1.3135666197517422,0.3070003133113536,-0.7823754759494603,2.0712733906600715,-1.2371773681414604,-0.698992228862727,1.6005858898780003,1.0,1.0,1.0,1.0,1.0,1.0
0.12169921484094018,0.08230768715105821,0.13349361359174408,-0.966108122468372,0.6620918889526695,-0.8513246914102188,0.45822317982197347,0.15265807046943708,-1.4329147021312234,0.6931637805660782,0.4373204398714401,-2.5204130736925845,1.0920850987084023,-0.6406747397066633,1.5484326474652579,0.011579743293694822,-0.802997277668933,2.2457820392173495,-1.0183880916303578,-0.47435137832058616,1.288219382584255,1.0,1.0,1.0,1.0,1.0,1.0
0.09011789539744666,0.08848372758044706,0.17742626600211622,-1.2301239975590712,0.5521374991538448,-1.164668927927307,0.19935577153848072,0.3297220502278807,-1.1195873242696446,0.9787943269588446,0.4345024442531422,-2.250677877808546,0.9013690687648591,-0.7286904413848908,1.8483655661476739,-0.30130948976147803,-0.5746810291187345,2.1883740249576866,-0.7105709673770838,-0.6361389840278383,1.02829792142128,1.0,1.0,1.0,1.0,1.0,1.0
0.034628584668626505,0.0981121876856276,0.2167292198216854,-1.2066113898752393,0.41592924688038563,-1.4681758026041285,-0.1136516485668364,0.41299342507636294,-0.8798011466274616,1.1391402827017407,0.2989300326751003,-1.9282130610906045,0.7855240693801118,-0.7073727291370394,2.141782878595911,-0.5458859382426624,-0.28600711248203475,1.8742868742523295,-0.42869895245380396,-0.5549580603704231,1.3397734550991525,1.0,0.0,1.0,1.0,1.0,1.0
0.0693821977351742,0.009659523811061471,0.21627716847163117,-0.9376413540713766,0.26339308621398366,-1.7568386753087695,-0.425188332779023,0.40588292408421967,-1.1868540705289208,1.0992089610376372,0.33112246223452424,-1.6122436105640452,0.7139014760171282,-0.4563506067077836,2.325834811404932,-0.2831131653857744,-0.37182058917301,1.5606224295594309,-0.3431021760012888,-0.6583385079851367,1.652466865836271,1.0,1.0,1.0,1.0,1.0,1.0
0.10096919657989226,-0.1355996464710598,0.22554413527503278,-0.7514776244592691,0.08004381758325801,-1.939289201523459,-0.713424238497074,0.3920198989788785,-1.5009450457913336,0.8041437813154959,0.6109345906539885,-1.4103369586983805,0.9199628307661837,-0.23549643337551263,2.0855543982245477,0.03249096356792458,-0.28347345532816925,1.2475195948215052,-0.5670857290874377,-0.8515029526237442,1.9419446061261798,1.0,1.0,1.0,1.0,0.0,1.0
0.07891116796200484,-0.18122941864726427,0.23058334628752206,-0.7956893703751374,0.15620056016323897,-1.6282954725814938,-0.46389943713480764,0.25025632169653095,-1.8221375611171287,0.49712005392458297,0.7567940551178688,-1.7241349016918788,1.1939418323417468,-0.4674152508153782,1.772457285298485,0.3464349363992075,-0.3038816082003997,1.561696071204152,-0.8688205505250058,-0.8408720103564264,1.6388052894149465,1.0,1.0,1.0,1.0,1.0,1.0
0.052179387464239696,-0.14826759174727244,0.24853018275192254,-0.7362996916320882,0.2081601435389537,-1.3147744800952874,-0.15465295423254444,0.5478584761244375,-2.0435971270528617,0.3547933423279911,0.8922107098388304,-1.9584161792248858,1.2712633154524293,-0.6260222087619871,1.4555243211391584,0.5490222419115228,-0.44093738773830227,1.8664889980488133,-1.1179892613657054,-0.885620006855659,1.694129371202446,1.0,1.0,1.0,1.0,1.0,1.0
0.030848891982514337,-0.027451722770378856,0.2641199662660607,-0.9526701584268397,0.3761243107149166,-1.0035133270564343,0.13556840835279738,0.4111773631010897,-1.7705809232155505,0.3668159517634818,0.7930456956208672,-2.249236278537238,1.274628621663239,-0.6827468736016796,1.1414028502699498,0.2640956360251502,-0.6235119266938374,2.168354086349204,-1.2440000715323434,-0.6519744035768462,1.685417816009796,1.0,1.0,1.0,0.0,1.0,1.0
0.030780914928131592,0.08534098232110662,0.2399463730061299,-0.9592604652397905,0.6213460807427018,-0.6912980999043463,0.41873772545613075,0.17164188162853522,-1.43838551048888,0.6643185215238713,0.4985238622298944,-2.444804850036548,1.0340491125506353,-0.563417712414043,1.4609681794277352,-0.032625884029628405,-0.5370268771904998,2.2497602745005443,-1.2860910632101785,-0.4314552348642092,1.6352575943241257,1.0,1.0,1.0,1.0,1.0,1.0
0.016008131167760287,0.09085370797305728,0.25116352200891723,-1.2102949097332036,0.6066319841047085,-1.0067319917790667,0.16372785774965004,0.3326875817380852,-1.125913464057237,0.9327068266358912,0.40588643113050593,-2.1709667493871447,0.930651224484571,-0.6278818879231216,1.7564379619836985,-0.34488379835543076,-0.37901514708849715,2.1350442802711327,-1.0255494123978155,-0.5805964883128165,1.3229707811979494,1.0,1.0,1.0,1.0,1.0,1.0
0.010939790472526967,0.09390858846384667,0.24800891806883976,-1.2914686477008412,0.3473821005971458,-1.3117368197899233,-0.1494903251679699,0.4160803386776188,-0.8498020294487167,1.1299712085590667,0.2685442939949622,-1.8470743047556069,0.8332764065836247,-0.6399878232276592,2.050138203109033,-0.5079024412025289,-0.2103478609963455,1.8318587052206452,-0.7082839646327497,-0.6144201848831099,1.0519266530024878,1.0,1.0,1.0,1.0,1.0,1.0
0.004714554718592667,0.004192015825503992,0.21577781121155235,-1.0386921580330044,0.3146053138274314,-1.6212752159877641,-0.4627806627614033,0.44833545427044846,-1.162315296367425,0.985856186431587,0.3608140267950556,-1.5302772487077452,0.7563833748930937,-0.39803236064294,2.272061176169192,-0.22382249279022415,-0.34131279904954576,1.5189396444492083,-0.4270503585153096,-0.6195404816873801,1.3658014622396986,1.0,1.0,1.0,1.0,1.0,1.0
0.033300313222658834,-0.17313442423266423,0.18160393342950623,-0.8130970814573646,0.14422777450017898,-1.9124421715814683,-0.7365575523039742,0.4019809246506741,-1.4780461667574334,0.6846344832896665,0.6330403997048588,-1.2196630714689431,0.9943571241394924,-0.23708904944472808,1.9820367950480584,0.08975764698289501,-0.23342855282256247,1.2035817186540516,-0.464757550808627,-0.6837722722446804,1.678150232589912,1.0,1.0,1.0,1.0,0.0,0.0
0.06690216395968776,-0.29288747136902393,0.17028754909814528,-0.8244025849206869,0.05950207822265464,-1.6035852942142994,-0.47514061439127087,0.29779649884380277,-1.8200577420378843,0.4554962507653846,0.822497039538705,-1.4910245167874085,1.1797162356282105,-0.42067987465328516,1.667982725259142,0.39233606174573643,-0.1969718162850042,1.433765479434602,-0.6726738329979074,-0.8501985519036152,1.3837781271800407,1.0,1.0,1.0,1.0,1.0,1.0
0.06838329704024068,-0.27765631812318975,0.1752659641551562,-0.7335698137871686,0.05157285760662443,-1.2897982994027573,-0.17473647264197445,0.5033431007070016,-1.9452378386885962,0.34052733794983286,0.9392882951102118,-1.7724855772838568,1.2876262978105875,-0.48964745562057804,1.3500688055007262,0.5764067103151632,-0.3836740178287253,1.705128650834591,-0.8481877575131286,-0.9984680337667398,1.523650251013263,1.0,1.0,1.0,1.0,1.0,1.0
0.11222648213002637,-0.1556128398111892,0.2124148628660175,-0.8633160186255642,0.11471127114159452,-0.9785027148636549,0.04462560672186344,0.30422904207424717,-1.6662794133854266,0.29098099897253477,0.8251183282215374,-2.0068966271310233,1.3136470420924258,-0.6372376028317427,1.037483775758279,0.3063680024984182,-0.6809029012013091,2.0351198958209418,-1.1131318399215533,-1.0603907972217526,1.8231852915810345,1.0,1.0,1.0,0.0,1.0,1.0
0.15592820892337692,-0.030027122141705137,0.21388570765224738,-0.8757448040450672,0.3507662413276753,-0.6732369192465966,0.29828667961084643,0.0824894807187796,-1.3387064178115198,0.3618137002266564,0.5802252678886441,-2.251428475768883,1.141430085717808,-0.60308220649186,1.3512511200700625,0.03684458592048312,-0.7878457780365286,2.2240420711312665,-1.2436666255077284,-0.7436409679677338,1.6005368751450069,1.0,1.0,1.0,1.0,1.0,0.0
0.1771692812155599,0.07655490543921475,0.22994309891859924,-1.1433073341490183,0.5271525731757036,-0.9815930187214938,0.044443503762829795,0.03679960021453644,-1.0313524176199753,0.6386136326650597,0.338391830540532,-2.458413072516235,0.9287329231198608,-0.6820075515097291,1.6694851376261068,-0.249089559228298,-0.7926607230332396,2.2761964377631,-1.2367552870528828,-0.42922846519497504,1.2880344000211175,1.0,1.0,1.0,1.0,1.0,1.0
0.14241221415837194,0.08253469223279483,0.2402675195029055,-1.2745476773296707,0.3502760104226602,-1.2993917804732926,-0.26799139600329125,0.2710675917965945,-0.8601080480684073,0.951850127128344,0.29568774635642664,-2.1841788525603008,0.7861050637180427,-0.7433650174405212,1.9777284592322064,-0.5182810396279118,-0.5047197109547412,1.9840651151603135,-0.9495634471762672,-0.5640658865773018,0.9782142203470101,1.0,1.0,1.0,1.0,1.0,1.0
0.08568696627532033,0.06554654803989238,0.21789512184498697,-1.051982719173583,0.31897617762323216,-1.5968694880890455,-0.5792738207370094,0.3679368326981186,-0.973362658624576,1.1066076058272403,0.2781534834431998,-1.8922227633842605,0.7032517783210567,-0.5934126625115878,2.244584709081565,-0.46445611625118877,-0.41089317136849945,1.672238260062992,-0.6332149811709477,-0.5376087334141307,1.288342696469595,1.0,0.0,1.0,1.0,1.0,1.0
0.11398518645579173,-0.04856927679022538,0.1902977570000801,-0.7811230609472413,0.13122079556497868,-1.8792687221446003,-0.7928192806802392,0.30333823116132236,-1.2878411357390114,0.8357662837298391,0.538416179739865,-1.5779069039462275,0.7205467956064756,-0.44288861281366554,2.1644864933035666,-0.16267544580542126,-0.44143790394828825,1.3571734986732928,-0.41949131643273874,-0.7426484682007006,1.5918840597608912,1.0,1.0,1.0,1.0,1.0,1.0
0.13281004754742345,-0.14725541818294008,0.189896743271838,-0.7071990497586597,0.045720358824917914,-1.6994883247867856,-0.6781799888587255,0.1352314210175678,-1.6025970413903796,0.5195607375610781,0.7186142977630656,-1.891170907331824,1.003228560518452,-0.3146913285674112,1.8513505213885182,0.1506797325599153,-0.2315382466866916,1.0442797746644068,-0.6526953313752152,-0.9115237935649757,1.8227819245948536,1.0,0.0,1.0,1.0,0.0,1.0
0.1443926204565932,-0.12677880420299786,0.20269983840177527,-0.7006500658272866,0.32561663522012607,-1.3886438353562722,-0.37006875683110785,0.29600605686355597,-1.9373856259788573,0.3778270999262138,0.7882690936621347,-2.1439189038701807,1.1741425357769506,-0.5742458253908167,1.538074787119596,0.4553295827452283,-0.4195685014310425,1.3582510516247577,-0.9149711627438758,-0.8662502072722519,1.501745649308958,1.0,1.0,1.0,1.0,1.0,1.0
0.21217651324355993,-0.044396594761137304,0.22387786474341623,-0.7048278475713247,0.30389529729069037,-1.0736856011609874,-0.06295848984441521,0.38376087163667827,-2.051814630396411,0.30278724078724695,0.7834823223321039,-2.394107170604122,1.1247316230245388,-0.7020553268121857,1.2242807465281174,0.6105232204528349,-0.7703788143940025,1.6634204336921559,-1.0870243858628208,-0.9231876711499428,1.5675727681894458,1.0,1.0,1.0,1.0,1.0,1.0
0.2648888068923273,0.09502169726200901,0.2210662497538254,-0.9636189547965527,0.48897749009870517,-0.7610643988654344,0.23133825608517566,0.16110270575540625,-1.7653148163222419,0.5072134845036067,0.5129632822451237,-2.4518183468841372,1.0176790318351563,-0.7127128611143485,1.0805476562862684,0.3544952246124101,-1.1346360196964094,1.979065855950091,-1.2117960975636028,-0.7577651005516625,1.6169109904969081,1.0,1.0,1.0,1.0,1.0,1.0
0.26738069073018556,0.19806041736588129,0.21539173022737704,-1.2306729027836956,0.658374234853343,-1.0112921729873885,0.40079275916406554,0.04469614183783565,-1.4512477698250892,0.8177795140158728,0.3351238115218331,-2.4625832256689724,0.8434099703318227,-0.9352472297367024,1.3695357546492692,0.08987593844655595,-1.2727368489450224,2.211497615712658,-1.0075978737355402,-0.5220861982131637,1.2998183733104545,1.0,0.0,1.0,1.0,1.0,1.0
0.20886249094621043,0.2354473801601805,0.247519374006711,-1.1875111212376708,0.5657015207183129,-1.3155062852563715,0.11048979886106747,0.1761131793607449,-1.1379808825112185,1.089787255527716,0.2831052051540561,-2.1989884556658765,0.7246713772360682,-1.1181528265931953,1.67859221445942,-0.21435120309372985,-1.0296855454968856,1.9668898759339455,-0.7130989985237202,-0.7068860813682388,1.1500495779601332,1.0,1.0,1.0,1.0,1.0,1.0
0.13796504843331017,0.2564964482472726,0.2968349924482273,-1.059818814588506,0.7276377454053806,-1.6164307910005296,-0.19951857030052667,0.25480700336918644,-0.8549020260062437,1.1277380766954663,0.22715488274734913,-1.9093365648251668,0.6770116426665818,-1.2305623638628185,1.9866591246548144,-0.48700150929005215,-0.7234212426574645,1.695135783130416,-0.44114523294848107,-0.6924852188695637,1.3703623716832296,1.0,0.0,1.0,1.0,1.0,1.0
0.12196275365606976,0.19225972704728442,0.27609292369429084,-0.8147625011808277,0.7080891036843893,-1.8987222316150116,-0.5025985222345224,0.12570744620608146,-1.0940293281276117,1.1080589177720597,0.2532090972377371,-1.5965865551905436,0.6180583729822121,-1.2044048505101137,2.270825773353237,-0.48305204470618457,-0.5332386793706771,1.3764395348320337,-0.3558834483818021,-0.7146726806688617,1.6635206720653248,1.0,1.0,1.0,1.0,1.0,1.0
0.14302534143061277,0.06340837898842414,0.2880991403924542,-0.6840008912870971,0.4900072275361061,-2.073497076511841,-0.6852555069418884,0.1695201216643653,-1.3847248619148527,0.8072638475398256,0.45203721140666353,-1.3029006323400183,0.7397410108955171,-0.926871800796567,2.2747650931462884,-0.18887174848014193,-0.4737571330300279,1.0619782515639562,-0.6227585710549355,-0.9688380592423249,1.9627818542327302,1.0,1.0,1.0,1.0,1.0,1.0
0.18148944739593,-0.07400730570041958,0.3088423974489162,-0.6507368788151804,0.22550831986564793,-1.8038832957355406,-0.4586722883715826,0.2185732767289987,-1.6936447316274308,0.49772323241523436,0.6288722743612049,-1.6189062363739346,1.0448522993916418,-0.6048710378679341,1.9594735777353423,0.09995612400619835,-0.40357864384783226,1.1349538385308862,-0.9263051232479813,-0.9587289716702698,1.640724407554375,1.0,1.0,1.0,1.0,1.0,1.0
0.17257345978602281,-0.12602945486439404,0.32016359947436446,-0.6593653659877887,0.19564441318635736,-1.490987342095576,-0.14536136317306037,0.4047066301691009,-2.0012598845207803,0.3492826050917243,0.7755207667322942,-1.9281435402058122,1.2109316594576718,-0.6563025265532547,1.6454809094557312,0.4072514659058949,-0.4667862578398111,1.4325821036412831,-0.9763341274366344,-0.8165151830510681,1.30743473921093,0.0,1.0,1.0,1.0,1.0,1.0
0.15463268343314,-0.11155650467739134,0.3285270426255791,-0.7472144929128722,0.2594139222662744,-1.1843372060291253,0.15968567931050714,0.32683409279029324,-1.7229878533919323,0.3348665369167611,0.8283815198370542,-2.1834507186168532,1.2973342397855712,-0.5081932555038049,1.33012730697287,0.15887143980196716,-0.6353742989536137,1.7465316449003268,-1.0921350273081294,-0.791283739666649,1.3427314753483295,1.0,1.0,1.0,1.0,1.0,1.0
0.1636196578532679,0.02984590068582632,0.3192231384392258,-0.9822870772930493,0.497467192474331,-0.8703972784594383,0.44106183520546727,0.1276662159745005,-1.485431661657125,0.4718897422901827,0.5798478435810246,-2.4264433734957143,1.1047689709696562,-0.6597567546690968,1.3050285813455045,-0.1336673129126863,-0.829655827430414,2.0576556312369085,-1.0125701548885717,-0.5580774407335118,1.3550307824568402,1.0,1.0,1.0,1.0,1.0,1.0
0.10367936546023473,0.1333573753472664,0.292032450547548,-1.2277537125858118,0.5857964380059151,-1.1822793733144257,0.18597114393610437,0.21234190860776522,-1.1725255323480468,0.7652359191462678,0.3598263962698429,-2.234698780852133,0.8656296241204822,-0.7544949975181493,1.6060372864498578,-0.4424950634284284,-0.6717211785422308,2.181704135025259,-0.827626628094314,-0.4205848795009349,1.140543839303053,1.0,1.0,1.0,1.0,1.0,1.0
0.03805311159726643,0.1699887625346129,0.25514380256222113,-1.1850089599423914,0.5685700936192781,-1.4838022117303138,-0.1254461262888643,0.36849108328924507,-0.8633605306946637,1.0505761734750005,0.25667649125660463,-1.9471641573465985,0.759124321770251,-0.8545142496845843,1.8802074702514595,-0.6023772916178525,-0.380164203856537,1.8716257431546703,-0.5294080195964622,-0.4549530421466925,1.4539303947570648,1.0,1.0,1.0,1.0,1.0,1.0
0.036966751165742495,0.1001113037665832,0.2108654754674474,-0.9036720701392918,0.5526926810429584,-1.7917722318229306,-0.437085675699989,0.4079911947098676,-1.0367342643113429,1.0930348593446502,0.28545127475625304,-1.6395892313574971,0.6962315049748005,-0.7624952376926514,2.163987726459458,-0.4356474841332802,-0.3930995363016896,1.5595948554951349,-0.35873677570354645,-0.518950438308049,1.755536934145959,1.0,1.0,1.0,1.0,1.0,1.0
0.030413105650285516,-0.054286312411043175,0.1870482880221592,-0.720098373503897,0.42780232324833156,-2.066441584140658,-0.7226220590908865,0.3645909051169185,-1.3511318935192727,0.8179343805158786,0.5390560812960306,-1.350079223488657,0.8804082260088552,-0.4637205371349539,2.2067821794603977,-0.12275424343736674,-0.3976747086390468,1.2479081163908545,-0.546061056136174,-0.7876996065797833,2.0365450078515024,1.0,1.0,1.0,1.0,1.0,1.0
0.06875900319722919,-0.1793443074505102,0.1751861739581169,-0.6931278114683916,0.19742547720359338,-1.8656867037706921,-0.46371139290195207,0.21075113592511863,-1.656672626643844,0.5077507186387759,0.7223329155303708,-1.6609741218005238,1.1702350033294133,-0.5153352206692454,1.8919255270870856,0.19123609506733652,-0.3269543278308105,1.2780123520346605,-0.8313177659855636,-0.9187460966391903,1.7383480795416872,1.0,1.0,1.0,1.0,1.0,1.0
0.16275570075357956,-0.21082578115548722,0.20929650407013903,-0.6842570554212375,0.21084596520040788,-1.5531711717238377,-0.14980741426399735,0.3197581985082935,-1.967614733360526,0.35272621161467976,0.7718585530257079,-1.9247069669767183,1.2863151360881282,-0.6545563003496601,1.5769444456044615,0.5006176155461489,-0.44956235588756843,1.5902800168740199,-1.0021892025755892,-0.9525323231999752,1.4176032550669688,1.0,1.0,1.0,0.0,1.0,1.0
0.23304712541534375,-0.16864572421204732,0.24976541250710535,-0.6398533906864753,0.36223665920225173,-1.2405527504750877,0.16061518290067311,0.2914666165645569,-1.9199950626721591,0.2876143704254338,0.7889392250518289,-2.1901389574968073,1.2731389123660684,-0.5573136472056579,1.261825462117803,0.6607285217980748,-0.6897724092697883,1.8899771978183946,-1.1781150146877546,-1.0712849085165,1.558293713728827,1.0,1.0,1.0,0.0,1.0,1.0
0.29893026104915277,-0.024892571952398274,0.25148866636868095,-0.687636197767478,0.608303734294396,-0.9269275665602861,0.4500825877012228,0.07919637296413065,-1.6408042893710946,0.29018666012288047,0.562472552755259,-2.423300892019349,1.1331474929849004,-0.6240857502224427,1.013044977320119,0.49977187879273,-1.0180090075246309,2.1936880298067107,-1.2081016704638272,-0.8938628895311793,1.6048860832467207,1.0,1.0,1.0,1.0,1.0,1.0
0.27324580878617144,0.09213361223788044,0.22441077816589602,-0.9691446814563754,0.7299285618788005,-1.0400281314489468,0.56157568190314,0.010274471994949227,-1.3269430401092088,0.5861459341321487,0.33573032755003157,-2.558963771718917,0.9190479680658232,-0.6858780735789967,1.3309346062583427,0.23421709906357746,-1.0692776236973691,2.3060269668603004,-0.9493081647090922,-0.5978012641201352,1.2848017714565068,1.0,0.0,1.0,1.0,1.0,1.0
0.17134509233098164,0.13301747879466455,0.24854174973918755,-1.1867302731131926,0.7090401173523029,-1.355390868177212,0.26463507261922603,0.10750172729430729,-1.2272597249264867,0.8977911531229495,0.277309935316271,-2.3553489360500617,0.7558196790783757,-0.8004314914723063,1.6311336579215818,-0.05830747570935102,-0.8153119216886838,2.26110648044552,-0.6515887685688625,-0.6332623224225089,1.1475881946895303,1.0,1.0,1.0,1.0,1.0,1.0
0.05511527346926362,0.16010764075498954,0.28838716766127914,-1.1693381680250636,0.572699129233637,-1.664743983421101,-0.045871220374172794,0.3069479918251788,-0.9299179445212933,1.1078073534211101,0.2282960411892509,-2.0820134416962377,0.7020594358902088,-0.8183101274762667,1.9259467506218577,-0.37029516537775314,-0.5048291157275078,1.9477810399077107,-0.4043900710574404,-0.5408440050239213,1.457690996103501,1.0,1.0,1.0,1.0,1.0,1.0
0.021682280389201836,0.1070786670654337,0.2735533660368261,-0.8972727809064056,0.5685339392730644,-1.9626507388671233,-0.3552304413845784,0.38699177692249515,-1.067854575407287,1.1277515513627048,0.2746759113025321,-1.7785246268722246,0.6726214991545172,-0.6869899527890718,2.2125948495820653,-0.41814160765881575,-0.4074041081773186,1.6363853504587378,-0.31108514646690644,-0.4820855930830993,1.7690597332261537,1.0,1.0,1.0,1.0,1.0,0.0
0.004519942408729799,-0.02489436322397648,0.2444591886696212,-0.7189055838697893,0.4114480063518584,-2.073958211524926,-0.6641867663709133,0.2523372537403614,-1.3837235382422994,0.8402963452844299,0.5614995868342517,-1.4666422248345128,0.8113809529580112,-0.38765906699434144,2.1058307326157455,-0.25975488405568614,-0.31912766746506116,1.3238936091465374,-0.3846216370502018,-0.6113684215162429,2.0448413407124617,1.0,1.0,1.0,1.0,0.0,1.0
-0.014277159908575254,-0.09474369940334822,0.20970616754646967,-0.7262635883390823,0.2850403624949944,-1.794662914592772,-0.620833069823777,0.18552681113796277,-1.6985256917032732,0.5323708408173438,0.5985006806689717,-1.7703885807853346,1.111580768506503,-0.23698488398094297,1.7917654020636045,0.05455402411866683,-0.1555155954728641,1.0103573441675535,-0.6897920624175646,-0.5574829401504089,1.7961619088052712,1.0,1.0,1.0,1.0,0.0,1.0
0.03986402778647005,-0.051578525182392365,0.1878429248341821,-0.7237708827386709,0.4889738783723441,-1.4838885982659398,-0.3061938272823478,0.26270194279994363,-2.0105223309664786,0.366538239439758,0.7451881761347613,-2.0880026094749744,1.250892781925471,-0.4868490557216053,1.4786759778974257,0.3684030980938414,-0.3311272509521614,1.322396160247998,-0.8276379359890397,-0.5296768816243063,1.4837063866110236,1.0,1.0,0.0,1.0,1.0,1.0
0.20489550231941547,-0.021270214690717187,0.14959021661200836,-0.6559920055252296,0.3064371334923901,-1.1679957958280636,0.007881824336501864,0.3651735244327466,-2.221284323368976,0.5103326295380156,0.5144527548362584,-2.0636526839258416,1.1104401818765595,-0.6764299397706401,1.1635189173135931,0.44630678963492854,-0.6869999246355426,1.6285259973563537,-0.6083568317712287,-0.7605438127846931,1.17062193467519,1.0,0.0,1.0,1.0,1.0,1.0
0.2795605936346858,0.05587846625313611,0.15460144550409274,-0.6585257762723629,0.38289822635026205,-0.8567820661710961,0.320542228892314,0.23293249392095136,-2.099169034449691,0.427457014986091,0.48497989414388076,-2.290011843259736,0.9591052332380438,-0.6929592936235691,0.9917153648722903,0.1496431100968011,-1.1156853273426248,1.9359343148582389,-0.8298464468435482,-0.744559702157489,1.2700493844895526,1.0,1.0,1.0,1.0,1.0,1.0
0.31063542572880276,0.17931924179630784,0.1749696643838812,-0.9058610742964134,0.5357983925972168,-0.741658095816657,0.5396519062581827,0.08982649068423956,-1.842374307862348,0.6482429791956221,0.3642467525222211,-2.482857575070371,0.9028372951972349,-0.8813466732386133,1.2189344138172133,-0.1550759413435605,-1.2692232198020732,2.1610748245535154,-1.0041096903738156,-0.703196135367829,1.5493808106024392,1.0,1.0,1.0,1.0,1.0,1.0
0.1968208786493976,0.20870184642389558,0.19372277015428394,-1.1909383361334966,0.5003719420655643,-1.0556856086626702,0.24793938047568187,0.1990174237893793,-1.5240231357353953,0.9483366964433987,0.36445453959594565,-2.3593917510578017,0.8779775388238603,-0.9867832066864487,1.5261822220588441,-0.455444478534252,-0.9978164527625465,2.2165415891334135,-0.9294340709097034,-0.5357737700429236,1.2527561015693476,1.0,1.0,1.0,1.0,1.0,1.0
0.14030141763743578,0.2284071674782965,0.18522757017026095,-1.2007257830871445,0.6173471186971105,-1.3503544713625244,-0.0664005185073191,0.34340464063051424,-1.2128265728009269,1.1147866316266828,0.2778156982480161,-2.0861576824520993,0.7870062789071137,-1.1232621360961925,1.833631480805562,-0.6187765220859164,-0.7130700164922189,1.9071203308418412,-0.6349859380860798,-0.6862574758496224,1.3321270329742867,1.0,1.0,1.0,1.0,1.0,1.0
0.1156344881413833,0.20469784691389994,0.1822581676256139,-0.9829620846088936,0.6691818675353594,-1.6464542317309772,-0.37733701320294233,0.3455882894471712,-0.9031069678552777,1.0979963602204288,0.23009316433777713,-1.7880484068888023,0.7114350583801189,-1.12751520964144,2.0983144233653888,-0.6222455599415274,-0.4631545278179402,1.5684215265571477,-0.4037590548330199,-0.6233508078028084,1.6451942208756523,1.0,0.0,1.0,1.0,1.0,1.0
0.10377151957343347,0.06784009064047006,0.1829615787680409,-0.7534308982584675,0.545346246697847,-1.9141528089539277,-0.6810782308665692,0.1821563660582605,-1.2174964877308743,0.8171819728831775,0.34815770227877474,-1.4743026890071746,0.6574966553359523,-0.8871023113559635,2.313843483553771,-0.3558245447764589,-0.46587644134621625,1.2539518564129024,-0.4563389270720496,-0.8040347580507199,1.9212175721888516,1.0,1.0,1.0,1.0,1.0,1.0
0.13967858839381495,-0.06149131226773308,0.2074594869483545,-0.6822125142831408,0.2686202918452125,-1.89386843773348,-0.7655198815334695,0.13785032012939888,-1.5196538933827515,0.5118223365271862,0.5712486115487577,-1.7246258436667077,0.9061933399547918,-0.5951163924268964,2.0065593153162173,-0.041939153808179586,-0.3266471913467787,0.9396221376801123,-0.7696521905902267,-1.0130506212251993,1.9255593664832238,1.0,1.0,1.0,1.0,0.0,1.0
0.18508715264980632,-0.10754509627272259,0.2321372351248269,-0.7667962740957932,0.2749587520216753,-1.5812990729802516,-0.4655744097481103,0.252148304918867,-1.827390956062281,0.36450235535311903,0.7108723054903473,-2.033026493810507,1.1829798303189918,-0.6397600414132922,1.6940288880697199,0.2563903758466274,-0.4529645996504262,1.2313013102339305,-0.9948885918355566,-0.954072021455594,1.600141856547589,1.0,1.0,1.0,1.0,1.0,1.0
0.16989835548850155,-0.08690935519413504,0.23642033742317067,-0.7138298880029376,0.25125941342686087,-1.2676626782252414,-0.15783753430753755,0.4082444562956709,-2.0520130954654534,0.3037589924718251,0.7925921243319438,-2.2767206249471226,1.1515557099388725,-0.7322663084274491,1.3805986269941992,0.5552253108770421,-0.5637335193059777,1.5166550999014774,-1.0817840778424324,-0.7350475463222557,1.2871700024285555,0.0,1.0,1.0,1.0,1.0,1.0
0.1603039728295331,-0.011781343936654476,0.22214163269147244,-0.8425255089843874,0.4677586518971554,-1.0732931680783246,0.14816069699443968,0.26085248064484856,-1.7768169026859864,0.4233647671938828,0.7207242488991968,-2.366471562022303,1.257112142536473,-0.5219986220935999,1.0861940875598053,0.32706503561849576,-0.7585577644304271,1.8334845462068048,-1.1423579247251225,-0.6813272579436629,1.4122791747617252,1.0,1.0,1.0,1.0,1.0,1.0
0.18414748528776356,0.10747246572433591,0.21437917064727438,-1.123019406732927,0.6754042363898154,-0.8403072740519599,0.44885221228356154,0.07603095059506487,-1.472317299066343,0.7292581903563774,0.4321589052395973,-2.5113979196593057,1.0200482703336111,-0.6742864348435402,1.4022346397580696,0.03080736653479188,-0.9387127780083466,2.1347343855686747,-0.9310886401766431,-0.5298758972343954,1.3945337014733012,1.0,1.0,1.0,1.0,1.0,1.0
0.14821397226813096,0.13288319961788256,0.24259097586597225,-1.2819464506224978,0.5435137740904938,-1.1546695315072164,0.19225802134761893,0.2850178276386206,-1.1612704471307262,1.023938227351323,0.36334372885285726,-2.250505209983098,0.8472498341607905,-0.8242698459506601,1.7109850930336385,-0.2729072751324092,-0.7835520902583053,2.1353380477056323,-0.622751456213578,-0.683850351057448,1.0923835547220098,1.0,1.0,1.0,1.0,1.0,1.0
0.08950760186032783,0.14974363083723877,0.2956322408496793,-1.197724149858906,0.4650574432762804,-1.4575828163071483,-0.12090958343585467,0.3764494550283822,-0.8917858587512768,1.1508246791883785,0.2571598234475141,-1.9450447629720105,0.7235155613005053,-0.8798861534225574,2.0076708657556694,-0.5403661605412161,-0.4880300235493178,1.8208732874253617,-0.387957363215487,-0.629837253807904,1.4035890595550236,1.0,0.0,1.0,1.0,1.0,1.0
0.1233071380510666,0.07553425882991796,0.2949682300849644,-0.9214121549105573,0.33490081463766586,-1.7345138584359625,-0.43076485516179075,0.2968960253350059,-1.154991175461717,1.145919131177671,0.26877748839517557,-1.6329256178787868,0.661446144524409,-0.7605857592558233,2.27016343603437,-0.3690492455446641,-0.4329397864720224,1.5052806882701226,-0.33044142445584646,-0.6614501181943007,1.7169360344671012,1.0,1.0,1.0,1.0,1.0,0.0
0.15335828492667772,-0.07206540366682748,0.30192893375244534,-0.7178871284961842,0.13919085163366968,-1.904133317952951,-0.7172307397764368,0.136618079831361,-1.4689601673917354,0.8520871559198449,0.5506571044893044,-1.321002536910865,0.8641729334811455,-0.4490318613051151,1.9729067133324376,-0.1175776923902222,-0.3424050119252682,1.1916797283353024,-0.5903970542735697,-0.9537450131802867,1.9868895559043784,1.0,1.0,1.0,1.0,1.0,1.0
0.14123705030752112,-0.14002951555304116,0.3123746474121506,-0.6875282676114373,0.14348330989212751,-1.5898562594792816,-0.4508896104151817,0.23625313477689538,-1.7939946677464906,0.5378486050729565,0.7524539650817661,-1.635464576602368,1.159565785898661,-0.5189848770481325,1.6583825058255734,0.19201534066347203,-0.339531688148007,1.3154191032793514,-0.8781997280204743,-0.9310538236020188,1.6790022853288906,1.0,1.0,1.0,1.0,1.0,1.0
0.09619299629644232,-0.1351399874022206,0.3377605656793774,-0.6928821289035538,0.1847439456378978,-1.276215875495156,-0.1359261902643144,0.5883583467928866,-2.067212094935727,0.35920556641468504,0.8681192882750361,-1.898435184452083,1.2262734407821687,-0.6627778785430639,1.3441818106508618,0.49489606980848533,-0.4606385801077007,1.599687967910354,-1.0804842510519241,-0.8516277205607347,1.5055597940073662,0.0,1.0,1.0,0.0,1.0,1.0
0.01389809533986841,-0.07929012038031871,0.3436994548523704,-0.656655211690934,0.4413582057108947,-0.9685949892235812,0.14088059757051064,0.6494806528788072,-1.779272805455089,0.3070205577229471,1.014795995613054,-2.1699034821894063,1.2809752393248557,-0.4230216272151735,1.0631276475330722,0.2929834923563609,-0.6270358729356026,1.9327774075447213,-1.224513500024379,-0.7958150865806563,1.6525997503861383,1.0,1.0,1.0,1.0,1.0,1.0
0.02573150123620349,0.08831962126609341,0.33960399822357334,-0.892059300462656,0.6449876379444288,-0.9568491512624875,0.43499542245832046,0.3803318841224871,-1.4652816947427287,0.5888504172607671,0.7630846693634019,-2.436710316890246,1.0996795504130903,-0.6592939177604569,1.3783459244812004,0.0037168504418972903,-0.8847490844440442,2.199878673568007,-1.1258352738257338,-0.48685667025512447,1.3374466999894004,1.0,1.0,1.0,1.0,1.0,1.0
0.02475209892042951,0.1638194981408795,0.37307299863410226,-1.1887834713521441,0.621890732182897,-1.2703581875736905,0.1929893526191483,0.28426452496540505,-1.153717044560736,0.8926292848841118,0.5386686851801141,-2.110425993372111,0.8703112049934937,-0.9212757589214647,1.6771377477588816,-0.3002865731615239,-0.8930834299615692,2.250502324675133,-0.8679893162701818,-0.41128836499170296,1.0299110487835357,1.0,1.0,1.0,1.0,1.0,1.0
-0.001633899206025774,0.17435306318122587,0.3994262923839873,-1.1916439831000363,0.7786495317628326,-1.5819525344308085,-0.12022082299379788,0.3641564062914457,-0.845393221510683,1.1296681310381842,0.4029264894057887,-1.789139935115453,0.7413187424085277,-1.0348970296081266,1.9736539005700617,-0.5630816293284571,-0.6252574127451811,1.9208741061925219,-0.5788556393789989,-0.4535250050694901,1.3147853863673324,1.0,1.0,1.0,1.0,1.0,1.0
-0.027106748244084017,0.12168564239994781,0.3762264726588914,-0.9503658465044287,0.8320827855152075,-1.8823196576281194,-0.43092967939953064,0.36538200322496867,-0.9122910315334862,1.2030676731628163,0.3109287735978078,-1.4473577860408589,0.6708117149915878,-0.9423317757574231,2.23020275025321,-0.5733013670297792,-0.42521516426954264,1.5911101512709123,-0.37261584200394904,-0.4828204973665775,1.6024761401380887,1.0,1.0,1.0,1.0,1.0,1.0
-0.060423059989772404,-0.022278371994494534,0.33847632330228383,-0.7494569114905011,0.785994316966828,-2.155379692368737,-0.7135510922706618,0.3654912804547868,-1.2170658107706318,0.9368735839395542,0.47316442481031695,-1.134153621305674,0.6755439682929216,-0.6463813054776175,2.3656529447461794,-0.2900113437165119,-0.41859779507880857,1.2788152261428223,-0.31922783169222557,-0.671128293875786,1.8837450711330253,1.0,1.0,1.0,1.0,1.0,1.0
-0.003299125524508617,-0.15134160426269636,0.34818115469887045,-0.7489902648408121,0.4899780247814396,-1.9270288907705404,-0.7681626417860963,0.4116932850384027,-1.5281089699487973,0.6277127910963792,0.7425261076646597,-1.4022259404996742,0.9275621934081613,-0.4478662158675905,2.056283228590088,0.006584951022313157,-0.19081209809085442,0.9629742737643763,-0.6112877091063831,-0.996772652070205,2.0882497075755047,1.0,1.0,1.0,1.0,1.0,1.0
0.12637322621889693,-0.16736172644705957,0.37003516711098905,-0.7314993042667793,0.2536014938724981,-1.6173975182477167,-0.4790172235847534,0.44516103152909986,-1.833159069588992,0.40482571181731386,0.83609702827707,-1.7005562060636348,1.1929631980602724,-0.6278970470650844,1.744650547543967,0.292813746852167,-0.41022632379713786,1.2673694104356776,-0.7951554246137362,-1.0956434631734875,1.768184954732893,1.0,1.0,1.0,1.0,1.0,1.0
0.17110870425186922,-0.15167195822172108,0.39054926203971185,-0.7871480933635029,0.13967806161450208,-1.3047607442299545,-0.18491044396166012,0.5137026741086018,-2.030234397884794,0.3343511135181919,0.9122321769400614,-1.9657133014421477,1.1602521347627597,-0.7298477931243249,1.4297990556004632,0.5172205183117141,-0.5897919245470569,1.5703801525369485,-1.0199754057388486,-1.0393272193698666,1.5264769204961173,0.0,1.0,1.0,1.0,1.0,1.0
0.19926639017304618,-0.07146979410389365,0.39239920618969804,-1.0202640661132203,0.3330005475347033,-0.9991786182789071,0.09469297162204915,0.30970903802028005,-1.757615134771457,0.4693991169855615,0.838188154221318,-2.2016729989230277,1.245053586583724,-0.5917823817542224,1.1139283556546378,0.2589845551372246,-0.8468109998408644,1.894361681500121,-1.1951930669414306,-1.003945706623873,1.6353256246418177,1.0,1.0,1.0,1.0,1.0,1.0
0.2488575223656583,0.07028990856954617,0.3597452531803974,-1.2532774132284517,0.6110600755495406,-0.762705535008591,0.3892911089752381,0.07213166304698335,-1.4459712583545445,0.7683022346142058,0.562156004580622,-2.386548417145693,1.0039842924003677,-0.7048405793888617,1.429888967158596,-0.047107493646481924,-1.0973967414363412,2.1708254397402365,-0.9744921736733646,-0.6947223465295606,1.3106712834912106,1.0,1.0,1.0,1.0,1.0,1.0
0.2496601170105446,0.1308570064006839,0.3436399024097363,-1.3354309606209214,0.5312139627682468,-1.0781892133462343,0.13167623654949245,0.21711058459372726,-1.1338828982553832,1.0547081758398424,0.37085062865544244,-2.0614898716052577,0.80034293784402,-0.885271293277656,1.7422177714715041,-0.35258563501762674,-1.039753609604674,2.171370181573561,-0.6683272760017763,-0.6810831325834131,1.0006272754388814,1.0,1.0,1.0,1.0,1.0,1.0
0.2033102166930613,0.13412562128334007,0.3590775259907333,-1.239010876045658,0.31140104558780546,-1.3864313867625817,-0.18200452059393624,0.3180252155445958,-0.8779352143407531,1.1772874646399756,0.27224724043658666,-1.7325501204995444,0.6969885151617269,-0.9628859971882812,2.04583340702335,-0.5786569237513801,-0.7507314467597827,1.8541944705467954,-0.4139853105778043,-0.6293264122659419,1.2961235962127904,1.0,0.0,1.0,1.0,1.0,1.0
0.1262098666711177,0.060901139242704766,0.3409026799586472,-0.9500151296465285,0.3887661711209804,-1.693092646223569,-0.49132700986501326,0.21640985975059748,-1.1300857740863,1.145211213115944,0.28745064545722854,-1.383618093321941,0.6480150052852408,-0.7914568747645767,2.2862582149151476,-0.5330083330966102,-0.5122845281226976,1.5398088858721235,-0.3656156229764288,-0.6469601295715343,1.5765313403215018,1.0,1.0,1.0,1.0,1.0,1.0
0.030915691872121093,-0.07623459918865086,0.3221986674688686,-0.7376809111351611,0.47317938733883586,-1.984305479791153,-0.7360325834855458,0.26905209255797896,-1.4443411414494989,0.8482771572594735,0.5510055000960573,-1.2935463695662217,0.8761149885084424,-0.47669788078191316,2.105435947701453,-0.22893013772232318,-0.39330373198100144,1.2270454478233628,-0.6294911786333984,-0.7785648208935924,1.853125868289243,1.0,1.0,1.0,1.0,1.0,1.0
0.09258745792066089,-0.15770915756120413,0.34479955028682263,-0.704907509880979,0.24866497081544348,-1.677363546060869,-0.425609228816923,0.36127985140107316,-1.7601531102866603,0.5368987679967975,0.7541669950672878,-1.6020455712162303,1.1618100225869628,-0.5454299248155089,1.7910977470066154,0.08559658283002702,-0.32824723747146306,1.2404048380761088,-0.8346406812174769,-0.864681817586295,1.539220305534732,1.0,1.0,1.0,1.0,1.0,1.0
0.16440574369545677,-0.16116487318539335,0.36969473592723245,-0.6825137617345632,0.14116987037795742,-1.3641875705724398,-0.11974380618098535,0.5010845045444355,-2.0424476944701597,0.36441894488290316,0.8436328926576335,-1.8820791519365216,1.2079050614524889,-0.6639735000592488,1.4772419691689926,0.3783203311443445,-0.5540070260285213,1.5513405218346248,-0.9835392321206416,-0.9259459454348254,1.3710287718270575,0.0,1.0,1.0,1.0,1.0,1.0
0.19549975298972835,-0.09529116583655063,0.37953171758948834,-0.8923219690749108,0.31411974170451157,-1.0541177068258127,0.17248334040345747,0.3455368514756648,-1.7583673994561155,0.3793567440680182,0.8650303622400763,-2.1469263037151007,1.2838579025960672,-0.5509937507382324,1.1601457243050486,0.14948603904610414,-0.8675436903113609,1.8689208182346744,-1.158974460941862,-1.0240331918918615,1.5854317650621184,1.0,1.0,1.0,1.0,1.0,1.0
0.27434800333659615,0.06533955121940441,0.34488640176013896,-1.1689718480161633,0.5863836103206428,-0.820507487637181,0.44318094912923567,0.09808818029145669,-1.4442715864081603,0.6631716332116029,0.59681839486294,-2.3985196887969393,1.0494595298958866,-0.692987190728219,1.4771981818876667,-0.14109184956654164,-1.2200970349931808,2.1522704415749923,-0.9417724127841243,-0.7386820109274277,1.2462228025874504,1.0,1.0,1.0,1.0,1.0,1.0
0.29165154577532504,0.1593099770080005,0.2990965072702142,-1.3112596132300154,0.5538697124492973,-1.1331003445975474,0.18341701186864634,0.17066022129819253,-1.1305125454271605,0.968260861181574,0.3507894370288024,-2.0934543358694353,0.9553236514154144,-1.0237570674544338,1.7847345464798114,-0.44194251480555036,-1.2168287841726761,2.219510342713674,-0.6372342301512466,-0.5856903830553506,0.9455449061956871,1.0,1.0,1.0,1.0,1.0,1.0
0.24199279721240927,0.1873864369682783,0.27920820214617126,-1.1947108896155503,0.452885454625621,-1.438666297850995,-0.12821561856194952,0.27973532808707907,-0.8455691466492317,1.1546502649102688,0.2498988788291604,-1.786641165740222,0.873634269716315,-1.1800666655286918,2.0839542275644005,-0.6172783479039073,-0.921525996568797,1.9058147568661281,-0.4238254897981303,-0.6162351697728965,1.201399917014494,1.0,1.0,1.0,1.0,1.0,1.0
0.14902539230743037,0.12812538077912286,0.27351548754944244,-0.9286196455240344,0.5555363095575259,-1.7372885116197543,-0.441346455869123,0.22149430509141324,-0.9156111432514988,1.1284866120892096,0.2617180204743388,-1.4657172886966634,0.726616395795574,-1.0559215692063912,2.3150751777658307,-0.6402615968169241,-0.6119347803012125,1.5866694388059346,-0.3490456580593424,-0.6792772394301239,1.4816512007605604,1.0,1.0,1.0,1.0,1.0,1.0
0.031127588800261535,-0.0026487863944058,0.28348456187890436,-0.7373600572527994,0.6362652417505377,-2.0334393675195233,-0.6731603900200839,0.25871984992047004,-1.2345844130686285,0.826367652073476,0.4480760666374035,-1.1533733346780417,0.7201631306015193,-0.7435364487129101,2.3487303215548083,-0.3701258643106557,-0.47747186623843885,1.2736584833091569,-0.4973369490813959,-0.7292127239080584,1.7538010908984456,1.0,1.0,1.0,1.0,1.0,1.0
0.06263388741259127,-0.12989032336541195,0.3281336501812465,-0.7105577785341359,0.399002978867795,-1.9391295473462615,-0.7116136721968749,0.32360851455250966,-1.5429190002675088,0.5172603762321208,0.6580527011866737,-1.440243853444318,0.9773453766726687,-0.4657405187614464,2.030979295495435,-0.05834493456856671,-0.25142377003637423,0.9574202928838078,-0.8020022463787593,-1.03747465779558,1.9464180710948997,1.0,1.0,1.0,1.0,1.0,1.0
0.16354094677781375,-0.15441610256582122,0.35687976600852245,-0.7094648721014122,0.27793497787791266,-1.626528440942502,-0.4267860672118219,0.4001494044320468,-1.8481625895948182,0.3661362947809755,0.8013778392283011,-1.752536485698032,1.21453139837409,-0.6282113889295095,1.718618577143264,0.23910264018688654,-0.4673555351036275,1.269183011008091,-0.8254140120094381,-1.0691419530405304,1.6312262023316042,1.0,1.0,1.0,1.0,1.0,1.0
0.1946232488787866,-0.13872775935109705,0.36765953939239737,-0.7560686414038763,0.15444965509120978,-1.3140363682652734,-0.12849333764736548,0.49908742711198845,-2.040554277465161,0.32021804448808405,0.879598470685515,-1.9890071013914903,1.1250893035168874,-0.73071945864185,1.4040755977596697,0.4965637489397797,-0.6539543827695509,1.5754618209492879,-1.0589115504462354,-1.1091961550057994,1.6055397872221087,0.0,1.0,1.0,1.0,1.0,1.0
0.2245847471286813,-0.0575903718529458,0.35884476060913306,-1.0194358783493134,0.3351645394529744,-1.0154103204252132,0.15865475775545612,0.29542495293814813,-1.7472878656614348,0.4887366402116139,0.8267592250793033,-2.237318935919689,1.220560961331217,-0.6090727767045182,1.0883474987925785,0.2518833012177156,-0.9353247885814855,1.8945576692817565,-1.196637095899576,-1.1679266705621785,1.8603680416911084,1.0,1.0,1.0,1.0,1.0,1.0
0.2848508256312663,0.08495920982033386,0.32964459589954587,-1.2554577255222987,0.6196379719299301,-0.8348577869054128,0.40671222600995904,0.06407065934145326,-1.425506977600759,0.7964903090946827,0.5397118746847044,-2.410712773928475,0.9849236821708558,-0.7104068036032635,1.404578476687662,-0.049488450984818244,-1.220839618326571,2.1691400662081897,-0.9499374633162732,-0.8634309012706937,1.5328883486788407,1.0,1.0,1.0,1.0,1.0,1.0
0.27338292416128585,0.1647916837446293,0.315083999395538,-1.343235702715343,0.5783351470200457,-1.1475527444098355,0.12336287948655567,0.14452346379280429,-1.1113493450896246,1.0731434269907687,0.3279820932315347,-2.087547777324239,0.8090150663046214,-0.9803994334439226,1.7121878685214398,-0.3544864681309053,-1.1409479893452215,2.2156998267427865,-0.644221694085255,-0.7009412069737367,1.2217169378402728,1.0,1.0,1.0,1.0,1.0,1.0
0.201377135777024,0.18208607513589184,0.3283218214637096,-1.236675731186382,0.4763152234701788,-1.4539658460136071,-0.18984168674946955,0.27453351180913516,-0.8475935452458319,1.1818889042929936,0.23562821601071654,-1.7713577225519235,0.7077662029285993,-1.0914965207327072,2.0136682722417913,-0.5765268872684332,-0.8349710591467496,1.898769900910707,-0.4168976570305645,-0.6966786528446366,1.5075196391535446,1.0,0.0,1.0,1.0,1.0,1.0
0.1134147889591077,0.12250303351670147,0.31766104245581195,-0.9557320242624829,0.5567821639128634,-1.7463546749729677,-0.5017490249282051,0.1613456028628127,-1.001422713978156,1.1534141164301015,0.24757537986342928,-1.4362560053990785,0.6614799303219482,-0.9810019394327281,2.276906402017722,-0.5588170227578962,-0.5479775850227366,1.5741606415910918,-0.3914979863987129,-0.7270846903614716,1.793667161955606,1.0,1.0,1.0,1.0,1.0,1.0
0.034137247290214334,-0.010178063451683511,0.31594719162256024,-0.7539265282151159,0.5846239798769615,-2.036694622195112,-0.7261639601056251,0.27140983464582386,-1.312416942177485,0.8509260072147963,0.46244369255058915,-1.1914714098986496,0.7866413711280931,-0.6817877207904934,2.281938409336679,-0.2644922679580407,-0.4609083653056331,1.2617278596568944,-0.6240065160184362,-0.86258445277139,2.0711786072895273,1.0,1.0,1.0,1.0,1.0,1.0
0.08943570490774869,-0.11403006961619547,0.34197915157421643,-0.7286347049687352,0.3056335403301038,-1.756392741948869,-0.5329650502042051,0.3229675208083177,-1.6223626128304958,0.5353904261966936,0.6525352161212122,-1.5029597436378135,1.0753250451176855,-0.5994327671843113,1.9688048091746086,0.04810343878046819,-0.3177531263497226,1.043563380730243,-0.9192765584528142,-0.9545263468514396,1.7711920150050984,1.0,1.0,1.0,1.0,1.0,1.0
0.18709331040383434,-0.12428767664704418,0.37603483237170165,-0.6950231454031895,0.18663223292003867,-1.443914355596573,-0.2202942526029581,0.4143998417924115,-1.9326344522533387,0.36476691061968813,0.7624094795055133,-1.8187645276109745,1.2213084984061835,-0.7023901133795227,1.6565364458562533,0.35064676380994364,-0.5149673031582286,1.354011712535149,-0.9347838983547866,-0.9563063908480086,1.4491903646128448,0.0,1.0,0.0,1.0,1.0,1.0
0.22317589314215777,-0.07001676574487922,0.3648776985890163,-0.7127714825051323,0.10838946713401634,-1.1313053973379739,0.0841650728031077,0.34536967655013806,-1.8128309968385576,0.6229271801264776,0.6557679974309095,-1.7295518783038482,1.1712897269604545,-0.7277551696108071,1.3408877673670831,0.1559328968805146,-0.8278542956021797,1.6630044575726248,-0.8064019598399257,-0.954191269098068,1.4195913669551616,0.0,1.0,1.0,1.0,1.0,1.0
0.2127250230097754,0.04961974974007857,0.36639798699129056,-0.9928973730337474,0.3269603084678513,-1.3093457745726975,0.3818073630872597,0.18751145974696634,-1.4936632767993085,0.5788298660424678,0.6057451552176562,-1.9899385335626236,1.1113230218366428,-0.6720615944466735,1.538460752090237,-0.14131476365073137,-1.055818395740773,1.9719150530876237,-0.8762071423438057,-0.9482781088908568,1.6669492543722113,1.0,1.0,1.0,1.0,1.0,1.0
0.1531242116005628,0.17474200873500131,0.38703477307953493,-1.240759493876884,0.508235904173231,-1.0318219965918294,0.08712581990470081,0.06382976917692834,-1.1744999534908667,0.8233614657794999,0.48108666302426895,-2.223481730709417,0.9370710825420187,-1.0340195264235268,1.851172730378758,-0.4495900374775243,-1.0087642181753116,2.1754773757148627,-0.9776289741483657,-0.6314467268803199,1.355214394152384,0.0,1.0,1.0,1.0,1.0,1.0
0.1018684734646603,0.21923347910932608,0.3923638507793954,-1.2818895420100784,0.599717559181987,-1.3410207911507885,-0.22410007145642108,0.27074125867864846,-0.8624791927701143,1.1022900911264801,0.2983344833598345,-1.8858110709636133,0.8611672936824294,-1.2060545711363961,2.145683152252121,-0.6170423856972289,-0.7295169533117697,1.8600169444516839,-0.7559190563268808,-0.413018371636652,1.2461078046324594,1.0,1.0,1.0,1.0,1.0,1.0
0.07201725836212694,0.17910059058733765,0.36349964060073947,-1.0121112468877924,0.6608243012269961,-1.6373062087221717,-0.5363387280729248,0.3176058565258929,-0.8219125377310359,1.192355812749453,0.24360442806570104,-1.5562319251083692,0.747963067137636,-1.1299101534764868,2.3588151552084455,-0.6170169105115247,-0.480976051000664,1.5260553343028394,-0.48263104622489106,-0.5200622727413806,1.507880654014618,1.0,1.0,1.0,1.0,1.0,1.0
0.0316274821791655,0.04756712954570533,0.34304769707725824,-0.7706212716381412,0.6337507702848939,-1.9268426222576835,-0.772222700337358,0.27282418380120693,-1.1354795029624831,0.913347872806492,0.3833555337425021,-1.2408575595406965,0.6760278079238201,-0.8300006314742039,2.426844988963118,-0.3290822854289157,-0.46205073534470953,1.2145999774954646,-0.3773189700907841,-0.6828411736305078,1.7708791334344507,1.0,1.0,1.0,1.0,1.0,1.0
0.06690561126782443,-0.09950867330679432,0.3614262783919844,-0.7030786776920721,0.3842543839197052,-1.860767382122532,-0.8158228144011764,0.25305547485406826,-1.443928502055217,0.6020359677588003,0.6582341574331387,-1.5258777900699436,0.9307647499508863,-0.5227991451473676,2.185655066456916,-0.04528723231358289,-0.2727293215357759,0.8986727395564449,-0.6503740335060557,-1.0346623260132217,2.0659040703297578,1.0,1.0,1.0,1.0,0.0,1.0
0.18114031719521015,-0.12529538509596516,0.41158240299816906,-0.8128118762412454,0.27571904542747827,-1.5491434507611277,-0.5334325473037221,0.28714554451005825,-1.7595376109159835,0.40990729348938815,0.7422675651760182,-1.7957088335063252,1.1738952828529288,-0.63707391687234,1.8737904227926148,0.25678529109860093,-0.42377205201533524,1.2126050637727395,-0.9067680873603325,-1.0969965681320815,1.7451047875543526,1.0,1.0,1.0,1.0,1.0,1.0
0.20499658240877391,-0.1180170020629348,0.4348343404583086,-0.7800714654008614,0.2160066733497037,-1.2362970987131674,-0.24073901676253973,0.4131054945846006,-2.042794038814084,0.3457689357941663,0.8405736590118221,-2.0555895741061736,1.093603329180879,-0.7366776986892886,1.5613686719859121,0.5456473550624731,-0.5600199122816047,1.5096233856799175,-1.0372593933847853,-0.9503955424081582,1.4063290437265443,0.0,1.0,1.0,1.0,1.0,1.0
0.22112032068185802,-0.05844494537833533,0.4407719615889367,-0.9750928215624113,0.40911420238401325,-0.9487668586558646,0.05099028816600437,0.2122272095340968,-1.8052948534923545,0.4963329260384755,0.7821426097492988,-2.1649697166513677,1.1649899639096999,-0.5978372045428526,1.2480962397589752,0.2963598579311425,-0.7923523782752374,1.8296814332981308,-1.116976355032386,-0.9272630817313358,1.4723672701660278,1.0,1.0,1.0,1.0,1.0,1.0
0.26201976443242536,0.06725411848324533,0.42268250984775435,-1.2199107724955731,0.6590540550652608,-0.7313200567912463,0.3632188806026092,0.03234378665148293,-1.4923196936313372,0.8037599004983795,0.5059379624670574,-2.2973636990728767,0.918521501999451,-0.7085822464568017,1.5643182387009533,0.004290886202186206,-1.0190462191339595,2.1320814827231653,-0.8816748342094829,-0.6617859091905968,1.2246048574792867,1.0,1.0,1.0,1.0,1.0,1.0
0.23103649205541707,0.10591124150348766,0.41202312164046173,-1.3205000362691337,0.4948961165810263,-1.043447649562099,0.11226841708655144,0.22100424915659453,-1.17880467990057,1.0751292412840314,0.32368878299689385,-1.9742498927229677,0.7408929944130526,-0.7908722813878337,1.8621160024141443,-0.29125292743603576,-0.8240156010469828,2.0785330922274863,-0.5748516275651552,-0.61698818798861,1.0518915026935236,1.0,1.0,1.0,1.0,1.0,1.0
0.14703898000222906,0.07332972694329234,0.41330165730098534,-1.1815592518014713,0.19410649362981414,-1.3573879912295927,-0.1983556739699801,0.34565795776767727,-0.9550300402249423,1.1748849517818523,0.26131089309937205,-1.6280924823181189,0.6727930552561148,-0.7281621540115708,2.1526048644244424,-0.539898332525689,-0.5163116654865778,1.7657383090773142,-0.37120622868908537,-0.4976889345912585,1.3383127231725442,1.0,1.0,1.0,1.0,1.0,1.0
0.04851717870852765,-0.025809784740165265,0.39844228478535604,-0.8868583060801192,0.310342862534034,-1.6586099571832777,-0.512631836232845,0.3939738932235826,-1.2687672811910418,0.887439907128319,0.3678735652465557,-1.3114103959960035,0.6820400134749968,-0.44572023302985614,2.30475868389063,-0.3995512960554418,-0.4193903973483373,1.4542074212595462,-0.35708879380839154,-0.5185251733983536,1.6184604727127272,1.0,1.0,1.0,1.0,1.0,1.0
-0.013036143783447002,-0.146697627960587,0.38994588521554985,-0.7557548669716078,0.33244122896589395,-1.6973465913019443,-0.7524238825396924,0.3056110450631316,-1.5844055938993442,0.5745956600300242,0.716313538040032,-1.5674272937112854,0.9496871091855947,-0.22986235189969706,2.0508197093549985,-0.12398614861897084,-0.19112461177550422,1.139192086115479,-0.6355043579579391,-0.6887379985222355,1.8960833774219257,1.0,1.0,1.0,1.0,0.0,1.0
-0.0047974878399945076,-0.12328017960652513,0.40510785565026486,-0.8354654268641519,0.39085668211743585,-1.384838158131616,-0.4855599027873451,0.4723121053522004,-1.904307899633718,0.4043138034435022,0.7935789865291658,-1.8290774147302655,1.1786274051991297,-0.47960809602075577,1.737718402778894,0.1879345109610553,-0.2470562708165639,1.4534940628426132,-0.8849067923794183,-0.6213920424224143,1.5912848315058377,1.0,1.0,1.0,1.0,1.0,1.0
0.046540391700758216,-0.0386587086673047,0.43009213178027283,-0.7631915312006734,0.24970694460775836,-1.0696421448038764,-0.19468250837828183,0.44525230547857775,-1.977647550325129,0.3858635584424467,0.7546318362077896,-2.103273033359669,1.0448908954415257,-0.6552177690471441,1.4242945969696152,0.1340212192063387,-0.5017538276764344,1.7696285315076277,-1.1085976404470899,-0.7428115235912652,1.7664586890076566,0.0,1.0,1.0,1.0,1.0,1.0
0.03077119617530269,0.08114916233520877,0.37954569443534203,-0.9196612339632835,0.4675178132015316,-0.9328033749120528,0.10197539951413337,0.2405235175225062,-1.695540660672631,0.669635415879053,0.5426582550365574,-2.3834975920055186,1.1756894938969251,-0.6063463506843902,1.6583612166736539,-0.17116747378888342,-0.5606355970335036,2.0764446943360393,-1.2111665827238738,-0.5313263467484332,1.9369933813532396,1.0,1.0,1.0,1.0,1.0,1.0
0.021758514857274563,0.1355648550181616,0.34419457789112884,-1.2058515879280065,0.6594841336145771,-0.7557921730987665,-0.07049457202608289,0.23600183386317855,-1.3840811811415685,0.9618964304547343,0.3354877831200258,-2.1361959812038505,1.075242061663656,-0.7856575998686224,1.9573262707419015,-0.47353641801782376,-0.46885666140260596,2.192396941148029,-1.095072245736349,-0.540564450209202,1.6223147257761128,1.0,1.0,1.0,1.0,0.0,1.0
0.008652732038135796,0.1280746348885343,0.3249327037516545,-1.325598801270922,0.49343425329046997,-1.0699031113207091,-0.3786861622464267,0.2970848935893595,-1.0715930371461955,1.1416335242611186,0.2389923434863513,-1.8246172708733719,0.8575571492400523,-0.7769196474287858,2.2304752801997254,-0.6133496349010626,-0.22759952471439387,1.8809722350972702,-0.7952614384891658,-0.32056242864327356,1.3060768503955653,1.0,1.0,1.0,1.0,1.0,1.0
0.006497743282834451,0.050439572743638555,0.27493631082405023,-1.0923930450457942,0.3357749479178725,-1.3793181381070774,-0.6688723292028129,0.40314250775782984,-1.0859816391513535,1.1864359588147746,0.3018402292970096,-1.5189539295688568,0.7316356035579925,-0.5642399309136478,2.3805591426807347,-0.4978592350698984,-0.349430379393357,1.5681354227775772,-0.49026442949443405,-0.5295595830904695,1.620138570639833,1.0,0.0,1.0,1.0,1.0,1.0
0.0704726832240403,-0.09368548880380966,0.24535239490171887,-0.8179885002824487,0.22686683786266518,-1.6741403647261084,-0.8192164928650127,0.34295843583419605,-1.4010570357400793,0.925958793445261,0.5383395575571277,-1.2072952649834137,0.7253826048524966,-0.5306916507559624,2.248517652112486,-0.19172173155866246,-0.4155254551226972,1.2531488332606056,-0.47237951002209944,-0.815934436379509,1.8287302653589521,1.0,1.0,1.0,1.0,1.0,1.0
0.1360565255094717,-0.23288588259945603,0.2343797653741921,-0.7581824903943459,0.08403834715522562,-1.674058735140821,-0.5604404326151455,0.23229314319256586,-1.7196083299365834,0.6095727889503954,0.7556890350309806,-1.486507860688868,0.999365714724836,-0.4326558973973365,1.9335682502508056,0.12160729984225471,-0.2258695834272476,0.93842088948988,-0.7547719162913485,-1.210206490977416,1.8941913632343181,1.0,1.0,1.0,1.0,0.0,1.0
0.19004893786521762,-0.21187079850383117,0.2307620715508972,-0.8413916724906761,0.18595919792516596,-1.3550915711844311,-0.2548357543259021,0.4898023865090862,-2.020095185571462,0.3948919711421604,0.8251779615166615,-1.763207775750442,1.2295987852394772,-0.6191715332165213,1.619500056179711,0.4260151293753073,-0.48106668608881653,1.2269607254597885,-0.8962224236979358,-1.2787906419984412,1.5781742835816863,0.0,1.0,1.0,1.0,1.0,1.0
0.18127801226983872,-0.1060158596846132,0.19294331606521511,-1.0118801016567152,0.187967447313362,-1.0451185716509537,0.04698761759719383,0.4275356181350152,-1.7310539572743802,0.3818426486714696,0.8502685536011103,-2.0411365590352566,1.2917153247553455,-0.6977714797314698,1.3057982830073178,0.3432204494940555,-0.7697008305627175,1.5421623404130855,-1.0451676026742363,-1.0754958006988915,1.642686296264579,0.0,1.0,1.0,0.0,1.0,1.0
0.18428282842963586,0.025863229165985407,0.11919633606785676,-0.9614706760920455,0.4706300122717251,-1.2132057550116633,0.3303669849818708,0.21410202522757818,-1.417115191493851,0.624221443111015,0.7063012954054819,-2.2360353003227065,1.162579924311068,-0.7809099950187572,1.6163121926546271,0.2340452460345327,-1.0026725986015907,1.8599667883083282,-1.089062271934051,-0.8515207371551157,1.717188145685677,1.0,1.0,1.0,1.0,1.0,1.0
0.1837183325183285,0.12036607424186499,0.09048335345672778,-1.2026418364768716,0.5852061105800497,-1.458862873010473,0.0485003149722657,0.08041596185506084,-1.1056959951474212,0.9085520509226782,0.4993107736627007,-2.218041696803912,1.1045522540114832,-0.9973634706039578,1.871250386883169,-0.06992012346606713,-1.046804025631408,2.1354754506491442,-0.9176224867921553,-0.5530269054393793,1.395436216233791,1.0,1.0,1.0,1.0,1.0,1.0
0.18760586818875327,0.11708533997233664,0.07967084290511875,-1.1623346567895319,0.6067562620022726,-1.7651863458170753,-0.2632809479878292,0.20282563319227764,-0.8687891762780386,1.0908961165979765,0.376387030632937,-1.921692443824149,0.9669641139842946,-1.0510564828353797,2.1450595167000985,-0.37658249520583803,-0.8123051162231294,1.8700898429581214,-0.6178894396270947,-0.6721687229926587,1.0817832401569887,1.0,1.0,1.0,1.0,1.0,1.0
0.17983861487775868,0.02519574529208135,0.10839509049064958,-0.9232340831255377,0.39169862972206954,-2.051157813910007,-0.5771297026921095,0.17170576696940168,-1.1266359528022134,1.0405110025604687,0.3182776535849424,-1.5816173993265992,0.7598540294256166,-0.7989500696915014,2.2942457552798694,-0.5275004433217264,-0.5657993288611922,1.540458468353978,-0.3986161427214423,-0.627076733403193,1.3527497293858848,1.0,1.0,1.0,1.0,1.0,1.0
0.14287867573500493,-0.10518001890949177,0.14298433042900918,-0.719764991550173,0.15602686474048483,-2.03561593782398,-0.7789914671814817,0.2060419200959757,-1.4415522578232167,0.7541118701883086,0.6015462289141059,-1.5468740828440666,0.9957417351350956,-0.4801273722250804,1.9837092059439532,-0.26695846938649387,-0.4168413422274823,1.2272743143206055,-0.663983831490381,-0.8307325317898231,1.644788183599275,1.0,0.0,1.0,1.0,1.0,1.0
0.13540307708513236,-0.17943662952088565,0.1842324507914185,-0.6565334248397903,0.1542779487272532,-1.7314341194503209,-0.4925571325299363,0.18369170264686296,-1.7676584655541814,0.46269356362193614,0.7465324329619476,-1.8596066996790954,1.2001857208994475,-0.5820982765631817,1.6698602793625898,0.04173482967143827,-0.4378700942212824,1.4585207099783004,-0.9071812991266406,-0.8130650153095786,1.3727685190441474,1.0,1.0,1.0,1.0,1.0,1.0
0.14140048859378754,-0.18476543356525188,0.21293681991638577,-0.65363395994473,0.16222856288813747,-1.4184218442555294,-0.18414026048924315,0.40456342973919657,-2.012927758334384,0.33198875242620823,0.9079632505257783,-2.1135629323542346,1.2472375776791755,-0.6248724426129747,1.3518632615141601,0.3493830476661234,-0.5922004617154925,1.7508064994384565,-1.1180457950677116,-0.9736519051443798,1.5238941417038323,0.0,1.0,1.0,1.0,1.0,1.0
0.18372233901436122,-0.08230957445035292,0.21013680762385836,-0.9077150026642287,0.4015287532773681,-1.1072463340748784,0.12116146443667797,0.23728561131336226,-1.7530362797576016,0.3908009780042512,0.7914527802454743,-2.3801144079742023,1.3243774064624865,-0.5743961860478478,1.0358117179267181,0.10685535815547975,-0.9020146666115454,2.0713934792093727,-1.2273282040561369,-1.0122164103039095,1.807097345047703,1.0,1.0,1.0,0.0,1.0,1.0
0.248169011045669,0.05264969776048414,0.1799174421181419,-1.0769457035068184,0.6629036190466926,-0.7913938780503835,0.423442886964534,0.0458679155429472,-1.4463370485757592,0.6848912194195597,0.48597101512892704,-2.509092768162714,1.0860975734813865,-0.6482434037055658,1.353414774875592,-0.14565519526718373,-1.0964983290823833,2.2443467714111502,-1.1167592227533047,-0.7083742333776023,1.4888646490504394,1.0,1.0,1.0,1.0,1.0,1.0
0.26329777032058455,0.12121890134258687,0.1909048027750919,-1.2886167933949328,0.6498853227200119,-1.1043810915182681,0.1671490087346451,0.21417025731671835,-1.138732007734301,0.9774670179231103,0.33038596617547566,-2.206492557463902,0.9132527634425738,-0.888989744297101,1.664425365499301,-0.43576718576533735,-1.0671879008689191,2.2619625733872373,-0.8270241610616352,-0.7358696870630892,1.1806644831432824,1.0,1.0,1.0,1.0,1.0,1.0
0.2416400349178676,0.14402445578844433,0.2307358565251477,-1.288264906244186,0.38870223122707626,-1.4073040025803263,-0.14506720437378473,0.3219942732550154,-0.8630886503939037,1.152364515041702,0.23884852282720068,-1.9094147858016564,0.7701646509813977,-1.0133349730150556,1.970234284034404,-0.6083290528682399,-0.7908409272839483,1.9559569195207671,-0.513546296417459,-0.7443543431026258,1.1405504400579631,1.0,0.0,1.0,1.0,1.0,1.0
0.20610788393143,0.08931131498928022,0.24220421212492468,-1.0268253357714063,0.3497848376725381,-1.706459793095036,-0.4558534130810933,0.2145013291083616,-0.9637223906883403,1.1607814628998847,0.23842071026475586,-1.575598526064649,0.6824069486862536,-0.9235017794817404,2.2336934235496004,-0.7408374496421992,-0.5376895227542652,1.6230802103692328,-0.3742456910121842,-0.6992305794325632,1.4446635608293494,1.0,1.0,1.0,1.0,1.0,1.0
0.13916182704382926,-0.03814334316653309,0.23777972839531616,-0.7714862477615986,0.3172792382043989,-1.9955880072315046,-0.733724166551178,0.24383405950787665,-1.278145469854149,0.865205898918131,0.500283042347588,-1.2637375700283837,0.7945858470807089,-0.6111009555547137,2.1836214370843257,-0.5333517783861254,-0.45910508512683695,1.310345625340982,-0.5320231439909754,-0.8217994415899559,1.7311345725843457,1.0,1.0,1.0,1.0,1.0,1.0
0.13305346700320633,-0.16481225227094928,0.25638580364794317,-0.7011293106231531,0.1535465327339764,-1.9109797791785241,-0.5938586780013511,0.1394285263389704,-1.580528383134944,0.541715570162603,0.6775959268095347,-1.5797148270212398,1.0847404056822385,-0.382521519340078,1.8705086591607545,-0.2238089231534735,-0.2709958018899613,0.9914118923322439,-0.826837444167716,-1.0767580668311747,1.89529060749034,1.0,1.0,1.0,1.0,1.0,1.0
0.16441864926941166,-0.18840466059305602,0.26813918396311265,-0.6823089664762426,0.2975904535593208,-1.5967755184660792,-0.2848979401652949,0.3569596980816422,-1.8966328615748478,0.37003008566241935,0.8070023547434777,-1.8597675922591912,1.2619535854257218,-0.5961798528465648,1.557315754991694,0.08513334871031109,-0.4625048843540267,1.2761552487152037,-0.7716331280527418,-1.0265109605485978,1.5585318080705177,1.0,1.0,1.0,1.0,1.0,1.0
0.20349393982694267,-0.15012864431281822,0.2621331519902663,-0.7210660446856231,0.16708617906365647,-1.2836190938545893,0.008106407487529,0.48145268254893486,-2.082230099200906,0.31236468831797837,0.8533820437011296,-2.104503150862594,1.1649597823417253,-0.7115200121798251,1.2412162185692435,0.3868064537667891,-0.7019646316463822,1.5841661135467975,-1.0080802609561428,-1.1366406914969371,1.652597192820803,0.0,1.0,1.0,1.0,1.0,1.0
0.24833781228947363,-0.036946273033776816,0.22430538688102444,-0.9804574843692911,0.35221270723972353,-1.0415572665491029,0.30155557897348484,0.2742257914147189,-1.80503414782822,0.47310767206552096,0.7553876223780341,-2.3448218350339127,1.2471787983984965,-0.6044556419145759,0.9614410707917055,0.21952359597698046,-1.0458278456073171,1.901272402144826,-1.1819868777730023,-1.1610668925635408,1.921695582368492,1.0,1.0,1.0,1.0,1.0,1.0
0.32042248746882607,0.12085600347441641,0.16949938199921102,-1.2372525832218761,0.6230561774432375,-0.893500035942435,0.4507266839910232,0.061859646246712384,-1.493791388858413,0.7846159749976472,0.4511934536114339,-2.488557458871482,1.063094370339132,-0.8004307517498203,1.2743181443564766,-0.07956247179712594,-1.344670008932074,2.1703181795415714,-0.9617425589845683,-0.8594908713275853,1.5989361264329087,1.0,1.0,1.0,1.0,1.0,1.0
0.29618084163152303,0.18148317975237457,0.1551578395788518,-1.3349134690286337,0.5365790680966429,-1.2050652842787506,0.1574528001422425,0.14396392265660407,-1.1806340140064964,1.0616426864935713,0.29870975650055065,-2.2073092064449447,0.9988886592228607,-1.0254843024376017,1.5779836971344774,-0.3889671079754107,-1.1786451443203199,2.2298842769227556,-0.6531622161002514,-0.7725233077649174,1.291537224526409,1.0,1.0,1.0,1.0,1.0,1.0
0.2413638639448247,0.2032648562880914,0.18491475336132882,-1.2034287073914036,0.5705277819931536,-1.4822934483688972,-0.15469214329413716,0.23724490858820682,-0.878425644259579,1.1700733972129616,0.2258726356623551,-1.9067497367173245,0.8486792302095292,-1.1482946466685031,1.8774610735023596,-0.5987594888388202,-0.8766575847681882,1.912927112842672,-0.433851616023889,-0.7576217018204241,1.5641756201085637,1.0,0.0,1.0,1.0,1.0,1.0
0.1871665433602854,0.1522018992247123,0.20606782607266053,-0.9265957743207565,0.544011747292962,-1.773312257178589,-0.4671368256964825,0.11455576660349628,-0.9359806635578096,1.1015294132576132,0.21209800870334297,-1.5891604761715874,0.7237798100646569,-1.087769364641478,2.1538962730110365,-0.622678478969585,-0.606573164655545,1.5991705129702183,-0.42997159419099074,-0.8079466795028806,1.8420731807345638,1.0,1.0,1.0,1.0,1.0,1.0
0.09596842962716559,0.033731569476853684,0.24292256221033123,-0.7393582719941816,0.5264328152073418,-2.045710582266122,-0.7208653830181759,0.1347752304593099,-1.2430941500073773,0.795066683576965,0.41926490183999676,-1.4124003054213163,0.809337508196305,-0.7857194046661744,2.2349404861933326,-0.34268476245102586,-0.5046136905310488,1.286013638796252,-0.6853260663000221,-0.893800262230339,2.1028032002405688,1.0,1.0,1.0,1.0,1.0,1.0
0.1366132502634361,-0.05855156972943132,0.29469460089452026,-0.6929602155675701,0.2447225294836493,-1.7859997804148429,-0.6056729907474472,0.14050889212999873,-1.5368782335964228,0.4882127306823626,0.5751682507029339,-1.7318474907674084,1.097686189830269,-0.5819344882470527,1.9210511947632058,-0.028033824163661403,-0.38852064875287223,1.0862890259357088,-0.9856742758289868,-0.9138298642355458,1.8045613558666393,1.0,1.0,1.0,1.0,1.0,1.0
0.18809036444197327,-0.048994188776524256,0.32173258830855533,-0.6698201235220571,0.29362449263393486,-1.472288673535302,-0.2960329996055794,0.24316428750162075,-1.848263020790098,0.3474456194833194,0.7105565366432544,-2.049288801434269,1.2259741624481377,-0.691469051631729,1.6073584300077024,0.26748485044978176,-0.5349462292399872,1.3980801654913184,-0.9686603906994693,-0.8037560043750209,1.47828348505408,1.0,1.0,0.0,1.0,1.0,1.0
0.2558962640246065,-0.0017344980212768701,0.3166558464567275,-0.6445869143249507,0.194229287168914,-1.1589118343045606,0.019919983210336834,0.2276247844931604,-2.1110845620481955,0.47079842964045715,0.582892487283357,-2.0815536927117257,1.0406232301541298,-0.7509427215337621,1.2917330339902091,0.37446939108247734,-0.8522583696185891,1.7001856791533427,-0.9076186848176092,-0.7423860787292377,1.164679786959338,0.0,1.0,1.0,1.0,1.0,1.0
0.2723740337369437,0.05978559367095268,0.31615622291122125,-0.8824254415625005,0.4210771770491752,-0.9498146069755544,0.33276404068504506,0.22564994527246893,-1.9783927461336157,0.5129803465879844,0.7019588962520247,-2.344778297595619,1.075301874574596,-0.6724522282842137,1.456572337870183,0.09760275493110648,-1.1043607367084425,2.00799834206488,-0.8882488826997478,-0.809076956371239,1.3807581765401895,1.0,1.0,0.0,1.0,1.0,1.0
0.1918419928042677,0.07755763917432104,0.33305729228250247,-1.1574507098395537,0.4996194438851384,-0.8180855943531309,0.06571127084233919,0.2503427825802093,-1.6637627554411696,0.8029233765468565,0.5393674541018888,-2.042858298077548,0.9063611129361111,-0.7931159309965046,1.7574809390952266,-0.20643145248349098,-0.981524478546421,2.191788601459614,-0.6752514236659453,-0.6256638309601209,1.2078650739313725,1.0,1.0,1.0,1.0,1.0,1.0
0.10891907731592146,0.054800891967420134,0.3560366352843374,-1.2553641317609965,0.27240166634492247,-1.131043855593446,0.0013021309380290003,0.22666739056302712,-1.3521970719496366,1.0280237717681961,0.45016560899906044,-1.7437350196886365,0.7598031296406587,-0.7963708141145398,2.0467049398985337,-0.5071976567524732,-0.6785520019980043,1.878913455435699,-0.6663917899637638,-0.6297255431403023,1.4891208594352103,1.0,0.0,1.0,1.0,1.0,1.0
0.06763228730192958,0.029889496891366024,0.3279322238781872,-1.0547742579735586,0.35382616813154716,-1.4402196871461133,-0.29928295920912706,0.33001519521648287,-1.047456383886048,1.1301800987897477,0.36847054789785916,-1.4123912963535155,0.7433659495187075,-0.7315092201418072,2.285144772510368,-0.6005252264213158,-0.4211508944665334,1.5551010558831848,-0.6325723136572118,-0.6716146325945329,1.594547261476755,1.0,1.0,1.0,1.0,1.0,0.0
0.06844925570959351,-0.07764607691003567,0.27148129340112526,-0.8296778773035249,0.29765952340232377,-1.7393546399340067,-0.6162244430828181,0.25947057640233556,-1.3617485302797023,0.8827772524538225,0.530045162875862,-1.0981196904416899,0.8199174225739057,-0.43951315642196226,2.003073629981456,-0.3285911164680587,-0.3641804609892898,1.2425352480423673,-0.46373865285041993,-0.6803892840136191,1.5840835009137804,1.0,1.0,1.0,1.0,1.0,1.0
0.0925542729471133,-0.18211592187252812,0.24251609789099757,-0.7471266685928488,0.19351321641543148,-1.9285880529168533,-0.4555631273172255,0.22009517301046752,-1.6661010550569195,0.5595452828448942,0.7216553770078444,-1.4153492686182447,1.0975019037879177,-0.33567539825725284,1.6918996825723571,-0.017168826121089942,-0.2198632195442098,0.9260395762286917,-0.7271855868721246,-1.006956596196338,1.8619250822654627,1.0,1.0,1.0,1.0,0.0,1.0
0.16983914098672284,-0.19986402951104587,0.2599378591985102,-0.7901273288347298,0.3090041137391891,-1.6157475836353519,-0.1458374944875208,0.3880441924210377,-1.9899267740856201,0.37115497958072824,0.8001795545390368,-1.731047209827272,1.2625316214577937,-0.5593789616891836,1.3771099937524043,0.29047938225424585,-0.39455376526693464,1.234291009188892,-0.8291833151126589,-1.0421091712216206,1.548306104331045,1.0,1.0,1.0,1.0,1.0,1.0
0.22711513377937456,-0.1908665186095984,0.28718830693697095,-0.7422897990638825,0.17941690294264703,-1.3028037427731922,0.15838874670371583,0.47239136564602063,-2.1056590816139504,0.30456334466919877,0.8476493209361113,-2.0167439579959194,1.2121427073796764,-0.6864112148540596,1.063105631931462,0.5600652893492911,-0.6018032392797388,1.537985018003297,-1.019506952675225,-1.2468742627533365,1.70116306529335,1.0,1.0,1.0,1.0,1.0,1.0
0.2983095837739761,-0.07710751653152309,0.30690870661363767,-0.9089550788194578,0.31023185724654895,-0.9903902587305522,0.4200792423265137,0.2057399812308529,-1.8600363423826354,0.31109720447426825,0.7042668506949255,-2.2911291073864395,1.2151909501841807,-0.7118652031216489,0.7565833383545516,0.3371640910704775,-0.9542385063526294,1.859526872858191,-1.1997675618320476,-1.1241729118781643,1.6839286430024472,1.0,1.0,1.0,0.0,1.0,1.0
0.34670738438468673,0.04990820053588621,0.30018421161958975,-0.9770159444704953,0.588805803830222,-0.7161272561866472,0.5537811618356182,0.0330413691397562,-1.555046557714211,0.5872849183416806,0.4289673160292641,-2.4762183880255515,0.9672515682204457,-0.6028139945276144,1.0717473249070708,0.07652147268325038,-1.1986847893564228,2.150687053887575,-1.1653781210481766,-0.8200402550483872,1.4252095123460589,1.0,1.0,1.0,1.0,1.0,1.0
0.31610253838740354,0.12608830438478144,0.30875016997421767,-1.224503410596982,0.6979485945920285,-1.0278321061609803,0.38423769080809145,0.09430999599356407,-1.241626523181383,0.8988750253723614,0.325812708856049,-2.492615801013787,0.8256052750835751,-0.7637759875538219,1.3771413524771445,-0.20839382275038437,-1.174216365977609,2.2545606491625323,-0.892355012481349,-0.6194497879768112,1.1128326159759439,1.0,1.0,1.0,1.0,1.0,1.0
0.25159122759905705,0.14136252458918777,0.34774020483970514,-1.2969819540243117,0.4138282990519812,-1.3401951777875376,0.07390597199188498,0.28768557539952466,-0.9795904807982612,1.126114964857768,0.2706967113661458,-2.2410847265776956,0.7114916787464948,-0.8697107394196019,1.681004078270091,-0.47540967342044493,-0.9040648378375908,2.1113419264972553,-0.579904391844465,-0.7274728284654228,1.0145892457711503,1.0,1.0,1.0,1.0,1.0,1.0
0.16362226110464176,0.14264496129690388,0.3719599706552654,-1.1013741123646144,0.3944499651877258,-1.6348535640825304,-0.23540937186622202,0.3287589109930673,-0.8921980889693408,1.180156917338412,0.22833236120277323,-1.9620494210858368,0.6599424696809586,-0.8852874337487836,1.9688657379264303,-0.5943114679693113,-0.5956164540999739,1.7971373368571566,-0.3634027493742884,-0.5944200970703126,1.3266587877900433,1.0,0.0,1.0,1.0,1.0,1.0
0.15737128481862897,0.04867703652920549,0.3453613621775734,-0.8105446975657739,0.28567535878735983,-1.9138241981880428,-0.5471609638315389,0.20790093376913107,-1.2064677243091262,1.0215996044402527,0.3437485846798681,-1.6554765143422772,0.6343372910174304,-0.7080557512874094,2.240757206558672,-0.364349087797432,-0.4929955481011543,1.483574749901028,-0.34015208295449273,-0.6723973334908707,1.6152205290934782,1.0,1.0,1.0,1.0,1.0,1.0
0.13526499118992194,-0.07420385047891392,0.3531779315629727,-0.6756022699269247,0.10035828926087542,-1.740714498901609,-0.7738321837404796,0.15303485288784988,-1.5221348139345572,0.7174711370998194,0.6103351783656572,-1.8345708315710165,0.8629313926546964,-0.39485981296008077,1.9378955003572051,-0.0541496579206312,-0.33503871377906624,1.1692408652111672,-0.6349201882341673,-0.8788393218064915,1.9127897430293737,1.0,1.0,1.0,1.0,0.0,1.0
0.11129637293946323,-0.08004344052152793,0.3821908839174051,-0.7413895053057494,0.2838254602604072,-1.4270752024397941,-0.4969496170205895,0.25100908869222416,-1.826290450529088,0.444716274112956,0.7392574895962533,-2.124799873008834,1.148477021214251,-0.5387404644405728,1.6231781781730579,0.2604542475716384,-0.35037598385142144,1.4770879854768786,-0.9057626921043704,-0.7473887284464582,1.5944352595425806,1.0,1.0,1.0,1.0,1.0,1.0
0.05934679784202232,-0.02074837947859748,0.3982026335571195,-0.696046768828705,0.36911031442460046,-1.1106911090738933,-0.20069035503384058,0.49546293133312275,-2.048885003562508,0.3430227077606234,0.7781411704607256,-2.375389599273438,1.0546716697740552,-0.684597996943681,1.3093085353584335,0.46828145414302214,-0.5122891178700886,1.7689010349697445,-1.09753324676822,-0.6515279793144249,1.5932761524171384,0.0,1.0,1.0,1.0,1.0,1.0
-0.01881515636592404,0.07537320224001251,0.37360503963140035,-0.8995874970187748,0.5893539657035749,-0.8346132408729492,0.08638218135272557,0.44543288026431394,-1.8224283740370772,0.6162207587343763,0.6562120131194464,-2.487432158548662,1.1330344753626727,-0.6096229411946317,1.6070682552839548,0.18345552076525395,-0.5706352515148243,2.089567989712245,-1.1802353686988636,-0.4824974307916372,1.805948729802637,1.0,1.0,1.0,1.0,1.0,1.0
-0.04003491691620498,0.13241678993947217,0.3636343432480541,-1.1956853316650735,0.6947863792691853,-0.6596267147901993,0.13049281263439527,0.2639569119200535,-1.5114122548345883,0.9288540832926357,0.3834184223006688,-2.158100710338395,0.9705566144704347,-0.7781507833271843,1.9094777885341236,-0.13097525589651426,-0.4457310016427358,2.2252908465282966,-1.1584336670219726,-0.4003682157617643,1.4932444602824528,1.0,1.0,1.0,1.0,1.0,1.0
-0.03560177197813466,0.11576587772638405,0.34529416536530755,-1.2936515677647087,0.46226989842213123,-0.9729212936542389,-0.16397283129333184,0.3826011996776718,-1.1995229902826068,1.144057119895456,0.29311503634582226,-1.8242360768659982,0.7929861944062593,-0.7333230102475087,2.186150283314075,-0.4496128377963522,-0.23507829287184923,1.9308032313432886,-0.858944269426751,-0.5259780026220059,1.1875883974262356,1.0,1.0,1.0,1.0,1.0,1.0
-0.059690205153246495,0.05537218031088001,0.2886098622158736,-1.0870329620850805,0.36742362152921215,-1.2783748579519574,-0.4778352013822226,0.43954866798918835,-0.9560122298598182,1.203308243873842,0.29019756873366703,-1.4857694336629437,0.72126991731383,-0.513241075889102,2.338055185248062,-0.46564935703079147,-0.2910379069481908,1.6186930103310342,-0.5424720325305128,-0.503034795718968,1.4998146181197967,1.0,1.0,1.0,1.0,1.0,1.0
-0.01415479408712253,-0.09524312050872526,0.23379815710518073,-0.8525254156483963,0.2690298679204066,-1.5725670990986569,-0.7438095617372829,0.44301758205299996,-1.270728008544491,0.95042256900645,0.5198902282583726,-1.172327635411415,0.8337422397881352,-0.3079382619660323,2.2759156038819306,-0.16483232090144695,-0.35397767400041663,1.3037707165075796,-0.37781840489335616,-0.7075341337448612,1.7898884108960607,1.0,1.0,1.0,1.0,1.0,1.0
0.10306390255064615,-0.2293856640860669,0.2354196023975849,-0.8180575029928284,0.10161419209705608,-1.7772041349001046,-0.6610209176401374,0.24501151322869139,-1.5855479675902557,0.6324164458426105,0.731185490264892,-1.454180318396223,1.1163808891639735,-0.43286306167275634,1.9619889414704157,0.14646438158228714,-0.18783075392010828,0.9885116451460794,-0.6349167022926181,-1.1513805056684099,1.9876786179818917,1.0,1.0,1.0,1.0,0.0,1.0
0.1917683866631242,-0.22872189568674944,0.2707756153522549,-0.8329071472927828,0.17904521304607662,-1.4578239430676885,-0.3686115987095805,0.38239603274671763,-1.914469771076643,0.407633997055624,0.8160858866673785,-1.7206563838978326,1.2668435471185844,-0.6338275787564587,1.6481196637286648,0.45341376817332624,-0.4555147290580221,1.2937721923870484,-0.8902427988617942,-1.2274707752340923,1.6670063052642898,1.0,1.0,1.0,1.0,1.0,1.0
0.18087627709810503,-0.11020189332683421,0.25514914050227855,-0.8230568727033961,0.12772344628221988,-1.1450408504306007,-0.07981129011542087,0.4829016551276099,-2.0043732780777956,0.3376982810255181,0.7982761078031287,-1.978384844220003,1.208829660018672,-0.727737588929021,1.3354511808940797,0.5716755462070028,-0.7095257800664055,1.613549923016213,-1.113085729716812,-1.0019382214298043,1.5894736614565432,0.0,1.0,1.0,1.0,1.0,1.0
0.18596061747135814,0.040821753180543735,0.20142835140676887,-1.0510556009645808,0.3414063726599074,-0.9789364957579034,0.20372774924410553,0.27612910048920947,-1.6842525672144684,0.5487357962393254,0.6471895364847231,-2.2598063277790064,1.2509460199497389,-0.5876594293663664,1.0709029869857032,0.42499741714233397,-0.9804802318266498,1.91605441153687,-1.225812312374922,-0.817387303462875,1.7301461956304913,1.0,1.0,1.0,1.0,1.0,1.0
0.20457106891078955,0.19346858664960428,0.1453067410030819,-1.2612908891403294,0.6126859539040512,-0.8767402213519409,0.4201066628643876,0.07639144014273111,-1.3640763325394927,0.8602181478837597,0.3622646764194589,-2.4286711936380105,1.151622301163111,-0.8757653396404272,1.3744842970323738,0.12915299377040634,-1.1582432633158453,2.1768466942426636,-1.0283091470727044,-0.5573340248792072,1.4175146419333888,1.0,1.0,1.0,1.0,1.0,1.0
0.1512956944123812,0.2164542004733825,0.15987878641282618,-1.288612533558141,0.5619932144782382,-1.1633775200449297,0.13700706295290155,0.25143648070799235,-1.0512746640109905,1.098491644286235,0.3192856991068225,-2.1606386454881057,0.9903755203303951,-1.0215739992732844,1.6604080740722975,-0.171898479208224,-0.9513451604664142,2.139521358514743,-0.7246489214209045,-0.7273571776322423,1.1070473454441627,1.0,1.0,1.0,1.0,1.0,1.0
0.10826370146183392,0.20141966069111497,0.21786345192268733,-1.1628453617956929,0.6288647418822242,-1.451216662748104,-0.17504608636734909,0.30843555577637843,-0.8120180381585176,1.1660230089151824,0.24656952893368025,-1.8431086929845921,0.7866172335503337,-1.059225363318237,1.9520169466181874,-0.47596030844437665,-0.6531855936167263,1.8201128043566976,-0.4530834593235247,-0.7565182493942726,1.4087129610866278,1.0,0.0,1.0,1.0,1.0,1.0
0.12434593426472215,0.1014388752645716,0.23163804511057864,-0.910284191572377,0.481270902644626,-1.7268863791997686,-0.48837857818442587,0.16859130110612888,-1.065561662989261,1.1311241637848088,0.2816967992372254,-1.4902293443396732,0.6812763643458689,-0.9111532213562439,2.227136075866499,-0.4790799781166962,-0.4910171278980883,1.5015676943700775,-0.35501905159459013,-0.7480862662943881,1.7229763510861145,1.0,1.0,1.0,1.0,1.0,1.0
0.12327486990709555,-0.05635734622833938,0.24435562203567093,-0.7259021303203363,0.351094006733002,-2.0023285573340837,-0.7480731781881698,0.1699730238063868,-1.38111683498753,0.8500117718439657,0.5412122794860554,-1.5181290988647436,0.9072349742116127,-0.5977557708218929,2.094022088797674,-0.19806056050896842,-0.4280876002157388,1.1875930115276727,-0.6332477391226484,-0.9791069928430611,1.9701058028701253,1.0,1.0,1.0,1.0,1.0,1.0
0.14551256421152067,-0.13354882793438105,0.259737492756833,-0.6755168278265357,0.19994701656796385,-1.6918132506718981,-0.4766035657312584,0.24245160142558722,-1.7016447870821378,0.5380766287404843,0.7436023381603596,-1.8107338579412966,1.1891361270073482,-0.6044514098569238,1.7804213784883949,0.09667898813025999,-0.5074287172535588,1.4552739217968058,-0.862704910965429,-0.9658159798046891,1.6667562918832555,1.0,1.0,1.0,1.0,1.0,1.0
0.11826056287521727,-0.1137340560680766,0.275440124216932,-0.7106307051627608,0.18782110787133485,-1.3784415172871962,-0.16526960662729184,0.4524533432634517,-2.001060092776284,0.3617885676855061,0.8105289983095771,-2.075645009492882,1.190524925760635,-0.7116933017341207,1.4650629310646794,0.4039994743367473,-0.555629880520613,1.7299509710962662,-1.0787980349692214,-0.7508425301584385,1.381899699798627,0.0,1.0,1.0,1.0,1.0,1.0
0.08324476255844301,-0.02214005487119533,0.27193010046030475,-0.9184435341708412,0.41224320285177274,-1.0711612292549324,0.135915349130307,0.31454104747139283,-1.7157429036679832,0.45872783623791025,0.7578255243096194,-2.326483635089514,1.2935441403116092,-0.49052189828594933,1.1489878739592072,0.15576913668969894,-0.6975036687336479,2.0379593543131826,-1.2149959513816329,-0.6554998652108233,1.5585598636757623,1.0,1.0,1.0,1.0,1.0,1.0
0.09776647238770361,0.13374490603348307,0.24557102126330463,-1.1898093676525834,0.6570293207307998,-0.7877891722409354,0.42912378908030113,0.1188572673571141,-1.3979897338900384,0.7627559537120243,0.4436661334623735,-2.5046570075256387,1.1146951820964117,-0.6756452205133494,1.4588388661828091,-0.1526290876481583,-0.7756952404790592,2.2297589667412567,-1.0197739826730898,-0.47948976929720155,1.2516740281815895,1.0,1.0,0.0,1.0,1.0,1.0
0.06373771068013814,0.15681533032814157,0.2557113427510559,-1.2817082621471036,0.4517875891867874,-1.1002357916655008,0.17893829817984475,0.33770612153396407,-1.1759857639322313,1.0667308605626435,0.35396401679311645,-2.21385215631841,0.8973987817477646,-0.8311680575331869,1.7413555061671495,-0.4661631330932344,-0.5530642058785585,1.9718892733967552,-0.7135419793931764,-0.7096258509573923,0.9682300322041419,1.0,1.0,1.0,1.0,1.0,1.0
0.013021749370004554,0.17291222095843597,0.26729506955884175,-1.1384296382592767,0.5767082383982243,-1.4109455106574273,-0.1349015957340144,0.4117291848431501,-0.8998792024760038,1.1669654808772152,0.2667628599602081,-1.8975431799098943,0.7671730763286809,-0.8864713731704927,2.031161808032417,-0.5642933495697822,-0.3238033075563081,1.6601664407433507,-0.42950310202994413,-0.6335567599485898,1.2783521247010374,1.0,0.0,1.0,1.0,1.0,1.0
0.04328116731482298,0.06749530895814423,0.24940873870305227,-0.883840016063116,0.47165353564518103,-1.7034288611139092,-0.4463465001818018,0.33966647435921987,-1.2143576135517409,1.1404964831418727,0.35980627916518654,-1.5755513288307577,0.6794937006873413,-0.7194746552318892,2.2662778780257375,-0.27425677481148886,-0.39960816923075804,1.347625654673906,-0.32324536146322236,-0.6871322320947318,1.593426063439893,1.0,1.0,1.0,1.0,1.0,0.0
0.0694535733500595,-0.10694390314837299,0.2458099431035087,-0.712951142377655,0.31092833139243337,-1.9908335730700035,-0.7215779510684959,0.14624845992492655,-1.5314157702076643,0.8641789708561578,0.6321486780734705,-1.2626994895473411,0.8803721573248149,-0.411358199966071,1.9664391116125528,-0.025370397774108433,-0.30122782362890743,1.033209785299125,-0.4138334506966579,-0.8352105614889731,1.8347651883410399,1.0,1.0,1.0,1.0,0.0,1.0
0.131029437079115,-0.19189171668545615,0.2639778289676816,-0.7415143314708813,0.26562957619801814,-1.6788852393603404,-0.40356038239819336,0.32122213493022617,-1.8684159060223253,0.5474527688103845,0.7530578112384375,-1.57805617408774,1.1695935176331231,-0.43296806489607736,1.6552782890865192,0.27112611194231506,-0.32022582835493374,1.276247468408312,-0.6957703527310296,-0.9118879132318297,1.5281004394994497,1.0,1.0,1.0,1.0,1.0,1.0
0.1449232056932647,-0.2042109096559175,0.3024961324384139,-0.7171719435803462,0.18048779796177195,-1.363133016486944,-0.08401249630621632,0.5849427435832941,-2.124348750248506,0.36373564099855077,0.8779042394299335,-1.853332399268484,1.2166340410833318,-0.6324485517776116,1.3417150313251236,0.5652600169455922,-0.466136586382225,1.5682275399124594,-0.9097745669739734,-1.134301730430684,1.7150705857161888,0.0,1.0,1.0,1.0,1.0,1.0
0.13435883184815908,-0.13173244957841676,0.33272663163254446,-0.9709189420784634,0.36661881035902527,-1.0513665257775489,0.20939077743523826,0.5248133756237832,-1.8324485361004574,0.3762897761733687,0.9568530172072939,-2.099444775055041,1.3078367677233236,-0.6052135857728437,1.0242285975118404,0.31218441294079813,-0.7511671930708206,1.8972613538924357,-1.1568272493238172,-1.2205066508120552,2.006817525251379,1.0,1.0,1.0,1.0,1.0,1.0
0.20472922428268212,0.019219918875657355,0.3340315343946212,-1.2310845709489884,0.5981647121029556,-0.9195172316884244,0.4423994467764386,0.23412753785727683,-1.5148227633136033,0.6510397133432321,0.7206103613868918,-2.3530793857089582,1.0925996156437745,-0.6955329768398453,1.323669215824484,0.03159316232855425,-1.098367109778039,2.1738560884530918,-1.1988077162448723,-0.9121317168181537,1.6876719237529758,0.0,1.0,1.0,1.0,1.0,1.0
0.22537592348469995,0.12004123568556122,0.2965600085288831,-1.3372424452165912,0.5783020297287578,-1.2331162597615044,0.1715530497470069,0.2148907613332617,-1.2015860829619849,0.9539474472783482,0.45635325809448624,-2.0329750645034608,0.945672994746669,-0.8833828535198576,1.6517054462044451,-0.2642943239303301,-1.1488870167848775,2.2588500142216703,-0.959321018206161,-0.6194246312762981,1.3636467856152132,1.0,1.0,1.0,1.0,1.0,1.0
0.20290425210921423,0.13951239897586534,0.2666686193729385,-1.3172430166810964,0.5266233763990367,-1.5488908158317494,-0.14086793002720488,0.2952441464834434,-0.8907125577011752,1.151558014663113,0.2903348144864397,-1.6994757404466398,0.8531050022871839,-1.024614155788501,1.9606317424125836,-0.525799539576379,-0.8742479941199067,1.9294638572463358,-0.6493687938724714,-0.69455051535414,1.057734355059676,1.0,1.0,1.0,1.0,1.0,1.0
0.15139306957393792,0.05726020870507467,0.26195243211812314,-1.056002750160017,0.4903378202702437,-1.8482796106473034,-0.45290952650256033,0.267479204644428,-0.9426171784134216,1.1777875364019965,0.3185437394108752,-1.342412264543827,0.7151478530374493,-0.8647929430449882,2.2310664193647964,-0.59624638867276,-0.5885505089613341,1.5888311644855522,-0.40578732430775166,-0.6098528177160821,1.3179191702875221,1.0,1.0,1.0,1.0,1.0,1.0
0.07076845579536692,-0.09854569462746217,0.23900258882283185,-0.7904675894088764,0.44335110599039107,-2.1356415997035234,-0.7264724873526072,0.2547614609626888,-1.2573383258521957,0.901943804430693,0.5612659772209813,-1.0348704073397597,0.7514821888299983,-0.5467056836503668,2.187427050165987,-0.33281030796078964,-0.4561442573719115,1.2751427400295896,-0.41568534102646015,-0.7586255005327197,1.6017741485257222,1.0,1.0,1.0,0.0,1.0,1.0
0.07864123085819466,-0.26173372246001075,0.2444086118557234,-0.6794743711491446,0.2085373252234077,-1.866255579973899,-0.4838762513875841,0.267751829738521,-1.5813437384728166,0.5816125987043821,0.7679789372052166,-1.3274348194521417,1.029180308645499,-0.263128539657383,1.8745425172715864,-0.020767547863879465,-0.24297657726135746,0.9587532493063289,-0.6836271254462707,-1.144918268755757,1.9068789609711758,1.0,1.0,1.0,1.0,0.0,1.0
0.1654951037699929,-0.24702170897818845,0.28424482226022296,-0.8116100189789076,0.2429542858468012,-1.5528152397497434,-0.19407416803268362,0.4087904287467941,-1.8944239675570655,0.38411733971087936,0.8189741275599233,-1.6243059962979571,1.2301413162120958,-0.511986702342173,1.5628783746000514,0.2896200977618032,-0.42016373284927955,1.273436730568542,-0.7773009631498246,-1.132734510296423,1.58878919782881,0.0,1.0,1.0,1.0,1.0,1.0
0.17911365457564896,-0.18743824445214285,0.27704289150996575,-0.9794140162520288,0.16947820155008392,-1.2624746591015705,0.08594099181218573,0.421103466123313,-1.8707171065070674,0.35955953062970686,0.8833081061723316,-1.9236627798277788,1.3098416006294986,-0.6143231659891194,1.248874352441062,0.35438668932412776,-0.6343624402117825,1.581923146013803,-0.8955031917123933,-1.2357764431847889,1.814688847381643,1.0,1.0,1.0,0.0,1.0,1.0
0.2011402362249947,-0.06866988869944243,0.2095476188106211,-0.7943870410469204,0.3531780309071765,-0.9516244612149787,0.3533229513160435,0.20743002989824508,-1.6073692249325175,0.3156279769045658,0.7181454122766872,-2.195661539599231,1.1599167948749658,-0.6643676197645758,0.9976126208347,0.4781924051727341,-0.8666582329912804,1.888431194263681,-1.1414047957378508,-0.9589476053701467,1.652678962333756,1.0,1.0,1.0,1.0,1.0,1.0
0.26764844580931446,0.05254823538813222,0.12703382813319555,-0.9397314737599884,0.581652406505061,-1.1779286354928005,0.41567761161823247,0.06403331142149074,-1.2948807017689588,0.5903646435040353,0.4439487274020588,-2.4424667762216474,1.025831862661429,-0.6629991050867288,1.3112451027064873,0.21892450532859775,-1.11947643569221,2.173013197529623,-1.1487171976487645,-0.6438021720774455,1.3430270310435835,1.0,1.0,1.0,1.0,1.0,0.0
0.2668326811565279,0.10293872727737971,0.08690275653898019,-1.2185301851424841,0.6073648832113241,-1.4894572663832835,0.11757730191895066,0.03920155502354802,-1.05639816234455,0.8979311201974863,0.3612625818682952,-2.3295689121447567,0.8797352004819623,-0.8787999691818598,1.6184659532511438,-0.0695700343597091,-1.095285964350048,2.266143473777322,-0.9178476354962889,-0.40884173040191873,1.019438874092736,1.0,1.0,1.0,1.0,1.0,1.0
0.22052434644137878,0.09857766687785066,0.0710066823192437,-1.1617768429604032,0.5118589273509939,-1.795074684952114,-0.19581025595878776,0.25495825320069976,-0.8913819379609622,1.0974335987178216,0.35854395821596874,-2.0845199790206563,0.782727356423686,-0.9405905792720096,1.9155585307139673,-0.3635179799753408,-0.8013426308515239,1.9385288969969825,-0.6107159408000775,-0.6531320549466807,1.3173007927607763,1.0,1.0,1.0,1.0,1.0,1.0
0.16137870855867006,0.04470144174665361,0.0907885070121072,-0.928721438663682,0.432371617000151,-2.0847157603850213,-0.5086508414153026,0.22756422464782908,-1.0840016077987455,0.9076535932270403,0.32103736208049616,-1.7419208778195854,0.7132376472668072,-0.7705101101457288,2.1567026180650966,-0.4514741564352856,-0.552031828384853,1.623451871237762,-0.4018878264721011,-0.6460041999129473,1.613805110745676,1.0,1.0,1.0,1.0,1.0,1.0
0.09095952845040547,-0.0672443060547599,0.10953203164834865,-0.7285828231545852,0.23124402488435963,-2.0451763803434138,-0.7539905217446281,0.21273300001040715,-1.3999233370557809,0.6015102518167523,0.5727318881110576,-1.8846914731543252,0.9728850558497104,-0.44836365256866245,1.8738578026648423,-0.16056082359849244,-0.3937401394616321,1.309854568652568,-0.6667823909787609,-0.7934257316631085,1.9054932837706604,1.0,1.0,1.0,1.0,1.0,1.0
0.07735085585740123,-0.11613628471733776,0.13542900787513715,-0.683542423691697,0.22922040059439439,-1.7424975803249085,-0.4821725211425168,0.17067916528120947,-1.7079600023515455,0.3835475315102936,0.7261539012005694,-2.180964580474668,1.2263070754093641,-0.5427207929155019,1.5606077449721925,0.15333791430376953,-0.3929514335987856,1.473057514761757,-0.9420662725500147,-0.7169096023402906,1.5852696580746182,1.0,1.0,1.0,1.0,1.0,1.0
0.11273860212724732,-0.07409759616018446,0.1662192305449355,-0.6615259341316826,0.36438456251154167,-1.4304114214964279,-0.17714515953193843,0.3306234276649819,-2.0047395389196887,0.30771382706019884,0.7279218671253657,-2.4158873785439003,1.2526395247509716,-0.6641515500439105,1.2436910196675006,0.4494308644842445,-0.5541954596442327,1.794143461754829,-1.1175781414435548,-0.6139134796247913,1.3419017429671107,1.0,1.0,1.0,1.0,1.0,1.0
0.1662867580592107,0.03772010075656243,0.1839789251431915,-0.7076777589850332,0.5502950529612138,-1.1186072532360916,0.12104269873583162,0.12710109619666277,-1.7647042111120517,0.31903774248581873,0.49885701539124405,-2.5221532770737314,1.1412696832556015,-0.6745851067715902,1.0337921516758841,0.17223933544631131,-0.8239738661205684,2.107081527634251,-1.235770846755475,-0.5891833638404345,1.5308277973617443,1.0,1.0,1.0,1.0,1.0,1.0
0.15078222419995138,0.13100510361367892,0.1790357892265884,-0.9661779129525693,0.7061941266134582,-0.8219649325500558,0.4280730510723373,0.054632085732746104,-1.4482453178772146,0.616885048594932,0.29889781854881003,-2.592922329607686,0.9602756989627258,-0.6727289393514412,1.349116136414064,-0.1228810791670979,-0.8371599580535671,2.2486378510724823,-1.0989006260051912,-0.4779908659501668,1.5518189297298117,1.0,1.0,0.0,1.0,1.0,1.0
0.07977057902124932,0.1399039657911331,0.2091971421076945,-1.2257710129266788,0.4910769436740498,-1.1327227549967067,0.16730766530727015,0.3079678437169294,-1.183090686051946,0.9297603839955976,0.35688756059096804,-2.3902954716535567,0.768838467711253,-0.7775181252156617,1.6551910514102692,-0.4271879794327007,-0.605452195107849,2.140937166903514,-0.7954349774807067,-0.6897714736613345,1.2416236168587556,1.0,1.0,1.0,1.0,1.0,1.0
0.008416526446020811,0.18126087081793515,0.22997118191569307,-1.2254488161398085,0.6064280606852479,-1.4303682707657754,-0.1461637465226744,0.40165717455813665,-0.8764837407874941,1.1244750649884527,0.24862993624906032,-2.099711295931263,0.7663942578766985,-0.8585257925549686,1.957130030428221,-0.5742190503712216,-0.3234088016332327,1.829148171280949,-0.4911898099468395,-0.6230615862144925,1.2949529338294943,1.0,0.0,1.0,1.0,1.0,1.0
0.026999108930332083,0.12518146011609158,0.20610493103093488,-0.944390733945443,0.5645064192290892,-1.7274458658927552,-0.45547648182835354,0.34620377439004246,-1.0636128386649646,1.1932318470806682,0.2807982749096287,-1.7969773485058993,0.6813598642805353,-0.787106401901023,2.226531657689122,-0.3341942724839647,-0.3649612708751931,1.5160339068649846,-0.34385322446356437,-0.6806540793717343,1.6069556948319035,1.0,1.0,1.0,1.0,1.0,1.0
0.06722970296985178,-0.03812561891635449,0.17473191065822738,-0.7364075680002728,0.32479550285834674,-2.0055522807999493,-0.7314047407476942,0.32742323773101384,-1.3785985220058414,0.9148261673721618,0.5571040423340117,-1.4838572595996655,0.8329530581190059,-0.502756603754957,2.139040987635154,-0.024206018640013593,-0.39588897587198163,1.2026452864243915,-0.37327482667644374,-0.7486495800155902,1.9190511413050173,1.0,1.0,1.0,1.0,1.0,0.0
0.11881008532340812,-0.18916056581921983,0.1478007853394079,-0.6847711851295302,0.10587736274524646,-1.781809356711902,-0.4727039907708233,0.14639634770867682,-1.6914221049721747,0.6001776297645759,0.7663197277772327,-1.7987267821995454,1.1214188305934933,-0.5172634348109214,1.8250186073711836,0.2868297594749353,-0.3003722387356437,1.276820776869727,-0.6611149883216,-0.9332862875952405,1.6519585291510597,1.0,1.0,1.0,1.0,1.0,1.0
0.18168546201836275,-0.22899613214784229,0.17048230471750012,-0.6638170145436161,0.14151462775305468,-1.468607788485435,-0.15084954704476228,0.33073354979124897,-2.0047220503592023,0.38635175670104316,0.8424561655376609,-2.0409550388871667,1.2691309138790132,-0.6057059260110905,1.5093052557317324,0.5922401724004246,-0.46185198263445537,1.5773284558923615,-0.811689266806478,-0.9535461597019856,1.3322710770093775,1.0,1.0,1.0,0.0,1.0,1.0
0.2359654203089421,-0.18037649597215294,0.21538005803463137,-0.630372697248695,0.27183792275843766,-1.157220942225508,0.161274501355248,0.35747905174533146,-1.9907301304966778,0.29861028952594415,0.8592438062121165,-2.3045397767212124,1.2476759060991895,-0.5284895149382454,1.192468015697027,0.6770061571643132,-0.7236404452322344,1.8946297903864535,-1.0822344800025654,-1.0527248504752122,1.445367025473832,1.0,1.0,1.0,0.0,1.0,1.0
0.2965147197750777,-0.029879788162542775,0.22908436187788864,-0.6703949722060687,0.5352648965896709,-0.8444730626293837,0.4579102867465862,0.11427293168960839,-1.6985365381020259,0.29223091480710783,0.6056986133253447,-2.459941669098658,1.1118310356092562,-0.5939788578001194,0.9626211593498529,0.4502483890822909,-1.045752913859813,2.1872675417012855,-1.187351066816153,-0.9971438469917988,1.7264750764581522,1.0,1.0,1.0,0.0,1.0,1.0
0.2698838627798903,0.08513917725847434,0.22728293889820025,-0.9458952619265143,0.7106121892772639,-0.7566266127040628,0.5871257135881126,0.009971342744984436,-1.3836562387351594,0.5832232035813685,0.36585463006750507,-2.566608878539286,0.9022117694913723,-0.6461494825492335,1.2681835209101444,0.18892259977081083,-1.0602248768622287,2.312486401000464,-0.9523654986145151,-0.6837104490675162,1.4091958718255073,1.0,0.0,1.0,1.0,1.0,1.0
0.1793211984918794,0.1143374500183735,0.28191666325068665,-1.2171084401683454,0.7013225554989659,-1.0722250896775398,0.2895883026660523,0.09468392179339896,-1.231608594157321,0.8934117253320725,0.2682701753298968,-2.3203102347453415,0.7383628026760201,-0.7018633813547294,1.5454585684618696,-0.09811595160647768,-0.78133349784881,2.2736324095891027,-0.6772567816446586,-0.6282754959955884,1.1177727235619832,1.0,1.0,1.0,1.0,1.0,1.0
0.08371765810739326,0.12629496547964017,0.3224423395851592,-1.2559704310853084,0.41836913996414254,-1.3871755531003942,-0.02124282952500256,0.313445873405464,-0.9420094707449638,1.1058447107743208,0.22145093408577232,-2.0610920994214177,0.6813962960157295,-0.7240303296916482,1.8386479514690195,-0.40839197922084064,-0.4689949021974126,1.9599731895362336,-0.41184559763905626,-0.5660596073108796,1.4277208082542292,1.0,1.0,1.0,1.0,1.0,1.0
0.03972179375470383,0.09543517447906377,0.2972518448833914,-0.9896306604507107,0.43483729824748113,-1.6808987577867829,-0.33324804749989356,0.39463974646810146,-1.0584928134658158,1.1367003157451516,0.25124282126798897,-1.7747725767600626,0.6571888886357519,-0.6588903678177843,2.1335688820564562,-0.4505518230316431,-0.37587298711585404,1.647527942394044,-0.31186934687298495,-0.4709717744743924,1.7387046387388738,1.0,1.0,1.0,1.0,1.0,1.0
0.051481426731767393,-0.04429986958624624,0.2419220910094471,-0.7505070424554778,0.29412547916316445,-1.9684016086347906,-0.6454249130922312,0.4057640814888082,-1.3737383235963494,0.8499942272450384,0.48944783357822474,-1.4621022413417468,0.8284591556301265,-0.3718984426328851,2.246554086058782,-0.15976205641971242,-0.3925743348066814,1.3344499176006832,-0.4339897199881877,-0.7091323220235772,2.029148284065783,1.0,1.0,1.0,1.0,1.0,1.0
0.06674670569118765,-0.15805449162809693,0.19523303972724063,-0.6999350853919174,0.12355659339907839,-1.7158588071567609,-0.5361684805697675,0.1927340678778345,-1.686942845092535,0.5351533398687367,0.6855123225472753,-1.7680956271760104,1.1270115108811922,-0.4138455259854814,1.933608319379537,0.15345607269268913,-0.2749929057866954,1.0432026612956178,-0.71943735828467,-0.7742086835489167,1.7429526617231261,1.0,1.0,1.0,1.0,0.0,1.0
0.06971531981804321,-0.1568664417724072,0.1769597599780561,-0.7379471204906578,0.28267309719118916,-1.4036860482312188,-0.2244151765408685,0.3286704852884831,-2.007538797719607,0.369505001023971,0.7598820641398893,-2.0309914359345607,1.2592551642446783,-0.6022677230935504,1.6195099576917267,0.4653118996190676,-0.3822641740334244,1.3576204586826797,-0.8745971062367106,-0.6955759067688226,1.43445902484971,1.0,1.0,1.0,0.0,1.0,1.0
0.1316812719391743,-0.08683761588255029,0.2015441389652435,-0.661581554888505,0.4260854455172077,-1.0918415303459712,0.08844056673613199,0.35137146482415416,-2.0669582244744773,0.29492820269029507,0.7788542781723038,-2.3032155438994195,1.2267726825550662,-0.5193517082681329,1.3053392664053551,0.672672637436038,-0.5052584793103153,1.680847417612958,-1.0715854923530082,-0.8468781646745019,1.6490023751822915,1.0,1.0,1.0,1.0,1.0,1.0
0.1935117837908035,0.06690370285697958,0.23125896247916614,-0.8879013723461711,0.6144332185713826,-0.7789509576077254,0.3957956860047066,0.14745528854737738,-1.7960659916293222,0.38972647264555504,0.47850965155786584,-2.500515670472417,1.2138968884995134,-0.6533444064249037,0.9959304441547465,0.3797296497620676,-0.8632812114550861,2.037568677771866,-1.164000964922386,-0.5626303798508749,1.4698618837039297,1.0,1.0,1.0,1.0,1.0,1.0
0.15422962308697943,0.15573679657501713,0.25891401300535777,-1.1689940411028499,0.7215076365194117,-0.8267980312989425,0.5463313369518078,0.08284872323705689,-1.4847422053524406,0.6959608473059727,0.29608373356660356,-2.530917230250519,0.94985456655573,-0.6946355433064223,1.3077901259385682,0.08931861501715543,-0.9253987201247015,2.232041723780298,-0.9780484001703902,-0.47468149119092473,1.4920149610966713,1.0,1.0,1.0,1.0,1.0,1.0
0.06677704188000586,0.1822564858554183,0.31117663199835455,-1.2893344869985268,0.5260448634999775,-1.1430992773233102,0.25752736689623246,0.29780403921328924,-1.1720229798145139,1.0040724419868148,0.2851627820765026,-2.3122763353026556,0.7728966402532059,-0.8258069327406842,1.608650263683109,-0.21601882376466175,-0.6411025549148278,2.0692505072821556,-0.6650427520426385,-0.6322124602775268,1.199489276840163,1.0,1.0,1.0,1.0,1.0,1.0
-0.040800718611884695,0.19990717941677807,0.3633350740003751,-1.1820502917206133,0.6794153549094124,-1.4301202823398111,-0.05401276630034135,0.3938838987690896,-0.8696466407131238,1.1613252005724177,0.22027880408373468,-2.0236923146726244,0.7103229096441914,-0.8597952623179601,1.8937460825123424,-0.4885170606703485,-0.3356254718270888,1.7557303648967246,-0.41092500313571356,-0.6075794049308335,1.5105719384940193,1.0,1.0,1.0,1.0,1.0,1.0
-0.05056585356648696,0.13180020247660532,0.33223292267287585,-0.9278374312307416,0.6803936197603297,-1.7222970545912504,-0.3659182902866098,0.40573323472613826,-1.1211878439159868,1.1793563185838132,0.28871174416550305,-1.7205651878830939,0.660765714969323,-0.7463032569736915,2.161835601744977,-0.28839331975493027,-0.37880268632284547,1.4441565665162202,-0.30569958534288555,-0.5641189201092707,1.822157176480604,1.0,1.0,1.0,1.0,1.0,0.0
-0.03819715454197126,-0.02569977892225725,0.2883665776063492,-0.7412733473506304,0.540785793945344,-2.0002288366271936,-0.646630460061678,0.2929654376287222,-1.443578026559205,0.9024794822426615,0.5610456283017702,-1.4081627631904248,0.6877559902962856,-0.460083815593256,2.253816820435003,-0.20724528283847493,-0.3565167942540011,1.130306432993772,-0.30886895916397195,-0.5918811071409593,1.8865989641324656,1.0,1.0,1.0,1.0,0.0,1.0
0.001983417155616257,-0.13097457330309403,0.26035966846807346,-0.7818885200200634,0.2747937395360456,-1.6808553170944072,-0.7260232110456377,0.28123962135919445,-1.749993666894799,0.6017059122604811,0.7044407139792201,-1.6858903336820714,0.937721810666159,-0.24483094794096227,1.9615810955786106,0.10028462601678001,-0.12857614124049077,0.8340226622085902,-0.6015464643583728,-0.5973515333847635,1.6021507827860695,1.0,1.0,1.0,1.0,1.0,1.0
0.11148580387478615,-0.13262796367905416,0.20421180613442005,-0.7006098035490386,0.24179149655707508,-1.3721760408101045,-0.4172178330405957,0.2592235465988037,-2.059367947753457,0.3880373699455235,0.8226480704463247,-2.003167146105203,1.1952485301467886,-0.49373117494580443,1.6469702585550916,0.41632820267778714,-0.31008547504624906,1.1463023522396472,-0.4717066281715716,-0.755276202875464,1.2906951596894767,1.0,1.0,1.0,1.0,1.0,0.0
0.27426571708583325,-0.12240081854613136,0.21486850059420617,-0.6725948002397693,0.09376229588835888,-1.0577037300284784,-0.09724576180324795,0.12361128793316314,-2.19892855816426,0.3426817227246164,0.8684981495917352,-2.285917520196169,1.0204509384665246,-0.6576885668598899,1.3324150779198864,0.42427857523310586,-0.6375906047551777,1.4591933032199134,-0.7320549377489,-0.9504578660999611,1.3420439819673822,0.0,1.0,1.0,1.0,1.0,1.0
0.32713194199834394,-0.0645338343592427,0.253874464522415,-0.8793566557560705,0.2879791481838835,-1.0516332973024696,0.22130422441643682,0.06516917872504518,-2.176725926502855,0.34238635697266756,0.7401710669961629,-2.434978649491025,1.1366639319714853,-0.48850200875572575,1.0174826862764954,0.1433349041148605,-0.9385228260582336,1.76898391862659,-1.009490292584455,-1.0821355071069736,1.6286031994509809,1.0,1.0,0.0,1.0,1.0,1.0
0.2992343407176915,0.06125227360371169,0.2909095544960494,-1.123272040158561,0.5536224659881188,-0.9272087273501919,0.44742017112989985,0.15898427034456317,-1.9634707345145757,0.6389548487751336,0.4812418356552559,-2.3786094295747233,0.9925671434609458,-0.6355221600138525,1.2610761506663333,-0.15995652309827113,-1.1105397804182153,2.0717827877517547,-0.8123833497739561,-0.7697104972321351,1.3124806984772472,0.0,1.0,1.0,1.0,1.0,1.0
0.13777748764581768,0.10724602993609125,0.31326970842914736,-1.2783054484949767,0.5328974097341691,-1.2392830503451187,0.5282186705482795,0.27969459120603973,-1.6480588136313046,0.9444301571408728,0.5599372941207551,-2.0598747886563937,0.9040982616447474,-0.7665710091224742,1.579639597975925,-0.452122528742145,-0.8914058662341626,2.2267701183744597,-0.5326690490062059,-0.635962380886355,1.4841925153255504,1.0,1.0,1.0,1.0,1.0,1.0
-0.03966184767772074,0.10988561798578347,0.3606043294447667,-1.2776055813777274,0.7321852189111304,-1.5308103471246,0.23096638474430142,0.39747830820930535,-1.334224648789172,1.1329833823307571,0.5115365263286832,-1.7303071483447603,0.8041623071973041,-0.8449798770488,1.8667892019727086,-0.6209004879850951,-0.5764066397346346,1.9128365391066287,-0.5214544760170764,-0.527228147171324,1.7467425801074372,1.0,1.0,1.0,1.0,0.0,1.0
-0.13637086763667877,0.0884342595755456,0.39630095014131983,-1.3132257838475692,0.9516960930451488,-1.8361731027002168,-0.06752300188252858,0.39757877166509187,-1.0063569461786,1.1953896636891643,0.39370804682119587,-1.3828583303091833,0.8063257515349408,-0.871447713819539,2.150023019045157,-0.6397607314047963,-0.28124881303093685,1.5984261199855871,-0.43872602062204646,-0.30937666607743763,1.42697396837045,1.0,1.0,1.0,1.0,1.0,1.0
-0.09238975881305661,0.0008667773567940795,0.38725792657127034,-1.052610421249141,0.8903314297443048,-2.1265082233241253,-0.3331923114640162,0.5187171060988298,-1.2566973216569848,1.1992759779607771,0.3857419047301348,-1.058943640040176,0.6983413002525256,-0.761500044335923,2.3331533053049034,-0.4112561657716844,-0.38145884786141004,1.285004612191149,-0.3194470203578941,-0.6069314064121419,1.7275856479153964,1.0,1.0,1.0,1.0,1.0,1.0
-0.003844420452508074,-0.17633369077088817,0.36439537495258567,-0.808561872640252,0.608826305939387,-2.2738791023351936,-0.63401358445822,0.5097932829538383,-1.5405830010060952,0.939537450999096,0.6346510474329592,-0.8017816695119888,0.8730107304460538,-0.46471053966782466,2.154602470062524,-0.09984669059661233,-0.3583616207708388,0.9715229654473774,-0.31965417743249547,-1.0049167297636548,1.9764755219914818,1.0,1.0,1.0,1.0,0.0,1.0
0.10669141694019899,-0.22279693923581717,0.36613192643278836,-0.8560843244352494,0.3235015138823676,-1.9686462311539883,-0.42036179897033443,0.49794730430651385,-1.8468209017557284,0.630779340729438,0.7751049508910256,-1.1154176000740856,1.163050060804291,-0.5097085515001843,1.8431490677536808,0.19986065633263927,-0.3804566773570182,1.270509379541768,-0.5610641561942601,-1.0272842522195784,1.653990221168399,1.0,1.0,1.0,1.0,1.0,1.0
0.15150719875288268,-0.24535738641730737,0.3670383403124776,-0.788175234823192,0.13442449889456337,-1.660406590957304,-0.12754215677338776,0.527980667164961,-2.088480398435018,0.4123561088005018,0.8485889572089298,-1.4320611084717643,1.2291235216597947,-0.6556830572136617,1.5308498684484118,0.48905118633495215,-0.4037898437169792,1.5534318479476927,-0.682474673337603,-1.1923094174066948,1.8221925263920355,1.0,1.0,1.0,1.0,1.0,1.0
0.16487503873426038,-0.23887186944704242,0.3933420462403955,-0.8452551259556694,0.09478058188871767,-1.3502886745372638,0.1554137003649646,0.28114626709342094,-1.8050263556633266,0.33604614360205326,0.7121559179149284,-1.522454189957047,1.281335329273291,-0.6782371120647627,1.2161149950017507,0.254680798366406,-0.49976401276598986,1.859294874104449,-0.9762537962946486,-1.3207935520155112,2.0905377511706087,1.0,1.0,1.0,0.0,1.0,1.0
0.18723026579262872,-0.17748465890202014,0.37408358741476133,-0.7430890216106095,0.29461789749896417,-1.0383760657988037,0.411051628270949,0.09775670590813354,-1.4800668448642682,0.2852088629129077,0.5941435113446524,-1.790869476022148,1.2880037259677524,-0.5892637384546326,0.9256469339434292,0.3634346349560359,-0.46619890796988817,2.1187476164340415,-1.187790520371936,-1.0193515525593007,1.7929134385493677,1.0,1.0,1.0,1.0,1.0,1.0
0.1950374222883731,-0.07340720636514328,0.3591656425478955,-0.9730913979210222,0.5519743664310176,-1.0640998140532107,0.5597702742094083,0.06591026172036238,-1.189075872204169,0.39657137907875906,0.45316951273632855,-2.056049385685259,1.2300902811577725,-0.6315291936477158,1.2199832552711014,0.07398072244426845,-0.47285161212966476,2.253839181468833,-1.2483578077150779,-0.740709342399567,1.6270655153892588,1.0,1.0,1.0,1.0,1.0,1.0
0.17752192442216078,0.014729525785953712,0.3344113298019452,-1.2323885668134462,0.683954073369907,-1.3759584015675725,0.27967373915659477,0.12642750967365013,-0.9706433720236578,0.6793900008820987,0.2748660577201359,-2.3399019664968383,1.0243710112603104,-0.5163292573475928,1.5359860395239018,-0.2262958887056083,-0.37476822089305606,2.298434252415605,-1.0966513568847343,-0.43992622538180837,1.3065529563228093,1.0,1.0,1.0,1.0,1.0,1.0
0.13438145627571987,0.0372019391656527,0.2880319759554809,-1.2389536833686938,0.4988025686093196,-1.6933662148147433,-0.03072244332936014,0.33473679720795696,-0.9309899474267913,0.9899759726706071,0.23064779828889553,-2.077189489076892,0.8499959138954476,-0.46223346944508287,1.8253154172468444,-0.45856075878356184,-0.21461041372829076,2.174708677463571,-0.8023427568407789,-0.4930391878866309,1.5608807765090986,1.0,0.0,1.0,1.0,1.0,1.0
0.11435856422753846,0.009753287715759146,0.2333584281950413,-0.9676575603231032,0.27814574914512663,-2.0097064854286577,-0.3431037362331747,0.3863371772479752,-1.1530528028796898,1.1457004767887122,0.2970350642930605,-1.7715155163255754,0.8202285124858462,-0.4300034790616005,2.1321368852035536,-0.3133028231111043,-0.3185459805609876,1.8622709518129634,-0.4980333867889566,-0.6909147615400952,1.8455319386459395,1.0,1.0,1.0,1.0,1.0,0.0
0.06136829717385053,-0.08149117359408706,0.21159815755873293,-0.7791570375186548,0.10934129909329396,-1.918030521718753,-0.6511050525140882,0.2545326647343949,-1.4699123002757355,0.8684206323322101,0.5916993884110843,-1.4606014485521557,1.081007727122095,-0.25297974398485334,1.9143494388275082,0.000656916360997406,-0.22856482816429086,1.5479480288888257,-0.6022884288850446,-0.6434624657530663,1.9176033743620113,1.0,1.0,1.0,1.0,1.0,1.0
0.0488615835920502,-0.12311256867972532,0.2072176518629096,-0.7063632937694437,0.1742861960502941,-1.6356672491171718,-0.4146973737384104,0.18384248015844393,-1.7859543011527725,0.5516545660500727,0.7635373619152446,-1.7712218149377037,1.2703272210754277,-0.43841938600421404,1.599260057987657,0.31310524114404026,-0.32114011821452865,1.2352400927097533,-0.8882443617211452,-0.7503166244049195,1.8882323679619446,1.0,1.0,1.0,1.0,1.0,1.0
0.048979862800912294,-0.10964763172389742,0.21760264202494442,-0.6760969732629899,0.33219258975595445,-1.3253821241322707,-0.1056850951208681,0.4903558996785143,-2.097742327017632,0.3696332678350635,0.8100828229501746,-2.02709226946387,1.2833185354253067,-0.6542676801593397,1.2809350596196156,0.6187269350436299,-0.42519428697204636,1.547875557700689,-1.0576551927660798,-0.7468502716948557,1.5682805412737721,1.0,1.0,1.0,0.0,1.0,1.0
0.16601814189732647,-0.020800444062166912,0.2395769621607207,-0.6327005289869166,0.49461753217781773,-1.0125366856744467,0.18033446725129243,0.2779957073699288,-1.856518439313896,0.29301595298940014,0.739590972499962,-2.3071910939849554,1.1918732743165987,-0.6147511843901663,1.076134797230332,0.6049261126739961,-0.8096708571385118,1.8705853627851385,-1.2113167115943424,-0.8792095644034406,1.6929308056218875,1.0,1.0,1.0,1.0,1.0,1.0
0.2774905281506196,0.11272117879306795,0.21404868525920354,-0.853826009017816,0.6835010146604974,-0.861913986808919,0.46850478152891195,0.08473452104606322,-1.5495730333035933,0.5812543479066187,0.43511409555989267,-2.5103323943173357,1.0316384292622085,-0.7708248052727329,1.3535410993346644,0.3324849039323369,-1.2020217336975905,2.1664436762137544,-1.132678213414382,-0.6120157637511179,1.3653857434058592,1.0,1.0,1.0,1.0,1.0,1.0
0.29415496986378575,0.1549959396550358,0.2295934009434876,-1.1691456004231062,0.675098748153508,-1.1748354724431251,0.24626385904381298,0.12320313397297611,-1.2366786953400646,0.8914497667980593,0.38938991200210593,-2.3564066051958843,0.8748230894520738,-0.985424861870356,1.6531846827297199,0.06188520357912031,-1.274311418529216,2.277931564112235,-0.876749931376473,-0.5353918948862006,1.0632406691868799,1.0,1.0,1.0,1.0,1.0,1.0
0.25619323067902866,0.15222972745537353,0.27993357173823397,-1.2272384228164095,0.37813630522444913,-1.4896157676928217,-0.06351670501881557,0.23970424850053337,-0.9257224143251215,1.123782122761935,0.318994016697117,-2.100880954130831,0.7386354206086764,-1.0619350030447485,1.934257833761285,-0.23049073567974976,-0.9975442618781869,2.0430730238616053,-0.5744614657074086,-0.634394447425998,1.1636770855567178,1.0,1.0,1.0,1.0,1.0,1.0
0.17188876491767904,0.13525180210218438,0.31694103910707583,-0.9922347107417485,0.4690488244059256,-1.7749424769685207,-0.3731250464319401,0.22135238809543903,-0.8705817369923894,1.0864893941661178,0.253521922939229,-1.7769089490912688,0.6678706452333644,-1.005877890475022,2.219737044984924,-0.5031339090159211,-0.678907182346264,1.7272087061568682,-0.40564668053342046,-0.6141806213358169,1.440622944153205,1.0,1.0,1.0,1.0,1.0,1.0
0.05929142853251648,0.04758621044682668,0.3206398911035474,-0.7561834188239026,0.5402830012002754,-2.072511329147369,-0.678304563807375,0.17611875152848738,-1.1829164825956577,0.7801936444474117,0.36448007725242065,-1.462824795297309,0.6654877709895938,-0.713819949007424,2.351434797533593,-0.3946774634301935,-0.49301544663519103,1.4168211796351147,-0.451205334886414,-0.5663705091377877,1.6874892181280339,1.0,1.0,1.0,1.0,1.0,1.0
0.02749183456347276,-0.051167020780133826,0.3414693900115743,-0.6693292394801554,0.3452045038835804,-1.7868936758902239,-0.7800785348900587,0.17109174637918678,-1.4729824565619691,0.4796524799591297,0.588716143454478,-1.7474620222381883,0.9288153696695742,-0.40416105557399296,2.1422678751059476,-0.08936811343942841,-0.24995329284356027,1.1017338093650928,-0.7456465971234547,-0.7458657466013099,1.9826460970242468,1.0,1.0,1.0,1.0,1.0,1.0
0.06993742618745016,-0.06700303141390138,0.35811498861648783,-0.6722523416010295,0.3158240013554532,-1.4757678595754036,-0.48752252624439535,0.2542978008689888,-1.7846694710174849,0.356069976628822,0.6926439963744386,-2.059582657954313,1.1887760288978555,-0.5805322400668625,1.8275701642680509,0.2246810775710858,-0.33184918079039954,1.4159979516459804,-0.9144252854205395,-0.6869085988747322,1.6708321288019843,1.0,1.0,1.0,1.0,1.0,1.0
0.10838836604354726,-0.02949749327504647,0.3873907851618871,-0.6609152726927309,0.32770969878443323,-1.16246445475321,-0.19046390711724992,0.3149324677492245,-2.0101648540459216,0.31571482682435553,0.6857041416112115,-2.342605692110963,1.1059411522204727,-0.6894871486768492,1.5126208068539955,0.47312519081726767,-0.475412356836587,1.7358637521388056,-1.1079055891926666,-0.6241782437001727,1.4515003926323788,0.0,1.0,1.0,1.0,1.0,1.0
0.07339553336726026,0.021319004445885137,0.38156477756235174,-0.8816032728592362,0.5526201533784063,-0.8504243894342833,0.11546623935597833,0.1955534868267599,-1.7725616437425398,0.5886919561760896,0.6322475569470928,-2.461537405984803,1.1926885709953565,-0.4681350215198028,1.4849193368146671,0.18137719487358595,-0.5448508307501604,2.0493711230898413,-1.126573042474643,-0.5692221055820061,1.651186652590544,1.0,1.0,1.0,1.0,1.0,1.0
0.04325991479574212,0.09067790746425439,0.369170079466995,-1.1794321495633875,0.713761397597342,-0.6607905469943398,0.4205400952255468,0.13232063365271846,-1.4647313226218075,0.9014764577596864,0.3602731388727484,-2.4647938405275807,0.9846198082409573,-0.6434476283540342,1.7939805092601513,-0.13471065902294443,-0.45897203643048856,2.2104659432033817,-0.8643930375871908,-0.5024239011456423,1.3413791750128687,1.0,1.0,0.0,1.0,1.0,1.0
0.033992489099663376,0.09688812895321999,0.36923173013573063,-1.2765433963962254,0.4741787526431651,-0.9728081854710888,0.17109626237250197,0.3417749197968067,-1.19319892126669,1.1551504988932368,0.32488400613614665,-2.217862578075877,0.7675942160845748,-0.7207297500197958,2.079438179111013,-0.4379396281293124,-0.37705956382417066,1.9642654868301568,-0.552003248898201,-0.7214338935920597,1.036093653319984,1.0,1.0,1.0,1.0,1.0,1.0
0.0030579878368643676,0.11503529470160992,0.3602507044581589,-1.1118756898255808,0.34043494586993517,-1.275244740768021,-0.14177435791028936,0.42611859475099095,-1.05008136323157,1.2270314975364658,0.25615340158802696,-1.9131051625141549,0.7012444396337777,-0.697406422140329,2.3105088510039873,-0.5040246933234777,-0.28210558251508977,1.6520149948276512,-0.3508624576609847,-0.5508121821459392,1.3473378711318376,1.0,1.0,1.0,1.0,1.0,1.0
0.03917015706664531,0.0036519767705238404,0.33955811897477584,-0.8413097917479799,0.2679503011184168,-1.5735135534660079,-0.45586275515142516,0.44989802321844946,-1.3648069610930655,0.951408924028103,0.39254669373640283,-1.5795055795005724,0.7344098139044277,-0.4084799576168593,2.375478927356278,-0.21030488784274076,-0.3702717747786106,1.338484549394631,-0.2978996343191317,-0.5881740230992019,1.6626064619260894,1.0,1.0,1.0,1.0,1.0,1.0
0.09689237557371513,-0.1491211493007895,0.34461511096112185,-0.7156148214137922,0.08961458060306131,-1.6048817503970048,-0.7280116204333487,0.3597806063547041,-1.6786615295330831,0.6344447187198758,0.6334493725835819,-1.3865134647657056,0.9794912269214169,-0.26928255188819306,2.116498790366767,0.10228701603487467,-0.23663050788880596,1.0242310871502307,-0.5671905821236796,-0.9173715233010714,1.9665515716179525,1.0,1.0,1.0,1.0,0.0,1.0
0.11535566389962496,-0.21076021611141924,0.3711245391469742,-0.8151309791132735,0.1983833761944781,-1.2907057442529761,-0.46844859171741227,0.3892830501280607,-2.015158745924546,0.4014315236795216,0.8093827930444325,-1.6610145527087208,1.1893246618878242,-0.5335869059992919,1.8029930375407344,0.415702435196576,-0.3187254753156626,1.3378129504514318,-0.853141783833535,-0.997968858494761,1.6531179938456104,1.0,1.0,1.0,1.0,1.0,1.0
0.21272556905453424,-0.17369619889055796,0.4214180083365686,-0.8104631568936418,0.10935627584619918,-0.9784936377730342,-0.16626549814032343,0.42217416232790994,-2.03260953974153,0.3319639696998897,0.8357045666561584,-1.9189518538503145,1.1648817298572238,-0.6935233378133551,1.4874593266462002,0.47994577332812993,-0.6354553624707403,1.6425001367510188,-1.0981827194818483,-1.233188601814208,1.7400733897139828,1.0,1.0,1.0,1.0,1.0,1.0
0.3039967436631973,-0.045685661899538266,0.4459383208379827,-1.0579578247471635,0.25883795772767,-0.6693678041463418,0.1118868974240822,0.1625436197290321,-1.752645401602266,0.4323908927078957,0.6899250749250558,-2.187757861300077,1.0780117532354518,-0.7391473310319792,1.1719105576434794,0.2076993365275991,-1.0245567748627422,1.9690667272863644,-1.2290511784929223,-0.9877012024536773,1.4191532513395408,1.0,1.0,1.0,0.0,1.0,1.0
0.3252289343012861,0.09527649313899941,0.4153850510174426,-1.1106832479668294,0.5678524183020226,-0.5424482461340483,0.4174239391123521,0.0069947501753179694,-1.4342844977300664,0.7246215115394122,0.42659867990684475,-2.2837572481047475,0.8294401856887095,-0.7489652259371111,1.4819960468873088,0.07342550776175161,-1.2105921521015854,2.1900705291968197,-1.0899482382342978,-0.8058722130674261,1.3883558792466995,1.0,1.0,1.0,1.0,1.0,1.0
0.2485684610466252,0.12963090753032466,0.42637017368018504,-1.290961852537206,0.5091246156371372,-0.8579860308341791,0.15129571685337584,0.14058102328094324,-1.120997103042704,1.0041029150977026,0.28396150919597807,-1.9819240828462494,0.7395127776179798,-0.8533380325421643,1.778745120285791,-0.20529715086559613,-1.0020710478317483,2.2426704721825494,-0.7961223644376336,-0.5766043247040014,1.0750185221612418,1.0,1.0,1.0,1.0,1.0,1.0
0.18626069416607446,0.09607594588885995,0.419633957802684,-1.2654902243205801,0.20914361191913627,-1.172762898658397,-0.1568987486391411,0.3160797941028897,-0.8491139852807175,1.1518164454810638,0.23026935372780472,-1.6799333915539005,0.6751607180783742,-0.8265344005469963,2.065931893177587,-0.4925624812971666,-0.7047260377654155,1.9269801022212403,-0.4992997635647337,-0.6037630324374238,1.3528941204100124,1.0,1.0,1.0,1.0,1.0,1.0
0.09512432226343773,0.036778728327845595,0.37308714327010184,-1.0171298182145838,0.26816426509015523,-1.4752547771785505,-0.4712346217344571,0.339336308237455,-1.0780139310239059,1.101454493553314,0.2589593854134023,-1.3562713917453966,0.6503944166599263,-0.6237988836385083,2.292378891312739,-0.5456216017695994,-0.44394361162803325,1.6129868248612749,-0.3645643377502932,-0.6023314399218168,1.6383440729509495,1.0,1.0,1.0,1.0,1.0,1.0
0.018276452806556154,-0.09391360572340707,0.34266963979831233,-0.7930484085770069,0.3393162808352026,-1.7830880369737978,-0.7410549091863772,0.3325555889677683,-1.3926184532496537,0.8082371058644205,0.5249346978153121,-1.1999993541921372,0.8688592534478543,-0.32915556117047345,2.198523039788027,-0.25451933130848625,-0.3418926640638501,1.3009799126107182,-0.6217750565708172,-0.7062279678044271,1.9161843189653445,1.0,1.0,1.0,1.0,1.0,1.0
0.036707692838674755,-0.1809408398283512,0.3403872310239934,-0.7577431049762654,0.1692854702545329,-1.503059467365628,-0.47774642819701,0.3134783020759907,-1.7142554703850241,0.5039278200308186,0.7143360738771477,-1.5006958728865407,1.1537656924738529,-0.45337143681052405,1.88390193277375,0.058813110612296104,-0.24980288638145254,1.0173365829596224,-0.9033208198287259,-0.7740046288776822,1.6050407886968683,1.0,1.0,1.0,1.0,1.0,1.0
0.1375209593803466,-0.17331819907578677,0.3463149702356536,-0.694831650190419,0.12503203164358778,-1.1921995054094356,-0.1688352333569444,0.4328422611748584,-2.0239426562110467,0.355266642310685,0.779767412688197,-1.804894099639185,1.2392072589136183,-0.639187268091816,1.5679833331242672,0.3738584224361118,-0.3876837774560003,1.3319340055718487,-0.901904034293953,-0.8158848995148015,1.2769084110980577,1.0,1.0,1.0,1.0,1.0,1.0
0.27899494427866656,-0.08584742317889933,0.3570036266838128,-0.6652622950187053,0.04679869579222684,-0.8799127748042137,0.13572638373379775,0.17916882607824852,-1.7232166163915286,0.29490694889910374,0.6918418885520237,-2.0783630435933853,1.1423717620689946,-0.6606458872805295,1.251858258708316,0.3738938830568185,-0.8327478296243498,1.6371514732720216,-1.13068259991545,-1.006932714979755,1.4051455140868503,0.0,1.0,1.0,1.0,1.0,1.0
0.3447302873728839,0.047465219481906656,0.28628900030000937,-0.8685322231847215,0.3434968006665702,-1.1883258405699964,0.42975552437428,0.03958435426656425,-1.4186510401775407,0.5601552128015099,0.5488274625371009,-2.339246011091472,1.160722276641396,-0.724414633911098,1.5049862495062203,0.16911480809933532,-1.2283496648680066,1.9567795167402555,-0.9513961950332713,-1.077865185433821,1.6876139693641563,1.0,1.0,1.0,1.0,1.0,1.0
0.29507683702251963,0.15074660072247884,0.23873517527331042,-1.1695591299113706,0.5798863952868947,-1.0244601226543373,0.2122771234432438,-0.01565303743419185,-1.1885942518578314,0.8690128216515254,0.4628128775342597,-2.395707340668637,1.1322717310903307,-1.0392605645473785,1.792292179332276,-0.13271974167686962,-1.3131388774121235,2.1881872407203513,-0.7348157849086364,-0.7770326728282138,1.3600684894876283,0.0,1.0,1.0,1.0,1.0,1.0
0.2197475435866809,0.21413693125518005,0.2201097615977374,-1.26288333184728,0.565996611382467,-1.3294394688235143,-0.09773658997956791,0.14674484497810814,-0.8769474763827123,1.1220354601902631,0.3075006765430711,-2.136348953299824,1.0925023051887415,-1.2570632001686308,2.0941571654755875,-0.43847244380320677,-1.0347971298574548,2.041326492054495,-0.5701876037237897,-0.565663132211173,1.2448100268965168,1.0,1.0,1.0,1.0,1.0,1.0
0.18132757030834754,0.2191534339752967,0.2102714682877723,-1.010707769331113,0.6557557329083141,-1.6344660644187425,-0.4104008807339009,0.19220179641554536,-0.7962089046939369,1.1722196847267246,0.23090678202171666,-1.8427320529656537,0.8613148717373794,-1.326970359600819,2.3352309157346394,-0.5942490347876705,-0.7315335461962037,1.7208309139908482,-0.4226735267998223,-0.640200025831307,1.5210494003022477,1.0,0.0,1.0,1.0,1.0,1.0
0.13275266962150964,0.13336010786667177,0.22572515580802563,-0.772524505184681,0.5963107094091191,-1.9095295798381766,-0.6858831403550463,0.07769274656845393,-1.1086417905666044,0.989496072773007,0.27089991258493973,-1.5146849357316539,0.7102468684254954,-1.0719442744476146,2.4397369444064685,-0.4670164253365979,-0.5531061212561188,1.4034496619900114,-0.4376366741443336,-0.7517537889474414,1.8018630473693578,1.0,1.0,1.0,1.0,1.0,1.0
0.1714765569023782,0.015706195195161726,0.28670849527773645,-0.6827314608838734,0.29752695289313597,-1.8812330069685863,-0.795616175600437,0.06549668243133183,-1.4086158316388557,0.6813917883882151,0.5053376885856867,-1.7587787054647823,0.9630544503504475,-0.7568414505617027,2.172772769359825,-0.15340967835406383,-0.4441045305402833,1.0890537545402115,-0.7306284131083834,-1.0331996786375657,2.065853727343605,1.0,1.0,1.0,1.0,1.0,1.0
0.17496643912684332,-0.04933597702392739,0.3378162223120007,-0.6611821175577107,0.20559424860937775,-1.5665649968053441,-0.49377536292570573,0.20802168365653997,-1.7132713681761766,0.42075765506794804,0.6630198198457616,-2.065076741879522,1.2070741510388476,-0.7110105839784044,1.86057830978962,0.13266910569694945,-0.47173223873066383,1.3803292852249467,-0.977268370294755,-0.9133019445028031,1.7533598739702931,1.0,1.0,1.0,1.0,1.0,1.0
0.1164427896118628,-0.0324226986490721,0.3746046371860966,-0.6638175017527321,0.2408711755862628,-1.2550640629840946,-0.1829618628048405,0.3851723529089814,-1.969694232999327,0.32562122647684355,0.7727165721476883,-2.343313576431929,1.1221838355441833,-0.7496423411815198,1.545337872718714,0.4334796299641047,-0.5284379442291118,1.656110260910461,-1.1361099573125075,-0.6466024670576126,1.415816099007508,0.0,1.0,1.0,1.0,1.0,1.0
0.09668640632743067,0.043845631458520246,0.3723438762497884,-0.8759743126495665,0.46903528032602565,-0.9476008519024433,0.11882991361032669,0.18587251473065508,-1.7306949875788888,0.5698220528814606,0.6051963771892914,-2.4309371027707622,1.2243037464563222,-0.49217479956453997,1.3391700709165646,0.19386420883745825,-0.6549109877636473,1.9676189799006998,-1.1821309382482759,-0.5417176559268336,1.5180476934678666,1.0,1.0,1.0,1.0,1.0,1.0
0.08526407468266414,0.10914991257870985,0.37277367802385075,-1.1572203526815794,0.6835153993965621,-0.7050103981416496,0.4308090380924038,0.09156546809411134,-1.418160193395561,0.8789025342598081,0.35694258211449403,-2.4807146102331106,1.0204517773980366,-0.6364774828012831,1.652226148050406,-0.11185235726642606,-0.6296338118123056,2.191072309845362,-0.9348765379290174,-0.572142354660008,1.213170081323721,1.0,1.0,1.0,1.0,1.0,1.0
0.037214514282500666,0.10093062274756573,0.40340871389173705,-1.2818049734166332,0.4950284727129775,-1.0185809274255078,0.18109854058179897,0.3174324104667393,-1.1078208565347134,1.1233497620484552,0.3193688762616336,-2.2019343049919207,0.7953069577212732,-0.6881833206721288,1.9415158914315476,-0.4278487053517637,-0.37130186081752503,1.929343088221739,-0.619773158112916,-0.6696843864499762,1.1276302651516192,1.0,1.0,1.0,1.0,1.0,1.0
0.0008351264653509716,0.10537613699273626,0.40580702814850367,-1.1151895749905532,0.3463174532278683,-1.322873069092734,-0.13080339225965354,0.415492326673783,-1.0254334253440414,1.2163891266750175,0.25814943083401504,-1.8957983439114188,0.7024397038573754,-0.6647196820472421,2.2218872071529243,-0.4665503688899758,-0.30724787850134716,1.6178139809461203,-0.3760089239886585,-0.5218150876431726,1.440422528563743,1.0,1.0,1.0,1.0,1.0,1.0
0.032723638976698,-0.0020645849401349503,0.38195042790626155,-0.8398621626749467,0.2799369515672166,-1.6274043507260916,-0.4431112529337896,0.44523156051246265,-1.3394096283278962,0.942744869462186,0.3675705990846652,-1.5725448867503817,0.7338183644246243,-0.3750736695682129,2.3490616819820525,-0.17078300908626887,-0.38829322129526295,1.304647999254877,-0.3026907505806896,-0.6127730313646915,1.7557401135120334,1.0,1.0,1.0,1.0,1.0,0.0
0.07164441891736942,-0.12300964198330808,0.3704983312272737,-0.7365786261783744,0.08928291108632869,-1.5178213102202793,-0.7153863504592614,0.19150809862151624,-1.6532113100913417,0.6313777761486005,0.6445058994316444,-1.2694687112103835,0.9508090819997064,-0.36591772775752734,2.0581205235934035,0.14185616396501222,-0.1959118168660241,1.0018555442270072,-0.4954283193652278,-0.7399650979052332,1.8005263446995667,1.0,1.0,1.0,1.0,0.0,1.0
0.07616427756471197,-0.1659356045056864,0.36798136311387697,-0.7710171054429977,0.1720059139337456,-1.206097134320502,-0.44422876396804045,0.35222441615536554,-2.002179446858472,0.40156311110547216,0.7549959702407979,-1.5812147679259523,1.1940175348358364,-0.5195807078427734,1.743933224706391,0.4548823430897665,-0.2448918929972681,1.3170763712708196,-0.7732068707984561,-0.7304645768765374,1.4966885513914643,1.0,1.0,1.0,1.0,1.0,1.0
0.14272887080765742,-0.15584955212125817,0.430455677601395,-0.7101274882438895,0.06293146471527628,-0.8949414604092563,-0.1313373292415817,0.3600526278171273,-1.9475772224784138,0.3247318332613578,0.789263222268084,-1.8695490626384306,1.1334530604435151,-0.6203574038010929,1.4308665434888832,0.3738764023903035,-0.4489893581747191,1.6300184993339943,-1.0529054694869449,-1.0104137627933036,1.732054514236592,1.0,1.0,1.0,0.0,1.0,1.0
0.16240758870503894,-0.047718668673905784,0.44847283683068095,-0.6532267387370068,0.24860691813687993,-0.5845335654021193,0.16897701402573306,0.1864524909421819,-1.6503470735759693,0.2749852589992092,0.641892828578258,-2.1379842659848625,1.1453358894480545,-0.6163531832608696,1.1760446611513395,0.5070818713504949,-0.6518000622398706,1.935303487617738,-1.2117977446183716,-0.8323475845410341,1.67710384326577,1.0,1.0,1.0,1.0,1.0,1.0
0.16571726077852425,0.09826752907990108,0.4511276812719063,-0.8846062615201148,0.5359347732042151,-0.7113961126769872,0.44089745439007977,0.05898556834177913,-1.3338622327894403,0.525936448852073,0.37603206761983243,-2.411119431683534,0.956791780916384,-0.6706263975784271,1.4918777085487314,0.2308920160000325,-0.8149548344096504,2.207507166682639,-1.2145284102198486,-0.520865112569588,1.4451621373573338,1.0,1.0,1.0,1.0,1.0,1.0
0.1139477305965588,0.11966423886686342,0.4735164824089372,-1.1861491767534624,0.6017338526131164,-1.0273527284205477,0.17429628448376666,0.19617913285714997,-1.0203540430154314,0.8287247505198241,0.31357746235768613,-2.186393418389566,0.8115729540057122,-0.705361243722879,1.788943612734459,-0.06480603136635033,-0.6220016670731726,2.2687093803115514,-0.9415205872199315,-0.4005742281304947,1.1333939321331905,1.0,1.0,1.0,1.0,1.0,1.0
0.08402598683993515,0.06488886806712765,0.47852191057810345,-1.2320557939883936,0.30308688584368587,-1.3410138483718643,-0.1366381366704572,0.35055300095894937,-0.7709754287211048,1.0978644464294107,0.2514382802227901,-1.8921313537091455,0.7157978666205208,-0.5639172590515072,2.06835452171303,-0.3729342591450629,-0.3201105052048743,1.9991702542402188,-0.6242871195065742,-0.42911575033746896,1.4428229311276746,1.0,1.0,1.0,1.0,1.0,1.0
0.07411927792510667,0.001868484904099743,0.42755086040987655,-0.9513922901882523,0.15387914784698883,-1.6270511014786286,-0.44715094007947376,0.41948333576225544,-1.0848605421085402,1.0748784317097384,0.28276712988778985,-1.5821362008384208,0.6972958221587605,-0.3015844167134844,2.296385323881785,-0.36917778233718274,-0.3512957712822951,1.6857359627111739,-0.38539894676241926,-0.5018111319961659,1.7491697448679957,1.0,1.0,1.0,1.0,1.0,1.0
0.09343658328774643,-0.09034819628432546,0.39426678125020176,-0.7591920159737319,0.040968110892877836,-1.7220466922719722,-0.7287740199995272,0.3937487757661249,-1.3994720395512386,0.778651006880573,0.5640877715578586,-1.453559870867491,0.9491921812018315,-0.17006994188358682,2.065412855746171,-0.06980388480470268,-0.2503171936153069,1.3715462305271893,-0.5783088014096861,-0.7226059657799855,2.0479424287869197,1.0,1.0,1.0,1.0,1.0,1.0
0.0892647013424038,-0.11283504249696848,0.37749331408715525,-0.7251797179610411,0.10190714002847989,-1.4060509186176355,-0.4739715821416614,0.1398537399851802,-1.7118455603113683,0.480459433700698,0.7543329713117968,-1.7668924519691371,1.1906569031302017,-0.44456421709758437,1.7527304748959467,0.24193942107042132,-0.3037432139482175,1.3429672191886892,-0.8698320257059299,-0.7270391580954216,1.7384399343349834,1.0,1.0,1.0,1.0,0.0,1.0
0.0484040083417088,-0.0674124185990799,0.39153702260597345,-0.840230656629267,0.3608682484043424,-1.0953924515367601,-0.1632393066958696,0.43125535785351254,-1.9882565935072611,0.35410164415437506,0.7388621457382089,-2.0093877035541863,1.217453439410131,-0.6110450337015576,1.4327550121945616,0.5394146318809553,-0.38976966295033605,1.6571433080430618,-1.1012942968799055,-0.5829576552854787,1.4230667137908186,1.0,1.0,1.0,1.0,1.0,1.0
0.09026505955901878,0.07413990725226241,0.41442199557757986,-0.8136368891045349,0.5000505600898383,-0.7841942893852742,0.142384095291347,0.21294548307089142,-1.7349642859868162,0.44650747464205587,0.5311806845300423,-2.245440543402619,0.9953768314035422,-0.653672210570886,1.3529541785037176,0.254950979134819,-0.7140664158556833,2.0334007416308246,-1.2262615797793848,-0.5313505229102258,1.5488888349673853,0.0,1.0,1.0,1.0,1.0,1.0
0.025183293289277486,0.1382101613401748,0.40134338848849305,-1.0302109775616726,0.6327444650139384,-1.0943541577575442,0.4100643726464467,0.17502251501664684,-1.4193008220427052,0.7555777667247049,0.40759125849639455,-2.4074408137078946,0.9915085779880073,-0.711968564977253,1.6652836912208007,-0.03909452434888128,-0.6034193320080085,2.2193504963097084,-1.0180265390201604,-0.32230576340924755,1.47368021624763,1.0,0.0,1.0,1.0,1.0,1.0
-0.05474337644092969,0.13881177032899042,0.4068453826912002,-1.1106736402261774,0.6119147985347662,-1.4063094452341849,0.1424828202051328,0.26443289879062665,-1.107023330269062,1.0560952187925785,0.36351631889260516,-2.1403003268702405,0.8043602015789973,-0.80852512623218,1.973328130111446,-0.358096462437889,-0.36807213440252173,1.919580968284345,-0.845672200826,-0.5071393495011154,1.2386569822371845,1.0,1.0,1.0,1.0,1.0,1.0
-0.07537655201544152,0.1595238666863613,0.3815758968807239,-0.9557415596204828,0.7514570559167852,-1.7203965342634864,-0.16970661564565515,0.39335815211328967,-0.9389940685241291,1.169082741339588,0.2746394749633625,-1.8388542118996591,0.7653343462430704,-0.8796548111998287,2.247509032900584,-0.40874030481291773,-0.33350386214285604,1.607465161830918,-0.5324723343441791,-0.5174204238891666,1.3614696699306916,1.0,1.0,1.0,1.0,0.0,1.0
-0.04144065677520464,0.061383465569969126,0.36880768019676247,-0.9032736735703462,0.6558849349914424,-2.006478127133716,-0.4850750100454066,0.28593759729976376,-1.116186975982326,0.9007202907809155,0.3641248346187892,-1.524740899423237,0.8092324245344498,-0.6312222247929256,2.3674920685625693,-0.19175948185401626,-0.23825935443955432,1.2941634997527578,-0.35344067160234927,-0.2994139313453277,1.0460618895851266,1.0,1.0,1.0,1.0,1.0,0.0
0.022591744409623193,-0.1306704537702979,0.36967151145941335,-0.7054602081195658,0.3650721194457415,-1.9626866988327396,-0.7388743360461255,0.22494072311142752,-1.4268262855590144,0.6358956533432424,0.6544182313898865,-1.212609574636078,0.7735419613694845,-0.32765226832330674,2.1422908116728254,-0.22182952761868097,-0.16701381034516316,0.9804913904110404,-0.3219966062614237,-0.5352351654747812,1.3393061271337663,1.0,1.0,1.0,1.0,0.0,1.0
0.10709424019846972,-0.27571038848805773,0.3705287590431299,-0.7282869763962,0.20171002231897905,-1.650898634942507,-0.4432299183924412,0.338527888490442,-1.7532621183553312,0.4455739408788163,0.842056933954753,-1.4743785993425724,1.039607281177173,-0.17724944110989893,1.8705358937972956,0.07495095379268435,-0.03540478092928778,0.7845515684851928,-0.5451311493396316,-0.7610233090872613,1.2519779555838608,1.0,1.0,1.0,1.0,1.0,1.0
0.1680948384987008,-0.2130915820290126,0.35765426919462484,-0.6957800529542219,0.18365535986803855,-1.38196052454316,-0.14918307338425774,0.5262206182679143,-2.059788670534012,0.35232828308488984,0.8987566366045611,-1.7864772993973677,1.2210221486105997,-0.4409236503155211,1.5580895866746065,0.3810602298467646,-0.30019416856598485,1.074401308864073,-0.40829194298392935,-0.9184033470143811,1.3881632586947235,1.0,1.0,1.0,1.0,1.0,1.0
0.15573412577108967,-0.1218034296265328,0.3297801854282244,-0.6774449864064785,0.06754527312393396,-1.0641654865132315,0.11776159081986581,0.5956614280183687,-2.1112258630896634,0.3153152545455473,0.9108194616587282,-2.0563726253807575,1.123057479866686,-0.6081911352361535,1.246342207660022,0.5700171067720158,-0.5393907154439161,1.3703401175278243,-0.6071533062856832,-1.053343887582602,1.6575837815792425,1.0,1.0,1.0,1.0,1.0,1.0
0.19553251316400802,-0.009875271960397863,0.30405567227614283,-0.7846784475361187,0.07507418478136699,-0.7548227359853998,0.3650371229919157,0.35148704017159693,-1.812548343468421,0.29973203910377794,0.7552304284984258,-2.291557737699753,1.1627632094466558,-0.6669832266382328,0.9577439620640786,0.3708523753545997,-0.838209248415245,1.6879370377050333,-0.8851288048855822,-1.1343666185931134,1.9449108139486448,1.0,1.0,1.0,1.0,1.0,1.0
0.22492357599954568,0.12335389168455338,0.30824587350914356,-1.0771773953862807,0.30680235758453617,-0.81157837597581,0.2322267991232282,0.1238950485160398,-1.4953169033056153,0.5604398453591588,0.46518340229217303,-2.470607887226686,1.0547364369540344,-0.6930935819066052,1.255504710913332,0.08990597562421232,-1.075063556907438,2.0044358248112886,-1.1497919983632772,-0.817827310519239,1.6323574153231322,1.0,1.0,1.0,1.0,1.0,1.0
0.17719257126331048,0.18746477958051247,0.32314322497852155,-1.2736705985518533,0.5555343364831793,-1.0595899338850767,-0.05187213749890218,0.05161591310344959,-1.1820642179466276,0.8698040996260391,0.3785668647278364,-2.313194468403592,0.8721611325509094,-0.9025851984912662,1.562583076175792,-0.21715444252894933,-1.0050014182905227,2.193596244490955,-1.0056653959705888,-0.5522454413733693,1.323223230490325,1.0,0.0,1.0,1.0,1.0,1.0
0.13944051243120922,0.19412258238344052,0.3341778093912715,-1.14098081115545,0.49701701377749363,-1.3697041839174957,-0.36397470715196,0.09019474181522252,-0.9559828736043157,1.121079187311238,0.28530825261605663,-2.0354130286645615,0.751346349850904,-1.0246088002975096,1.8690954200757086,-0.5022062332988818,-0.7237861519999143,1.8638800025517912,-0.7156868734271982,-0.7247486229485186,1.1686106448611784,1.0,1.0,1.0,1.0,1.0,1.0
0.08535413208630913,0.16185770585520123,0.3509750860365398,-0.9204659440593603,0.5741063202440919,-1.6650119582985061,-0.6562750115847202,0.12802592741863777,-1.1177894223685196,1.086305910827892,0.28041793871612175,-1.7240084391163164,0.6724658632939197,-1.0045495348027176,2.1500454402777716,-0.5371120628513775,-0.5208560256704802,1.5471702356552406,-0.43539241273241525,-0.6024259056354443,1.4809381600196412,1.0,0.0,1.0,1.0,1.0,1.0
0.1491554600271139,0.01612446782060467,0.37154857388985874,-0.7259465194727973,0.3325854340813769,-1.9251632659613733,-0.7883814459715277,0.07847839063303771,-1.3978417214105114,0.794653128201838,0.4486985212394623,-1.4102528192834705,0.6269150811091305,-0.7583823728275516,2.3347460188384805,-0.26033489638883356,-0.4828945827121791,1.2333507883016614,-0.5566543547844756,-0.8884714513380314,1.7629849507296687,1.0,1.0,1.0,1.0,1.0,1.0
0.20291613957537266,-0.13385007344160854,0.3981114038833027,-0.6874057798790789,0.128413325874839,-1.6132412775713114,-0.615559138230937,0.1379267537940731,-1.6875251628465573,0.48873031741775086,0.6579564217026295,-1.7043098071965952,0.8740585787381042,-0.45306796205455996,2.0188301085793343,0.04111580377518098,-0.27273895643365526,0.915752387820452,-0.8574706065567274,-1.058262415679927,1.7000156217380358,1.0,1.0,1.0,1.0,1.0,1.0
0.2345475478188542,-0.1311556526759279,0.37986301538882683,-0.6861894985969975,0.2304302814633113,-1.2999206176089024,-0.29842322164399393,0.3383024861513698,-2.0040005203203473,0.3507838307164488,0.7981759787696778,-2.01262475615312,1.1561179031250293,-0.6107925939645781,1.705578156526605,0.3420530634491007,-0.46454478343021677,1.2151578320058265,-0.7441841052501259,-0.9516851864437511,1.361011330067707,0.0,1.0,1.0,1.0,1.0,1.0
0.24001366245105474,-0.09572258285119191,0.3621992673110763,-0.8082359653190273,0.18105886519674735,-1.0161308530840234,0.010695026734356405,0.3015941265586149,-1.7245870335431213,0.3721336909760674,0.87560233609453,-2.229078731893187,1.1407958818431123,-0.6210363720884546,1.3908411787601176,0.2131030119536742,-0.7368101557167243,1.5268819485298295,-0.7085038423195037,-0.989183252377698,1.4104309849377012,0.0,1.0,1.0,1.0,1.0,1.0
0.22364017436609665,-2.9956935334807255e-05,0.33189137837484584,-1.0835605645591555,0.3953501478308692,-1.3107556666939817,0.28526878233593,0.1415775317285928,-1.4319709509238088,0.6446817395299609,0.7162965484157325,-2.2815890535980863,1.019090314199054,-0.6689519479944436,1.6699884816024992,-0.0663253465678526,-0.960544143296605,1.84498637926093,-0.5905409093250188,-1.0337018266039266,1.6932959837057064,1.0,1.0,1.0,1.0,1.0,1.0
0.19282419862690367,0.09382428740126961,0.3169445939663349,-1.271730385518551,0.4527343103087371,-1.1623038543134112,0.002016476181433746,0.05609308877678127,-1.380032354521166,0.9418999357503185,0.4274503337631189,-1.942156883124743,0.8663212944860842,-0.9203879630796723,1.980092371737844,-0.37357934656300895,-0.9662618807357655,2.1040857638207537,-0.6386672871839795,-0.7209129612542505,1.3774716167791266,1.0,1.0,1.0,1.0,1.0,1.0
0.13461903452836885,0.11807984380880224,0.29903835085558583,-1.1930624956144478,0.4426646776672238,-1.4662147534804828,-0.30670742959244757,0.22674253675547804,-1.0659366112305393,1.1126661317299928,0.2626647072858854,-1.6061623855677112,0.7690162290479937,-0.9791314859554565,2.2394441212541074,-0.5879318994140601,-0.6554848187076224,1.7920251588444347,-0.5231633487384488,-0.6733433858478524,1.642921512365788,1.0,1.0,1.0,1.0,1.0,1.0
0.05033981548491931,0.05313958116969428,0.264855070347361,-0.9303432287640656,0.5254889901929876,-1.7628145790952086,-0.619242573136239,0.27836870771481265,-1.1045061928184368,0.9424309967244306,0.26867206643433506,-1.2786981165400346,0.7087919377720414,-0.7371492781462118,2.3533372932086736,-0.4903381622419493,-0.4846755760923874,1.4806067003643932,-0.4584563412681506,-0.6786972725711979,1.9221764981761047,1.0,1.0,1.0,1.0,1.0,1.0
-0.029446186099998273,-0.04545529796126527,0.24489190565988764,-0.7946427456305747,0.5498022175706249,-1.964212811542756,-0.77714513614825,0.2954458451985902,-1.414085156985188,0.6630467463813184,0.5660835139950887,-1.5402256863599684,0.9670954772722651,-0.4780533401970398,2.209659628757816,-0.18512144390781288,-0.3416682136657505,1.1671874543270908,-0.7588660223792498,-0.7331876208638002,2.1359347393928974,1.0,1.0,1.0,1.0,1.0,1.0
0.055909184879899904,-0.0745828124548131,0.24829018640338743,-0.7201579052126013,0.2930896265124643,-1.6567742482782986,-0.47827055936700036,0.27869827393300234,-1.7262872273822734,0.41485731749409094,0.6670519156494708,-1.8483463000701863,1.2173292217533502,-0.6118427915902728,1.8964246249345451,0.12818894688223126,-0.3624659300899898,1.4531798225254213,-0.9088332064613338,-0.7453462683336216,1.820612987778593,1.0,1.0,1.0,1.0,1.0,1.0
0.11177629548192894,-0.044422011532367134,0.26683377703846334,-0.6971292861722167,0.23781939225921125,-1.3432075390196796,-0.1717307922900423,0.28574470061270324,-1.977775327175761,0.32827695120779055,0.6248880953057688,-2.1372928019590387,1.2328845673352242,-0.698208119258126,1.5816956655122696,0.4057390996962643,-0.49968263782461037,1.7599129756307277,-1.117321134526106,-0.6428900892635786,1.4873590735858293,0.0,1.0,1.0,0.0,1.0,1.0
0.053826362818988865,-0.01345304227562108,0.274999011079995,-0.6493783160142088,0.477205146489147,-1.0336889723072398,0.12588880513047285,0.2147105309219911,-1.7427688154529626,0.3518089773615557,0.7182709055064593,-2.3888518497985207,1.271417907774774,-0.4225236627644063,1.4764496953819057,0.15521349282370733,-0.4430013929297369,2.043013942830915,-1.2200552353854057,-0.5523032593247398,1.6136589190594324,1.0,1.0,0.0,1.0,1.0,1.0
0.05012739655254897,0.06229936373812242,0.28549733420722234,-0.8913059239321459,0.6181877516957306,-0.8725621559606618,0.2925203510984632,0.359256566768987,-1.8300228278285917,0.6508191119181669,0.4260818744133169,-2.489887212730884,1.0503732656899092,-0.5422441942995063,1.4797076645882594,-0.1562109103193734,-0.45833165338468707,2.2263387942131674,-0.978960323321248,-0.6562182436564654,1.3012050173051812,1.0,0.0,0.0,1.0,1.0,1.0
0.03408444889164314,0.13615787878885036,0.3123461857655523,-1.1078701145857954,0.5870773660168358,-1.0004323388163472,0.0014359224761228973,0.41489471667668626,-1.6002580801706296,0.9557730621595509,0.27404731751401284,-2.2411603208932074,0.7999886238910772,-0.7450258912930562,1.7776728010015366,-0.45834756105933805,-0.4518649439437078,2.2324981458614888,-0.6661228943718237,-0.8063619556747131,1.1604272127852735,1.0,1.0,1.0,1.0,1.0,1.0
-0.05268276155930823,0.15752318096638498,0.35022765788794885,-1.180050982208777,0.5225532014887716,-1.2932886341848768,-0.31177579911402353,0.4252118583782085,-1.2862806519650598,1.0655027650156133,0.2641472418489658,-1.93335214312728,0.7386339882887435,-0.7827689963528771,2.068601283264418,-0.6197277166629219,-0.19865291750197278,1.9363398265076603,-0.4495433623846503,-0.5592697122881527,1.4701113193015707,1.0,0.0,1.0,1.0,1.0,1.0
-0.06364699364824658,0.08512595589849872,0.3529773795011534,-0.9147683540017932,0.5655944211382222,-1.5958033147254411,-0.6213525883352838,0.3846223226351388,-1.022342003487716,1.1436200183985266,0.31346326093263244,-1.6404656353478784,0.6838495541231101,-0.6382295294137684,2.2957729720063513,-0.5243614263704993,-0.27400491672885224,1.6236274263547632,-0.5026720494052658,-0.546662941290587,1.7850108574109016,1.0,1.0,1.0,1.0,1.0,1.0
-0.004932479941887613,-0.07347482894780222,0.31266845504163365,-0.7632712187311769,0.42225375451372754,-1.8835151584182792,-0.8039940519243569,0.36822845681801536,-1.3381434134837713,0.8790689634994097,0.564469598545666,-1.3282128940028277,0.8768493971037519,-0.3890508174091279,2.283116098042247,-0.21437225433112828,-0.3252917010496295,1.3093816086177736,-0.44067586052602414,-0.7063684301559858,1.8665950832106881,1.0,1.0,1.0,1.0,1.0,1.0
0.0898680309785577,-0.19737313548406568,0.2999829198816133,-0.7402121486073254,0.15768203741710066,-1.5903247935840559,-0.5408520406970243,0.26187641339929774,-1.6561707742400085,0.5662804014882608,0.8004348467974782,-1.6157814147349492,1.1589203428422599,-0.4721657842883129,1.9676625805022399,0.09862500863474821,-0.19765168682121265,0.9947529108919264,-0.6849784457588899,-1.0227337101650467,1.8364600980738885,1.0,1.0,1.0,1.0,0.0,1.0
0.18797424911777053,-0.18817971590055682,0.3236601086530867,-0.8273826679870266,0.20569116213309527,-1.2776361896123907,-0.23602545902526872,0.42759261512274177,-1.9675614625865154,0.3865472468941866,0.827869024719045,-1.8497647196751243,1.2518117758112735,-0.6447160582064007,1.652855464021346,0.3957396800271157,-0.47595164883311786,1.2998501054669394,-0.8917577783276194,-1.0682746567643902,1.5066901814888864,1.0,1.0,1.0,1.0,1.0,1.0
0.2663986994466625,-0.08906393525985552,0.33009960269985894,-0.7798287091050514,0.11254957168458553,-0.9624263305153737,0.06567542689383854,0.25248019066902266,-1.7901944440022521,0.3257899793866565,0.7104062417933245,-2.0101492303268977,1.1149003046436765,-0.7265995392568316,1.3382461027775285,0.4607362955348161,-0.8099438527613266,1.6228649112497808,-1.1114790091181346,-1.1237567398858734,1.6218362877889547,0.0,1.0,1.0,1.0,1.0,1.0
0.29686774870069577,0.05399353214735961,0.2644922880121138,-0.9825113696275828,0.3844457709760174,-1.1732633803239212,0.36694968225147606,0.0600222441269443,-1.4801934024972687,0.6002017555507279,0.5042474615252932,-2.267691278516062,1.1531263634687507,-0.6681962280038315,1.4446051136672535,0.33860990501169097,-1.0936139078846514,1.9377216778993342,-1.0892982282031158,-0.9476666443159775,1.7398422509867095,1.0,1.0,1.0,1.0,1.0,1.0
0.24291283687168633,0.1606233122107852,0.2308356962632455,-1.2364731018916846,0.6242676155060349,-1.0207872975905086,0.30858054020033887,-2.838466725666594e-05,-1.198005577628884,0.906060562335992,0.33413022727019287,-2.3522411903591416,1.1040628162223542,-0.955654103422009,1.753614960501889,0.0611255981949238,-1.1311173645814325,2.193536804042598,-0.8164745112112343,-0.6310338015189058,1.4218519604543411,1.0,1.0,1.0,1.0,1.0,1.0
0.19741983292985513,0.17487122708316585,0.24542457849719387,-1.2387280226845956,0.4336130943129462,-1.3225277913193816,-0.000517171791454385,0.2027654361042798,-0.9083795281947997,1.1303110902859848,0.2400733845819722,-2.0904715643142,0.9361699204542187,-1.05109473096787,2.043163895828592,-0.23884370710217834,-0.8484704946372209,1.9949609070326138,-0.5334812018686245,-0.6957929063330172,1.123878640254072,1.0,1.0,1.0,1.0,1.0,1.0
0.16061537687054658,0.12729710619757753,0.2938444084205545,-1.0092102832911085,0.37854495465831856,-1.6225667876203202,-0.31299314957711954,0.2627193190497811,-0.8924260273175717,1.1263765844278704,0.2392436618572017,-1.7776298659104124,0.7452300374939856,-0.9076657692605721,2.2873237044092374,-0.5042409501881898,-0.5531113943372155,1.668766512589271,-0.3680600432511354,-0.6009955253260281,1.434468374735103,1.0,0.0,1.0,1.0,1.0,1.0
0.17515256274086236,-0.004716623087925809,0.3217695631417794,-0.7543587522631376,0.16242421388473754,-1.8952600376690998,-0.6274598752394325,0.18227416227615612,-1.2066020839632268,0.83071273251394,0.3823350618064423,-1.4631276312648085,0.6744269151959436,-0.598526544414929,2.369264657768513,-0.27298237047574225,-0.49115725316705494,1.3576853412158059,-0.4218793156069035,-0.7983087518041067,1.7154064244077245,1.0,1.0,1.0,1.0,1.0,1.0
0.1485396861359742,-0.1299283045992209,0.35040326152404966,-0.6822206408838715,0.059010843717059634,-1.6266886290763996,-0.7557777620418717,0.10691170684367096,-1.5217081473240655,0.5159372892771307,0.6402080927412918,-1.7534634269577942,0.927288037626628,-0.3163336480449574,2.0790508589030705,0.0408065126692988,-0.2643861381937055,1.0439622289313188,-0.7260100197397159,-0.9786987873597753,1.914225636372725,1.0,1.0,1.0,1.0,0.0,1.0
0.13017031817783212,-0.10852928220460156,0.3765206612883739,-0.7836094846132498,0.28231630569840743,-1.3133150619016614,-0.47151891756112907,0.28286363718405005,-1.8587610299061617,0.36609270960165075,0.7536316971185683,-2.028922409495253,1.172235338136363,-0.5598443311846001,1.76530679401395,0.35616882293730645,-0.3485375770429342,1.3585924339010569,-0.9175428220741876,-0.8484043175806939,1.599294824319863,1.0,1.0,1.0,1.0,1.0,1.0
0.13809498439466708,-0.03869377345033817,0.3891608894009757,-0.7360739050338856,0.26051223570724824,-0.9973553000315276,-0.17381214896576325,0.39167253932010737,-2.0248798589038532,0.3277779727237079,0.7628830015494683,-2.2843838840531157,1.0575903479147597,-0.7005094592818725,1.451685514402556,0.5152774997250132,-0.5868377830275536,1.6686404515644915,-1.0941172505571708,-0.7452878726994578,1.4671447421898474,0.0,1.0,1.0,1.0,1.0,1.0
0.11785583423395343,0.055638189230940965,0.363794205804722,-0.9425836459980619,0.4769743572671985,-0.8283017838658016,0.12101462048239287,0.20636813575369556,-1.7302872113394738,0.6067863835816505,0.6292539582733186,-2.403956301161687,1.128880556910054,-0.5757542737352984,1.5412948072217043,0.2433340289750736,-0.7376206001850971,1.9981941498394107,-1.1402678388512595,-0.6512801677583344,1.6647496521117822,1.0,1.0,1.0,1.0,1.0,1.0
0.07386538581325389,0.10088000290310464,0.3493923640256128,-1.2156629327904602,0.6713071636796115,-0.7128214415759269,0.37189349182737697,0.10371859648327178,-1.4186251973146988,0.9207539426609974,0.4119369139906598,-2.3498189568165646,0.9455548625376196,-0.695468587730877,1.841714953121107,-0.0614056066916554,-0.5850806334690564,2.1953309624938657,-0.9151044629662192,-0.4802674491252017,1.354555768054655,1.0,1.0,1.0,1.0,1.0,1.0
0.02976088806655869,0.07341798826196297,0.34754478912443076,-1.2979360347025908,0.44780653206189486,-1.0246665468594043,0.10287328171896426,0.3237133489202813,-1.1075965736373743,1.149766949588897,0.3876378999386788,-2.048850963531223,0.7761658557283122,-0.6417559084861552,2.111752368081026,-0.37757729202443235,-0.30598609842732893,1.9164421675001129,-0.6024718495195274,-0.5706524838559386,1.1418617109195308,1.0,1.0,1.0,1.0,1.0,1.0
-0.00959609192805505,0.04664914516301308,0.3130865650208219,-1.0773719954530565,0.28192345396096685,-1.3300397647543822,-0.20974458512249505,0.4227035143060993,-1.1434695569589013,1.209287366218041,0.30021227349108315,-1.7097344207258556,0.7131644806965506,-0.4573762858676724,2.3010721950333783,-0.44045322352752514,-0.3014325376857551,1.6044546108207673,-0.37145147220716046,-0.48783094980774555,1.4542223197611008,1.0,1.0,1.0,1.0,1.0,1.0
0.015393812426543252,-0.08505308677778628,0.2643779530294993,-0.8148542138275711,0.16338376275793576,-1.619070790203055,-0.5242457875309874,0.44991921889992315,-1.4587550184246751,0.9361173740846533,0.5038410396846789,-1.3960666197873963,0.8889456352165519,-0.2092351223413439,2.1787971237250545,-0.14641378523295112,-0.3514405706592511,1.2898269223142245,-0.32072690518154146,-0.6717219203691123,1.7675810073766192,1.0,1.0,1.0,1.0,1.0,0.0
0.06472124239246099,-0.19677949398204184,0.2381424114911538,-0.7679268595368789,0.0430239457925386,-1.5310536554075527,-0.3752875655411275,0.18716256889953167,-1.7729461684742582,0.6224378986610641,0.7438098558244483,-1.689105400951313,1.117407552361881,-0.39767692011003086,1.8645431355908615,0.16630626452712416,-0.23058914587723384,1.2055739751002552,-0.5757528948311006,-0.7159883938947167,1.583260732072692,1.0,1.0,1.0,1.0,1.0,1.0
0.13598641344968368,-0.2150737247106621,0.24127782046100663,-0.6844926136708908,0.06158616263941665,-1.2204787789033689,-0.05793711513139377,0.364790393637428,-2.058131937594575,0.4017482167733114,0.8290372808099536,-1.9408309610408625,1.2637572124580767,-0.479020542871643,1.546898188748394,0.4801106538327907,-0.3725120598716763,1.5194452478902996,-0.7883187740177684,-0.9386660428349521,1.506990157360035,1.0,1.0,1.0,1.0,0.0,1.0
0.25939537691749937,-0.08767599666237756,0.2958348796656106,-0.9501895495263376,0.29926544019548645,-0.9079872109013247,0.24123765524133056,0.13670407596197995,-1.800781727900973,0.3184951673383061,0.6608789890717215,-2.2025774481638423,1.3034747874712835,-0.5841330257976272,1.2331664837936973,0.3825394916377812,-0.8243821939527167,1.8559630852521665,-1.0665146116336446,-0.8234617627693869,1.2183318237353717,1.0,1.0,1.0,0.0,1.0,1.0
0.30235209194580215,0.05269190957989697,0.27874197333183626,-0.8318942741199492,0.5887380440543277,-0.6010439983032358,0.517092268591221,0.013213739008566316,-1.4916863403760106,0.5485740362020657,0.44031546579784686,-2.324522764680457,1.1116161919698335,-0.6378005028195715,1.5499211408321696,0.09941365550845449,-1.110959779481243,2.140055827987213,-0.9782880349884349,-0.7684711273589456,1.377222783636477,1.0,1.0,1.0,1.0,1.0,1.0
0.23528944004799787,0.10878139232944886,0.30622076640822404,-1.0683598211174221,0.6306411162436283,-0.9154923593642292,0.3903751133139076,0.09767881603511627,-1.1836511899569573,0.8516686100891937,0.395070242466528,-2.410920730297573,0.9317894918963543,-0.8386422716767115,1.861100963292043,-0.2053362231021048,-0.9952615890908373,2.239228694767913,-0.7413606882566726,-0.4988578317348158,1.0898631184199072,1.0,1.0,1.0,1.0,1.0,1.0
0.17846486825882837,0.13006352766688914,0.3555288535666573,-1.2192402042808232,0.3307192134170605,-1.2288689992067767,0.07816143275728182,0.3061133904938873,-0.9138141820104513,1.1099799684553253,0.2716678088921457,-2.157948200689549,0.7659878172261558,-0.9394426303589389,2.158108111830593,-0.4960592973968908,-0.708872811914674,1.9253434708477535,-0.45945491746282396,-0.5364485110718036,1.2169494450590954,1.0,1.0,1.0,1.0,1.0,1.0
0.11210046239334878,0.12445959604793008,0.36287964181983,-1.000220651162879,0.3648327095794932,-1.5276755611524957,-0.23175222435402199,0.3863681455862499,-0.9941912773644188,1.1717644636397404,0.22935643667543018,-1.871459662872611,0.6940413516666469,-0.8335611784304149,2.350669185295814,-0.5739375617580359,-0.4392555420453383,1.6077625743314188,-0.3353363851763528,-0.484949377578745,1.459084641782904,1.0,1.0,1.0,1.0,1.0,1.0
0.08412811584843952,0.016488413808021657,0.33408467487535976,-0.7614407310807781,0.32183160114113707,-1.8260321493670968,-0.5466009853310856,0.4114524264535891,-1.3088005909940394,0.8727066904224379,0.399594060503264,-1.556369016639351,0.7311801524335861,-0.5337848446718851,2.376944110817183,-0.2826317223587492,-0.43171864572452784,1.2967381249355543,-0.3364503064282345,-0.6145580569049528,1.7619308230309685,1.0,1.0,1.0,1.0,1.0,1.0
0.08064512469686883,-0.10904773338334459,0.33448560767138336,-0.6836757736840757,0.12188242617907526,-1.6166002504331847,-0.7630712028995861,0.2507117566744964,-1.6240026293089957,0.5570443883463939,0.6243166897313306,-1.776743625859405,0.9989265468999704,-0.31496245986528776,2.080805971653859,0.03012210813662397,-0.27265216159361555,0.982173200077459,-0.622367658966922,-0.8514858837590467,2.02550476872706,1.0,1.0,1.0,1.0,0.0,1.0
0.07338526078603516,-0.09869605013116872,0.36718643123321626,-0.7691677327598692,0.3023087589491259,-1.3026335028455276,-0.4926238933990962,0.30430467153661667,-1.951688211983908,0.38277328772492536,0.7580213410413547,-2.065905045029999,1.182548386009045,-0.566939773325935,1.7669603291368552,0.3437730727184557,-0.36113928969176484,1.2969521650397817,-0.8849992308098502,-0.7655071760877661,1.7223415758794571,1.0,1.0,1.0,1.0,1.0,1.0
0.11375979603078537,-0.014694227196397708,0.41298080408229154,-0.7221098229563562,0.29068715857248995,-0.9891935179376024,-0.18528290106980594,0.3114766193092192,-2.07182303219331,0.33070596997242013,0.6970044742151582,-2.3074733655753206,1.0550456218054376,-0.706839048016668,1.452725383859363,0.500404150602774,-0.4886514108807907,1.6172787938835216,-1.0934693501768462,-0.625323897425903,1.4397145437211145,1.0,1.0,1.0,1.0,1.0,1.0
0.10419686768041184,0.10063366229196627,0.4497839884966811,-0.7885728613407573,0.48014163958080297,-0.6741693049757913,0.11713004403429983,0.12309879878477711,-1.8361488191473452,0.41347258693335404,0.4228604143476957,-2.3876764398133146,0.9432423621390224,-0.670937575960103,1.4653741139511656,0.20181793393005443,-0.6545794656164067,1.956924341047715,-1.2181524874038374,-0.4709863887167619,1.587289824582123,1.0,1.0,1.0,1.0,1.0,1.0
0.021356588626599143,0.1397316257104441,0.48017561590426505,-1.0630779182619303,0.6646361273309078,-0.5962620777120522,0.3935090644835325,0.12371947357348873,-1.5204871595705547,0.7164568291331215,0.261899242135965,-2.457480424912377,0.8181711144362942,-0.7056715672231647,1.7871134583287311,-0.11092976651535158,-0.5105773369841639,2.178201917294939,-1.1479613761350989,-0.3656017620711103,1.3508281366895416,1.0,0.0,0.0,1.0,1.0,1.0
-0.006509242835356421,0.10432795247588447,0.5079274043390516,-1.1913944754911499,0.4242260256557601,-0.9099090199435276,0.13228948987854217,0.3319617595613201,-1.2099111421239397,1.0268978126210864,0.3500795069745238,-2.2684903992412027,0.7002953378869281,-0.7476988346721753,2.0818441130881653,-0.4223892402356934,-0.3939565175881346,1.8645787803935487,-0.8531998575008988,-0.6212539331749242,1.044904121279957,1.0,1.0,1.0,1.0,0.0,1.0
-0.04374957010228214,0.13437024280822155,0.5127958579499975,-1.2813960106454074,0.4097344366237864,-1.185431751912934,-0.18276784458305684,0.3616977544734708,-0.8954634291715036,1.15798062330449,0.24610459886749417,-1.9608434759112063,0.7633011573955091,-0.7630488713192247,2.3036365423429332,-0.5111136901365152,-0.14973673319137604,1.5555109770130962,-0.5374798336306987,-0.38706394611064976,0.7683431646018636,1.0,0.0,1.0,1.0,1.0,1.0
-0.0006068645221000424,0.036951598627462834,0.4899687454521747,-0.998280011055916,0.35835701977585954,-1.484400547040017,-0.4951209629761215,0.40900461532269783,-1.2083026610855974,1.2119978753090304,0.4035756390523054,-1.6487044013410912,0.6739865210035157,-0.5163153895996718,2.40622251317396,-0.22090931740476838,-0.32785310122095074,1.243165911763452,-0.34825542139758237,-0.5792298272291404,1.0824082341128256,1.0,1.0,1.0,1.0,1.0,1.0
0.06807047065214952,-0.14742346544530557,0.4688387091156778,-0.7481476248470108,0.2364162701595998,-1.781487208885052,-0.7555205910372986,0.3694292422973206,-1.5235567527769287,0.9387478082090654,0.6635055125886584,-1.335196660887417,0.7765639090057714,-0.26936486417098776,2.1591643774093776,0.09357959462166365,-0.29399205742340717,0.9296028648260339,-0.29790179696102614,-0.675073291530384,1.3939089199970873,1.0,1.0,1.0,1.0,0.0,0.0
0.17319678668512975,-0.26168175487185885,0.4808351017481771,-0.746315731404364,0.08212772496788029,-1.4700658376832285,-0.49516012347065447,0.31922809872517666,-1.843085564388253,0.639473705302012,0.9630076300641903,-1.5996551184270158,1.003490092389566,-0.39865129529561455,1.842049764623955,0.40613884421171964,-0.18877727870608063,1.243530786416868,-0.4497071793577594,-0.7061211898887458,1.0823188314497996,1.0,1.0,1.0,1.0,1.0,1.0
0.14135094166742992,-0.20798768976665474,0.4542960700638323,-0.6801308500833354,0.04341591491870809,-1.151771086223012,-0.19722894394312895,0.5735664281921914,-2.0608813490777114,0.4335647138400223,0.9710490119755053,-1.8409497797339611,1.1255216527271918,-0.4339547595297113,1.5282105178904402,0.6229068714427414,-0.3905601969374068,1.5346761099368114,-0.5107324130106671,-0.7877032402808631,1.2767381350334774,1.0,1.0,1.0,1.0,1.0,1.0
0.14473869009560617,-0.09490651531829943,0.46527549445274163,-0.7115329571534944,0.012370850993468588,-0.8387822993691674,0.011908994153707164,0.3549221703741279,-1.804639093370736,0.3448326722495456,0.857779135749862,-2.08533902720783,1.035155817202371,-0.5761468535722801,1.2161544360224041,0.3502317446764919,-0.6663898166399191,1.8721109746150977,-0.7474631143742748,-0.9134377992691384,1.575184646715298,1.0,1.0,1.0,1.0,1.0,1.0
0.14269959431120668,0.02579024580476494,0.48773342245125995,-0.9661616182263982,0.1479410280064316,-0.6805560168583786,0.23977192642536205,0.1173753876351781,-1.4827857052315325,0.4561957050031521,0.6088512770735436,-2.3429708559601514,0.997703192848065,-0.6113100918764736,1.4220117986014613,0.07468326218087395,-0.7443661764380165,2.1471954463017133,-1.0477409566354585,-0.8298007836077684,1.8665747427598216,1.0,1.0,1.0,1.0,1.0,1.0
0.03570687020559274,0.1038331544449588,0.531452133114892,-1.234309494541765,0.4512807288088211,-0.7397291974774667,-0.017849967180965876,0.08172183136048233,-1.1684707154528378,0.7532813235960949,0.34304229412416287,-2.4445783162464485,0.8902035882691227,-0.6473706483667857,1.740758814594181,-0.22849595525951755,-0.5034905869405951,2.223423644729478,-1.2008799003009245,-0.5121433096280867,1.5537398427912097,0.0,1.0,1.0,1.0,1.0,1.0
-0.04867893577027382,0.11015789602385431,0.5350426357281901,-1.318994995655694,0.35996899073331423,-1.0549346837393225,-0.3284990395202193,0.3048311960246764,-0.856915120829199,1.0553941986614197,0.26128507869650525,-2.1491829045475175,0.8525429317254981,-0.6939863800844235,2.0441638348130033,-0.49933312397265794,-0.20362828305174818,1.9137015112709022,-0.9279186633794326,-0.3549477252313632,1.3701016725564392,1.0,1.0,1.0,1.0,1.0,1.0
-0.010758533114424568,0.09228435598007648,0.49553593112098104,-1.082743551862386,0.34097806081319226,-1.3497357073196277,-0.6365463046242066,0.389128473985065,-0.9469699533457621,1.1833389637083893,0.2726414416182491,-1.869171779722183,0.7317269954657889,-0.6141647358399631,2.291226744218436,-0.3520414052159223,-0.34844440550701383,1.6008562253470562,-0.6128109079790831,-0.5265414496241176,1.577421003636967,1.0,0.0,1.0,1.0,1.0,0.0
0.1116920224709124,0.014514780335962318,0.44442818545605145,-0.8074155379116953,0.14598440100888538,-1.626582186033247,-0.8132049363255824,0.13906461779264145,-1.2621480030702512,0.9206330058163341,0.5093448436704797,-1.5544472026702523,0.657500328050105,-0.622091630369267,2.3140711721687075,-0.04433235516644218,-0.41365874176091594,1.2857300850778062,-0.3944319152911383,-0.5021767077016346,1.2742599688257807,1.0,1.0,1.0,1.0,1.0,0.0
0.17173777919490354,-0.11683490915819762,0.4372776772762229,-0.6874018616678899,0.029539928925499163,-1.4601530398838132,-0.8481804895569378,0.04060602837788219,-1.581819414092281,0.6028720283822706,0.6765225200040292,-1.3305343512821721,0.855150369289434,-0.3238277768553882,2.0399873866006866,-0.07037343891600356,-0.18561305302002873,0.9692398904828854,-0.6527219155606493,-0.8365512786547558,1.5489909169614944,1.0,1.0,1.0,1.0,1.0,1.0
0.1286220779603797,-0.19161601334915887,0.4220246838115683,-0.6987066077449346,0.1324020777058511,-1.164859113075115,-0.5220932467393475,0.4222175134058676,-1.9099408314567843,0.3961699814247988,0.8143877110900721,-1.6163359913960267,1.1356295406754198,-0.4957418038107228,1.7264112110631968,0.20619105754573486,-0.27604922397964304,1.2494172361123594,-0.8046936402922572,-0.8359193845753428,1.3631398853224295,1.0,1.0,1.0,1.0,1.0,1.0
0.1073684723527821,-0.1860297642664674,0.4370281757009743,-0.7118267482927816,0.04578524837572789,-0.8517967123938317,-0.21973265444589207,0.6544656939605535,-2.0157271768420966,0.3186998299507236,0.9779109000842641,-1.8342307322854967,1.0752485455681804,-0.6477541733309365,1.4098556661215815,0.43715264156061406,-0.47057266523536895,1.5406196293987509,-1.0402593500253197,-1.0255922773552995,1.6041647584265368,0.0,1.0,1.0,1.0,1.0,1.0
0.08563069860402414,-0.10307496781945867,0.43016064798906595,-0.9609154779081794,0.20985910700883703,-1.0340182895983943,0.04675719935760847,0.5576381801223934,-1.7213500390244376,0.4298031028353098,1.0143673203259251,-2.098104076970853,1.2258566913971747,-0.5743787005529669,1.100942572040703,0.2045156949844854,-0.73271796778838,1.8618633304547554,-1.209335291070931,-1.0845492498675111,1.8910190934229298,1.0,1.0,1.0,1.0,1.0,1.0
0.1184591074549263,0.06511329143953334,0.41163123689423653,-1.2291223939809544,0.47902140808810445,-0.9354476260295064,0.3148172055279249,0.28147175290115684,-1.3926307666420252,0.7120202821452998,0.7576335740744125,-2.3375244496592167,1.0287320390406904,-0.6928452712623716,1.4135347933235871,-0.06654429733550593,-1.0336229389787814,2.1525115512651034,-1.2118081187445413,-0.7691015886914612,1.576483800837846,1.0,1.0,1.0,1.0,1.0,1.0
0.11157533675897804,0.15464068786359278,0.4002303219409493,-1.3352155438200293,0.5596633838567407,-1.2478947178171023,0.05575707004317343,0.17597328077338087,-1.080171674677088,1.0095541843287832,0.5151144940896718,-1.9960542093673777,0.8230393548389399,-0.9516561510530266,1.718302004474788,-0.36867566187073836,-1.0362262382424694,2.215954693803406,-0.933193064888212,-0.5671469009371026,1.2656184135338568,1.0,1.0,1.0,1.0,1.0,1.0
0.08409021795325752,0.13174704792123507,0.3972675937572654,-1.2841296923274148,0.6502325845436763,-1.5602874614176683,-0.25776245337210313,0.2970268868887937,-0.8070427813866279,1.1732078291459753,0.46334189496910494,-1.6749528640348952,0.714457213435725,-1.0277660883250221,2.0221190285427375,-0.5882969660193913,-0.768554545947327,1.8946134451252896,-0.616780041605281,-0.6225806315258826,1.0105083238196086,1.0,1.0,1.0,1.0,1.0,1.0
0.039807081565499586,0.02904736166182245,0.35692150201058026,-1.0205276076932939,0.6498954833639352,-1.8601105438093304,-0.5693949200530206,0.27324274150924033,-1.0812146044259088,1.216724048001861,0.4727452117920119,-1.3275953605993267,0.6571394560686953,-0.8403460816464453,2.276013832230802,-0.6176194686453905,-0.518137491052532,1.558626655635197,-0.3819519128788842,-0.5089763553663705,1.266192144256545,1.0,1.0,1.0,1.0,1.0,1.0
0.026198882762255654,-0.12440170052861835,0.3092718307550548,-0.780864939937974,0.5265330108945023,-2.1230509443713426,-0.7587639531647435,0.296323896113079,-1.3742364972120618,0.958741347501141,0.6212932260474574,-1.014559985916818,0.7122519694205494,-0.5260641126272684,2.257597816825323,-0.40134695001212556,-0.3785519113024848,1.2423281769916055,-0.36862146008905083,-0.7423902012908024,1.5570124261359468,1.0,1.0,1.0,1.0,1.0,1.0
0.08344367035764208,-0.26666107537172484,0.31495381381300536,-0.7503437622059235,0.2374679525720379,-2.0083286838101713,-0.6119630677713376,0.355112805331157,-1.6924532796581206,0.6412611751223452,0.8028972714392267,-1.3032852549301592,0.9866565363004023,-0.32990001725730034,1.9434894742468893,-0.10487434548733643,-0.16779840294894022,0.8980234237442544,-0.6349710456188427,-1.1166113682912808,1.8567794713350851,1.0,1.0,1.0,1.0,1.0,1.0
0.1453963573522348,-0.24436823358974097,0.3274896286263098,-0.7086300778387037,0.20399779696646672,-1.6959871036287262,-0.3159901975518442,0.4867045969326563,-2.0036236448182185,0.41370733237935375,0.8668140623149997,-1.6164903769142172,1.2313227310695425,-0.5741600829523253,1.6330296208605586,0.20859665167364716,-0.34338050893476924,1.1894052875234586,-0.6166968457269588,-1.0309562985664047,1.5218270936156875,1.0,1.0,1.0,1.0,1.0,1.0
0.17008786531965983,-0.20792216209027548,0.335528208241728,-0.6981715030619062,0.08096237253735855,-1.3819065611964827,-0.030809529645512312,0.48526172070778834,-2.061944099686618,0.3282261798358693,0.8836136591726239,-1.8778522101960133,1.2290141073937642,-0.6559210896791627,1.320895897776165,0.4998085010060286,-0.46709346641442806,1.482834270937364,-0.8765411752140324,-1.1696727275709369,1.709119874463685,1.0,1.0,1.0,0.0,1.0,1.0
0.1931208926074154,-0.12705450252837175,0.3297315156462125,-0.6425070252082757,0.20448716694202423,-1.0697732897018077,0.2439689339091683,0.24261122793431197,-1.7916733145946009,0.2768311021190775,0.8038343934446762,-2.1620032743066533,1.245087302554838,-0.6013779669495957,1.0055881171516707,0.6376712021881777,-0.6266043167908304,1.7796158497400414,-1.1220791766576101,-1.1907765857660018,1.9682422182032866,1.0,1.0,1.0,0.0,1.0,1.0
0.22328477394540872,-0.0012271221124454668,0.29937625731924866,-0.7249827959248242,0.4860010224311891,-0.7586310734582402,0.46350174462215865,0.06681062806683818,-1.5029572837231557,0.277303176638547,0.5198472367180902,-2.42431320667743,1.1837733473999108,-0.6270987092066587,1.033380491055199,0.570217059221858,-0.819371020321781,2.085946733649108,-1.232220981598225,-0.8742523029444835,1.6535511531243539,1.0,1.0,1.0,0.0,1.0,0.0
0.2029427106870875,0.06452855252309667,0.27558804719961183,-0.9883828265765987,0.69417322056103,-0.704121995293336,0.5809968479471211,-0.017708215420474176,-1.1895196734076159,0.5634838738078619,0.3386622801324607,-2.5215592878117046,0.8941190805124796,-0.5649967422177347,1.3497131272392744,0.2923279256898361,-0.8286516463321855,2.2638511591300015,-1.076692261784173,-0.5603452016508302,1.4293384702062486,1.0,0.0,1.0,1.0,1.0,1.0
0.15545493868277308,0.08160788669134697,0.27410743079131683,-1.234569609545267,0.6844646775822181,-1.0195024218372295,0.2876744861770465,0.1209042206774141,-1.2146940870219094,0.8749222292237756,0.2669081032566877,-2.2834460465528177,0.7515479376633574,-0.6116239070412497,1.6332126225659183,-0.0016236667169866603,-0.5958070327360814,2.2225976378413046,-0.7815434303589736,-0.6190176007575948,1.1189123200521671,1.0,1.0,1.0,1.0,1.0,1.0
0.07541501544679943,0.07716608270849498,0.2831132130004964,-1.279734970818819,0.4037599753122149,-1.3334027958705263,-0.022388364925409077,0.33635024359724724,-0.9460287404441532,1.1002288349239926,0.2260866728402573,-1.9971283690606692,0.7135949174992281,-0.5773147204957402,1.9305128751776515,-0.31206240769071225,-0.28855755301135605,1.9086635860354992,-0.477264231128799,-0.5559950413083659,1.4314664894906344,1.0,1.0,1.0,1.0,1.0,1.0
0.01687616881907178,0.027199952529113447,0.2552636054049049,-1.0049618679605292,0.29828842397735444,-1.6333870736204894,-0.3348299241692223,0.4201704965903493,-1.2335038500272082,1.0564006034018685,0.30288333205349194,-1.6871936300265575,0.7202953087184525,-0.3740364633514157,2.210851874553233,-0.2600286904223756,-0.3335756897981333,1.5960332062279474,-0.3302969263947365,-0.5338236733447926,1.7460380331240666,1.0,1.0,1.0,1.0,1.0,1.0
-0.0003911217301195702,-0.10009472988455398,0.22635736910996032,-0.7732200374031553,0.23585377742296593,-1.880104722581659,-0.6497034702282916,0.4307568906239865,-1.5497587505908519,0.7737045126209839,0.5706365965758362,-1.374278157352297,0.9514689598200883,-0.19852611833155975,1.9816363882170411,0.04431844913715999,-0.2936103815330711,1.28035506937525,-0.4997891593732655,-0.7013710665882511,2.046884615397873,1.0,1.0,1.0,1.0,1.0,0.0
0.037940978842278816,-0.18616119624464947,0.2152004759821751,-0.7464796471956081,0.0969846743715889,-1.616154496498093,-0.4227351743881934,0.18300670324646864,-1.863044330470313,0.4831272125021241,0.7808413900421154,-1.6901716851982354,1.147651519976004,-0.4288501524913024,1.6669889287143689,0.3572180281411713,-0.30142545102020635,1.5939867430817127,-0.7947060591697772,-0.7938469180744928,1.7976560311053276,1.0,1.0,1.0,1.0,1.0,1.0
0.07910612244229379,-0.18586548778235754,0.23780633036745155,-0.7311048054541088,0.21077023982755877,-1.3053367524785864,-0.10461771389117491,0.3422507737666582,-2.059411543785258,0.3503726210243664,0.7738600388631426,-1.920523748179157,1.2761205975643484,-0.6055164086111425,1.349128004152806,0.5484635190876926,-0.3837607307906294,1.7162459703621507,-1.0494286599021632,-0.9407574408755233,1.8106568828455667,1.0,1.0,1.0,1.0,0.0,1.0
0.1741230663607716,-0.0627332397195215,0.3201034969380179,-1.0022409601127986,0.47327118457618944,-0.9938354857776079,0.20260571270806416,0.10893489380160717,-1.8108204223578028,0.31697959773609125,0.5642347767302024,-2.1995498212662112,1.3336516812090264,-0.6358965220249624,1.0334055658880004,0.26098979201072836,-0.6173752012587089,2.0579264667591204,-1.2055118970271381,-0.7118629390016833,1.4755009293030492,1.0,1.0,1.0,0.0,1.0,1.0
0.16422116719808053,0.03780272810833224,0.3472776671658637,-0.8840820386236773,0.6956195122368631,-0.6750114898862019,0.5001625125333519,0.0034109299061528195,-1.4957159981113612,0.6050467076538022,0.3654794948307504,-2.413431048975045,1.1248467949061605,-0.47616200407609516,1.3484311088048246,-0.04418460305020333,-0.5796456641617834,2.182163793854694,-1.1916285197758798,-0.6090369650310122,1.7018063927474798,1.0,0.0,1.0,1.0,1.0,1.0
0.10170801616602407,0.11117719018905428,0.39378233235887106,-1.069775434505821,0.7607560304183556,-0.9871116405927427,0.21807028218866387,0.11008428100111409,-1.5788817819689651,0.913774166555545,0.26472482508186085,-2.2466263585610244,0.8462249277709324,-0.6143357416955882,1.6572494127299109,-0.35208339433172964,-0.5142613307849678,2.238709377470242,-0.9258586874059673,-0.7017185154597976,1.3907986503045042,1.0,1.0,1.0,1.0,1.0,1.0
-0.005123639351262199,0.1288801046901263,0.44761888282824125,-1.263898262142689,0.5635604321353833,-1.3012006023674152,-0.09156837152521458,0.3252455949446576,-1.2653705689133277,1.0630333599012183,0.24887357701772303,-1.9579524665674541,0.7718846972830534,-0.7222084167989219,1.961421665677225,-0.5689691251453304,-0.26627157648619704,1.9512107753654333,-0.6087716523031421,-0.6152243620947525,1.5475902171777447,1.0,1.0,1.0,1.0,1.0,1.0
-0.08269240637805417,0.09830851070022825,0.4508976039752207,-1.0461898080950929,0.6069723112295964,-1.6074576641560234,-0.40234406173548953,0.4081717424748512,-1.0016468928562952,1.1686599806808051,0.27009040247805266,-1.636519433308859,0.7119954667383047,-0.69415584485041,2.2361725467009483,-0.5064843816201038,-0.30940386914750206,1.6393814110685545,-0.38523962477780427,-0.4692899560531105,1.8603729364973252,1.0,1.0,1.0,1.0,1.0,1.0
-0.0575422093101213,-0.04119501447963117,0.43164841698161316,-0.7994250770776206,0.5761733555135513,-1.9050503486752501,-0.697012277594643,0.40687772590634996,-1.315969555949411,0.9110869807358523,0.45508115778948854,-1.2845518301510415,0.7154375726706809,-0.42126984801971934,2.3793492197300172,-0.20212326312144369,-0.3841434177199414,1.325961219009034,-0.3304075982501129,-0.6487720679776149,2.0175031347032055,1.0,1.0,1.0,1.0,1.0,1.0
0.0347345762377019,-0.1340851174127416,0.4478642191221227,-0.7835701149941562,0.2887120332651476,-1.5855739969919918,-0.7602244711057504,0.3465973855714949,-1.6185123529383285,0.6093515633263169,0.7055538079679213,-1.50868857648986,0.9467530987440957,-0.4517642538692654,2.08496182462379,0.1084343821404331,-0.17736296049586076,1.0096805181623891,-0.605407527405731,-0.9534438064614041,2.0787469768844056,1.0,1.0,1.0,1.0,1.0,1.0
0.13694294044378333,-0.12328526853240282,0.47145782737229447,-0.754202231926475,0.18213427223157305,-1.2739354725849115,-0.46917263121145797,0.47124143991562434,-1.9272637189451192,0.4018639192890945,0.8109376772105615,-1.800435783904379,1.176883761793431,-0.6493295240753174,1.7718846783731501,0.4032399240135368,-0.4109091505619374,1.3199940642071228,-0.8739244746683295,-1.035902720248793,1.7670311749901626,0.0,1.0,1.0,1.0,1.0,1.0
0.14670112045262465,-0.08681713095725863,0.5143355667109969,-0.9862530585503417,0.20370949418684145,-0.9632822741944755,-0.18007776414507182,0.3844957302618709,-1.6410269546121687,0.4330600465087534,0.9183848779771094,-2.0683690043372134,1.2033155303450631,-0.6982751531685605,1.4572561336722205,0.14896324653829163,-0.6809378282132966,1.6553491344270832,-1.1006465258600902,-1.1041662857551344,1.8369272718615932,1.0,1.0,1.0,0.0,1.0,1.0
0.1598302597752608,0.01811339099408424,0.4766240363588692,-0.8957380884398145,0.4618859504978999,-0.6586157483386581,0.09252859665487556,0.1621501658068528,-1.318162207141099,0.5586588423326048,0.7653783265146706,-2.1905599926988186,0.9954709600276821,-0.7222726138244392,1.7699129333835888,0.11820563553162056,-0.9394730650041478,1.9714220471152937,-1.1892903566624355,-0.806314068962707,1.5180317170884035,1.0,1.0,1.0,1.0,1.0,1.0
0.17772232128168772,0.10421960917949277,0.4326876892321533,-1.1318713827049551,0.5696087334747959,-0.9703000606540053,-0.1658408098710441,0.04345767447493185,-1.0479450872488518,0.8523740534473011,0.589868719282412,-2.2218417354427737,0.8220893156827784,-0.961526539494999,2.0732326879932454,-0.18053670044293224,-1.0422784711392574,2.1905800067350754,-0.9728148336506097,-0.5197602996552615,1.1826649612524733,1.0,1.0,1.0,1.0,1.0,1.0
0.16096646366275116,0.1093630733802439,0.3903994903873742,-1.2386190414823461,0.3215337798504448,-1.2744668514405006,-0.47758917597594874,0.14133776148047006,-0.8744429988848004,1.0986615750971098,0.4606385034068995,-1.9081808354344154,0.7303558495424235,-0.9930787299073347,2.3186639512725065,-0.47330150604987115,-0.7633520345724562,1.8578705003385954,-0.6675145689241727,-0.465318918544226,0.9379930851472769,1.0,1.0,1.0,1.0,1.0,1.0
0.11212974385401606,0.04402107967187138,0.35749903683152284,-0.9795986954893753,0.3528548773205069,-1.5825136370119712,-0.7302216651029921,0.20775837070720474,-1.1742982121547774,1.150981312953144,0.420276677217716,-1.5764855728984006,0.6675067507626178,-0.7386089477974934,2.420473777980657,-0.5849322237876318,-0.47531874710878713,1.5339833535830893,-0.4217321834199528,-0.47015013046950416,1.2041969891200615,1.0,1.0,1.0,1.0,1.0,1.0
0.08577176161282421,-0.0866297034690005,0.3336416562656477,-0.7513261988493959,0.29779523189865875,-1.8823206829050476,-0.8309629422239126,0.23607695427061978,-1.4898350200771202,0.8781799888283093,0.613767205062318,-1.2624281925292145,0.7751322038500668,-0.4268797976549876,2.2046590473313716,-0.32169671806555744,-0.350096546505012,1.221119701757638,-0.512242046616535,-0.6619725338980149,1.497688563247925,1.0,0.0,1.0,1.0,1.0,1.0
0.11030614124221347,-0.19118956038980744,0.3359930899394944,-0.6687273400762433,0.12952813612137806,-1.570657398545143,-0.5711630899528389,0.24782316386153116,-1.8176106989506315,0.5587875195959064,0.7369844862200096,-1.5690193511406008,1.057619597134154,-0.46236377477287277,1.8910899446473288,-0.010650273864790338,-0.2801934822437173,0.9259013868558897,-0.8013469778917984,-0.9655616090872816,1.741279360523042,1.0,1.0,1.0,1.0,0.0,1.0
0.15843399127129212,-0.18483315119325658,0.36803436725895333,-0.790728002941953,0.2340494593168799,-1.2599563154879971,-0.26149086955660705,0.40270540127313303,-2.0905610012004243,0.3758790482851594,0.8240902926169451,-1.841669830810282,1.2220567543195644,-0.6476083623584383,1.5751717224846373,0.3035644314306222,-0.3704362119957799,1.2395318040296157,-0.9120225712057762,-0.9383205395964807,1.4248532497737783,1.0,1.0,1.0,0.0,1.0,1.0
0.2414654704643411,-0.131909433326917,0.39046869424620256,-0.6843534234638808,0.25822842031069443,-0.9477600304826481,0.04358876856460758,0.3489250279565373,-2.1019043151718653,0.30365514204823996,0.8506257984225963,-2.142352482993321,1.1478184782912146,-0.5784362391156035,1.2618637090252136,0.5871343496888236,-0.5921182657968892,1.549459191757681,-1.088423549643997,-1.09565751878364,1.5697723930142327,1.0,1.0,1.0,1.0,1.0,1.0
0.312005528172708,0.009987625846869158,0.4030018765391937,-0.8996427600783952,0.45627044204155703,-0.6715396768507926,0.3339122332509862,0.10835662788801129,-1.841008888480396,0.3528319873944567,0.5874932260974555,-2.3759736422608424,1.0581840826385596,-0.6923391518101284,0.9528637501556372,0.3551178825966398,-0.9506572981819521,1.8730212418626917,-1.1461986302852232,-0.912958048707843,1.4785292562945367,1.0,1.0,1.0,0.0,1.0,1.0
0.2819470410016516,0.11962784392927664,0.3800654280672211,-0.988119428445193,0.6871344969769377,-0.5663457947108139,0.5631358600074586,-0.0021785204085141424,-1.5218264843372389,0.6514851173433814,0.38039303459665297,-2.472834865473225,0.8101818918493339,-0.6357086632057658,1.2615074001482336,0.16438373911180348,-1.0736888201687915,2.1646567224213538,-1.0667696106588456,-0.7521367123438135,1.6225379605340586,1.0,1.0,1.0,1.0,1.0,1.0
0.14470943747956003,0.1411802373093465,0.388841553989414,-1.2444816109771917,0.6590454051562247,-0.8830312502388451,0.26716088944783933,0.16043117787936934,-1.2081932402480728,0.9560227187802108,0.36661395353654047,-2.318031619061167,0.7534744201748038,-0.715611287966754,1.554717811163628,-0.12491726836475991,-0.825140935654219,2.2542573941453075,-0.7764011758754116,-0.5487914398568661,1.3126656165389756,1.0,1.0,1.0,1.0,1.0,1.0
0.06312726383599152,0.1523507635354048,0.3987501547297775,-1.2940927763599812,0.39916799339582215,-1.1859925017139064,-0.04333558934240156,0.3372872066277694,-0.9115744338996454,1.1553714777490063,0.2656791502421346,-2.0608474525915357,0.6859352410332882,-0.8185903986189489,1.852817845512246,-0.42975693791649033,-0.5335978887323298,1.9375158247906632,-0.4778557987846245,-0.6146896068848335,1.3198307967385345,1.0,1.0,1.0,1.0,1.0,1.0
0.01989947019075103,0.1338488738659677,0.37065612010856863,-1.0343164526676965,0.4966122226905622,-1.4854657825210784,-0.35268832723140275,0.38570865195507686,-0.9821543072794261,1.194082199739858,0.24601603260590976,-1.752979919928671,0.652692031632905,-0.8086854410705622,2.147699916669122,-0.4897731575066618,-0.38263167797921716,1.626609391460565,-0.33056710658722577,-0.49413405627717055,1.6310238302082205,1.0,1.0,1.0,1.0,0.0,1.0
0.0014332250511186473,0.015620276796610488,0.3083788217918719,-0.9260087218377429,0.463719550367137,-1.779358430770559,-0.6616678166547689,0.22801187644118667,-1.2730386571117362,0.9091304365934826,0.383922347826282,-1.4384671957222834,0.7812446460020347,-0.5202172866768517,2.336711865339335,-0.2449054150116654,-0.21200092135680915,1.3146088081332696,-0.39339771573566606,-0.33485033725453905,1.3501866820560302,1.0,1.0,1.0,1.0,1.0,1.0
-0.00900351627493104,-0.16763385857765795,0.2344135509718954,-0.7235887143601419,0.2923255930668283,-1.7021287709172266,-0.783194747004341,0.2816769398973928,-1.590537593910643,0.593054296741177,0.6255973655904195,-1.209375257882,1.0227006490885795,-0.23524993156070628,2.0491724811011314,-0.01683310577933783,-0.17008266167636876,1.0013689083624508,-0.6342466168955895,-0.7093400774156867,1.6433033987209342,1.0,1.0,1.0,1.0,0.0,1.0
0.03301085749152691,-0.2536705040743841,0.20975807548017408,-0.7933079163730137,0.2950843725606126,-1.389643960366953,-0.49814391663713947,0.4318295826993312,-1.9614958650044072,0.38595047042120395,0.7894298548566,-1.4894174013014572,1.2206160744503947,-0.4535715134447475,1.73519956293558,0.29376937903044387,-0.23905143012555408,1.3149435392750228,-0.8192568019853822,-0.790708316960532,1.3301950480156606,1.0,1.0,1.0,1.0,1.0,1.0
0.15086474173684974,-0.26758837537988805,0.23627567682909048,-0.7688586605288112,0.11593791633089351,-1.0761936256203104,-0.20226763771848055,0.4014251984286823,-2.072414054678448,0.3185197080797791,0.864248451838637,-1.7677498040283595,1.2283292518065259,-0.6290614746820995,1.4209993649242592,0.46202759070466926,-0.4948326130946479,1.6288489632057312,-1.0121776488285792,-1.084249290593002,1.4528841608540393,0.0,1.0,1.0,1.0,1.0,1.0
0.2261096283594041,-0.2021520793013167,0.24282574827211525,-1.0019140401037656,0.23375890124431006,-0.899784681936622,0.09536311952376086,0.15812652699812405,-1.8219957410756489,0.3607243323746479,0.7696154000016205,-2.0359272535381767,1.316333686093433,-0.584628042977621,1.1069208441970515,0.20821071541855996,-0.7491756419234029,1.9495618467617786,-1.200315275836564,-1.196470786966417,1.743573944388044,1.0,1.0,1.0,0.0,1.0,1.0
0.29057148396751764,-0.10208226528222132,0.21717147338198858,-1.0072774520727825,0.5242580820747249,-0.6180338212534389,0.40652519447305957,0.022377520986432843,-1.5084432637357188,0.4634960814471015,0.547363375297264,-2.2929662527265724,1.0955478792048587,-0.6471778513086845,1.3714682817512998,0.08711146498980704,-0.949412214616806,2.191635007771893,-1.2336021533556336,-0.8811924181067893,1.4263081750878506,1.0,1.0,1.0,1.0,1.0,0.0
0.32485316755371463,-0.020625002753259347,0.1832782852465261,-1.2254285099603381,0.6307523752934168,-0.928698580045356,0.22609479602754978,0.0039162645456684575,-1.194810321588365,0.7538764307615927,0.33014219164435277,-2.3941873007477428,0.8565266765172466,-0.6811481456373916,1.6886000846298876,-0.18542682636946184,-1.0058317150602938,2.283743150102193,-1.0031871629893507,-0.5983884234550734,1.0986190903856083,1.0,1.0,1.0,1.0,1.0,1.0
0.29299306931646274,-0.006710440527644829,0.14722708705450074,-1.3204199140097812,0.35785149193804433,-1.2435357127585442,-0.08249449366281847,0.2615982990024123,-1.04804863648391,1.0422257148932417,0.24476013758192516,-2.137286593857981,0.7461324449000575,-0.6825399989054423,1.9551340350366986,-0.4367304720166566,-0.7353328644159606,2.069516839717393,-0.6922120267525399,-0.6749739988544654,0.949692841653669,1.0,1.0,1.0,1.0,1.0,1.0
0.18787096051206256,-0.013196407292930895,0.12484411310478286,-1.1599926071623854,0.10014083522326732,-1.5595493964594198,-0.3944289815460983,0.36530521803752164,-1.105065056846564,1.1107933342447305,0.28163160623932704,-1.8452530006526557,0.677106289957395,-0.5205267003244146,2.2011529509579884,-0.5417897273389324,-0.44360873674660295,1.765017844469481,-0.4150507191448346,-0.5138038477864433,1.2628968397392482,1.0,1.0,1.0,1.0,1.0,1.0
0.09481802508996942,-0.10553872699643853,0.09618535217445615,-0.8621598334508214,0.05251292139147508,-1.8352048408030737,-0.6952312820451585,0.4084375965151406,-1.4200878785974242,0.8246355995417047,0.5572260338052882,-1.5315370071866155,0.9128962353094727,-0.2440420642551594,1.9739475377153606,-0.2557638228385658,-0.38064709468753094,1.4517560045629785,-0.45477803936286865,-0.6401568179348605,1.575984030662076,1.0,1.0,1.0,1.0,1.0,1.0
0.06558096238843072,-0.18916500733146965,0.08776191109095735,-0.7427968023652645,0.02429187186044899,-1.5814272876846618,-0.4575549140335391,0.26281211115906794,-1.7329039014004721,0.508863735109022,0.7517814012577645,-1.8448708748546947,1.1925981933318466,-0.3059836060095211,1.6592718681284895,0.05700123020880332,-0.27795734143454687,1.1371627292233273,-0.7408541938589441,-0.8708853986390367,1.8495719929295704,1.0,1.0,1.0,1.0,0.0,1.0
0.04861756626099181,-0.16224247916715495,0.10484745842860452,-0.8240505642674048,0.2650274564830061,-1.2690036088754126,-0.14987462328489043,0.40239644063062163,-2.049704379512753,0.3558319021119907,0.8570814963695337,-2.0877759120328347,1.2919549731646158,-0.5800112975512421,1.341541315955616,0.3719142292078933,-0.38812444059720075,1.4510977884256093,-0.9719963017872879,-0.7939523661242084,1.5374221120828042,1.0,1.0,1.0,1.0,1.0,1.0
0.1816440096125159,-0.04809736887851071,0.12317142708960441,-0.7593329775627722,0.26052894791935083,-0.9562150302689367,0.14410442003185897,0.1894434534182099,-1.8041200986130794,0.2954729702617132,0.6239947113365555,-2.3337196075219775,1.2907543837391784,-0.6866561038524458,1.0255060529770075,0.3721210704039378,-0.7445866638103962,1.7766592894998974,-1.1764984556629343,-0.8073360028514819,1.601480232829278,0.0,1.0,1.0,1.0,1.0,1.0
0.1947031260529866,0.09480738485974785,0.08979996993668535,-0.9687646290918536,0.5538386142846655,-1.168495069617623,0.43807398736100167,0.0808332961689304,-1.483812703841847,0.58103917682199,0.42502963609965316,-2.516265376069837,1.2538576064431473,-0.6181707060801482,1.3388610120925624,0.09121503767980566,-0.9351489420081096,2.0917964932702646,-1.1168767256165526,-0.6451969686712085,1.8329291190693366,1.0,1.0,1.0,1.0,1.0,1.0
0.09489794917198266,0.1818091787843523,0.08448165390765469,-1.2321436386003923,0.688327007126101,-1.3690235723325832,0.17148647654592997,0.15938292298391452,-1.203190183400335,0.885647847732266,0.3858908551492154,-2.4645020789324574,1.1897956580497937,-0.8952183442077719,1.640573649049541,-0.21717158384339774,-0.7719028143644978,2.2228303747065,-0.8455947641576518,-0.6851503107956333,1.5218656446740408,1.0,1.0,1.0,1.0,1.0,1.0
0.023985988353801224,0.23756726296865568,0.10634716749684084,-1.1829236453492993,0.9169335623239625,-1.6813222322734176,-0.14168902531080507,0.2954740048743011,-0.9102190133006749,1.1040199118182439,0.29578381423355005,-2.206222370512914,0.9426932972124974,-1.07965450263932,1.92145615091253,-0.500250678993191,-0.5339240115153969,1.9109199685506497,-0.5568349396126796,-0.7704372798727174,1.2079130510680764,1.0,1.0,1.0,1.0,1.0,1.0
0.02119690008249772,0.22328986092024547,0.10847058002668683,-0.9482928877241945,0.9573196650272899,-1.9795874109735798,-0.45179429691187245,0.31056917407211815,-0.9321723604433296,1.1628335855208716,0.287070161546201,-1.9059021423285936,0.7487995442509705,-1.1130448901145609,2.1979719468412484,-0.4642828465418389,-0.4228336856559914,1.5962986135635,-0.3572311446873997,-0.6517721241639587,1.5186286893464311,1.0,0.0,1.0,1.0,1.0,1.0
0.08717452873156853,0.06789685951620403,0.11803691265090985,-0.7410770921595802,0.6725643814870972,-2.2312192130352178,-0.6946672072898785,0.17846927688513317,-1.2238259636293083,0.9120361652360081,0.4344889205059961,-1.5906289793408062,0.661563209133809,-0.9119507495096215,2.35931378665839,-0.16997857057626775,-0.457246818020113,1.2747840551972445,-0.32315211454829806,-0.7658024378927504,1.807700568003084,1.0,1.0,1.0,1.0,1.0,1.0
0.12762270120664745,-0.08437122105682998,0.14860451546968714,-0.6692891774342974,0.3577491223566423,-1.9615469646828445,-0.7702884813909431,0.20908727237371166,-1.5207862606216487,0.6024688261991241,0.6920555343722878,-1.8325767457358504,0.8797234256049808,-0.6241326355911052,2.0348658649986318,0.13281234075774162,-0.31323828927752484,0.9456924595469585,-0.6335669704338908,-1.0504849164386312,1.9165225562700292,1.0,1.0,1.0,1.0,1.0,1.0
0.17639698448542532,-0.13536211180725316,0.14451834698776114,-0.6593993145611641,0.21574902575834728,-1.6476196735889055,-0.4617495291803455,0.31552622829715593,-1.8318648407787108,0.3894290073313637,0.8113274945005768,-2.1192904831554245,1.1676656223771529,-0.6779826429889805,1.7240521420532908,0.42745060656388667,-0.4668152718871226,1.2344911463299773,-0.7657863935956527,-1.014107715462196,1.5949120254983904,0.0,1.0,1.0,1.0,1.0,1.0
0.17203041620054974,-0.12524863364158734,0.13577237240355236,-0.7293891939363887,0.15126137739419576,-1.3346822658774329,-0.15594319944682422,0.34697453067598416,-1.8223750511124284,0.32441770112989854,0.8916926911355919,-2.35191291258428,1.2862312619695435,-0.6515150124933542,1.409934139979681,0.5488899228909735,-0.6145763290493802,1.5465013541752772,-0.9851009352857275,-1.0396573250180192,1.682796928972077,0.0,1.0,1.0,0.0,1.0,1.0
0.13778120930189855,-0.0358281278315814,0.08976431669972354,-0.6715478636917214,0.39906695934381753,-1.0230135237757265,0.13786501183196964,0.24520855225250857,-1.5178033879672095,0.3005446347368229,0.7773327817352315,-2.457028096820549,1.2958072949880182,-0.5236453972758396,1.0934905602785696,0.5846678089536107,-0.7445521837233663,1.85852196308306,-1.1680200104804457,-0.9307450733979443,1.951773396978284,1.0,1.0,1.0,1.0,1.0,1.0
0.15033225572555745,0.08506096617128298,0.04172499994913889,-0.9096698607734967,0.6329191240526069,-1.175070778541322,0.41901158436039865,0.09783912799552885,-1.3522498563801608,0.5491259126343891,0.4650207774606865,-2.573882738293961,1.1578303424954728,-0.6666581682826406,1.2363539436212994,0.3227721605975019,-0.9012536309271149,2.159189145721995,-1.1457066933973659,-0.6178911747908392,1.6374495568578238,1.0,1.0,1.0,0.0,1.0,1.0
0.12204895482152703,0.1254732522422676,0.0331081552276111,-0.9732678708581696,0.7343959392449841,-1.1298977692690984,0.1864538457013446,0.07772902529369871,-1.1340779269578511,0.7457302879381578,0.45210219764354753,-2.4196932564666724,0.9274261302732032,-0.7666835583257716,1.5338132713090558,0.04556265089517808,-0.8225777555335977,2.2691183966225577,-0.859712915466069,-0.72051181582689,1.325428047508747,1.0,1.0,1.0,1.0,1.0,1.0
0.03762271611031903,0.13179684467018085,0.07302165703087751,-1.1954067808858289,0.5610447918707047,-1.4299003542265645,-0.12619549614677394,0.2305808331609178,-1.0109374957239232,0.9579196054061179,0.4224216696413856,-2.1487473545544336,0.899467461917939,-0.7861991492588087,1.8215479812563329,-0.2649595211499232,-0.5284559521342695,2.117177664921237,-0.5517808044064869,-0.6314459729230206,1.0283062910772098,1.0,1.0,1.0,1.0,1.0,1.0
-0.015436121145720266,0.12646394320064117,0.09149578614745271,-1.0119928322926652,0.6561770508417675,-1.7376533057616474,-0.4382549957311742,0.33175415853437956,-0.9866144527636349,1.0804853915948924,0.3049166730060264,-1.8217058423128702,0.7506015445047535,-0.7396293245292943,2.10673827426547,-0.5172222022287916,-0.2852757840644575,1.8029067101969167,-0.37056812358862656,-0.4462968494212163,1.339442404225208,1.0,0.0,1.0,1.0,1.0,1.0
0.017351060417755415,-0.025245510702260054,0.07473491734278917,-0.7720814111221205,0.4212821091439589,-2.0191443174435117,-0.7206636732939857,0.32914151671977787,-1.301531310377337,0.8091223059139577,0.500149370251945,-1.5073926146160646,0.6970752534609984,-0.4828405618422396,2.3125776704632877,-0.24903402836923855,-0.38002724162368084,1.4888548889616957,-0.39924185836752046,-0.6574552718678195,1.654726004147645,1.0,1.0,1.0,1.0,1.0,1.0
0.03565860082576636,-0.1920476124849816,0.0698938786739007,-0.7305730940183432,0.16623770196390544,-1.8744359414843719,-0.70196192841166,0.24364139009181776,-1.6173949895837423,0.5094415383015459,0.807560514293259,-1.7908590815751573,0.9249841986757082,-0.25701915388588065,2.0107237913428624,0.06394861758459502,-0.1643171450590709,1.173309421861401,-0.6842962967845286,-0.9641931639067551,1.918453417951643,1.0,1.0,1.0,1.0,1.0,1.0
0.09618261914832574,-0.19458818446491263,0.065400726363911,-0.7205415631319019,0.2565965402505899,-1.5599699114384258,-0.4046719144937343,0.32485789970264933,-1.9435989328501357,0.3603587831434275,0.8442501453951353,-2.0360596907259674,1.2074217375145397,-0.5076521851002035,1.6974682529602965,0.36994784122685564,-0.4242229577051787,1.4709042971572712,-0.8165671394002697,-0.9540064340592977,1.6041786221536487,1.0,1.0,1.0,1.0,1.0,1.0
0.15605783568654044,-0.12696803638042806,0.06878031048621167,-0.7903581391613722,0.238160304733391,-1.245972291988225,-0.09999604705353782,0.39583040998920177,-2.064614524221181,0.30239732983761625,0.8034862039516333,-2.2826217947376284,1.2747620738090355,-0.6803769972919766,1.3826589259233735,0.5474822025330469,-0.6994320771702573,1.779949515839774,-1.04855289148343,-0.9205903867761477,1.537545804001987,0.0,1.0,1.0,0.0,1.0,1.0
0.1807782611141681,-0.025683738112502907,0.056556111717872753,-0.7601944820058161,0.455936626487405,-0.9336956853248508,0.1924868213293972,0.20759144794028278,-1.7822806422922457,0.4016617220151473,0.6618612456653005,-2.400815163029216,1.2771582572198852,-0.45453497718065905,1.1744078388987926,0.28244010442272516,-0.8826844023828996,2.1010985399527424,-1.2105680088165016,-0.8182955383263173,1.73584953339771,1.0,1.0,1.0,1.0,1.0,1.0
0.181138787790081,0.07923787431575244,0.06210591378382738,-1.0179468477502283,0.6752518122379156,-0.9222213258207628,0.48259749663295193,0.09647509746149319,-1.4740176689116995,0.7031477078767068,0.3801480295635078,-2.5520345622206873,1.1129259838333532,-0.6282915759739529,1.3854090736173574,0.002137490842208156,-0.8795539514127323,2.2540178832406546,-0.995133615904579,-0.5501112108627273,1.4231345324373699,1.0,1.0,0.0,1.0,1.0,1.0
0.1290818233364042,0.0791558357694103,0.12130718371793311,-1.2410598269007829,0.46715860035655166,-1.236041735280832,0.21888379067732588,0.3302961075884027,-1.397008077067389,1.007631797921752,0.39590117870206976,-2.3020531618777147,0.8558965363395535,-0.6891396160993943,1.688914718024773,-0.31138351223893385,-0.6709162342894097,2.228009417118959,-0.688281372511583,-0.7438856088385729,1.1145119036470041,1.0,1.0,1.0,1.0,1.0,1.0
0.08453338292901305,0.09857367860983593,0.1725465305153623,-1.2273000568132628,0.40816045350232855,-1.5361704215112626,-0.09432660051630692,0.41087136220811127,-1.0845118657400985,1.0959828935727385,0.2721585840276747,-1.9928510249954818,0.8230520863321418,-0.7243283521515702,1.9868555751139416,-0.5563539940849541,-0.38017805156410717,1.9111902682046027,-0.417333857235759,-0.6780245865144562,1.4261562007042692,1.0,0.0,1.0,1.0,1.0,1.0
0.1160521457129082,0.012415640978059611,0.18168421048158415,-0.9489244057843181,0.21994766650681197,-1.824822268507237,-0.4052791438237989,0.38008132943403433,-1.1500548649766176,1.0592984847606672,0.30189833661625715,-1.6776516271251947,0.7378744302311925,-0.5206083893231911,2.2362659638486613,-0.33730294383110476,-0.3907983690564068,1.59806276886781,-0.4015085652456699,-0.6918192077536074,1.7387258309607134,1.0,0.0,1.0,1.0,1.0,1.0
0.14700117444897207,-0.10436098984149424,0.19155732458735866,-0.7310848926401377,0.057281866658884156,-1.852332253106683,-0.6999582985697269,0.33676524837617844,-1.4622220682718599,0.766002068007392,0.5345114641814979,-1.471073607771171,0.9446279418848261,-0.37349426265748364,1.9719799787195926,-0.026525133386307687,-0.3986848594583431,1.2855872881189494,-0.6868654698615702,-0.8477816755525784,1.86256208378894,1.0,1.0,1.0,1.0,0.0,1.0
0.08963112642913698,-0.12905731146885163,0.20224814996728238,-0.7968607206335647,0.1530514156315798,-1.566790541610251,-0.44727038977485634,0.1995639136925266,-1.776738353111832,0.4699540076046,0.7182569873699193,-1.7852682561107016,1.2027637490728538,-0.5394287916827983,1.658283254754231,0.28662977349808616,-0.3667467699867428,1.5974985214700217,-0.9775094947277884,-0.7485085618991516,1.5541017588839547,1.0,1.0,1.0,1.0,1.0,1.0
0.060687188382956087,-0.0945632803436825,0.22282931899928185,-0.7233071732399505,0.19645907016854175,-1.2536088188041723,-0.13842704842239162,0.45695570445277484,-1.9384827298074345,0.3438046189903673,0.7828392310751102,-1.9879607804335004,1.2491863349621117,-0.625386334000177,1.3414490484169648,0.454894356118943,-0.4575892437728237,1.8806453656000046,-1.1857098283469378,-0.8108706715706162,1.718607680939181,1.0,1.0,1.0,1.0,1.0,1.0
0.05138973001967542,0.041604975585495946,0.21866192912444235,-0.9428674077647562,0.40049918177991406,-0.9441008740748571,0.1654765684352194,0.2662360167615714,-1.6718818258173174,0.34085438209422136,0.6113687822957804,-2.2681079992295228,1.2631823088271248,-0.6764877353864053,1.0268935810016677,0.16677390020642135,-0.6459267532762096,2.1700069695117845,-1.2716503929595142,-0.5084147104160457,1.6402765917203488,1.0,1.0,1.0,0.0,1.0,1.0
0.04362876634227977,0.13061076380994444,0.18918181367466472,-0.9150353692827589,0.6486533054040486,-0.6587763395451824,0.44257503108695195,0.09492834095988867,-1.3458037112052932,0.6389819050785096,0.34504026240467534,-2.4719299140831246,1.0435884426447122,-0.572310598070495,1.3221312940801913,-0.12280863603553549,-0.5575916914244953,2.2165014331081103,-1.2899457271116346,-0.4997627966916959,1.9027724754901219,1.0,1.0,1.0,1.0,1.0,1.0
0.019934908026462,0.14305116873665782,0.2122326366910057,-1.1737437647384281,0.6188771739909613,-0.9706563169648668,0.17453066026830555,0.29440921048776036,-1.0349056291705996,0.8708910660437598,0.29677091982606785,-2.228622044879322,0.9269656368186973,-0.6924381970838697,1.627992378133134,-0.4213302433669092,-0.42735902823173405,2.1842548334423815,-1.0131670896997254,-0.675931792747135,1.5910260212202632,1.0,1.0,1.0,1.0,1.0,1.0
0.000676578876375733,0.1635873745139728,0.22614793842445705,-1.2903081348089027,0.4623128900966745,-1.2725354189741231,-0.1394311028677161,0.3913933104132108,-0.7806428131108682,1.0952709884030567,0.21833148909295624,-1.931988651023102,0.8374126573656051,-0.7723578668629427,1.9253476782516308,-0.521687862712197,-0.25168938845005484,1.880740858876672,-0.6962780981698982,-0.6807387744795133,1.2762189567738442,1.0,1.0,1.0,1.0,1.0,1.0
-0.01347957209762718,0.08289655451108233,0.21247343291477686,-1.039730026097329,0.47674639731298085,-1.5751301951292338,-0.4482986121367104,0.4169685664766639,-1.0247065840571885,1.1180196635001556,0.2925395966967198,-1.628618500234628,0.7221145558481699,-0.6032978136322047,2.1958315694219803,-0.26389835452708793,-0.35474600872094775,1.568412880491159,-0.4202559258353784,-0.6166302298150176,1.588578038785116,1.0,1.0,1.0,1.0,1.0,1.0
0.011563496669428075,-0.09729290325152899,0.18766016318179782,-0.8080287380417607,0.30100897705939034,-1.8571293386428223,-0.7291009990522819,0.3906389271880937,-1.3423311290494806,0.8474974105266888,0.5548668883284962,-1.314938393308526,0.8618100948164956,-0.35636699620499934,2.1905545589444917,0.04884673539079132,-0.36906534789846634,1.2534979733077358,-0.3937579098826456,-0.7231873745750694,1.9020042897355807,1.0,1.0,1.0,1.0,0.0,0.0
0.07486928339301521,-0.21040857900681337,0.18890630371269254,-0.867150760109259,0.10034341802117538,-1.5425340140414094,-0.47373739664114134,0.23432868772588808,-1.6654498198936019,0.5491244742872805,0.7531664626893324,-1.583637838431784,1.1220613351608464,-0.43306521812099885,1.876378359049819,0.3623997833201137,-0.19612820521014762,1.20428712358535,-0.6589669898232381,-0.9002374443773087,1.6415537303329124,1.0,1.0,1.0,1.0,1.0,1.0
0.1496497498184122,-0.2064597640829345,0.20296573024943668,-0.7518837717156628,0.08555086057208658,-1.2301580904683598,-0.16283381233854266,0.4318511933036241,-1.9812932883378058,0.3743132168095027,0.8141973449143332,-1.838348347536127,1.2681270809180754,-0.5792880353511771,1.5620283868013725,0.65058334245991,-0.4495393553501629,1.502670931526871,-0.7849891740841743,-0.9503998970603634,1.3993701315082476,1.0,1.0,1.0,0.0,1.0,1.0
0.1989157812581854,-0.14378188833319833,0.23795397309588365,-0.6634716831390373,0.17641296812026885,-0.9227491027499624,0.14229726138753118,0.41750995848135913,-1.8958916774727261,0.29205988280495804,0.8276893410025282,-2.097400063461861,1.2232917318827787,-0.5609539212974809,1.2466245628097015,0.6368067754907752,-0.7503102777001729,1.8337724222902456,-1.055590958079309,-1.1022525252466462,1.6212357597816556,1.0,1.0,1.0,0.0,1.0,1.0
0.2599246319399332,0.006806195158952061,0.25138052871042893,-0.763515724251024,0.4356713176732591,-0.6229982765173103,0.4230756652293396,0.15816687025610707,-1.583612414766352,0.3105471966683008,0.6085704744981757,-2.3664965365943127,1.0956474977775152,-0.6079391408220801,1.1175768110425472,0.3579671741198852,-1.0950684607959955,2.1464169928947454,-1.208868283191778,-0.9408055159513568,1.6885250525862863,1.0,1.0,1.0,0.0,1.0,1.0
0.27073566011784134,0.12489999080217232,0.26275977353619007,-1.0579587150551157,0.6681627385250948,-0.7968393227901744,0.506305940652599,0.026832327616091882,-1.2702108793728386,0.5955716253167267,0.35217662649329307,-2.5158175338025917,0.8694311067954995,-0.7995230526537752,1.4225220497297264,0.0865165521507617,-1.183897273420055,2.2738849513850194,-1.014499633773184,-0.6396846151788004,1.3630006348543509,1.0,1.0,1.0,1.0,1.0,1.0
0.21173380008661616,0.14095579798918925,0.30628249171878885,-1.2699078192296638,0.47646321674330944,-1.1117951514277156,0.21206052501791606,0.20856793189514003,-0.9580021225751607,0.9084450424512274,0.2942042620297758,-2.2542717752634602,0.7544937212508397,-0.8792694403662642,1.713051459354885,-0.21546031897497925,-0.9269733227673458,2.236292175293441,-0.7010312417656718,-0.5418648827264958,1.0556169607150285,1.0,1.0,1.0,1.0,1.0,1.0
0.1541052850770164,0.14550132341213132,0.32524974718997757,-1.1971785584022159,0.3583639524048696,-1.4142015347787054,-0.09944446072382229,0.3443202000178961,-0.7750738715468541,1.1411777382274304,0.22561691377072357,-1.962147335713586,0.6847077014767531,-0.8995950674525417,2.0033213395669804,-0.5031345000144749,-0.6270363155565091,1.9212306695450245,-0.437116532487659,-0.5316489501423369,1.3671996512876032,1.0,1.0,1.0,1.0,1.0,1.0
0.1139905384599583,0.07434173644987876,0.2973115025427546,-0.921678503088244,0.33383526934231184,-1.706744009714825,-0.4125217981281746,0.37104206273512264,-1.0395409859481277,1.1095827523066415,0.25296600828930066,-1.6431544435865193,0.6486950243701819,-0.6988446832249696,2.266964426040195,-0.5013343037046756,-0.44555010790111893,1.6104494207429179,-0.3394957975767934,-0.5769610168301413,1.6279998921821641,1.0,1.0,1.0,1.0,1.0,1.0
0.0788390785315102,-0.05036275715297431,0.2784654376089384,-0.7280438293104181,0.2601163758165216,-1.9980646624926943,-0.7083373536426757,0.3467581239358398,-1.3543935932775468,0.8104873665541823,0.528064433849747,-1.3750717424030545,0.8761052556507235,-0.39224540411045117,2.134687052275111,-0.20541036389978778,-0.3852358139098096,1.2976358905010996,-0.578371871455802,-0.7266254935521975,1.9172222149081912,1.0,1.0,1.0,1.0,1.0,1.0
0.09616354110444533,-0.1351402251292613,0.2768743011082305,-0.6926682651936047,0.1256631754331045,-1.7601940755634191,-0.4598813839197474,0.12001329776509043,-1.6679735574794412,0.4992543731147824,0.7131195351616982,-1.689707452173764,1.169302019081843,-0.46343088019270456,1.8209167405671782,0.10801227657413881,-0.31546448686730205,1.1314666536677123,-0.8573091465749345,-0.7252810102211912,1.6029118966590707,1.0,1.0,1.0,1.0,0.0,1.0
0.09072442662746058,-0.14698320163119816,0.2973327805916275,-0.7217547671000452,0.3332150610579104,-1.4478923947940685,-0.14400725174341167,0.3878700953687451,-1.973316846062617,0.3617736299749934,0.7769791948474466,-1.9425880454353963,1.266932871164824,-0.5788539595392882,1.502706769377861,0.42125371065612527,-0.40013208144816964,1.4459840904285386,-1.0140912666110191,-0.6708825575175932,1.2906209543784748,1.0,1.0,1.0,0.0,1.0,1.0
0.1487615352967773,-0.06733313167121013,0.3269562783422254,-0.6519285717687348,0.47946737259467975,-1.1338273287966734,0.16114473684932562,0.4343378189704111,-2.016028198413549,0.2940234699344098,0.8079941998785265,-2.2408486027604235,1.1742038091124587,-0.49550822770793923,1.1872012122193099,0.6120370951337367,-0.6333155399411392,1.7586326398421341,-1.127419813012705,-0.792780869390772,1.4480661177383178,1.0,1.0,1.0,1.0,1.0,1.0
0.21969442456544405,0.10902060524041321,0.3010642503454768,-0.8510235578771843,0.6526608524317041,-0.8211196749089407,0.4597534041556609,0.17606764480311665,-1.7403664123109228,0.5431847392338103,0.5323881728518367,-2.4621662517595526,1.041784832997372,-0.6426831585746077,1.1818731186906024,0.34370547681205876,-1.0759974900647877,2.0845122214154705,-1.006124271433139,-0.7088370398873314,1.5542599417424101,1.0,1.0,1.0,0.0,1.0,1.0
0.20624627195273945,0.20844666495784317,0.279567054544384,-1.048519644012617,0.7447502596115494,-0.6894135434032203,0.5894010352334774,0.05210711456866234,-1.426829733400756,0.8489347598747842,0.35433819118449916,-2.4357765598601526,0.8691468959069272,-0.9421405089303652,1.4748139837119245,0.04870083067987108,-1.1776268661524116,2.221384140001797,-0.7624557417259672,-0.6504062585380215,1.5431041423170269,1.0,1.0,1.0,1.0,1.0,1.0
0.1256835244770829,0.2322616240978814,0.33241416537031443,-1.2500136472657986,0.512191240596287,-1.0030913657462497,0.2963210093058878,0.24969672310209354,-1.1147349678561451,1.0984582290716822,0.29163761780038794,-2.1661154999088565,0.7454031310531777,-1.0787862067474896,1.778473926985821,-0.2550446168805499,-0.9096048534145067,2.0975053153147867,-0.5897529008782554,-0.6062703783549824,1.231215690194691,1.0,1.0,1.0,1.0,1.0,1.0
0.05245343797991034,0.2414434329192596,0.36683238604310897,-1.1641538125923656,0.61028934993887,-1.247576182701929,-0.014735692419937996,0.35865071535621795,-0.8259637844026879,1.1985888940992486,0.2179901499379849,-1.8645434739938258,0.6806871022285951,-1.1546209947127914,2.07523773348472,-0.5249994360776793,-0.6073525544917295,1.7822104338308535,-0.4183595533271398,-0.5891032802223,1.5117894542233679,1.0,1.0,1.0,1.0,1.0,1.0
0.015400636605155116,0.18105414170562287,0.32188311298668715,-0.9189446326231624,0.6803160113037074,-1.5502436328374032,-0.32554941836735185,0.36239510299873245,-0.8920215837428511,1.183264032857791,0.22776720116182006,-1.535336936410908,0.6420490853587996,-1.0397255780540395,2.3227456315634294,-0.5002091000751829,-0.4208060928762143,1.4735816661963819,-0.3212996349060515,-0.5559642607456388,1.7827914915468628,1.0,1.0,1.0,1.0,1.0,1.0
-0.04946667410511729,0.0421931050725908,0.2637094703110766,-0.7360602830294088,0.7305055404010456,-1.8502221767045937,-0.6390394246117648,0.35882601117235957,-1.1999483820870163,0.8999272625227477,0.3896196614440359,-1.2204729301382204,0.6662488931426728,-0.7459199797956545,2.4016936960931856,-0.19681021144584016,-0.4312712725159455,1.1619221311132653,-0.3558717114834963,-0.666196773051073,2.039643644057777,1.0,1.0,1.0,1.0,1.0,1.0
-0.03872343103624856,-0.06693741870689851,0.23349161947855104,-0.726649177800051,0.6053975662919115,-1.9779001994098628,-0.7722491707762581,0.44005404102965134,-1.5057386913170454,0.6006714975016623,0.632492077901328,-1.450416578127382,0.9082341770301705,-0.5397926048658238,2.1589950224395142,0.11634355012774245,-0.27143132330903347,0.8718731676674742,-0.6622346185962125,-0.7879051362516923,1.9416767283307421,1.0,1.0,1.0,1.0,1.0,1.0
0.08494779515673603,-0.10762345593704023,0.21076599751665062,-0.6938607751093379,0.30624106366320997,-1.6691611567775964,-0.48940236984225766,0.39320032143291056,-1.8076274692575032,0.3887829757368788,0.7723534201295549,-1.7691975852946509,1.1784294090372454,-0.6632851238501308,1.846314418940302,0.42909040573866497,-0.3387377848311299,1.1869166819873964,-0.7489612839724007,-0.8732191513344075,1.6242182385285935,1.0,1.0,1.0,1.0,1.0,1.0
0.165719936007677,-0.13715939240812502,0.20864939874381624,-0.6740404444108413,0.12210778706178699,-1.3568501935225823,-0.18214706253940494,0.3841763582408216,-1.9950781196786744,0.3178004619189977,0.8180743955419878,-2.0633639326286137,1.2030185708467065,-0.7015014190348892,1.533081202314091,0.606386213261077,-0.5124797581693296,1.4846560614995432,-1.0066552941068236,-1.010408068554981,1.6067858836542033,0.0,1.0,1.0,1.0,1.0,1.0
0.21572520963468136,-0.09082901105857141,0.20450158528354737,-0.8670921229593846,0.28516386966474605,-1.0440417830560753,0.10107502351814712,0.16255451730791465,-1.7161829860986757,0.32176568367122504,0.7352507979310191,-2.317798448018694,1.3115025505565403,-0.6099366436756524,1.2170577700800689,0.34875037499616235,-0.7693574238092392,1.7974464470728697,-1.1957516623272493,-1.0685623500532833,1.82365855874335,1.0,1.0,1.0,0.0,1.0,1.0
0.2631641626875505,0.009886882878322484,0.15951094911137312,-0.8309610244229247,0.5762248359154247,-0.7294196374491784,0.40545253798232805,0.024145956681917047,-1.4389939995555112,0.3971998106536199,0.45745524596886444,-2.4781299876855853,1.120036032389546,-0.6615469954466668,1.4736720900586806,0.3846976305877764,-1.006049364606639,2.1017250435964296,-1.1952885459535372,-0.7529578558233846,1.5076076542077077,1.0,1.0,1.0,1.0,1.0,0.0
0.25941826991005035,0.07919320682541628,0.12474765271647151,-1.0844599035912905,0.678770096413053,-1.0392038603102847,0.2705825364793576,-0.000376188333097327,-1.1315601368566375,0.6966122094275521,0.3110059138113779,-2.465552517921133,0.8808617921779432,-0.8632533680515679,1.7642444962391988,0.09653789806091428,-1.0618944701883237,2.2460675388671563,-0.9909504360049737,-0.45019107502492217,1.1725575732134936,1.0,1.0,1.0,1.0,1.0,1.0
0.22029490303823526,0.10165793115297692,0.10252897958574039,-1.2381729608616767,0.3936083784283217,-1.3548489971049336,-0.04085680160882099,0.2438724399490698,-0.8837134021203237,1.004383806945481,0.2508227878291366,-2.258030971844685,0.7809420823146536,-0.9649104335931489,2.041174209727286,-0.18827836152848848,-0.8004028642028922,2.0118355014516838,-0.6857573223656306,-0.5726707278806049,0.9544654500225125,1.0,1.0,1.0,1.0,1.0,1.0
0.1456168028837361,0.11884238709292036,0.09534497486581797,-1.0261557852216976,0.44508907949694254,-1.6481543523663127,-0.3520891949784807,0.33892719760432755,-0.8795585054913082,1.0864022638553386,0.2240586715952831,-1.980920811873039,0.7046369083474631,-0.8965328392881823,2.2870996338015352,-0.4657657352306911,-0.4852259084669537,1.698696574178113,-0.417108022508059,-0.5338365233889443,1.2648885047159888,1.0,1.0,1.0,1.0,0.0,1.0
0.08942978008201483,0.035813817484366656,0.08403038889307338,-0.8489299445596652,0.37409201233629186,-1.9411295766947265,-0.6630516783245726,0.19958566748166334,-1.1936992528608967,0.8095608162996688,0.3973032818565809,-1.665087940456771,0.892856065495811,-0.5971617876094861,2.3242118806067715,-0.2586152637574213,-0.2496912550701783,1.3855970482336257,-0.3988735169724321,-0.33942476784856734,1.2503115099907272,1.0,1.0,1.0,1.0,1.0,1.0
0.07183080951354423,-0.11410249845494484,0.07892765850029718,-0.6917668989495757,0.13864156633061125,-1.7709469485166796,-0.7716009511812207,0.28146709913585155,-1.5086230153964493,0.5025478172166669,0.5808698249074574,-1.5337679551613377,1.148252869393801,-0.2857644122192846,2.0323085551074933,0.05073268367685113,-0.21345077699917048,1.0733129546392894,-0.6923781416842131,-0.663052548789075,1.5497817634922184,1.0,1.0,1.0,1.0,1.0,1.0
0.05248468010195825,-0.19770018240030912,0.08404980632969397,-0.6709715597283498,0.16708983720643664,-1.4552613907526228,-0.47853587963945493,0.270664576689564,-1.8371352648326205,0.35245578489780005,0.7858130627075699,-1.8406227944973348,1.2687574860768598,-0.4790149965948435,1.7201168796274229,0.3669410423797942,-0.3508009738642967,1.3873836698162392,-0.7885963135779934,-0.779106781930126,1.4680254784182143,1.0,1.0,1.0,1.0,1.0,1.0
0.13992524390355834,-0.19431733731456152,0.11234290038068764,-0.6880893510021595,0.11051860626473131,-1.1441675139390826,-0.17410075064241926,0.36918412009202034,-2.0573942905065175,0.2987406757149106,0.8317602992948212,-2.0910509079900432,1.2626188025138825,-0.6470878266050024,1.4017806988816757,0.5503603525423949,-0.5602725940586646,1.708803216600914,-1.0648994672221264,-1.1009045102649089,1.7086139176202126,1.0,1.0,1.0,1.0,1.0,1.0
0.26956984799320793,-0.10295809505360666,0.1297929271115156,-0.928617303236931,0.28029748753305084,-0.8298195647153919,0.12381525796347403,0.12834431076899597,-1.7565686059743437,0.3005650854776959,0.6514099634699737,-2.3490632811565044,1.289377946276001,-0.714007710316383,1.0875871855982338,0.2952567461951514,-0.9917919699051028,2.0389395303642663,-1.2212873543924756,-1.00057898967947,1.5766677832243898,1.0,1.0,1.0,0.0,1.0,1.0
0.3279348500554228,0.011660218998240046,0.12092831967015696,-0.9819299119164224,0.5805902953503881,-0.5934911195839894,0.4297573521403758,0.00946794758450454,-1.4400369011204248,0.5902426268393947,0.4025424601153881,-2.4716404174197497,1.0239826337672837,-0.654879345002331,1.4020790116450823,0.045030693434936375,-1.2057601011663324,2.234016078166007,-1.2496041855017184,-0.7465642003540206,1.4929692684927423,1.0,1.0,1.0,1.0,1.0,1.0
0.30809522594788474,0.0706646208257953,0.1327751295605947,-1.231093824390264,0.6241458114950562,-0.9061641230707425,0.16761121299016624,0.17243234034690122,-1.1272731327034866,0.8853831772606018,0.35415403609417434,-2.358763774281091,0.8780378260732933,-0.8842509702520729,1.7034741131722684,-0.2606147708536802,-1.1716095557193122,2.27830750738699,-1.0002733414206286,-0.6987833315385744,1.1841848292713288,1.0,1.0,1.0,1.0,1.0,1.0
0.277029523824305,0.08141371879073558,0.1568075448951253,-1.3119319290103835,0.3277770208992857,-1.2202209788430467,-0.14530908686739497,0.302469621153592,-0.8555164064757623,1.1109967972035668,0.2580052106368987,-2.1160807522501592,0.7519077986882187,-0.9772959262018216,1.9860616113925964,-0.5169833690065646,-0.922787717482966,2.1042360964787994,-0.6882203919556393,-0.7455992749276161,0.8986078600319054,1.0,1.0,1.0,1.0,1.0,1.0
0.21546664259782347,0.08461691760358012,0.14878221110122883,-1.113657953216751,0.29848385598596205,-1.5198535321568258,-0.45774872936829947,0.307793608747421,-0.869155895412127,1.125509786687664,0.23430450164913982,-1.817787947732947,0.6795107072588059,-0.9471412840422655,2.245220212178621,-0.606710027635146,-0.6177666999877754,1.775667395419151,-0.4172811056656326,-0.585532106449917,1.212143899788958,1.0,0.0,1.0,1.0,1.0,1.0
0.17642616451436918,-0.0326155583956291,0.12392958160758463,-0.8297672588276982,0.1943093591201118,-1.796559534812389,-0.7329311778789388,0.21208622143816722,-1.1833190848468493,0.8387951346515635,0.40169298940597564,-1.503415396555576,0.6509473775179861,-0.6531114699734988,2.351127030578292,-0.388224472672206,-0.5037368713147368,1.4624578185908184,-0.4398300555756409,-0.6962086376224701,1.4939700785407506,1.0,1.0,1.0,1.0,1.0,1.0
0.11339763462665034,-0.15519551365311912,0.11261362153060342,-0.7148324214874735,0.10933949697032576,-1.8778706941618484,-0.7945564586861229,0.17121905069304544,-1.499223333231212,0.5236014547514781,0.6411100116968323,-1.7857161692677586,0.8965136094141392,-0.3435837804743622,2.0463445247043737,-0.07774463899162187,-0.25882024428634853,1.1460207256080357,-0.7235555107609294,-0.9255721242511128,1.795688628651503,1.0,1.0,1.0,1.0,1.0,1.0
0.10114072861885684,-0.1522585227748141,0.11468081366194185,-0.691475435687651,0.20496561580486966,-1.5627925256231172,-0.501917851898837,0.25210370764943735,-1.8242993429666545,0.36196144524070273,0.7764389975111884,-2.079508916585604,1.1860018907336414,-0.5157562882481052,1.7332055354268516,0.2291704673122138,-0.3720100404014458,1.4324162924545123,-0.8446687372638298,-0.7859915713477967,1.486378602797608,1.0,1.0,1.0,1.0,1.0,1.0
0.09132158941322518,-0.09102859936794015,0.11788071900505867,-0.6874373483882152,0.19660525011731486,-1.2482036324369332,-0.19163551855453875,0.4359010928647505,-2.0410731584376656,0.30194268163843113,0.8123671564236961,-2.3333669517389994,1.2380839250514915,-0.6534968581367097,1.4185838174168814,0.5162212875988624,-0.5453712757761819,1.7345894754305873,-1.0742045311536632,-0.7671024096864967,1.5452596547187094,0.0,1.0,1.0,0.0,1.0,1.0
0.06105071126740866,0.007235031910761969,0.10103015867831885,-0.66367892193459,0.41973977794744877,-0.9344524874321827,0.11344437218151826,0.3671758440829281,-1.7937024526436784,0.3244943465591318,0.7315562433663592,-2.461467796311092,1.301763623277663,-0.40094369829296417,1.1717422970884264,0.26654492719631206,-0.6479592746417677,2.049987596384573,-1.223499561485688,-0.6678381508463525,1.8032107400092412,1.0,1.0,1.0,1.0,1.0,1.0
0.04394058264362469,0.11831929507926872,0.0847179549509747,-0.9085014518501571,0.6589015929207112,-0.8336992862583403,0.4150722836291768,0.2118319796444695,-1.470757742170949,0.6187612645493228,0.425814180770244,-2.5773063944802135,1.2036395704230203,-0.6023376518108955,1.3507374505203809,-0.04195544384637617,-0.6141999817252741,2.2281362704858196,-1.1737322629357168,-0.45525493710449927,1.4923105179069112,1.0,1.0,0.0,1.0,1.0,1.0
0.03730732411333837,0.15730915621333405,0.09333846523304631,-1.1855437970175946,0.5098647866690486,-1.1478694808266001,0.18545655039069098,0.37662272424629856,-1.2549390998774168,0.9321477580707818,0.3139820671017264,-2.2996426240295254,0.964903307805551,-0.7799225996457383,1.6549094222831773,-0.3566233553574349,-0.5304736722740839,2.232193145695751,-0.88800373826424,-0.6975401029004165,1.1806144783998187,1.0,1.0,1.0,1.0,1.0,1.0
0.010657183342362514,0.19471481785258524,0.109727800755021,-1.199110579116625,0.6415132671128703,-1.4494882775378848,-0.1297819623997415,0.4258452728344457,-0.9414513320634004,1.0907328791635196,0.22971565860505652,-1.993065671347626,0.8893933114924328,-0.8737055955320441,1.9457739116772799,-0.5726410564978419,-0.29559238656855696,1.9362491165329152,-0.57375669216557,-0.7030385799965949,1.411660974321744,1.0,0.0,1.0,1.0,1.0,1.0
0.04636354885718394,0.1092746380425548,0.11289377249220026,-0.947647900812692,0.5125221286118237,-1.7318040825108127,-0.4412899669023018,0.3626692830497312,-0.93755857766492,1.1410905531458955,0.250286862359553,-1.6807706701783436,0.7509492234086739,-0.7520791409911703,2.2223705819727355,-0.4032788900606219,-0.33271225343319927,1.6229206275653114,-0.4093296957019904,-0.7501362727325214,1.7241412287187179,1.0,0.0,1.0,1.0,1.0,1.0
0.1253417322776146,-0.054682515617623245,0.12761097483488396,-0.7403740872377438,0.22993604369575477,-2.01125330750051,-0.7242260195318089,0.27345045806937773,-1.2513119806886155,0.8682443034637483,0.5148290359111026,-1.3677810749330375,0.8251232635300868,-0.574614828320129,2.128959361692566,-0.09438962703798259,-0.4207924373231833,1.3089624340033843,-0.5034916412506693,-0.8190173592673192,1.7693579877964087,1.0,1.0,1.0,1.0,1.0,0.0
0.15913459652864867,-0.18859785935389003,0.139853538851453,-0.6902700575645375,0.08868100147394278,-1.9094409057187973,-0.4634883378019474,0.09276463410578822,-1.5667277974804146,0.5532718491987989,0.7220812613481467,-1.6807422514979586,1.109499995994152,-0.49774448572750385,1.8181921981362201,0.1983440308582114,-0.3293893826420135,1.208208573817172,-0.7931902239327708,-0.9122405670556396,1.4607478253680428,1.0,1.0,1.0,1.0,1.0,1.0
0.17397614515054163,-0.23971137374677307,0.15698604703634547,-0.6572134139772736,0.1528231985391048,-1.5979132586125577,-0.1424282138999361,0.35718221955283463,-1.8823488594930302,0.37121718449860464,0.8671733454234437,-1.9422523679241088,1.273914271445709,-0.5691133200039232,1.5020817254403922,0.506789956656638,-0.4843532758418808,1.5081498131133144,-0.8632151832206817,-0.8974892705611299,1.1581021431444125,1.0,1.0,1.0,0.0,1.0,1.0
0.16785383526019174,-0.17132411922944923,0.15198769041732577,-0.6277240337551837,0.24824614559685299,-1.2840577692273947,0.1628612927760552,0.5301225807108049,-2.0225586123219386,0.29359788811078785,0.9058095990705516,-2.19368070778619,1.241366581881617,-0.4911283811230277,1.1862602962216262,0.6875689239957535,-0.7086195712786616,1.8096596584312348,-1.0640106257698598,-0.9968109843526228,1.4569335906510963,0.0,1.0,1.0,1.0,1.0,1.0
0.22240462820536364,0.004231866398430928,0.10369802699924238,-0.8574686718607291,0.5114831503483552,-1.0535769513815731,0.4446138772792375,0.2803229595867038,-1.7239577052273356,0.528015675444454,0.7105751551757653,-2.4389095008751163,1.302389517857761,-0.5264432428636048,0.8904813202547691,0.4984988253345771,-1.0980469114159805,2.125240159802689,-1.1256205703720064,-0.9203324172911054,1.7417733098118542,1.0,1.0,1.0,0.0,1.0,1.0
0.27041510296671634,0.1470353776025269,0.06662396444393778,-1.0944865944181368,0.6964268984304796,-0.8176208373160041,0.5886300507074328,0.07219581951000345,-1.4042552347981365,0.8017121281287265,0.41783571283716625,-2.536921086176213,1.1321100953523495,-0.7668593721762688,1.176582992712562,0.2559052359699203,-1.2957885806063447,2.2722333353934223,-0.8702109364271456,-0.7036792256111996,1.4288885642426135,1.0,1.0,0.0,1.0,1.0,1.0
0.22915224364584322,0.1477001121393344,0.12709122452094093,-1.2598390855174073,0.4696751155763825,-1.1307057604903523,0.29949438595553424,0.29315012396947765,-1.2135940426743366,1.0875189414556161,0.40691140730103037,-2.320777854019685,0.8788001055231417,-0.8772194514143533,1.468224654364057,-0.04361468079854425,-1.1206276974503444,2.2589292538393195,-0.5620641181323481,-0.8209319437529276,1.1208048401043373,1.0,1.0,1.0,1.0,1.0,1.0
0.17992766947355596,0.1618401330517221,0.21366144363670073,-1.2448049185031558,0.4821268230400844,-1.4049120802721844,-0.011868392076519796,0.32165164773928623,-0.9113617674017291,1.152059262552139,0.2911212332368512,-2.0072514017793393,0.7510054625581184,-0.9463183821450729,1.7602131339991334,-0.35858200482778846,-0.8096589501958081,1.9845771430400585,-0.38526192140786963,-0.7400674974398155,1.4317917269612606,1.0,0.0,1.0,1.0,1.0,1.0
0.17200232396148454,0.10218720088452007,0.22697537765478717,-0.9899800326847114,0.39394130277704575,-1.6889824337444252,-0.32314563073892666,0.22190984483972973,-0.9584601421151364,1.1534857252401882,0.2643068414507605,-1.6621684262108158,0.6709656920643994,-0.8870790479425065,2.0503210225646344,-0.5462058671196406,-0.5342248562337054,1.6461035622371754,-0.37051028047892953,-0.761149973830521,1.742717995230064,1.0,1.0,1.0,1.0,1.0,1.0
0.11634427507915038,-0.021734823086820565,0.2185108357060481,-0.7651617634846035,0.3325672286961891,-1.9795790483956173,-0.6381879604658429,0.221385536552669,-1.272640727791293,0.8554078486135762,0.4764926872806894,-1.423742664396575,0.8484064367586894,-0.5843079116484942,2.118000578479158,-0.3019656277561061,-0.4627598835050776,1.3355415255790717,-0.5838268040840787,-0.86912817674361,2.01839344784699,1.0,1.0,1.0,1.0,1.0,1.0
0.10395091768557155,-0.1253107064705094,0.2197640484513367,-0.6977566976669006,0.1657903945735775,-1.7364206609827826,-0.5286199347888513,0.13241263871936054,-1.5822819161613595,0.5379171454897189,0.6495467290064959,-1.7312514029526476,1.1426643150041564,-0.4926817618816695,1.8057438443370315,0.010612622330229637,-0.34817600385393466,1.0657635402827697,-0.8766900304055009,-0.8597083123664444,1.720997408693524,1.0,1.0,1.0,1.0,0.0,1.0
0.13730482100505806,-0.11670251411999061,0.24898134110436995,-0.7630867693126724,0.31495399421020037,-1.4243252752249966,-0.21566297567665416,0.29556018576712656,-1.8934342777331663,0.3656895007630302,0.7269785104263248,-2.035766982343841,1.259991943849965,-0.634445180608654,1.4910355116512168,0.3247534613621753,-0.4121612779703442,1.3797616982203966,-0.9777461570849819,-0.7723998387919514,1.403750256369761,1.0,1.0,1.0,0.0,1.0,1.0
0.15915257693904614,-0.05605275205466506,0.2556034072872192,-0.6719701683543903,0.4730854084977423,-1.1094229220112786,0.09444542129555289,0.419029609343604,-2.0415044709641275,0.2952062424638455,0.7849019869216489,-2.316438177410884,1.152117827768713,-0.5667987961259572,1.1830909390067477,0.6000324143808112,-0.6470794473645559,1.6888056058565213,-1.0974805048840752,-0.8079291396172955,1.4987961603334106,1.0,1.0,1.0,1.0,1.0,1.0
0.20982033582006834,0.09568741032598757,0.22765006331090124,-0.868575127112613,0.6289694058759967,-0.8024940394632678,0.39438953273215394,0.17165936867787335,-1.7573074630881513,0.5229575859170721,0.5186951870689263,-2.4777385181195863,1.0519985158097303,-0.6719652408575012,1.179007459833482,0.35573329828096456,-1.0125404900449408,2.009971945752347,-1.0717440783598835,-0.6702367981847362,1.5723953395061283,1.0,1.0,1.0,0.0,1.0,1.0
0.211943882370731,0.17324529169032563,0.20204574456341554,-1.0137275589313477,0.7334224991992706,-0.7138402460255471,0.5653955832871665,0.052732911806483866,-1.4462069328591938,0.8102226382009852,0.36291349148515983,-2.4589438052775265,0.8751129633946914,-0.8909255258701053,1.4783756927155691,0.05837946715890929,-1.1163273387101231,2.215323794034777,-0.8042342821797063,-0.6863779593933531,1.5151352688936812,1.0,1.0,1.0,1.0,1.0,1.0
0.1409698320364974,0.1822036259328432,0.2529020620577387,-1.2437119194202928,0.5122070836885055,-1.02705999494605,0.27496421298951657,0.2520863720296146,-1.1335520721909955,1.0658399488570673,0.3302011175667108,-2.1768266486774217,0.7709466757488934,-0.9824019165370135,1.7851080047370922,-0.2468101500249984,-0.8512281192233554,2.1572286462182255,-0.57092943315084,-0.6150319044050264,1.2048232792166367,1.0,1.0,1.0,1.0,1.0,1.0
0.06471933220339601,0.1927488166034171,0.28442918073661505,-1.168674699407652,0.5393856009137752,-1.3212265353111274,-0.036205012992885366,0.3690288548550823,-0.8457984070853402,1.174516782520113,0.24055958091509105,-1.869308952941136,0.6966802768775029,-1.0185268325676529,2.074981417658975,-0.5202197835136908,-0.5469374323122425,1.840779362179064,-0.3958351881289982,-0.5750865850259164,1.516926591906464,1.0,1.0,1.0,1.0,1.0,1.0
0.03809601933840265,0.1261616479293103,0.25140614225784397,-0.9207282384939726,0.5709766714172679,-1.6177503215075675,-0.34631380101331033,0.3887543813713299,-0.9662446245273113,1.1484842685729657,0.24802249021048006,-1.5354106626110422,0.6562547527054827,-0.8767586114134741,2.3101327633742805,-0.47740441498974495,-0.4096848832712293,1.5303403839411467,-0.31939594744002675,-0.5677920237705071,1.8038382753297546,1.0,1.0,1.0,1.0,1.0,1.0
-0.011144835885549265,-0.009464761310000264,0.20816859679878855,-0.7305253252845273,0.5777927322776553,-1.9110229634559515,-0.6562088271147392,0.37316446383360036,-1.2801378505018421,0.8660693635228703,0.46913552116970525,-1.2221013434349772,0.7947809836463251,-0.5901712829494399,2.338882954621402,-0.17563164588197955,-0.4177967994339271,1.2183295059708765,-0.46064139006637717,-0.7284426019113409,2.083891042652631,1.0,1.0,1.0,1.0,1.0,1.0
-0.010068523015933195,-0.10264911701176864,0.1873266115709826,-0.7136058664864876,0.4514337989882437,-1.8853769421098658,-0.6521737365820874,0.36766395697128035,-1.5875127531076487,0.5546722203777158,0.6530523028037535,-1.5214851338663204,1.0852226875817383,-0.543151229292746,2.0223708387065344,0.13702862665730742,-0.2755473768677548,0.9706875385735536,-0.759222879207628,-0.7709570763150512,1.8112110487972208,1.0,1.0,1.0,1.0,1.0,1.0
0.12646407555989184,-0.12290002428791233,0.20388473069011911,-0.6788510194049244,0.22863325362801945,-1.5749784200153936,-0.3469562755301485,0.3601591164132437,-1.894918450293996,0.3699575198367546,0.7723508280492608,-1.8381941082477635,1.2446309731816885,-0.6781683593486965,1.7107169905021387,0.44871495549325313,-0.38348381053018915,1.28548232530238,-0.835403267287324,-0.8674573774073012,1.4933939587625942,1.0,1.0,1.0,1.0,1.0,1.0
0.2164786549430243,-0.10960452134376977,0.2371106369084919,-0.6605209795580995,0.10150165972890306,-1.262381792134728,-0.038227613307181496,0.28775907006852236,-1.8883866882817428,0.30377215975946675,0.7464011435206969,-2.1380645100996483,1.2175253052145627,-0.685842213589391,1.396906040877096,0.5662175202981349,-0.6580558678920595,1.58957386407266,-1.0884374919808024,-1.059437916677698,1.6581608350099981,0.0,1.0,1.0,0.0,1.0,1.0
0.2474840378358625,-0.03279954736082502,0.21841765484287404,-0.660347622762073,0.3133528521464869,-0.9489772124626441,0.26041484380928626,0.11293419449802672,-1.6046023610644664,0.29094304845508634,0.6724401358704546,-2.4064326021510367,1.2745710975654356,-0.4721132046645491,1.0856903821052244,0.5216562493997233,-0.8882102892603229,1.915304428258935,-1.218320710095419,-1.057253791851488,1.944681041061593,1.0,1.0,1.0,1.0,1.0,1.0
0.2455307218274079,0.09621697174916513,0.18854804006488327,-0.9212471057337512,0.6031424844944631,-1.0113938578089765,0.5182380306525668,0.02401661773301169,-1.374959292919324,0.5842432810627791,0.39048410014722623,-2.5491065390121346,1.0740433130972173,-0.6449813888061877,1.2485768094708796,0.2523143551588277,-1.0800150539002538,2.1871456066902737,-1.0078941287865113,-0.7422378588383052,1.6304220667706948,1.0,1.0,1.0,1.0,1.0,1.0
0.1671623517462866,0.13717753927854817,0.22140845806517742,-1.210455960683939,0.6833644665913197,-1.3251212874036797,0.23861316701975077,0.10008145648274328,-1.136744362651085,0.8951295282880182,0.4423163535647039,-2.4855745373445415,0.8968793586225146,-0.8059820117621325,1.5478365959529348,-0.03942126751172015,-0.9555419936757585,2.270769662622529,-0.7077228407427556,-0.5725635721253921,1.321602978357573,1.0,1.0,1.0,1.0,1.0,1.0
0.0977530719776715,0.12844407579652453,0.2817513184563156,-1.2323181867053978,0.5712896688999924,-1.6310204838680755,-0.07394132537745013,0.27328034163005904,-0.9220265568510972,1.1186115889106314,0.43859329815818193,-2.256750696515808,0.7566513684863577,-0.8603813529299386,1.84251083057169,-0.33911568665075564,-0.6757189602195064,1.9597412351748364,-0.44178058710340085,-0.6413339941663171,1.2832132704335082,1.0,1.0,1.0,1.0,1.0,1.0
0.08384891651062695,0.1081344795728538,0.30560754099180387,-0.9888273341167568,0.5425956556952214,-1.9295830014617519,-0.3859410011484853,0.31006492905866656,-1.1219768412061333,1.1730990433572355,0.30412484618594804,-1.9237235712063638,0.6709442734376316,-0.8232758920009147,2.1344403734372825,-0.4922661859216214,-0.4429064629199923,1.6503009761308516,-0.3221472228245872,-0.5182397269919629,1.5600553688711474,1.0,0.0,1.0,1.0,1.0,1.0
0.10964327030726503,-0.009203357295143072,0.29333498761496624,-0.7481450075646977,0.2639930745963017,-2.070036745549311,-0.6878905792375887,0.23070385636219679,-1.4358829974759875,0.8826310229074464,0.5129910457361933,-1.607861438342422,0.6659647000144145,-0.5402811207286391,2.265404975536259,-0.21114081518755679,-0.453934754887564,1.3381911202552876,-0.3881999227168329,-0.728218928407082,1.8604551986146807,1.0,1.0,1.0,1.0,1.0,1.0
0.10224134724718689,-0.1420583098894367,0.282432328650722,-0.674678622406695,0.10591859265902001,-1.9159540970755953,-0.7054340183072709,0.12660031913099146,-1.750747867882923,0.5680982399575474,0.6783163495893225,-1.8985332683466554,0.919845214355812,-0.29977896727222336,1.9513872902536948,0.10376241804697373,-0.25621508062837794,1.0241525127180897,-0.6803077441131403,-0.8449645857047763,1.8331325186193057,1.0,1.0,1.0,1.0,0.0,1.0
0.09232194567294746,-0.13020710661079404,0.2753186315389118,-0.7252432183931076,0.35373486646231717,-1.6030110180371862,-0.4052364190792699,0.2609957367328237,-2.0524750923777213,0.38337919904125384,0.780925611370789,-2.186243249633437,1.1817279744594027,-0.5362869266265115,1.6371339210416833,0.41757793071959737,-0.3600765484954496,1.3386100950961237,-0.8480192395361565,-0.7040707600705396,1.5161694917900714,1.0,1.0,1.0,1.0,1.0,1.0
0.14058393995478394,-0.07201582066192011,0.2964647290899993,-0.6729592935136492,0.3724791063302842,-1.2895631005013908,-0.09319014607153375,0.27948787600401687,-2.1419714716236684,0.31953469560781883,0.7992812420045436,-2.392143310304853,1.1517346311638106,-0.664607486654595,1.3217579523309806,0.6120311878127375,-0.47193386888728855,1.6635648763361162,-1.057239714695621,-0.8158429018470952,1.625148739457433,1.0,1.0,1.0,1.0,1.0,1.0
0.16654533155160442,0.04404645903594476,0.32321561868827364,-0.7939439362935617,0.5560398152153232,-0.9783390820798368,0.2122237389634768,0.11645839566841085,-1.9695256936389027,0.33662019858710696,0.5000676325629972,-2.502872575321188,1.1467770215132214,-0.6915984482576502,1.0093604057267864,0.3279916123875156,-0.7196486048712377,1.9981629763642481,-1.218049133762911,-0.6092452179811096,1.6154181750686947,1.0,1.0,1.0,0.0,1.0,1.0
0.14006159450337483,0.09780992300155669,0.3315391133732276,-0.7619486032720257,0.7151293975936317,-0.6674772460839051,0.4998172104734043,0.020008771594609676,-1.7012525953295619,0.599036739591652,0.37246294200288044,-2.546703579075915,0.9078490841522202,-0.49480809896757527,1.3262758334447222,0.030311123899023573,-0.6270691564195636,2.1820099843282854,-1.1210507421169755,-0.6125575476833759,1.8918728940387117,0.0,1.0,0.0,1.0,1.0,1.0
0.1077693735332145,0.10831650611786017,0.3509795894418851,-1.0108539778024812,0.6111122274199938,-0.9793642135115241,0.21386501776592348,0.2841152912187657,-1.3888421822606047,0.9082517125695052,0.27582704333145375,-2.2637187366010982,0.813962739906838,-0.5740686418264545,1.6362721149558705,-0.21729312708928866,-0.538846816845854,2.261277010700063,-0.8203194206000992,-0.7613905498264313,1.579522996196807,1.0,1.0,1.0,1.0,1.0,1.0
