0.000000000000000000e+00,0.000000000000000000e+00,0.000000000000000000e+00,0.000000000000000000e+00,0.000000000000000000e+00,0.000000000000000000e+00
0.000000000000000000e+00,0.000000000000000000e+00,0.000000000000000000e+00,0.000000000000000000e+00,0.000000000000000000e+00,0.000000000000000000e+00
0.000000000000000000e+00,0.000000000000000000e+00,0.000000000000000000e+00,0.000000000000000000e+00,0.000000000000000000e+00,0.000000000000000000e+00
0.000000000000000000e+00,0.000000000000000000e+00,0.000000000000000000e+00,0.000000000000000000e+00,0.000000000000000000e+00,0.000000000000000000e+00
0.000000000000000000e+00,0.000000000000000000e+00,0.000000000000000000e+00,0.000000000000000000e+00,0.000000000000000000e+00,0.000000000000000000e+00
0.000000000000000000e+00,0.000000000000000000e+00,0.000000000000000000e+00,0.000000000000000000e+00,0.000000000000000000e+00,0.000000000000000000e+00
0.000000000000000000e+00,0.000000000000000000e+00,0.000000000000000000e+00,0.000000000000000000e+00,0.000000000000000000e+00,0.000000000000000000e+00
0.000000000000000000e+00,0.000000000000000000e+00,0.000000000000000000e+00,0.000000000000000000e+00,0.000000000000000000e+00,0.000000000000000000e+00
0.000000000000000000e+00,0.000000000000000000e+00,0.000000000000000000e+00,0.000000000000000000e+00,0.000000000000000000e+00,0.000000000000000000e+00
0.000000000000000000e+00,0.000000000000000000e+00,0.000000000000000000e+00,0.000000000000000000e+00,0.000000000000000000e+00,0.000000000000000000e+00
0.000000000000000000e+00,0.000000000000000000e+00,0.000000000000000000e+00,0.000000000000000000e+00,0.000000000000000000e+00,0.000000000000000000e+00
0.000000000000000000e+00,0.000000000000000000e+00,0.000000000000000000e+00,0.000000000000000000e+00,0.000000000000000000e+00,0.000000000000000000e+00
0.000000000000000000e+00,0.000000000000000000e+00,0.000000000000000000e+00,0.000000000000000000e+00,0.000000000000000000e+00,0.000000000000000000e+00
0.000000000000000000e+00,0.000000000000000000e+00,0.000000000000000000e+00,0.000000000000000000e+00,0.000000000000000000e+00,0.000000000000000000e+00
0.000000000000000000e+00,0.000000000000000000e+00,0.000000000000000000e+00,0.000000000000000000e+00,0.000000000000000000e+00,0.000000000000000000e+00
0.000000000000000000e+00,0.000000000000000000e+00,0.000000000000000000e+00,0.000000000000000000e+00,0.000000000000000000e+00,0.000000000000000000e+00
0.000000000000000000e+00,0.000000000000000000e+00,0.000000000000000000e+00,0.000000000000000000e+00,0.000000000000000000e+00,0.000000000000000000e+00
0.000000000000000000e+00,0.000000000000000000e+00,0.000000000000000000e+00,0.000000000000000000e+00,0.000000000000000000e+00,0.000000000000000000e+00
0.000000000000000000e+00,0.000000000000000000e+00,0.000000000000000000e+00,0.000000000000000000e+00,0.000000000000000000e+00,0.000000000000000000e+00
0.000000000000000000e+00,0.000000000000000000e+00,0.000000000000000000e+00,0.000000000000000000e+00,0.000000000000000000e+00,0.000000000000000000e+00
0.000000000000000000e+00,0.000000000000000000e+00,0.000000000000000000e+00,0.000000000000000000e+00,0.000000000000000000e+00,0.000000000000000000e+00
0.000000000000000000e+00,0.000000000000000000e+00,0.000000000000000000e+00,0.000000000000000000e+00,0.000000000000000000e+00,0.000000000000000000e+00
0.000000000000000000e+00,0.000000000000000000e+00,0.000000000000000000e+00,0.000000000000000000e+00,0.000000000000000000e+00,0.000000000000000000e+00
0.000000000000000000e+00,0.000000000000000000e+00,0.000000000000000000e+00,0.000000000000000000e+00,0.000000000000000000e+00,0.000000000000000000e+00
0.000000000000000000e+00,0.000000000000000000e+00,0.000000000000000000e+00,0.000000000000000000e+00,0.000000000000000000e+00,0.000000000000000000e+00
0.000000000000000000e+00,0.000000000000000000e+00,0.000000000000000000e+00,0.000000000000000000e+00,0.000000000000000000e+00,0.000000000000000000e+00
0.000000000000000000e+00,0.000000000000000000e+00,0.000000000000000000e+00,0.000000000000000000e+00,0.000000000000000000e+00,0.000000000000000000e+00
0.000000000000000000e+00,0.000000000000000000e+00,0.000000000000000000e+00,0.000000000000000000e+00,0.000000000000000000e+00,0.000000000000000000e+00
0.000000000000000000e+00,0.000000000000000000e+00,0.000000000000000000e+00,0.000000000000000000e+00,0.000000000000000000e+00,0.000000000000000000e+00
0.000000000000000000e+00,0.000000000000000000e+00,0.000000000000000000e+00,0.000000000000000000e+00,0.000000000000000000e+00,0.000000000000000000e+00
0.000000000000000000e+00,0.000000000000000000e+00,0.000000000000000000e+00,0.000000000000000000e+00,0.000000000000000000e+00,0.000000000000000000e+00
0.000000000000000000e+00,0.000000000000000000e+00,0.000000000000000000e+00,0.000000000000000000e+00,0.000000000000000000e+00,0.000000000000000000e+00
0.000000000000000000e+00,0.000000000000000000e+00,0.000000000000000000e+00,0.000000000000000000e+00,0.000000000000000000e+00,0.000000000000000000e+00
0.000000000000000000e+00,0.000000000000000000e+00,0.000000000000000000e+00,0.000000000000000000e+00,0.000000000000000000e+00,0.000000000000000000e+00
0.000000000000000000e+00,0.000000000000000000e+00,0.000000000000000000e+00,0.000000000000000000e+00,0.000000000000000000e+00,0.000000000000000000e+00
0.000000000000000000e+00,0.000000000000000000e+00,0.000000000000000000e+00,0.000000000000000000e+00,0.000000000000000000e+00,0.000000000000000000e+00
0.000000000000000000e+00,0.000000000000000000e+00,0.000000000000000000e+00,0.000000000000000000e+00,0.000000000000000000e+00,0.000000000000000000e+00
0.000000000000000000e+00,0.000000000000000000e+00,0.000000000000000000e+00,0.000000000000000000e+00,0.000000000000000000e+00,0.000000000000000000e+00
0.000000000000000000e+00,0.000000000000000000e+00,0.000000000000000000e+00,0.000000000000000000e+00,0.000000000000000000e+00,0.000000000000000000e+00
0.000000000000000000e+00,0.000000000000000000e+00,0.000000000000000000e+00,0.000000000000000000e+00,0.000000000000000000e+00,0.000000000000000000e+00
0.000000000000000000e+00,0.000000000000000000e+00,0.000000000000000000e+00,0.000000000000000000e+00,0.000000000000000000e+00,0.000000000000000000e+00
0.000000000000000000e+00,0.000000000000000000e+00,0.000000000000000000e+00,0.000000000000000000e+00,0.000000000000000000e+00,0.000000000000000000e+00
0.000000000000000000e+00,0.000000000000000000e+00,0.000000000000000000e+00,0.000000000000000000e+00,0.000000000000000000e+00,0.000000000000000000e+00
0.000000000000000000e+00,0.000000000000000000e+00,0.000000000000000000e+00,0.000000000000000000e+00,0.000000000000000000e+00,0.000000000000000000e+00
0.000000000000000000e+00,0.000000000000000000e+00,0.000000000000000000e+00,0.000000000000000000e+00,0.000000000000000000e+00,0.000000000000000000e+00
0.000000000000000000e+00,0.000000000000000000e+00,0.000000000000000000e+00,0.000000000000000000e+00,0.000000000000000000e+00,0.000000000000000000e+00
0.000000000000000000e+00,0.000000000000000000e+00,0.000000000000000000e+00,0.000000000000000000e+00,0.000000000000000000e+00,0.000000000000000000e+00
0.000000000000000000e+00,0.000000000000000000e+00,0.000000000000000000e+00,0.000000000000000000e+00,0.000000000000000000e+00,0.000000000000000000e+00
0.000000000000000000e+00,0.000000000000000000e+00,0.000000000000000000e+00,0.000000000000000000e+00,0.000000000000000000e+00,0.000000000000000000e+00
0.000000000000000000e+00,0.000000000000000000e+00,0.000000000000000000e+00,0.000000000000000000e+00,0.000000000000000000e+00,0.000000000000000000e+00
0.000000000000000000e+00,0.000000000000000000e+00,0.000000000000000000e+00,0.000000000000000000e+00,0.000000000000000000e+00,0.000000000000000000e+00
0.000000000000000000e+00,0.000000000000000000e+00,0.000000000000000000e+00,0.000000000000000000e+00,0.000000000000000000e+00,0.000000000000000000e+00
0.000000000000000000e+00,0.000000000000000000e+00,0.000000000000000000e+00,0.000000000000000000e+00,0.000000000000000000e+00,0.000000000000000000e+00
0.000000000000000000e+00,0.000000000000000000e+00,0.000000000000000000e+00,0.000000000000000000e+00,0.000000000000000000e+00,0.000000000000000000e+00
0.000000000000000000e+00,0.000000000000000000e+00,0.000000000000000000e+00,0.000000000000000000e+00,0.000000000000000000e+00,0.000000000000000000e+00
0.000000000000000000e+00,0.000000000000000000e+00,0.000000000000000000e+00,0.000000000000000000e+00,0.000000000000000000e+00,0.000000000000000000e+00
0.000000000000000000e+00,0.000000000000000000e+00,0.000000000000000000e+00,0.000000000000000000e+00,0.000000000000000000e+00,0.000000000000000000e+00
0.000000000000000000e+00,0.000000000000000000e+00,0.000000000000000000e+00,0.000000000000000000e+00,0.000000000000000000e+00,0.000000000000000000e+00
0.000000000000000000e+00,0.000000000000000000e+00,0.000000000000000000e+00,0.000000000000000000e+00,0.000000000000000000e+00,0.000000000000000000e+00
0.000000000000000000e+00,0.000000000000000000e+00,0.000000000000000000e+00,0.000000000000000000e+00,0.000000000000000000e+00,0.000000000000000000e+00
0.000000000000000000e+00,0.000000000000000000e+00,0.000000000000000000e+00,0.000000000000000000e+00,0.000000000000000000e+00,0.000000000000000000e+00
0.000000000000000000e+00,0.000000000000000000e+00,0.000000000000000000e+00,0.000000000000000000e+00,0.000000000000000000e+00,0.000000000000000000e+00
0.000000000000000000e+00,0.000000000000000000e+00,0.000000000000000000e+00,0.000000000000000000e+00,0.000000000000000000e+00,0.000000000000000000e+00
0.000000000000000000e+00,0.000000000000000000e+00,0.000000000000000000e+00,0.000000000000000000e+00,0.000000000000000000e+00,0.000000000000000000e+00
0.000000000000000000e+00,0.000000000000000000e+00,0.000000000000000000e+00,0.000000000000000000e+00,0.000000000000000000e+00,0.000000000000000000e+00
0.000000000000000000e+00,0.000000000000000000e+00,0.000000000000000000e+00,0.000000000000000000e+00,0.000000000000000000e+00,0.000000000000000000e+00
0.000000000000000000e+00,0.000000000000000000e+00,0.000000000000000000e+00,0.000000000000000000e+00,0.000000000000000000e+00,0.000000000000000000e+00
0.000000000000000000e+00,0.000000000000000000e+00,0.000000000000000000e+00,0.000000000000000000e+00,0.000000000000000000e+00,0.000000000000000000e+00
0.000000000000000000e+00,0.000000000000000000e+00,0.000000000000000000e+00,0.000000000000000000e+00,0.000000000000000000e+00,0.000000000000000000e+00
0.000000000000000000e+00,0.000000000000000000e+00,0.000000000000000000e+00,0.000000000000000000e+00,0.000000000000000000e+00,0.000000000000000000e+00
0.000000000000000000e+00,0.000000000000000000e+00,0.000000000000000000e+00,0.000000000000000000e+00,0.000000000000000000e+00,0.000000000000000000e+00
0.000000000000000000e+00,0.000000000000000000e+00,0.000000000000000000e+00,0.000000000000000000e+00,0.000000000000000000e+00,0.000000000000000000e+00
0.000000000000000000e+00,0.000000000000000000e+00,0.000000000000000000e+00,0.000000000000000000e+00,0.000000000000000000e+00,0.000000000000000000e+00
0.000000000000000000e+00,0.000000000000000000e+00,0.000000000000000000e+00,0.000000000000000000e+00,0.000000000000000000e+00,0.000000000000000000e+00
0.000000000000000000e+00,0.000000000000000000e+00,0.000000000000000000e+00,0.000000000000000000e+00,0.000000000000000000e+00,0.000000000000000000e+00
0.000000000000000000e+00,0.000000000000000000e+00,0.000000000000000000e+00,0.000000000000000000e+00,0.000000000000000000e+00,0.000000000000000000e+00
0.000000000000000000e+00,0.000000000000000000e+00,0.000000000000000000e+00,0.000000000000000000e+00,0.000000000000000000e+00,0.000000000000000000e+00
0.000000000000000000e+00,0.000000000000000000e+00,0.000000000000000000e+00,0.000000000000000000e+00,0.000000000000000000e+00,0.000000000000000000e+00
0.000000000000000000e+00,0.000000000000000000e+00,0.000000000000000000e+00,0.000000000000000000e+00,0.000000000000000000e+00,0.000000000000000000e+00
0.000000000000000000e+00,0.000000000000000000e+00,0.000000000000000000e+00,0.000000000000000000e+00,0.000000000000000000e+00,0.000000000000000000e+00
0.000000000000000000e+00,0.000000000000000000e+00,0.000000000000000000e+00,0.000000000000000000e+00,0.000000000000000000e+00,0.000000000000000000e+00
0.000000000000000000e+00,0.000000000000000000e+00,0.000000000000000000e+00,0.000000000000000000e+00,0.000000000000000000e+00,0.000000000000000000e+00
0.000000000000000000e+00,0.000000000000000000e+00,0.000000000000000000e+00,0.000000000000000000e+00,0.000000000000000000e+00,0.000000000000000000e+00
0.000000000000000000e+00,0.000000000000000000e+00,0.000000000000000000e+00,0.000000000000000000e+00,0.000000000000000000e+00,0.000000000000000000e+00
0.000000000000000000e+00,0.000000000000000000e+00,0.000000000000000000e+00,0.000000000000000000e+00,0.000000000000000000e+00,0.000000000000000000e+00
0.000000000000000000e+00,0.000000000000000000e+00,0.000000000000000000e+00,0.000000000000000000e+00,0.000000000000000000e+00,0.000000000000000000e+00
0.000000000000000000e+00,0.000000000000000000e+00,0.000000000000000000e+00,0.000000000000000000e+00,0.000000000000000000e+00,0.000000000000000000e+00
0.000000000000000000e+00,0.000000000000000000e+00,0.000000000000000000e+00,0.000000000000000000e+00,0.000000000000000000e+00,0.000000000000000000e+00
0.000000000000000000e+00,0.000000000000000000e+00,0.000000000000000000e+00,0.000000000000000000e+00,0.000000000000000000e+00,0.000000000000000000e+00
0.000000000000000000e+00,0.000000000000000000e+00,0.000000000000000000e+00,0.000000000000000000e+00,0.000000000000000000e+00,0.000000000000000000e+00
0.000000000000000000e+00,0.000000000000000000e+00,0.000000000000000000e+00,0.000000000000000000e+00,0.000000000000000000e+00,0.000000000000000000e+00
0.000000000000000000e+00,0.000000000000000000e+00,0.000000000000000000e+00,0.000000000000000000e+00,0.000000000000000000e+00,0.000000000000000000e+00
0.000000000000000000e+00,0.000000000000000000e+00,0.000000000000000000e+00,0.000000000000000000e+00,0.000000000000000000e+00,0.000000000000000000e+00
0.000000000000000000e+00,0.000000000000000000e+00,0.000000000000000000e+00,0.000000000000000000e+00,0.000000000000000000e+00,0.000000000000000000e+00
0.000000000000000000e+00,0.000000000000000000e+00,0.000000000000000000e+00,0.000000000000000000e+00,0.000000000000000000e+00,0.000000000000000000e+00
0.000000000000000000e+00,0.000000000000000000e+00,0.000000000000000000e+00,0.000000000000000000e+00,0.000000000000000000e+00,0.000000000000000000e+00
0.000000000000000000e+00,0.000000000000000000e+00,0.000000000000000000e+00,0.000000000000000000e+00,0.000000000000000000e+00,0.000000000000000000e+00
0.000000000000000000e+00,0.000000000000000000e+00,0.000000000000000000e+00,0.000000000000000000e+00,0.000000000000000000e+00,0.000000000000000000e+00
0.000000000000000000e+00,0.000000000000000000e+00,0.000000000000000000e+00,0.000000000000000000e+00,0.000000000000000000e+00,0.000000000000000000e+00
0.000000000000000000e+00,0.000000000000000000e+00,0.000000000000000000e+00,0.000000000000000000e+00,0.000000000000000000e+00,0.000000000000000000e+00
0.000000000000000000e+00,0.000000000000000000e+00,0.000000000000000000e+00,0.000000000000000000e+00,0.000000000000000000e+00,0.000000000000000000e+00
0.000000000000000000e+00,0.000000000000000000e+00,0.000000000000000000e+00,0.000000000000000000e+00,0.000000000000000000e+00,0.000000000000000000e+00
0.000000000000000000e+00,0.000000000000000000e+00,0.000000000000000000e+00,0.000000000000000000e+00,0.000000000000000000e+00,0.000000000000000000e+00
0.000000000000000000e+00,0.000000000000000000e+00,0.000000000000000000e+00,0.000000000000000000e+00,0.000000000000000000e+00,0.000000000000000000e+00
0.000000000000000000e+00,0.000000000000000000e+00,0.000000000000000000e+00,0.000000000000000000e+00,0.000000000000000000e+00,0.000000000000000000e+00
0.000000000000000000e+00,0.000000000000000000e+00,0.000000000000000000e+00,0.000000000000000000e+00,0.000000000000000000e+00,0.000000000000000000e+00
0.000000000000000000e+00,0.000000000000000000e+00,0.000000000000000000e+00,0.000000000000000000e+00,0.000000000000000000e+00,0.000000000000000000e+00
0.000000000000000000e+00,0.000000000000000000e+00,0.000000000000000000e+00,0.000000000000000000e+00,0.000000000000000000e+00,0.000000000000000000e+00
0.000000000000000000e+00,0.000000000000000000e+00,0.000000000000000000e+00,0.000000000000000000e+00,0.000000000000000000e+00,0.000000000000000000e+00
0.000000000000000000e+00,0.000000000000000000e+00,0.000000000000000000e+00,0.000000000000000000e+00,0.000000000000000000e+00,0.000000000000000000e+00
0.000000000000000000e+00,0.000000000000000000e+00,0.000000000000000000e+00,0.000000000000000000e+00,0.000000000000000000e+00,0.000000000000000000e+00
0.000000000000000000e+00,0.000000000000000000e+00,0.000000000000000000e+00,0.000000000000000000e+00,0.000000000000000000e+00,0.000000000000000000e+00
0.000000000000000000e+00,0.000000000000000000e+00,0.000000000000000000e+00,0.000000000000000000e+00,0.000000000000000000e+00,0.000000000000000000e+00
0.000000000000000000e+00,0.000000000000000000e+00,0.000000000000000000e+00,0.000000000000000000e+00,0.000000000000000000e+00,0.000000000000000000e+00
0.000000000000000000e+00,0.000000000000000000e+00,0.000000000000000000e+00,0.000000000000000000e+00,0.000000000000000000e+00,0.000000000000000000e+00
0.000000000000000000e+00,0.000000000000000000e+00,0.000000000000000000e+00,0.000000000000000000e+00,0.000000000000000000e+00,0.000000000000000000e+00
0.000000000000000000e+00,0.000000000000000000e+00,0.000000000000000000e+00,0.000000000000000000e+00,0.000000000000000000e+00,0.000000000000000000e+00
0.000000000000000000e+00,0.000000000000000000e+00,0.000000000000000000e+00,0.000000000000000000e+00,0.000000000000000000e+00,0.000000000000000000e+00
0.000000000000000000e+00,0.000000000000000000e+00,0.000000000000000000e+00,0.000000000000000000e+00,0.000000000000000000e+00,0.000000000000000000e+00
0.000000000000000000e+00,0.000000000000000000e+00,0.000000000000000000e+00,0.000000000000000000e+00,0.000000000000000000e+00,0.000000000000000000e+00
0.000000000000000000e+00,0.000000000000000000e+00,0.000000000000000000e+00,0.000000000000000000e+00,0.000000000000000000e+00,0.000000000000000000e+00
0.000000000000000000e+00,0.000000000000000000e+00,0.000000000000000000e+00,0.000000000000000000e+00,0.000000000000000000e+00,0.000000000000000000e+00
0.000000000000000000e+00,0.000000000000000000e+00,0.000000000000000000e+00,0.000000000000000000e+00,0.000000000000000000e+00,0.000000000000000000e+00
0.000000000000000000e+00,0.000000000000000000e+00,0.000000000000000000e+00,0.000000000000000000e+00,0.000000000000000000e+00,0.000000000000000000e+00
0.000000000000000000e+00,0.000000000000000000e+00,0.000000000000000000e+00,0.000000000000000000e+00,0.000000000000000000e+00,0.000000000000000000e+00
0.000000000000000000e+00,0.000000000000000000e+00,0.000000000000000000e+00,0.000000000000000000e+00,0.000000000000000000e+00,0.000000000000000000e+00
0.000000000000000000e+00,0.000000000000000000e+00,0.000000000000000000e+00,0.000000000000000000e+00,0.000000000000000000e+00,0.000000000000000000e+00
0.000000000000000000e+00,0.000000000000000000e+00,0.000000000000000000e+00,0.000000000000000000e+00,0.000000000000000000e+00,0.000000000000000000e+00
0.000000000000000000e+00,0.000000000000000000e+00,0.000000000000000000e+00,0.000000000000000000e+00,0.000000000000000000e+00,0.000000000000000000e+00
0.000000000000000000e+00,0.000000000000000000e+00,0.000000000000000000e+00,0.000000000000000000e+00,0.000000000000000000e+00,0.000000000000000000e+00
0.000000000000000000e+00,0.000000000000000000e+00,0.000000000000000000e+00,0.000000000000000000e+00,0.000000000000000000e+00,0.000000000000000000e+00
0.000000000000000000e+00,0.000000000000000000e+00,0.000000000000000000e+00,0.000000000000000000e+00,0.000000000000000000e+00,0.000000000000000000e+00
0.000000000000000000e+00,0.000000000000000000e+00,0.000000000000000000e+00,0.000000000000000000e+00,0.000000000000000000e+00,0.000000000000000000e+00
0.000000000000000000e+00,0.000000000000000000e+00,0.000000000000000000e+00,0.000000000000000000e+00,0.000000000000000000e+00,0.000000000000000000e+00
0.000000000000000000e+00,0.000000000000000000e+00,0.000000000000000000e+00,0.000000000000000000e+00,0.000000000000000000e+00,0.000000000000000000e+00
0.000000000000000000e+00,0.000000000000000000e+00,0.000000000000000000e+00,0.000000000000000000e+00,0.000000000000000000e+00,0.000000000000000000e+00
0.000000000000000000e+00,0.000000000000000000e+00,0.000000000000000000e+00,0.000000000000000000e+00,0.000000000000000000e+00,0.000000000000000000e+00
0.000000000000000000e+00,0.000000000000000000e+00,0.000000000000000000e+00,0.000000000000000000e+00,0.000000000000000000e+00,0.000000000000000000e+00
0.000000000000000000e+00,0.000000000000000000e+00,0.000000000000000000e+00,0.000000000000000000e+00,0.000000000000000000e+00,0.000000000000000000e+00
0.000000000000000000e+00,0.000000000000000000e+00,0.000000000000000000e+00,0.000000000000000000e+00,0.000000000000000000e+00,0.000000000000000000e+00
0.000000000000000000e+00,0.000000000000000000e+00,0.000000000000000000e+00,0.000000000000000000e+00,0.000000000000000000e+00,0.000000000000000000e+00
0.000000000000000000e+00,0.000000000000000000e+00,0.000000000000000000e+00,0.000000000000000000e+00,0.000000000000000000e+00,0.000000000000000000e+00
0.000000000000000000e+00,0.000000000000000000e+00,0.000000000000000000e+00,0.000000000000000000e+00,0.000000000000000000e+00,0.000000000000000000e+00
0.000000000000000000e+00,0.000000000000000000e+00,0.000000000000000000e+00,0.000000000000000000e+00,0.000000000000000000e+00,0.000000000000000000e+00
0.000000000000000000e+00,0.000000000000000000e+00,0.000000000000000000e+00,0.000000000000000000e+00,0.000000000000000000e+00,0.000000000000000000e+00
0.000000000000000000e+00,0.000000000000000000e+00,0.000000000000000000e+00,0.000000000000000000e+00,0.000000000000000000e+00,0.000000000000000000e+00
0.000000000000000000e+00,0.000000000000000000e+00,0.000000000000000000e+00,0.000000000000000000e+00,0.000000000000000000e+00,0.000000000000000000e+00
0.000000000000000000e+00,0.000000000000000000e+00,0.000000000000000000e+00,0.000000000000000000e+00,0.000000000000000000e+00,0.000000000000000000e+00
0.000000000000000000e+00,0.000000000000000000e+00,0.000000000000000000e+00,0.000000000000000000e+00,0.000000000000000000e+00,0.000000000000000000e+00
0.000000000000000000e+00,0.000000000000000000e+00,0.000000000000000000e+00,0.000000000000000000e+00,0.000000000000000000e+00,0.000000000000000000e+00
0.000000000000000000e+00,0.000000000000000000e+00,0.000000000000000000e+00,0.000000000000000000e+00,0.000000000000000000e+00,0.000000000000000000e+00
0.000000000000000000e+00,0.000000000000000000e+00,0.000000000000000000e+00,0.000000000000000000e+00,0.000000000000000000e+00,0.000000000000000000e+00
0.000000000000000000e+00,0.000000000000000000e+00,0.000000000000000000e+00,0.000000000000000000e+00,0.000000000000000000e+00,0.000000000000000000e+00
0.000000000000000000e+00,0.000000000000000000e+00,0.000000000000000000e+00,0.000000000000000000e+00,0.000000000000000000e+00,0.000000000000000000e+00
0.000000000000000000e+00,0.000000000000000000e+00,0.000000000000000000e+00,0.000000000000000000e+00,0.000000000000000000e+00,0.000000000000000000e+00
0.000000000000000000e+00,0.000000000000000000e+00,0.000000000000000000e+00,0.000000000000000000e+00,0.000000000000000000e+00,0.000000000000000000e+00
0.000000000000000000e+00,0.000000000000000000e+00,0.000000000000000000e+00,0.000000000000000000e+00,0.000000000000000000e+00,0.000000000000000000e+00
0.000000000000000000e+00,0.000000000000000000e+00,0.000000000000000000e+00,0.000000000000000000e+00,0.000000000000000000e+00,0.000000000000000000e+00
0.000000000000000000e+00,0.000000000000000000e+00,0.000000000000000000e+00,0.000000000000000000e+00,0.000000000000000000e+00,0.000000000000000000e+00
0.000000000000000000e+00,0.000000000000000000e+00,0.000000000000000000e+00,0.000000000000000000e+00,0.000000000000000000e+00,0.000000000000000000e+00
0.000000000000000000e+00,0.000000000000000000e+00,0.000000000000000000e+00,0.000000000000000000e+00,0.000000000000000000e+00,0.000000000000000000e+00
0.000000000000000000e+00,0.000000000000000000e+00,0.000000000000000000e+00,0.000000000000000000e+00,0.000000000000000000e+00,0.000000000000000000e+00
0.000000000000000000e+00,0.000000000000000000e+00,0.000000000000000000e+00,0.000000000000000000e+00,0.000000000000000000e+00,0.000000000000000000e+00
0.000000000000000000e+00,4.800000000000000000e+01,0.000000000000000000e+00,0.000000000000000000e+00,0.000000000000000000e+00,0.000000000000000000e+00
0.000000000000000000e+00,1.530000000000000000e+02,0.000000000000000000e+00,0.000000000000000000e+00,0.000000000000000000e+00,0.000000000000000000e+00
0.000000000000000000e+00,4.095000000000000000e+03,0.000000000000000000e+00,0.000000000000000000e+00,0.000000000000000000e+00,0.000000000000000000e+00
0.000000000000000000e+00,4.095000000000000000e+03,0.000000000000000000e+00,0.000000000000000000e+00,0.000000000000000000e+00,0.000000000000000000e+00
0.000000000000000000e+00,4.095000000000000000e+03,0.000000000000000000e+00,0.000000000000000000e+00,0.000000000000000000e+00,0.000000000000000000e+00
0.000000000000000000e+00,4.095000000000000000e+03,0.000000000000000000e+00,0.000000000000000000e+00,0.000000000000000000e+00,0.000000000000000000e+00
0.000000000000000000e+00,4.095000000000000000e+03,0.000000000000000000e+00,0.000000000000000000e+00,0.000000000000000000e+00,0.000000000000000000e+00
0.000000000000000000e+00,4.095000000000000000e+03,0.000000000000000000e+00,0.000000000000000000e+00,0.000000000000000000e+00,0.000000000000000000e+00
0.000000000000000000e+00,4.095000000000000000e+03,0.000000000000000000e+00,0.000000000000000000e+00,0.000000000000000000e+00,0.000000000000000000e+00
0.000000000000000000e+00,4.095000000000000000e+03,0.000000000000000000e+00,0.000000000000000000e+00,0.000000000000000000e+00,0.000000000000000000e+00
0.000000000000000000e+00,4.095000000000000000e+03,0.000000000000000000e+00,0.000000000000000000e+00,0.000000000000000000e+00,0.000000000000000000e+00
0.000000000000000000e+00,4.095000000000000000e+03,0.000000000000000000e+00,0.000000000000000000e+00,0.000000000000000000e+00,0.000000000000000000e+00
0.000000000000000000e+00,4.095000000000000000e+03,0.000000000000000000e+00,0.000000000000000000e+00,0.000000000000000000e+00,0.000000000000000000e+00
0.000000000000000000e+00,4.095000000000000000e+03,0.000000000000000000e+00,0.000000000000000000e+00,0.000000000000000000e+00,0.000000000000000000e+00
0.000000000000000000e+00,4.095000000000000000e+03,0.000000000000000000e+00,0.000000000000000000e+00,0.000000000000000000e+00,0.000000000000000000e+00
0.000000000000000000e+00,4.095000000000000000e+03,0.000000000000000000e+00,0.000000000000000000e+00,0.000000000000000000e+00,0.000000000000000000e+00
0.000000000000000000e+00,4.095000000000000000e+03,0.000000000000000000e+00,0.000000000000000000e+00,0.000000000000000000e+00,0.000000000000000000e+00
0.000000000000000000e+00,4.095000000000000000e+03,0.000000000000000000e+00,0.000000000000000000e+00,0.000000000000000000e+00,0.000000000000000000e+00
0.000000000000000000e+00,4.095000000000000000e+03,0.000000000000000000e+00,0.000000000000000000e+00,0.000000000000000000e+00,0.000000000000000000e+00
0.000000000000000000e+00,4.095000000000000000e+03,0.000000000000000000e+00,0.000000000000000000e+00,0.000000000000000000e+00,0.000000000000000000e+00
0.000000000000000000e+00,4.095000000000000000e+03,0.000000000000000000e+00,0.000000000000000000e+00,0.000000000000000000e+00,0.000000000000000000e+00
0.000000000000000000e+00,4.095000000000000000e+03,0.000000000000000000e+00,0.000000000000000000e+00,0.000000000000000000e+00,0.000000000000000000e+00
0.000000000000000000e+00,4.095000000000000000e+03,0.000000000000000000e+00,0.000000000000000000e+00,0.000000000000000000e+00,0.000000000000000000e+00
0.000000000000000000e+00,4.095000000000000000e+03,0.000000000000000000e+00,0.000000000000000000e+00,0.000000000000000000e+00,0.000000000000000000e+00
0.000000000000000000e+00,4.095000000000000000e+03,0.000000000000000000e+00,0.000000000000000000e+00,0.000000000000000000e+00,0.000000000000000000e+00
0.000000000000000000e+00,4.095000000000000000e+03,0.000000000000000000e+00,0.000000000000000000e+00,5.920000000000000000e+02,0.000000000000000000e+00
0.000000000000000000e+00,4.095000000000000000e+03,0.000000000000000000e+00,0.000000000000000000e+00,0.000000000000000000e+00,0.000000000000000000e+00
0.000000000000000000e+00,4.095000000000000000e+03,0.000000000000000000e+00,0.000000000000000000e+00,1.708000000000000000e+03,0.000000000000000000e+00
0.000000000000000000e+00,4.095000000000000000e+03,0.000000000000000000e+00,0.000000000000000000e+00,4.010000000000000000e+03,0.000000000000000000e+00
0.000000000000000000e+00,4.095000000000000000e+03,0.000000000000000000e+00,0.000000000000000000e+00,4.095000000000000000e+03,0.000000000000000000e+00
0.000000000000000000e+00,4.095000000000000000e+03,0.000000000000000000e+00,0.000000000000000000e+00,4.095000000000000000e+03,0.000000000000000000e+00
0.000000000000000000e+00,4.095000000000000000e+03,0.000000000000000000e+00,0.000000000000000000e+00,4.095000000000000000e+03,0.000000000000000000e+00
0.000000000000000000e+00,4.095000000000000000e+03,0.000000000000000000e+00,0.000000000000000000e+00,4.095000000000000000e+03,0.000000000000000000e+00
0.000000000000000000e+00,4.095000000000000000e+03,0.000000000000000000e+00,0.000000000000000000e+00,4.095000000000000000e+03,0.000000000000000000e+00
0.000000000000000000e+00,4.095000000000000000e+03,0.000000000000000000e+00,0.000000000000000000e+00,4.095000000000000000e+03,0.000000000000000000e+00
0.000000000000000000e+00,4.095000000000000000e+03,0.000000000000000000e+00,0.000000000000000000e+00,4.095000000000000000e+03,0.000000000000000000e+00
0.000000000000000000e+00,4.095000000000000000e+03,0.000000000000000000e+00,0.000000000000000000e+00,4.095000000000000000e+03,0.000000000000000000e+00
0.000000000000000000e+00,4.095000000000000000e+03,0.000000000000000000e+00,0.000000000000000000e+00,4.095000000000000000e+03,0.000000000000000000e+00
0.000000000000000000e+00,4.095000000000000000e+03,0.000000000000000000e+00,0.000000000000000000e+00,4.095000000000000000e+03,0.000000000000000000e+00
0.000000000000000000e+00,4.095000000000000000e+03,0.000000000000000000e+00,0.000000000000000000e+00,4.095000000000000000e+03,0.000000000000000000e+00
0.000000000000000000e+00,4.095000000000000000e+03,0.000000000000000000e+00,0.000000000000000000e+00,4.095000000000000000e+03,0.000000000000000000e+00
0.000000000000000000e+00,4.095000000000000000e+03,0.000000000000000000e+00,0.000000000000000000e+00,4.095000000000000000e+03,0.000000000000000000e+00
0.000000000000000000e+00,4.095000000000000000e+03,0.000000000000000000e+00,0.000000000000000000e+00,4.095000000000000000e+03,0.000000000000000000e+00
0.000000000000000000e+00,4.095000000000000000e+03,0.000000000000000000e+00,0.000000000000000000e+00,4.095000000000000000e+03,0.000000000000000000e+00
0.000000000000000000e+00,4.095000000000000000e+03,0.000000000000000000e+00,0.000000000000000000e+00,4.095000000000000000e+03,0.000000000000000000e+00
0.000000000000000000e+00,4.095000000000000000e+03,0.000000000000000000e+00,0.000000000000000000e+00,5.800000000000000000e+01,0.000000000000000000e+00
0.000000000000000000e+00,4.095000000000000000e+03,0.000000000000000000e+00,0.000000000000000000e+00,6.100000000000000000e+01,0.000000000000000000e+00
0.000000000000000000e+00,0.000000000000000000e+00,0.000000000000000000e+00,0.000000000000000000e+00,2.390000000000000000e+02,0.000000000000000000e+00
0.000000000000000000e+00,4.095000000000000000e+03,0.000000000000000000e+00,0.000000000000000000e+00,2.860000000000000000e+02,0.000000000000000000e+00
0.000000000000000000e+00,0.000000000000000000e+00,0.000000000000000000e+00,0.000000000000000000e+00,4.660000000000000000e+02,0.000000000000000000e+00
0.000000000000000000e+00,0.000000000000000000e+00,0.000000000000000000e+00,0.000000000000000000e+00,3.200000000000000000e+02,0.000000000000000000e+00
0.000000000000000000e+00,0.000000000000000000e+00,0.000000000000000000e+00,0.000000000000000000e+00,2.250000000000000000e+02,0.000000000000000000e+00
0.000000000000000000e+00,0.000000000000000000e+00,0.000000000000000000e+00,0.000000000000000000e+00,2.180000000000000000e+02,0.000000000000000000e+00
0.000000000000000000e+00,0.000000000000000000e+00,0.000000000000000000e+00,0.000000000000000000e+00,2.140000000000000000e+02,0.000000000000000000e+00
0.000000000000000000e+00,0.000000000000000000e+00,0.000000000000000000e+00,0.000000000000000000e+00,1.480000000000000000e+02,0.000000000000000000e+00
0.000000000000000000e+00,0.000000000000000000e+00,0.000000000000000000e+00,0.000000000000000000e+00,7.000000000000000000e+01,0.000000000000000000e+00
0.000000000000000000e+00,0.000000000000000000e+00,0.000000000000000000e+00,0.000000000000000000e+00,3.900000000000000000e+01,0.000000000000000000e+00
0.000000000000000000e+00,0.000000000000000000e+00,0.000000000000000000e+00,0.000000000000000000e+00,1.600000000000000000e+01,0.000000000000000000e+00
0.000000000000000000e+00,0.000000000000000000e+00,0.000000000000000000e+00,0.000000000000000000e+00,1.150000000000000000e+02,0.000000000000000000e+00
0.000000000000000000e+00,0.000000000000000000e+00,0.000000000000000000e+00,0.000000000000000000e+00,0.000000000000000000e+00,0.000000000000000000e+00
0.000000000000000000e+00,0.000000000000000000e+00,0.000000000000000000e+00,0.000000000000000000e+00,0.000000000000000000e+00,0.000000000000000000e+00
0.000000000000000000e+00,0.000000000000000000e+00,0.000000000000000000e+00,0.000000000000000000e+00,0.000000000000000000e+00,0.000000000000000000e+00
0.000000000000000000e+00,0.000000000000000000e+00,0.000000000000000000e+00,0.000000000000000000e+00,0.000000000000000000e+00,0.000000000000000000e+00
0.000000000000000000e+00,0.000000000000000000e+00,0.000000000000000000e+00,0.000000000000000000e+00,0.000000000000000000e+00,0.000000000000000000e+00
0.000000000000000000e+00,0.000000000000000000e+00,0.000000000000000000e+00,0.000000000000000000e+00,0.000000000000000000e+00,0.000000000000000000e+00
0.000000000000000000e+00,0.000000000000000000e+00,0.000000000000000000e+00,0.000000000000000000e+00,0.000000000000000000e+00,0.000000000000000000e+00
0.000000000000000000e+00,0.000000000000000000e+00,0.000000000000000000e+00,0.000000000000000000e+00,0.000000000000000000e+00,0.000000000000000000e+00
0.000000000000000000e+00,0.000000000000000000e+00,0.000000000000000000e+00,0.000000000000000000e+00,0.000000000000000000e+00,0.000000000000000000e+00
0.000000000000000000e+00,0.000000000000000000e+00,0.000000000000000000e+00,0.000000000000000000e+00,0.000000000000000000e+00,0.000000000000000000e+00
0.000000000000000000e+00,0.000000000000000000e+00,0.000000000000000000e+00,0.000000000000000000e+00,0.000000000000000000e+00,0.000000000000000000e+00
0.000000000000000000e+00,4.095000000000000000e+03,0.000000000000000000e+00,0.000000000000000000e+00,0.000000000000000000e+00,0.000000000000000000e+00
0.000000000000000000e+00,4.095000000000000000e+03,0.000000000000000000e+00,0.000000000000000000e+00,0.000000000000000000e+00,0.000000000000000000e+00
0.000000000000000000e+00,4.095000000000000000e+03,0.000000000000000000e+00,0.000000000000000000e+00,0.000000000000000000e+00,0.000000000000000000e+00
0.000000000000000000e+00,4.095000000000000000e+03,0.000000000000000000e+00,0.000000000000000000e+00,0.000000000000000000e+00,0.000000000000000000e+00
0.000000000000000000e+00,4.095000000000000000e+03,0.000000000000000000e+00,0.000000000000000000e+00,0.000000000000000000e+00,0.000000000000000000e+00
0.000000000000000000e+00,4.095000000000000000e+03,0.000000000000000000e+00,0.000000000000000000e+00,0.000000000000000000e+00,0.000000000000000000e+00
0.000000000000000000e+00,4.095000000000000000e+03,0.000000000000000000e+00,0.000000000000000000e+00,0.000000000000000000e+00,0.000000000000000000e+00
0.000000000000000000e+00,4.095000000000000000e+03,0.000000000000000000e+00,0.000000000000000000e+00,0.000000000000000000e+00,0.000000000000000000e+00
0.000000000000000000e+00,4.095000000000000000e+03,0.000000000000000000e+00,0.000000000000000000e+00,0.000000000000000000e+00,0.000000000000000000e+00
0.000000000000000000e+00,4.095000000000000000e+03,0.000000000000000000e+00,0.000000000000000000e+00,1.393000000000000000e+03,0.000000000000000000e+00
0.000000000000000000e+00,4.095000000000000000e+03,0.000000000000000000e+00,0.000000000000000000e+00,4.095000000000000000e+03,0.000000000000000000e+00
0.000000000000000000e+00,4.095000000000000000e+03,0.000000000000000000e+00,0.000000000000000000e+00,4.095000000000000000e+03,0.000000000000000000e+00
0.000000000000000000e+00,4.095000000000000000e+03,0.000000000000000000e+00,0.000000000000000000e+00,4.095000000000000000e+03,0.000000000000000000e+00
0.000000000000000000e+00,4.095000000000000000e+03,0.000000000000000000e+00,0.000000000000000000e+00,4.095000000000000000e+03,0.000000000000000000e+00
4.095000000000000000e+03,4.095000000000000000e+03,0.000000000000000000e+00,0.000000000000000000e+00,4.095000000000000000e+03,0.000000000000000000e+00
4.095000000000000000e+03,4.095000000000000000e+03,0.000000000000000000e+00,0.000000000000000000e+00,4.095000000000000000e+03,0.000000000000000000e+00
4.095000000000000000e+03,4.095000000000000000e+03,0.000000000000000000e+00,0.000000000000000000e+00,4.095000000000000000e+03,0.000000000000000000e+00
0.000000000000000000e+00,0.000000000000000000e+00,0.000000000000000000e+00,0.000000000000000000e+00,4.095000000000000000e+03,0.000000000000000000e+00
0.000000000000000000e+00,0.000000000000000000e+00,0.000000000000000000e+00,0.000000000000000000e+00,4.095000000000000000e+03,0.000000000000000000e+00
0.000000000000000000e+00,0.000000000000000000e+00,0.000000000000000000e+00,0.000000000000000000e+00,4.095000000000000000e+03,0.000000000000000000e+00
0.000000000000000000e+00,0.000000000000000000e+00,0.000000000000000000e+00,0.000000000000000000e+00,2.955000000000000000e+03,0.000000000000000000e+00
0.000000000000000000e+00,0.000000000000000000e+00,0.000000000000000000e+00,0.000000000000000000e+00,9.070000000000000000e+02,0.000000000000000000e+00
0.000000000000000000e+00,0.000000000000000000e+00,0.000000000000000000e+00,0.000000000000000000e+00,9.800000000000000000e+01,0.000000000000000000e+00
0.000000000000000000e+00,3.600000000000000000e+01,0.000000000000000000e+00,0.000000000000000000e+00,0.000000000000000000e+00,0.000000000000000000e+00
0.000000000000000000e+00,0.000000000000000000e+00,0.000000000000000000e+00,0.000000000000000000e+00,0.000000000000000000e+00,0.000000000000000000e+00
0.000000000000000000e+00,0.000000000000000000e+00,0.000000000000000000e+00,0.000000000000000000e+00,0.000000000000000000e+00,0.000000000000000000e+00
0.000000000000000000e+00,0.000000000000000000e+00,0.000000000000000000e+00,0.000000000000000000e+00,0.000000000000000000e+00,0.000000000000000000e+00
0.000000000000000000e+00,0.000000000000000000e+00,0.000000000000000000e+00,0.000000000000000000e+00,0.000000000000000000e+00,0.000000000000000000e+00
0.000000000000000000e+00,0.000000000000000000e+00,0.000000000000000000e+00,0.000000000000000000e+00,0.000000000000000000e+00,0.000000000000000000e+00
0.000000000000000000e+00,4.095000000000000000e+03,0.000000000000000000e+00,0.000000000000000000e+00,0.000000000000000000e+00,0.000000000000000000e+00
0.000000000000000000e+00,4.095000000000000000e+03,0.000000000000000000e+00,0.000000000000000000e+00,0.000000000000000000e+00,0.000000000000000000e+00
0.000000000000000000e+00,2.000000000000000000e+01,0.000000000000000000e+00,0.000000000000000000e+00,0.000000000000000000e+00,0.000000000000000000e+00
0.000000000000000000e+00,0.000000000000000000e+00,0.000000000000000000e+00,0.000000000000000000e+00,0.000000000000000000e+00,0.000000000000000000e+00
0.000000000000000000e+00,0.000000000000000000e+00,0.000000000000000000e+00,0.000000000000000000e+00,0.000000000000000000e+00,0.000000000000000000e+00
0.000000000000000000e+00,0.000000000000000000e+00,0.000000000000000000e+00,0.000000000000000000e+00,0.000000000000000000e+00,0.000000000000000000e+00
0.000000000000000000e+00,0.000000000000000000e+00,0.000000000000000000e+00,0.000000000000000000e+00,0.000000000000000000e+00,0.000000000000000000e+00
0.000000000000000000e+00,0.000000000000000000e+00,0.000000000000000000e+00,0.000000000000000000e+00,0.000000000000000000e+00,0.000000000000000000e+00
0.000000000000000000e+00,4.095000000000000000e+03,0.000000000000000000e+00,0.000000000000000000e+00,0.000000000000000000e+00,0.000000000000000000e+00
0.000000000000000000e+00,4.095000000000000000e+03,0.000000000000000000e+00,0.000000000000000000e+00,0.000000000000000000e+00,0.000000000000000000e+00
0.000000000000000000e+00,4.095000000000000000e+03,0.000000000000000000e+00,0.000000000000000000e+00,0.000000000000000000e+00,0.000000000000000000e+00
0.000000000000000000e+00,4.095000000000000000e+03,0.000000000000000000e+00,0.000000000000000000e+00,0.000000000000000000e+00,0.000000000000000000e+00
0.000000000000000000e+00,4.095000000000000000e+03,0.000000000000000000e+00,0.000000000000000000e+00,0.000000000000000000e+00,0.000000000000000000e+00
0.000000000000000000e+00,1.000000000000000000e+00,0.000000000000000000e+00,0.000000000000000000e+00,0.000000000000000000e+00,0.000000000000000000e+00
0.000000000000000000e+00,0.000000000000000000e+00,0.000000000000000000e+00,0.000000000000000000e+00,0.000000000000000000e+00,0.000000000000000000e+00
0.000000000000000000e+00,4.095000000000000000e+03,0.000000000000000000e+00,0.000000000000000000e+00,0.000000000000000000e+00,0.000000000000000000e+00
0.000000000000000000e+00,4.095000000000000000e+03,0.000000000000000000e+00,0.000000000000000000e+00,0.000000000000000000e+00,0.000000000000000000e+00
0.000000000000000000e+00,4.095000000000000000e+03,0.000000000000000000e+00,0.000000000000000000e+00,0.000000000000000000e+00,0.000000000000000000e+00
0.000000000000000000e+00,4.095000000000000000e+03,0.000000000000000000e+00,0.000000000000000000e+00,0.000000000000000000e+00,0.000000000000000000e+00
0.000000000000000000e+00,4.095000000000000000e+03,0.000000000000000000e+00,0.000000000000000000e+00,5.000000000000000000e+01,0.000000000000000000e+00
0.000000000000000000e+00,4.095000000000000000e+03,0.000000000000000000e+00,0.000000000000000000e+00,2.925000000000000000e+03,0.000000000000000000e+00
0.000000000000000000e+00,4.095000000000000000e+03,0.000000000000000000e+00,0.000000000000000000e+00,4.095000000000000000e+03,0.000000000000000000e+00
0.000000000000000000e+00,0.000000000000000000e+00,0.000000000000000000e+00,0.000000000000000000e+00,4.095000000000000000e+03,0.000000000000000000e+00
0.000000000000000000e+00,0.000000000000000000e+00,0.000000000000000000e+00,0.000000000000000000e+00,4.095000000000000000e+03,0.000000000000000000e+00
4.095000000000000000e+03,0.000000000000000000e+00,0.000000000000000000e+00,0.000000000000000000e+00,4.095000000000000000e+03,0.000000000000000000e+00
4.095000000000000000e+03,0.000000000000000000e+00,0.000000000000000000e+00,0.000000000000000000e+00,4.095000000000000000e+03,0.000000000000000000e+00
4.095000000000000000e+03,0.000000000000000000e+00,0.000000000000000000e+00,0.000000000000000000e+00,4.095000000000000000e+03,0.000000000000000000e+00
4.095000000000000000e+03,0.000000000000000000e+00,0.000000000000000000e+00,0.000000000000000000e+00,4.095000000000000000e+03,0.000000000000000000e+00
4.095000000000000000e+03,0.000000000000000000e+00,0.000000000000000000e+00,0.000000000000000000e+00,4.095000000000000000e+03,0.000000000000000000e+00
4.095000000000000000e+03,0.000000000000000000e+00,0.000000000000000000e+00,0.000000000000000000e+00,4.095000000000000000e+03,0.000000000000000000e+00
4.095000000000000000e+03,0.000000000000000000e+00,0.000000000000000000e+00,0.000000000000000000e+00,4.095000000000000000e+03,0.000000000000000000e+00
4.095000000000000000e+03,0.000000000000000000e+00,0.000000000000000000e+00,0.000000000000000000e+00,4.095000000000000000e+03,0.000000000000000000e+00
4.095000000000000000e+03,0.000000000000000000e+00,0.000000000000000000e+00,0.000000000000000000e+00,4.095000000000000000e+03,0.000000000000000000e+00
4.095000000000000000e+03,1.600000000000000000e+01,0.000000000000000000e+00,0.000000000000000000e+00,4.095000000000000000e+03,0.000000000000000000e+00
4.095000000000000000e+03,7.600000000000000000e+01,0.000000000000000000e+00,0.000000000000000000e+00,4.095000000000000000e+03,0.000000000000000000e+00
4.095000000000000000e+03,4.095000000000000000e+03,0.000000000000000000e+00,0.000000000000000000e+00,4.095000000000000000e+03,0.000000000000000000e+00
4.095000000000000000e+03,4.095000000000000000e+03,0.000000000000000000e+00,0.000000000000000000e+00,0.000000000000000000e+00,0.000000000000000000e+00
4.095000000000000000e+03,0.000000000000000000e+00,0.000000000000000000e+00,0.000000000000000000e+00,0.000000000000000000e+00,0.000000000000000000e+00
0.000000000000000000e+00,0.000000000000000000e+00,0.000000000000000000e+00,0.000000000000000000e+00,0.000000000000000000e+00,0.000000000000000000e+00
0.000000000000000000e+00,0.000000000000000000e+00,0.000000000000000000e+00,0.000000000000000000e+00,0.000000000000000000e+00,0.000000000000000000e+00
0.000000000000000000e+00,0.000000000000000000e+00,0.000000000000000000e+00,0.000000000000000000e+00,0.000000000000000000e+00,0.000000000000000000e+00
0.000000000000000000e+00,0.000000000000000000e+00,0.000000000000000000e+00,0.000000000000000000e+00,0.000000000000000000e+00,0.000000000000000000e+00
0.000000000000000000e+00,0.000000000000000000e+00,0.000000000000000000e+00,0.000000000000000000e+00,0.000000000000000000e+00,0.000000000000000000e+00
0.000000000000000000e+00,0.000000000000000000e+00,0.000000000000000000e+00,0.000000000000000000e+00,0.000000000000000000e+00,0.000000000000000000e+00
0.000000000000000000e+00,0.000000000000000000e+00,4.095000000000000000e+03,0.000000000000000000e+00,0.000000000000000000e+00,0.000000000000000000e+00
0.000000000000000000e+00,0.000000000000000000e+00,4.095000000000000000e+03,0.000000000000000000e+00,0.000000000000000000e+00,0.000000000000000000e+00
0.000000000000000000e+00,0.000000000000000000e+00,4.095000000000000000e+03,0.000000000000000000e+00,0.000000000000000000e+00,0.000000000000000000e+00
0.000000000000000000e+00,0.000000000000000000e+00,4.095000000000000000e+03,0.000000000000000000e+00,0.000000000000000000e+00,0.000000000000000000e+00
0.000000000000000000e+00,0.000000000000000000e+00,4.095000000000000000e+03,0.000000000000000000e+00,0.000000000000000000e+00,0.000000000000000000e+00
0.000000000000000000e+00,0.000000000000000000e+00,4.095000000000000000e+03,0.000000000000000000e+00,0.000000000000000000e+00,0.000000000000000000e+00
0.000000000000000000e+00,0.000000000000000000e+00,4.095000000000000000e+03,0.000000000000000000e+00,0.000000000000000000e+00,0.000000000000000000e+00
0.000000000000000000e+00,0.000000000000000000e+00,4.095000000000000000e+03,0.000000000000000000e+00,0.000000000000000000e+00,0.000000000000000000e+00
0.000000000000000000e+00,0.000000000000000000e+00,4.095000000000000000e+03,0.000000000000000000e+00,0.000000000000000000e+00,0.000000000000000000e+00
0.000000000000000000e+00,0.000000000000000000e+00,4.095000000000000000e+03,0.000000000000000000e+00,0.000000000000000000e+00,0.000000000000000000e+00
0.000000000000000000e+00,0.000000000000000000e+00,0.000000000000000000e+00,0.000000000000000000e+00,0.000000000000000000e+00,0.000000000000000000e+00
0.000000000000000000e+00,0.000000000000000000e+00,0.000000000000000000e+00,0.000000000000000000e+00,0.000000000000000000e+00,0.000000000000000000e+00
0.000000000000000000e+00,1.660000000000000000e+02,0.000000000000000000e+00,0.000000000000000000e+00,0.000000000000000000e+00,0.000000000000000000e+00
0.000000000000000000e+00,4.095000000000000000e+03,0.000000000000000000e+00,0.000000000000000000e+00,0.000000000000000000e+00,0.000000000000000000e+00
0.000000000000000000e+00,4.095000000000000000e+03,0.000000000000000000e+00,0.000000000000000000e+00,0.000000000000000000e+00,0.000000000000000000e+00
0.000000000000000000e+00,4.095000000000000000e+03,0.000000000000000000e+00,0.000000000000000000e+00,0.000000000000000000e+00,0.000000000000000000e+00
0.000000000000000000e+00,4.095000000000000000e+03,0.000000000000000000e+00,0.000000000000000000e+00,0.000000000000000000e+00,0.000000000000000000e+00
0.000000000000000000e+00,4.095000000000000000e+03,0.000000000000000000e+00,0.000000000000000000e+00,0.000000000000000000e+00,0.000000000000000000e+00
0.000000000000000000e+00,4.095000000000000000e+03,0.000000000000000000e+00,0.000000000000000000e+00,0.000000000000000000e+00,0.000000000000000000e+00
0.000000000000000000e+00,4.095000000000000000e+03,0.000000000000000000e+00,0.000000000000000000e+00,0.000000000000000000e+00,0.000000000000000000e+00
0.000000000000000000e+00,4.095000000000000000e+03,0.000000000000000000e+00,0.000000000000000000e+00,0.000000000000000000e+00,0.000000000000000000e+00
0.000000000000000000e+00,4.059000000000000000e+03,0.000000000000000000e+00,0.000000000000000000e+00,4.800000000000000000e+01,0.000000000000000000e+00
0.000000000000000000e+00,4.095000000000000000e+03,0.000000000000000000e+00,0.000000000000000000e+00,4.095000000000000000e+03,0.000000000000000000e+00
0.000000000000000000e+00,4.095000000000000000e+03,0.000000000000000000e+00,0.000000000000000000e+00,1.247000000000000000e+03,0.000000000000000000e+00
0.000000000000000000e+00,0.000000000000000000e+00,0.000000000000000000e+00,0.000000000000000000e+00,3.840000000000000000e+02,0.000000000000000000e+00
0.000000000000000000e+00,0.000000000000000000e+00,0.000000000000000000e+00,0.000000000000000000e+00,4.095000000000000000e+03,0.000000000000000000e+00
0.000000000000000000e+00,0.000000000000000000e+00,0.000000000000000000e+00,0.000000000000000000e+00,4.095000000000000000e+03,0.000000000000000000e+00
0.000000000000000000e+00,0.000000000000000000e+00,0.000000000000000000e+00,0.000000000000000000e+00,4.095000000000000000e+03,0.000000000000000000e+00
0.000000000000000000e+00,0.000000000000000000e+00,0.000000000000000000e+00,0.000000000000000000e+00,4.095000000000000000e+03,0.000000000000000000e+00
0.000000000000000000e+00,0.000000000000000000e+00,0.000000000000000000e+00,0.000000000000000000e+00,4.095000000000000000e+03,0.000000000000000000e+00
0.000000000000000000e+00,0.000000000000000000e+00,0.000000000000000000e+00,0.000000000000000000e+00,4.095000000000000000e+03,0.000000000000000000e+00
0.000000000000000000e+00,0.000000000000000000e+00,0.000000000000000000e+00,0.000000000000000000e+00,4.095000000000000000e+03,0.000000000000000000e+00
0.000000000000000000e+00,0.000000000000000000e+00,0.000000000000000000e+00,0.000000000000000000e+00,4.095000000000000000e+03,0.000000000000000000e+00
0.000000000000000000e+00,0.000000000000000000e+00,0.000000000000000000e+00,0.000000000000000000e+00,4.095000000000000000e+03,0.000000000000000000e+00
0.000000000000000000e+00,0.000000000000000000e+00,0.000000000000000000e+00,2.530000000000000000e+02,4.095000000000000000e+03,0.000000000000000000e+00
0.000000000000000000e+00,0.000000000000000000e+00,0.000000000000000000e+00,3.890000000000000000e+02,4.095000000000000000e+03,0.000000000000000000e+00
0.000000000000000000e+00,4.095000000000000000e+03,0.000000000000000000e+00,4.200000000000000000e+01,4.095000000000000000e+03,0.000000000000000000e+00
0.000000000000000000e+00,2.157000000000000000e+03,0.000000000000000000e+00,0.000000000000000000e+00,4.095000000000000000e+03,0.000000000000000000e+00
0.000000000000000000e+00,3.040000000000000000e+02,0.000000000000000000e+00,0.000000000000000000e+00,4.095000000000000000e+03,8.000000000000000000e+00
0.000000000000000000e+00,4.095000000000000000e+03,0.000000000000000000e+00,0.000000000000000000e+00,4.095000000000000000e+03,1.600000000000000000e+01
0.000000000000000000e+00,4.095000000000000000e+03,0.000000000000000000e+00,0.000000000000000000e+00,4.095000000000000000e+03,3.200000000000000000e+02
0.000000000000000000e+00,4.095000000000000000e+03,0.000000000000000000e+00,0.000000000000000000e+00,4.095000000000000000e+03,1.046000000000000000e+03
0.000000000000000000e+00,4.095000000000000000e+03,0.000000000000000000e+00,0.000000000000000000e+00,4.095000000000000000e+03,4.095000000000000000e+03
0.000000000000000000e+00,4.095000000000000000e+03,0.000000000000000000e+00,0.000000000000000000e+00,4.095000000000000000e+03,4.095000000000000000e+03
0.000000000000000000e+00,4.095000000000000000e+03,0.000000000000000000e+00,0.000000000000000000e+00,4.095000000000000000e+03,4.095000000000000000e+03
0.000000000000000000e+00,4.095000000000000000e+03,0.000000000000000000e+00,0.000000000000000000e+00,4.095000000000000000e+03,4.095000000000000000e+03
0.000000000000000000e+00,4.095000000000000000e+03,0.000000000000000000e+00,0.000000000000000000e+00,4.095000000000000000e+03,4.095000000000000000e+03
0.000000000000000000e+00,4.095000000000000000e+03,0.000000000000000000e+00,0.000000000000000000e+00,4.095000000000000000e+03,4.095000000000000000e+03
0.000000000000000000e+00,4.095000000000000000e+03,0.000000000000000000e+00,0.000000000000000000e+00,4.095000000000000000e+03,4.095000000000000000e+03
0.000000000000000000e+00,4.095000000000000000e+03,0.000000000000000000e+00,0.000000000000000000e+00,4.095000000000000000e+03,4.095000000000000000e+03
0.000000000000000000e+00,4.095000000000000000e+03,0.000000000000000000e+00,0.000000000000000000e+00,4.095000000000000000e+03,4.095000000000000000e+03
0.000000000000000000e+00,4.095000000000000000e+03,0.000000000000000000e+00,0.000000000000000000e+00,4.095000000000000000e+03,4.095000000000000000e+03
0.000000000000000000e+00,4.095000000000000000e+03,0.000000000000000000e+00,0.000000000000000000e+00,4.095000000000000000e+03,4.095000000000000000e+03
0.000000000000000000e+00,4.095000000000000000e+03,0.000000000000000000e+00,0.000000000000000000e+00,4.095000000000000000e+03,4.095000000000000000e+03
0.000000000000000000e+00,4.095000000000000000e+03,0.000000000000000000e+00,0.000000000000000000e+00,4.095000000000000000e+03,4.095000000000000000e+03
0.000000000000000000e+00,4.095000000000000000e+03,0.000000000000000000e+00,0.000000000000000000e+00,4.095000000000000000e+03,4.095000000000000000e+03
0.000000000000000000e+00,4.095000000000000000e+03,0.000000000000000000e+00,0.000000000000000000e+00,4.095000000000000000e+03,4.095000000000000000e+03
0.000000000000000000e+00,4.095000000000000000e+03,0.000000000000000000e+00,0.000000000000000000e+00,4.095000000000000000e+03,4.095000000000000000e+03
0.000000000000000000e+00,4.095000000000000000e+03,0.000000000000000000e+00,0.000000000000000000e+00,4.095000000000000000e+03,4.095000000000000000e+03
0.000000000000000000e+00,4.095000000000000000e+03,0.000000000000000000e+00,0.000000000000000000e+00,4.095000000000000000e+03,4.095000000000000000e+03
0.000000000000000000e+00,4.095000000000000000e+03,0.000000000000000000e+00,0.000000000000000000e+00,4.095000000000000000e+03,4.095000000000000000e+03
0.000000000000000000e+00,4.095000000000000000e+03,0.000000000000000000e+00,0.000000000000000000e+00,4.095000000000000000e+03,4.095000000000000000e+03
0.000000000000000000e+00,4.005000000000000000e+03,0.000000000000000000e+00,0.000000000000000000e+00,4.095000000000000000e+03,0.000000000000000000e+00
0.000000000000000000e+00,4.095000000000000000e+03,0.000000000000000000e+00,0.000000000000000000e+00,4.095000000000000000e+03,2.180000000000000000e+02
0.000000000000000000e+00,4.095000000000000000e+03,0.000000000000000000e+00,0.000000000000000000e+00,4.095000000000000000e+03,0.000000000000000000e+00
0.000000000000000000e+00,4.095000000000000000e+03,0.000000000000000000e+00,0.000000000000000000e+00,4.095000000000000000e+03,0.000000000000000000e+00
0.000000000000000000e+00,4.095000000000000000e+03,0.000000000000000000e+00,0.000000000000000000e+00,4.095000000000000000e+03,0.000000000000000000e+00
0.000000000000000000e+00,4.095000000000000000e+03,0.000000000000000000e+00,0.000000000000000000e+00,4.095000000000000000e+03,0.000000000000000000e+00
0.000000000000000000e+00,4.011000000000000000e+03,0.000000000000000000e+00,0.000000000000000000e+00,4.095000000000000000e+03,0.000000000000000000e+00
0.000000000000000000e+00,4.095000000000000000e+03,0.000000000000000000e+00,0.000000000000000000e+00,4.095000000000000000e+03,0.000000000000000000e+00
0.000000000000000000e+00,4.095000000000000000e+03,0.000000000000000000e+00,0.000000000000000000e+00,4.095000000000000000e+03,0.000000000000000000e+00
0.000000000000000000e+00,4.095000000000000000e+03,0.000000000000000000e+00,0.000000000000000000e+00,4.095000000000000000e+03,0.000000000000000000e+00
0.000000000000000000e+00,4.095000000000000000e+03,0.000000000000000000e+00,0.000000000000000000e+00,4.083000000000000000e+03,0.000000000000000000e+00
0.000000000000000000e+00,4.095000000000000000e+03,0.000000000000000000e+00,0.000000000000000000e+00,4.095000000000000000e+03,0.000000000000000000e+00
0.000000000000000000e+00,4.095000000000000000e+03,0.000000000000000000e+00,0.000000000000000000e+00,8.970000000000000000e+02,0.000000000000000000e+00
3.800000000000000000e+01,4.095000000000000000e+03,0.000000000000000000e+00,0.000000000000000000e+00,1.700000000000000000e+01,0.000000000000000000e+00
4.095000000000000000e+03,4.095000000000000000e+03,0.000000000000000000e+00,0.000000000000000000e+00,1.600000000000000000e+01,0.000000000000000000e+00
0.000000000000000000e+00,0.000000000000000000e+00,0.000000000000000000e+00,0.000000000000000000e+00,0.000000000000000000e+00,0.000000000000000000e+00
0.000000000000000000e+00,0.000000000000000000e+00,0.000000000000000000e+00,0.000000000000000000e+00,0.000000000000000000e+00,0.000000000000000000e+00
0.000000000000000000e+00,0.000000000000000000e+00,0.000000000000000000e+00,0.000000000000000000e+00,0.000000000000000000e+00,0.000000000000000000e+00
4.095000000000000000e+03,0.000000000000000000e+00,0.000000000000000000e+00,0.000000000000000000e+00,0.000000000000000000e+00,0.000000000000000000e+00
4.095000000000000000e+03,0.000000000000000000e+00,0.000000000000000000e+00,0.000000000000000000e+00,0.000000000000000000e+00,0.000000000000000000e+00
4.095000000000000000e+03,0.000000000000000000e+00,0.000000000000000000e+00,0.000000000000000000e+00,0.000000000000000000e+00,0.000000000000000000e+00
4.095000000000000000e+03,0.000000000000000000e+00,0.000000000000000000e+00,0.000000000000000000e+00,0.000000000000000000e+00,0.000000000000000000e+00
4.095000000000000000e+03,0.000000000000000000e+00,0.000000000000000000e+00,0.000000000000000000e+00,0.000000000000000000e+00,0.000000000000000000e+00
4.095000000000000000e+03,0.000000000000000000e+00,0.000000000000000000e+00,4.800000000000000000e+01,0.000000000000000000e+00,0.000000000000000000e+00
4.095000000000000000e+03,0.000000000000000000e+00,0.000000000000000000e+00,4.340000000000000000e+02,0.000000000000000000e+00,0.000000000000000000e+00
4.095000000000000000e+03,0.000000000000000000e+00,0.000000000000000000e+00,4.570000000000000000e+02,0.000000000000000000e+00,0.000000000000000000e+00
4.095000000000000000e+03,0.000000000000000000e+00,0.000000000000000000e+00,7.000000000000000000e+00,0.000000000000000000e+00,0.000000000000000000e+00
4.095000000000000000e+03,0.000000000000000000e+00,0.000000000000000000e+00,0.000000000000000000e+00,0.000000000000000000e+00,0.000000000000000000e+00
4.095000000000000000e+03,0.000000000000000000e+00,0.000000000000000000e+00,0.000000000000000000e+00,5.400000000000000000e+01,0.000000000000000000e+00
4.095000000000000000e+03,0.000000000000000000e+00,0.000000000000000000e+00,0.000000000000000000e+00,1.980000000000000000e+02,0.000000000000000000e+00
4.095000000000000000e+03,0.000000000000000000e+00,0.000000000000000000e+00,0.000000000000000000e+00,4.095000000000000000e+03,0.000000000000000000e+00
0.000000000000000000e+00,0.000000000000000000e+00,0.000000000000000000e+00,0.000000000000000000e+00,4.095000000000000000e+03,0.000000000000000000e+00
0.000000000000000000e+00,0.000000000000000000e+00,0.000000000000000000e+00,0.000000000000000000e+00,4.095000000000000000e+03,0.000000000000000000e+00
0.000000000000000000e+00,0.000000000000000000e+00,0.000000000000000000e+00,0.000000000000000000e+00,4.095000000000000000e+03,0.000000000000000000e+00
0.000000000000000000e+00,0.000000000000000000e+00,0.000000000000000000e+00,0.000000000000000000e+00,4.095000000000000000e+03,0.000000000000000000e+00
0.000000000000000000e+00,0.000000000000000000e+00,0.000000000000000000e+00,0.000000000000000000e+00,4.095000000000000000e+03,0.000000000000000000e+00
0.000000000000000000e+00,0.000000000000000000e+00,0.000000000000000000e+00,0.000000000000000000e+00,4.095000000000000000e+03,0.000000000000000000e+00
0.000000000000000000e+00,0.000000000000000000e+00,0.000000000000000000e+00,0.000000000000000000e+00,4.095000000000000000e+03,0.000000000000000000e+00
0.000000000000000000e+00,0.000000000000000000e+00,0.000000000000000000e+00,0.000000000000000000e+00,4.095000000000000000e+03,0.000000000000000000e+00
0.000000000000000000e+00,0.000000000000000000e+00,0.000000000000000000e+00,0.000000000000000000e+00,4.023000000000000000e+03,0.000000000000000000e+00
0.000000000000000000e+00,0.000000000000000000e+00,0.000000000000000000e+00,0.000000000000000000e+00,4.095000000000000000e+03,0.000000000000000000e+00
0.000000000000000000e+00,0.000000000000000000e+00,0.000000000000000000e+00,0.000000000000000000e+00,4.095000000000000000e+03,0.000000000000000000e+00
0.000000000000000000e+00,0.000000000000000000e+00,0.000000000000000000e+00,0.000000000000000000e+00,4.095000000000000000e+03,0.000000000000000000e+00
0.000000000000000000e+00,0.000000000000000000e+00,0.000000000000000000e+00,0.000000000000000000e+00,4.095000000000000000e+03,0.000000000000000000e+00
0.000000000000000000e+00,0.000000000000000000e+00,0.000000000000000000e+00,0.000000000000000000e+00,4.095000000000000000e+03,0.000000000000000000e+00
0.000000000000000000e+00,0.000000000000000000e+00,0.000000000000000000e+00,0.000000000000000000e+00,1.760000000000000000e+02,0.000000000000000000e+00
0.000000000000000000e+00,0.000000000000000000e+00,0.000000000000000000e+00,0.000000000000000000e+00,4.095000000000000000e+03,0.000000000000000000e+00
0.000000000000000000e+00,0.000000000000000000e+00,0.000000000000000000e+00,0.000000000000000000e+00,0.000000000000000000e+00,0.000000000000000000e+00
0.000000000000000000e+00,0.000000000000000000e+00,0.000000000000000000e+00,0.000000000000000000e+00,0.000000000000000000e+00,0.000000000000000000e+00
0.000000000000000000e+00,0.000000000000000000e+00,0.000000000000000000e+00,0.000000000000000000e+00,0.000000000000000000e+00,0.000000000000000000e+00
0.000000000000000000e+00,0.000000000000000000e+00,0.000000000000000000e+00,0.000000000000000000e+00,0.000000000000000000e+00,0.000000000000000000e+00
0.000000000000000000e+00,0.000000000000000000e+00,0.000000000000000000e+00,0.000000000000000000e+00,0.000000000000000000e+00,0.000000000000000000e+00
0.000000000000000000e+00,0.000000000000000000e+00,0.000000000000000000e+00,0.000000000000000000e+00,0.000000000000000000e+00,0.000000000000000000e+00
0.000000000000000000e+00,4.095000000000000000e+03,4.079000000000000000e+03,0.000000000000000000e+00,0.000000000000000000e+00,0.000000000000000000e+00
0.000000000000000000e+00,0.000000000000000000e+00,4.095000000000000000e+03,0.000000000000000000e+00,0.000000000000000000e+00,5.400000000000000000e+01
0.000000000000000000e+00,0.000000000000000000e+00,4.095000000000000000e+03,0.000000000000000000e+00,0.000000000000000000e+00,0.000000000000000000e+00
0.000000000000000000e+00,0.000000000000000000e+00,4.095000000000000000e+03,0.000000000000000000e+00,0.000000000000000000e+00,0.000000000000000000e+00
0.000000000000000000e+00,0.000000000000000000e+00,4.095000000000000000e+03,0.000000000000000000e+00,0.000000000000000000e+00,0.000000000000000000e+00
0.000000000000000000e+00,0.000000000000000000e+00,4.095000000000000000e+03,0.000000000000000000e+00,0.000000000000000000e+00,0.000000000000000000e+00
0.000000000000000000e+00,4.095000000000000000e+03,0.000000000000000000e+00,0.000000000000000000e+00,0.000000000000000000e+00,0.000000000000000000e+00
0.000000000000000000e+00,4.095000000000000000e+03,0.000000000000000000e+00,0.000000000000000000e+00,0.000000000000000000e+00,0.000000000000000000e+00
0.000000000000000000e+00,4.095000000000000000e+03,0.000000000000000000e+00,0.000000000000000000e+00,0.000000000000000000e+00,0.000000000000000000e+00
0.000000000000000000e+00,4.095000000000000000e+03,0.000000000000000000e+00,0.000000000000000000e+00,0.000000000000000000e+00,0.000000000000000000e+00
0.000000000000000000e+00,4.095000000000000000e+03,0.000000000000000000e+00,0.000000000000000000e+00,6.100000000000000000e+01,0.000000000000000000e+00
0.000000000000000000e+00,4.095000000000000000e+03,0.000000000000000000e+00,0.000000000000000000e+00,7.410000000000000000e+02,0.000000000000000000e+00
0.000000000000000000e+00,4.095000000000000000e+03,0.000000000000000000e+00,0.000000000000000000e+00,4.095000000000000000e+03,0.000000000000000000e+00
0.000000000000000000e+00,4.095000000000000000e+03,0.000000000000000000e+00,0.000000000000000000e+00,4.095000000000000000e+03,0.000000000000000000e+00
0.000000000000000000e+00,4.095000000000000000e+03,0.000000000000000000e+00,0.000000000000000000e+00,4.095000000000000000e+03,0.000000000000000000e+00
0.000000000000000000e+00,4.095000000000000000e+03,0.000000000000000000e+00,0.000000000000000000e+00,4.095000000000000000e+03,0.000000000000000000e+00
0.000000000000000000e+00,4.095000000000000000e+03,0.000000000000000000e+00,0.000000000000000000e+00,4.095000000000000000e+03,0.000000000000000000e+00
0.000000000000000000e+00,4.095000000000000000e+03,0.000000000000000000e+00,0.000000000000000000e+00,4.095000000000000000e+03,0.000000000000000000e+00
0.000000000000000000e+00,4.095000000000000000e+03,0.000000000000000000e+00,0.000000000000000000e+00,4.095000000000000000e+03,0.000000000000000000e+00
0.000000000000000000e+00,4.095000000000000000e+03,0.000000000000000000e+00,0.000000000000000000e+00,4.095000000000000000e+03,0.000000000000000000e+00
0.000000000000000000e+00,4.095000000000000000e+03,0.000000000000000000e+00,0.000000000000000000e+00,4.095000000000000000e+03,0.000000000000000000e+00
0.000000000000000000e+00,4.095000000000000000e+03,0.000000000000000000e+00,0.000000000000000000e+00,4.095000000000000000e+03,0.000000000000000000e+00
0.000000000000000000e+00,4.095000000000000000e+03,0.000000000000000000e+00,0.000000000000000000e+00,4.095000000000000000e+03,0.000000000000000000e+00
0.000000000000000000e+00,4.095000000000000000e+03,0.000000000000000000e+00,0.000000000000000000e+00,4.095000000000000000e+03,0.000000000000000000e+00
0.000000000000000000e+00,4.095000000000000000e+03,0.000000000000000000e+00,0.000000000000000000e+00,4.095000000000000000e+03,0.000000000000000000e+00
1.000000000000000000e+01,4.095000000000000000e+03,0.000000000000000000e+00,0.000000000000000000e+00,4.095000000000000000e+03,0.000000000000000000e+00
0.000000000000000000e+00,4.095000000000000000e+03,0.000000000000000000e+00,0.000000000000000000e+00,4.095000000000000000e+03,0.000000000000000000e+00
4.095000000000000000e+03,4.095000000000000000e+03,0.000000000000000000e+00,0.000000000000000000e+00,4.095000000000000000e+03,0.000000000000000000e+00
4.095000000000000000e+03,4.095000000000000000e+03,0.000000000000000000e+00,0.000000000000000000e+00,4.095000000000000000e+03,0.000000000000000000e+00
4.095000000000000000e+03,4.095000000000000000e+03,0.000000000000000000e+00,0.000000000000000000e+00,4.095000000000000000e+03,0.000000000000000000e+00
4.095000000000000000e+03,4.006000000000000000e+03,0.000000000000000000e+00,0.000000000000000000e+00,4.095000000000000000e+03,0.000000000000000000e+00
0.000000000000000000e+00,4.095000000000000000e+03,0.000000000000000000e+00,0.000000000000000000e+00,4.095000000000000000e+03,0.000000000000000000e+00
0.000000000000000000e+00,4.095000000000000000e+03,0.000000000000000000e+00,0.000000000000000000e+00,4.095000000000000000e+03,0.000000000000000000e+00
0.000000000000000000e+00,4.095000000000000000e+03,0.000000000000000000e+00,0.000000000000000000e+00,4.095000000000000000e+03,0.000000000000000000e+00
0.000000000000000000e+00,4.095000000000000000e+03,0.000000000000000000e+00,0.000000000000000000e+00,4.095000000000000000e+03,0.000000000000000000e+00
0.000000000000000000e+00,4.095000000000000000e+03,0.000000000000000000e+00,0.000000000000000000e+00,4.095000000000000000e+03,0.000000000000000000e+00
0.000000000000000000e+00,4.095000000000000000e+03,0.000000000000000000e+00,0.000000000000000000e+00,4.095000000000000000e+03,0.000000000000000000e+00
0.000000000000000000e+00,4.095000000000000000e+03,0.000000000000000000e+00,0.000000000000000000e+00,4.095000000000000000e+03,0.000000000000000000e+00
0.000000000000000000e+00,4.095000000000000000e+03,0.000000000000000000e+00,0.000000000000000000e+00,8.380000000000000000e+02,0.000000000000000000e+00
0.000000000000000000e+00,4.095000000000000000e+03,0.000000000000000000e+00,0.000000000000000000e+00,4.670000000000000000e+02,0.000000000000000000e+00
0.000000000000000000e+00,4.095000000000000000e+03,0.000000000000000000e+00,0.000000000000000000e+00,0.000000000000000000e+00,0.000000000000000000e+00
0.000000000000000000e+00,4.095000000000000000e+03,0.000000000000000000e+00,0.000000000000000000e+00,0.000000000000000000e+00,0.000000000000000000e+00
0.000000000000000000e+00,4.095000000000000000e+03,0.000000000000000000e+00,0.000000000000000000e+00,0.000000000000000000e+00,0.000000000000000000e+00
0.000000000000000000e+00,4.095000000000000000e+03,0.000000000000000000e+00,0.000000000000000000e+00,0.000000000000000000e+00,0.000000000000000000e+00
0.000000000000000000e+00,4.095000000000000000e+03,0.000000000000000000e+00,0.000000000000000000e+00,0.000000000000000000e+00,0.000000000000000000e+00
0.000000000000000000e+00,4.095000000000000000e+03,0.000000000000000000e+00,0.000000000000000000e+00,0.000000000000000000e+00,0.000000000000000000e+00
0.000000000000000000e+00,0.000000000000000000e+00,0.000000000000000000e+00,0.000000000000000000e+00,0.000000000000000000e+00,0.000000000000000000e+00
0.000000000000000000e+00,0.000000000000000000e+00,0.000000000000000000e+00,0.000000000000000000e+00,0.000000000000000000e+00,0.000000000000000000e+00
0.000000000000000000e+00,0.000000000000000000e+00,0.000000000000000000e+00,0.000000000000000000e+00,0.000000000000000000e+00,0.000000000000000000e+00
0.000000000000000000e+00,0.000000000000000000e+00,0.000000000000000000e+00,0.000000000000000000e+00,0.000000000000000000e+00,0.000000000000000000e+00
0.000000000000000000e+00,0.000000000000000000e+00,0.000000000000000000e+00,0.000000000000000000e+00,0.000000000000000000e+00,0.000000000000000000e+00
0.000000000000000000e+00,0.000000000000000000e+00,0.000000000000000000e+00,0.000000000000000000e+00,0.000000000000000000e+00,0.000000000000000000e+00
0.000000000000000000e+00,0.000000000000000000e+00,0.000000000000000000e+00,0.000000000000000000e+00,0.000000000000000000e+00,0.000000000000000000e+00
0.000000000000000000e+00,0.000000000000000000e+00,0.000000000000000000e+00,0.000000000000000000e+00,0.000000000000000000e+00,0.000000000000000000e+00
6.400000000000000000e+01,0.000000000000000000e+00,0.000000000000000000e+00,1.550000000000000000e+02,0.000000000000000000e+00,0.000000000000000000e+00
4.095000000000000000e+03,0.000000000000000000e+00,0.000000000000000000e+00,1.910000000000000000e+02,0.000000000000000000e+00,0.000000000000000000e+00
4.095000000000000000e+03,0.000000000000000000e+00,0.000000000000000000e+00,4.620000000000000000e+02,0.000000000000000000e+00,0.000000000000000000e+00
4.095000000000000000e+03,0.000000000000000000e+00,0.000000000000000000e+00,4.600000000000000000e+02,0.000000000000000000e+00,0.000000000000000000e+00
4.095000000000000000e+03,0.000000000000000000e+00,0.000000000000000000e+00,5.370000000000000000e+02,0.000000000000000000e+00,0.000000000000000000e+00
4.095000000000000000e+03,0.000000000000000000e+00,0.000000000000000000e+00,1.530000000000000000e+02,4.980000000000000000e+02,0.000000000000000000e+00
4.095000000000000000e+03,0.000000000000000000e+00,0.000000000000000000e+00,0.000000000000000000e+00,4.095000000000000000e+03,0.000000000000000000e+00
4.011000000000000000e+03,0.000000000000000000e+00,0.000000000000000000e+00,0.000000000000000000e+00,4.095000000000000000e+03,0.000000000000000000e+00
4.095000000000000000e+03,0.000000000000000000e+00,0.000000000000000000e+00,0.000000000000000000e+00,4.095000000000000000e+03,0.000000000000000000e+00
4.095000000000000000e+03,0.000000000000000000e+00,0.000000000000000000e+00,0.000000000000000000e+00,4.095000000000000000e+03,0.000000000000000000e+00
4.095000000000000000e+03,0.000000000000000000e+00,0.000000000000000000e+00,0.000000000000000000e+00,4.095000000000000000e+03,0.000000000000000000e+00
4.095000000000000000e+03,0.000000000000000000e+00,0.000000000000000000e+00,0.000000000000000000e+00,4.095000000000000000e+03,0.000000000000000000e+00
4.095000000000000000e+03,0.000000000000000000e+00,0.000000000000000000e+00,0.000000000000000000e+00,4.095000000000000000e+03,0.000000000000000000e+00
4.095000000000000000e+03,0.000000000000000000e+00,0.000000000000000000e+00,0.000000000000000000e+00,4.095000000000000000e+03,0.000000000000000000e+00
4.095000000000000000e+03,4.095000000000000000e+03,0.000000000000000000e+00,0.000000000000000000e+00,4.095000000000000000e+03,0.000000000000000000e+00
4.095000000000000000e+03,4.095000000000000000e+03,0.000000000000000000e+00,0.000000000000000000e+00,4.095000000000000000e+03,0.000000000000000000e+00
4.095000000000000000e+03,4.095000000000000000e+03,0.000000000000000000e+00,0.000000000000000000e+00,4.095000000000000000e+03,0.000000000000000000e+00
4.095000000000000000e+03,4.095000000000000000e+03,0.000000000000000000e+00,0.000000000000000000e+00,4.095000000000000000e+03,0.000000000000000000e+00
4.095000000000000000e+03,4.095000000000000000e+03,0.000000000000000000e+00,0.000000000000000000e+00,4.095000000000000000e+03,0.000000000000000000e+00
4.095000000000000000e+03,4.095000000000000000e+03,0.000000000000000000e+00,0.000000000000000000e+00,4.095000000000000000e+03,0.000000000000000000e+00
4.095000000000000000e+03,4.095000000000000000e+03,0.000000000000000000e+00,0.000000000000000000e+00,4.095000000000000000e+03,0.000000000000000000e+00
4.095000000000000000e+03,4.095000000000000000e+03,0.000000000000000000e+00,0.000000000000000000e+00,4.095000000000000000e+03,0.000000000000000000e+00
4.095000000000000000e+03,4.095000000000000000e+03,0.000000000000000000e+00,0.000000000000000000e+00,4.095000000000000000e+03,0.000000000000000000e+00
4.095000000000000000e+03,4.095000000000000000e+03,0.000000000000000000e+00,0.000000000000000000e+00,4.095000000000000000e+03,0.000000000000000000e+00
4.095000000000000000e+03,4.095000000000000000e+03,0.000000000000000000e+00,0.000000000000000000e+00,0.000000000000000000e+00,0.000000000000000000e+00
4.095000000000000000e+03,4.095000000000000000e+03,0.000000000000000000e+00,0.000000000000000000e+00,0.000000000000000000e+00,1.270000000000000000e+02
4.095000000000000000e+03,4.095000000000000000e+03,0.000000000000000000e+00,0.000000000000000000e+00,0.000000000000000000e+00,6.700000000000000000e+01
4.095000000000000000e+03,4.095000000000000000e+03,0.000000000000000000e+00,0.000000000000000000e+00,0.000000000000000000e+00,4.095000000000000000e+03
4.095000000000000000e+03,4.095000000000000000e+03,0.000000000000000000e+00,0.000000000000000000e+00,0.000000000000000000e+00,4.095000000000000000e+03
4.095000000000000000e+03,4.095000000000000000e+03,0.000000000000000000e+00,0.000000000000000000e+00,0.000000000000000000e+00,4.095000000000000000e+03
4.095000000000000000e+03,4.095000000000000000e+03,0.000000000000000000e+00,0.000000000000000000e+00,0.000000000000000000e+00,4.095000000000000000e+03
4.095000000000000000e+03,4.095000000000000000e+03,0.000000000000000000e+00,0.000000000000000000e+00,0.000000000000000000e+00,4.095000000000000000e+03
4.095000000000000000e+03,4.095000000000000000e+03,0.000000000000000000e+00,0.000000000000000000e+00,0.000000000000000000e+00,4.095000000000000000e+03
4.095000000000000000e+03,4.095000000000000000e+03,0.000000000000000000e+00,0.000000000000000000e+00,0.000000000000000000e+00,4.095000000000000000e+03
3.901000000000000000e+03,4.095000000000000000e+03,0.000000000000000000e+00,0.000000000000000000e+00,0.000000000000000000e+00,4.095000000000000000e+03
0.000000000000000000e+00,4.095000000000000000e+03,0.000000000000000000e+00,0.000000000000000000e+00,0.000000000000000000e+00,4.095000000000000000e+03
0.000000000000000000e+00,0.000000000000000000e+00,0.000000000000000000e+00,0.000000000000000000e+00,0.000000000000000000e+00,4.095000000000000000e+03
0.000000000000000000e+00,4.095000000000000000e+03,0.000000000000000000e+00,0.000000000000000000e+00,0.000000000000000000e+00,4.095000000000000000e+03
0.000000000000000000e+00,0.000000000000000000e+00,0.000000000000000000e+00,0.000000000000000000e+00,0.000000000000000000e+00,4.230000000000000000e+02
0.000000000000000000e+00,4.095000000000000000e+03,0.000000000000000000e+00,0.000000000000000000e+00,0.000000000000000000e+00,0.000000000000000000e+00
0.000000000000000000e+00,4.095000000000000000e+03,0.000000000000000000e+00,0.000000000000000000e+00,0.000000000000000000e+00,0.000000000000000000e+00
0.000000000000000000e+00,4.095000000000000000e+03,0.000000000000000000e+00,0.000000000000000000e+00,0.000000000000000000e+00,0.000000000000000000e+00
0.000000000000000000e+00,4.095000000000000000e+03,0.000000000000000000e+00,0.000000000000000000e+00,0.000000000000000000e+00,0.000000000000000000e+00
0.000000000000000000e+00,4.095000000000000000e+03,0.000000000000000000e+00,0.000000000000000000e+00,2.800000000000000000e+01,0.000000000000000000e+00
0.000000000000000000e+00,4.095000000000000000e+03,0.000000000000000000e+00,0.000000000000000000e+00,1.740000000000000000e+02,0.000000000000000000e+00
0.000000000000000000e+00,4.095000000000000000e+03,0.000000000000000000e+00,0.000000000000000000e+00,1.060000000000000000e+03,0.000000000000000000e+00
0.000000000000000000e+00,4.095000000000000000e+03,0.000000000000000000e+00,0.000000000000000000e+00,4.095000000000000000e+03,0.000000000000000000e+00
0.000000000000000000e+00,4.095000000000000000e+03,0.000000000000000000e+00,0.000000000000000000e+00,4.095000000000000000e+03,0.000000000000000000e+00
0.000000000000000000e+00,4.095000000000000000e+03,0.000000000000000000e+00,0.000000000000000000e+00,4.095000000000000000e+03,0.000000000000000000e+00
0.000000000000000000e+00,4.095000000000000000e+03,0.000000000000000000e+00,0.000000000000000000e+00,4.095000000000000000e+03,0.000000000000000000e+00
0.000000000000000000e+00,4.095000000000000000e+03,0.000000000000000000e+00,0.000000000000000000e+00,4.095000000000000000e+03,0.000000000000000000e+00
0.000000000000000000e+00,4.095000000000000000e+03,0.000000000000000000e+00,0.000000000000000000e+00,4.095000000000000000e+03,0.000000000000000000e+00
0.000000000000000000e+00,4.095000000000000000e+03,0.000000000000000000e+00,0.000000000000000000e+00,3.977000000000000000e+03,0.000000000000000000e+00
0.000000000000000000e+00,4.095000000000000000e+03,0.000000000000000000e+00,0.000000000000000000e+00,4.095000000000000000e+03,0.000000000000000000e+00
0.000000000000000000e+00,0.000000000000000000e+00,0.000000000000000000e+00,0.000000000000000000e+00,4.095000000000000000e+03,0.000000000000000000e+00
0.000000000000000000e+00,0.000000000000000000e+00,0.000000000000000000e+00,0.000000000000000000e+00,4.095000000000000000e+03,0.000000000000000000e+00
0.000000000000000000e+00,0.000000000000000000e+00,0.000000000000000000e+00,0.000000000000000000e+00,4.095000000000000000e+03,0.000000000000000000e+00
0.000000000000000000e+00,0.000000000000000000e+00,0.000000000000000000e+00,0.000000000000000000e+00,4.095000000000000000e+03,0.000000000000000000e+00
0.000000000000000000e+00,0.000000000000000000e+00,0.000000000000000000e+00,0.000000000000000000e+00,7.410000000000000000e+02,0.000000000000000000e+00
0.000000000000000000e+00,0.000000000000000000e+00,0.000000000000000000e+00,0.000000000000000000e+00,0.000000000000000000e+00,0.000000000000000000e+00
0.000000000000000000e+00,0.000000000000000000e+00,0.000000000000000000e+00,0.000000000000000000e+00,0.000000000000000000e+00,0.000000000000000000e+00
0.000000000000000000e+00,0.000000000000000000e+00,0.000000000000000000e+00,0.000000000000000000e+00,0.000000000000000000e+00,0.000000000000000000e+00
0.000000000000000000e+00,0.000000000000000000e+00,0.000000000000000000e+00,1.150000000000000000e+02,0.000000000000000000e+00,0.000000000000000000e+00
0.000000000000000000e+00,0.000000000000000000e+00,0.000000000000000000e+00,2.790000000000000000e+02,0.000000000000000000e+00,0.000000000000000000e+00
0.000000000000000000e+00,0.000000000000000000e+00,0.000000000000000000e+00,4.220000000000000000e+02,0.000000000000000000e+00,0.000000000000000000e+00
0.000000000000000000e+00,0.000000000000000000e+00,0.000000000000000000e+00,4.580000000000000000e+02,0.000000000000000000e+00,0.000000000000000000e+00
0.000000000000000000e+00,0.000000000000000000e+00,0.000000000000000000e+00,5.450000000000000000e+02,0.000000000000000000e+00,0.000000000000000000e+00
0.000000000000000000e+00,0.000000000000000000e+00,0.000000000000000000e+00,5.350000000000000000e+02,0.000000000000000000e+00,0.000000000000000000e+00
0.000000000000000000e+00,0.000000000000000000e+00,0.000000000000000000e+00,7.820000000000000000e+02,0.000000000000000000e+00,0.000000000000000000e+00
0.000000000000000000e+00,0.000000000000000000e+00,0.000000000000000000e+00,8.060000000000000000e+02,0.000000000000000000e+00,0.000000000000000000e+00
0.000000000000000000e+00,0.000000000000000000e+00,0.000000000000000000e+00,0.000000000000000000e+00,0.000000000000000000e+00,0.000000000000000000e+00
0.000000000000000000e+00,0.000000000000000000e+00,0.000000000000000000e+00,0.000000000000000000e+00,0.000000000000000000e+00,0.000000000000000000e+00
0.000000000000000000e+00,0.000000000000000000e+00,0.000000000000000000e+00,0.000000000000000000e+00,0.000000000000000000e+00,0.000000000000000000e+00
0.000000000000000000e+00,4.095000000000000000e+03,0.000000000000000000e+00,0.000000000000000000e+00,0.000000000000000000e+00,0.000000000000000000e+00
0.000000000000000000e+00,4.095000000000000000e+03,0.000000000000000000e+00,0.000000000000000000e+00,1.170000000000000000e+02,0.000000000000000000e+00
0.000000000000000000e+00,4.095000000000000000e+03,0.000000000000000000e+00,0.000000000000000000e+00,6.940000000000000000e+02,0.000000000000000000e+00
0.000000000000000000e+00,4.095000000000000000e+03,0.000000000000000000e+00,0.000000000000000000e+00,4.095000000000000000e+03,0.000000000000000000e+00
0.000000000000000000e+00,4.095000000000000000e+03,0.000000000000000000e+00,0.000000000000000000e+00,4.095000000000000000e+03,0.000000000000000000e+00
0.000000000000000000e+00,4.095000000000000000e+03,0.000000000000000000e+00,0.000000000000000000e+00,4.095000000000000000e+03,0.000000000000000000e+00
0.000000000000000000e+00,4.095000000000000000e+03,0.000000000000000000e+00,0.000000000000000000e+00,4.095000000000000000e+03,0.000000000000000000e+00
0.000000000000000000e+00,4.095000000000000000e+03,0.000000000000000000e+00,0.000000000000000000e+00,4.095000000000000000e+03,0.000000000000000000e+00
0.000000000000000000e+00,4.095000000000000000e+03,0.000000000000000000e+00,0.000000000000000000e+00,4.095000000000000000e+03,0.000000000000000000e+00
0.000000000000000000e+00,4.095000000000000000e+03,0.000000000000000000e+00,0.000000000000000000e+00,4.095000000000000000e+03,0.000000000000000000e+00
0.000000000000000000e+00,4.095000000000000000e+03,0.000000000000000000e+00,0.000000000000000000e+00,4.063000000000000000e+03,0.000000000000000000e+00
0.000000000000000000e+00,4.095000000000000000e+03,0.000000000000000000e+00,0.000000000000000000e+00,4.095000000000000000e+03,0.000000000000000000e+00
0.000000000000000000e+00,4.095000000000000000e+03,0.000000000000000000e+00,0.000000000000000000e+00,4.095000000000000000e+03,0.000000000000000000e+00
0.000000000000000000e+00,4.095000000000000000e+03,0.000000000000000000e+00,0.000000000000000000e+00,4.095000000000000000e+03,0.000000000000000000e+00
0.000000000000000000e+00,4.095000000000000000e+03,0.000000000000000000e+00,0.000000000000000000e+00,4.095000000000000000e+03,7.650000000000000000e+02
0.000000000000000000e+00,4.095000000000000000e+03,0.000000000000000000e+00,0.000000000000000000e+00,4.095000000000000000e+03,4.095000000000000000e+03
4.095000000000000000e+03,4.095000000000000000e+03,0.000000000000000000e+00,0.000000000000000000e+00,4.095000000000000000e+03,4.095000000000000000e+03
4.095000000000000000e+03,4.095000000000000000e+03,0.000000000000000000e+00,0.000000000000000000e+00,4.095000000000000000e+03,4.095000000000000000e+03
4.095000000000000000e+03,4.095000000000000000e+03,0.000000000000000000e+00,0.000000000000000000e+00,4.095000000000000000e+03,3.969000000000000000e+03
4.095000000000000000e+03,4.095000000000000000e+03,0.000000000000000000e+00,0.000000000000000000e+00,4.095000000000000000e+03,4.095000000000000000e+03
4.095000000000000000e+03,4.095000000000000000e+03,0.000000000000000000e+00,0.000000000000000000e+00,4.095000000000000000e+03,4.095000000000000000e+03
4.095000000000000000e+03,4.095000000000000000e+03,0.000000000000000000e+00,0.000000000000000000e+00,4.095000000000000000e+03,4.500000000000000000e+01
4.095000000000000000e+03,4.095000000000000000e+03,0.000000000000000000e+00,0.000000000000000000e+00,4.095000000000000000e+03,4.095000000000000000e+03
4.095000000000000000e+03,4.095000000000000000e+03,0.000000000000000000e+00,0.000000000000000000e+00,4.095000000000000000e+03,0.000000000000000000e+00
4.095000000000000000e+03,4.095000000000000000e+03,0.000000000000000000e+00,0.000000000000000000e+00,4.095000000000000000e+03,0.000000000000000000e+00
4.095000000000000000e+03,4.095000000000000000e+03,0.000000000000000000e+00,0.000000000000000000e+00,4.095000000000000000e+03,0.000000000000000000e+00
4.095000000000000000e+03,4.095000000000000000e+03,0.000000000000000000e+00,0.000000000000000000e+00,4.095000000000000000e+03,3.400000000000000000e+01
4.095000000000000000e+03,4.095000000000000000e+03,0.000000000000000000e+00,0.000000000000000000e+00,4.095000000000000000e+03,0.000000000000000000e+00
4.095000000000000000e+03,4.095000000000000000e+03,0.000000000000000000e+00,0.000000000000000000e+00,4.095000000000000000e+03,0.000000000000000000e+00
0.000000000000000000e+00,4.095000000000000000e+03,0.000000000000000000e+00,0.000000000000000000e+00,4.095000000000000000e+03,0.000000000000000000e+00
0.000000000000000000e+00,4.095000000000000000e+03,0.000000000000000000e+00,0.000000000000000000e+00,4.095000000000000000e+03,0.000000000000000000e+00
0.000000000000000000e+00,4.095000000000000000e+03,0.000000000000000000e+00,0.000000000000000000e+00,4.095000000000000000e+03,0.000000000000000000e+00
0.000000000000000000e+00,4.095000000000000000e+03,0.000000000000000000e+00,0.000000000000000000e+00,1.233000000000000000e+03,0.000000000000000000e+00
0.000000000000000000e+00,4.095000000000000000e+03,0.000000000000000000e+00,0.000000000000000000e+00,4.095000000000000000e+03,0.000000000000000000e+00
0.000000000000000000e+00,4.095000000000000000e+03,0.000000000000000000e+00,0.000000000000000000e+00,1.196000000000000000e+03,0.000000000000000000e+00
0.000000000000000000e+00,4.095000000000000000e+03,0.000000000000000000e+00,0.000000000000000000e+00,4.570000000000000000e+02,0.000000000000000000e+00
0.000000000000000000e+00,0.000000000000000000e+00,0.000000000000000000e+00,0.000000000000000000e+00,6.400000000000000000e+02,0.000000000000000000e+00
0.000000000000000000e+00,0.000000000000000000e+00,0.000000000000000000e+00,0.000000000000000000e+00,3.600000000000000000e+01,0.000000000000000000e+00
0.000000000000000000e+00,0.000000000000000000e+00,0.000000000000000000e+00,0.000000000000000000e+00,0.000000000000000000e+00,0.000000000000000000e+00
0.000000000000000000e+00,0.000000000000000000e+00,0.000000000000000000e+00,0.000000000000000000e+00,0.000000000000000000e+00,0.000000000000000000e+00
0.000000000000000000e+00,0.000000000000000000e+00,0.000000000000000000e+00,0.000000000000000000e+00,0.000000000000000000e+00,0.000000000000000000e+00
0.000000000000000000e+00,0.000000000000000000e+00,0.000000000000000000e+00,0.000000000000000000e+00,0.000000000000000000e+00,0.000000000000000000e+00
0.000000000000000000e+00,0.000000000000000000e+00,0.000000000000000000e+00,0.000000000000000000e+00,0.000000000000000000e+00,0.000000000000000000e+00
0.000000000000000000e+00,0.000000000000000000e+00,0.000000000000000000e+00,0.000000000000000000e+00,0.000000000000000000e+00,0.000000000000000000e+00
0.000000000000000000e+00,0.000000000000000000e+00,0.000000000000000000e+00,0.000000000000000000e+00,0.000000000000000000e+00,0.000000000000000000e+00
0.000000000000000000e+00,0.000000000000000000e+00,0.000000000000000000e+00,0.000000000000000000e+00,0.000000000000000000e+00,0.000000000000000000e+00
0.000000000000000000e+00,0.000000000000000000e+00,0.000000000000000000e+00,0.000000000000000000e+00,0.000000000000000000e+00,0.000000000000000000e+00
0.000000000000000000e+00,0.000000000000000000e+00,0.000000000000000000e+00,0.000000000000000000e+00,0.000000000000000000e+00,0.000000000000000000e+00
0.000000000000000000e+00,0.000000000000000000e+00,0.000000000000000000e+00,0.000000000000000000e+00,0.000000000000000000e+00,0.000000000000000000e+00
0.000000000000000000e+00,0.000000000000000000e+00,0.000000000000000000e+00,0.000000000000000000e+00,0.000000000000000000e+00,0.000000000000000000e+00
0.000000000000000000e+00,0.000000000000000000e+00,0.000000000000000000e+00,0.000000000000000000e+00,0.000000000000000000e+00,0.000000000000000000e+00
0.000000000000000000e+00,0.000000000000000000e+00,0.000000000000000000e+00,0.000000000000000000e+00,0.000000000000000000e+00,0.000000000000000000e+00
0.000000000000000000e+00,0.000000000000000000e+00,0.000000000000000000e+00,0.000000000000000000e+00,0.000000000000000000e+00,0.000000000000000000e+00
0.000000000000000000e+00,0.000000000000000000e+00,0.000000000000000000e+00,0.000000000000000000e+00,0.000000000000000000e+00,0.000000000000000000e+00
0.000000000000000000e+00,0.000000000000000000e+00,0.000000000000000000e+00,0.000000000000000000e+00,0.000000000000000000e+00,0.000000000000000000e+00
0.000000000000000000e+00,0.000000000000000000e+00,0.000000000000000000e+00,0.000000000000000000e+00,0.000000000000000000e+00,0.000000000000000000e+00
0.000000000000000000e+00,0.000000000000000000e+00,0.000000000000000000e+00,0.000000000000000000e+00,0.000000000000000000e+00,0.000000000000000000e+00
4.095000000000000000e+03,0.000000000000000000e+00,0.000000000000000000e+00,0.000000000000000000e+00,1.800000000000000000e+01,0.000000000000000000e+00
4.095000000000000000e+03,0.000000000000000000e+00,0.000000000000000000e+00,0.000000000000000000e+00,6.490000000000000000e+02,0.000000000000000000e+00
4.083000000000000000e+03,0.000000000000000000e+00,0.000000000000000000e+00,0.000000000000000000e+00,4.095000000000000000e+03,0.000000000000000000e+00
4.095000000000000000e+03,0.000000000000000000e+00,0.000000000000000000e+00,0.000000000000000000e+00,4.095000000000000000e+03,0.000000000000000000e+00
4.095000000000000000e+03,0.000000000000000000e+00,0.000000000000000000e+00,0.000000000000000000e+00,4.095000000000000000e+03,0.000000000000000000e+00
4.095000000000000000e+03,0.000000000000000000e+00,0.000000000000000000e+00,0.000000000000000000e+00,4.095000000000000000e+03,0.000000000000000000e+00
4.095000000000000000e+03,0.000000000000000000e+00,0.000000000000000000e+00,0.000000000000000000e+00,4.095000000000000000e+03,0.000000000000000000e+00
4.095000000000000000e+03,4.095000000000000000e+03,0.000000000000000000e+00,0.000000000000000000e+00,4.095000000000000000e+03,0.000000000000000000e+00
4.095000000000000000e+03,4.095000000000000000e+03,0.000000000000000000e+00,0.000000000000000000e+00,4.095000000000000000e+03,0.000000000000000000e+00
4.095000000000000000e+03,4.095000000000000000e+03,0.000000000000000000e+00,0.000000000000000000e+00,4.095000000000000000e+03,0.000000000000000000e+00
4.095000000000000000e+03,4.095000000000000000e+03,0.000000000000000000e+00,0.000000000000000000e+00,4.095000000000000000e+03,0.000000000000000000e+00
4.095000000000000000e+03,4.095000000000000000e+03,0.000000000000000000e+00,0.000000000000000000e+00,4.095000000000000000e+03,0.000000000000000000e+00
4.095000000000000000e+03,4.095000000000000000e+03,0.000000000000000000e+00,0.000000000000000000e+00,4.095000000000000000e+03,0.000000000000000000e+00
4.095000000000000000e+03,4.095000000000000000e+03,0.000000000000000000e+00,0.000000000000000000e+00,4.095000000000000000e+03,0.000000000000000000e+00
4.095000000000000000e+03,4.095000000000000000e+03,0.000000000000000000e+00,0.000000000000000000e+00,4.095000000000000000e+03,0.000000000000000000e+00
4.095000000000000000e+03,4.095000000000000000e+03,0.000000000000000000e+00,0.000000000000000000e+00,4.095000000000000000e+03,0.000000000000000000e+00
3.939000000000000000e+03,4.095000000000000000e+03,0.000000000000000000e+00,0.000000000000000000e+00,4.095000000000000000e+03,0.000000000000000000e+00
4.095000000000000000e+03,4.095000000000000000e+03,0.000000000000000000e+00,0.000000000000000000e+00,4.095000000000000000e+03,0.000000000000000000e+00
4.095000000000000000e+03,4.095000000000000000e+03,0.000000000000000000e+00,0.000000000000000000e+00,0.000000000000000000e+00,4.900000000000000000e+01
4.095000000000000000e+03,4.095000000000000000e+03,0.000000000000000000e+00,0.000000000000000000e+00,0.000000000000000000e+00,1.155000000000000000e+03
0.000000000000000000e+00,4.095000000000000000e+03,0.000000000000000000e+00,0.000000000000000000e+00,0.000000000000000000e+00,4.095000000000000000e+03
4.095000000000000000e+03,4.095000000000000000e+03,0.000000000000000000e+00,0.000000000000000000e+00,0.000000000000000000e+00,4.095000000000000000e+03
4.095000000000000000e+03,4.095000000000000000e+03,0.000000000000000000e+00,0.000000000000000000e+00,0.000000000000000000e+00,4.095000000000000000e+03
4.095000000000000000e+03,4.095000000000000000e+03,0.000000000000000000e+00,0.000000000000000000e+00,0.000000000000000000e+00,4.095000000000000000e+03
4.095000000000000000e+03,4.095000000000000000e+03,0.000000000000000000e+00,0.000000000000000000e+00,0.000000000000000000e+00,4.095000000000000000e+03
4.095000000000000000e+03,4.095000000000000000e+03,0.000000000000000000e+00,0.000000000000000000e+00,0.000000000000000000e+00,4.095000000000000000e+03
4.095000000000000000e+03,4.095000000000000000e+03,0.000000000000000000e+00,0.000000000000000000e+00,0.000000000000000000e+00,4.095000000000000000e+03
4.095000000000000000e+03,4.095000000000000000e+03,0.000000000000000000e+00,0.000000000000000000e+00,0.000000000000000000e+00,4.095000000000000000e+03
4.095000000000000000e+03,4.095000000000000000e+03,0.000000000000000000e+00,0.000000000000000000e+00,0.000000000000000000e+00,4.095000000000000000e+03
4.095000000000000000e+03,4.095000000000000000e+03,0.000000000000000000e+00,0.000000000000000000e+00,0.000000000000000000e+00,4.095000000000000000e+03
4.095000000000000000e+03,0.000000000000000000e+00,0.000000000000000000e+00,0.000000000000000000e+00,0.000000000000000000e+00,0.000000000000000000e+00
4.095000000000000000e+03,4.095000000000000000e+03,0.000000000000000000e+00,0.000000000000000000e+00,0.000000000000000000e+00,0.000000000000000000e+00
4.095000000000000000e+03,4.095000000000000000e+03,0.000000000000000000e+00,0.000000000000000000e+00,0.000000000000000000e+00,0.000000000000000000e+00
4.095000000000000000e+03,4.095000000000000000e+03,0.000000000000000000e+00,0.000000000000000000e+00,9.510000000000000000e+02,0.000000000000000000e+00
4.095000000000000000e+03,4.095000000000000000e+03,0.000000000000000000e+00,0.000000000000000000e+00,4.095000000000000000e+03,0.000000000000000000e+00
4.095000000000000000e+03,4.095000000000000000e+03,0.000000000000000000e+00,0.000000000000000000e+00,4.095000000000000000e+03,0.000000000000000000e+00
4.095000000000000000e+03,0.000000000000000000e+00,0.000000000000000000e+00,0.000000000000000000e+00,4.088000000000000000e+03,0.000000000000000000e+00
4.095000000000000000e+03,0.000000000000000000e+00,0.000000000000000000e+00,0.000000000000000000e+00,4.095000000000000000e+03,0.000000000000000000e+00
0.000000000000000000e+00,0.000000000000000000e+00,0.000000000000000000e+00,0.000000000000000000e+00,4.095000000000000000e+03,0.000000000000000000e+00
0.000000000000000000e+00,0.000000000000000000e+00,0.000000000000000000e+00,0.000000000000000000e+00,4.095000000000000000e+03,0.000000000000000000e+00
0.000000000000000000e+00,0.000000000000000000e+00,0.000000000000000000e+00,0.000000000000000000e+00,4.095000000000000000e+03,0.000000000000000000e+00
0.000000000000000000e+00,0.000000000000000000e+00,0.000000000000000000e+00,0.000000000000000000e+00,4.095000000000000000e+03,0.000000000000000000e+00
0.000000000000000000e+00,0.000000000000000000e+00,0.000000000000000000e+00,0.000000000000000000e+00,4.095000000000000000e+03,0.000000000000000000e+00
0.000000000000000000e+00,0.000000000000000000e+00,0.000000000000000000e+00,0.000000000000000000e+00,4.095000000000000000e+03,0.000000000000000000e+00
0.000000000000000000e+00,0.000000000000000000e+00,0.000000000000000000e+00,0.000000000000000000e+00,4.095000000000000000e+03,0.000000000000000000e+00
0.000000000000000000e+00,0.000000000000000000e+00,0.000000000000000000e+00,0.000000000000000000e+00,4.095000000000000000e+03,0.000000000000000000e+00
0.000000000000000000e+00,0.000000000000000000e+00,0.000000000000000000e+00,0.000000000000000000e+00,4.095000000000000000e+03,0.000000000000000000e+00
0.000000000000000000e+00,0.000000000000000000e+00,0.000000000000000000e+00,0.000000000000000000e+00,0.000000000000000000e+00,0.000000000000000000e+00
0.000000000000000000e+00,4.095000000000000000e+03,0.000000000000000000e+00,0.000000000000000000e+00,0.000000000000000000e+00,0.000000000000000000e+00
0.000000000000000000e+00,4.095000000000000000e+03,0.000000000000000000e+00,0.000000000000000000e+00,0.000000000000000000e+00,0.000000000000000000e+00
0.000000000000000000e+00,0.000000000000000000e+00,0.000000000000000000e+00,0.000000000000000000e+00,0.000000000000000000e+00,0.000000000000000000e+00
0.000000000000000000e+00,4.095000000000000000e+03,0.000000000000000000e+00,0.000000000000000000e+00,0.000000000000000000e+00,0.000000000000000000e+00
0.000000000000000000e+00,4.095000000000000000e+03,0.000000000000000000e+00,0.000000000000000000e+00,0.000000000000000000e+00,0.000000000000000000e+00
0.000000000000000000e+00,4.095000000000000000e+03,0.000000000000000000e+00,0.000000000000000000e+00,0.000000000000000000e+00,0.000000000000000000e+00
0.000000000000000000e+00,2.200000000000000000e+01,0.000000000000000000e+00,0.000000000000000000e+00,0.000000000000000000e+00,0.000000000000000000e+00
0.000000000000000000e+00,0.000000000000000000e+00,0.000000000000000000e+00,0.000000000000000000e+00,0.000000000000000000e+00,0.000000000000000000e+00
0.000000000000000000e+00,0.000000000000000000e+00,0.000000000000000000e+00,0.000000000000000000e+00,0.000000000000000000e+00,0.000000000000000000e+00
0.000000000000000000e+00,0.000000000000000000e+00,0.000000000000000000e+00,0.000000000000000000e+00,0.000000000000000000e+00,0.000000000000000000e+00
0.000000000000000000e+00,0.000000000000000000e+00,0.000000000000000000e+00,0.000000000000000000e+00,0.000000000000000000e+00,0.000000000000000000e+00
0.000000000000000000e+00,0.000000000000000000e+00,0.000000000000000000e+00,0.000000000000000000e+00,0.000000000000000000e+00,0.000000000000000000e+00
0.000000000000000000e+00,0.000000000000000000e+00,0.000000000000000000e+00,0.000000000000000000e+00,0.000000000000000000e+00,0.000000000000000000e+00
0.000000000000000000e+00,0.000000000000000000e+00,0.000000000000000000e+00,0.000000000000000000e+00,0.000000000000000000e+00,0.000000000000000000e+00
0.000000000000000000e+00,0.000000000000000000e+00,0.000000000000000000e+00,0.000000000000000000e+00,0.000000000000000000e+00,0.000000000000000000e+00
0.000000000000000000e+00,0.000000000000000000e+00,0.000000000000000000e+00,0.000000000000000000e+00,0.000000000000000000e+00,0.000000000000000000e+00
0.000000000000000000e+00,0.000000000000000000e+00,0.000000000000000000e+00,0.000000000000000000e+00,0.000000000000000000e+00,0.000000000000000000e+00
0.000000000000000000e+00,0.000000000000000000e+00,0.000000000000000000e+00,0.000000000000000000e+00,0.000000000000000000e+00,0.000000000000000000e+00
0.000000000000000000e+00,0.000000000000000000e+00,0.000000000000000000e+00,2.830000000000000000e+02,0.000000000000000000e+00,0.000000000000000000e+00
0.000000000000000000e+00,0.000000000000000000e+00,0.000000000000000000e+00,4.000000000000000000e+02,0.000000000000000000e+00,0.000000000000000000e+00
0.000000000000000000e+00,7.000000000000000000e+01,0.000000000000000000e+00,3.750000000000000000e+02,0.000000000000000000e+00,0.000000000000000000e+00
0.000000000000000000e+00,0.000000000000000000e+00,0.000000000000000000e+00,4.520000000000000000e+02,0.000000000000000000e+00,0.000000000000000000e+00
0.000000000000000000e+00,1.700000000000000000e+01,0.000000000000000000e+00,0.000000000000000000e+00,0.000000000000000000e+00,0.000000000000000000e+00
0.000000000000000000e+00,1.000000000000000000e+00,0.000000000000000000e+00,5.900000000000000000e+01,5.790000000000000000e+02,0.000000000000000000e+00
0.000000000000000000e+00,6.630000000000000000e+02,0.000000000000000000e+00,0.000000000000000000e+00,4.095000000000000000e+03,0.000000000000000000e+00
0.000000000000000000e+00,4.095000000000000000e+03,0.000000000000000000e+00,0.000000000000000000e+00,4.095000000000000000e+03,0.000000000000000000e+00
0.000000000000000000e+00,0.000000000000000000e+00,0.000000000000000000e+00,0.000000000000000000e+00,4.095000000000000000e+03,0.000000000000000000e+00
0.000000000000000000e+00,1.430000000000000000e+02,0.000000000000000000e+00,0.000000000000000000e+00,4.095000000000000000e+03,0.000000000000000000e+00
0.000000000000000000e+00,4.095000000000000000e+03,0.000000000000000000e+00,0.000000000000000000e+00,4.095000000000000000e+03,0.000000000000000000e+00
0.000000000000000000e+00,0.000000000000000000e+00,0.000000000000000000e+00,0.000000000000000000e+00,4.095000000000000000e+03,0.000000000000000000e+00
0.000000000000000000e+00,4.050000000000000000e+02,0.000000000000000000e+00,0.000000000000000000e+00,4.095000000000000000e+03,0.000000000000000000e+00
0.000000000000000000e+00,4.095000000000000000e+03,0.000000000000000000e+00,0.000000000000000000e+00,4.095000000000000000e+03,0.000000000000000000e+00
4.095000000000000000e+03,4.095000000000000000e+03,0.000000000000000000e+00,0.000000000000000000e+00,4.095000000000000000e+03,0.000000000000000000e+00
4.095000000000000000e+03,4.095000000000000000e+03,0.000000000000000000e+00,0.000000000000000000e+00,4.095000000000000000e+03,0.000000000000000000e+00
4.095000000000000000e+03,4.095000000000000000e+03,0.000000000000000000e+00,0.000000000000000000e+00,4.095000000000000000e+03,0.000000000000000000e+00
4.095000000000000000e+03,4.095000000000000000e+03,0.000000000000000000e+00,0.000000000000000000e+00,4.095000000000000000e+03,0.000000000000000000e+00
4.095000000000000000e+03,4.095000000000000000e+03,0.000000000000000000e+00,0.000000000000000000e+00,4.095000000000000000e+03,0.000000000000000000e+00
4.095000000000000000e+03,4.095000000000000000e+03,0.000000000000000000e+00,0.000000000000000000e+00,4.095000000000000000e+03,0.000000000000000000e+00
4.095000000000000000e+03,4.095000000000000000e+03,0.000000000000000000e+00,0.000000000000000000e+00,4.095000000000000000e+03,0.000000000000000000e+00
4.095000000000000000e+03,4.095000000000000000e+03,0.000000000000000000e+00,0.000000000000000000e+00,4.095000000000000000e+03,9.700000000000000000e+01
4.095000000000000000e+03,4.095000000000000000e+03,0.000000000000000000e+00,0.000000000000000000e+00,4.095000000000000000e+03,0.000000000000000000e+00
4.095000000000000000e+03,4.095000000000000000e+03,0.000000000000000000e+00,0.000000000000000000e+00,4.095000000000000000e+03,6.400000000000000000e+01
4.095000000000000000e+03,4.095000000000000000e+03,0.000000000000000000e+00,0.000000000000000000e+00,4.095000000000000000e+03,8.400000000000000000e+01
4.095000000000000000e+03,4.095000000000000000e+03,0.000000000000000000e+00,0.000000000000000000e+00,4.095000000000000000e+03,1.100000000000000000e+02
3.986000000000000000e+03,4.095000000000000000e+03,0.000000000000000000e+00,0.000000000000000000e+00,4.095000000000000000e+03,4.800000000000000000e+01
4.095000000000000000e+03,4.095000000000000000e+03,0.000000000000000000e+00,0.000000000000000000e+00,4.095000000000000000e+03,2.900000000000000000e+01
4.095000000000000000e+03,4.095000000000000000e+03,0.000000000000000000e+00,0.000000000000000000e+00,4.095000000000000000e+03,2.600000000000000000e+01
4.095000000000000000e+03,4.095000000000000000e+03,0.000000000000000000e+00,0.000000000000000000e+00,4.095000000000000000e+03,0.000000000000000000e+00
0.000000000000000000e+00,4.095000000000000000e+03,0.000000000000000000e+00,0.000000000000000000e+00,4.095000000000000000e+03,0.000000000000000000e+00
0.000000000000000000e+00,4.095000000000000000e+03,0.000000000000000000e+00,0.000000000000000000e+00,4.095000000000000000e+03,0.000000000000000000e+00
0.000000000000000000e+00,4.095000000000000000e+03,0.000000000000000000e+00,0.000000000000000000e+00,4.095000000000000000e+03,0.000000000000000000e+00
0.000000000000000000e+00,4.095000000000000000e+03,0.000000000000000000e+00,0.000000000000000000e+00,4.095000000000000000e+03,0.000000000000000000e+00
0.000000000000000000e+00,4.095000000000000000e+03,0.000000000000000000e+00,0.000000000000000000e+00,4.095000000000000000e+03,0.000000000000000000e+00
0.000000000000000000e+00,4.095000000000000000e+03,0.000000000000000000e+00,0.000000000000000000e+00,4.095000000000000000e+03,0.000000000000000000e+00
0.000000000000000000e+00,4.095000000000000000e+03,0.000000000000000000e+00,0.000000000000000000e+00,4.095000000000000000e+03,0.000000000000000000e+00
0.000000000000000000e+00,4.095000000000000000e+03,0.000000000000000000e+00,0.000000000000000000e+00,4.095000000000000000e+03,0.000000000000000000e+00
0.000000000000000000e+00,4.095000000000000000e+03,0.000000000000000000e+00,0.000000000000000000e+00,4.095000000000000000e+03,0.000000000000000000e+00
0.000000000000000000e+00,4.095000000000000000e+03,0.000000000000000000e+00,0.000000000000000000e+00,4.095000000000000000e+03,0.000000000000000000e+00
0.000000000000000000e+00,4.095000000000000000e+03,0.000000000000000000e+00,0.000000000000000000e+00,4.095000000000000000e+03,0.000000000000000000e+00
0.000000000000000000e+00,4.095000000000000000e+03,0.000000000000000000e+00,0.000000000000000000e+00,4.095000000000000000e+03,0.000000000000000000e+00
0.000000000000000000e+00,4.095000000000000000e+03,0.000000000000000000e+00,0.000000000000000000e+00,6.520000000000000000e+02,0.000000000000000000e+00
0.000000000000000000e+00,4.095000000000000000e+03,0.000000000000000000e+00,0.000000000000000000e+00,4.500000000000000000e+01,0.000000000000000000e+00
0.000000000000000000e+00,4.095000000000000000e+03,0.000000000000000000e+00,0.000000000000000000e+00,0.000000000000000000e+00,0.000000000000000000e+00
0.000000000000000000e+00,4.095000000000000000e+03,0.000000000000000000e+00,0.000000000000000000e+00,0.000000000000000000e+00,0.000000000000000000e+00
0.000000000000000000e+00,4.095000000000000000e+03,0.000000000000000000e+00,0.000000000000000000e+00,0.000000000000000000e+00,0.000000000000000000e+00
0.000000000000000000e+00,4.095000000000000000e+03,0.000000000000000000e+00,0.000000000000000000e+00,0.000000000000000000e+00,0.000000000000000000e+00
0.000000000000000000e+00,0.000000000000000000e+00,0.000000000000000000e+00,0.000000000000000000e+00,0.000000000000000000e+00,0.000000000000000000e+00
0.000000000000000000e+00,0.000000000000000000e+00,0.000000000000000000e+00,0.000000000000000000e+00,0.000000000000000000e+00,0.000000000000000000e+00
0.000000000000000000e+00,0.000000000000000000e+00,0.000000000000000000e+00,0.000000000000000000e+00,0.000000000000000000e+00,0.000000000000000000e+00
0.000000000000000000e+00,0.000000000000000000e+00,0.000000000000000000e+00,0.000000000000000000e+00,0.000000000000000000e+00,0.000000000000000000e+00
0.000000000000000000e+00,0.000000000000000000e+00,0.000000000000000000e+00,3.490000000000000000e+02,0.000000000000000000e+00,0.000000000000000000e+00
0.000000000000000000e+00,0.000000000000000000e+00,0.000000000000000000e+00,6.150000000000000000e+02,0.000000000000000000e+00,0.000000000000000000e+00
0.000000000000000000e+00,0.000000000000000000e+00,0.000000000000000000e+00,5.250000000000000000e+02,0.000000000000000000e+00,0.000000000000000000e+00
0.000000000000000000e+00,0.000000000000000000e+00,0.000000000000000000e+00,5.760000000000000000e+02,0.000000000000000000e+00,0.000000000000000000e+00
0.000000000000000000e+00,0.000000000000000000e+00,0.000000000000000000e+00,6.140000000000000000e+02,0.000000000000000000e+00,0.000000000000000000e+00
0.000000000000000000e+00,0.000000000000000000e+00,0.000000000000000000e+00,6.710000000000000000e+02,0.000000000000000000e+00,0.000000000000000000e+00
0.000000000000000000e+00,0.000000000000000000e+00,0.000000000000000000e+00,7.890000000000000000e+02,0.000000000000000000e+00,0.000000000000000000e+00
0.000000000000000000e+00,0.000000000000000000e+00,0.000000000000000000e+00,9.910000000000000000e+02,0.000000000000000000e+00,0.000000000000000000e+00
0.000000000000000000e+00,0.000000000000000000e+00,0.000000000000000000e+00,1.101000000000000000e+03,0.000000000000000000e+00,0.000000000000000000e+00
0.000000000000000000e+00,0.000000000000000000e+00,0.000000000000000000e+00,4.095000000000000000e+03,0.000000000000000000e+00,0.000000000000000000e+00
0.000000000000000000e+00,0.000000000000000000e+00,0.000000000000000000e+00,4.095000000000000000e+03,0.000000000000000000e+00,0.000000000000000000e+00
0.000000000000000000e+00,0.000000000000000000e+00,0.000000000000000000e+00,4.095000000000000000e+03,0.000000000000000000e+00,0.000000000000000000e+00
4.095000000000000000e+03,0.000000000000000000e+00,0.000000000000000000e+00,4.095000000000000000e+03,0.000000000000000000e+00,0.000000000000000000e+00
4.095000000000000000e+03,0.000000000000000000e+00,0.000000000000000000e+00,4.095000000000000000e+03,0.000000000000000000e+00,0.000000000000000000e+00
4.095000000000000000e+03,0.000000000000000000e+00,0.000000000000000000e+00,4.095000000000000000e+03,5.650000000000000000e+02,0.000000000000000000e+00
4.095000000000000000e+03,0.000000000000000000e+00,0.000000000000000000e+00,4.095000000000000000e+03,4.095000000000000000e+03,0.000000000000000000e+00
4.095000000000000000e+03,0.000000000000000000e+00,0.000000000000000000e+00,0.000000000000000000e+00,4.095000000000000000e+03,0.000000000000000000e+00
4.095000000000000000e+03,0.000000000000000000e+00,0.000000000000000000e+00,4.800000000000000000e+01,4.095000000000000000e+03,0.000000000000000000e+00
4.095000000000000000e+03,0.000000000000000000e+00,0.000000000000000000e+00,0.000000000000000000e+00,4.095000000000000000e+03,0.000000000000000000e+00
4.095000000000000000e+03,0.000000000000000000e+00,0.000000000000000000e+00,0.000000000000000000e+00,4.095000000000000000e+03,0.000000000000000000e+00
4.095000000000000000e+03,0.000000000000000000e+00,0.000000000000000000e+00,0.000000000000000000e+00,4.095000000000000000e+03,0.000000000000000000e+00
4.095000000000000000e+03,0.000000000000000000e+00,0.000000000000000000e+00,0.000000000000000000e+00,4.095000000000000000e+03,0.000000000000000000e+00
4.095000000000000000e+03,0.000000000000000000e+00,0.000000000000000000e+00,0.000000000000000000e+00,4.095000000000000000e+03,0.000000000000000000e+00
4.095000000000000000e+03,0.000000000000000000e+00,0.000000000000000000e+00,0.000000000000000000e+00,4.095000000000000000e+03,0.000000000000000000e+00
4.095000000000000000e+03,0.000000000000000000e+00,0.000000000000000000e+00,0.000000000000000000e+00,4.095000000000000000e+03,0.000000000000000000e+00
4.095000000000000000e+03,0.000000000000000000e+00,0.000000000000000000e+00,0.000000000000000000e+00,4.095000000000000000e+03,0.000000000000000000e+00
0.000000000000000000e+00,0.000000000000000000e+00,0.000000000000000000e+00,0.000000000000000000e+00,4.095000000000000000e+03,0.000000000000000000e+00
5.900000000000000000e+01,6.400000000000000000e+02,0.000000000000000000e+00,0.000000000000000000e+00,4.095000000000000000e+03,0.000000000000000000e+00
0.000000000000000000e+00,4.095000000000000000e+03,0.000000000000000000e+00,0.000000000000000000e+00,4.095000000000000000e+03,0.000000000000000000e+00
0.000000000000000000e+00,4.095000000000000000e+03,0.000000000000000000e+00,0.000000000000000000e+00,4.095000000000000000e+03,0.000000000000000000e+00
0.000000000000000000e+00,4.095000000000000000e+03,0.000000000000000000e+00,0.000000000000000000e+00,4.095000000000000000e+03,0.000000000000000000e+00
0.000000000000000000e+00,4.095000000000000000e+03,0.000000000000000000e+00,0.000000000000000000e+00,4.095000000000000000e+03,1.170000000000000000e+02
0.000000000000000000e+00,4.095000000000000000e+03,0.000000000000000000e+00,0.000000000000000000e+00,4.095000000000000000e+03,4.095000000000000000e+03
0.000000000000000000e+00,4.095000000000000000e+03,0.000000000000000000e+00,0.000000000000000000e+00,4.095000000000000000e+03,4.095000000000000000e+03
0.000000000000000000e+00,4.095000000000000000e+03,0.000000000000000000e+00,0.000000000000000000e+00,4.095000000000000000e+03,8.390000000000000000e+02
0.000000000000000000e+00,4.095000000000000000e+03,0.000000000000000000e+00,0.000000000000000000e+00,4.095000000000000000e+03,1.343000000000000000e+03
0.000000000000000000e+00,4.095000000000000000e+03,0.000000000000000000e+00,0.000000000000000000e+00,7.000000000000000000e+00,8.980000000000000000e+02
0.000000000000000000e+00,4.095000000000000000e+03,0.000000000000000000e+00,0.000000000000000000e+00,0.000000000000000000e+00,4.095000000000000000e+03
0.000000000000000000e+00,4.095000000000000000e+03,0.000000000000000000e+00,0.000000000000000000e+00,0.000000000000000000e+00,4.095000000000000000e+03
0.000000000000000000e+00,4.095000000000000000e+03,0.000000000000000000e+00,0.000000000000000000e+00,0.000000000000000000e+00,1.085000000000000000e+03
0.000000000000000000e+00,4.095000000000000000e+03,0.000000000000000000e+00,0.000000000000000000e+00,0.000000000000000000e+00,4.095000000000000000e+03
0.000000000000000000e+00,4.095000000000000000e+03,0.000000000000000000e+00,0.000000000000000000e+00,0.000000000000000000e+00,4.095000000000000000e+03
0.000000000000000000e+00,4.095000000000000000e+03,0.000000000000000000e+00,0.000000000000000000e+00,0.000000000000000000e+00,4.095000000000000000e+03
0.000000000000000000e+00,4.095000000000000000e+03,0.000000000000000000e+00,0.000000000000000000e+00,0.000000000000000000e+00,0.000000000000000000e+00
0.000000000000000000e+00,4.095000000000000000e+03,0.000000000000000000e+00,0.000000000000000000e+00,0.000000000000000000e+00,0.000000000000000000e+00
0.000000000000000000e+00,4.095000000000000000e+03,0.000000000000000000e+00,0.000000000000000000e+00,0.000000000000000000e+00,0.000000000000000000e+00
0.000000000000000000e+00,4.095000000000000000e+03,0.000000000000000000e+00,0.000000000000000000e+00,0.000000000000000000e+00,0.000000000000000000e+00
0.000000000000000000e+00,4.095000000000000000e+03,0.000000000000000000e+00,0.000000000000000000e+00,0.000000000000000000e+00,0.000000000000000000e+00
0.000000000000000000e+00,4.095000000000000000e+03,0.000000000000000000e+00,0.000000000000000000e+00,0.000000000000000000e+00,0.000000000000000000e+00
0.000000000000000000e+00,4.095000000000000000e+03,0.000000000000000000e+00,0.000000000000000000e+00,0.000000000000000000e+00,0.000000000000000000e+00
0.000000000000000000e+00,4.095000000000000000e+03,0.000000000000000000e+00,0.000000000000000000e+00,0.000000000000000000e+00,0.000000000000000000e+00
0.000000000000000000e+00,4.095000000000000000e+03,0.000000000000000000e+00,0.000000000000000000e+00,0.000000000000000000e+00,0.000000000000000000e+00
0.000000000000000000e+00,4.095000000000000000e+03,0.000000000000000000e+00,0.000000000000000000e+00,0.000000000000000000e+00,0.000000000000000000e+00
0.000000000000000000e+00,4.095000000000000000e+03,0.000000000000000000e+00,0.000000000000000000e+00,2.250000000000000000e+02,0.000000000000000000e+00
0.000000000000000000e+00,4.095000000000000000e+03,0.000000000000000000e+00,0.000000000000000000e+00,0.000000000000000000e+00,0.000000000000000000e+00
0.000000000000000000e+00,4.095000000000000000e+03,0.000000000000000000e+00,0.000000000000000000e+00,4.095000000000000000e+03,0.000000000000000000e+00
0.000000000000000000e+00,4.095000000000000000e+03,0.000000000000000000e+00,0.000000000000000000e+00,4.095000000000000000e+03,0.000000000000000000e+00
0.000000000000000000e+00,4.095000000000000000e+03,0.000000000000000000e+00,0.000000000000000000e+00,4.095000000000000000e+03,0.000000000000000000e+00
0.000000000000000000e+00,4.095000000000000000e+03,0.000000000000000000e+00,0.000000000000000000e+00,3.973000000000000000e+03,0.000000000000000000e+00
0.000000000000000000e+00,4.095000000000000000e+03,0.000000000000000000e+00,0.000000000000000000e+00,4.095000000000000000e+03,0.000000000000000000e+00
0.000000000000000000e+00,4.095000000000000000e+03,0.000000000000000000e+00,0.000000000000000000e+00,4.095000000000000000e+03,0.000000000000000000e+00
0.000000000000000000e+00,4.095000000000000000e+03,0.000000000000000000e+00,0.000000000000000000e+00,4.095000000000000000e+03,0.000000000000000000e+00
0.000000000000000000e+00,4.095000000000000000e+03,0.000000000000000000e+00,0.000000000000000000e+00,4.095000000000000000e+03,0.000000000000000000e+00
0.000000000000000000e+00,0.000000000000000000e+00,0.000000000000000000e+00,0.000000000000000000e+00,4.095000000000000000e+03,0.000000000000000000e+00
0.000000000000000000e+00,0.000000000000000000e+00,0.000000000000000000e+00,0.000000000000000000e+00,4.095000000000000000e+03,0.000000000000000000e+00
0.000000000000000000e+00,0.000000000000000000e+00,0.000000000000000000e+00,3.860000000000000000e+02,4.095000000000000000e+03,0.000000000000000000e+00
0.000000000000000000e+00,0.000000000000000000e+00,0.000000000000000000e+00,4.290000000000000000e+02,4.095000000000000000e+03,0.000000000000000000e+00
0.000000000000000000e+00,0.000000000000000000e+00,0.000000000000000000e+00,4.330000000000000000e+02,4.095000000000000000e+03,0.000000000000000000e+00
0.000000000000000000e+00,0.000000000000000000e+00,0.000000000000000000e+00,6.410000000000000000e+02,4.095000000000000000e+03,0.000000000000000000e+00
0.000000000000000000e+00,0.000000000000000000e+00,0.000000000000000000e+00,6.260000000000000000e+02,4.095000000000000000e+03,0.000000000000000000e+00
0.000000000000000000e+00,0.000000000000000000e+00,0.000000000000000000e+00,5.690000000000000000e+02,4.095000000000000000e+03,0.000000000000000000e+00
0.000000000000000000e+00,0.000000000000000000e+00,0.000000000000000000e+00,8.600000000000000000e+02,4.095000000000000000e+03,0.000000000000000000e+00
0.000000000000000000e+00,0.000000000000000000e+00,0.000000000000000000e+00,8.000000000000000000e+01,4.095000000000000000e+03,0.000000000000000000e+00
0.000000000000000000e+00,0.000000000000000000e+00,0.000000000000000000e+00,9.700000000000000000e+01,0.000000000000000000e+00,0.000000000000000000e+00
0.000000000000000000e+00,0.000000000000000000e+00,0.000000000000000000e+00,0.000000000000000000e+00,0.000000000000000000e+00,0.000000000000000000e+00
0.000000000000000000e+00,0.000000000000000000e+00,0.000000000000000000e+00,0.000000000000000000e+00,0.000000000000000000e+00,0.000000000000000000e+00
0.000000000000000000e+00,0.000000000000000000e+00,0.000000000000000000e+00,0.000000000000000000e+00,0.000000000000000000e+00,0.000000000000000000e+00
0.000000000000000000e+00,0.000000000000000000e+00,0.000000000000000000e+00,0.000000000000000000e+00,0.000000000000000000e+00,0.000000000000000000e+00
0.000000000000000000e+00,8.000000000000000000e+01,0.000000000000000000e+00,0.000000000000000000e+00,0.000000000000000000e+00,0.000000000000000000e+00
0.000000000000000000e+00,4.095000000000000000e+03,0.000000000000000000e+00,0.000000000000000000e+00,0.000000000000000000e+00,0.000000000000000000e+00
0.000000000000000000e+00,4.095000000000000000e+03,0.000000000000000000e+00,0.000000000000000000e+00,0.000000000000000000e+00,0.000000000000000000e+00
0.000000000000000000e+00,4.095000000000000000e+03,4.095000000000000000e+03,0.000000000000000000e+00,0.000000000000000000e+00,0.000000000000000000e+00
0.000000000000000000e+00,4.095000000000000000e+03,4.095000000000000000e+03,0.000000000000000000e+00,0.000000000000000000e+00,0.000000000000000000e+00
0.000000000000000000e+00,4.095000000000000000e+03,0.000000000000000000e+00,0.000000000000000000e+00,0.000000000000000000e+00,1.800000000000000000e+02
0.000000000000000000e+00,4.095000000000000000e+03,0.000000000000000000e+00,0.000000000000000000e+00,0.000000000000000000e+00,4.095000000000000000e+03
0.000000000000000000e+00,4.095000000000000000e+03,0.000000000000000000e+00,0.000000000000000000e+00,0.000000000000000000e+00,4.095000000000000000e+03
0.000000000000000000e+00,4.095000000000000000e+03,0.000000000000000000e+00,0.000000000000000000e+00,0.000000000000000000e+00,4.095000000000000000e+03
0.000000000000000000e+00,4.095000000000000000e+03,0.000000000000000000e+00,0.000000000000000000e+00,0.000000000000000000e+00,4.095000000000000000e+03
0.000000000000000000e+00,4.095000000000000000e+03,0.000000000000000000e+00,0.000000000000000000e+00,0.000000000000000000e+00,4.095000000000000000e+03
0.000000000000000000e+00,4.095000000000000000e+03,0.000000000000000000e+00,0.000000000000000000e+00,0.000000000000000000e+00,4.095000000000000000e+03
0.000000000000000000e+00,4.095000000000000000e+03,0.000000000000000000e+00,0.000000000000000000e+00,6.800000000000000000e+01,4.095000000000000000e+03
0.000000000000000000e+00,4.095000000000000000e+03,0.000000000000000000e+00,0.000000000000000000e+00,6.790000000000000000e+02,3.993000000000000000e+03
0.000000000000000000e+00,4.095000000000000000e+03,0.000000000000000000e+00,0.000000000000000000e+00,2.608000000000000000e+03,4.095000000000000000e+03
0.000000000000000000e+00,4.095000000000000000e+03,0.000000000000000000e+00,0.000000000000000000e+00,4.095000000000000000e+03,6.420000000000000000e+02
0.000000000000000000e+00,4.095000000000000000e+03,0.000000000000000000e+00,0.000000000000000000e+00,4.095000000000000000e+03,3.550000000000000000e+02
0.000000000000000000e+00,4.095000000000000000e+03,0.000000000000000000e+00,0.000000000000000000e+00,4.095000000000000000e+03,0.000000000000000000e+00
0.000000000000000000e+00,4.095000000000000000e+03,0.000000000000000000e+00,0.000000000000000000e+00,4.095000000000000000e+03,0.000000000000000000e+00
0.000000000000000000e+00,4.095000000000000000e+03,0.000000000000000000e+00,0.000000000000000000e+00,4.095000000000000000e+03,0.000000000000000000e+00
0.000000000000000000e+00,4.095000000000000000e+03,0.000000000000000000e+00,0.000000000000000000e+00,4.095000000000000000e+03,0.000000000000000000e+00
4.000000000000000000e+00,4.095000000000000000e+03,0.000000000000000000e+00,0.000000000000000000e+00,4.095000000000000000e+03,0.000000000000000000e+00
0.000000000000000000e+00,4.095000000000000000e+03,0.000000000000000000e+00,0.000000000000000000e+00,4.095000000000000000e+03,0.000000000000000000e+00
0.000000000000000000e+00,4.095000000000000000e+03,0.000000000000000000e+00,0.000000000000000000e+00,4.095000000000000000e+03,0.000000000000000000e+00
0.000000000000000000e+00,4.095000000000000000e+03,0.000000000000000000e+00,0.000000000000000000e+00,4.095000000000000000e+03,0.000000000000000000e+00
0.000000000000000000e+00,4.095000000000000000e+03,0.000000000000000000e+00,0.000000000000000000e+00,4.095000000000000000e+03,0.000000000000000000e+00
0.000000000000000000e+00,4.095000000000000000e+03,0.000000000000000000e+00,0.000000000000000000e+00,3.939000000000000000e+03,0.000000000000000000e+00
0.000000000000000000e+00,0.000000000000000000e+00,0.000000000000000000e+00,0.000000000000000000e+00,4.095000000000000000e+03,0.000000000000000000e+00
0.000000000000000000e+00,0.000000000000000000e+00,0.000000000000000000e+00,0.000000000000000000e+00,4.095000000000000000e+03,0.000000000000000000e+00
0.000000000000000000e+00,0.000000000000000000e+00,0.000000000000000000e+00,0.000000000000000000e+00,8.570000000000000000e+02,0.000000000000000000e+00
0.000000000000000000e+00,0.000000000000000000e+00,0.000000000000000000e+00,0.000000000000000000e+00,2.860000000000000000e+02,0.000000000000000000e+00
0.000000000000000000e+00,0.000000000000000000e+00,0.000000000000000000e+00,0.000000000000000000e+00,0.000000000000000000e+00,0.000000000000000000e+00
0.000000000000000000e+00,0.000000000000000000e+00,0.000000000000000000e+00,0.000000000000000000e+00,0.000000000000000000e+00,0.000000000000000000e+00
0.000000000000000000e+00,0.000000000000000000e+00,0.000000000000000000e+00,0.000000000000000000e+00,0.000000000000000000e+00,0.000000000000000000e+00
0.000000000000000000e+00,0.000000000000000000e+00,0.000000000000000000e+00,0.000000000000000000e+00,0.000000000000000000e+00,0.000000000000000000e+00
0.000000000000000000e+00,0.000000000000000000e+00,0.000000000000000000e+00,0.000000000000000000e+00,0.000000000000000000e+00,0.000000000000000000e+00
0.000000000000000000e+00,0.000000000000000000e+00,0.000000000000000000e+00,0.000000000000000000e+00,0.000000000000000000e+00,0.000000000000000000e+00
0.000000000000000000e+00,0.000000000000000000e+00,0.000000000000000000e+00,0.000000000000000000e+00,0.000000000000000000e+00,0.000000000000000000e+00
0.000000000000000000e+00,0.000000000000000000e+00,0.000000000000000000e+00,0.000000000000000000e+00,0.000000000000000000e+00,0.000000000000000000e+00
0.000000000000000000e+00,0.000000000000000000e+00,0.000000000000000000e+00,0.000000000000000000e+00,0.000000000000000000e+00,0.000000000000000000e+00
0.000000000000000000e+00,0.000000000000000000e+00,0.000000000000000000e+00,0.000000000000000000e+00,0.000000000000000000e+00,0.000000000000000000e+00
0.000000000000000000e+00,0.000000000000000000e+00,0.000000000000000000e+00,0.000000000000000000e+00,0.000000000000000000e+00,0.000000000000000000e+00
0.000000000000000000e+00,0.000000000000000000e+00,0.000000000000000000e+00,0.000000000000000000e+00,0.000000000000000000e+00,0.000000000000000000e+00
0.000000000000000000e+00,0.000000000000000000e+00,0.000000000000000000e+00,0.000000000000000000e+00,0.000000000000000000e+00,0.000000000000000000e+00
0.000000000000000000e+00,0.000000000000000000e+00,0.000000000000000000e+00,0.000000000000000000e+00,0.000000000000000000e+00,0.000000000000000000e+00
0.000000000000000000e+00,0.000000000000000000e+00,0.000000000000000000e+00,0.000000000000000000e+00,0.000000000000000000e+00,0.000000000000000000e+00
0.000000000000000000e+00,0.000000000000000000e+00,0.000000000000000000e+00,0.000000000000000000e+00,0.000000000000000000e+00,0.000000000000000000e+00
0.000000000000000000e+00,0.000000000000000000e+00,0.000000000000000000e+00,0.000000000000000000e+00,0.000000000000000000e+00,0.000000000000000000e+00
0.000000000000000000e+00,0.000000000000000000e+00,0.000000000000000000e+00,0.000000000000000000e+00,0.000000000000000000e+00,0.000000000000000000e+00
0.000000000000000000e+00,0.000000000000000000e+00,0.000000000000000000e+00,0.000000000000000000e+00,0.000000000000000000e+00,0.000000000000000000e+00
0.000000000000000000e+00,0.000000000000000000e+00,0.000000000000000000e+00,0.000000000000000000e+00,0.000000000000000000e+00,0.000000000000000000e+00
0.000000000000000000e+00,0.000000000000000000e+00,0.000000000000000000e+00,0.000000000000000000e+00,0.000000000000000000e+00,0.000000000000000000e+00
0.000000000000000000e+00,0.000000000000000000e+00,0.000000000000000000e+00,5.280000000000000000e+02,0.000000000000000000e+00,0.000000000000000000e+00
0.000000000000000000e+00,0.000000000000000000e+00,4.095000000000000000e+03,5.830000000000000000e+02,0.000000000000000000e+00,0.000000000000000000e+00
0.000000000000000000e+00,0.000000000000000000e+00,4.095000000000000000e+03,4.700000000000000000e+02,0.000000000000000000e+00,0.000000000000000000e+00
0.000000000000000000e+00,0.000000000000000000e+00,4.095000000000000000e+03,5.460000000000000000e+02,0.000000000000000000e+00,0.000000000000000000e+00
0.000000000000000000e+00,0.000000000000000000e+00,4.095000000000000000e+03,6.150000000000000000e+02,0.000000000000000000e+00,0.000000000000000000e+00
0.000000000000000000e+00,0.000000000000000000e+00,4.095000000000000000e+03,5.110000000000000000e+02,0.000000000000000000e+00,0.000000000000000000e+00
0.000000000000000000e+00,0.000000000000000000e+00,3.800000000000000000e+01,1.049000000000000000e+03,5.500000000000000000e+01,0.000000000000000000e+00
0.000000000000000000e+00,0.000000000000000000e+00,0.000000000000000000e+00,1.059000000000000000e+03,3.986000000000000000e+03,0.000000000000000000e+00
0.000000000000000000e+00,0.000000000000000000e+00,0.000000000000000000e+00,1.123000000000000000e+03,4.095000000000000000e+03,0.000000000000000000e+00
0.000000000000000000e+00,0.000000000000000000e+00,0.000000000000000000e+00,4.095000000000000000e+03,4.095000000000000000e+03,0.000000000000000000e+00
0.000000000000000000e+00,0.000000000000000000e+00,0.000000000000000000e+00,4.095000000000000000e+03,4.095000000000000000e+03,0.000000000000000000e+00
0.000000000000000000e+00,0.000000000000000000e+00,0.000000000000000000e+00,4.095000000000000000e+03,4.095000000000000000e+03,0.000000000000000000e+00
0.000000000000000000e+00,0.000000000000000000e+00,0.000000000000000000e+00,4.550000000000000000e+02,4.095000000000000000e+03,0.000000000000000000e+00
0.000000000000000000e+00,0.000000000000000000e+00,0.000000000000000000e+00,0.000000000000000000e+00,4.095000000000000000e+03,0.000000000000000000e+00
0.000000000000000000e+00,0.000000000000000000e+00,0.000000000000000000e+00,0.000000000000000000e+00,4.095000000000000000e+03,0.000000000000000000e+00
0.000000000000000000e+00,0.000000000000000000e+00,0.000000000000000000e+00,0.000000000000000000e+00,4.095000000000000000e+03,0.000000000000000000e+00
0.000000000000000000e+00,0.000000000000000000e+00,0.000000000000000000e+00,0.000000000000000000e+00,4.095000000000000000e+03,0.000000000000000000e+00
0.000000000000000000e+00,0.000000000000000000e+00,0.000000000000000000e+00,0.000000000000000000e+00,4.095000000000000000e+03,0.000000000000000000e+00
0.000000000000000000e+00,0.000000000000000000e+00,0.000000000000000000e+00,0.000000000000000000e+00,4.095000000000000000e+03,6.200000000000000000e+01
4.500000000000000000e+01,0.000000000000000000e+00,0.000000000000000000e+00,0.000000000000000000e+00,4.095000000000000000e+03,1.370000000000000000e+02
4.095000000000000000e+03,4.095000000000000000e+03,0.000000000000000000e+00,0.000000000000000000e+00,4.095000000000000000e+03,4.095000000000000000e+03
0.000000000000000000e+00,4.095000000000000000e+03,0.000000000000000000e+00,0.000000000000000000e+00,4.095000000000000000e+03,4.095000000000000000e+03
7.000000000000000000e+01,4.095000000000000000e+03,0.000000000000000000e+00,0.000000000000000000e+00,4.095000000000000000e+03,4.095000000000000000e+03
0.000000000000000000e+00,4.095000000000000000e+03,0.000000000000000000e+00,0.000000000000000000e+00,4.095000000000000000e+03,4.095000000000000000e+03
0.000000000000000000e+00,4.095000000000000000e+03,0.000000000000000000e+00,0.000000000000000000e+00,4.095000000000000000e+03,4.095000000000000000e+03
0.000000000000000000e+00,4.095000000000000000e+03,0.000000000000000000e+00,0.000000000000000000e+00,4.095000000000000000e+03,4.080000000000000000e+03
0.000000000000000000e+00,4.095000000000000000e+03,0.000000000000000000e+00,0.000000000000000000e+00,4.095000000000000000e+03,4.095000000000000000e+03
0.000000000000000000e+00,4.095000000000000000e+03,0.000000000000000000e+00,0.000000000000000000e+00,4.095000000000000000e+03,4.095000000000000000e+03
0.000000000000000000e+00,4.095000000000000000e+03,0.000000000000000000e+00,0.000000000000000000e+00,4.095000000000000000e+03,4.095000000000000000e+03
0.000000000000000000e+00,4.095000000000000000e+03,0.000000000000000000e+00,0.000000000000000000e+00,4.095000000000000000e+03,4.095000000000000000e+03
0.000000000000000000e+00,4.095000000000000000e+03,0.000000000000000000e+00,0.000000000000000000e+00,4.095000000000000000e+03,4.095000000000000000e+03
0.000000000000000000e+00,4.095000000000000000e+03,0.000000000000000000e+00,0.000000000000000000e+00,4.095000000000000000e+03,4.095000000000000000e+03
0.000000000000000000e+00,4.095000000000000000e+03,0.000000000000000000e+00,0.000000000000000000e+00,4.095000000000000000e+03,4.095000000000000000e+03
0.000000000000000000e+00,4.095000000000000000e+03,0.000000000000000000e+00,0.000000000000000000e+00,4.095000000000000000e+03,3.958000000000000000e+03
0.000000000000000000e+00,4.095000000000000000e+03,0.000000000000000000e+00,0.000000000000000000e+00,4.095000000000000000e+03,4.095000000000000000e+03
0.000000000000000000e+00,4.095000000000000000e+03,0.000000000000000000e+00,0.000000000000000000e+00,4.095000000000000000e+03,7.000000000000000000e+01
0.000000000000000000e+00,4.095000000000000000e+03,0.000000000000000000e+00,0.000000000000000000e+00,4.095000000000000000e+03,0.000000000000000000e+00
0.000000000000000000e+00,4.095000000000000000e+03,0.000000000000000000e+00,0.000000000000000000e+00,4.095000000000000000e+03,0.000000000000000000e+00
0.000000000000000000e+00,4.095000000000000000e+03,0.000000000000000000e+00,0.000000000000000000e+00,4.095000000000000000e+03,0.000000000000000000e+00
0.000000000000000000e+00,4.095000000000000000e+03,0.000000000000000000e+00,0.000000000000000000e+00,4.095000000000000000e+03,0.000000000000000000e+00
0.000000000000000000e+00,3.895000000000000000e+03,0.000000000000000000e+00,0.000000000000000000e+00,4.095000000000000000e+03,0.000000000000000000e+00
0.000000000000000000e+00,4.095000000000000000e+03,0.000000000000000000e+00,0.000000000000000000e+00,4.095000000000000000e+03,0.000000000000000000e+00
0.000000000000000000e+00,4.095000000000000000e+03,0.000000000000000000e+00,0.000000000000000000e+00,4.095000000000000000e+03,0.000000000000000000e+00
0.000000000000000000e+00,4.095000000000000000e+03,0.000000000000000000e+00,0.000000000000000000e+00,4.095000000000000000e+03,0.000000000000000000e+00
0.000000000000000000e+00,4.095000000000000000e+03,0.000000000000000000e+00,0.000000000000000000e+00,4.095000000000000000e+03,0.000000000000000000e+00
0.000000000000000000e+00,3.895000000000000000e+03,0.000000000000000000e+00,0.000000000000000000e+00,0.000000000000000000e+00,0.000000000000000000e+00
0.000000000000000000e+00,4.095000000000000000e+03,0.000000000000000000e+00,0.000000000000000000e+00,4.095000000000000000e+03,0.000000000000000000e+00
0.000000000000000000e+00,4.095000000000000000e+03,0.000000000000000000e+00,0.000000000000000000e+00,8.980000000000000000e+02,0.000000000000000000e+00
0.000000000000000000e+00,4.095000000000000000e+03,0.000000000000000000e+00,0.000000000000000000e+00,3.640000000000000000e+02,0.000000000000000000e+00
0.000000000000000000e+00,4.095000000000000000e+03,0.000000000000000000e+00,0.000000000000000000e+00,1.300000000000000000e+02,0.000000000000000000e+00
0.000000000000000000e+00,4.095000000000000000e+03,0.000000000000000000e+00,0.000000000000000000e+00,1.230000000000000000e+02,0.000000000000000000e+00
0.000000000000000000e+00,4.095000000000000000e+03,0.000000000000000000e+00,0.000000000000000000e+00,1.900000000000000000e+01,0.000000000000000000e+00
0.000000000000000000e+00,0.000000000000000000e+00,0.000000000000000000e+00,0.000000000000000000e+00,0.000000000000000000e+00,0.000000000000000000e+00
0.000000000000000000e+00,0.000000000000000000e+00,0.000000000000000000e+00,0.000000000000000000e+00,0.000000000000000000e+00,0.000000000000000000e+00
0.000000000000000000e+00,0.000000000000000000e+00,0.000000000000000000e+00,0.000000000000000000e+00,0.000000000000000000e+00,0.000000000000000000e+00
0.000000000000000000e+00,0.000000000000000000e+00,0.000000000000000000e+00,0.000000000000000000e+00,0.000000000000000000e+00,0.000000000000000000e+00
0.000000000000000000e+00,0.000000000000000000e+00,0.000000000000000000e+00,2.750000000000000000e+02,0.000000000000000000e+00,0.000000000000000000e+00
0.000000000000000000e+00,0.000000000000000000e+00,0.000000000000000000e+00,2.410000000000000000e+02,0.000000000000000000e+00,0.000000000000000000e+00
0.000000000000000000e+00,0.000000000000000000e+00,0.000000000000000000e+00,5.110000000000000000e+02,0.000000000000000000e+00,0.000000000000000000e+00
0.000000000000000000e+00,0.000000000000000000e+00,0.000000000000000000e+00,5.920000000000000000e+02,0.000000000000000000e+00,0.000000000000000000e+00
0.000000000000000000e+00,0.000000000000000000e+00,0.000000000000000000e+00,4.490000000000000000e+02,0.000000000000000000e+00,0.000000000000000000e+00
0.000000000000000000e+00,0.000000000000000000e+00,0.000000000000000000e+00,5.640000000000000000e+02,0.000000000000000000e+00,0.000000000000000000e+00
4.095000000000000000e+03,0.000000000000000000e+00,0.000000000000000000e+00,5.050000000000000000e+02,0.000000000000000000e+00,0.000000000000000000e+00
4.095000000000000000e+03,0.000000000000000000e+00,0.000000000000000000e+00,6.630000000000000000e+02,0.000000000000000000e+00,0.000000000000000000e+00
4.095000000000000000e+03,0.000000000000000000e+00,0.000000000000000000e+00,3.971000000000000000e+03,0.000000000000000000e+00,0.000000000000000000e+00
4.095000000000000000e+03,0.000000000000000000e+00,0.000000000000000000e+00,1.138000000000000000e+03,0.000000000000000000e+00,0.000000000000000000e+00
4.095000000000000000e+03,0.000000000000000000e+00,0.000000000000000000e+00,1.072000000000000000e+03,0.000000000000000000e+00,0.000000000000000000e+00
4.095000000000000000e+03,0.000000000000000000e+00,0.000000000000000000e+00,0.000000000000000000e+00,0.000000000000000000e+00,0.000000000000000000e+00
4.095000000000000000e+03,0.000000000000000000e+00,0.000000000000000000e+00,0.000000000000000000e+00,8.100000000000000000e+01,0.000000000000000000e+00
4.095000000000000000e+03,0.000000000000000000e+00,0.000000000000000000e+00,0.000000000000000000e+00,4.095000000000000000e+03,0.000000000000000000e+00
4.095000000000000000e+03,0.000000000000000000e+00,0.000000000000000000e+00,0.000000000000000000e+00,4.095000000000000000e+03,0.000000000000000000e+00
4.095000000000000000e+03,0.000000000000000000e+00,0.000000000000000000e+00,0.000000000000000000e+00,4.095000000000000000e+03,0.000000000000000000e+00
4.095000000000000000e+03,0.000000000000000000e+00,0.000000000000000000e+00,0.000000000000000000e+00,4.095000000000000000e+03,0.000000000000000000e+00
4.095000000000000000e+03,0.000000000000000000e+00,0.000000000000000000e+00,0.000000000000000000e+00,4.095000000000000000e+03,0.000000000000000000e+00
4.095000000000000000e+03,0.000000000000000000e+00,0.000000000000000000e+00,0.000000000000000000e+00,4.095000000000000000e+03,0.000000000000000000e+00
3.822000000000000000e+03,4.095000000000000000e+03,0.000000000000000000e+00,0.000000000000000000e+00,4.095000000000000000e+03,0.000000000000000000e+00
4.095000000000000000e+03,4.095000000000000000e+03,0.000000000000000000e+00,0.000000000000000000e+00,4.095000000000000000e+03,0.000000000000000000e+00
0.000000000000000000e+00,4.095000000000000000e+03,0.000000000000000000e+00,0.000000000000000000e+00,4.095000000000000000e+03,0.000000000000000000e+00
0.000000000000000000e+00,4.095000000000000000e+03,0.000000000000000000e+00,0.000000000000000000e+00,4.095000000000000000e+03,0.000000000000000000e+00
0.000000000000000000e+00,4.095000000000000000e+03,0.000000000000000000e+00,0.000000000000000000e+00,4.095000000000000000e+03,0.000000000000000000e+00
0.000000000000000000e+00,4.095000000000000000e+03,0.000000000000000000e+00,0.000000000000000000e+00,4.095000000000000000e+03,0.000000000000000000e+00
0.000000000000000000e+00,4.095000000000000000e+03,0.000000000000000000e+00,0.000000000000000000e+00,3.967000000000000000e+03,0.000000000000000000e+00
0.000000000000000000e+00,4.095000000000000000e+03,0.000000000000000000e+00,0.000000000000000000e+00,4.095000000000000000e+03,0.000000000000000000e+00
0.000000000000000000e+00,4.095000000000000000e+03,0.000000000000000000e+00,0.000000000000000000e+00,4.095000000000000000e+03,0.000000000000000000e+00
0.000000000000000000e+00,4.095000000000000000e+03,0.000000000000000000e+00,0.000000000000000000e+00,4.095000000000000000e+03,0.000000000000000000e+00
0.000000000000000000e+00,4.095000000000000000e+03,0.000000000000000000e+00,0.000000000000000000e+00,4.095000000000000000e+03,0.000000000000000000e+00
0.000000000000000000e+00,4.095000000000000000e+03,0.000000000000000000e+00,0.000000000000000000e+00,4.095000000000000000e+03,0.000000000000000000e+00
0.000000000000000000e+00,4.095000000000000000e+03,0.000000000000000000e+00,0.000000000000000000e+00,4.067000000000000000e+03,0.000000000000000000e+00
0.000000000000000000e+00,4.095000000000000000e+03,0.000000000000000000e+00,0.000000000000000000e+00,4.095000000000000000e+03,0.000000000000000000e+00
0.000000000000000000e+00,4.095000000000000000e+03,0.000000000000000000e+00,0.000000000000000000e+00,5.300000000000000000e+01,0.000000000000000000e+00
0.000000000000000000e+00,4.095000000000000000e+03,0.000000000000000000e+00,0.000000000000000000e+00,0.000000000000000000e+00,0.000000000000000000e+00
0.000000000000000000e+00,4.095000000000000000e+03,0.000000000000000000e+00,0.000000000000000000e+00,0.000000000000000000e+00,6.800000000000000000e+01
0.000000000000000000e+00,4.095000000000000000e+03,0.000000000000000000e+00,0.000000000000000000e+00,0.000000000000000000e+00,1.310000000000000000e+02
0.000000000000000000e+00,4.095000000000000000e+03,0.000000000000000000e+00,0.000000000000000000e+00,0.000000000000000000e+00,4.770000000000000000e+02
0.000000000000000000e+00,1.650000000000000000e+02,0.000000000000000000e+00,0.000000000000000000e+00,0.000000000000000000e+00,3.490000000000000000e+02
0.000000000000000000e+00,4.095000000000000000e+03,0.000000000000000000e+00,0.000000000000000000e+00,0.000000000000000000e+00,3.250000000000000000e+02
0.000000000000000000e+00,0.000000000000000000e+00,0.000000000000000000e+00,0.000000000000000000e+00,0.000000000000000000e+00,1.670000000000000000e+02
0.000000000000000000e+00,0.000000000000000000e+00,0.000000000000000000e+00,0.000000000000000000e+00,0.000000000000000000e+00,6.200000000000000000e+01
0.000000000000000000e+00,0.000000000000000000e+00,0.000000000000000000e+00,0.000000000000000000e+00,0.000000000000000000e+00,0.000000000000000000e+00
0.000000000000000000e+00,0.000000000000000000e+00,0.000000000000000000e+00,0.000000000000000000e+00,0.000000000000000000e+00,0.000000000000000000e+00
0.000000000000000000e+00,0.000000000000000000e+00,0.000000000000000000e+00,0.000000000000000000e+00,0.000000000000000000e+00,0.000000000000000000e+00
0.000000000000000000e+00,0.000000000000000000e+00,0.000000000000000000e+00,0.000000000000000000e+00,0.000000000000000000e+00,0.000000000000000000e+00
0.000000000000000000e+00,0.000000000000000000e+00,0.000000000000000000e+00,0.000000000000000000e+00,0.000000000000000000e+00,0.000000000000000000e+00
0.000000000000000000e+00,0.000000000000000000e+00,0.000000000000000000e+00,0.000000000000000000e+00,0.000000000000000000e+00,0.000000000000000000e+00
0.000000000000000000e+00,0.000000000000000000e+00,0.000000000000000000e+00,0.000000000000000000e+00,0.000000000000000000e+00,0.000000000000000000e+00
0.000000000000000000e+00,0.000000000000000000e+00,0.000000000000000000e+00,0.000000000000000000e+00,0.000000000000000000e+00,0.000000000000000000e+00
0.000000000000000000e+00,0.000000000000000000e+00,0.000000000000000000e+00,0.000000000000000000e+00,0.000000000000000000e+00,0.000000000000000000e+00
0.000000000000000000e+00,0.000000000000000000e+00,0.000000000000000000e+00,0.000000000000000000e+00,0.000000000000000000e+00,0.000000000000000000e+00
0.000000000000000000e+00,4.095000000000000000e+03,0.000000000000000000e+00,0.000000000000000000e+00,2.000000000000000000e+00,0.000000000000000000e+00
0.000000000000000000e+00,4.095000000000000000e+03,0.000000000000000000e+00,0.000000000000000000e+00,2.440000000000000000e+02,0.000000000000000000e+00
0.000000000000000000e+00,4.095000000000000000e+03,0.000000000000000000e+00,0.000000000000000000e+00,9.010000000000000000e+02,0.000000000000000000e+00
0.000000000000000000e+00,4.095000000000000000e+03,0.000000000000000000e+00,0.000000000000000000e+00,4.095000000000000000e+03,0.000000000000000000e+00
0.000000000000000000e+00,4.095000000000000000e+03,0.000000000000000000e+00,0.000000000000000000e+00,4.095000000000000000e+03,0.000000000000000000e+00
0.000000000000000000e+00,4.095000000000000000e+03,0.000000000000000000e+00,0.000000000000000000e+00,4.095000000000000000e+03,0.000000000000000000e+00
0.000000000000000000e+00,4.095000000000000000e+03,0.000000000000000000e+00,0.000000000000000000e+00,4.009000000000000000e+03,0.000000000000000000e+00
0.000000000000000000e+00,4.095000000000000000e+03,0.000000000000000000e+00,0.000000000000000000e+00,4.095000000000000000e+03,0.000000000000000000e+00
0.000000000000000000e+00,4.095000000000000000e+03,0.000000000000000000e+00,0.000000000000000000e+00,4.095000000000000000e+03,0.000000000000000000e+00
0.000000000000000000e+00,4.095000000000000000e+03,0.000000000000000000e+00,0.000000000000000000e+00,4.095000000000000000e+03,0.000000000000000000e+00
0.000000000000000000e+00,4.095000000000000000e+03,0.000000000000000000e+00,0.000000000000000000e+00,4.095000000000000000e+03,0.000000000000000000e+00
0.000000000000000000e+00,4.095000000000000000e+03,0.000000000000000000e+00,0.000000000000000000e+00,4.095000000000000000e+03,0.000000000000000000e+00
0.000000000000000000e+00,4.095000000000000000e+03,0.000000000000000000e+00,0.000000000000000000e+00,4.095000000000000000e+03,0.000000000000000000e+00
0.000000000000000000e+00,4.095000000000000000e+03,0.000000000000000000e+00,0.000000000000000000e+00,4.095000000000000000e+03,0.000000000000000000e+00
0.000000000000000000e+00,4.095000000000000000e+03,0.000000000000000000e+00,0.000000000000000000e+00,4.095000000000000000e+03,0.000000000000000000e+00
0.000000000000000000e+00,4.095000000000000000e+03,0.000000000000000000e+00,0.000000000000000000e+00,4.095000000000000000e+03,0.000000000000000000e+00
0.000000000000000000e+00,4.095000000000000000e+03,0.000000000000000000e+00,0.000000000000000000e+00,4.095000000000000000e+03,0.000000000000000000e+00
0.000000000000000000e+00,4.095000000000000000e+03,0.000000000000000000e+00,0.000000000000000000e+00,4.095000000000000000e+03,0.000000000000000000e+00
0.000000000000000000e+00,4.095000000000000000e+03,0.000000000000000000e+00,0.000000000000000000e+00,4.095000000000000000e+03,0.000000000000000000e+00
0.000000000000000000e+00,4.095000000000000000e+03,0.000000000000000000e+00,0.000000000000000000e+00,4.095000000000000000e+03,0.000000000000000000e+00
0.000000000000000000e+00,4.095000000000000000e+03,0.000000000000000000e+00,0.000000000000000000e+00,4.095000000000000000e+03,0.000000000000000000e+00
0.000000000000000000e+00,4.095000000000000000e+03,0.000000000000000000e+00,0.000000000000000000e+00,8.370000000000000000e+02,0.000000000000000000e+00
0.000000000000000000e+00,4.095000000000000000e+03,0.000000000000000000e+00,0.000000000000000000e+00,0.000000000000000000e+00,0.000000000000000000e+00
0.000000000000000000e+00,4.095000000000000000e+03,0.000000000000000000e+00,0.000000000000000000e+00,0.000000000000000000e+00,0.000000000000000000e+00
0.000000000000000000e+00,4.095000000000000000e+03,0.000000000000000000e+00,0.000000000000000000e+00,0.000000000000000000e+00,0.000000000000000000e+00
0.000000000000000000e+00,4.095000000000000000e+03,0.000000000000000000e+00,0.000000000000000000e+00,0.000000000000000000e+00,4.530000000000000000e+02
0.000000000000000000e+00,4.095000000000000000e+03,0.000000000000000000e+00,0.000000000000000000e+00,0.000000000000000000e+00,1.050000000000000000e+02
0.000000000000000000e+00,4.095000000000000000e+03,0.000000000000000000e+00,0.000000000000000000e+00,0.000000000000000000e+00,1.040000000000000000e+03
0.000000000000000000e+00,4.095000000000000000e+03,4.095000000000000000e+03,0.000000000000000000e+00,0.000000000000000000e+00,4.095000000000000000e+03
0.000000000000000000e+00,4.095000000000000000e+03,4.095000000000000000e+03,0.000000000000000000e+00,0.000000000000000000e+00,4.095000000000000000e+03
0.000000000000000000e+00,3.951000000000000000e+03,4.095000000000000000e+03,0.000000000000000000e+00,0.000000000000000000e+00,4.095000000000000000e+03
0.000000000000000000e+00,4.095000000000000000e+03,4.095000000000000000e+03,0.000000000000000000e+00,0.000000000000000000e+00,4.095000000000000000e+03
0.000000000000000000e+00,4.095000000000000000e+03,4.095000000000000000e+03,0.000000000000000000e+00,0.000000000000000000e+00,4.095000000000000000e+03
0.000000000000000000e+00,0.000000000000000000e+00,4.095000000000000000e+03,0.000000000000000000e+00,0.000000000000000000e+00,4.095000000000000000e+03
0.000000000000000000e+00,4.095000000000000000e+03,0.000000000000000000e+00,0.000000000000000000e+00,0.000000000000000000e+00,4.095000000000000000e+03
0.000000000000000000e+00,3.983000000000000000e+03,0.000000000000000000e+00,0.000000000000000000e+00,0.000000000000000000e+00,1.180000000000000000e+02
0.000000000000000000e+00,4.095000000000000000e+03,0.000000000000000000e+00,0.000000000000000000e+00,0.000000000000000000e+00,0.000000000000000000e+00
0.000000000000000000e+00,4.095000000000000000e+03,0.000000000000000000e+00,0.000000000000000000e+00,0.000000000000000000e+00,0.000000000000000000e+00
0.000000000000000000e+00,4.095000000000000000e+03,0.000000000000000000e+00,0.000000000000000000e+00,0.000000000000000000e+00,0.000000000000000000e+00
0.000000000000000000e+00,4.095000000000000000e+03,0.000000000000000000e+00,0.000000000000000000e+00,0.000000000000000000e+00,0.000000000000000000e+00
0.000000000000000000e+00,4.095000000000000000e+03,0.000000000000000000e+00,0.000000000000000000e+00,0.000000000000000000e+00,0.000000000000000000e+00
0.000000000000000000e+00,4.095000000000000000e+03,0.000000000000000000e+00,0.000000000000000000e+00,0.000000000000000000e+00,0.000000000000000000e+00
4.095000000000000000e+03,4.095000000000000000e+03,0.000000000000000000e+00,0.000000000000000000e+00,0.000000000000000000e+00,0.000000000000000000e+00
4.095000000000000000e+03,4.095000000000000000e+03,0.000000000000000000e+00,0.000000000000000000e+00,0.000000000000000000e+00,0.000000000000000000e+00
4.095000000000000000e+03,4.095000000000000000e+03,0.000000000000000000e+00,0.000000000000000000e+00,5.000000000000000000e+00,0.000000000000000000e+00
4.095000000000000000e+03,4.095000000000000000e+03,0.000000000000000000e+00,0.000000000000000000e+00,9.580000000000000000e+02,0.000000000000000000e+00
4.095000000000000000e+03,4.095000000000000000e+03,0.000000000000000000e+00,0.000000000000000000e+00,4.095000000000000000e+03,0.000000000000000000e+00
4.095000000000000000e+03,4.095000000000000000e+03,0.000000000000000000e+00,0.000000000000000000e+00,4.095000000000000000e+03,0.000000000000000000e+00
4.095000000000000000e+03,4.095000000000000000e+03,0.000000000000000000e+00,0.000000000000000000e+00,4.095000000000000000e+03,0.000000000000000000e+00
4.095000000000000000e+03,4.095000000000000000e+03,0.000000000000000000e+00,0.000000000000000000e+00,4.095000000000000000e+03,0.000000000000000000e+00
4.095000000000000000e+03,4.095000000000000000e+03,0.000000000000000000e+00,0.000000000000000000e+00,4.095000000000000000e+03,0.000000000000000000e+00
4.095000000000000000e+03,4.095000000000000000e+03,0.000000000000000000e+00,0.000000000000000000e+00,4.095000000000000000e+03,0.000000000000000000e+00
4.091000000000000000e+03,0.000000000000000000e+00,0.000000000000000000e+00,0.000000000000000000e+00,4.095000000000000000e+03,0.000000000000000000e+00
4.095000000000000000e+03,0.000000000000000000e+00,0.000000000000000000e+00,0.000000000000000000e+00,4.095000000000000000e+03,0.000000000000000000e+00
4.095000000000000000e+03,0.000000000000000000e+00,0.000000000000000000e+00,0.000000000000000000e+00,4.095000000000000000e+03,0.000000000000000000e+00
4.095000000000000000e+03,0.000000000000000000e+00,0.000000000000000000e+00,0.000000000000000000e+00,4.095000000000000000e+03,0.000000000000000000e+00
4.095000000000000000e+03,0.000000000000000000e+00,0.000000000000000000e+00,0.000000000000000000e+00,4.095000000000000000e+03,0.000000000000000000e+00
4.095000000000000000e+03,0.000000000000000000e+00,0.000000000000000000e+00,0.000000000000000000e+00,4.095000000000000000e+03,3.900000000000000000e+01
4.095000000000000000e+03,0.000000000000000000e+00,0.000000000000000000e+00,0.000000000000000000e+00,4.095000000000000000e+03,4.800000000000000000e+01
4.095000000000000000e+03,0.000000000000000000e+00,0.000000000000000000e+00,0.000000000000000000e+00,4.095000000000000000e+03,2.000000000000000000e+03
0.000000000000000000e+00,0.000000000000000000e+00,0.000000000000000000e+00,0.000000000000000000e+00,0.000000000000000000e+00,1.040000000000000000e+03
0.000000000000000000e+00,0.000000000000000000e+00,0.000000000000000000e+00,0.000000000000000000e+00,0.000000000000000000e+00,1.440000000000000000e+02
0.000000000000000000e+00,0.000000000000000000e+00,0.000000000000000000e+00,0.000000000000000000e+00,1.000000000000000000e+01,0.000000000000000000e+00
0.000000000000000000e+00,0.000000000000000000e+00,0.000000000000000000e+00,0.000000000000000000e+00,0.000000000000000000e+00,0.000000000000000000e+00
0.000000000000000000e+00,0.000000000000000000e+00,0.000000000000000000e+00,0.000000000000000000e+00,0.000000000000000000e+00,0.000000000000000000e+00
0.000000000000000000e+00,0.000000000000000000e+00,0.000000000000000000e+00,0.000000000000000000e+00,0.000000000000000000e+00,0.000000000000000000e+00
0.000000000000000000e+00,0.000000000000000000e+00,0.000000000000000000e+00,0.000000000000000000e+00,0.000000000000000000e+00,0.000000000000000000e+00
0.000000000000000000e+00,0.000000000000000000e+00,0.000000000000000000e+00,0.000000000000000000e+00,0.000000000000000000e+00,0.000000000000000000e+00
0.000000000000000000e+00,0.000000000000000000e+00,0.000000000000000000e+00,0.000000000000000000e+00,0.000000000000000000e+00,0.000000000000000000e+00
0.000000000000000000e+00,0.000000000000000000e+00,0.000000000000000000e+00,0.000000000000000000e+00,0.000000000000000000e+00,0.000000000000000000e+00
0.000000000000000000e+00,0.000000000000000000e+00,0.000000000000000000e+00,0.000000000000000000e+00,0.000000000000000000e+00,0.000000000000000000e+00
0.000000000000000000e+00,0.000000000000000000e+00,0.000000000000000000e+00,0.000000000000000000e+00,0.000000000000000000e+00,0.000000000000000000e+00
0.000000000000000000e+00,0.000000000000000000e+00,0.000000000000000000e+00,0.000000000000000000e+00,0.000000000000000000e+00,0.000000000000000000e+00
0.000000000000000000e+00,0.000000000000000000e+00,0.000000000000000000e+00,0.000000000000000000e+00,0.000000000000000000e+00,0.000000000000000000e+00
0.000000000000000000e+00,0.000000000000000000e+00,0.000000000000000000e+00,0.000000000000000000e+00,0.000000000000000000e+00,0.000000000000000000e+00
0.000000000000000000e+00,0.000000000000000000e+00,0.000000000000000000e+00,0.000000000000000000e+00,0.000000000000000000e+00,0.000000000000000000e+00
0.000000000000000000e+00,0.000000000000000000e+00,0.000000000000000000e+00,0.000000000000000000e+00,0.000000000000000000e+00,0.000000000000000000e+00
0.000000000000000000e+00,0.000000000000000000e+00,0.000000000000000000e+00,0.000000000000000000e+00,0.000000000000000000e+00,3.200000000000000000e+01
0.000000000000000000e+00,0.000000000000000000e+00,0.000000000000000000e+00,0.000000000000000000e+00,0.000000000000000000e+00,1.500000000000000000e+02
0.000000000000000000e+00,0.000000000000000000e+00,0.000000000000000000e+00,0.000000000000000000e+00,0.000000000000000000e+00,8.000000000000000000e+00
0.000000000000000000e+00,0.000000000000000000e+00,4.095000000000000000e+03,0.000000000000000000e+00,0.000000000000000000e+00,0.000000000000000000e+00
0.000000000000000000e+00,0.000000000000000000e+00,6.400000000000000000e+01,0.000000000000000000e+00,0.000000000000000000e+00,0.000000000000000000e+00
0.000000000000000000e+00,0.000000000000000000e+00,0.000000000000000000e+00,0.000000000000000000e+00,0.000000000000000000e+00,0.000000000000000000e+00
0.000000000000000000e+00,0.000000000000000000e+00,0.000000000000000000e+00,0.000000000000000000e+00,0.000000000000000000e+00,0.000000000000000000e+00
0.000000000000000000e+00,0.000000000000000000e+00,0.000000000000000000e+00,0.000000000000000000e+00,0.000000000000000000e+00,0.000000000000000000e+00
0.000000000000000000e+00,0.000000000000000000e+00,0.000000000000000000e+00,0.000000000000000000e+00,1.920000000000000000e+02,0.000000000000000000e+00
0.000000000000000000e+00,0.000000000000000000e+00,1.650000000000000000e+02,0.000000000000000000e+00,2.400000000000000000e+02,0.000000000000000000e+00
0.000000000000000000e+00,0.000000000000000000e+00,0.000000000000000000e+00,0.000000000000000000e+00,4.095000000000000000e+03,0.000000000000000000e+00
0.000000000000000000e+00,0.000000000000000000e+00,0.000000000000000000e+00,0.000000000000000000e+00,9.470000000000000000e+02,0.000000000000000000e+00
0.000000000000000000e+00,0.000000000000000000e+00,0.000000000000000000e+00,0.000000000000000000e+00,4.095000000000000000e+03,0.000000000000000000e+00
0.000000000000000000e+00,0.000000000000000000e+00,0.000000000000000000e+00,0.000000000000000000e+00,4.095000000000000000e+03,0.000000000000000000e+00
0.000000000000000000e+00,0.000000000000000000e+00,0.000000000000000000e+00,0.000000000000000000e+00,4.095000000000000000e+03,0.000000000000000000e+00
0.000000000000000000e+00,0.000000000000000000e+00,0.000000000000000000e+00,0.000000000000000000e+00,4.095000000000000000e+03,1.100000000000000000e+01
0.000000000000000000e+00,0.000000000000000000e+00,0.000000000000000000e+00,0.000000000000000000e+00,4.095000000000000000e+03,0.000000000000000000e+00
0.000000000000000000e+00,0.000000000000000000e+00,0.000000000000000000e+00,0.000000000000000000e+00,4.095000000000000000e+03,0.000000000000000000e+00
0.000000000000000000e+00,0.000000000000000000e+00,0.000000000000000000e+00,0.000000000000000000e+00,4.095000000000000000e+03,0.000000000000000000e+00
0.000000000000000000e+00,4.095000000000000000e+03,0.000000000000000000e+00,0.000000000000000000e+00,4.095000000000000000e+03,0.000000000000000000e+00
0.000000000000000000e+00,4.095000000000000000e+03,0.000000000000000000e+00,0.000000000000000000e+00,4.095000000000000000e+03,0.000000000000000000e+00
0.000000000000000000e+00,4.095000000000000000e+03,0.000000000000000000e+00,0.000000000000000000e+00,4.095000000000000000e+03,0.000000000000000000e+00
0.000000000000000000e+00,4.095000000000000000e+03,0.000000000000000000e+00,0.000000000000000000e+00,4.095000000000000000e+03,0.000000000000000000e+00
0.000000000000000000e+00,4.095000000000000000e+03,0.000000000000000000e+00,2.900000000000000000e+02,4.095000000000000000e+03,7.000000000000000000e+00
0.000000000000000000e+00,4.095000000000000000e+03,0.000000000000000000e+00,4.260000000000000000e+02,4.095000000000000000e+03,0.000000000000000000e+00
0.000000000000000000e+00,4.095000000000000000e+03,0.000000000000000000e+00,2.630000000000000000e+02,4.095000000000000000e+03,0.000000000000000000e+00
0.000000000000000000e+00,4.095000000000000000e+03,0.000000000000000000e+00,4.570000000000000000e+02,4.095000000000000000e+03,1.300000000000000000e+01
0.000000000000000000e+00,4.095000000000000000e+03,0.000000000000000000e+00,4.810000000000000000e+02,4.095000000000000000e+03,0.000000000000000000e+00
0.000000000000000000e+00,4.095000000000000000e+03,0.000000000000000000e+00,7.170000000000000000e+02,4.095000000000000000e+03,0.000000000000000000e+00
0.000000000000000000e+00,4.095000000000000000e+03,0.000000000000000000e+00,1.177000000000000000e+03,4.095000000000000000e+03,0.000000000000000000e+00
0.000000000000000000e+00,4.063000000000000000e+03,0.000000000000000000e+00,2.610000000000000000e+03,4.095000000000000000e+03,0.000000000000000000e+00
0.000000000000000000e+00,4.095000000000000000e+03,0.000000000000000000e+00,1.600000000000000000e+03,4.095000000000000000e+03,0.000000000000000000e+00
0.000000000000000000e+00,4.095000000000000000e+03,0.000000000000000000e+00,3.750000000000000000e+02,4.095000000000000000e+03,0.000000000000000000e+00
0.000000000000000000e+00,4.095000000000000000e+03,0.000000000000000000e+00,8.000000000000000000e+01,4.095000000000000000e+03,0.000000000000000000e+00
0.000000000000000000e+00,4.095000000000000000e+03,0.000000000000000000e+00,0.000000000000000000e+00,4.095000000000000000e+03,0.000000000000000000e+00
0.000000000000000000e+00,4.095000000000000000e+03,0.000000000000000000e+00,0.000000000000000000e+00,4.095000000000000000e+03,0.000000000000000000e+00
0.000000000000000000e+00,4.095000000000000000e+03,0.000000000000000000e+00,0.000000000000000000e+00,4.095000000000000000e+03,0.000000000000000000e+00
0.000000000000000000e+00,4.095000000000000000e+03,0.000000000000000000e+00,0.000000000000000000e+00,4.095000000000000000e+03,0.000000000000000000e+00
0.000000000000000000e+00,4.095000000000000000e+03,0.000000000000000000e+00,0.000000000000000000e+00,4.095000000000000000e+03,0.000000000000000000e+00
0.000000000000000000e+00,4.095000000000000000e+03,0.000000000000000000e+00,0.000000000000000000e+00,4.095000000000000000e+03,0.000000000000000000e+00
0.000000000000000000e+00,4.095000000000000000e+03,0.000000000000000000e+00,0.000000000000000000e+00,4.095000000000000000e+03,0.000000000000000000e+00
0.000000000000000000e+00,4.095000000000000000e+03,0.000000000000000000e+00,0.000000000000000000e+00,4.095000000000000000e+03,0.000000000000000000e+00
0.000000000000000000e+00,4.095000000000000000e+03,0.000000000000000000e+00,0.000000000000000000e+00,4.095000000000000000e+03,0.000000000000000000e+00
0.000000000000000000e+00,4.095000000000000000e+03,0.000000000000000000e+00,0.000000000000000000e+00,4.095000000000000000e+03,0.000000000000000000e+00
0.000000000000000000e+00,4.095000000000000000e+03,0.000000000000000000e+00,0.000000000000000000e+00,4.095000000000000000e+03,0.000000000000000000e+00
0.000000000000000000e+00,4.095000000000000000e+03,0.000000000000000000e+00,0.000000000000000000e+00,4.095000000000000000e+03,0.000000000000000000e+00
0.000000000000000000e+00,4.095000000000000000e+03,0.000000000000000000e+00,0.000000000000000000e+00,4.095000000000000000e+03,0.000000000000000000e+00
0.000000000000000000e+00,4.095000000000000000e+03,0.000000000000000000e+00,0.000000000000000000e+00,4.095000000000000000e+03,0.000000000000000000e+00
0.000000000000000000e+00,4.095000000000000000e+03,0.000000000000000000e+00,0.000000000000000000e+00,4.095000000000000000e+03,0.000000000000000000e+00
0.000000000000000000e+00,4.095000000000000000e+03,0.000000000000000000e+00,0.000000000000000000e+00,4.095000000000000000e+03,0.000000000000000000e+00
0.000000000000000000e+00,4.095000000000000000e+03,0.000000000000000000e+00,0.000000000000000000e+00,4.095000000000000000e+03,0.000000000000000000e+00
0.000000000000000000e+00,4.095000000000000000e+03,0.000000000000000000e+00,0.000000000000000000e+00,4.095000000000000000e+03,0.000000000000000000e+00
0.000000000000000000e+00,4.095000000000000000e+03,0.000000000000000000e+00,0.000000000000000000e+00,4.095000000000000000e+03,0.000000000000000000e+00
0.000000000000000000e+00,4.087000000000000000e+03,0.000000000000000000e+00,0.000000000000000000e+00,4.095000000000000000e+03,0.000000000000000000e+00
0.000000000000000000e+00,4.095000000000000000e+03,0.000000000000000000e+00,0.000000000000000000e+00,4.095000000000000000e+03,0.000000000000000000e+00
0.000000000000000000e+00,4.095000000000000000e+03,0.000000000000000000e+00,0.000000000000000000e+00,4.095000000000000000e+03,0.000000000000000000e+00
0.000000000000000000e+00,4.095000000000000000e+03,0.000000000000000000e+00,0.000000000000000000e+00,4.095000000000000000e+03,0.000000000000000000e+00
0.000000000000000000e+00,4.095000000000000000e+03,0.000000000000000000e+00,0.000000000000000000e+00,4.095000000000000000e+03,0.000000000000000000e+00
0.000000000000000000e+00,4.095000000000000000e+03,0.000000000000000000e+00,0.000000000000000000e+00,4.095000000000000000e+03,0.000000000000000000e+00
9.600000000000000000e+01,4.095000000000000000e+03,0.000000000000000000e+00,0.000000000000000000e+00,4.095000000000000000e+03,0.000000000000000000e+00
4.095000000000000000e+03,4.095000000000000000e+03,0.000000000000000000e+00,0.000000000000000000e+00,4.095000000000000000e+03,0.000000000000000000e+00
4.095000000000000000e+03,4.095000000000000000e+03,0.000000000000000000e+00,0.000000000000000000e+00,4.095000000000000000e+03,0.000000000000000000e+00
4.095000000000000000e+03,4.095000000000000000e+03,0.000000000000000000e+00,0.000000000000000000e+00,4.095000000000000000e+03,0.000000000000000000e+00
4.095000000000000000e+03,0.000000000000000000e+00,0.000000000000000000e+00,0.000000000000000000e+00,4.095000000000000000e+03,0.000000000000000000e+00
4.095000000000000000e+03,0.000000000000000000e+00,0.000000000000000000e+00,0.000000000000000000e+00,4.095000000000000000e+03,0.000000000000000000e+00
4.095000000000000000e+03,0.000000000000000000e+00,0.000000000000000000e+00,0.000000000000000000e+00,4.095000000000000000e+03,0.000000000000000000e+00
4.095000000000000000e+03,0.000000000000000000e+00,0.000000000000000000e+00,0.000000000000000000e+00,4.095000000000000000e+03,0.000000000000000000e+00
4.095000000000000000e+03,0.000000000000000000e+00,0.000000000000000000e+00,0.000000000000000000e+00,4.095000000000000000e+03,0.000000000000000000e+00
4.095000000000000000e+03,0.000000000000000000e+00,0.000000000000000000e+00,0.000000000000000000e+00,1.920000000000000000e+02,0.000000000000000000e+00
4.095000000000000000e+03,0.000000000000000000e+00,0.000000000000000000e+00,0.000000000000000000e+00,0.000000000000000000e+00,0.000000000000000000e+00
4.095000000000000000e+03,0.000000000000000000e+00,0.000000000000000000e+00,0.000000000000000000e+00,0.000000000000000000e+00,0.000000000000000000e+00
4.080000000000000000e+03,0.000000000000000000e+00,0.000000000000000000e+00,0.000000000000000000e+00,0.000000000000000000e+00,0.000000000000000000e+00
4.095000000000000000e+03,0.000000000000000000e+00,0.000000000000000000e+00,0.000000000000000000e+00,0.000000000000000000e+00,0.000000000000000000e+00
4.095000000000000000e+03,0.000000000000000000e+00,0.000000000000000000e+00,0.000000000000000000e+00,0.000000000000000000e+00,0.000000000000000000e+00
4.095000000000000000e+03,0.000000000000000000e+00,0.000000000000000000e+00,0.000000000000000000e+00,0.000000000000000000e+00,0.000000000000000000e+00
4.095000000000000000e+03,0.000000000000000000e+00,0.000000000000000000e+00,0.000000000000000000e+00,0.000000000000000000e+00,0.000000000000000000e+00
4.095000000000000000e+03,4.095000000000000000e+03,0.000000000000000000e+00,0.000000000000000000e+00,0.000000000000000000e+00,0.000000000000000000e+00
4.095000000000000000e+03,4.095000000000000000e+03,0.000000000000000000e+00,0.000000000000000000e+00,0.000000000000000000e+00,0.000000000000000000e+00
0.000000000000000000e+00,0.000000000000000000e+00,0.000000000000000000e+00,0.000000000000000000e+00,0.000000000000000000e+00,0.000000000000000000e+00
0.000000000000000000e+00,4.095000000000000000e+03,0.000000000000000000e+00,0.000000000000000000e+00,0.000000000000000000e+00,0.000000000000000000e+00
0.000000000000000000e+00,4.095000000000000000e+03,0.000000000000000000e+00,0.000000000000000000e+00,0.000000000000000000e+00,0.000000000000000000e+00
0.000000000000000000e+00,4.095000000000000000e+03,0.000000000000000000e+00,0.000000000000000000e+00,2.900000000000000000e+02,0.000000000000000000e+00
0.000000000000000000e+00,4.095000000000000000e+03,0.000000000000000000e+00,0.000000000000000000e+00,9.400000000000000000e+02,0.000000000000000000e+00
4.095000000000000000e+03,4.095000000000000000e+03,0.000000000000000000e+00,0.000000000000000000e+00,4.095000000000000000e+03,0.000000000000000000e+00
4.960000000000000000e+02,4.095000000000000000e+03,0.000000000000000000e+00,0.000000000000000000e+00,4.095000000000000000e+03,0.000000000000000000e+00
6.600000000000000000e+01,4.095000000000000000e+03,0.000000000000000000e+00,0.000000000000000000e+00,4.095000000000000000e+03,0.000000000000000000e+00
4.095000000000000000e+03,4.095000000000000000e+03,0.000000000000000000e+00,0.000000000000000000e+00,4.095000000000000000e+03,0.000000000000000000e+00
4.095000000000000000e+03,4.095000000000000000e+03,0.000000000000000000e+00,0.000000000000000000e+00,4.095000000000000000e+03,0.000000000000000000e+00
4.095000000000000000e+03,4.095000000000000000e+03,0.000000000000000000e+00,0.000000000000000000e+00,4.095000000000000000e+03,0.000000000000000000e+00
4.095000000000000000e+03,4.095000000000000000e+03,0.000000000000000000e+00,0.000000000000000000e+00,4.095000000000000000e+03,0.000000000000000000e+00
4.095000000000000000e+03,4.095000000000000000e+03,0.000000000000000000e+00,0.000000000000000000e+00,4.095000000000000000e+03,0.000000000000000000e+00
4.095000000000000000e+03,0.000000000000000000e+00,0.000000000000000000e+00,0.000000000000000000e+00,4.095000000000000000e+03,0.000000000000000000e+00
4.095000000000000000e+03,0.000000000000000000e+00,0.000000000000000000e+00,0.000000000000000000e+00,4.095000000000000000e+03,0.000000000000000000e+00
4.095000000000000000e+03,0.000000000000000000e+00,0.000000000000000000e+00,0.000000000000000000e+00,4.095000000000000000e+03,2.920000000000000000e+02
4.095000000000000000e+03,0.000000000000000000e+00,0.000000000000000000e+00,0.000000000000000000e+00,4.095000000000000000e+03,1.652000000000000000e+03
0.000000000000000000e+00,0.000000000000000000e+00,0.000000000000000000e+00,0.000000000000000000e+00,4.095000000000000000e+03,3.680000000000000000e+02
0.000000000000000000e+00,0.000000000000000000e+00,0.000000000000000000e+00,0.000000000000000000e+00,4.095000000000000000e+03,0.000000000000000000e+00
4.630000000000000000e+02,0.000000000000000000e+00,0.000000000000000000e+00,0.000000000000000000e+00,4.095000000000000000e+03,0.000000000000000000e+00
2.270000000000000000e+02,0.000000000000000000e+00,0.000000000000000000e+00,0.000000000000000000e+00,4.095000000000000000e+03,0.000000000000000000e+00
0.000000000000000000e+00,0.000000000000000000e+00,0.000000000000000000e+00,0.000000000000000000e+00,4.095000000000000000e+03,0.000000000000000000e+00
1.000000000000000000e+01,0.000000000000000000e+00,0.000000000000000000e+00,0.000000000000000000e+00,4.095000000000000000e+03,0.000000000000000000e+00
0.000000000000000000e+00,0.000000000000000000e+00,0.000000000000000000e+00,0.000000000000000000e+00,0.000000000000000000e+00,0.000000000000000000e+00
0.000000000000000000e+00,0.000000000000000000e+00,0.000000000000000000e+00,0.000000000000000000e+00,0.000000000000000000e+00,1.000000000000000000e+01
0.000000000000000000e+00,0.000000000000000000e+00,0.000000000000000000e+00,4.690000000000000000e+02,0.000000000000000000e+00,0.000000000000000000e+00
0.000000000000000000e+00,0.000000000000000000e+00,0.000000000000000000e+00,2.980000000000000000e+02,0.000000000000000000e+00,0.000000000000000000e+00
0.000000000000000000e+00,0.000000000000000000e+00,0.000000000000000000e+00,4.810000000000000000e+02,0.000000000000000000e+00,0.000000000000000000e+00
0.000000000000000000e+00,0.000000000000000000e+00,0.000000000000000000e+00,4.650000000000000000e+02,0.000000000000000000e+00,2.200000000000000000e+01
0.000000000000000000e+00,0.000000000000000000e+00,0.000000000000000000e+00,5.070000000000000000e+02,4.500000000000000000e+01,0.000000000000000000e+00
0.000000000000000000e+00,0.000000000000000000e+00,0.000000000000000000e+00,4.650000000000000000e+02,4.230000000000000000e+02,1.420000000000000000e+02
0.000000000000000000e+00,0.000000000000000000e+00,0.000000000000000000e+00,1.078000000000000000e+03,4.095000000000000000e+03,1.165000000000000000e+03
0.000000000000000000e+00,0.000000000000000000e+00,0.000000000000000000e+00,4.095000000000000000e+03,4.095000000000000000e+03,4.095000000000000000e+03
0.000000000000000000e+00,0.000000000000000000e+00,0.000000000000000000e+00,2.680000000000000000e+02,4.095000000000000000e+03,4.095000000000000000e+03
0.000000000000000000e+00,4.095000000000000000e+03,0.000000000000000000e+00,2.080000000000000000e+02,4.095000000000000000e+03,4.095000000000000000e+03
0.000000000000000000e+00,4.095000000000000000e+03,0.000000000000000000e+00,1.610000000000000000e+02,4.095000000000000000e+03,4.095000000000000000e+03
0.000000000000000000e+00,4.095000000000000000e+03,0.000000000000000000e+00,3.000000000000000000e+00,4.095000000000000000e+03,4.095000000000000000e+03
0.000000000000000000e+00,4.095000000000000000e+03,0.000000000000000000e+00,0.000000000000000000e+00,4.095000000000000000e+03,4.095000000000000000e+03
0.000000000000000000e+00,4.095000000000000000e+03,0.000000000000000000e+00,0.000000000000000000e+00,4.095000000000000000e+03,4.095000000000000000e+03
0.000000000000000000e+00,4.095000000000000000e+03,0.000000000000000000e+00,0.000000000000000000e+00,4.095000000000000000e+03,4.095000000000000000e+03
0.000000000000000000e+00,4.095000000000000000e+03,0.000000000000000000e+00,0.000000000000000000e+00,4.095000000000000000e+03,4.095000000000000000e+03
0.000000000000000000e+00,4.095000000000000000e+03,0.000000000000000000e+00,0.000000000000000000e+00,4.095000000000000000e+03,4.095000000000000000e+03
0.000000000000000000e+00,4.095000000000000000e+03,0.000000000000000000e+00,0.000000000000000000e+00,4.095000000000000000e+03,4.095000000000000000e+03
0.000000000000000000e+00,4.095000000000000000e+03,0.000000000000000000e+00,0.000000000000000000e+00,4.095000000000000000e+03,4.095000000000000000e+03
0.000000000000000000e+00,4.095000000000000000e+03,0.000000000000000000e+00,0.000000000000000000e+00,4.095000000000000000e+03,3.600000000000000000e+01
0.000000000000000000e+00,4.095000000000000000e+03,0.000000000000000000e+00,0.000000000000000000e+00,4.095000000000000000e+03,0.000000000000000000e+00
0.000000000000000000e+00,4.095000000000000000e+03,0.000000000000000000e+00,0.000000000000000000e+00,4.095000000000000000e+03,0.000000000000000000e+00
0.000000000000000000e+00,4.095000000000000000e+03,0.000000000000000000e+00,0.000000000000000000e+00,4.095000000000000000e+03,0.000000000000000000e+00
0.000000000000000000e+00,4.095000000000000000e+03,0.000000000000000000e+00,0.000000000000000000e+00,4.095000000000000000e+03,0.000000000000000000e+00
0.000000000000000000e+00,4.095000000000000000e+03,0.000000000000000000e+00,0.000000000000000000e+00,4.095000000000000000e+03,0.000000000000000000e+00
0.000000000000000000e+00,4.095000000000000000e+03,0.000000000000000000e+00,0.000000000000000000e+00,4.095000000000000000e+03,0.000000000000000000e+00
0.000000000000000000e+00,4.095000000000000000e+03,0.000000000000000000e+00,0.000000000000000000e+00,4.095000000000000000e+03,0.000000000000000000e+00
0.000000000000000000e+00,4.095000000000000000e+03,0.000000000000000000e+00,0.000000000000000000e+00,4.095000000000000000e+03,0.000000000000000000e+00
0.000000000000000000e+00,4.095000000000000000e+03,0.000000000000000000e+00,0.000000000000000000e+00,4.095000000000000000e+03,0.000000000000000000e+00
0.000000000000000000e+00,4.095000000000000000e+03,0.000000000000000000e+00,0.000000000000000000e+00,4.095000000000000000e+03,0.000000000000000000e+00
4.095000000000000000e+03,4.095000000000000000e+03,0.000000000000000000e+00,0.000000000000000000e+00,4.095000000000000000e+03,0.000000000000000000e+00
0.000000000000000000e+00,4.095000000000000000e+03,0.000000000000000000e+00,0.000000000000000000e+00,4.095000000000000000e+03,0.000000000000000000e+00
0.000000000000000000e+00,4.095000000000000000e+03,0.000000000000000000e+00,0.000000000000000000e+00,4.095000000000000000e+03,0.000000000000000000e+00
0.000000000000000000e+00,4.095000000000000000e+03,0.000000000000000000e+00,0.000000000000000000e+00,4.095000000000000000e+03,0.000000000000000000e+00
0.000000000000000000e+00,4.095000000000000000e+03,0.000000000000000000e+00,0.000000000000000000e+00,4.095000000000000000e+03,0.000000000000000000e+00
0.000000000000000000e+00,4.095000000000000000e+03,0.000000000000000000e+00,0.000000000000000000e+00,4.095000000000000000e+03,0.000000000000000000e+00
0.000000000000000000e+00,4.095000000000000000e+03,0.000000000000000000e+00,0.000000000000000000e+00,4.095000000000000000e+03,0.000000000000000000e+00
0.000000000000000000e+00,4.095000000000000000e+03,0.000000000000000000e+00,0.000000000000000000e+00,3.985000000000000000e+03,0.000000000000000000e+00
0.000000000000000000e+00,0.000000000000000000e+00,0.000000000000000000e+00,0.000000000000000000e+00,4.095000000000000000e+03,0.000000000000000000e+00
0.000000000000000000e+00,0.000000000000000000e+00,0.000000000000000000e+00,0.000000000000000000e+00,4.095000000000000000e+03,0.000000000000000000e+00
0.000000000000000000e+00,0.000000000000000000e+00,0.000000000000000000e+00,0.000000000000000000e+00,0.000000000000000000e+00,0.000000000000000000e+00
0.000000000000000000e+00,0.000000000000000000e+00,0.000000000000000000e+00,1.600000000000000000e+01,0.000000000000000000e+00,0.000000000000000000e+00
0.000000000000000000e+00,0.000000000000000000e+00,0.000000000000000000e+00,5.360000000000000000e+02,0.000000000000000000e+00,0.000000000000000000e+00
0.000000000000000000e+00,0.000000000000000000e+00,0.000000000000000000e+00,7.840000000000000000e+02,0.000000000000000000e+00,0.000000000000000000e+00
0.000000000000000000e+00,0.000000000000000000e+00,0.000000000000000000e+00,6.670000000000000000e+02,0.000000000000000000e+00,0.000000000000000000e+00
0.000000000000000000e+00,0.000000000000000000e+00,0.000000000000000000e+00,7.200000000000000000e+02,0.000000000000000000e+00,0.000000000000000000e+00
0.000000000000000000e+00,0.000000000000000000e+00,0.000000000000000000e+00,1.104000000000000000e+03,0.000000000000000000e+00,0.000000000000000000e+00
0.000000000000000000e+00,0.000000000000000000e+00,0.000000000000000000e+00,4.095000000000000000e+03,0.000000000000000000e+00,0.000000000000000000e+00
0.000000000000000000e+00,0.000000000000000000e+00,3.840000000000000000e+02,4.095000000000000000e+03,0.000000000000000000e+00,0.000000000000000000e+00
0.000000000000000000e+00,0.000000000000000000e+00,4.095000000000000000e+03,4.095000000000000000e+03,0.000000000000000000e+00,0.000000000000000000e+00
0.000000000000000000e+00,0.000000000000000000e+00,4.095000000000000000e+03,4.095000000000000000e+03,0.000000000000000000e+00,0.000000000000000000e+00
0.000000000000000000e+00,0.000000000000000000e+00,0.000000000000000000e+00,2.560000000000000000e+02,0.000000000000000000e+00,0.000000000000000000e+00
0.000000000000000000e+00,0.000000000000000000e+00,0.000000000000000000e+00,0.000000000000000000e+00,0.000000000000000000e+00,0.000000000000000000e+00
0.000000000000000000e+00,0.000000000000000000e+00,0.000000000000000000e+00,0.000000000000000000e+00,0.000000000000000000e+00,0.000000000000000000e+00
0.000000000000000000e+00,0.000000000000000000e+00,0.000000000000000000e+00,0.000000000000000000e+00,0.000000000000000000e+00,0.000000000000000000e+00
0.000000000000000000e+00,0.000000000000000000e+00,0.000000000000000000e+00,0.000000000000000000e+00,0.000000000000000000e+00,0.000000000000000000e+00
0.000000000000000000e+00,0.000000000000000000e+00,0.000000000000000000e+00,0.000000000000000000e+00,0.000000000000000000e+00,0.000000000000000000e+00
0.000000000000000000e+00,0.000000000000000000e+00,0.000000000000000000e+00,0.000000000000000000e+00,0.000000000000000000e+00,0.000000000000000000e+00
0.000000000000000000e+00,1.493000000000000000e+03,0.000000000000000000e+00,0.000000000000000000e+00,0.000000000000000000e+00,0.000000000000000000e+00
3.300000000000000000e+01,4.095000000000000000e+03,0.000000000000000000e+00,0.000000000000000000e+00,1.200000000000000000e+01,0.000000000000000000e+00
5.090000000000000000e+02,4.095000000000000000e+03,0.000000000000000000e+00,0.000000000000000000e+00,9.900000000000000000e+01,0.000000000000000000e+00
4.095000000000000000e+03,4.095000000000000000e+03,0.000000000000000000e+00,0.000000000000000000e+00,7.480000000000000000e+02,0.000000000000000000e+00
4.095000000000000000e+03,4.095000000000000000e+03,0.000000000000000000e+00,0.000000000000000000e+00,4.095000000000000000e+03,0.000000000000000000e+00
4.095000000000000000e+03,4.095000000000000000e+03,0.000000000000000000e+00,0.000000000000000000e+00,4.095000000000000000e+03,0.000000000000000000e+00
0.000000000000000000e+00,4.095000000000000000e+03,0.000000000000000000e+00,0.000000000000000000e+00,4.095000000000000000e+03,0.000000000000000000e+00
4.095000000000000000e+03,4.095000000000000000e+03,0.000000000000000000e+00,0.000000000000000000e+00,4.095000000000000000e+03,0.000000000000000000e+00
0.000000000000000000e+00,4.095000000000000000e+03,0.000000000000000000e+00,0.000000000000000000e+00,4.095000000000000000e+03,0.000000000000000000e+00
0.000000000000000000e+00,4.095000000000000000e+03,0.000000000000000000e+00,0.000000000000000000e+00,4.095000000000000000e+03,0.000000000000000000e+00
0.000000000000000000e+00,4.095000000000000000e+03,0.000000000000000000e+00,0.000000000000000000e+00,4.095000000000000000e+03,0.000000000000000000e+00
4.095000000000000000e+03,3.914000000000000000e+03,0.000000000000000000e+00,0.000000000000000000e+00,4.095000000000000000e+03,0.000000000000000000e+00
4.095000000000000000e+03,4.095000000000000000e+03,0.000000000000000000e+00,0.000000000000000000e+00,4.095000000000000000e+03,0.000000000000000000e+00
4.095000000000000000e+03,4.095000000000000000e+03,0.000000000000000000e+00,0.000000000000000000e+00,4.095000000000000000e+03,0.000000000000000000e+00
4.095000000000000000e+03,4.095000000000000000e+03,0.000000000000000000e+00,0.000000000000000000e+00,4.095000000000000000e+03,0.000000000000000000e+00
4.095000000000000000e+03,4.095000000000000000e+03,0.000000000000000000e+00,0.000000000000000000e+00,4.095000000000000000e+03,0.000000000000000000e+00
4.095000000000000000e+03,4.095000000000000000e+03,0.000000000000000000e+00,0.000000000000000000e+00,4.095000000000000000e+03,0.000000000000000000e+00
4.095000000000000000e+03,4.095000000000000000e+03,0.000000000000000000e+00,0.000000000000000000e+00,4.095000000000000000e+03,0.000000000000000000e+00
4.095000000000000000e+03,0.000000000000000000e+00,0.000000000000000000e+00,0.000000000000000000e+00,4.870000000000000000e+02,0.000000000000000000e+00
0.000000000000000000e+00,0.000000000000000000e+00,0.000000000000000000e+00,0.000000000000000000e+00,4.095000000000000000e+03,0.000000000000000000e+00
0.000000000000000000e+00,0.000000000000000000e+00,0.000000000000000000e+00,0.000000000000000000e+00,0.000000000000000000e+00,0.000000000000000000e+00
0.000000000000000000e+00,0.000000000000000000e+00,0.000000000000000000e+00,0.000000000000000000e+00,0.000000000000000000e+00,0.000000000000000000e+00
0.000000000000000000e+00,0.000000000000000000e+00,0.000000000000000000e+00,0.000000000000000000e+00,0.000000000000000000e+00,0.000000000000000000e+00
0.000000000000000000e+00,0.000000000000000000e+00,0.000000000000000000e+00,0.000000000000000000e+00,0.000000000000000000e+00,0.000000000000000000e+00
0.000000000000000000e+00,0.000000000000000000e+00,0.000000000000000000e+00,0.000000000000000000e+00,0.000000000000000000e+00,0.000000000000000000e+00
0.000000000000000000e+00,0.000000000000000000e+00,0.000000000000000000e+00,0.000000000000000000e+00,0.000000000000000000e+00,0.000000000000000000e+00
0.000000000000000000e+00,0.000000000000000000e+00,0.000000000000000000e+00,0.000000000000000000e+00,0.000000000000000000e+00,0.000000000000000000e+00
0.000000000000000000e+00,0.000000000000000000e+00,0.000000000000000000e+00,0.000000000000000000e+00,0.000000000000000000e+00,0.000000000000000000e+00
0.000000000000000000e+00,0.000000000000000000e+00,4.100000000000000000e+01,0.000000000000000000e+00,0.000000000000000000e+00,0.000000000000000000e+00
0.000000000000000000e+00,0.000000000000000000e+00,8.700000000000000000e+01,0.000000000000000000e+00,0.000000000000000000e+00,0.000000000000000000e+00
0.000000000000000000e+00,0.000000000000000000e+00,2.110000000000000000e+02,0.000000000000000000e+00,0.000000000000000000e+00,0.000000000000000000e+00
0.000000000000000000e+00,0.000000000000000000e+00,0.000000000000000000e+00,0.000000000000000000e+00,0.000000000000000000e+00,0.000000000000000000e+00
0.000000000000000000e+00,0.000000000000000000e+00,0.000000000000000000e+00,0.000000000000000000e+00,0.000000000000000000e+00,0.000000000000000000e+00
0.000000000000000000e+00,0.000000000000000000e+00,6.200000000000000000e+01,0.000000000000000000e+00,0.000000000000000000e+00,0.000000000000000000e+00
0.000000000000000000e+00,0.000000000000000000e+00,5.400000000000000000e+01,0.000000000000000000e+00,0.000000000000000000e+00,0.000000000000000000e+00
0.000000000000000000e+00,0.000000000000000000e+00,3.100000000000000000e+01,0.000000000000000000e+00,0.000000000000000000e+00,0.000000000000000000e+00
0.000000000000000000e+00,0.000000000000000000e+00,5.800000000000000000e+01,0.000000000000000000e+00,0.000000000000000000e+00,5.500000000000000000e+01
0.000000000000000000e+00,0.000000000000000000e+00,1.600000000000000000e+01,0.000000000000000000e+00,0.000000000000000000e+00,0.000000000000000000e+00
0.000000000000000000e+00,0.000000000000000000e+00,1.800000000000000000e+01,0.000000000000000000e+00,0.000000000000000000e+00,0.000000000000000000e+00
0.000000000000000000e+00,0.000000000000000000e+00,0.000000000000000000e+00,0.000000000000000000e+00,0.000000000000000000e+00,0.000000000000000000e+00
0.000000000000000000e+00,0.000000000000000000e+00,0.000000000000000000e+00,0.000000000000000000e+00,0.000000000000000000e+00,0.000000000000000000e+00
0.000000000000000000e+00,4.095000000000000000e+03,0.000000000000000000e+00,0.000000000000000000e+00,0.000000000000000000e+00,1.686000000000000000e+03
0.000000000000000000e+00,0.000000000000000000e+00,8.700000000000000000e+01,0.000000000000000000e+00,4.260000000000000000e+02,4.095000000000000000e+03
0.000000000000000000e+00,6.600000000000000000e+01,1.600000000000000000e+01,1.100000000000000000e+01,4.095000000000000000e+03,4.095000000000000000e+03
0.000000000000000000e+00,4.095000000000000000e+03,0.000000000000000000e+00,3.690000000000000000e+02,4.095000000000000000e+03,3.950000000000000000e+03
0.000000000000000000e+00,4.095000000000000000e+03,0.000000000000000000e+00,7.000000000000000000e+02,4.095000000000000000e+03,4.095000000000000000e+03
0.000000000000000000e+00,4.095000000000000000e+03,0.000000000000000000e+00,5.630000000000000000e+02,4.095000000000000000e+03,4.095000000000000000e+03
0.000000000000000000e+00,4.095000000000000000e+03,0.000000000000000000e+00,8.800000000000000000e+02,4.095000000000000000e+03,4.095000000000000000e+03
0.000000000000000000e+00,4.095000000000000000e+03,0.000000000000000000e+00,1.056000000000000000e+03,4.095000000000000000e+03,4.095000000000000000e+03
0.000000000000000000e+00,4.095000000000000000e+03,0.000000000000000000e+00,4.095000000000000000e+03,4.095000000000000000e+03,4.095000000000000000e+03
0.000000000000000000e+00,4.095000000000000000e+03,0.000000000000000000e+00,4.095000000000000000e+03,4.095000000000000000e+03,4.095000000000000000e+03
0.000000000000000000e+00,4.095000000000000000e+03,0.000000000000000000e+00,4.095000000000000000e+03,4.095000000000000000e+03,4.095000000000000000e+03
0.000000000000000000e+00,4.095000000000000000e+03,0.000000000000000000e+00,8.470000000000000000e+02,4.095000000000000000e+03,4.095000000000000000e+03
0.000000000000000000e+00,4.095000000000000000e+03,0.000000000000000000e+00,1.470000000000000000e+02,4.095000000000000000e+03,4.095000000000000000e+03
0.000000000000000000e+00,4.095000000000000000e+03,0.000000000000000000e+00,8.400000000000000000e+01,4.095000000000000000e+03,0.000000000000000000e+00
0.000000000000000000e+00,4.095000000000000000e+03,0.000000000000000000e+00,0.000000000000000000e+00,4.095000000000000000e+03,0.000000000000000000e+00
0.000000000000000000e+00,4.095000000000000000e+03,0.000000000000000000e+00,0.000000000000000000e+00,4.095000000000000000e+03,0.000000000000000000e+00
0.000000000000000000e+00,4.095000000000000000e+03,0.000000000000000000e+00,0.000000000000000000e+00,4.095000000000000000e+03,0.000000000000000000e+00
0.000000000000000000e+00,4.079000000000000000e+03,0.000000000000000000e+00,0.000000000000000000e+00,4.095000000000000000e+03,0.000000000000000000e+00
0.000000000000000000e+00,4.095000000000000000e+03,0.000000000000000000e+00,0.000000000000000000e+00,4.095000000000000000e+03,0.000000000000000000e+00
0.000000000000000000e+00,4.095000000000000000e+03,0.000000000000000000e+00,0.000000000000000000e+00,4.095000000000000000e+03,0.000000000000000000e+00
0.000000000000000000e+00,4.095000000000000000e+03,0.000000000000000000e+00,0.000000000000000000e+00,4.095000000000000000e+03,0.000000000000000000e+00
0.000000000000000000e+00,4.095000000000000000e+03,0.000000000000000000e+00,0.000000000000000000e+00,4.095000000000000000e+03,0.000000000000000000e+00
0.000000000000000000e+00,4.095000000000000000e+03,0.000000000000000000e+00,0.000000000000000000e+00,4.095000000000000000e+03,0.000000000000000000e+00
0.000000000000000000e+00,4.095000000000000000e+03,0.000000000000000000e+00,0.000000000000000000e+00,4.095000000000000000e+03,0.000000000000000000e+00
0.000000000000000000e+00,4.063000000000000000e+03,0.000000000000000000e+00,0.000000000000000000e+00,4.095000000000000000e+03,0.000000000000000000e+00
0.000000000000000000e+00,4.095000000000000000e+03,0.000000000000000000e+00,0.000000000000000000e+00,4.095000000000000000e+03,0.000000000000000000e+00
0.000000000000000000e+00,4.095000000000000000e+03,0.000000000000000000e+00,0.000000000000000000e+00,4.095000000000000000e+03,0.000000000000000000e+00
0.000000000000000000e+00,4.095000000000000000e+03,0.000000000000000000e+00,0.000000000000000000e+00,4.095000000000000000e+03,0.000000000000000000e+00
0.000000000000000000e+00,4.095000000000000000e+03,0.000000000000000000e+00,0.000000000000000000e+00,4.095000000000000000e+03,0.000000000000000000e+00
0.000000000000000000e+00,4.095000000000000000e+03,0.000000000000000000e+00,0.000000000000000000e+00,4.095000000000000000e+03,0.000000000000000000e+00
0.000000000000000000e+00,4.095000000000000000e+03,0.000000000000000000e+00,0.000000000000000000e+00,4.095000000000000000e+03,0.000000000000000000e+00
0.000000000000000000e+00,4.095000000000000000e+03,0.000000000000000000e+00,0.000000000000000000e+00,4.095000000000000000e+03,0.000000000000000000e+00
0.000000000000000000e+00,4.095000000000000000e+03,0.000000000000000000e+00,0.000000000000000000e+00,4.095000000000000000e+03,0.000000000000000000e+00
0.000000000000000000e+00,4.095000000000000000e+03,0.000000000000000000e+00,0.000000000000000000e+00,4.095000000000000000e+03,0.000000000000000000e+00
0.000000000000000000e+00,4.095000000000000000e+03,0.000000000000000000e+00,0.000000000000000000e+00,4.095000000000000000e+03,0.000000000000000000e+00
0.000000000000000000e+00,4.095000000000000000e+03,0.000000000000000000e+00,0.000000000000000000e+00,4.095000000000000000e+03,0.000000000000000000e+00
0.000000000000000000e+00,3.951000000000000000e+03,0.000000000000000000e+00,0.000000000000000000e+00,4.095000000000000000e+03,0.000000000000000000e+00
0.000000000000000000e+00,4.095000000000000000e+03,0.000000000000000000e+00,0.000000000000000000e+00,4.095000000000000000e+03,0.000000000000000000e+00
0.000000000000000000e+00,4.095000000000000000e+03,0.000000000000000000e+00,0.000000000000000000e+00,4.095000000000000000e+03,0.000000000000000000e+00
0.000000000000000000e+00,4.095000000000000000e+03,0.000000000000000000e+00,0.000000000000000000e+00,4.095000000000000000e+03,0.000000000000000000e+00
0.000000000000000000e+00,4.095000000000000000e+03,0.000000000000000000e+00,0.000000000000000000e+00,4.095000000000000000e+03,0.000000000000000000e+00
0.000000000000000000e+00,4.095000000000000000e+03,0.000000000000000000e+00,0.000000000000000000e+00,4.095000000000000000e+03,0.000000000000000000e+00
0.000000000000000000e+00,4.095000000000000000e+03,0.000000000000000000e+00,0.000000000000000000e+00,4.095000000000000000e+03,0.000000000000000000e+00
0.000000000000000000e+00,4.095000000000000000e+03,0.000000000000000000e+00,0.000000000000000000e+00,4.095000000000000000e+03,0.000000000000000000e+00
0.000000000000000000e+00,4.095000000000000000e+03,0.000000000000000000e+00,0.000000000000000000e+00,2.379000000000000000e+03,0.000000000000000000e+00
0.000000000000000000e+00,4.095000000000000000e+03,0.000000000000000000e+00,0.000000000000000000e+00,7.400000000000000000e+02,0.000000000000000000e+00
0.000000000000000000e+00,4.095000000000000000e+03,0.000000000000000000e+00,0.000000000000000000e+00,5.070000000000000000e+02,0.000000000000000000e+00
0.000000000000000000e+00,0.000000000000000000e+00,0.000000000000000000e+00,0.000000000000000000e+00,1.720000000000000000e+02,0.000000000000000000e+00
0.000000000000000000e+00,0.000000000000000000e+00,0.000000000000000000e+00,0.000000000000000000e+00,0.000000000000000000e+00,0.000000000000000000e+00
0.000000000000000000e+00,0.000000000000000000e+00,0.000000000000000000e+00,0.000000000000000000e+00,0.000000000000000000e+00,0.000000000000000000e+00
0.000000000000000000e+00,0.000000000000000000e+00,0.000000000000000000e+00,0.000000000000000000e+00,0.000000000000000000e+00,0.000000000000000000e+00
2.400000000000000000e+02,0.000000000000000000e+00,0.000000000000000000e+00,0.000000000000000000e+00,0.000000000000000000e+00,0.000000000000000000e+00
1.100000000000000000e+01,0.000000000000000000e+00,0.000000000000000000e+00,0.000000000000000000e+00,0.000000000000000000e+00,0.000000000000000000e+00
4.095000000000000000e+03,0.000000000000000000e+00,0.000000000000000000e+00,0.000000000000000000e+00,0.000000000000000000e+00,0.000000000000000000e+00
4.095000000000000000e+03,0.000000000000000000e+00,0.000000000000000000e+00,0.000000000000000000e+00,0.000000000000000000e+00,0.000000000000000000e+00
4.095000000000000000e+03,0.000000000000000000e+00,0.000000000000000000e+00,0.000000000000000000e+00,0.000000000000000000e+00,0.000000000000000000e+00
3.905000000000000000e+03,0.000000000000000000e+00,0.000000000000000000e+00,0.000000000000000000e+00,0.000000000000000000e+00,0.000000000000000000e+00
4.095000000000000000e+03,0.000000000000000000e+00,0.000000000000000000e+00,0.000000000000000000e+00,0.000000000000000000e+00,0.000000000000000000e+00
4.095000000000000000e+03,0.000000000000000000e+00,0.000000000000000000e+00,0.000000000000000000e+00,0.000000000000000000e+00,0.000000000000000000e+00
4.095000000000000000e+03,0.000000000000000000e+00,0.000000000000000000e+00,0.000000000000000000e+00,0.000000000000000000e+00,0.000000000000000000e+00
4.095000000000000000e+03,0.000000000000000000e+00,0.000000000000000000e+00,0.000000000000000000e+00,0.000000000000000000e+00,0.000000000000000000e+00
4.095000000000000000e+03,0.000000000000000000e+00,0.000000000000000000e+00,0.000000000000000000e+00,0.000000000000000000e+00,0.000000000000000000e+00
4.095000000000000000e+03,0.000000000000000000e+00,0.000000000000000000e+00,0.000000000000000000e+00,0.000000000000000000e+00,0.000000000000000000e+00
4.095000000000000000e+03,0.000000000000000000e+00,0.000000000000000000e+00,0.000000000000000000e+00,0.000000000000000000e+00,0.000000000000000000e+00
4.095000000000000000e+03,0.000000000000000000e+00,0.000000000000000000e+00,0.000000000000000000e+00,0.000000000000000000e+00,0.000000000000000000e+00
4.095000000000000000e+03,0.000000000000000000e+00,0.000000000000000000e+00,0.000000000000000000e+00,0.000000000000000000e+00,0.000000000000000000e+00
4.095000000000000000e+03,0.000000000000000000e+00,0.000000000000000000e+00,0.000000000000000000e+00,0.000000000000000000e+00,0.000000000000000000e+00
4.095000000000000000e+03,0.000000000000000000e+00,0.000000000000000000e+00,0.000000000000000000e+00,1.584000000000000000e+03,0.000000000000000000e+00
4.095000000000000000e+03,1.100000000000000000e+01,0.000000000000000000e+00,0.000000000000000000e+00,4.095000000000000000e+03,0.000000000000000000e+00
4.095000000000000000e+03,0.000000000000000000e+00,0.000000000000000000e+00,0.000000000000000000e+00,4.095000000000000000e+03,0.000000000000000000e+00
4.095000000000000000e+03,0.000000000000000000e+00,0.000000000000000000e+00,0.000000000000000000e+00,3.888000000000000000e+03,0.000000000000000000e+00
0.000000000000000000e+00,0.000000000000000000e+00,0.000000000000000000e+00,0.000000000000000000e+00,4.095000000000000000e+03,0.000000000000000000e+00
0.000000000000000000e+00,0.000000000000000000e+00,0.000000000000000000e+00,0.000000000000000000e+00,4.095000000000000000e+03,0.000000000000000000e+00
0.000000000000000000e+00,0.000000000000000000e+00,0.000000000000000000e+00,0.000000000000000000e+00,4.095000000000000000e+03,0.000000000000000000e+00
0.000000000000000000e+00,0.000000000000000000e+00,0.000000000000000000e+00,0.000000000000000000e+00,4.095000000000000000e+03,0.000000000000000000e+00
0.000000000000000000e+00,0.000000000000000000e+00,0.000000000000000000e+00,0.000000000000000000e+00,4.095000000000000000e+03,0.000000000000000000e+00
0.000000000000000000e+00,0.000000000000000000e+00,0.000000000000000000e+00,0.000000000000000000e+00,4.095000000000000000e+03,0.000000000000000000e+00
0.000000000000000000e+00,0.000000000000000000e+00,0.000000000000000000e+00,0.000000000000000000e+00,4.095000000000000000e+03,0.000000000000000000e+00
0.000000000000000000e+00,0.000000000000000000e+00,0.000000000000000000e+00,0.000000000000000000e+00,4.095000000000000000e+03,0.000000000000000000e+00
0.000000000000000000e+00,0.000000000000000000e+00,0.000000000000000000e+00,0.000000000000000000e+00,4.095000000000000000e+03,0.000000000000000000e+00
0.000000000000000000e+00,0.000000000000000000e+00,0.000000000000000000e+00,0.000000000000000000e+00,4.095000000000000000e+03,0.000000000000000000e+00
0.000000000000000000e+00,0.000000000000000000e+00,0.000000000000000000e+00,0.000000000000000000e+00,4.095000000000000000e+03,0.000000000000000000e+00
0.000000000000000000e+00,1.570000000000000000e+02,0.000000000000000000e+00,0.000000000000000000e+00,4.095000000000000000e+03,0.000000000000000000e+00
0.000000000000000000e+00,0.000000000000000000e+00,0.000000000000000000e+00,0.000000000000000000e+00,0.000000000000000000e+00,0.000000000000000000e+00
0.000000000000000000e+00,0.000000000000000000e+00,0.000000000000000000e+00,0.000000000000000000e+00,0.000000000000000000e+00,0.000000000000000000e+00
0.000000000000000000e+00,0.000000000000000000e+00,0.000000000000000000e+00,0.000000000000000000e+00,0.000000000000000000e+00,0.000000000000000000e+00
0.000000000000000000e+00,0.000000000000000000e+00,0.000000000000000000e+00,0.000000000000000000e+00,0.000000000000000000e+00,0.000000000000000000e+00
0.000000000000000000e+00,0.000000000000000000e+00,0.000000000000000000e+00,0.000000000000000000e+00,0.000000000000000000e+00,0.000000000000000000e+00
0.000000000000000000e+00,0.000000000000000000e+00,0.000000000000000000e+00,0.000000000000000000e+00,0.000000000000000000e+00,0.000000000000000000e+00
0.000000000000000000e+00,0.000000000000000000e+00,0.000000000000000000e+00,0.000000000000000000e+00,0.000000000000000000e+00,0.000000000000000000e+00
0.000000000000000000e+00,0.000000000000000000e+00,0.000000000000000000e+00,0.000000000000000000e+00,0.000000000000000000e+00,0.000000000000000000e+00
0.000000000000000000e+00,0.000000000000000000e+00,0.000000000000000000e+00,0.000000000000000000e+00,0.000000000000000000e+00,0.000000000000000000e+00
0.000000000000000000e+00,0.000000000000000000e+00,2.870000000000000000e+02,0.000000000000000000e+00,0.000000000000000000e+00,0.000000000000000000e+00
0.000000000000000000e+00,0.000000000000000000e+00,4.095000000000000000e+03,0.000000000000000000e+00,0.000000000000000000e+00,2.270000000000000000e+02
0.000000000000000000e+00,0.000000000000000000e+00,2.700000000000000000e+01,0.000000000000000000e+00,0.000000000000000000e+00,7.610000000000000000e+02
0.000000000000000000e+00,0.000000000000000000e+00,0.000000000000000000e+00,0.000000000000000000e+00,0.000000000000000000e+00,5.760000000000000000e+02
0.000000000000000000e+00,0.000000000000000000e+00,0.000000000000000000e+00,0.000000000000000000e+00,0.000000000000000000e+00,1.659000000000000000e+03
0.000000000000000000e+00,4.095000000000000000e+03,0.000000000000000000e+00,0.000000000000000000e+00,7.610000000000000000e+02,4.095000000000000000e+03
0.000000000000000000e+00,4.095000000000000000e+03,0.000000000000000000e+00,0.000000000000000000e+00,4.095000000000000000e+03,4.095000000000000000e+03
0.000000000000000000e+00,4.095000000000000000e+03,0.000000000000000000e+00,0.000000000000000000e+00,4.095000000000000000e+03,4.095000000000000000e+03
0.000000000000000000e+00,4.095000000000000000e+03,0.000000000000000000e+00,0.000000000000000000e+00,4.095000000000000000e+03,4.095000000000000000e+03
0.000000000000000000e+00,4.095000000000000000e+03,0.000000000000000000e+00,0.000000000000000000e+00,4.095000000000000000e+03,4.095000000000000000e+03
0.000000000000000000e+00,4.095000000000000000e+03,0.000000000000000000e+00,1.700000000000000000e+01,4.095000000000000000e+03,4.095000000000000000e+03
0.000000000000000000e+00,4.095000000000000000e+03,0.000000000000000000e+00,2.930000000000000000e+02,4.095000000000000000e+03,4.095000000000000000e+03
0.000000000000000000e+00,4.095000000000000000e+03,0.000000000000000000e+00,3.020000000000000000e+02,4.095000000000000000e+03,4.095000000000000000e+03
0.000000000000000000e+00,4.095000000000000000e+03,0.000000000000000000e+00,4.620000000000000000e+02,4.095000000000000000e+03,0.000000000000000000e+00
0.000000000000000000e+00,4.095000000000000000e+03,0.000000000000000000e+00,4.220000000000000000e+02,4.095000000000000000e+03,4.095000000000000000e+03
0.000000000000000000e+00,4.095000000000000000e+03,0.000000000000000000e+00,5.460000000000000000e+02,3.994000000000000000e+03,4.095000000000000000e+03
0.000000000000000000e+00,4.095000000000000000e+03,0.000000000000000000e+00,4.510000000000000000e+02,4.095000000000000000e+03,2.240000000000000000e+02
0.000000000000000000e+00,4.095000000000000000e+03,0.000000000000000000e+00,6.240000000000000000e+02,4.095000000000000000e+03,0.000000000000000000e+00
0.000000000000000000e+00,4.095000000000000000e+03,0.000000000000000000e+00,4.380000000000000000e+02,4.095000000000000000e+03,0.000000000000000000e+00
0.000000000000000000e+00,4.095000000000000000e+03,0.000000000000000000e+00,9.000000000000000000e+00,4.095000000000000000e+03,0.000000000000000000e+00
0.000000000000000000e+00,4.095000000000000000e+03,0.000000000000000000e+00,0.000000000000000000e+00,4.095000000000000000e+03,0.000000000000000000e+00
0.000000000000000000e+00,4.095000000000000000e+03,0.000000000000000000e+00,0.000000000000000000e+00,4.095000000000000000e+03,0.000000000000000000e+00
0.000000000000000000e+00,4.095000000000000000e+03,0.000000000000000000e+00,0.000000000000000000e+00,4.095000000000000000e+03,0.000000000000000000e+00
0.000000000000000000e+00,4.095000000000000000e+03,0.000000000000000000e+00,0.000000000000000000e+00,4.095000000000000000e+03,0.000000000000000000e+00
0.000000000000000000e+00,4.095000000000000000e+03,0.000000000000000000e+00,0.000000000000000000e+00,4.095000000000000000e+03,0.000000000000000000e+00
0.000000000000000000e+00,4.095000000000000000e+03,0.000000000000000000e+00,0.000000000000000000e+00,4.095000000000000000e+03,0.000000000000000000e+00
0.000000000000000000e+00,4.095000000000000000e+03,0.000000000000000000e+00,0.000000000000000000e+00,4.095000000000000000e+03,0.000000000000000000e+00
0.000000000000000000e+00,4.095000000000000000e+03,0.000000000000000000e+00,0.000000000000000000e+00,4.095000000000000000e+03,0.000000000000000000e+00
0.000000000000000000e+00,4.095000000000000000e+03,0.000000000000000000e+00,0.000000000000000000e+00,4.095000000000000000e+03,0.000000000000000000e+00
0.000000000000000000e+00,4.095000000000000000e+03,0.000000000000000000e+00,0.000000000000000000e+00,4.095000000000000000e+03,0.000000000000000000e+00
0.000000000000000000e+00,4.095000000000000000e+03,0.000000000000000000e+00,0.000000000000000000e+00,4.095000000000000000e+03,0.000000000000000000e+00
0.000000000000000000e+00,4.095000000000000000e+03,0.000000000000000000e+00,0.000000000000000000e+00,4.095000000000000000e+03,0.000000000000000000e+00
0.000000000000000000e+00,4.095000000000000000e+03,0.000000000000000000e+00,0.000000000000000000e+00,4.095000000000000000e+03,0.000000000000000000e+00
0.000000000000000000e+00,4.048000000000000000e+03,0.000000000000000000e+00,0.000000000000000000e+00,4.095000000000000000e+03,0.000000000000000000e+00
0.000000000000000000e+00,4.095000000000000000e+03,0.000000000000000000e+00,0.000000000000000000e+00,4.095000000000000000e+03,0.000000000000000000e+00
0.000000000000000000e+00,4.095000000000000000e+03,0.000000000000000000e+00,0.000000000000000000e+00,4.095000000000000000e+03,0.000000000000000000e+00
0.000000000000000000e+00,4.095000000000000000e+03,0.000000000000000000e+00,0.000000000000000000e+00,4.095000000000000000e+03,0.000000000000000000e+00
0.000000000000000000e+00,4.073000000000000000e+03,0.000000000000000000e+00,0.000000000000000000e+00,4.095000000000000000e+03,0.000000000000000000e+00
0.000000000000000000e+00,4.095000000000000000e+03,0.000000000000000000e+00,0.000000000000000000e+00,4.095000000000000000e+03,0.000000000000000000e+00
0.000000000000000000e+00,4.095000000000000000e+03,0.000000000000000000e+00,0.000000000000000000e+00,4.095000000000000000e+03,0.000000000000000000e+00
0.000000000000000000e+00,4.095000000000000000e+03,0.000000000000000000e+00,0.000000000000000000e+00,4.095000000000000000e+03,0.000000000000000000e+00
0.000000000000000000e+00,4.095000000000000000e+03,0.000000000000000000e+00,0.000000000000000000e+00,4.095000000000000000e+03,0.000000000000000000e+00
0.000000000000000000e+00,4.095000000000000000e+03,0.000000000000000000e+00,0.000000000000000000e+00,4.095000000000000000e+03,0.000000000000000000e+00
0.000000000000000000e+00,4.095000000000000000e+03,0.000000000000000000e+00,0.000000000000000000e+00,4.095000000000000000e+03,0.000000000000000000e+00
0.000000000000000000e+00,4.095000000000000000e+03,0.000000000000000000e+00,0.000000000000000000e+00,4.095000000000000000e+03,0.000000000000000000e+00
0.000000000000000000e+00,4.005000000000000000e+03,0.000000000000000000e+00,0.000000000000000000e+00,4.095000000000000000e+03,0.000000000000000000e+00
0.000000000000000000e+00,4.095000000000000000e+03,0.000000000000000000e+00,0.000000000000000000e+00,4.095000000000000000e+03,0.000000000000000000e+00
0.000000000000000000e+00,4.095000000000000000e+03,0.000000000000000000e+00,0.000000000000000000e+00,4.095000000000000000e+03,0.000000000000000000e+00
0.000000000000000000e+00,0.000000000000000000e+00,0.000000000000000000e+00,0.000000000000000000e+00,4.095000000000000000e+03,0.000000000000000000e+00
0.000000000000000000e+00,0.000000000000000000e+00,0.000000000000000000e+00,0.000000000000000000e+00,6.850000000000000000e+02,0.000000000000000000e+00
0.000000000000000000e+00,0.000000000000000000e+00,0.000000000000000000e+00,0.000000000000000000e+00,3.900000000000000000e+01,0.000000000000000000e+00
0.000000000000000000e+00,0.000000000000000000e+00,0.000000000000000000e+00,0.000000000000000000e+00,0.000000000000000000e+00,0.000000000000000000e+00
0.000000000000000000e+00,0.000000000000000000e+00,0.000000000000000000e+00,0.000000000000000000e+00,0.000000000000000000e+00,0.000000000000000000e+00
0.000000000000000000e+00,0.000000000000000000e+00,0.000000000000000000e+00,0.000000000000000000e+00,0.000000000000000000e+00,0.000000000000000000e+00
3.300000000000000000e+01,0.000000000000000000e+00,0.000000000000000000e+00,0.000000000000000000e+00,0.000000000000000000e+00,0.000000000000000000e+00
4.095000000000000000e+03,0.000000000000000000e+00,0.000000000000000000e+00,0.000000000000000000e+00,0.000000000000000000e+00,0.000000000000000000e+00
4.095000000000000000e+03,0.000000000000000000e+00,0.000000000000000000e+00,0.000000000000000000e+00,0.000000000000000000e+00,0.000000000000000000e+00
4.095000000000000000e+03,0.000000000000000000e+00,0.000000000000000000e+00,0.000000000000000000e+00,0.000000000000000000e+00,0.000000000000000000e+00
4.095000000000000000e+03,0.000000000000000000e+00,0.000000000000000000e+00,0.000000000000000000e+00,0.000000000000000000e+00,0.000000000000000000e+00
4.095000000000000000e+03,0.000000000000000000e+00,0.000000000000000000e+00,0.000000000000000000e+00,0.000000000000000000e+00,0.000000000000000000e+00
4.095000000000000000e+03,0.000000000000000000e+00,0.000000000000000000e+00,0.000000000000000000e+00,0.000000000000000000e+00,0.000000000000000000e+00
4.095000000000000000e+03,0.000000000000000000e+00,0.000000000000000000e+00,0.000000000000000000e+00,0.000000000000000000e+00,0.000000000000000000e+00
4.090000000000000000e+03,4.095000000000000000e+03,0.000000000000000000e+00,0.000000000000000000e+00,0.000000000000000000e+00,0.000000000000000000e+00
4.095000000000000000e+03,4.095000000000000000e+03,0.000000000000000000e+00,0.000000000000000000e+00,0.000000000000000000e+00,0.000000000000000000e+00
4.095000000000000000e+03,4.095000000000000000e+03,0.000000000000000000e+00,0.000000000000000000e+00,0.000000000000000000e+00,0.000000000000000000e+00
4.095000000000000000e+03,4.095000000000000000e+03,0.000000000000000000e+00,0.000000000000000000e+00,0.000000000000000000e+00,0.000000000000000000e+00
4.095000000000000000e+03,4.095000000000000000e+03,0.000000000000000000e+00,0.000000000000000000e+00,0.000000000000000000e+00,0.000000000000000000e+00
4.095000000000000000e+03,4.095000000000000000e+03,0.000000000000000000e+00,0.000000000000000000e+00,0.000000000000000000e+00,0.000000000000000000e+00
4.095000000000000000e+03,4.095000000000000000e+03,0.000000000000000000e+00,0.000000000000000000e+00,0.000000000000000000e+00,0.000000000000000000e+00
4.031000000000000000e+03,4.095000000000000000e+03,0.000000000000000000e+00,0.000000000000000000e+00,8.640000000000000000e+02,0.000000000000000000e+00
4.095000000000000000e+03,4.095000000000000000e+03,0.000000000000000000e+00,0.000000000000000000e+00,4.095000000000000000e+03,0.000000000000000000e+00
4.095000000000000000e+03,4.095000000000000000e+03,0.000000000000000000e+00,0.000000000000000000e+00,4.095000000000000000e+03,0.000000000000000000e+00
4.095000000000000000e+03,4.095000000000000000e+03,0.000000000000000000e+00,0.000000000000000000e+00,4.095000000000000000e+03,0.000000000000000000e+00
4.095000000000000000e+03,0.000000000000000000e+00,0.000000000000000000e+00,0.000000000000000000e+00,4.095000000000000000e+03,0.000000000000000000e+00
4.095000000000000000e+03,0.000000000000000000e+00,0.000000000000000000e+00,0.000000000000000000e+00,4.095000000000000000e+03,0.000000000000000000e+00
4.095000000000000000e+03,0.000000000000000000e+00,0.000000000000000000e+00,0.000000000000000000e+00,4.095000000000000000e+03,0.000000000000000000e+00
4.095000000000000000e+03,0.000000000000000000e+00,0.000000000000000000e+00,0.000000000000000000e+00,4.095000000000000000e+03,0.000000000000000000e+00
4.095000000000000000e+03,0.000000000000000000e+00,0.000000000000000000e+00,0.000000000000000000e+00,4.095000000000000000e+03,0.000000000000000000e+00
4.095000000000000000e+03,0.000000000000000000e+00,0.000000000000000000e+00,0.000000000000000000e+00,4.095000000000000000e+03,0.000000000000000000e+00
4.095000000000000000e+03,0.000000000000000000e+00,0.000000000000000000e+00,0.000000000000000000e+00,3.988000000000000000e+03,0.000000000000000000e+00
4.095000000000000000e+03,0.000000000000000000e+00,0.000000000000000000e+00,0.000000000000000000e+00,4.095000000000000000e+03,0.000000000000000000e+00
4.095000000000000000e+03,0.000000000000000000e+00,0.000000000000000000e+00,0.000000000000000000e+00,4.095000000000000000e+03,0.000000000000000000e+00
0.000000000000000000e+00,0.000000000000000000e+00,0.000000000000000000e+00,0.000000000000000000e+00,0.000000000000000000e+00,0.000000000000000000e+00
4.095000000000000000e+03,0.000000000000000000e+00,0.000000000000000000e+00,0.000000000000000000e+00,0.000000000000000000e+00,4.000000000000000000e+00
0.000000000000000000e+00,0.000000000000000000e+00,0.000000000000000000e+00,0.000000000000000000e+00,0.000000000000000000e+00,1.540000000000000000e+02
0.000000000000000000e+00,0.000000000000000000e+00,0.000000000000000000e+00,0.000000000000000000e+00,0.000000000000000000e+00,5.000000000000000000e+02
2.980000000000000000e+02,0.000000000000000000e+00,0.000000000000000000e+00,0.000000000000000000e+00,0.000000000000000000e+00,4.600000000000000000e+01
0.000000000000000000e+00,0.000000000000000000e+00,0.000000000000000000e+00,0.000000000000000000e+00,0.000000000000000000e+00,2.900000000000000000e+01
0.000000000000000000e+00,0.000000000000000000e+00,0.000000000000000000e+00,0.000000000000000000e+00,0.000000000000000000e+00,0.000000000000000000e+00
0.000000000000000000e+00,0.000000000000000000e+00,0.000000000000000000e+00,0.000000000000000000e+00,0.000000000000000000e+00,0.000000000000000000e+00
0.000000000000000000e+00,0.000000000000000000e+00,0.000000000000000000e+00,0.000000000000000000e+00,0.000000000000000000e+00,0.000000000000000000e+00
0.000000000000000000e+00,0.000000000000000000e+00,0.000000000000000000e+00,0.000000000000000000e+00,0.000000000000000000e+00,0.000000000000000000e+00
0.000000000000000000e+00,0.000000000000000000e+00,0.000000000000000000e+00,0.000000000000000000e+00,0.000000000000000000e+00,0.000000000000000000e+00
0.000000000000000000e+00,0.000000000000000000e+00,0.000000000000000000e+00,0.000000000000000000e+00,0.000000000000000000e+00,0.000000000000000000e+00
0.000000000000000000e+00,0.000000000000000000e+00,0.000000000000000000e+00,0.000000000000000000e+00,0.000000000000000000e+00,0.000000000000000000e+00
0.000000000000000000e+00,0.000000000000000000e+00,0.000000000000000000e+00,0.000000000000000000e+00,0.000000000000000000e+00,0.000000000000000000e+00
0.000000000000000000e+00,0.000000000000000000e+00,0.000000000000000000e+00,0.000000000000000000e+00,0.000000000000000000e+00,0.000000000000000000e+00
0.000000000000000000e+00,0.000000000000000000e+00,0.000000000000000000e+00,0.000000000000000000e+00,0.000000000000000000e+00,0.000000000000000000e+00
0.000000000000000000e+00,0.000000000000000000e+00,0.000000000000000000e+00,0.000000000000000000e+00,0.000000000000000000e+00,0.000000000000000000e+00
0.000000000000000000e+00,0.000000000000000000e+00,0.000000000000000000e+00,0.000000000000000000e+00,0.000000000000000000e+00,0.000000000000000000e+00
0.000000000000000000e+00,0.000000000000000000e+00,0.000000000000000000e+00,0.000000000000000000e+00,0.000000000000000000e+00,0.000000000000000000e+00
0.000000000000000000e+00,0.000000000000000000e+00,0.000000000000000000e+00,0.000000000000000000e+00,0.000000000000000000e+00,0.000000000000000000e+00
0.000000000000000000e+00,0.000000000000000000e+00,0.000000000000000000e+00,0.000000000000000000e+00,0.000000000000000000e+00,0.000000000000000000e+00
0.000000000000000000e+00,0.000000000000000000e+00,0.000000000000000000e+00,0.000000000000000000e+00,3.970000000000000000e+02,0.000000000000000000e+00
0.000000000000000000e+00,2.800000000000000000e+02,0.000000000000000000e+00,0.000000000000000000e+00,4.095000000000000000e+03,0.000000000000000000e+00
0.000000000000000000e+00,4.095000000000000000e+03,0.000000000000000000e+00,6.620000000000000000e+02,4.095000000000000000e+03,0.000000000000000000e+00
0.000000000000000000e+00,4.095000000000000000e+03,0.000000000000000000e+00,5.630000000000000000e+02,4.095000000000000000e+03,0.000000000000000000e+00
0.000000000000000000e+00,4.095000000000000000e+03,0.000000000000000000e+00,1.074000000000000000e+03,4.095000000000000000e+03,0.000000000000000000e+00
0.000000000000000000e+00,4.095000000000000000e+03,0.000000000000000000e+00,4.095000000000000000e+03,4.095000000000000000e+03,0.000000000000000000e+00
0.000000000000000000e+00,4.095000000000000000e+03,0.000000000000000000e+00,4.095000000000000000e+03,4.095000000000000000e+03,0.000000000000000000e+00
0.000000000000000000e+00,4.095000000000000000e+03,0.000000000000000000e+00,4.095000000000000000e+03,4.095000000000000000e+03,0.000000000000000000e+00
0.000000000000000000e+00,4.095000000000000000e+03,0.000000000000000000e+00,9.080000000000000000e+02,4.095000000000000000e+03,0.000000000000000000e+00
0.000000000000000000e+00,4.095000000000000000e+03,0.000000000000000000e+00,0.000000000000000000e+00,3.927000000000000000e+03,0.000000000000000000e+00
0.000000000000000000e+00,4.095000000000000000e+03,0.000000000000000000e+00,6.210000000000000000e+02,4.095000000000000000e+03,0.000000000000000000e+00
0.000000000000000000e+00,4.095000000000000000e+03,0.000000000000000000e+00,7.420000000000000000e+02,4.095000000000000000e+03,0.000000000000000000e+00
0.000000000000000000e+00,4.095000000000000000e+03,0.000000000000000000e+00,4.095000000000000000e+03,4.015000000000000000e+03,0.000000000000000000e+00
0.000000000000000000e+00,4.095000000000000000e+03,0.000000000000000000e+00,4.095000000000000000e+03,4.095000000000000000e+03,0.000000000000000000e+00
0.000000000000000000e+00,4.095000000000000000e+03,0.000000000000000000e+00,4.095000000000000000e+03,4.095000000000000000e+03,0.000000000000000000e+00
0.000000000000000000e+00,4.095000000000000000e+03,0.000000000000000000e+00,4.095000000000000000e+03,4.095000000000000000e+03,0.000000000000000000e+00
0.000000000000000000e+00,4.095000000000000000e+03,0.000000000000000000e+00,4.095000000000000000e+03,4.095000000000000000e+03,0.000000000000000000e+00
0.000000000000000000e+00,4.095000000000000000e+03,0.000000000000000000e+00,4.095000000000000000e+03,4.095000000000000000e+03,0.000000000000000000e+00
0.000000000000000000e+00,4.095000000000000000e+03,0.000000000000000000e+00,4.095000000000000000e+03,4.095000000000000000e+03,0.000000000000000000e+00
0.000000000000000000e+00,4.095000000000000000e+03,0.000000000000000000e+00,4.095000000000000000e+03,4.095000000000000000e+03,0.000000000000000000e+00
0.000000000000000000e+00,4.095000000000000000e+03,0.000000000000000000e+00,4.095000000000000000e+03,4.095000000000000000e+03,0.000000000000000000e+00
0.000000000000000000e+00,4.095000000000000000e+03,0.000000000000000000e+00,4.095000000000000000e+03,4.095000000000000000e+03,0.000000000000000000e+00
0.000000000000000000e+00,4.095000000000000000e+03,0.000000000000000000e+00,4.095000000000000000e+03,4.095000000000000000e+03,0.000000000000000000e+00
0.000000000000000000e+00,4.095000000000000000e+03,0.000000000000000000e+00,4.095000000000000000e+03,4.095000000000000000e+03,0.000000000000000000e+00
0.000000000000000000e+00,4.095000000000000000e+03,0.000000000000000000e+00,8.070000000000000000e+02,4.095000000000000000e+03,0.000000000000000000e+00
0.000000000000000000e+00,4.095000000000000000e+03,0.000000000000000000e+00,4.095000000000000000e+03,4.095000000000000000e+03,0.000000000000000000e+00
0.000000000000000000e+00,4.095000000000000000e+03,0.000000000000000000e+00,1.294000000000000000e+03,4.095000000000000000e+03,0.000000000000000000e+00
0.000000000000000000e+00,4.095000000000000000e+03,0.000000000000000000e+00,0.000000000000000000e+00,4.095000000000000000e+03,0.000000000000000000e+00
0.000000000000000000e+00,4.095000000000000000e+03,0.000000000000000000e+00,0.000000000000000000e+00,4.050000000000000000e+03,0.000000000000000000e+00
0.000000000000000000e+00,4.095000000000000000e+03,0.000000000000000000e+00,0.000000000000000000e+00,4.095000000000000000e+03,0.000000000000000000e+00
0.000000000000000000e+00,4.095000000000000000e+03,0.000000000000000000e+00,0.000000000000000000e+00,4.095000000000000000e+03,0.000000000000000000e+00
0.000000000000000000e+00,4.095000000000000000e+03,0.000000000000000000e+00,0.000000000000000000e+00,4.095000000000000000e+03,0.000000000000000000e+00
0.000000000000000000e+00,4.095000000000000000e+03,0.000000000000000000e+00,0.000000000000000000e+00,4.095000000000000000e+03,0.000000000000000000e+00
0.000000000000000000e+00,4.095000000000000000e+03,0.000000000000000000e+00,0.000000000000000000e+00,4.095000000000000000e+03,0.000000000000000000e+00
0.000000000000000000e+00,4.095000000000000000e+03,0.000000000000000000e+00,0.000000000000000000e+00,4.095000000000000000e+03,0.000000000000000000e+00
0.000000000000000000e+00,4.095000000000000000e+03,0.000000000000000000e+00,0.000000000000000000e+00,4.095000000000000000e+03,0.000000000000000000e+00
0.000000000000000000e+00,4.095000000000000000e+03,0.000000000000000000e+00,0.000000000000000000e+00,4.095000000000000000e+03,0.000000000000000000e+00
0.000000000000000000e+00,4.095000000000000000e+03,0.000000000000000000e+00,0.000000000000000000e+00,4.095000000000000000e+03,0.000000000000000000e+00
0.000000000000000000e+00,4.095000000000000000e+03,0.000000000000000000e+00,0.000000000000000000e+00,4.095000000000000000e+03,0.000000000000000000e+00
0.000000000000000000e+00,4.095000000000000000e+03,0.000000000000000000e+00,0.000000000000000000e+00,4.095000000000000000e+03,0.000000000000000000e+00
0.000000000000000000e+00,4.095000000000000000e+03,0.000000000000000000e+00,0.000000000000000000e+00,4.095000000000000000e+03,0.000000000000000000e+00
0.000000000000000000e+00,4.095000000000000000e+03,0.000000000000000000e+00,0.000000000000000000e+00,4.095000000000000000e+03,0.000000000000000000e+00
0.000000000000000000e+00,4.095000000000000000e+03,0.000000000000000000e+00,0.000000000000000000e+00,4.095000000000000000e+03,0.000000000000000000e+00
0.000000000000000000e+00,4.095000000000000000e+03,0.000000000000000000e+00,0.000000000000000000e+00,4.095000000000000000e+03,0.000000000000000000e+00
0.000000000000000000e+00,4.095000000000000000e+03,0.000000000000000000e+00,0.000000000000000000e+00,4.095000000000000000e+03,0.000000000000000000e+00
0.000000000000000000e+00,4.095000000000000000e+03,0.000000000000000000e+00,0.000000000000000000e+00,4.095000000000000000e+03,0.000000000000000000e+00
0.000000000000000000e+00,4.095000000000000000e+03,0.000000000000000000e+00,0.000000000000000000e+00,4.095000000000000000e+03,0.000000000000000000e+00
0.000000000000000000e+00,4.095000000000000000e+03,0.000000000000000000e+00,0.000000000000000000e+00,4.095000000000000000e+03,0.000000000000000000e+00
0.000000000000000000e+00,4.095000000000000000e+03,0.000000000000000000e+00,0.000000000000000000e+00,4.095000000000000000e+03,0.000000000000000000e+00
0.000000000000000000e+00,4.095000000000000000e+03,0.000000000000000000e+00,0.000000000000000000e+00,4.095000000000000000e+03,0.000000000000000000e+00
4.095000000000000000e+03,4.095000000000000000e+03,0.000000000000000000e+00,0.000000000000000000e+00,4.095000000000000000e+03,0.000000000000000000e+00
4.095000000000000000e+03,4.095000000000000000e+03,0.000000000000000000e+00,0.000000000000000000e+00,4.095000000000000000e+03,0.000000000000000000e+00
3.951000000000000000e+03,4.095000000000000000e+03,0.000000000000000000e+00,0.000000000000000000e+00,4.095000000000000000e+03,0.000000000000000000e+00
4.039000000000000000e+03,4.095000000000000000e+03,0.000000000000000000e+00,0.000000000000000000e+00,4.095000000000000000e+03,0.000000000000000000e+00
4.095000000000000000e+03,4.095000000000000000e+03,0.000000000000000000e+00,0.000000000000000000e+00,4.095000000000000000e+03,0.000000000000000000e+00
4.095000000000000000e+03,4.095000000000000000e+03,0.000000000000000000e+00,0.000000000000000000e+00,4.095000000000000000e+03,0.000000000000000000e+00
4.095000000000000000e+03,4.095000000000000000e+03,0.000000000000000000e+00,0.000000000000000000e+00,4.095000000000000000e+03,0.000000000000000000e+00
4.095000000000000000e+03,4.095000000000000000e+03,0.000000000000000000e+00,0.000000000000000000e+00,4.095000000000000000e+03,0.000000000000000000e+00
3.931000000000000000e+03,4.095000000000000000e+03,0.000000000000000000e+00,0.000000000000000000e+00,4.095000000000000000e+03,0.000000000000000000e+00
4.095000000000000000e+03,4.095000000000000000e+03,0.000000000000000000e+00,0.000000000000000000e+00,4.095000000000000000e+03,0.000000000000000000e+00
4.095000000000000000e+03,8.480000000000000000e+02,0.000000000000000000e+00,0.000000000000000000e+00,4.095000000000000000e+03,0.000000000000000000e+00
4.095000000000000000e+03,0.000000000000000000e+00,0.000000000000000000e+00,0.000000000000000000e+00,4.510000000000000000e+02,0.000000000000000000e+00
4.095000000000000000e+03,0.000000000000000000e+00,0.000000000000000000e+00,0.000000000000000000e+00,1.040000000000000000e+02,0.000000000000000000e+00
4.095000000000000000e+03,0.000000000000000000e+00,0.000000000000000000e+00,0.000000000000000000e+00,1.800000000000000000e+01,0.000000000000000000e+00
4.095000000000000000e+03,0.000000000000000000e+00,0.000000000000000000e+00,0.000000000000000000e+00,0.000000000000000000e+00,0.000000000000000000e+00
4.095000000000000000e+03,0.000000000000000000e+00,0.000000000000000000e+00,0.000000000000000000e+00,0.000000000000000000e+00,0.000000000000000000e+00
4.095000000000000000e+03,0.000000000000000000e+00,0.000000000000000000e+00,0.000000000000000000e+00,0.000000000000000000e+00,0.000000000000000000e+00
4.095000000000000000e+03,0.000000000000000000e+00,0.000000000000000000e+00,0.000000000000000000e+00,0.000000000000000000e+00,0.000000000000000000e+00
4.095000000000000000e+03,0.000000000000000000e+00,0.000000000000000000e+00,0.000000000000000000e+00,0.000000000000000000e+00,0.000000000000000000e+00
4.095000000000000000e+03,0.000000000000000000e+00,0.000000000000000000e+00,0.000000000000000000e+00,0.000000000000000000e+00,0.000000000000000000e+00
4.095000000000000000e+03,0.000000000000000000e+00,0.000000000000000000e+00,0.000000000000000000e+00,0.000000000000000000e+00,0.000000000000000000e+00
4.095000000000000000e+03,0.000000000000000000e+00,0.000000000000000000e+00,0.000000000000000000e+00,0.000000000000000000e+00,0.000000000000000000e+00
8.900000000000000000e+01,0.000000000000000000e+00,0.000000000000000000e+00,0.000000000000000000e+00,0.000000000000000000e+00,0.000000000000000000e+00
0.000000000000000000e+00,0.000000000000000000e+00,0.000000000000000000e+00,0.000000000000000000e+00,0.000000000000000000e+00,0.000000000000000000e+00
0.000000000000000000e+00,0.000000000000000000e+00,0.000000000000000000e+00,0.000000000000000000e+00,0.000000000000000000e+00,0.000000000000000000e+00
0.000000000000000000e+00,0.000000000000000000e+00,0.000000000000000000e+00,0.000000000000000000e+00,0.000000000000000000e+00,0.000000000000000000e+00
0.000000000000000000e+00,0.000000000000000000e+00,0.000000000000000000e+00,0.000000000000000000e+00,0.000000000000000000e+00,0.000000000000000000e+00
0.000000000000000000e+00,0.000000000000000000e+00,0.000000000000000000e+00,0.000000000000000000e+00,0.000000000000000000e+00,0.000000000000000000e+00
0.000000000000000000e+00,0.000000000000000000e+00,0.000000000000000000e+00,0.000000000000000000e+00,0.000000000000000000e+00,0.000000000000000000e+00
0.000000000000000000e+00,0.000000000000000000e+00,0.000000000000000000e+00,0.000000000000000000e+00,3.200000000000000000e+01,0.000000000000000000e+00
4.095000000000000000e+03,0.000000000000000000e+00,0.000000000000000000e+00,0.000000000000000000e+00,1.315000000000000000e+03,0.000000000000000000e+00
1.730000000000000000e+02,0.000000000000000000e+00,0.000000000000000000e+00,0.000000000000000000e+00,4.095000000000000000e+03,0.000000000000000000e+00
0.000000000000000000e+00,0.000000000000000000e+00,0.000000000000000000e+00,0.000000000000000000e+00,4.095000000000000000e+03,0.000000000000000000e+00
0.000000000000000000e+00,0.000000000000000000e+00,0.000000000000000000e+00,0.000000000000000000e+00,4.095000000000000000e+03,0.000000000000000000e+00
0.000000000000000000e+00,0.000000000000000000e+00,0.000000000000000000e+00,0.000000000000000000e+00,4.095000000000000000e+03,0.000000000000000000e+00
0.000000000000000000e+00,0.000000000000000000e+00,0.000000000000000000e+00,0.000000000000000000e+00,4.095000000000000000e+03,0.000000000000000000e+00
0.000000000000000000e+00,0.000000000000000000e+00,0.000000000000000000e+00,0.000000000000000000e+00,4.095000000000000000e+03,0.000000000000000000e+00
0.000000000000000000e+00,0.000000000000000000e+00,0.000000000000000000e+00,0.000000000000000000e+00,4.095000000000000000e+03,0.000000000000000000e+00
0.000000000000000000e+00,0.000000000000000000e+00,0.000000000000000000e+00,0.000000000000000000e+00,4.095000000000000000e+03,0.000000000000000000e+00
0.000000000000000000e+00,0.000000000000000000e+00,0.000000000000000000e+00,3.930000000000000000e+02,4.095000000000000000e+03,0.000000000000000000e+00
0.000000000000000000e+00,0.000000000000000000e+00,0.000000000000000000e+00,5.910000000000000000e+02,0.000000000000000000e+00,0.000000000000000000e+00
0.000000000000000000e+00,0.000000000000000000e+00,0.000000000000000000e+00,8.210000000000000000e+02,0.000000000000000000e+00,0.000000000000000000e+00
0.000000000000000000e+00,0.000000000000000000e+00,0.000000000000000000e+00,4.430000000000000000e+02,0.000000000000000000e+00,0.000000000000000000e+00
0.000000000000000000e+00,0.000000000000000000e+00,0.000000000000000000e+00,5.570000000000000000e+02,0.000000000000000000e+00,0.000000000000000000e+00
0.000000000000000000e+00,0.000000000000000000e+00,0.000000000000000000e+00,0.000000000000000000e+00,0.000000000000000000e+00,0.000000000000000000e+00
0.000000000000000000e+00,0.000000000000000000e+00,0.000000000000000000e+00,0.000000000000000000e+00,0.000000000000000000e+00,0.000000000000000000e+00
0.000000000000000000e+00,4.095000000000000000e+03,0.000000000000000000e+00,4.590000000000000000e+02,0.000000000000000000e+00,0.000000000000000000e+00
0.000000000000000000e+00,4.095000000000000000e+03,4.095000000000000000e+03,4.000000000000000000e+02,6.800000000000000000e+01,0.000000000000000000e+00
0.000000000000000000e+00,4.095000000000000000e+03,4.095000000000000000e+03,7.310000000000000000e+02,0.000000000000000000e+00,0.000000000000000000e+00
0.000000000000000000e+00,4.095000000000000000e+03,4.095000000000000000e+03,1.084000000000000000e+03,0.000000000000000000e+00,0.000000000000000000e+00
0.000000000000000000e+00,4.095000000000000000e+03,4.095000000000000000e+03,4.095000000000000000e+03,0.000000000000000000e+00,0.000000000000000000e+00
0.000000000000000000e+00,4.095000000000000000e+03,1.010000000000000000e+02,4.095000000000000000e+03,3.700000000000000000e+02,0.000000000000000000e+00
0.000000000000000000e+00,4.095000000000000000e+03,0.000000000000000000e+00,5.290000000000000000e+02,5.380000000000000000e+02,0.000000000000000000e+00
0.000000000000000000e+00,3.849000000000000000e+03,0.000000000000000000e+00,0.000000000000000000e+00,4.095000000000000000e+03,0.000000000000000000e+00
0.000000000000000000e+00,4.095000000000000000e+03,0.000000000000000000e+00,0.000000000000000000e+00,4.095000000000000000e+03,0.000000000000000000e+00
0.000000000000000000e+00,4.095000000000000000e+03,0.000000000000000000e+00,0.000000000000000000e+00,3.998000000000000000e+03,0.000000000000000000e+00
0.000000000000000000e+00,4.095000000000000000e+03,0.000000000000000000e+00,0.000000000000000000e+00,4.095000000000000000e+03,2.000000000000000000e+00
0.000000000000000000e+00,4.095000000000000000e+03,0.000000000000000000e+00,0.000000000000000000e+00,4.095000000000000000e+03,6.000000000000000000e+00
0.000000000000000000e+00,4.095000000000000000e+03,0.000000000000000000e+00,0.000000000000000000e+00,4.095000000000000000e+03,7.700000000000000000e+02
0.000000000000000000e+00,4.095000000000000000e+03,0.000000000000000000e+00,0.000000000000000000e+00,4.095000000000000000e+03,8.950000000000000000e+02
0.000000000000000000e+00,4.095000000000000000e+03,0.000000000000000000e+00,0.000000000000000000e+00,4.095000000000000000e+03,1.119000000000000000e+03
0.000000000000000000e+00,4.095000000000000000e+03,0.000000000000000000e+00,0.000000000000000000e+00,4.095000000000000000e+03,9.370000000000000000e+02
4.095000000000000000e+03,4.095000000000000000e+03,0.000000000000000000e+00,0.000000000000000000e+00,4.095000000000000000e+03,4.095000000000000000e+03
4.095000000000000000e+03,4.095000000000000000e+03,0.000000000000000000e+00,0.000000000000000000e+00,4.095000000000000000e+03,4.095000000000000000e+03
4.095000000000000000e+03,4.087000000000000000e+03,0.000000000000000000e+00,0.000000000000000000e+00,4.095000000000000000e+03,3.967000000000000000e+03
4.095000000000000000e+03,4.095000000000000000e+03,0.000000000000000000e+00,0.000000000000000000e+00,4.095000000000000000e+03,4.095000000000000000e+03
4.095000000000000000e+03,4.095000000000000000e+03,0.000000000000000000e+00,0.000000000000000000e+00,4.095000000000000000e+03,0.000000000000000000e+00
0.000000000000000000e+00,4.095000000000000000e+03,0.000000000000000000e+00,0.000000000000000000e+00,4.095000000000000000e+03,0.000000000000000000e+00
4.095000000000000000e+03,4.095000000000000000e+03,0.000000000000000000e+00,0.000000000000000000e+00,4.095000000000000000e+03,0.000000000000000000e+00
0.000000000000000000e+00,4.095000000000000000e+03,0.000000000000000000e+00,0.000000000000000000e+00,4.095000000000000000e+03,0.000000000000000000e+00
0.000000000000000000e+00,4.095000000000000000e+03,0.000000000000000000e+00,0.000000000000000000e+00,4.095000000000000000e+03,0.000000000000000000e+00
0.000000000000000000e+00,4.095000000000000000e+03,0.000000000000000000e+00,0.000000000000000000e+00,4.095000000000000000e+03,0.000000000000000000e+00
0.000000000000000000e+00,4.095000000000000000e+03,0.000000000000000000e+00,0.000000000000000000e+00,4.095000000000000000e+03,0.000000000000000000e+00
0.000000000000000000e+00,4.095000000000000000e+03,0.000000000000000000e+00,0.000000000000000000e+00,4.095000000000000000e+03,0.000000000000000000e+00
0.000000000000000000e+00,4.095000000000000000e+03,0.000000000000000000e+00,0.000000000000000000e+00,4.095000000000000000e+03,0.000000000000000000e+00
0.000000000000000000e+00,4.095000000000000000e+03,0.000000000000000000e+00,0.000000000000000000e+00,4.095000000000000000e+03,0.000000000000000000e+00
0.000000000000000000e+00,4.095000000000000000e+03,0.000000000000000000e+00,0.000000000000000000e+00,4.095000000000000000e+03,0.000000000000000000e+00
0.000000000000000000e+00,4.095000000000000000e+03,0.000000000000000000e+00,0.000000000000000000e+00,4.095000000000000000e+03,0.000000000000000000e+00
0.000000000000000000e+00,4.095000000000000000e+03,0.000000000000000000e+00,0.000000000000000000e+00,4.095000000000000000e+03,0.000000000000000000e+00
0.000000000000000000e+00,4.095000000000000000e+03,0.000000000000000000e+00,0.000000000000000000e+00,4.095000000000000000e+03,0.000000000000000000e+00
0.000000000000000000e+00,4.095000000000000000e+03,0.000000000000000000e+00,0.000000000000000000e+00,4.095000000000000000e+03,0.000000000000000000e+00
0.000000000000000000e+00,4.095000000000000000e+03,0.000000000000000000e+00,0.000000000000000000e+00,4.095000000000000000e+03,0.000000000000000000e+00
0.000000000000000000e+00,4.095000000000000000e+03,0.000000000000000000e+00,0.000000000000000000e+00,4.095000000000000000e+03,0.000000000000000000e+00
0.000000000000000000e+00,4.095000000000000000e+03,0.000000000000000000e+00,0.000000000000000000e+00,4.095000000000000000e+03,0.000000000000000000e+00
0.000000000000000000e+00,4.095000000000000000e+03,0.000000000000000000e+00,0.000000000000000000e+00,4.095000000000000000e+03,0.000000000000000000e+00
0.000000000000000000e+00,4.095000000000000000e+03,0.000000000000000000e+00,0.000000000000000000e+00,4.067000000000000000e+03,0.000000000000000000e+00
0.000000000000000000e+00,4.095000000000000000e+03,0.000000000000000000e+00,0.000000000000000000e+00,9.310000000000000000e+02,0.000000000000000000e+00
0.000000000000000000e+00,4.095000000000000000e+03,0.000000000000000000e+00,0.000000000000000000e+00,2.400000000000000000e+02,0.000000000000000000e+00
0.000000000000000000e+00,4.095000000000000000e+03,0.000000000000000000e+00,0.000000000000000000e+00,1.600000000000000000e+01,0.000000000000000000e+00
0.000000000000000000e+00,4.095000000000000000e+03,0.000000000000000000e+00,0.000000000000000000e+00,0.000000000000000000e+00,0.000000000000000000e+00
0.000000000000000000e+00,4.095000000000000000e+03,0.000000000000000000e+00,0.000000000000000000e+00,0.000000000000000000e+00,0.000000000000000000e+00
0.000000000000000000e+00,0.000000000000000000e+00,0.000000000000000000e+00,0.000000000000000000e+00,0.000000000000000000e+00,0.000000000000000000e+00
0.000000000000000000e+00,0.000000000000000000e+00,0.000000000000000000e+00,0.000000000000000000e+00,0.000000000000000000e+00,0.000000000000000000e+00
0.000000000000000000e+00,0.000000000000000000e+00,0.000000000000000000e+00,1.000000000000000000e+00,0.000000000000000000e+00,0.000000000000000000e+00
0.000000000000000000e+00,0.000000000000000000e+00,0.000000000000000000e+00,3.020000000000000000e+02,0.000000000000000000e+00,0.000000000000000000e+00
0.000000000000000000e+00,0.000000000000000000e+00,0.000000000000000000e+00,5.090000000000000000e+02,0.000000000000000000e+00,0.000000000000000000e+00
0.000000000000000000e+00,0.000000000000000000e+00,0.000000000000000000e+00,5.510000000000000000e+02,0.000000000000000000e+00,0.000000000000000000e+00
0.000000000000000000e+00,0.000000000000000000e+00,0.000000000000000000e+00,4.780000000000000000e+02,0.000000000000000000e+00,0.000000000000000000e+00
0.000000000000000000e+00,0.000000000000000000e+00,0.000000000000000000e+00,5.890000000000000000e+02,0.000000000000000000e+00,0.000000000000000000e+00
0.000000000000000000e+00,0.000000000000000000e+00,0.000000000000000000e+00,6.670000000000000000e+02,0.000000000000000000e+00,0.000000000000000000e+00
0.000000000000000000e+00,0.000000000000000000e+00,0.000000000000000000e+00,8.000000000000000000e+02,0.000000000000000000e+00,0.000000000000000000e+00
0.000000000000000000e+00,0.000000000000000000e+00,0.000000000000000000e+00,9.900000000000000000e+02,0.000000000000000000e+00,0.000000000000000000e+00
0.000000000000000000e+00,0.000000000000000000e+00,0.000000000000000000e+00,1.067000000000000000e+03,0.000000000000000000e+00,0.000000000000000000e+00
0.000000000000000000e+00,0.000000000000000000e+00,0.000000000000000000e+00,1.249000000000000000e+03,0.000000000000000000e+00,0.000000000000000000e+00
0.000000000000000000e+00,0.000000000000000000e+00,0.000000000000000000e+00,4.095000000000000000e+03,0.000000000000000000e+00,0.000000000000000000e+00
0.000000000000000000e+00,0.000000000000000000e+00,0.000000000000000000e+00,4.095000000000000000e+03,0.000000000000000000e+00,0.000000000000000000e+00
4.095000000000000000e+03,0.000000000000000000e+00,0.000000000000000000e+00,4.095000000000000000e+03,0.000000000000000000e+00,0.000000000000000000e+00
4.095000000000000000e+03,0.000000000000000000e+00,0.000000000000000000e+00,4.095000000000000000e+03,0.000000000000000000e+00,0.000000000000000000e+00
4.095000000000000000e+03,0.000000000000000000e+00,0.000000000000000000e+00,4.095000000000000000e+03,0.000000000000000000e+00,0.000000000000000000e+00
4.095000000000000000e+03,0.000000000000000000e+00,0.000000000000000000e+00,0.000000000000000000e+00,8.200000000000000000e+01,0.000000000000000000e+00
4.095000000000000000e+03,0.000000000000000000e+00,0.000000000000000000e+00,9.190000000000000000e+02,1.299000000000000000e+03,0.000000000000000000e+00
4.095000000000000000e+03,0.000000000000000000e+00,0.000000000000000000e+00,0.000000000000000000e+00,4.095000000000000000e+03,0.000000000000000000e+00
4.095000000000000000e+03,0.000000000000000000e+00,0.000000000000000000e+00,0.000000000000000000e+00,4.095000000000000000e+03,0.000000000000000000e+00
4.095000000000000000e+03,0.000000000000000000e+00,0.000000000000000000e+00,0.000000000000000000e+00,4.095000000000000000e+03,0.000000000000000000e+00
4.095000000000000000e+03,0.000000000000000000e+00,0.000000000000000000e+00,0.000000000000000000e+00,4.095000000000000000e+03,0.000000000000000000e+00
4.095000000000000000e+03,0.000000000000000000e+00,0.000000000000000000e+00,0.000000000000000000e+00,4.095000000000000000e+03,0.000000000000000000e+00
4.095000000000000000e+03,0.000000000000000000e+00,0.000000000000000000e+00,0.000000000000000000e+00,4.095000000000000000e+03,0.000000000000000000e+00
4.095000000000000000e+03,0.000000000000000000e+00,0.000000000000000000e+00,0.000000000000000000e+00,4.095000000000000000e+03,0.000000000000000000e+00
4.095000000000000000e+03,0.000000000000000000e+00,0.000000000000000000e+00,0.000000000000000000e+00,4.095000000000000000e+03,0.000000000000000000e+00
4.095000000000000000e+03,4.095000000000000000e+03,0.000000000000000000e+00,0.000000000000000000e+00,4.095000000000000000e+03,0.000000000000000000e+00
4.095000000000000000e+03,4.095000000000000000e+03,0.000000000000000000e+00,0.000000000000000000e+00,4.095000000000000000e+03,0.000000000000000000e+00
4.700000000000000000e+01,4.095000000000000000e+03,0.000000000000000000e+00,0.000000000000000000e+00,4.095000000000000000e+03,0.000000000000000000e+00
0.000000000000000000e+00,4.095000000000000000e+03,0.000000000000000000e+00,0.000000000000000000e+00,4.095000000000000000e+03,0.000000000000000000e+00
0.000000000000000000e+00,4.095000000000000000e+03,0.000000000000000000e+00,0.000000000000000000e+00,4.095000000000000000e+03,0.000000000000000000e+00
0.000000000000000000e+00,4.095000000000000000e+03,0.000000000000000000e+00,0.000000000000000000e+00,4.095000000000000000e+03,0.000000000000000000e+00
0.000000000000000000e+00,4.095000000000000000e+03,0.000000000000000000e+00,0.000000000000000000e+00,4.095000000000000000e+03,0.000000000000000000e+00
0.000000000000000000e+00,4.095000000000000000e+03,0.000000000000000000e+00,0.000000000000000000e+00,4.095000000000000000e+03,0.000000000000000000e+00
0.000000000000000000e+00,3.959000000000000000e+03,0.000000000000000000e+00,0.000000000000000000e+00,4.095000000000000000e+03,0.000000000000000000e+00
0.000000000000000000e+00,4.095000000000000000e+03,0.000000000000000000e+00,0.000000000000000000e+00,0.000000000000000000e+00,0.000000000000000000e+00
0.000000000000000000e+00,4.095000000000000000e+03,0.000000000000000000e+00,0.000000000000000000e+00,5.330000000000000000e+02,0.000000000000000000e+00
0.000000000000000000e+00,4.095000000000000000e+03,0.000000000000000000e+00,0.000000000000000000e+00,0.000000000000000000e+00,0.000000000000000000e+00
0.000000000000000000e+00,4.095000000000000000e+03,0.000000000000000000e+00,0.000000000000000000e+00,0.000000000000000000e+00,0.000000000000000000e+00
0.000000000000000000e+00,4.095000000000000000e+03,0.000000000000000000e+00,0.000000000000000000e+00,0.000000000000000000e+00,0.000000000000000000e+00
0.000000000000000000e+00,4.095000000000000000e+03,0.000000000000000000e+00,0.000000000000000000e+00,0.000000000000000000e+00,0.000000000000000000e+00
0.000000000000000000e+00,4.095000000000000000e+03,0.000000000000000000e+00,0.000000000000000000e+00,0.000000000000000000e+00,0.000000000000000000e+00
0.000000000000000000e+00,4.095000000000000000e+03,0.000000000000000000e+00,0.000000000000000000e+00,0.000000000000000000e+00,0.000000000000000000e+00
0.000000000000000000e+00,4.095000000000000000e+03,0.000000000000000000e+00,0.000000000000000000e+00,0.000000000000000000e+00,0.000000000000000000e+00
0.000000000000000000e+00,4.095000000000000000e+03,0.000000000000000000e+00,0.000000000000000000e+00,0.000000000000000000e+00,0.000000000000000000e+00
0.000000000000000000e+00,4.095000000000000000e+03,0.000000000000000000e+00,0.000000000000000000e+00,0.000000000000000000e+00,0.000000000000000000e+00
0.000000000000000000e+00,4.095000000000000000e+03,0.000000000000000000e+00,0.000000000000000000e+00,0.000000000000000000e+00,0.000000000000000000e+00
0.000000000000000000e+00,4.095000000000000000e+03,0.000000000000000000e+00,0.000000000000000000e+00,0.000000000000000000e+00,0.000000000000000000e+00
0.000000000000000000e+00,4.095000000000000000e+03,0.000000000000000000e+00,0.000000000000000000e+00,0.000000000000000000e+00,0.000000000000000000e+00
0.000000000000000000e+00,4.095000000000000000e+03,0.000000000000000000e+00,0.000000000000000000e+00,0.000000000000000000e+00,0.000000000000000000e+00
0.000000000000000000e+00,4.095000000000000000e+03,0.000000000000000000e+00,0.000000000000000000e+00,0.000000000000000000e+00,0.000000000000000000e+00
0.000000000000000000e+00,0.000000000000000000e+00,0.000000000000000000e+00,0.000000000000000000e+00,0.000000000000000000e+00,0.000000000000000000e+00
0.000000000000000000e+00,4.095000000000000000e+03,0.000000000000000000e+00,0.000000000000000000e+00,0.000000000000000000e+00,0.000000000000000000e+00
0.000000000000000000e+00,0.000000000000000000e+00,0.000000000000000000e+00,0.000000000000000000e+00,0.000000000000000000e+00,0.000000000000000000e+00
0.000000000000000000e+00,0.000000000000000000e+00,0.000000000000000000e+00,0.000000000000000000e+00,0.000000000000000000e+00,0.000000000000000000e+00
0.000000000000000000e+00,0.000000000000000000e+00,0.000000000000000000e+00,0.000000000000000000e+00,0.000000000000000000e+00,0.000000000000000000e+00
0.000000000000000000e+00,0.000000000000000000e+00,0.000000000000000000e+00,0.000000000000000000e+00,2.190000000000000000e+02,0.000000000000000000e+00
0.000000000000000000e+00,0.000000000000000000e+00,0.000000000000000000e+00,0.000000000000000000e+00,1.535000000000000000e+03,0.000000000000000000e+00
0.000000000000000000e+00,0.000000000000000000e+00,0.000000000000000000e+00,0.000000000000000000e+00,3.898000000000000000e+03,0.000000000000000000e+00
0.000000000000000000e+00,0.000000000000000000e+00,0.000000000000000000e+00,0.000000000000000000e+00,4.095000000000000000e+03,0.000000000000000000e+00
0.000000000000000000e+00,0.000000000000000000e+00,0.000000000000000000e+00,0.000000000000000000e+00,4.095000000000000000e+03,0.000000000000000000e+00
0.000000000000000000e+00,0.000000000000000000e+00,0.000000000000000000e+00,0.000000000000000000e+00,4.095000000000000000e+03,0.000000000000000000e+00
0.000000000000000000e+00,0.000000000000000000e+00,0.000000000000000000e+00,0.000000000000000000e+00,4.095000000000000000e+03,0.000000000000000000e+00
0.000000000000000000e+00,0.000000000000000000e+00,0.000000000000000000e+00,0.000000000000000000e+00,4.095000000000000000e+03,0.000000000000000000e+00
0.000000000000000000e+00,0.000000000000000000e+00,0.000000000000000000e+00,0.000000000000000000e+00,4.095000000000000000e+03,0.000000000000000000e+00
0.000000000000000000e+00,0.000000000000000000e+00,0.000000000000000000e+00,0.000000000000000000e+00,4.095000000000000000e+03,0.000000000000000000e+00
0.000000000000000000e+00,0.000000000000000000e+00,0.000000000000000000e+00,0.000000000000000000e+00,4.095000000000000000e+03,0.000000000000000000e+00
0.000000000000000000e+00,0.000000000000000000e+00,0.000000000000000000e+00,0.000000000000000000e+00,4.095000000000000000e+03,0.000000000000000000e+00
0.000000000000000000e+00,0.000000000000000000e+00,0.000000000000000000e+00,0.000000000000000000e+00,4.095000000000000000e+03,0.000000000000000000e+00
0.000000000000000000e+00,0.000000000000000000e+00,0.000000000000000000e+00,0.000000000000000000e+00,4.095000000000000000e+03,0.000000000000000000e+00
0.000000000000000000e+00,0.000000000000000000e+00,0.000000000000000000e+00,0.000000000000000000e+00,4.095000000000000000e+03,0.000000000000000000e+00
0.000000000000000000e+00,0.000000000000000000e+00,0.000000000000000000e+00,0.000000000000000000e+00,4.095000000000000000e+03,0.000000000000000000e+00
0.000000000000000000e+00,0.000000000000000000e+00,0.000000000000000000e+00,0.000000000000000000e+00,4.095000000000000000e+03,0.000000000000000000e+00
0.000000000000000000e+00,4.095000000000000000e+03,0.000000000000000000e+00,0.000000000000000000e+00,4.095000000000000000e+03,0.000000000000000000e+00
0.000000000000000000e+00,4.095000000000000000e+03,0.000000000000000000e+00,0.000000000000000000e+00,3.941000000000000000e+03,0.000000000000000000e+00
0.000000000000000000e+00,3.974000000000000000e+03,0.000000000000000000e+00,0.000000000000000000e+00,4.095000000000000000e+03,0.000000000000000000e+00
0.000000000000000000e+00,4.095000000000000000e+03,0.000000000000000000e+00,0.000000000000000000e+00,4.095000000000000000e+03,0.000000000000000000e+00
0.000000000000000000e+00,4.095000000000000000e+03,0.000000000000000000e+00,0.000000000000000000e+00,4.095000000000000000e+03,0.000000000000000000e+00
0.000000000000000000e+00,4.095000000000000000e+03,0.000000000000000000e+00,0.000000000000000000e+00,0.000000000000000000e+00,0.000000000000000000e+00
0.000000000000000000e+00,3.856000000000000000e+03,0.000000000000000000e+00,0.000000000000000000e+00,0.000000000000000000e+00,0.000000000000000000e+00
0.000000000000000000e+00,4.095000000000000000e+03,0.000000000000000000e+00,0.000000000000000000e+00,0.000000000000000000e+00,0.000000000000000000e+00
0.000000000000000000e+00,4.095000000000000000e+03,0.000000000000000000e+00,0.000000000000000000e+00,0.000000000000000000e+00,0.000000000000000000e+00
0.000000000000000000e+00,4.095000000000000000e+03,0.000000000000000000e+00,0.000000000000000000e+00,0.000000000000000000e+00,3.300000000000000000e+02
0.000000000000000000e+00,4.095000000000000000e+03,3.630000000000000000e+02,0.000000000000000000e+00,0.000000000000000000e+00,4.095000000000000000e+03
0.000000000000000000e+00,4.095000000000000000e+03,4.095000000000000000e+03,0.000000000000000000e+00,0.000000000000000000e+00,4.095000000000000000e+03
0.000000000000000000e+00,4.095000000000000000e+03,4.095000000000000000e+03,0.000000000000000000e+00,0.000000000000000000e+00,4.095000000000000000e+03
0.000000000000000000e+00,4.095000000000000000e+03,4.095000000000000000e+03,0.000000000000000000e+00,0.000000000000000000e+00,4.095000000000000000e+03
0.000000000000000000e+00,4.095000000000000000e+03,0.000000000000000000e+00,0.000000000000000000e+00,0.000000000000000000e+00,4.095000000000000000e+03
0.000000000000000000e+00,4.095000000000000000e+03,0.000000000000000000e+00,0.000000000000000000e+00,0.000000000000000000e+00,4.095000000000000000e+03
0.000000000000000000e+00,4.095000000000000000e+03,0.000000000000000000e+00,0.000000000000000000e+00,0.000000000000000000e+00,4.095000000000000000e+03
0.000000000000000000e+00,4.095000000000000000e+03,0.000000000000000000e+00,0.000000000000000000e+00,0.000000000000000000e+00,0.000000000000000000e+00
0.000000000000000000e+00,4.095000000000000000e+03,0.000000000000000000e+00,0.000000000000000000e+00,0.000000000000000000e+00,0.000000000000000000e+00
0.000000000000000000e+00,4.095000000000000000e+03,0.000000000000000000e+00,0.000000000000000000e+00,3.370000000000000000e+02,0.000000000000000000e+00
0.000000000000000000e+00,4.095000000000000000e+03,0.000000000000000000e+00,0.000000000000000000e+00,2.260000000000000000e+02,0.000000000000000000e+00
0.000000000000000000e+00,4.095000000000000000e+03,0.000000000000000000e+00,0.000000000000000000e+00,2.550000000000000000e+02,0.000000000000000000e+00
0.000000000000000000e+00,4.095000000000000000e+03,0.000000000000000000e+00,0.000000000000000000e+00,3.090000000000000000e+02,0.000000000000000000e+00
0.000000000000000000e+00,4.095000000000000000e+03,0.000000000000000000e+00,0.000000000000000000e+00,1.550000000000000000e+02,0.000000000000000000e+00
0.000000000000000000e+00,4.095000000000000000e+03,0.000000000000000000e+00,0.000000000000000000e+00,3.980000000000000000e+02,0.000000000000000000e+00
0.000000000000000000e+00,4.095000000000000000e+03,0.000000000000000000e+00,0.000000000000000000e+00,5.110000000000000000e+02,0.000000000000000000e+00
0.000000000000000000e+00,4.095000000000000000e+03,0.000000000000000000e+00,0.000000000000000000e+00,6.400000000000000000e+02,0.000000000000000000e+00
0.000000000000000000e+00,4.095000000000000000e+03,0.000000000000000000e+00,0.000000000000000000e+00,4.095000000000000000e+03,0.000000000000000000e+00
0.000000000000000000e+00,4.095000000000000000e+03,0.000000000000000000e+00,0.000000000000000000e+00,4.095000000000000000e+03,0.000000000000000000e+00
0.000000000000000000e+00,4.095000000000000000e+03,0.000000000000000000e+00,0.000000000000000000e+00,4.095000000000000000e+03,0.000000000000000000e+00
0.000000000000000000e+00,3.961000000000000000e+03,0.000000000000000000e+00,0.000000000000000000e+00,5.220000000000000000e+02,0.000000000000000000e+00
0.000000000000000000e+00,4.095000000000000000e+03,0.000000000000000000e+00,0.000000000000000000e+00,2.330000000000000000e+02,0.000000000000000000e+00
0.000000000000000000e+00,4.095000000000000000e+03,0.000000000000000000e+00,0.000000000000000000e+00,1.750000000000000000e+02,0.000000000000000000e+00
0.000000000000000000e+00,4.095000000000000000e+03,0.000000000000000000e+00,0.000000000000000000e+00,1.110000000000000000e+02,0.000000000000000000e+00
0.000000000000000000e+00,0.000000000000000000e+00,0.000000000000000000e+00,0.000000000000000000e+00,1.750000000000000000e+02,0.000000000000000000e+00
0.000000000000000000e+00,0.000000000000000000e+00,0.000000000000000000e+00,0.000000000000000000e+00,0.000000000000000000e+00,0.000000000000000000e+00
0.000000000000000000e+00,0.000000000000000000e+00,0.000000000000000000e+00,0.000000000000000000e+00,0.000000000000000000e+00,0.000000000000000000e+00
0.000000000000000000e+00,0.000000000000000000e+00,0.000000000000000000e+00,0.000000000000000000e+00,0.000000000000000000e+00,0.000000000000000000e+00
0.000000000000000000e+00,0.000000000000000000e+00,0.000000000000000000e+00,0.000000000000000000e+00,0.000000000000000000e+00,0.000000000000000000e+00
0.000000000000000000e+00,0.000000000000000000e+00,0.000000000000000000e+00,0.000000000000000000e+00,0.000000000000000000e+00,0.000000000000000000e+00
0.000000000000000000e+00,0.000000000000000000e+00,0.000000000000000000e+00,0.000000000000000000e+00,0.000000000000000000e+00,0.000000000000000000e+00
0.000000000000000000e+00,0.000000000000000000e+00,0.000000000000000000e+00,0.000000000000000000e+00,0.000000000000000000e+00,0.000000000000000000e+00
0.000000000000000000e+00,0.000000000000000000e+00,0.000000000000000000e+00,0.000000000000000000e+00,0.000000000000000000e+00,0.000000000000000000e+00
0.000000000000000000e+00,0.000000000000000000e+00,0.000000000000000000e+00,0.000000000000000000e+00,0.000000000000000000e+00,0.000000000000000000e+00
0.000000000000000000e+00,0.000000000000000000e+00,0.000000000000000000e+00,0.000000000000000000e+00,0.000000000000000000e+00,0.000000000000000000e+00
0.000000000000000000e+00,0.000000000000000000e+00,0.000000000000000000e+00,0.000000000000000000e+00,0.000000000000000000e+00,0.000000000000000000e+00
0.000000000000000000e+00,0.000000000000000000e+00,0.000000000000000000e+00,0.000000000000000000e+00,0.000000000000000000e+00,0.000000000000000000e+00
0.000000000000000000e+00,0.000000000000000000e+00,0.000000000000000000e+00,0.000000000000000000e+00,0.000000000000000000e+00,0.000000000000000000e+00
0.000000000000000000e+00,0.000000000000000000e+00,0.000000000000000000e+00,0.000000000000000000e+00,0.000000000000000000e+00,0.000000000000000000e+00
0.000000000000000000e+00,0.000000000000000000e+00,0.000000000000000000e+00,0.000000000000000000e+00,0.000000000000000000e+00,0.000000000000000000e+00
0.000000000000000000e+00,0.000000000000000000e+00,0.000000000000000000e+00,0.000000000000000000e+00,0.000000000000000000e+00,0.000000000000000000e+00
0.000000000000000000e+00,0.000000000000000000e+00,4.095000000000000000e+03,0.000000000000000000e+00,0.000000000000000000e+00,0.000000000000000000e+00
0.000000000000000000e+00,0.000000000000000000e+00,4.095000000000000000e+03,0.000000000000000000e+00,0.000000000000000000e+00,0.000000000000000000e+00
0.000000000000000000e+00,0.000000000000000000e+00,4.095000000000000000e+03,0.000000000000000000e+00,0.000000000000000000e+00,0.000000000000000000e+00
0.000000000000000000e+00,0.000000000000000000e+00,4.095000000000000000e+03,0.000000000000000000e+00,0.000000000000000000e+00,0.000000000000000000e+00
0.000000000000000000e+00,0.000000000000000000e+00,4.095000000000000000e+03,0.000000000000000000e+00,0.000000000000000000e+00,0.000000000000000000e+00
0.000000000000000000e+00,0.000000000000000000e+00,4.016000000000000000e+03,0.000000000000000000e+00,0.000000000000000000e+00,0.000000000000000000e+00
0.000000000000000000e+00,0.000000000000000000e+00,4.095000000000000000e+03,0.000000000000000000e+00,0.000000000000000000e+00,0.000000000000000000e+00
0.000000000000000000e+00,0.000000000000000000e+00,4.095000000000000000e+03,0.000000000000000000e+00,0.000000000000000000e+00,0.000000000000000000e+00
0.000000000000000000e+00,0.000000000000000000e+00,4.095000000000000000e+03,0.000000000000000000e+00,0.000000000000000000e+00,0.000000000000000000e+00
0.000000000000000000e+00,0.000000000000000000e+00,4.095000000000000000e+03,0.000000000000000000e+00,0.000000000000000000e+00,0.000000000000000000e+00
0.000000000000000000e+00,0.000000000000000000e+00,4.095000000000000000e+03,0.000000000000000000e+00,0.000000000000000000e+00,0.000000000000000000e+00
0.000000000000000000e+00,0.000000000000000000e+00,4.095000000000000000e+03,0.000000000000000000e+00,0.000000000000000000e+00,0.000000000000000000e+00
0.000000000000000000e+00,0.000000000000000000e+00,4.095000000000000000e+03,0.000000000000000000e+00,0.000000000000000000e+00,0.000000000000000000e+00
0.000000000000000000e+00,0.000000000000000000e+00,4.095000000000000000e+03,0.000000000000000000e+00,0.000000000000000000e+00,0.000000000000000000e+00
0.000000000000000000e+00,0.000000000000000000e+00,4.095000000000000000e+03,1.990000000000000000e+02,0.000000000000000000e+00,0.000000000000000000e+00
0.000000000000000000e+00,0.000000000000000000e+00,4.095000000000000000e+03,0.000000000000000000e+00,0.000000000000000000e+00,0.000000000000000000e+00
0.000000000000000000e+00,0.000000000000000000e+00,4.095000000000000000e+03,0.000000000000000000e+00,0.000000000000000000e+00,0.000000000000000000e+00
0.000000000000000000e+00,0.000000000000000000e+00,0.000000000000000000e+00,6.700000000000000000e+01,0.000000000000000000e+00,3.000000000000000000e+02
0.000000000000000000e+00,0.000000000000000000e+00,4.095000000000000000e+03,5.430000000000000000e+02,0.000000000000000000e+00,3.000000000000000000e+00
0.000000000000000000e+00,2.080000000000000000e+02,4.095000000000000000e+03,6.170000000000000000e+02,7.250000000000000000e+02,4.095000000000000000e+03
0.000000000000000000e+00,4.095000000000000000e+03,4.095000000000000000e+03,5.440000000000000000e+02,4.095000000000000000e+03,1.134000000000000000e+03
0.000000000000000000e+00,4.095000000000000000e+03,4.095000000000000000e+03,4.550000000000000000e+02,4.095000000000000000e+03,1.691000000000000000e+03
0.000000000000000000e+00,4.095000000000000000e+03,4.095000000000000000e+03,6.480000000000000000e+02,4.095000000000000000e+03,8.690000000000000000e+02
0.000000000000000000e+00,4.095000000000000000e+03,0.000000000000000000e+00,6.440000000000000000e+02,4.095000000000000000e+03,1.023000000000000000e+03
0.000000000000000000e+00,4.095000000000000000e+03,0.000000000000000000e+00,8.220000000000000000e+02,4.095000000000000000e+03,4.095000000000000000e+03
0.000000000000000000e+00,4.095000000000000000e+03,0.000000000000000000e+00,1.147000000000000000e+03,4.095000000000000000e+03,4.095000000000000000e+03
0.000000000000000000e+00,4.095000000000000000e+03,0.000000000000000000e+00,4.095000000000000000e+03,4.095000000000000000e+03,4.095000000000000000e+03
0.000000000000000000e+00,3.858000000000000000e+03,0.000000000000000000e+00,4.095000000000000000e+03,4.095000000000000000e+03,4.095000000000000000e+03
0.000000000000000000e+00,4.095000000000000000e+03,0.000000000000000000e+00,4.095000000000000000e+03,4.095000000000000000e+03,4.095000000000000000e+03
0.000000000000000000e+00,4.095000000000000000e+03,0.000000000000000000e+00,4.095000000000000000e+03,4.095000000000000000e+03,4.095000000000000000e+03
0.000000000000000000e+00,4.095000000000000000e+03,0.000000000000000000e+00,4.095000000000000000e+03,4.095000000000000000e+03,4.095000000000000000e+03
0.000000000000000000e+00,4.095000000000000000e+03,0.000000000000000000e+00,1.077000000000000000e+03,4.095000000000000000e+03,4.095000000000000000e+03
0.000000000000000000e+00,4.095000000000000000e+03,0.000000000000000000e+00,4.320000000000000000e+02,4.095000000000000000e+03,4.095000000000000000e+03
0.000000000000000000e+00,4.095000000000000000e+03,0.000000000000000000e+00,0.000000000000000000e+00,4.095000000000000000e+03,4.095000000000000000e+03
0.000000000000000000e+00,4.095000000000000000e+03,0.000000000000000000e+00,0.000000000000000000e+00,4.095000000000000000e+03,4.095000000000000000e+03
0.000000000000000000e+00,4.095000000000000000e+03,0.000000000000000000e+00,0.000000000000000000e+00,4.095000000000000000e+03,4.095000000000000000e+03
0.000000000000000000e+00,4.095000000000000000e+03,0.000000000000000000e+00,0.000000000000000000e+00,4.095000000000000000e+03,4.095000000000000000e+03
0.000000000000000000e+00,4.095000000000000000e+03,0.000000000000000000e+00,0.000000000000000000e+00,4.095000000000000000e+03,4.095000000000000000e+03
0.000000000000000000e+00,4.095000000000000000e+03,0.000000000000000000e+00,0.000000000000000000e+00,4.095000000000000000e+03,0.000000000000000000e+00
0.000000000000000000e+00,4.095000000000000000e+03,0.000000000000000000e+00,0.000000000000000000e+00,4.095000000000000000e+03,4.095000000000000000e+03
0.000000000000000000e+00,4.095000000000000000e+03,0.000000000000000000e+00,0.000000000000000000e+00,4.095000000000000000e+03,4.095000000000000000e+03
0.000000000000000000e+00,4.095000000000000000e+03,0.000000000000000000e+00,0.000000000000000000e+00,4.095000000000000000e+03,9.550000000000000000e+02
0.000000000000000000e+00,4.095000000000000000e+03,0.000000000000000000e+00,0.000000000000000000e+00,4.095000000000000000e+03,7.990000000000000000e+02
0.000000000000000000e+00,4.095000000000000000e+03,0.000000000000000000e+00,0.000000000000000000e+00,4.095000000000000000e+03,7.980000000000000000e+02
0.000000000000000000e+00,4.095000000000000000e+03,0.000000000000000000e+00,0.000000000000000000e+00,4.041000000000000000e+03,8.380000000000000000e+02
0.000000000000000000e+00,4.095000000000000000e+03,0.000000000000000000e+00,0.000000000000000000e+00,4.095000000000000000e+03,7.000000000000000000e+02
0.000000000000000000e+00,4.095000000000000000e+03,0.000000000000000000e+00,0.000000000000000000e+00,4.095000000000000000e+03,4.900000000000000000e+02
0.000000000000000000e+00,4.095000000000000000e+03,0.000000000000000000e+00,0.000000000000000000e+00,4.095000000000000000e+03,6.140000000000000000e+02
0.000000000000000000e+00,4.095000000000000000e+03,0.000000000000000000e+00,0.000000000000000000e+00,4.095000000000000000e+03,5.760000000000000000e+02
0.000000000000000000e+00,4.095000000000000000e+03,0.000000000000000000e+00,0.000000000000000000e+00,4.095000000000000000e+03,4.130000000000000000e+02
0.000000000000000000e+00,4.095000000000000000e+03,0.000000000000000000e+00,0.000000000000000000e+00,4.095000000000000000e+03,4.800000000000000000e+02
0.000000000000000000e+00,4.095000000000000000e+03,0.000000000000000000e+00,0.000000000000000000e+00,4.095000000000000000e+03,3.360000000000000000e+02
0.000000000000000000e+00,4.095000000000000000e+03,0.000000000000000000e+00,0.000000000000000000e+00,4.095000000000000000e+03,2.050000000000000000e+02
0.000000000000000000e+00,4.095000000000000000e+03,0.000000000000000000e+00,0.000000000000000000e+00,4.095000000000000000e+03,0.000000000000000000e+00
0.000000000000000000e+00,4.095000000000000000e+03,0.000000000000000000e+00,0.000000000000000000e+00,4.095000000000000000e+03,0.000000000000000000e+00
0.000000000000000000e+00,4.095000000000000000e+03,0.000000000000000000e+00,0.000000000000000000e+00,4.095000000000000000e+03,0.000000000000000000e+00
0.000000000000000000e+00,4.095000000000000000e+03,0.000000000000000000e+00,0.000000000000000000e+00,4.095000000000000000e+03,0.000000000000000000e+00
0.000000000000000000e+00,4.095000000000000000e+03,0.000000000000000000e+00,0.000000000000000000e+00,4.095000000000000000e+03,0.000000000000000000e+00
0.000000000000000000e+00,4.095000000000000000e+03,0.000000000000000000e+00,0.000000000000000000e+00,4.095000000000000000e+03,0.000000000000000000e+00
0.000000000000000000e+00,4.095000000000000000e+03,0.000000000000000000e+00,0.000000000000000000e+00,4.095000000000000000e+03,0.000000000000000000e+00
0.000000000000000000e+00,4.095000000000000000e+03,0.000000000000000000e+00,0.000000000000000000e+00,2.421000000000000000e+03,0.000000000000000000e+00
0.000000000000000000e+00,4.095000000000000000e+03,0.000000000000000000e+00,0.000000000000000000e+00,4.095000000000000000e+03,0.000000000000000000e+00
0.000000000000000000e+00,4.095000000000000000e+03,0.000000000000000000e+00,0.000000000000000000e+00,4.095000000000000000e+03,0.000000000000000000e+00
0.000000000000000000e+00,4.095000000000000000e+03,0.000000000000000000e+00,0.000000000000000000e+00,4.095000000000000000e+03,0.000000000000000000e+00
0.000000000000000000e+00,4.095000000000000000e+03,0.000000000000000000e+00,0.000000000000000000e+00,4.095000000000000000e+03,0.000000000000000000e+00
0.000000000000000000e+00,4.095000000000000000e+03,0.000000000000000000e+00,0.000000000000000000e+00,3.570000000000000000e+02,0.000000000000000000e+00
0.000000000000000000e+00,4.095000000000000000e+03,0.000000000000000000e+00,0.000000000000000000e+00,2.190000000000000000e+02,0.000000000000000000e+00
0.000000000000000000e+00,4.095000000000000000e+03,0.000000000000000000e+00,0.000000000000000000e+00,0.000000000000000000e+00,0.000000000000000000e+00
4.095000000000000000e+03,0.000000000000000000e+00,0.000000000000000000e+00,0.000000000000000000e+00,0.000000000000000000e+00,0.000000000000000000e+00
4.095000000000000000e+03,0.000000000000000000e+00,0.000000000000000000e+00,4.300000000000000000e+01,0.000000000000000000e+00,0.000000000000000000e+00
4.095000000000000000e+03,0.000000000000000000e+00,0.000000000000000000e+00,4.000000000000000000e+02,0.000000000000000000e+00,0.000000000000000000e+00
4.095000000000000000e+03,0.000000000000000000e+00,0.000000000000000000e+00,6.260000000000000000e+02,0.000000000000000000e+00,0.000000000000000000e+00
4.095000000000000000e+03,4.063000000000000000e+03,0.000000000000000000e+00,7.770000000000000000e+02,0.000000000000000000e+00,0.000000000000000000e+00
4.095000000000000000e+03,4.095000000000000000e+03,0.000000000000000000e+00,5.080000000000000000e+02,0.000000000000000000e+00,0.000000000000000000e+00
4.095000000000000000e+03,4.095000000000000000e+03,4.095000000000000000e+03,9.480000000000000000e+02,0.000000000000000000e+00,0.000000000000000000e+00
4.095000000000000000e+03,4.095000000000000000e+03,4.095000000000000000e+03,1.035000000000000000e+03,4.095000000000000000e+03,0.000000000000000000e+00
4.095000000000000000e+03,4.095000000000000000e+03,4.095000000000000000e+03,4.095000000000000000e+03,4.095000000000000000e+03,1.065000000000000000e+03
4.095000000000000000e+03,4.095000000000000000e+03,4.095000000000000000e+03,4.095000000000000000e+03,4.095000000000000000e+03,4.095000000000000000e+03
4.095000000000000000e+03,4.095000000000000000e+03,4.095000000000000000e+03,4.095000000000000000e+03,4.095000000000000000e+03,4.095000000000000000e+03
4.095000000000000000e+03,4.095000000000000000e+03,4.095000000000000000e+03,4.095000000000000000e+03,4.095000000000000000e+03,4.095000000000000000e+03
4.095000000000000000e+03,4.095000000000000000e+03,4.095000000000000000e+03,4.095000000000000000e+03,4.095000000000000000e+03,4.095000000000000000e+03
4.095000000000000000e+03,4.095000000000000000e+03,4.095000000000000000e+03,4.095000000000000000e+03,4.095000000000000000e+03,4.095000000000000000e+03
4.095000000000000000e+03,4.095000000000000000e+03,4.095000000000000000e+03,4.095000000000000000e+03,4.095000000000000000e+03,4.095000000000000000e+03
4.095000000000000000e+03,4.095000000000000000e+03,4.095000000000000000e+03,4.095000000000000000e+03,4.095000000000000000e+03,4.095000000000000000e+03
4.095000000000000000e+03,4.095000000000000000e+03,4.095000000000000000e+03,4.095000000000000000e+03,4.095000000000000000e+03,4.095000000000000000e+03
4.095000000000000000e+03,4.095000000000000000e+03,4.095000000000000000e+03,4.095000000000000000e+03,4.095000000000000000e+03,4.095000000000000000e+03
4.095000000000000000e+03,4.095000000000000000e+03,4.095000000000000000e+03,4.095000000000000000e+03,4.095000000000000000e+03,4.095000000000000000e+03
4.095000000000000000e+03,4.095000000000000000e+03,4.095000000000000000e+03,4.095000000000000000e+03,4.095000000000000000e+03,4.095000000000000000e+03
4.095000000000000000e+03,4.095000000000000000e+03,4.095000000000000000e+03,4.095000000000000000e+03,4.095000000000000000e+03,4.095000000000000000e+03
4.095000000000000000e+03,4.095000000000000000e+03,4.095000000000000000e+03,4.095000000000000000e+03,4.095000000000000000e+03,4.095000000000000000e+03
4.095000000000000000e+03,4.095000000000000000e+03,4.095000000000000000e+03,4.095000000000000000e+03,4.095000000000000000e+03,4.095000000000000000e+03
4.095000000000000000e+03,4.095000000000000000e+03,4.095000000000000000e+03,4.095000000000000000e+03,4.095000000000000000e+03,4.095000000000000000e+03
4.095000000000000000e+03,3.873000000000000000e+03,4.095000000000000000e+03,4.095000000000000000e+03,4.095000000000000000e+03,4.095000000000000000e+03
4.095000000000000000e+03,4.095000000000000000e+03,4.095000000000000000e+03,4.095000000000000000e+03,4.095000000000000000e+03,4.095000000000000000e+03
4.095000000000000000e+03,4.095000000000000000e+03,4.095000000000000000e+03,4.095000000000000000e+03,4.095000000000000000e+03,4.095000000000000000e+03
4.095000000000000000e+03,4.095000000000000000e+03,4.095000000000000000e+03,4.095000000000000000e+03,4.095000000000000000e+03,4.095000000000000000e+03
4.095000000000000000e+03,4.095000000000000000e+03,4.095000000000000000e+03,4.095000000000000000e+03,4.095000000000000000e+03,3.931000000000000000e+03
4.095000000000000000e+03,4.095000000000000000e+03,4.095000000000000000e+03,4.095000000000000000e+03,4.095000000000000000e+03,4.095000000000000000e+03
4.095000000000000000e+03,4.095000000000000000e+03,4.095000000000000000e+03,4.095000000000000000e+03,4.095000000000000000e+03,4.095000000000000000e+03
4.095000000000000000e+03,4.095000000000000000e+03,4.095000000000000000e+03,4.095000000000000000e+03,4.095000000000000000e+03,4.095000000000000000e+03
4.095000000000000000e+03,4.095000000000000000e+03,4.095000000000000000e+03,4.095000000000000000e+03,4.095000000000000000e+03,4.095000000000000000e+03
4.095000000000000000e+03,4.095000000000000000e+03,4.095000000000000000e+03,4.095000000000000000e+03,4.095000000000000000e+03,4.095000000000000000e+03
4.095000000000000000e+03,4.095000000000000000e+03,4.095000000000000000e+03,4.095000000000000000e+03,4.095000000000000000e+03,4.095000000000000000e+03
4.095000000000000000e+03,4.095000000000000000e+03,4.095000000000000000e+03,4.095000000000000000e+03,4.095000000000000000e+03,4.095000000000000000e+03
4.095000000000000000e+03,4.095000000000000000e+03,4.095000000000000000e+03,4.095000000000000000e+03,4.095000000000000000e+03,4.095000000000000000e+03
4.095000000000000000e+03,4.095000000000000000e+03,4.095000000000000000e+03,4.095000000000000000e+03,4.095000000000000000e+03,4.095000000000000000e+03
4.095000000000000000e+03,4.095000000000000000e+03,4.095000000000000000e+03,4.095000000000000000e+03,4.095000000000000000e+03,4.095000000000000000e+03
4.095000000000000000e+03,4.095000000000000000e+03,4.095000000000000000e+03,4.095000000000000000e+03,4.095000000000000000e+03,4.095000000000000000e+03
4.095000000000000000e+03,4.095000000000000000e+03,4.095000000000000000e+03,4.095000000000000000e+03,4.095000000000000000e+03,4.095000000000000000e+03
4.095000000000000000e+03,4.095000000000000000e+03,4.095000000000000000e+03,4.095000000000000000e+03,4.095000000000000000e+03,4.095000000000000000e+03
4.095000000000000000e+03,4.095000000000000000e+03,4.095000000000000000e+03,4.095000000000000000e+03,4.095000000000000000e+03,4.095000000000000000e+03
4.095000000000000000e+03,4.095000000000000000e+03,4.095000000000000000e+03,4.095000000000000000e+03,4.095000000000000000e+03,4.095000000000000000e+03
4.095000000000000000e+03,4.095000000000000000e+03,4.095000000000000000e+03,4.095000000000000000e+03,4.095000000000000000e+03,4.095000000000000000e+03
4.095000000000000000e+03,4.095000000000000000e+03,4.095000000000000000e+03,4.095000000000000000e+03,4.095000000000000000e+03,4.095000000000000000e+03
4.095000000000000000e+03,4.095000000000000000e+03,4.095000000000000000e+03,4.095000000000000000e+03,4.095000000000000000e+03,4.095000000000000000e+03
4.095000000000000000e+03,3.933000000000000000e+03,4.095000000000000000e+03,4.095000000000000000e+03,4.095000000000000000e+03,4.095000000000000000e+03
4.095000000000000000e+03,4.095000000000000000e+03,4.095000000000000000e+03,4.095000000000000000e+03,4.095000000000000000e+03,4.095000000000000000e+03
4.095000000000000000e+03,4.095000000000000000e+03,4.095000000000000000e+03,4.095000000000000000e+03,4.095000000000000000e+03,4.095000000000000000e+03
4.095000000000000000e+03,4.095000000000000000e+03,4.095000000000000000e+03,4.095000000000000000e+03,4.095000000000000000e+03,4.095000000000000000e+03
4.095000000000000000e+03,4.095000000000000000e+03,4.095000000000000000e+03,4.095000000000000000e+03,4.095000000000000000e+03,4.095000000000000000e+03
4.095000000000000000e+03,4.095000000000000000e+03,4.095000000000000000e+03,4.095000000000000000e+03,4.095000000000000000e+03,4.095000000000000000e+03
4.095000000000000000e+03,4.095000000000000000e+03,4.095000000000000000e+03,4.095000000000000000e+03,4.095000000000000000e+03,4.095000000000000000e+03
4.095000000000000000e+03,4.095000000000000000e+03,4.095000000000000000e+03,4.095000000000000000e+03,4.095000000000000000e+03,4.095000000000000000e+03
4.095000000000000000e+03,4.095000000000000000e+03,4.095000000000000000e+03,4.095000000000000000e+03,4.095000000000000000e+03,4.095000000000000000e+03
4.095000000000000000e+03,4.095000000000000000e+03,4.095000000000000000e+03,4.095000000000000000e+03,4.095000000000000000e+03,4.095000000000000000e+03
4.095000000000000000e+03,4.095000000000000000e+03,4.095000000000000000e+03,4.095000000000000000e+03,4.095000000000000000e+03,4.095000000000000000e+03
4.095000000000000000e+03,4.095000000000000000e+03,4.095000000000000000e+03,4.095000000000000000e+03,4.095000000000000000e+03,4.095000000000000000e+03
4.095000000000000000e+03,4.095000000000000000e+03,4.095000000000000000e+03,4.095000000000000000e+03,4.054000000000000000e+03,4.095000000000000000e+03
4.095000000000000000e+03,4.095000000000000000e+03,4.095000000000000000e+03,4.095000000000000000e+03,4.095000000000000000e+03,4.095000000000000000e+03
4.095000000000000000e+03,4.095000000000000000e+03,4.095000000000000000e+03,4.095000000000000000e+03,4.095000000000000000e+03,4.095000000000000000e+03
4.095000000000000000e+03,4.091000000000000000e+03,4.095000000000000000e+03,4.095000000000000000e+03,4.095000000000000000e+03,4.095000000000000000e+03
3.952000000000000000e+03,4.095000000000000000e+03,4.095000000000000000e+03,4.095000000000000000e+03,4.095000000000000000e+03,4.095000000000000000e+03
4.095000000000000000e+03,4.095000000000000000e+03,4.095000000000000000e+03,4.095000000000000000e+03,4.095000000000000000e+03,4.095000000000000000e+03
4.095000000000000000e+03,4.095000000000000000e+03,4.095000000000000000e+03,4.095000000000000000e+03,4.095000000000000000e+03,4.095000000000000000e+03
4.095000000000000000e+03,4.095000000000000000e+03,4.095000000000000000e+03,4.095000000000000000e+03,4.095000000000000000e+03,4.095000000000000000e+03
4.095000000000000000e+03,4.095000000000000000e+03,4.095000000000000000e+03,4.095000000000000000e+03,4.095000000000000000e+03,4.095000000000000000e+03
4.095000000000000000e+03,4.095000000000000000e+03,4.095000000000000000e+03,4.095000000000000000e+03,4.095000000000000000e+03,4.095000000000000000e+03
4.095000000000000000e+03,4.095000000000000000e+03,4.095000000000000000e+03,4.095000000000000000e+03,4.095000000000000000e+03,4.095000000000000000e+03
4.095000000000000000e+03,4.095000000000000000e+03,4.095000000000000000e+03,4.095000000000000000e+03,4.095000000000000000e+03,4.095000000000000000e+03
4.095000000000000000e+03,4.095000000000000000e+03,4.095000000000000000e+03,4.095000000000000000e+03,4.095000000000000000e+03,4.095000000000000000e+03
4.095000000000000000e+03,4.095000000000000000e+03,4.095000000000000000e+03,4.095000000000000000e+03,4.095000000000000000e+03,4.095000000000000000e+03
4.095000000000000000e+03,4.095000000000000000e+03,4.095000000000000000e+03,4.095000000000000000e+03,4.095000000000000000e+03,4.095000000000000000e+03
4.095000000000000000e+03,4.095000000000000000e+03,4.095000000000000000e+03,4.095000000000000000e+03,4.095000000000000000e+03,4.095000000000000000e+03
4.095000000000000000e+03,4.095000000000000000e+03,4.095000000000000000e+03,4.095000000000000000e+03,4.095000000000000000e+03,4.095000000000000000e+03
4.095000000000000000e+03,4.095000000000000000e+03,4.095000000000000000e+03,4.095000000000000000e+03,4.095000000000000000e+03,4.095000000000000000e+03
4.095000000000000000e+03,4.095000000000000000e+03,4.095000000000000000e+03,4.095000000000000000e+03,4.095000000000000000e+03,4.095000000000000000e+03
4.095000000000000000e+03,4.095000000000000000e+03,4.095000000000000000e+03,4.095000000000000000e+03,4.095000000000000000e+03,4.095000000000000000e+03
4.095000000000000000e+03,4.095000000000000000e+03,4.095000000000000000e+03,4.095000000000000000e+03,4.095000000000000000e+03,4.095000000000000000e+03
4.095000000000000000e+03,4.095000000000000000e+03,4.095000000000000000e+03,4.095000000000000000e+03,4.095000000000000000e+03,4.095000000000000000e+03
4.095000000000000000e+03,4.095000000000000000e+03,4.095000000000000000e+03,4.095000000000000000e+03,4.095000000000000000e+03,4.095000000000000000e+03
4.095000000000000000e+03,4.095000000000000000e+03,4.095000000000000000e+03,4.095000000000000000e+03,4.095000000000000000e+03,4.095000000000000000e+03
4.095000000000000000e+03,4.095000000000000000e+03,4.095000000000000000e+03,4.095000000000000000e+03,4.095000000000000000e+03,4.095000000000000000e+03
4.095000000000000000e+03,4.095000000000000000e+03,4.095000000000000000e+03,4.095000000000000000e+03,4.095000000000000000e+03,4.095000000000000000e+03
4.095000000000000000e+03,4.095000000000000000e+03,4.095000000000000000e+03,4.095000000000000000e+03,4.095000000000000000e+03,4.095000000000000000e+03
4.095000000000000000e+03,4.095000000000000000e+03,4.095000000000000000e+03,4.095000000000000000e+03,4.095000000000000000e+03,4.095000000000000000e+03
4.095000000000000000e+03,4.095000000000000000e+03,4.095000000000000000e+03,4.095000000000000000e+03,4.095000000000000000e+03,4.095000000000000000e+03
4.095000000000000000e+03,4.095000000000000000e+03,4.095000000000000000e+03,4.095000000000000000e+03,4.095000000000000000e+03,4.095000000000000000e+03
4.095000000000000000e+03,4.095000000000000000e+03,4.095000000000000000e+03,4.095000000000000000e+03,4.095000000000000000e+03,4.095000000000000000e+03
4.095000000000000000e+03,4.095000000000000000e+03,4.095000000000000000e+03,4.095000000000000000e+03,4.095000000000000000e+03,4.095000000000000000e+03
4.095000000000000000e+03,4.095000000000000000e+03,4.095000000000000000e+03,4.095000000000000000e+03,4.095000000000000000e+03,4.095000000000000000e+03
4.095000000000000000e+03,4.095000000000000000e+03,4.095000000000000000e+03,4.095000000000000000e+03,4.095000000000000000e+03,4.095000000000000000e+03
4.095000000000000000e+03,4.095000000000000000e+03,4.095000000000000000e+03,4.095000000000000000e+03,4.095000000000000000e+03,4.095000000000000000e+03
3.802000000000000000e+03,4.095000000000000000e+03,4.095000000000000000e+03,4.095000000000000000e+03,4.095000000000000000e+03,4.095000000000000000e+03
4.095000000000000000e+03,4.095000000000000000e+03,4.095000000000000000e+03,4.095000000000000000e+03,4.095000000000000000e+03,4.095000000000000000e+03
4.095000000000000000e+03,4.095000000000000000e+03,4.095000000000000000e+03,4.095000000000000000e+03,4.095000000000000000e+03,4.095000000000000000e+03
4.095000000000000000e+03,4.095000000000000000e+03,4.095000000000000000e+03,4.095000000000000000e+03,4.095000000000000000e+03,4.095000000000000000e+03
4.095000000000000000e+03,4.095000000000000000e+03,4.095000000000000000e+03,4.095000000000000000e+03,4.095000000000000000e+03,4.095000000000000000e+03
4.095000000000000000e+03,4.095000000000000000e+03,4.095000000000000000e+03,4.095000000000000000e+03,4.095000000000000000e+03,4.095000000000000000e+03
4.095000000000000000e+03,4.095000000000000000e+03,4.095000000000000000e+03,4.095000000000000000e+03,4.095000000000000000e+03,4.095000000000000000e+03
4.095000000000000000e+03,4.095000000000000000e+03,4.095000000000000000e+03,4.095000000000000000e+03,4.095000000000000000e+03,4.095000000000000000e+03
4.095000000000000000e+03,4.095000000000000000e+03,4.095000000000000000e+03,4.095000000000000000e+03,4.095000000000000000e+03,4.095000000000000000e+03
4.095000000000000000e+03,4.095000000000000000e+03,4.095000000000000000e+03,4.095000000000000000e+03,4.095000000000000000e+03,4.095000000000000000e+03
4.095000000000000000e+03,4.095000000000000000e+03,4.095000000000000000e+03,4.095000000000000000e+03,4.095000000000000000e+03,4.095000000000000000e+03
4.095000000000000000e+03,4.095000000000000000e+03,4.095000000000000000e+03,4.095000000000000000e+03,4.095000000000000000e+03,4.095000000000000000e+03
4.095000000000000000e+03,4.095000000000000000e+03,4.095000000000000000e+03,4.095000000000000000e+03,4.095000000000000000e+03,4.095000000000000000e+03
4.095000000000000000e+03,4.095000000000000000e+03,4.095000000000000000e+03,4.095000000000000000e+03,4.095000000000000000e+03,4.095000000000000000e+03
4.095000000000000000e+03,4.095000000000000000e+03,4.095000000000000000e+03,4.095000000000000000e+03,4.095000000000000000e+03,4.095000000000000000e+03
4.095000000000000000e+03,4.095000000000000000e+03,4.095000000000000000e+03,4.095000000000000000e+03,4.095000000000000000e+03,4.095000000000000000e+03
4.095000000000000000e+03,4.095000000000000000e+03,4.095000000000000000e+03,4.095000000000000000e+03,4.095000000000000000e+03,4.095000000000000000e+03
4.095000000000000000e+03,4.095000000000000000e+03,4.095000000000000000e+03,4.095000000000000000e+03,4.095000000000000000e+03,4.095000000000000000e+03
4.095000000000000000e+03,4.095000000000000000e+03,4.095000000000000000e+03,4.095000000000000000e+03,4.095000000000000000e+03,4.095000000000000000e+03
4.095000000000000000e+03,4.095000000000000000e+03,4.095000000000000000e+03,4.095000000000000000e+03,4.095000000000000000e+03,4.095000000000000000e+03
4.095000000000000000e+03,4.095000000000000000e+03,4.095000000000000000e+03,4.095000000000000000e+03,4.095000000000000000e+03,4.095000000000000000e+03
3.889000000000000000e+03,4.095000000000000000e+03,4.095000000000000000e+03,4.095000000000000000e+03,4.095000000000000000e+03,4.095000000000000000e+03
4.095000000000000000e+03,4.095000000000000000e+03,4.095000000000000000e+03,4.095000000000000000e+03,4.095000000000000000e+03,4.095000000000000000e+03
4.095000000000000000e+03,4.095000000000000000e+03,4.095000000000000000e+03,4.095000000000000000e+03,4.095000000000000000e+03,4.095000000000000000e+03
4.095000000000000000e+03,4.095000000000000000e+03,4.095000000000000000e+03,4.095000000000000000e+03,4.095000000000000000e+03,4.095000000000000000e+03
4.095000000000000000e+03,4.035000000000000000e+03,4.095000000000000000e+03,4.095000000000000000e+03,4.095000000000000000e+03,4.095000000000000000e+03
4.095000000000000000e+03,4.095000000000000000e+03,4.095000000000000000e+03,4.095000000000000000e+03,4.095000000000000000e+03,4.095000000000000000e+03
4.095000000000000000e+03,4.095000000000000000e+03,4.095000000000000000e+03,4.095000000000000000e+03,4.095000000000000000e+03,4.095000000000000000e+03
4.095000000000000000e+03,4.095000000000000000e+03,4.095000000000000000e+03,4.095000000000000000e+03,4.095000000000000000e+03,4.095000000000000000e+03
4.095000000000000000e+03,4.095000000000000000e+03,4.095000000000000000e+03,4.095000000000000000e+03,4.095000000000000000e+03,4.095000000000000000e+03
4.095000000000000000e+03,4.095000000000000000e+03,4.095000000000000000e+03,4.095000000000000000e+03,4.095000000000000000e+03,4.095000000000000000e+03
4.095000000000000000e+03,4.095000000000000000e+03,4.095000000000000000e+03,4.095000000000000000e+03,4.095000000000000000e+03,4.095000000000000000e+03
4.095000000000000000e+03,4.095000000000000000e+03,4.095000000000000000e+03,4.095000000000000000e+03,4.095000000000000000e+03,4.095000000000000000e+03
4.095000000000000000e+03,4.095000000000000000e+03,4.095000000000000000e+03,4.095000000000000000e+03,4.095000000000000000e+03,4.095000000000000000e+03
4.095000000000000000e+03,4.095000000000000000e+03,4.095000000000000000e+03,4.095000000000000000e+03,4.095000000000000000e+03,4.095000000000000000e+03
4.095000000000000000e+03,4.095000000000000000e+03,4.095000000000000000e+03,4.095000000000000000e+03,4.095000000000000000e+03,4.095000000000000000e+03
4.095000000000000000e+03,4.095000000000000000e+03,4.095000000000000000e+03,4.095000000000000000e+03,4.095000000000000000e+03,4.095000000000000000e+03
4.095000000000000000e+03,4.095000000000000000e+03,4.095000000000000000e+03,4.095000000000000000e+03,4.095000000000000000e+03,4.095000000000000000e+03
4.095000000000000000e+03,4.095000000000000000e+03,4.095000000000000000e+03,4.095000000000000000e+03,4.095000000000000000e+03,4.095000000000000000e+03
4.095000000000000000e+03,4.095000000000000000e+03,4.095000000000000000e+03,4.095000000000000000e+03,4.095000000000000000e+03,4.095000000000000000e+03
4.095000000000000000e+03,4.095000000000000000e+03,4.095000000000000000e+03,4.095000000000000000e+03,4.079000000000000000e+03,4.095000000000000000e+03
4.095000000000000000e+03,4.095000000000000000e+03,4.095000000000000000e+03,4.095000000000000000e+03,4.095000000000000000e+03,4.095000000000000000e+03
4.095000000000000000e+03,4.095000000000000000e+03,4.095000000000000000e+03,4.095000000000000000e+03,4.095000000000000000e+03,4.095000000000000000e+03
4.095000000000000000e+03,4.095000000000000000e+03,4.095000000000000000e+03,4.095000000000000000e+03,4.095000000000000000e+03,4.095000000000000000e+03
4.095000000000000000e+03,4.095000000000000000e+03,4.095000000000000000e+03,4.095000000000000000e+03,4.095000000000000000e+03,4.095000000000000000e+03
4.093000000000000000e+03,4.095000000000000000e+03,4.095000000000000000e+03,4.095000000000000000e+03,4.095000000000000000e+03,4.095000000000000000e+03
4.095000000000000000e+03,4.095000000000000000e+03,4.095000000000000000e+03,4.095000000000000000e+03,4.095000000000000000e+03,4.095000000000000000e+03
4.095000000000000000e+03,4.095000000000000000e+03,4.095000000000000000e+03,4.095000000000000000e+03,4.095000000000000000e+03,4.095000000000000000e+03
4.095000000000000000e+03,4.095000000000000000e+03,4.095000000000000000e+03,4.095000000000000000e+03,4.095000000000000000e+03,4.095000000000000000e+03
4.095000000000000000e+03,4.095000000000000000e+03,4.095000000000000000e+03,4.095000000000000000e+03,4.095000000000000000e+03,4.095000000000000000e+03
4.095000000000000000e+03,4.095000000000000000e+03,4.095000000000000000e+03,4.095000000000000000e+03,4.095000000000000000e+03,4.095000000000000000e+03
4.095000000000000000e+03,4.095000000000000000e+03,4.095000000000000000e+03,4.095000000000000000e+03,4.095000000000000000e+03,4.095000000000000000e+03
4.095000000000000000e+03,4.095000000000000000e+03,4.095000000000000000e+03,4.095000000000000000e+03,4.095000000000000000e+03,4.095000000000000000e+03
4.095000000000000000e+03,4.095000000000000000e+03,4.095000000000000000e+03,4.095000000000000000e+03,4.095000000000000000e+03,4.095000000000000000e+03
4.095000000000000000e+03,4.095000000000000000e+03,4.095000000000000000e+03,4.095000000000000000e+03,4.089000000000000000e+03,4.095000000000000000e+03
4.095000000000000000e+03,4.095000000000000000e+03,4.095000000000000000e+03,4.095000000000000000e+03,4.095000000000000000e+03,4.095000000000000000e+03
4.095000000000000000e+03,4.095000000000000000e+03,4.095000000000000000e+03,4.095000000000000000e+03,4.095000000000000000e+03,4.095000000000000000e+03
4.095000000000000000e+03,4.095000000000000000e+03,4.095000000000000000e+03,4.095000000000000000e+03,4.095000000000000000e+03,4.095000000000000000e+03
4.095000000000000000e+03,4.095000000000000000e+03,4.095000000000000000e+03,4.095000000000000000e+03,4.095000000000000000e+03,4.095000000000000000e+03
4.095000000000000000e+03,4.095000000000000000e+03,4.095000000000000000e+03,4.095000000000000000e+03,4.095000000000000000e+03,4.095000000000000000e+03
4.095000000000000000e+03,4.095000000000000000e+03,4.095000000000000000e+03,4.095000000000000000e+03,4.095000000000000000e+03,4.095000000000000000e+03
4.095000000000000000e+03,4.095000000000000000e+03,4.095000000000000000e+03,4.095000000000000000e+03,4.095000000000000000e+03,4.095000000000000000e+03
4.095000000000000000e+03,4.095000000000000000e+03,4.095000000000000000e+03,4.095000000000000000e+03,4.095000000000000000e+03,4.095000000000000000e+03
4.095000000000000000e+03,4.095000000000000000e+03,4.095000000000000000e+03,4.095000000000000000e+03,4.095000000000000000e+03,4.095000000000000000e+03
4.095000000000000000e+03,4.095000000000000000e+03,4.095000000000000000e+03,4.095000000000000000e+03,4.095000000000000000e+03,4.095000000000000000e+03
4.095000000000000000e+03,4.095000000000000000e+03,4.095000000000000000e+03,4.095000000000000000e+03,4.095000000000000000e+03,4.095000000000000000e+03
4.095000000000000000e+03,4.095000000000000000e+03,4.095000000000000000e+03,4.095000000000000000e+03,4.095000000000000000e+03,4.095000000000000000e+03
4.095000000000000000e+03,4.095000000000000000e+03,4.095000000000000000e+03,4.095000000000000000e+03,4.095000000000000000e+03,4.095000000000000000e+03
4.095000000000000000e+03,4.095000000000000000e+03,4.095000000000000000e+03,4.095000000000000000e+03,4.095000000000000000e+03,4.095000000000000000e+03
4.095000000000000000e+03,4.095000000000000000e+03,4.095000000000000000e+03,4.095000000000000000e+03,4.095000000000000000e+03,4.095000000000000000e+03
4.095000000000000000e+03,4.095000000000000000e+03,4.095000000000000000e+03,4.095000000000000000e+03,4.095000000000000000e+03,4.095000000000000000e+03
4.095000000000000000e+03,4.095000000000000000e+03,4.095000000000000000e+03,4.095000000000000000e+03,4.095000000000000000e+03,4.095000000000000000e+03
4.095000000000000000e+03,4.095000000000000000e+03,4.095000000000000000e+03,4.095000000000000000e+03,4.095000000000000000e+03,4.095000000000000000e+03
4.095000000000000000e+03,4.095000000000000000e+03,4.095000000000000000e+03,4.095000000000000000e+03,4.095000000000000000e+03,4.095000000000000000e+03
4.095000000000000000e+03,4.095000000000000000e+03,4.095000000000000000e+03,4.095000000000000000e+03,4.095000000000000000e+03,4.095000000000000000e+03
4.095000000000000000e+03,4.095000000000000000e+03,4.095000000000000000e+03,4.095000000000000000e+03,4.095000000000000000e+03,4.095000000000000000e+03
4.095000000000000000e+03,4.095000000000000000e+03,4.095000000000000000e+03,4.095000000000000000e+03,4.095000000000000000e+03,4.095000000000000000e+03
4.095000000000000000e+03,4.095000000000000000e+03,4.095000000000000000e+03,4.095000000000000000e+03,4.095000000000000000e+03,4.095000000000000000e+03
4.095000000000000000e+03,4.095000000000000000e+03,4.095000000000000000e+03,4.095000000000000000e+03,4.095000000000000000e+03,4.095000000000000000e+03
4.095000000000000000e+03,4.095000000000000000e+03,4.095000000000000000e+03,4.095000000000000000e+03,4.095000000000000000e+03,4.095000000000000000e+03
4.095000000000000000e+03,4.095000000000000000e+03,4.095000000000000000e+03,4.095000000000000000e+03,4.095000000000000000e+03,4.095000000000000000e+03
4.095000000000000000e+03,4.095000000000000000e+03,4.095000000000000000e+03,4.095000000000000000e+03,4.095000000000000000e+03,4.095000000000000000e+03
4.095000000000000000e+03,4.095000000000000000e+03,4.095000000000000000e+03,4.095000000000000000e+03,4.095000000000000000e+03,4.095000000000000000e+03
4.095000000000000000e+03,4.095000000000000000e+03,4.095000000000000000e+03,4.095000000000000000e+03,4.095000000000000000e+03,4.095000000000000000e+03
4.095000000000000000e+03,4.095000000000000000e+03,4.095000000000000000e+03,4.095000000000000000e+03,4.095000000000000000e+03,4.095000000000000000e+03
4.095000000000000000e+03,4.095000000000000000e+03,4.095000000000000000e+03,4.095000000000000000e+03,4.095000000000000000e+03,4.095000000000000000e+03
4.095000000000000000e+03,4.095000000000000000e+03,4.095000000000000000e+03,4.095000000000000000e+03,4.095000000000000000e+03,4.095000000000000000e+03
4.095000000000000000e+03,4.095000000000000000e+03,4.095000000000000000e+03,4.095000000000000000e+03,4.095000000000000000e+03,4.095000000000000000e+03
4.095000000000000000e+03,4.095000000000000000e+03,4.095000000000000000e+03,4.095000000000000000e+03,4.095000000000000000e+03,4.095000000000000000e+03
4.095000000000000000e+03,4.095000000000000000e+03,4.095000000000000000e+03,4.095000000000000000e+03,4.095000000000000000e+03,4.095000000000000000e+03
4.095000000000000000e+03,4.095000000000000000e+03,4.095000000000000000e+03,4.095000000000000000e+03,4.095000000000000000e+03,4.095000000000000000e+03
4.095000000000000000e+03,4.095000000000000000e+03,4.095000000000000000e+03,4.095000000000000000e+03,4.095000000000000000e+03,4.095000000000000000e+03
4.095000000000000000e+03,4.095000000000000000e+03,4.095000000000000000e+03,4.095000000000000000e+03,4.095000000000000000e+03,4.095000000000000000e+03
4.095000000000000000e+03,4.095000000000000000e+03,4.095000000000000000e+03,4.095000000000000000e+03,4.095000000000000000e+03,4.095000000000000000e+03
4.095000000000000000e+03,4.095000000000000000e+03,4.095000000000000000e+03,4.095000000000000000e+03,4.095000000000000000e+03,4.095000000000000000e+03
4.095000000000000000e+03,4.095000000000000000e+03,4.095000000000000000e+03,4.095000000000000000e+03,4.095000000000000000e+03,4.095000000000000000e+03
4.095000000000000000e+03,4.095000000000000000e+03,4.095000000000000000e+03,4.095000000000000000e+03,4.095000000000000000e+03,4.095000000000000000e+03
4.095000000000000000e+03,4.095000000000000000e+03,4.095000000000000000e+03,4.095000000000000000e+03,4.095000000000000000e+03,4.095000000000000000e+03
4.095000000000000000e+03,4.095000000000000000e+03,4.095000000000000000e+03,4.095000000000000000e+03,4.095000000000000000e+03,4.095000000000000000e+03
4.095000000000000000e+03,4.095000000000000000e+03,4.095000000000000000e+03,4.095000000000000000e+03,4.095000000000000000e+03,4.095000000000000000e+03
4.095000000000000000e+03,4.095000000000000000e+03,4.095000000000000000e+03,4.095000000000000000e+03,4.095000000000000000e+03,4.095000000000000000e+03
4.095000000000000000e+03,4.095000000000000000e+03,4.095000000000000000e+03,4.095000000000000000e+03,4.095000000000000000e+03,4.095000000000000000e+03
4.095000000000000000e+03,4.095000000000000000e+03,4.095000000000000000e+03,4.095000000000000000e+03,4.095000000000000000e+03,4.095000000000000000e+03
4.017000000000000000e+03,4.095000000000000000e+03,4.095000000000000000e+03,4.095000000000000000e+03,4.095000000000000000e+03,4.095000000000000000e+03
4.095000000000000000e+03,4.095000000000000000e+03,4.095000000000000000e+03,4.095000000000000000e+03,4.095000000000000000e+03,4.095000000000000000e+03
4.095000000000000000e+03,4.095000000000000000e+03,4.095000000000000000e+03,4.095000000000000000e+03,4.095000000000000000e+03,4.095000000000000000e+03
4.095000000000000000e+03,4.095000000000000000e+03,4.095000000000000000e+03,4.095000000000000000e+03,4.095000000000000000e+03,4.095000000000000000e+03
4.095000000000000000e+03,4.095000000000000000e+03,4.095000000000000000e+03,4.095000000000000000e+03,4.095000000000000000e+03,4.095000000000000000e+03
4.095000000000000000e+03,4.022000000000000000e+03,4.095000000000000000e+03,4.047000000000000000e+03,4.095000000000000000e+03,4.095000000000000000e+03
4.095000000000000000e+03,4.095000000000000000e+03,4.095000000000000000e+03,4.095000000000000000e+03,4.095000000000000000e+03,4.095000000000000000e+03
4.095000000000000000e+03,4.095000000000000000e+03,4.095000000000000000e+03,4.095000000000000000e+03,4.095000000000000000e+03,4.095000000000000000e+03
4.095000000000000000e+03,4.095000000000000000e+03,4.095000000000000000e+03,4.095000000000000000e+03,4.095000000000000000e+03,4.095000000000000000e+03
4.095000000000000000e+03,4.095000000000000000e+03,4.095000000000000000e+03,4.095000000000000000e+03,4.095000000000000000e+03,4.095000000000000000e+03
4.095000000000000000e+03,4.095000000000000000e+03,4.095000000000000000e+03,4.095000000000000000e+03,4.095000000000000000e+03,4.095000000000000000e+03
4.095000000000000000e+03,4.095000000000000000e+03,4.095000000000000000e+03,4.095000000000000000e+03,4.095000000000000000e+03,4.095000000000000000e+03
4.095000000000000000e+03,4.095000000000000000e+03,4.095000000000000000e+03,4.095000000000000000e+03,4.095000000000000000e+03,4.095000000000000000e+03
4.095000000000000000e+03,4.095000000000000000e+03,4.095000000000000000e+03,4.095000000000000000e+03,4.095000000000000000e+03,4.095000000000000000e+03
4.095000000000000000e+03,4.095000000000000000e+03,4.095000000000000000e+03,4.095000000000000000e+03,4.095000000000000000e+03,4.095000000000000000e+03
4.095000000000000000e+03,4.095000000000000000e+03,4.095000000000000000e+03,4.095000000000000000e+03,4.095000000000000000e+03,4.095000000000000000e+03
4.095000000000000000e+03,4.095000000000000000e+03,4.095000000000000000e+03,4.095000000000000000e+03,4.095000000000000000e+03,4.095000000000000000e+03
4.095000000000000000e+03,4.095000000000000000e+03,4.095000000000000000e+03,4.095000000000000000e+03,4.095000000000000000e+03,4.095000000000000000e+03
4.095000000000000000e+03,4.095000000000000000e+03,4.095000000000000000e+03,4.095000000000000000e+03,4.095000000000000000e+03,4.095000000000000000e+03
4.095000000000000000e+03,4.095000000000000000e+03,4.095000000000000000e+03,4.095000000000000000e+03,4.095000000000000000e+03,4.095000000000000000e+03
4.095000000000000000e+03,4.095000000000000000e+03,4.095000000000000000e+03,4.095000000000000000e+03,4.095000000000000000e+03,4.095000000000000000e+03
4.095000000000000000e+03,4.095000000000000000e+03,4.095000000000000000e+03,4.095000000000000000e+03,4.095000000000000000e+03,4.095000000000000000e+03
4.095000000000000000e+03,4.063000000000000000e+03,4.095000000000000000e+03,4.095000000000000000e+03,4.095000000000000000e+03,4.095000000000000000e+03
4.095000000000000000e+03,4.095000000000000000e+03,4.095000000000000000e+03,4.095000000000000000e+03,4.095000000000000000e+03,4.095000000000000000e+03
4.095000000000000000e+03,4.095000000000000000e+03,4.095000000000000000e+03,4.006000000000000000e+03,4.095000000000000000e+03,4.037000000000000000e+03
4.095000000000000000e+03,4.095000000000000000e+03,4.095000000000000000e+03,4.095000000000000000e+03,4.095000000000000000e+03,4.095000000000000000e+03
4.095000000000000000e+03,4.095000000000000000e+03,4.095000000000000000e+03,4.095000000000000000e+03,4.095000000000000000e+03,4.095000000000000000e+03
4.095000000000000000e+03,4.095000000000000000e+03,4.095000000000000000e+03,4.095000000000000000e+03,4.095000000000000000e+03,4.095000000000000000e+03
4.095000000000000000e+03,4.095000000000000000e+03,4.095000000000000000e+03,4.095000000000000000e+03,4.095000000000000000e+03,4.095000000000000000e+03
4.095000000000000000e+03,4.095000000000000000e+03,4.095000000000000000e+03,4.095000000000000000e+03,4.095000000000000000e+03,4.095000000000000000e+03
4.095000000000000000e+03,4.095000000000000000e+03,4.095000000000000000e+03,4.095000000000000000e+03,4.095000000000000000e+03,4.095000000000000000e+03
4.095000000000000000e+03,4.095000000000000000e+03,4.095000000000000000e+03,4.095000000000000000e+03,4.095000000000000000e+03,4.095000000000000000e+03
4.095000000000000000e+03,4.095000000000000000e+03,4.095000000000000000e+03,4.095000000000000000e+03,4.095000000000000000e+03,4.095000000000000000e+03
4.095000000000000000e+03,4.095000000000000000e+03,4.095000000000000000e+03,4.095000000000000000e+03,4.095000000000000000e+03,4.095000000000000000e+03
4.095000000000000000e+03,4.095000000000000000e+03,4.095000000000000000e+03,4.095000000000000000e+03,4.095000000000000000e+03,4.095000000000000000e+03
4.095000000000000000e+03,4.095000000000000000e+03,4.095000000000000000e+03,4.095000000000000000e+03,4.095000000000000000e+03,4.095000000000000000e+03
4.095000000000000000e+03,4.095000000000000000e+03,4.095000000000000000e+03,4.095000000000000000e+03,4.095000000000000000e+03,4.095000000000000000e+03
4.095000000000000000e+03,4.095000000000000000e+03,4.095000000000000000e+03,4.095000000000000000e+03,4.095000000000000000e+03,4.043000000000000000e+03
4.095000000000000000e+03,4.095000000000000000e+03,4.095000000000000000e+03,4.095000000000000000e+03,4.095000000000000000e+03,4.095000000000000000e+03
4.095000000000000000e+03,4.095000000000000000e+03,4.095000000000000000e+03,4.095000000000000000e+03,4.095000000000000000e+03,4.095000000000000000e+03
4.095000000000000000e+03,4.095000000000000000e+03,4.095000000000000000e+03,4.095000000000000000e+03,4.095000000000000000e+03,4.095000000000000000e+03
4.095000000000000000e+03,4.095000000000000000e+03,4.095000000000000000e+03,4.095000000000000000e+03,4.095000000000000000e+03,4.095000000000000000e+03
4.095000000000000000e+03,4.095000000000000000e+03,4.095000000000000000e+03,4.095000000000000000e+03,4.095000000000000000e+03,4.095000000000000000e+03
4.095000000000000000e+03,4.021000000000000000e+03,4.095000000000000000e+03,4.095000000000000000e+03,4.095000000000000000e+03,4.095000000000000000e+03
4.095000000000000000e+03,4.095000000000000000e+03,4.095000000000000000e+03,4.095000000000000000e+03,4.095000000000000000e+03,4.095000000000000000e+03
4.095000000000000000e+03,4.095000000000000000e+03,4.095000000000000000e+03,4.095000000000000000e+03,4.095000000000000000e+03,4.095000000000000000e+03
4.095000000000000000e+03,4.095000000000000000e+03,4.095000000000000000e+03,4.095000000000000000e+03,4.095000000000000000e+03,4.095000000000000000e+03
4.095000000000000000e+03,4.095000000000000000e+03,4.095000000000000000e+03,4.095000000000000000e+03,4.095000000000000000e+03,4.095000000000000000e+03
4.095000000000000000e+03,4.095000000000000000e+03,4.095000000000000000e+03,4.095000000000000000e+03,4.095000000000000000e+03,4.095000000000000000e+03
4.095000000000000000e+03,4.095000000000000000e+03,4.095000000000000000e+03,4.095000000000000000e+03,4.095000000000000000e+03,4.095000000000000000e+03
4.095000000000000000e+03,4.095000000000000000e+03,4.095000000000000000e+03,4.095000000000000000e+03,4.095000000000000000e+03,4.095000000000000000e+03
4.095000000000000000e+03,4.095000000000000000e+03,4.095000000000000000e+03,4.095000000000000000e+03,4.095000000000000000e+03,4.095000000000000000e+03
4.095000000000000000e+03,4.095000000000000000e+03,4.095000000000000000e+03,4.095000000000000000e+03,4.095000000000000000e+03,4.095000000000000000e+03
4.095000000000000000e+03,4.095000000000000000e+03,4.095000000000000000e+03,4.095000000000000000e+03,4.095000000000000000e+03,4.095000000000000000e+03
4.095000000000000000e+03,4.095000000000000000e+03,4.095000000000000000e+03,4.095000000000000000e+03,4.095000000000000000e+03,4.095000000000000000e+03
4.095000000000000000e+03,4.095000000000000000e+03,4.095000000000000000e+03,4.095000000000000000e+03,4.095000000000000000e+03,4.095000000000000000e+03
4.095000000000000000e+03,4.095000000000000000e+03,4.095000000000000000e+03,4.095000000000000000e+03,4.095000000000000000e+03,4.095000000000000000e+03
4.095000000000000000e+03,4.095000000000000000e+03,4.095000000000000000e+03,4.095000000000000000e+03,4.095000000000000000e+03,4.095000000000000000e+03
4.095000000000000000e+03,4.095000000000000000e+03,4.095000000000000000e+03,4.095000000000000000e+03,4.095000000000000000e+03,4.095000000000000000e+03
4.095000000000000000e+03,3.952000000000000000e+03,4.095000000000000000e+03,4.095000000000000000e+03,4.095000000000000000e+03,4.095000000000000000e+03
4.095000000000000000e+03,4.095000000000000000e+03,4.095000000000000000e+03,4.095000000000000000e+03,4.095000000000000000e+03,4.095000000000000000e+03
4.095000000000000000e+03,4.095000000000000000e+03,4.095000000000000000e+03,4.095000000000000000e+03,4.095000000000000000e+03,4.095000000000000000e+03
4.095000000000000000e+03,4.095000000000000000e+03,4.095000000000000000e+03,4.095000000000000000e+03,4.095000000000000000e+03,0.000000000000000000e+00
4.095000000000000000e+03,3.875000000000000000e+03,4.095000000000000000e+03,4.095000000000000000e+03,4.095000000000000000e+03,2.000000000000000000e+01
4.095000000000000000e+03,4.095000000000000000e+03,4.095000000000000000e+03,4.095000000000000000e+03,4.095000000000000000e+03,5.300000000000000000e+01
4.095000000000000000e+03,4.095000000000000000e+03,4.095000000000000000e+03,4.095000000000000000e+03,4.095000000000000000e+03,0.000000000000000000e+00
4.095000000000000000e+03,4.095000000000000000e+03,4.095000000000000000e+03,4.095000000000000000e+03,4.095000000000000000e+03,4.095000000000000000e+03
4.095000000000000000e+03,4.095000000000000000e+03,4.095000000000000000e+03,4.095000000000000000e+03,4.095000000000000000e+03,4.095000000000000000e+03
4.095000000000000000e+03,4.095000000000000000e+03,4.095000000000000000e+03,4.095000000000000000e+03,4.095000000000000000e+03,4.095000000000000000e+03
4.095000000000000000e+03,4.095000000000000000e+03,3.845000000000000000e+03,4.095000000000000000e+03,4.080000000000000000e+03,4.095000000000000000e+03
4.095000000000000000e+03,4.095000000000000000e+03,4.095000000000000000e+03,4.095000000000000000e+03,4.095000000000000000e+03,4.095000000000000000e+03
4.095000000000000000e+03,4.095000000000000000e+03,4.095000000000000000e+03,4.095000000000000000e+03,4.095000000000000000e+03,4.095000000000000000e+03
4.095000000000000000e+03,4.095000000000000000e+03,4.095000000000000000e+03,4.095000000000000000e+03,4.095000000000000000e+03,4.095000000000000000e+03
4.095000000000000000e+03,4.095000000000000000e+03,4.095000000000000000e+03,4.095000000000000000e+03,4.095000000000000000e+03,4.095000000000000000e+03
4.095000000000000000e+03,4.095000000000000000e+03,4.095000000000000000e+03,4.095000000000000000e+03,4.095000000000000000e+03,4.095000000000000000e+03
4.095000000000000000e+03,4.095000000000000000e+03,4.095000000000000000e+03,4.095000000000000000e+03,4.095000000000000000e+03,4.095000000000000000e+03
4.095000000000000000e+03,4.023000000000000000e+03,4.095000000000000000e+03,4.095000000000000000e+03,4.095000000000000000e+03,4.095000000000000000e+03
4.095000000000000000e+03,4.095000000000000000e+03,4.095000000000000000e+03,4.095000000000000000e+03,4.095000000000000000e+03,4.095000000000000000e+03
4.095000000000000000e+03,4.095000000000000000e+03,4.095000000000000000e+03,4.095000000000000000e+03,4.095000000000000000e+03,4.095000000000000000e+03
4.095000000000000000e+03,4.095000000000000000e+03,4.095000000000000000e+03,4.095000000000000000e+03,4.095000000000000000e+03,4.095000000000000000e+03
4.095000000000000000e+03,4.095000000000000000e+03,4.095000000000000000e+03,4.095000000000000000e+03,4.095000000000000000e+03,4.095000000000000000e+03
4.095000000000000000e+03,4.095000000000000000e+03,1.560000000000000000e+02,4.095000000000000000e+03,4.095000000000000000e+03,4.095000000000000000e+03
0.000000000000000000e+00,4.095000000000000000e+03,2.620000000000000000e+02,4.095000000000000000e+03,4.095000000000000000e+03,4.095000000000000000e+03
0.000000000000000000e+00,4.095000000000000000e+03,0.000000000000000000e+00,4.095000000000000000e+03,4.095000000000000000e+03,4.095000000000000000e+03
0.000000000000000000e+00,4.095000000000000000e+03,0.000000000000000000e+00,4.095000000000000000e+03,4.095000000000000000e+03,4.095000000000000000e+03
4.095000000000000000e+03,4.095000000000000000e+03,0.000000000000000000e+00,4.095000000000000000e+03,4.095000000000000000e+03,4.095000000000000000e+03
4.095000000000000000e+03,4.095000000000000000e+03,0.000000000000000000e+00,4.095000000000000000e+03,4.095000000000000000e+03,4.095000000000000000e+03
4.095000000000000000e+03,4.095000000000000000e+03,0.000000000000000000e+00,4.095000000000000000e+03,4.095000000000000000e+03,4.095000000000000000e+03
4.095000000000000000e+03,4.095000000000000000e+03,0.000000000000000000e+00,4.095000000000000000e+03,4.095000000000000000e+03,4.095000000000000000e+03
4.095000000000000000e+03,4.095000000000000000e+03,0.000000000000000000e+00,0.000000000000000000e+00,4.095000000000000000e+03,0.000000000000000000e+00
4.095000000000000000e+03,4.095000000000000000e+03,0.000000000000000000e+00,0.000000000000000000e+00,4.095000000000000000e+03,0.000000000000000000e+00
4.095000000000000000e+03,4.095000000000000000e+03,0.000000000000000000e+00,0.000000000000000000e+00,4.095000000000000000e+03,0.000000000000000000e+00
4.095000000000000000e+03,4.095000000000000000e+03,0.000000000000000000e+00,0.000000000000000000e+00,4.095000000000000000e+03,0.000000000000000000e+00
4.095000000000000000e+03,4.095000000000000000e+03,0.000000000000000000e+00,0.000000000000000000e+00,4.095000000000000000e+03,0.000000000000000000e+00
4.095000000000000000e+03,4.095000000000000000e+03,0.000000000000000000e+00,0.000000000000000000e+00,4.095000000000000000e+03,0.000000000000000000e+00
4.095000000000000000e+03,4.095000000000000000e+03,0.000000000000000000e+00,0.000000000000000000e+00,4.095000000000000000e+03,0.000000000000000000e+00
4.095000000000000000e+03,4.095000000000000000e+03,0.000000000000000000e+00,0.000000000000000000e+00,4.095000000000000000e+03,0.000000000000000000e+00
4.095000000000000000e+03,4.095000000000000000e+03,0.000000000000000000e+00,0.000000000000000000e+00,4.095000000000000000e+03,0.000000000000000000e+00
4.095000000000000000e+03,4.095000000000000000e+03,0.000000000000000000e+00,0.000000000000000000e+00,4.095000000000000000e+03,0.000000000000000000e+00
4.095000000000000000e+03,4.095000000000000000e+03,0.000000000000000000e+00,0.000000000000000000e+00,4.095000000000000000e+03,0.000000000000000000e+00
4.095000000000000000e+03,4.095000000000000000e+03,0.000000000000000000e+00,0.000000000000000000e+00,4.095000000000000000e+03,0.000000000000000000e+00
0.000000000000000000e+00,4.095000000000000000e+03,0.000000000000000000e+00,0.000000000000000000e+00,4.095000000000000000e+03,0.000000000000000000e+00
0.000000000000000000e+00,4.095000000000000000e+03,0.000000000000000000e+00,0.000000000000000000e+00,4.095000000000000000e+03,0.000000000000000000e+00
0.000000000000000000e+00,4.095000000000000000e+03,0.000000000000000000e+00,0.000000000000000000e+00,4.095000000000000000e+03,0.000000000000000000e+00
0.000000000000000000e+00,4.095000000000000000e+03,0.000000000000000000e+00,0.000000000000000000e+00,4.095000000000000000e+03,0.000000000000000000e+00
0.000000000000000000e+00,4.095000000000000000e+03,0.000000000000000000e+00,0.000000000000000000e+00,4.095000000000000000e+03,0.000000000000000000e+00
0.000000000000000000e+00,4.095000000000000000e+03,0.000000000000000000e+00,0.000000000000000000e+00,4.095000000000000000e+03,0.000000000000000000e+00
0.000000000000000000e+00,4.095000000000000000e+03,0.000000000000000000e+00,0.000000000000000000e+00,4.095000000000000000e+03,0.000000000000000000e+00
0.000000000000000000e+00,4.095000000000000000e+03,0.000000000000000000e+00,0.000000000000000000e+00,0.000000000000000000e+00,0.000000000000000000e+00
0.000000000000000000e+00,0.000000000000000000e+00,0.000000000000000000e+00,0.000000000000000000e+00,4.095000000000000000e+03,0.000000000000000000e+00
0.000000000000000000e+00,4.095000000000000000e+03,0.000000000000000000e+00,0.000000000000000000e+00,4.039000000000000000e+03,0.000000000000000000e+00
0.000000000000000000e+00,4.095000000000000000e+03,0.000000000000000000e+00,0.000000000000000000e+00,5.920000000000000000e+02,0.000000000000000000e+00
0.000000000000000000e+00,0.000000000000000000e+00,0.000000000000000000e+00,8.900000000000000000e+01,1.600000000000000000e+02,0.000000000000000000e+00
0.000000000000000000e+00,0.000000000000000000e+00,0.000000000000000000e+00,2.610000000000000000e+02,0.000000000000000000e+00,0.000000000000000000e+00
0.000000000000000000e+00,0.000000000000000000e+00,0.000000000000000000e+00,4.690000000000000000e+02,0.000000000000000000e+00,0.000000000000000000e+00
0.000000000000000000e+00,0.000000000000000000e+00,0.000000000000000000e+00,4.580000000000000000e+02,2.290000000000000000e+02,0.000000000000000000e+00
0.000000000000000000e+00,0.000000000000000000e+00,0.000000000000000000e+00,0.000000000000000000e+00,1.180000000000000000e+02,0.000000000000000000e+00
0.000000000000000000e+00,0.000000000000000000e+00,0.000000000000000000e+00,0.000000000000000000e+00,0.000000000000000000e+00,0.000000000000000000e+00
0.000000000000000000e+00,0.000000000000000000e+00,0.000000000000000000e+00,0.000000000000000000e+00,0.000000000000000000e+00,0.000000000000000000e+00
0.000000000000000000e+00,0.000000000000000000e+00,0.000000000000000000e+00,0.000000000000000000e+00,0.000000000000000000e+00,0.000000000000000000e+00
0.000000000000000000e+00,0.000000000000000000e+00,0.000000000000000000e+00,0.000000000000000000e+00,0.000000000000000000e+00,0.000000000000000000e+00
0.000000000000000000e+00,0.000000000000000000e+00,0.000000000000000000e+00,0.000000000000000000e+00,0.000000000000000000e+00,0.000000000000000000e+00
0.000000000000000000e+00,0.000000000000000000e+00,0.000000000000000000e+00,0.000000000000000000e+00,0.000000000000000000e+00,0.000000000000000000e+00
0.000000000000000000e+00,0.000000000000000000e+00,0.000000000000000000e+00,0.000000000000000000e+00,0.000000000000000000e+00,0.000000000000000000e+00
0.000000000000000000e+00,0.000000000000000000e+00,0.000000000000000000e+00,0.000000000000000000e+00,0.000000000000000000e+00,0.000000000000000000e+00
0.000000000000000000e+00,0.000000000000000000e+00,0.000000000000000000e+00,0.000000000000000000e+00,0.000000000000000000e+00,0.000000000000000000e+00
0.000000000000000000e+00,0.000000000000000000e+00,0.000000000000000000e+00,0.000000000000000000e+00,0.000000000000000000e+00,0.000000000000000000e+00
0.000000000000000000e+00,0.000000000000000000e+00,0.000000000000000000e+00,0.000000000000000000e+00,0.000000000000000000e+00,0.000000000000000000e+00
0.000000000000000000e+00,0.000000000000000000e+00,0.000000000000000000e+00,0.000000000000000000e+00,0.000000000000000000e+00,0.000000000000000000e+00
0.000000000000000000e+00,0.000000000000000000e+00,0.000000000000000000e+00,0.000000000000000000e+00,0.000000000000000000e+00,0.000000000000000000e+00
0.000000000000000000e+00,0.000000000000000000e+00,0.000000000000000000e+00,0.000000000000000000e+00,0.000000000000000000e+00,0.000000000000000000e+00
0.000000000000000000e+00,0.000000000000000000e+00,0.000000000000000000e+00,0.000000000000000000e+00,0.000000000000000000e+00,0.000000000000000000e+00
0.000000000000000000e+00,0.000000000000000000e+00,0.000000000000000000e+00,0.000000000000000000e+00,0.000000000000000000e+00,0.000000000000000000e+00
0.000000000000000000e+00,0.000000000000000000e+00,0.000000000000000000e+00,0.000000000000000000e+00,0.000000000000000000e+00,0.000000000000000000e+00
0.000000000000000000e+00,0.000000000000000000e+00,0.000000000000000000e+00,0.000000000000000000e+00,0.000000000000000000e+00,0.000000000000000000e+00
0.000000000000000000e+00,0.000000000000000000e+00,0.000000000000000000e+00,0.000000000000000000e+00,0.000000000000000000e+00,0.000000000000000000e+00
0.000000000000000000e+00,0.000000000000000000e+00,0.000000000000000000e+00,0.000000000000000000e+00,0.000000000000000000e+00,0.000000000000000000e+00
0.000000000000000000e+00,0.000000000000000000e+00,0.000000000000000000e+00,0.000000000000000000e+00,0.000000000000000000e+00,0.000000000000000000e+00
0.000000000000000000e+00,0.000000000000000000e+00,0.000000000000000000e+00,0.000000000000000000e+00,0.000000000000000000e+00,0.000000000000000000e+00
0.000000000000000000e+00,0.000000000000000000e+00,0.000000000000000000e+00,0.000000000000000000e+00,6.110000000000000000e+02,0.000000000000000000e+00
0.000000000000000000e+00,0.000000000000000000e+00,0.000000000000000000e+00,0.000000000000000000e+00,8.490000000000000000e+02,0.000000000000000000e+00
0.000000000000000000e+00,0.000000000000000000e+00,0.000000000000000000e+00,0.000000000000000000e+00,4.095000000000000000e+03,0.000000000000000000e+00
0.000000000000000000e+00,0.000000000000000000e+00,0.000000000000000000e+00,1.940000000000000000e+02,0.000000000000000000e+00,0.000000000000000000e+00
0.000000000000000000e+00,4.095000000000000000e+03,0.000000000000000000e+00,1.440000000000000000e+02,0.000000000000000000e+00,3.960000000000000000e+02
0.000000000000000000e+00,5.600000000000000000e+02,0.000000000000000000e+00,1.440000000000000000e+02,0.000000000000000000e+00,2.050000000000000000e+02
0.000000000000000000e+00,4.095000000000000000e+03,0.000000000000000000e+00,2.170000000000000000e+02,0.000000000000000000e+00,4.095000000000000000e+03
0.000000000000000000e+00,0.000000000000000000e+00,0.000000000000000000e+00,4.100000000000000000e+02,0.000000000000000000e+00,4.095000000000000000e+03
0.000000000000000000e+00,4.095000000000000000e+03,0.000000000000000000e+00,3.900000000000000000e+02,0.000000000000000000e+00,4.095000000000000000e+03
0.000000000000000000e+00,4.095000000000000000e+03,0.000000000000000000e+00,4.170000000000000000e+02,0.000000000000000000e+00,4.095000000000000000e+03
0.000000000000000000e+00,4.095000000000000000e+03,0.000000000000000000e+00,1.640000000000000000e+02,0.000000000000000000e+00,4.095000000000000000e+03
0.000000000000000000e+00,4.095000000000000000e+03,0.000000000000000000e+00,1.051000000000000000e+03,0.000000000000000000e+00,4.095000000000000000e+03
0.000000000000000000e+00,0.000000000000000000e+00,0.000000000000000000e+00,5.760000000000000000e+02,0.000000000000000000e+00,1.610000000000000000e+02
0.000000000000000000e+00,2.090000000000000000e+02,0.000000000000000000e+00,4.095000000000000000e+03,0.000000000000000000e+00,0.000000000000000000e+00
0.000000000000000000e+00,4.095000000000000000e+03,0.000000000000000000e+00,8.850000000000000000e+02,0.000000000000000000e+00,0.000000000000000000e+00
0.000000000000000000e+00,4.095000000000000000e+03,0.000000000000000000e+00,9.280000000000000000e+02,0.000000000000000000e+00,0.000000000000000000e+00
0.000000000000000000e+00,1.370000000000000000e+02,0.000000000000000000e+00,6.770000000000000000e+02,0.000000000000000000e+00,0.000000000000000000e+00
0.000000000000000000e+00,0.000000000000000000e+00,0.000000000000000000e+00,3.520000000000000000e+02,0.000000000000000000e+00,3.340000000000000000e+02
0.000000000000000000e+00,0.000000000000000000e+00,0.000000000000000000e+00,4.150000000000000000e+02,0.000000000000000000e+00,4.095000000000000000e+03
0.000000000000000000e+00,0.000000000000000000e+00,0.000000000000000000e+00,4.700000000000000000e+02,0.000000000000000000e+00,4.095000000000000000e+03
0.000000000000000000e+00,0.000000000000000000e+00,0.000000000000000000e+00,1.013000000000000000e+03,0.000000000000000000e+00,4.095000000000000000e+03
0.000000000000000000e+00,0.000000000000000000e+00,0.000000000000000000e+00,1.292000000000000000e+03,0.000000000000000000e+00,4.095000000000000000e+03
0.000000000000000000e+00,0.000000000000000000e+00,0.000000000000000000e+00,9.150000000000000000e+02,0.000000000000000000e+00,4.095000000000000000e+03
0.000000000000000000e+00,0.000000000000000000e+00,0.000000000000000000e+00,7.450000000000000000e+02,7.000000000000000000e+00,4.095000000000000000e+03
0.000000000000000000e+00,0.000000000000000000e+00,0.000000000000000000e+00,1.034000000000000000e+03,8.500000000000000000e+01,4.095000000000000000e+03
0.000000000000000000e+00,0.000000000000000000e+00,0.000000000000000000e+00,1.255000000000000000e+03,2.470000000000000000e+02,4.095000000000000000e+03
3.500000000000000000e+01,0.000000000000000000e+00,0.000000000000000000e+00,1.530000000000000000e+03,4.095000000000000000e+03,4.095000000000000000e+03
1.535000000000000000e+03,4.095000000000000000e+03,0.000000000000000000e+00,6.330000000000000000e+02,4.095000000000000000e+03,4.095000000000000000e+03
4.095000000000000000e+03,3.090000000000000000e+02,0.000000000000000000e+00,5.780000000000000000e+02,4.095000000000000000e+03,1.150000000000000000e+02
4.095000000000000000e+03,0.000000000000000000e+00,0.000000000000000000e+00,1.158000000000000000e+03,4.095000000000000000e+03,0.000000000000000000e+00
4.095000000000000000e+03,0.000000000000000000e+00,6.000000000000000000e+00,1.098000000000000000e+03,4.095000000000000000e+03,0.000000000000000000e+00
4.095000000000000000e+03,0.000000000000000000e+00,0.000000000000000000e+00,1.135000000000000000e+03,4.095000000000000000e+03,0.000000000000000000e+00
4.095000000000000000e+03,0.000000000000000000e+00,1.900000000000000000e+01,1.424000000000000000e+03,4.095000000000000000e+03,0.000000000000000000e+00
4.095000000000000000e+03,0.000000000000000000e+00,0.000000000000000000e+00,4.095000000000000000e+03,4.095000000000000000e+03,0.000000000000000000e+00
4.095000000000000000e+03,0.000000000000000000e+00,0.000000000000000000e+00,4.095000000000000000e+03,4.095000000000000000e+03,0.000000000000000000e+00
4.095000000000000000e+03,0.000000000000000000e+00,0.000000000000000000e+00,4.095000000000000000e+03,4.095000000000000000e+03,0.000000000000000000e+00
4.095000000000000000e+03,0.000000000000000000e+00,0.000000000000000000e+00,4.095000000000000000e+03,4.095000000000000000e+03,0.000000000000000000e+00
4.095000000000000000e+03,0.000000000000000000e+00,0.000000000000000000e+00,4.095000000000000000e+03,4.095000000000000000e+03,0.000000000000000000e+00
4.095000000000000000e+03,0.000000000000000000e+00,5.900000000000000000e+01,3.831000000000000000e+03,4.095000000000000000e+03,0.000000000000000000e+00
4.095000000000000000e+03,0.000000000000000000e+00,0.000000000000000000e+00,4.095000000000000000e+03,4.095000000000000000e+03,0.000000000000000000e+00
4.095000000000000000e+03,0.000000000000000000e+00,0.000000000000000000e+00,4.083000000000000000e+03,4.095000000000000000e+03,0.000000000000000000e+00
4.095000000000000000e+03,0.000000000000000000e+00,0.000000000000000000e+00,3.933000000000000000e+03,4.095000000000000000e+03,0.000000000000000000e+00
4.095000000000000000e+03,0.000000000000000000e+00,0.000000000000000000e+00,4.095000000000000000e+03,4.095000000000000000e+03,0.000000000000000000e+00
4.095000000000000000e+03,0.000000000000000000e+00,0.000000000000000000e+00,3.811000000000000000e+03,4.095000000000000000e+03,0.000000000000000000e+00
4.095000000000000000e+03,0.000000000000000000e+00,0.000000000000000000e+00,4.095000000000000000e+03,4.095000000000000000e+03,0.000000000000000000e+00
4.095000000000000000e+03,0.000000000000000000e+00,0.000000000000000000e+00,4.095000000000000000e+03,4.095000000000000000e+03,0.000000000000000000e+00
4.095000000000000000e+03,0.000000000000000000e+00,0.000000000000000000e+00,4.095000000000000000e+03,4.095000000000000000e+03,0.000000000000000000e+00
4.095000000000000000e+03,0.000000000000000000e+00,0.000000000000000000e+00,4.095000000000000000e+03,4.095000000000000000e+03,0.000000000000000000e+00
4.095000000000000000e+03,0.000000000000000000e+00,0.000000000000000000e+00,4.095000000000000000e+03,4.095000000000000000e+03,0.000000000000000000e+00
4.095000000000000000e+03,0.000000000000000000e+00,0.000000000000000000e+00,4.095000000000000000e+03,4.095000000000000000e+03,0.000000000000000000e+00
4.095000000000000000e+03,0.000000000000000000e+00,0.000000000000000000e+00,4.095000000000000000e+03,4.095000000000000000e+03,0.000000000000000000e+00
4.095000000000000000e+03,0.000000000000000000e+00,0.000000000000000000e+00,4.095000000000000000e+03,4.095000000000000000e+03,0.000000000000000000e+00
4.095000000000000000e+03,0.000000000000000000e+00,0.000000000000000000e+00,4.095000000000000000e+03,4.095000000000000000e+03,0.000000000000000000e+00
4.095000000000000000e+03,0.000000000000000000e+00,0.000000000000000000e+00,4.095000000000000000e+03,4.095000000000000000e+03,0.000000000000000000e+00
4.095000000000000000e+03,0.000000000000000000e+00,0.000000000000000000e+00,4.095000000000000000e+03,4.095000000000000000e+03,0.000000000000000000e+00
4.095000000000000000e+03,0.000000000000000000e+00,0.000000000000000000e+00,4.095000000000000000e+03,4.095000000000000000e+03,0.000000000000000000e+00
4.095000000000000000e+03,0.000000000000000000e+00,0.000000000000000000e+00,4.095000000000000000e+03,4.095000000000000000e+03,0.000000000000000000e+00
4.095000000000000000e+03,0.000000000000000000e+00,0.000000000000000000e+00,4.095000000000000000e+03,4.095000000000000000e+03,0.000000000000000000e+00
4.095000000000000000e+03,0.000000000000000000e+00,0.000000000000000000e+00,4.095000000000000000e+03,4.095000000000000000e+03,0.000000000000000000e+00
4.095000000000000000e+03,0.000000000000000000e+00,0.000000000000000000e+00,4.095000000000000000e+03,4.095000000000000000e+03,0.000000000000000000e+00
4.095000000000000000e+03,0.000000000000000000e+00,0.000000000000000000e+00,4.095000000000000000e+03,4.095000000000000000e+03,0.000000000000000000e+00
4.095000000000000000e+03,0.000000000000000000e+00,0.000000000000000000e+00,4.095000000000000000e+03,4.095000000000000000e+03,0.000000000000000000e+00
4.095000000000000000e+03,0.000000000000000000e+00,0.000000000000000000e+00,4.095000000000000000e+03,4.095000000000000000e+03,0.000000000000000000e+00
4.095000000000000000e+03,0.000000000000000000e+00,0.000000000000000000e+00,4.095000000000000000e+03,4.095000000000000000e+03,0.000000000000000000e+00
4.095000000000000000e+03,0.000000000000000000e+00,3.400000000000000000e+01,4.095000000000000000e+03,4.095000000000000000e+03,0.000000000000000000e+00
4.095000000000000000e+03,0.000000000000000000e+00,0.000000000000000000e+00,4.095000000000000000e+03,4.095000000000000000e+03,0.000000000000000000e+00
4.095000000000000000e+03,0.000000000000000000e+00,0.000000000000000000e+00,4.095000000000000000e+03,4.095000000000000000e+03,0.000000000000000000e+00
4.095000000000000000e+03,0.000000000000000000e+00,0.000000000000000000e+00,4.095000000000000000e+03,4.095000000000000000e+03,0.000000000000000000e+00
4.095000000000000000e+03,0.000000000000000000e+00,0.000000000000000000e+00,4.095000000000000000e+03,4.095000000000000000e+03,0.000000000000000000e+00
4.095000000000000000e+03,0.000000000000000000e+00,0.000000000000000000e+00,4.095000000000000000e+03,4.095000000000000000e+03,0.000000000000000000e+00
4.095000000000000000e+03,0.000000000000000000e+00,0.000000000000000000e+00,4.095000000000000000e+03,4.095000000000000000e+03,0.000000000000000000e+00
4.095000000000000000e+03,0.000000000000000000e+00,0.000000000000000000e+00,4.095000000000000000e+03,4.095000000000000000e+03,0.000000000000000000e+00
4.095000000000000000e+03,0.000000000000000000e+00,0.000000000000000000e+00,4.095000000000000000e+03,4.095000000000000000e+03,0.000000000000000000e+00
4.095000000000000000e+03,0.000000000000000000e+00,0.000000000000000000e+00,4.095000000000000000e+03,4.095000000000000000e+03,0.000000000000000000e+00
4.095000000000000000e+03,0.000000000000000000e+00,0.000000000000000000e+00,4.095000000000000000e+03,4.095000000000000000e+03,0.000000000000000000e+00
4.095000000000000000e+03,0.000000000000000000e+00,0.000000000000000000e+00,4.095000000000000000e+03,4.095000000000000000e+03,0.000000000000000000e+00
4.095000000000000000e+03,0.000000000000000000e+00,0.000000000000000000e+00,4.095000000000000000e+03,4.095000000000000000e+03,0.000000000000000000e+00
4.095000000000000000e+03,0.000000000000000000e+00,0.000000000000000000e+00,4.095000000000000000e+03,4.095000000000000000e+03,0.000000000000000000e+00
4.095000000000000000e+03,0.000000000000000000e+00,0.000000000000000000e+00,4.095000000000000000e+03,4.095000000000000000e+03,0.000000000000000000e+00
4.095000000000000000e+03,0.000000000000000000e+00,0.000000000000000000e+00,4.095000000000000000e+03,4.095000000000000000e+03,0.000000000000000000e+00
4.095000000000000000e+03,0.000000000000000000e+00,0.000000000000000000e+00,4.095000000000000000e+03,4.095000000000000000e+03,0.000000000000000000e+00
4.095000000000000000e+03,0.000000000000000000e+00,0.000000000000000000e+00,4.095000000000000000e+03,4.095000000000000000e+03,0.000000000000000000e+00
4.095000000000000000e+03,0.000000000000000000e+00,0.000000000000000000e+00,4.095000000000000000e+03,4.095000000000000000e+03,0.000000000000000000e+00
4.095000000000000000e+03,0.000000000000000000e+00,0.000000000000000000e+00,4.095000000000000000e+03,4.095000000000000000e+03,0.000000000000000000e+00
4.095000000000000000e+03,0.000000000000000000e+00,0.000000000000000000e+00,4.095000000000000000e+03,4.095000000000000000e+03,0.000000000000000000e+00
4.095000000000000000e+03,0.000000000000000000e+00,0.000000000000000000e+00,4.095000000000000000e+03,4.095000000000000000e+03,0.000000000000000000e+00
4.095000000000000000e+03,0.000000000000000000e+00,0.000000000000000000e+00,4.095000000000000000e+03,4.095000000000000000e+03,0.000000000000000000e+00
4.095000000000000000e+03,0.000000000000000000e+00,0.000000000000000000e+00,4.095000000000000000e+03,4.095000000000000000e+03,0.000000000000000000e+00
4.095000000000000000e+03,0.000000000000000000e+00,0.000000000000000000e+00,4.095000000000000000e+03,4.095000000000000000e+03,0.000000000000000000e+00
4.095000000000000000e+03,0.000000000000000000e+00,0.000000000000000000e+00,4.095000000000000000e+03,4.095000000000000000e+03,0.000000000000000000e+00
4.095000000000000000e+03,0.000000000000000000e+00,0.000000000000000000e+00,4.095000000000000000e+03,4.095000000000000000e+03,0.000000000000000000e+00
4.095000000000000000e+03,0.000000000000000000e+00,0.000000000000000000e+00,4.095000000000000000e+03,4.095000000000000000e+03,0.000000000000000000e+00
4.095000000000000000e+03,0.000000000000000000e+00,0.000000000000000000e+00,4.095000000000000000e+03,4.095000000000000000e+03,0.000000000000000000e+00
4.095000000000000000e+03,0.000000000000000000e+00,0.000000000000000000e+00,4.095000000000000000e+03,4.095000000000000000e+03,0.000000000000000000e+00
4.095000000000000000e+03,0.000000000000000000e+00,0.000000000000000000e+00,4.095000000000000000e+03,4.095000000000000000e+03,0.000000000000000000e+00
4.095000000000000000e+03,0.000000000000000000e+00,0.000000000000000000e+00,4.095000000000000000e+03,4.095000000000000000e+03,0.000000000000000000e+00
4.095000000000000000e+03,0.000000000000000000e+00,0.000000000000000000e+00,4.095000000000000000e+03,4.095000000000000000e+03,0.000000000000000000e+00
4.095000000000000000e+03,0.000000000000000000e+00,0.000000000000000000e+00,4.095000000000000000e+03,4.095000000000000000e+03,0.000000000000000000e+00
4.095000000000000000e+03,0.000000000000000000e+00,0.000000000000000000e+00,4.095000000000000000e+03,4.095000000000000000e+03,0.000000000000000000e+00
4.095000000000000000e+03,0.000000000000000000e+00,0.000000000000000000e+00,4.095000000000000000e+03,4.095000000000000000e+03,0.000000000000000000e+00
4.095000000000000000e+03,0.000000000000000000e+00,0.000000000000000000e+00,4.095000000000000000e+03,4.095000000000000000e+03,0.000000000000000000e+00
4.095000000000000000e+03,0.000000000000000000e+00,0.000000000000000000e+00,4.095000000000000000e+03,4.095000000000000000e+03,0.000000000000000000e+00
4.095000000000000000e+03,0.000000000000000000e+00,0.000000000000000000e+00,4.095000000000000000e+03,4.095000000000000000e+03,0.000000000000000000e+00
4.095000000000000000e+03,0.000000000000000000e+00,0.000000000000000000e+00,4.095000000000000000e+03,4.095000000000000000e+03,0.000000000000000000e+00
4.095000000000000000e+03,0.000000000000000000e+00,0.000000000000000000e+00,4.095000000000000000e+03,4.095000000000000000e+03,0.000000000000000000e+00
4.095000000000000000e+03,0.000000000000000000e+00,0.000000000000000000e+00,4.095000000000000000e+03,4.095000000000000000e+03,0.000000000000000000e+00
4.095000000000000000e+03,0.000000000000000000e+00,0.000000000000000000e+00,4.095000000000000000e+03,4.095000000000000000e+03,0.000000000000000000e+00
4.095000000000000000e+03,0.000000000000000000e+00,0.000000000000000000e+00,4.095000000000000000e+03,4.095000000000000000e+03,0.000000000000000000e+00
4.095000000000000000e+03,0.000000000000000000e+00,0.000000000000000000e+00,4.095000000000000000e+03,4.095000000000000000e+03,0.000000000000000000e+00
4.095000000000000000e+03,0.000000000000000000e+00,0.000000000000000000e+00,4.095000000000000000e+03,4.095000000000000000e+03,0.000000000000000000e+00
4.095000000000000000e+03,0.000000000000000000e+00,0.000000000000000000e+00,4.095000000000000000e+03,4.095000000000000000e+03,0.000000000000000000e+00
4.095000000000000000e+03,0.000000000000000000e+00,0.000000000000000000e+00,4.095000000000000000e+03,4.095000000000000000e+03,0.000000000000000000e+00
4.095000000000000000e+03,0.000000000000000000e+00,0.000000000000000000e+00,4.095000000000000000e+03,4.095000000000000000e+03,0.000000000000000000e+00
4.095000000000000000e+03,0.000000000000000000e+00,0.000000000000000000e+00,4.095000000000000000e+03,4.095000000000000000e+03,0.000000000000000000e+00
4.095000000000000000e+03,0.000000000000000000e+00,0.000000000000000000e+00,4.095000000000000000e+03,4.095000000000000000e+03,0.000000000000000000e+00
4.095000000000000000e+03,0.000000000000000000e+00,0.000000000000000000e+00,4.095000000000000000e+03,4.095000000000000000e+03,0.000000000000000000e+00
4.095000000000000000e+03,0.000000000000000000e+00,0.000000000000000000e+00,4.095000000000000000e+03,4.095000000000000000e+03,0.000000000000000000e+00
4.095000000000000000e+03,0.000000000000000000e+00,0.000000000000000000e+00,4.095000000000000000e+03,4.095000000000000000e+03,0.000000000000000000e+00
4.095000000000000000e+03,0.000000000000000000e+00,0.000000000000000000e+00,4.095000000000000000e+03,4.095000000000000000e+03,0.000000000000000000e+00
4.095000000000000000e+03,0.000000000000000000e+00,5.800000000000000000e+01,4.095000000000000000e+03,4.095000000000000000e+03,0.000000000000000000e+00
4.095000000000000000e+03,0.000000000000000000e+00,2.000000000000000000e+00,4.095000000000000000e+03,4.095000000000000000e+03,0.000000000000000000e+00
4.095000000000000000e+03,0.000000000000000000e+00,6.000000000000000000e+00,4.095000000000000000e+03,4.095000000000000000e+03,0.000000000000000000e+00
4.095000000000000000e+03,0.000000000000000000e+00,5.000000000000000000e+00,4.095000000000000000e+03,4.095000000000000000e+03,0.000000000000000000e+00
4.095000000000000000e+03,0.000000000000000000e+00,3.000000000000000000e+00,4.095000000000000000e+03,4.095000000000000000e+03,0.000000000000000000e+00
4.095000000000000000e+03,0.000000000000000000e+00,3.400000000000000000e+01,4.095000000000000000e+03,4.095000000000000000e+03,0.000000000000000000e+00
4.095000000000000000e+03,0.000000000000000000e+00,2.900000000000000000e+01,4.095000000000000000e+03,4.095000000000000000e+03,0.000000000000000000e+00
4.095000000000000000e+03,0.000000000000000000e+00,0.000000000000000000e+00,4.095000000000000000e+03,4.095000000000000000e+03,0.000000000000000000e+00
4.095000000000000000e+03,0.000000000000000000e+00,0.000000000000000000e+00,4.095000000000000000e+03,4.095000000000000000e+03,0.000000000000000000e+00
4.095000000000000000e+03,0.000000000000000000e+00,0.000000000000000000e+00,4.095000000000000000e+03,4.095000000000000000e+03,0.000000000000000000e+00
4.095000000000000000e+03,0.000000000000000000e+00,0.000000000000000000e+00,4.095000000000000000e+03,4.095000000000000000e+03,0.000000000000000000e+00
4.095000000000000000e+03,0.000000000000000000e+00,0.000000000000000000e+00,4.095000000000000000e+03,4.095000000000000000e+03,0.000000000000000000e+00
4.095000000000000000e+03,0.000000000000000000e+00,0.000000000000000000e+00,4.095000000000000000e+03,4.095000000000000000e+03,0.000000000000000000e+00
4.095000000000000000e+03,0.000000000000000000e+00,0.000000000000000000e+00,4.095000000000000000e+03,4.095000000000000000e+03,0.000000000000000000e+00
4.095000000000000000e+03,0.000000000000000000e+00,1.700000000000000000e+01,4.095000000000000000e+03,4.095000000000000000e+03,0.000000000000000000e+00
4.095000000000000000e+03,0.000000000000000000e+00,4.000000000000000000e+01,4.095000000000000000e+03,4.095000000000000000e+03,0.000000000000000000e+00
4.095000000000000000e+03,0.000000000000000000e+00,0.000000000000000000e+00,4.095000000000000000e+03,4.095000000000000000e+03,0.000000000000000000e+00
4.095000000000000000e+03,0.000000000000000000e+00,0.000000000000000000e+00,4.095000000000000000e+03,4.095000000000000000e+03,0.000000000000000000e+00
4.095000000000000000e+03,0.000000000000000000e+00,0.000000000000000000e+00,4.095000000000000000e+03,4.095000000000000000e+03,0.000000000000000000e+00
4.095000000000000000e+03,0.000000000000000000e+00,0.000000000000000000e+00,4.095000000000000000e+03,4.095000000000000000e+03,0.000000000000000000e+00
4.095000000000000000e+03,0.000000000000000000e+00,0.000000000000000000e+00,4.095000000000000000e+03,4.095000000000000000e+03,0.000000000000000000e+00
4.095000000000000000e+03,0.000000000000000000e+00,0.000000000000000000e+00,4.095000000000000000e+03,4.095000000000000000e+03,0.000000000000000000e+00
4.095000000000000000e+03,0.000000000000000000e+00,0.000000000000000000e+00,4.095000000000000000e+03,4.095000000000000000e+03,0.000000000000000000e+00
4.095000000000000000e+03,0.000000000000000000e+00,0.000000000000000000e+00,4.095000000000000000e+03,4.095000000000000000e+03,0.000000000000000000e+00
4.095000000000000000e+03,0.000000000000000000e+00,0.000000000000000000e+00,4.095000000000000000e+03,4.095000000000000000e+03,0.000000000000000000e+00
4.095000000000000000e+03,0.000000000000000000e+00,0.000000000000000000e+00,4.095000000000000000e+03,4.095000000000000000e+03,0.000000000000000000e+00
4.095000000000000000e+03,0.000000000000000000e+00,0.000000000000000000e+00,4.095000000000000000e+03,4.095000000000000000e+03,0.000000000000000000e+00
4.095000000000000000e+03,0.000000000000000000e+00,0.000000000000000000e+00,4.095000000000000000e+03,4.095000000000000000e+03,0.000000000000000000e+00
4.095000000000000000e+03,0.000000000000000000e+00,0.000000000000000000e+00,4.095000000000000000e+03,4.095000000000000000e+03,0.000000000000000000e+00
4.095000000000000000e+03,0.000000000000000000e+00,0.000000000000000000e+00,4.095000000000000000e+03,4.095000000000000000e+03,0.000000000000000000e+00
4.095000000000000000e+03,0.000000000000000000e+00,0.000000000000000000e+00,4.095000000000000000e+03,4.095000000000000000e+03,0.000000000000000000e+00
4.095000000000000000e+03,0.000000000000000000e+00,0.000000000000000000e+00,4.095000000000000000e+03,4.095000000000000000e+03,0.000000000000000000e+00
4.095000000000000000e+03,0.000000000000000000e+00,0.000000000000000000e+00,4.095000000000000000e+03,4.095000000000000000e+03,0.000000000000000000e+00
4.095000000000000000e+03,0.000000000000000000e+00,0.000000000000000000e+00,4.095000000000000000e+03,4.095000000000000000e+03,0.000000000000000000e+00
4.095000000000000000e+03,0.000000000000000000e+00,0.000000000000000000e+00,4.095000000000000000e+03,4.095000000000000000e+03,0.000000000000000000e+00
4.095000000000000000e+03,0.000000000000000000e+00,6.000000000000000000e+00,4.095000000000000000e+03,4.095000000000000000e+03,0.000000000000000000e+00
4.095000000000000000e+03,0.000000000000000000e+00,0.000000000000000000e+00,4.095000000000000000e+03,4.095000000000000000e+03,0.000000000000000000e+00
4.095000000000000000e+03,0.000000000000000000e+00,0.000000000000000000e+00,4.095000000000000000e+03,4.095000000000000000e+03,0.000000000000000000e+00
4.095000000000000000e+03,0.000000000000000000e+00,0.000000000000000000e+00,4.095000000000000000e+03,4.095000000000000000e+03,0.000000000000000000e+00
4.095000000000000000e+03,0.000000000000000000e+00,0.000000000000000000e+00,4.095000000000000000e+03,4.095000000000000000e+03,0.000000000000000000e+00
4.095000000000000000e+03,0.000000000000000000e+00,1.000000000000000000e+01,4.095000000000000000e+03,4.095000000000000000e+03,0.000000000000000000e+00
4.095000000000000000e+03,0.000000000000000000e+00,0.000000000000000000e+00,4.095000000000000000e+03,4.095000000000000000e+03,0.000000000000000000e+00
4.095000000000000000e+03,0.000000000000000000e+00,0.000000000000000000e+00,4.095000000000000000e+03,4.095000000000000000e+03,0.000000000000000000e+00
4.095000000000000000e+03,0.000000000000000000e+00,0.000000000000000000e+00,4.095000000000000000e+03,4.095000000000000000e+03,0.000000000000000000e+00
4.095000000000000000e+03,0.000000000000000000e+00,0.000000000000000000e+00,4.095000000000000000e+03,4.095000000000000000e+03,0.000000000000000000e+00
4.095000000000000000e+03,0.000000000000000000e+00,0.000000000000000000e+00,4.095000000000000000e+03,4.095000000000000000e+03,0.000000000000000000e+00
4.095000000000000000e+03,0.000000000000000000e+00,0.000000000000000000e+00,4.095000000000000000e+03,4.095000000000000000e+03,0.000000000000000000e+00
4.095000000000000000e+03,0.000000000000000000e+00,0.000000000000000000e+00,4.095000000000000000e+03,4.095000000000000000e+03,0.000000000000000000e+00
4.095000000000000000e+03,0.000000000000000000e+00,0.000000000000000000e+00,4.095000000000000000e+03,4.095000000000000000e+03,0.000000000000000000e+00
4.095000000000000000e+03,0.000000000000000000e+00,0.000000000000000000e+00,4.095000000000000000e+03,4.095000000000000000e+03,0.000000000000000000e+00
4.095000000000000000e+03,0.000000000000000000e+00,0.000000000000000000e+00,4.095000000000000000e+03,4.095000000000000000e+03,0.000000000000000000e+00
4.095000000000000000e+03,0.000000000000000000e+00,0.000000000000000000e+00,4.095000000000000000e+03,4.095000000000000000e+03,0.000000000000000000e+00
4.095000000000000000e+03,0.000000000000000000e+00,0.000000000000000000e+00,4.095000000000000000e+03,4.095000000000000000e+03,0.000000000000000000e+00
4.095000000000000000e+03,0.000000000000000000e+00,0.000000000000000000e+00,4.095000000000000000e+03,4.095000000000000000e+03,0.000000000000000000e+00
4.095000000000000000e+03,0.000000000000000000e+00,0.000000000000000000e+00,4.095000000000000000e+03,4.095000000000000000e+03,0.000000000000000000e+00
4.095000000000000000e+03,0.000000000000000000e+00,0.000000000000000000e+00,4.095000000000000000e+03,4.095000000000000000e+03,0.000000000000000000e+00
4.095000000000000000e+03,0.000000000000000000e+00,0.000000000000000000e+00,4.095000000000000000e+03,4.095000000000000000e+03,0.000000000000000000e+00
4.095000000000000000e+03,0.000000000000000000e+00,0.000000000000000000e+00,4.095000000000000000e+03,4.095000000000000000e+03,0.000000000000000000e+00
4.095000000000000000e+03,0.000000000000000000e+00,0.000000000000000000e+00,4.095000000000000000e+03,4.095000000000000000e+03,0.000000000000000000e+00
4.095000000000000000e+03,0.000000000000000000e+00,0.000000000000000000e+00,4.095000000000000000e+03,4.095000000000000000e+03,0.000000000000000000e+00
4.095000000000000000e+03,0.000000000000000000e+00,0.000000000000000000e+00,4.095000000000000000e+03,4.095000000000000000e+03,0.000000000000000000e+00
4.095000000000000000e+03,0.000000000000000000e+00,0.000000000000000000e+00,4.095000000000000000e+03,4.095000000000000000e+03,0.000000000000000000e+00
4.095000000000000000e+03,0.000000000000000000e+00,0.000000000000000000e+00,4.095000000000000000e+03,4.095000000000000000e+03,0.000000000000000000e+00
4.095000000000000000e+03,0.000000000000000000e+00,0.000000000000000000e+00,4.095000000000000000e+03,4.095000000000000000e+03,0.000000000000000000e+00
4.095000000000000000e+03,0.000000000000000000e+00,0.000000000000000000e+00,4.095000000000000000e+03,4.095000000000000000e+03,0.000000000000000000e+00
4.095000000000000000e+03,0.000000000000000000e+00,0.000000000000000000e+00,4.095000000000000000e+03,4.067000000000000000e+03,0.000000000000000000e+00
4.095000000000000000e+03,0.000000000000000000e+00,0.000000000000000000e+00,4.095000000000000000e+03,4.095000000000000000e+03,0.000000000000000000e+00
4.095000000000000000e+03,0.000000000000000000e+00,0.000000000000000000e+00,4.095000000000000000e+03,4.095000000000000000e+03,0.000000000000000000e+00
4.095000000000000000e+03,0.000000000000000000e+00,0.000000000000000000e+00,4.095000000000000000e+03,4.095000000000000000e+03,0.000000000000000000e+00
4.095000000000000000e+03,0.000000000000000000e+00,0.000000000000000000e+00,4.095000000000000000e+03,4.095000000000000000e+03,0.000000000000000000e+00
4.095000000000000000e+03,0.000000000000000000e+00,0.000000000000000000e+00,4.095000000000000000e+03,4.095000000000000000e+03,0.000000000000000000e+00
4.095000000000000000e+03,0.000000000000000000e+00,0.000000000000000000e+00,4.095000000000000000e+03,4.095000000000000000e+03,0.000000000000000000e+00
4.095000000000000000e+03,0.000000000000000000e+00,0.000000000000000000e+00,4.095000000000000000e+03,4.095000000000000000e+03,0.000000000000000000e+00
4.095000000000000000e+03,0.000000000000000000e+00,1.000000000000000000e+01,4.095000000000000000e+03,4.095000000000000000e+03,0.000000000000000000e+00
4.095000000000000000e+03,0.000000000000000000e+00,0.000000000000000000e+00,4.095000000000000000e+03,4.095000000000000000e+03,0.000000000000000000e+00
4.095000000000000000e+03,0.000000000000000000e+00,0.000000000000000000e+00,4.095000000000000000e+03,4.095000000000000000e+03,0.000000000000000000e+00
4.095000000000000000e+03,0.000000000000000000e+00,0.000000000000000000e+00,4.095000000000000000e+03,4.095000000000000000e+03,0.000000000000000000e+00
4.095000000000000000e+03,0.000000000000000000e+00,0.000000000000000000e+00,4.095000000000000000e+03,4.095000000000000000e+03,0.000000000000000000e+00
4.095000000000000000e+03,0.000000000000000000e+00,0.000000000000000000e+00,4.095000000000000000e+03,4.095000000000000000e+03,0.000000000000000000e+00
4.095000000000000000e+03,0.000000000000000000e+00,0.000000000000000000e+00,4.095000000000000000e+03,4.095000000000000000e+03,0.000000000000000000e+00
4.095000000000000000e+03,0.000000000000000000e+00,0.000000000000000000e+00,4.095000000000000000e+03,4.095000000000000000e+03,0.000000000000000000e+00
4.095000000000000000e+03,0.000000000000000000e+00,0.000000000000000000e+00,4.095000000000000000e+03,4.095000000000000000e+03,0.000000000000000000e+00
4.095000000000000000e+03,0.000000000000000000e+00,0.000000000000000000e+00,4.095000000000000000e+03,4.095000000000000000e+03,0.000000000000000000e+00
4.095000000000000000e+03,0.000000000000000000e+00,0.000000000000000000e+00,4.095000000000000000e+03,4.095000000000000000e+03,0.000000000000000000e+00
4.095000000000000000e+03,0.000000000000000000e+00,0.000000000000000000e+00,4.095000000000000000e+03,4.095000000000000000e+03,0.000000000000000000e+00
4.095000000000000000e+03,0.000000000000000000e+00,0.000000000000000000e+00,4.095000000000000000e+03,4.095000000000000000e+03,0.000000000000000000e+00
4.095000000000000000e+03,0.000000000000000000e+00,0.000000000000000000e+00,4.095000000000000000e+03,4.095000000000000000e+03,0.000000000000000000e+00
4.095000000000000000e+03,0.000000000000000000e+00,0.000000000000000000e+00,4.095000000000000000e+03,4.095000000000000000e+03,0.000000000000000000e+00
4.095000000000000000e+03,0.000000000000000000e+00,0.000000000000000000e+00,4.095000000000000000e+03,4.095000000000000000e+03,0.000000000000000000e+00
4.095000000000000000e+03,0.000000000000000000e+00,0.000000000000000000e+00,4.095000000000000000e+03,4.095000000000000000e+03,0.000000000000000000e+00
4.095000000000000000e+03,0.000000000000000000e+00,0.000000000000000000e+00,4.095000000000000000e+03,4.095000000000000000e+03,0.000000000000000000e+00
4.095000000000000000e+03,0.000000000000000000e+00,0.000000000000000000e+00,4.095000000000000000e+03,4.095000000000000000e+03,0.000000000000000000e+00
4.095000000000000000e+03,0.000000000000000000e+00,0.000000000000000000e+00,4.095000000000000000e+03,4.095000000000000000e+03,0.000000000000000000e+00
4.095000000000000000e+03,0.000000000000000000e+00,0.000000000000000000e+00,4.095000000000000000e+03,4.095000000000000000e+03,0.000000000000000000e+00
4.095000000000000000e+03,0.000000000000000000e+00,0.000000000000000000e+00,4.095000000000000000e+03,4.095000000000000000e+03,0.000000000000000000e+00
4.095000000000000000e+03,0.000000000000000000e+00,0.000000000000000000e+00,4.095000000000000000e+03,4.095000000000000000e+03,0.000000000000000000e+00
4.095000000000000000e+03,0.000000000000000000e+00,0.000000000000000000e+00,4.095000000000000000e+03,4.095000000000000000e+03,0.000000000000000000e+00
4.095000000000000000e+03,0.000000000000000000e+00,0.000000000000000000e+00,4.095000000000000000e+03,4.095000000000000000e+03,0.000000000000000000e+00
4.095000000000000000e+03,0.000000000000000000e+00,0.000000000000000000e+00,4.095000000000000000e+03,4.095000000000000000e+03,0.000000000000000000e+00
4.095000000000000000e+03,0.000000000000000000e+00,0.000000000000000000e+00,4.095000000000000000e+03,4.095000000000000000e+03,0.000000000000000000e+00
4.095000000000000000e+03,0.000000000000000000e+00,0.000000000000000000e+00,4.095000000000000000e+03,4.095000000000000000e+03,0.000000000000000000e+00
4.095000000000000000e+03,0.000000000000000000e+00,0.000000000000000000e+00,4.095000000000000000e+03,4.095000000000000000e+03,0.000000000000000000e+00
4.095000000000000000e+03,0.000000000000000000e+00,0.000000000000000000e+00,4.095000000000000000e+03,4.095000000000000000e+03,0.000000000000000000e+00
4.095000000000000000e+03,0.000000000000000000e+00,0.000000000000000000e+00,4.095000000000000000e+03,4.095000000000000000e+03,0.000000000000000000e+00
4.095000000000000000e+03,0.000000000000000000e+00,0.000000000000000000e+00,4.095000000000000000e+03,4.095000000000000000e+03,0.000000000000000000e+00
4.095000000000000000e+03,0.000000000000000000e+00,0.000000000000000000e+00,4.095000000000000000e+03,4.095000000000000000e+03,0.000000000000000000e+00
4.095000000000000000e+03,0.000000000000000000e+00,0.000000000000000000e+00,4.095000000000000000e+03,4.095000000000000000e+03,0.000000000000000000e+00
4.095000000000000000e+03,0.000000000000000000e+00,0.000000000000000000e+00,4.095000000000000000e+03,4.095000000000000000e+03,0.000000000000000000e+00
4.095000000000000000e+03,0.000000000000000000e+00,0.000000000000000000e+00,4.095000000000000000e+03,4.095000000000000000e+03,0.000000000000000000e+00
4.095000000000000000e+03,0.000000000000000000e+00,0.000000000000000000e+00,4.095000000000000000e+03,4.095000000000000000e+03,0.000000000000000000e+00
4.095000000000000000e+03,0.000000000000000000e+00,0.000000000000000000e+00,4.095000000000000000e+03,4.095000000000000000e+03,0.000000000000000000e+00
4.095000000000000000e+03,0.000000000000000000e+00,0.000000000000000000e+00,4.095000000000000000e+03,4.095000000000000000e+03,0.000000000000000000e+00
4.095000000000000000e+03,0.000000000000000000e+00,0.000000000000000000e+00,4.095000000000000000e+03,4.095000000000000000e+03,0.000000000000000000e+00
4.095000000000000000e+03,0.000000000000000000e+00,0.000000000000000000e+00,4.095000000000000000e+03,4.095000000000000000e+03,0.000000000000000000e+00
4.095000000000000000e+03,0.000000000000000000e+00,0.000000000000000000e+00,4.095000000000000000e+03,4.095000000000000000e+03,0.000000000000000000e+00
4.095000000000000000e+03,0.000000000000000000e+00,0.000000000000000000e+00,4.095000000000000000e+03,4.095000000000000000e+03,0.000000000000000000e+00
4.095000000000000000e+03,0.000000000000000000e+00,0.000000000000000000e+00,4.095000000000000000e+03,4.095000000000000000e+03,0.000000000000000000e+00
4.095000000000000000e+03,0.000000000000000000e+00,0.000000000000000000e+00,4.095000000000000000e+03,4.095000000000000000e+03,0.000000000000000000e+00
4.095000000000000000e+03,0.000000000000000000e+00,0.000000000000000000e+00,4.095000000000000000e+03,4.095000000000000000e+03,0.000000000000000000e+00
4.095000000000000000e+03,0.000000000000000000e+00,0.000000000000000000e+00,4.095000000000000000e+03,4.095000000000000000e+03,0.000000000000000000e+00
4.095000000000000000e+03,0.000000000000000000e+00,0.000000000000000000e+00,4.095000000000000000e+03,4.095000000000000000e+03,0.000000000000000000e+00
4.095000000000000000e+03,0.000000000000000000e+00,0.000000000000000000e+00,4.095000000000000000e+03,4.095000000000000000e+03,0.000000000000000000e+00
4.095000000000000000e+03,0.000000000000000000e+00,0.000000000000000000e+00,4.095000000000000000e+03,4.095000000000000000e+03,0.000000000000000000e+00
4.095000000000000000e+03,0.000000000000000000e+00,0.000000000000000000e+00,4.095000000000000000e+03,4.095000000000000000e+03,0.000000000000000000e+00
4.095000000000000000e+03,0.000000000000000000e+00,0.000000000000000000e+00,4.095000000000000000e+03,4.095000000000000000e+03,0.000000000000000000e+00
4.095000000000000000e+03,0.000000000000000000e+00,0.000000000000000000e+00,4.095000000000000000e+03,4.095000000000000000e+03,0.000000000000000000e+00
4.095000000000000000e+03,0.000000000000000000e+00,0.000000000000000000e+00,4.095000000000000000e+03,4.095000000000000000e+03,0.000000000000000000e+00
4.095000000000000000e+03,0.000000000000000000e+00,0.000000000000000000e+00,4.095000000000000000e+03,4.095000000000000000e+03,0.000000000000000000e+00
4.095000000000000000e+03,0.000000000000000000e+00,0.000000000000000000e+00,4.095000000000000000e+03,4.095000000000000000e+03,0.000000000000000000e+00
4.095000000000000000e+03,0.000000000000000000e+00,0.000000000000000000e+00,4.095000000000000000e+03,4.095000000000000000e+03,0.000000000000000000e+00
4.095000000000000000e+03,0.000000000000000000e+00,0.000000000000000000e+00,4.095000000000000000e+03,4.095000000000000000e+03,0.000000000000000000e+00
4.095000000000000000e+03,0.000000000000000000e+00,0.000000000000000000e+00,4.095000000000000000e+03,4.095000000000000000e+03,0.000000000000000000e+00
4.095000000000000000e+03,0.000000000000000000e+00,0.000000000000000000e+00,4.095000000000000000e+03,4.095000000000000000e+03,0.000000000000000000e+00
4.095000000000000000e+03,0.000000000000000000e+00,0.000000000000000000e+00,4.095000000000000000e+03,4.095000000000000000e+03,0.000000000000000000e+00
4.095000000000000000e+03,0.000000000000000000e+00,0.000000000000000000e+00,4.095000000000000000e+03,4.095000000000000000e+03,0.000000000000000000e+00
4.095000000000000000e+03,0.000000000000000000e+00,0.000000000000000000e+00,4.095000000000000000e+03,4.095000000000000000e+03,0.000000000000000000e+00
4.095000000000000000e+03,0.000000000000000000e+00,0.000000000000000000e+00,4.095000000000000000e+03,4.095000000000000000e+03,0.000000000000000000e+00
4.095000000000000000e+03,0.000000000000000000e+00,0.000000000000000000e+00,4.095000000000000000e+03,4.095000000000000000e+03,0.000000000000000000e+00
4.095000000000000000e+03,0.000000000000000000e+00,0.000000000000000000e+00,4.095000000000000000e+03,4.095000000000000000e+03,0.000000000000000000e+00
4.095000000000000000e+03,0.000000000000000000e+00,0.000000000000000000e+00,4.095000000000000000e+03,4.095000000000000000e+03,0.000000000000000000e+00
4.095000000000000000e+03,0.000000000000000000e+00,0.000000000000000000e+00,4.095000000000000000e+03,4.095000000000000000e+03,0.000000000000000000e+00
4.095000000000000000e+03,0.000000000000000000e+00,0.000000000000000000e+00,4.095000000000000000e+03,4.095000000000000000e+03,0.000000000000000000e+00
4.095000000000000000e+03,0.000000000000000000e+00,0.000000000000000000e+00,4.095000000000000000e+03,4.095000000000000000e+03,0.000000000000000000e+00
4.095000000000000000e+03,0.000000000000000000e+00,0.000000000000000000e+00,4.095000000000000000e+03,4.095000000000000000e+03,0.000000000000000000e+00
4.095000000000000000e+03,0.000000000000000000e+00,0.000000000000000000e+00,4.095000000000000000e+03,4.095000000000000000e+03,0.000000000000000000e+00
4.095000000000000000e+03,0.000000000000000000e+00,0.000000000000000000e+00,4.095000000000000000e+03,4.095000000000000000e+03,0.000000000000000000e+00
4.095000000000000000e+03,0.000000000000000000e+00,0.000000000000000000e+00,4.095000000000000000e+03,4.095000000000000000e+03,0.000000000000000000e+00
4.095000000000000000e+03,0.000000000000000000e+00,6.000000000000000000e+00,4.095000000000000000e+03,4.095000000000000000e+03,0.000000000000000000e+00
4.095000000000000000e+03,0.000000000000000000e+00,0.000000000000000000e+00,4.095000000000000000e+03,4.095000000000000000e+03,0.000000000000000000e+00
4.095000000000000000e+03,0.000000000000000000e+00,1.800000000000000000e+01,4.095000000000000000e+03,4.095000000000000000e+03,0.000000000000000000e+00
4.095000000000000000e+03,0.000000000000000000e+00,3.000000000000000000e+01,4.095000000000000000e+03,4.095000000000000000e+03,0.000000000000000000e+00
4.095000000000000000e+03,0.000000000000000000e+00,2.700000000000000000e+01,4.095000000000000000e+03,4.095000000000000000e+03,0.000000000000000000e+00
4.095000000000000000e+03,0.000000000000000000e+00,2.700000000000000000e+01,4.095000000000000000e+03,4.095000000000000000e+03,0.000000000000000000e+00
4.095000000000000000e+03,0.000000000000000000e+00,2.600000000000000000e+01,4.095000000000000000e+03,4.095000000000000000e+03,0.000000000000000000e+00
4.095000000000000000e+03,0.000000000000000000e+00,4.600000000000000000e+01,4.095000000000000000e+03,4.095000000000000000e+03,0.000000000000000000e+00
4.095000000000000000e+03,0.000000000000000000e+00,3.300000000000000000e+01,4.095000000000000000e+03,4.095000000000000000e+03,0.000000000000000000e+00
4.095000000000000000e+03,0.000000000000000000e+00,3.000000000000000000e+01,4.095000000000000000e+03,4.095000000000000000e+03,0.000000000000000000e+00
4.095000000000000000e+03,0.000000000000000000e+00,3.700000000000000000e+01,4.095000000000000000e+03,4.095000000000000000e+03,0.000000000000000000e+00
4.095000000000000000e+03,0.000000000000000000e+00,3.600000000000000000e+01,4.095000000000000000e+03,4.095000000000000000e+03,0.000000000000000000e+00
4.095000000000000000e+03,0.000000000000000000e+00,6.400000000000000000e+01,4.095000000000000000e+03,4.095000000000000000e+03,0.000000000000000000e+00
4.095000000000000000e+03,0.000000000000000000e+00,3.000000000000000000e+01,4.095000000000000000e+03,4.095000000000000000e+03,0.000000000000000000e+00
4.095000000000000000e+03,0.000000000000000000e+00,3.400000000000000000e+01,4.095000000000000000e+03,4.095000000000000000e+03,0.000000000000000000e+00
4.095000000000000000e+03,0.000000000000000000e+00,4.300000000000000000e+01,4.095000000000000000e+03,4.095000000000000000e+03,0.000000000000000000e+00
4.095000000000000000e+03,0.000000000000000000e+00,2.300000000000000000e+01,4.095000000000000000e+03,4.095000000000000000e+03,0.000000000000000000e+00
4.095000000000000000e+03,0.000000000000000000e+00,3.000000000000000000e+01,4.095000000000000000e+03,4.095000000000000000e+03,0.000000000000000000e+00
4.095000000000000000e+03,0.000000000000000000e+00,3.400000000000000000e+01,4.095000000000000000e+03,4.095000000000000000e+03,0.000000000000000000e+00
4.095000000000000000e+03,0.000000000000000000e+00,3.100000000000000000e+01,4.095000000000000000e+03,4.095000000000000000e+03,0.000000000000000000e+00
4.095000000000000000e+03,0.000000000000000000e+00,4.500000000000000000e+01,4.095000000000000000e+03,4.095000000000000000e+03,0.000000000000000000e+00
4.095000000000000000e+03,0.000000000000000000e+00,3.300000000000000000e+01,4.095000000000000000e+03,4.095000000000000000e+03,0.000000000000000000e+00
4.095000000000000000e+03,0.000000000000000000e+00,3.900000000000000000e+01,4.095000000000000000e+03,4.095000000000000000e+03,0.000000000000000000e+00
4.095000000000000000e+03,0.000000000000000000e+00,3.000000000000000000e+01,4.095000000000000000e+03,4.095000000000000000e+03,0.000000000000000000e+00
4.095000000000000000e+03,0.000000000000000000e+00,1.900000000000000000e+01,4.095000000000000000e+03,4.095000000000000000e+03,0.000000000000000000e+00
4.095000000000000000e+03,0.000000000000000000e+00,1.900000000000000000e+01,4.095000000000000000e+03,4.095000000000000000e+03,0.000000000000000000e+00
4.095000000000000000e+03,0.000000000000000000e+00,2.100000000000000000e+01,4.095000000000000000e+03,4.095000000000000000e+03,0.000000000000000000e+00
4.095000000000000000e+03,0.000000000000000000e+00,1.500000000000000000e+01,4.095000000000000000e+03,4.095000000000000000e+03,0.000000000000000000e+00
4.095000000000000000e+03,0.000000000000000000e+00,1.600000000000000000e+01,4.095000000000000000e+03,4.095000000000000000e+03,0.000000000000000000e+00
4.095000000000000000e+03,0.000000000000000000e+00,1.600000000000000000e+01,4.095000000000000000e+03,4.095000000000000000e+03,0.000000000000000000e+00
4.095000000000000000e+03,0.000000000000000000e+00,1.300000000000000000e+01,4.095000000000000000e+03,4.095000000000000000e+03,0.000000000000000000e+00
4.095000000000000000e+03,0.000000000000000000e+00,1.100000000000000000e+01,4.095000000000000000e+03,4.095000000000000000e+03,0.000000000000000000e+00
4.095000000000000000e+03,0.000000000000000000e+00,1.800000000000000000e+01,4.095000000000000000e+03,4.095000000000000000e+03,0.000000000000000000e+00
4.095000000000000000e+03,0.000000000000000000e+00,5.100000000000000000e+01,4.095000000000000000e+03,4.095000000000000000e+03,0.000000000000000000e+00
4.095000000000000000e+03,0.000000000000000000e+00,1.800000000000000000e+01,4.095000000000000000e+03,4.095000000000000000e+03,0.000000000000000000e+00
4.095000000000000000e+03,0.000000000000000000e+00,6.000000000000000000e+00,4.095000000000000000e+03,4.095000000000000000e+03,0.000000000000000000e+00
4.095000000000000000e+03,0.000000000000000000e+00,0.000000000000000000e+00,4.095000000000000000e+03,4.095000000000000000e+03,0.000000000000000000e+00
4.095000000000000000e+03,0.000000000000000000e+00,1.100000000000000000e+01,4.095000000000000000e+03,4.095000000000000000e+03,0.000000000000000000e+00
4.095000000000000000e+03,0.000000000000000000e+00,0.000000000000000000e+00,4.095000000000000000e+03,4.095000000000000000e+03,0.000000000000000000e+00
4.095000000000000000e+03,0.000000000000000000e+00,6.000000000000000000e+00,4.095000000000000000e+03,4.095000000000000000e+03,0.000000000000000000e+00
4.095000000000000000e+03,0.000000000000000000e+00,0.000000000000000000e+00,4.095000000000000000e+03,4.095000000000000000e+03,0.000000000000000000e+00
4.095000000000000000e+03,0.000000000000000000e+00,0.000000000000000000e+00,4.095000000000000000e+03,4.095000000000000000e+03,0.000000000000000000e+00
4.095000000000000000e+03,0.000000000000000000e+00,1.000000000000000000e+00,4.095000000000000000e+03,4.095000000000000000e+03,0.000000000000000000e+00
4.095000000000000000e+03,0.000000000000000000e+00,0.000000000000000000e+00,4.095000000000000000e+03,4.095000000000000000e+03,0.000000000000000000e+00
4.095000000000000000e+03,0.000000000000000000e+00,0.000000000000000000e+00,4.095000000000000000e+03,4.095000000000000000e+03,0.000000000000000000e+00
4.095000000000000000e+03,0.000000000000000000e+00,0.000000000000000000e+00,4.095000000000000000e+03,4.095000000000000000e+03,0.000000000000000000e+00
4.095000000000000000e+03,0.000000000000000000e+00,4.800000000000000000e+01,4.095000000000000000e+03,4.095000000000000000e+03,0.000000000000000000e+00
4.095000000000000000e+03,0.000000000000000000e+00,5.000000000000000000e+00,4.095000000000000000e+03,4.095000000000000000e+03,0.000000000000000000e+00
4.095000000000000000e+03,0.000000000000000000e+00,0.000000000000000000e+00,4.095000000000000000e+03,4.095000000000000000e+03,0.000000000000000000e+00
4.095000000000000000e+03,0.000000000000000000e+00,0.000000000000000000e+00,4.095000000000000000e+03,4.095000000000000000e+03,0.000000000000000000e+00
4.095000000000000000e+03,0.000000000000000000e+00,9.000000000000000000e+00,4.095000000000000000e+03,4.095000000000000000e+03,0.000000000000000000e+00
4.095000000000000000e+03,0.000000000000000000e+00,1.600000000000000000e+01,4.095000000000000000e+03,4.095000000000000000e+03,0.000000000000000000e+00
4.095000000000000000e+03,0.000000000000000000e+00,0.000000000000000000e+00,4.095000000000000000e+03,4.095000000000000000e+03,0.000000000000000000e+00
4.095000000000000000e+03,0.000000000000000000e+00,9.000000000000000000e+00,4.095000000000000000e+03,4.095000000000000000e+03,0.000000000000000000e+00
4.095000000000000000e+03,0.000000000000000000e+00,0.000000000000000000e+00,4.095000000000000000e+03,4.095000000000000000e+03,0.000000000000000000e+00
4.095000000000000000e+03,0.000000000000000000e+00,0.000000000000000000e+00,4.095000000000000000e+03,4.095000000000000000e+03,0.000000000000000000e+00
4.095000000000000000e+03,0.000000000000000000e+00,0.000000000000000000e+00,4.095000000000000000e+03,4.095000000000000000e+03,0.000000000000000000e+00
4.095000000000000000e+03,0.000000000000000000e+00,6.600000000000000000e+01,4.095000000000000000e+03,4.095000000000000000e+03,0.000000000000000000e+00
4.095000000000000000e+03,0.000000000000000000e+00,0.000000000000000000e+00,4.095000000000000000e+03,4.095000000000000000e+03,0.000000000000000000e+00
4.095000000000000000e+03,0.000000000000000000e+00,0.000000000000000000e+00,4.095000000000000000e+03,4.095000000000000000e+03,0.000000000000000000e+00
4.095000000000000000e+03,0.000000000000000000e+00,0.000000000000000000e+00,4.095000000000000000e+03,4.095000000000000000e+03,0.000000000000000000e+00
4.095000000000000000e+03,0.000000000000000000e+00,0.000000000000000000e+00,4.095000000000000000e+03,4.095000000000000000e+03,0.000000000000000000e+00
4.095000000000000000e+03,0.000000000000000000e+00,0.000000000000000000e+00,4.095000000000000000e+03,4.095000000000000000e+03,0.000000000000000000e+00
4.095000000000000000e+03,0.000000000000000000e+00,0.000000000000000000e+00,4.095000000000000000e+03,4.095000000000000000e+03,0.000000000000000000e+00
4.095000000000000000e+03,0.000000000000000000e+00,0.000000000000000000e+00,4.095000000000000000e+03,4.095000000000000000e+03,0.000000000000000000e+00
4.095000000000000000e+03,0.000000000000000000e+00,9.000000000000000000e+00,4.095000000000000000e+03,4.095000000000000000e+03,0.000000000000000000e+00
4.095000000000000000e+03,0.000000000000000000e+00,1.000000000000000000e+01,4.095000000000000000e+03,4.095000000000000000e+03,0.000000000000000000e+00
4.095000000000000000e+03,0.000000000000000000e+00,0.000000000000000000e+00,4.095000000000000000e+03,4.095000000000000000e+03,0.000000000000000000e+00
4.095000000000000000e+03,0.000000000000000000e+00,0.000000000000000000e+00,4.095000000000000000e+03,4.095000000000000000e+03,0.000000000000000000e+00
4.095000000000000000e+03,0.000000000000000000e+00,0.000000000000000000e+00,4.095000000000000000e+03,4.095000000000000000e+03,0.000000000000000000e+00
4.095000000000000000e+03,0.000000000000000000e+00,0.000000000000000000e+00,4.095000000000000000e+03,4.095000000000000000e+03,0.000000000000000000e+00
4.095000000000000000e+03,0.000000000000000000e+00,0.000000000000000000e+00,4.095000000000000000e+03,4.095000000000000000e+03,0.000000000000000000e+00
4.095000000000000000e+03,0.000000000000000000e+00,0.000000000000000000e+00,4.095000000000000000e+03,4.095000000000000000e+03,0.000000000000000000e+00
4.095000000000000000e+03,0.000000000000000000e+00,0.000000000000000000e+00,4.095000000000000000e+03,4.095000000000000000e+03,0.000000000000000000e+00
4.095000000000000000e+03,0.000000000000000000e+00,0.000000000000000000e+00,4.095000000000000000e+03,4.095000000000000000e+03,0.000000000000000000e+00
4.095000000000000000e+03,0.000000000000000000e+00,0.000000000000000000e+00,4.095000000000000000e+03,4.095000000000000000e+03,0.000000000000000000e+00
4.095000000000000000e+03,0.000000000000000000e+00,0.000000000000000000e+00,4.095000000000000000e+03,4.095000000000000000e+03,0.000000000000000000e+00
4.095000000000000000e+03,0.000000000000000000e+00,3.800000000000000000e+01,4.095000000000000000e+03,4.095000000000000000e+03,0.000000000000000000e+00
4.095000000000000000e+03,0.000000000000000000e+00,0.000000000000000000e+00,4.095000000000000000e+03,4.095000000000000000e+03,0.000000000000000000e+00
4.095000000000000000e+03,0.000000000000000000e+00,0.000000000000000000e+00,4.095000000000000000e+03,4.095000000000000000e+03,0.000000000000000000e+00
4.095000000000000000e+03,0.000000000000000000e+00,1.000000000000000000e+00,4.095000000000000000e+03,4.095000000000000000e+03,0.000000000000000000e+00
4.095000000000000000e+03,0.000000000000000000e+00,0.000000000000000000e+00,4.095000000000000000e+03,4.095000000000000000e+03,0.000000000000000000e+00
4.095000000000000000e+03,0.000000000000000000e+00,0.000000000000000000e+00,4.095000000000000000e+03,4.095000000000000000e+03,0.000000000000000000e+00
4.095000000000000000e+03,0.000000000000000000e+00,0.000000000000000000e+00,4.095000000000000000e+03,4.095000000000000000e+03,0.000000000000000000e+00
4.095000000000000000e+03,0.000000000000000000e+00,0.000000000000000000e+00,4.095000000000000000e+03,4.095000000000000000e+03,0.000000000000000000e+00
4.095000000000000000e+03,0.000000000000000000e+00,4.000000000000000000e+00,4.095000000000000000e+03,4.095000000000000000e+03,0.000000000000000000e+00
4.095000000000000000e+03,0.000000000000000000e+00,1.600000000000000000e+01,4.095000000000000000e+03,4.095000000000000000e+03,0.000000000000000000e+00
4.095000000000000000e+03,0.000000000000000000e+00,0.000000000000000000e+00,4.095000000000000000e+03,4.095000000000000000e+03,0.000000000000000000e+00
4.095000000000000000e+03,0.000000000000000000e+00,0.000000000000000000e+00,4.095000000000000000e+03,4.095000000000000000e+03,0.000000000000000000e+00
4.095000000000000000e+03,0.000000000000000000e+00,0.000000000000000000e+00,4.095000000000000000e+03,4.095000000000000000e+03,0.000000000000000000e+00
4.095000000000000000e+03,0.000000000000000000e+00,0.000000000000000000e+00,4.095000000000000000e+03,4.095000000000000000e+03,0.000000000000000000e+00
4.095000000000000000e+03,0.000000000000000000e+00,0.000000000000000000e+00,4.095000000000000000e+03,4.095000000000000000e+03,0.000000000000000000e+00
4.095000000000000000e+03,0.000000000000000000e+00,0.000000000000000000e+00,4.095000000000000000e+03,4.095000000000000000e+03,0.000000000000000000e+00
4.095000000000000000e+03,0.000000000000000000e+00,0.000000000000000000e+00,4.095000000000000000e+03,4.095000000000000000e+03,0.000000000000000000e+00
4.095000000000000000e+03,0.000000000000000000e+00,0.000000000000000000e+00,4.095000000000000000e+03,4.095000000000000000e+03,0.000000000000000000e+00
4.095000000000000000e+03,0.000000000000000000e+00,0.000000000000000000e+00,4.095000000000000000e+03,4.095000000000000000e+03,0.000000000000000000e+00
4.095000000000000000e+03,0.000000000000000000e+00,0.000000000000000000e+00,4.095000000000000000e+03,4.095000000000000000e+03,0.000000000000000000e+00
4.095000000000000000e+03,0.000000000000000000e+00,0.000000000000000000e+00,4.095000000000000000e+03,4.095000000000000000e+03,0.000000000000000000e+00
4.095000000000000000e+03,0.000000000000000000e+00,0.000000000000000000e+00,4.095000000000000000e+03,4.095000000000000000e+03,0.000000000000000000e+00
4.095000000000000000e+03,0.000000000000000000e+00,5.500000000000000000e+01,4.095000000000000000e+03,4.095000000000000000e+03,0.000000000000000000e+00
4.095000000000000000e+03,0.000000000000000000e+00,0.000000000000000000e+00,4.095000000000000000e+03,4.095000000000000000e+03,0.000000000000000000e+00
4.095000000000000000e+03,0.000000000000000000e+00,0.000000000000000000e+00,4.095000000000000000e+03,4.095000000000000000e+03,0.000000000000000000e+00
4.095000000000000000e+03,0.000000000000000000e+00,0.000000000000000000e+00,4.095000000000000000e+03,4.095000000000000000e+03,0.000000000000000000e+00
4.095000000000000000e+03,0.000000000000000000e+00,0.000000000000000000e+00,4.095000000000000000e+03,4.095000000000000000e+03,0.000000000000000000e+00
4.095000000000000000e+03,0.000000000000000000e+00,0.000000000000000000e+00,4.095000000000000000e+03,4.095000000000000000e+03,0.000000000000000000e+00
4.095000000000000000e+03,0.000000000000000000e+00,0.000000000000000000e+00,4.095000000000000000e+03,4.095000000000000000e+03,0.000000000000000000e+00
4.095000000000000000e+03,0.000000000000000000e+00,0.000000000000000000e+00,4.095000000000000000e+03,4.095000000000000000e+03,0.000000000000000000e+00
4.095000000000000000e+03,0.000000000000000000e+00,0.000000000000000000e+00,4.095000000000000000e+03,4.095000000000000000e+03,0.000000000000000000e+00
4.095000000000000000e+03,0.000000000000000000e+00,0.000000000000000000e+00,4.095000000000000000e+03,4.095000000000000000e+03,0.000000000000000000e+00
4.095000000000000000e+03,0.000000000000000000e+00,7.000000000000000000e+00,4.095000000000000000e+03,4.095000000000000000e+03,0.000000000000000000e+00
4.095000000000000000e+03,0.000000000000000000e+00,3.000000000000000000e+00,4.095000000000000000e+03,4.095000000000000000e+03,0.000000000000000000e+00
4.095000000000000000e+03,0.000000000000000000e+00,0.000000000000000000e+00,4.095000000000000000e+03,4.095000000000000000e+03,0.000000000000000000e+00
4.095000000000000000e+03,0.000000000000000000e+00,0.000000000000000000e+00,4.095000000000000000e+03,4.095000000000000000e+03,0.000000000000000000e+00
4.095000000000000000e+03,0.000000000000000000e+00,1.200000000000000000e+01,4.095000000000000000e+03,4.095000000000000000e+03,0.000000000000000000e+00
4.095000000000000000e+03,0.000000000000000000e+00,3.400000000000000000e+01,4.095000000000000000e+03,4.095000000000000000e+03,0.000000000000000000e+00
4.095000000000000000e+03,0.000000000000000000e+00,5.800000000000000000e+01,4.095000000000000000e+03,4.095000000000000000e+03,0.000000000000000000e+00
4.095000000000000000e+03,0.000000000000000000e+00,0.000000000000000000e+00,4.095000000000000000e+03,4.095000000000000000e+03,0.000000000000000000e+00
4.095000000000000000e+03,0.000000000000000000e+00,0.000000000000000000e+00,4.095000000000000000e+03,4.095000000000000000e+03,0.000000000000000000e+00
4.095000000000000000e+03,0.000000000000000000e+00,0.000000000000000000e+00,4.095000000000000000e+03,4.095000000000000000e+03,0.000000000000000000e+00
4.095000000000000000e+03,0.000000000000000000e+00,5.100000000000000000e+01,4.095000000000000000e+03,4.095000000000000000e+03,0.000000000000000000e+00
4.095000000000000000e+03,0.000000000000000000e+00,0.000000000000000000e+00,4.095000000000000000e+03,4.095000000000000000e+03,0.000000000000000000e+00
4.083000000000000000e+03,0.000000000000000000e+00,3.900000000000000000e+01,4.095000000000000000e+03,4.095000000000000000e+03,0.000000000000000000e+00
4.095000000000000000e+03,0.000000000000000000e+00,0.000000000000000000e+00,4.095000000000000000e+03,4.095000000000000000e+03,0.000000000000000000e+00
4.095000000000000000e+03,0.000000000000000000e+00,0.000000000000000000e+00,4.095000000000000000e+03,4.095000000000000000e+03,0.000000000000000000e+00
4.095000000000000000e+03,0.000000000000000000e+00,0.000000000000000000e+00,4.095000000000000000e+03,4.095000000000000000e+03,0.000000000000000000e+00
4.095000000000000000e+03,0.000000000000000000e+00,7.000000000000000000e+00,4.095000000000000000e+03,4.095000000000000000e+03,0.000000000000000000e+00
4.095000000000000000e+03,0.000000000000000000e+00,1.000000000000000000e+00,4.095000000000000000e+03,4.095000000000000000e+03,0.000000000000000000e+00
4.095000000000000000e+03,0.000000000000000000e+00,0.000000000000000000e+00,4.095000000000000000e+03,4.095000000000000000e+03,0.000000000000000000e+00
4.095000000000000000e+03,0.000000000000000000e+00,0.000000000000000000e+00,4.095000000000000000e+03,4.095000000000000000e+03,0.000000000000000000e+00
4.095000000000000000e+03,0.000000000000000000e+00,0.000000000000000000e+00,4.095000000000000000e+03,4.095000000000000000e+03,0.000000000000000000e+00
4.095000000000000000e+03,0.000000000000000000e+00,1.100000000000000000e+01,4.095000000000000000e+03,4.095000000000000000e+03,0.000000000000000000e+00
4.095000000000000000e+03,0.000000000000000000e+00,0.000000000000000000e+00,4.095000000000000000e+03,4.095000000000000000e+03,0.000000000000000000e+00
4.095000000000000000e+03,0.000000000000000000e+00,0.000000000000000000e+00,4.095000000000000000e+03,4.095000000000000000e+03,0.000000000000000000e+00
4.095000000000000000e+03,0.000000000000000000e+00,0.000000000000000000e+00,4.095000000000000000e+03,4.095000000000000000e+03,0.000000000000000000e+00
4.095000000000000000e+03,0.000000000000000000e+00,0.000000000000000000e+00,4.095000000000000000e+03,4.095000000000000000e+03,0.000000000000000000e+00
4.095000000000000000e+03,0.000000000000000000e+00,0.000000000000000000e+00,4.095000000000000000e+03,4.095000000000000000e+03,0.000000000000000000e+00
4.095000000000000000e+03,0.000000000000000000e+00,0.000000000000000000e+00,4.095000000000000000e+03,4.095000000000000000e+03,0.000000000000000000e+00
4.095000000000000000e+03,0.000000000000000000e+00,7.000000000000000000e+00,4.095000000000000000e+03,4.095000000000000000e+03,0.000000000000000000e+00
4.095000000000000000e+03,0.000000000000000000e+00,0.000000000000000000e+00,4.095000000000000000e+03,4.095000000000000000e+03,0.000000000000000000e+00
4.095000000000000000e+03,0.000000000000000000e+00,0.000000000000000000e+00,4.095000000000000000e+03,4.095000000000000000e+03,0.000000000000000000e+00
4.095000000000000000e+03,0.000000000000000000e+00,0.000000000000000000e+00,4.095000000000000000e+03,4.095000000000000000e+03,0.000000000000000000e+00
4.095000000000000000e+03,0.000000000000000000e+00,0.000000000000000000e+00,4.095000000000000000e+03,4.095000000000000000e+03,0.000000000000000000e+00
4.095000000000000000e+03,0.000000000000000000e+00,0.000000000000000000e+00,4.095000000000000000e+03,4.095000000000000000e+03,0.000000000000000000e+00
4.095000000000000000e+03,0.000000000000000000e+00,2.000000000000000000e+00,4.095000000000000000e+03,4.095000000000000000e+03,0.000000000000000000e+00
4.095000000000000000e+03,0.000000000000000000e+00,0.000000000000000000e+00,4.095000000000000000e+03,4.095000000000000000e+03,0.000000000000000000e+00
4.095000000000000000e+03,0.000000000000000000e+00,0.000000000000000000e+00,4.095000000000000000e+03,4.095000000000000000e+03,0.000000000000000000e+00
4.095000000000000000e+03,0.000000000000000000e+00,0.000000000000000000e+00,4.095000000000000000e+03,4.095000000000000000e+03,0.000000000000000000e+00
4.095000000000000000e+03,0.000000000000000000e+00,0.000000000000000000e+00,4.095000000000000000e+03,4.095000000000000000e+03,0.000000000000000000e+00
4.095000000000000000e+03,0.000000000000000000e+00,1.100000000000000000e+01,4.095000000000000000e+03,4.095000000000000000e+03,0.000000000000000000e+00
4.095000000000000000e+03,0.000000000000000000e+00,1.000000000000000000e+01,4.095000000000000000e+03,4.095000000000000000e+03,0.000000000000000000e+00
4.011000000000000000e+03,0.000000000000000000e+00,5.200000000000000000e+01,4.095000000000000000e+03,4.095000000000000000e+03,0.000000000000000000e+00
4.095000000000000000e+03,0.000000000000000000e+00,0.000000000000000000e+00,4.095000000000000000e+03,4.095000000000000000e+03,0.000000000000000000e+00
4.095000000000000000e+03,0.000000000000000000e+00,0.000000000000000000e+00,4.095000000000000000e+03,4.095000000000000000e+03,0.000000000000000000e+00
4.095000000000000000e+03,0.000000000000000000e+00,0.000000000000000000e+00,4.095000000000000000e+03,4.095000000000000000e+03,0.000000000000000000e+00
4.095000000000000000e+03,0.000000000000000000e+00,0.000000000000000000e+00,4.095000000000000000e+03,4.095000000000000000e+03,0.000000000000000000e+00
4.095000000000000000e+03,0.000000000000000000e+00,0.000000000000000000e+00,4.095000000000000000e+03,4.095000000000000000e+03,0.000000000000000000e+00
4.095000000000000000e+03,0.000000000000000000e+00,0.000000000000000000e+00,4.095000000000000000e+03,4.095000000000000000e+03,0.000000000000000000e+00
4.095000000000000000e+03,0.000000000000000000e+00,0.000000000000000000e+00,4.095000000000000000e+03,4.095000000000000000e+03,0.000000000000000000e+00
4.095000000000000000e+03,0.000000000000000000e+00,0.000000000000000000e+00,4.095000000000000000e+03,4.095000000000000000e+03,0.000000000000000000e+00
4.095000000000000000e+03,0.000000000000000000e+00,0.000000000000000000e+00,4.095000000000000000e+03,4.095000000000000000e+03,0.000000000000000000e+00
4.095000000000000000e+03,0.000000000000000000e+00,0.000000000000000000e+00,4.095000000000000000e+03,4.095000000000000000e+03,0.000000000000000000e+00
4.095000000000000000e+03,0.000000000000000000e+00,0.000000000000000000e+00,4.095000000000000000e+03,4.095000000000000000e+03,0.000000000000000000e+00
4.095000000000000000e+03,0.000000000000000000e+00,0.000000000000000000e+00,4.095000000000000000e+03,4.095000000000000000e+03,0.000000000000000000e+00
4.095000000000000000e+03,0.000000000000000000e+00,0.000000000000000000e+00,4.095000000000000000e+03,4.095000000000000000e+03,0.000000000000000000e+00
4.095000000000000000e+03,0.000000000000000000e+00,0.000000000000000000e+00,4.095000000000000000e+03,4.095000000000000000e+03,0.000000000000000000e+00
4.095000000000000000e+03,0.000000000000000000e+00,3.100000000000000000e+01,4.095000000000000000e+03,4.095000000000000000e+03,0.000000000000000000e+00
4.095000000000000000e+03,0.000000000000000000e+00,0.000000000000000000e+00,4.095000000000000000e+03,4.095000000000000000e+03,0.000000000000000000e+00
4.095000000000000000e+03,0.000000000000000000e+00,0.000000000000000000e+00,4.095000000000000000e+03,4.095000000000000000e+03,0.000000000000000000e+00
4.095000000000000000e+03,0.000000000000000000e+00,0.000000000000000000e+00,4.095000000000000000e+03,4.095000000000000000e+03,0.000000000000000000e+00
4.095000000000000000e+03,0.000000000000000000e+00,0.000000000000000000e+00,4.095000000000000000e+03,4.095000000000000000e+03,0.000000000000000000e+00
4.095000000000000000e+03,0.000000000000000000e+00,0.000000000000000000e+00,4.095000000000000000e+03,4.095000000000000000e+03,0.000000000000000000e+00
4.095000000000000000e+03,0.000000000000000000e+00,0.000000000000000000e+00,4.095000000000000000e+03,4.095000000000000000e+03,0.000000000000000000e+00
4.095000000000000000e+03,0.000000000000000000e+00,0.000000000000000000e+00,4.095000000000000000e+03,4.095000000000000000e+03,0.000000000000000000e+00
4.095000000000000000e+03,0.000000000000000000e+00,0.000000000000000000e+00,4.095000000000000000e+03,4.095000000000000000e+03,0.000000000000000000e+00
4.095000000000000000e+03,0.000000000000000000e+00,0.000000000000000000e+00,4.095000000000000000e+03,4.095000000000000000e+03,0.000000000000000000e+00
4.095000000000000000e+03,0.000000000000000000e+00,0.000000000000000000e+00,4.095000000000000000e+03,4.095000000000000000e+03,0.000000000000000000e+00
4.095000000000000000e+03,0.000000000000000000e+00,0.000000000000000000e+00,4.095000000000000000e+03,4.095000000000000000e+03,0.000000000000000000e+00
4.095000000000000000e+03,0.000000000000000000e+00,0.000000000000000000e+00,4.095000000000000000e+03,4.095000000000000000e+03,0.000000000000000000e+00
4.095000000000000000e+03,0.000000000000000000e+00,0.000000000000000000e+00,4.095000000000000000e+03,4.095000000000000000e+03,0.000000000000000000e+00
4.095000000000000000e+03,0.000000000000000000e+00,0.000000000000000000e+00,4.095000000000000000e+03,4.095000000000000000e+03,0.000000000000000000e+00
4.095000000000000000e+03,0.000000000000000000e+00,0.000000000000000000e+00,4.095000000000000000e+03,4.095000000000000000e+03,0.000000000000000000e+00
4.095000000000000000e+03,0.000000000000000000e+00,0.000000000000000000e+00,4.095000000000000000e+03,4.095000000000000000e+03,0.000000000000000000e+00
4.095000000000000000e+03,0.000000000000000000e+00,0.000000000000000000e+00,4.095000000000000000e+03,4.095000000000000000e+03,0.000000000000000000e+00
4.095000000000000000e+03,0.000000000000000000e+00,0.000000000000000000e+00,4.095000000000000000e+03,4.095000000000000000e+03,0.000000000000000000e+00
4.095000000000000000e+03,0.000000000000000000e+00,0.000000000000000000e+00,4.095000000000000000e+03,4.095000000000000000e+03,0.000000000000000000e+00
4.095000000000000000e+03,0.000000000000000000e+00,0.000000000000000000e+00,4.095000000000000000e+03,4.095000000000000000e+03,0.000000000000000000e+00
4.095000000000000000e+03,0.000000000000000000e+00,0.000000000000000000e+00,4.095000000000000000e+03,4.095000000000000000e+03,0.000000000000000000e+00
4.095000000000000000e+03,0.000000000000000000e+00,0.000000000000000000e+00,4.095000000000000000e+03,4.095000000000000000e+03,0.000000000000000000e+00
4.095000000000000000e+03,0.000000000000000000e+00,0.000000000000000000e+00,4.095000000000000000e+03,4.095000000000000000e+03,0.000000000000000000e+00
4.095000000000000000e+03,0.000000000000000000e+00,0.000000000000000000e+00,4.095000000000000000e+03,4.095000000000000000e+03,0.000000000000000000e+00
4.095000000000000000e+03,0.000000000000000000e+00,0.000000000000000000e+00,4.095000000000000000e+03,4.095000000000000000e+03,0.000000000000000000e+00
4.095000000000000000e+03,0.000000000000000000e+00,0.000000000000000000e+00,4.095000000000000000e+03,4.095000000000000000e+03,0.000000000000000000e+00
4.095000000000000000e+03,0.000000000000000000e+00,0.000000000000000000e+00,4.095000000000000000e+03,4.095000000000000000e+03,0.000000000000000000e+00
4.095000000000000000e+03,0.000000000000000000e+00,0.000000000000000000e+00,4.095000000000000000e+03,4.095000000000000000e+03,0.000000000000000000e+00
4.095000000000000000e+03,0.000000000000000000e+00,1.000000000000000000e+00,4.095000000000000000e+03,4.095000000000000000e+03,0.000000000000000000e+00
4.095000000000000000e+03,0.000000000000000000e+00,0.000000000000000000e+00,4.095000000000000000e+03,4.095000000000000000e+03,0.000000000000000000e+00
4.095000000000000000e+03,0.000000000000000000e+00,0.000000000000000000e+00,4.095000000000000000e+03,4.095000000000000000e+03,0.000000000000000000e+00
4.095000000000000000e+03,0.000000000000000000e+00,0.000000000000000000e+00,4.095000000000000000e+03,4.095000000000000000e+03,0.000000000000000000e+00
4.095000000000000000e+03,0.000000000000000000e+00,0.000000000000000000e+00,4.095000000000000000e+03,4.095000000000000000e+03,0.000000000000000000e+00
4.095000000000000000e+03,0.000000000000000000e+00,4.000000000000000000e+00,4.095000000000000000e+03,4.095000000000000000e+03,0.000000000000000000e+00
4.095000000000000000e+03,0.000000000000000000e+00,0.000000000000000000e+00,4.095000000000000000e+03,4.095000000000000000e+03,0.000000000000000000e+00
4.095000000000000000e+03,0.000000000000000000e+00,0.000000000000000000e+00,4.095000000000000000e+03,4.095000000000000000e+03,0.000000000000000000e+00
4.095000000000000000e+03,0.000000000000000000e+00,0.000000000000000000e+00,4.095000000000000000e+03,4.095000000000000000e+03,0.000000000000000000e+00
4.095000000000000000e+03,0.000000000000000000e+00,0.000000000000000000e+00,4.095000000000000000e+03,4.095000000000000000e+03,0.000000000000000000e+00
4.095000000000000000e+03,0.000000000000000000e+00,0.000000000000000000e+00,4.095000000000000000e+03,4.095000000000000000e+03,0.000000000000000000e+00
4.095000000000000000e+03,0.000000000000000000e+00,0.000000000000000000e+00,4.095000000000000000e+03,4.095000000000000000e+03,0.000000000000000000e+00
4.095000000000000000e+03,0.000000000000000000e+00,0.000000000000000000e+00,4.095000000000000000e+03,4.095000000000000000e+03,0.000000000000000000e+00
4.095000000000000000e+03,0.000000000000000000e+00,0.000000000000000000e+00,4.095000000000000000e+03,4.095000000000000000e+03,0.000000000000000000e+00
4.095000000000000000e+03,0.000000000000000000e+00,0.000000000000000000e+00,4.095000000000000000e+03,4.095000000000000000e+03,0.000000000000000000e+00
4.095000000000000000e+03,0.000000000000000000e+00,0.000000000000000000e+00,4.095000000000000000e+03,4.095000000000000000e+03,0.000000000000000000e+00
4.095000000000000000e+03,0.000000000000000000e+00,0.000000000000000000e+00,4.095000000000000000e+03,4.095000000000000000e+03,0.000000000000000000e+00
4.095000000000000000e+03,0.000000000000000000e+00,0.000000000000000000e+00,4.095000000000000000e+03,4.095000000000000000e+03,0.000000000000000000e+00
4.095000000000000000e+03,0.000000000000000000e+00,0.000000000000000000e+00,4.095000000000000000e+03,4.095000000000000000e+03,0.000000000000000000e+00
4.095000000000000000e+03,0.000000000000000000e+00,0.000000000000000000e+00,4.095000000000000000e+03,4.095000000000000000e+03,0.000000000000000000e+00
4.095000000000000000e+03,0.000000000000000000e+00,0.000000000000000000e+00,4.095000000000000000e+03,4.095000000000000000e+03,0.000000000000000000e+00
4.095000000000000000e+03,0.000000000000000000e+00,0.000000000000000000e+00,4.095000000000000000e+03,4.095000000000000000e+03,0.000000000000000000e+00
4.095000000000000000e+03,0.000000000000000000e+00,0.000000000000000000e+00,4.095000000000000000e+03,4.095000000000000000e+03,0.000000000000000000e+00
4.095000000000000000e+03,0.000000000000000000e+00,0.000000000000000000e+00,4.095000000000000000e+03,4.095000000000000000e+03,0.000000000000000000e+00
4.095000000000000000e+03,0.000000000000000000e+00,1.500000000000000000e+01,4.095000000000000000e+03,4.095000000000000000e+03,0.000000000000000000e+00
4.095000000000000000e+03,0.000000000000000000e+00,0.000000000000000000e+00,4.095000000000000000e+03,4.095000000000000000e+03,0.000000000000000000e+00
4.095000000000000000e+03,0.000000000000000000e+00,0.000000000000000000e+00,4.095000000000000000e+03,4.095000000000000000e+03,0.000000000000000000e+00
4.095000000000000000e+03,0.000000000000000000e+00,0.000000000000000000e+00,4.095000000000000000e+03,4.095000000000000000e+03,0.000000000000000000e+00
4.095000000000000000e+03,0.000000000000000000e+00,0.000000000000000000e+00,4.095000000000000000e+03,4.095000000000000000e+03,0.000000000000000000e+00
4.095000000000000000e+03,0.000000000000000000e+00,0.000000000000000000e+00,4.095000000000000000e+03,4.095000000000000000e+03,0.000000000000000000e+00
4.095000000000000000e+03,0.000000000000000000e+00,0.000000000000000000e+00,4.095000000000000000e+03,4.095000000000000000e+03,0.000000000000000000e+00
4.095000000000000000e+03,0.000000000000000000e+00,0.000000000000000000e+00,4.095000000000000000e+03,4.095000000000000000e+03,0.000000000000000000e+00
4.095000000000000000e+03,0.000000000000000000e+00,0.000000000000000000e+00,4.095000000000000000e+03,4.095000000000000000e+03,0.000000000000000000e+00
4.095000000000000000e+03,0.000000000000000000e+00,0.000000000000000000e+00,4.095000000000000000e+03,4.095000000000000000e+03,0.000000000000000000e+00
4.095000000000000000e+03,0.000000000000000000e+00,0.000000000000000000e+00,4.095000000000000000e+03,4.095000000000000000e+03,0.000000000000000000e+00
4.095000000000000000e+03,0.000000000000000000e+00,0.000000000000000000e+00,4.095000000000000000e+03,4.095000000000000000e+03,0.000000000000000000e+00
4.095000000000000000e+03,0.000000000000000000e+00,0.000000000000000000e+00,4.095000000000000000e+03,4.095000000000000000e+03,0.000000000000000000e+00
4.095000000000000000e+03,0.000000000000000000e+00,3.500000000000000000e+01,4.095000000000000000e+03,4.095000000000000000e+03,0.000000000000000000e+00
4.095000000000000000e+03,0.000000000000000000e+00,0.000000000000000000e+00,4.095000000000000000e+03,4.095000000000000000e+03,0.000000000000000000e+00
4.095000000000000000e+03,0.000000000000000000e+00,0.000000000000000000e+00,4.095000000000000000e+03,4.095000000000000000e+03,0.000000000000000000e+00
4.095000000000000000e+03,0.000000000000000000e+00,0.000000000000000000e+00,4.095000000000000000e+03,4.095000000000000000e+03,0.000000000000000000e+00
4.095000000000000000e+03,0.000000000000000000e+00,0.000000000000000000e+00,4.095000000000000000e+03,4.095000000000000000e+03,0.000000000000000000e+00
4.095000000000000000e+03,0.000000000000000000e+00,0.000000000000000000e+00,4.095000000000000000e+03,4.095000000000000000e+03,0.000000000000000000e+00
4.095000000000000000e+03,0.000000000000000000e+00,0.000000000000000000e+00,4.095000000000000000e+03,4.095000000000000000e+03,0.000000000000000000e+00
4.095000000000000000e+03,0.000000000000000000e+00,0.000000000000000000e+00,4.095000000000000000e+03,4.095000000000000000e+03,0.000000000000000000e+00
4.095000000000000000e+03,0.000000000000000000e+00,0.000000000000000000e+00,4.095000000000000000e+03,4.095000000000000000e+03,0.000000000000000000e+00
4.095000000000000000e+03,0.000000000000000000e+00,0.000000000000000000e+00,4.095000000000000000e+03,4.095000000000000000e+03,0.000000000000000000e+00
4.095000000000000000e+03,0.000000000000000000e+00,0.000000000000000000e+00,4.095000000000000000e+03,4.095000000000000000e+03,0.000000000000000000e+00
4.095000000000000000e+03,0.000000000000000000e+00,0.000000000000000000e+00,4.095000000000000000e+03,4.095000000000000000e+03,0.000000000000000000e+00
4.095000000000000000e+03,0.000000000000000000e+00,0.000000000000000000e+00,4.095000000000000000e+03,4.095000000000000000e+03,0.000000000000000000e+00
4.095000000000000000e+03,0.000000000000000000e+00,1.000000000000000000e+00,4.095000000000000000e+03,4.095000000000000000e+03,0.000000000000000000e+00
4.095000000000000000e+03,0.000000000000000000e+00,1.600000000000000000e+01,4.095000000000000000e+03,4.095000000000000000e+03,0.000000000000000000e+00
4.095000000000000000e+03,0.000000000000000000e+00,1.100000000000000000e+01,4.095000000000000000e+03,4.095000000000000000e+03,0.000000000000000000e+00
4.095000000000000000e+03,0.000000000000000000e+00,1.600000000000000000e+01,4.095000000000000000e+03,4.095000000000000000e+03,0.000000000000000000e+00
4.095000000000000000e+03,0.000000000000000000e+00,0.000000000000000000e+00,4.095000000000000000e+03,4.095000000000000000e+03,0.000000000000000000e+00
4.095000000000000000e+03,0.000000000000000000e+00,0.000000000000000000e+00,4.095000000000000000e+03,4.095000000000000000e+03,0.000000000000000000e+00
4.095000000000000000e+03,0.000000000000000000e+00,0.000000000000000000e+00,4.095000000000000000e+03,4.095000000000000000e+03,0.000000000000000000e+00
4.095000000000000000e+03,0.000000000000000000e+00,0.000000000000000000e+00,4.095000000000000000e+03,4.095000000000000000e+03,0.000000000000000000e+00
4.095000000000000000e+03,0.000000000000000000e+00,0.000000000000000000e+00,4.095000000000000000e+03,4.095000000000000000e+03,0.000000000000000000e+00
4.095000000000000000e+03,0.000000000000000000e+00,0.000000000000000000e+00,4.095000000000000000e+03,4.095000000000000000e+03,0.000000000000000000e+00
4.095000000000000000e+03,0.000000000000000000e+00,0.000000000000000000e+00,4.095000000000000000e+03,4.095000000000000000e+03,0.000000000000000000e+00
4.095000000000000000e+03,0.000000000000000000e+00,0.000000000000000000e+00,4.095000000000000000e+03,4.095000000000000000e+03,0.000000000000000000e+00
4.095000000000000000e+03,0.000000000000000000e+00,0.000000000000000000e+00,4.095000000000000000e+03,4.095000000000000000e+03,0.000000000000000000e+00
4.095000000000000000e+03,0.000000000000000000e+00,0.000000000000000000e+00,4.095000000000000000e+03,4.095000000000000000e+03,0.000000000000000000e+00
4.095000000000000000e+03,0.000000000000000000e+00,0.000000000000000000e+00,4.095000000000000000e+03,4.095000000000000000e+03,0.000000000000000000e+00
4.095000000000000000e+03,0.000000000000000000e+00,0.000000000000000000e+00,4.095000000000000000e+03,4.095000000000000000e+03,0.000000000000000000e+00
4.095000000000000000e+03,0.000000000000000000e+00,0.000000000000000000e+00,4.095000000000000000e+03,4.095000000000000000e+03,0.000000000000000000e+00
4.095000000000000000e+03,0.000000000000000000e+00,0.000000000000000000e+00,4.095000000000000000e+03,4.095000000000000000e+03,0.000000000000000000e+00
4.095000000000000000e+03,0.000000000000000000e+00,0.000000000000000000e+00,4.095000000000000000e+03,4.095000000000000000e+03,0.000000000000000000e+00
4.095000000000000000e+03,0.000000000000000000e+00,0.000000000000000000e+00,4.095000000000000000e+03,4.095000000000000000e+03,0.000000000000000000e+00
4.095000000000000000e+03,0.000000000000000000e+00,0.000000000000000000e+00,4.095000000000000000e+03,4.095000000000000000e+03,0.000000000000000000e+00
4.095000000000000000e+03,0.000000000000000000e+00,0.000000000000000000e+00,4.095000000000000000e+03,4.095000000000000000e+03,0.000000000000000000e+00
4.095000000000000000e+03,0.000000000000000000e+00,0.000000000000000000e+00,4.095000000000000000e+03,4.095000000000000000e+03,0.000000000000000000e+00
4.095000000000000000e+03,0.000000000000000000e+00,0.000000000000000000e+00,4.095000000000000000e+03,4.095000000000000000e+03,0.000000000000000000e+00
4.095000000000000000e+03,0.000000000000000000e+00,0.000000000000000000e+00,4.095000000000000000e+03,4.095000000000000000e+03,0.000000000000000000e+00
4.095000000000000000e+03,0.000000000000000000e+00,0.000000000000000000e+00,4.095000000000000000e+03,4.095000000000000000e+03,0.000000000000000000e+00
4.095000000000000000e+03,0.000000000000000000e+00,0.000000000000000000e+00,4.095000000000000000e+03,4.095000000000000000e+03,0.000000000000000000e+00
4.095000000000000000e+03,0.000000000000000000e+00,0.000000000000000000e+00,4.095000000000000000e+03,4.095000000000000000e+03,0.000000000000000000e+00
4.095000000000000000e+03,0.000000000000000000e+00,0.000000000000000000e+00,4.095000000000000000e+03,4.095000000000000000e+03,0.000000000000000000e+00
4.095000000000000000e+03,0.000000000000000000e+00,0.000000000000000000e+00,4.095000000000000000e+03,4.095000000000000000e+03,0.000000000000000000e+00
4.095000000000000000e+03,0.000000000000000000e+00,0.000000000000000000e+00,4.095000000000000000e+03,4.095000000000000000e+03,0.000000000000000000e+00
4.095000000000000000e+03,0.000000000000000000e+00,0.000000000000000000e+00,4.095000000000000000e+03,4.095000000000000000e+03,0.000000000000000000e+00
4.095000000000000000e+03,0.000000000000000000e+00,0.000000000000000000e+00,4.095000000000000000e+03,4.095000000000000000e+03,0.000000000000000000e+00
4.095000000000000000e+03,0.000000000000000000e+00,0.000000000000000000e+00,4.095000000000000000e+03,4.095000000000000000e+03,0.000000000000000000e+00
4.095000000000000000e+03,0.000000000000000000e+00,0.000000000000000000e+00,4.095000000000000000e+03,4.095000000000000000e+03,0.000000000000000000e+00
4.095000000000000000e+03,0.000000000000000000e+00,0.000000000000000000e+00,4.095000000000000000e+03,4.095000000000000000e+03,0.000000000000000000e+00
4.095000000000000000e+03,0.000000000000000000e+00,0.000000000000000000e+00,4.095000000000000000e+03,4.095000000000000000e+03,0.000000000000000000e+00
4.095000000000000000e+03,0.000000000000000000e+00,0.000000000000000000e+00,4.095000000000000000e+03,4.095000000000000000e+03,0.000000000000000000e+00
4.095000000000000000e+03,0.000000000000000000e+00,0.000000000000000000e+00,4.095000000000000000e+03,4.095000000000000000e+03,0.000000000000000000e+00
4.095000000000000000e+03,0.000000000000000000e+00,0.000000000000000000e+00,4.095000000000000000e+03,4.095000000000000000e+03,0.000000000000000000e+00
4.095000000000000000e+03,0.000000000000000000e+00,4.000000000000000000e+00,4.095000000000000000e+03,4.095000000000000000e+03,0.000000000000000000e+00
4.095000000000000000e+03,0.000000000000000000e+00,0.000000000000000000e+00,4.095000000000000000e+03,4.095000000000000000e+03,0.000000000000000000e+00
4.095000000000000000e+03,0.000000000000000000e+00,0.000000000000000000e+00,4.095000000000000000e+03,4.095000000000000000e+03,0.000000000000000000e+00
4.095000000000000000e+03,0.000000000000000000e+00,0.000000000000000000e+00,4.095000000000000000e+03,4.095000000000000000e+03,0.000000000000000000e+00
4.095000000000000000e+03,0.000000000000000000e+00,0.000000000000000000e+00,4.095000000000000000e+03,4.095000000000000000e+03,0.000000000000000000e+00
4.095000000000000000e+03,0.000000000000000000e+00,0.000000000000000000e+00,4.095000000000000000e+03,4.095000000000000000e+03,0.000000000000000000e+00
4.095000000000000000e+03,0.000000000000000000e+00,0.000000000000000000e+00,4.095000000000000000e+03,4.095000000000000000e+03,0.000000000000000000e+00
4.095000000000000000e+03,0.000000000000000000e+00,0.000000000000000000e+00,4.095000000000000000e+03,4.095000000000000000e+03,0.000000000000000000e+00
4.095000000000000000e+03,0.000000000000000000e+00,0.000000000000000000e+00,4.095000000000000000e+03,4.095000000000000000e+03,0.000000000000000000e+00
4.095000000000000000e+03,0.000000000000000000e+00,0.000000000000000000e+00,4.095000000000000000e+03,4.095000000000000000e+03,0.000000000000000000e+00
4.095000000000000000e+03,0.000000000000000000e+00,1.400000000000000000e+01,4.095000000000000000e+03,4.095000000000000000e+03,0.000000000000000000e+00
4.095000000000000000e+03,0.000000000000000000e+00,0.000000000000000000e+00,4.095000000000000000e+03,4.095000000000000000e+03,0.000000000000000000e+00
4.095000000000000000e+03,0.000000000000000000e+00,0.000000000000000000e+00,4.095000000000000000e+03,4.095000000000000000e+03,0.000000000000000000e+00
4.095000000000000000e+03,0.000000000000000000e+00,0.000000000000000000e+00,4.095000000000000000e+03,4.095000000000000000e+03,0.000000000000000000e+00
4.095000000000000000e+03,0.000000000000000000e+00,0.000000000000000000e+00,4.095000000000000000e+03,4.095000000000000000e+03,0.000000000000000000e+00
4.095000000000000000e+03,0.000000000000000000e+00,0.000000000000000000e+00,4.095000000000000000e+03,4.095000000000000000e+03,0.000000000000000000e+00
4.095000000000000000e+03,0.000000000000000000e+00,0.000000000000000000e+00,4.095000000000000000e+03,4.095000000000000000e+03,0.000000000000000000e+00
4.095000000000000000e+03,0.000000000000000000e+00,0.000000000000000000e+00,4.095000000000000000e+03,4.095000000000000000e+03,0.000000000000000000e+00
4.095000000000000000e+03,0.000000000000000000e+00,0.000000000000000000e+00,4.095000000000000000e+03,4.095000000000000000e+03,0.000000000000000000e+00
4.095000000000000000e+03,0.000000000000000000e+00,0.000000000000000000e+00,4.095000000000000000e+03,4.095000000000000000e+03,0.000000000000000000e+00
4.095000000000000000e+03,0.000000000000000000e+00,0.000000000000000000e+00,4.095000000000000000e+03,4.095000000000000000e+03,0.000000000000000000e+00
4.095000000000000000e+03,0.000000000000000000e+00,0.000000000000000000e+00,4.095000000000000000e+03,4.095000000000000000e+03,0.000000000000000000e+00
4.095000000000000000e+03,0.000000000000000000e+00,0.000000000000000000e+00,4.095000000000000000e+03,4.095000000000000000e+03,0.000000000000000000e+00
4.095000000000000000e+03,0.000000000000000000e+00,0.000000000000000000e+00,4.095000000000000000e+03,4.095000000000000000e+03,0.000000000000000000e+00
4.095000000000000000e+03,0.000000000000000000e+00,0.000000000000000000e+00,4.095000000000000000e+03,4.095000000000000000e+03,0.000000000000000000e+00
4.095000000000000000e+03,0.000000000000000000e+00,0.000000000000000000e+00,4.095000000000000000e+03,4.095000000000000000e+03,0.000000000000000000e+00
4.095000000000000000e+03,0.000000000000000000e+00,0.000000000000000000e+00,4.095000000000000000e+03,4.095000000000000000e+03,0.000000000000000000e+00
4.095000000000000000e+03,0.000000000000000000e+00,0.000000000000000000e+00,4.095000000000000000e+03,4.095000000000000000e+03,0.000000000000000000e+00
4.095000000000000000e+03,0.000000000000000000e+00,0.000000000000000000e+00,4.095000000000000000e+03,4.095000000000000000e+03,0.000000000000000000e+00
4.095000000000000000e+03,0.000000000000000000e+00,0.000000000000000000e+00,4.095000000000000000e+03,4.095000000000000000e+03,0.000000000000000000e+00
4.095000000000000000e+03,0.000000000000000000e+00,0.000000000000000000e+00,4.095000000000000000e+03,4.095000000000000000e+03,0.000000000000000000e+00
4.095000000000000000e+03,0.000000000000000000e+00,0.000000000000000000e+00,4.095000000000000000e+03,4.095000000000000000e+03,0.000000000000000000e+00
4.095000000000000000e+03,0.000000000000000000e+00,0.000000000000000000e+00,4.095000000000000000e+03,4.095000000000000000e+03,0.000000000000000000e+00
4.095000000000000000e+03,0.000000000000000000e+00,0.000000000000000000e+00,4.095000000000000000e+03,4.095000000000000000e+03,0.000000000000000000e+00
4.095000000000000000e+03,0.000000000000000000e+00,1.300000000000000000e+01,4.095000000000000000e+03,4.095000000000000000e+03,0.000000000000000000e+00
4.095000000000000000e+03,0.000000000000000000e+00,0.000000000000000000e+00,4.095000000000000000e+03,4.095000000000000000e+03,0.000000000000000000e+00
4.095000000000000000e+03,0.000000000000000000e+00,0.000000000000000000e+00,4.095000000000000000e+03,4.095000000000000000e+03,0.000000000000000000e+00
4.095000000000000000e+03,0.000000000000000000e+00,0.000000000000000000e+00,4.095000000000000000e+03,4.095000000000000000e+03,0.000000000000000000e+00
4.095000000000000000e+03,0.000000000000000000e+00,0.000000000000000000e+00,4.095000000000000000e+03,4.095000000000000000e+03,0.000000000000000000e+00
4.095000000000000000e+03,0.000000000000000000e+00,0.000000000000000000e+00,4.095000000000000000e+03,4.095000000000000000e+03,0.000000000000000000e+00
4.095000000000000000e+03,0.000000000000000000e+00,0.000000000000000000e+00,4.095000000000000000e+03,4.095000000000000000e+03,0.000000000000000000e+00
4.095000000000000000e+03,0.000000000000000000e+00,0.000000000000000000e+00,4.095000000000000000e+03,4.095000000000000000e+03,0.000000000000000000e+00
4.095000000000000000e+03,0.000000000000000000e+00,0.000000000000000000e+00,4.095000000000000000e+03,4.095000000000000000e+03,0.000000000000000000e+00
4.095000000000000000e+03,0.000000000000000000e+00,0.000000000000000000e+00,4.095000000000000000e+03,4.095000000000000000e+03,0.000000000000000000e+00
4.095000000000000000e+03,0.000000000000000000e+00,1.700000000000000000e+01,4.095000000000000000e+03,4.095000000000000000e+03,0.000000000000000000e+00
4.095000000000000000e+03,0.000000000000000000e+00,0.000000000000000000e+00,4.095000000000000000e+03,4.095000000000000000e+03,0.000000000000000000e+00
4.095000000000000000e+03,0.000000000000000000e+00,0.000000000000000000e+00,4.095000000000000000e+03,4.095000000000000000e+03,0.000000000000000000e+00
4.095000000000000000e+03,0.000000000000000000e+00,0.000000000000000000e+00,4.095000000000000000e+03,4.095000000000000000e+03,0.000000000000000000e+00
4.095000000000000000e+03,0.000000000000000000e+00,0.000000000000000000e+00,4.095000000000000000e+03,4.095000000000000000e+03,0.000000000000000000e+00
4.095000000000000000e+03,0.000000000000000000e+00,0.000000000000000000e+00,4.095000000000000000e+03,4.095000000000000000e+03,0.000000000000000000e+00
4.095000000000000000e+03,0.000000000000000000e+00,2.000000000000000000e+00,4.095000000000000000e+03,4.095000000000000000e+03,0.000000000000000000e+00
4.095000000000000000e+03,0.000000000000000000e+00,0.000000000000000000e+00,4.095000000000000000e+03,4.095000000000000000e+03,0.000000000000000000e+00
4.095000000000000000e+03,0.000000000000000000e+00,0.000000000000000000e+00,4.095000000000000000e+03,4.095000000000000000e+03,0.000000000000000000e+00
4.095000000000000000e+03,0.000000000000000000e+00,0.000000000000000000e+00,4.095000000000000000e+03,4.095000000000000000e+03,0.000000000000000000e+00
4.095000000000000000e+03,0.000000000000000000e+00,0.000000000000000000e+00,4.095000000000000000e+03,4.095000000000000000e+03,0.000000000000000000e+00
4.095000000000000000e+03,0.000000000000000000e+00,0.000000000000000000e+00,4.095000000000000000e+03,4.095000000000000000e+03,0.000000000000000000e+00
