5.699999999999999512e-01,-9.899999999999999911e-01,7.549999999999999822e+00
4.199999999999999845e-01,-1.120000000000000107e+00,7.070000000000000284e+00
4.799999999999999822e-01,-9.300000000000000488e-01,7.419999999999999929e+00
6.999999999999999556e-01,-8.699999999999999956e-01,7.440000000000000391e+00
6.400000000000000133e-01,-9.300000000000000488e-01,7.190000000000000391e+00
4.199999999999999845e-01,-1.050000000000000044e+00,7.240000000000000213e+00
5.799999999999999600e-01,-9.000000000000000222e-01,7.049999999999999822e+00
8.599999999999999867e-01,-1.159999999999999920e+00,7.099999999999999645e+00
5.899999999999999689e-01,-1.000000000000000000e+00,6.959999999999999964e+00
7.199999999999999734e-01,-9.200000000000000400e-01,7.219999999999999751e+00
4.799999999999999822e-01,-9.499999999999999556e-01,7.410000000000000142e+00
2.500000000000000000e-01,-1.330000000000000071e+00,7.730000000000000426e+00
5.500000000000000444e-01,-1.090000000000000080e+00,7.559999999999999609e+00
1.139999999999999902e+00,-1.090000000000000080e+00,7.490000000000000213e+00
7.199999999999999734e-01,-1.120000000000000107e+00,7.839999999999999858e+00
1.300000000000000044e-01,-6.999999999999999556e-01,7.919999999999999929e+00
1.260000000000000009e+00,-5.600000000000000533e-01,7.839999999999999858e+00
1.189999999999999947e+00,-5.400000000000000355e-01,7.400000000000000355e+00
1.250000000000000000e+00,-7.600000000000000089e-01,7.559999999999999609e+00
1.360000000000000098e+00,-3.599999999999999867e-01,7.679999999999999716e+00
7.500000000000000000e-01,-1.120000000000000107e+00,7.730000000000000426e+00
7.800000000000000266e-01,-1.419999999999999929e+00,7.849999999999999645e+00
1.280000000000000027e+00,-2.000000000000000000e+00,7.849999999999999645e+00
1.020000000000000018e+00,-2.459999999999999964e+00,8.179999999999999716e+00
1.260000000000000009e+00,-2.120000000000000107e+00,8.460000000000000853e+00
1.360000000000000098e+00,-8.499999999999999778e-01,8.560000000000000497e+00
1.800000000000000044e+00,-1.010000000000000009e+00,8.830000000000000071e+00
1.449999999999999956e+00,-1.060000000000000053e+00,8.980000000000000426e+00
1.030000000000000027e+00,5.000000000000000278e-02,9.140000000000000568e+00
1.010000000000000009e+00,-8.999999999999999667e-02,9.289999999999999147e+00
5.400000000000000355e-01,4.000000000000000083e-02,9.400000000000000355e+00
7.399999999999999911e-01,7.900000000000000355e-01,9.380000000000000782e+00
8.100000000000000533e-01,7.800000000000000266e-01,9.470000000000000639e+00
9.200000000000000400e-01,8.599999999999999867e-01,9.500000000000000000e+00
1.060000000000000053e+00,1.399999999999999911e+00,9.509999999999999787e+00
1.429999999999999938e+00,1.840000000000000080e+00,9.599999999999999645e+00
2.009999999999999787e+00,1.689999999999999947e+00,9.679999999999999716e+00
1.229999999999999982e+00,1.879999999999999893e+00,9.740000000000000213e+00
1.570000000000000062e+00,1.699999999999999956e+00,9.830000000000000071e+00
1.239999999999999991e+00,1.560000000000000053e+00,1.003999999999999915e+01
9.100000000000000311e-01,2.029999999999999805e+00,1.025999999999999979e+01
1.159999999999999920e+00,2.319999999999999840e+00,1.032000000000000028e+01
1.239999999999999991e+00,1.780000000000000027e+00,1.049000000000000021e+01
8.199999999999999512e-01,1.949999999999999956e+00,1.058999999999999986e+01
1.560000000000000053e+00,2.250000000000000000e+00,1.052999999999999936e+01
1.300000000000000044e+00,2.600000000000000089e+00,1.057000000000000028e+01
1.669999999999999929e+00,3.299999999999999822e+00,1.060999999999999943e+01
1.850000000000000089e+00,4.209999999999999964e+00,1.077999999999999936e+01
2.540000000000000036e+00,4.389999999999999680e+00,1.107000000000000028e+01
2.549999999999999822e+00,5.280000000000000249e+00,1.130000000000000071e+01
2.649999999999999911e+00,6.780000000000000249e+00,1.149000000000000021e+01
3.490000000000000213e+00,7.459999999999999964e+00,1.175000000000000000e+01
3.189999999999999947e+00,8.929999999999999716e+00,1.182000000000000028e+01
2.890000000000000124e+00,9.650000000000000355e+00,1.191000000000000014e+01
2.560000000000000053e+00,1.043999999999999950e+01,1.189000000000000057e+01
2.319999999999999840e+00,1.180000000000000071e+01,1.194999999999999929e+01
1.570000000000000062e+00,1.161999999999999922e+01,1.173000000000000043e+01
5.000000000000000000e-01,1.174000000000000021e+01,1.147000000000000064e+01
-1.499999999999999944e-01,1.208999999999999986e+01,1.117999999999999972e+01
1.000000000000000056e-01,1.215000000000000036e+01,1.083999999999999986e+01
-5.999999999999999778e-02,1.210999999999999943e+01,1.042999999999999972e+01
-2.000000000000000042e-02,1.276999999999999957e+01,1.017999999999999972e+01
1.600000000000000033e-01,1.250000000000000000e+01,9.800000000000000711e+00
-4.899999999999999911e-01,1.275000000000000000e+01,9.439999999999999503e+00
-3.699999999999999956e-01,1.350999999999999979e+01,9.349999999999999645e+00
-1.060000000000000053e+00,1.374000000000000021e+01,8.880000000000000782e+00
-1.760000000000000009e+00,1.363000000000000078e+01,8.460000000000000853e+00
-1.820000000000000062e+00,1.439000000000000057e+01,8.259999999999999787e+00
-2.140000000000000124e+00,1.427999999999999936e+01,8.039999999999999147e+00
-2.459999999999999964e+00,1.358000000000000007e+01,7.700000000000000178e+00
-1.159999999999999920e+00,1.346000000000000085e+01,7.839999999999999858e+00
-1.199999999999999956e-01,1.247000000000000064e+01,7.759999999999999787e+00
-6.400000000000000133e-01,1.190000000000000036e+01,7.500000000000000000e+00
2.899999999999999800e-01,1.191999999999999993e+01,7.559999999999999609e+00
-8.800000000000000044e-01,1.180000000000000071e+01,7.099999999999999645e+00
-7.700000000000000178e-01,1.098000000000000043e+01,6.860000000000000320e+00
-6.400000000000000133e-01,1.075999999999999979e+01,6.650000000000000355e+00
-1.000000000000000000e+00,1.067999999999999972e+01,6.349999999999999645e+00
-1.129999999999999893e+00,9.839999999999999858e+00,6.120000000000000107e+00
-9.100000000000000311e-01,9.470000000000000639e+00,5.900000000000000355e+00
-9.899999999999999911e-01,9.519999999999999574e+00,5.750000000000000000e+00
-1.090000000000000080e+00,9.099999999999999645e+00,5.570000000000000284e+00
-2.200000000000000011e-01,8.160000000000000142e+00,5.570000000000000284e+00
1.290000000000000036e+00,7.309999999999999609e+00,5.700000000000000178e+00
2.930000000000000160e+00,6.129999999999999893e+00,6.169999999999999929e+00
3.669999999999999929e+00,5.000000000000000000e+00,6.679999999999999716e+00
5.379999999999999893e+00,4.120000000000000107e+00,7.299999999999999822e+00
6.150000000000000355e+00,3.390000000000000124e+00,8.000000000000000000e+00
6.299999999999999822e+00,3.870000000000000107e+00,8.890000000000000568e+00
5.259999999999999787e+00,4.070000000000000284e+00,9.310000000000000497e+00
5.639999999999999680e+00,3.830000000000000071e+00,9.550000000000000711e+00
6.169999999999999929e+00,3.399999999999999911e+00,9.990000000000000213e+00
7.160000000000000142e+00,2.140000000000000124e+00,1.047000000000000064e+01
7.049999999999999822e+00,2.330000000000000071e+00,1.073000000000000043e+01
7.780000000000000249e+00,2.160000000000000142e+00,1.096000000000000085e+01
8.560000000000000497e+00,1.699999999999999956e+00,1.116999999999999993e+01
9.869999999999999218e+00,1.399999999999999911e+00,1.122000000000000064e+01
1.050000000000000000e+01,2.089999999999999858e+00,1.123000000000000043e+01
9.289999999999999147e+00,2.750000000000000000e+00,1.099000000000000021e+01
7.150000000000000355e+00,3.479999999999999982e+00,1.021000000000000085e+01
5.320000000000000284e+00,3.839999999999999858e+00,9.259999999999999787e+00
4.639999999999999680e+00,3.540000000000000036e+00,8.210000000000000853e+00
5.410000000000000142e+00,3.970000000000000195e+00,7.309999999999999609e+00
6.379999999999999893e+00,4.650000000000000355e+00,6.549999999999999822e+00
7.610000000000000320e+00,5.500000000000000000e+00,5.950000000000000178e+00
7.929999999999999716e+00,6.190000000000000391e+00,5.589999999999999858e+00
8.619999999999999218e+00,6.459999999999999964e+00,5.490000000000000213e+00
9.480000000000000426e+00,6.360000000000000320e+00,5.940000000000000391e+00
1.009999999999999964e+01,5.790000000000000036e+00,6.250000000000000000e+00
1.043999999999999950e+01,5.379999999999999893e+00,6.759999999999999787e+00
1.124000000000000021e+01,4.620000000000000107e+00,7.419999999999999929e+00
1.273000000000000043e+01,4.349999999999999645e+00,8.250000000000000000e+00
1.292999999999999972e+01,3.870000000000000107e+00,9.220000000000000639e+00
1.305000000000000071e+01,2.899999999999999911e+00,1.072000000000000064e+01
1.249000000000000021e+01,2.640000000000000124e+00,1.194999999999999929e+01
1.300000000000000000e+01,1.610000000000000098e+00,1.300999999999999979e+01
1.241999999999999993e+01,1.020000000000000018e+00,1.432000000000000028e+01
1.228999999999999915e+01,6.800000000000000488e-01,1.514000000000000057e+01
1.113000000000000078e+01,1.499999999999999944e-01,1.578999999999999915e+01
1.008999999999999986e+01,2.200000000000000011e-01,1.635999999999999943e+01
9.599999999999999645e+00,-1.400000000000000133e-01,1.687999999999999901e+01
9.050000000000000711e+00,-8.800000000000000044e-01,1.742999999999999972e+01
8.019999999999999574e+00,-8.199999999999999512e-01,1.787999999999999901e+01
6.839999999999999858e+00,-9.399999999999999467e-01,1.814000000000000057e+01
6.240000000000000213e+00,-7.399999999999999911e-01,1.807999999999999829e+01
6.990000000000000213e+00,-5.799999999999999600e-01,1.775000000000000000e+01
6.660000000000000142e+00,-5.000000000000000278e-02,1.782999999999999829e+01
7.360000000000000320e+00,2.700000000000000178e-01,1.771999999999999886e+01
7.509999999999999787e+00,2.129999999999999893e+00,1.771999999999999886e+01
7.759999999999999787e+00,3.330000000000000071e+00,1.775000000000000000e+01
7.910000000000000142e+00,3.649999999999999911e+00,1.767000000000000171e+01
7.910000000000000142e+00,3.879999999999999893e+00,1.746000000000000085e+01
8.449999999999999289e+00,4.030000000000000249e+00,1.719999999999999929e+01
7.940000000000000391e+00,4.450000000000000178e+00,1.662999999999999901e+01
8.000000000000000000e+00,4.820000000000000284e+00,1.566999999999999993e+01
8.160000000000000142e+00,3.640000000000000124e+00,1.508000000000000007e+01
9.859999999999999432e+00,2.470000000000000195e+00,1.449000000000000021e+01
1.127999999999999936e+01,1.449999999999999956e+00,1.411999999999999922e+01
1.227999999999999936e+01,1.900000000000000022e-01,1.384999999999999964e+01
1.185999999999999943e+01,-4.400000000000000022e-01,1.381000000000000050e+01
1.284999999999999964e+01,-5.899999999999999689e-01,1.388000000000000078e+01
1.218999999999999950e+01,2.999999999999999889e-02,1.428999999999999915e+01
1.335999999999999943e+01,5.999999999999999778e-01,1.461999999999999922e+01
1.316000000000000014e+01,1.320000000000000062e+00,1.474000000000000021e+01
1.216999999999999993e+01,1.370000000000000107e+00,1.476999999999999957e+01
1.258000000000000007e+01,1.100000000000000089e+00,1.492999999999999972e+01
1.368999999999999950e+01,8.199999999999999512e-01,1.497000000000000064e+01
1.377999999999999936e+01,2.800000000000000266e-01,1.500000000000000000e+01
1.452999999999999936e+01,7.500000000000000000e-01,1.528999999999999915e+01
1.466000000000000014e+01,8.699999999999999956e-01,1.558000000000000007e+01
1.621999999999999886e+01,3.499999999999999778e-01,1.605999999999999872e+01
1.568999999999999950e+01,8.000000000000000167e-02,1.671000000000000085e+01
1.594999999999999929e+01,2.399999999999999911e-01,1.719999999999999929e+01
1.450999999999999979e+01,2.020000000000000018e+00,1.776000000000000156e+01
1.343999999999999950e+01,3.700000000000000178e+00,1.801000000000000156e+01
1.351999999999999957e+01,5.209999999999999964e+00,1.821000000000000085e+01
1.336999999999999922e+01,6.230000000000000426e+00,1.839999999999999858e+01
1.419999999999999929e+01,6.509999999999999787e+00,1.896000000000000085e+01
1.532000000000000028e+01,6.360000000000000320e+00,1.960000000000000142e+01
1.533000000000000007e+01,5.589999999999999858e+00,2.032000000000000028e+01
1.491000000000000014e+01,5.700000000000000178e+00,2.098000000000000043e+01
1.492999999999999972e+01,6.339999999999999858e+00,2.169000000000000128e+01
1.377999999999999936e+01,6.669999999999999929e+00,2.214000000000000057e+01
1.318999999999999950e+01,6.809999999999999609e+00,2.301999999999999957e+01
1.206000000000000050e+01,6.650000000000000355e+00,2.355999999999999872e+01
1.088000000000000078e+01,6.200000000000000178e+00,2.385999999999999943e+01
9.330000000000000071e+00,5.459999999999999964e+00,2.419999999999999929e+01
7.599999999999999645e+00,4.519999999999999574e+00,2.419000000000000128e+01
5.849999999999999645e+00,3.209999999999999964e+00,2.416000000000000014e+01
4.320000000000000284e+00,2.799999999999999822e+00,2.376000000000000156e+01
1.929999999999999938e+00,1.409999999999999920e+00,2.362999999999999901e+01
9.300000000000000488e-01,-5.600000000000000533e-01,2.333999999999999986e+01
-5.000000000000000000e-01,-2.399999999999999911e+00,2.273999999999999844e+01
-8.900000000000000133e-01,-3.680000000000000160e+00,2.210000000000000142e+01
-8.100000000000000533e-01,-4.660000000000000142e+00,2.142000000000000171e+01
-1.659999999999999920e+00,-5.780000000000000249e+00,2.094000000000000128e+01
-1.300000000000000044e+00,-5.730000000000000426e+00,2.026000000000000156e+01
-1.919999999999999929e+00,-5.259999999999999787e+00,1.967999999999999972e+01
-2.060000000000000053e+00,-5.259999999999999787e+00,1.898000000000000043e+01
-1.209999999999999964e+00,-4.650000000000000355e+00,1.857000000000000028e+01
-5.600000000000000533e-01,-5.099999999999999645e+00,1.808999999999999986e+01
-1.429999999999999938e+00,-5.250000000000000000e+00,1.807999999999999829e+01
-2.049999999999999822e+00,-5.339999999999999858e+00,1.798000000000000043e+01
-2.310000000000000053e+00,-5.179999999999999716e+00,1.776999999999999957e+01
-1.699999999999999956e+00,-4.940000000000000391e+00,1.732000000000000028e+01
-1.600000000000000089e+00,-5.209999999999999964e+00,1.680999999999999872e+01
-1.760000000000000009e+00,-5.379999999999999893e+00,1.646999999999999886e+01
-1.219999999999999973e+00,-4.259999999999999787e+00,1.598000000000000043e+01
4.199999999999999845e-01,-2.729999999999999982e+00,1.544999999999999929e+01
1.459999999999999964e+00,-1.219999999999999973e+00,1.511999999999999922e+01
4.009999999999999787e+00,1.499999999999999944e-01,1.490000000000000036e+01
6.009999999999999787e+00,8.199999999999999512e-01,1.509999999999999964e+01
7.410000000000000142e+00,2.310000000000000053e+00,1.542999999999999972e+01
8.320000000000000284e+00,2.830000000000000071e+00,1.585999999999999943e+01
8.859999999999999432e+00,3.120000000000000107e+00,1.612000000000000099e+01
8.750000000000000000e+00,3.879999999999999893e+00,1.632999999999999829e+01
8.140000000000000568e+00,3.770000000000000018e+00,1.637999999999999901e+01
7.719999999999999751e+00,3.850000000000000089e+00,1.621999999999999886e+01
6.769999999999999574e+00,3.310000000000000053e+00,1.593999999999999950e+01
6.620000000000000107e+00,3.049999999999999822e+00,1.591000000000000014e+01
7.650000000000000355e+00,2.990000000000000213e+00,1.581000000000000050e+01
8.070000000000000284e+00,3.229999999999999982e+00,1.591999999999999993e+01
8.099999999999999645e+00,2.589999999999999858e+00,1.607999999999999829e+01
1.018999999999999950e+01,2.390000000000000124e+00,1.617000000000000171e+01
1.100999999999999979e+01,1.040000000000000036e+00,1.655999999999999872e+01
1.223000000000000043e+01,2.999999999999999889e-02,1.685000000000000142e+01
1.298000000000000043e+01,-2.700000000000000178e-01,1.726000000000000156e+01
1.298000000000000043e+01,-1.000000000000000000e+00,1.771999999999999886e+01
1.400999999999999979e+01,-1.219999999999999973e+00,1.828000000000000114e+01
1.502999999999999936e+01,-1.899999999999999911e+00,1.883999999999999986e+01
1.591000000000000014e+01,-2.270000000000000018e+00,1.991000000000000014e+01
1.730000000000000071e+01,-2.240000000000000213e+00,2.094000000000000128e+01
1.801000000000000156e+01,-1.639999999999999902e+00,2.201999999999999957e+01
1.757999999999999829e+01,-3.400000000000000244e-01,2.342999999999999972e+01
1.776000000000000156e+01,1.860000000000000098e+00,2.530999999999999872e+01
1.653000000000000114e+01,3.330000000000000071e+00,2.682000000000000028e+01
1.510999999999999943e+01,4.030000000000000249e+00,2.794000000000000128e+01
1.589000000000000057e+01,5.240000000000000213e+00,2.914000000000000057e+01
1.559999999999999964e+01,6.230000000000000426e+00,2.985999999999999943e+01
1.483999999999999986e+01,6.940000000000000391e+00,3.032000000000000028e+01
1.588000000000000078e+01,7.179999999999999716e+00,3.073000000000000043e+01
1.689000000000000057e+01,7.379999999999999893e+00,3.132000000000000028e+01
1.560999999999999943e+01,7.349999999999999645e+00,3.157999999999999829e+01
1.566000000000000014e+01,7.290000000000000036e+00,3.192000000000000171e+01
1.515000000000000036e+01,7.009999999999999787e+00,3.234000000000000341e+01
1.458999999999999986e+01,6.860000000000000320e+00,3.252000000000000313e+01
1.422000000000000064e+01,6.330000000000000071e+00,3.321999999999999886e+01
1.372000000000000064e+01,5.900000000000000355e+00,3.378000000000000114e+01
1.427999999999999936e+01,6.330000000000000071e+00,3.460000000000000142e+01
1.452999999999999936e+01,7.139999999999999680e+00,3.521000000000000085e+01
1.516000000000000014e+01,8.230000000000000426e+00,3.557999999999999829e+01
1.598000000000000043e+01,8.640000000000000568e+00,3.589000000000000057e+01
1.626999999999999957e+01,1.008999999999999986e+01,3.628999999999999915e+01
1.502999999999999936e+01,1.027999999999999936e+01,3.645000000000000284e+01
1.414000000000000057e+01,1.017999999999999972e+01,3.620000000000000284e+01
1.350000000000000000e+01,9.099999999999999645e+00,3.582000000000000028e+01
1.225999999999999979e+01,8.259999999999999787e+00,3.524000000000000199e+01
1.147000000000000064e+01,6.940000000000000391e+00,3.438000000000000256e+01
1.209999999999999964e+01,5.559999999999999609e+00,3.359000000000000341e+01
1.175000000000000000e+01,5.059999999999999609e+00,3.317000000000000171e+01
1.218999999999999950e+01,3.779999999999999805e+00,3.261999999999999744e+01
1.166999999999999993e+01,2.910000000000000142e+00,3.242000000000000171e+01
1.300999999999999979e+01,3.709999999999999964e+00,3.232999999999999829e+01
1.156000000000000050e+01,3.549999999999999822e+00,3.213000000000000256e+01
1.053999999999999915e+01,3.430000000000000160e+00,3.187999999999999901e+01
1.073000000000000043e+01,3.080000000000000071e+00,3.189999999999999858e+01
1.060999999999999943e+01,3.549999999999999822e+00,3.198999999999999844e+01
1.105000000000000071e+01,3.939999999999999947e+00,3.217000000000000171e+01
9.970000000000000639e+00,4.690000000000000391e+00,3.218999999999999773e+01
8.750000000000000000e+00,6.099999999999999645e+00,3.203999999999999915e+01
7.730000000000000426e+00,7.169999999999999929e+00,3.157000000000000028e+01
8.279999999999999361e+00,7.290000000000000036e+00,3.137000000000000099e+01
7.929999999999999716e+00,8.060000000000000497e+00,3.096999999999999886e+01
7.809999999999999609e+00,8.740000000000000213e+00,3.078000000000000114e+01
7.730000000000000426e+00,9.369999999999999218e+00,3.057999999999999829e+01
7.429999999999999716e+00,9.060000000000000497e+00,3.032999999999999829e+01
6.959999999999999964e+00,8.380000000000000782e+00,2.994000000000000128e+01
6.910000000000000142e+00,8.089999999999999858e+00,2.958999999999999986e+01
6.610000000000000320e+00,7.769999999999999574e+00,2.903999999999999915e+01
6.120000000000000107e+00,6.629999999999999893e+00,2.866000000000000014e+01
6.120000000000000107e+00,5.730000000000000426e+00,2.814999999999999858e+01
6.410000000000000142e+00,5.009999999999999787e+00,2.796999999999999886e+01
5.849999999999999645e+00,3.870000000000000107e+00,2.785000000000000142e+01
5.750000000000000000e+00,3.020000000000000018e+00,2.783999999999999986e+01
6.240000000000000213e+00,2.520000000000000018e+00,2.805999999999999872e+01
6.400000000000000355e+00,2.259999999999999787e+00,2.826999999999999957e+01
7.410000000000000142e+00,1.629999999999999893e+00,2.864000000000000057e+01
8.650000000000000355e+00,6.700000000000000400e-01,2.887999999999999901e+01
9.230000000000000426e+00,2.800000000000000266e-01,2.932000000000000028e+01
1.036999999999999922e+01,3.400000000000000244e-01,2.964999999999999858e+01
1.021000000000000085e+01,-0.000000000000000000e+00,2.992999999999999972e+01
1.199000000000000021e+01,1.300000000000000044e+00,3.019999999999999929e+01
1.257000000000000028e+01,3.009999999999999787e+00,3.046999999999999886e+01
1.244999999999999929e+01,3.950000000000000178e+00,3.057999999999999829e+01
1.225999999999999979e+01,4.919999999999999929e+00,3.037999999999999901e+01
1.273000000000000043e+01,5.500000000000000000e+00,3.005000000000000071e+01
1.301999999999999957e+01,6.419999999999999929e+00,2.955999999999999872e+01
1.282000000000000028e+01,7.299999999999999822e+00,2.885999999999999943e+01
1.190000000000000036e+01,7.639999999999999680e+00,2.792999999999999972e+01
1.155000000000000071e+01,7.320000000000000284e+00,2.698000000000000043e+01
1.139000000000000057e+01,7.030000000000000249e+00,2.580999999999999872e+01
1.216000000000000014e+01,7.030000000000000249e+00,2.517000000000000171e+01
1.292999999999999972e+01,7.429999999999999716e+00,2.483999999999999986e+01
1.328999999999999915e+01,7.820000000000000284e+00,2.512999999999999901e+01
1.286999999999999922e+01,7.480000000000000426e+00,2.548999999999999844e+01
1.158999999999999986e+01,7.540000000000000036e+00,2.558999999999999986e+01
1.085999999999999943e+01,6.660000000000000142e+00,2.596000000000000085e+01
1.073000000000000043e+01,4.879999999999999893e+00,2.626000000000000156e+01
1.072000000000000064e+01,2.620000000000000107e+00,2.655999999999999872e+01
1.066999999999999993e+01,4.799999999999999822e-01,2.691000000000000014e+01
1.058000000000000007e+01,-1.520000000000000018e+00,2.728000000000000114e+01
1.002999999999999936e+01,-2.700000000000000178e+00,2.762999999999999901e+01
9.070000000000000284e+00,-2.689999999999999947e+00,2.794999999999999929e+01
9.199999999999999289e+00,-1.860000000000000098e+00,2.826000000000000156e+01
9.410000000000000142e+00,-1.850000000000000089e+00,2.839999999999999858e+01
8.750000000000000000e+00,-2.180000000000000160e+00,2.869999999999999929e+01
8.710000000000000853e+00,-2.439999999999999947e+00,2.914999999999999858e+01
8.490000000000000213e+00,-3.180000000000000160e+00,2.941000000000000014e+01
7.080000000000000071e+00,-4.349999999999999645e+00,2.998000000000000043e+01
6.799999999999999822e+00,-6.110000000000000320e+00,3.030999999999999872e+01
6.339999999999999858e+00,-7.190000000000000391e+00,3.064000000000000057e+01
5.820000000000000284e+00,-7.450000000000000178e+00,3.117999999999999972e+01
6.009999999999999787e+00,-6.410000000000000142e+00,3.151999999999999957e+01
6.629999999999999893e+00,-5.679999999999999716e+00,3.157000000000000028e+01
6.799999999999999822e+00,-4.250000000000000000e+00,3.142000000000000171e+01
5.969999999999999751e+00,-3.290000000000000036e+00,3.119999999999999929e+01
6.969999999999999751e+00,-2.890000000000000124e+00,3.067000000000000171e+01
7.070000000000000284e+00,-2.169999999999999929e+00,3.008999999999999986e+01
8.349999999999999645e+00,-1.600000000000000089e+00,2.953999999999999915e+01
9.570000000000000284e+00,-1.040000000000000036e+00,2.901999999999999957e+01
1.042999999999999972e+01,-1.120000000000000107e+00,2.869000000000000128e+01
1.058999999999999986e+01,-1.120000000000000107e+00,2.837999999999999901e+01
9.710000000000000853e+00,-4.699999999999999734e-01,2.792999999999999972e+01
9.630000000000000782e+00,-7.099999999999999645e-01,2.755999999999999872e+01
9.150000000000000355e+00,-5.699999999999999512e-01,2.703999999999999915e+01
8.560000000000000497e+00,-2.600000000000000089e-01,2.657999999999999829e+01
8.269999999999999574e+00,2.800000000000000266e-01,2.596000000000000085e+01
9.599999999999999645e+00,1.370000000000000107e+00,2.533999999999999986e+01
9.830000000000000071e+00,2.040000000000000036e+00,2.510999999999999943e+01
1.121000000000000085e+01,2.379999999999999893e+00,2.505000000000000071e+01
1.169999999999999929e+01,2.939999999999999947e+00,2.512999999999999901e+01
1.321000000000000085e+01,2.839999999999999858e+00,2.542000000000000171e+01
1.294999999999999929e+01,2.330000000000000071e+00,2.585999999999999943e+01
1.248000000000000043e+01,8.199999999999999512e-01,2.648999999999999844e+01
1.141000000000000014e+01,-7.000000000000000666e-02,2.707999999999999829e+01
1.216000000000000014e+01,-1.020000000000000018e+00,2.757999999999999829e+01
1.156000000000000050e+01,-2.720000000000000195e+00,2.842999999999999972e+01
1.044999999999999929e+01,-3.509999999999999787e+00,2.885000000000000142e+01
9.660000000000000142e+00,-4.309999999999999609e+00,2.910999999999999943e+01
1.032000000000000028e+01,-4.070000000000000284e+00,2.912999999999999901e+01
1.027999999999999936e+01,-4.200000000000000178e+00,2.932999999999999829e+01
1.189000000000000057e+01,-3.490000000000000213e+00,2.948999999999999844e+01
1.099000000000000021e+01,-3.129999999999999893e+00,2.983999999999999986e+01
1.153999999999999915e+01,-3.000000000000000000e+00,3.019999999999999929e+01
1.180000000000000071e+01,-2.279999999999999805e+00,3.053999999999999915e+01
1.244999999999999929e+01,-1.310000000000000053e+00,3.067999999999999972e+01
1.326999999999999957e+01,-2.399999999999999911e-01,3.096999999999999886e+01
1.519999999999999929e+01,2.899999999999999800e-01,3.130000000000000071e+01
1.477999999999999936e+01,1.239999999999999991e+00,3.176999999999999957e+01
1.491999999999999993e+01,2.720000000000000195e+00,3.221000000000000085e+01
1.515000000000000036e+01,3.959999999999999964e+00,3.257999999999999829e+01
1.486999999999999922e+01,4.950000000000000178e+00,3.303000000000000114e+01
1.465000000000000036e+01,5.559999999999999609e+00,3.352000000000000313e+01
1.307000000000000028e+01,6.290000000000000036e+00,3.386999999999999744e+01
1.080000000000000071e+01,6.299999999999999822e+00,3.396999999999999886e+01
8.810000000000000497e+00,6.160000000000000142e+00,3.404999999999999716e+01
8.130000000000000782e+00,4.990000000000000213e+00,3.409000000000000341e+01
7.669999999999999929e+00,3.709999999999999964e+00,3.400000000000000000e+01
7.320000000000000284e+00,2.859999999999999876e+00,3.400000000000000000e+01
7.049999999999999822e+00,2.740000000000000213e+00,3.395000000000000284e+01
7.129999999999999893e+00,2.169999999999999929e+00,3.414999999999999858e+01
7.190000000000000391e+00,7.900000000000000355e-01,3.482000000000000028e+01
6.740000000000000213e+00,2.600000000000000089e-01,3.553999999999999915e+01
4.740000000000000213e+00,-3.400000000000000244e-01,3.643999999999999773e+01
3.700000000000000178e+00,-6.600000000000000311e-01,3.713000000000000256e+01
1.949999999999999956e+00,-5.899999999999999689e-01,3.768999999999999773e+01
9.799999999999999822e-01,-7.099999999999999645e-01,3.759000000000000341e+01
1.600000000000000033e-01,-1.310000000000000053e+00,3.732999999999999829e+01
7.099999999999999645e-01,-2.009999999999999787e+00,3.682000000000000028e+01
1.389999999999999902e+00,-2.640000000000000124e+00,3.610999999999999943e+01
3.319999999999999840e+00,-2.879999999999999893e+00,3.572999999999999687e+01
5.099999999999999645e+00,-3.180000000000000160e+00,3.556000000000000227e+01
6.940000000000000391e+00,-3.060000000000000053e+00,3.561999999999999744e+01
7.709999999999999964e+00,-1.659999999999999920e+00,3.567000000000000171e+01
8.279999999999999361e+00,-1.900000000000000022e-01,3.582000000000000028e+01
7.799999999999999822e+00,9.000000000000000222e-01,3.610999999999999943e+01
7.269999999999999574e+00,1.540000000000000036e+00,3.604999999999999716e+01
6.070000000000000284e+00,1.979999999999999982e+00,3.560999999999999943e+01
5.459999999999999964e+00,2.060000000000000053e+00,3.488000000000000256e+01
5.950000000000000178e+00,1.449999999999999956e+00,3.417000000000000171e+01
5.849999999999999645e+00,6.500000000000000222e-01,3.339999999999999858e+01
5.769999999999999574e+00,5.200000000000000178e-01,3.295000000000000284e+01
7.070000000000000284e+00,9.100000000000000311e-01,3.236999999999999744e+01
7.650000000000000355e+00,1.189999999999999947e+00,3.178999999999999915e+01
7.809999999999999609e+00,1.479999999999999982e+00,3.146000000000000085e+01
8.519999999999999574e+00,1.600000000000000089e+00,3.110000000000000142e+01
9.140000000000000568e+00,1.919999999999999929e+00,3.089000000000000057e+01
8.560000000000000497e+00,1.729999999999999982e+00,3.069000000000000128e+01
9.119999999999999218e+00,1.310000000000000053e+00,3.046999999999999886e+01
9.810000000000000497e+00,1.679999999999999938e+00,3.025000000000000000e+01
1.001999999999999957e+01,2.859999999999999876e+00,3.010999999999999943e+01
1.018999999999999950e+01,3.270000000000000018e+00,3.001999999999999957e+01
1.058999999999999986e+01,3.060000000000000053e+00,2.982000000000000028e+01
9.529999999999999361e+00,3.209999999999999964e+00,2.973999999999999844e+01
9.740000000000000213e+00,2.549999999999999822e+00,2.960999999999999943e+01
9.750000000000000000e+00,2.240000000000000213e+00,2.935999999999999943e+01
9.269999999999999574e+00,2.310000000000000053e+00,2.910999999999999943e+01
8.820000000000000284e+00,1.469999999999999973e+00,2.894999999999999929e+01
7.650000000000000355e+00,4.799999999999999822e-01,2.860000000000000142e+01
8.310000000000000497e+00,-7.399999999999999911e-01,2.830999999999999872e+01
9.439999999999999503e+00,-2.299999999999999822e+00,2.814999999999999858e+01
1.025999999999999979e+01,-3.830000000000000071e+00,2.800000000000000000e+01
1.142999999999999972e+01,-5.070000000000000284e+00,2.798999999999999844e+01
1.066999999999999993e+01,-5.389999999999999680e+00,2.832000000000000028e+01
1.033999999999999986e+01,-5.019999999999999574e+00,2.851999999999999957e+01
9.599999999999999645e+00,-4.190000000000000391e+00,2.867000000000000171e+01
9.199999999999999289e+00,-4.290000000000000036e+00,2.878000000000000114e+01
9.109999999999999432e+00,-4.259999999999999787e+00,2.887999999999999901e+01
9.019999999999999574e+00,-4.480000000000000426e+00,2.912000000000000099e+01
8.480000000000000426e+00,-5.019999999999999574e+00,2.964000000000000057e+01
7.690000000000000391e+00,-5.589999999999999858e+00,3.007000000000000028e+01
7.440000000000000391e+00,-6.400000000000000355e+00,3.046000000000000085e+01
5.929999999999999716e+00,-6.160000000000000142e+00,3.103999999999999915e+01
6.860000000000000320e+00,-6.889999999999999680e+00,3.101000000000000156e+01
5.860000000000000320e+00,-6.650000000000000355e+00,3.126999999999999957e+01
6.009999999999999787e+00,-5.660000000000000142e+00,3.142000000000000171e+01
6.610000000000000320e+00,-4.610000000000000320e+00,3.141000000000000014e+01
7.400000000000000355e+00,-4.120000000000000107e+00,3.146000000000000085e+01
8.300000000000000711e+00,-2.310000000000000053e+00,3.169000000000000128e+01
8.560000000000000497e+00,-9.200000000000000400e-01,3.169999999999999929e+01
8.730000000000000426e+00,1.000000000000000056e-01,3.180000000000000071e+01
1.008999999999999986e+01,9.699999999999999734e-01,3.198999999999999844e+01
1.043999999999999950e+01,2.439999999999999947e+00,3.235000000000000142e+01
9.900000000000000355e+00,2.430000000000000160e+00,3.261999999999999744e+01
9.349999999999999645e+00,2.569999999999999840e+00,3.293999999999999773e+01
8.900000000000000355e+00,2.290000000000000036e+00,3.324000000000000199e+01
8.609999999999999432e+00,1.620000000000000107e+00,3.342000000000000171e+01
7.519999999999999574e+00,1.610000000000000098e+00,3.367000000000000171e+01
7.570000000000000284e+00,1.610000000000000098e+00,3.386999999999999744e+01
7.059999999999999609e+00,1.189999999999999947e+00,3.372999999999999687e+01
5.589999999999999858e+00,1.030000000000000027e+00,3.403999999999999915e+01
4.769999999999999574e+00,6.099999999999999867e-01,3.417999999999999972e+01
4.530000000000000249e+00,-3.800000000000000044e-01,3.436999999999999744e+01
3.310000000000000053e+00,-4.500000000000000111e-01,3.461999999999999744e+01
3.759999999999999787e+00,-7.900000000000000355e-01,3.467999999999999972e+01
2.700000000000000178e+00,-1.270000000000000018e+00,3.478000000000000114e+01
3.240000000000000213e+00,-1.209999999999999964e+00,3.450000000000000000e+01
2.250000000000000000e+00,-1.179999999999999938e+00,3.424000000000000199e+01
2.890000000000000124e+00,-1.850000000000000089e+00,3.382000000000000028e+01
3.370000000000000107e+00,-2.770000000000000018e+00,3.350000000000000000e+01
3.109999999999999876e+00,-3.350000000000000089e+00,3.339999999999999858e+01
3.979999999999999982e+00,-4.059999999999999609e+00,3.321000000000000085e+01
4.919999999999999929e+00,-5.009999999999999787e+00,3.307000000000000028e+01
5.330000000000000071e+00,-5.500000000000000000e+00,3.295000000000000284e+01
6.849999999999999645e+00,-5.040000000000000036e+00,3.279999999999999716e+01
8.119999999999999218e+00,-4.049999999999999822e+00,3.271000000000000085e+01
8.369999999999999218e+00,-3.330000000000000071e+00,3.277000000000000313e+01
8.000000000000000000e+00,-3.350000000000000089e+00,3.286999999999999744e+01
8.449999999999999289e+00,-2.540000000000000036e+00,3.290999999999999659e+01
9.150000000000000355e+00,-1.699999999999999956e+00,3.311999999999999744e+01
8.839999999999999858e+00,-1.629999999999999893e+00,3.338000000000000256e+01
9.419999999999999929e+00,-8.100000000000000533e-01,3.364999999999999858e+01
1.025000000000000000e+01,1.700000000000000122e-01,3.395000000000000284e+01
1.044999999999999929e+01,1.590000000000000080e+00,3.428999999999999915e+01
1.093999999999999950e+01,3.240000000000000213e+00,3.439999999999999858e+01
1.105000000000000071e+01,5.269999999999999574e+00,3.427000000000000313e+01
1.011999999999999922e+01,6.400000000000000355e+00,3.386999999999999744e+01
9.140000000000000568e+00,7.320000000000000284e+00,3.317000000000000171e+01
9.310000000000000497e+00,8.070000000000000284e+00,3.225999999999999801e+01
1.075000000000000000e+01,7.950000000000000178e+00,3.185000000000000142e+01
1.109999999999999964e+01,8.429999999999999716e+00,3.137000000000000099e+01
1.161999999999999922e+01,9.009999999999999787e+00,3.103999999999999915e+01
1.100999999999999979e+01,9.289999999999999147e+00,3.066000000000000014e+01
1.158999999999999986e+01,1.000999999999999979e+01,3.044999999999999929e+01
1.074000000000000021e+01,1.007000000000000028e+01,3.000000000000000000e+01
1.171000000000000085e+01,9.880000000000000782e+00,2.989999999999999858e+01
1.319999999999999929e+01,9.640000000000000568e+00,3.012000000000000099e+01
1.406000000000000050e+01,9.269999999999999574e+00,3.050000000000000000e+01
1.449000000000000021e+01,8.169999999999999929e+00,3.105000000000000071e+01
1.384999999999999964e+01,7.349999999999999645e+00,3.160000000000000142e+01
1.240000000000000036e+01,6.530000000000000249e+00,3.191000000000000014e+01
1.302999999999999936e+01,5.809999999999999609e+00,3.246000000000000085e+01
1.165000000000000036e+01,5.650000000000000355e+00,3.278999999999999915e+01
1.001999999999999957e+01,5.589999999999999858e+00,3.282999999999999829e+01
8.919999999999999929e+00,6.250000000000000000e+00,3.274000000000000199e+01
8.169999999999999929e+00,6.599999999999999645e+00,3.256000000000000227e+01
7.459999999999999964e+00,6.299999999999999822e+00,3.228000000000000114e+01
7.070000000000000284e+00,6.179999999999999716e+00,3.217000000000000171e+01
7.419999999999999929e+00,6.330000000000000071e+00,3.221999999999999886e+01
8.089999999999999858e+00,5.950000000000000178e+00,3.235999999999999943e+01
8.460000000000000853e+00,5.419999999999999929e+00,3.257999999999999829e+01
9.359999999999999432e+00,4.759999999999999787e+00,3.302000000000000313e+01
1.021000000000000085e+01,3.509999999999999787e+00,3.342999999999999972e+01
9.529999999999999361e+00,3.350000000000000089e+00,3.360999999999999943e+01
1.021000000000000085e+01,2.270000000000000018e+00,3.371000000000000085e+01
1.130000000000000071e+01,1.360000000000000098e+00,3.374000000000000199e+01
1.250999999999999979e+01,5.899999999999999689e-01,3.378999999999999915e+01
1.332000000000000028e+01,-1.499999999999999944e-01,3.396999999999999886e+01
1.416999999999999993e+01,-4.899999999999999911e-01,3.409000000000000341e+01
1.473000000000000043e+01,-2.099999999999999922e-01,3.435999999999999943e+01
1.508000000000000007e+01,7.900000000000000355e-01,3.460000000000000142e+01
1.431000000000000050e+01,1.360000000000000098e+00,3.464000000000000057e+01
1.414000000000000057e+01,2.020000000000000018e+00,3.459000000000000341e+01
1.318999999999999950e+01,2.620000000000000107e+00,3.428000000000000114e+01
1.148000000000000043e+01,2.560000000000000053e+00,3.365999999999999659e+01
1.140000000000000036e+01,1.260000000000000009e+00,3.270000000000000284e+01
1.224000000000000021e+01,1.830000000000000071e+00,3.221000000000000085e+01
1.303999999999999915e+01,1.679999999999999938e+00,3.150000000000000000e+01
1.285999999999999943e+01,1.719999999999999973e+00,3.116000000000000014e+01
1.250999999999999979e+01,9.000000000000000222e-01,3.107999999999999829e+01
1.266000000000000014e+01,1.300000000000000044e-01,3.121999999999999886e+01
1.294999999999999929e+01,-1.300000000000000044e-01,3.137999999999999901e+01
1.282000000000000028e+01,-3.300000000000000155e-01,3.178999999999999915e+01
1.175999999999999979e+01,-8.000000000000000444e-01,3.211999999999999744e+01
1.156000000000000050e+01,-8.000000000000000444e-01,3.254999999999999716e+01
1.100999999999999979e+01,-1.700000000000000122e-01,3.300999999999999801e+01
1.172000000000000064e+01,1.600000000000000033e-01,3.350999999999999801e+01
1.159999999999999964e+01,2.300000000000000100e-01,3.403000000000000114e+01
1.089000000000000057e+01,6.099999999999999867e-01,3.439999999999999858e+01
1.200999999999999979e+01,6.999999999999999556e-01,3.464999999999999858e+01
1.157000000000000028e+01,1.770000000000000018e+00,3.503999999999999915e+01
1.133000000000000007e+01,2.270000000000000018e+00,3.518999999999999773e+01
1.178999999999999915e+01,3.069999999999999840e+00,3.552000000000000313e+01
1.182000000000000028e+01,3.049999999999999822e+00,3.581000000000000227e+01
1.183000000000000007e+01,3.529999999999999805e+00,3.603999999999999915e+01
1.096000000000000085e+01,3.870000000000000107e+00,3.617999999999999972e+01
1.086999999999999922e+01,3.640000000000000124e+00,3.632000000000000028e+01
9.550000000000000711e+00,2.740000000000000213e+00,3.635000000000000142e+01
8.630000000000000782e+00,2.339999999999999858e+00,3.629999999999999716e+01
7.910000000000000142e+00,2.379999999999999893e+00,3.617999999999999972e+01
7.009999999999999787e+00,2.029999999999999805e+00,3.589999999999999858e+01
6.299999999999999822e+00,1.870000000000000107e+00,3.592000000000000171e+01
6.559999999999999609e+00,1.250000000000000000e+00,3.588000000000000256e+01
6.330000000000000071e+00,5.799999999999999600e-01,3.585999999999999943e+01
5.620000000000000107e+00,5.500000000000000444e-01,3.604999999999999716e+01
4.820000000000000284e+00,-1.300000000000000044e-01,3.614999999999999858e+01
4.360000000000000320e+00,-1.169999999999999929e+00,3.627000000000000313e+01
2.970000000000000195e+00,-1.780000000000000027e+00,3.639000000000000057e+01
2.089999999999999858e+00,-2.779999999999999805e+00,3.635000000000000142e+01
1.639999999999999902e+00,-3.580000000000000071e+00,3.624000000000000199e+01
8.499999999999999778e-01,-3.819999999999999840e+00,3.607999999999999829e+01
1.780000000000000027e+00,-4.139999999999999680e+00,3.560000000000000142e+01
1.649999999999999911e+00,-4.639999999999999680e+00,3.503999999999999915e+01
2.299999999999999822e+00,-5.030000000000000249e+00,3.440999999999999659e+01
1.719999999999999973e+00,-4.259999999999999787e+00,3.392000000000000171e+01
2.750000000000000000e+00,-3.319999999999999840e+00,3.321000000000000085e+01
4.259999999999999787e+00,-2.589999999999999858e+00,3.263000000000000256e+01
6.160000000000000142e+00,-2.080000000000000071e+00,3.222999999999999687e+01
7.190000000000000391e+00,-1.459999999999999964e+00,3.203000000000000114e+01
8.710000000000000853e+00,-1.550000000000000044e+00,3.194999999999999929e+01
1.048000000000000043e+01,-1.530000000000000027e+00,3.203999999999999915e+01
1.134999999999999964e+01,-1.110000000000000098e+00,3.264000000000000057e+01
1.125000000000000000e+01,-7.600000000000000089e-01,3.306000000000000227e+01
1.174000000000000021e+01,-6.800000000000000488e-01,3.381000000000000227e+01
1.194999999999999929e+01,-1.030000000000000027e+00,3.434000000000000341e+01
1.241999999999999993e+01,-1.070000000000000062e+00,3.486999999999999744e+01
1.310999999999999943e+01,-6.099999999999999867e-01,3.567000000000000171e+01
1.196000000000000085e+01,5.799999999999999600e-01,3.625000000000000000e+01
1.121000000000000085e+01,1.500000000000000000e+00,3.643999999999999773e+01
1.060999999999999943e+01,2.660000000000000142e+00,3.634000000000000341e+01
1.231000000000000050e+01,3.109999999999999876e+00,3.615999999999999659e+01
1.218999999999999950e+01,3.750000000000000000e+00,3.578999999999999915e+01
1.232000000000000028e+01,3.790000000000000036e+00,3.563000000000000256e+01
1.228999999999999915e+01,3.060000000000000053e+00,3.539000000000000057e+01
1.251999999999999957e+01,2.970000000000000195e+00,3.532999999999999829e+01
1.272000000000000064e+01,2.629999999999999893e+00,3.561999999999999744e+01
1.425000000000000000e+01,1.649999999999999911e+00,3.592000000000000171e+01
1.435999999999999943e+01,2.200000000000000011e-01,3.665999999999999659e+01
1.371000000000000085e+01,-2.000000000000000042e-02,3.734000000000000341e+01
1.297000000000000064e+01,-7.600000000000000089e-01,3.807999999999999829e+01
1.148000000000000043e+01,-9.799999999999999822e-01,3.861999999999999744e+01
9.900000000000000355e+00,-1.870000000000000107e+00,3.910000000000000142e+01
1.082000000000000028e+01,-2.990000000000000213e+00,3.950000000000000000e+01
1.191999999999999993e+01,-3.560000000000000053e+00,3.989999999999999858e+01
1.283999999999999986e+01,-3.890000000000000124e+00,4.060999999999999943e+01
1.413000000000000078e+01,-3.950000000000000178e+00,4.146999999999999886e+01
1.582000000000000028e+01,-3.410000000000000142e+00,4.267000000000000171e+01
1.500999999999999979e+01,-3.450000000000000178e+00,4.435000000000000142e+01
1.457000000000000028e+01,-3.450000000000000178e+00,4.574000000000000199e+01
1.425999999999999979e+01,-2.500000000000000000e+00,4.692000000000000171e+01
1.261999999999999922e+01,-1.189999999999999947e+00,4.824000000000000199e+01
1.193999999999999950e+01,-3.900000000000000133e-01,4.878999999999999915e+01
1.113000000000000078e+01,7.099999999999999645e-01,4.896999999999999886e+01
1.063000000000000078e+01,1.600000000000000089e+00,4.850999999999999801e+01
1.052999999999999936e+01,2.100000000000000089e+00,4.817000000000000171e+01
1.060999999999999943e+01,1.810000000000000053e+00,4.777000000000000313e+01
1.260999999999999943e+01,1.389999999999999902e+00,4.765999999999999659e+01
1.301999999999999957e+01,1.840000000000000080e+00,4.760999999999999943e+01
1.398000000000000043e+01,1.639999999999999902e+00,4.761999999999999744e+01
1.450999999999999979e+01,2.580000000000000071e+00,4.749000000000000199e+01
1.394999999999999929e+01,3.009999999999999787e+00,4.725999999999999801e+01
1.540000000000000036e+01,3.569999999999999840e+00,4.742999999999999972e+01
1.473000000000000043e+01,4.280000000000000249e+00,4.756000000000000227e+01
1.441000000000000014e+01,4.559999999999999609e+00,4.785999999999999943e+01
1.408000000000000007e+01,5.209999999999999964e+00,4.829999999999999716e+01
1.359999999999999964e+01,5.099999999999999645e+00,4.857000000000000028e+01
1.227999999999999936e+01,5.250000000000000000e+00,4.899000000000000199e+01
1.135999999999999943e+01,5.009999999999999787e+00,4.921999999999999886e+01
1.063000000000000078e+01,5.370000000000000107e+00,4.927000000000000313e+01
8.759999999999999787e+00,5.330000000000000071e+00,4.910999999999999943e+01
7.179999999999999716e+00,5.059999999999999609e+00,4.881000000000000227e+01
4.769999999999999574e+00,4.759999999999999787e+00,4.828000000000000114e+01
2.049999999999999822e+00,3.560000000000000053e+00,4.771999999999999886e+01
1.310000000000000053e+00,2.419999999999999929e+00,4.714999999999999858e+01
4.899999999999999911e-01,1.820000000000000062e+00,4.634000000000000341e+01
5.300000000000000266e-01,5.899999999999999689e-01,4.540999999999999659e+01
8.000000000000000444e-01,-1.199999999999999956e-01,4.507999999999999829e+01
9.699999999999999734e-01,-9.599999999999999645e-01,4.482000000000000028e+01
2.399999999999999911e-01,-1.709999999999999964e+00,4.478000000000000114e+01
4.899999999999999911e-01,-1.689999999999999947e+00,4.474000000000000199e+01
7.099999999999999645e-01,-1.580000000000000071e+00,4.478000000000000114e+01
5.000000000000000000e-01,-7.600000000000000089e-01,4.484000000000000341e+01
4.500000000000000111e-01,-5.100000000000000089e-01,4.492000000000000171e+01
-7.900000000000000355e-01,-1.100000000000000006e-01,4.492999999999999972e+01
-5.999999999999999778e-01,-2.000000000000000111e-01,4.467999999999999972e+01
-8.100000000000000533e-01,1.000000000000000056e-01,4.436999999999999744e+01
-1.139999999999999902e+00,6.400000000000000133e-01,4.382999999999999829e+01
1.600000000000000033e-01,1.229999999999999982e+00,4.317000000000000171e+01
1.270000000000000018e+00,1.080000000000000071e+00,4.289999999999999858e+01
1.949999999999999956e+00,1.090000000000000080e+00,4.260000000000000142e+01
2.919999999999999929e+00,1.439999999999999947e+00,4.257999999999999829e+01
3.580000000000000071e+00,1.590000000000000080e+00,4.261999999999999744e+01
5.809999999999999609e+00,1.629999999999999893e+00,4.296999999999999886e+01
7.120000000000000107e+00,1.530000000000000027e+00,4.347999999999999687e+01
8.439999999999999503e+00,2.029999999999999805e+00,4.432999999999999829e+01
8.919999999999999929e+00,2.689999999999999947e+00,4.515999999999999659e+01
9.539999999999999147e+00,3.390000000000000124e+00,4.572999999999999687e+01
9.210000000000000853e+00,3.890000000000000124e+00,4.632999999999999829e+01
8.820000000000000284e+00,4.070000000000000284e+00,4.657999999999999829e+01
8.410000000000000142e+00,4.070000000000000284e+00,4.646000000000000085e+01
7.889999999999999680e+00,4.099999999999999645e+00,4.620000000000000284e+01
7.019999999999999574e+00,3.770000000000000018e+00,4.592000000000000171e+01
7.160000000000000142e+00,3.299999999999999822e+00,4.565999999999999659e+01
7.509999999999999787e+00,3.410000000000000142e+00,4.534000000000000341e+01
7.900000000000000355e+00,2.970000000000000195e+00,4.521999999999999886e+01
8.560000000000000497e+00,3.020000000000000018e+00,4.531000000000000227e+01
8.080000000000000071e+00,3.370000000000000107e+00,4.517999999999999972e+01
9.029999999999999361e+00,3.540000000000000036e+00,4.528999999999999915e+01
8.939999999999999503e+00,3.549999999999999822e+00,4.534000000000000341e+01
9.539999999999999147e+00,3.410000000000000142e+00,4.528000000000000114e+01
9.439999999999999503e+00,2.790000000000000036e+00,4.524000000000000199e+01
9.820000000000000284e+00,3.430000000000000160e+00,4.536999999999999744e+01
9.580000000000000071e+00,4.490000000000000213e+00,4.535999999999999943e+01
8.849999999999999645e+00,4.820000000000000284e+00,4.524000000000000199e+01
8.890000000000000568e+00,5.290000000000000036e+00,4.525000000000000000e+01
9.990000000000000213e+00,5.009999999999999787e+00,4.532000000000000028e+01
9.349999999999999645e+00,4.830000000000000071e+00,4.535999999999999943e+01
8.480000000000000426e+00,5.000000000000000000e+00,4.546000000000000085e+01
8.789999999999999147e+00,4.309999999999999609e+00,4.559000000000000341e+01
8.970000000000000639e+00,3.310000000000000053e+00,4.567999999999999972e+01
8.740000000000000213e+00,3.609999999999999876e+00,4.586999999999999744e+01
9.720000000000000639e+00,3.779999999999999805e+00,4.620000000000000284e+01
9.980000000000000426e+00,3.609999999999999876e+00,4.643999999999999773e+01
1.103999999999999915e+01,3.490000000000000213e+00,4.690999999999999659e+01
1.211999999999999922e+01,3.149999999999999911e+00,4.778000000000000114e+01
1.071000000000000085e+01,3.020000000000000018e+00,4.842000000000000171e+01
9.640000000000000568e+00,3.089999999999999858e+00,4.885999999999999943e+01
9.490000000000000213e+00,3.120000000000000107e+00,4.917000000000000171e+01
8.919999999999999929e+00,2.520000000000000018e+00,4.921000000000000085e+01
8.529999999999999361e+00,1.850000000000000089e+00,4.906000000000000227e+01
9.500000000000000000e+00,1.229999999999999982e+00,4.871999999999999886e+01
1.008000000000000007e+01,5.799999999999999600e-01,4.843999999999999773e+01
1.141999999999999993e+01,7.099999999999999645e-01,4.828000000000000114e+01
1.183000000000000007e+01,1.290000000000000036e+00,4.817000000000000171e+01
1.238000000000000078e+01,1.790000000000000036e+00,4.803000000000000114e+01
1.301999999999999957e+01,2.299999999999999822e+00,4.790999999999999659e+01
1.338000000000000078e+01,2.490000000000000213e+00,4.777000000000000313e+01
1.288000000000000078e+01,2.640000000000000124e+00,4.767000000000000171e+01
1.253999999999999915e+01,2.540000000000000036e+00,4.739000000000000057e+01
1.171000000000000085e+01,2.200000000000000178e+00,4.714000000000000057e+01
1.111999999999999922e+01,1.449999999999999956e+00,4.696999999999999886e+01
1.182000000000000028e+01,7.399999999999999911e-01,4.709000000000000341e+01
1.191999999999999993e+01,5.200000000000000178e-01,4.750000000000000000e+01
1.305000000000000071e+01,2.600000000000000089e-01,4.779999999999999716e+01
1.413000000000000078e+01,2.000000000000000042e-02,4.842999999999999972e+01
1.541999999999999993e+01,-5.500000000000000444e-01,4.918999999999999773e+01
1.377999999999999936e+01,-2.999999999999999889e-01,5.010000000000000142e+01
1.228999999999999915e+01,7.399999999999999911e-01,5.092000000000000171e+01
1.149000000000000021e+01,1.449999999999999956e+00,5.131000000000000227e+01
1.093999999999999950e+01,2.529999999999999805e+00,5.163000000000000256e+01
9.660000000000000142e+00,2.970000000000000195e+00,5.171999999999999886e+01
9.630000000000000782e+00,3.680000000000000160e+00,5.165999999999999659e+01
1.041999999999999993e+01,4.139999999999999680e+00,5.160000000000000142e+01
1.098000000000000043e+01,3.770000000000000018e+00,5.175999999999999801e+01
1.216000000000000014e+01,3.640000000000000124e+00,5.220000000000000284e+01
1.217999999999999972e+01,3.779999999999999805e+00,5.264999999999999858e+01
1.134999999999999964e+01,3.750000000000000000e+00,5.297999999999999687e+01
1.044999999999999929e+01,3.299999999999999822e+00,5.307000000000000028e+01
1.049000000000000021e+01,3.299999999999999822e+00,5.317999999999999972e+01
1.000000000000000000e+01,2.589999999999999858e+00,5.300000000000000000e+01
9.099999999999999645e+00,2.470000000000000195e+00,5.289000000000000057e+01
8.669999999999999929e+00,2.290000000000000036e+00,5.292999999999999972e+01
8.460000000000000853e+00,1.899999999999999911e+00,5.293999999999999773e+01
7.700000000000000178e+00,1.360000000000000098e+00,5.296000000000000085e+01
6.530000000000000249e+00,1.300000000000000044e+00,5.300000000000000000e+01
4.410000000000000142e+00,4.199999999999999845e-01,5.300000000000000000e+01
3.759999999999999787e+00,-2.600000000000000089e-01,5.285999999999999943e+01
3.359999999999999876e+00,-1.199999999999999956e-01,5.278999999999999915e+01
2.560000000000000053e+00,2.600000000000000089e-01,5.271999999999999886e+01
5.799999999999999600e-01,-8.599999999999999867e-01,5.265999999999999659e+01
-6.400000000000000133e-01,-1.530000000000000027e+00,5.265999999999999659e+01
-2.999999999999999889e-01,-1.840000000000000080e+00,5.250999999999999801e+01
-3.699999999999999956e-01,-2.109999999999999876e+00,5.235000000000000142e+01
-1.300000000000000044e-01,-2.080000000000000071e+00,5.239999999999999858e+01
1.479999999999999982e+00,-2.459999999999999964e+00,5.232000000000000028e+01
9.300000000000000488e-01,-2.959999999999999964e+00,5.239999999999999858e+01
6.500000000000000222e-01,-3.149999999999999911e+00,5.206000000000000227e+01
3.200000000000000067e-01,-3.140000000000000124e+00,5.175000000000000000e+01
3.400000000000000244e-01,-3.729999999999999982e+00,5.131000000000000227e+01
1.189999999999999947e+00,-4.240000000000000213e+00,5.064000000000000057e+01
2.330000000000000071e+00,-4.230000000000000426e+00,5.002000000000000313e+01
3.390000000000000124e+00,-3.799999999999999822e+00,4.967000000000000171e+01
4.120000000000000107e+00,-3.279999999999999805e+00,4.925999999999999801e+01
4.490000000000000213e+00,-2.629999999999999893e+00,4.904999999999999716e+01
5.509999999999999787e+00,-2.200000000000000178e+00,4.892999999999999972e+01
6.009999999999999787e+00,-1.949999999999999956e+00,4.900999999999999801e+01
7.339999999999999858e+00,-1.500000000000000000e+00,4.918999999999999773e+01
7.330000000000000071e+00,-3.800000000000000044e-01,4.949000000000000199e+01
8.410000000000000142e+00,-1.000000000000000021e-02,4.972999999999999687e+01
9.740000000000000213e+00,3.300000000000000155e-01,5.007999999999999829e+01
1.142999999999999972e+01,1.189999999999999947e+00,5.068999999999999773e+01
1.300999999999999979e+01,1.830000000000000071e+00,5.114000000000000057e+01
1.268999999999999950e+01,2.680000000000000160e+00,5.164000000000000057e+01
1.359999999999999964e+01,3.049999999999999822e+00,5.207999999999999829e+01
1.289000000000000057e+01,3.140000000000000124e+00,5.245000000000000284e+01
1.242999999999999972e+01,2.919999999999999929e+00,5.253999999999999915e+01
1.185999999999999943e+01,3.259999999999999787e+00,5.254999999999999716e+01
1.094999999999999929e+01,3.439999999999999947e+00,5.235999999999999943e+01
1.008999999999999986e+01,3.839999999999999858e+00,5.207000000000000028e+01
9.259999999999999787e+00,4.639999999999999680e+00,5.149000000000000199e+01
9.169999999999999929e+00,5.669999999999999929e+00,5.100999999999999801e+01
9.160000000000000142e+00,6.990000000000000213e+00,5.049000000000000199e+01
1.010999999999999943e+01,7.780000000000000249e+00,5.021999999999999886e+01
1.069999999999999929e+01,8.410000000000000142e+00,4.996000000000000085e+01
1.088000000000000078e+01,8.849999999999999645e+00,4.988000000000000256e+01
1.233000000000000007e+01,8.519999999999999574e+00,5.024000000000000199e+01
1.238000000000000078e+01,8.490000000000000213e+00,5.050000000000000000e+01
1.227999999999999936e+01,8.140000000000000568e+00,5.100000000000000000e+01
1.297000000000000064e+01,7.940000000000000391e+00,5.182000000000000028e+01
1.258999999999999986e+01,7.440000000000000391e+00,5.238000000000000256e+01
1.241999999999999993e+01,7.080000000000000071e+00,5.314999999999999858e+01
1.238000000000000078e+01,6.750000000000000000e+00,5.385999999999999943e+01
1.236999999999999922e+01,6.540000000000000036e+00,5.450000000000000000e+01
1.100999999999999979e+01,6.969999999999999751e+00,5.511999999999999744e+01
1.073000000000000043e+01,7.339999999999999858e+00,5.559000000000000341e+01
1.039000000000000057e+01,6.740000000000000213e+00,5.600999999999999801e+01
1.021000000000000085e+01,5.849999999999999645e+00,5.635000000000000142e+01
1.105000000000000071e+01,4.660000000000000142e+00,5.696000000000000085e+01
1.269999999999999929e+01,3.910000000000000142e+00,5.763000000000000256e+01
1.294999999999999929e+01,3.089999999999999858e+00,5.835999999999999943e+01
1.321000000000000085e+01,2.189999999999999947e+00,5.935999999999999943e+01
1.317999999999999972e+01,1.669999999999999929e+00,6.010000000000000142e+01
1.240000000000000036e+01,1.750000000000000000e+00,6.070000000000000284e+01
1.232000000000000028e+01,1.629999999999999893e+00,6.084000000000000341e+01
1.241999999999999993e+01,2.009999999999999787e+00,6.089000000000000057e+01
1.230000000000000071e+01,2.100000000000000089e+00,6.081000000000000227e+01
1.258000000000000007e+01,2.609999999999999876e+00,6.075999999999999801e+01
1.319999999999999929e+01,3.370000000000000107e+00,6.096000000000000085e+01
1.375000000000000000e+01,4.209999999999999964e+00,6.120000000000000284e+01
1.261999999999999922e+01,4.000000000000000000e+00,6.139999999999999858e+01
1.225999999999999979e+01,3.740000000000000213e+00,6.146000000000000085e+01
1.241999999999999993e+01,3.330000000000000071e+00,6.140999999999999659e+01
1.066000000000000014e+01,2.549999999999999822e+00,6.111999999999999744e+01
1.003999999999999915e+01,1.550000000000000044e+00,6.078999999999999915e+01
8.910000000000000142e+00,3.200000000000000067e-01,6.049000000000000199e+01
9.109999999999999432e+00,-4.799999999999999822e-01,6.031000000000000227e+01
8.789999999999999147e+00,-1.070000000000000062e+00,6.031000000000000227e+01
8.640000000000000568e+00,-2.120000000000000107e+00,6.039999999999999858e+01
7.650000000000000355e+00,-2.680000000000000160e+00,6.071999999999999886e+01
6.280000000000000249e+00,-2.189999999999999947e+00,6.113000000000000256e+01
5.849999999999999645e+00,-1.909999999999999920e+00,6.134000000000000341e+01
5.919999999999999929e+00,-2.529999999999999805e+00,6.135000000000000142e+01
6.059999999999999609e+00,-3.009999999999999787e+00,6.134000000000000341e+01
5.580000000000000071e+00,-3.060000000000000053e+00,6.132999999999999829e+01
4.690000000000000391e+00,-2.930000000000000160e+00,6.131000000000000227e+01
4.490000000000000213e+00,-2.839999999999999858e+00,6.111999999999999744e+01
4.700000000000000178e+00,-3.109999999999999876e+00,6.071000000000000085e+01
5.580000000000000071e+00,-2.509999999999999787e+00,6.046000000000000085e+01
6.469999999999999751e+00,-1.550000000000000044e+00,6.028999999999999915e+01
7.610000000000000320e+00,-1.429999999999999938e+00,6.014000000000000057e+01
9.220000000000000639e+00,-1.620000000000000107e+00,6.021000000000000085e+01
8.429999999999999716e+00,-9.799999999999999822e-01,6.028000000000000114e+01
7.820000000000000284e+00,-2.800000000000000266e-01,6.010999999999999943e+01
7.879999999999999893e+00,3.599999999999999867e-01,5.975000000000000000e+01
7.719999999999999751e+00,1.159999999999999920e+00,5.927000000000000313e+01
7.620000000000000107e+00,2.000000000000000000e+00,5.849000000000000199e+01
7.200000000000000178e+00,1.560000000000000053e+00,5.764999999999999858e+01
8.300000000000000711e+00,7.700000000000000178e-01,5.685000000000000142e+01
8.880000000000000782e+00,8.000000000000000444e-01,5.628000000000000114e+01
9.210000000000000853e+00,5.799999999999999600e-01,5.549000000000000199e+01
8.900000000000000355e+00,-8.999999999999999667e-02,5.485000000000000142e+01
8.839999999999999858e+00,8.999999999999999667e-02,5.417000000000000171e+01
8.800000000000000711e+00,2.899999999999999800e-01,5.370000000000000284e+01
9.169999999999999929e+00,6.700000000000000400e-01,5.328999999999999915e+01
9.169999999999999929e+00,1.060000000000000053e+00,5.292000000000000171e+01
1.041999999999999993e+01,9.100000000000000311e-01,5.263000000000000256e+01
1.116999999999999993e+01,3.300000000000000155e-01,5.253999999999999915e+01
1.138000000000000078e+01,-5.400000000000000355e-01,5.250999999999999801e+01
1.163000000000000078e+01,-1.500000000000000000e+00,5.250999999999999801e+01
1.157000000000000028e+01,-2.220000000000000195e+00,5.250000000000000000e+01
1.168999999999999950e+01,-3.790000000000000036e+00,5.249000000000000199e+01
1.115000000000000036e+01,-4.940000000000000391e+00,5.271999999999999886e+01
1.160999999999999943e+01,-5.549999999999999822e+00,5.292999999999999972e+01
1.166000000000000014e+01,-7.169999999999999929e+00,5.352000000000000313e+01
1.057000000000000028e+01,-7.940000000000000391e+00,5.410999999999999943e+01
9.449999999999999289e+00,-7.669999999999999929e+00,5.503000000000000114e+01
9.039999999999999147e+00,-6.830000000000000071e+00,5.578000000000000114e+01
7.839999999999999858e+00,-5.809999999999999609e+00,5.659000000000000341e+01
8.640000000000000568e+00,-5.830000000000000071e+00,5.692999999999999972e+01
8.220000000000000639e+00,-4.929999999999999716e+00,5.747999999999999687e+01
7.950000000000000178e+00,-2.770000000000000018e+00,5.785999999999999943e+01
8.289999999999999147e+00,-1.159999999999999920e+00,5.793999999999999773e+01
8.830000000000000071e+00,-2.399999999999999911e-01,5.803000000000000114e+01
9.869999999999999218e+00,6.700000000000000400e-01,5.815999999999999659e+01
1.013000000000000078e+01,8.800000000000000044e-01,5.836999999999999744e+01
1.023000000000000043e+01,1.860000000000000098e+00,5.885999999999999943e+01
1.009999999999999964e+01,2.759999999999999787e+00,5.927000000000000313e+01
9.039999999999999147e+00,3.200000000000000178e+00,5.954999999999999716e+01
7.309999999999999609e+00,3.029999999999999805e+00,5.965999999999999659e+01
6.469999999999999751e+00,2.720000000000000195e+00,5.971000000000000085e+01
6.200000000000000178e+00,2.560000000000000053e+00,5.961999999999999744e+01
4.150000000000000355e+00,1.639999999999999902e+00,5.947999999999999687e+01
3.850000000000000089e+00,8.100000000000000533e-01,5.934000000000000341e+01
4.120000000000000107e+00,4.799999999999999822e-01,5.913000000000000256e+01
2.109999999999999876e+00,7.900000000000000355e-01,5.888000000000000256e+01
1.590000000000000080e+00,2.999999999999999889e-01,5.875999999999999801e+01
1.419999999999999929e+00,-2.000000000000000111e-01,5.872999999999999687e+01
2.000000000000000111e-01,-6.400000000000000133e-01,5.875999999999999801e+01
-1.000000000000000056e-01,-1.340000000000000080e+00,5.872999999999999687e+01
2.500000000000000000e-01,-1.770000000000000018e+00,5.863000000000000256e+01
1.700000000000000122e-01,-2.080000000000000071e+00,5.867999999999999972e+01
8.499999999999999778e-01,-2.160000000000000142e+00,5.875000000000000000e+01
8.900000000000000133e-01,-2.529999999999999805e+00,5.882000000000000028e+01
4.799999999999999822e-01,-2.740000000000000213e+00,5.889000000000000057e+01
-1.000000000000000021e-02,-2.839999999999999858e+00,5.870000000000000284e+01
2.500000000000000000e-01,-2.790000000000000036e+00,5.817999999999999972e+01
4.099999999999999756e-01,-3.000000000000000000e+00,5.768999999999999773e+01
1.860000000000000098e+00,-2.700000000000000178e+00,5.700999999999999801e+01
2.330000000000000071e+00,-2.549999999999999822e+00,5.657999999999999829e+01
3.259999999999999787e+00,-2.089999999999999858e+00,5.615999999999999659e+01
3.879999999999999893e+00,-1.389999999999999902e+00,5.557000000000000028e+01
4.030000000000000249e+00,-3.599999999999999867e-01,5.479999999999999716e+01
4.330000000000000071e+00,1.379999999999999893e+00,5.415999999999999659e+01
5.400000000000000355e+00,2.600000000000000089e+00,5.364000000000000057e+01
6.910000000000000142e+00,3.109999999999999876e+00,5.335000000000000142e+01
7.120000000000000107e+00,3.350000000000000089e+00,5.320000000000000284e+01
8.529999999999999361e+00,4.059999999999999609e+00,5.325000000000000000e+01
9.509999999999999787e+00,4.790000000000000036e+00,5.347999999999999687e+01
1.010999999999999943e+01,5.059999999999999609e+00,5.382999999999999829e+01
1.072000000000000064e+01,5.730000000000000426e+00,5.400000000000000000e+01
1.048000000000000043e+01,5.919999999999999929e+00,5.396000000000000085e+01
9.380000000000000782e+00,5.849999999999999645e+00,5.364000000000000057e+01
9.019999999999999574e+00,6.169999999999999929e+00,5.310000000000000142e+01
9.560000000000000497e+00,6.400000000000000355e+00,5.281000000000000227e+01
9.210000000000000853e+00,6.839999999999999858e+00,5.246000000000000085e+01
9.859999999999999432e+00,7.009999999999999787e+00,5.231000000000000227e+01
9.669999999999999929e+00,7.190000000000000391e+00,5.222999999999999687e+01
1.019999999999999929e+01,7.360000000000000320e+00,5.217000000000000171e+01
9.029999999999999361e+00,8.199999999999999289e+00,5.178000000000000114e+01
8.169999999999999929e+00,8.949999999999999289e+00,5.134000000000000341e+01
8.439999999999999503e+00,1.023000000000000043e+01,5.085999999999999943e+01
8.580000000000000071e+00,1.105000000000000071e+01,5.042000000000000171e+01
7.839999999999999858e+00,1.133999999999999986e+01,4.992000000000000171e+01
7.709999999999999964e+00,1.200000000000000000e+01,4.935000000000000142e+01
6.940000000000000391e+00,1.181000000000000050e+01,4.882999999999999829e+01
7.099999999999999645e+00,1.153999999999999915e+01,4.842000000000000171e+01
6.429999999999999716e+00,1.076999999999999957e+01,4.814999999999999858e+01
5.429999999999999716e+00,1.106000000000000050e+01,4.775999999999999801e+01
4.730000000000000426e+00,1.044999999999999929e+01,4.735999999999999943e+01
4.019999999999999574e+00,1.016999999999999993e+01,4.695000000000000284e+01
3.859999999999999876e+00,9.789999999999999147e+00,4.664999999999999858e+01
4.250000000000000000e+00,8.380000000000000782e+00,4.643999999999999773e+01
4.820000000000000284e+00,7.610000000000000320e+00,4.638000000000000256e+01
6.410000000000000142e+00,6.440000000000000391e+00,4.653999999999999915e+01
8.179999999999999716e+00,5.500000000000000000e+00,4.675999999999999801e+01
9.710000000000000853e+00,4.519999999999999574e+00,4.718999999999999773e+01
1.105000000000000071e+01,3.759999999999999787e+00,4.774000000000000199e+01
1.340000000000000036e+01,2.890000000000000124e+00,4.863000000000000256e+01
1.473000000000000043e+01,2.600000000000000089e+00,4.940999999999999659e+01
1.461999999999999922e+01,2.649999999999999911e+00,5.025999999999999801e+01
1.486999999999999922e+01,3.109999999999999876e+00,5.107999999999999829e+01
1.390000000000000036e+01,3.459999999999999964e+00,5.168999999999999773e+01
1.414000000000000057e+01,4.490000000000000213e+00,5.228999999999999915e+01
1.427999999999999936e+01,5.169999999999999929e+00,5.282000000000000028e+01
1.424000000000000021e+01,5.809999999999999609e+00,5.334000000000000341e+01
1.438000000000000078e+01,6.469999999999999751e+00,5.370000000000000284e+01
1.438000000000000078e+01,6.839999999999999858e+00,5.389999999999999858e+01
1.388000000000000078e+01,7.480000000000000426e+00,5.397999999999999687e+01
1.335999999999999943e+01,7.559999999999999609e+00,5.385999999999999943e+01
1.280000000000000071e+01,7.259999999999999787e+00,5.360999999999999943e+01
1.230000000000000071e+01,6.750000000000000000e+00,5.335999999999999943e+01
1.167999999999999972e+01,6.589999999999999858e+00,5.320000000000000284e+01
1.018999999999999950e+01,5.879999999999999893e+00,5.296999999999999886e+01
1.053999999999999915e+01,4.250000000000000000e+00,5.300999999999999801e+01
1.005000000000000071e+01,2.879999999999999893e+00,5.321999999999999886e+01
1.034999999999999964e+01,2.080000000000000071e+00,5.350999999999999801e+01
1.043999999999999950e+01,4.899999999999999911e-01,5.392000000000000171e+01
1.015000000000000036e+01,5.799999999999999600e-01,5.446999999999999886e+01
9.259999999999999787e+00,1.389999999999999902e+00,5.500000000000000000e+01
8.800000000000000711e+00,1.370000000000000107e+00,5.520000000000000284e+01
8.710000000000000853e+00,1.610000000000000098e+00,5.546000000000000085e+01
8.480000000000000426e+00,1.929999999999999938e+00,5.564999999999999858e+01
8.289999999999999147e+00,2.430000000000000160e+00,5.572999999999999687e+01
8.839999999999999858e+00,2.850000000000000089e+00,5.592999999999999972e+01
8.849999999999999645e+00,3.430000000000000160e+00,5.603999999999999915e+01
9.449999999999999289e+00,2.930000000000000160e+00,5.621999999999999886e+01
9.849999999999999645e+00,2.660000000000000142e+00,5.650999999999999801e+01
1.068999999999999950e+01,2.140000000000000124e+00,5.695000000000000284e+01
9.720000000000000639e+00,1.379999999999999893e+00,5.720000000000000284e+01
1.008000000000000007e+01,1.879999999999999893e+00,5.740999999999999659e+01
9.859999999999999432e+00,2.149999999999999911e+00,5.750999999999999801e+01
9.220000000000000639e+00,2.140000000000000124e+00,5.761999999999999744e+01
7.860000000000000320e+00,2.209999999999999964e+00,5.746999999999999886e+01
6.750000000000000000e+00,2.000000000000000000e+00,5.735000000000000142e+01
7.110000000000000320e+00,1.860000000000000098e+00,5.707999999999999829e+01
7.669999999999999929e+00,1.870000000000000107e+00,5.671000000000000085e+01
7.540000000000000036e+00,1.959999999999999964e+00,5.624000000000000199e+01
7.429999999999999716e+00,1.909999999999999920e+00,5.589999999999999858e+01
6.419999999999999929e+00,1.590000000000000080e+00,5.534000000000000341e+01
5.849999999999999645e+00,1.110000000000000098e+00,5.429999999999999716e+01
6.669999999999999929e+00,4.799999999999999822e-01,5.357000000000000028e+01
7.690000000000000391e+00,-8.000000000000000167e-02,5.265999999999999659e+01
7.679999999999999716e+00,-1.300000000000000044e+00,5.210999999999999943e+01
9.060000000000000497e+00,-1.469999999999999973e+00,5.171000000000000085e+01
1.065000000000000036e+01,-1.620000000000000107e+00,5.196000000000000085e+01
1.024000000000000021e+01,-2.180000000000000160e+00,5.250999999999999801e+01
9.449999999999999289e+00,-3.089999999999999858e+00,5.314000000000000057e+01
8.330000000000000071e+00,-3.069999999999999840e+00,5.378000000000000114e+01
8.080000000000000071e+00,-3.540000000000000036e+00,5.434000000000000341e+01
8.130000000000000782e+00,-4.200000000000000178e+00,5.507000000000000028e+01
8.769999999999999574e+00,-4.700000000000000178e+00,5.561999999999999744e+01
8.250000000000000000e+00,-5.709999999999999964e+00,5.610999999999999943e+01
8.000000000000000000e+00,-6.830000000000000071e+00,5.656000000000000227e+01
7.480000000000000426e+00,-8.150000000000000355e+00,5.709000000000000341e+01
6.940000000000000391e+00,-7.870000000000000107e+00,5.753999999999999915e+01
6.519999999999999574e+00,-6.709999999999999964e+00,5.792999999999999972e+01
7.740000000000000213e+00,-5.509999999999999787e+00,5.796000000000000085e+01
8.619999999999999218e+00,-4.290000000000000036e+00,5.800999999999999801e+01
8.410000000000000142e+00,-2.240000000000000213e+00,5.822999999999999687e+01
8.380000000000000782e+00,-3.499999999999999778e-01,5.831000000000000227e+01
8.500000000000000000e+00,8.199999999999999512e-01,5.843999999999999773e+01
9.269999999999999574e+00,1.689999999999999947e+00,5.868999999999999773e+01
1.021000000000000085e+01,2.549999999999999822e+00,5.906000000000000227e+01
1.007000000000000028e+01,3.100000000000000089e+00,5.965999999999999659e+01
1.057000000000000028e+01,3.419999999999999929e+00,6.020000000000000284e+01
9.419999999999999929e+00,3.009999999999999787e+00,6.064999999999999858e+01
9.050000000000000711e+00,2.799999999999999822e+00,6.142000000000000171e+01
7.940000000000000391e+00,2.810000000000000053e+00,6.220000000000000284e+01
5.849999999999999645e+00,2.509999999999999787e+00,6.288000000000000256e+01
4.099999999999999645e+00,1.989999999999999991e+00,6.374000000000000199e+01
3.109999999999999876e+00,1.429999999999999938e+00,6.426000000000000512e+01
1.800000000000000044e+00,4.500000000000000111e-01,6.448999999999999488e+01
3.599999999999999867e-01,-7.900000000000000355e-01,6.462999999999999545e+01
-8.699999999999999956e-01,-1.610000000000000098e+00,6.456000000000000227e+01
-1.379999999999999893e+00,-2.899999999999999911e+00,6.434000000000000341e+01
-2.290000000000000036e+00,-3.779999999999999805e+00,6.406999999999999318e+01
-2.970000000000000195e+00,-4.200000000000000178e+00,6.381000000000000227e+01
-2.919999999999999929e+00,-4.530000000000000249e+00,6.349000000000000199e+01
-2.819999999999999840e+00,-5.219999999999999751e+00,6.310999999999999943e+01
-2.569999999999999840e+00,-4.629999999999999893e+00,6.288000000000000256e+01
-1.840000000000000080e+00,-5.089999999999999858e+00,6.259000000000000341e+01
-1.139999999999999902e+00,-5.049999999999999822e+00,6.240999999999999659e+01
-7.500000000000000000e-01,-5.200000000000000178e+00,6.221000000000000085e+01
-8.699999999999999956e-01,-5.269999999999999574e+00,6.211999999999999744e+01
-3.300000000000000155e-01,-5.299999999999999822e+00,6.178999999999999915e+01
5.300000000000000266e-01,-4.940000000000000391e+00,6.135000000000000142e+01
1.900000000000000022e-01,-4.009999999999999787e+00,6.113000000000000256e+01
3.089999999999999858e+00,-3.310000000000000053e+00,6.043999999999999773e+01
4.589999999999999858e+00,-2.310000000000000053e+00,6.009000000000000341e+01
5.639999999999999680e+00,-9.599999999999999645e-01,5.986999999999999744e+01
6.209999999999999964e+00,8.999999999999999667e-02,5.964999999999999858e+01
6.389999999999999680e+00,1.489999999999999991e+00,5.929999999999999716e+01
6.919999999999999929e+00,2.500000000000000000e+00,5.888000000000000256e+01
6.790000000000000036e+00,3.279999999999999805e+00,5.842999999999999972e+01
7.139999999999999680e+00,4.389999999999999680e+00,5.781000000000000227e+01
6.919999999999999929e+00,5.179999999999999716e+00,5.714000000000000057e+01
6.809999999999999609e+00,5.830000000000000071e+00,5.625999999999999801e+01
8.320000000000000284e+00,6.669999999999999929e+00,5.565999999999999659e+01
8.130000000000000782e+00,7.169999999999999929e+00,5.492999999999999972e+01
8.490000000000000213e+00,7.309999999999999609e+00,5.420000000000000284e+01
8.929999999999999716e+00,7.250000000000000000e+00,5.371999999999999886e+01
9.710000000000000853e+00,6.459999999999999964e+00,5.327000000000000313e+01
1.074000000000000021e+01,5.769999999999999574e+00,5.317000000000000171e+01
1.138000000000000078e+01,5.500000000000000000e+00,5.321000000000000085e+01
1.133999999999999986e+01,4.809999999999999609e+00,5.343999999999999773e+01
1.225999999999999979e+01,3.700000000000000178e+00,5.367999999999999972e+01
1.273000000000000043e+01,2.580000000000000071e+00,5.402000000000000313e+01
1.359999999999999964e+01,2.020000000000000018e+00,5.440999999999999659e+01
1.483999999999999986e+01,1.379999999999999893e+00,5.500000000000000000e+01
1.591999999999999993e+01,1.590000000000000080e+00,5.563000000000000256e+01
1.564000000000000057e+01,1.790000000000000036e+00,5.621000000000000085e+01
1.673999999999999844e+01,1.689999999999999947e+00,5.703000000000000114e+01
1.746000000000000085e+01,2.129999999999999893e+00,5.828999999999999915e+01
1.605000000000000071e+01,2.140000000000000124e+00,5.932000000000000028e+01
1.456000000000000050e+01,2.390000000000000124e+00,6.031000000000000227e+01
1.439000000000000057e+01,3.109999999999999876e+00,6.132999999999999829e+01
1.402999999999999936e+01,3.689999999999999947e+00,6.215999999999999659e+01
1.397000000000000064e+01,4.070000000000000284e+00,6.300000000000000000e+01
1.565000000000000036e+01,3.979999999999999982e+00,6.417000000000000171e+01
1.491999999999999993e+01,3.970000000000000195e+00,6.498999999999999488e+01
1.500000000000000000e+01,3.560000000000000053e+00,6.600000000000000000e+01
1.450999999999999979e+01,3.270000000000000018e+00,6.718000000000000682e+01
1.483999999999999986e+01,3.080000000000000071e+00,6.812000000000000455e+01
1.475999999999999979e+01,3.129999999999999893e+00,6.909999999999999432e+01
1.369999999999999929e+01,3.600000000000000089e+00,7.010999999999999943e+01
1.256000000000000050e+01,3.549999999999999822e+00,7.085999999999999943e+01
1.177999999999999936e+01,3.870000000000000107e+00,7.145999999999999375e+01
1.258999999999999986e+01,4.080000000000000071e+00,7.204999999999999716e+01
1.281000000000000050e+01,4.379999999999999893e+00,7.232999999999999829e+01
1.250999999999999979e+01,4.589999999999999858e+00,7.248999999999999488e+01
1.266000000000000014e+01,4.709999999999999964e+00,7.265999999999999659e+01
1.274000000000000021e+01,4.429999999999999716e+00,7.276999999999999602e+01
1.183000000000000007e+01,4.879999999999999893e+00,7.262000000000000455e+01
1.183000000000000007e+01,4.830000000000000071e+00,7.256999999999999318e+01
1.155000000000000071e+01,4.759999999999999787e+00,7.237000000000000455e+01
1.105000000000000071e+01,5.049999999999999822e+00,7.206000000000000227e+01
1.140000000000000036e+01,5.500000000000000000e+00,7.179999999999999716e+01
1.200000000000000000e+01,5.309999999999999609e+00,7.167000000000000171e+01
1.186999999999999922e+01,5.250000000000000000e+00,7.162000000000000455e+01
1.167999999999999972e+01,5.169999999999999929e+00,7.156000000000000227e+01
1.092999999999999972e+01,5.459999999999999964e+00,7.137999999999999545e+01
1.001999999999999957e+01,5.849999999999999645e+00,7.117000000000000171e+01
9.089999999999999858e+00,6.000000000000000000e+00,7.096999999999999886e+01
8.919999999999999929e+00,5.830000000000000071e+00,7.087000000000000455e+01
7.379999999999999893e+00,5.950000000000000178e+00,7.073000000000000398e+01
5.379999999999999893e+00,5.349999999999999645e+00,7.037000000000000455e+01
4.500000000000000000e+00,4.809999999999999609e+00,7.012000000000000455e+01
3.129999999999999893e+00,4.509999999999999787e+00,6.984999999999999432e+01
1.659999999999999920e+00,4.269999999999999574e+00,6.945000000000000284e+01
8.000000000000000444e-01,3.140000000000000124e+00,6.906000000000000227e+01
2.999999999999999889e-01,1.020000000000000018e+00,6.854999999999999716e+01
-2.399999999999999911e-01,-4.000000000000000222e-01,6.815999999999999659e+01
-3.300000000000000155e-01,-1.229999999999999982e+00,6.779000000000000625e+01
6.199999999999999956e-01,-1.340000000000000080e+00,6.745999999999999375e+01
1.949999999999999956e+00,-1.030000000000000027e+00,6.718999999999999773e+01
4.070000000000000284e+00,-8.900000000000000133e-01,6.715000000000000568e+01
5.169999999999999929e+00,-1.700000000000000122e-01,6.742000000000000171e+01
6.030000000000000249e+00,-2.099999999999999922e-01,6.789000000000000057e+01
7.799999999999999822e+00,-4.099999999999999756e-01,6.862999999999999545e+01
9.029999999999999361e+00,-2.800000000000000266e-01,6.931000000000000227e+01
8.849999999999999645e+00,-3.499999999999999778e-01,7.026000000000000512e+01
7.620000000000000107e+00,-1.300000000000000044e-01,7.078000000000000114e+01
6.929999999999999716e+00,1.070000000000000062e+00,7.098000000000000398e+01
5.780000000000000249e+00,2.189999999999999947e+00,7.093999999999999773e+01
6.339999999999999858e+00,3.470000000000000195e+00,7.064000000000000057e+01
5.650000000000000355e+00,4.370000000000000107e+00,7.007999999999999829e+01
6.669999999999999929e+00,5.349999999999999645e+00,6.959999999999999432e+01
6.519999999999999574e+00,5.610000000000000320e+00,6.895999999999999375e+01
6.059999999999999609e+00,6.509999999999999787e+00,6.804000000000000625e+01
7.070000000000000284e+00,6.730000000000000426e+00,6.735999999999999943e+01
6.959999999999999964e+00,6.709999999999999964e+00,6.656000000000000227e+01
8.210000000000000853e+00,6.660000000000000142e+00,6.590000000000000568e+01
9.060000000000000497e+00,6.179999999999999716e+00,6.559000000000000341e+01
9.250000000000000000e+00,5.830000000000000071e+00,6.526000000000000512e+01
8.669999999999999929e+00,5.559999999999999609e+00,6.509000000000000341e+01
9.640000000000000568e+00,5.040000000000000036e+00,6.495000000000000284e+01
9.289999999999999147e+00,4.150000000000000355e+00,6.471999999999999886e+01
9.240000000000000213e+00,3.370000000000000107e+00,6.465000000000000568e+01
9.900000000000000355e+00,2.899999999999999911e+00,6.465000000000000568e+01
9.509999999999999787e+00,2.120000000000000107e+00,6.495000000000000284e+01
9.619999999999999218e+00,1.070000000000000062e+00,6.534999999999999432e+01
9.789999999999999147e+00,1.100000000000000006e-01,6.570999999999999375e+01
9.929999999999999716e+00,-1.370000000000000107e+00,6.637999999999999545e+01
1.022000000000000064e+01,-2.319999999999999840e+00,6.698999999999999488e+01
9.570000000000000284e+00,-2.950000000000000178e+00,6.765999999999999659e+01
8.580000000000000071e+00,-3.580000000000000071e+00,6.826999999999999602e+01
7.709999999999999964e+00,-3.390000000000000124e+00,6.873999999999999488e+01
6.929999999999999716e+00,-3.370000000000000107e+00,6.889000000000000057e+01
6.009999999999999787e+00,-4.049999999999999822e+00,6.901999999999999602e+01
5.190000000000000391e+00,-5.030000000000000249e+00,6.887999999999999545e+01
4.959999999999999964e+00,-5.540000000000000036e+00,6.870000000000000284e+01
5.669999999999999929e+00,-5.780000000000000249e+00,6.885999999999999943e+01
5.709999999999999964e+00,-6.049999999999999822e+00,6.929000000000000625e+01
4.910000000000000142e+00,-5.980000000000000426e+00,6.975000000000000000e+01
5.110000000000000320e+00,-6.559999999999999609e+00,7.014000000000000057e+01
5.179999999999999716e+00,-6.070000000000000284e+00,7.043000000000000682e+01
6.690000000000000391e+00,-4.570000000000000284e+00,7.059999999999999432e+01
7.669999999999999929e+00,-3.160000000000000142e+00,7.082999999999999829e+01
8.730000000000000426e+00,-8.499999999999999778e-01,7.121999999999999886e+01
1.002999999999999936e+01,9.399999999999999467e-01,7.162000000000000455e+01
1.008000000000000007e+01,2.220000000000000195e+00,7.210999999999999943e+01
1.030000000000000071e+01,3.419999999999999929e+00,7.245999999999999375e+01
9.740000000000000213e+00,4.429999999999999716e+00,7.254000000000000625e+01
9.589999999999999858e+00,4.320000000000000284e+00,7.234999999999999432e+01
8.380000000000000782e+00,4.000000000000000000e+00,7.187000000000000455e+01
7.209999999999999964e+00,3.430000000000000160e+00,7.123999999999999488e+01
7.580000000000000071e+00,2.430000000000000160e+00,7.029999999999999716e+01
7.200000000000000178e+00,2.029999999999999805e+00,6.954000000000000625e+01
7.179999999999999716e+00,1.719999999999999973e+00,6.862000000000000455e+01
7.790000000000000036e+00,1.610000000000000098e+00,6.790000000000000568e+01
7.769999999999999574e+00,1.850000000000000089e+00,6.726000000000000512e+01
7.580000000000000071e+00,1.729999999999999982e+00,6.657999999999999829e+01
8.050000000000000711e+00,2.029999999999999805e+00,6.626000000000000512e+01
8.169999999999999929e+00,2.359999999999999876e+00,6.587999999999999545e+01
7.980000000000000426e+00,2.120000000000000107e+00,6.546999999999999886e+01
8.740000000000000213e+00,2.080000000000000071e+00,6.529000000000000625e+01
9.429999999999999716e+00,1.959999999999999964e+00,6.498999999999999488e+01
9.640000000000000568e+00,1.590000000000000080e+00,6.490000000000000568e+01
1.003999999999999915e+01,1.290000000000000036e+00,6.470000000000000284e+01
1.111999999999999922e+01,4.299999999999999933e-01,6.451000000000000512e+01
1.125000000000000000e+01,-7.900000000000000355e-01,6.434000000000000341e+01
1.263000000000000078e+01,-1.979999999999999982e+00,6.418999999999999773e+01
1.338000000000000078e+01,-3.020000000000000018e+00,6.431999999999999318e+01
1.424000000000000021e+01,-3.680000000000000160e+00,6.462999999999999545e+01
1.298000000000000043e+01,-4.089999999999999858e+00,6.553000000000000114e+01
1.233000000000000007e+01,-3.549999999999999822e+00,6.623000000000000398e+01
1.075000000000000000e+01,-3.080000000000000071e+00,6.706000000000000227e+01
1.021000000000000085e+01,-2.910000000000000142e+00,6.748999999999999488e+01
9.359999999999999432e+00,-2.490000000000000213e+00,6.798000000000000398e+01
8.789999999999999147e+00,-2.009999999999999787e+00,6.851000000000000512e+01
8.500000000000000000e+00,-7.700000000000000178e-01,6.898000000000000398e+01
9.390000000000000568e+00,7.700000000000000178e-01,6.957999999999999829e+01
9.750000000000000000e+00,1.449999999999999956e+00,7.015000000000000568e+01
1.025000000000000000e+01,1.560000000000000053e+00,7.073000000000000398e+01
1.067999999999999972e+01,1.409999999999999920e+00,7.109999999999999432e+01
9.539999999999999147e+00,8.699999999999999956e-01,7.146999999999999886e+01
9.599999999999999645e+00,7.600000000000000089e-01,7.181999999999999318e+01
7.969999999999999751e+00,-8.999999999999999667e-02,7.209999999999999432e+01
6.799999999999999822e+00,-5.999999999999999778e-01,7.223999999999999488e+01
7.040000000000000036e+00,-8.999999999999999667e-02,7.235999999999999943e+01
6.730000000000000426e+00,3.200000000000000067e-01,7.237999999999999545e+01
5.320000000000000284e+00,-2.999999999999999889e-01,7.240999999999999659e+01
4.910000000000000142e+00,-8.800000000000000044e-01,7.245999999999999375e+01
5.000000000000000000e+00,-9.799999999999999822e-01,7.240000000000000568e+01
3.819999999999999840e+00,-1.409999999999999920e+00,7.240000000000000568e+01
3.930000000000000160e+00,-1.439999999999999947e+00,7.245000000000000284e+01
3.649999999999999911e+00,-2.080000000000000071e+00,7.245999999999999375e+01
3.009999999999999787e+00,-2.649999999999999911e+00,7.262999999999999545e+01
2.649999999999999911e+00,-2.759999999999999787e+00,7.262999999999999545e+01
1.689999999999999947e+00,-3.109999999999999876e+00,7.259999999999999432e+01
1.360000000000000098e+00,-3.729999999999999982e+00,7.231000000000000227e+01
1.570000000000000062e+00,-4.419999999999999929e+00,7.206999999999999318e+01
2.870000000000000107e+00,-4.330000000000000071e+00,7.181999999999999318e+01
3.490000000000000213e+00,-4.639999999999999680e+00,7.176999999999999602e+01
3.729999999999999982e+00,-3.629999999999999893e+00,7.176000000000000512e+01
5.120000000000000107e+00,-1.989999999999999991e+00,7.165000000000000568e+01
6.099999999999999645e+00,-1.149999999999999911e+00,7.156000000000000227e+01
7.370000000000000107e+00,-2.500000000000000000e-01,7.153000000000000114e+01
8.289999999999999147e+00,1.499999999999999944e-01,7.165000000000000568e+01
9.390000000000000568e+00,-1.000000000000000021e-02,7.187999999999999545e+01
1.044999999999999929e+01,-5.400000000000000355e-01,7.226000000000000512e+01
1.059999999999999964e+01,-5.100000000000000089e-01,7.275000000000000000e+01
1.177999999999999936e+01,-3.400000000000000244e-01,7.320000000000000284e+01
1.182000000000000028e+01,2.200000000000000011e-01,7.368000000000000682e+01
1.125999999999999979e+01,8.199999999999999512e-01,7.398999999999999488e+01
1.217999999999999972e+01,7.500000000000000000e-01,7.429999999999999716e+01
1.258999999999999986e+01,4.600000000000000200e-01,7.471999999999999886e+01
1.238000000000000078e+01,5.600000000000000533e-01,7.526000000000000512e+01
1.284999999999999964e+01,8.100000000000000533e-01,7.564000000000000057e+01
1.215000000000000036e+01,1.310000000000000053e+00,7.595999999999999375e+01
1.158000000000000007e+01,2.120000000000000107e+00,7.598999999999999488e+01
1.140000000000000036e+01,3.220000000000000195e+00,7.590000000000000568e+01
1.083999999999999986e+01,4.150000000000000355e+00,7.560999999999999943e+01
1.090000000000000036e+01,5.169999999999999929e+00,7.518999999999999773e+01
1.063000000000000078e+01,6.429999999999999716e+00,7.484000000000000341e+01
1.094999999999999929e+01,6.790000000000000036e+00,7.451000000000000512e+01
1.216999999999999993e+01,7.440000000000000391e+00,7.459999999999999432e+01
1.243999999999999950e+01,7.919999999999999929e+00,7.476999999999999602e+01
1.246000000000000085e+01,8.199999999999999289e+00,7.510999999999999943e+01
1.291000000000000014e+01,8.460000000000000853e+00,7.559999999999999432e+01
1.283000000000000007e+01,8.400000000000000355e+00,7.604000000000000625e+01
1.258000000000000007e+01,7.860000000000000320e+00,7.673999999999999488e+01
1.325999999999999979e+01,7.440000000000000391e+00,7.740999999999999659e+01
1.271000000000000085e+01,7.110000000000000320e+00,7.823999999999999488e+01
1.207000000000000028e+01,7.070000000000000284e+00,7.870999999999999375e+01
1.198000000000000043e+01,6.809999999999999609e+00,7.934999999999999432e+01
1.161999999999999922e+01,6.990000000000000213e+00,7.993999999999999773e+01
1.182000000000000028e+01,6.959999999999999964e+00,8.050000000000000000e+01
1.221000000000000085e+01,6.549999999999999822e+00,8.112000000000000455e+01
1.266000000000000014e+01,5.820000000000000284e+00,8.193000000000000682e+01
1.327999999999999936e+01,5.219999999999999751e+00,8.262000000000000455e+01
1.342999999999999972e+01,3.799999999999999822e+00,8.364000000000000057e+01
1.372000000000000064e+01,3.319999999999999840e+00,8.456999999999999318e+01
1.272000000000000064e+01,3.479999999999999982e+00,8.545000000000000284e+01
1.117999999999999972e+01,3.540000000000000036e+00,8.640999999999999659e+01
1.041999999999999993e+01,3.970000000000000195e+00,8.690999999999999659e+01
9.539999999999999147e+00,4.230000000000000426e+00,8.734000000000000341e+01
8.539999999999999147e+00,3.970000000000000195e+00,8.748999999999999488e+01
8.470000000000000639e+00,3.720000000000000195e+00,8.751999999999999602e+01
7.959999999999999964e+00,3.560000000000000053e+00,8.742000000000000171e+01
7.330000000000000071e+00,3.770000000000000018e+00,8.715999999999999659e+01
8.189999999999999503e+00,4.120000000000000107e+00,8.692000000000000171e+01
8.779999999999999361e+00,4.459999999999999964e+00,8.673999999999999488e+01
9.119999999999999218e+00,4.759999999999999787e+00,8.653000000000000114e+01
8.759999999999999787e+00,4.740000000000000213e+00,8.643000000000000682e+01
9.269999999999999574e+00,4.440000000000000391e+00,8.628000000000000114e+01
9.980000000000000426e+00,4.190000000000000391e+00,8.601999999999999602e+01
9.750000000000000000e+00,4.589999999999999858e+00,8.584999999999999432e+01
1.016000000000000014e+01,4.879999999999999893e+00,8.556000000000000227e+01
9.679999999999999716e+00,5.480000000000000426e+00,8.515999999999999659e+01
8.599999999999999645e+00,5.559999999999999609e+00,8.473000000000000398e+01
7.559999999999999609e+00,5.400000000000000355e+00,8.418999999999999773e+01
6.660000000000000142e+00,4.940000000000000391e+00,8.356999999999999318e+01
5.730000000000000426e+00,4.389999999999999680e+00,8.271999999999999886e+01
4.750000000000000000e+00,3.569999999999999840e+00,8.212000000000000455e+01
4.990000000000000213e+00,2.740000000000000213e+00,8.160999999999999943e+01
5.429999999999999716e+00,1.760000000000000009e+00,8.129000000000000625e+01
5.709999999999999964e+00,4.500000000000000111e-01,8.126000000000000512e+01
4.969999999999999751e+00,1.199999999999999956e-01,8.132999999999999829e+01
4.879999999999999893e+00,1.000000000000000021e-02,8.134000000000000341e+01
5.000000000000000000e+00,-2.899999999999999800e-01,8.135999999999999943e+01
5.459999999999999964e+00,-8.100000000000000533e-01,8.142000000000000171e+01
6.059999999999999609e+00,-1.100000000000000089e+00,8.148999999999999488e+01
6.269999999999999574e+00,-1.760000000000000009e+00,8.156000000000000227e+01
6.959999999999999964e+00,-2.919999999999999929e+00,8.175000000000000000e+01
7.219999999999999751e+00,-2.069999999999999840e+00,8.198000000000000398e+01
7.099999999999999645e+00,-7.099999999999999645e-01,8.226999999999999602e+01
6.849999999999999645e+00,8.299999999999999600e-01,8.253000000000000114e+01
7.120000000000000107e+00,2.209999999999999964e+00,8.276000000000000512e+01
7.049999999999999822e+00,3.669999999999999929e+00,8.300000000000000000e+01
6.440000000000000391e+00,4.679999999999999716e+00,8.290999999999999659e+01
6.120000000000000107e+00,5.000000000000000000e+00,8.262999999999999545e+01
7.019999999999999574e+00,5.169999999999999929e+00,8.243000000000000682e+01
7.309999999999999609e+00,5.049999999999999822e+00,8.225000000000000000e+01
7.599999999999999645e+00,4.200000000000000178e+00,8.203000000000000114e+01
8.669999999999999929e+00,4.059999999999999609e+00,8.198000000000000398e+01
8.310000000000000497e+00,3.549999999999999822e+00,8.203000000000000114e+01
7.610000000000000320e+00,2.709999999999999964e+00,8.200000000000000000e+01
7.910000000000000142e+00,2.560000000000000053e+00,8.171999999999999886e+01
7.790000000000000036e+00,3.120000000000000107e+00,8.126999999999999602e+01
7.910000000000000142e+00,3.049999999999999822e+00,8.050000000000000000e+01
7.679999999999999716e+00,2.129999999999999893e+00,7.990000000000000568e+01
7.950000000000000178e+00,1.290000000000000036e+00,7.931999999999999318e+01
8.230000000000000426e+00,3.599999999999999867e-01,7.884000000000000341e+01
7.469999999999999751e+00,-4.600000000000000200e-01,7.854999999999999716e+01
6.519999999999999574e+00,-1.510000000000000009e+00,7.809000000000000341e+01
6.200000000000000178e+00,-2.379999999999999893e+00,7.770999999999999375e+01
5.200000000000000178e+00,-2.950000000000000178e+00,7.720999999999999375e+01
5.160000000000000142e+00,-2.729999999999999982e+00,7.648999999999999488e+01
4.669999999999999929e+00,-2.839999999999999858e+00,7.590999999999999659e+01
6.110000000000000320e+00,-2.549999999999999822e+00,7.529000000000000625e+01
7.389999999999999680e+00,-2.229999999999999982e+00,7.489000000000000057e+01
9.380000000000000782e+00,-1.719999999999999973e+00,7.484999999999999432e+01
1.066999999999999993e+01,-9.799999999999999822e-01,7.529000000000000625e+01
1.105000000000000071e+01,-6.800000000000000488e-01,7.584000000000000341e+01
1.173000000000000043e+01,4.000000000000000222e-01,7.643000000000000682e+01
1.123000000000000043e+01,7.900000000000000355e-01,7.704000000000000625e+01
1.091000000000000014e+01,4.899999999999999911e-01,7.734999999999999432e+01
1.158000000000000007e+01,-7.000000000000000666e-02,7.756000000000000227e+01
1.158000000000000007e+01,-3.499999999999999778e-01,7.787999999999999545e+01
1.174000000000000021e+01,-1.239999999999999991e+00,7.815999999999999659e+01
1.111999999999999922e+01,-2.339999999999999858e+00,7.842000000000000171e+01
1.008999999999999986e+01,-3.319999999999999840e+00,7.864000000000000057e+01
9.939999999999999503e+00,-4.440000000000000391e+00,7.876000000000000512e+01
9.359999999999999432e+00,-4.650000000000000355e+00,7.881000000000000227e+01
8.970000000000000639e+00,-4.870000000000000107e+00,7.879000000000000625e+01
9.279999999999999361e+00,-4.839999999999999858e+00,7.879000000000000625e+01
1.068999999999999950e+01,-4.559999999999999609e+00,7.870000000000000284e+01
1.160999999999999943e+01,-2.740000000000000213e+00,7.879000000000000625e+01
1.239000000000000057e+01,-7.199999999999999734e-01,7.900000000000000000e+01
1.241999999999999993e+01,7.500000000000000000e-01,7.931999999999999318e+01
1.214000000000000057e+01,2.000000000000000000e+00,7.959999999999999432e+01
1.150000000000000000e+01,3.180000000000000160e+00,7.990000000000000568e+01
1.135999999999999943e+01,4.290000000000000036e+00,8.040000000000000568e+01
1.228999999999999915e+01,5.019999999999999574e+00,8.087000000000000455e+01
1.236999999999999922e+01,5.780000000000000249e+00,8.150000000000000000e+01
1.250999999999999979e+01,6.009999999999999787e+00,8.212000000000000455e+01
1.210999999999999943e+01,6.219999999999999751e+00,8.268000000000000682e+01
1.117999999999999972e+01,6.030000000000000249e+00,8.323999999999999488e+01
9.669999999999999929e+00,5.540000000000000036e+00,8.396999999999999886e+01
9.050000000000000711e+00,5.259999999999999787e+00,8.454999999999999716e+01
7.209999999999999964e+00,4.129999999999999893e+00,8.515999999999999659e+01
6.120000000000000107e+00,3.339999999999999858e+00,8.545999999999999375e+01
4.700000000000000178e+00,2.229999999999999982e+00,8.562999999999999545e+01
3.209999999999999964e+00,1.219999999999999973e+00,8.562999999999999545e+01
2.399999999999999911e+00,5.200000000000000178e-01,8.546999999999999886e+01
1.459999999999999964e+00,-2.600000000000000089e-01,8.510999999999999943e+01
-3.300000000000000155e-01,-1.020000000000000018e+00,8.445999999999999375e+01
-1.050000000000000044e+00,-1.739999999999999991e+00,8.390000000000000568e+01
-8.900000000000000133e-01,-2.040000000000000036e+00,8.314000000000000057e+01
-2.200000000000000178e+00,-2.609999999999999876e+00,8.248999999999999488e+01
-2.399999999999999911e+00,-3.200000000000000178e+00,8.176999999999999602e+01
-2.149999999999999911e+00,-3.560000000000000053e+00,8.106999999999999318e+01
-2.310000000000000053e+00,-3.930000000000000160e+00,8.059999999999999432e+01
-1.320000000000000062e+00,-3.959999999999999964e+00,8.015000000000000568e+01
-1.639999999999999902e+00,-3.459999999999999964e+00,7.981999999999999318e+01
-2.080000000000000071e+00,-3.120000000000000107e+00,7.959999999999999432e+01
-9.599999999999999645e-01,-2.240000000000000213e+00,7.920999999999999375e+01
-2.300000000000000100e-01,-1.709999999999999964e+00,7.895000000000000284e+01
1.050000000000000044e+00,-1.199999999999999956e+00,7.881999999999999318e+01
2.680000000000000160e+00,-6.899999999999999467e-01,7.884000000000000341e+01
2.330000000000000071e+00,-0.000000000000000000e+00,7.895000000000000284e+01
2.069999999999999840e+00,1.639999999999999902e+00,7.906000000000000227e+01
2.450000000000000178e+00,2.759999999999999787e+00,7.895000000000000284e+01
2.970000000000000195e+00,3.200000000000000178e+00,7.884000000000000341e+01
3.189999999999999947e+00,4.940000000000000391e+00,7.859999999999999432e+01
3.240000000000000213e+00,5.589999999999999858e+00,7.832999999999999829e+01
3.859999999999999876e+00,5.730000000000000426e+00,7.790999999999999659e+01
4.580000000000000071e+00,6.320000000000000284e+00,7.718000000000000682e+01
4.839999999999999858e+00,6.389999999999999680e+00,7.665000000000000568e+01
6.040000000000000036e+00,6.480000000000000426e+00,7.615000000000000568e+01
6.540000000000000036e+00,6.150000000000000355e+00,7.581999999999999318e+01
7.250000000000000000e+00,5.580000000000000071e+00,7.568999999999999773e+01
7.339999999999999858e+00,5.049999999999999822e+00,7.551999999999999602e+01
7.589999999999999858e+00,4.429999999999999716e+00,7.529999999999999716e+01
8.349999999999999645e+00,3.859999999999999876e+00,7.506999999999999318e+01
9.130000000000000782e+00,3.669999999999999929e+00,7.479000000000000625e+01
1.089000000000000057e+01,2.799999999999999822e+00,7.464000000000000057e+01
1.105000000000000071e+01,2.069999999999999840e+00,7.460999999999999943e+01
1.067999999999999972e+01,9.200000000000000400e-01,7.465999999999999659e+01
9.630000000000000782e+00,-8.999999999999999667e-02,7.476999999999999602e+01
1.073000000000000043e+01,-1.250000000000000000e+00,7.490000000000000568e+01
1.115000000000000036e+01,-1.979999999999999982e+00,7.531000000000000227e+01
1.200000000000000000e+01,-2.589999999999999858e+00,7.576000000000000512e+01
1.300999999999999979e+01,-3.089999999999999858e+00,7.665000000000000568e+01
1.264000000000000057e+01,-3.470000000000000195e+00,7.756000000000000227e+01
1.251999999999999957e+01,-3.250000000000000000e+00,7.856000000000000227e+01
1.133999999999999986e+01,-3.129999999999999893e+00,7.976999999999999602e+01
9.699999999999999289e+00,-3.120000000000000107e+00,8.068999999999999773e+01
8.560000000000000497e+00,-3.080000000000000071e+00,8.117000000000000171e+01
9.130000000000000782e+00,-2.270000000000000018e+00,8.132999999999999829e+01
8.460000000000000853e+00,-2.419999999999999929e+00,8.131000000000000227e+01
9.060000000000000497e+00,-2.959999999999999964e+00,8.117000000000000171e+01
9.169999999999999929e+00,-3.330000000000000071e+00,8.123999999999999488e+01
8.509999999999999787e+00,-4.089999999999999858e+00,8.181000000000000227e+01
8.539999999999999147e+00,-4.139999999999999680e+00,8.229999999999999716e+01
7.129999999999999893e+00,-4.610000000000000320e+00,8.307999999999999829e+01
7.530000000000000249e+00,-5.519999999999999574e+00,8.348999999999999488e+01
7.360000000000000320e+00,-6.360000000000000320e+00,8.417000000000000171e+01
6.769999999999999574e+00,-6.709999999999999964e+00,8.471999999999999886e+01
5.900000000000000355e+00,-6.610000000000000320e+00,8.518999999999999773e+01
6.089999999999999858e+00,-6.809999999999999609e+00,8.526000000000000512e+01
5.339999999999999858e+00,-6.570000000000000284e+00,8.529999999999999716e+01
5.269999999999999574e+00,-6.209999999999999964e+00,8.521999999999999886e+01
5.540000000000000036e+00,-5.099999999999999645e+00,8.500000000000000000e+01
6.240000000000000213e+00,-3.919999999999999929e+00,8.482999999999999829e+01
7.589999999999999858e+00,-2.799999999999999822e+00,8.468999999999999773e+01
8.779999999999999361e+00,-2.240000000000000213e+00,8.476000000000000512e+01
9.679999999999999716e+00,-1.459999999999999964e+00,8.493999999999999773e+01
9.119999999999999218e+00,-6.800000000000000488e-01,8.529000000000000625e+01
8.990000000000000213e+00,1.700000000000000122e-01,8.557999999999999829e+01
8.660000000000000142e+00,1.139999999999999902e+00,8.595000000000000284e+01
8.980000000000000426e+00,2.009999999999999787e+00,8.629000000000000625e+01
8.429999999999999716e+00,2.790000000000000036e+00,8.678000000000000114e+01
8.099999999999999645e+00,3.339999999999999858e+00,8.720000000000000284e+01
8.320000000000000284e+00,3.899999999999999911e+00,8.759999999999999432e+01
7.110000000000000320e+00,4.250000000000000000e+00,8.793000000000000682e+01
5.849999999999999645e+00,4.240000000000000213e+00,8.793999999999999773e+01
3.770000000000000018e+00,3.830000000000000071e+00,8.767000000000000171e+01
2.709999999999999964e+00,3.279999999999999805e+00,8.715999999999999659e+01
1.659999999999999920e+00,2.470000000000000195e+00,8.654000000000000625e+01
5.400000000000000355e-01,1.889999999999999902e+00,8.556000000000000227e+01
6.899999999999999467e-01,1.590000000000000080e+00,8.481000000000000227e+01
1.110000000000000098e+00,1.350000000000000089e+00,8.395000000000000284e+01
1.310000000000000053e+00,1.020000000000000018e+00,8.332999999999999829e+01
1.510000000000000009e+00,-2.999999999999999889e-02,8.276999999999999602e+01
2.859999999999999876e+00,-6.400000000000000133e-01,8.240999999999999659e+01
2.680000000000000160e+00,-1.340000000000000080e+00,8.226000000000000512e+01
3.209999999999999964e+00,-2.500000000000000000e+00,8.210999999999999943e+01
3.890000000000000124e+00,-2.890000000000000124e+00,8.204999999999999716e+01
4.860000000000000320e+00,-2.959999999999999964e+00,8.206000000000000227e+01
5.030000000000000249e+00,-2.540000000000000036e+00,8.206999999999999318e+01
6.459999999999999964e+00,-1.780000000000000027e+00,8.195999999999999375e+01
7.559999999999999609e+00,-8.299999999999999600e-01,8.181000000000000227e+01
7.139999999999999680e+00,-5.899999999999999689e-01,8.173999999999999488e+01
8.259999999999999787e+00,1.400000000000000133e-01,8.164000000000000057e+01
8.509999999999999787e+00,1.060000000000000053e+00,8.176000000000000512e+01
8.960000000000000853e+00,2.020000000000000018e+00,8.190999999999999659e+01
8.929999999999999716e+00,3.040000000000000036e+00,8.209000000000000341e+01
9.039999999999999147e+00,3.609999999999999876e+00,8.237999999999999545e+01
9.039999999999999147e+00,4.320000000000000284e+00,8.254999999999999716e+01
8.099999999999999645e+00,4.679999999999999716e+00,8.254999999999999716e+01
7.040000000000000036e+00,5.179999999999999716e+00,8.223000000000000398e+01
6.889999999999999680e+00,5.660000000000000142e+00,8.190000000000000568e+01
5.690000000000000391e+00,6.349999999999999645e+00,8.132999999999999829e+01
7.080000000000000071e+00,7.030000000000000249e+00,8.070000000000000284e+01
7.919999999999999929e+00,7.629999999999999893e+00,8.020000000000000284e+01
9.199999999999999289e+00,7.910000000000000142e+00,7.993999999999999773e+01
9.529999999999999361e+00,7.820000000000000284e+00,7.959999999999999432e+01
9.189999999999999503e+00,7.940000000000000391e+00,7.926999999999999602e+01
9.449999999999999289e+00,7.379999999999999893e+00,7.898000000000000398e+01
9.910000000000000142e+00,6.799999999999999822e+00,7.885999999999999943e+01
9.929999999999999716e+00,5.669999999999999929e+00,7.890999999999999659e+01
1.044999999999999929e+01,4.370000000000000107e+00,7.901999999999999602e+01
9.960000000000000853e+00,2.750000000000000000e+00,7.912999999999999545e+01
1.036999999999999922e+01,1.310000000000000053e+00,7.937000000000000455e+01
1.074000000000000021e+01,2.099999999999999922e-01,7.950000000000000000e+01
1.007000000000000028e+01,-7.500000000000000000e-01,7.965999999999999659e+01
9.990000000000000213e+00,-1.760000000000000009e+00,7.975000000000000000e+01
9.919999999999999929e+00,-2.109999999999999876e+00,7.970999999999999375e+01
9.279999999999999361e+00,-2.640000000000000124e+00,7.968000000000000682e+01
1.042999999999999972e+01,-3.140000000000000124e+00,7.956000000000000227e+01
1.097000000000000064e+01,-3.470000000000000195e+00,7.959999999999999432e+01
1.110999999999999943e+01,-3.319999999999999840e+00,7.976000000000000512e+01
1.177999999999999936e+01,-3.529999999999999805e+00,8.007999999999999829e+01
1.269999999999999929e+01,-3.149999999999999911e+00,8.075000000000000000e+01
1.375000000000000000e+01,-2.959999999999999964e+00,8.167000000000000171e+01
1.483999999999999986e+01,-3.020000000000000018e+00,8.271999999999999886e+01
1.483000000000000007e+01,-2.410000000000000142e+00,8.426999999999999602e+01
1.474000000000000021e+01,-1.979999999999999982e+00,8.540999999999999659e+01
1.375999999999999979e+01,-1.400000000000000133e-01,8.645000000000000284e+01
1.342999999999999972e+01,1.129999999999999893e+00,8.698999999999999488e+01
1.283999999999999986e+01,2.279999999999999805e+00,8.706000000000000227e+01
1.275999999999999979e+01,3.319999999999999840e+00,8.671999999999999886e+01
1.231000000000000050e+01,3.910000000000000142e+00,8.620000000000000284e+01
1.341000000000000014e+01,4.639999999999999680e+00,8.576000000000000512e+01
1.319999999999999929e+01,5.299999999999999822e+00,8.546999999999999886e+01
1.400000000000000000e+01,6.139999999999999680e+00,8.526000000000000512e+01
1.455000000000000071e+01,7.059999999999999609e+00,8.521999999999999886e+01
1.422000000000000064e+01,7.410000000000000142e+00,8.514000000000000057e+01
1.451999999999999957e+01,7.839999999999999858e+00,8.520999999999999375e+01
1.464000000000000057e+01,8.140000000000000568e+00,8.520999999999999375e+01
1.411999999999999922e+01,8.150000000000000355e+00,8.515999999999999659e+01
1.234999999999999964e+01,7.660000000000000142e+00,8.487999999999999545e+01
9.609999999999999432e+00,7.150000000000000355e+00,8.431999999999999318e+01
8.310000000000000497e+00,6.099999999999999645e+00,8.387000000000000455e+01
7.530000000000000249e+00,5.190000000000000391e+00,8.337000000000000455e+01
6.440000000000000391e+00,5.320000000000000284e+00,8.273000000000000398e+01
5.690000000000000391e+00,4.769999999999999574e+00,8.210999999999999943e+01
4.650000000000000355e+00,4.240000000000000213e+00,8.143000000000000682e+01
3.990000000000000213e+00,4.679999999999999716e+00,8.085999999999999943e+01
3.819999999999999840e+00,4.169999999999999929e+00,8.029999999999999716e+01
3.049999999999999822e+00,3.600000000000000089e+00,7.979000000000000625e+01
2.799999999999999822e+00,3.430000000000000160e+00,7.959000000000000341e+01
1.500000000000000000e+00,2.310000000000000053e+00,7.934000000000000341e+01
5.200000000000000178e-01,1.179999999999999938e+00,7.920000000000000284e+01
3.499999999999999778e-01,-2.000000000000000042e-02,7.900000000000000000e+01
-5.400000000000000355e-01,-1.389999999999999902e+00,7.887000000000000455e+01
-8.000000000000000167e-02,-2.350000000000000089e+00,7.870000000000000284e+01
2.700000000000000178e-01,-2.549999999999999822e+00,7.843000000000000682e+01
-4.199999999999999845e-01,-2.649999999999999911e+00,7.812999999999999545e+01
1.560000000000000053e+00,-2.930000000000000160e+00,7.753000000000000114e+01
2.649999999999999911e+00,-3.290000000000000036e+00,7.714000000000000057e+01
3.060000000000000053e+00,-3.910000000000000142e+00,7.696999999999999886e+01
4.320000000000000284e+00,-3.750000000000000000e+00,7.692000000000000171e+01
4.400000000000000355e+00,-3.089999999999999858e+00,7.698000000000000398e+01
4.379999999999999893e+00,-2.169999999999999929e+00,7.701000000000000512e+01
4.599999999999999645e+00,-2.049999999999999822e+00,7.698999999999999488e+01
5.490000000000000213e+00,-1.280000000000000027e+00,7.695999999999999375e+01
6.040000000000000036e+00,-6.500000000000000222e-01,7.692000000000000171e+01
6.150000000000000355e+00,2.399999999999999911e-01,7.692000000000000171e+01
5.759999999999999787e+00,7.900000000000000355e-01,7.671999999999999886e+01
6.410000000000000142e+00,2.220000000000000195e+00,7.626999999999999602e+01
7.780000000000000249e+00,2.680000000000000160e+00,7.603000000000000114e+01
8.250000000000000000e+00,3.399999999999999911e+00,7.579000000000000625e+01
9.070000000000000284e+00,4.059999999999999609e+00,7.560999999999999943e+01
1.061999999999999922e+01,3.810000000000000053e+00,7.546999999999999886e+01
1.043999999999999950e+01,3.549999999999999822e+00,7.523000000000000398e+01
1.128999999999999915e+01,3.270000000000000018e+00,7.504000000000000625e+01
1.210999999999999943e+01,3.009999999999999787e+00,7.495000000000000284e+01
1.236999999999999922e+01,2.029999999999999805e+00,7.487000000000000455e+01
1.283999999999999986e+01,6.899999999999999467e-01,7.498999999999999488e+01
1.294999999999999929e+01,2.099999999999999922e-01,7.518999999999999773e+01
1.426999999999999957e+01,-5.000000000000000278e-02,7.562999999999999545e+01
1.522000000000000064e+01,-4.099999999999999756e-01,7.610999999999999943e+01
1.574000000000000021e+01,-5.899999999999999689e-01,7.671999999999999886e+01
1.651999999999999957e+01,-3.300000000000000155e-01,7.773000000000000398e+01
1.689999999999999858e+01,-1.300000000000000044e-01,7.864000000000000057e+01
1.739999999999999858e+01,-1.000000000000000021e-02,7.985999999999999943e+01
1.716000000000000014e+01,6.600000000000000311e-01,8.092000000000000171e+01
1.773999999999999844e+01,1.520000000000000018e+00,8.206999999999999318e+01
1.853000000000000114e+01,2.669999999999999929e+00,8.348999999999999488e+01
1.873999999999999844e+01,4.389999999999999680e+00,8.479999999999999716e+01
1.810999999999999943e+01,5.540000000000000036e+00,8.603000000000000114e+01
1.814000000000000057e+01,6.259999999999999787e+00,8.731999999999999318e+01
1.792000000000000171e+01,6.980000000000000426e+00,8.829000000000000625e+01
1.680999999999999872e+01,7.370000000000000107e+00,8.901999999999999602e+01
1.676999999999999957e+01,7.780000000000000249e+00,8.945000000000000284e+01
1.655999999999999872e+01,7.940000000000000391e+00,8.979999999999999716e+01
1.539000000000000057e+01,8.080000000000000071e+00,9.021999999999999886e+01
1.502999999999999936e+01,7.730000000000000426e+00,9.057999999999999829e+01
1.424000000000000021e+01,7.400000000000000355e+00,9.103000000000000114e+01
1.289000000000000057e+01,6.980000000000000426e+00,9.135999999999999943e+01
1.191000000000000014e+01,5.830000000000000071e+00,9.184999999999999432e+01
1.110999999999999943e+01,5.059999999999999609e+00,9.226999999999999602e+01
9.480000000000000426e+00,4.490000000000000213e+00,9.264000000000000057e+01
6.509999999999999787e+00,3.640000000000000124e+00,9.306000000000000227e+01
5.089999999999999858e+00,2.919999999999999929e+00,9.325000000000000000e+01
3.509999999999999787e+00,1.800000000000000044e+00,9.334999999999999432e+01
2.279999999999999805e+00,9.899999999999999911e-01,9.320999999999999375e+01
1.659999999999999920e+00,2.099999999999999922e-01,9.290000000000000568e+01
1.649999999999999911e+00,-6.099999999999999867e-01,9.245999999999999375e+01
2.259999999999999787e+00,-8.499999999999999778e-01,9.212999999999999545e+01
4.019999999999999574e+00,-6.099999999999999867e-01,9.176000000000000512e+01
4.540000000000000036e+00,-4.799999999999999822e-01,9.159999999999999432e+01
5.809999999999999609e+00,-2.300000000000000100e-01,9.153000000000000114e+01
6.509999999999999787e+00,7.399999999999999911e-01,9.140000000000000568e+01
7.730000000000000426e+00,1.310000000000000053e+00,9.134000000000000341e+01
7.639999999999999680e+00,2.270000000000000018e+00,9.118999999999999773e+01
6.459999999999999964e+00,2.750000000000000000e+00,9.087999999999999545e+01
6.790000000000000036e+00,2.720000000000000195e+00,9.051000000000000512e+01
6.139999999999999680e+00,2.060000000000000053e+00,8.998999999999999488e+01
6.110000000000000320e+00,1.379999999999999893e+00,8.965999999999999659e+01
6.330000000000000071e+00,1.320000000000000062e+00,8.939000000000000057e+01
6.490000000000000213e+00,1.580000000000000071e+00,8.914000000000000057e+01
5.919999999999999929e+00,1.870000000000000107e+00,8.882999999999999829e+01
5.250000000000000000e+00,2.180000000000000160e+00,8.843000000000000682e+01
5.719999999999999751e+00,2.370000000000000107e+00,8.793000000000000682e+01
5.299999999999999822e+00,2.169999999999999929e+00,8.739000000000000057e+01
5.299999999999999822e+00,2.500000000000000000e+00,8.706000000000000227e+01
5.070000000000000284e+00,2.700000000000000178e+00,8.665000000000000568e+01
4.629999999999999893e+00,3.069999999999999840e+00,8.623000000000000398e+01
4.320000000000000284e+00,3.759999999999999787e+00,8.570999999999999375e+01
5.290000000000000036e+00,4.410000000000000142e+00,8.528000000000000114e+01
6.009999999999999787e+00,4.839999999999999858e+00,8.487999999999999545e+01
5.519999999999999574e+00,4.769999999999999574e+00,8.437999999999999545e+01
6.000000000000000000e+00,4.389999999999999680e+00,8.390999999999999659e+01
5.570000000000000284e+00,4.209999999999999964e+00,8.345000000000000284e+01
4.559999999999999609e+00,3.250000000000000000e+00,8.298000000000000398e+01
4.000000000000000000e+00,2.729999999999999982e+00,8.240000000000000568e+01
2.970000000000000195e+00,1.810000000000000053e+00,8.184999999999999432e+01
2.620000000000000107e+00,6.199999999999999956e-01,8.128000000000000114e+01
2.330000000000000071e+00,-5.000000000000000000e-01,8.046999999999999886e+01
2.029999999999999805e+00,-1.560000000000000053e+00,7.982999999999999829e+01
2.580000000000000071e+00,-2.819999999999999840e+00,7.900000000000000000e+01
3.459999999999999964e+00,-3.600000000000000089e+00,7.848000000000000398e+01
3.850000000000000089e+00,-4.400000000000000355e+00,7.803000000000000114e+01
5.370000000000000107e+00,-4.769999999999999574e+00,7.765000000000000568e+01
5.740000000000000213e+00,-5.070000000000000284e+00,7.767000000000000171e+01
6.339999999999999858e+00,-5.799999999999999822e+00,7.781000000000000227e+01
7.179999999999999716e+00,-6.150000000000000355e+00,7.798999999999999488e+01
7.650000000000000355e+00,-6.269999999999999574e+00,7.837000000000000455e+01
9.029999999999999361e+00,-6.889999999999999680e+00,7.885999999999999943e+01
8.250000000000000000e+00,-7.469999999999999751e+00,7.953000000000000114e+01
7.599999999999999645e+00,-6.740000000000000213e+00,8.009000000000000341e+01
7.200000000000000178e+00,-5.469999999999999751e+00,8.040000000000000568e+01
7.990000000000000213e+00,-5.030000000000000249e+00,8.039000000000000057e+01
8.500000000000000000e+00,-4.469999999999999751e+00,8.054000000000000625e+01
8.669999999999999929e+00,-3.890000000000000124e+00,8.070000000000000284e+01
9.199999999999999289e+00,-3.339999999999999858e+00,8.085999999999999943e+01
8.810000000000000497e+00,-1.850000000000000089e+00,8.115999999999999659e+01
9.380000000000000782e+00,-9.000000000000000222e-01,8.129000000000000625e+01
9.939999999999999503e+00,4.000000000000000222e-01,8.145000000000000284e+01
1.082000000000000028e+01,1.080000000000000071e+00,8.159999999999999432e+01
1.088000000000000078e+01,1.699999999999999956e+00,8.179000000000000625e+01
1.059999999999999964e+01,2.089999999999999858e+00,8.184000000000000341e+01
1.091000000000000014e+01,2.220000000000000195e+00,8.176000000000000512e+01
1.072000000000000064e+01,2.370000000000000107e+00,8.143000000000000682e+01
1.069999999999999929e+01,1.989999999999999991e+00,8.129000000000000625e+01
1.107000000000000028e+01,2.129999999999999893e+00,8.137000000000000455e+01
1.107000000000000028e+01,2.200000000000000178e+00,8.164000000000000057e+01
9.939999999999999503e+00,2.310000000000000053e+00,8.198000000000000398e+01
8.849999999999999645e+00,2.359999999999999876e+00,8.220999999999999375e+01
7.950000000000000178e+00,1.830000000000000071e+00,8.237999999999999545e+01
7.080000000000000071e+00,1.209999999999999964e+00,8.237000000000000455e+01
6.009999999999999787e+00,4.500000000000000111e-01,8.220999999999999375e+01
5.209999999999999964e+00,-7.500000000000000000e-01,8.187000000000000455e+01
6.280000000000000249e+00,-1.600000000000000089e+00,8.162000000000000455e+01
7.469999999999999751e+00,-2.470000000000000195e+00,8.156000000000000227e+01
8.759999999999999787e+00,-3.160000000000000142e+00,8.173999999999999488e+01
9.919999999999999929e+00,-3.609999999999999876e+00,8.209999999999999432e+01
1.003999999999999915e+01,-3.950000000000000178e+00,8.254999999999999716e+01
9.740000000000000213e+00,-4.209999999999999964e+00,8.296999999999999886e+01
9.710000000000000853e+00,-3.609999999999999876e+00,8.337999999999999545e+01
9.970000000000000639e+00,-3.060000000000000053e+00,8.354999999999999716e+01
9.580000000000000071e+00,-2.410000000000000142e+00,8.364000000000000057e+01
9.640000000000000568e+00,-1.209999999999999964e+00,8.362999999999999545e+01
1.016000000000000014e+01,-5.999999999999999778e-02,8.340999999999999659e+01
9.599999999999999645e+00,8.599999999999999867e-01,8.307999999999999829e+01
9.949999999999999289e+00,1.840000000000000080e+00,8.242000000000000171e+01
1.067999999999999972e+01,1.879999999999999893e+00,8.192000000000000171e+01
1.046000000000000085e+01,1.840000000000000080e+00,8.153000000000000114e+01
1.069999999999999929e+01,1.760000000000000009e+00,8.120999999999999375e+01
9.550000000000000711e+00,2.509999999999999787e+00,8.073000000000000398e+01
9.929999999999999716e+00,2.330000000000000071e+00,8.040000000000000568e+01
1.058000000000000007e+01,2.890000000000000124e+00,8.003000000000000114e+01
1.011999999999999922e+01,3.399999999999999911e+00,7.973000000000000398e+01
1.030000000000000071e+01,4.480000000000000426e+00,7.942000000000000171e+01
1.117999999999999972e+01,5.519999999999999574e+00,7.921999999999999886e+01
1.126999999999999957e+01,6.679999999999999716e+00,7.904000000000000625e+01
1.126999999999999957e+01,7.669999999999999929e+00,7.876999999999999602e+01
1.107000000000000028e+01,8.009999999999999787e+00,7.851999999999999602e+01
1.164000000000000057e+01,8.400000000000000355e+00,7.835999999999999943e+01
1.239000000000000057e+01,8.470000000000000639e+00,7.856000000000000227e+01
1.239000000000000057e+01,7.809999999999999609e+00,7.867000000000000171e+01
1.221000000000000085e+01,6.980000000000000426e+00,7.887999999999999545e+01
1.232000000000000028e+01,6.129999999999999893e+00,7.918000000000000682e+01
1.116999999999999993e+01,4.879999999999999893e+00,7.934000000000000341e+01
1.032000000000000028e+01,3.779999999999999805e+00,7.950000000000000000e+01
1.049000000000000021e+01,2.649999999999999911e+00,7.973999999999999488e+01
1.057000000000000028e+01,1.229999999999999982e+00,7.987000000000000455e+01
9.820000000000000284e+00,8.999999999999999667e-02,8.003000000000000114e+01
1.006000000000000050e+01,-1.110000000000000098e+00,8.012999999999999545e+01
1.039000000000000057e+01,-2.049999999999999822e+00,8.015000000000000568e+01
1.034999999999999964e+01,-2.839999999999999858e+00,8.034000000000000341e+01
1.214000000000000057e+01,-3.370000000000000107e+00,8.053000000000000114e+01
1.250999999999999979e+01,-3.020000000000000018e+00,8.082999999999999829e+01
1.250999999999999979e+01,-2.339999999999999858e+00,8.140000000000000568e+01
1.342999999999999972e+01,-2.629999999999999893e+00,8.184000000000000341e+01
1.321000000000000085e+01,-2.979999999999999982e+00,8.242000000000000171e+01
1.372000000000000064e+01,-3.629999999999999893e+00,8.290000000000000568e+01
1.251999999999999957e+01,-3.600000000000000089e+00,8.320999999999999375e+01
1.200000000000000000e+01,-2.640000000000000124e+00,8.318000000000000682e+01
1.297000000000000064e+01,-1.010000000000000009e+00,8.301999999999999602e+01
1.305000000000000071e+01,6.500000000000000222e-01,8.290999999999999659e+01
1.467999999999999972e+01,2.609999999999999876e+00,8.279999999999999716e+01
1.581000000000000050e+01,4.559999999999999609e+00,8.279000000000000625e+01
1.534999999999999964e+01,5.370000000000000107e+00,8.279999999999999716e+01
1.425000000000000000e+01,5.530000000000000249e+00,8.267000000000000171e+01
1.333000000000000007e+01,6.089999999999999858e+00,8.256999999999999318e+01
1.361999999999999922e+01,5.980000000000000426e+00,8.246999999999999886e+01
1.400000000000000000e+01,5.879999999999999893e+00,8.262000000000000455e+01
1.405000000000000071e+01,5.870000000000000107e+00,8.279000000000000625e+01
1.350000000000000000e+01,6.230000000000000426e+00,8.307999999999999829e+01
1.282000000000000028e+01,6.280000000000000249e+00,8.339000000000000057e+01
1.299000000000000021e+01,6.200000000000000178e+00,8.387999999999999545e+01
1.158000000000000007e+01,6.559999999999999609e+00,8.446999999999999886e+01
1.088000000000000078e+01,6.679999999999999716e+00,8.507999999999999829e+01
1.027999999999999936e+01,6.370000000000000107e+00,8.548999999999999488e+01
9.019999999999999574e+00,6.330000000000000071e+00,8.593999999999999773e+01
7.769999999999999574e+00,6.160000000000000142e+00,8.637000000000000455e+01
7.049999999999999822e+00,5.540000000000000036e+00,8.675000000000000000e+01
5.280000000000000249e+00,4.629999999999999893e+00,8.734000000000000341e+01
4.820000000000000284e+00,3.830000000000000071e+00,8.778000000000000114e+01
4.769999999999999574e+00,3.250000000000000000e+00,8.804999999999999716e+01
3.129999999999999893e+00,1.979999999999999982e+00,8.826999999999999602e+01
2.229999999999999982e+00,1.310000000000000053e+00,8.839000000000000057e+01
2.100000000000000089e+00,6.099999999999999867e-01,8.828000000000000114e+01
6.999999999999999556e-01,-2.399999999999999911e-01,8.812999999999999545e+01
-3.400000000000000244e-01,-1.110000000000000098e+00,8.779999999999999716e+01
-5.699999999999999512e-01,-1.479999999999999982e+00,8.737999999999999545e+01
-1.729999999999999982e+00,-2.140000000000000124e+00,8.706999999999999318e+01
-2.640000000000000124e+00,-2.069999999999999840e+00,8.656999999999999318e+01
-2.180000000000000160e+00,-2.169999999999999929e+00,8.581000000000000227e+01
-1.510000000000000009e+00,-2.459999999999999964e+00,8.531000000000000227e+01
-1.530000000000000027e+00,-2.770000000000000018e+00,8.476999999999999602e+01
-1.489999999999999991e+00,-2.759999999999999787e+00,8.404000000000000625e+01
-4.000000000000000222e-01,-2.540000000000000036e+00,8.342000000000000171e+01
2.600000000000000089e-01,-2.459999999999999964e+00,8.290999999999999659e+01
5.200000000000000178e-01,-2.470000000000000195e+00,8.246999999999999886e+01
9.799999999999999822e-01,-2.399999999999999911e+00,8.220000000000000284e+01
1.979999999999999982e+00,-1.929999999999999938e+00,8.193999999999999773e+01
2.660000000000000142e+00,-1.629999999999999893e+00,8.176999999999999602e+01
4.200000000000000178e+00,-1.040000000000000036e+00,8.170000000000000284e+01
4.139999999999999680e+00,-1.799999999999999933e-01,8.176999999999999602e+01
4.400000000000000355e+00,2.000000000000000111e-01,8.178000000000000114e+01
5.200000000000000178e+00,5.899999999999999689e-01,8.176000000000000512e+01
5.790000000000000036e+00,2.000000000000000000e+00,8.184999999999999432e+01
6.370000000000000107e+00,3.080000000000000071e+00,8.176999999999999602e+01
7.459999999999999964e+00,3.979999999999999982e+00,8.168999999999999773e+01
8.210000000000000853e+00,4.540000000000000036e+00,8.164000000000000057e+01
9.109999999999999432e+00,4.950000000000000178e+00,8.176000000000000512e+01
1.022000000000000064e+01,5.070000000000000284e+00,8.187999999999999545e+01
1.075000000000000000e+01,5.250000000000000000e+00,8.206000000000000227e+01
1.039000000000000057e+01,5.110000000000000320e+00,8.201999999999999602e+01
1.180000000000000071e+01,4.660000000000000142e+00,8.203000000000000114e+01
1.274000000000000021e+01,4.080000000000000071e+00,8.206000000000000227e+01
1.311999999999999922e+01,3.839999999999999858e+00,8.212999999999999545e+01
1.331000000000000050e+01,3.490000000000000213e+00,8.229999999999999716e+01
1.336999999999999922e+01,3.000000000000000000e+00,8.251999999999999602e+01
1.303999999999999915e+01,2.169999999999999929e+00,8.275000000000000000e+01
1.406000000000000050e+01,1.860000000000000098e+00,8.312000000000000455e+01
1.524000000000000021e+01,1.459999999999999964e+00,8.376999999999999602e+01
1.516999999999999993e+01,1.409999999999999920e+00,8.431999999999999318e+01
1.576999999999999957e+01,1.580000000000000071e+00,8.514000000000000057e+01
1.625000000000000000e+01,1.790000000000000036e+00,8.581999999999999318e+01
1.557000000000000028e+01,2.330000000000000071e+00,8.656999999999999318e+01
1.522000000000000064e+01,3.169999999999999929e+00,8.754000000000000625e+01
1.547000000000000064e+01,3.770000000000000018e+00,8.828000000000000114e+01
1.513000000000000078e+01,4.490000000000000213e+00,8.896999999999999886e+01
1.491999999999999993e+01,5.169999999999999929e+00,8.979000000000000625e+01
1.591999999999999993e+01,5.540000000000000036e+00,9.048999999999999488e+01
1.639000000000000057e+01,6.000000000000000000e+00,9.125000000000000000e+01
1.687000000000000099e+01,6.530000000000000249e+00,9.218999999999999773e+01
1.705000000000000071e+01,6.530000000000000249e+00,9.282999999999999829e+01
1.716000000000000014e+01,6.299999999999999822e+00,9.356000000000000227e+01
1.691000000000000014e+01,6.309999999999999609e+00,9.409000000000000341e+01
1.598000000000000043e+01,6.269999999999999574e+00,9.446999999999999886e+01
1.447000000000000064e+01,6.110000000000000320e+00,9.464000000000000057e+01
1.327999999999999936e+01,5.839999999999999858e+00,9.451000000000000512e+01
1.286999999999999922e+01,5.940000000000000391e+00,9.425000000000000000e+01
1.296000000000000085e+01,5.219999999999999751e+00,9.390999999999999659e+01
1.275000000000000000e+01,5.040000000000000036e+00,9.389000000000000057e+01
1.097000000000000064e+01,5.070000000000000284e+00,9.370000000000000284e+01
9.630000000000000782e+00,5.709999999999999964e+00,9.326000000000000512e+01
9.759999999999999787e+00,5.309999999999999609e+00,9.282999999999999829e+01
9.839999999999999858e+00,5.040000000000000036e+00,9.234000000000000341e+01
1.014000000000000057e+01,4.889999999999999680e+00,9.179000000000000625e+01
1.046000000000000085e+01,4.599999999999999645e+00,9.118999999999999773e+01
1.066999999999999993e+01,4.320000000000000284e+00,9.079999999999999716e+01
1.141999999999999993e+01,4.259999999999999787e+00,9.053000000000000114e+01
1.099000000000000021e+01,4.240000000000000213e+00,9.018999999999999773e+01
1.158000000000000007e+01,4.110000000000000320e+00,9.018000000000000682e+01
1.176999999999999957e+01,4.379999999999999893e+00,9.020000000000000284e+01
1.113000000000000078e+01,4.269999999999999574e+00,9.003000000000000114e+01
1.034999999999999964e+01,4.049999999999999822e+00,8.968999999999999773e+01
9.869999999999999218e+00,3.919999999999999929e+00,8.937000000000000455e+01
9.449999999999999289e+00,3.660000000000000142e+00,8.895999999999999375e+01
8.689999999999999503e+00,3.609999999999999876e+00,8.884999999999999432e+01
7.660000000000000142e+00,3.399999999999999911e+00,8.879999999999999716e+01
7.169999999999999929e+00,2.979999999999999982e+00,8.879000000000000625e+01
6.320000000000000284e+00,1.810000000000000053e+00,8.873000000000000398e+01
5.330000000000000071e+00,8.699999999999999956e-01,8.854000000000000625e+01
4.780000000000000249e+00,-3.200000000000000067e-01,8.837000000000000455e+01
4.830000000000000071e+00,-1.419999999999999929e+00,8.807999999999999829e+01
4.419999999999999929e+00,-2.649999999999999911e+00,8.787000000000000455e+01
4.400000000000000355e+00,-2.660000000000000142e+00,8.779000000000000625e+01
4.719999999999999751e+00,-1.870000000000000107e+00,8.759000000000000341e+01
4.250000000000000000e+00,-1.399999999999999911e+00,8.729999999999999716e+01
3.560000000000000053e+00,-1.219999999999999973e+00,8.687999999999999545e+01
5.290000000000000036e+00,-7.399999999999999911e-01,8.631000000000000227e+01
5.769999999999999574e+00,-8.100000000000000533e-01,8.596999999999999886e+01
6.250000000000000000e+00,-9.399999999999999467e-01,8.587000000000000455e+01
5.089999999999999858e+00,-1.060000000000000053e+00,8.584999999999999432e+01
4.870000000000000107e+00,-4.699999999999999734e-01,8.575000000000000000e+01
4.320000000000000284e+00,4.699999999999999734e-01,8.543999999999999773e+01
4.839999999999999858e+00,1.110000000000000098e+00,8.521999999999999886e+01
4.990000000000000213e+00,1.800000000000000044e+00,8.493000000000000682e+01
5.019999999999999574e+00,2.250000000000000000e+00,8.464000000000000057e+01
4.740000000000000213e+00,2.080000000000000071e+00,8.445000000000000284e+01
4.740000000000000213e+00,2.229999999999999982e+00,8.418999999999999773e+01
4.230000000000000426e+00,2.479999999999999982e+00,8.390999999999999659e+01
3.549999999999999822e+00,2.410000000000000142e+00,8.354999999999999716e+01
3.350000000000000089e+00,1.979999999999999982e+00,8.306000000000000227e+01
3.810000000000000053e+00,1.570000000000000062e+00,8.270000000000000284e+01
4.519999999999999574e+00,1.439999999999999947e+00,8.240000000000000568e+01
4.500000000000000000e+00,1.310000000000000053e+00,8.212999999999999545e+01
4.179999999999999716e+00,1.139999999999999902e+00,8.184999999999999432e+01
4.969999999999999751e+00,7.500000000000000000e-01,8.148000000000000398e+01
6.490000000000000213e+00,4.799999999999999822e-01,8.139000000000000057e+01
7.250000000000000000e+00,-4.799999999999999822e-01,8.150000000000000000e+01
9.250000000000000000e+00,-1.800000000000000044e+00,8.171999999999999886e+01
1.026999999999999957e+01,-2.750000000000000000e+00,8.201000000000000512e+01
1.131000000000000050e+01,-4.009999999999999787e+00,8.248999999999999488e+01
1.226999999999999957e+01,-5.120000000000000107e+00,8.320000000000000284e+01
1.191999999999999993e+01,-5.400000000000000355e+00,8.389000000000000057e+01
1.175999999999999979e+01,-5.969999999999999751e+00,8.426999999999999602e+01
1.159999999999999964e+01,-6.669999999999999929e+00,8.471999999999999886e+01
1.146000000000000085e+01,-7.209999999999999964e+00,8.518000000000000682e+01
1.105000000000000071e+01,-6.910000000000000142e+00,8.570000000000000284e+01
1.116999999999999993e+01,-5.700000000000000178e+00,8.618999999999999773e+01
1.021000000000000085e+01,-3.870000000000000107e+00,8.698000000000000398e+01
9.279999999999999361e+00,-2.589999999999999858e+00,8.750000000000000000e+01
8.439999999999999503e+00,-1.429999999999999938e+00,8.789000000000000057e+01
8.050000000000000711e+00,-1.600000000000000033e-01,8.818999999999999773e+01
7.889999999999999680e+00,6.999999999999999556e-01,8.834999999999999432e+01
8.220000000000000639e+00,1.219999999999999973e+00,8.840999999999999659e+01
8.289999999999999147e+00,1.149999999999999911e+00,8.848999999999999488e+01
9.500000000000000000e+00,1.510000000000000009e+00,8.850000000000000000e+01
9.009999999999999787e+00,1.610000000000000098e+00,8.834999999999999432e+01
9.380000000000000782e+00,1.310000000000000053e+00,8.821999999999999886e+01
9.160000000000000142e+00,8.800000000000000044e-01,8.806999999999999318e+01
8.859999999999999432e+00,3.699999999999999956e-01,8.804999999999999716e+01
9.009999999999999787e+00,-6.800000000000000488e-01,8.820000000000000284e+01
7.940000000000000391e+00,-6.199999999999999956e-01,8.845999999999999375e+01
7.660000000000000142e+00,-1.700000000000000122e-01,8.862000000000000455e+01
7.169999999999999929e+00,-7.600000000000000089e-01,8.887000000000000455e+01
6.179999999999999716e+00,-1.489999999999999991e+00,8.909000000000000341e+01
6.269999999999999574e+00,-1.219999999999999973e+00,8.925000000000000000e+01
6.269999999999999574e+00,-1.229999999999999982e+00,8.954999999999999716e+01
5.549999999999999822e+00,-1.620000000000000107e+00,8.982999999999999829e+01
4.320000000000000284e+00,-1.770000000000000018e+00,8.998000000000000398e+01
3.290000000000000036e+00,-2.140000000000000124e+00,8.993999999999999773e+01
1.929999999999999938e+00,-2.490000000000000213e+00,8.981000000000000227e+01
9.599999999999999645e-01,-2.640000000000000124e+00,8.954000000000000625e+01
2.479999999999999982e+00,-2.799999999999999822e+00,8.901999999999999602e+01
3.220000000000000195e+00,-3.220000000000000195e+00,8.882999999999999829e+01
4.169999999999999929e+00,-3.029999999999999805e+00,8.873999999999999488e+01
5.950000000000000178e+00,-2.279999999999999805e+00,8.875000000000000000e+01
6.660000000000000142e+00,-1.600000000000000089e+00,8.890999999999999659e+01
7.500000000000000000e+00,-5.500000000000000444e-01,8.903000000000000114e+01
8.070000000000000284e+00,1.600000000000000033e-01,8.912999999999999545e+01
8.449999999999999289e+00,7.000000000000000666e-02,8.929999999999999716e+01
9.519999999999999574e+00,-2.000000000000000042e-02,8.937000000000000455e+01
1.003999999999999915e+01,2.899999999999999800e-01,8.948999999999999488e+01
1.017999999999999972e+01,5.400000000000000355e-01,8.962000000000000455e+01
1.101999999999999957e+01,6.300000000000000044e-01,8.981000000000000227e+01
1.158999999999999986e+01,3.599999999999999867e-01,9.004000000000000625e+01
1.207000000000000028e+01,1.799999999999999933e-01,9.034999999999999432e+01
1.344999999999999929e+01,2.700000000000000178e-01,9.079999999999999716e+01
1.376999999999999957e+01,4.099999999999999756e-01,9.129000000000000625e+01
1.351999999999999957e+01,9.899999999999999911e-01,9.175000000000000000e+01
1.333000000000000007e+01,1.969999999999999973e+00,9.207999999999999829e+01
1.321000000000000085e+01,2.990000000000000213e+00,9.217000000000000171e+01
1.296000000000000085e+01,3.870000000000000107e+00,9.193000000000000682e+01
1.341000000000000014e+01,4.540000000000000036e+00,9.156999999999999318e+01
1.306000000000000050e+01,5.969999999999999751e+00,9.110999999999999943e+01
1.259999999999999964e+01,7.620000000000000107e+00,9.051000000000000512e+01
1.197000000000000064e+01,8.669999999999999929e+00,8.995999999999999375e+01
1.147000000000000064e+01,9.369999999999999218e+00,8.937999999999999545e+01
1.201999999999999957e+01,9.750000000000000000e+00,8.900000000000000000e+01
1.232000000000000028e+01,1.030000000000000071e+01,8.884999999999999432e+01
1.247000000000000064e+01,1.016999999999999993e+01,8.878000000000000114e+01
1.225999999999999979e+01,9.810000000000000497e+00,8.890000000000000568e+01
1.165000000000000036e+01,9.250000000000000000e+00,8.898000000000000398e+01
1.113000000000000078e+01,8.419999999999999929e+00,8.920999999999999375e+01
1.097000000000000064e+01,7.610000000000000320e+00,8.956999999999999318e+01
1.202999999999999936e+01,6.780000000000000249e+00,9.012000000000000455e+01
1.240000000000000036e+01,5.730000000000000426e+00,9.084000000000000341e+01
1.310999999999999943e+01,4.690000000000000391e+00,9.162000000000000455e+01
1.401999999999999957e+01,4.080000000000000071e+00,9.246999999999999886e+01
1.390000000000000036e+01,3.080000000000000071e+00,9.342000000000000171e+01
1.375000000000000000e+01,2.069999999999999840e+00,9.423000000000000398e+01
1.381000000000000050e+01,9.599999999999999645e-01,9.509000000000000341e+01
1.285999999999999943e+01,-7.500000000000000000e-01,9.623999999999999488e+01
1.190000000000000036e+01,-1.050000000000000044e+00,9.712000000000000455e+01
1.157000000000000028e+01,-1.219999999999999973e+00,9.793000000000000682e+01
1.093999999999999950e+01,-1.550000000000000044e+00,9.912999999999999545e+01
1.078999999999999915e+01,-2.439999999999999947e+00,9.981000000000000227e+01
9.869999999999999218e+00,-2.569999999999999840e+00,1.002900000000000063e+02
9.560000000000000497e+00,-2.580000000000000071e+00,1.004800000000000040e+02
9.929999999999999716e+00,-2.629999999999999893e+00,1.004000000000000057e+02
1.008999999999999986e+01,-2.790000000000000036e+00,1.002900000000000063e+02
1.139000000000000057e+01,-2.629999999999999893e+00,1.002699999999999960e+02
1.202999999999999936e+01,-2.000000000000000000e+00,1.003499999999999943e+02
1.358999999999999986e+01,-9.599999999999999645e-01,1.004800000000000040e+02
1.401999999999999957e+01,-1.199999999999999956e-01,1.006500000000000057e+02
1.532000000000000028e+01,1.360000000000000098e+00,1.007999999999999972e+02
1.525000000000000000e+01,1.860000000000000098e+00,1.007500000000000000e+02
1.459999999999999964e+01,2.379999999999999893e+00,1.005100000000000051e+02
1.439000000000000057e+01,3.359999999999999876e+00,1.000499999999999972e+02
1.348000000000000043e+01,3.899999999999999911e+00,9.920000000000000284e+01
1.259999999999999964e+01,4.000000000000000000e+00,9.823000000000000398e+01
1.277999999999999936e+01,3.919999999999999929e+00,9.720000000000000284e+01
1.296000000000000085e+01,3.930000000000000160e+00,9.590999999999999659e+01
1.371000000000000085e+01,3.979999999999999982e+00,9.512000000000000455e+01
1.449000000000000021e+01,4.070000000000000284e+00,9.451000000000000512e+01
1.461999999999999922e+01,4.179999999999999716e+00,9.423000000000000398e+01
1.493999999999999950e+01,4.040000000000000036e+00,9.418000000000000682e+01
1.458999999999999986e+01,3.330000000000000071e+00,9.437999999999999545e+01
1.502999999999999936e+01,2.479999999999999982e+00,9.465999999999999659e+01
1.617000000000000171e+01,5.200000000000000178e-01,9.520000000000000284e+01
1.584999999999999964e+01,-9.799999999999999822e-01,9.581999999999999318e+01
1.425000000000000000e+01,-2.149999999999999911e+00,9.668000000000000682e+01
1.299000000000000021e+01,-2.910000000000000142e+00,9.731999999999999318e+01
1.269999999999999929e+01,-2.879999999999999893e+00,9.787999999999999545e+01
1.184999999999999964e+01,-2.839999999999999858e+00,9.853000000000000114e+01
1.228999999999999915e+01,-3.250000000000000000e+00,9.884999999999999432e+01
1.133999999999999986e+01,-2.990000000000000213e+00,9.921999999999999886e+01
1.092999999999999972e+01,-3.000000000000000000e+00,9.945999999999999375e+01
1.111999999999999922e+01,-2.600000000000000089e+00,9.956000000000000227e+01
1.046000000000000085e+01,-2.250000000000000000e+00,9.973000000000000398e+01
1.008000000000000007e+01,-2.319999999999999840e+00,9.976999999999999602e+01
9.919999999999999929e+00,-2.390000000000000124e+00,9.985999999999999943e+01
1.013000000000000078e+01,-2.729999999999999982e+00,9.990999999999999659e+01
9.730000000000000426e+00,-2.979999999999999982e+00,1.000600000000000023e+02
9.359999999999999432e+00,-2.669999999999999929e+00,1.002699999999999960e+02
9.589999999999999858e+00,-2.470000000000000195e+00,1.004500000000000028e+02
8.880000000000000782e+00,-2.180000000000000160e+00,1.007399999999999949e+02
7.969999999999999751e+00,-2.169999999999999929e+00,1.010000000000000000e+02
7.490000000000000213e+00,-2.000000000000000000e+00,1.012099999999999937e+02
7.290000000000000036e+00,-2.020000000000000018e+00,1.014699999999999989e+02
6.559999999999999609e+00,-2.149999999999999911e+00,1.017699999999999960e+02
5.830000000000000071e+00,-1.909999999999999920e+00,1.020100000000000051e+02
5.469999999999999751e+00,-1.800000000000000044e+00,1.022999999999999972e+02
4.349999999999999645e+00,-2.410000000000000142e+00,1.025900000000000034e+02
4.669999999999999929e+00,-2.450000000000000178e+00,1.028199999999999932e+02
4.950000000000000178e+00,-2.220000000000000195e+00,1.031800000000000068e+02
4.209999999999999964e+00,-2.240000000000000213e+00,1.034899999999999949e+02
4.030000000000000249e+00,-1.889999999999999902e+00,1.037099999999999937e+02
3.490000000000000213e+00,-1.899999999999999911e+00,1.038400000000000034e+02
2.919999999999999929e+00,-1.489999999999999991e+00,1.037000000000000028e+02
2.410000000000000142e+00,-1.459999999999999964e+00,1.032500000000000000e+02
2.470000000000000195e+00,-1.699999999999999956e+00,1.026400000000000006e+02
3.759999999999999787e+00,-1.669999999999999929e+00,1.016700000000000017e+02
4.750000000000000000e+00,-1.689999999999999947e+00,1.010000000000000000e+02
5.839999999999999858e+00,-1.879999999999999893e+00,1.004599999999999937e+02
7.719999999999999751e+00,-2.069999999999999840e+00,1.000000000000000000e+02
8.539999999999999147e+00,-2.470000000000000195e+00,9.984999999999999432e+01
9.269999999999999574e+00,-2.779999999999999805e+00,9.993999999999999773e+01
9.910000000000000142e+00,-2.720000000000000195e+00,1.001400000000000006e+02
1.002999999999999936e+01,-2.359999999999999876e+00,1.004399999999999977e+02
1.021000000000000085e+01,-2.229999999999999982e+00,1.008299999999999983e+02
1.100000000000000000e+01,-2.160000000000000142e+00,1.012999999999999972e+02
1.113000000000000078e+01,-1.550000000000000044e+00,1.020900000000000034e+02
1.125999999999999979e+01,-4.899999999999999911e-01,1.027900000000000063e+02
1.141000000000000014e+01,2.800000000000000266e-01,1.035300000000000011e+02
1.111999999999999922e+01,1.469999999999999973e+00,1.040799999999999983e+02
1.089000000000000057e+01,2.649999999999999911e+00,1.042099999999999937e+02
1.078999999999999915e+01,3.729999999999999982e+00,1.039699999999999989e+02
1.028999999999999915e+01,4.669999999999999929e+00,1.033299999999999983e+02
9.919999999999999929e+00,5.669999999999999929e+00,1.021800000000000068e+02
9.640000000000000568e+00,6.410000000000000142e+00,1.012000000000000028e+02
9.289999999999999147e+00,7.009999999999999787e+00,1.001599999999999966e+02
8.890000000000000568e+00,7.780000000000000249e+00,9.887000000000000455e+01
9.210000000000000853e+00,8.279999999999999361e+00,9.801000000000000512e+01
1.002999999999999936e+01,8.500000000000000000e+00,9.709000000000000341e+01
1.082000000000000028e+01,8.400000000000000355e+00,9.660999999999999943e+01
1.138000000000000078e+01,8.300000000000000711e+00,9.631000000000000227e+01
1.178999999999999915e+01,8.050000000000000711e+00,9.615999999999999659e+01
1.257000000000000028e+01,7.549999999999999822e+00,9.618999999999999773e+01
1.340000000000000036e+01,7.030000000000000249e+00,9.643000000000000682e+01
1.382000000000000028e+01,6.219999999999999751e+00,9.681999999999999318e+01
1.415000000000000036e+01,5.500000000000000000e+00,9.731000000000000227e+01
1.455000000000000071e+01,4.860000000000000320e+00,9.795999999999999375e+01
1.401999999999999957e+01,4.330000000000000071e+00,9.851000000000000512e+01
1.434999999999999964e+01,3.729999999999999982e+00,9.929000000000000625e+01
1.483000000000000007e+01,3.169999999999999929e+00,1.004399999999999977e+02
1.438000000000000078e+01,2.779999999999999805e+00,1.012900000000000063e+02
1.384999999999999964e+01,2.359999999999999876e+00,1.024099999999999966e+02
1.398000000000000043e+01,2.080000000000000071e+00,1.031700000000000017e+02
1.268999999999999950e+01,1.860000000000000098e+00,1.039300000000000068e+02
1.291999999999999993e+01,1.610000000000000098e+00,1.049300000000000068e+02
1.350000000000000000e+01,1.330000000000000071e+00,1.057099999999999937e+02
1.398000000000000043e+01,1.090000000000000080e+00,1.067800000000000011e+02
1.392999999999999972e+01,1.010000000000000009e+00,1.076700000000000017e+02
1.435999999999999943e+01,1.540000000000000036e+00,1.086899999999999977e+02
1.403999999999999915e+01,1.939999999999999947e+00,1.094099999999999966e+02
1.318999999999999950e+01,2.000000000000000000e+00,1.096200000000000045e+02
1.309999999999999964e+01,2.209999999999999964e+00,1.095100000000000051e+02
1.291999999999999993e+01,2.279999999999999805e+00,1.094500000000000028e+02
1.310999999999999943e+01,2.160000000000000142e+00,1.093700000000000045e+02
1.408999999999999986e+01,2.180000000000000160e+00,1.094800000000000040e+02
1.436999999999999922e+01,2.359999999999999876e+00,1.096099999999999994e+02
1.411999999999999922e+01,2.490000000000000213e+00,1.096599999999999966e+02
1.423000000000000043e+01,2.810000000000000053e+00,1.095999999999999943e+02
1.311999999999999922e+01,3.080000000000000071e+00,1.092199999999999989e+02
1.159999999999999964e+01,3.450000000000000178e+00,1.084300000000000068e+02
1.033999999999999986e+01,3.399999999999999911e+00,1.076599999999999966e+02
9.830000000000000071e+00,3.430000000000000160e+00,1.068700000000000045e+02
8.669999999999999929e+00,2.979999999999999982e+00,1.060699999999999932e+02
8.279999999999999361e+00,2.399999999999999911e+00,1.055600000000000023e+02
7.679999999999999716e+00,1.320000000000000062e+00,1.052600000000000051e+02
7.780000000000000249e+00,7.700000000000000178e-01,1.052000000000000028e+02
6.929999999999999716e+00,4.699999999999999734e-01,1.052399999999999949e+02
6.910000000000000142e+00,1.900000000000000022e-01,1.052399999999999949e+02
6.790000000000000036e+00,-3.400000000000000244e-01,1.052600000000000051e+02
6.969999999999999751e+00,-5.799999999999999600e-01,1.052500000000000000e+02
7.009999999999999787e+00,-7.199999999999999734e-01,1.052199999999999989e+02
7.440000000000000391e+00,-7.399999999999999911e-01,1.051800000000000068e+02
7.459999999999999964e+00,-6.500000000000000222e-01,1.051099999999999994e+02
8.039999999999999147e+00,8.999999999999999667e-02,1.049200000000000017e+02
8.609999999999999432e+00,6.999999999999999556e-01,1.048100000000000023e+02
9.919999999999999929e+00,1.110000000000000098e+00,1.047900000000000063e+02
1.069999999999999929e+01,1.649999999999999911e+00,1.050400000000000063e+02
1.025999999999999979e+01,2.350000000000000089e+00,1.052399999999999949e+02
1.023000000000000043e+01,2.859999999999999876e+00,1.051400000000000006e+02
9.480000000000000426e+00,3.229999999999999982e+00,1.047900000000000063e+02
9.099999999999999645e+00,3.319999999999999840e+00,1.042399999999999949e+02
9.019999999999999574e+00,3.240000000000000213e+00,1.032999999999999972e+02
9.679999999999999716e+00,2.970000000000000195e+00,1.026299999999999955e+02
1.009999999999999964e+01,2.120000000000000107e+00,1.017699999999999960e+02
1.017999999999999972e+01,1.179999999999999938e+00,1.012699999999999960e+02
1.030000000000000071e+01,5.600000000000000533e-01,1.006899999999999977e+02
1.083999999999999986e+01,3.800000000000000044e-01,1.003199999999999932e+02
1.049000000000000021e+01,8.000000000000000167e-02,1.001400000000000006e+02
1.086999999999999922e+01,3.699999999999999956e-01,1.000300000000000011e+02
1.009999999999999964e+01,4.500000000000000111e-01,9.993999999999999773e+01
1.023000000000000043e+01,1.499999999999999944e-01,9.968999999999999773e+01
1.090000000000000036e+01,2.899999999999999800e-01,9.959999999999999432e+01
1.118999999999999950e+01,-1.100000000000000006e-01,9.953000000000000114e+01
1.128999999999999915e+01,-2.500000000000000000e-01,9.957999999999999829e+01
1.176999999999999957e+01,-8.299999999999999600e-01,9.981999999999999318e+01
1.126999999999999957e+01,-1.830000000000000071e+00,1.000300000000000011e+02
1.178999999999999915e+01,-2.930000000000000160e+00,1.001599999999999966e+02
1.178999999999999915e+01,-4.650000000000000355e+00,1.003199999999999932e+02
1.183999999999999986e+01,-5.669999999999999929e+00,1.005999999999999943e+02
1.107000000000000028e+01,-6.799999999999999822e+00,1.010300000000000011e+02
1.036999999999999922e+01,-6.919999999999999929e+00,1.013900000000000006e+02
1.014000000000000057e+01,-7.169999999999999929e+00,1.015300000000000011e+02
1.008000000000000007e+01,-6.900000000000000355e+00,1.016899999999999977e+02
1.134999999999999964e+01,-6.599999999999999645e+00,1.017500000000000000e+02
1.117999999999999972e+01,-4.769999999999999574e+00,1.023199999999999932e+02
1.115000000000000036e+01,-2.930000000000000160e+00,1.026099999999999994e+02
1.088000000000000078e+01,-1.459999999999999964e+00,1.029599999999999937e+02
1.117999999999999972e+01,-1.499999999999999944e-01,1.032800000000000011e+02
1.202999999999999936e+01,8.399999999999999689e-01,1.036500000000000057e+02
1.159999999999999964e+01,1.649999999999999911e+00,1.042000000000000028e+02
1.101999999999999957e+01,2.399999999999999911e+00,1.052099999999999937e+02
1.039000000000000057e+01,3.040000000000000036e+00,1.059099999999999966e+02
9.810000000000000497e+00,3.490000000000000213e+00,1.064200000000000017e+02
8.880000000000000782e+00,3.560000000000000053e+00,1.070600000000000023e+02
8.070000000000000284e+00,3.540000000000000036e+00,1.075000000000000000e+02
7.269999999999999574e+00,3.250000000000000000e+00,1.077900000000000063e+02
5.589999999999999858e+00,2.859999999999999876e+00,1.080900000000000034e+02
4.160000000000000142e+00,2.000000000000000000e+00,1.081200000000000045e+02
2.870000000000000107e+00,8.399999999999999689e-01,1.080300000000000011e+02
1.209999999999999964e+00,-6.500000000000000222e-01,1.077199999999999989e+02
4.400000000000000022e-01,-1.790000000000000036e+00,1.073199999999999932e+02
-3.099999999999999978e-01,-2.950000000000000178e+00,1.069300000000000068e+02
-8.800000000000000044e-01,-3.959999999999999964e+00,1.064699999999999989e+02
-6.899999999999999467e-01,-4.440000000000000391e+00,1.060199999999999960e+02
-8.000000000000000444e-01,-4.799999999999999822e+00,1.057699999999999960e+02
-1.250000000000000000e+00,-5.429999999999999716e+00,1.055699999999999932e+02
-2.000000000000000111e-01,-6.179999999999999716e+00,1.052600000000000051e+02
1.000000000000000021e-02,-6.120000000000000107e+00,1.053100000000000023e+02
9.499999999999999556e-01,-6.500000000000000000e+00,1.054699999999999989e+02
6.099999999999999867e-01,-7.110000000000000320e+00,1.058299999999999983e+02
5.400000000000000355e-01,-7.110000000000000320e+00,1.061700000000000017e+02
1.399999999999999911e+00,-6.540000000000000036e+00,1.063700000000000045e+02
2.680000000000000160e+00,-5.490000000000000213e+00,1.065000000000000000e+02
4.129999999999999893e+00,-4.469999999999999751e+00,1.065199999999999960e+02
4.910000000000000142e+00,-3.330000000000000071e+00,1.065999999999999943e+02
6.379999999999999893e+00,-1.600000000000000089e+00,1.064599999999999937e+02
7.009999999999999787e+00,-3.200000000000000067e-01,1.063199999999999932e+02
7.679999999999999716e+00,9.399999999999999467e-01,1.061299999999999955e+02
7.620000000000000107e+00,1.479999999999999982e+00,1.058700000000000045e+02
7.000000000000000000e+00,2.140000000000000124e+00,1.054899999999999949e+02
7.059999999999999609e+00,2.520000000000000018e+00,1.050000000000000000e+02
7.049999999999999822e+00,2.569999999999999840e+00,1.043499999999999943e+02
6.559999999999999609e+00,3.060000000000000053e+00,1.036200000000000045e+02
7.089999999999999858e+00,4.000000000000000000e+00,1.027800000000000011e+02
7.769999999999999574e+00,4.700000000000000178e+00,1.019800000000000040e+02
8.599999999999999645e+00,4.959999999999999964e+00,1.014200000000000017e+02
1.032000000000000028e+01,5.290000000000000036e+00,1.012300000000000040e+02
9.970000000000000639e+00,5.900000000000000355e+00,1.011299999999999955e+02
1.014000000000000057e+01,5.929999999999999716e+00,1.009899999999999949e+02
1.049000000000000021e+01,5.669999999999999929e+00,1.007199999999999989e+02
1.050999999999999979e+01,5.030000000000000249e+00,1.004000000000000057e+02
1.148000000000000043e+01,4.209999999999999964e+00,1.001899999999999977e+02
1.231000000000000050e+01,3.399999999999999911e+00,1.002300000000000040e+02
1.252999999999999936e+01,2.430000000000000160e+00,1.005799999999999983e+02
1.259999999999999964e+01,1.870000000000000107e+00,1.008400000000000034e+02
1.239000000000000057e+01,1.260000000000000009e+00,1.010499999999999972e+02
1.183000000000000007e+01,8.499999999999999778e-01,1.015100000000000051e+02
1.158999999999999986e+01,4.799999999999999822e-01,1.019599999999999937e+02
1.093999999999999950e+01,5.300000000000000266e-01,1.023499999999999943e+02
1.086999999999999922e+01,2.200000000000000011e-01,1.028499999999999943e+02
1.117999999999999972e+01,2.000000000000000111e-01,1.033299999999999983e+02
1.192999999999999972e+01,1.600000000000000033e-01,1.041400000000000006e+02
1.242999999999999972e+01,5.899999999999999689e-01,1.050699999999999932e+02
1.288000000000000078e+01,6.800000000000000488e-01,1.060199999999999960e+02
1.285999999999999943e+01,1.139999999999999902e+00,1.074200000000000017e+02
1.359999999999999964e+01,1.429999999999999938e+00,1.085799999999999983e+02
1.343999999999999950e+01,1.419999999999999929e+00,1.100999999999999943e+02
1.377999999999999936e+01,1.350000000000000089e+00,1.113100000000000023e+02
1.416000000000000014e+01,1.179999999999999938e+00,1.127199999999999989e+02
1.390000000000000036e+01,8.100000000000000533e-01,1.138799999999999955e+02
1.399000000000000021e+01,7.700000000000000178e-01,1.149399999999999977e+02
1.253999999999999915e+01,1.649999999999999911e+00,1.157999999999999972e+02
1.176999999999999957e+01,2.439999999999999947e+00,1.157699999999999960e+02
1.172000000000000064e+01,2.759999999999999787e+00,1.152999999999999972e+02
1.177999999999999936e+01,2.830000000000000071e+00,1.148499999999999943e+02
1.285999999999999943e+01,3.649999999999999911e+00,1.145699999999999932e+02
1.343999999999999950e+01,4.589999999999999858e+00,1.143400000000000034e+02
1.403999999999999915e+01,5.160000000000000142e+00,1.141299999999999955e+02
1.363000000000000078e+01,5.780000000000000249e+00,1.140699999999999932e+02
1.325999999999999979e+01,5.669999999999999929e+00,1.140999999999999943e+02
1.232000000000000028e+01,5.480000000000000426e+00,1.141299999999999955e+02
1.193999999999999950e+01,5.099999999999999645e+00,1.142699999999999960e+02
1.139000000000000057e+01,5.259999999999999787e+00,1.147600000000000051e+02
1.122000000000000064e+01,5.049999999999999822e+00,1.152600000000000051e+02
1.049000000000000021e+01,4.639999999999999680e+00,1.157900000000000063e+02
9.130000000000000782e+00,4.129999999999999893e+00,1.165699999999999932e+02
8.160000000000000142e+00,3.520000000000000018e+00,1.172800000000000011e+02
7.019999999999999574e+00,3.040000000000000036e+00,1.178499999999999943e+02
4.690000000000000391e+00,2.830000000000000071e+00,1.184399999999999977e+02
2.819999999999999840e+00,2.109999999999999876e+00,1.186299999999999955e+02
1.189999999999999947e+00,1.199999999999999956e+00,1.185799999999999983e+02
7.399999999999999911e-01,5.600000000000000533e-01,1.182600000000000051e+02
5.200000000000000178e-01,6.400000000000000133e-01,1.177800000000000011e+02
1.000000000000000021e-02,7.500000000000000000e-01,1.173499999999999943e+02
4.299999999999999933e-01,6.999999999999999556e-01,1.169300000000000068e+02
1.379999999999999893e+00,1.139999999999999902e+00,1.165900000000000034e+02
1.939999999999999947e+00,1.409999999999999920e+00,1.165000000000000000e+02
2.350000000000000089e+00,1.189999999999999947e+00,1.164800000000000040e+02
3.220000000000000195e+00,1.350000000000000089e+00,1.165199999999999960e+02
2.529999999999999805e+00,1.239999999999999991e+00,1.166899999999999977e+02
2.379999999999999893e+00,1.100000000000000089e+00,1.167800000000000011e+02
2.549999999999999822e+00,8.699999999999999956e-01,1.168100000000000023e+02
2.600000000000000089e+00,6.800000000000000488e-01,1.169099999999999966e+02
2.669999999999999929e+00,6.700000000000000400e-01,1.166800000000000068e+02
2.729999999999999982e+00,6.300000000000000044e-01,1.162999999999999972e+02
3.319999999999999840e+00,8.199999999999999512e-01,1.158299999999999983e+02
4.070000000000000284e+00,1.110000000000000098e+00,1.151800000000000068e+02
4.410000000000000142e+00,1.739999999999999991e+00,1.146400000000000006e+02
4.910000000000000142e+00,2.330000000000000071e+00,1.140799999999999983e+02
5.269999999999999574e+00,2.870000000000000107e+00,1.137199999999999989e+02
5.440000000000000391e+00,3.209999999999999964e+00,1.134200000000000017e+02
4.929999999999999716e+00,4.690000000000000391e+00,1.129599999999999937e+02
5.360000000000000320e+00,5.709999999999999964e+00,1.124800000000000040e+02
6.129999999999999893e+00,6.780000000000000249e+00,1.117399999999999949e+02
6.759999999999999787e+00,7.120000000000000107e+00,1.113400000000000034e+02
7.669999999999999929e+00,7.110000000000000320e+00,1.111200000000000045e+02
7.839999999999999858e+00,7.049999999999999822e+00,1.108400000000000034e+02
8.099999999999999645e+00,7.019999999999999574e+00,1.106500000000000057e+02
9.070000000000000284e+00,6.509999999999999787e+00,1.105000000000000000e+02
9.589999999999999858e+00,5.730000000000000426e+00,1.103499999999999943e+02
1.009999999999999964e+01,4.950000000000000178e+00,1.104000000000000057e+02
1.018999999999999950e+01,4.209999999999999964e+00,1.103900000000000006e+02
1.002999999999999936e+01,3.549999999999999822e+00,1.104000000000000057e+02
1.048000000000000043e+01,2.770000000000000018e+00,1.103700000000000045e+02
1.107000000000000028e+01,2.209999999999999964e+00,1.102500000000000000e+02
1.132000000000000028e+01,1.780000000000000027e+00,1.102500000000000000e+02
1.200999999999999979e+01,1.449999999999999956e+00,1.103400000000000034e+02
1.293999999999999950e+01,1.229999999999999982e+00,1.104699999999999989e+02
1.330000000000000071e+01,1.120000000000000107e+00,1.107699999999999960e+02
1.390000000000000036e+01,9.100000000000000311e-01,1.110400000000000063e+02
1.464000000000000057e+01,6.199999999999999956e-01,1.115100000000000051e+02
1.444999999999999929e+01,7.199999999999999734e-01,1.121800000000000068e+02
1.475999999999999979e+01,8.900000000000000133e-01,1.131299999999999955e+02
1.530000000000000071e+01,8.199999999999999512e-01,1.139399999999999977e+02
1.513000000000000078e+01,9.799999999999999822e-01,1.150199999999999960e+02
1.465000000000000036e+01,8.000000000000000444e-01,1.159500000000000028e+02
1.560999999999999943e+01,9.499999999999999556e-01,1.168199999999999932e+02
1.541999999999999993e+01,1.659999999999999920e+00,1.178299999999999983e+02
1.550000000000000000e+01,2.410000000000000142e+00,1.190100000000000051e+02
1.533000000000000007e+01,2.919999999999999929e+00,1.199099999999999966e+02
1.507000000000000028e+01,3.120000000000000107e+00,1.207699999999999960e+02
1.524000000000000021e+01,2.990000000000000213e+00,1.215600000000000023e+02
1.497000000000000064e+01,3.270000000000000018e+00,1.220799999999999983e+02
1.450000000000000000e+01,4.080000000000000071e+00,1.224099999999999966e+02
1.343999999999999950e+01,5.009999999999999787e+00,1.225799999999999983e+02
1.356000000000000050e+01,5.530000000000000249e+00,1.226400000000000006e+02
1.508000000000000007e+01,5.839999999999999858e+00,1.229099999999999966e+02
1.619000000000000128e+01,6.240000000000000213e+00,1.232600000000000051e+02
1.701000000000000156e+01,7.080000000000000071e+00,1.237600000000000051e+02
1.760999999999999943e+01,7.820000000000000284e+00,1.242699999999999960e+02
1.739000000000000057e+01,7.709999999999999964e+00,1.246599999999999966e+02
1.760000000000000142e+01,7.530000000000000249e+00,1.247399999999999949e+02
1.705999999999999872e+01,7.339999999999999858e+00,1.247000000000000028e+02
1.662999999999999901e+01,7.059999999999999609e+00,1.246599999999999966e+02
1.630999999999999872e+01,6.719999999999999751e+00,1.244399999999999977e+02
1.612999999999999901e+01,6.290000000000000036e+00,1.242000000000000028e+02
1.481000000000000050e+01,5.709999999999999964e+00,1.238900000000000006e+02
1.375000000000000000e+01,4.780000000000000249e+00,1.232800000000000011e+02
1.343999999999999950e+01,3.709999999999999964e+00,1.227999999999999972e+02
1.272000000000000064e+01,3.279999999999999805e+00,1.221599999999999966e+02
1.142999999999999972e+01,2.879999999999999893e+00,1.214099999999999966e+02
1.101999999999999957e+01,2.649999999999999911e+00,1.206599999999999966e+02
1.024000000000000021e+01,2.229999999999999982e+00,1.201200000000000045e+02
9.730000000000000426e+00,1.370000000000000107e+00,1.196599999999999966e+02
9.300000000000000711e+00,5.699999999999999512e-01,1.195600000000000023e+02
9.080000000000000071e+00,-9.200000000000000400e-01,1.198299999999999983e+02
7.419999999999999929e+00,-2.390000000000000124e+00,1.204599999999999937e+02
6.559999999999999609e+00,-2.660000000000000142e+00,1.208100000000000023e+02
6.059999999999999609e+00,-2.839999999999999858e+00,1.209500000000000028e+02
5.730000000000000426e+00,-3.470000000000000195e+00,1.208799999999999955e+02
5.570000000000000284e+00,-3.640000000000000124e+00,1.207500000000000000e+02
6.110000000000000320e+00,-2.979999999999999982e+00,1.204699999999999989e+02
6.799999999999999822e+00,-2.229999999999999982e+00,1.201899999999999977e+02
7.549999999999999822e+00,-1.030000000000000027e+00,1.198700000000000045e+02
7.339999999999999858e+00,1.600000000000000033e-01,1.197399999999999949e+02
7.799999999999999822e+00,1.639999999999999902e+00,1.193700000000000045e+02
7.629999999999999893e+00,2.609999999999999876e+00,1.188599999999999994e+02
8.259999999999999787e+00,3.229999999999999982e+00,1.184200000000000017e+02
8.720000000000000639e+00,3.529999999999999805e+00,1.181200000000000045e+02
8.689999999999999503e+00,3.839999999999999858e+00,1.177999999999999972e+02
8.779999999999999361e+00,3.660000000000000142e+00,1.174000000000000057e+02
9.289999999999999147e+00,3.419999999999999929e+00,1.168499999999999943e+02
9.199999999999999289e+00,3.240000000000000213e+00,1.160499999999999972e+02
8.849999999999999645e+00,2.720000000000000195e+00,1.148400000000000034e+02
8.810000000000000497e+00,2.149999999999999911e+00,1.138700000000000045e+02
8.189999999999999503e+00,1.320000000000000062e+00,1.124200000000000017e+02
7.820000000000000284e+00,4.899999999999999911e-01,1.113499999999999943e+02
7.519999999999999574e+00,-9.300000000000000488e-01,1.102000000000000028e+02
8.099999999999999645e+00,-1.959999999999999964e+00,1.093599999999999994e+02
9.080000000000000071e+00,-2.830000000000000071e+00,1.087099999999999937e+02
9.830000000000000071e+00,-3.600000000000000089e+00,1.083700000000000045e+02
1.040000000000000036e+01,-4.330000000000000071e+00,1.082800000000000011e+02
1.138000000000000078e+01,-4.459999999999999964e+00,1.083799999999999955e+02
1.122000000000000064e+01,-3.870000000000000107e+00,1.086800000000000068e+02
1.141999999999999993e+01,-3.839999999999999858e+00,1.090799999999999983e+02
1.178999999999999915e+01,-3.439999999999999947e+00,1.093799999999999955e+02
1.099000000000000021e+01,-3.200000000000000178e+00,1.097300000000000040e+02
1.041000000000000014e+01,-3.270000000000000018e+00,1.100199999999999960e+02
1.136999999999999922e+01,-3.459999999999999964e+00,1.100999999999999943e+02
1.242999999999999972e+01,-3.819999999999999840e+00,1.103100000000000023e+02
1.266999999999999993e+01,-4.719999999999999751e+00,1.108299999999999983e+02
1.238000000000000078e+01,-4.290000000000000036e+00,1.115400000000000063e+02
1.243999999999999950e+01,-4.099999999999999645e+00,1.118599999999999994e+02
1.191000000000000014e+01,-3.620000000000000107e+00,1.120300000000000011e+02
1.223000000000000043e+01,-3.279999999999999805e+00,1.118599999999999994e+02
1.253999999999999915e+01,-2.399999999999999911e+00,1.116400000000000006e+02
1.328999999999999915e+01,-1.669999999999999929e+00,1.114800000000000040e+02
1.400000000000000000e+01,-6.400000000000000133e-01,1.113700000000000045e+02
1.533000000000000007e+01,7.099999999999999645e-01,1.113700000000000045e+02
1.635999999999999943e+01,1.590000000000000080e+00,1.115499999999999972e+02
1.698999999999999844e+01,2.680000000000000160e+00,1.117500000000000000e+02
1.769999999999999929e+01,3.399999999999999911e+00,1.121200000000000045e+02
1.796000000000000085e+01,4.500000000000000000e+00,1.128400000000000034e+02
1.785000000000000142e+01,5.120000000000000107e+00,1.134000000000000057e+02
1.673999999999999844e+01,5.879999999999999893e+00,1.139300000000000068e+02
1.575000000000000000e+01,6.540000000000000036e+00,1.141400000000000006e+02
1.530000000000000071e+01,6.889999999999999680e+00,1.142500000000000000e+02
1.416000000000000014e+01,6.669999999999999929e+00,1.141599999999999966e+02
1.415000000000000036e+01,6.230000000000000426e+00,1.140000000000000000e+02
1.388000000000000078e+01,5.580000000000000071e+00,1.139300000000000068e+02
1.358999999999999986e+01,4.629999999999999893e+00,1.139099999999999966e+02
1.284999999999999964e+01,4.040000000000000036e+00,1.139200000000000017e+02
1.209999999999999964e+01,3.339999999999999858e+00,1.139599999999999937e+02
1.165000000000000036e+01,2.939999999999999947e+00,1.140499999999999972e+02
1.159999999999999964e+01,2.850000000000000089e+00,1.141700000000000017e+02
1.159999999999999964e+01,2.930000000000000160e+00,1.142300000000000040e+02
1.184999999999999964e+01,3.240000000000000213e+00,1.142000000000000028e+02
1.201999999999999957e+01,3.479999999999999982e+00,1.142399999999999949e+02
1.213000000000000078e+01,3.660000000000000142e+00,1.142900000000000063e+02
1.209999999999999964e+01,3.740000000000000213e+00,1.144200000000000017e+02
1.197000000000000064e+01,3.689999999999999947e+00,1.144899999999999949e+02
1.191999999999999993e+01,3.580000000000000071e+00,1.144800000000000040e+02
1.180000000000000071e+01,3.549999999999999822e+00,1.145300000000000011e+02
1.192999999999999972e+01,3.649999999999999911e+00,1.146099999999999994e+02
1.198000000000000043e+01,3.790000000000000036e+00,1.146400000000000006e+02
1.206000000000000050e+01,3.970000000000000195e+00,1.147099999999999937e+02
1.206000000000000050e+01,4.009999999999999787e+00,1.147500000000000000e+02
1.200999999999999979e+01,3.979999999999999982e+00,1.148199999999999932e+02
1.193999999999999950e+01,3.870000000000000107e+00,1.147600000000000051e+02
1.193999999999999950e+01,3.910000000000000142e+00,1.147999999999999972e+02
1.199000000000000021e+01,4.040000000000000036e+00,1.148700000000000045e+02
1.203999999999999915e+01,4.120000000000000107e+00,1.148700000000000045e+02
1.205000000000000071e+01,4.150000000000000355e+00,1.149200000000000017e+02
1.199000000000000021e+01,4.070000000000000284e+00,1.148900000000000006e+02
1.197000000000000064e+01,4.030000000000000249e+00,1.149099999999999966e+02
1.196000000000000085e+01,4.070000000000000284e+00,1.148900000000000006e+02
1.199000000000000021e+01,4.150000000000000355e+00,1.149099999999999966e+02
1.201999999999999957e+01,4.200000000000000178e+00,1.149599999999999937e+02
1.200000000000000000e+01,4.190000000000000391e+00,1.149399999999999977e+02
1.198000000000000043e+01,4.160000000000000142e+00,1.149300000000000068e+02
1.196000000000000085e+01,4.160000000000000142e+00,1.149200000000000017e+02
1.197000000000000064e+01,4.259999999999999787e+00,1.149399999999999977e+02
1.199000000000000021e+01,4.299999999999999822e+00,1.149699999999999989e+02
1.199000000000000021e+01,4.309999999999999609e+00,1.149599999999999937e+02
1.200999999999999979e+01,4.299999999999999822e+00,1.150199999999999960e+02
1.198000000000000043e+01,4.280000000000000249e+00,1.149899999999999949e+02
1.198000000000000043e+01,4.290000000000000036e+00,1.150600000000000023e+02
1.198000000000000043e+01,4.320000000000000284e+00,1.150999999999999943e+02
1.198000000000000043e+01,4.320000000000000284e+00,1.150600000000000023e+02
1.200999999999999979e+01,4.320000000000000284e+00,1.150999999999999943e+02
1.201999999999999957e+01,4.339999999999999858e+00,1.151400000000000006e+02
1.202999999999999936e+01,4.349999999999999645e+00,1.152300000000000040e+02
1.200999999999999979e+01,4.370000000000000107e+00,1.152500000000000000e+02
1.200999999999999979e+01,4.379999999999999893e+00,1.152500000000000000e+02
1.202999999999999936e+01,4.400000000000000355e+00,1.152999999999999972e+02
1.203999999999999915e+01,4.389999999999999680e+00,1.152999999999999972e+02
1.203999999999999915e+01,4.389999999999999680e+00,1.153299999999999983e+02
1.203999999999999915e+01,4.419999999999999929e+00,1.154200000000000017e+02
