-0.09261733106735504,-0.19181749074899124,-1.423822935917935,-0.9004174669832395,0.5166190154510725,-1.1209552355515622,-0.428099084968263,0.5326081336799393,-1.167173184777782,0.8345009184339076,0.19497156515171588,1.257715827264438,0.8875856927036166,-0.20633922016527684,0.39657784962518156,0.4437003288085276,-0.450181192032878,0.8114021910290754
-0.4744457497139012,-0.1416870570351838,-0.9356380715773879,0.5998408966254257,0.03661571965218066,-1.0515524651236199,-0.43737599788483694,0.7220058634610581,-1.598669788802526,0.8571208883427059,0.017562491520216744,0.7485811219901825,0.8270934437191987,-0.20578288109236093,0.6618039023716413,-0.4334981439314008,-0.028283457429628345,0.796914773800884
-0.4611977199699323,-0.10575967283903354,0.33583193498124186,0.6888590670741437,0.19570953565816612,-1.1318698088881038,-0.4166190260622162,0.5526963624167639,-1.5908456598608995,0.8595596123633521,-0.5236307765080981,-0.5724412715236438,0.672073067808907,-0.34253861508268596,1.2309924315351508,-0.5366928859732687,-0.11616426882305325,0.9791403889025081
-0.8228304043769317,0.10516994168863568,0.5446518417916433,0.3571536928032446,0.09160710904400826,0.19063566300562385,-0.29439237462009066,0.010965087867816026,-1.5821807713359548,0.8517446008609904,-0.5216099675581416,-0.5692239314369103,-0.3974955938185811,-0.06785362638266565,1.2832489447661304,-0.6146205707974428,-0.007068660279916539,0.26129862883103255
-0.8567000420528885,0.18985081277913649,-0.27142304764586345,-0.15313099972751854,0.1258789135562885,0.459861732657585,0.44481767958471896,-0.003383267972370596,-1.476062853217683,0.7210484578736951,-0.33759637149288685,0.4522357153220182,-0.6756212460528304,-0.14454339126609148,1.268629960389819,-0.6115695514456307,-0.0003031632853108812,0.09163091994453676
-0.8615157755975833,0.505992001244908,-0.6512421106377959,-0.6963652281181049,0.09660153491359233,0.3151697923744655,0.5319576560199755,-0.0034609227456908753,-1.0383054603600528,0.3507465736546686,-0.4507684579614771,0.95278596315895,-0.7029377912391425,-0.24167079106025818,1.166541389685955,-0.4988834640433663,-0.09463605048531176,-0.33868542829420556
-0.8380927021358907,-0.012337131760112918,-1.4054893952934124,-0.8618088907066392,0.11496601681925536,-0.04128320552974585,0.563625074819464,0.005454883384610976,0.4204181875186108,0.1392428428432813,-0.25738830850588773,1.2282230579831313,-0.7083874653178477,-0.040754945356588385,-0.1606159140656328,0.39825497579418967,-0.17346853044761895,-0.2888949029303074
-0.28595805469300284,-0.18583070339655539,-1.4148625496567164,-0.7611533606007671,0.4051067297338533,-0.8031926470045709,0.20108263506323232,0.22374495469873726,0.45387170131066557,0.14041229762107277,0.04938699007391273,1.2502426610996085,-0.504381079811213,-0.3440669195603776,-0.5084720270177459,0.4452569131239795,-0.5767295386198196,1.2018103309003498
-0.24003908074916247,-0.18852918816164638,-1.0979949481797282,-0.8092619102575778,0.3727904063818979,-1.1308291607281826,-0.43130977187135755,0.647540195516582,-0.3591205305642915,0.8545291123704976,0.05195502737735985,-0.5321703450303714,0.6328938181603098,-0.08424770651358846,-0.5112552799973226,0.03982768352308498,-0.565997377924681,0.8428612720658721
-0.10984359370445462,0.14682582851506215,0.5295549179964367,0.3691709042000318,0.07466714781905895,-1.2645352586139107,-0.4094239713783151,0.6883042890077995,-1.4355219724963715,0.8355439632918756,-0.41267212807701814,-0.7054643149404028,0.8570872536906646,-0.4247993664904641,0.03841217391329649,-0.17976838767394515,-0.636816303297751,0.5843189844899954
-0.363760589014086,0.21126990415306818,0.6725989566388088,0.7058225339980793,-0.024561119682742355,-1.0705124872269893,-0.4247980423310066,0.6949853097361314,-1.5626082320299295,0.8177958288984528,-0.5047133657417935,-0.6672775406930332,0.8063990531565522,-0.43660033616518257,1.1534137158566378,-0.4903576668404483,-0.07830512073852003,-0.2955252085161686
-0.09005303551249949,0.3951863093480282,0.7205382748308543,0.7132121392365551,0.019788298135279436,-0.9032981070519351,-0.43886285837876793,0.6699771653364854,-1.5079556053531693,0.6978858661646232,-0.20393501677229747,-0.42493913038016595,0.6710831291451979,-0.49445634803678273,1.234360711966064,-0.5635245140532434,-0.2514759542823869,1.4234933703292514
-0.11080578092763516,0.5957797402313612,0.6662321331867159,0.7125177053742457,0.010361941704373379,-0.8116919728943968,-0.4332905305628252,0.44195449449882795,-1.5793355107555627,0.5135260602355743,-0.46460420147868997,0.23348152628409902,0.5010003365342307,-0.4655837058791029,1.2912047623363994,-0.3713923471499586,-0.3511674170393086,1.1293386351781511
-0.6651260298011616,0.6335794586274586,0.5528497617279463,0.6990908542456626,0.0369578098798502,0.1496602030066586,-0.017220296939432916,0.07502395965984943,-1.5745254082281757,0.36718092285797405,-0.36701295011688084,1.0027951377576003,-0.42037777545880317,-0.4152010249978232,1.2884734900021217,-0.1377862802598378,-0.20402624646488904,0.30939019978027227
-0.8564799192521938,0.25055914915851674,-1.1849652066953413,-0.8525575035381914,0.5164592920520352,-0.46087037502538797,0.579701074498993,-0.0026026319369938933,-0.3533370316460097,0.1590318639949438,-0.3893479091129497,1.2541454899150368,-0.6717995840890623,-0.42330075081761953,1.2664443758570814,0.4399537192591072,-0.7097358810126934,-0.27745302141581785
-0.8162144473222389,-0.040824929464783055,-1.163694485622094,-0.7408981357842612,0.5044120052194762,0.3228662515887356,0.4667438565089511,0.04431743403703603,0.3789566151966405,0.3093923881392634,-0.04066181910113162,1.3182101914000266,-0.7016985884893108,-0.031765554615275915,0.15311397896787166,0.41839409948019746,-0.2223102247674714,1.3256040297933438
-0.17890488672744692,-0.18487255301993633,-1.247489385950089,-0.9047646752544619,0.5022358988105822,0.05959223825875282,0.4143294807630241,0.06521552557618499,0.44522265184906484,0.3287278310294224,0.07742145155199492,1.2888093424247948,-0.38656801703603266,-0.3138970984924602,-0.5048294587792492,0.08008473643799066,-0.4940982220580298,1.5163829079279543
-0.17085924931572405,-0.19670418786683141,-1.2646759603909286,-0.9013637795899175,0.5051043488259481,-1.0888094019369745,-0.4407559552109963,0.5486615871426488,-0.09947582998283744,0.8296702336790936,-0.037360947487731916,-0.14625814143290827,0.7858782468496847,-0.4195467174563038,-0.4500149965187048,0.15206822778266993,-0.6786168502941,0.6846702998419805
-0.19193707875274896,-0.18544329196200365,0.022226340002911515,0.592067566079545,-0.010465813395686113,-1.2637287413060332,-0.40883648479670986,0.7239526762076336,-1.4693856443589737,0.7309988142468249,-0.5783242423998857,-0.6974670542507179,0.8188437611765671,-0.41300984555052994,0.8755950384859705,-0.3578454523255122,-0.3202060673122968,0.12332964355405929
-0.15129638268348033,-0.09813933774379008,0.6452119450799907,0.7005352592482113,0.0320039626619566,-0.802428166455444,-0.42540654113700627,0.45027123229466703,-1.570738091729126,0.8140055108253395,-0.31363199600759417,-0.6779844127696754,0.47006481381781573,-0.4766011146610367,0.579198225120675,-0.6071935893290465,-0.11642748198550523,1.3112415600600005
-0.3198066046419147,0.1217713529174761,0.6329592464345436,0.6876313881884335,0.05812779069556476,-0.6699708845025563,-0.43850530194495074,0.14076516779657036,-1.5914330558224323,0.8432526861291539,-0.5718305627516764,-0.6239764137650154,0.4767056826157796,-0.41259186511492013,1.2844083746941353,-0.6091066842209929,-0.15071924190319358,0.5241286310470626
-0.2159724298861581,0.5729167068756897,0.5660792349136688,0.6652598880393411,0.034002766105680454,0.160314927603755,-0.3280648286779946,0.017330574353061845,-1.5900351663947467,0.5447389324989198,-0.3250719817552766,0.8178185562235423,-0.16956312436699272,-0.4883835902257192,1.2794611140534544,-0.6064881110258407,-0.31537173612125435,1.0351638619550039
-0.8650557656994029,0.53655120949646,-0.7824006143625751,-0.017365911323212357,0.291361343739793,0.3489381413514353,0.3194814090880579,-9.921292699244244e-05,-1.5653097745975757,0.5126674543905984,-0.4661635118464929,1.1423409004305625,-0.6768357548081159,-0.3759078494428205,1.2793995436874293,-0.3931110957051665,-0.2997306843983709,-0.14543191138310907
-0.8010271617872577,0.055392279474027944,-1.3419969801897347,-0.8960529729158353,0.4433861841805148,0.4369957519180513,0.46189443795159457,-0.0015019369645518088,0.2002091632481957,0.26883143185729685,-0.25923922591168824,1.3875186843640153,-0.6834634292658566,-0.3866453231104839,0.9118417854001188,0.19504052438663422,-0.6319914865964594,-0.34183973478496077
-0.5181680208953682,-0.18330272673392023,-1.4173722133546676,-0.9013957365240359,0.4577883199469852,0.30495172699270023,0.48155218203529354,0.004763477989384757,0.44955260974694233,0.1849279188450167,-0.022943823920736045,1.418743126125002,-0.5208216150859405,-0.3044374374210912,-0.053319961546394845,0.4324847450345677,-0.5074654198283906,0.05229601813923124
-0.11338023026381755,-0.1958022475768515,-1.398279570132123,-0.9046747600625562,0.2850127959000188,-0.6620122608492338,0.11226926710357257,0.3407909816983071,0.4469187822446775,0.11989134253976219,-0.10434324028968069,1.3827804869119564,0.379643370814327,-0.5034159144852627,-0.4086581816597319,0.4259786884778768,-0.596522065972701,1.0025154698537435
-0.12307501875556537,-0.19336137777008178,-1.0401063727067825,-0.877400824121735,0.23598272545108975,-1.1187854522632026,-0.4405390190481282,0.6322830652262437,-0.8596530120958127,0.8471702292192156,0.046912469328860895,-0.18617503567062244,0.7260125958719706,-0.18667585728155703,-0.4185933502800798,-0.2125052352018167,-0.42785555380125523,1.054946667896507
-0.14163389532636705,0.1914241819280744,0.6450771372560217,0.001295007470421508,-0.030467701479453962,-1.2679552472548745,-0.390869860311352,0.5478411475810478,-1.5211239447721554,0.8117351392937139,-0.5447652432885361,-0.4997116742476325,0.8734932173730277,-0.4234631839763689,0.7408726481514836,-0.34232651428728816,-0.29290567734234174,-0.42080102627447613
-0.146309734915944,0.10841213698219618,0.6370019933513373,0.7046517965586161,-0.012731849955029434,-1.2041016559043192,-0.42085249804172875,0.6552472422827023,-1.5469934940249161,0.7501720877418678,-0.5580606438748976,-0.673368991349235,0.8016283670886659,-0.477648572277795,1.1370183446899318,-0.43264725976767776,-0.23119786065835388,0.28512963537887337
-0.12083140569812473,0.5946443966328507,0.6078783284095546,0.7136105841014933,-0.017556153722680795,0.26312141967288016,-0.38131002714263434,0.6428946899112122,-1.409246623985069,0.7230792840045648,-0.08417799063788595,-0.07500111263518183,0.02644127509867518,-0.1422879989816177,1.267624292915728,-0.5639055230452084,-0.04562279676607578,1.551206807657857
-0.8614378523124453,0.6163568383086029,0.12170953318884142,0.6973496855321883,0.02318420287862899,-0.0957616189120078,0.25350665329674926,0.054774736798922974,-1.586962695064602,0.40287291393086916,-0.6081910275129041,0.40251650045030724,-0.5933472960321904,-0.24425627468230074,1.2979436116543077,-0.0453943252758804,-0.13579935060624806,0.00897421535839793
-0.8514248266146573,0.43331093206006055,-0.9379317451965324,-0.19962999724080502,0.33442930348790767,0.13481635057673214,0.44983636856514037,0.009679707289852513,-1.090622439110756,0.2561366434647143,-0.5020718672382576,1.2188902036554952,-0.7033951627538108,-0.3249707093844253,1.2423651864716074,0.3557710153283632,-0.5140550738935257,-0.04852938132856366
-0.6795424081196811,-0.15601627253349803,-1.333937878674851,-0.8528726182764362,0.39129037627317187,0.29172036430803294,0.523636022843529,0.010479452692695235,0.4201222180442643,0.13420994413603066,-0.24810905288540996,1.4099674214076572,-0.7045776661553812,-0.16898113906276407,0.2829591517639124,0.41847675390134575,-0.4581309874825894,0.8730603801703407
-0.18966640447076255,-0.18714496783209206,-1.392453918587576,-0.9043920380348038,0.20073848132608413,-0.20018957746781046,0.35530756860744717,0.06612634417742369,0.4337947676463675,0.11192227768079904,-0.1648291806475411,1.4161463936501497,-0.5019263514945554,-0.39732187799261687,-0.3866795770096516,0.3122469972939694,-0.5362772815253395,1.4088008587178567
-0.12826299551294562,-0.19311588115560624,-1.0830449933749526,-0.8899650801271105,0.3181761562660176,-0.9600219589908981,-0.4407048666654092,0.5888376197084877,-0.8256003458281542,0.8086243560493638,0.07483596283189414,0.29247870043084734,0.4864876275199866,-0.3431324673916179,-0.481509328481469,-0.2869928813659004,-0.5354160622979502,1.3279731975976397
-0.13792417871465928,0.05920055666016136,0.20500741052477,0.34860511608741274,0.016639117013727445,-1.2480784260552786,-0.43357836317512155,0.6684443965410026,-1.5178425574243377,0.8524306797552419,-0.4815469982214743,-0.5792372935899566,0.8822589075624752,-0.4253694491259205,0.4459402355415711,-0.25337254586458324,-0.6079969884881306,-0.26292227698237414
-0.1429843249543699,0.23983262933987562,0.6804938824064594,0.7042200874304366,-0.00742080559907074,-1.215630843160119,-0.4248128427967567,0.6037170414075065,-1.5717769623876814,0.7495215936592393,-0.5729897173935694,-0.6481519070721081,0.8112298279445004,-0.5038981162260521,1.1095468460846805,-0.49066381780221696,-0.33541040280721274,0.17207911885339972
-0.5196913006018843,0.5856863115513947,0.34060137628117826,0.7128505901046442,0.02049312357242586,0.415236839051876,-0.08460884582898348,0.5063716267368662,-1.5072335159614945,0.7860672883501165,-0.2422164487254704,-0.07507107168586447,-0.559455030615878,-0.05012932520901445,1.2902145146973396,-0.4427934702753854,-0.0168212591805163,1.5092299746434594
-0.8427931809471282,0.6266670701690632,0.3161149969846442,0.6895620712051487,0.022058517886178547,-0.03039622988381624,0.4499144909378898,0.05022165438427806,-1.5413026659055404,0.1934534388668871,-0.6039012840189626,1.0285146463959403,-0.6654406383954978,-0.3869007348993587,1.2908470548559092,0.20501226687730906,-0.3188298311089083,0.11580777673791409
-0.7817859790574682,-0.0631945909909552,-1.3088198949669758,-0.9005754117091394,0.5225717817148793,-0.1847304164087439,0.5968395067552685,-0.0037529837032598268,0.43098799967340484,0.09907809362947173,-0.344018455264595,1.3876256120670005,-0.6823020368086432,-0.4791182443297135,0.8876288303079272,0.44444028871074004,-0.7510296622833583,-0.2513107701499796
-0.473411240087255,-0.1875380879079595,-1.3703497694893678,-0.859435846250372,0.4679289351660359,0.32119774915650856,0.4791103904203427,0.023789563524550472,0.4534125526488447,0.12676247157151932,-0.04790421960716537,1.4069620608022801,-0.6709298712850739,-0.23797496672476057,-0.09501432367751361,0.43502228013352506,-0.4346956565685428,1.3225556240168073
-0.13770505731900362,-0.19460090407260355,-1.3953275116605992,-0.9043817730802083,0.263773222950695,-0.31765739716165153,0.3590284754208433,0.14128206240573107,0.4505747818580962,0.1041198419626495,-0.04154054925734102,1.4197399536525284,-0.19259530991918206,-0.4652636832570898,-0.4321651480505204,0.39472983445603604,-0.49718364992811265,1.4258765968370581
-0.10164322756994121,-0.1989558212215658,-1.0026323851255916,-0.8980820445539569,0.0587198054486919,-1.1326989928086066,-0.41939939021594286,0.5658374058761226,0.13542984983996387,0.5222149344544531,0.08353192613293764,0.43877811514867326,-0.06409969773282528,-0.341363858035447,-0.3458383186138009,-0.034489008546107355,-0.08938079068825122,1.177748890537541
-0.1511887898629969,-0.018120411057224256,0.037495913549640825,0.6138105314380479,-0.012032427101309279,-1.2228974540402555,-0.42895915999936807,0.7100494629766512,-1.5542791562045648,0.8437894625186177,-0.45851979135217547,-0.5084611807074406,0.8684429565512037,-0.3827683682742226,0.5499115994327777,-0.4186027587060958,-0.4237853216929748,0.04225706017333508
-0.2368501879117602,-0.05941404327963379,0.6196434160295318,0.7093761934916283,-0.021669450413842134,-1.108837642647352,-0.42507880748321236,0.6654586267784137,-1.5535490858894994,0.6300881716373453,-0.5872964738951284,-0.6382802742579852,0.661783370799198,-0.46863575905097005,1.2109161877340937,-0.542698262106148,-0.10035319655609909,0.8573109180393256
-0.6074506887846068,0.16733069850881505,0.6282042303480166,0.6508125454812479,-0.0057352165060829685,0.29635862889054776,-0.3546476377930784,0.04535531155753164,-1.5165039110048966,0.6926165427141803,-0.5481997171390436,-0.466315170532118,-0.21888797430418372,-0.23097060146338522,1.2935441093230509,-0.6121411283188707,-0.0038697475725146813,0.5068185914346347
-0.5577616402869617,0.6065155412867466,0.5306173381983892,0.567870356600356,0.002022656190018679,0.4613856809472775,0.3868503719222903,0.00015570879116239,-1.5264289873331833,0.24156729470434515,-0.2491340575861215,1.293608345709162,-0.606413130644431,-0.4533753068956542,1.2781722228956487,-0.5940151532086915,-0.10736059241867546,0.39491897777980867
-0.8642427412500744,0.39761869130652594,-1.2363291223004147,-0.7927273441251873,0.376605612568717,0.3565552129344677,0.5204458410824906,-0.0017066506571289941,-0.8014018791499044,0.17113521791371739,-0.4096589794972998,1.3442447259993693,-0.6825324656714749,-0.4049649584929097,1.23280325414088,0.2700598067666525,-0.4486407002508442,-0.4176168220168661
-0.7894979157062674,-0.1623911473437995,-1.4056844267661885,-0.8973107203713752,0.46821351074381345,0.44087441254237647,0.5677529785946649,-0.00025661256069953176,0.42300523453146466,0.13001594338970102,-0.06428446480134836,1.4250940365614055,-0.6825819989193582,-0.1924380215876061,0.06694600652420168,0.4122977971455258,-0.5150802501156937,-0.07163280392593385
-0.24238241511770903,-0.18817940869155736,-1.416627341908888,-0.9017575761735296,0.296347983284204,0.039127147628370496,0.5553864763759195,0.04947344915041807,0.45195615691353563,0.10252385850365586,-0.04737290283944698,1.4271860159410417,-0.4577511678121352,-0.3566781666650432,-0.40407914450011007,0.42870016769506447,-0.48928146712113796,1.2702975813157558
-0.12820640448399007,-0.19836560279290372,-1.3624847938284819,-0.8980705206898355,0.35833559966102124,-1.0372528838319446,-0.41224052853394016,0.5778305781121078,0.17390477645409586,0.3441447410687254,0.03213818011112629,1.1226696961823073,0.24911344556845724,-0.4229691778448331,-0.48037202029559356,0.2953116198215503,-0.5700142611347865,1.4332664407628108
-0.17443494067161325,-0.18617337210290036,-0.8461612543424945,-0.3608048549908006,0.09897509812551619,-1.1591695643130802,-0.43286603926034817,0.6851867518880563,-1.4146403161874486,0.8513917569598766,-0.13005502337033853,-0.4628912846767025,0.7325557781326865,-0.15441245468998135,-0.3954225144981479,-0.43561850872914076,-0.39633281616245286,1.045145173097334
-0.15231835145864814,0.12175206121513511,0.4190931024130904,0.6769262994547844,-0.010581841919363705,-1.2760846605651044,-0.41653440669700686,0.7106908440902177,-1.520122093319788,0.8290755155282958,-0.5851821984625778,-0.7001129488878622,0.8966501802270699,-0.4809238757779527,1.2081307007854842,0.07608385678854226,-0.48015576801657184,-0.33427823961459635
-0.18476471311212744,-0.14177952200175786,0.6198000880783098,0.7005585974940371,-0.013277358457095573,-1.045655277260568,-0.4195397252530766,0.6793272502168435,-1.4702408923878312,0.7065837210071815,-0.5571882983833176,-0.6675999409783796,0.7113135198283005,-0.4444098636557984,1.2558869106434845,-0.5366818886250562,-0.04946384853070557,1.149868025806966
-0.10532213351032882,0.2293675552783333,0.7098073391695116,0.6453075278030014,-0.010096269914932204,-0.28685777508102744,-0.44067808637941597,0.23115509426145284,-1.5074680937174536,0.7037551476759523,-0.44432217505892846,-0.3862756772197311,0.5960389028532481,-0.42493244956433057,1.2849240401313566,-0.6086216282717312,-0.06443929939483878,1.141071329262643
-0.5323443676659179,0.5855707616405528,0.4381804412970721,0.5118891678039121,0.013940636676310292,0.17278646838203426,-0.2668595784367859,0.005753283507348883,-1.5920519457354976,0.6098277914626126,-0.3835819059671885,0.5324018497175986,0.1371728477156119,-0.4691520190841424,1.2974841768522523,-0.5995242225029271,-0.13561340176129072,0.005573728076908591
-0.8653821305882027,0.5938709007724741,-0.7185498976576669,0.2098647160677028,0.1356888618784565,0.1905029325528479,0.4619573795468402,0.004447737034391164,-1.5469869865027666,0.276196928939535,-0.5569975596572518,1.2007278249802151,-0.6509154371251894,-0.3845951951242107,1.2945074403596184,0.0537521407642281,-0.2175277380712758,-0.32778686348744623
-0.7963648062329751,0.12149100354549416,-1.3150161386533266,-0.8865151838302516,0.4558621211275506,0.2647806048196292,0.5471605866834794,7.575721886776687e-05,0.3079942348710013,0.15737169745948848,-0.3045829482335946,1.4024426349724206,-0.6928410947436691,-0.32177726603157397,0.8020637570678555,0.40838004730691785,-0.626350686123577,-0.20851214759324554
-0.41944419945115347,-0.19242288214536096,-1.4128216730510417,-0.899431886083274,0.4593208245522308,-0.010182596987243886,0.49914958719305275,0.03169528340194555,0.4545454754199697,0.13731595324007773,0.080605947003836,1.4068850832060598,-0.5582261896598363,-0.29147672022753984,-0.3934374967949128,0.44313559754685516,-0.2724195798612009,1.1369884116395568
-0.10316492074812494,-0.19561606574867813,-1.3395299452614549,-0.9047950343418739,0.3758768142261165,-0.843260325514015,-0.15463953139609574,0.4247265470416342,0.4188918666160584,0.1722354127243838,-0.020566875873961776,1.3158711074678178,0.42320316562678334,-0.5004309956102657,-0.4640541297133898,0.3857696261523974,-0.64915466145158,1.2258606593621304
-0.11255109017990589,-0.19176088005594394,-0.16065701692568934,-0.8495719995975876,-0.0024784409879576863,-1.2780351334789062,-0.4102508642089057,0.6446737903966862,-0.4790075521097607,0.7377359413112528,-0.3897258687400599,-0.5637273429444416,0.7083963843588709,-0.19316119294480416,-0.17266518020967003,-0.27608283054710925,-0.24751359707993073,0.36759252631006245
-0.20976434743275252,0.09430272921243685,0.5497763503400284,0.64681986550035,-0.026702202447355966,-1.147390935344305,-0.41431512915064583,0.602834680145559,-1.5657442437886049,0.8310470957424319,-0.30431373446786336,-0.4320300607331755,0.8256529607040191,-0.35893665823718784,0.4699859903112465,-0.5085925061901384,-0.0992221149332273,-0.3124804960838937
-0.09823325710378378,0.38849089933543046,0.7332175199212404,0.7132841391775154,-0.00994106842741485,-0.8170189537835979,-0.4224242631346845,0.6979387865051421,-1.521389341170745,0.7270623609034663,-0.048444787879121154,-0.4023799078454786,0.6882249254454326,-0.46251461509304514,0.9987644307239913,-0.5622125969660372,-0.07908130098388672,0.5155399373186017
-0.10676541434509956,0.5669637958026403,0.7066847656193015,0.7152793170976329,0.007063994774620552,-1.1481550072405602,-0.43683814198709603,0.6303909851992252,-1.569426948799522,0.4743128816048937,-0.5767844615944785,-0.15660554754131784,0.7031097874833631,-0.46085944305282706,1.286772404314246,-0.20869846508684994,-0.45970372632222206,0.6912633713506395
-0.8444367893667039,0.5633102653605933,0.18048836426513393,0.5892927358061363,0.2025685260157305,-0.22384472138993083,0.5495198506478667,-0.0011714275921536066,-1.511120716786361,0.19563673473708693,-0.5642264522159619,0.8255189680148612,-0.6527681161708975,-0.37998917096937773,1.3003912244084739,0.09744184795267224,-0.17534221311485348,-0.07145575021010397
-0.8247122773303529,0.20602682225401142,-0.4747552442621841,-0.8034704422425984,0.47715825819386715,-0.12539374698128936,0.6016567572767872,-0.0030932511658888773,-0.1571800548054898,0.11682799794808002,-0.31495994991523324,1.3120049562129412,-0.7058389482415128,-0.40684121305364845,1.2523676465981866,0.3966552894799792,-0.5732568015387046,0.0836668792767048
-0.6396460820333373,-0.08455164470690457,-0.4606498032265307,-0.6819092668717193,0.31130338847391636,0.41119182946518407,0.4801960220140677,0.020752942632671023,0.39225062346316564,0.15097993869111476,-0.035097058080699045,1.3928005118317346,-0.713397779972024,-0.046715620731555246,-0.043453855261388896,0.05464764817372442,-0.1466494978646952,1.5107661796126726
-0.18845142069642457,-0.13085906643012996,-1.1841231752919796,-0.9030749765727569,0.3582994836448568,0.20980366217723834,0.38265176185353816,0.020400728509965882,0.42878729074436417,0.15848921890618084,0.008416171502745706,1.420801403548646,-0.6251352457564116,-0.2540929450987558,-0.4597649091704822,-0.044000954126498626,-0.5688305483634192,1.4088939285629323
-0.15912967564992875,-0.1965035341321647,-1.213916739382047,-0.9017150637672329,0.1340858611806977,-1.1689188231202627,-0.4366527083144969,0.5960089840498376,-0.24750093221099617,0.6985031741500246,0.0056911966389179,0.18461791092567195,0.3893014099694299,-0.3008802342308718,-0.385779723385844,0.08360171691976157,-0.18661526996843397,0.3213123333597786
-0.12031950141521425,-0.12669178330757042,-0.28490760614964944,0.07514480098255338,0.15765888231320563,-1.1523490389078521,-0.4345539895940743,0.6574085301174957,-1.4931672612693716,0.8490933227986659,-0.09460253303311306,-0.5389266492445168,0.8201022833456612,-0.2987910348967481,-0.3918864139545296,-0.35270363741481425,-0.5924655514962944,0.7782308949664487
-0.12062094762048209,0.5687595641028358,0.7148223325326856,0.7069954503194141,-0.017660377855612003,-1.259699968860116,-0.43171718083756205,0.6472917737395245,-1.5847352193463444,0.7772130745905181,-0.4903295926582736,-0.5326053007925444,0.8820926830854631,-0.5096578290463615,1.1278488280902765,-0.20431665567705182,-0.5197638711000415,-0.3642451949359823
-0.18939225237493335,0.0013576734151434788,0.5145405348842363,0.7137454810991501,-0.023883747498680302,-1.1454581707216167,-0.41983462532546345,0.6996589740969258,-1.550046135830021,0.41657742135325704,-0.6024135319708099,-0.6446117138906388,0.3359881167660915,-0.44641916741840715,1.2865271036170385,-0.44303103835089447,-0.02405275371901272,1.3422412468681026
-0.7321664059454739,0.39875658877088804,0.3945224358830478,0.6012745524774076,0.0433087414613712,0.2500986879010534,-0.2419653218157053,0.02079063310383883,-1.56432842797915,0.7280122518043058,-0.4624081272251815,-0.12002149212819546,-0.30272001854147795,-0.25878677499476366,1.2931408506691122,-0.5960496943206686,-0.0203221090810764,0.5126907591791802
-0.8515079665213945,0.5812140167248535,0.00022523738434954144,0.42093653760990146,0.09515829995486619,0.3994793477745986,0.4899650900326401,0.005953357665998027,-1.5326803832331564,0.3070784321999461,-0.49885054103477,1.1289275219456343,-0.6622241729764938,-0.3831354052272427,1.2885453039334678,-0.18201706014960645,-0.17428033404507662,-0.03033263043160439
-0.7962180654620084,0.1791517892698589,-1.1468801204994499,-0.5570368689302159,0.4441913892790007,0.4163330095153188,0.5465965209673762,0.005387288590798012,0.16334632176720376,0.13166087925316572,-0.48553260633795176,1.3657730956152605,-0.6944414592686344,-0.4655403497237074,1.129626304621663,0.39519219847065745,-0.6968073833304139,-0.06676720328512431
-0.4989802241161967,-0.16646100799548447,-1.29811813316773,-0.8339346001807689,0.3824016785091656,0.4358162707558013,0.5185737564746571,0.014600782836155901,0.4338000473341489,0.12856816787649872,-0.2784112877748413,1.417289025801105,-0.6909501157966159,-0.30625975082755863,0.36746710813332734,0.3866844660760426,-0.5596670094957519,1.0310051869514276
-0.17311983968185124,-0.1802788243759339,-1.3900150872155588,-0.8995192350365304,0.10244313328520538,0.1265568221921063,0.38116870447714446,0.04310702097759278,0.4443653165017819,0.09927804859844808,-0.2885722937482772,1.4269197640199973,-0.5510306985863305,-0.4005111127499151,0.03791942028042322,0.33676699545671407,-0.587853854771826,1.2755879512560895
-0.10244528314081786,-0.19525474380645508,-1.2951238987359244,-0.8990629287529994,0.12985368225016178,-0.8572335021351838,-0.4067515840700072,0.4050286937424724,-0.15866478281883478,0.3074994997304118,0.06606748977098104,1.2883855128361934,0.25891387465387583,-0.49996158054811835,-0.40652653930607796,-0.020841442031178714,-0.4770347053104031,1.3563658236926939
-0.1354087191218284,-0.14803256238819001,-0.808283942969342,-0.6810483664344119,0.01081882412785179,-1.1825662489155195,-0.4404212808676964,0.5146512425192835,-1.4545392851012995,0.8525097674648439,-0.15926531473205166,0.3315393846711899,0.6969558019445299,-0.34572714699605883,-0.1203508562190867,-0.5187710748895609,-0.3043599860869772,0.18765496520481473
-0.13113046062127587,0.12184170941790204,0.3322004036771983,0.6849956189980363,-0.02531028356317991,-1.2575018523059749,-0.4222399070120544,0.6862063928246963,-1.5472747294868499,0.76774830650741,-0.5852424146132982,-0.532526123836432,0.8855331859804749,-0.4901529786378074,1.2062644648503327,-0.10681159733901423,-0.4649158005565687,-0.32560137970456604
-0.09541684036395998,-0.10740050661088874,0.621466620692953,0.5181978055360389,0.19542100552480848,-1.280878758109417,-0.20997806083131315,0.008625752176536883,-0.8381115482935191,0.3056678018271489,-0.615478533796702,-0.5677222214400565,0.6809216523486733,-0.5235772041841018,1.3012946741775537,0.05045471108863234,-0.5823460389595541,-0.2597000712510824
-0.4355719935368547,0.30707123982392553,0.08050604575782894,0.7072561898500608,-0.02380335231521838,0.28853477895436064,-0.3423596382588362,0.6771737714985626,-1.3325657278750613,0.5160229501692638,-0.24834435281490386,-0.2226013840420764,-0.6038630641409873,-0.022003814611988082,1.2780136655813719,-0.5139800024937589,0.0007727721941885313,1.5867291609678555
-0.8192848483261737,0.5678867929669469,0.3177777777500599,0.6494546178792071,-0.00830843820080282,0.1385279539070463,0.38225436776351573,0.08568953615272379,-1.5082289212834312,0.19993164450747608,-0.5319504452024151,0.9345453778333924,-0.654612176528313,-0.17950419452519895,1.2883569422030712,0.13760544717725545,-0.06223586529886749,0.9470285297240961
-0.8631510933149745,0.43535650349361865,-0.8199565604432715,-0.5400552446573496,0.18723663782000124,0.35900914618638513,0.5550310116567481,-0.00044099958235449543,-0.9525434398744321,0.18280752518436783,-0.49151398550387804,1.3026724253205835,-0.679265595451839,-0.39181254696971657,1.261381548184242,0.2687419948472631,-0.16837179571576297,-0.4084638079390215
-0.6992870879877504,-0.15851122420536395,-1.3074705229861716,-0.8633653386569904,0.4666688291558611,0.369789408945713,0.5702455735213876,0.00524883754862876,0.4393060863811781,0.11025959598850132,-0.11864599698663363,1.4230428747138832,-0.6995983884629774,-0.19329910701215747,-0.07634967586991548,0.4285040536007142,-0.46413027808137414,0.8271171203184975
-0.2731549166040352,-0.19728389037728028,-1.3895782555287721,-0.8962605477288126,0.4012265231859374,0.028683260669622457,0.4320502336995828,0.06298556345206074,0.45493267298784035,0.11025894391080143,0.06339133881314274,1.417787245503701,-0.5402651337758421,-0.39915182953427314,-0.47989040926435933,0.4169683107153892,-0.2510413654644693,1.4681610637522962
-0.13371627474022812,-0.19697574893573522,-1.2614524750339084,-0.9012034138841605,0.32724356268304466,-0.9637396648707652,-0.4205346524935323,0.5034157038769479,-0.06692729151153443,0.47815004665749383,0.03037000357729014,1.1357867432653148,0.30529074583825344,-0.4314172094036388,-0.4628222864964937,0.020572277582207157,-0.5421526770454543,1.3690080974768164
-0.17971493025014723,-0.1340731316424703,-0.1922272271708755,-0.1956214114222437,0.03600419462912563,-1.2432218318650985,-0.4304356569980097,0.6165613384393889,-1.4596937951688411,0.8456364027381158,-0.4032917913224542,-0.2180831872662744,0.8073342292558859,-0.2762782707616392,-0.13739386045709612,-0.4688120869037813,-0.4905033182394731,0.25737275122358205
-0.11518492516375789,0.1671238165963971,0.5707973793784771,0.6753193982842038,0.006173229013221315,-1.2599744746158983,-0.4146605156083429,0.6200773931491586,-1.5260110325144005,0.8132159844616967,-0.5335480635579943,-0.6725474010554581,0.8893054115355539,-0.5083922019007729,1.155935485485282,-0.14759051523088967,-0.540369063349996,-0.3058678099212099
-0.10933925818056084,-0.040826982572624626,0.6851618944031407,0.7019405412162638,1.5655723165336477e-05,-0.9536421793297196,-0.4240443278203666,0.617695336996958,-1.4762546409459258,0.5950728567311542,-0.47677377286873407,-0.6243790259993647,0.674438510388422,-0.48819991932522533,1.261935409043219,-0.520801717806062,-0.060694184923364536,1.175654512064748
-0.14303181018401623,0.5906014517242113,0.5576949515700458,0.7034111896404672,-0.006996084636176819,0.2729681013247107,-0.3820536000065077,0.5402433250901494,-1.5282411480765488,0.7503485213366693,-0.016951866241845387,-0.24568916450845868,0.32116656335143323,-0.23023119060091182,1.2891782799884344,-0.48881930579653016,-0.018006958682996344,1.4362311082354666
-0.8616251849202308,0.6282183433708033,0.10693465390017531,0.6792936788181853,0.010104514531712516,-0.2807483669707441,0.18638207245694727,0.0617107940853584,-1.5898008342056609,0.33687735839183286,-0.5977178489959413,0.3258893786974306,-0.42230167973191735,-0.3091316303825605,1.3007894702538514,0.3017431035818601,-0.09615671515020008,-0.2131321813605046
-0.8602850488044905,0.5827267816356132,-0.5366083680875278,0.18475641923876168,0.14763690376155558,-0.12318884678947567,0.5126051121186608,0.017193731070174523,-1.4580990225002863,0.19863359069186864,-0.5444026944891882,1.230990887720171,-0.6661023406101346,-0.3328095954279232,1.2865179497927093,0.3864371049728746,-0.1755721456601682,-0.22652226766630656
-0.7047129566631478,0.020429042231668276,-1.037062976112685,-0.8499309340712522,0.4702307913615751,0.1597404161529875,0.5720407400770253,0.015007844518366675,0.41369794306531193,0.11202423468687622,-0.07853481091306405,1.4146762509364517,-0.7030553540210199,-0.13712585592184545,-0.038027517237279485,0.44004822672991395,-0.42174177351560027,1.1105521554343607
-0.22504217861406267,-0.19082764239032984,-1.317368483431943,-0.9004525227715754,0.45601146275969023,-0.02063149675455328,0.5249776359401739,0.04232316942365194,0.4556782754076577,0.11735436438283475,0.1357210511401692,1.4205483477869536,-0.5486133017790746,-0.37056492307024774,-0.4868365273188686,0.43085457039476516,-0.22481646884021117,1.4366800044803167
-0.10526777817634436,-0.19372320047031488,-1.1980519155492504,-0.9035935020386243,0.41113851936526774,-0.9229473903324866,-0.20053238457401273,0.34902308245194413,0.40740995770118005,0.24926341846892178,0.13951577030317774,1.3581988882695093,0.1263644194567476,-0.4813793186415839,-0.47540841354003904,0.37684351913601155,-0.5349685080498229,1.3024786289607908
-0.12549625312076057,-0.1532799054249394,0.28091281879778884,-0.8460260388199854,0.11099151063335419,-1.235405283193555,-0.43111841167392906,0.5722016291219327,-1.1132860514375973,0.8279089019461968,-0.11947380005321097,0.25809930924829877,0.586887937929287,-0.23729668687704497,-0.39759970802525046,-0.47598635121181065,-0.5072337417158554,0.9690026209658671
-0.20024697065235614,0.4629938638696528,0.7216634414767847,0.6294823571884394,-0.0314135600430023,-1.2426278685376309,-0.384719141703248,0.6131675653070094,-1.550249649376476,0.7474178512684273,-0.5701376000709646,-0.472869780506755,0.8630811640413235,-0.46574961091748357,1.0316991278423928,-0.39459992114315867,-0.30423816961137906,-0.42992837861403466
-0.10715475130891827,0.46394988602472875,0.7327810116697319,0.7125514054138612,-0.01391828437302825,-1.097841992581036,-0.38923458315551995,0.5573648360118765,-1.4519973610014607,0.42060777970752355,-0.5907227603521699,-0.4746760371615967,0.6276508473418331,-0.5032491118389774,1.2501267032230756,-0.5087748339834154,-0.23335663349827035,0.26244450525473717
-0.12473893473779502,0.6283111087921833,0.7351496575863715,0.7051097975280476,-0.021837641811979974,0.444830008880708,-0.3635247162858767,0.4732703494055218,-1.4800135944710804,0.3916330739061878,0.08920085733843147,0.9226193488189646,0.10133414740410902,-0.3895949304292309,1.2371076765706206,-0.558745358092392,-0.024809480077067292,0.060334158611156985
-0.7986480562991738,0.5257941262256431,0.47501971948825117,0.015200722362357394,0.47646488149150484,-0.4627968940700182,0.5958927840296006,-0.0011400992541444332,-0.7867415061030854,0.15500167448222463,-0.4170605584558097,1.2030958887133543,-0.6780844477989888,-0.37313400391340734,1.294287040244069,0.4197816035284614,-0.47455550030358795,-0.339068942358973
-0.8452731255938037,0.2204744121535142,-0.2407116065796879,0.3408408400061989,0.37941393132246914,0.39623197410670286,0.5222581533596933,0.08976313881349895,0.24860057135004043,0.13195259086991368,0.03278831423570272,1.3793284621873343,-0.7092078385523415,-0.006786498444091099,0.41046787390053097,0.32756088391162985,-0.02667438897222013,1.2286884846945
-0.3659043177409954,-0.15236729898934337,-1.2165836573122766,-0.9022019712361623,0.5192524615553963,0.24783769329169747,0.6042761227880932,0.029340972581354097,0.4530176811161758,0.22775435607585964,0.1596090610289141,1.4006386423645267,-0.6042955964023184,-0.1344153171537089,-0.5066553742977119,0.42317867488353966,-0.24573038532429292,1.2437214747760725
-0.13553738802511217,-0.19770502786381572,-1.2428572105822364,-0.9049058667997479,0.5227478314161825,-1.1481807796150112,-0.3793320890966737,0.49774142755901546,0.35391855537772177,0.6931401378187105,0.14932536934299168,0.7423597473827128,0.5692085872615051,-0.32433859018755734,-0.4807577341195679,0.42599437633771897,-0.6150418451419774,1.0197531593260516
-0.23054771721129422,-0.19356052923071787,0.0829709783567999,-0.34025969362656705,0.08106189282792689,-1.2876336266199018,-0.3361381816645348,0.7194709094011398,-0.8418305358100033,0.6358475431235074,-0.4773352728255141,-0.6292967947179007,0.8053783680486536,-0.15026460009449005,0.1568398034181261,0.1275468826824641,-0.28091437125552327,0.44276338567081996
-0.22583300913310528,0.04297189091565046,0.6918824266755131,0.597117149027009,-0.01093043557034254,-1.1130064468106888,-0.3567552621470677,0.5638239400233138,-1.5215734549341895,0.7888044776494025,-0.22804851408084056,-0.4680278897044935,0.7870289385759281,-0.3500172893804389,0.5476893314939105,-0.4858691007521081,-0.04701564456804569,-0.23257806955149662
-0.4786916930703375,0.0760636076898295,0.7107688475646544,0.6913652170029735,-0.0032074679665338723,0.2800029787829851,-0.3780268908504503,0.2957605295633971,-1.4576692190798548,0.6423603554591697,-0.25709626330463126,-0.4227144131623416,-0.08433519156349303,-0.15805092526757003,1.256732331704762,-0.6033307311535632,0.000215316115142139,0.5285656177319843
-0.4799081158185953,0.5997288681267992,0.15801132663464657,0.6701615006979179,0.19188767785805344,0.47484022258702274,0.37102689924725113,0.31478857311968833,-1.324194721506038,0.45473247874022055,0.11932518229606953,1.3245334157766129,-0.5919281176397562,-0.08264007382032157,1.1985225089496634,-0.21211497988033862,-0.05041867380029147,1.5399921368931198
-0.8497539473741322,0.0010821062821585181,-1.3964800409310683,-0.8927472701792859,0.5111600182148266,0.5168095263703202,0.558043112439093,0.007277852730493473,0.02448482368831162,0.6657413233322402,0.16724046287618177,1.3542310489631553,-0.6742872861513781,-0.004150308708058659,0.3070929848492333,0.05446543130470902,-0.04034610783458531,0.3120305961964047
-0.16071066132182477,-0.1934270772210132,-1.2518377792048168,-0.9032228500224495,0.5262495353402961,0.11064486012927055,0.5010561850925392,0.01350649593285208,0.4541086119519232,0.30708808527875364,0.17420222607437785,1.3840830254644723,-0.35337425272819045,-0.46261089624282004,-0.4953323660375213,0.41395307236107587,-0.4433892186880964,0.9741545832770957
-0.11385200847969501,-0.19886916504790964,-1.2780639168629873,-0.9059603487864567,0.509037954576193,-1.1195198832044864,-0.429171247187376,0.37025050410076804,0.32010946075276614,0.5889616311046729,-0.04313814257501994,0.6127859956624748,0.7409092238720083,-0.5019715786866533,-0.2639542542257046,0.3359662807518399,-0.7009711583189193,0.5488926420720814
-0.11718158708085064,-0.1903257827125585,-0.1913688946294905,0.19376336007100342,0.10810473586793426,-1.2483760888071322,-0.42413728235151227,0.7134318669541079,-1.345730261007507,0.7604047238935864,-0.49348011167912603,-0.6376528745052614,0.8696700544017482,-0.46926157805650703,1.0295802354583405,0.042809858524306715,-0.6391467503769996,0.6190686597138764
-0.1666185551483837,-0.15689042075391463,0.6031539093003486,0.663304220510497,0.0031254267769026955,-1.0614768997952009,-0.4204323169391275,0.5686982871944855,-1.550481832855418,0.7325140798019668,-0.48728756286031993,-0.634467295762851,0.6943708249115418,-0.4766996821705687,1.1469580902224443,-0.5664622005024378,-0.08954751532579397,1.081224011638657
-0.303238055519121,0.3710639447105335,0.5633806850132274,0.628079350941453,0.020970820337693735,0.373012644850645,-0.398108143764596,0.15996817575672448,-1.5675974755915716,0.8507819944450026,-0.07674743030953873,-0.46941393924584973,0.05304227245209619,-0.1294620372917551,1.2852186516084338,-0.6133431670018893,-0.0046267725144359395,1.2415463048018816
-0.8655422855289959,0.4730254739732662,-0.22111645813711042,0.4726997984595108,0.13113519536206308,0.3119536397859787,0.18042375990359455,-0.0011013063194689199,-1.5888381506696247,0.7715886482555012,-0.5548562933679542,0.24294183028312433,-0.49525906980634693,-0.20248523901057572,1.297972980174031,-0.595093051796757,-0.013675035041584294,-0.3111987597873973
-0.8224710164103298,0.591852270119862,-0.29987747243874163,-0.7078211595447421,0.03004861698961736,0.24594034525123598,0.49606351577460356,-0.000766616772937434,-0.9370089408453514,0.22760274801063296,-0.3082973583307256,1.3173389861345681,-0.6689307713775874,-0.3772433629849869,1.2768674760064147,-0.4834716154564691,-0.06986417779614956,-0.4152571085372019
-0.8337685885999417,-0.011701594731532317,-1.4201305340945272,-0.9038260613637304,0.4815004618367183,0.4224477641673421,0.5513621441683233,-0.0034268382489127114,0.34364956264302726,0.23656932873101771,-0.012013240518352869,1.4048718279731465,-0.6667730972894382,-0.25519398397982374,-0.10680123467782499,0.37675199077394245,-0.6174139561546195,-0.40253625335354326
-0.5991266607720054,-0.1863491131265621,-1.4281709410503285,-0.8805568618834971,0.45972324080549354,-0.20308670838100848,0.5392900983249187,0.05107443287543684,0.4549603606528331,0.1339801566122839,0.01672509893774507,1.416637821211903,-0.3201306162352848,-0.4032504765869903,-0.4255773913210964,0.44728910898014185,-0.4290012803885867,0.19736059683572532
-0.14556869518698667,-0.1897708677236118,-1.4017106362507152,-0.8856518624130868,0.33348026942469655,-0.8971617755282785,0.19094918084559842,0.41303226299816903,0.4521973035833621,0.13170198343674866,-0.12012457264425036,1.351944426233076,0.09800575062934282,-0.47467335772976754,-0.4798867041449879,0.4387641040933775,-0.6325950623989094,1.0066647212285473
-0.21817309896936238,-0.1870840005443563,-0.8966451025554852,-0.6683913869004965,0.22383844192283184,-1.195049449922409,-0.43504810964013396,0.7039501065885547,-0.913797468823619,0.8596779411773947,-0.022508840475220115,-0.48179180734397464,0.5533716991044331,-0.06650254019015314,-0.48802837704137314,-0.2853763821029097,-0.48332925515932845,1.1577938194342425
-0.168472621645602,0.048025415564571655,0.2903692254017114,0.6799329143397451,0.0015691101581860045,-1.266151235530343,-0.41573850927434686,0.7345989825571138,-1.449215947808192,0.847075934126112,-0.555389901103569,-0.7099347726691371,0.894775809201839,-0.4268495706887293,1.127622488886323,0.08388837690415055,-0.4574225053869895,-0.27424469021288156
-0.1955960264578217,-0.1322618398439604,0.6609232018426804,0.707302382145741,-0.009872409890706507,-1.046792258524146,-0.4113553529270875,0.7105572163258942,-1.3858387598562145,0.7249750136091089,-0.560273393370144,-0.6958869435424196,0.6750617190233255,-0.4129622045875895,1.224023973790314,-0.5443175027830303,-0.06393839050653904,1.1743697675740505
-0.10277260285767831,0.22411128466518426,0.7236139502657201,0.6795153437339331,-0.012815446042151374,-0.36164138344123975,-0.43940090443238555,0.3469243766472024,-1.4525858006222059,0.6896376188961457,-0.4475491347900301,-0.45981334519488914,0.5455393450696278,-0.39061134436128614,1.2694134296757245,-0.6087036171473104,-0.07047694079449657,1.245660839159937
-0.5110450646958199,0.5855172806850689,0.5666676930588929,0.5670240788813876,-0.0006555686935496019,-0.007337909859266245,-0.336931290134334,0.01246825092452053,-1.589491174378114,0.6148819525605778,-0.45019744360250413,0.19754118793348766,0.20123248012314557,-0.44863034827957626,1.295168586219218,-0.600689751257586,-0.09670344517803664,-0.013399198315625194
-0.865069063426783,0.6000029079478533,-0.5405277244456743,0.2944191080650628,0.07645450532523873,0.22596800825372698,0.46722209853929153,0.0048345868856284335,-1.5661697497887492,0.2844120599762532,-0.5549341111627314,1.1657545095962403,-0.6557070404590438,-0.3515778992746997,1.2953006083403493,-0.059498996806960594,-0.10279490057766172,-0.2847575922447302
-0.8227702502091159,0.20839607975315794,-1.2784436298796371,-0.8611667984288479,0.44346791730783464,0.17054574295512204,0.547982662231856,0.0031088410403269373,0.18047344475469596,0.16522914058932242,-0.3602555838194774,1.3899602325923697,-0.690588179307928,-0.3115218755527127,1.0174981681104565,0.4266436001940159,-0.5777050810161534,-0.24012249782414907
-0.4922571225444391,-0.18526917840187485,-1.3916190674473912,-0.8891127499584985,0.4678259812329698,0.18166633182612424,0.5250240973594236,0.04195225935729624,0.4515388160119368,0.13292525791327114,0.06633514492740566,1.411832996092527,-0.6461461068060232,-0.182690219910838,-0.3655982650920486,0.44218982560057163,-0.2757652695070538,1.3512919209513952
-0.10426097020769926,-0.195797039693546,-1.3286047543720034,-0.9055238461181592,0.40302324629912256,-0.7118435827469491,-0.16679933417667803,0.42311574163000165,0.38932408024762866,0.20444802781093835,0.04636341320863302,1.281121221174049,0.3664554219780766,-0.49181724530905957,-0.4796889161550141,0.34726981161885434,-0.617602477414428,1.3806598772764733
-0.11288313746009054,-0.1921590828256145,-0.018756144102481775,-0.8660262376183079,0.009158943880133663,-1.269731143661823,-0.40759438660896297,0.624488395579255,-0.6177299442287514,0.7427412431587039,-0.3116019605913009,-0.5755826690070471,0.6753407611616945,-0.183282141515975,-0.2888590313864088,-0.376340171373598,-0.21203284175323425,0.5949694154819792
-0.20501766425877926,0.20792050752361627,0.6394852647305845,0.6094548013177276,-0.027138931032974628,-1.168765169640448,-0.40804980993407847,0.5867021938301447,-1.5698179526539326,0.8341398769845667,-0.3591823592521261,-0.44517654042650245,0.8398208737669658,-0.37876203087970195,0.44677492946496244,-0.5209456024195641,-0.11415236479354679,-0.349743488785336
-0.09910657545186369,0.5095943041425168,0.734030442149561,0.7120567508093881,-0.015959089092291517,-0.9033310172298813,-0.4214489853348391,0.6582757554742027,-1.5472978127729633,0.720630266471656,-0.0960723078687014,-0.399021355916267,0.7364785402153013,-0.4848634260635662,1.0263133554266952,-0.5583657118842112,-0.1187325953720677,0.08746358870866777
-0.3524406831632526,0.5666150178485716,0.6079476082461529,0.7161628294868086,0.03583038047958498,-0.7588705379333758,-0.37928423320099347,0.47966004989395394,-1.5588319660401895,0.44973660581986735,-0.5975304152727425,-0.12901816782763204,-0.16614441029069782,-0.27870528398388655,1.2931465173222683,-0.05141440679657132,-0.17393703150239168,1.1391295706017615
-0.8194639600972424,0.567863207264669,0.2567883635776018,0.09848980134212318,0.31276568066461863,-0.41415621466611524,0.5936707809156709,-0.0033500562592026495,-1.3375984981650402,0.11992105865208635,-0.4966573711777205,1.2916465813725442,-0.7000470928697562,-0.4313923812302756,1.2918607319262887,0.1547962039923176,-0.4088193881895912,0.11829226888520117
-0.7367694224290657,0.2509787405546957,-0.788122960679253,-0.9020583102914215,0.4632886240828442,-0.2975054912813717,0.6066206813646686,-0.003661685944032378,0.41176692795514813,0.09264432242643295,-0.3551914305817908,1.4062104619027131,-0.7071392081033492,-0.36370455666282947,0.6408776878406668,0.39034287499123926,-0.6708579877431202,0.46161504807160864
-0.5779669024296861,-0.15190898022055438,-1.0278325213941388,-0.7010579102149844,0.35979159589439214,0.29225357457521894,0.4663558434421879,0.12201159745970247,0.44603486428333305,0.11585437607666194,0.055185392262930566,1.4199480519105458,-0.6828918843411111,-0.08590795935326698,-0.5044430911106802,0.3012804226407772,-0.058740688491773885,1.5769994330874777
-0.11667972013682071,-0.18382566832391883,-1.2137438308823012,-0.8986179526552008,0.322298454440223,-0.8408939257072472,0.04108889118171298,0.3215419430157098,0.3637792317934204,0.14275109073420944,0.016171711260729416,1.4105528392612658,0.07135895817224963,-0.4773648943079221,-0.5123838702552652,0.22187960023845316,-0.5958088869231987,1.249588067385192
-0.34933863310238344,-0.13726736683760876,-0.20334049567462206,-0.7754671619099235,0.15624061101582826,-1.2561390767089389,-0.4239937780497639,0.617683186930384,-1.1319995978199435,0.8118573107084879,-0.24508189247062015,0.7357747668354494,0.3421721950845527,-0.08687974693006159,-0.48757444543132544,-0.31613501427416685,-0.5762713042564618,0.8237000572730435
-0.1866169863956711,0.11773998177834617,0.5649054236018916,0.6546611287410307,0.012541062720947266,-1.230135677167561,-0.41044561551947173,0.6251457394456926,-1.4762054661794974,0.7894828247652124,-0.5372965126808652,-0.4464751330686233,0.8584447455163312,-0.40411983524666306,0.48490325041871907,-0.4161213829761088,-0.4385656365162536,-0.1467789684679699
-0.24830549303927987,0.1722571495531858,0.7090393744448659,0.7129016243600391,-0.02276942656102296,-0.5757170611447954,-0.386627387620334,0.38809441141338114,-1.3617584108441427,0.30858020207554904,-0.6172755289540222,-0.38662479325905996,0.26485516500733314,-0.43220486880798814,1.2821466717531347,-0.5729494950126106,-0.04133435152924686,0.5844505191243776
-0.831071874695028,0.5704065571982158,-0.2266770140417323,0.6681911136115408,-0.010893633646250983,0.5009314007652736,0.38680932994553147,0.2015855989708546,-1.527096683662367,0.45576016920609885,-0.3583036165769664,1.1774979917396313,-0.6224698437725592,-0.12984506182707728,1.2971755622034333,-0.3517312753384143,-0.007389752776520264,0.5801170551838326
-0.7928090731124007,0.5488817996246675,0.11822108965188988,-0.6217419133841705,0.25625897564721994,0.23980194321969506,0.5410430819685365,-0.0016295471155625685,-0.16148177251290918,0.14928868202246787,-0.24898961393809405,1.3546689156428324,-0.6969815513350653,-0.3942397464879441,1.126476789694812,0.12555330431563053,-0.2806706808843526,-0.3281477853998471
-0.6079827376107465,-0.15392112605693514,-1.3205590430776384,-0.8510369829289245,0.4761485678530979,0.37705710956684113,0.5754464318318551,0.027059585128195895,0.45474297257802243,0.10752974256333908,0.11174883879201769,1.4260472003263698,-0.6571222000249148,-0.16871221234732453,-0.4859468082862829,0.42554063272284914,-0.22785122932492152,1.1495658557690622
-0.12640990713227718,-0.19669131838597048,-1.3306181389790277,-0.8979697595081687,0.4700877160487699,-0.6065692904717886,0.18748395445498361,0.19308551345489652,0.4473123031595422,0.1437550575071621,0.14050313990968916,1.412388528526427,-0.231662613459171,-0.4720196561715948,-0.5079315154859162,0.4094964524600506,-0.4683585127330924,1.279486939290886
-0.20467413575337856,-0.19069932315022908,-0.4373058701056669,-0.8766278052532529,0.21667715458237186,-1.1690493196040057,-0.4289857184368383,0.5870112051641437,-0.6783743105325637,0.7140545286379534,-0.11134041959814447,0.8596426512664357,0.11033706373561589,-0.16382544861830653,-0.5004951774463391,-0.4272111152522236,-0.5278988459670539,1.327401824874606
-0.40627834896373893,0.2052640473096583,0.6437219434402092,0.4190404261855507,-0.031504201505376056,-1.1914999455645945,-0.4019086941977567,0.5606805639151099,-1.5442977222787975,0.7974273901334508,-0.5523128933586063,-0.2648434544950353,0.8570938387558771,-0.37138333824733083,0.73703910280421,-0.49832266266981595,-0.16614840243670523,-0.4381178496717858
-0.3242756890236449,0.152553329629318,0.7157923796191735,0.7127674052367424,-0.01887506151861071,-0.8640701557070876,-0.33838021453082856,0.305239057184394,-1.4411115656721258,0.3948666748208894,-0.6225356413200305,-0.43455938929604343,0.20469289557748493,-0.4779443256143856,1.2140359527318738,-0.5967681983014405,-0.063516078079139,0.3008533436840249
-0.7767187996939942,0.5429403809479512,-0.05215455608613795,0.6909909335170125,0.03988648430482031,0.5166362030656075,0.39601160668043195,0.19337509386957316,-1.4411852357341912,0.583058185379567,-0.05154907441668663,1.1720362695701567,-0.6852896227919245,-0.10704919131203472,1.263061874306228,-0.5577061245326245,-0.00885706280123627,1.3062516411894562
-0.7651321940639019,0.5186009377130569,-0.012101883718619977,-0.8162368500660705,0.4739851126348602,0.4589429175405241,0.5157126077659047,-0.0015333571745199115,0.30235405491929535,0.24785432513641714,0.029703920310090448,1.3214799280018346,-0.6994819877514314,-0.31687824063985826,0.22381986167356013,-0.09137428123495082,-0.43511533341911984,-0.21616652843353035
-0.47694217969992736,-0.17064799594574326,-1.372360049117721,-0.8451083421952222,0.49037526361420036,0.25537826505712025,0.5501151653130698,0.050904217103453275,0.45870992124507415,0.12150630611752095,0.01885547374032201,1.4136323312324146,-0.38947086872430325,-0.4067931994987476,-0.4261744059233403,0.4438443401926141,-0.4987593458964246,0.17225669439883595
-0.12543807847453387,-0.1982396871912518,-1.3824289774515686,-0.8992644995359301,0.45291559616047616,-1.0144432971887254,-0.3091981013494491,0.4488746981303434,0.4469444439829634,0.22138388298668982,-0.05337942005748278,1.2300331958613118,0.4634760929259813,-0.4888852853004384,-0.4114049283160901,0.43431097038342836,-0.623999108493765,0.5799066264358488
-0.17306448294282767,-0.19059123453373844,-0.7210449744245695,-0.7302538136450337,0.10599257978824858,-1.2378293575423027,-0.42989130410780896,0.6951460856643307,-0.7688990007691521,0.7875986462513525,-0.3468660156893073,-0.25926406657133816,0.7394847193238878,-0.17983473016809554,-0.2550885029274559,0.001958449646743826,-0.5756771453298065,0.7926860815424867
-0.10440426428225225,0.12092050246348168,0.6619393061127895,0.5929964476312494,-0.024924718628127535,-1.2866553116446995,-0.3856655475024545,0.691815382631785,-1.4669978748640062,0.6457561781680883,-0.6097144836071804,-0.6705719230630426,0.8781418860560989,-0.5023914559540616,1.1639390337109827,-0.18718548103674382,-0.5740849583448592,-0.030828000207273942
-0.16671725176596136,-0.10918620967508014,0.6309392637478431,0.7011707180411936,-0.024795496961851043,-1.0365525617836977,-0.4095315045266878,0.7021711668790089,-1.3598173888838816,0.5663450729595545,-0.5706995757478543,-0.6526088452062121,0.7216015705717064,-0.4261451009075451,1.2529808438541559,-0.46193500453866126,-0.03895149149740523,0.8922391222987689
-0.10862024936246423,0.36485568460915896,0.7139604422032398,0.6781500563531255,-0.021485610153366336,-0.30517371258219717,-0.4355563329137283,0.2912209580687183,-1.4163630905888416,0.5037601705305177,-0.4831636203435388,-0.24561768531196826,0.5997855628610325,-0.42777375117457983,1.2803101312600038,-0.5921469667963337,-0.07338429784010381,0.9329718828359008
-0.47949649204344563,0.6046273831336787,0.48693197015982614,0.6499055980070519,-0.0014675481913160593,0.2957583995523786,-0.13015981458660245,0.014683329791291277,-1.5811128623946025,0.3592085859662667,-0.3663430736077543,1.0572642260949145,-0.17977878781266093,-0.4725633863938498,1.293002562537279,-0.557002072398495,-0.19488250600437998,0.20461402836322073
-0.8565295004458755,0.5022227957025165,-0.748936156895103,-0.3947061264521825,0.2487695734531063,0.3756604430249667,0.47482538619819703,0.0005862437588903813,-1.3014749971485902,0.260545014754886,-0.39284413894505876,1.2970399293241996,-0.6858817460454582,-0.3739263461212593,1.2805049769493007,-0.07980122719155551,-0.21000709950990779,-0.2984106192803859
-0.8083067010555556,-0.0028911581493687444,-1.3116581689076154,-0.8929513103616712,0.46005063058672424,0.32473488495406866,0.5522712794156623,-0.0002788455747705365,0.3849873692607283,0.16748970766696042,-0.04187897403955004,1.4059180764111874,-0.7030095490821169,-0.12894008676318708,0.3110623187349403,0.4037822683599591,-0.4250764557523689,-0.10017381380433088
-0.36123676885360284,-0.19547675487025468,-1.4106829249301729,-0.899482290883906,0.47501914000504486,-0.47484897310799,0.440436551566813,0.07954396816926479,0.4561287678371858,0.14458249753135627,0.13518701776024572,1.372851670740641,-0.4969031088079404,-0.2712730164382051,-0.4820379618364905,0.44487761553490623,-0.19996667724584669,1.2751110603876543
-0.11330628931034686,-0.19774964540252,-1.1218057358670812,-0.9016655305193495,0.481847869967823,-1.0337264819831513,-0.4173277370153291,0.5913976088772255,0.3223632121264933,0.6344872508202936,0.12326301809837875,0.5507913769887843,0.4706727218600202,-0.33504268300276574,-0.5003089407108761,0.2799752631177723,-0.6005303247026581,1.3556482772881795
-0.10559540064356532,-0.045484282446015434,0.5865348990857593,-0.06712228578886881,0.04388866391178253,-1.2818301564821266,-0.4200350496196895,0.695356771034241,-1.404022311533721,0.7340200765383744,-0.5271607449111408,-0.641742842972678,0.8055423168045998,-0.4202894795294213,0.047529028779532856,-0.3381498355296689,-0.673315654517554,1.1080855589729834
-0.38414119019261544,0.31237656437877503,0.7017923542265795,0.6803269046017455,-0.028059368663222756,-1.1362617375194692,-0.4224038530705667,0.6046783206822101,-1.5812577468499973,0.7957519696375158,-0.5622166349043283,-0.612202722766637,0.8243948258917021,-0.47831642643086786,1.141859791480329,-0.520389174631182,-0.16211402910241066,-0.4012504038119148
-0.2189503988761321,0.23606478679819295,0.6802860428966645,0.7047574481195948,0.01378335206101422,-0.19710285886560022,-0.41097107959256945,0.13566158860377106,-1.4775937171073963,0.6544810010812352,-0.5759484961723358,-0.44925764676729507,0.11308529197972869,-0.37342415990259226,1.2913146627154015,-0.6043535479226273,-0.04512503449237082,0.8728107000516583
-0.18376500813271346,0.6202807029624289,0.6640815473346636,0.7016139026138972,0.0007633292357611954,0.2763061959301567,-0.2661326759047854,0.057352709903629395,-1.5676817050291993,0.3237425689269984,-0.31483593093454465,1.0976510717919068,-0.0061059544333371685,-0.5054233891600656,1.2825444272150657,-0.5686879433486127,-0.3162971049439951,0.7438049823989231
-0.8596466647362887,0.4639275772553766,-0.9267795027417584,-0.6413232826671552,0.4789343024532485,-0.18913136264681457,0.5610360708631659,-0.0028788220136505283,-1.212625709928694,0.17134465129783155,-0.44727389314975174,1.2710095993834742,-0.6466808528369354,-0.47366210927716373,1.2939035603891276,0.3852742384004921,-0.6624775195177424,-0.3724307369237567
-0.8621574899197524,0.23855994346786924,-1.1599191549933465,-0.7179397416981268,0.4148417447319793,0.3485198442718125,0.477272850796808,0.008971328550206437,-0.2923696528159011,0.31122034823999645,-0.3553732307773754,1.364926406743892,-0.6902619280623389,-0.17173938653783383,1.0189352095560693,0.3304406995889621,-0.20396685124341427,-0.26370090814668423
-0.2725354195006412,-0.13409000718741232,-1.3271906953355515,-0.8965847653513216,0.42202203214542144,0.27172939273956764,0.5793470676415443,0.04392913720244496,0.4461883435793018,0.12716643370660724,0.06803201352059657,1.4237295924966356,-0.6349028342500638,-0.1689307629361141,-0.49731781963715327,0.3502162452383852,-0.3981050965904725,1.4967393384037542
-0.12696745685418076,-0.19799762076914573,-1.3296352838555214,-0.901962584747858,0.46809800723608014,-0.96833384943017,-0.38266254250955345,0.500924745001382,0.2929047030167937,0.3932277182770478,0.10339481809820439,1.2460975145737245,0.2235769863468277,-0.43025824517472266,-0.499858387297902,0.3049297991518223,-0.5603426014300401,1.3619009010225203
-0.2287213407278323,-0.19480391136991798,-0.6115233528515298,-0.6009030871632289,0.02729169052240732,-1.2444393994750047,-0.41314814253426424,0.6576284715872722,-1.1233889181823349,0.7985318933146345,-0.2525769066143487,-0.4924256477347906,0.5698519868684196,-0.07225315837942842,-0.39748528522113324,-0.430632558252188,-0.13868318843035876,0.7316384483885158
-0.1367642023520056,0.11808437184035103,0.5291936407906462,0.6334845758299755,0.02749019735732558,-1.2431190148025417,-0.4110334190275382,0.6321860025015908,-1.5311932916386535,0.8414975258459167,-0.49308010618061904,-0.6654404929997032,0.8866495482123398,-0.46414907440746306,0.7231776518782043,-0.3046537352012435,-0.47286079569642386,-0.19485580540479663
-0.0907758170658598,0.3436783028672511,0.7283967170991198,0.7062449465636061,0.01911532931074983,-1.095581161432829,-0.4298536532441879,0.6143824571244526,-1.513550601000142,0.704687711940766,-0.2510272170598157,-0.4721451561093932,0.7756268497413206,-0.5135722463106441,1.0665016955074333,-0.559369544758234,-0.3511248286443281,0.9693767420977213
-0.7676605321913057,0.5513730456872583,0.6087422240377252,0.7085949432916306,0.042935065597056205,-0.1999309683087432,-0.2477812393099248,0.10983746043253423,-1.5719093843242429,0.700643013699224,-0.6009475628960987,-0.42564525427961286,-0.29105624599407914,-0.17932438926629454,1.2955153418027423,-0.5513509249715877,-0.038837547300291375,0.4237948334382213
-0.8386196274943882,0.6111990808798691,0.21162948909844725,0.6415887574831748,0.05638328126483441,0.3147327517497873,0.475708660246281,0.021241908166304502,-1.5390564657131747,0.19498018564724506,-0.5431739845596857,1.203506716203771,-0.6880438263169477,-0.3867399275964367,1.2871876501190924,-0.1910300050164318,-0.19995167914854467,0.3684016845063407
-0.8311831238083288,0.22643299401761555,-1.2808571686128962,-0.8272077623880671,0.49080047572104213,0.3648721706693506,0.53011387294515,0.0025379257192912896,0.1783946597783731,0.1474697112785977,-0.32088838018106136,1.3809240977889878,-0.691971817716055,-0.3958534083965707,0.9763903045810128,0.4069320736898076,-0.6709429004011991,-0.16379847177312867
-0.6062334460268084,-0.1782537840207919,-1.3997840616723694,-0.9002189466349293,0.4978543189719129,0.3843911754143571,0.541738482010268,0.004977332941879686,0.44653004988384726,0.17488277832050858,0.056604916032200414,1.4231559476871545,-0.6515033478737712,-0.15740353826832354,-0.16583244970533606,0.429781774322729,-0.4799200934738214,0.7537462661408646
-0.6397489240020072,-0.18063819336191733,-1.3862184745455028,-0.9050312251367664,0.2927619719610441,0.32037183445898043,0.32371294781615556,0.0752874484381783,0.450181015376358,0.18504538598495573,0.1692683825898822,1.4184187852279866,-0.15719821184307936,-0.23093363758881086,-0.4169985688259339,0.4344288036417986,-0.03388574058371224,-0.2034399638200617
-0.0935190380838698,-0.19762863722936752,-1.3363230197906808,-0.9022836066769552,0.3958571681881714,-1.0533462877698803,0.07258274322379354,0.45450258485099293,0.4416314818902637,0.12121529315545149,0.029993233250454054,1.4025789952857255,0.32778007507700796,-0.5013076198131668,-0.4835586409032082,0.42682630829904666,-0.6267168647840458,1.2865097835241177
-0.11212698350158895,-0.1950532387831711,-0.8334295480499785,-0.8723195263381386,0.0016861887137520348,-1.2908654714786674,-0.3800805426280534,0.6725564935525867,0.0034018639347958013,0.6414104412698409,-0.3059647899626008,-0.3866940730956584,0.6998606872558808,-0.08354855463583949,-0.2516102676304912,0.19333669603718878,-0.2385313560392979,0.4972252682785494
-0.14502695834930573,-0.10967800411684747,-0.27662904571260016,0.6171586013221027,-0.00583375014361856,-1.221467114501741,-0.39959101098511274,0.713835873893683,-1.539750069347518,0.8389756619185333,-0.3806199849319084,-0.5412826811853058,0.876603111258707,-0.27605444460940987,0.533893292270925,-0.22381568298885257,-0.2638252681673232,0.26460939211609846
-0.1429564020557207,-0.1306221077397275,0.6104787480465791,0.7054678604489637,-0.00716268405048362,-1.0627658454400561,-0.4188089879108924,0.7120151554107952,-1.5288610816488268,0.7741143314951271,-0.4421576986358604,-0.67142249315775,0.7436857488313174,-0.4398379740053403,1.1200845324992799,-0.5410478675581043,-0.0984002283882725,1.029902867951919
-0.36635088616722494,0.012131219105543989,0.6933993381304443,0.6938175243397736,-0.012068907241434973,-0.420785018873796,-0.4206329313892305,0.3004729351808901,-1.5311582369674541,0.7854338414416426,-0.5759232579686242,-0.640885221988905,0.2151735473734498,-0.19427334184069217,1.2717908086229825,-0.6116662457090217,-0.02768564659260392,1.0883365184765936
-0.3060194463710645,0.5209231278714213,0.6411960432912905,0.5328070632269978,-0.007970327932710658,-0.029350024044837997,-0.38197760104104994,0.006693478167468625,-1.5820053138048031,0.5884040697385249,-0.4763872377607001,0.1573761218067824,0.2553320712694841,-0.47427161891643277,1.2897269100906512,-0.611160779695642,-0.08664686493319151,0.027156232242944278
-0.8647408820358191,0.5133429786064923,-0.4643363185278745,0.3011546371754527,0.0047455074288475785,0.2381349664248562,0.41805216236460446,0.008159157464912803,-1.565314870110202,0.27851452952742484,-0.5626888246699984,0.8687245521616878,-0.695618249157741,-0.19955557806371035,1.29081327288517,-0.49067814287827494,-0.0048215640354443146,0.06143119792288432
-0.8503834585279175,0.3079401739015615,-1.3166434062251917,-0.8536566768130682,0.40859632441925287,0.1323596384852863,0.48376413858039496,0.0010082116664442142,-0.31954104415292983,0.2579344216833377,-0.41195449177267357,1.3265753920622334,-0.677585290171981,-0.34572392915640054,1.194572742725637,0.4161055418093615,-0.5673496068367909,-0.39956587645107733
-0.6900474497305327,-0.16297720948097727,-1.3897749688649954,-0.8656036797939896,0.442515640000968,0.2350672365594244,0.5071290982543551,0.024330184067115512,0.43732331805241353,0.13770624503195705,-0.20604135675525598,1.398266632720993,-0.6678245288415265,-0.23371837296506756,0.20579069632520916,0.4434455199335152,-0.49539614315839287,0.5065528919144355
-0.1388837110500616,-0.19379683693570732,-1.378021848350313,-0.9054485536445928,0.33806315053798736,-0.3016575679204875,-0.03788534424190759,0.25821685255997806,0.4172465685632707,0.19228859520997343,-0.08421904027576793,1.2177375450109147,0.19434062229091076,-0.4825766090344297,-0.4361522379035091,0.33115178749053603,-0.583371307053681,1.2431833149726867
-0.14984986474869938,-0.19350326755225744,-0.6761507670335961,-0.8407436544494294,0.2923452490233007,-0.9537206951681637,-0.43808331436151926,0.5722990593344215,-1.1698110027417423,0.8528953316933989,0.07534065179242277,-0.22364135783571926,0.5895569229633284,-0.15807107063743056,-0.4759135084896421,-0.5327006584162182,-0.31764043376007967,1.337395721319206
-0.3089313924939236,0.28544977335966726,0.6672464262192669,0.5929173300095081,-0.027728676362342858,-1.2002612451887988,-0.4110874549892169,0.6252336379424381,-1.57093288765157,0.827319540147934,-0.5417687574316055,-0.5150093866635684,0.8707522323980259,-0.42915198577220914,0.9233924405534529,-0.447725923565644,-0.20593163644196347,-0.4251659160601161
-0.17831582767954468,0.3403902506589112,0.7095685145600615,0.7121257003157282,-0.0011685600790691253,-1.0757441702664756,-0.41376291648420094,0.477327702213554,-1.5567089790266277,0.6567544117607123,-0.5933449546344147,-0.6089597019188115,0.5483414839958286,-0.4724413794628072,1.1727893651742005,-0.5754752404472017,-0.19345483872996003,0.6825270382134212
-0.784862411780127,0.6073847820786638,0.39601470156977703,0.7043412816821002,0.03578060558087112,0.5042468287580942,0.2905516644479376,0.30703677322555434,-1.5451272471776512,0.7209853693562298,-0.2405134599304742,0.6392509741018589,-0.659951792862699,-0.107710017025854,1.2887909860400222,-0.5449215646185696,-0.01733778630184113,1.2642175297018028
-0.8429338667108814,0.58459515984728,0.19757486783088685,0.057159825817567705,0.34601085883792815,0.4162505161222553,0.43243891231191517,0.003932496120491902,-0.8848444284272636,0.24048822255345761,-0.4536978422450477,1.1898023753425409,-0.702150730687487,-0.4452584926536727,1.2120622683349513,-0.4134081121542728,-0.4416171578914787,-0.15417470599868777
-0.7939241725562077,0.015208614937964438,-1.3423403390811106,-0.8764994933208083,0.49597643855534673,0.47515439491489886,0.49955480936667324,0.000549862463137818,0.42706353407547726,0.2057119407012582,-0.11072988291322056,1.3929453461493289,-0.6897692586613489,-0.28154191972663134,0.06535719140198476,0.27088828422955036,-0.6267577018698084,-0.13982918037961956
-0.4128510185389786,-0.19436827693898884,-1.4105152560819345,-0.885651620315101,0.49550588878131985,0.33041668551013226,0.3911995220602351,0.04928986600840418,0.4581957656035781,0.20492083072034417,0.10062517561987128,1.3914741684427407,-0.3751894117060423,-0.3722637137738335,-0.472098870148573,0.42284035588593294,-0.35999640129738425,1.0112566068929256
-0.14041008521459108,-0.196940069927512,-1.395032603373903,-0.9027649943118096,0.3561298213832783,-0.8899229530434274,-0.27206528572211386,0.3927744730770686,0.40074312404287804,0.17540455692287477,-0.3422242393142312,1.3486758539982704,0.5921355086094928,-0.5048640100754725,-0.4206219576229787,0.34286912923827645,-0.698451202356303,0.7245280135210748
-0.2394155547371227,-0.19484181875128626,-0.9898768739965974,-0.6951065606902193,0.19092308384649487,-1.1082456408536696,-0.4377332056995463,0.5792887698448959,-1.308809895486386,0.8571005807800519,-0.11133012902103591,-0.03511549458887314,0.5849642273345613,-0.10641518375136733,-0.44363963030854203,-0.5530110174693519,-0.2859123321474905,1.0798380629001976
-0.17014708731347655,0.0362862957600516,0.3891414431590211,0.6401283255939697,-0.012263112332810161,-1.252751235427227,-0.41469353934562675,0.6885565234711546,-1.4931023702230357,0.8497491033683615,-0.5723271644703412,-0.6710927185480596,0.8953158329688407,-0.44792672529830213,1.1186109847304486,-0.17770438032421396,-0.38359999157722563,-0.37198859376792914
-0.2949857793419978,-0.03260899279226831,0.6549703108596753,0.7025948836521341,-0.0221533626904499,-1.1441795231291316,-0.40893748925997664,0.6384328363518255,-1.4583380818516876,0.7705922968185439,-0.6127586666645777,-0.700394272892873,0.7612546543980026,-0.40911812252383706,1.2500047612061165,-0.5282247693863362,-0.07982268472479315,0.2797556499180961
-0.17488021658668762,0.5456422458296105,0.5135289587080226,0.7040528945614815,-0.01418362065684911,0.329284935003314,-0.3768420295816427,0.4749164939403723,-1.3636643781332043,0.7862507550686813,-0.23099392340317035,-0.32609646841925644,0.1738975052276686,-0.15647789281862856,1.2877484308333655,-0.5962625104395377,-0.03129823576326257,1.4568048236849571
-0.8405707138379557,0.5565022599094135,-0.009089019414787847,0.6789930899590848,0.07435948847573282,0.10833983998385421,0.2256373921356374,0.020143854512682913,-1.575068417977314,0.5302389485038775,-0.562623676052878,0.24287125670541304,-0.5507615824653769,-0.27360662974737165,1.297425276351657,-0.38215821227510927,-0.1166831846153113,0.36511012148120053
-0.8378131471105479,0.4367049697012484,-0.9995312229908009,-0.22815905387402055,0.2975268007370117,0.33888538967809434,0.37053144811005356,0.007263819288760798,-1.1688239466935064,0.30877630279954926,-0.509940928837142,1.089825361173799,-0.6840626702001715,-0.4379282369761574,1.2676684819129371,0.2502262635747826,-0.6369186486600447,-0.13519336894073486
-0.6883008828998407,-0.056123437205442106,-1.3012810067536082,-0.8103205079100441,0.36695320290181815,0.3499601549404002,0.4804716212649518,0.009308016311845524,0.3334374186395598,0.18776166222086638,-0.47177530656302874,1.3575716825779525,-0.6905683756926941,-0.39470714616630553,1.0151878082341814,0.39854350564470103,-0.6618249989291507,0.14364978051074984
-0.25072104501309034,-0.1531825831056669,-1.3962301548351026,-0.9015972588873696,0.16360677947752955,0.06895376722112656,0.3889275079506874,0.034305204980384085,0.42478277034565903,0.12194548044840342,-0.38810040823911623,1.41399710153921,-0.6458379644897674,-0.31395504501030624,0.34594223417229963,0.36368729956060464,-0.6589614188719931,1.1749599261629107
-0.10090011516543773,-0.19335484287804933,-1.2746778082480696,-0.8982336463126301,0.20690410344928534,-0.9191884922431374,-0.43650422826730373,0.5234168954166423,-0.5546362517213409,0.5985870431868492,-0.04025745700793623,0.3536630081107213,0.5996037472737383,-0.48456071203171486,-0.3649846319396829,-0.15912355235654996,-0.5811462141433823,1.3539841933695653
-0.09994216644730664,-0.03228607898942376,0.2931428122867038,-0.4730608006012022,0.0024861267167973766,-1.257860322605159,-0.4379957475802183,0.6196683791878197,-1.5122882644866564,0.8294935671993995,-0.4026650425969517,-0.5774560061385949,0.8176007816981578,-0.4389442952522504,-0.07513085505786898,-0.4991249620069974,-0.5644899543058793,0.603618570460596
-0.19877346135849716,0.4391682734668728,0.6739216128656308,0.6789329043998289,-0.028090920427871896,-1.2147934316951299,-0.42496363640711843,0.589302308076963,-1.5858747724230553,0.8191962356244551,-0.5077846648454405,-0.5888645387078438,0.8661969651178549,-0.49997726328245284,1.0818814825570249,-0.4054951556498766,-0.2897782639870091,-0.4184277452250481
-0.08972601854599987,0.5252243136858945,0.7120689926961107,0.7117203314483975,-0.006827994854028213,-1.1129823635347749,-0.44348697391467395,0.6657515605195927,-1.569065167403064,0.6121691812423041,-0.34820530550640105,-0.10555665789724722,0.8136158972724007,-0.5186115187034654,1.2754672133192682,-0.45387150796507236,-0.5086095817214209,1.0524511866316284
-0.807603365390746,0.62821225916098,0.03328310436355009,0.7091114835540152,0.002636755484800357,0.3972113788228965,0.15550299238401294,0.5758691117880764,-1.5714339668570498,0.7480569107028183,-0.4710631785967958,0.20227039388481147,-0.4858876504565668,-0.08865147250990155,1.299835075093415,0.03494555023174435,-0.03414040965397985,1.0740727359305584
-0.599654168342735,0.6309185056752282,0.5670116988208257,0.6574701432500266,-0.01406994623692151,0.20763878272334102,0.3733443923040181,0.04823152400904779,-1.4204357557949567,0.16842651043682338,-0.49464232094488086,1.24260079109365,-0.5875014043900156,-0.4655500201786804,1.2867828658277656,-0.18157278471277283,-0.38626224302873174,0.2468603403254807
-0.7917661679853683,-0.004894115076263222,-1.304968233612564,-0.9000908283808733,0.5146577760513592,0.08726779086467973,0.5747313823495132,-0.0037162119516817027,0.3903740014154936,0.109546292850279,-0.3837900209962064,1.3307456371657085,-0.6766210138947605,-0.5020321587522196,1.1279696803662442,0.4288846505882794,-0.7491149128504637,-0.3290595138096214
-0.6582767337281066,-0.18564216800573435,-1.3960772993226076,-0.9001615694123078,0.45537307724348774,0.3577475530404185,0.4666621845598334,0.0028945267280373055,0.4369166593098138,0.2155190961537921,-0.17431216340497285,1.3996870957759535,-0.676333740424876,-0.23573613414177813,0.4300001888101177,0.40169587807888746,-0.4804790195042114,0.2941463905377567
-0.20265462782830002,-0.19269844927834595,-1.4133984228391938,-0.9050381975587558,0.2962490135447147,-0.18252691925845685,0.4563113029433161,0.045741173785209976,0.4507165967275716,0.11562002400901583,-0.11873094432358029,1.4178712093019312,-0.41899665486972815,-0.38506838691395695,-0.30652111748174193,0.39989598931897397,-0.5174876744125652,1.2560413192552233
-0.12267466633631613,-0.19764676466933484,-1.261713940112835,-0.899645900702672,0.40287490389087677,-0.965858611741867,-0.4394459713752048,0.5778750900762293,-0.2772134802513838,0.7741710156780397,0.07862707653722961,0.36252018870149255,0.5475013555656981,-0.39606532854206444,-0.4560688891363479,-0.022066033993510904,-0.5558612824993464,1.2962388974873114
-0.14770916352539665,-0.11733930121732106,-0.05057635364598112,0.42847372578048704,0.01611330507756953,-1.2249312376528643,-0.431468520335902,0.7104731764514255,-1.4909247445801093,0.8546847027673914,-0.4357639452485764,-0.6362755577164175,0.8699944172830486,-0.3876482136479753,0.5157059510176444,-0.31836948844435486,-0.5166198174361403,-0.03655560196596386
-0.15629625831292904,0.07096211042353603,0.6527778724826188,0.7028608524992728,0.00014716374919893083,-1.1879715276949667,-0.42348469907472375,0.6582879744447458,-1.5644960887620667,0.8139947049663127,-0.5199243910580796,-0.6985590364371012,0.8127712174001384,-0.48518978274890656,1.011894120574143,-0.5025576242036975,-0.26368572614564106,0.3406008899244726
-0.0937707633645204,0.3302492750058812,0.7263675488505178,0.7012826157302046,0.010827444550936288,-0.5202484137452358,-0.4431032393551403,0.4690574803389414,-1.5180220054171847,0.7586324698592162,-0.342426332728177,-0.5299342428907531,0.6301103691986084,-0.45427467614413974,1.2562194995941187,-0.6044354417202681,-0.14564474018540857,1.2072578022480371
-0.8357077745254862,0.5800491033658439,0.300575549041754,0.6716278397779751,0.054306910949348225,0.0649456453670001,-0.0759960364660722,0.016976063431382526,-1.5926626705500175,0.6745544212640111,-0.5450401844740085,-0.13379385142843853,-0.48227738845395085,-0.23505445915567308,1.2961066897518303,-0.5640109644789357,-0.029432890476304596,0.27509522040013795
-0.5575809681871109,0.6326016284610406,0.1111772191318639,0.5861760147572589,0.030424121941738158,0.2187069550526476,0.26758081867512373,0.02806666257444651,-1.5395357508586267,0.1528942525101059,-0.3258665282305049,1.368029186055074,-0.6064617923395657,-0.4856668020742464,1.2818043841076756,0.11122133510718288,-0.5884088303079802,0.3430686835243584
-0.8620337581761964,0.36227433966159206,-1.3839948570076248,-0.8018095532211971,0.4578217346714365,-0.20590076016535996,0.39801822657115465,0.01786993165619105,-0.7297869662495232,0.2857069116245843,-0.5183072431401045,1.313381949566507,-0.6279924377645707,-0.3313647092093724,1.228258489335444,0.44346548630058713,-0.6561073016266096,-0.36982950842395534
-0.7234701114316976,-0.1263829408048111,-1.3524874093781802,-0.8586049659632969,0.4972897913438665,0.28321488138160467,0.5139162685823596,0.03870274816849112,0.42509476305850513,0.1615726614641136,-0.04739985613934328,1.4107441835718708,-0.6735017750268317,-0.12396497639955163,-0.17233978354958057,0.44067215985458663,-0.3909523478048091,1.2770852952675629
-0.16409126500299753,-0.1849152176024011,-1.3860813379875307,-0.9043281725861645,0.4060846820139933,-0.1317053633434439,0.48456238125886975,0.10522326019718375,0.4389894892894529,0.13612817042122127,0.05533534424906966,1.4208228149640654,-0.27698328376114134,-0.4171915467384267,-0.4855029022933578,0.38930418020645613,-0.5098734527769904,1.4488418880680562
-0.10926228972348323,-0.19169432931639518,-1.2117206138428187,-0.9027241281718159,0.31988675982834874,-1.118892192393329,-0.42003035910805997,0.5680335935713301,0.06712824798096184,0.4741258750359582,-0.1849798050357019,0.8213460060550493,0.6537418441047096,-0.4851072705656695,-0.4129469118191934,0.12891239203430294,-0.6845494820446538,1.0483189100669588
-0.15511166601710408,-0.1284901805873191,0.04800891852050765,0.2301680699637747,0.027601060401551747,-1.198855697257843,-0.4354906974435604,0.6830661633310872,-1.520626057936032,0.8568874678146312,-0.3263738712084873,-0.5328169568386225,0.8142267104904342,-0.32023515024734917,-0.061087253925118434,-0.5279780104434448,-0.4403969834363948,0.4569187504421825
-0.28349929092732934,0.21265592955876225,0.6589584619015026,0.6845189764837026,-0.028230540797043985,-1.1859344203723334,-0.42375237516407127,0.6815834417852539,-1.5652273255197815,0.8078810107599675,-0.537122674537642,-0.6533193678254431,0.8543485928563261,-0.46878921613067265,1.1729377334102056,-0.3704530721961349,-0.15887209735022068,-0.3891917810945035
-0.1869636588471249,0.06612532636035756,0.6412655818761115,0.7015621420645451,-0.012494712108213873,-0.6102114500574136,-0.4285814153499562,0.46994931015466035,-1.3697390272759389,0.6290420177660581,-0.5800696594821605,-0.6219149019885895,0.5027788851767039,-0.3089072072363946,1.2943471394597554,-0.5549829972978371,-0.03131422148412344,1.1054622294545629
-0.8058120380836536,0.5805625555915501,-0.21898144569370495,0.647502097624178,-0.00390833038010116,0.43407372042319525,0.15741423325615972,0.17780931973307162,-1.5617074927377466,0.6919926207978228,-0.3837161091139084,0.34967615005195535,-0.4853857329125214,-0.09830060506114843,1.299968404903736,-0.3686773332325846,-0.00705205442333251,0.9196375095145357
-0.8560310336212806,0.6151152839361398,-0.07829061701931911,0.35030464394733907,0.020785642133359955,-0.006009597321089466,0.4554070800561297,0.007760272387050404,-1.5125823308177329,0.24849920669312864,-0.5807069241258762,0.9299760135965733,-0.6016423961569476,-0.4248541375086474,1.293726205042746,0.21739014675602075,-0.24819981170947505,-0.35243238465899485
-0.6837766047985119,0.06924026652458895,-1.1848009015739973,-0.8826302858726072,0.4104721555800367,0.3296994179894662,0.5567479607616979,-0.0014131656841960272,0.380933367137003,0.12669484179864404,-0.3987997415924126,1.398404804271856,-0.6948812060499405,-0.4394874665865648,0.8984446186235808,0.3637131607598596,-0.6655332957130673,-0.1871620724730252
-0.32367177191958074,-0.18978225996834275,-1.3813204353789397,-0.893321526601472,0.37314063435670314,0.24064927132770786,0.48987758663663145,0.012498132279175844,0.45535038223974944,0.11010547276643218,-0.09597317030164215,1.4227840618042382,-0.63797728499063,-0.3168422431756812,0.03640707773229124,0.4292865450340545,-0.45474625799617124,0.9208513772663547
-0.11134423408832722,-0.19083004602877857,-1.3685035362341362,-0.9047889334726332,0.13714588273971856,-0.6541556097091996,0.2124521817121686,0.1767388046991515,0.442690980166197,0.10011322040108389,-0.10449609667227867,1.42032815304953,-0.007726988073835386,-0.5071610225755262,-0.3712190401525832,0.38601049026310563,-0.5680403346763196,1.182535357253349
-0.1039662310873446,-0.18250664668728583,-0.6483144068427237,-0.8893546058462571,0.12911274079685092,-1.09584024735358,-0.4422456046577883,0.5616430030732955,-1.006797081773391,0.8223170562076857,0.08061340829818725,0.37782874024219043,0.5542052908889483,-0.33856398187679826,-0.3903061805426217,-0.4024738956927955,-0.42079853559683966,1.095035889745641
-0.277506999615612,0.17883512868266604,0.5632650892447855,0.351977734707222,-0.03373265708471054,-1.22502255794796,-0.409553721071636,0.5809714966454091,-1.5547267632233288,0.8071853370081317,-0.5361699323475325,-0.33565313995943247,0.8640359016579057,-0.41471015202595474,0.9435570623489284,-0.40287626552826283,-0.22568920651445643,-0.44234528339995605
-0.14313944958147823,0.23603450189266043,0.7048321930326166,0.7052339453751374,-0.025329285753161873,-1.1219900535971785,-0.411729516307485,0.562928119519377,-1.4958093152619005,0.42634174345187886,-0.6090200824745068,-0.5511873690848643,0.7126686390937065,-0.503742271170603,1.2507692145117186,-0.4932247103813838,-0.1473230111959118,0.16179606741519453
-0.5897020886213983,0.601653982221016,0.39097441556784507,0.7058892077833533,-0.006642240825755513,0.4935854567409491,0.1767061649717206,0.47987441014222304,-1.440051944612756,0.6376764580523011,-0.1451797931193765,0.6970225306911384,-0.6317817070178461,-0.0709714420355487,1.2918018314256932,-0.4087765805391687,-0.014053800160432228,1.4319839677656938
-0.8301366788309255,0.5923176996523949,0.4516083743695207,0.39005655217141627,0.19083801856152893,0.3144951882136201,0.522065525456419,0.00727895519400118,-0.8643271319669712,0.17149854163500783,-0.4516951356971583,1.206003895299982,-0.7004760905004953,-0.37435287076796175,1.2663713632106448,-0.12115678832327582,-0.22366634675384267,-0.1316963738779401
-0.8276317223467609,-0.10412885422738138,-1.4195551427345436,-0.861447535253117,0.5129105737969147,0.5150779824217295,0.574702446963582,0.04212201576948499,0.4174684996252417,0.334629017771068,0.1743576112849271,1.4080584417084472,-0.6849117562557744,0.019409104349894485,-0.2925339104453062,0.34617273897987066,-0.07818949987815499,1.1390446658552316
-0.28661240302060753,-0.19531385828955317,-1.381650339362741,-0.891401302217741,0.5244267307898808,-0.03219514706921217,0.5155842525490141,0.048941280828078415,0.45795038290518286,0.19403737444714725,0.16571898477604569,1.399496786458239,-0.46820355466826435,-0.4181260751191783,-0.5101282153767681,0.43971684842181324,-0.4424605941528096,1.200099773450916
-0.22864127490168035,-0.19851174901816576,-1.3258099501327583,-0.9027955954972076,0.5094551390198874,-1.1260227491106654,-0.42854557096716517,0.4990399802790965,0.2217511488800954,0.6872446101799604,-0.0843001505544618,0.6233979556567181,0.598119154005556,-0.41305052581820967,-0.48134161734286296,0.2654988863671613,-0.6917876143321859,0.8297204975284422
-0.26296361752079256,-0.19692184233594273,-0.5104501033224957,0.34159541100816726,0.016869294165282295,-1.2681274263315463,-0.40830918255013576,0.6970476974070925,-1.2733351207581378,0.6813216021238574,-0.553963316646356,-0.6439071424805276,0.7200523371413301,-0.2941245365263376,0.3065972889156827,-0.41534117341329096,-0.27801862452873094,0.4990822603242672
-0.1473228773536739,-0.12448980010954225,0.6019584925119851,0.6920214478031326,0.029424102055941842,-1.0430286200614833,-0.41842411241609745,0.5860628798356551,-1.524343265092683,0.8246522628934728,-0.3849203820525158,-0.6900687956963277,0.7709356686519527,-0.47893711382894993,0.8525665773645901,-0.5739423939237129,-0.19355401450966925,0.6503324690424115
-0.48232205688393626,0.06133009269307124,0.6803097830460868,0.6914649129535031,-0.005142338017047637,-0.4625871121182555,-0.41349381422577675,0.2525518667938965,-1.5450901051880266,0.7948571094368498,-0.5879264775476969,-0.6586002896743833,0.22068862422300398,-0.19890670493062168,1.2796272995546722,-0.6093237788470918,-0.02791059508414445,0.8371699528127492
-0.5038589180916657,0.5703148684065575,0.598024937345124,0.6155011016725016,-0.009149666167463072,0.21722654191556934,-0.11251247766484052,0.00615317917676006,-1.5535446656857754,0.33911520754817603,-0.4350376458306563,0.535824474175429,-0.16874045120163444,-0.4589267916180777,1.2887766014589332,-0.5983385372253196,-0.06884012700547909,0.30169352004601846
-0.8672834261416853,0.5216148749866412,-0.7891483151983196,-0.008073869850508272,0.11318249531666819,0.2873153042977189,0.5160294074567783,-0.00022167824830082727,-1.5123453587847568,0.2444786819034615,-0.5466165706899575,1.2163837743103263,-0.6758437341017294,-0.3521178612373549,1.2857999739403985,0.07732579651305854,-0.10675161913863601,-0.3702184863516593
-0.8051260523433592,-0.06723926351472964,-1.2755794164296828,-0.8383923988118791,0.3786633109461862,0.35926659749564893,0.5730399141320646,0.001087703878943913,0.36993528635473716,0.11929091870909042,-0.48389703052520305,1.40124896473456,-0.6899878731424761,-0.3974125025189924,1.076519466494944,0.41898922398952354,-0.5694389359597202,-0.3319995632032037
-0.4371283632755795,-0.19599488918335584,-1.3878216785326676,-0.8745834330224322,0.33595599904577017,0.2313412486480212,0.5176347667546488,0.02411228674842597,0.4555633501108364,0.10188396068365063,-0.1680386639240886,1.4154376175814214,-0.6721519334975148,-0.27655733155500245,-0.16526006324950215,0.436168920071081,-0.3240308175462066,1.2172902526917841
-0.11469752037157205,-0.19674307172631939,-1.3241325500927665,-0.9039792609691094,0.13695420958007454,-0.5669090524973386,0.010901602150430387,0.2565302097172137,0.4299143813022426,0.10579596111326306,-0.07922399164348184,1.3731562173986287,-0.23228984092063787,-0.4880419064620065,-0.4627932993861176,0.3008403702490424,-0.489632796976238,1.4703983007537773
-0.09397223208530003,-0.1987840111482838,-0.4149856581557144,-0.9056519643722153,0.49192009762613653,-1.2541759083125852,-0.3805780220946044,0.071854560819267,0.37605162047425733,0.4925796622988743,-0.12195669597598251,-0.054853779313834394,0.7262138277177215,-0.47038690739299527,-0.293363475775156,0.2067487703449309,-0.716116204819313,0.4123304211630834
-0.3777541648096883,-0.1736655887528017,0.3813625659692018,0.600919636830306,-0.035209797911835844,-1.1380527813262011,-0.38377105619379587,0.7246910281738941,-1.5571920090669011,0.6215163075218035,-0.45357943801354794,-0.11337036906653253,0.6590024396565485,-0.16526671053324224,0.7087754714721703,-0.5539945670498412,-0.005799265422813948,-0.03823730530775549
-0.13410624049325737,-0.16995049011340663,0.629151442903861,0.7066065441151143,0.027725014972387607,-0.598821831379112,-0.4021463573512041,0.5300106377839516,-1.540621463398311,0.625430089520846,-0.23737985557628333,-0.4066817911071958,0.13169689087432918,-0.44518139998986006,0.5345825125828201,-0.6068397726274747,-0.04722977513641746,1.5140584946863627
-0.09613487106550661,0.1462848658961733,0.6800779446386468,0.6948479902062964,0.017703392076699798,-0.96294061228868,-0.44044216632150657,0.509581621499319,-1.578980114097817,0.6563136538125587,-0.32735614560224535,-0.08203333948519126,0.7850034499879956,-0.5114557207434225,1.1829303313808106,-0.5497454705957788,-0.2565500655443463,0.7661686501376523
-0.3429366506872149,0.5432451172350272,0.6114598566195826,0.6898348187958885,0.03216075613330485,0.1466428191750383,-0.33805628399457216,0.03421861565905393,-1.5832261495166589,0.46314322872031694,-0.43797782144934566,0.7170644241117805,-0.10340930504184664,-0.4490646211454558,1.29124617249408,-0.5894527432548314,-0.1596807773010734,0.6446294239710767
-0.8634985342865746,0.5025470865898889,-0.22957252794073807,-0.11497077378939284,0.17677221901733906,0.4270235865910387,0.50878326422729,-0.001798936039915322,-1.4725541323366764,0.295246761797138,-0.4510757731523055,1.2906940644781366,-0.6974117594557333,-0.3516142015868443,1.2788117373965644,-0.4927550253655028,-0.07375833155306455,-0.21748608202855346
-0.7956407903896829,0.021868370980239527,-1.193503445231405,-0.8951517873736999,0.4317750331736374,0.4783690218659973,0.5617826862210691,-0.0028436350533647126,0.3718696166176939,0.14896050063150407,-0.03760783370568563,1.4118887563344953,-0.7049993524269509,-0.26947641611100687,0.4275379394722582,0.026294353151188915,-0.43839992821225704,-0.27371002973744396
-0.3829336994897039,-0.19012938542097801,-1.3881215677226488,-0.8939394090806889,0.4428053133142042,0.33019824692836763,0.5349424377413428,0.012900095067663764,0.456325651078055,0.1242807569996584,0.11541453765371146,1.4231873209091437,-0.6070350803698087,-0.28746708454736947,-0.44214472361627555,0.42420107964820386,-0.28982003127635636,0.8344381748237968
-0.10126334573277118,-0.19659777678967472,-1.3579021687452548,-0.9050065311422205,0.29736034104469,-0.8243186110593045,-0.10053680915836544,0.3477866495311211,0.4256025953530075,0.12237037893535585,-0.09690519362908175,1.38623367600358,0.5005399630045391,-0.5148074564034628,-0.436247644727323,0.40226710633301976,-0.6441578604430946,0.7604607704684944
-0.14841079913048866,-0.1907985984257411,-0.775730829085358,-0.8638994552331399,0.14704626929228187,-1.1422624507767223,-0.4368711657243801,0.5949036265754777,-1.1440684729543258,0.8364405701292377,-0.023539750990713842,0.025740405500728647,0.690512121955955,-0.14154482197654428,-0.43758966075846906,-0.3984983067749715,-0.40071176532736374,0.9890906358353342
-0.1625840106881687,0.29704812382805923,0.690952808998805,0.2618419673269117,-0.03291173537989375,-1.2705711160181425,-0.3701128567960853,0.5627293200841585,-1.5314624943237831,0.742006677629767,-0.5989108548793203,-0.44919755249259874,0.8762290698707317,-0.44677443385267734,0.9696849103115462,-0.32971648577555834,-0.3192088316496509,-0.4310269220228625
-0.15301949800546533,0.16541053565942357,0.6555819916578768,0.7051957907325839,-0.023419243876011325,-1.2239685604608916,-0.41560410076204246,0.6560580582566011,-1.5265219343948222,0.565701099653925,-0.60736042020147,-0.6227097118413286,0.8089805439785457,-0.49116470129836076,1.2339497161510848,-0.33849279749993594,-0.22065649505400836,0.05588568400093197
-0.5214175598699222,0.5647110858181841,0.3380085250296646,0.7092246885721492,-0.0039539898312520305,0.42173392933079945,-0.0047086424013397105,0.5514683788451674,-1.3167805664598036,0.6685361749309888,-0.29466720727405454,0.2984058621374688,-0.5995537684143328,-0.028316216797601046,1.2914891847352052,-0.3523582192644709,-0.017548287927833417,1.521395971476331
-0.8240653230980953,0.5740639685148414,0.39549830480454407,0.64943147331177,0.027660573499231372,0.26917645651856426,0.5068234543749248,0.03691675728609439,-1.2866546679795123,0.15862173041019623,-0.5641471571850547,1.1276301583575705,-0.6949686518423914,-0.30813918512195976,1.2823444597431086,-0.08813294803823077,-0.17110877621345846,0.5137026635254335
-0.8253050625365403,-0.08403088141425008,-1.411385491041559,-0.8609357885308502,0.4934332105134416,0.5147753068613148,0.5442064834435815,0.03239040961150996,0.32916940498553504,0.2900355081947201,0.06257935969968614,1.3781323985284146,-0.6909209187795353,-0.08049926203167918,0.46348697255294413,0.24146628940949322,-0.25860692941377417,0.5710436974601244
-0.4417929021257324,-0.19002390074614012,-1.395371240110217,-0.9008248694736504,0.5087569694300341,0.3156479162345265,0.483132567528001,0.0015706058632853348,0.45589136606218095,0.1855125763684446,0.09029155836033703,1.4182855298933523,-0.5885159402090765,-0.2850056870147738,-0.37454171492299804,0.40620485423134567,-0.5330580421470152,0.7506570655674596
-0.1410284411820102,-0.199705806493366,-1.3782807259470138,-0.9055826759286951,0.34176228586113333,-0.9783569601485396,-0.33239486815031344,0.41462264699592155,0.44065823897866496,0.21123359493307292,0.007346627506768982,1.063170671771965,-0.03648775668920698,-0.4325529374430227,-0.3486799272234774,0.34705968937490755,-0.12693184615837516,0.9762101314880086
-0.21605771233390925,-0.19389713876514014,-1.051989578890372,-0.8357712523398207,0.2820343211723375,-1.187174872543063,-0.43661188818626095,0.5385404094266522,-1.273382822123325,0.8510733334459221,-0.11727052114383149,0.01919223188812852,0.7377822378685355,-0.1867296544798437,-0.40975239058938984,-0.4280207355906647,-0.46664734007728276,0.8759399894171704
-0.28177773593412636,0.21721791620878772,0.5165625228696619,0.6014240721934033,-0.03054325296743035,-1.2389148485440276,-0.4111086890621346,0.6171669583929258,-1.5448113867865467,0.8132012894249596,-0.5451367556562656,-0.45464523757099795,0.883065965407753,-0.43237070610237593,1.1093391414516829,-0.26694379648759275,-0.23545361096178397,-0.44359405234367866
-0.132406204064151,-0.008392485648865716,0.6678037698907245,0.7124247397477198,-0.013645360762013142,-1.1009217095973751,-0.4227561168324775,0.6250060251640874,-1.5083712272866538,0.5943944164613871,-0.5866662449014552,-0.5759579833039131,0.6820905498434447,-0.49575411970695726,1.2516143086506988,-0.5518156659346699,-0.15679491829386533,0.8223226726792991
-0.649267197389241,0.5462043967718038,0.3241196966857284,0.7054307710375476,0.0077674145239162995,0.4467999881582594,-0.18512937823539016,0.28127989532828435,-1.5460823795323253,0.8150295755645427,-0.28559054269579526,-0.23981072832650363,-0.37716289764663696,-0.07784579757748125,1.2962804489529396,-0.5894892848758375,-0.004178207674759904,1.2671480633790353
-0.8472537650302705,0.6281790839428076,0.39743587618234977,0.6749212923564458,0.007397786363171344,0.20287209216496704,0.3789230903418362,0.014809286247040643,-1.5669481353861858,0.26695652216217103,-0.6016908630484634,0.8291931280885764,-0.5499125932489681,-0.45549589710244415,1.2969367999521755,-0.24984009937149315,-0.21416587896064398,-0.24802981254419088
-0.813812402672212,0.08941336555819279,-1.3116156048249996,-0.8965179947268532,0.5142996304973948,-0.008440400820460325,0.5867690733644956,-0.003697079616225951,0.38175171874310976,0.09815212000712487,-0.4248906235246538,1.3663424063920129,-0.6634362123323249,-0.5058571539459991,1.1140695981220865,0.4383074130624164,-0.756250263383897,-0.3640298327878785
-0.7389413535164957,-0.14990176685057366,-1.3759963672638822,-0.8962207468199562,0.4671402934737908,0.3384451888045408,0.5099596635595769,0.0021557613379615814,0.42895980147303336,0.16074622284495865,-0.2978719083116051,1.4074238616925467,-0.6631125757449817,-0.301334500042628,0.4636789440503755,0.4226479498311818,-0.598437940837093,-0.010493466892621539
-0.1954366167486855,-0.1911582929044312,-1.4048764854411533,-0.9039491923992801,0.27149162841998814,-0.22702142535452186,0.5054930921676617,0.10165077313661608,0.4546228903768562,0.10066310821001351,-0.12760078958417292,1.4198488866542385,-0.3281916076078271,-0.4101670366364407,-0.3966527231035566,0.42676672612429256,-0.46688886571542015,1.3790485288439536
-0.10877143823488389,-0.1972615064942267,-1.1921350552562406,-0.9002684314632153,0.3583573539507109,-0.9932069696150684,-0.42893985917786537,0.6046414111226934,0.15563717951411726,0.5815061938768272,0.08149884861173268,0.6045805073406612,0.4813378886358201,-0.4097648405511546,-0.47323497961935757,0.16532331256772875,-0.5807093170424956,1.4158993375481417
-0.10279444746062494,-0.04813374300191281,0.4596645649669001,0.0746143885055858,-0.010269626792521441,-1.2794381750055814,-0.426301699927395,0.7117093136593806,-1.4724562125458482,0.7484664387868445,-0.5433542574433392,-0.6290487845465483,0.8462721556322931,-0.4461575739901888,0.4595021643451565,-0.3352329553026691,-0.6324661890084627,0.7375722956251288
-0.1927008014702672,0.0733196916542678,0.6653899724092426,0.7043632641792057,-0.01952948542510982,-1.1991270972517991,-0.4278588230178315,0.680862453619239,-1.5785812521034526,0.7574682084145345,-0.5717306114528506,-0.6615114659267375,0.7732995618043589,-0.47541418909909006,1.0706549163745902,-0.539498572551266,-0.20934291118252682,0.5516023631677119
-0.7324842705356857,0.459215469417775,0.31080645376294247,0.7030961717414165,-0.0025259633989107577,0.4155530818876363,-0.21904424934366346,0.2730774405074078,-1.5447856022648239,0.8206401452484365,-0.3171748088535974,-0.429615487007026,-0.504460730048523,-0.01826085739349606,1.2925759834261201,-0.6065630958266216,0.00021154936482420394,1.403801608306117
-0.8623034388820836,0.5843691176814989,0.10166844835639488,0.5421276419997716,0.001525161242853429,0.3939465692991353,0.5061419990974975,0.0052093096382814785,-1.542340492904883,0.31372763357308925,-0.5761308722396321,0.8688853318384994,-0.6371730839015841,-0.30539822506705405,1.2953907299203538,-0.514477545345602,-0.019833143547442866,-0.2283049603848457
-0.8637232914966364,0.2660002133154526,-1.2195461303997595,-0.8657553783918569,0.09156680136828901,0.38911029877844805,0.5668588339689529,0.004368520437768364,-0.08490352335604551,0.1458981108678824,-0.38514104106968794,1.318721930697253,-0.6958788918491937,-0.17681966521630021,1.2116531795667074,-0.0901712873157694,-0.05379547358825093,-0.41846783401715526
-0.7276808100248426,-0.14913620800465788,-1.4081921498524705,-0.9002776796062707,0.4909687009911763,0.3806746137625313,0.5735068735803772,-0.0024947283211824156,0.4325820356413387,0.1505096509385514,0.05128496308397945,1.422661673894953,-0.6928370759171057,-0.1885783414695102,-0.2733717958750461,0.41743967544151594,-0.5861336212440628,-0.004372282827348695
-0.4248613174767031,-0.19610267734504044,-1.4263323408676634,-0.8798520178078009,0.41692903876630544,-0.4289548615748139,0.4958558972497022,0.0911500608741152,0.45663795074949276,0.10927193115804623,0.06280149595298823,1.4099003409309505,-0.5271247814035892,-0.3527509288501221,-0.47872498576090083,0.4464670651244116,-0.3129923040618817,1.2431836833229972
-0.20823438684087364,-0.19571892144396275,-1.35163004714263,-0.8827419898832297,0.3970907862971592,-1.181484572007265,-0.41575086940634376,0.641896776692869,0.09171471031942124,0.6182187738819002,-0.016197649564859445,0.6992915261985535,0.19267433448442725,-0.24590332978152152,-0.5061840068317985,0.34138249059286824,-0.6097447606355954,1.3207109870544147
-0.17458498840805792,-0.1518190941577327,-0.6025784753119028,0.30692664051237817,0.1078199570581782,-1.2199161951225064,-0.4293994342396259,0.7207495144221293,-1.432731411937063,0.8567046065967878,-0.2497892305881751,-0.6204959267359085,0.8092700931694959,-0.1989804654367882,-0.2804648655022717,-0.2973758993256095,-0.5095280831152286,0.8596153175807226
-0.14872738285378995,0.4196904894493112,0.6839323228493955,0.7071191139705324,-0.02414158113529799,-1.2414360733021759,-0.4328339029171562,0.7272906371249381,-1.5703214261364296,0.8312604648812347,-0.4791450122741926,-0.6433990256584176,0.8741469787737323,-0.4764652710194635,1.1070976532060763,-0.2900797451005033,-0.30689517556879026,-0.2595169397551321
-0.0926322589889848,0.16758506479954538,0.7051611913976391,0.713859509250436,-0.006902072910160956,-1.1537195516659282,-0.43909690857055483,0.7451462049988437,-1.5478309998471595,0.6964119842549357,-0.41443904019687866,-0.5440714048413194,0.804425421957166,-0.49812053592764016,1.258515692837503,-0.48387125972436784,-0.31307574676861716,1.365958893607941
-0.20281121963023302,0.5882408033506674,0.38628298685701934,0.7094926426227713,-0.016980549951810836,0.244623992620442,-0.3984283662612533,0.6102260778286445,-1.5678489974618055,0.79001915867338,-0.1325137326812199,-0.19977662114395645,0.21836674717602372,-0.1534189466954935,1.2939610987134835,-0.567671465108778,-0.024642479823647756,1.4994494758119754
-0.8631428957667472,0.6148994071579648,-0.08634468911562615,0.6893157607144522,0.045659932219671046,0.07230390346452953,0.1936589496300353,0.03694799375214458,-1.5919919046349147,0.542343193207366,-0.5860156600946698,0.1550273509879902,-0.4007262945991468,-0.27735169761463957,1.3010033864105008,-0.1378151958378651,-0.054361267047573936,-0.21690427271339408
-0.859276564064617,0.5973938084875738,-0.562353153192862,0.2884654828192318,0.14987369185200514,0.05628555543738961,0.4767661487702286,0.020214228433254655,-1.5082889009922957,0.26316673972431126,-0.5407061489340693,1.1547082892256726,-0.6607963758957671,-0.36098731123940525,1.2882491668190026,0.31204384743217467,-0.23799654639813778,-0.16322065291966437
-0.709221584899679,0.09959989767119604,-1.2293070836616697,-0.8569140567916631,0.49283657223280547,0.11547524604860304,0.5500846136021853,0.014685465814337495,0.377517286359043,0.14438333437101541,-0.20210128162572014,1.4051712643537382,-0.6907838913196039,-0.2568294827411312,0.30625212707835825,0.44292937349838435,-0.6412591852976102,0.6918258039046827
-0.31574098169275266,-0.18904569501121454,-1.3900360458215881,-0.8993339816578387,0.46190143034216635,0.10318749008855582,0.4489809523530185,0.042356358168830266,0.45247724981920967,0.15932429755485955,0.058052607439541215,1.4116302668601284,-0.4517366307130909,-0.3828717032672483,-0.38596596012130735,0.4345753504375768,-0.35298659092488616,1.2079095981221581
-0.10454266777405596,-0.18415854721116537,-1.3008789120157043,-0.9055694573786734,0.2394370953772302,-0.9240598524237537,-0.23657883967676163,0.3519863809075686,0.35335995213211313,0.16598028752262828,-0.13208985354457903,1.3680690979684083,0.5143561561137961,-0.5182356072873878,-0.34739980848065377,0.28426118642665626,-0.6924112411896812,0.9329424762027931
-0.12027807119278144,-0.16735421005818724,-0.30322377829973096,-0.8163587221920943,0.16855586767992858,-1.1656058470446728,-0.43900892978485395,0.5485423488238993,-1.3014672617920735,0.8642742505760731,0.02262102374923941,-0.27861170616724495,0.7942958969748258,-0.23934807183193463,-0.3462368368944262,-0.5008187437876146,-0.37218586730445674,0.591236386528405
-0.20852635463100372,0.3504836918578278,0.6656056390527713,0.6291689855556918,-0.029525111563558498,-1.2412421538927219,-0.40425398170519344,0.6404270550292301,-1.5535848158696008,0.8099174028397755,-0.5388539201682296,-0.5537623667090195,0.8804186723532343,-0.4505279421980488,1.0595280614928864,-0.2718625902473626,-0.27745123479412076,-0.4316749116104436
-0.10586109901778518,0.24646729271123594,0.7121966202569031,0.7109880818807149,-0.0023849034698914806,-1.1657986767131352,-0.41443302579430813,0.6841304770077767,-1.4989124824512388,0.6162005701122213,-0.5370188674021381,-0.6405200635597756,0.7580240988762283,-0.4944402927104878,1.2201418804818653,-0.43482752366663335,-0.22575201248240798,0.7822148644874234
-0.6080694639448331,0.610574610603313,0.47653714843962725,0.7113999873936605,0.0053465829410123955,0.4067622502825593,-0.05649865717187105,0.47756542664938895,-1.5185626208893064,0.7980028021266337,-0.2952640732653014,-0.26876426631193395,-0.42800202206506255,-0.05374265429727318,1.2954086561596654,-0.45819806124631524,-0.008869212867810117,1.3229721054343486
-0.3639477236697125,0.6379039046515033,0.6807678320871259,0.7073111945124221,-0.012753578840721841,0.19375886068752768,0.15841313000054524,0.09438902975562846,-1.4584215745886948,0.17177544177257237,-0.4779976755213392,1.1880914674077236,-0.3415574016244055,-0.5005216709446358,1.287206720586445,-0.10030322721915465,-0.5081325021224792,0.10586707621729735
-0.8429000984014224,0.31155284874945555,-1.0858018263125322,-0.8407306295777963,0.5087962609458613,-0.46666867570433407,0.5816808190257841,-0.002869405137855996,-0.027141129880220882,0.11696670419024435,-0.47964754797527764,1.2728019483213515,-0.6690881834879184,-0.4930222246450889,1.2608577096895837,0.440010639251585,-0.7429188152895707,-0.34310164155641787
-0.7694953158193985,-0.026420575227045995,-1.073720483677495,-0.6717173290286541,0.4735039778619575,0.3119607775894736,0.43546321476302624,0.04694467347974063,0.40298318506340514,0.19122095770732345,-0.1479783731512211,1.3598606340420352,-0.6958783108140278,-0.1273509058399606,0.05195160637628682,0.4251129721557575,-0.32056393156047863,1.2442745527670267
-0.1727742385009045,-0.17164380332472562,-1.2284750140648777,-0.9024645507115007,0.422381278539269,0.043282466246936324,0.47309848560235734,0.07465229164983217,0.44535568770281075,0.15518039034897568,0.07307579842622036,1.4096740656102966,-0.4630833759481573,-0.3700245461756366,-0.504962461667273,0.1628075661629966,-0.4231993164026781,1.4907003578494025
-0.1459859550494546,-0.19335769719870716,-1.198260401929602,-0.9012135819995618,0.4394824874030936,-1.064105954424467,-0.43834538085249897,0.5599454044994238,-0.32521205809519593,0.7787787830134452,0.03768132090447063,0.6067490761941836,0.6080702527724028,-0.4098192389773774,-0.47353923530421005,0.03497210866921453,-0.6370319038174662,0.9524136270859016
-0.15183723455856857,-0.08018035277101038,0.2524211463896807,0.3194524997772145,0.038035057917444715,-1.2438587309876348,-0.42898901447203763,0.6960480845575082,-1.4803781998865846,0.8468328255864959,-0.46858272386932376,-0.6215413989292813,0.8713690980657027,-0.3776736982312846,0.2859856962307432,-0.31405539037304725,-0.586110033118597,-0.004854085033254574
-0.26937787296981275,0.3508067308501749,0.7044209774198663,0.684637459237926,-0.02524463963415144,-1.123789161487248,-0.4134231396248716,0.5915301801140207,-1.57413268540565,0.8035983041579622,-0.4695976602042937,-0.6351178534814963,0.8073672514211416,-0.4772064411087501,1.0254617773288155,-0.5056571649967587,-0.1313384387344408,-0.3843321354503776
-0.18443161784992518,0.2362296269459213,0.6787268907943956,0.710962128976643,0.012813833907978578,-0.29291491648900153,-0.4114155689547646,0.3072071440314687,-1.4443817183354786,0.5875810778157836,-0.54229840917894,-0.514947675212481,-0.029695806643239273,-0.31367001216057716,1.2860718643178009,-0.5813083670482784,-0.03280482105043864,1.2649143257055022
-0.4366594058779664,0.6337515691555468,0.27504182162723323,0.7021670480917264,-0.011718552246643282,0.47932755804220195,0.10352799358029958,0.3968953668287241,-1.5689508560234262,0.491322906252417,-0.017259156394773295,1.2056832415651377,-0.4873802813778757,-0.2851872155114952,1.2859417492434047,-0.1705314550304842,-0.08546647103634203,1.2874369212552073
-0.861194813638297,0.4059909521108589,-1.1712264523205071,-0.8610815799378657,0.4894312849464524,-0.6825068289734387,0.568263515431428,-0.003625327616269547,-0.7214991303109856,0.13874167455392988,-0.45836160189676944,1.240095590802539,-0.6593248559188152,-0.46112948754414795,1.2692181480900309,0.42893678499118926,-0.7101209393607306,-0.4109484535656045
-0.8149257787678121,0.15843994034182357,-0.7984842098175711,-0.6300428722801829,0.4908768401369321,0.39898416946801896,0.4765568505350816,0.013411293615368358,0.3470849818122791,0.2809048134903642,-0.13960609356846276,1.3579699607795734,-0.6990814124242186,-0.15450593293205384,-0.03180095515951875,0.34418931810612674,-0.2881010265360444,0.850225331469902
-0.22220489538784205,-0.19053084311771457,-1.2492107731879214,-0.881427639918623,0.4971516105345416,0.23720912247839931,0.37932546017730356,0.08054038846827477,0.45615424540031657,0.20184518980632093,0.1525252881415453,1.3954706641147467,-0.44441258560915475,-0.4158515705607343,-0.5155524556494689,0.30676036639320486,-0.25916896760677427,1.4770368942216208
-0.14744223086124486,-0.19463823558226012,-1.2177555280123846,-0.8990765346597981,0.42589803856578345,-1.0499647669859193,-0.4257375708259994,0.5023309486893873,-0.039625749731523996,0.6393873236289236,-0.050775954124817585,1.0671520306729494,0.49493437782301425,-0.45249119698154805,-0.47285395168164723,-0.015068693882590536,-0.6562836498518545,1.0092834156722297
-0.17464183561039565,-0.12160718662411957,0.24488568659026255,0.3647230800059342,0.022707048065303548,-1.247900852760699,-0.4255134404324561,0.6542174035586166,-1.4745095813507583,0.8352172723642259,-0.5283513721939717,-0.4953854039659362,0.8434106058603904,-0.3770788890384543,0.25169280723835175,-0.48053776381745816,-0.5337309583104985,0.06526768918836245
-0.14584627069074035,0.15609919083970797,0.675335283779748,0.7009156436034131,-0.004747593770970088,-1.2187198229748868,-0.41891167208440483,0.5878137067257556,-1.5580815136746196,0.7974709163199192,-0.5612617644926756,-0.6738597073533762,0.8403156252106334,-0.5039251291431832,1.0558999323225282,-0.5064037169693696,-0.3603670917323381,-0.1275708504022932
-0.09093872004838821,0.38065163283814984,0.7311174546596483,0.7083053456810832,0.011076471468489224,-0.6612950478156173,-0.44157346701832767,0.5553431591027345,-1.5034814997005177,0.6836321230110055,-0.32266721660103853,-0.3744987518685704,0.6725627351948738,-0.49321808946428775,1.2610020458839202,-0.5931540957055557,-0.18005715095321564,1.0830106641230322
-0.8097632563292172,0.5943030549352328,0.46993570503670135,0.6988502572674298,0.03180203475540164,0.09966266836420062,0.04092590778732732,0.05092084592802698,-1.578816996302061,0.4910540108052779,-0.5624518159037948,0.07381841274008227,-0.5286558090654372,-0.25869373603014456,1.2978963168952729,-0.4214775986379832,-0.04019987064389324,0.43376609168666547
-0.5510685342893995,0.6280505643995029,0.2654453675478342,0.5947593567438435,0.04574630581049802,0.28757520752421395,0.31275052489960853,0.037186217741756455,-1.4036947253244043,0.12016870844711242,-0.27582812757948766,1.3893410480957127,-0.653687894838338,-0.47793941417490715,1.253943139636781,0.14753074409500364,-0.5854100836311864,0.5309531263121486
-0.7956219732903429,0.3050433764455013,-1.3350563825540496,-0.9056943799393177,0.2824846832365084,0.10720705422309401,0.5630825917953861,-0.002438387842343348,0.1821736270037222,0.12271332522852452,-0.38933418834347155,1.405149464815985,-0.6967395986081123,-0.3270419396244574,0.8937137260567808,0.29341107521747767,-0.6099616703307259,-0.28276708855944865
-0.652316568887354,-0.18713658013542195,-1.4104793547660504,-0.9012696518930602,0.4921352356112886,0.167137033133421,0.5472259369198322,0.005289444954493905,0.4498698821475694,0.1431735905067658,0.07848042955395756,1.4228343236464762,-0.6207077093735194,-0.1965368210643071,-0.3237169034067726,0.4420409969342709,-0.26709672527032746,0.6851161571967703
-0.13288911417790528,-0.19068900753522,-1.389674315806408,-0.9045640728634738,0.39264735619305846,-0.37637860556649894,0.49809124296765916,0.08907639592019051,0.4491040204606843,0.11541268658893705,0.06595662194753404,1.4256603717335983,-0.08835964690501988,-0.4721492843018281,-0.47084436031905164,0.42344714328904076,-0.5476099173443126,1.1840206070963002
-0.13151376586637048,-0.19833608310820544,-1.0883768886237428,-0.8994904253762268,0.13421009519550384,-1.2190236427633427,-0.41237687029765957,0.6386213576116342,0.3051581830483674,0.4975753314449463,-0.023275688773012032,0.5398234441273135,-0.006919845494262583,-0.2878607533575612,-0.37232883237842074,0.2390616415758252,-0.17094416463097215,0.9604202122145762
-0.2667990453976452,0.07463505775742668,0.25244592153199374,0.07295594467384045,-0.022020635272545747,-1.219555654315438,-0.4253550088943733,0.610700757272658,-1.528369825118289,0.8544000708513853,-0.15922857161305698,-0.07586041548240147,0.8271651531425761,-0.17207981703767955,-0.053234852774951436,-0.4519698224257386,-0.12691971905979094,-0.31174336572121386
-0.09287515793219747,0.39753646684125943,0.6645021425704828,0.7127579634152984,0.052809108204417254,-1.2623448792208096,-0.4345329773696798,0.7453897805300655,-1.5222819767561007,0.7788734740108663,-0.4260528953851599,-0.6151600855767236,0.8925072058166218,-0.5099650988617289,1.1937741805269981,0.013160817587260898,-0.7037593114977616,0.8025311951575739
-0.8283800280843743,0.43321678955415244,0.6727267135737122,0.700139041684742,-0.02614466938656676,0.19686227957043412,-0.39304644786335463,0.4335307316127851,-1.5714593830284618,0.7400737330193501,-0.5564120483538852,-0.530856809678396,0.21841722460605142,-0.08878243858399273,1.2977872883090638,-0.5979447244043118,-0.0010815025217134067,-0.1413788301351595
-0.2348365952629593,0.6109329029595745,0.5871037570531225,0.7043039501726984,-0.027184793716104022,0.23192807417199368,0.15476758037652222,0.2061140941524799,-1.3337142441426564,0.11364394911644854,-0.403033925985128,1.3157019508173,-0.41585722502978806,-0.4491817505090165,1.291422710534718,-0.1674756738585888,-0.23841203733258423,1.295275047508626
-0.8589407440491688,0.37834537930345835,-0.8212733301480293,0.21625414189767245,0.11246136898125292,0.26556004206386563,0.5133597140233928,0.00851954819196643,-1.3594452936787345,0.17446801032639386,-0.5405730224170712,1.3126594598419814,-0.6856227012007118,-0.35618537145737883,1.2880895742507839,0.24610007120247362,-0.13040122991298764,-0.15839814926516294
-0.6710625102483144,-0.1423610522789439,-1.2154077113276631,-0.8680532756333494,0.4342667927170086,0.36944586809811353,0.5616939468118608,0.000772537123693906,0.41077931938144696,0.12293151508460881,-0.14789238048192827,1.4175828990949109,-0.7074285151963139,-0.24021294245208402,0.3528595830646308,0.39190994957256553,-0.4522338642441779,0.6267770230595359
-0.2501632856947833,-0.19633530447865516,-1.3938581451915688,-0.8983865069808292,0.37765051284974693,0.2011169553239084,0.4564592759081709,0.01401307791461831,0.45604484535815015,0.10772734539489798,0.043837289350635356,1.425962589657583,-0.59908356570642,-0.3470532695272225,-0.3365027254870271,0.41002410332573236,-0.33663066339225817,1.251560276338394
-0.1109187999661213,-0.19796975358588098,-1.3560078083206215,-0.9037955570175266,0.30083161521403523,-0.6729098069827819,-0.12357829783943836,0.22424299258831917,0.42364254196004636,0.13740219051588953,0.10437595326748927,1.4098025987898675,-0.011594527605901975,-0.5008767002749311,-0.4577476351338958,0.3242816458149219,-0.42392836059109523,1.3204447311717677
-0.12520158386587388,-0.18687182937545627,-0.6760331659664292,-0.8784733181985831,0.11104507072766606,-1.17434998324826,-0.4312271491428553,0.46433070250186687,-0.9385881507132949,0.7248882406980437,-0.03381942409360486,1.21147894300292,0.1756037936738467,-0.3036771804618317,-0.4060486878812647,-0.4526186976629281,-0.3584955077651663,1.1319231037388326
-0.43753557124386105,0.012117247957060817,0.5668495930593734,0.232725157308805,-0.034001448312164534,-1.1279595457750222,-0.35022797151745916,0.4947888809935893,-1.501216513642326,0.7402424814126884,-0.5357365763655496,-0.053153188964392806,0.830251515104041,-0.40593700010967726,1.1218253392462993,-0.4867396026637954,-0.08726128162680002,-0.45300939323419354
-0.12329141539797489,0.020301136116925966,0.713676401341892,0.7023556908422183,-0.010114831768960914,-0.9152775207984113,-0.3912251031820005,0.36073356610567475,-1.202919740643332,0.5167546977909977,-0.5984968531944296,-0.4950028447188375,0.7015313086163092,-0.5126569064158546,1.2648177194789312,-0.5594622457482106,-0.12165288339590014,-0.18307258593607179
-0.16712950460323361,0.32622187863345686,0.7039420991469086,0.7018127134797907,0.025346387897001527,0.24265281462779986,-0.35928560301535,0.06326993013306592,-1.4077176632386257,0.47365753623884166,-0.47518141247226114,0.21764205977711631,-0.26171893313055633,-0.42926257784046407,1.282241152297106,-0.5973662702268583,-0.04233001388459534,0.8705691963257491
-0.13250583222130002,0.6243653109375129,0.6730689727851425,0.6415648866217805,0.04092051167500502,0.20054418745872737,-0.11765478381155367,0.12407975009608896,-1.5538195164089967,0.19465945657285155,-0.03146864065286087,1.392312706745098,-0.3880116957446241,-0.5107952845575618,1.2162255693062805,-0.2778564461033678,-0.5543896085565794,0.7306127616014845
-0.8518550348771661,-0.010495869594695534,-1.2258155351460471,-0.9038892973576068,0.5060788969704496,-0.04344563306641219,0.5792862494535904,-0.004049959810633663,-0.008528572874622387,0.1631039727883708,-0.03539985393048589,1.3927247632895714,-0.6713410505040621,-0.3195489628762233,1.1154533512332105,0.40247710180638185,-0.4685106354711561,-0.4057256145154976
-0.7807770052593198,-0.1481537959024471,-1.2937867526086375,-0.9045332779996871,0.4945047172476458,0.37669329953679787,0.534594325716077,-0.0016940182627704359,0.3922463260428787,0.37005155520084665,0.17015620150397598,1.4179320151342396,-0.677911831935153,-0.024420971083282256,-0.36404908929840085,0.31324426979023995,-0.048954165870324085,0.2870705038598383
-0.10526179303459882,-0.1920110587578145,-1.2847414969304096,-0.9039182522767019,0.4625797001341331,-0.203512551916998,0.5082944685457831,0.11771855862492503,0.44633912163966205,0.13474054907583477,0.12033979313833293,1.4203084234975574,-0.06749420201054573,-0.47836149312208176,-0.5034164461225008,0.4027749809875064,-0.5386634948836837,1.168727745870793
-0.13984291734661403,-0.19827030854357242,-1.0367370827263336,-0.9016108647941684,0.155892652464782,-1.2550503709712888,-0.4097408661471272,0.6618633095360416,0.34551445887248744,0.3828405629989423,-0.12270775161802934,0.4311364149462362,0.07042335234899116,-0.23248906400912212,-0.36776112852511156,0.35100228624809376,-0.22181779106738672,0.7824459122195752
-0.2410373185537517,0.008733288070827155,0.35822536459230503,-0.33781401977457637,-0.021058179430760132,-1.215875925909128,-0.41452439569314664,0.5664153608860145,-1.49998118948493,0.8423806020710061,-0.03798793407328921,0.18492674310109647,0.765110936373732,-0.07546242842259887,-0.37817600112995864,-0.46730925331619266,-0.08402830739060974,-0.10521769599533792
-0.10299072284829464,0.5207241016002875,0.7119751964654218,0.7088604279427982,-0.013373859774847036,-1.2669609675741456,-0.4139375746571106,0.7033858519845444,-1.5184683232098628,0.6932504786809291,-0.2834915529015044,-0.39641472632190045,0.872845508421967,-0.4616922877003777,1.0707306533735061,0.08118275985635875,-0.3921668082546948,-0.10382944506743896
-0.0899722943201583,0.2273303574576261,0.7090604624250071,0.7137573923200489,0.019707496487860715,-1.2247163407293222,-0.42013719501821756,0.7437246012737158,-1.4535933615043832,0.33205222794171274,-0.3399103492198849,0.22985404600691545,0.7067425161790561,-0.4972520748758722,1.254312016962435,0.017953102226778136,-0.32283261197331165,1.4829275523843481
-0.594537256410399,0.09787442327667537,0.07311302685494625,0.5452271256720638,0.28152897215600636,-0.8632839620687031,0.4513023119126153,-0.0005771538255495146,-1.1241052367524818,0.27049155181577356,-0.5666064548865979,0.305751065177405,-0.4742800204320622,-0.3150155983876738,1.3017349840252064,0.23343366147325034,-0.09477381248778877,0.2723605570004214
-0.7760080117126142,0.2623362827554822,0.3479236275451827,0.3661587694809961,0.003276360392873323,0.24744941857639313,0.33394445908096465,0.05572115578426301,-0.9977674343536462,0.2882290084368606,-0.4391873022712586,0.8370910294607867,-0.6795764976851321,-0.10276200425934079,1.2689311647998953,-0.3655902793421048,-0.018993847266263075,1.3427344679336286
-0.8396316520846324,0.08495061017174485,-0.19100121340519083,-0.5527449558389377,0.13280441581278923,0.48681157225016103,0.5086747486068868,-0.00135115211189063,-0.43358239231732015,0.250277422580755,-0.37373505053141953,1.2437436173057725,-0.7015436941980314,-0.3464352072088617,1.1708399820013904,-0.4661913269160449,-0.08381773686064808,-0.0762359549706364
-0.7010173062989664,-0.1531937500092932,-1.2220400751431884,-0.8614880140363336,0.45300061487144705,0.46803282856074335,0.47595278869954233,-0.0019360549386796544,0.42764288772190096,0.19534073803831103,-0.14914941453637992,1.3988967493300546,-0.6989348947232461,-0.3191073143831271,0.046822495207633985,0.19780938410980992,-0.5016903370034772,0.0949589036066103
-0.3562650140749624,-0.1979898590199884,-1.4053562693328896,-0.8631062453926468,0.3871115796089667,0.20553078774920464,0.3794858249668014,0.05544919181771901,0.45755594111454256,0.11857994441979619,0.047226945359234496,1.3981086669311025,-0.6010726427572965,-0.3831876866536903,-0.4734503669263458,0.4155958606740445,-0.2449967762479144,1.3466217301502135
-0.14723990046636165,-0.1988258244421312,-1.3392877569251112,-0.8929216291486192,0.3448472118055093,-0.9415911151130462,-0.4287554396699429,0.5844793517828408,-0.20159189824215418,0.4821018072701398,0.012745850447996532,1.0537738419462936,0.1520473994055745,-0.37936009178418695,-0.48591188208750247,0.018114045407068124,-0.5374447099919791,1.4543203008418106
-0.1860423429226345,-0.165014217952562,-0.9202282564940151,-0.10102177215588395,0.043266858737819214,-1.2328122445040606,-0.4331407828097862,0.6754066373357448,-1.4134868885823824,0.8467842923748319,-0.36107497415148426,-0.35540882550236275,0.8178088891267038,-0.2428317878735835,-0.07172982791015864,-0.2344580260256499,-0.4995235827871251,0.2230076011093307
-0.12757656729135486,-0.030759843688191124,0.02380560977948648,0.6915212733645844,-0.0023727434231829436,-1.2551395117844009,-0.4149150075568937,0.6984676704049486,-1.5141381197451116,0.8146674861331841,-0.5088977497503996,-0.6743607732864204,0.8835538412686252,-0.4809842356755423,1.1956674965257905,0.08233825788851232,-0.42049270245842124,-0.18321875961755274
-0.17623064621469048,-0.13852349326816704,-0.17701000162392874,0.7133893549621199,0.02753709313634517,-0.41676569312009976,-0.39904301344060533,0.7434827713097143,-1.496546507016299,0.8184216837594207,-0.14838621551258693,-0.6425507196106579,0.29896562123329756,-0.21625218804750398,1.233531037662115,-0.3683813239175826,-0.0016583435841026617,1.572659161380911
-0.0924560117020976,0.27121398991683415,0.6795410420767735,0.6521127085038899,0.01599546440208441,-1.111414771118369,-0.4435489647305352,0.4100095836760634,-1.5816098283549502,0.6250743811355507,-0.38322034616491063,-0.27761449051738496,0.7961653292011475,-0.5057927124728429,1.2760387824693584,-0.4798341870730209,-0.38415304838904923,0.9971137046403957
-0.7836981270469561,0.5094586988733685,0.34820475748902613,0.6305047369822382,0.15585590981668412,0.2750018849373198,-0.07632388104412763,0.016083251734102078,-1.5905029098971415,0.7388232575873461,-0.41044240288522765,0.014277341743568928,-0.526826516685152,-0.2260771988230723,1.294465376357343,-0.588269244769808,-0.041703607900341166,0.8903347204985261
-0.8567094971795371,0.5928039356802496,-0.45573014241161713,0.1992319420023954,0.312387499824782,0.32089932358596074,0.3653724240924984,0.006477050800122619,-1.5459239888988854,0.3950840495798488,-0.46282365622200317,1.150397026340886,-0.6632247639515757,-0.42731690262309785,1.284611774850216,-0.17432715648878455,-0.43177322677966684,-0.027912691676201806
-0.7623863647350922,0.2864401412547643,-1.3065519021089234,-0.8816738051505281,0.4884024399917173,0.3738160019096469,0.4521310746093285,0.004063138046148662,0.2658262280455448,0.22296624267945342,-0.2309087882819699,1.3880362454962496,-0.6790769527013469,-0.37289551965473466,0.6685519055138791,0.3790958204196566,-0.7074222465019362,-0.019752872818431855
-0.561516140663559,-0.1535036441038739,-1.4169755523294376,-0.8908560007146502,0.46334825573251126,0.23672723901191717,0.48192558479218367,0.03681675465875445,0.4523307691791366,0.1633526472769255,-0.05610762481047607,1.4243891417160164,-0.3729452602173853,-0.23711781733204118,-0.054396271480265934,0.44490179702391563,-0.5630787206281203,0.3556760868124366
-0.16493039584881125,-0.17352382416012851,-1.4056562878969823,-0.8981040270510626,0.2555249483151748,-0.566505521408152,0.44679688533652545,0.21467248391039997,0.4541723979473281,0.10383304421714007,-0.1973828877102224,1.4246706597821936,0.09915984610195464,-0.4743220204470801,-0.34565513315311425,0.44210308282807054,-0.6346309909456866,0.8469083369254197
-0.12347222722876133,-0.184394178892841,-1.3121471383612542,-0.8895764644403934,0.2937784959770876,-1.1953267345177199,-0.4318026242115711,0.6680915163465949,0.24229116027619113,0.7046092297318852,-0.09760685575290251,0.8118988173565564,0.6315723505149221,-0.44390967588491914,-0.34749641401955844,0.3990332837982386,-0.652427301406056,0.5931774852283139
-0.23501757011317073,-0.13726859369473365,-0.37246089111928304,0.2309926557032203,-0.0342009882429731,-1.2388810120862388,-0.40565815608533023,0.6930383591816176,-1.4113370733878852,0.8196956107001319,-0.17779123914549672,-0.44284256677168954,0.7452789956755018,-0.16835755560898957,0.6068963762304151,-0.3001090255902559,-0.026986432080865208,-0.37897804090635767
-0.13959901699836225,-0.0868575351920387,0.4708481159566077,0.7002367524317884,0.023318369856380222,-1.1901687179692648,-0.42255059002222184,0.7174032390925381,-1.516363999278691,0.8208260572583758,-0.44629238241195923,-0.700036682849254,0.8058073656793927,-0.4436761623417187,1.1221979761783742,-0.29640676989911646,-0.2581140708058792,0.9457273936445894
-0.6330266200610075,0.40857307323334147,0.5054049113892691,0.7032698044167923,0.0034760188756692567,-0.1321655609641934,-0.3741063837516278,0.46578625291583453,-1.5473930927199007,0.8539246130542013,-0.4781072163360593,-0.6479372754214703,-0.23436101339848037,-0.00014601210132128561,1.288677761950996,-0.6020285437087238,-0.005920697184583823,1.4216858139647652
-0.6202968989345018,0.6178418361876998,0.5484452847959722,0.5882240184578656,-0.012509751274616704,0.05528857864770653,0.0050858589657646475,0.00887164747472291,-1.5465025444529703,0.5084522058088599,-0.48625069332450543,0.20994738896198606,0.047359143285737475,-0.42602217943259957,1.2933821193246509,-0.5695841163036781,-0.0795493426788646,-0.18838278540144437
-0.8658312491040085,0.5949831343888161,-0.9371307900735067,0.024504499534920468,0.0690974738345671,0.025172087951186917,0.4792204906730533,0.006267490861709746,-1.467720578172865,0.2662199538231558,-0.5804957043971952,1.0499240565164958,-0.6346522628348185,-0.37459950124176916,1.289787772125032,0.33514420520346344,-0.25618102736915455,-0.41004225041048525
-0.8164424183438217,0.13032073182999876,-1.3416287814689896,-0.6729882466146183,0.35701751326100406,0.07020337321618558,0.5179978060162491,0.013614353612684038,0.2745638657567786,0.14978605428806635,-0.5867080331574023,1.3260634587038402,-0.6700755559129785,-0.43775086626699444,1.14935911654922,0.4438441183440912,-0.708523331930204,-0.3548571119684314
-0.3881614413425335,-0.18689453875121648,-1.3536851549005466,-0.7441719784258866,0.2671580981252159,0.27803659565070615,0.3671728833200425,0.05493817701393244,0.44862025371979,0.11943526076566102,-0.33305708776353793,1.3651952461471621,-0.6771871842442226,-0.34525054260267496,0.19635148245189726,0.4353094788928985,-0.459725511460493,1.2841859228079917
-0.26274235358412296,-0.13990268097971942,-1.1046614667606351,-0.9038237372230672,-0.02991877190575118,-0.2954101917897874,-0.23404602678207992,0.2390700702387142,0.3333521455427193,0.16621764380539183,0.032976449020115706,1.3556071366979414,-0.47513922618346927,-0.2669533313219625,-0.31312690942457677,0.16198536384403556,-0.06796899709051585,0.34869850362358634
-0.11148981043482992,-0.19004623455339287,-0.5926570819802229,-0.8436150333995532,0.24115669671785583,-0.8280452800588274,-0.43079609746262615,0.5221674482586312,-1.1205647763530684,0.8028442461634961,0.156301604447681,0.7316342130905167,0.04960778871825485,-0.1780727851272169,-0.5093651787344551,-0.5216332694556362,-0.2914138776985626,1.509390513987043
-0.12461347964603214,0.08758751422053773,0.23181450262970915,0.5874430587754513,0.028159965278195198,-1.1806565868018533,-0.4214727231268024,0.6211381697554278,-1.549690432213683,0.8506744249130084,-0.3322269186153627,-0.4465584499962971,0.8723442203326843,-0.40091749202675697,0.22204959105448063,-0.39392185697886883,-0.41479240340811024,-0.06439619372927663
-0.10690586722396012,0.27909368323422157,0.5953298158586319,0.7102978121037602,0.01748606934777977,-1.2276495965563914,-0.42627488794875557,0.6765940135014761,-1.564035896441033,0.7056382549193054,-0.5173930593167765,-0.6323188445836346,0.8545835731612896,-0.5091475135485577,1.1957652462927366,-0.10440047826316133,-0.4457396938544008,0.292260191382016
-0.41179522905525084,0.528303825220908,0.17742640248606556,0.7145711804893304,0.024535780215089315,0.22522060939464328,-0.25177169207879124,0.6583588536610919,-1.486683681890457,0.7725173932080727,-0.3392436274862223,-0.1204189293980929,-0.4357096472176123,-0.043923298028104324,1.2925070573084019,-0.14217964560073681,-0.020586815162861705,1.5451170561523986
-0.20871061315820394,0.618181951028193,0.6074264893258576,0.706204225682404,-0.015854052031446658,-0.29744946497264146,-0.10901918743606356,0.16676913532749293,-1.5073913540694692,0.1655662647601706,-0.4592165961232978,1.252894765694095,-0.3344824269282031,-0.46311054206175684,1.2755063895079157,-0.1977955371902801,-0.4188949055419793,1.2349919407716659
-0.8679665241093086,0.4960022294730425,-1.0144419127527986,-0.17115219275117155,0.3238424839922446,0.1162071160985565,0.3966311662199366,0.0036750938594448668,-1.521668059572225,0.462303141590912,-0.5138842980154634,1.230038241451652,-0.6849628873503637,-0.2765985622426237,1.2638944909108543,0.04530842751482783,-0.19710609451135055,-0.2571358005657506
-0.7225389910532194,-0.05916053453699588,-1.3226849831614895,-0.8882663269807385,0.5058382703080045,0.3444803923641776,0.500559751483311,0.005009579999478431,0.3753451245790529,0.25471669769620414,0.00916297696118143,1.4200205014128708,-0.6819983490953255,-0.14714005238232197,-0.23151282836714748,0.39973835009704467,-0.525114482506519,0.734879332550127
-0.19171506958442242,-0.19419213530891893,-1.3791154477130876,-0.9021936430654527,0.4787631641914237,-0.08479476525139451,0.3008876822134125,0.07377955397558689,0.44913330431035503,0.1818651331770772,0.1172062498140245,1.4139755607496798,-0.13771564274807688,-0.46540277861031765,-0.4889776504191492,0.4001037979997522,-0.4230981481498587,1.2253797166402818
-0.10966350381683582,-0.18877363318430063,-1.1323880206745462,-0.9040296657697415,0.24667850044186904,-1.041265528111186,-0.3880975143971003,0.32326407714462424,0.24425919459254264,0.2765011464750275,-0.35522618318769517,1.2658574694623277,0.6115155007879353,-0.5101740721435356,-0.29215359083924053,-0.15613452382059917,-0.6772350960311758,0.6188445185500432
-0.12201804738100652,-0.16182624223255032,-0.049733837089701916,-0.25993170300554275,0.0738684461438823,-1.1146867184456253,-0.43954643706348717,0.588164473865107,-1.3406926407717754,0.8580949526954204,-0.20780642311238845,-0.44224045965772374,0.8178097606794523,-0.3455449241234112,-0.08631590210852386,-0.5295418840675103,-0.4099261696793151,0.16244620571291934
-0.22828589255523501,0.26901967457583637,0.6719593957196229,0.681646338624053,-0.021527763852889487,-1.1693796200985573,-0.4173581619556289,0.6228762264432314,-1.5451615651482298,0.7965327628176777,-0.5261317122381851,-0.6275419642722987,0.8721991552196265,-0.4903225926597941,1.1925478405021095,-0.25367064689423086,-0.23186943319443717,-0.42835607531440956
-0.09002984017717441,0.3281016741277552,0.7201491175040796,0.7072548341013408,0.015986860914998097,-0.9724834196650052,-0.44034452127873114,0.6257621313864189,-1.378743841745596,0.5540829905199562,-0.41777318718005274,-0.2549150911331096,0.7432461957283997,-0.49924034412871476,1.2850299629557396,-0.4341272429573953,-0.3380886398001424,1.1058132673003032
-0.7968952248648649,0.56796441045852,-0.14743986662406763,0.6895222218766953,0.0542305804054547,0.4574322096038794,0.27209679890238014,0.46900144418596657,-1.470533055575638,0.6947347239683472,-0.41131140581709,0.4620428713134247,-0.5933035731359648,-0.049676812273072024,1.3001117058441305,0.09358634247109474,-0.03906805404534963,1.23161073048975
-0.8318709959162551,0.47153664529539163,0.19875631221523038,0.041145504046743525,0.04741678799309018,0.4043547944839333,0.4952814046530169,0.008027803531573952,-1.2349894851029302,0.34942701291920913,-0.43388407464057654,0.9342665766235523,-0.6863058532968855,-0.29470606366257845,1.2811978342717552,-0.3962598551776922,-0.06789961079350293,0.2327513569973601
-0.7900040211553466,-0.010244489073600732,-1.210865709715383,-0.8065936030978965,0.3727854356664258,0.46301320911822086,0.4785803309135539,7.78473059344642e-05,0.32297749766067974,0.19352693733906146,-0.4189395902941425,1.316401411950015,-0.702481727053597,-0.4176625029764104,0.9896569203867578,0.1487193609423795,-0.6351661680746827,-0.23463113139781466
-0.4674292903203095,-0.18866369176317244,-1.3674871085287488,-0.8561310634861683,0.3500570889762121,0.37494606331792824,0.37676139833352207,0.011804935380749726,0.4525296169549943,0.147483102159935,-0.2083390410684988,1.3975132225838682,-0.6848813971683622,-0.25757524142743043,0.10304670090195178,0.37305960734207744,-0.48278925475248646,0.8462470253349483
-0.14255602634798226,-0.1961275900560453,-1.385753633363621,-0.9038892973576068,0.1381413891819942,-0.5618837800234222,-0.12191305528667537,0.2174972021289128,0.4178478390531588,0.11929380648176136,-0.21309572419334757,1.3686833662488356,-0.12648999492547994,-0.47803002176528453,-0.41389351533154006,0.2141611731961,-0.5610262321607384,1.3452827153804612
-0.16758791522626315,-0.1918622835529991,-0.7412686708151086,-0.7457947128047346,0.18964839170786918,-0.9377476531227493,-0.438271727142856,0.5325739228592175,-1.4045692503528358,0.8600136680388858,0.06034552829221246,-0.12533546906257154,0.6218796671380591,-0.1365476694112498,-0.4683272220896221,-0.5817135575292527,-0.2051271596332337,1.1851394711639145
-0.18663135539355813,0.17210985471423804,0.5358693449334552,0.652809272828474,-0.01236288229821439,-1.249674460711565,-0.4198773470124679,0.6723049251609343,-1.5537649391713502,0.84090148025123,-0.5854479757764643,-0.6232960353137164,0.8937067044967913,-0.45316570698191405,1.0494148836815618,-0.2924807799725106,-0.41330648931170266,-0.3599566764480161
-0.26695116580963607,0.054598991153300164,0.676574299643618,0.7082605091341232,-0.0162382112786483,-1.1096970668803716,-0.4168001495349395,0.5784442598300445,-1.5451317901648118,0.7350056686932834,-0.6073208603186682,-0.6592443786874641,0.7121647847657752,-0.45759726495127556,1.2249740644738338,-0.5652135419369386,-0.10801371017500044,0.31866243657522564
-0.17877898915438778,0.6013506230184678,0.5298277679971575,0.7124424129006791,-0.00723901459437723,0.46083999314573776,-0.25139939856451626,0.43137387085801465,-1.4403579209371995,0.7386589805839499,0.007859378671261047,0.21263788532399944,-0.21305021715433003,-0.15795402595386088,1.2753384604211115,-0.5891378768153727,-0.023685702274933773,1.4915144734269405
-0.8618553217713167,0.6154483380886902,0.20261819412443416,0.6723405278284096,0.10471723137969258,0.15810667645839216,0.3411196107830861,0.017870322112016723,-1.5815606535885216,0.42212034962003103,-0.58858384762552,0.639236290140227,-0.6428137248714447,-0.33651418414249,1.296217298462477,-0.13912870548054018,-0.18785820570135295,-0.1306926192823029
-0.8416786404270639,0.3071599678838488,-1.1191398529297416,-0.7510666869619036,0.4904127937862146,0.25778724649313445,0.47247483771149984,0.004628977441451243,-0.15303381162488694,0.2443137062453869,-0.31939589596971274,1.3014741623017716,-0.6988796479628993,-0.3505024718569118,1.152510810958054,0.40420679135508236,-0.6167712658656376,-0.17577090051792388
-0.6577466993562899,-0.18102502892475753,-1.3996077247586745,-0.89698354915344,0.5055264616451192,0.302358415867958,0.5499104942042601,0.0058447879784840895,0.45024731843221677,0.182460433540107,0.09899583424434899,1.4129983334000147,-0.6705340410783817,-0.10216773701845289,-0.2888624640705324,0.43686406657164334,-0.31498521356387094,0.9146767210143663
-0.12403222224203947,-0.19532262155473074,-1.3810858154281065,-0.9052943856472706,0.4480867366093087,-0.373353698265236,0.37209193062098145,0.14861289349986492,0.44539043541541823,0.1594523376689327,0.06607445030732212,1.396807551493811,0.038323589497805524,-0.4692166129812825,-0.48406057560393567,0.39816468344532013,-0.5489278894997212,1.3082798393898274
-0.13569486478963788,-0.19617283354226223,-0.9919782976863579,-0.897307088901589,0.42776238711978676,-1.1155902227017545,-0.43946577927904595,0.6320437387731241,-0.2535718671547688,0.8302771084212968,0.04234162532592234,-0.17499203452088807,0.6782522315382575,-0.27990510207446395,-0.45821845772931347,-0.010350395725500741,-0.599046592565276,1.1761559596205378
-0.305467346155653,0.03150068916551038,0.578533174989235,0.5131397491590738,-0.027406333508576103,-1.2133162332939769,-0.41706246956708837,0.6705917428060222,-1.533981457920945,0.8369572019754725,-0.5011159953105846,-0.565849531179065,0.8630322602482031,-0.36049160304005023,0.7946259751214647,-0.44212462867112395,-0.18286266793230355,-0.40971583064381834
-0.18139172476694998,0.07605685997564274,0.7119308211452479,0.7097636955276108,0.008255899520038384,-1.0873380336501266,-0.41067896847304336,0.6107540200408714,-1.5349190936358788,0.785360249815511,-0.5478667381001949,-0.6984054693669944,0.6683520701876116,-0.4725644025537419,0.9531223728767299,-0.5896397298670918,-0.1676005765561807,0.711374177895558
-0.6002849137864522,0.3324831314512554,0.6936264543828222,0.6797436421344901,0.015527573579775106,0.2902551530577874,-0.31941498645806193,0.03637356432867822,-1.541921924168916,0.7441512214538013,-0.5488715591233599,-0.5598183688587264,-0.4080614762104273,-0.20703730507513912,1.2813704492448235,-0.6139397176802921,-0.010802474500437309,0.6808685255932505
-0.43389585109775186,0.6226126829398918,0.6363081599924638,0.6358439659598469,0.03880844027531033,0.46572873469517007,0.39288189448823985,-0.00041421890631437863,-1.511305751425581,0.2651164520470113,-0.15811602502295868,1.303354679696496,-0.6385446658300208,-0.47132353583752395,1.2492896731674334,-0.6071558116948408,-0.1455283843493718,0.5642821952540492
-0.860907806296384,0.4043930708573241,-1.2926638500096548,-0.8407771123910593,0.49037443375028844,0.3792632902043199,0.39736789347224233,0.0004383528729367536,-0.5427783146943561,0.3349661419419162,-0.16350066338714064,1.3004904662465417,-0.6826162315745427,-0.31512370509819265,1.030424348830428,0.3182966797461605,-0.55012575055277,-0.3673537032048202
-0.8106284469945376,-0.12794337787813692,-1.4157201706404892,-0.8968116111639641,0.5072417226069558,0.36974799878803255,0.548035493872981,0.0031495173501613904,0.4291766984140969,0.24838830690716712,0.021231420271075968,1.4156781887413739,-0.585895762128961,-0.146962427633186,-0.1901235937136746,0.4392024133895741,-0.46808650283056896,-0.15729622931182385
-0.16307686498684643,-0.1984336808443835,-1.4112767521010152,-0.899861174231596,0.5110171969419944,-0.5051772413444632,0.19349267416203125,0.2387823961671862,0.4542433053820659,0.19729513134735677,0.1387122289621922,1.3606770493713602,0.03078771470879256,-0.47105997783351417,-0.47319057267395004,0.4439435698676968,-0.44441316038081563,1.2221397073106575
-0.16681955809937776,-0.19772821295968557,-1.1570583699573413,-0.8942967457076477,0.4310381817638922,-1.1403040772407316,-0.42294002925806173,0.6398116966480423,0.15210961137556556,0.7194168896030784,0.0020653330769315192,0.3550786090237884,0.4675386908051622,-0.2131406069589588,-0.47747243746516455,0.20652153407206542,-0.5442912265704023,1.3091676250294304
-0.3121711706804073,-0.1513540902695083,0.49914630938127436,0.585205056575632,-0.03224786118639819,-1.2052221820789242,-0.3654498860760044,0.6906231831882077,-1.4698413550845648,0.7522246886102164,-0.387366797754248,-0.5802204721487411,0.7817474741777183,-0.19269984365180015,0.5248935709395224,-0.5036953585076862,-0.015492400197969602,-0.3423039175676893
-0.1581182332719165,-0.11345209204983792,0.6528789783505955,0.7079962833924818,0.032019069572352205,-0.9225748623745107,-0.4103382091416835,0.6793746331796828,-1.5292867718241263,0.8188521249068224,-0.3512367567913903,-0.6989945743827751,0.6807287970932292,-0.43278319927456854,0.8341643119442426,-0.5847393812273788,-0.09808193798641734,1.24848092913579
-0.4179441529237575,-0.0013123933328714754,0.6760442539096435,0.6868181810543179,-0.0009588754853379899,-0.37799257582705853,-0.4141881050248932,0.20628164563765333,-1.5577910080632091,0.801350429306983,-0.5605299817745444,-0.6283402025389873,-0.027961041421487934,-0.17128598446198584,1.262738984050419,-0.6129219083493191,-0.02688578634981237,1.2244462555621984
-0.36071723759045243,0.523459717571831,0.614610051542554,0.5178403236502885,-0.00017836307222957037,0.14162576062384602,-0.29129869696656646,0.0005266188575181463,-1.5845222514752582,0.5059184938625542,-0.3985168633924795,0.6044974168176821,-0.18565053551971317,-0.46996926567734953,1.277376984407034,-0.6133173691879267,-0.08468468660147815,0.43223990891547925
-0.8667564542062092,0.43938077012847965,-0.6824671345822839,-0.3347225737554109,0.05618375827002409,0.25871014813891413,0.4782880296381509,0.0009752526011634899,-1.530679258780594,0.29399389929498254,-0.5104724083512137,1.1409182380157095,-0.7031364568462444,-0.19063713221886336,1.26953455438694,-0.5319296714134287,-0.006471148026758744,-0.18410218644515042
-0.8126175867295923,0.08271168355151787,-1.3518000447248713,-0.8904554738070345,0.4660288177838314,0.2808546113679148,0.545649734856416,-0.0013730406061154277,0.2907012928521442,0.1749065325795764,-0.18190780174110327,1.4104437768854443,-0.6843663094938922,-0.26863519237834615,0.3732143272032925,0.4189620000064843,-0.6027011212852049,-0.32488733262799985
-0.3323905048927803,-0.19286234737506774,-1.411426890757173,-0.8896392646578957,0.4644951784667063,0.01431559780949715,0.4896932938992935,0.08495621417621702,0.45434054986399175,0.1295003828139732,0.11469131789755371,1.4065311156375575,-0.42619713316174035,-0.41230627337725045,-0.4750463470955826,0.44467744478184934,-0.30047995764375396,1.0315363787947764
-0.10361529684235216,-0.19469061487012174,-1.3019710882632545,-0.9032236731556009,0.31842080522803545,-0.9903930404265785,-0.35715744182665826,0.5385720822845075,0.3760462180030394,0.21233129787538618,-0.20242748008813755,1.070499197680367,0.6252607591873693,-0.4994211528455126,-0.4310666891309952,0.39086596211587604,-0.690908514524782,0.7665898740654392
-0.15110537049438838,-0.18241530842623466,-0.5433546943233397,-0.6073851154727459,0.09078273239555837,-1.1237848025232817,-0.43602484530170205,0.6475827322335856,-1.3820036806002594,0.8518901073420251,-0.08290487599183338,-0.3640221657100331,0.7419761012755871,-0.159618868449052,-0.3886940177196597,-0.49562856589889825,-0.3489379429849665,0.9563318921202719
-0.1701440365213806,0.4008848854277228,0.7121915746665625,0.5528863312274646,-0.03150647092913503,-1.2671443164959812,-0.38831292931295336,0.5872350971281561,-1.5685640268058663,0.7372852624666648,-0.6020849095266498,-0.5571866406867688,0.865196277303579,-0.48316267925218814,1.045381425349381,-0.3987495343809694,-0.3444151438647973,-0.4076402380368519
-0.18599748929227705,0.1155836051160923,0.6364106889756648,0.7100905762279631,-0.018311837962425942,-1.0551786327601933,-0.4311330536764485,0.6028853704989212,-1.5142014146067693,0.5686365962615707,-0.6061313847792608,-0.5951484980416524,0.7050228457667159,-0.44942022629969003,1.2813521415961646,-0.48238072288348377,-0.10227038059590637,0.6485097489234836
-0.6618384403461818,0.482791006308187,0.5725613953859808,0.6787156940870189,-0.008554585998661518,0.20522566027155875,-0.05266657255579532,0.05137246551033886,-1.459435642993021,0.44073003585232406,-0.5482528225260198,-0.04116172899317755,-0.3705295096764326,-0.27969686339157923,1.295376181878116,-0.5667819159167569,-0.021434540696277038,0.64589071682535
-0.8450680005802067,0.5785945766116647,-0.11043447207398613,0.4899116094972229,0.027659286363368035,0.37224372360697744,0.4899491486316288,0.007843117926052523,-1.4564035060218572,0.18385755658912056,-0.5503836229729053,1.2484228848501364,-0.6640360343018055,-0.4190333365428257,1.286643161032643,-0.10613885357769612,-0.22359160891521976,-0.18022308932711117
-0.5747435426281462,0.2923796257536665,-1.1756958103692954,-0.9011296224181057,0.30257298301709923,0.3213032360844946,0.5705620879784459,-0.002137920600528642,0.36589687772748236,0.10541156130917229,-0.3706330674807008,1.4076531126177612,-0.7045812976251674,-0.42530727707652327,0.7924127111675405,0.20155127145495472,-0.7081297754259619,0.021153595585878038
-0.454436106514555,-0.18415351459316337,-1.3744831429711235,-0.8800333491991232,0.3455503097708392,0.3750972103934622,0.458000235749073,0.009093288575740432,0.44420256705633643,0.13123733149859163,-0.2168943463347064,1.4202480704746385,-0.6567947382893967,-0.344023893656947,0.4879223029162326,0.4173487175470775,-0.5047411406290229,0.4464461597474203
-0.13964533780354438,-0.18633273833963027,-1.392833825665393,-0.9018673918198632,0.07628528083121064,-0.17659041898913322,0.39572012941382884,0.05748551082032205,0.44950159322896244,0.09481865222825908,-0.1902027016923433,1.4282365984118108,-0.43257612456852435,-0.4581726654901671,-0.15890224186930413,0.38651506888239323,-0.538494082991341,1.1806148401270296
-0.09854108435511494,-0.19450981619055752,-1.1524282645752693,-0.896607280463996,0.12800636284235,-0.9113854018728399,-0.4128295680552066,0.4028605413497447,-0.04914373757518298,0.3844034069376876,0.10183723534553646,1.2667032527149171,0.0989795239566101,-0.48626194998704075,-0.42257477347991224,-0.10835787758288805,-0.41967224567082795,1.351108789455445
-0.12370636970000393,-0.15111024615646623,-0.5962015768508929,-0.3321993801283848,-0.009020630797166779,-1.1571873254493736,-0.44030050019323475,0.5636161371361161,-1.4622343686508752,0.8539763833658753,-0.18778459759660993,-0.0749585808960937,0.7648580408178233,-0.37219477579315485,0.14660618198370576,-0.5448658489466452,-0.2544792371371548,0.015485973536052744
-0.14232081260623275,0.00977576609635536,0.5330697538520927,0.6971829284396076,-0.017122101024777875,-1.208913461739745,-0.42710013276174674,0.678874252555147,-1.5302427636628582,0.7696460622105217,-0.5649347744213176,-0.635532174072918,0.8659279942556929,-0.49456329886542433,1.2249297665025258,-0.3009919193265861,-0.31468663543921255,-0.18314011682629827
-0.2733541030528652,0.15431057711958263,0.2901486425419538,0.713797435326891,0.0312483461662042,0.2285323867551422,-0.3655801428516638,0.6473648808508756,-1.3915071799983791,0.8180003251228392,-0.23735348440757387,-0.5719667272834145,-0.10373205797154189,-0.09232114766417623,1.2873883259226941,-0.45589413264209866,1.2233149836671231e-05,1.5109830151620174
-0.622053677767744,0.47476180229765685,0.4425954622191165,0.6831870986249279,0.0418070095648575,-0.31546844124272105,-0.1401765923274505,0.04081169195466072,-1.553949789635415,0.4334537191287306,-0.5839269233206368,0.2434199161396502,-0.36580424119067195,-0.32952894862033305,1.2994922970645093,-0.20145244070478485,-0.06083805641111317,0.35814536916149325
-0.8357694890220838,0.45777085767219666,-0.5019618355369195,-0.5542375383406496,0.3056995588150519,0.297645776462767,0.5547992116428375,-0.0020703258067157337,-1.1343736155699922,0.19200745656735957,-0.28846011769452873,1.35808904964902,-0.7016536551031565,-0.356238533555733,1.232923507059302,-0.026747838068563783,-0.1888018800119187,-0.025298263956947342
-0.6441261935147427,-0.13648132698907783,-1.3511492282580027,-0.8925186328415489,0.5013448282012153,0.450739401842866,0.5701781949556816,0.00314120293787451,0.4246683361825848,0.16290429728126582,0.14611783902268377,1.426987103244926,-0.6863063374928569,-0.08264796599548341,-0.421021238722298,0.3915774937144959,-0.30859159129119024,1.1578154907108331
-0.1609890752111927,-0.19611895198037027,-1.4013931521815977,-0.8988318704354046,0.47502005454894775,-0.08067483597153069,0.41743913151020584,0.11173314643394233,0.4490555823948764,0.13599137383517806,0.16220756945727882,1.4251893205943742,-0.32919399010800365,-0.4504737300678062,-0.5014953417284227,0.4322389685637069,-0.3613373141680477,1.432670265785549
-0.11961800554105795,-0.19731658987534306,-1.2895489742190667,-0.9008996293316484,0.3875586476214874,-0.9852090335554743,-0.4286346906881273,0.5192961739249098,-0.11245321046177864,0.5497550343832757,0.057856911209174966,1.1895181404200263,0.3353170211496079,-0.4473767795647072,-0.46218920146742815,0.04726723112567796,-0.5820702163707334,1.3397558031491805
-0.17443405570902049,-0.14236265470457643,-0.26362545972519824,0.0696319030148709,0.025409660786281846,-1.2468654353575372,-0.4337135006182873,0.6490394080790507,-1.4579952704962111,0.8521705939069391,-0.469166782974461,-0.36839087070023413,0.8394197658241843,-0.3283723554311651,0.24792260308621464,-0.4305248032552922,-0.5057358612967919,-0.020322465181632055
-0.15157386503327697,0.06841226315480756,0.6362624909311766,0.6926711903772735,-0.002845833596940045,-1.2250939359829092,-0.4199837709182256,0.6178385424130041,-1.5391139897533037,0.8232426106372255,-0.5578197542341155,-0.6824597867146386,0.8576414159800338,-0.49615419879246825,1.112579486290183,-0.4431762540555346,-0.34540887116700997,-0.21177867814521323
-0.09131531820856953,0.2957056229002254,0.7305434864148891,0.7031908804734398,0.014979101278023738,-0.8261625345476531,-0.4409281096648603,0.6076997827008593,-1.483217566862011,0.737704595004679,-0.3339303972142875,-0.5514679815322626,0.7542876069838451,-0.4900890283085989,1.249772047017362,-0.5837922781899572,-0.19769549906412912,1.054585408329655
-0.2023688314878297,0.5855157283352375,0.6854610073484543,0.7004024927128293,0.0006889293956625353,-0.3830006286905875,-0.40396206074154434,0.2097837013576749,-1.5435632931517267,0.5245360632484692,-0.4956664712272376,-0.1783901749281559,0.39890848749853375,-0.4142263074933398,1.293314555383172,-0.5071080860299604,-0.11837852084219336,0.6386796762794013
-0.8629395406783357,0.6190632350502541,-0.05864713117440912,0.6196195757667924,0.020512447546373658,0.21779130018446202,0.4083355456754035,0.03721394010537593,-1.5866634718291808,0.28377195255984455,-0.5628848213551706,0.9197902604402267,-0.644209177661276,-0.293194593567099,1.2975011223246717,0.05050701980109601,-0.07663383199689866,0.004457933595213848
-0.7646748547113793,0.5353950844405284,-0.8459566815290096,-0.8861160610909533,0.2111687381033744,-0.12554189726909637,0.5781482299157865,-0.00015546153387246964,-0.23306608164167408,0.11962971965116681,-0.41893592224171816,1.368049368416436,-0.7051048587291385,-0.3424231285109508,1.1804191322397852,0.2678921248482168,-0.5346097710180308,0.022209594533863064
-0.6399184991367151,-0.09948572580567772,-1.2245152606404794,-0.8698737072273565,0.471521856376462,0.3262098493861889,0.5361358560246098,0.014571521617223582,0.42230923662010444,0.15699488970290365,0.04221268013830898,1.4168732174074035,-0.6985567860891104,-0.10952503948509573,-0.1284957983384466,0.4269175197346544,-0.31335448629213525,1.1496386049553515
-0.18176222134293946,-0.19449987614405595,-1.3717090385896862,-0.8994882464943551,0.47479473802887673,-0.09410725586914659,0.43994398446041466,0.09417503699519508,0.4528983356156301,0.14362089252040777,0.15698225977297603,1.4205246076375309,-0.44359327760579825,-0.4043817843308437,-0.4981487471432423,0.43261544550727293,-0.29017041944387695,1.455196851796949
-0.1161209361249852,-0.19823866063733098,-1.1103151801112712,-0.9024532689453649,0.22139887912591727,-1.1773381620213055,-0.3898806060545564,0.6087201126771915,0.3041613043251896,0.4181123540375977,0.08364149198555826,1.0039677200153203,-0.1677980605823255,-0.31715453451451536,-0.4287265793256497,0.28556090184509636,-0.15533185734725177,1.2226754728370264
-0.2558665202775309,0.028094107536168283,0.35355308324995094,-0.600307671377089,-0.004149719162465287,-1.201793529997077,-0.4235864958541441,0.434616399777938,-1.515872190222688,0.8610880126264492,0.011460629977048553,0.2798078525288726,0.7734827331403731,-0.11294415501398028,-0.3806901970587111,-0.5453832947802681,-0.08363651942157779,-0.2173547651429224
-0.19675712066796092,0.4953580042929858,0.6942101256859282,0.6936401633554171,-0.017175567971099565,-1.2503840455582405,-0.41679967414524743,0.6615567787449348,-1.5680446528683067,0.7933836001429909,-0.5159188026969972,-0.49324950207551577,0.8821394564163089,-0.47125616443667884,1.061647825669732,-0.20342985582208412,-0.3442507533492123,-0.4001094387256814
-0.09659123230147931,0.0020656701277926848,0.6058769109078247,0.6560006084765576,0.4666415452627587,-1.2869493782512809,-0.10395064592325479,0.0011776235587868111,-0.9955864628620674,0.4649673156541762,-0.6046584551682085,-0.45626694205607765,0.4994679773334611,-0.5217216623491633,1.3005314195870423,0.24484488395186838,-0.7353285837192821,-0.21232125815232283
-0.1356636582139999,0.30444749945132443,0.6485569774145721,0.6574810860789825,-0.021747711661530694,-0.46937414160975455,-0.3177681731790328,0.22339743752993446,-1.4298363626730586,0.36525836491377695,-0.5224541704495513,-0.14504419180310185,-0.4390603801795101,-0.28471683933144987,1.2485616716980004,-0.609100630925579,-0.11270694326305569,1.5830755556314542
-0.7787369335982051,0.4580354081289584,0.36469853356388204,0.6603076769017434,0.03195049571563485,0.3414802264402247,0.10199410714185916,0.13620700945619224,-1.5424967962198974,0.3550560387308591,-0.4244118237532498,1.0261818371081293,-0.6850234118467998,-0.18709022188155086,1.2615906694805288,-0.3802259750248909,-0.09941642412645102,1.4787260873530557
-0.8467868773971423,0.3124180396609656,-0.5456411391640158,-0.19586966474927572,0.30180041782114686,0.4770968582324123,0.46598757489397347,0.0007980315923082348,-1.2671465899777938,0.34995715208922756,-0.37455504177303856,1.2702906027599536,-0.6970834745870638,-0.40929334236122844,1.2208158307981156,-0.18397791585929452,-0.29227466053414675,-0.01066346056083678
-0.6940893999303395,-0.09132294459594031,-1.2517123510039165,-0.8650790050392843,0.47794483369433166,0.4687181666703557,0.517389243824957,7.95699051651666e-05,0.385126053152566,0.19140852320000173,-0.1339553461382125,1.4089684592072946,-0.7009131742039584,-0.33827737397923646,0.25860203756029543,0.31221029720973253,-0.613035292654081,0.32716941025254787
-0.32914351891886384,-0.19339653098239407,-1.4007075987658468,-0.8798941428573201,0.3953342692437041,0.39253290279779185,0.3924780350984036,0.024249451583169712,0.45504716854263305,0.13075863660139742,-0.003101412958084415,1.42182798712177,-0.5843704963991736,-0.31986223650295315,-0.2157882472678161,0.4077062616498577,-0.4186574768190122,1.1098358982559324
-0.10478028023020158,-0.1942388810691663,-1.3790014044339811,-0.90488935571712,0.12769043873190167,-0.6244097126803958,-0.08991812468191593,0.2371755900567676,0.41252401062630417,0.1060703693824745,-0.08722625487306598,1.418815122817938,0.27504557763308823,-0.516960191134839,-0.4115904567199087,0.23227675311834334,-0.603445743512665,1.225928558602667
-0.1374453673750186,-0.18257259651722252,-0.8815630567830777,-0.821393246644845,0.09578339071248057,-1.0820044598279261,-0.44130366752168826,0.4926793400396864,-1.3887986387748361,0.8470110291064827,-0.011209085748804831,0.6466191855189007,0.56661252214077,-0.2921031955030072,-0.3690137313078976,-0.5546705711921316,-0.2757618702445719,0.8850530681822039
-0.30124035726425513,0.11667155196894201,0.4796844324450944,0.5253065771110512,-0.033234738737590225,-1.173926673360076,-0.41121210216650844,0.599197216642009,-1.5595887417527534,0.8291818973473366,-0.5226793613267153,-0.37512020041217464,0.87560871799206,-0.4253996629467118,1.0721535826732778,-0.44215359574970126,-0.15695353523102878,-0.44493239180452815
-0.15965739281706187,0.07044511533490794,0.6500018274895119,0.7074264331536364,-0.02356465635656832,-1.136404711537566,-0.4210499432272172,0.6239724196896839,-1.4800761526321176,0.5893342120004531,-0.611907453161026,-0.6400386624916478,0.8120468602267908,-0.4999847151216613,1.2712536752882266,-0.44166990258422373,-0.1540856601597893,0.05752192677525758
-0.4148563787068183,0.5012841748882931,0.0796515620962549,0.7097174548123336,0.014080223173486006,0.4292679626502728,-0.20184594967881858,0.4581520491291835,-1.3994441469184018,0.7963385833940434,-0.20213589652317168,-0.16384270298361814,-0.4107837712209297,-0.04519058490151645,1.2954115984603427,-0.4659358208028173,-0.0056916833588588345,1.4706036560517837
-0.7917173786003222,0.618620740234586,0.3346782413437709,0.6946606063653303,0.013241654158543364,-0.11121924071192385,0.3037844059174636,0.07382551292306216,-1.543571703817146,0.22346391769541263,-0.5940602123382109,0.9125936314382894,-0.5904773212503839,-0.37834366091613353,1.297369263664689,0.23688473709736108,-0.27209179219558716,0.343387460022086
-0.8298853494545927,0.25943068134765607,-1.1683247203782772,-0.7302318311479281,0.46283509498700975,0.2604288876308537,0.536330860876345,0.0035183602974403483,0.12191569087130072,0.13843789949973373,-0.4301205652205504,1.3675027627962155,-0.6942879207260751,-0.41199769949002146,1.1259041308037303,0.41650826026393645,-0.6479456724075008,-0.1890539196668577
-0.6042885777098791,-0.18216928601584842,-1.3748165400559302,-0.8900339327942561,0.47264953981670016,0.3196591438504791,0.5434788519807194,0.00913683588429276,0.44984679886145595,0.12471969844564801,-0.037397940985731654,1.4205268716844786,-0.6810341212377024,-0.1609799299445051,-0.09597988868311408,0.4322418525945061,-0.41092426664157633,1.0276089663943662
-0.1521180005853539,-0.192095411444624,-1.3926417051101203,-0.9051928497520495,0.308943577292532,-0.2596008669096643,0.45028485120074985,0.08269081244391979,0.4486691215276267,0.10791321082785865,-0.03086591579289527,1.4238372317572328,-0.23259081713651542,-0.446407803363614,-0.4387797124083376,0.3925717237167364,-0.5125160578048329,1.3510116677569557
-0.10501423639352975,-0.19895529542565515,-0.9733871085191916,-0.9014277418777514,0.09882094666988733,-1.1192520248687527,-0.4216163541991351,0.5814427079229715,0.19943261940231094,0.5341357415499887,0.07843325814940144,0.35155249942721567,0.03645091921092449,-0.3370912105372089,-0.38591588652274367,-0.04837615561957531,-0.12593480572364213,1.192774820571499
-0.15092320793122355,-0.015996295729774207,0.20770518418054362,0.5414809498602509,-0.0015861340507220822,-1.222277173467841,-0.43067702819105613,0.6984737569222303,-1.5490486431896593,0.849042810065413,-0.4459448813908163,-0.5553772143662004,0.8696190685659504,-0.3793443921138543,0.3364013883297594,-0.4501608695690274,-0.46898371289788515,0.02425700834208977
-0.16972705612078404,0.03896903168572338,0.6478703243188751,0.7081649288493516,-0.014957646582646283,-1.1868349278407357,-0.4288641137535768,0.6772963746278094,-1.5657377976581741,0.7324044143059372,-0.5729736180235431,-0.6613445733231674,0.7982071351933193,-0.4914773736971545,1.1565933076348567,-0.5092123192708122,-0.24087155303019242,0.38155337142171386
-0.12423848839161122,0.5331440019196052,0.5395256513798117,0.7123007371594214,-0.014171646906120744,0.39952370023295636,-0.40848190747163055,0.5995989267826098,-1.5007805096583366,0.779274455219326,0.021405158262697094,-0.15709752494304385,0.12730818398212565,-0.170819304563548,1.2744377894915604,-0.5987878755623751,-0.01387464984043868,1.5322411868798116
-0.8596010658742743,0.58821231021989,0.09533031361348182,0.6688934398681854,0.04646403647827388,0.22179795088824983,0.29234775009031355,0.01856622923323248,-1.5880753585686591,0.42801368231866627,-0.592907717777853,0.6089149605348969,-0.5865234253668024,-0.27688658217903556,1.300430999954667,-0.36053913709203006,-0.040338459494001,-0.15187202542540545
-0.8540567286538988,0.4419400191288486,-0.7724891343221734,-0.7431253888335132,0.28313132505183397,0.3711131173282003,0.5476659259262746,-0.0011905139916297824,-0.7736982216144551,0.1736373332021895,-0.2940829603846634,1.3467752189292388,-0.7006477863919853,-0.3474697341909933,1.2579880947364235,0.0027968310615622965,-0.21723179552344038,-0.3320688744532634
-0.6883814610727569,-0.16090925416436552,-1.3648694174478666,-0.900984121528673,0.46158764016749143,0.4658996060826518,0.5822758801498181,-0.0018512571205493433,0.43455412181110364,0.13552443962507127,0.12928328112379311,1.4253361602106938,-0.7048655206604314,-0.09478447166656734,-0.2872456698483562,0.3072361363971459,-0.3136665294007803,0.45310466715391584
-0.2667725430968422,-0.1954233991042733,-1.4143988081547803,-0.8908422495490597,0.4068281045910406,0.09866179575047257,0.5513980836290526,0.046885140450327434,0.45814431934356914,0.10299102559865536,0.13594398860628748,1.4274415944979046,-0.5605007002359057,-0.3458282803093183,-0.47488462953242994,0.4406373296364725,-0.2549559033122811,1.2756521669935228
-0.1222498610033208,-0.1972351666228928,-1.379633008845322,-0.8953870097766493,0.380044026667552,-0.9995697493167781,-0.16523707687756597,0.39636446748781773,0.4117574736305164,0.16897728320834582,0.08226330579002611,1.3917659717507664,-0.08514661927741349,-0.4634335623554516,-0.4852536785285805,0.4124449144089347,-0.5187481806576374,1.3410756023110773
-0.22938478321050165,-0.1792132113303369,-0.7428799930277569,-0.8072821297693539,0.07208881145288232,-1.2510480247444176,-0.42589365710826743,0.6484360389885085,-1.1902362730161715,0.8160187541468011,-0.17396331659667766,0.7544413487659727,0.21506747214099586,-0.094159550268935,-0.4548882637460565,-0.3581352181892234,-0.44211434022344265,1.1729578808345724
-0.19932099703000933,-0.04980607445260643,0.07742681253490263,0.6059462688887214,-0.026187026318068435,-1.2680155099317096,-0.41155118178762257,0.7006526612051565,-1.475066097277942,0.8163017325800683,-0.5989542455608997,-0.44986292354698776,0.8877080490256118,-0.3839391453618842,1.1460922365175747,-0.22184327530964434,-0.3528660405597226,-0.35460669514912846
-0.2953312407920089,-0.07964371544943422,0.6591108646046077,0.7058430639072704,-0.02845470566923733,-1.0825941731655262,-0.39280742192612284,0.6324151541352543,-1.462169416212821,0.609695710795649,-0.6140121641155828,-0.6381175863130321,0.6515025829953648,-0.4385464178465056,1.2502592702147033,-0.5574293843464792,-0.04510732617227914,0.3862469985113901
-0.6752214618182745,0.4031812364727636,0.2807124829864489,0.6979470381022144,-0.014883720950497364,0.4190214005415773,-0.13250572010063916,0.24669283596647337,-1.368280421438768,0.7608847928116482,-0.334168044446954,-0.35264578260744084,-0.4613212899687147,-0.02411141490815763,1.2952184963566324,-0.5926655218725717,0.0015271787852790264,1.3163820114240314
-0.850347012042191,0.6093466518108255,0.40952084129250343,0.6251299196007252,-0.020451193255223016,0.22198173570648194,0.5102411893352902,0.015740982750955534,-1.464211918683577,0.1467592260475784,-0.6029075547857224,0.8747983755952257,-0.6366480702096986,-0.37116734499426957,1.2949220323198698,-0.08234116579394496,-0.05648876896945565,-0.19270304340781697
-0.8467068348594797,0.24009821261003328,-1.104117966119086,-0.6802585459657192,0.35381363733326077,0.293392898781929,0.5758302297766811,0.00044409487037239126,0.18468178565844773,0.10737228908730262,-0.5135549244342879,1.3691342997137537,-0.6967356282011461,-0.4189151571473765,1.1611038000861071,0.4003529972763968,-0.5294268374206702,-0.32745295393113616
-0.6558408276146634,-0.18747646963481063,-1.36699412847766,-0.8536114044897342,0.4173970481406021,0.3170926403541303,0.5593790208594316,0.01240763839958936,0.4517314632242372,0.10136749185684091,-0.2042530732224436,1.422218890999047,-0.695344726853447,-0.17485350167510988,-0.028863231394383904,0.43569635102440063,-0.4106768439720725,1.06992366873091
-0.18277704055189764,-0.1949331319744369,-1.3913221538619696,-0.9040652057540489,0.19515843404269398,-0.22697487979241845,0.4377155477393174,0.06818165770754397,0.4512329624709296,0.09757344762544251,-0.1279273839583921,1.4229173818259273,-0.48329419999407774,-0.41440708233814116,-0.4358855237958169,0.3575138890178603,-0.4393709803665961,1.4521177501612188
-0.12277510959059007,-0.1970294301944231,-1.1549061669288976,-0.8930762813419126,0.28440943826209636,-0.9423295780959987,-0.42818386279670306,0.5455846344607811,-0.197898265505364,0.5318966289931019,0.06426914256703342,0.9608319332015373,0.14125230469327507,-0.37755811004356027,-0.48945888004103655,-0.14528748194392674,-0.5114043152293245,1.4688452130620075
-0.17521976276042106,-0.08847771269597526,-0.33627123369517803,0.2960977912884164,0.011004595092122593,-1.2557742314249538,-0.4319379201179677,0.6914753874796229,-1.4655085117759228,0.8309000056441258,-0.4698286598743755,-0.3356783679111349,0.8238869527372074,-0.33581355883289754,0.2007750953025931,-0.24802791386487513,-0.5801432709352854,0.06049374638310556
-0.14716700749490857,-0.07849164653338486,0.5422369446302155,0.704519320540817,-0.011178564879990777,-1.1874018655916119,-0.42038183055381706,0.6784408465887013,-1.5084134647889043,0.6986983782671874,-0.5574159930505324,-0.6501178760673432,0.809402133410921,-0.4907357463359165,1.220361899188068,-0.3775717159101784,-0.21834250453941031,0.2575128164290834
-0.5176628120531263,0.29842862602938824,0.275524516436474,0.7097786571831297,0.006723615082769446,0.32846806515601634,-0.30036086051285626,0.4634207739102307,-1.4285096876387025,0.7987295660116611,-0.31653032077558535,-0.44250929906099434,-0.4074867355922699,-0.030045754805921338,1.293690407051172,-0.5549226861922216,0.0003601063224804024,1.4789060264796496
-0.8540863283237764,0.5950106009656728,0.35243904277759186,0.6401287613703441,-0.012029700405598837,0.1341961244913673,0.4696002513207817,0.019059283069040256,-1.5308700028496243,0.18635603887326485,-0.6010348199793673,0.7172159858831624,-0.623499341247139,-0.32169855597993313,1.2975899907025361,-0.05559437762780897,-0.038943774252851615,-0.09310050557858462
-0.8528691787199351,0.2885280392591303,-0.8466977687820338,-0.5415697128169727,0.2644728342173952,0.28699535634258755,0.5831908785366939,8.466879888796575e-05,-0.1493730234574342,0.11395592171887192,-0.5198047349315545,1.3521010335947987,-0.6997706169700361,-0.3976129061857092,1.2311533317925596,0.3656041341847962,-0.340620679796362,-0.3248109613303256
-0.5815609916921081,-0.18140685690749608,-1.2713494004867898,-0.8238471034087538,0.38337375399792967,0.38585780332789177,0.5763826325990028,0.008714890944728604,0.4490568102292444,0.09989237565722137,-0.21279417397911096,1.4235837878732065,-0.7055347279126263,-0.17627599003603936,-0.009785980403844097,0.4117373126984369,-0.41688704674966626,1.2278632572159338
-0.21671577517555446,-0.1983465990264186,-1.3778325093384334,-0.8774634306608486,0.23316305322754338,0.09393700573322533,0.42949682058490635,0.058007343547277435,0.45707475282582044,0.09657125077767514,-0.03994631101833021,1.419382104860687,-0.6401093451118873,-0.37333817583972395,-0.4428819878841377,0.398114450601179,-0.24769716873794972,1.5314632310244036
-0.1162499543556082,-0.19805290445346624,-1.305468329239774,-0.8961998779735851,0.18813020648910286,-0.8410209077762925,-0.34385077725999713,0.38255580898467073,0.22533151389646044,0.19906296056876333,0.054370959435224187,1.313764961622995,-0.17312467625487687,-0.45749888373772374,-0.46716746523931985,0.12293690206673918,-0.41370137508835114,1.4991211529020383
-0.1976813243651223,-0.18031958607796006,-0.8401155374346354,-0.747252675294485,0.060947397292118094,-1.190735873668339,-0.43239001571523783,0.5831114242497417,-1.3824525768451097,0.8348927006891009,-0.1131558301312879,0.6282913696988027,0.37262669331309195,-0.1663636805407423,-0.41747576640615225,-0.48998743334817285,-0.3153840871577385,1.0234082994554128
-0.18911395492801186,0.04323006922673303,0.2363026199246352,0.6711873667027116,-0.026765780184603877,-1.2652041961215996,-0.4174107400555849,0.7026503250810223,-1.5183333842128466,0.8062918042513549,-0.6081722741254241,-0.5305610604599762,0.8926190066664386,-0.44858810990006204,1.2198806695661806,-0.12899708943638272,-0.3978958955268993,-0.3887524619577216
-0.2598531603152925,-0.06918658622669671,0.645011415207484,0.7076233072356439,-0.02817561735487692,-1.0954836296140815,-0.3975057616393023,0.6573698979587483,-1.474045153001156,0.5319459947682577,-0.6123537537375713,-0.6205212193746669,0.6589614766773605,-0.4470729477569747,1.263633334482219,-0.5217250196662283,-0.046473737818055194,0.611235402591122
-0.7380929305634585,0.4582753713674218,0.2461082719419979,0.692491456832657,-0.014902502972502646,0.42696484955159186,-0.09730102167952326,0.23102588783515496,-1.4246019819798947,0.7596899535805393,-0.36869900233705255,-0.31026359999194975,-0.4184045800357914,-0.03395544692670585,1.297370298918631,-0.5812020382204592,0.001110240867478851,1.1420957114756587
-0.8608080849852778,0.6129421193615958,0.3048015543871968,0.5579707762848759,-0.022040060862482752,0.24986237756702667,0.5003327370589685,0.01042837188350737,-1.4945985477918602,0.17713724381395457,-0.6064811642493497,0.813502732901333,-0.5785396148321151,-0.3959607826251673,1.2968245566300416,-0.059902357037619994,-0.043686388518853814,-0.36770566192633625
-0.857346833265721,0.3323656160652237,-1.1249115554698785,-0.6584582033845949,0.23726845139254363,0.256158192684803,0.5620592362513375,0.00026237213552765537,-0.07228196927687897,0.11673752216721889,-0.5750949291061362,1.334153415944268,-0.6768874669378709,-0.45510142383233787,1.233643389958348,0.3886432300710851,-0.4666583187763798,-0.4179919868079329
-0.6422289385141506,-0.1818632727958464,-1.3519618917381009,-0.8687781654222654,0.38643056618529137,0.35569753228703493,0.563107343752026,0.005345532785445695,0.4465769531566951,0.10453784705677444,-0.28733167829708334,1.4237670463018555,-0.6957597312206101,-0.23153497455044791,0.14435573061844348,0.42016809534820976,-0.47102205308358547,0.7417180323240549
-0.20307074655479312,-0.1875812532484344,-1.393476556250305,-0.9033700455977822,0.13526841725510835,-0.03613578671243428,0.44971054875994143,0.02468722146766661,0.4474326309275819,0.09761716011982496,-0.2711581209715893,1.4275728445338132,-0.5417992602919078,-0.394752433025496,-0.1969998593706226,0.32291822817772864,-0.5341587371194574,1.2273706500675918
-0.12970236388151707,-0.19509432597790388,-1.2761410941338687,-0.8954707272601198,0.19958080846703083,-0.9020160267753267,-0.4090173864209104,0.41878350504972944,-0.005484771476964911,0.35061665881720827,0.013892886746043831,1.243612884766309,0.16300215773947235,-0.46185123204349754,-0.4688983553433156,-0.07719362262315527,-0.5255851770043123,1.3384274091467094
-0.21543213693481267,-0.146809210569396,-0.540915199909002,-0.43914844105207324,0.009853319806389815,-1.2318028719105982,-0.4368104743070108,0.5912504759349334,-1.429311217913971,0.8470531812720835,-0.3962969655766382,0.17131951368215717,0.6882134015813113,-0.28018655296057343,-0.11930394204846373,-0.5139569302473647,-0.4205272032500136,0.1479224599353719
-0.15701978509794629,-0.042038216047573074,0.37100125214382806,0.6889032257467435,-0.020793385098881706,-1.2388359512962364,-0.4222752760051529,0.6547927057656932,-1.4935409526591972,0.7684631932629036,-0.5936826157606581,-0.6078934004935203,0.8759611642397069,-0.49711565541036007,1.2407124852837585,-0.2357733500723168,-0.36943647045505623,-0.3491103559936046
-0.20488086767273606,-0.08974004852585932,0.21416405731282262,0.6566854068390346,0.3223290069809782,-0.7007037327039205,0.1655669525518106,0.010826866505544153,-0.6673776878036097,0.6065240165075816,-0.5670117183442116,-0.5432126841776005,-0.011270818389163037,-0.3792396006249833,1.3019108137342,0.007406066900102787,-0.0391564348698798,0.4356201522778303
-0.6984497503556114,0.29577442705081985,-0.3567963010135668,0.6783115357096171,-0.006604016277815067,0.2783609570568537,-0.15246826820864562,0.3958795558043738,-1.447651748215394,0.5535306283090403,-0.4114146370808822,0.5946869132711459,-0.6070533829775311,-0.06762153546331406,1.291545851266768,-0.21817879725271075,-0.01373169707227978,1.5194445129239442
-0.8506911693368022,0.44672213293626906,0.19006072241630456,-0.2020874370549029,0.0369787597096253,0.20882660040417667,0.5236885058655464,-0.002528537202083847,-1.3566805176411485,0.23251894809809087,-0.5076163851161298,1.153717736342544,-0.6875751246165467,-0.3654937178528178,1.2614755928318169,-0.3363644303090441,-0.03722422976478068,-0.1530036589704442
-0.7886233863567447,-0.14460342161049067,-1.4098249805111216,-0.8970240279366565,0.45168272323540926,0.5174899061584209,0.5967776427099919,0.0015000711667854105,0.3952136333594253,0.22925958429212095,0.11962265759199853,1.4141436824073073,-0.6954423407612992,-0.06264167455218317,-0.08546579516098263,0.10595255945602475,-0.11649445664359509,0.1540102776017011
-0.24247633759498388,-0.19447296040101042,-1.3991756152269503,-0.8847859263376759,0.3830785256772834,0.24610010128060344,0.5468238840108264,0.025040882573725554,0.4591155977201796,0.09992707550625185,0.09781544746282572,1.427254778281195,-0.5775263863421773,-0.35649319169268784,-0.4468882026915286,0.42877746605901423,-0.35698476527184675,1.1618394108925487
-0.10952482086316084,-0.19815313116919742,-1.3679333198386043,-0.8987585147457241,0.2923563886761177,-0.8158155528065825,-0.02756830244831246,0.2917393800491969,0.4447640557127094,0.11397636901246166,0.061408387168753686,1.4042576243797744,-0.08046791833921077,-0.5019621622716534,-0.47482098865852096,0.3888380764595895,-0.5049603586071226,1.3219379619381093
-0.15093622619673225,-0.18793448794879347,-0.770245334422933,-0.8545147689137411,0.055095332473616615,-1.1907383255855704,-0.43033151496277455,0.5824356830235201,-1.068257589581448,0.7318684995905769,-0.09326300535596449,0.9943267612416359,0.13657652103580056,-0.20475581018343747,-0.4506359309357142,-0.4444315363840783,-0.38070825485060344,1.2697822592316106
-0.36667305912795395,0.054781630118551694,0.4614815596729793,0.40668737646293884,-0.03470825526110047,-1.214030776462164,-0.3912163877043104,0.5929965484511572,-1.5150686954124308,0.788598397807745,-0.5690389119587973,-0.3238335211515444,0.8710848266108417,-0.3821211675709563,1.1148683237818742,-0.3811719371270513,-0.14222774641539931,-0.4500892347573685
-0.2396587564306959,0.018882851723731192,0.6673007633460107,0.7070029069373751,-0.030131792891127968,-1.1765305549724365,-0.380885028757819,0.6521403623101998,-1.4244729979795623,0.5047421282255682,-0.6245082773494104,-0.6410891155883056,0.7643918569364737,-0.4786124168714332,1.2603793678813242,-0.44955465263355016,-0.09926947492807686,-0.07047323714902876
-0.6129309826594566,0.465832836294491,0.2906607052744584,0.7072541562269807,-0.017198736416639077,0.39591627614143854,-0.10009151163369356,0.4588625581498782,-1.199598018936534,0.6876108915393897,-0.3399243328873183,-0.17740437654361763,-0.4654745293337583,-0.03290941193379643,1.294471206471648,-0.4545620273392975,-0.00039342748499987534,1.37066002583519
-0.8307040562953061,0.6068154202211243,0.43022781467578386,0.6874012014235878,-0.02201238744142167,-0.0005104101116919502,0.4606468252434182,0.05017107887086453,-1.375296819541569,0.12596872999131647,-0.6072507792351478,0.9324383910568462,-0.6378186623903704,-0.3360739244012463,1.2929280787405038,0.20303597684894797,-0.0744693745795208,0.08091379836147189
-0.8397726871757251,0.13321742913445694,-1.0053647663561367,-0.5139960111502027,0.3774919749705839,0.24468910464468951,0.5757270068281841,0.005208505758640458,0.30950889134706017,0.10494329965517646,-0.46197101555812237,1.3814919854505163,-0.7028749910216402,-0.32846452113337693,1.0342149038955832,0.4232436448081385,-0.43504962774246325,-0.09088659743009087
-0.5715318154270028,-0.1933878929067191,-1.3724636130938124,-0.8478503924013614,0.4557010936566519,0.21235507276085375,0.5526002490826559,0.0357441954737473,0.45726574246172424,0.09898018882052956,0.000954501583017936,1.4202214840947676,-0.6853646247479082,-0.1560977135310042,-0.40940007732680783,0.4406638246886504,-0.23612231249914944,1.4732832817759658
-0.15168520730053486,-0.19900003815386197,-1.3429579064013764,-0.9031983981258892,0.4592353655053067,-0.6208646762606466,-0.05502174816882968,0.2526436928168881,0.4363586085896708,0.16425158296321568,0.13844414816145895,1.354943188758777,-0.3066996736507428,-0.4170215431884813,-0.5048049940939878,0.35198149393606126,-0.34359519524397714,1.5321533967225172
-0.1917722894025886,-0.19589078159304585,-0.660204987350657,-0.8769730369809245,0.3047116989759642,-1.1047569440431857,-0.4175027438073463,0.5845759781156885,-0.8000680826762152,0.7477140808520961,0.05339040013765095,0.8339212343599542,0.045834050050764956,-0.10958952329824748,-0.5017940942212678,-0.3730072142416727,-0.3974748606939287,1.4739183791026855
-0.3713714070424221,0.25705725425564063,0.6304886537182034,0.5663282408507609,-0.029409370951850394,-1.221336944940295,-0.38282987968120336,0.603915117351048,-1.5302122519788193,0.7762961369020127,-0.5082696239403692,-0.20941531587069329,0.8624231901356673,-0.3211663845764506,0.8067192123145127,-0.36597867272062184,-0.13429547554186164,-0.42659978103477725
-0.19271607871923624,0.01684196237756791,0.7049000497539907,0.7150109756902338,0.0012940864833939358,-0.9377243871525788,-0.31651263730931994,0.5281810766250129,-1.3947145289338208,0.40611077081698704,-0.5868809949741078,-0.36276115624724337,0.11041939672123036,-0.45902498653564927,1.1726192021183635,-0.5680111468901687,-0.05566773224012134,1.035654289697343
-0.831776141899409,0.5634593660581151,0.1913169450369765,0.6888769339054918,0.017914770270251068,0.5064384613533354,0.275604192358692,0.1828043062703672,-1.5530669767250012,0.7402511913076799,-0.21470397935325347,0.7256703899951071,-0.6513021644476175,-0.08176495692126037,1.2875959215815924,-0.5620765404361332,-0.003593098136063233,1.0061966707675603
-0.8448965972990902,0.5994955900077712,0.38660836274692556,-0.17510878802729424,0.28282736622411486,0.3036784191310741,0.45843699210560857,-0.0016103688441272968,-0.967545734096811,0.23887542480520219,-0.4582889419094968,1.1685846976549241,-0.692128939308803,-0.46265474354216335,1.2066575889130495,-0.31995733755522965,-0.3966263011353858,-0.3733627859923173
-0.8608648390336584,0.11510320917853098,-1.069370473246376,-0.8971892840217256,0.3769188438554513,0.4865057364408708,0.5410413705656445,-0.002063274633864687,0.43415182188050994,0.20472669787368836,0.06512356092185012,1.4011305227356692,-0.6789115997770833,-0.10009162074293973,0.1266893672897183,0.19221392066218074,-0.043438219389683286,-0.446511632368331
-0.1809552053238458,-0.1951666354345694,-1.384285884070982,-0.8600727576312684,0.5084605555895138,-0.044971270454641554,0.5042210761219531,0.13261019929448692,0.4587373019514752,0.12682921638180195,0.14879416524582562,1.4130957521058196,-0.42371620984302527,-0.46726936271608355,-0.5108428675190544,0.44116009983464766,-0.4821027530230704,1.2671598505889654
-0.1194042870749158,-0.19734555872623027,-1.275756594275101,-0.8986998301939796,0.3532166433966625,-1.050457602349367,-0.3679816848060095,0.5067886680106203,0.38811478617882966,0.20058642367213247,-0.3659738271700207,1.122611219084002,0.5798529578203296,-0.49299788761567354,-0.4768163589011766,0.2353148101778817,-0.7150923377725604,0.8986459620296992
-0.22369046811914922,-0.188632043856931,-0.6356726479010854,-0.37408865041960715,0.08552208957024696,-1.1223526104250812,-0.4373370476227235,0.6256596022802072,-1.3572690186536123,0.8513465307136908,-0.21064745490454345,-0.3562818420053797,0.6502082787439776,-0.15911630963842455,-0.41521286475006103,-0.5645596592616582,-0.3429225920193541,0.8971664830082764
-0.3654239460725729,0.06980460828307661,0.5525894610160211,0.6532541036674808,-0.030275189987898993,-1.1915714870606924,-0.4134774925130117,0.6667031932386043,-1.520589775430465,0.8224008714806121,-0.5692216635946011,-0.6607781087768635,0.875129606078272,-0.44421476095651863,1.2024209483729862,-0.27936801101496966,-0.15725703424748957,-0.441915234412651
-0.5834683771855378,0.037942878371326066,0.2739398129472246,0.7132909179211163,-0.012533783456064457,-0.37035620731487323,-0.3169100313993424,0.6718836922290521,-1.2862773544783022,0.7987975451118758,-0.5763711359329016,-0.6264941633449226,0.2628729151196545,-0.10181751751164678,1.2952485732080006,-0.4344328551441795,0.00023352973100809749,1.1849709508969404
-0.40435485947997063,0.5566046148466879,-0.2523858574017724,0.6767034724687051,-0.01779346092947834,0.4433959097357725,0.08434813937955055,0.1655479273128706,-1.3354066910351658,0.529844202788423,-0.2989534579808752,0.8692921163879378,0.07441059874322152,-0.29105359971647593,1.2997329118754528,-0.411785068359853,-0.03240745185989918,0.783687268113302
-0.853521279708324,0.4810622644676501,-0.5524380668491078,-0.5348905683274627,0.054662346743600376,0.21324299372080324,0.4314792589866197,-0.002396655004980819,-1.1966517075876761,0.3794350697448493,-0.5134039208563275,0.9975376973098602,-0.6232903622658444,-0.4208882009378362,1.2861452583735846,-0.0887233448961077,-0.15046282726570545,-0.42060236267377404
-0.5870085652395163,-0.0749484831567746,-1.2342408947700063,-0.8734758347376513,0.33336942331646857,0.3127516571141219,0.5012825656639588,-0.0020541104059574322,0.42025832348392966,0.15913375113555317,-0.3808048021945042,1.3882118708523326,-0.694495931315427,-0.4077996719998586,0.6905904459184968,0.33173930576478716,-0.619536749638604,-0.24388059186524647
-0.19006170328783756,-0.19640844018603737,-1.3903367112562375,-0.8446143170455122,0.19766578740640908,-0.22813496356501817,0.3037774493816346,0.10459455741395535,0.45579270957073226,0.10727373220066072,-0.10247578848033252,1.3387360410274947,-0.5958576100463747,-0.4626406866636562,-0.37156939188137994,0.43169921110719744,-0.35648115620925286,1.3778803672264743
-0.10120370391171957,-0.19526573544477782,-1.0042156008125613,-0.8810455124579237,0.271186860898355,-0.9436891389571094,-0.4369187046935987,0.6221903333655434,-0.4784954914606545,0.7369566153059155,0.10207018797185774,0.23343270372884922,0.35499128342972275,-0.38123527090903997,-0.47157933613083125,-0.16999435183308945,-0.5473663532970856,1.471295540718012
-0.10077081747294342,-0.01206777402645376,0.430937755111514,0.13877344147719026,-0.012678992704642983,-1.275530363809731,-0.4245128085156942,0.6596542023466039,-1.4725587981072736,0.7792493269393905,-0.5382591698795757,-0.6240310743270375,0.8566423260124636,-0.47644122190201754,0.5396247850162053,-0.35000564244842053,-0.6215035445362556,0.1897386922144676
-0.13127391771525393,0.003313483975382475,0.6286594978456626,0.7053051706025432,-0.007174268273253431,-1.1049523890900277,-0.4261851660675168,0.6162991818044651,-1.5617316196830728,0.7385989661470699,-0.4755606865891481,-0.6527005067640648,0.7395334778582168,-0.4933574388574886,1.0521620117472672,-0.5343682303784727,-0.19078719859329787,0.6756295328472427
-0.7221446703526944,0.5131917747253278,0.3565519751497631,0.7096453580321789,0.01519225775138619,0.2947816102145647,-0.2665458529325884,0.3418782691067369,-1.5588481120621256,0.8408373670402363,-0.3806785986569964,-0.5403166446962676,-0.41674882349168774,-0.022035993008570703,1.2905096165578627,-0.5794035122443302,-0.0020420697887348904,1.2919002219654228
-0.6385925340667029,0.6340922097919506,0.589504164314085,0.6865126049767114,-0.01381185856033082,0.1219044999508,0.2210084751638403,0.013358283495042034,-1.5467115218623615,0.22555051975811302,-0.5374586831624519,1.0345295722653112,-0.32563277715729955,-0.487056078942703,1.2920412475215457,-0.34808895044113664,-0.3055779211630612,-0.21940052137475252
-0.8630345810030959,0.44725774370392446,-1.2393062793495295,-0.44815027361681575,0.3704976363493937,0.152312305657897,0.4945386241052973,0.0045034803454968575,-0.7311101726517905,0.1691417465196562,-0.5773192961872181,1.2728114573185314,-0.6714056422466588,-0.44981222691405887,1.2556777348601484,0.4148814133519792,-0.6186120583715605,-0.4092124799447583
-0.7596169208781505,-0.16180811479258295,-1.3850043631980573,-0.8607199823863577,0.42610921352735637,0.3562732969399428,0.5550695499144613,0.007840798159088447,0.4256768793322562,0.1215177640542478,-0.4232853060146684,1.4158112500148405,-0.6822512930708311,-0.3068368915402654,0.6745804344099426,0.4343676685273833,-0.5870683265546339,0.07211679485855704
-0.21456468728603184,-0.191794430842624,-1.4040850393153073,-0.9032189280350804,0.2000166140407476,0.030677922580633177,0.47871562681995034,0.04635894380532091,0.45120478367218964,0.10034179692338796,-0.22911100051861177,1.4223408907859976,-0.5549241183930731,-0.3626991680656034,-0.22467524851540088,0.38961556045483886,-0.5085148961837064,1.3687122507859066
-0.11172695712118985,-0.1982397873428538,-1.3018230195928777,-0.8992393697650098,0.30373403037379415,-0.7812387794749999,-0.40435070766123044,0.5001950519672546,0.09157172900729649,0.34814728714466675,0.08380796898603221,1.1043873877058572,0.20623835227928336,-0.4615745317048835,-0.4798993451404905,0.07042565774786741,-0.5175803387671823,1.5013305794550895
-0.17084215556459098,-0.17598535023481687,-0.7914105832519474,-0.4984179741594887,0.07338112973163607,-1.122420555775907,-0.4367856272724324,0.6225441093115511,-1.4578469481045868,0.8542312758810684,-0.09884310209045785,-0.19895192587150812,0.6833186645055294,-0.20649802478641152,-0.41022419395169973,-0.5308605516883456,-0.34042910666491644,0.9497935820244147
-0.15421249744592103,0.22925879924530723,0.45724811531613707,0.6779099435708642,-0.010877510575963173,-1.2713965403322245,-0.4197433821972095,0.683130289958449,-1.5470100083971623,0.823782577549721,-0.5942221574786932,-0.6549148740529854,0.8976732378952288,-0.489936553516792,1.1854260561997556,-0.016851793463208226,-0.5287450670971412,-0.3705627097166587
-0.21954604856650112,-0.07701926775614376,0.5843932400473862,0.7064447258214426,-0.02218134095947863,-1.145079540214088,-0.4152229966921389,0.6680636102390575,-1.5268645001834251,0.5716806055850264,-0.6009885499392296,-0.6139745012208186,0.7138516266912485,-0.46653669449789403,1.2697468904191518,-0.45816975971330703,-0.06452765725137916,0.8708836754031898
-0.7404266467859315,0.47532510498327346,0.1446846934913416,0.68551709805933,-0.004561822806699228,0.4115098158865309,-0.11585020454001069,0.21109937671410917,-1.4927536652625943,0.7775883220183211,-0.36158274277377533,-0.2604596127338129,-0.3955430251439548,-0.04696513879305603,1.2982342455767653,-0.572695510146398,-4.732284756625571e-05,1.1829339736808397
-0.8589494539441602,0.6131678610725709,0.2304772918153667,0.537268783845477,-0.00995522692191117,0.2684136378244495,0.4714398509663159,0.010490339519833303,-1.5351973822953298,0.2440650317568323,-0.5911443485209144,0.7802509988163573,-0.5315280595683098,-0.4086922668490637,1.2976982564700505,-0.09047076350914116,-0.06898287306173023,-0.3440555460767244
-0.8468102124634029,0.29547705190649287,-1.1330070757970916,-0.5586876866754102,0.2412087235750805,0.3671158383969402,0.5403699618570452,0.0016498454278979224,-0.1611688896201468,0.129346422611329,-0.5806951062368366,1.3092047829480777,-0.6679581669296575,-0.4837612482366192,1.2429083678688668,0.3528981403405368,-0.5781345364883634,-0.3914600209137702
-0.5732277472598732,-0.15048001716279324,-1.2683985063822678,-0.8217208052195571,0.3392987247547674,0.39250397017446503,0.5364660933974492,0.006688126625858548,0.4253151593275166,0.11626343839090264,-0.4330500120988724,1.4138344782813128,-0.6950124231582143,-0.36215109375980975,0.5685320173778796,0.3870024700874698,-0.5830152113407092,0.7203572290010465
-0.20045901234726993,-0.17406311549915854,-1.3889044104700932,-0.9016067491284108,0.08638492787061217,0.08096603665849927,0.3715209876006645,0.021249143083073463,0.435288612329893,0.10055779766147971,-0.41063627134885683,1.4256647057663265,-0.578534627613609,-0.4161074396215605,0.29390349546216815,0.282451346175853,-0.6282958222069013,1.0711072089738454
-0.12360778952487261,-0.19357334863577785,-1.3107369605481414,-0.8958302911885476,0.11568762583061934,-0.7958177703569197,-0.41532482516420544,0.3720840530769258,-0.2703615812580026,0.34787788590065105,-0.01635903135258024,1.237092558931165,0.26602334831304664,-0.4980153633788097,-0.40033817265007243,-0.14970788111198813,-0.5201832436247545,1.2724352409500124
-0.16212599596945704,-0.11745525173457111,-0.576178151584638,-0.55432091688694,0.01037620181485896,-1.2077317466084623,-0.44053664209966714,0.5086224552796716,-1.4762260324051573,0.8549822132179706,-0.3134648993190826,0.17349500405063398,0.7458194552188778,-0.3649924546460527,-0.06695011494693515,-0.5271243056342149,-0.4012877608806307,-0.05551784619949807
-0.1401068225071591,0.16903625838321962,0.509760420220118,0.683536978633926,-0.021536367339975854,-1.254160270529356,-0.42611227298138143,0.6181148243616197,-1.554115915625372,0.7621338010688274,-0.5998499514136533,-0.5559482070063997,0.8842795057710957,-0.5086853470936405,1.2070498956700229,-0.23598050905384899,-0.5007356150898452,-0.3798210719832563
-0.10610825975453647,-0.024332138907819073,0.6216188940219471,0.543076375586307,0.25094749995255705,-1.2537057395617626,-0.16083473063306536,-0.0017796199605417118,-1.082961857706914,0.366354810277669,-0.6145708598275059,-0.4141731990217181,0.4438263067522251,-0.5190605766957748,1.3018198748484515,-0.17780527386321918,-0.542166733455177,-0.31577809084536546
-0.5731074563906087,0.529103936369524,0.21171151228500806,0.7054809337401937,0.0034656540447700335,0.4128480178242062,-0.16433114258748766,0.6169036074225354,-1.4527755010320234,0.6039171030173398,-0.25266242043379433,0.4997770464041934,-0.6290257603873252,-0.0491621950317252,1.2776264806070587,-0.15974375367213905,-0.0354551662908244,1.56530314429199
-0.7928283326930371,0.37795455019548735,0.29735846770324315,-0.40656902459285615,0.3090993842419851,-0.17628896938733402,0.6014955684784895,-0.003666624061826995,-0.7157173196649594,0.129828075146662,-0.44030198960185024,1.184337418820284,-0.7005635362929462,-0.42940124979373695,1.2852854527312183,0.22737212597140072,-0.35739013880681153,0.072892724787258
-0.7818662311915343,-0.05826547966965551,-0.40977344204575367,-0.03326482498423219,0.2683792788605246,0.41583167417213673,0.5417303686928546,0.008270322535267827,0.34650673321678627,0.11615274820134464,-0.29270223284222985,1.3802585326734325,-0.714106449195895,-0.13766146533296286,0.30636082193138836,0.038527278789591196,-0.19871044304686664,1.3252234011393407
-0.4042721096554289,-0.15983953490308522,-1.3281804719740125,-0.9052022431538964,0.43964861260945076,0.2425558276795483,0.5065149581573415,-0.001326530426886463,0.44057450067478443,0.18892406058640543,-0.07267222406609539,1.4080695031949633,-0.6350023365222048,-0.25153040737265137,-0.37335841966727723,0.07880917081591368,-0.528069911554658,0.6041512050093268
-0.19028678653674935,-0.19944328410654544,-1.3807597926676438,-0.9020332289400983,0.258822147944007,-1.0756959492275977,-0.39421267385622855,0.46160405185755815,0.39366871076620114,0.332187790237824,-0.05171200855423885,0.5641572104878115,-0.10705861744956313,-0.3813815047855097,-0.3201893028428887,0.35404427319575427,-0.11232659335291562,0.5539576238293019
-0.20095114470277997,-0.18672685993151816,-0.9831771062690876,-0.3283169999897921,0.1588735321042079,-1.1560829819284937,-0.4322651149967772,0.6632968106798562,-1.449321602955537,0.837891000530218,-0.11788492618438381,-0.16475896278333524,0.6421920270792008,-0.18063303384731444,-0.4431888044603204,-0.4292765566941929,-0.45764720123064284,1.2815539370572782
-0.29107526937569944,0.2389114521179621,0.559324289127692,0.6773253253548884,-0.027785970844258073,-1.2256226783120296,-0.4235243465750521,0.6797268473023879,-1.5636936990027408,0.82022414296439,-0.5537713009873644,-0.6142128730208792,0.8847711583605455,-0.4668044526294577,1.2090060897240305,-0.2015375909218171,-0.2276137977309558,-0.431065230455136
-0.19298636492584464,-0.06830512693933188,0.6016600264372284,0.7094715800980115,-0.011891655084259517,-1.0883193454130553,-0.42288174648179955,0.6927109504878345,-1.5064421767114784,0.6519814242380948,-0.585950736818654,-0.6612065311464158,0.7433133052900481,-0.4600561517221379,1.2799922538127566,-0.4640402836368358,-0.06210037712737504,1.093679623903022
-0.5040513174014006,0.2865532937866326,0.5986645629513652,0.6250221859970689,-0.01142134241420742,0.012027986276421543,-0.37770362585976297,0.10077702487082218,-1.5198998552992249,0.6938317360849219,-0.5524146724241692,-0.5182016281727109,0.10838626237628549,-0.228816219706184,1.2978885797342326,-0.6021397215114034,-0.007227369089038926,0.669373448154778
-0.4904479977371783,0.6201768207132236,0.4975156133954599,0.627317420160718,-0.012757948328257801,0.33722876542267566,0.11097879009148397,0.020449765168066625,-1.5552918739910866,0.2556344039048558,-0.3664691519557596,1.0657386831941098,-0.1883152112096083,-0.4696553908226836,1.2958817672111653,-0.44533227308018863,-0.14347185351579517,0.2570884154798699
-0.8633743134847438,0.5606978859353475,-1.0143005068491535,0.288008353402549,0.17504341349094094,0.141741000733707,0.47564039428648286,0.018493168057860665,-1.4707859280636764,0.20053756442161852,-0.5684284128307241,1.2658079838647576,-0.6306680078638244,-0.3977228546860325,1.29299466191509,0.4088335056879723,-0.34729153718923267,-0.35303126087186576
-0.7980707346498698,-0.026376258143147785,-1.3343252247640671,-0.8103169248598553,0.4474564465002465,0.22482247252336507,0.5622784859773744,0.01184393502733283,0.346795274293208,0.11506280032596222,-0.4564997836150354,1.4061572244559155,-0.6808005935206533,-0.3777242267819184,1.00875266973063,0.4441086251688241,-0.6502638545802268,-0.09026881256795649
-0.4449104885200139,-0.19372623005627632,-1.3916280589481258,-0.887039858584957,0.40081680751744986,0.20280926859680182,0.520254227343893,0.033773794601705986,0.4529274352901459,0.10467031198381127,-0.08293075266200783,1.4196328965754321,-0.654366882849157,-0.2661333792030427,-0.21415734089979888,0.4407802000852977,-0.3270444474803536,1.3371314913632657
-0.11881082650253927,-0.19331117677956428,-1.3548044997114692,-0.9048548809639501,0.1878929712602976,-0.5755111954497212,0.23672197435675352,0.2323206508369285,0.4362405523152114,0.1005303638211053,-0.03522371230041593,1.4168576925140481,-0.17037601677372693,-0.4873666174057233,-0.45928972761109843,0.3824428490864706,-0.5094184569001864,1.4555182374427083
-0.10498857247834092,-0.18853417070384726,-0.5903434362326473,-0.8923829127107406,0.17217976483106495,-1.0270607542857788,-0.44032037148236813,0.5912451014253336,-0.8965000145134605,0.7903439399449086,0.1139651687070366,0.38327776151258286,0.44058914195544,-0.2933366823580089,-0.45486407149604313,-0.37454998056340516,-0.4239803113128946,1.3611233135174228
-0.27951400162194606,0.22535976045226871,0.5951259222592313,0.4435419528328204,-0.03251372248616333,-1.2234717475428245,-0.41181594215352474,0.6074256367752897,-1.5660183578112057,0.806686614010155,-0.5214386332049692,-0.3318045188966363,0.862825702246766,-0.40049160247998716,0.8343838130234742,-0.41220391837131626,-0.22941185829196228,-0.42860053713702906
-0.1481747004261464,0.2471623667374857,0.7047587085374011,0.7101605909654404,-0.019804966371853333,-1.1251969978742862,-0.4083798888436872,0.5893036172523785,-1.533809008583994,0.4190157552917078,-0.5960760888217673,-0.502561009674788,0.595968936535368,-0.497823292223208,1.203088469217386,-0.5119506906683957,-0.14780515523659168,0.5882880972151203
-0.7565337577820891,0.6037510816538185,0.3899588287941813,0.6982251602682376,-0.006097782355577924,0.5039820761841868,0.24725340897836354,0.36178755279997626,-1.5183505125022771,0.6573862866961596,-0.20576150344667787,0.7522120064236695,-0.6429248478469015,-0.08320712491209986,1.2931326231246256,-0.5220651134520191,-0.008673387787263453,1.2407367322115044
-0.8463714340368383,0.5973660915317122,0.4834748998448636,0.15138405924683573,0.19597415639606297,0.3995693058934545,0.5236831498083478,0.0021251220396447668,-0.8336580395623864,0.1818387240302312,-0.45543054007386474,1.2388834200667627,-0.7008047143063451,-0.41212190810083027,1.2573758237602972,-0.44433572951477945,-0.19555289568899153,-0.2685518975585174
-0.8149264308455121,-0.030451476905541397,-1.324215155462828,-0.8886304907708955,0.5065992385791885,0.49304826891914355,0.5699580578355528,-0.00183366364040638,0.43836194314409493,0.16882898210859715,0.08799758591584439,1.4100915558674445,-0.696036400798719,-0.14821282084839227,-0.2886771536149121,0.2642520976677847,-0.44178855077293655,-0.10000805616468433
-0.40264053556268975,-0.19438960923022108,-1.4032378976345492,-0.8751246672793627,0.5136110466825236,0.22818061836305614,0.533658441875391,0.0645788988364952,0.4593477811991217,0.1526910837296087,0.14925987019526415,1.404883730391386,-0.4670136914879275,-0.37060569648591757,-0.503151911496792,0.4415989479058289,-0.3142540965143795,1.0885605982487083
-0.200178362762931,-0.1987324330732385,-1.3974306172138067,-0.8995604885333013,0.49159670474048134,-1.066154231592264,-0.3912840198111856,0.48634426317286,0.37629638925546904,0.383830725519873,-0.04240958974605413,1.185748761000398,0.36748029538112875,-0.4293661245334673,-0.47607004978308454,0.40356717037056744,-0.6543040847519057,0.9391951306329931
-0.2958739324577504,-0.19413327120482593,-0.8466037461466503,-0.6005542723853683,0.18695516576389404,-1.2279710701489113,-0.43295214817992633,0.6556784892581122,-1.173526736497152,0.8255713198345028,-0.3756528785965887,-0.2441086656778264,0.6344048001089381,-0.13121675912940087,-0.41855569972882023,-0.4125483857422751,-0.5372274442930075,1.067557232858082
-0.31920699590836765,0.06536558882630975,0.6080600990359235,0.63512333709548,-0.031553417516149235,-1.2081602872534059,-0.407591787811979,0.6584191446341666,-1.5095307940635587,0.8132884815288319,-0.5724913379839686,-0.6452266290416226,0.8661567284326243,-0.4345287587371874,1.1334937409137749,-0.3888693519450098,-0.14656998268420576,-0.43417195836414113
-0.29464991274957086,-0.06112821306207533,0.6712316016565344,0.7056138939539647,-0.024679908774126708,-0.9825432001677418,-0.3933426473342335,0.5902289286551449,-1.3333448501731184,0.6396984229129989,-0.6145781708944541,-0.6864374584534513,0.643559880698657,-0.40825685927130456,1.267642328129139,-0.5625719281880384,-0.037036420512654156,0.5391419949636631
-0.7273335087841781,0.4597763183891419,0.15857488026344646,0.6885262307633423,0.0017967977180051997,0.4683359945046044,0.009827918684302286,0.162139891058861,-1.4342472348557713,0.7472814040097233,-0.3292506508630918,-0.13205270229510602,-0.4972153183703565,-0.05822195484556439,1.2972172447963621,-0.5903447327806055,-0.0013274207878889999,1.2401722967526485
-0.8387303642609247,0.6067326949978478,0.2243096398076122,0.5354917362105154,0.005970708346729303,0.2907579050642586,0.48217925273193474,0.006929037870270327,-1.4842673652464393,0.18328524196501222,-0.5820247439432847,1.0578659450865464,-0.6316875793209886,-0.44563882436528085,1.2930885431015158,-0.1862413491848983,-0.24676370369882464,-0.20587917957503787
-0.7629845994477715,0.16226026075810107,-1.2366264886952258,-0.8106867537428785,0.4161618380477834,0.3826308078165388,0.5387260009161693,-0.00012523565937100356,0.30450221253739596,0.11484351591088182,-0.489164629223463,1.3784478126117512,-0.6912776743713285,-0.483373346133815,1.0991193324843311,0.3522636535646975,-0.7193302304639655,-0.21706450509838582
-0.5387497909553779,-0.1752502124380178,-1.3731660498310871,-0.8847907198777938,0.38856352813876743,0.3698139281180238,0.5168067012961507,0.007418347923749957,0.4449701477113365,0.11832379432618201,-0.2802262851826264,1.4204583034054923,-0.6799183884606004,-0.30657213954838247,0.4103780213503336,0.4066404379599738,-0.5909208623141351,0.5921925126615207
-0.19783106935120642,-0.18703685417770083,-1.4095716013141506,-0.9033639931481385,0.13695286316821756,-0.16477092473317326,0.41062480058445455,0.04124996713493201,0.44727153905853256,0.09809173295441631,-0.3029574251378997,1.4268685318719245,-0.41729828908013344,-0.4294432510692763,-0.08419052576557162,0.388755136804626,-0.5821541184372636,1.102189068597009
-0.11914990690648702,-0.19548484211211864,-1.221311310774265,-0.8949106577798988,0.22047712048780949,-0.9578231885921621,-0.4361024922847593,0.517900455124222,-0.5067966592432407,0.5956253761393727,0.031060298494280547,0.9750367578123109,0.3253068746840382,-0.4372878530121672,-0.4513286792840694,-0.21816930530519008,-0.5184313142711463,1.361656623375056
-0.1397532100858993,-0.05846220245394257,-0.16810514919998354,0.21633221849807494,-0.01278375878951657,-1.2530617571227811,-0.43437058425082853,0.672068262994625,-1.4681463297398831,0.8430143517298406,-0.48993489519467415,-0.4859634755626737,0.864845816259415,-0.40669922164472816,0.5992424850236291,-0.29285701922123075,-0.5317314340274635,-0.2560127618612862
-0.20638623561993302,0.014009111719403722,0.6483974591353459,0.7007009026900578,-0.023760013095821125,-1.1814773797167204,-0.42029657733568493,0.5874155106875855,-1.5471051041689445,0.6582175926095746,-0.5990222234607774,-0.6438104353323348,0.7204954248748396,-0.4879893709955859,1.17388466384485,-0.5326726738096714,-0.16473761663474618,0.2252788491227985
-0.5420027329604282,0.46627513080695515,0.24027155891093543,0.7082049718561936,0.029977130141209368,0.4605365547666287,-0.16104356932484326,0.28736028589885076,-1.4773005716520955,0.8234113823190531,-0.12555421037511932,-0.2981228746398281,-0.5519519782612824,-0.02968567854816201,1.2872225218308233,-0.5852341668190073,-0.000986690660055245,1.470499658480835
-0.8426942281561683,0.6242729210846403,0.4359251917889819,0.6474063720806144,0.05237574988244062,0.17077872957912443,0.4557060050945771,0.01021662998606887,-1.5546990755583359,0.23846636249096154,-0.5757218530969423,0.9740278338053788,-0.6697099395349073,-0.40666963445587034,1.290886612453904,-0.16624149883237824,-0.2237634439304802,-0.04596418976745609
-0.7954739749409551,-0.0743385098246121,-1.3202981601822126,-0.9037905697990203,0.5236474885766375,-0.00583338620274898,0.5993751719881034,-0.003934017398412204,0.435636273631122,0.09964805611616256,-0.19378270208007517,1.3956013319671547,-0.6815501773041152,-0.45491841343577377,0.6544176106871032,0.44266714854417377,-0.7420375335231411,-0.265296970041325
-0.47900883289729107,-0.18935168319331602,-1.4044370662721404,-0.8936632721181488,0.497326085188012,0.3199547360944486,0.5269646380829323,0.01372551868303895,0.45561418245366114,0.14224605655563716,0.09999299366995873,1.41754635090847,-0.6046482363283538,-0.23072764504268758,-0.3199993065010047,0.43906397991120927,-0.37393667050881785,1.109132410554929
-0.12482580080281741,-0.19518205878128198,-1.4058141889998175,-0.904564799157431,0.3450484876761335,-0.46910397438529516,0.4116923990625226,0.16134641591721802,0.45152463452498914,0.10759010632755855,0.014103630754615043,1.4215911678110444,0.08745013848798565,-0.4877792968738961,-0.4421092525469993,0.4292237619020396,-0.5535345217824514,1.2538745599464516
-0.11714942567715197,-0.1988697158817207,-1.189053881421645,-0.89783234469146,0.08506944114631892,-1.221187541450348,-0.4220187240346026,0.64913679235556,0.2283049603848457,0.5420447686835825,-0.009144660776164548,0.1821431782377704,0.11122757729591704,-0.2879229423429567,-0.3141654325895643,0.2604572836035764,-0.1613158914588499,0.9540192046968925
-0.23746840414824366,0.0800814145463595,0.22304397287681577,0.4071478952514219,-0.028622202691448856,-1.2323548802098894,-0.4226981826753228,0.6531101167731184,-1.5438172092989781,0.84587373573239,-0.300733558814828,-0.31973126214355496,0.851571438442254,-0.24518113446045417,0.38043817170903005,-0.4023691198046374,-0.14428577016830924,-0.3499654812390256
-0.17425471105305873,-0.029640599459707123,0.5965622983298813,0.7119817972730016,-0.004759703009684063,-1.229819924715247,-0.42170331882015943,0.7388568344316053,-1.5411521334120537,0.7135482368809598,-0.5803012850997549,-0.6898705945578244,0.7994888019298505,-0.4604408021132874,1.2091336439070963,-0.33886613687153366,-0.240608558063643,0.9280083624042632
-0.691477898607709,0.37678992477233353,0.4529774759022974,0.7057536329113363,-0.005562604812414579,0.304443253846023,-0.3006485029692757,0.3944317613934424,-1.521165998099251,0.8296035121573004,-0.41687004507084846,-0.5548469098840033,-0.3661506349886751,-0.013871249891679316,1.2949758655248544,-0.6047890365733171,0.0006577944375363298,1.3974145367085078
-0.8600715865117305,0.5696224202301234,0.19797456914773193,0.577943182234435,-0.0024765441561591384,0.3729687827757334,0.4675597519913292,0.004617562350549109,-1.5363672014892056,0.37494020500548375,-0.577913746021066,0.48870326934791963,-0.5368929025128102,-0.3087788408380273,1.2980834799105787,-0.5237280582879364,-0.007488124676588437,-0.2775250339014864
-0.8652706020130305,0.34897969021224573,-1.36609232623488,-0.6356777028983855,0.250456161505363,0.49560932371053446,0.5233125360043186,0.08171044676974004,-0.5789053869821741,0.32371248019884585,-0.4812992732338536,1.240247087886865,-0.5793480284261131,-0.24130138253823996,1.2804859609689974,0.2993408960819453,-0.09874906621648549,-0.3894837601071548
-0.7751863705222513,-0.12036415501552666,-1.3327136114596687,-0.8784942354645515,0.3916239985017407,0.4148452951135968,0.5661578243288534,-0.0008065121711207102,0.41461488977114924,0.11531708734043389,-0.3950129093680639,1.4109408322210388,-0.6958480001462125,-0.35734730795397934,0.6320901799456143,0.3813106926882034,-0.6050431671992738,-0.2264856168104291
-0.30276037367121056,-0.197889331849451,-1.4096714134410147,-0.8542368888457035,0.29366092204357414,0.07685106570014716,0.49798817848239296,0.07746743221662217,0.4585393750513934,0.09695141207671676,-0.09242188212631719,1.412206887274169,-0.6176172317462968,-0.3949986146953511,-0.4056586695803738,0.43944670030606636,-0.30020527197042546,1.4299135934547902
-0.12029653896478215,-0.1985004819629374,-1.346165802177985,-0.8926728492584682,0.2929455497135478,-0.9475534150003457,-0.37511452682552643,0.5351115871419254,0.2585612548749924,0.25140269909437835,0.04205774560996889,1.1166068372047018,-0.01880836970672728,-0.43272256840100765,-0.48300935695639613,0.2838548233177745,-0.5344484897940571,1.511761400759454
-0.10329801446437242,-0.11320233899227616,-0.3975495331830105,-0.2885629734083396,0.07822877130480888,-1.2178893313651944,-0.43745839876481596,0.6771745753782037,-1.224767763991394,0.8491504028858965,0.06948403648472512,-0.08687917619784724,0.694273646780064,-0.16686612079938234,-0.4726035292017793,-0.3764371825634503,-0.5995157137557718,1.2701065916798522
-0.37072448774289846,0.10232688808601471,0.44683201155463004,0.6393572919289708,-0.03098567204844474,-1.2369569109044338,-0.4185261310440408,0.6747824822144854,-1.5494096878854968,0.8095252479687538,-0.5817445197608053,-0.6070971675255569,0.8856838193472052,-0.4404637591388809,1.235548911056247,-0.14428522974063052,-0.20193948975681097,-0.4457034717874767
-0.551033252228137,-0.03343361604548123,-0.019657040726482722,0.7147090310824132,0.0005572858816433324,-0.7774789006187581,-0.3479004952771562,0.7426222526060122,-1.517333620078905,0.8162831250771319,-0.5065797409214199,-0.6469639292951443,0.39439469160332086,-0.14210179614939275,1.2762365159722828,-0.2535099017929793,-0.0008695539123673157,1.4403266111608222
-0.1329374843701443,0.37377701405267005,0.7008570440889742,0.6226017387551928,-0.019423872540326098,-0.39249692753897575,-0.40541573903496086,0.0874715995088744,-1.446966984988499,0.4941623873298136,-0.5158752117122138,-0.19122208146986952,0.5601818186042309,-0.4485303412101972,1.2898572976002955,-0.5996885805658394,-0.0695701875274422,0.540218462294257
-0.8480705389263734,0.5365896176358385,-0.25580759241258755,0.4476418822214031,0.03579171559569122,0.272353705353651,0.29678429270000545,0.002480413872975429,-1.579898472813177,0.4476840195068247,-0.5032933662524139,0.7992414364909792,-0.5879870529494191,-0.3136110918228346,1.2967683259948752,-0.4535129690592247,-0.03684061840009717,0.045441816956410475
-0.8586110721948909,0.45262722161934915,-1.0903094790982637,-0.5047165890350056,0.07083866380964995,0.12372965265056846,0.4413697415325767,0.03239771343224823,-1.2534818371239258,0.2259243232995805,-0.49061592608847676,1.051105889023173,-0.6888658942373419,-0.23370912802704938,1.2814806765461229,0.28329253238985536,-0.1087627881924707,-0.29055057618350266
-0.5595336148594605,-0.09658916620967234,-1.322089668188367,-0.8607560065666366,0.4357277596658516,0.2464952413641548,0.5065811957877863,0.004921704470722654,0.4071756869038128,0.1455379776696235,-0.1883452744324108,1.4041179650266322,-0.7002510846325445,-0.31405478533771364,0.28266409757955757,0.4316678987728054,-0.651513290254243,0.47927983205477453
-0.26025279079137387,-0.19509808166297993,-1.4074133177024764,-0.8891507109226631,0.24944560822256032,-0.13945396666416163,0.0711663899539801,0.10098669964918378,0.4391935553613734,0.15164519767594814,-0.07755669281079028,1.320869346883579,-0.4904901752635551,-0.4527735708795595,-0.28961858085754877,0.42603817557469237,-0.4086117173683346,1.172872116603985
-0.11025510131006983,-0.19235392776736343,-0.9521616036978416,-0.8868864168815922,0.25202111733553717,-0.8998213973923588,-0.4378414043934882,0.5397470672197725,-0.9227626549390567,0.7870362758121674,0.10753949199660567,0.6435462269403723,0.3341168203852797,-0.35320274741013824,-0.45571243485799784,-0.39032534380159495,-0.3988760386986785,1.418604011093426
-0.1363775668529436,0.06377620793999733,0.360640585189011,0.45666690777318,-0.002369288479549869,-1.2358927243390943,-0.4280209309028673,0.6261657249021786,-1.5561692844302821,0.8436060889540102,-0.49362760995101546,-0.43540743659558045,0.8724622673105334,-0.43573507601707456,0.5142385330418908,-0.4419934845013725,-0.48540705435140685,-0.17450893235474818
-0.12449859752840337,0.2828071481506084,0.6891607834962056,0.7027887072995211,-0.0028912728801142595,-1.177566244810846,-0.42753942452997384,0.5067249892590585,-1.5772715211833717,0.7366816248244721,-0.5530849620586542,-0.6024917079116865,0.7902099124302219,-0.5116995991175222,1.1324544549300932,-0.5340226220722526,-0.31435404172174514,0.1906879309641768
-0.2168516169335371,0.5073406427178413,0.6880430558616747,0.7081799873440647,0.009924078406875148,-0.007804782143589317,-0.3693601881427681,0.14493553459813177,-1.5401629900453926,0.5513121668200245,-0.5137956638476671,-0.1269041625055482,-0.3078971871274292,-0.35726771723043205,1.2847392200591825,-0.5928067126111514,-0.07551575025622131,1.2614694522116185
-0.8117757777075112,0.6265819162694373,0.4298383986007869,0.6773521013921118,0.04445166729999067,0.24917327985099313,0.2716494572020319,0.027168958695350853,-1.5837563897883729,0.33842487850463043,-0.5190635880386335,1.1109932945156227,-0.6696813235529924,-0.40263764749207376,1.2841333240678572,-0.29850279474461644,-0.256197323157877,0.511374443997302
-0.8330571252523725,0.04940913513611589,-1.3136109417434985,-0.8987133876811814,0.5206959166820991,0.02477711132878424,0.5806315072045422,-0.0037257436674249522,0.3034962478398966,0.11142732741808598,-0.2656156436826084,1.3738175778555677,-0.6690647968224954,-0.47342862960595966,1.0467766752279664,0.4378865030289537,-0.7461186696845519,-0.3405600244151712
-0.7094731238724153,-0.1635996516875925,-1.396166955581735,-0.9024492016992043,0.49914914377840036,0.4122819518661237,0.5386257887690562,0.0009249067676472822,0.43189493952914504,0.2436908555995363,0.07052230814296806,1.4214480800439526,-0.6417475253422262,-0.14131295969316843,-0.1746426242130137,0.41828044965111844,-0.3941249435024638,0.27805988787279373
-0.15478171470095486,-0.18662112487767513,-1.4024563486282178,-0.9034736151160835,0.36698350987059947,-0.11413544209247467,0.5312618439738441,0.08601761091820925,0.451732936625478,0.11193757821825745,0.026182114262612993,1.426157233008026,-0.17478866413049582,-0.4359319739321637,-0.445532129001591,0.4280760127218687,-0.5441239162491213,1.2621986630426265
-0.1166452531726831,-0.19675328718972646,-1.3157064789111952,-0.9018020737833093,0.37046243487713215,-1.0671935720629953,-0.4218827942752832,0.5646478247833762,0.26220166099194053,0.5074146104573838,0.020459451722630195,1.04737894431205,0.5038909380644225,-0.45844845128487827,-0.43410695752343886,0.30707488421355605,-0.6146331757004845,1.1471934342036918
-0.1418740695163337,-0.18892053054657781,-0.5782721686065271,-0.1616828387137082,-0.014771130434454632,-1.2641631120652816,-0.4218261595166206,0.6901815087454546,-1.2381479048388173,0.8057159264883863,-0.40951905519031395,-0.6238238170007432,0.7873968790946626,-0.28865263405946223,0.2697229397318327,-0.31977063617678464,-0.2688651226725812,-0.0268264266110515
-0.12526518473010334,0.0073139646047613305,0.6254005639821482,0.6796721748090981,0.0028510466700422954,-1.210478929161217,-0.42055411177826585,0.6579903092976797,-1.5300768832397749,0.8234090068931463,-0.4783509853353998,-0.696695661112123,0.8558340576772572,-0.4880108119693088,1.0337506742331648,-0.4202260243490386,-0.34180394756292803,0.06148927448847896
-0.09133073518847434,0.18890922497370305,0.7291439172789024,0.6962666359831619,0.010556400835721513,-0.9105570897451305,-0.43956643512320526,0.6431059265128765,-1.471577942622595,0.7078140984729349,-0.322820442292669,-0.5733704363909625,0.7256916223624706,-0.4805294363798427,1.233984696836915,-0.5765468321986842,-0.18326685861579656,1.310771545064025
-0.1816245630827928,0.5530452519484492,0.6844448383912894,0.691380711274061,-0.0023118246376526153,-0.3889790039602333,-0.40441355417853764,0.22980829727891713,-1.5178224823324251,0.5077330223270937,-0.46824396107545796,-0.2122601878910091,0.294982310444448,-0.3673559155350494,1.2899960761155747,-0.531859725743385,-0.09642562437410829,1.0519430473785343
-0.784283296917148,0.6314249472887924,0.33370140211643984,0.6557313955164097,0.001496556341891303,0.25162121952745675,0.18476395686900318,0.0408883820724118,-1.5828711212092235,0.2613359384278858,-0.4513337136033333,1.1464069993744448,-0.4765253339910507,-0.4290869176671195,1.2954076753927732,-0.0637760540980852,-0.2147548586056124,0.044080332817728496
-0.834737948677821,0.5307176040193287,-1.011645426650107,-0.8732098174709153,0.1890740242648679,-0.10130227076613546,0.5767154053835337,-0.000592105986872038,-0.638939240464744,0.12124507913324328,-0.49152247335215005,1.3626729037863043,-0.7009456153340484,-0.3582633168206978,1.216282017889645,0.19878352097439406,-0.45385463489236005,-0.14123063052697182
-0.7550622512983083,-0.10189857820177967,-1.3142542545119116,-0.8570927251051423,0.49246157536063073,0.3000877225637769,0.5435815044615859,0.020649173255013253,0.41411565231722114,0.13555818464604114,-0.013600155171465317,1.4204150924523202,-0.6943398749538158,-0.09275921419365285,-0.17385550429478647,0.4378307556643831,-0.35988392130961655,1.1864088677250149
-0.23559896724809914,-0.19586934915021142,-1.3868654097890323,-0.9007647807535885,0.48636509021608704,-0.07262224940120815,0.4596516444617933,0.07808991067463039,0.451954622120576,0.13805096125031113,0.15447148414798945,1.4204926522320411,-0.4710829712715149,-0.37580793552143155,-0.5037133460556603,0.43136117734340607,-0.2524647262408125,1.4920664463669633
-0.11945035170671581,-0.1975986919003606,-1.2699821101915711,-0.903777109151013,0.4577615271978307,-0.93115798934659,-0.3987883313361775,0.4551579017923358,0.22265483497476113,0.4581181054574253,0.1162989764512366,1.2649887223049836,0.2752286158152103,-0.4490654002013731,-0.4872571673416233,0.19505437407299997,-0.5872074666364956,1.3745110055462075
-0.16881645290136338,-0.16933666094456612,-0.0952258013901488,-0.44093158955627565,0.12163631051885963,-1.2322939092014096,-0.4338001166202038,0.6215644556450534,-1.3725694924521996,0.8541304134339873,-0.34661153046854964,-0.3997761244815605,0.8123353441866039,-0.26462443680529474,-0.19966498442671055,-0.4739313683430696,-0.515519145431688,0.46148758351630637
-0.22923671499564585,0.22972308955336715,0.6744984920278937,0.6632319784715509,-0.025200995566786427,-1.2032527476718686,-0.413391478671372,0.5971635389582264,-1.5479485035961535,0.807308439962477,-0.5279988135169261,-0.608577530794047,0.8649893803649615,-0.48240501350065346,1.117342798651483,-0.3693221201184213,-0.23197483329936666,-0.42902420138562214
-0.08988615019830376,0.34001801219206695,0.7289516673495188,0.7077809614439606,0.035840389654521965,-1.0252547810274626,-0.4382774635118084,0.6178991779059249,-1.4389769142320707,0.6855159521975264,-0.2900466380007082,-0.3548869303373998,0.7830156802662419,-0.5138097228774238,1.2397543305169008,-0.5395574257951588,-0.36718239624820026,1.0029798675074866
-0.676309942518832,0.5477229203996802,0.5845261719467415,0.7057593464237999,0.06467816059190515,-0.06438138283106326,-0.2590330794710755,0.0960378328352916,-1.561978107432399,0.6877073990389749,-0.5815055580383623,-0.32986403660132635,-0.16683884415300726,-0.2590088821431755,1.2988189461058042,-0.5107769852110314,-0.04018220825978103,0.3552394996071232
-0.8103443972907635,0.6075498068809082,0.1923698885852766,0.6254597054769062,0.08561068177683831,0.3543297438814377,0.49464964344474616,0.02350861907401708,-1.5044763524969889,0.16704242894180776,-0.49803448074353074,1.2829607269754932,-0.6817763452423978,-0.4170375646427798,1.2910589549917244,-0.08900213123871979,-0.24860959509847044,0.46475282484218783
-0.8202744926782177,0.23533751716162818,-1.2001455121052778,-0.836768018166728,0.4791126215783107,0.4030401854387259,0.5504512024401539,0.0012784070977779893,0.19766594992227082,0.1255189128208321,-0.24615431739002402,1.395772041107008,-0.6972098497356223,-0.3852423450194824,0.9380285883503818,0.36687570653345875,-0.6207399048132884,-0.05379617684903626
-0.5652443483357569,-0.17110441183409358,-1.3724671708818734,-0.901246119968846,0.49265164806844475,0.4019351335862017,0.5575073482559978,0.00362036113988784,0.4467048934978154,0.15115804905714447,0.09484409965800461,1.4261184207746376,-0.6552181477866315,-0.13845829558033826,-0.26187415662095304,0.4173278320932674,-0.41004351600990957,0.9174151907006229
-0.17765578531631054,-0.19560424785963854,-1.407935989112107,-0.8995571475810982,0.459107972926836,-0.21630372734987374,0.48863444259156164,0.1150935700452152,0.4565591851748013,0.11436505389858043,0.13279364485073863,1.4264862960601041,-0.15456384682099938,-0.4622590847521829,-0.46835076049504043,0.4440238790330303,-0.37424024201799627,1.2201308475015784
-0.13087591743342225,-0.19851525432423678,-1.2844273765881862,-0.9010606729117654,0.1698866560785967,-1.1895488188061976,-0.3366439329117297,0.575242636899853,0.4186726981814145,0.20027705938050866,-0.044365212522039316,1.24291601111582,-0.16662536214917778,-0.39063226031906484,-0.3567053792431091,0.39263048188269073,-0.15101993882490575,0.8802383612759377
-0.29881947222639904,-0.05671635972735911,0.09939777098553298,-0.7815225167293643,-0.0031468709649693505,-1.2224652082759404,-0.42213652560032655,0.500758215591752,-1.377332937273612,0.856487278414807,0.05196211310320342,0.43996987711839264,0.6961265679237579,-0.04684140439019682,-0.42225684154561516,-0.4231773386360759,-0.09151998331691202,-0.19344852304419757
-0.13009326117411768,0.07776761208466507,0.0744915080107918,0.6876510949644732,0.08330840218134405,-1.2773937119312548,-0.4192028958098387,0.7280558846071872,-1.4441885799894312,0.8123442963078664,-0.5283957143157703,-0.6553861192533766,0.8954198866831136,-0.4456294926302719,0.9984803352474833,0.3141432950834584,-0.6743623747141007,-0.010224448382647022
-0.12729186550988086,-0.14387689685146599,0.6251321127012115,0.7121746525284457,-0.02354045481513853,-1.2103234776087666,-0.3738601318910747,0.7394145661265287,-1.418039514242852,0.361550697689126,-0.5765973533639863,-0.6397387086146109,0.43944929621895795,-0.4469741431434679,1.2580128863439821,-0.3583024602829349,-0.023837612559092336,1.3311267059960559
-0.48844528008510685,0.25961305428521475,-0.00463829123802606,0.7039667560981535,0.00743196320754172,0.15317570744553566,-0.3531822966058803,0.5259462912230427,-1.4669197232064985,0.7824741073387765,-0.19923929780544677,-0.31713653496742744,-0.32453350704322814,-0.037366695684425855,1.2696164484224584,-0.47286319939737076,-0.001853525560936653,1.5270704080068973
-0.7394298528676777,0.5470133963751,0.18234048404242953,0.5707109891062904,0.25380944601536387,-0.7821341924042666,0.5373516493160558,-0.0028502728024002444,-1.328788295442672,0.2589413693829185,-0.5668846009233353,0.3471627922430275,-0.4365862356043959,-0.4436113990845966,1.300744572924998,0.3407564340609038,-0.3345845054770491,-0.2333619190118693
-0.8364155350032594,0.3061768547204238,-1.1728383890601841,0.5793529188054252,0.3641409973364788,0.5005876419694757,0.5028579437185752,0.4327681541593435,-0.6247384880285811,0.30261888445457696,-0.44376157646656667,1.1841088794526815,-0.6604644111377144,-0.1819880110854137,1.2732002796215078,0.4079570138661634,-0.2590851803801927,1.029449582199204
-0.761883729270916,-0.11866485774598651,-1.1361186525478415,-0.8881802369370079,0.5042034045296299,0.4667637162019348,0.5635416280821621,-0.002185257627388526,0.3854891851668286,0.20586871881110547,0.07522480142677485,1.4025560313809704,-0.7093195425629639,-0.14504519642479896,-0.1963372968477345,0.182507794238854,-0.28004885701405213,0.9544016444065881
-0.8423428514298796,-0.14885353010792873,-1.3529237882555774,-0.9056363732619332,0.4297678802828002,0.4946537298350071,0.5486978701774288,-0.0025679502724822445,0.44289142412673244,0.2934984716182391,0.1785783252871695,1.4122358670750992,-0.6358119606061314,-0.06002701046986464,-0.2819632593657112,0.3083938053755605,-0.019517471496418415,-0.4192555511557863
-0.1279991835063577,-0.19670816889301207,-1.405932372250485,-0.8818127693943452,0.5073260977499949,-0.5172468039144689,0.48932195116440297,0.19216733361294522,0.4587381614355325,0.13096576442507268,0.16239430211926337,1.417482569471602,-0.2696703751645494,-0.4821904005314457,-0.4938675906836725,0.44624797386160553,-0.5025738926008912,1.2185464500334313
-0.14246403681531783,-0.19713068346407536,-1.3313372649766593,-0.8853734013098835,0.4283812115580666,-1.1564903815982006,-0.3622797974526226,0.6121516681526977,0.39923890415894514,0.5121583913033803,-0.04197259074954737,1.018734416391447,0.28114357801271794,-0.3908719724376071,-0.46766476854083294,0.39166423648699694,-0.5818481848138901,1.1044681747504306
-0.37600589791927874,-0.11055062502533308,0.14951335579072322,0.24046996871196508,-0.0296497435743224,-1.240080816917982,-0.40973928151481986,0.6871207714643451,-1.3988105229929233,0.8304208216886568,-0.4017237302084239,-0.36912907937928197,0.7947952482802224,-0.1705191224634278,0.7103703891439401,-0.42065108611914637,-0.07728396391455711,-0.339981407469368
-0.2262310559919155,-0.14352649143386415,0.6115273899056786,0.7098510444808673,-0.005554153749312146,-1.184607497253921,-0.3987053916812139,0.7258708478709999,-1.4020960235858726,0.7349959573932527,-0.585767885031248,-0.7035922715499675,0.684974421049633,-0.43258823206327435,1.1852843353837992,-0.5131069017850876,-0.1328599761829394,0.973874759824685
-0.3542232656426194,-0.08047309590374346,0.708853722595158,0.6942407600384521,-0.010955365359694907,-0.2304315109742248,-0.3944948968701571,0.3556429968435654,-1.4548580309031678,0.7866987091600229,-0.5242227976655967,-0.6582282744173552,0.053346408046687686,-0.21527245960455269,1.231420917693045,-0.6132414653004075,-0.009547595412852106,1.264254917258301
-0.16912230063110562,0.29428782674609055,0.7142856887190349,0.5939834811191297,0.009113335236977355,-0.13226303829589126,-0.4302312394303691,0.05338448437979393,-1.5891429605514196,0.7618353125016983,-0.3739804344753428,-0.3113328770218007,0.4324102730736387,-0.4630435432528722,1.2725027908998394,-0.6139292907997101,-0.058461397736502,0.5785604595309045
-0.8222918580622824,0.5200492801058108,-0.03522417472918998,0.6366398388781833,0.0952992582678962,0.05518377280784015,-0.21661624402978596,0.006199689355989024,-1.5974620909184054,0.6787046978717135,-0.49557833781745136,0.37208168144878473,-0.5042135480050779,-0.35211383046978295,1.2966263327436707,-0.5856553937789315,-0.023639858167407213,0.5134943000332259
-0.853371627876197,0.5804878675343365,-0.8099779675826355,-0.41972220815835354,0.20140058570776762,0.19400928316739563,0.4567976265984237,0.00040730015080453486,-1.548557632225995,0.36354568283499045,-0.29657901372415163,1.2663926254736984,-0.6702808065852929,-0.350579784688701,1.2739077939602992,-0.2947443479918605,-0.05511957819692076,-0.12521015465513463
-0.7079878538914689,0.22760347478853332,-1.3362087824504076,-0.873807121621344,0.4977820022595929,0.13910954867425918,0.5598985267150539,0.03892209247053441,0.2959938728943394,0.20074636901652215,0.09724318120882741,1.4101240287693795,-0.5953815485672068,-0.17252659713823082,-0.2912710640971994,0.44405658584385266,-0.3617718312109973,0.6599857181896079
-0.21894473977323647,0.005432391419526977,-1.2743469339584332,-0.9013723982782099,0.45848449108905076,-0.22705093009186925,0.5314577996049636,0.15207545576152384,0.3465866038424087,0.271343863946521,0.0051228863731997976,1.3602224287442706,-0.22493848716390968,-0.4242882380647468,-0.4786524634979106,0.42441560716996485,-0.6309067314088989,0.9796493569438005
-0.15202344931886852,-0.19283570704892783,-0.6151676598490636,-0.8856145309036851,0.22955544003867762,-1.2127993691416643,-0.4293361123326265,0.6784064635080564,-0.10648034878813029,0.8154520986255884,-0.003945841190598626,-0.6112848134470009,0.5138571921651769,-0.22169548561341718,-0.42037153514311076,0.00505618395897478,-0.2897901441797036,0.8985898806949522
-0.14233762689549445,0.0449811949503236,0.5891785296759563,0.6171303726969648,0.12949148899262727,-1.2212194708614015,-0.4315840400311034,0.6870542102300707,-1.5469515634812572,0.8456011905423212,-0.39711752017101853,-0.6795384545945476,0.8088689368071175,-0.41996727216364027,-0.2062657090739346,-0.5165569315518754,-0.6224056812373715,0.8091312806700588
-0.1355246259329856,0.26373709695359787,0.692879512951262,0.7067975110062694,0.0068183550567078866,-1.2553066235654615,-0.4315783353547973,0.5902310876461807,-1.5707016864401222,0.7665925453613165,-0.5986203651576328,-0.6786450616690017,0.8516855150131369,-0.51836901214522,1.169869349700179,-0.46806613709144707,-0.5584243493787098,-0.09763563459931368
-0.09186010583834642,0.45174290801132655,0.7239979326280429,0.7085257516873049,-0.003998921034480268,-0.4215769166251832,-0.4429426527171194,0.4778081523649904,-1.5263729980860141,0.6096051535050754,-0.411306373199088,-0.07971301479912002,0.6072526394549465,-0.4912376615786123,1.2848082006639503,-0.6010860994902855,-0.21135396539641274,1.1956838057555772
-0.843224460480144,0.6043904244432762,0.2624904628458622,0.682486273375795,0.021586714848284755,0.19203374621078728,0.2212764206406802,0.027486973481329113,-1.5813813283791114,0.4125684418321515,-0.5653503785318408,0.48089686781592245,-0.5504994871860098,-0.32240789486060023,1.2986473118996287,-0.35851708288263434,-0.05793334068432632,0.0954683320857907
-0.8479845578239438,0.49068563160348955,-0.64395792770604,0.08338050236650826,0.19207924940170823,0.3328475707400774,0.47058975911874645,0.009092507664089144,-1.2525056474098446,0.21661775392416593,-0.4855529371131638,1.2374475614925582,-0.6894663456615854,-0.3882927469315248,1.282365164821949,0.2432045676652992,-0.3302743956838953,-0.20073492192446696
-0.713390014884777,-0.08232685198151407,-1.1442751080814744,-0.8029083391392969,0.35467508688177346,0.3975130191293692,0.558824241088649,0.00505271388421541,0.39443954518227575,0.12458620882508276,-0.3483695916905807,1.3993261420054415,-0.705870905175631,-0.31981388422808826,0.8747542488239073,0.39003336460897925,-0.5320595662129234,0.1697781879440916
-0.29124616031005174,-0.19474885302670208,-1.3522333186235973,-0.8885208203833533,0.2570320859706144,0.20587601769534114,0.3880009417479682,0.015009360405689787,0.4524689619372274,0.11154616857889266,-0.08810229345497089,1.413834931090702,-0.6703330997502135,-0.2916719118408102,-0.16173970946321248,0.3920899954953199,-0.3031277534372784,1.2691070117210652
-0.1203128176187902,-0.19710684738279216,-1.2791659902300514,-0.9006988332622717,0.19491767612626285,-0.7035948700416648,-0.20484838420408902,0.25670749963003797,0.36125210309771294,0.16112985412890313,0.10310310151939212,1.3686393143639397,-0.31885877867697476,-0.4490769505521464,-0.4714904677529669,0.23337281159265033,-0.3261480987126528,1.4806499810238862
-0.13533808513383572,-0.1757547010953423,-0.43841800230988437,-0.849932774015944,0.1295014050195742,-1.1319722990283632,-0.4285108675196354,0.5111416762666161,-1.26600562489156,0.8106256523758237,0.07849064501736458,0.9807123353877558,0.1415142244516024,-0.15770043478479268,-0.4875454583209491,-0.5001723722694706,-0.3231669282900098,1.3263706895725682
-0.16078020075082122,0.1390147985100788,0.4265365125323223,0.5420184558082008,-0.011342403726590816,-1.2565224475897814,-0.4064279387675661,0.5817096878357413,-1.5403383247931077,0.8144876058419689,-0.5622052676974979,-0.1879156996510376,0.8880965194535374,-0.42162373133972164,0.8218559598794544,-0.3153910769448629,-0.43958191264239616,-0.3592823498132467
-0.13148740329650316,0.16857363622528101,0.7157271103800255,0.7088820715027238,-0.010343518552674041,-1.0907216794290209,-0.40241755132427387,0.4932593851366448,-1.5300584657242586,0.5139831317704701,-0.5852536065548251,-0.43728051497890585,0.6311784570921158,-0.5065942593957173,1.210081827543881,-0.5590980021660565,-0.15219693345927326,0.3035476727247608
-0.6073434220029734,0.6026397243639943,0.48987238496133334,0.7090615629493546,0.010372492831252828,0.4840457551264501,0.11817109147675112,0.44489218077489057,-1.4836116403023412,0.7109004753805173,-0.1379595949716177,0.4228480867637842,-0.6265595566261434,-0.07248880585840228,1.2881018338369392,-0.42699601726283193,-0.010389142557026776,1.4111711929648019
-0.8463919744843853,0.6278524394927875,0.4854417744588777,0.6630819745595836,0.1401343327703405,-0.0517246950583124,0.4714421645294845,0.02039358546515585,-1.4206055038962986,0.18603693999312104,-0.5779902868829172,1.0842174462585612,-0.6798943239208173,-0.40482213722007754,1.280504759001102,0.2032995328942966,-0.3039718040923349,-0.21025076105798246
-0.7945918535439265,-0.13376341281319315,-1.3078325764366299,-0.9049765594115854,0.5278869923263955,0.023813317152295177,0.6049324457971269,-0.003923061667304939,0.45375039127513184,0.11286902463558551,-0.03556209952577416,1.3925992057145598,-0.6658102251805353,-0.3771413405318218,0.14845397405257463,0.4448709283865695,-0.708004324265987,-0.2525324653458929
-0.4750124358012562,-0.1955432805719029,-1.40454541709035,-0.8956604352417492,0.5171435233153688,0.07355301907614231,0.5705282719250082,0.03521381865460754,0.4595886823020744,0.13603543565689985,0.14848614899378293,1.402251420035927,-0.5353346146177673,-0.2759555256779152,-0.47273843913653846,0.445772742632649,-0.19546529577611266,1.2847171453471997
-0.12918754853744624,-0.1990638597622555,-1.3596458083302299,-0.9045877500464797,0.5095891535736548,-0.7391115449784957,-0.04361947093958632,0.2606803072678271,0.4518919411761021,0.2398875192609143,0.146182687184998,1.3391975184824831,0.06412727344987496,-0.46578810644139523,-0.48353613775173176,0.42706226004960235,-0.4498341169978778,1.3206296430275515
-0.13891403266310692,-0.19658475708141088,-0.5836630099347762,-0.8892424176396632,0.36045729917569336,-1.173498677585628,-0.4316115492479581,0.6100011063691142,-0.2355146289378453,0.7873854401319744,-0.03823052629130591,0.11642845550909131,0.5901367476391863,-0.20723252632640632,-0.4211229115568136,-0.11735825433472619,-0.5335178957536499,1.2329723988035872
-0.366976543076034,0.10586987619732144,0.6491111514203032,0.6722350699458193,-0.03154840446068166,-1.2130539326373007,-0.41637391513692423,0.7063184738188687,-1.5360099016881898,0.7758196078343218,-0.5910205110650044,-0.575169383408516,0.8610645846592665,-0.40434867445435996,1.1369978575592898,-0.390762860781638,-0.166149941292018,-0.40753556515700107
-0.2850957401561087,-0.08590576948004891,0.6978169465347145,0.7121677285260534,-0.016537131646902486,-0.9424888982289695,-0.38393119913477064,0.6389136941850799,-1.3514468736486054,0.6189524544482444,-0.6057809793616591,-0.6752415522361152,0.5320620407208156,-0.41816252138730764,1.212644843869057,-0.5847951602845954,-0.04054027921987058,0.7746766214303983
-0.7422299210880255,0.2316302694689111,0.6324993861559464,0.6695266713596989,-0.017402832130963802,0.20797894537386652,-0.17138624254600882,0.03641695086130231,-1.3959742256034162,0.5120648996631572,-0.5965243924303532,-0.4514137310190778,-0.2958045379982841,-0.21114150925226616,1.2937585158631468,-0.6056909142046886,-0.0016260965265038063,0.18900328081990247
-0.6086745454733614,0.619333018428222,0.569428860029201,0.6486236407529379,-0.026252975095064662,0.37027701355240095,0.4077524960642588,0.019651214100690373,-1.322365371081524,0.10745300699115451,-0.46007805012815717,1.3424177694867208,-0.6150944254760479,-0.45085103023573636,1.2556133311675453,-0.3027929490217608,-0.23475480987386063,0.46797897499138597
-0.8624272172026181,0.244568840851322,-1.1194117973116833,-0.5810994719293308,0.26575736617097584,0.36390246464798215,0.5434468424081123,0.00019992217141717727,-0.5162232002853789,0.14118945779690684,-0.5149111023152739,1.3440772512122983,-0.686289729571035,-0.40670508150010587,1.2519417758186722,0.32832553238519013,-0.2921274472038905,-0.4011255330567144
-0.7405285339265408,-0.18221823511134055,-1.361143184294355,-0.8750474380219101,0.4550994084485519,0.36472200436070923,0.5653828440526496,0.00519922669078432,0.4445140686354353,0.10431856264169398,-0.1220600837266529,1.425091255018013,-0.7001684323802113,-0.14180870176451982,-0.1222488581041431,0.42567171350730837,-0.4153957610146576,0.8372553793888856
-0.352041029398682,-0.19848065194573544,-1.3986198887318833,-0.8992938902313994,0.3947499773057568,-0.1576897469045186,0.3851300950894952,0.06621256601091807,0.45442220084944707,0.10675703048895813,0.05459054182267453,1.4140268575848083,-0.5702754548299359,-0.3437277931323933,-0.49164146778604734,0.41020155045150275,-0.21564590176768259,1.491710006050005
-0.15963810994793626,-0.19830245720782397,-1.1963526512844496,-0.8976616656115102,0.3722821232038784,-0.9092728844735884,-0.42209573716473703,0.5233799399211462,-0.0695661838305664,0.4960395385420328,0.04226300631832891,1.0958647387502047,0.10273390310735869,-0.3365990165574807,-0.49822486555150514,-0.16513491047638923,-0.48366479452148037,1.4650535991426707
-0.23916285133992224,-0.14794858526988797,-0.28587789985553713,0.14542847300732017,0.06761665789583207,-1.2366303155292533,-0.42675062626005056,0.6414524609312955,-1.457306578199339,0.8307116949197906,-0.44563103130795545,-0.23787593849209065,0.8045110278049254,-0.24260285948727106,-0.2101447511076069,-0.4093834947128612,-0.5275148441465448,0.3209660226763541
-0.1369635285317713,-0.052980930312752084,0.42994552036493894,0.6996910151523233,0.011789222952793887,-1.2310898543797992,-0.4210084892460584,0.6290865182217854,-1.4958414845223356,0.755522082519184,-0.5611230044480633,-0.6442791577375558,0.8726963760627486,-0.5058021966318357,1.2180852667954825,-0.1954786066779822,-0.46813935217496705,-0.21108225049182416
-0.12993576112110256,-0.1451462933692932,0.6344161929888893,0.7014593472597981,0.006588279521142271,-0.3753875295540133,-0.4307406670245171,0.44161416056881725,-1.3234116087462855,0.5561609700194999,-0.5031526532515621,-0.5221866095488114,0.3845721952865016,-0.43304147324713943,1.2776531247743033,-0.585146695115645,-0.017642272941860826,1.3069050332482552
-0.7867726966904723,0.5057642314639917,-0.37897936933040005,0.6482111057852294,0.005730996228187096,0.37207813746330487,0.0828769164519557,0.20671428217644275,-1.5371415352332285,0.63687373875948,-0.3920634947640872,0.5966258592488841,-0.5339072048938179,-0.07386079107269528,1.2992492303363345,-0.049667052559225336,-0.010793723696345403,1.1082566576921298
-0.8507574949542779,0.5402844856516233,0.10837659305761094,0.053067340942046654,-0.00013585371674415536,-0.013968956549581302,0.4949456844523942,0.0010233246036950305,-1.3989598890437605,0.21420036215970217,-0.5702748578415465,0.9724642182962705,-0.632143256149757,-0.3793236878560531,1.2887722424949666,0.09490133374497711,-0.05551065415827061,-0.28338487342158303
-0.786306624154469,-0.11771664741586896,-1.364462859303123,-0.8416189839266872,0.2974605301760498,0.5004736550617552,0.5797810033525729,0.019532607401658963,0.3253465426815392,0.18437982424976174,-0.3697419185258396,1.3893495867870587,-0.694519075882864,-0.1966786134752485,0.9346325195241832,0.23028765926093936,-0.24481361801371082,0.17404601742296105
-0.2639532385843474,-0.19095475981120602,-1.3297883334291831,-0.8708534293560671,0.2611420642646282,0.2942328711382485,0.508664575267474,0.008445522361025415,0.4574005586753035,0.0978342554169131,-0.20503008847271034,1.4243767864883878,-0.672101335018494,-0.32933308380113424,-0.08074787051198246,0.38592583920525014,-0.48389135077230283,1.1237867365174865
-0.1112965392622775,-0.19069033454394696,-1.349170580599861,-0.9005112073233199,0.03260900119770055,-0.40467259555011625,0.18491189021805035,0.09302856681919575,0.4481434242430734,0.09424834041422903,-0.2358333114080016,1.4215452400015351,-0.3602618435834265,-0.5072567617733585,-0.31266344258085255,0.26435560585009693,-0.5736223830314401,1.2444056240857841
-0.10578131265350454,-0.18711071598419787,-0.8246010263516972,-0.8767034366639995,0.07989224198414566,-1.0020433523935939,-0.4392328700225203,0.4728690986247159,-0.8466029131264414,0.6907589596550804,0.027606595536183387,0.9682284452054248,0.1804413774676439,-0.4281463939430046,-0.4043238458397722,-0.4682743577766251,-0.4100513997723888,1.2113140144736243
-0.13014570685198096,-0.01319921171248492,0.27315574114572283,0.36295653942355394,-0.025972769004822954,-1.2404170020138883,-0.4293638750906502,0.5827495176353651,-1.5064830635959243,0.8176242160209328,-0.5465886784687921,-0.34133460405694116,0.868395553765595,-0.4619052240057635,0.8400972433118188,-0.4456163976528859,-0.4309868085528723,-0.3618101538178562
-0.1447281437433267,0.09776040067776444,0.699007964603294,0.696425645940199,-0.024192287513912863,-1.0702038725781704,-0.41923011979287805,0.4386355108830485,-1.5108115480925608,0.5322455254952821,-0.6040850371707869,-0.5664445227169097,0.7412737265993452,-0.5120080205807673,1.2447375526103042,-0.5553110795707388,-0.140291544880085,-0.0546344193719005
-0.5462808400858004,0.5705325979893703,0.3741442668036228,0.702867776501665,0.011602893100582379,0.48658610483900067,0.0569347012299138,0.2998871366025011,-1.4498784872330308,0.7617473053007012,-0.11396911121557089,0.18310960284914216,-0.5717050918553543,-0.07318284306469441,1.2923230545419715,-0.4970261482086367,-0.004876962826703746,1.311722809740441
-0.8042188026663952,0.6266946619354223,0.4756343112039568,0.6799112223602224,0.08282401569678666,-0.05854146085711959,0.4288052870460045,0.02638067431938973,-1.4671271658229306,0.1664996441221091,-0.57877247089477,1.1191303439325613,-0.6597825179510666,-0.4437843156262326,1.2882344008285664,0.2746934934816945,-0.4385250004004012,-0.07502039894656176
-0.816475301690688,0.1004966300778704,-1.24184136506035,-0.8513263384414862,0.5082126633838403,0.25445939545300966,0.5669500137119143,0.0038138205174910733,0.4080743388775706,0.1291784893151155,-0.152494515601026,1.4030067060976656,-0.6873110441336965,-0.23496260994492763,0.4277082864218877,0.4410006858245342,-0.5622337282854843,0.03299047141647338
-0.4756665978209466,-0.19356473559800325,-1.4081141372633597,-0.8970755948076201,0.5127797093388129,0.06536091841537112,0.5721106223617768,0.036030284753983066,0.45875995549556026,0.12930715821839933,0.139092930239408,1.4136917786365544,-0.48705659637093557,-0.32109643890387896,-0.4607234998337364,0.44642859025199055,-0.24503628119027196,1.1404674189288642
-0.12541660648741576,-0.19882059152092502,-1.361657252325585,-0.9047304425992775,0.5066947068010498,-0.8026517813069187,-0.059980252814220175,0.25826918512460695,0.4487968776935912,0.2330844391948396,0.1406146837564498,1.353323554259478,0.1325071292818947,-0.4777478341632533,-0.47408623079494006,0.43067084812505774,-0.5028188691794875,1.2321243336057808
-0.1690815923518405,-0.1979562581575074,-0.4249430013185702,-0.8775679685710931,0.0794862522352624,-1.2669688137092852,-0.39065596664251384,0.6795684141091425,0.016080420224485414,0.6283068118036659,-0.23581528411963623,-0.21304425969251095,0.4184381204419648,-0.1280034837226558,-0.26755862704244615,0.08001144719377848,-0.21465052651220587,0.7659216559066493
-0.2772221581032023,0.06124947065343728,0.6030989899901039,0.6428929393323802,-0.028517826134533825,-1.1773188736057545,-0.41103446488486106,0.6505422725518886,-1.5544417214748552,0.8061662094286564,-0.4390041500290466,-0.3631840155300101,0.8314527084701108,-0.3215951871149111,0.6342301588178539,-0.5099110153477431,-0.09228725198225851,-0.2984156534012937
-0.14583311269429594,-0.14816185810641042,0.6976074251614727,0.7128200373388435,0.0069862246708798925,-0.8133819159806335,-0.4036234882027685,0.6304061670404452,-1.4464941459734777,0.5674812193755502,-0.5105904620521062,-0.5916477639641277,0.3295411926645076,-0.46685182261642694,1.1304253572037481,-0.600462641755305,-0.05126442408658893,1.378049624194069
-0.10496966222504378,0.2329327981710192,0.7174731433860589,0.6843721682651471,0.005140573458890907,-0.2871389010133335,-0.4415857954576784,0.20037221155673962,-1.5593728884709028,0.6197602156989951,-0.43934854635052656,-0.016111375601981892,0.6074078242638087,-0.487887280798428,1.274716817672458,-0.607290410363022,-0.0982161169824946,0.6645561627963394
-0.8403482388998436,0.5450321473079456,0.26630292384455134,0.6038463109603739,0.03978566430752756,0.30296294968304394,0.25856579793997586,0.0036024920438679775,-1.5828953709379867,0.3159971783633454,-0.539490483750731,0.968215766542518,-0.6505695275231574,-0.35114487967268704,1.2962217119134927,-0.5174777296929961,-0.04013719099988522,0.28422843564880257
-0.8512041216017305,0.46710739061982276,-0.6948825858597398,-0.7087334331746244,0.3215176795191425,0.3288022342310881,0.5320269361444503,-0.0013491998327624932,-1.0154105854300453,0.1813742583999884,-0.24495083001554513,1.3596007861394992,-0.6965598166438984,-0.3426184683142054,1.2484700244806075,0.02691455446677804,-0.1832644010408941,-0.3036658731578016
-0.7235242338807892,-0.12247432423239407,-1.3323851305910914,-0.8961175162388347,0.4848311629869926,0.4208674762683845,0.5782391561175788,0.003378048848101778,0.42891916015546083,0.12875575665766625,0.1256489797893357,1.4256267344646618,-0.6892446323262406,-0.07069169321725846,-0.33068312718257664,0.410889280872867,-0.2710155925842057,0.6971402470725889
-0.19055472060594025,-0.1958020222357469,-1.3710895953448068,-0.9016913381646299,0.5007207027954983,-0.42661823553520084,0.3664312754002303,0.11878027691877363,0.4433730421574832,0.1664781488465017,0.16300392492081878,1.408206963188214,-0.35889394154437304,-0.42227390431067224,-0.501837738347981,0.4374176103292263,-0.34266247666451866,1.3049630904122187
-0.15883239808424238,-0.19361611336984452,-0.7204184802906247,-0.9009039870953918,0.42472207059467315,-1.161593638661828,-0.4307968897787797,0.5991863527828607,-0.33623972968572446,0.7564907206538957,0.04570496650108813,0.39374968211723155,0.44288534451103206,-0.23965393913495106,-0.4947764891577101,-0.024682792784671337,-0.6039723995174664,1.2608128063917448
-0.1835914157336045,-0.0348665350915226,0.5387380217902492,0.5291367125043202,0.02252667968445904,-1.2548601021941566,-0.4191313021221953,0.6886028728744554,-1.544161862406006,0.8013812399783032,-0.5475539646470559,-0.5504672080943422,0.8582142682339023,-0.3789185364390808,0.27987479653747765,-0.44404710458632946,-0.5464330490338887,0.2625445123639906
-0.38231378319350284,0.3988562270959574,0.7174842695596307,0.6909042140185191,-0.028119186608869945,-1.0050175279948972,-0.40711161253022377,0.5318933813231397,-1.5829315306601166,0.7059004833086222,-0.522822878572424,-0.5543100073221301,0.7479072598283409,-0.48263083810067053,1.1004251691145561,-0.5598977977841926,-0.09830932108487067,-0.3767615543056918
-0.2827472590314308,0.41887823491894904,0.6898746051552743,0.7122325139470386,0.021029029363511836,0.28365600853500117,-0.19034735057477653,0.08069994709301775,-1.35402931628258,0.32013369147388215,-0.5153351441982681,0.26333549191237693,-0.5584771000122619,-0.3187870038491446,1.2862012710605524,-0.5921491535889177,-0.027556819138136845,1.267354093985944
-0.8548308846146153,0.5320135156737933,-0.9697835867102433,0.5681569521958805,0.19729204379810125,0.5101136128474809,0.466616673919968,0.16122523680333525,-1.4534896708920266,0.4757317688387894,-0.23084898760391104,1.2868637498520887,-0.6701662458184384,-0.14756615362906933,1.2864472800894045,-0.15591223160053239,-0.038624771843314476,0.39193641462124296
-0.5946833800363998,0.44614413300305455,-0.6047149593858242,-0.9053948563113545,0.36749838115191935,0.3743723691729045,0.585346897561348,-0.0029371377396074094,0.34327212635838034,0.1285922015974379,-0.014063331292952619,1.4041961716769098,-0.7078701019223116,-0.2760009988330859,0.17555832529599602,-0.05734520815227907,-0.5451849799552622,0.05974025512747527
-0.3397577486117147,-0.18128279411048165,-1.3882583808453428,-0.8995385060361958,0.5092928921571183,0.19906448265329357,0.5345203233873266,0.021522921520807203,0.4549692010602807,0.2086710460149136,0.17081680147096445,1.4166939048891494,-0.43348176471359734,-0.36248358127649905,-0.4438269022979474,0.44439902488545835,-0.32736134257683186,0.38251066783446136
-0.37575908650986667,-0.17340446848840946,-1.2966860264427527,-0.9042667765369796,0.26278100632607,-0.1621691681157464,-0.04766124202572436,0.22683691696190195,0.4390152124194574,0.33567697650027467,0.18029141843988916,1.3896781323426914,-0.061283505018551926,-0.23628225763227895,-0.37103759827748295,0.4395110997630346,-0.024013455488562874,-0.33745053387883894
-0.0952607376203018,-0.19797461093857943,-0.8962640957977224,-0.890492079022479,0.20716201753189445,-1.243854535484817,-0.21628540449666978,0.6892911546230767,0.41047849996134755,0.24832198128969163,0.1154128100385764,0.939580424183817,-0.24135098749188783,-0.17658360703936996,-0.44771297316101566,0.4043041511640424,-0.13598548319512335,1.4295888926562381
-0.2255791180229515,-0.04245725035046577,0.02834829060585109,-0.04837878131984784,-0.022394040160889556,-1.2148491174598004,-0.36014919593017763,0.6020845226325708,-1.5193505222030927,0.832925009652675,0.071447984362629,0.6602978132755108,0.7881424924711585,-0.008315869889669453,-0.36714537037781236,-0.28584845991357477,-0.024852636929793892,0.16764197101521733
-0.1541015976599595,-0.01361203661605176,-0.1771784143733067,0.7070530696400213,0.04507702903357627,-1.2751725473551414,-0.3960488506959789,0.7508571497124004,-1.5322233832814791,0.7839976170191243,-0.49895534968629424,-0.672714487720195,0.8941595245693279,-0.38775501205263313,1.2150475592943693,0.38332526743310863,-0.38672737891413234,0.4654997471839506
-0.147132866569621,-0.1691000027089697,0.610638331012861,0.7007946914497352,-0.005039536507965264,-1.0675331898430251,-0.39779242162369133,0.7209926076255666,-1.3952237118461277,0.5365879961829078,-0.5384882416313184,-0.6091547980786443,0.6899934996508931,-0.4380679081533241,1.2730971356366538,-0.40863564334175817,-0.04055971013919296,1.3696559028892423
-0.3222240196948677,-0.06993143872889274,0.5914494334515129,0.5676676237470938,-0.005899072288681223,-0.06499588777622223,-0.4004409443694514,0.09071412842879772,-1.4527082771003892,0.671446560725066,-0.5309415680393679,-0.2801255126435047,-0.0038647323303076936,-0.19738847737185986,1.2958282609284781,-0.6089334522171599,-0.004207354053743506,1.1240154820601989
-0.8109242340969101,0.29308016743143955,0.20697389701645008,0.15857277157674077,0.02960130340512282,0.36839628406206126,0.2527722554539352,-0.0014538190260408035,-1.5483369289983917,0.4755076043935563,-0.4377107672025332,0.6020260478566741,-0.5357646290600466,-0.3279200965351957,1.2944819404204153,-0.6032815758593911,-0.0065962316988978364,0.3215115494859463
-0.8414581915875192,0.5356382274923563,-0.1522227951751066,-0.24005536153672694,0.05883583397236944,0.3403834021321869,0.5448750715066737,-0.002268792206083059,-1.204440413507793,0.15687413888597584,-0.5347340588292313,1.3218548541763668,-0.6694053802688409,-0.45892950137779,1.2716317609252594,-0.19833357532073617,-0.2415817347570333,-0.3430484149365759
-0.4920272542387451,0.25948473504511405,-1.252402367826507,-0.9012356129162645,0.1662782977058101,0.21752894504073617,0.575859989171412,-0.0019674062446785046,0.3979965813456534,0.09844907153396132,-0.4528316560769925,1.424085824112086,-0.7028398868137073,-0.3621053326926696,0.4456238837317118,0.1810811814652461,-0.7033587267886581,0.03767901834145304
-0.24754498413328255,-0.1919670922045234,-1.3936181562151173,-0.8566523004494763,0.19615048554133654,-0.15570895194762585,0.3711891972881639,0.0933375322172153,0.45187352366058586,0.09918577960391217,-0.06567898822696153,1.41385071473228,-0.544560872015295,-0.4569269381424653,-0.4412188796698189,0.43173847829577217,-0.3155994120615768,1.3105078676335502
-0.09644048591035609,-0.1836272930381983,-1.0807225987031006,-0.8941031157386493,0.033797721975456496,-0.9512919349331521,-0.26944214878591655,0.3708607169345039,0.3391353068065499,0.10887395416470386,-0.07643459426164839,1.3917883534720201,-0.05450901023735644,-0.5086505774893332,-0.47666848104861737,0.059735300352159126,-0.5780698356612581,1.4122893817235138
-0.14675820135405004,-0.14388087787764658,-0.28330086054618825,-0.538828776261568,0.013703786741464163,-1.1046500404519106,-0.43566741563846956,0.5719487860068495,-1.4451134462269404,0.85281321648019,-0.05477351783878728,0.07552640975739555,0.6792074049312138,-0.187449819697361,-0.3842047752177453,-0.5638033776466806,-0.21654960029210105,0.6289572233176525
-0.16328138449972213,0.12656721879175026,0.389775246930254,0.6844195226311587,-0.018900634875894745,-1.257982319109168,-0.41724127947664325,0.700739755822261,-1.52616297701741,0.792089714966965,-0.5877349125709144,-0.6343037021991186,0.8937200683056044,-0.4695536054734933,1.2213153680686615,0.04525195914255753,-0.4278228330288679,-0.35204217889692313
-0.3479503480350524,-0.003848482275271098,0.21403351883452615,0.7137025813360762,-0.014993178306872829,-0.4628648462317252,-0.31082894153482077,0.7464014056382853,-1.310535064164796,0.5985314535629327,-0.46059413133341676,-0.4586742061449388,0.11016765415697878,-0.18234544532745361,1.2774164330309294,0.022140754563125378,-0.0004490559561567964,1.5204109413548017
-0.7629930997463595,0.379614750783385,-0.4629650257210878,0.6584212493968223,-0.017307448589093694,0.15172874935689928,0.25179840382316643,0.3417181678632363,-1.3037556994866897,0.42932669316651517,-0.489631786371131,0.8026645784452549,-0.5547478710594512,-0.035686119646905684,1.2974552987159753,0.17829287830365986,-0.0043322310139748965,1.3271614149054005
-0.8343852677961325,0.32372044214535955,-0.03441613637357094,-0.5226828258158946,0.020530806168423954,-0.31906507689842223,0.5199227222652079,-0.001851303056528808,-0.602785319851833,0.21688873878545284,-0.5427859722155216,1.1527349459060934,-0.6676543339575481,-0.2879575468212816,1.2496995247543716,0.033048571050363185,-0.02573208125704407,-0.19458519071014402
-0.6187753338430091,-0.16665685445325373,-1.0693566949035231,-0.8022716698563861,0.3787536390925932,0.33151503545555827,0.5171063235728133,-0.000507721592557131,0.4471529916503262,0.12312276015859364,-0.1364701403462305,1.406161752549811,-0.7050645252047134,-0.20225800025470883,-0.27049558798888673,0.2748121190562182,-0.2166388424162465,1.06183276207703
-0.23213501406378562,-0.1967977545010277,-1.3531590550769672,-0.8892929676990867,0.3474649836434978,-0.07888869599926113,0.1257578355743684,0.08502282134647099,0.4510373684561467,0.13244777401751967,0.026522028799902175,1.386819805414801,-0.42918152345160965,-0.44646199855785845,-0.49117827337757114,0.29283094132977844,-0.3213854276496078,1.3838920284661438
-0.20523389788176388,-0.19318335829747374,-1.0460918659658343,-0.8727619361972879,0.23491847155811518,-1.066888499072399,-0.43301974859415526,0.5302190608068722,-0.8763543528204276,0.7213438024947711,-0.12349770989798965,1.0691006635372708,0.21703115311316787,-0.3120818431632432,-0.48037501708332064,-0.4306695752628863,-0.5143809092800113,1.248508187058754
-0.17239463612560574,-0.04961513542333662,-0.008849839026531747,0.19196462045651913,0.018295643933801675,-1.260656380041387,-0.42351204982834745,0.5579400348629991,-1.3984120293488695,0.8345027815130501,-0.5543200566527862,-0.20054840240488525,0.8711703356194066,-0.4167333602430868,0.5917347280838156,-0.2966188570871243,-0.5791854368590432,-0.35902499572976576
-0.16216903309765046,0.045188258387520164,0.7080029584392836,0.7048303196133042,-0.0011628187756788366,-1.0684275947618747,-0.4096930102514469,0.37784132135479503,-1.5394958462416746,0.7149979453387725,-0.579071373351028,-0.563839380924823,0.6410363481344509,-0.5062848556445765,1.137179408408489,-0.5966811069098319,-0.172747105889799,0.15464991791558153
-0.10227863071151494,0.6083769589620724,0.6698011121079485,0.7151785074963689,0.010518667431728829,0.42684116394904603,-0.3340492242791253,0.6116250121478963,-1.4838835442230798,0.7555887108870202,0.11312532241031525,0.3734262221151203,-0.052680734668611284,-0.25623905467933555,1.2251391057470107,-0.5752364680511391,-0.04454139490501763,1.542655125461619
-0.7624703197389542,0.5040320343931848,0.2579378525564556,0.3819182831218243,0.48318124110621685,-0.8312242179924512,0.4406300034788871,-0.0032364795499246757,-1.4976270012599207,0.3782836286135176,-0.5528672825516423,0.4336346290353378,-0.589150575868907,-0.47152334674430374,1.300615547591593,0.20447374543399932,-0.5799955637932497,-0.3667681489948392
-0.6886730562470584,0.40331666647660835,-0.02054965740736081,-0.8805607838708662,0.49576766850551834,-0.42613086930935473,0.6036005306502025,-0.0031094665666473453,0.36051055253130915,0.10157231412007722,-0.47021279134396077,1.2070425753525118,-0.6955253803704096,-0.4796421255620765,1.1921727516528033,0.396990153979156,-0.7280419660054032,0.03720470592519043
-0.71112390514669,-0.1109452223373305,-1.074017138514694,-0.615684718620038,0.4795940273271846,0.4591234331357813,0.43492165082568646,0.06859923872905699,0.4379797796971322,0.1739633254751608,0.0539457908467072,1.408909335238433,-0.6929059285842514,-0.059542183649354014,-0.3817396721206642,0.3574931303346347,-0.15484564797238737,1.490671933483789
-0.1527444842355326,-0.17786667304104625,-1.2436518910608645,-0.893985601376369,0.4115844780699062,0.1849459618273711,0.4902649975431179,0.11155330707425654,0.4505405866709541,0.1339878883907255,0.11692882987640196,1.421875726168838,-0.4700852854722619,-0.3635105971434283,-0.5166368569102023,0.15710967208302407,-0.38161692547377796,1.5057456262746527
-0.16952838201871812,-0.19407555884415623,-1.3258298737458976,-0.8967674524913645,0.4082526252717542,-1.1460798134702705,-0.41881443904602944,0.540627453234602,0.11524891860471709,0.5351884860637428,-0.05697073131676886,1.2221503018860114,0.40228619017604356,-0.39799562587306375,-0.4826780212079024,0.29101032557928563,-0.6267725851271617,0.8639196137403143
-0.20502916877248467,-0.16553768533847119,-0.3390968360480576,-0.32117794195676325,0.06307930074570661,-1.2521158074550294,-0.4279755787262326,0.6589093504392463,-1.3121366513140917,0.8253647742230596,-0.3868187556689906,-0.1955563082594105,0.7028775186758399,-0.17057573103741586,-0.3407201865856385,-0.4055553716775537,-0.5118679241022821,0.7527445835157228
-0.34914002886578543,0.08774261149523113,0.6194465086321411,0.6534815305152892,-0.03140492268391962,-1.1843492286389135,-0.4015130748959184,0.6334978422037381,-1.520068866699946,0.7763333519078857,-0.5698678918066984,-0.6271007985527834,0.8584476991117574,-0.4525256956098842,1.1917061245602034,-0.3520629071876841,-0.12740108218881963,-0.43751455325519084
-0.22842499470171723,-0.09259819998248636,0.6449876103710057,0.7000666543870043,-0.019073686905516335,-0.6279822923037076,-0.3975300698988962,0.41542407767501166,-1.0930366684363486,0.4965525752277347,-0.6050206283990487,-0.6001088308428041,0.4997521761589265,-0.3832798946958977,1.290087941281166,-0.55362873883538,-0.01679661452752229,0.6900512072190059
-0.8139311041020831,0.5005478603101701,-0.2386766892690148,0.6368337109451674,-0.0060263632511627085,0.4386527575828172,0.16880323918982953,0.14719875437140345,-1.500450958914032,0.6502131525353918,-0.4053900800555308,0.4585484603955897,-0.5222577887569737,-0.0744393925152469,1.299263832865622,-0.3622655622981774,-0.0028849950122940005,0.8276547275964178
-0.8458521705913147,0.5933154850255173,0.10774498864627008,0.2630752628858912,0.013846506398307118,0.030844135325375777,0.46775618301214095,0.0025720331840592414,-1.4015696509924176,0.22364710495210588,-0.5745537599245683,0.9582209048873868,-0.6051968303640507,-0.4318137488655257,1.2913514959609174,0.16467026974757104,-0.16837308192318856,-0.35208441639917387
-0.6948272258477759,-0.01855602045025287,-1.109841218054543,-0.8657176595256779,0.3854839709058213,0.3364749370917415,0.5667347889519381,-0.0015474595202220054,0.410661999807608,0.11312508157524259,-0.4176018653458305,1.4034614560988667,-0.7002225654898238,-0.42019025151595946,0.8569941405263806,0.35452004319969527,-0.6096277387278559,-0.138436693423152
-0.27015016585138674,-0.19508731536576185,-1.3494696935451747,-0.8862790898745536,0.3425366928468901,0.16463051987865918,0.43986253435981987,0.01853683020636171,0.456967931235826,0.1032571664541716,-0.0826717856570593,1.4167310352590907,-0.651088343506608,-0.33675227887320397,-0.23438860035691023,0.4139071814094567,-0.3593438778377938,1.3311052188946202
-0.10081455325581518,-0.19623462708071465,-1.2819598241634615,-0.9053198059357739,0.18498777436283412,-0.876214011369195,-0.18922096223810791,0.2926762500928014,0.40023787020054835,0.11849480170298077,-0.06985487186834533,1.3678454748170354,0.15104286223332491,-0.5090601576698351,-0.42696953543785565,0.2555891663849938,-0.581175980658089,1.3356705526407957
-0.1311972520085371,-0.1853091889668858,-0.42164202895476677,-0.8232560453863573,0.11423135862127723,-1.0783814524402284,-0.4353921333140468,0.5455007323942508,-1.3340549067879892,0.850903048012291,0.03601264498725115,-0.04953818520306719,0.7140218215752268,-0.18123461320542575,-0.411080131013546,-0.536701633143605,-0.25859866093746675,0.988556834843954
-0.33228978217663513,0.2669423926412855,0.638866985852707,0.6099639333817483,-0.03266761990181913,-1.22318977706125,-0.40428174446321724,0.6272410861819344,-1.5610194757497766,0.7798912974349418,-0.589691198851263,-0.47560183830202185,0.8814410037274363,-0.4367739809547412,1.1230457946698333,-0.3353682195164195,-0.2307753415190461,-0.44315903062718387
-0.18484978596347507,0.08285770458727734,0.6988640359044785,0.7107720336382365,-0.021218139933772057,-1.0547193614192867,-0.38485998382271996,0.5777794973029199,-1.4311815166146495,0.4271370919378422,-0.6122178229757163,-0.5590255643047122,0.6198320023746323,-0.4800394779518771,1.2521908361223006,-0.5169953042333644,-0.0741644056117165,0.38241376100698654
-0.7420904230372256,0.57304204660563,0.31354957304472497,0.6962623750586129,-0.003217985221416919,0.4888241604004837,0.2072433051622261,0.3484403615841807,-1.43644419888999,0.6496231503036738,-0.2639601470902685,0.5414779611213704,-0.6226766438719821,-0.0553558758699465,1.2942984280374312,-0.4507739321160722,-0.007602528233497163,1.2746244696277143
-0.8479625734900614,0.6098261776813443,0.3947282054070621,0.5198401982713294,0.08929256778581621,0.19677482785585876,0.5144120366460185,0.0033925875856089527,-1.2830691460588026,0.17647170536724988,-0.5628857978332904,1.1382632871907745,-0.6838808546128775,-0.42213154030979155,1.2787085389246604,-0.027240476483415967,-0.23343783682600588,-0.3048396828133725
-0.8126679597319095,-0.04507874357149627,-1.3075592736265196,-0.8930741024600408,0.5153451235383618,0.4012044622513389,0.5818827011817331,-0.0018309304496270662,0.43706215768239265,0.15567473511096747,0.04661539463934,1.408567334775225,-0.6934955824383306,-0.15590808115914345,-0.15896250454613925,0.42169701198357645,-0.46699371458859584,-0.022175881159753774
-0.3950414316444625,-0.19661592926754257,-1.410154755120812,-0.8967002460905218,0.5202197610926675,-0.11621357816344147,0.5491464478909767,0.044960560717822895,0.45933513450513386,0.15126480349201388,0.15902575306079203,1.3941134003131537,-0.47159128020238394,-0.34610441329199254,-0.4926343308034873,0.44606355435368306,-0.2547363752663198,1.247350032291372
-0.14161212058888828,-0.19901969290576038,-1.3434909277399103,-0.904283481297996,0.5140586481789875,-1.0239184316494727,-0.38033902785001866,0.4509164203525334,0.41520130346518747,0.49143824395111735,0.09988385346164663,0.992609902097699,0.44290638282599326,-0.4226908008423972,-0.475262497221265,0.4036300802731668,-0.6177183509226802,1.1746146591386988
-0.22414771431771457,-0.1965423929537522,-0.42341091266320807,-0.24026720937915264,0.05667600305774692,-1.274382267188039,-0.4010736563571066,0.704192304040392,-1.0068377537868227,0.72114238035097,-0.48071894477589194,-0.6438084947206653,0.7758408159411215,-0.21048463174302756,0.11382263194083808,-0.11931300128686964,-0.3295541022995702,0.41155401544856496
-0.11203550631568887,-0.0773053007315409,0.6060933537960209,0.664923274999962,0.10138807140525463,-1.1664016848908327,-0.41241287314368125,0.6121344191924009,-1.4855204930021668,0.8197685036715849,-0.3390767248414396,-0.690871109247522,0.85624702842134,-0.49201793688774587,0.892152890034523,-0.40154840704004524,-0.45522630620778715,0.45293411328627026
-0.7247391012126809,0.33995437836792725,0.7018762533377542,0.6781408566296672,-0.019604427217150916,0.15486447906020628,-0.41381438534154175,0.32758372439551864,-1.5700685536483912,0.802582576697922,-0.47981667899320546,-0.6381551694923631,0.31577571908326385,-0.11496444177142265,1.2748776089557672,-0.6086572191133529,-0.005415998577976533,0.04542966139616966
-0.1769902002926272,0.6154074011213604,0.677024521550924,0.7035606609368658,-0.012868540396512668,-0.08134949461942548,0.0015243978551280485,0.1291992920417595,-1.3609877606032228,0.13131562739955815,-0.37814914475823125,1.164693383135401,-0.44965604062360287,-0.4420574535056281,1.261845723359611,-0.19527269163281127,-0.32708678322744694,1.3982001051369954
-0.8628312026261953,0.45387521073224246,-0.6429841934573801,0.3129233107800746,0.1880553747810501,0.11460029300645347,0.5104462724484997,0.008026425452189456,-1.4370746304461124,0.1981131395333916,-0.5521623154249546,1.253049238382981,-0.6913867153041077,-0.31332022875572474,1.2848116878351235,0.28988853267630815,-0.14172006197012543,-0.11549252094327922
-0.7670232659705895,-0.1444183915257406,-1.2560119702186863,-0.890035821158545,0.4805914221332597,0.2992819680745934,0.5754247223692454,-0.00032618260163036483,0.41159595201943877,0.13432843596949823,-0.0897672136871143,1.4134971352861117,-0.7053589163553785,-0.17430052439783694,0.4202968046932408,0.42389286866443565,-0.3883280769747787,0.2398977827597058
-0.2958492815918453,-0.19773329565348857,-1.39120131844202,-0.9022785226192548,0.4742863362988698,0.008976302847090945,0.5279042299632174,0.01673547373882711,0.45787266098970425,0.11535898333265249,0.11727247506086674,1.4197578072798867,-0.6116967739245128,-0.32270535026501,-0.45237036269793274,0.4334404684717411,-0.23870531559360952,1.3690527292560841
-0.11025822196763368,-0.1989504881487577,-1.302283591429087,-0.9050242527147769,0.4670565449626851,-0.8202208580086195,-0.24139431541009604,0.3234892151220801,0.425129142420802,0.24066523836049108,0.13694039689488197,1.3316131552689958,0.03839821014946161,-0.47843672282609223,-0.4765710037169192,0.36361114213191625,-0.466732361833313,1.4099358074156882
-0.12498947230549207,-0.19349352780896006,-0.45385855991645363,-0.8711066154295589,0.21733156790387215,-1.1588989271378183,-0.4338164066403227,0.56756620646406,-0.8805740818879403,0.8166946326827471,-0.03445203168782607,0.2495816088524031,0.6109846283247947,-0.2284201311652492,-0.38274746458968867,-0.40407278969085214,-0.4378512229373026,1.15958989554739
-0.3175013120206104,0.2568838730541017,0.6780130044482712,0.6338454470875262,-0.03232695229799867,-1.2302265070792102,-0.40414353283337534,0.6381881353891062,-1.5480666826540495,0.7532876684150098,-0.6001808773446602,-0.4831946108327434,0.8751117392469239,-0.45353409881479023,1.146932481309142,-0.35690915648042615,-0.26161121137609583,-0.4403461234823821
-0.16315455538709167,0.12459313056414086,0.7144617021974514,0.7112643641020465,-0.017125742264391147,-1.0376084663175011,-0.38993505402063483,0.4778868521818439,-1.4144940811142495,0.4397423622886854,-0.6144253896255576,-0.5300611588939333,0.6016948444158077,-0.4905717381293344,1.256209419489946,-0.5563670151550251,-0.12147795918601928,0.24203335507553703
-0.30988647672787306,0.4632844036671412,0.6913988262474936,0.7044999527019572,0.0072586571379471,0.29898969954064847,-0.23910005306295395,0.07123318482476648,-1.3962689672433952,0.35814548971902666,-0.48504233920811535,0.4239974544544087,-0.4844293974492335,-0.3520094369768697,1.2821627999198102,-0.5829514722877085,-0.03441834529785692,1.0618664354345657
-0.8175946396395444,0.5966926471217633,0.4917254103574077,0.5667869681141495,0.16657144289867762,0.41928800567517055,0.4616822873782945,0.0047227557435708944,-1.4484487968952204,0.21851939880498766,-0.3617870770798166,1.3189616609254822,-0.6960160645679164,-0.40100113892187356,1.2600006828867458,-0.3968925671653473,-0.14419697591996372,0.17095752285431742
-0.7277301117566528,-0.0004693922606861245,-1.092044644678949,-0.9065566361253452,0.5066384284790265,0.24019207049468516,0.6062458207460558,-0.003986660030902589,0.4454269634878588,0.09837608540855103,-0.08913236520079762,1.4036560347622542,-0.6796708674799752,-0.376138670162307,0.25826513051098227,0.40089069471090666,-0.6754276760143492,-0.2561674689916229
-0.8247431345786517,-0.09195252260420023,-1.2478720098842433,-0.9064822152045273,0.4233469352847147,0.48557400789305927,0.5352473843825578,-0.0005194122993362194,0.45181563127014635,0.2976921463257189,0.1922237807605257,1.3995009911168563,-0.5459492071243454,-0.04123210016991377,-0.17834420192620515,0.4220667067008673,-0.008518560568407496,-0.44769679949180385
-0.09903552227106382,-0.19605856056434623,-1.3618322308111113,-0.8993565451901102,0.47700693504993796,-0.42684783034036694,0.5380630224514449,0.30863993890959873,0.4585713601366733,0.11033949879522831,0.12511559739482542,1.4100342431361406,0.09115391235070779,-0.4818547798550892,-0.49017712832859517,0.44449670162087973,-0.5305383388322863,1.268587944742098
-0.10318902433453209,-0.19813227459807475,-1.2299908258398626,-0.9009335714692498,0.39765588974914434,-1.2126712700881028,-0.392817880499351,0.6475529657188792,0.43335280866569514,0.3562889429976998,0.03220242736382839,0.6335716123336588,0.456378821005292,-0.31964806386969863,-0.43922040366533754,0.42634698871873733,-0.5553805739580254,1.1874744437810685
-0.23366767612042127,-0.16056913932387218,0.19733960100949732,0.29546877230185503,-0.03344694679505342,-1.2776555222044848,-0.2935265315273869,0.7109661154472846,-1.1469675126800252,0.6096408431149003,-0.32530377637869945,-0.5292975928890715,0.7892312555326485,-0.1059772696458745,0.49800195075942216,0.11220369621344173,-0.03831628877307952,-0.35440772458983416
-0.11997730035370258,-0.15099547242054007,0.4529258556318907,0.693549715547943,0.011847228746633548,-1.14430549718776,-0.36768288653814674,0.7262495211178887,-1.4228622634642267,0.6629584536612273,-0.277334514085093,-0.6741546803271278,0.7491652978014636,-0.39441003794985885,1.0668798901185654,-0.12807837112516537,-0.14794415751051485,1.0082909264569164
-0.20488193894324308,-0.14010108130334048,0.6790485148350746,0.6970948531923938,-0.010204829663402998,-0.4759593170152047,-0.39603249729056766,0.5158579921843629,-1.3227168386692931,0.46214190664642835,-0.505988295635633,-0.5046275670415545,-0.06299468989649179,-0.25505173853093044,1.2310302455475592,-0.5952262559885079,-0.010438408895025009,1.493948470885854
-0.7012232464096883,0.08324925979436312,0.45005012788603116,0.45539047035314084,0.007723380928592732,0.11666900281784287,-0.15866852242267548,0.005231818268229382,-1.5362289473393966,0.46232182187037746,-0.4657342620801932,0.48310921363435433,-0.6241027462668085,-0.19936178367029161,1.2671869253687524,-0.6099510713922559,-0.00450256162590712,1.2015127038496067
-0.8555078577095576,0.5264261329102522,0.27702855516733094,-0.6113642379664421,0.10490199465207042,0.382260350366447,0.5259260700687336,-0.0037848632730227982,-1.4624173159716702,0.30745009320039973,-0.3973062934218945,1.268259429212626,-0.6981141825515723,-0.36206865778856456,1.2230643478731178,-0.5805579485728377,-0.03692380845894544,-0.19189623344476703
-0.8384849268723803,0.06913410582643736,-1.4121937558018725,-0.8904178517800497,0.4901078442026007,0.5127168951022959,0.5867411204505951,0.009392974905903961,0.35083865564965244,0.2926902562419474,0.13800355622622934,1.417343104179626,-0.6580117648637342,-0.005489150173871554,-0.29445327125379817,0.2948267540281653,-0.10695477100791068,0.22320798367814781
-0.18562459400189163,-0.18803609174905261,-1.3524125017677409,-0.892508271047759,0.48389790480610606,0.053637021687898634,0.5535046304330731,0.07945459972117574,0.4564462244129682,0.11278199555113833,0.14472705876319641,1.4230584642942943,-0.2567953621846724,-0.482685287334888,-0.5013201113769746,0.44197241404801124,-0.4541239919920682,0.6433393844446684
-0.10449166598252801,-0.1957380003241494,-1.0995312010642977,-0.9039202858997821,0.012554950239472451,-1.1747050753503705,-0.032731391047735786,0.4885423227592315,0.4554339977601932,0.09453695466190248,-0.47047957017386766,1.2790744580463103,0.24872727507139622,-0.4898992265767562,-0.29201715526709304,0.4180981852431339,-0.3185205613850246,0.012847971396937385
-0.10371615928943301,-0.19711996724265807,-0.3255403596886852,-0.8679544028159714,-0.009402402068622112,-1.17450941235533,-0.38192511801903245,0.5961972985977384,-0.1648062875428939,0.49755453627954793,0.08907516707788399,0.06820567863919891,-0.09662341955042181,-0.10670533127255322,-0.4520203923784827,-0.21356265241731046,-0.07551781737529817,1.0872209081700541
-0.18208024895257624,0.030886046264903294,0.08510684790369272,0.6906218309279466,-0.009149835527445055,-1.232483360672798,-0.41279191719158537,0.7171310224781069,-1.566929779262388,0.7934451981971421,-0.4950961328915784,-0.5180046560882644,0.8761318433196569,-0.33423009380906404,0.658031273545798,-0.2139529315082732,-0.3405446155563315,0.21589804107387667
-0.1954867335776207,-0.15733086246174122,0.5615563806698601,0.7112555517353655,-0.01643876736934899,-1.0025623960278893,-0.41061910106447397,0.6936050713605303,-1.5084676736762406,0.497411342636605,-0.5600790742243058,-0.5518714346983354,0.5683163109252453,-0.45081881796715734,1.2184939741543794,-0.5287362886951297,-0.054365837677532725,1.099542041875291
-0.794144341933881,0.15159076006325933,-0.08308505986626324,0.6905003461587,0.00023087838830834762,0.44766785788396357,-0.1770729015829226,0.16248902747094063,-1.5159133226740074,0.7991928439289506,-0.3644828076758517,-0.18289753662213692,-0.522392443656645,-0.006559640748183743,1.2967834733946586,-0.6052709866432565,0.002757045732034502,1.194631920052724
-0.8604223111603193,0.5510444482809984,0.16374499318606262,0.5031904903369189,-0.01006172047860146,0.34970542798361537,0.4397132619964731,0.0005617139458450326,-1.5314092677039408,0.3114958860009379,-0.5871815749696997,0.6236084473357946,-0.5725303554691602,-0.3397582237899679,1.2967021787166857,-0.5149330954413021,-0.013412028591040126,-0.33681138469870575
-0.8596794083522195,0.41751548458907983,-1.0360528230516957,-0.851699605115907,0.16825809049155296,0.382306228462193,0.5606342081100368,-0.003039322325972982,-0.1977933777544988,0.13465459126189439,-0.47287196660525505,1.3481001392030083,-0.6731058964005423,-0.43298881922873134,1.2361044610137606,0.06269734259991674,-0.30803009284594907,-0.44409592964149736
-0.7298613112763286,-0.16743610903074707,-1.384966974079893,-0.899705069450388,0.4159676498924064,0.4090429147168134,0.5773209567734421,-0.0025530440471391858,0.4426634152846408,0.1116124476193896,-0.11279951576916637,1.4249835510703601,-0.6933266948834752,-0.24041055485459728,0.005922390798237309,0.3811108071689617,-0.4981449177188213,-0.1849249582549809
-0.28976242736939783,-0.19758111529420436,-1.4183568797157315,-0.8693904312282132,0.30047711936768323,-0.20212757284725844,0.5488227075105971,0.088230553761934,0.4593064031809283,0.09475444586330833,0.06421874127331195,1.421274654047762,-0.6116227403604723,-0.3396053171302068,-0.4850667334614728,0.4441020330984259,-0.20445067194734542,1.4218534133559633
-0.1267184330382869,-0.19772415681980338,-1.3208463182917687,-0.8786022595857907,0.3100089404933888,-1.0840180832321904,-0.3347961248708439,0.540799954321565,0.34567610326700204,0.22874188117537914,0.046088547136862223,1.2020035830916926,-0.2593802181686675,-0.346372577887513,-0.5047868499064779,0.3441760071947456,-0.4941749925637449,1.4989529395936563
-0.216157899414801,-0.1805194636377111,-0.9114341159658103,-0.5368062412690615,0.09812167624015095,-1.2037381727965735,-0.43009137978292755,0.6954351148472535,-1.3086322892450908,0.8515799279532762,-0.05943209464510399,-0.2880210852817118,0.5530310188188934,-0.06657917558201437,-0.4728875157041882,-0.35187471625487027,-0.3782063927069458,1.1772069244476153
-0.16798048929009196,0.0176471812578875,0.24506228225217996,0.6812639690653682,-0.009301649815322138,-1.2682808618631625,-0.4118565404332375,0.7313766884361538,-1.462956580825987,0.8354577493045532,-0.5759370788897042,-0.6960616632797231,0.8963745274605013,-0.44292000389402386,1.2031008377776407,0.09275401435169009,-0.4192145711522202,-0.2955572549931669
-0.167181042030015,-0.15149951039565562,0.6459416797547488,0.7042870033136963,-0.010413870689202492,-1.0198283612727783,-0.4073163787169718,0.706649970814826,-1.4062997601107456,0.6998706975291606,-0.5378288935593551,-0.6782465894062139,0.7127274689042424,-0.4493194401743936,1.240768552457776,-0.5283442189696597,-0.05271214241605432,1.099768393140986
-0.0967084665565256,0.15844047865668448,0.7259922992407072,0.6745887949828243,-0.0048307156501423976,-0.49762985188696174,-0.4417405189561623,0.4532367270643107,-1.5064440798547483,0.7275302732301229,-0.4057031664824262,-0.49416954606798824,0.7150131644072533,-0.4501629206288147,1.2748519455554153,-0.6033397952503609,-0.0832428710453767,1.0841300500202524
-0.2588454673840547,0.5658459787344852,0.6487531085672948,0.5942260148812484,0.0032938722150135658,-0.2727029045821541,-0.41575980673255675,0.03569348215239526,-1.5909563491291525,0.6254707978001112,-0.47631718171508014,-0.0003330060190580575,0.5418660407515239,-0.4820704767281818,1.297946444980886,-0.5934503268690806,-0.12146955290177347,-0.018828804673261645
-0.6470457316851077,0.6249041265564332,0.3696113860661887,0.6402179986878896,-0.017666576430953734,0.30214351894441605,0.24828387952147185,0.062298384166947274,-1.5420349463224676,0.15345583114065525,-0.3826182973282588,1.2087230803711748,-0.5768296767588018,-0.42516044197211744,1.2975552279649043,-0.27011317202643637,-0.05822406949849013,0.27472726913598183
-0.8306202643108689,0.5271542851328099,-1.2411736652719578,-0.8990377021428847,0.24843652228522684,-0.1806717714378947,0.568496076068846,-0.0011608163808923821,-0.23710783611758118,0.1207034121610302,-0.4144039996551185,1.3854671343941591,-0.6952319576116873,-0.2989759463591102,1.143069077058699,0.3420398277665787,-0.5464109308597664,-0.26771040127457857
-0.7820266888826881,-0.07249767330350337,-1.355694593597177,-0.8625140737195158,0.5072612667488802,0.26260063245299814,0.5353455365076714,0.0271635841857511,0.4206269807528472,0.16884682109138732,0.0368878197615885,1.4153558531430832,-0.6706741189729334,-0.07686247658591153,-0.22085559736577032,0.4434019425450646,-0.3422493514330157,1.0218784485290529
-0.20699329667005034,-0.19681618239580118,-1.3953789378698391,-0.9015218211550116,0.5106208776480841,-0.37930392246017247,0.33043689131509896,0.15300915048054634,0.4497906254391314,0.20793685310180515,0.1594834458820682,1.3948617648599382,-0.2187196677844942,-0.418078112372272,-0.49824077576998227,0.43965568161475177,-0.35970720559653574,1.4074945043422868
-0.14889864640397077,-0.19614313859226035,-0.9955519987626528,-0.901209078977027,0.4828330200471985,-1.1234776590248012,-0.4308360935820621,0.5757091856754977,0.01959841125496864,0.7774098390364629,0.0534699705854636,0.4307410314903556,0.5612162548777199,-0.3161561489525455,-0.4829170014073587,0.08645357968319325,-0.6272423723893601,1.2209929714028958
-0.2122155075066754,-0.16798223571661564,0.31037835482866805,0.6114379711777521,-0.016596610872585765,-1.275006198392775,-0.39936127099320173,0.7316887085768091,-1.4738365439420749,0.7277257568091571,-0.5863003910992405,-0.6563697506215503,0.8460747005151199,-0.35141029216849984,0.8692684926722312,-0.3634257033029914,-0.267372031079379,-0.05995806362360001
-0.19244791176515252,0.1362620691335385,0.7164781270960915,0.7060552870015739,0.020849863438539534,-1.0749305696421527,-0.416296680158267,0.5309566548294711,-1.5762091988883924,0.824272893403067,-0.5124826262692552,-0.679432367823286,0.6506701532811807,-0.47394800586280106,0.7343465435186589,-0.6034366796696288,-0.1839659812555763,0.7720093814854009
-0.8296029066565791,0.5517073016590327,0.7032394036614115,0.6736182241579748,-0.009303106311167458,0.34129017561129094,-0.386991441046611,0.10002560411839817,-1.5917686229551387,0.8419068909105181,-0.4967049932644856,-0.5956360443800665,-0.0201686214494312,-0.1253870074885297,1.2829640319838784,-0.6134942775387126,-0.004529204494008732,-0.24722742278486487
-0.1915437361687738,0.6348982298850865,0.6945635757579857,0.7086094691707754,-0.009086020686222301,0.34263802175674185,0.1691323752432154,0.09027638151229056,-1.4904848115261438,0.1304479681543737,-0.21100169268579164,1.3366580340518786,-0.5569732841640115,-0.4880213122881937,1.2201004158371351,-0.47251806648084277,-0.3530011956953638,1.3338900086324001
-0.848925342925474,0.6197699548299775,-0.8712593467807579,-0.6768665595070505,0.21358259205501928,-0.5770728623994851,0.5396307625783401,0.005254970001890125,-1.1295700819564725,0.1197287190191052,-0.5761251135225154,1.3122798761994425,-0.6804152703665423,-0.41511758133468507,1.2519154040866756,0.3274979423163843,-0.6185255609221894,-0.2309238696995427
-0.8413911906038547,0.284314285793229,-1.1812325695233212,-0.40623318626703137,0.5017279374165284,0.24502000449678663,0.4503406619506126,0.062032621557633894,0.31361096318628323,0.19816870586881874,-0.18011795490437793,1.3870942725919129,-0.6710882033677507,-0.16156038587885976,-0.005551274154040886,0.44144099175743823,-0.40104128707620307,0.5843821891825667
-0.2985494887701513,-0.18816135636529135,-1.339662941847866,-0.8791958354272389,0.5008968033047962,0.2029534413299895,0.5320760280533301,0.07802275227262256,0.45743499942931887,0.143728881245209,0.15880286567047464,1.4176300559584778,-0.47095654770335915,-0.37937516482258615,-0.5110215850416757,0.4299935762769216,-0.21431304635492068,1.3533223292536285
-0.13101951425833586,-0.19594939531813382,-1.3319189309810406,-0.8989876846990298,0.45268692631276125,-0.9620408131519222,-0.15889689963080225,0.3131038538460649,0.4237625627694942,0.21406980688878657,0.0667757619005358,1.3928904915261402,0.1039047608392585,-0.47243789064717767,-0.4890689707142446,0.39682024970316826,-0.5952487895253318,1.0533926593289615
-0.27367588010927646,-0.17537702940408795,-0.27599360050733013,-0.8044342343238472,0.09545970991485597,-1.2666477215261125,-0.4205497698857439,0.6368360098329502,-1.0487020557814157,0.7904720499244495,-0.3263596371620488,0.6527366403714729,0.35795645113952396,-0.09462039571599246,-0.4438336042050456,-0.3571261560285866,-0.5288854933864283,1.041727925876725
-0.2157500015250245,-0.039459412446907705,0.49406824613884437,0.655786400178771,-0.022173279424334752,-1.2535274579355382,-0.40519705977655457,0.6786958372108254,-1.474707692425995,0.7729928510052567,-0.6043343896219405,-0.49321114265151667,0.8692981434760475,-0.40809435836856245,1.0517299839311502,-0.4169803170719528,-0.3229403662971898,-0.257022778412199
-0.6189156120582001,0.07141298041692393,0.48781624221052566,0.713661182580514,-0.024599818438632487,-0.09686825088896989,-0.22918846321466385,0.6605530086892071,-1.3326947118753936,0.6894392708329299,-0.5594147436101415,-0.46522687550790665,-0.07751340294078232,-0.12410102327310324,1.2857979579195642,-0.5338230534794723,0.0015833355202001798,1.269723077615085
-0.31980654642069145,0.54691076602092,0.6342557044038282,0.6072187843213915,-0.0321727839063716,0.012687715472731675,-0.07312612474066049,0.00914358847327712,-1.2464499683080912,0.1364079583314568,-0.5589753785320368,1.0318292758143675,0.11817534009239747,-0.4967032469181585,1.2893307892402075,-0.543192508922792,-0.12399892574018417,-0.3031592686976671
-0.8658934759473705,0.4410849748265192,-0.7688164620507381,-0.3758105239236175,0.026058868405335,0.16815763005909679,0.5437770163956595,-0.003123224392503232,-1.2142059327599908,0.1587754344394583,-0.5639436992055312,1.3110553502360378,-0.6815220455181717,-0.3672399378193665,1.2789271954546237,-0.04889267048171759,-0.0562532781706232,-0.436067550452795
-0.7584503305845407,-0.13798174821488735,-1.2620365344593485,-0.880426080551598,0.24728500936626935,0.26592875592837095,0.5680149500077063,-0.002458645609296539,0.44222520119879005,0.10575201573398768,-0.2443275333905751,1.4183103050356656,-0.7052767482990169,-0.1814780978175673,0.261833882419061,0.3542402288268739,-0.2783410606527346,-0.2516760508743858
-0.21334336904260903,-0.19711608636807942,-1.3706105876977381,-0.8721347571554183,0.28714572398149846,-0.3436745478721672,0.4830294396574425,0.07664540786372898,0.4584380787160539,0.09665634691751218,0.1006069229904013,1.4098048628368152,-0.6413370239975976,-0.3205978261808324,-0.5100464848023988,0.42355851124759736,-0.19875914666911615,1.4960176787541082
-0.10899503102048164,-0.1975441843909559,-1.0935522411978666,-0.8824665307950498,0.2959487001906085,-1.0155230125631953,-0.39619935907252535,0.5583201436092469,0.2636173540179585,0.3220693142605665,0.06768934481425165,1.0092621614588908,-0.10921782885992165,-0.33187330570335866,-0.5082964152569509,0.12809915873420122,-0.5217024842742788,1.4995083504699092
-0.10626850784928682,-0.13131190189870773,-0.07091558111790641,-0.39778631491501093,0.02256995115986346,-1.258136408485379,-0.42385702428164485,0.6419880514841068,-1.1744489014990522,0.7726132253414687,-0.34957341394697894,-0.4968011448658345,0.7541641370111154,-0.2865822463853407,-0.32580441125026705,-0.3327003167175412,-0.5680880966109897,0.8539118427673591
-0.34063587603283135,0.1535084316415503,0.6021128358267597,0.686526162463913,-0.030628153126413787,-1.1871478469664716,-0.41928387052074123,0.6738045281792285,-1.5431594584281734,0.7793516798497855,-0.5735720989593727,-0.6181008885005645,0.8685861332999729,-0.46142708690454237,1.2121671014183426,-0.27663890971638383,-0.17699140665034233,-0.43262372061812415
-0.09081431293864312,0.11349893700089174,0.7216704923658502,0.7097229746464085,0.0007715940028834578,-1.0021682367112303,-0.43074180795977834,0.6984265577033091,-1.3530025397925476,0.5709096168588522,-0.3773232445720925,-0.42692211207103625,0.7750970425093173,-0.511959465073924,1.2472551267361307,-0.49503318784840283,-0.15418469813156008,1.0341805814974487
-0.6601981156035949,0.42005590508826723,0.5467169113561301,0.6986938619686388,-0.005874870747251432,-0.15894510128330824,-0.31034623084137375,0.15767652161215126,-1.5029011023948815,0.49114468162723673,-0.5964423682682908,-0.3464458517589184,-0.019548995864716784,-0.22281892658610597,1.2995195405892992,-0.4630565755931157,-0.011840949188666239,0.44373910727304855
-0.5037926128516184,0.6291262677190044,0.5312777930365489,0.6897296030112838,-0.02251657210787647,0.35118763919332996,0.2399618501869485,0.10564731819180428,-1.4847712684709646,0.11432981841429657,-0.39535261108319864,1.3584787244722398,-0.5020656062559556,-0.4624233131267416,1.284808527586248,0.05522557942251652,-0.3104128954578164,0.724225536524579
-0.866010151278674,0.46556445503895166,-1.1818932831097035,-0.3732685919124949,0.29674142769241957,0.24254242386535163,0.4995413082994151,0.005986661251125069,-1.1958999046043015,0.18354698129605412,-0.5200323044092667,1.3337798481979042,-0.6604872651875686,-0.3884507682627427,1.2782565688483978,0.36849535921474097,-0.28335173432702454,-0.39758937007758843
-0.7989060461834412,-0.12945969817076852,-1.3671867018423223,-0.8947383808532428,0.485278883035444,0.3467576241143082,0.5741463677943074,0.001474967153996476,0.42015008988441227,0.11897871322177406,-0.09655470057882819,1.4244125584301606,-0.6920652191189551,-0.14766009761109233,-0.023609699048016075,0.4293073987952184,-0.4914957880442473,0.2762771951542545
-0.3103052503421444,-0.19634138868847834,-1.403133039917345,-0.9001009480766773,0.46007611926401726,0.02737903140735981,0.5274448450573337,0.041435617396022695,0.45714854567132235,0.10921079887368051,0.1201809026217126,1.4254701271029395,-0.521120654517932,-0.3499499772555876,-0.4860750163139439,0.4369260890801506,-0.24357522994276093,1.403838504728868
-0.3493184303379312,-0.18855555307088073,-1.1636222948679917,-0.9057875876638293,0.17607256752764316,-0.4206498160711454,-0.3175281964624166,0.2881242529156718,0.38609340245919954,0.3561732923599248,0.16833749848691582,1.3906071031488434,-0.09066103035750683,-0.17363532919648172,-0.47943713149890654,0.2817085656281334,-0.03508701238323775,0.13939736035319572
-0.10695910471045922,-0.1930586194771457,-0.6354351170327481,-0.8473435360584068,0.35797354189147235,-1.1551641123243832,-0.39736761339475263,0.6013091692348349,-0.03558783223801609,0.655803763983971,0.11312049009551728,0.7315748627169602,0.1066993417689669,-0.19301374391046344,-0.5147260505684949,-0.07813567266430708,-0.595437081105243,1.486795721776514
-0.32722058835883827,0.14779248551837865,0.4640809443171132,0.6856561591423416,-0.027419137123216336,-1.235018479628589,-0.4204193229542076,0.6955457746218341,-1.5479750862102153,0.801567524604071,-0.5147119508546376,-0.40366679213052725,0.8709799497634173,-0.31754115794945537,0.9358421320248508,-0.2955371236888751,-0.1454376148539084,-0.37494914799545287
-0.2274117823985195,-0.14292207651561434,0.5727278998672172,0.7153667144704866,0.014514614591352976,-1.0398138841362856,-0.4097064162407666,0.7138191991331297,-1.483537663281684,0.7014288139045817,-0.5582900661572474,-0.6674762593279818,0.5610600532573176,-0.42579240874500157,1.168113776962724,-0.5431241478850555,-0.07854051966539355,1.2519210754673578
-0.7179976424892467,0.1986193171374252,0.24186260173163832,0.7118113118714404,0.015905297147660286,0.27551368179402114,-0.2892617155208361,0.3854641427081543,-1.5123660477938534,0.8387175788803087,-0.38985864472645093,-0.5406268838151524,-0.5077886089605665,-4.28380002785167e-05,1.284931123447802,-0.6014665063219737,0.00166987890555087,1.4708736568292524
-0.4728838132984726,0.6085836969065626,0.6122721319773466,0.6879816555542086,-0.005969204257233102,-0.03860824556120879,-0.1689424226017046,0.0154850963772315,-1.534898895760529,0.327384457813672,-0.5150672136249378,0.48038581581866235,-0.007959801601826563,-0.466835851970123,1.2853587378129028,-0.5534863120836008,-0.1438485515155661,0.07957539750890369
-0.8679571621366173,0.48755924911872633,-0.8285227437873748,0.08584472092420697,0.04423773177071097,0.23168664205530642,0.5188774037173801,0.017723395881632242,-1.422379663165982,0.2083274243555558,-0.5457347107961845,1.0253402585141567,-0.6971375108574819,-0.16201134070296766,1.282402488450911,-0.03525328859265612,-0.009588593274543034,-0.2535110493369912
-0.8410423523228976,0.0008266445832810221,-1.3436552975483105,-0.7941843382229947,0.4752449307330656,0.07681118117985486,0.5421737171197885,0.007829865395970914,0.3252409489259124,0.15347020013854235,-0.43663248497927937,1.376990736683294,-0.6882271429117536,-0.27736030745272516,0.7933985181120597,0.44396138113483075,-0.5873690694123256,-0.18182848276294694
-0.5344229235555713,-0.19645698867512135,-1.4147003145211525,-0.8658882417664336,0.4610149155163157,-0.08922235565670966,0.469213664423095,0.1227813007319617,0.456523516586418,0.1193303694099343,-0.0008239655279267122,1.3383982452229042,-0.5997926707066654,-0.2891656381469804,-0.43863978966501727,0.4458407867439239,-0.2399617220525126,1.4767339874830963
-0.12172754676570119,-0.1990546458148688,-1.276152284994496,-0.9022002281306646,0.47850859920245886,-0.744634760976758,-0.4158964337300914,0.567242909040441,0.3116800094678378,0.5906566721528282,0.11959917204132253,0.44944243931446315,0.46966307642027133,-0.39148768065221784,-0.4962893220892881,0.19938194151891947,-0.547106941336936,1.4872129398946763
-0.1607812953098175,-0.180831636181238,-0.22836194203782528,0.09451853492806439,0.23104724214774586,-1.1180469347932003,-0.4325152967454523,0.6897956924537558,-1.4257710030814317,0.8492794444050087,-0.20299859616358126,-0.6224474705177342,0.7662001352115964,-0.2677333864631194,-0.35648160093048575,-0.45785679483261704,-0.542789039653262,1.227097763879359
-0.34498128689222884,0.27164798436528004,0.6799618960608153,0.6750258302666902,-0.02325594698135372,-1.1781393395983242,-0.4225607633616346,0.6124633897094863,-1.5774805599844814,0.8199420262052262,-0.5679752017936388,-0.6341437957975582,0.8633620945439814,-0.4885965604031014,1.1799131654973887,-0.4191860935510558,-0.22851366060108722,-0.42433860126312495
-0.20009093777416587,0.10177644236230868,0.6457763396405143,0.698878921668942,0.033351966502796426,-0.41211827811869617,-0.427112841512851,0.14699142232799559,-1.5117659437466147,0.7606516517454448,-0.5754691706050211,-0.5582104427164998,0.37585093007743836,-0.399857450963335,1.2922710738966727,-0.6015435828374004,-0.07259847103904521,0.6696463113211164
-0.7901485029428529,0.5803246955367294,-0.23855904777243808,0.6659855525418114,0.051809172998611985,0.46989051002911086,0.23124745004681677,0.1536359469206262,-1.5719273107060125,0.7088824346302633,-0.32524719072355257,0.7491793478808093,-0.5754985251939845,-0.1765450183674681,1.2982805050818587,-0.3512977516317856,-0.029205025050066724,1.0632285641862906
-0.8482616675579118,0.6005808077294656,-0.42887903885119183,-0.09498494804586133,0.2460389127674974,0.023376031335893888,0.41512734312974514,0.002227765985805097,-1.402919040962577,0.302651907532379,-0.541194312880263,1.0967132388591312,-0.6504985443937372,-0.4674436849455702,1.2788914519500993,0.1891512384165871,-0.5790452172816637,-0.32723396967164753
-0.6075954733224739,0.07797915730605248,-1.1875444736651692,-0.8871413944801784,0.4177336002968597,0.34894925670954935,0.5308589036707461,-0.0007294545655336937,0.4159422401144076,0.14986362824586513,-0.32966643023891856,1.4048762266929304,-0.6846052117862248,-0.4114348146538007,0.5854001181867385,0.33195560807473234,-0.6480509117365021,-0.12245655191029547
-0.24601206590326488,-0.189650235118967,-1.4044144258026638,-0.871264802253444,0.3645371049304116,0.10454634261802198,0.4990984986474657,0.0852984372233841,0.45872925963636646,0.10525424756407148,0.001181269847913946,1.4218999191276498,-0.4346367173643899,-0.40775951674812316,-0.34271446708730213,0.44274596815513845,-0.3684891155241342,1.1517082425656344
-0.10343471789645847,-0.1874714620547091,-1.3550351090648523,-0.9001609883771419,0.11897896772107364,-0.8341924272618257,0.02381686253719062,0.34173316883153704,0.4438896534677149,0.10404115015736515,-0.1299241690428115,1.4117125487949118,0.13365044307202262,-0.5160728295090783,-0.41035158467361676,0.39475252639067643,-0.6404650440842646,1.1179121015932585
-0.11195120198448749,-0.1736329643684405,-0.7335062241374238,-0.8247940454701947,0.08247755598158124,-1.145006963464048,-0.44148235066065844,0.6011491282823074,-1.1921182361433436,0.8542197015018951,0.04873770723795351,0.164269449376553,0.5457956299973368,-0.25844055767603247,-0.3841509964998102,-0.480301495140441,-0.3425126047894498,0.9553671212658108
-0.13739019694390925,-0.027054034109884467,0.04232738973594319,0.5612606458131575,-0.028411163217861662,-1.2583983277327084,-0.4203507717605941,0.6889163170304748,-1.501086731549654,0.8316478223234643,-0.5642347147231292,-0.54520608048443,0.8901582743197345,-0.44131121955287933,1.150529389400091,-0.146677426325944,-0.3985539298685286,-0.3830823228474427
-0.2439452823449436,-0.04136925342181502,0.2439765747101944,0.7111299997199583,-0.016821503992701742,-0.745397143774476,-0.40060492212060983,0.7333306901635187,-1.4846171752578114,0.8153518416792289,-0.4725361082078481,-0.6410467455668565,0.6216973189351964,-0.25981916592412213,1.2705552602867152,-0.4265731739779544,-0.005861761322903891,1.313606369052291
-0.12181380733000219,0.5405031666746554,0.5769475658812065,0.6923217945642471,-0.020539649973828705,0.03121704469269876,-0.4084804496099078,0.46135568175847746,-1.5030107480039216,0.7667857466684009,-0.2889749344858127,-0.271381633957538,0.6090485223131991,-0.3014654280107233,1.2935969617611431,-0.568135952530691,-0.0372156397366169,1.1573005983687163
-0.8487914108236125,0.5915318100312672,-0.21096775449188576,0.646836812359352,0.03249483563382513,-0.2307339958299661,0.006647957801645996,0.005790032290937275,-1.5928640967780474,0.563944507128597,-0.5987982594407384,0.26039472133206387,-0.27090555908781766,-0.3797990728575665,1.300647858411994,-0.43316521268363894,-0.09640729591829361,-0.30285108227136126
-0.4245306267510191,0.6285058035065294,-0.05623951130674171,-0.01212649329267651,0.11276726698076608,0.03193894361257904,0.14932432878516988,0.016691513006459435,-1.2910462631626514,0.19875809095557095,-0.26366985767178514,1.357534940330345,-0.5766582229652977,-0.5025595118642139,1.2633247743204499,0.21697769865907907,-0.711607060169046,-0.07039502409980292
-0.8434749514708626,0.16600940468271103,-1.3254425923437372,-0.8327179609632087,0.36551801254223765,0.10379354954102993,0.3799044531297415,0.005173571446241754,-0.289724559933312,0.3745115454275122,-0.401205708565875,1.3552149390795516,-0.6937411666350699,-0.21537374957579553,1.01140455443367,0.37811103482596753,-0.4232329099586756,-0.23396183888395328
-0.3349327113155517,-0.18890655939809475,-1.3738506329410036,-0.8724277441377664,0.44002291510569924,0.07517951199314354,0.4582268698616618,0.058339001319162864,0.45146882945297484,0.13286957513539766,0.13907370113181822,1.4127325989754156,-0.6600820415790295,-0.1914080292189929,-0.5046081868709063,0.41251045480116416,-0.15784308547376572,1.5522585091855552
-0.1046485372463325,-0.1942990471440858,-1.3224781786445847,-0.8994874717808007,0.3751340944929945,-0.8388405812438392,-0.14350831344617604,0.43153295863896785,0.36237851834668877,0.169258445139449,0.056533583053654635,1.38522442856137,0.028362086570021483,-0.4799302068914818,-0.5078454259475803,0.27993951381291987,-0.6215757099600273,1.4802239224982763
-0.20641669696391401,-0.1862262521487721,-0.7677217306644897,-0.6837454348347998,0.24366659524455064,-1.104157314062562,-0.4366106204804152,0.5983213553211588,-1.3815310257603932,0.8638376146905226,0.03464945649412299,-0.1244739668554598,0.5862322397446966,-0.0721727970679629,-0.4865877394504883,-0.5345559776142406,-0.29529143134089103,1.1625495902908565
-0.19487389698216145,0.15307453108523134,0.4720712834918439,0.6319753854064417,0.004372779980431812,-1.244429755267229,-0.41378034743958114,0.6571911380945805,-1.5338621738121176,0.8546381025003378,-0.5536264066571277,-0.6571986505526161,0.8954155773389674,-0.43885422961381554,0.9914003969992066,-0.20202782069556222,-0.4035711982268734,-0.37985882789006475
-0.3044657431643625,0.06453254031957611,0.6890590954447281,0.708217173594675,-0.00902876007630346,-1.0724443255698346,-0.41205043604235764,0.5710837426091682,-1.521722145676124,0.7838471500898724,-0.6046824164389941,-0.6845027979931496,0.6627149638483428,-0.4002652359280276,1.2235155551306867,-0.5756882150293017,-0.09959736594964441,0.4810133576808501
-0.22228724348594364,0.6051644210616631,0.568662641855058,0.7094537132666635,-0.006539608676655234,0.42590393220922695,-0.2364235457106471,0.3848399656955297,-1.4334390128831984,0.7525669595371958,-0.09625780115461084,0.018668913607941318,-0.1451911443518948,-0.15673218683162213,1.2811972349142096,-0.5893621973647928,-0.028860252556038135,1.4369877611645938
-0.8632186765108714,0.6237652776518519,0.12921934457069545,0.6887690550430442,0.07966831421592716,0.028814710676733246,0.2771050134632504,0.02491602858148395,-1.5873138556937794,0.465490849626422,-0.5972885491538407,0.4564985761174162,-0.6046459606072878,-0.3403740759605634,1.2957035400719905,-0.08575248169357202,-0.2285036695255491,-0.12508896740303754
-0.8198403486610204,0.1156811965927952,-1.2786640833652836,-0.8886163038289309,0.5226222848615157,-0.30720378426455347,0.5750380403936199,-0.0032380184052375194,0.304184817353332,0.11840777261853336,-0.4199783877482961,1.2786246242613386,-0.6655138488263869,-0.4941105488255072,1.1884804367380402,0.44303617771589576,-0.7582783139101925,-0.2976217970908237
-0.6986819831707328,-0.14470419916003313,-1.3378393490621108,-0.8729958028515172,0.506059081852554,0.3267472006691431,0.4574121786998373,0.011900367378130883,0.4312858722910212,0.27459447128052084,-0.012403756652567571,1.3586931620617109,-0.6847114928019666,-0.1547356020036626,-0.029874184112284208,0.42869611103635785,-0.43036581153020254,1.0211904008452237
-0.1514103565500271,-0.18922812115431187,-1.348217610896064,-0.9048943429356265,0.41530597737867714,-0.13685697766357302,0.34082925860542124,0.12115346742693361,0.4440716799127341,0.1659485220232475,-0.015536799218865804,1.3811915787640898,-0.16817873545511014,-0.4428049237862456,-0.46683444039228916,0.29788585500474446,-0.5332994586872014,1.4257155663597274
-0.09787587194726027,-0.1940210763726521,-0.8203595284564267,-0.89834777130311,0.35349165860345544,-1.1373249978049662,-0.43940068258386245,0.5014552366604703,-0.311836936020751,0.781854726677829,-0.13584245895893413,-0.32255051808983437,0.8010339681140661,-0.45072973461661814,-0.2994538202289677,-0.2702774825503793,-0.6232031298412399,0.8827951114757671
-0.3293615573997678,0.015183526961655924,0.547841431131504,0.5383598710476303,-0.030242334151388356,-1.1833056381783154,-0.4247304736094236,0.6522350822998988,-1.5625470858784154,0.8307174471766432,-0.49281017257524823,-0.49234808795506946,0.8411541557940578,-0.3933355166079747,0.809418909403559,-0.5046715553942698,-0.17004115514624596,-0.40368470822942026
-0.1511745373075563,0.05553558389758234,0.6972407789300633,0.70882914888304,0.009695256135176467,-0.9670105224570298,-0.42249452573118984,0.4562865602922897,-1.55561614504761,0.7445038091815328,-0.5090172556495216,-0.6562287328402391,0.5613586084933375,-0.4947450390621233,0.9748580742597842,-0.6001809258237147,-0.1614159170541796,0.880854058819647
-0.6050149573348333,0.3897291987808274,0.6655840982632407,0.6774127711473392,0.03551714919285062,0.28570728249052524,-0.35013859825532795,0.020860340952708056,-1.5780694907389736,0.7449354380418878,-0.5380427673054897,-0.40330752022346195,-0.36955826097722294,-0.3114977756272721,1.2850525750813149,-0.6136121424897288,-0.02492039249953515,0.5779925976467664
-0.3502633724347983,0.6278873673639953,0.5801739621557307,0.6260866424207902,0.03672687060837629,0.442977176759753,0.31783980924931976,0.004202944199712899,-1.5412351964070319,0.17743070206739875,-0.10355599862192544,1.387043428566174,-0.6555635731926918,-0.4943386259132849,1.195666570245948,-0.596041327462086,-0.33568827528911804,1.0103366519928874
-0.8634016308826717,0.4062791258267494,-1.3706476533806238,-0.8351170067431449,0.47215068998967885,0.3206420357378458,0.30007589092871034,0.0025390511507887292,-0.9841137013132286,0.3229667012623195,-0.3497160924230206,1.3337365078706207,-0.6349615188018084,-0.3803160442026633,1.1333878725764417,0.31733249437246613,-0.6426085776629868,-0.39094212037745224
-0.8309390138636734,-0.09815160631503878,-1.4166418318093532,-0.9022745037926913,0.4887615508975791,0.41365426269683614,0.5206853107167684,0.00036742772061110207,0.3585140938493442,0.25239737376010746,-0.10694353892793167,1.4217189894330042,-0.56581673622648,-0.18953114802632065,0.018467924989845674,0.4112740295970774,-0.5186619014041687,-0.26859345975186577
-0.22776926070900022,-0.19652669419013408,-1.41711165389452,-0.89896526642555,0.47827777848297237,-0.11466696326112391,0.42537069159788965,0.11733917337035416,0.45491824593401897,0.136051714310908,0.1203380905610984,1.4177259868620027,-0.08275869789992213,-0.46503557229731557,-0.47196526790300375,0.44233225235235096,-0.3907848702478527,1.1539941018080784
-0.1610890992726594,-0.1977898312328344,-1.3515441427327306,-0.9005216175367068,0.4260143888734269,-1.0828030765136145,-0.41405385497581954,0.548995943653329,0.2882372134512209,0.4553891879384262,-0.05835813145968771,1.138293690106929,0.4143937041215134,-0.41753265467820044,-0.45916560611215584,0.3179852678051316,-0.6124933170001212,1.152080092203908
-0.4068430074969958,-0.17193799865568815,0.29476037680022193,-0.05619976582799761,-0.03202566088999617,-1.2191136553692483,-0.37487946246906273,0.5730867350586544,-1.3736042498656227,0.7596720680207705,-0.333184142589663,-0.4108676257910817,0.6940825346301175,-0.13860408912085476,0.13128853741415974,-0.5270484017466956,-0.015776996558872214,-0.38406256441493747
-0.14658162802831298,-0.08445637549547369,0.5869342769673263,0.6881151968031454,0.028274012290083195,-1.1759784921860956,-0.40923422750583993,0.645739780736627,-1.4710058945906592,0.8173540695452601,-0.4928578196999139,-0.6926012292378668,0.8474976072165346,-0.472458942092942,1.031980498966422,-0.4598070335058463,-0.28648406857415953,0.23916270901959186
-0.09251365071307094,0.06663006539668725,0.7280501238549614,0.6983752610193993,0.008716609479110293,-0.7650393709821068,-0.43921398120541766,0.5934379702460233,-1.4232476806722643,0.673626118792736,-0.38529438569134583,-0.5122641327089497,0.6289337729878902,-0.4676288800859022,1.242966832473066,-0.596588786231609,-0.13699494931230724,1.3723027454358054
-0.3098825176846951,0.4974179725193358,0.6433225008715867,0.6475136214882993,-0.002069910839344241,-0.08887478276744126,-0.36809707773062644,0.06093146722539694,-1.5477769751349784,0.5057925089576601,-0.4660967608037401,0.0014545884202292747,0.12451424612519188,-0.3863181365612316,1.2922489521545435,-0.5900879906541783,-0.06624768406723469,0.7329455855084951
-0.8112538593742094,0.6219190329442335,0.15409022372599745,0.5492086691456175,0.007139834174566317,0.3523973061810468,0.3854373236012328,0.009033962258234829,-1.5691567024551798,0.19495042295794246,-0.4626999189176953,1.3082613869285165,-0.5743421683748746,-0.44165021049287795,1.2956949856052065,-0.15946901012270093,-0.23649206268202316,-0.15757243065284965
-0.8507100097246315,0.1538468626832344,-1.2005223788914792,-0.852984419126253,0.3666907457376915,0.4011325938329434,0.5521041957851814,-0.001026017249092237,-0.200264425115459,0.1647723368720535,-0.34551788749333445,1.373651008687276,-0.6945754362939454,-0.367493723752414,1.2036738780780696,0.27256213133574186,-0.34144209262652836,-0.3576904625554562
-0.6259357641328736,-0.1823885929863932,-1.3678043338496435,-0.9016101869198083,0.4647467627199876,0.3709584830814935,0.5720544629928064,0.0012362149006205914,0.4387226808813406,0.12471795180895179,0.037511213408423005,1.426673629773259,-0.6959824129478979,-0.1076393177013624,-0.19034121498969558,0.4051325969342941,-0.3564492565424989,0.9130569926122869
-0.21675124354473113,-0.19796579759760086,-1.398391996234838,-0.9024622265708374,0.42902071485015036,-0.15041346457308172,0.398918107565819,0.07758433928441288,0.4526129255168462,0.11580481817146954,0.12010989513587356,1.4204141868335407,-0.4897334737993121,-0.40296232751359223,-0.488053931467626,0.4236011695493096,-0.2711227267723608,1.4751165612704562
-0.11767702640183869,-0.19786632201888465,-1.1844464811961055,-0.9027847979270434,0.38013226321818117,-0.9403175348161721,-0.4313318616457211,0.5278719849030498,-0.16364975965604905,0.6028559979359335,0.09548834987596178,1.0139803706107546,0.32343027635733845,-0.40200855983888384,-0.46557693377504106,-0.04549921208829999,-0.5144443468676808,1.4130565940282036
-0.16055434898176318,-0.13374440904670798,-0.08645967035703939,0.11308391580407381,0.039356675473086855,-1.226148205905225,-0.4311223732546974,0.6517515601798344,-1.4932939737761237,0.8460589490876507,-0.40370740795192767,-0.4065319111992609,0.8380628066140864,-0.32288944456545887,-0.004747317737493595,-0.4441130569829589,-0.5100726311840396,0.21838858030542496
-0.20894482549491433,0.31321197270763146,0.6841336289665699,0.68060246052912,-0.024417062082041446,-1.1644238049910927,-0.4135637282031744,0.5656526628506269,-1.567470210559354,0.7942488140968007,-0.4590850970698327,-0.585655737312456,0.8468041417461679,-0.4895182004892218,1.0863165104446075,-0.4217892007348889,-0.18602708271911172,-0.4122686210778116
-0.08988109659612947,0.3981577948613021,0.7244504832693516,0.7116148251462103,0.022776367105941803,-0.9772751197791362,-0.43859524567471264,0.6473812110915828,-1.4888773307718826,0.5903516860971895,-0.279082403660043,-0.15460131615266748,0.7314552006894921,-0.5093439711276937,1.2678304174242878,-0.48462592501439217,-0.2898243837104126,1.1356843287575675
-0.764738059671291,0.5874757452627617,0.5036177374158434,0.7050673335413479,0.029465087171589188,0.08898740214941264,0.02622345946859659,0.14215980710174023,-1.550990586025696,0.45056590601214286,-0.56652563254376,0.13076889653202964,-0.4742769215778446,-0.22539269446676777,1.299636197362449,-0.18005992832584053,-0.040959192384788734,0.5920074761038093
-0.6143158210303739,0.6255705603542399,0.4270309803856909,0.653896389623661,0.0073432185769665426,0.3285909879398681,0.38143311622393905,0.05558157931059626,-1.397091616269789,0.11713433473609713,-0.36659037295106633,1.3775544196862053,-0.6343294978002239,-0.46135139992858043,1.2754814889262578,0.13455686815919668,-0.44430358584375035,0.49376328951713006
-0.8269379815395355,-0.054495723293452814,-1.259908589076773,-0.8827312407326625,0.4168213258177447,0.4609181820618844,0.5530448018301433,-0.0016023759836969464,0.21462228114920856,0.14646867885529463,-0.25854924083871667,1.3968283807257293,-0.7002836710214256,-0.375284850280984,1.008680964773383,0.19780833825248717,-0.4280476264864777,-0.23105518658517354
-0.5865016912702907,-0.1899912012480774,-1.387625288631722,-0.9039000465081739,0.46709603971049063,0.41438760389712825,0.5634313693662208,-0.0007844169649881549,0.44705832562057257,0.12984440037764877,0.05582633747802068,1.427512685572061,-0.6871376535563063,-0.16039684893042921,-0.16499825297627213,0.3683490659601319,-0.4121775293568834,0.6483805884219609
-0.24637075521518825,-0.1971671136093136,-1.4121631588245513,-0.9019555154866742,0.4054274297957945,0.11960547338083749,0.478433023494268,0.024142397782978775,0.4574169502641129,0.10751455846832719,0.10208403393083837,1.4281926112139707,-0.4708477488685656,-0.3719995545418876,-0.41068270247391225,0.4281074201341992,-0.32570095788834086,1.1822857999181033
-0.12006665828707813,-0.19856282633520095,-1.3804228377947765,-0.90432841468415,0.373594197324534,-0.84045029214957,-0.27903687555804074,0.3067951384894657,0.3984966168919206,0.18035827476656613,0.07984922653679932,1.400658565977666,0.16981857178689955,-0.49484682441131345,-0.4519774020963646,0.33688067697843904,-0.5097249647233034,1.1888360507031872
-0.21641137133214772,-0.1899441800709244,-1.0039939182728577,-0.8614455016300369,0.12949487619226757,-1.230310635083761,-0.43659369660737335,0.5590208051043394,-1.1789378025558355,0.8106216001786888,-0.24289818224535603,0.9791624335344448,0.4211266669932544,-0.22701242369674995,-0.36486792067948337,-0.4097145244018543,-0.46725118575361213,0.8243444094013102
-0.15674630836830616,-0.11225410362425803,-0.3038411879452983,0.5682831336660504,-0.018642293159331053,-1.2698713933274415,-0.4195102510921609,0.6861318157620016,-1.4355465291837264,0.8182883571582806,-0.588076179154831,-0.29530555930521807,0.884755325152278,-0.419583316148417,1.1497199297915361,-0.12875487442663253,-0.4719714866175792,-0.35173681648966315
-0.13931664406581634,-0.1317708716529098,0.6521561005037364,0.7041958776318623,-0.017113666897673546,-1.0366363083789014,-0.4179318939288068,0.6300566861085194,-1.4234938000712802,0.6873254212377694,-0.5588114553974146,-0.6081933543705571,0.71680948304188,-0.4821638618222642,1.2358038014741801,-0.5649726461335844,-0.08697677713785645,0.6137092547862161
-0.47594490982317383,0.3136333730921221,0.44515771649330904,0.7036497045760226,0.004299108388255868,0.27245635895505915,-0.36796653572115184,0.36807915700421706,-1.490230649812019,0.8422571265008321,-0.39475165139521884,-0.5707793316899513,-0.10957606124942776,-0.05049749687391403,1.2951436311505102,-0.598854778738389,-0.0005225305553438475,1.2600078381802464
-0.28469970775162146,0.6124029782499689,0.623585962697128,0.6729058750447202,-0.006853788379288878,-0.21725369543753206,-0.2607776011781722,0.019074396006290906,-1.5526492674730923,0.382599666865808,-0.524499917148413,0.5725171553267472,0.4129450866140127,-0.5020125976742971,1.2962107055294774,-0.4980354322177965,-0.27784007137647077,-0.22614163901230333
-0.8645756502043624,0.541153751481441,-0.5988725377221008,0.17207237315003993,0.035540148278408096,0.16370663746598713,0.5018791163423615,0.023856698958568567,-1.4443973732236675,0.20116318639769376,-0.5524670016362297,1.0660854704994356,-0.6900661676310659,-0.23660680428281158,1.2935157760572693,0.0032671578535278106,-0.021982947387364782,-0.2445584792196822
-0.7822430156596301,-0.03796585160583732,-1.273585890748742,-0.8821809520110654,0.45492364665921803,0.3058185614644624,0.5391663068490732,-0.00027161065800163087,0.3423828059258174,0.19296074758763432,-0.2178585644900266,1.3964963420690917,-0.7012029654928946,-0.27947369139228045,0.8405446909629666,0.40587658180256725,-0.5411646170947108,-0.21259764366850364
-0.3154033568193849,-0.19579829158857137,-1.3999884727682148,-0.8970624730967927,0.4330054673149633,0.16972767439273362,0.42991668476104616,0.020135034804621532,0.4551853613007236,0.13445505548572517,0.06104866765216316,1.4096178525589385,-0.6391501528923679,-0.2664263698549266,-0.29191580935487493,0.43245267207666804,-0.33379197776498304,1.2262897874736596
-0.2463229905236706,-0.19367142209206556,-1.1781142653187837,-0.9060244563330816,0.15895561241949083,-0.43053784658272576,-0.37948094945562055,0.3286634783033128,0.36618738333889245,0.5200263258976359,0.1765686331650385,1.3070789075512823,-0.09362790485810757,-0.16260307601212443,-0.44938518071261413,0.31751501232161994,-0.027895596986842408,0.21761234341813213
-0.09573968869087812,-0.19539382934377397,-0.6194726157459242,-0.8236911923059345,0.38210617921254814,-1.0118649700026179,-0.4240498740334421,0.5139845391970257,-0.416988701970898,0.7899730474646014,0.15357908329810283,0.22916871899585933,0.39480802549438243,-0.2422243327825962,-0.504965839864347,-0.37278596787892876,-0.48230935009080644,1.5012310020878648
-0.1385152405726397,0.017553226536233313,0.3864976831947129,0.7059873543067742,0.035663611705296056,-1.2539547998653913,-0.42308017413931853,0.7270924463414479,-1.5566533581297686,0.8056176257751264,-0.5649339231327004,-0.6359532221181267,0.87757939559602,-0.46748065622964374,1.0134071714539195,-0.1367518719054459,-0.5831327844802024,0.39845340644289023
-0.17257796311323464,-0.06960885041875481,0.6716485744172375,0.7095919027969265,0.0006977530507255303,-1.1029705316356682,-0.4222355651195323,0.6134438931916046,-1.5516075727954917,0.7279890564689808,-0.5629807665899152,-0.6487272337450359,0.6587721560525084,-0.47683454352424615,1.1321151095853113,-0.5785774751151853,-0.16274179019805968,0.9698090625786067
-0.5834667819240219,0.2622784107781968,0.6792172186762025,0.6699117524158238,0.0016287926158476407,-0.09009025262593862,-0.3887540909473032,0.06328929214841905,-1.5516744283768156,0.7816713996902,-0.585939044119117,-0.5927407164563459,-0.057284203657743976,-0.21365280446956264,1.2837773056859039,-0.6126257405710864,-0.022857958892594565,0.5050501914755325
-0.48061765736546,0.6173107572800363,0.5817628056165413,0.6637336054980134,-0.010916988387770638,0.2697599038454628,0.16791056034900173,0.009643992065802576,-1.5305380578283025,0.22048415549176392,-0.4454017592530087,1.1073122129269533,-0.4555356323053932,-0.46733487115712635,1.278382379445877,-0.5475432753856904,-0.21468431242511749,0.4463988037106491
-0.8665289722429013,0.47050162856421474,-1.212515229634391,-0.19105869962901115,0.31626305744119165,0.20037113658926253,0.43026264168637396,0.005424772350058227,-1.2669900410959054,0.26074792736200125,-0.5733224710913134,1.188440454072941,-0.6627016870435763,-0.415586285084908,1.2806107907995843,0.3851293713149595,-0.519375436457512,-0.4106467132697298
-0.8231771699823427,-0.13646908345572978,-1.3913096692602296,-0.8692067272766304,0.42323376894473314,0.3602470919528341,0.5401181003981244,0.004089872786209314,0.3840928919238209,0.15042546304979654,-0.4991015209494567,1.3980559469807496,-0.6718490689173485,-0.3644891083115089,1.018363041048434,0.4320400338238495,-0.6218315963337514,-0.34132539496830927
-0.45838007767336003,-0.1979926382269448,-1.414855628141762,-0.886635651787958,0.3592316071138638,0.17106751094189643,0.45838061088811516,0.03802004764137745,0.45601065017100806,0.10731020197487645,-0.13498423484324026,1.4073705595586934,-0.641003509812436,-0.28648592712956994,-0.25548113660672667,0.4373100771808536,-0.30937442076958743,1.282336006157818
-0.11441002397138422,-0.197818574742617,-1.3608250533546817,-0.903850949036665,0.20742195546628864,-0.5613897323231214,-0.08040533924640175,0.3269693191859051,0.42246873230447524,0.11662112629778681,-0.04076193314631066,1.3642466104760937,-0.05850067340671419,-0.4824382927371192,-0.4840179122441147,0.2498348593948817,-0.5126954722567084,1.504179216579993
-0.14321734957812698,-0.19505621829333153,-0.8787168586781209,-0.8234306948732735,0.21107975848582416,-0.8618041482891703,-0.4384975372466452,0.5597401969950672,-1.2911805882424834,0.8475205812519757,0.10311036251053929,0.019789519816448553,0.5043607534155583,-0.14454467840195478,-0.4810417206219767,-0.5561078010021985,-0.23734321044591022,1.3577311141179158
-0.15973894910652786,0.09563855128031033,0.3411586552655804,0.600648438666675,-0.001990735047752823,-1.2350713865537308,-0.4168976044218379,0.6673259702804792,-1.5394582745100214,0.8503211152421093,-0.5223803587188554,-0.6062376706171703,0.8942048453122591,-0.41995125070934175,0.8387411968654059,-0.23250529947969825,-0.4280422806868651,-0.33015860974391453
-0.16028282848522274,0.029281705233037636,0.6779166207353567,0.7068434612039638,-0.003973872693140451,-1.107951628734138,-0.4191711397784007,0.6013715962309557,-1.5449560870667864,0.7395552148054835,-0.5584755469242066,-0.6447146956832293,0.7335830967253947,-0.48151004761170024,1.1349210291775131,-0.5529176826264524,-0.16766236044858876,0.5842080419809041
-0.1349836576154509,0.5955510190102256,0.6136169758642557,0.7111748362669181,-0.00205710722470398,0.42380961348453516,-0.3581733179062163,0.48979425046013475,-1.510950907293301,0.8023731898907863,0.003957647521483559,-0.01560555517034723,0.05033966303405969,-0.1901460941210124,1.2698027941320202,-0.5989577164530706,-0.03206913337098838,1.4640692443300438
-0.8560045778974563,0.616960276748733,0.26500051466614716,0.6935703422963285,0.1668297761472422,0.14585717040714985,0.16143496834841847,0.011107535340200758,-1.5930514029108478,0.6188751017310938,-0.582485891994831,0.39565397200490676,-0.5599264922333169,-0.368228542842375,1.2974358468392753,-0.439383975403018,-0.18239065277510016,-0.12105706629793167
-0.8213693078478601,0.20608410740550367,-1.2291444604037725,-0.880445593649249,0.5217262181326795,-0.08873908277046322,0.5595994432133757,-0.0032863200876664944,0.20760698809733868,0.12352090017136097,-0.35098805532564986,1.2737520071076445,-0.6606135434969331,-0.49699483399919153,1.2084319051955603,0.43296460338986154,-0.7557809125135038,-0.29210912773820874
-0.6940532329064842,-0.1273498544466078,-1.372849924190139,-0.8953134119889832,0.502872048775022,0.4466526006891465,0.48637627816837964,0.003750543705749787,0.4174859962649824,0.30994753914677087,0.03586191682619627,1.409431941961008,-0.669304328569591,-0.18533468288199187,-0.07167882803175213,0.37948022052475927,-0.5142634280124772,0.49581000499455996
-0.19999685227746605,-0.17292066113690413,-1.39829328378792,-0.9027337152520514,0.3750566123012233,0.1129210021384095,0.4679148997840393,0.047482583799515976,0.44415179610523003,0.14098924665454837,-0.08049504066274257,1.4234725908245487,-0.29198902532335397,-0.3977593517621565,-0.3671127871221638,0.3712098660497766,-0.6073273337791908,1.1956247469224883
-0.1121131035619769,-0.19483110252986902,-1.3479111883134625,-0.903713776317942,0.27015512412192705,-1.0840052787755394,-0.42597729400144646,0.5163300992135251,0.07984836646399973,0.37132760139408244,-0.3184780127965847,1.029205180714976,0.7394650125478481,-0.5087803749795484,-0.29230212253639465,0.1371463475051871,-0.6839232598043177,0.7477836415362573
-0.1499577370310542,-0.19061251674916974,-0.7866447320835994,-0.11953426634862943,-0.01869460845777507,-1.2209480163803956,-0.4240442327424282,0.6683646057446364,-1.3942402779092766,0.8239909396633283,-0.2970445747056623,-0.6168013255526089,0.7649759909564781,-0.27757433189599545,0.1347311926677489,-0.44484122722080527,-0.1495895383597064,0.008214492843351406
-0.11738694497934049,0.02635653983570252,0.4574696037946735,0.6775090777260686,0.003876419745146048,-1.2239657271343134,-0.4203566349001312,0.6694500270038994,-1.5420582137837364,0.8276028213315617,-0.4367090508790311,-0.6916121641570186,0.8765658765884994,-0.4897427887613702,1.0917260937009716,-0.20381023096112622,-0.3991864927095332,-0.0705207543390608
-0.09084612501500244,0.13719135707034763,0.7146454781225459,0.6968732366962432,0.010279124673168688,-1.0547248101242448,-0.43873285514427784,0.6880914676148433,-1.500855468946488,0.688827784969849,-0.27444347534614955,-0.5752036675480089,0.7919632828821778,-0.5013558196640479,1.2363061175842547,-0.48677224608932557,-0.2248573403779584,1.2541206793454673
-0.796826803283354,0.5761264405312423,0.12189017179173667,0.6987127940311241,0.049541866239403515,0.3551662290665841,-0.00028381022439867565,0.3114617344514168,-1.5612148241976858,0.8120074515988898,-0.3788460747188561,-0.3627055900664421,-0.4897454334398079,-0.017970472768335355,1.2984153060425183,-0.44419390492327687,-0.007132281611503977,1.2615953666260316
-0.6804335188735726,0.6321257581239961,0.36058864148332614,0.6662291031154705,-0.008202029324103549,0.1551342444426751,0.27032777877981273,0.043686021031017874,-1.5440206614537146,0.20847721591861845,-0.5115712216528836,1.116733171024381,-0.4149084914432526,-0.47220915305547,1.2971195495164656,0.053823718605548465,-0.4262324892250975,-0.0032130844007539627
-0.8087225636086666,0.08648669788682717,-1.2947162409112347,-0.8862735700404786,0.49620803833075044,-0.06371378025608898,0.5871230485292982,-0.0030668379776847,0.2834137275292252,0.09970911853506037,-0.5044841437626478,1.3275462800804454,-0.664416999692173,-0.5108326623055923,1.2454869674902223,0.4370286464830785,-0.7512879373280156,-0.31928134786343565
-0.6840342220669507,-0.15316655884934216,-1.31040556876206,-0.8648749164373015,0.38245825321115734,0.359590087109003,0.4934896609031629,0.01128629520436858,0.39168680192149397,0.16122172721912126,-0.3726654439406915,1.3880661309159588,-0.6975590518702603,-0.266290888220315,0.7821106812423729,0.39770450622328274,-0.5116863736273605,0.7723871247286398
-0.2610047528218046,-0.17483448313799194,-1.398529909037478,-0.9052962740115594,0.21254754217394323,0.0639947646212613,0.45769636665782687,0.013165949548936184,0.4326625201841451,0.1112605585463366,-0.3095585048603356,1.4260573561941063,-0.6172571352023004,-0.2970747577750194,0.17158051186319828,0.3277710061555767,-0.6155714180814761,1.1288704619337273
-0.1344210775798625,-0.19667061204225084,-1.3436067822565751,-0.9027604912892747,0.2636578803349446,-0.8172128187060022,-0.4243958943440621,0.4268732071379601,-0.24442293562619682,0.46961267934446643,0.051316335573315275,1.1139135269557676,0.3888966947666609,-0.47432318903095605,-0.4257003141049479,-0.007084286307458582,-0.5222723086158018,1.3348552092288901
-0.16260802112061856,-0.14507020318965103,-0.47249743152951407,-0.4490443414781701,0.040970709973673886,-1.2068678544373774,-0.43933194123437225,0.5740154572078976,-1.4749329386407593,0.8569439656896295,-0.2911249890781884,-0.2513443009743189,0.7921453889870547,-0.32881070140461205,-0.142710761242125,-0.5138615036898195,-0.4313539116749282,0.18128892027075294
-0.2729182822644395,0.2591972874283383,0.6204126744952906,0.6571318839443446,-0.029307399306679943,-1.199324667293575,-0.41881618214156735,0.5780731660197708,-1.5679124764986183,0.7940408478875112,-0.5455762208859725,-0.5545571118747029,0.8708328510272789,-0.48988613505014655,1.1716943934258484,-0.3373929517544144,-0.23902793546153112,-0.4411329811369563
-0.08988319256016497,0.390258161985898,0.7203460249014703,0.7088153008782553,0.002961791162281069,-1.0700061390752458,-0.43862658970175084,0.6365962010520461,-1.5070962440791797,0.5505515938706818,-0.3583564215091366,-0.10402949354399627,0.8009418740402888,-0.519562356450485,1.2637546226545835,-0.4629339567451775,-0.34290184618261893,0.9169240262576629
-0.7228445826095795,0.5633897857326049,0.4863633709406858,0.7037271275118637,0.021573606385676874,0.11736066142520662,-0.027107784530329096,0.11857779112120148,-1.5362638178354409,0.4786071044558197,-0.5616484498281127,0.12803792224494498,-0.4055163969254898,-0.25187633889641287,1.2993412589630746,-0.3302219993279073,-0.037966807841153694,0.6190762569390268
-0.5499817944034158,0.6275431212699184,0.3811727741479325,0.6573492879355429,0.01271816245413901,0.3284105813187097,0.3033479347947433,0.05541591120058176,-1.411061915706072,0.12857287215133367,-0.36993198122859167,1.3759959791415488,-0.6052117435999728,-0.4788204586733389,1.275854125858333,0.12784951576051057,-0.5378048365871506,0.4347289133540678
-0.8418987632277586,-0.0028061044013448777,-1.2542738290334414,-0.8625204651063395,0.4229515135987091,0.44179208343139653,0.5225843023811798,-0.0004257258691755528,0.03801322553564068,0.1961005017126513,-0.3215923457917288,1.36963905280897,-0.6968679105405569,-0.3753737049955475,1.118450738317635,0.2539182033096015,-0.425989723315514,-0.27700639666454796
-0.6024882144689454,-0.18988411414760703,-1.3894535388854838,-0.9026708181953549,0.4812544833988416,0.3911117170836066,0.5521507205897236,0.0001351754083323553,0.4457024895199825,0.14499756827583166,0.06140478171108066,1.4255963315485074,-0.6912492036482047,-0.12894043395115018,-0.21629688387564183,0.38460378047127725,-0.38501074238888777,0.8696285217207552
-0.23973353576978088,-0.19769381088438837,-1.4103979137629903,-0.9023679536151885,0.44350392324001076,0.01675871538207291,0.4346084007111812,0.04274267975630347,0.4559301656282021,0.1208653603154981,0.1229053516896298,1.42496556806889,-0.443752239143238,-0.39353471781881927,-0.46974426678803916,0.42552884305848293,-0.30051177979354254,1.3429149595856882
-0.12981312393654287,-0.19856282633520095,-1.354619818167596,-0.9040616227038597,0.4089165333372462,-0.9004857035008335,-0.40870686187397354,0.4251047609287282,0.20528036475388534,0.39276568629393493,0.06033421116118309,1.3102172647430703,0.3027122812410819,-0.46992785716174723,-0.4508739848553276,0.1667758657722071,-0.5483705597446183,1.2528457575297118
-0.22405595766994296,-0.18450206720612755,-0.8321081532207417,-0.6587758843614888,0.09988178372522474,-1.2367195108294153,-0.437822040186693,0.5605851893377032,-1.369161883731377,0.8510067516550645,-0.35807006304103284,0.22237621428819715,0.6879610386409711,-0.23965148076896214,-0.21452812527218823,-0.4991463545431459,-0.4611644215658921,0.4352329547099597
-0.13812385422176426,-0.06692924423064645,0.18730165777530483,0.6823190320872425,-0.01271086625325793,-1.26349324827775,-0.42330208604763153,0.6746710185602638,-1.485007810761912,0.8020735601876825,-0.589798811747644,-0.5543080667104605,0.8797601658320093,-0.4884334836764204,1.1980823625631594,-0.19307613771373672,-0.5090360972909438,-0.3095578205466152
-0.12662064467179124,-0.12605479408076042,0.6722046243475827,0.7028254577737569,-0.00830554214511034,-0.8040469766984546,-0.4283198559413147,0.5604768263620968,-1.4133337776367236,0.6726416677738019,-0.5240926506587589,-0.6232652442752281,0.6419457165885043,-0.4779842945701408,1.2534256216398738,-0.5859571711555319,-0.05589846866507714,1.030064113300264
-0.14374455439849587,0.546332791125606,0.552503815354344,0.6957943512325715,-0.014214884509528819,0.23088126897547012,-0.41137088232369895,0.46234177794609804,-1.5382046556205466,0.7734770186974322,-0.1761105575549839,-0.21721340511603981,0.5004476752523732,-0.2952160277384195,1.292639787761178,-0.5741002233015193,-0.026978370316465383,1.2726138294588019
-0.8580691723377851,0.6134582005668554,-0.0018203937199151587,0.673255077179358,0.021477647019867957,-0.2024647523318195,0.13397711338850626,0.01363670146670376,-1.5910102510578965,0.41892003960075824,-0.6012347726528198,0.2870304372118883,-0.37166553026474,-0.36962557639800786,1.3004255512497092,-0.14914281311595046,-0.09985979820044516,-0.26586760606373794
-0.8564742368608089,0.5592296133737895,-0.7242342726726798,-0.26269464626785155,0.18195676840273173,0.043493930486354804,0.47537965888664124,0.003704883342141252,-1.4214814409342527,0.24704116095615297,-0.5243966608467203,1.2229212422152167,-0.6699933394370199,-0.39885614394167535,1.2811261293145084,0.24629130462931753,-0.3227452876763097,-0.2902927309662747
-0.6931847352756857,-0.03929526397118088,-1.2473602058999615,-0.8916920134790229,0.42723745585553524,0.24373389217850927,0.5602652423236072,0.0006953646781581724,0.40232224182324416,0.134960136241276,-0.1909761850337697,1.4146668713133832,-0.7014936283345795,-0.23559203631808154,0.3299538438061067,0.4118088746934343,-0.5185932271148379,0.21390931774842858
-0.2619447694031885,-0.19380209489481387,-1.3924059207922856,-0.8963264952201294,0.3761005387623566,-0.1805333607102001,0.5061999332546521,0.05189184066239183,0.45696811541098137,0.10828044701534872,0.07398347239541647,1.4154794701064253,-0.5688087283931016,-0.35772037412235913,-0.4507664274194575,0.4395580048793304,-0.23047920374329786,1.3520476530047465
-0.09518109098695698,-0.1893203607797812,-1.1271122737900576,-0.9030628716734693,0.23119370571869122,-0.9355543859160208,-0.2655646169152677,0.46060362938633553,0.3941425320487164,0.16267991268703247,0.01862357270582196,1.2894525258190965,0.29960461465687155,-0.5097192220398414,-0.4699736572667693,0.27965890712394476,-0.6527341307810295,1.3211833349356892
-0.12980625383220462,-0.16123845248023738,-0.14150922798820514,-0.7077435429305124,0.12586507684575798,-1.1462169573740626,-0.43822830821763625,0.5980073599333855,-1.298036692568574,0.8612083442505698,-0.0034190938397229143,-0.3842597698175364,0.7501213427471686,-0.190365821761677,-0.425805310649488,-0.52488943530595,-0.39971843565847354,0.7738331145676822
-0.22911123661539373,0.40219098750769394,0.6818723635623046,0.6586335693303205,-0.02811727284107321,-1.239972496663418,-0.40858867999649584,0.6473198406229901,-1.5554204282493904,0.8084489937250694,-0.5594524506883058,-0.5930694560731458,0.8823621865631937,-0.46096666485744,1.0795816931683682,-0.2607942980463654,-0.3034889997219498,-0.43324064599620093
-0.11695424484847844,0.22295407261227523,0.7173218403628999,0.7119274220654035,-0.0004489325794947152,-1.108864123353448,-0.4107451110255497,0.6462480164136546,-1.4543455328380683,0.6034042555506134,-0.5668443650172198,-0.6408041044211231,0.7147601720121501,-0.4851411933700669,1.23461396777251,-0.49677415997913116,-0.1792898363518897,0.7193126949564702
-0.3490500654316886,0.5284370769274085,0.6972192381405328,0.7033108158155774,0.006456974727087034,0.04084267238438488,-0.35282708542787783,0.11907612759465014,-1.514859963569913,0.622104679559272,-0.545706067438004,-0.36072448430018567,-0.059117720647880456,-0.31996837440368114,1.2920786256375574,-0.5901663031828046,-0.03148576939951209,0.6333308000314445
-0.2206716278304851,0.6369931259826443,0.694813720602174,0.7078678746208429,-0.01018459114555234,0.39152538276401516,0.06365629749225207,0.14269983047657192,-1.523044339115038,0.15251937769813156,-0.20828822977915648,1.3469915971303794,-0.5138208192125702,-0.4977852709072459,1.2558670773574376,-0.3487189844001925,-0.44697058861869715,1.0289871490804494
-0.8631343954681593,0.3035659400123576,-1.3863321297022755,-0.7327401599586295,0.5216423680055845,0.2205840339106655,0.5433127825149153,0.008510269124110348,-0.7682043381276669,0.23965144384506135,-0.44372907727170796,1.2655529228043398,-0.35822105440279484,-0.44532891253419404,1.2827089236177467,0.443513722508021,-0.7048862588824796,-0.3366996517712403
