1.100000000000000000e+01,7.021648883819580078e-01,1.200000000000000000e+01,-2.653737366199493408e-02,1.300000000000000000e+01,-2.470683097839355469e+00,3.100000000000000000e+01,6.134821772575378418e-01,3.200000000000000000e+01,3.846010565757751465e-01,3.300000000000000000e+01,-2.216275930404663086e+00,5.100000000000000000e+01,-2.519801259040832520e-01,5.200000000000000000e+01,8.856945037841796875e-01,5.300000000000000000e+01,-2.636584281921386719e+00,2.100000000000000000e+01,-1.359840154647827148e+00,2.200000000000000000e+01,-6.051354110240936279e-02,2.300000000000000000e+01,1.980136990547180176e+00,4.100000000000000000e+01,-8.683823943138122559e-01,4.200000000000000000e+01,-2.815065979957580566e-01,4.300000000000000000e+01,1.341768622398376465e+00,6.100000000000000000e+01,2.937253117561340332e-01,6.200000000000000000e+01,-5.908063650131225586e-01,6.300000000000000000e+01,2.117770195007324219e+00
1.100000000000000000e+01,7.025264501571655273e-01,1.200000000000000000e+01,-2.651177346706390381e-02,1.300000000000000000e+01,-2.470695257186889648e+00,3.100000000000000000e+01,6.104336380958557129e-01,3.200000000000000000e+01,3.845267295837402344e-01,3.300000000000000000e+01,-2.216805934906005859e+00,5.100000000000000000e+01,-2.519820928573608398e-01,5.200000000000000000e+01,8.855968117713928223e-01,5.300000000000000000e+01,-2.636644363403320312e+00,2.100000000000000000e+01,-1.360426545143127441e+00,2.200000000000000000e+01,-6.105794012546539307e-02,2.300000000000000000e+01,1.975314497947692871e+00,4.100000000000000000e+01,-8.688755035400390625e-01,4.200000000000000000e+01,-2.810949683189392090e-01,4.300000000000000000e+01,1.346253514289855957e+00,6.100000000000000000e+01,2.936267256736755371e-01,6.200000000000000000e+01,-5.907370448112487793e-01,6.300000000000000000e+01,2.108880996704101562e+00
1.100000000000000000e+01,7.225468754768371582e-01,1.200000000000000000e+01,-2.544628083705902100e-02,1.300000000000000000e+01,-2.469176292419433594e+00,3.100000000000000000e+01,4.640849530696868896e-01,3.200000000000000000e+01,3.361167907714843750e-01,3.300000000000000000e+01,-2.229057073593139648e+00,5.100000000000000000e+01,-2.529127001762390137e-01,5.200000000000000000e+01,8.823471069335937500e-01,5.300000000000000000e+01,-2.641283512115478516e+00,2.100000000000000000e+01,-1.362597823143005371e+00,2.200000000000000000e+01,-8.833284676074981689e-02,2.300000000000000000e+01,2.006793022155761719e+00,4.100000000000000000e+01,-8.705428838729858398e-01,4.200000000000000000e+01,-2.701415419578552246e-01,4.300000000000000000e+01,1.524046301841735840e+00,6.100000000000000000e+01,3.098383843898773193e-01,6.200000000000000000e+01,-5.201854109764099121e-01,6.300000000000000000e+01,2.081968307495117188e+00
1.100000000000000000e+01,6.586543321609497070e-01,1.200000000000000000e+01,-3.319947421550750732e-02,1.300000000000000000e+01,-2.465470790863037109e+00,3.100000000000000000e+01,8.355730175971984863e-01,3.200000000000000000e+01,4.700449705123901367e-01,3.300000000000000000e+01,-2.329351425170898438e+00,5.100000000000000000e+01,-2.879252731800079346e-01,5.200000000000000000e+01,4.914348721504211426e-01,5.300000000000000000e+01,-2.403042554855346680e+00,2.100000000000000000e+01,-1.219342827796936035e+00,2.200000000000000000e+01,-3.598380088806152344e-01,2.300000000000000000e+01,1.647015094757080078e+00,4.100000000000000000e+01,-8.905868530273437500e-01,4.200000000000000000e+01,-4.256544709205627441e-01,4.300000000000000000e+01,2.064869880676269531e+00,6.100000000000000000e+01,2.586390972137451172e-01,6.200000000000000000e+01,-8.075981140136718750e-01,6.300000000000000000e+01,1.137454509735107422e+00
1.100000000000000000e+01,8.968317508697509766e-01,1.200000000000000000e+01,-2.478672564029693604e-02,1.300000000000000000e+01,-2.433153629302978516e+00,3.100000000000000000e+01,-3.544853031635284424e-01,3.200000000000000000e+01,9.396650642156600952e-02,3.300000000000000000e+01,-2.243020534515380859e+00,5.100000000000000000e+01,-2.707144618034362793e-01,5.200000000000000000e+01,8.713700771331787109e-01,5.300000000000000000e+01,-2.645546197891235352e+00,2.100000000000000000e+01,-1.352751374244689941e+00,2.200000000000000000e+01,-2.793342471122741699e-01,2.300000000000000000e+01,2.203073501586914062e+00,4.100000000000000000e+01,-8.323689699172973633e-01,4.200000000000000000e+01,-1.738650202751159668e-01,4.300000000000000000e+01,1.743081569671630859e+00,6.100000000000000000e+01,7.727167606353759766e-01,6.200000000000000000e+01,-2.714960575103759766e-01,6.300000000000000000e+01,2.398931264877319336e+00
1.100000000000000000e+01,9.824389219284057617e-01,1.200000000000000000e+01,-1.978994905948638916e-02,1.300000000000000000e+01,-2.299800395965576172e+00,3.100000000000000000e+01,-6.226350069046020508e-01,3.200000000000000000e+01,-2.647779881954193115e-03,3.300000000000000000e+01,-2.233564138412475586e+00,5.100000000000000000e+01,-2.778332233428955078e-01,5.200000000000000000e+01,8.804918527603149414e-01,5.300000000000000000e+01,-2.645691394805908203e+00,2.100000000000000000e+01,-1.309823513031005859e+00,2.200000000000000000e+01,-5.088742375373840332e-01,2.300000000000000000e+01,2.200537204742431641e+00,4.100000000000000000e+01,-7.419061064720153809e-01,4.200000000000000000e+01,-1.765035688877105713e-01,4.300000000000000000e+01,1.894777536392211914e+00,6.100000000000000000e+01,1.128845810890197754e+00,6.200000000000000000e+01,-2.351877242326736450e-01,6.300000000000000000e+01,2.529738664627075195e+00
1.100000000000000000e+01,7.431693673133850098e-01,1.200000000000000000e+01,-2.820710837841033936e-02,1.300000000000000000e+01,-1.974062919616699219e+00,3.100000000000000000e+01,1.710447371006011963e-01,3.200000000000000000e+01,3.689144253730773926e-01,3.300000000000000000e+01,-2.341653823852539062e+00,5.100000000000000000e+01,-6.153627634048461914e-01,5.200000000000000000e+01,2.113530486822128296e-01,5.300000000000000000e+01,-2.590144395828247070e+00,2.100000000000000000e+01,-1.015425205230712891e+00,2.200000000000000000e+01,-7.166619300842285156e-01,2.300000000000000000e+01,1.845801711082458496e+00,4.100000000000000000e+01,-7.781628370285034180e-01,4.200000000000000000e+01,-4.196413755416870117e-01,4.300000000000000000e+01,2.225024700164794922e+00,6.100000000000000000e+01,4.983175694942474365e-01,6.200000000000000000e+01,-6.290480494499206543e-01,6.300000000000000000e+01,1.641817092895507812e+00
1.100000000000000000e+01,1.008142471313476562e+00,1.200000000000000000e+01,1.017923653125762939e-02,1.300000000000000000e+01,-1.414832353591918945e+00,3.100000000000000000e+01,-6.992876529693603516e-01,3.200000000000000000e+01,-4.795103520154953003e-02,3.300000000000000000e+01,-2.245072841644287109e+00,5.100000000000000000e+01,-2.794142365455627441e-01,5.200000000000000000e+01,8.868644833564758301e-01,5.300000000000000000e+01,-2.644728422164916992e+00,2.100000000000000000e+01,-1.206914424896240234e+00,2.200000000000000000e+01,-7.035723924636840820e-01,2.300000000000000000e+01,1.870063543319702148e+00,4.100000000000000000e+01,-4.797152578830718994e-01,4.200000000000000000e+01,-2.235244810581207275e-01,4.300000000000000000e+01,2.104747295379638672e+00,6.100000000000000000e+01,1.253591299057006836e+00,6.200000000000000000e+01,-2.204728275537490845e-01,6.300000000000000000e+01,2.590072154998779297e+00
1.100000000000000000e+01,7.455952167510986328e-01,1.200000000000000000e+01,1.601874530315399170e-01,1.300000000000000000e+01,-4.949475526809692383e-01,3.100000000000000000e+01,-6.762255430221557617e-01,3.200000000000000000e+01,-7.326113432645797729e-02,3.300000000000000000e+01,-2.299772024154663086e+00,5.100000000000000000e+01,-3.085794746875762939e-01,5.200000000000000000e+01,8.047574758529663086e-01,5.300000000000000000e+01,-2.640858411788940430e+00,2.100000000000000000e+01,-1.000494956970214844e+00,2.200000000000000000e+01,-7.784764766693115234e-01,2.300000000000000000e+01,1.084709167480468750e+00,4.100000000000000000e+01,-2.719845771789550781e-01,4.200000000000000000e+01,-3.304736912250518799e-01,4.300000000000000000e+01,2.106648206710815430e+00,6.100000000000000000e+01,1.299287080764770508e+00,6.200000000000000000e+01,-2.680337429046630859e-01,6.300000000000000000e+01,2.588889360427856445e+00
1.100000000000000000e+01,7.482390403747558594e-01,1.200000000000000000e+01,6.215541362762451172e-01,1.300000000000000000e+01,-3.177559375762939453e-01,3.100000000000000000e+01,-6.983903050422668457e-01,3.200000000000000000e+01,-6.897651404142379761e-02,3.300000000000000000e+01,-1.933897495269775391e+00,5.100000000000000000e+01,-2.778633236885070801e-01,5.200000000000000000e+01,8.666311502456665039e-01,5.300000000000000000e+01,-2.640561342239379883e+00,2.100000000000000000e+01,-1.242325067520141602e+00,2.200000000000000000e+01,-3.556601405143737793e-01,2.300000000000000000e+01,1.683311223983764648e+00,4.100000000000000000e+01,-5.565396547317504883e-01,4.200000000000000000e+01,-2.843679487705230713e-01,4.300000000000000000e+01,2.087295532226562500e+00,6.100000000000000000e+01,1.295540452003479004e+00,6.200000000000000000e+01,-2.077371925115585327e-01,6.300000000000000000e+01,1.926037907600402832e+00
1.100000000000000000e+01,6.176623702049255371e-01,1.200000000000000000e+01,7.035771012306213379e-01,1.300000000000000000e+01,-3.348193168640136719e-01,3.100000000000000000e+01,-7.021439671516418457e-01,3.200000000000000000e+01,-7.260512560606002808e-02,3.300000000000000000e+01,-1.975014925003051758e+00,5.100000000000000000e+01,-3.757539987564086914e-01,5.200000000000000000e+01,9.170311689376831055e-01,5.300000000000000000e+01,-2.622510194778442383e+00,2.100000000000000000e+01,-1.142346143722534180e+00,2.200000000000000000e+01,-4.901626110076904297e-01,2.300000000000000000e+01,1.832180619239807129e+00,4.100000000000000000e+01,-4.415275156497955322e-01,4.200000000000000000e+01,-1.050681397318840027e-01,4.300000000000000000e+01,2.146840810775756836e+00,6.100000000000000000e+01,1.301864624023437500e+00,6.200000000000000000e+01,-2.752140760421752930e-01,6.300000000000000000e+01,2.642010688781738281e+00
1.100000000000000000e+01,6.241497993469238281e-01,1.200000000000000000e+01,3.468011021614074707e-01,1.300000000000000000e+01,-3.185827732086181641e-01,3.100000000000000000e+01,-6.988728046417236328e-01,3.200000000000000000e+01,-4.235889762639999390e-02,3.300000000000000000e+01,-2.053661823272705078e+00,5.100000000000000000e+01,-2.749952077865600586e-01,5.200000000000000000e+01,7.865986227989196777e-01,5.300000000000000000e+01,-2.624234914779663086e+00,2.100000000000000000e+01,-1.142093539237976074e+00,2.200000000000000000e+01,-4.829684495925903320e-01,2.300000000000000000e+01,1.940248608589172363e+00,4.100000000000000000e+01,-3.792234361171722412e-01,4.200000000000000000e+01,-3.247284889221191406e-01,4.300000000000000000e+01,2.198152065277099609e+00,6.100000000000000000e+01,1.306687831878662109e+00,6.200000000000000000e+01,-3.082227706909179688e-01,6.300000000000000000e+01,2.597147226333618164e+00
1.100000000000000000e+01,6.293474435806274414e-01,1.200000000000000000e+01,3.492936789989471436e-01,1.300000000000000000e+01,-3.238075971603393555e-01,3.100000000000000000e+01,-6.826241016387939453e-01,3.200000000000000000e+01,-3.137177973985671997e-02,3.300000000000000000e+01,-1.851227998733520508e+00,5.100000000000000000e+01,-2.699141502380371094e-01,5.200000000000000000e+01,5.463247299194335938e-01,5.300000000000000000e+01,-2.623320579528808594e+00,2.100000000000000000e+01,-1.165901780128479004e+00,2.200000000000000000e+01,-4.737442135810852051e-01,2.300000000000000000e+01,2.057548046112060547e+00,4.100000000000000000e+01,-2.762670516967773438e-01,4.200000000000000000e+01,-3.092178404331207275e-01,4.300000000000000000e+01,2.268692970275878906e+00,6.100000000000000000e+01,1.309831619262695312e+00,6.200000000000000000e+01,-2.858064770698547363e-01,6.300000000000000000e+01,2.547837972640991211e+00
1.100000000000000000e+01,1.368176579475402832e+00,1.200000000000000000e+01,4.168193936347961426e-01,1.300000000000000000e+01,-1.323725581169128418e+00,3.100000000000000000e+01,-6.874706149101257324e-01,3.200000000000000000e+01,1.906057447195053101e-02,3.300000000000000000e+01,-7.506386041641235352e-01,5.100000000000000000e+01,-7.606178522109985352e-01,5.200000000000000000e+01,3.810952305793762207e-01,5.300000000000000000e+01,-2.635461807250976562e+00,2.100000000000000000e+01,-1.365637421607971191e+00,2.200000000000000000e+01,-5.384214520454406738e-01,2.300000000000000000e+01,1.594935059547424316e+00,4.100000000000000000e+01,6.268559694290161133e-01,4.200000000000000000e+01,6.203361600637435913e-02,4.300000000000000000e+01,2.336970567703247070e+00,6.100000000000000000e+01,1.298784613609313965e+00,6.200000000000000000e+01,-1.652658730745315552e-01,6.300000000000000000e+01,2.489349126815795898e+00
1.100000000000000000e+01,1.381271719932556152e+00,1.200000000000000000e+01,4.869279265403747559e-01,1.300000000000000000e+01,-1.547300219535827637e+00,3.100000000000000000e+01,-6.521331667900085449e-01,3.200000000000000000e+01,4.895145446062088013e-02,3.300000000000000000e+01,-6.642584800720214844e-01,5.100000000000000000e+01,-9.050810337066650391e-01,5.200000000000000000e+01,3.193218111991882324e-01,5.300000000000000000e+01,-2.627658605575561523e+00,2.100000000000000000e+01,-1.360468387603759766e+00,2.200000000000000000e+01,-5.394462943077087402e-01,2.300000000000000000e+01,1.633772969245910645e+00,4.100000000000000000e+01,6.251876950263977051e-01,4.200000000000000000e+01,5.679710954427719116e-02,4.300000000000000000e+01,2.342202901840209961e+00,6.100000000000000000e+01,1.277318716049194336e+00,6.200000000000000000e+01,-1.652298122644424438e-01,6.300000000000000000e+01,2.190777540206909180e+00
1.100000000000000000e+01,1.354830980300903320e+00,1.200000000000000000e+01,2.059082686901092529e-01,1.300000000000000000e+01,-9.205099344253540039e-01,3.100000000000000000e+01,-2.508141100406646729e-01,3.200000000000000000e+01,9.805432707071304321e-02,3.300000000000000000e+01,-1.035740852355957031e+00,5.100000000000000000e+01,-5.485943555831909180e-01,5.200000000000000000e+01,1.664696186780929565e-01,5.300000000000000000e+01,-2.618804454803466797e+00,2.100000000000000000e+01,-1.326597690582275391e+00,2.200000000000000000e+01,-6.807097792625427246e-01,2.300000000000000000e+01,1.426554203033447266e+00,4.100000000000000000e+01,4.813073873519897461e-01,4.200000000000000000e+01,-1.083328351378440857e-01,4.300000000000000000e+01,2.341043710708618164e+00,6.100000000000000000e+01,1.307863831520080566e+00,6.200000000000000000e+01,-1.706125885248184204e-01,6.300000000000000000e+01,9.357689023017883301e-01
1.100000000000000000e+01,1.360580205917358398e+00,1.200000000000000000e+01,1.720682680606842041e-01,1.300000000000000000e+01,-1.169428825378417969e+00,3.100000000000000000e+01,8.244385570287704468e-02,3.200000000000000000e+01,1.585197746753692627e-01,3.300000000000000000e+01,-9.630352258682250977e-01,5.100000000000000000e+01,-5.648972988128662109e-01,5.200000000000000000e+01,1.644411832094192505e-01,5.300000000000000000e+01,-2.603948593139648438e+00,2.100000000000000000e+01,-1.344413518905639648e+00,2.200000000000000000e+01,-6.613291501998901367e-01,2.300000000000000000e+01,1.427759408950805664e+00,4.100000000000000000e+01,4.274501204490661621e-01,4.200000000000000000e+01,-1.313606500625610352e-01,4.300000000000000000e+01,2.342966556549072266e+00,6.100000000000000000e+01,1.305594801902770996e+00,6.200000000000000000e+01,-1.705275923013687134e-01,6.300000000000000000e+01,7.360680103302001953e-01
1.100000000000000000e+01,1.298574805259704590e+00,1.200000000000000000e+01,2.988154292106628418e-01,1.300000000000000000e+01,-1.247554540634155273e+00,3.100000000000000000e+01,8.060407638549804688e-01,3.200000000000000000e+01,7.982657104730606079e-02,3.300000000000000000e+01,-1.064958930015563965e+00,5.100000000000000000e+01,-8.253314495086669922e-01,5.200000000000000000e+01,1.626501530408859253e-01,5.300000000000000000e+01,-2.551356315612792969e+00,2.100000000000000000e+01,-1.300209403038024902e+00,2.200000000000000000e+01,-6.928007602691650391e-01,2.300000000000000000e+01,1.313181042671203613e+00,4.100000000000000000e+01,3.870845735073089600e-01,4.200000000000000000e+01,-1.984768807888031006e-01,4.300000000000000000e+01,2.335246801376342773e+00,6.100000000000000000e+01,1.310106396675109863e+00,6.200000000000000000e+01,-1.817022413015365601e-01,6.300000000000000000e+01,6.885486841201782227e-01
1.100000000000000000e+01,1.269906401634216309e+00,1.200000000000000000e+01,2.569151520729064941e-01,1.300000000000000000e+01,-1.557961463928222656e+00,3.100000000000000000e+01,8.717116713523864746e-01,3.200000000000000000e+01,1.360284388065338135e-01,3.300000000000000000e+01,-1.146242737770080566e+00,5.100000000000000000e+01,-7.739818692207336426e-01,5.200000000000000000e+01,1.625232845544815063e-01,5.300000000000000000e+01,-2.484140396118164062e+00,2.100000000000000000e+01,-1.317918300628662109e+00,2.200000000000000000e+01,-6.461004614830017090e-01,2.300000000000000000e+01,1.321450710296630859e+00,4.100000000000000000e+01,2.945858836174011230e-01,4.200000000000000000e+01,-2.167752087116241455e-01,4.300000000000000000e+01,2.335502386093139648e+00,6.100000000000000000e+01,1.306520104408264160e+00,6.200000000000000000e+01,-1.954368203878402710e-01,6.300000000000000000e+01,6.481348276138305664e-01
1.100000000000000000e+01,1.253589868545532227e+00,1.200000000000000000e+01,2.344998717308044434e-01,1.300000000000000000e+01,-1.763173580169677734e+00,3.100000000000000000e+01,8.846360445022583008e-01,3.200000000000000000e+01,1.779539287090301514e-01,3.300000000000000000e+01,-1.049111723899841309e+00,5.100000000000000000e+01,-8.458399176597595215e-01,5.200000000000000000e+01,1.623362153768539429e-01,5.300000000000000000e+01,-2.404272079467773438e+00,2.100000000000000000e+01,-1.303030252456665039e+00,2.200000000000000000e+01,-5.665137767791748047e-01,2.300000000000000000e+01,1.512335658073425293e+00,4.100000000000000000e+01,4.056621789932250977e-01,4.200000000000000000e+01,-2.184329926967620850e-01,4.300000000000000000e+01,2.329248189926147461e+00,6.100000000000000000e+01,1.302974820137023926e+00,6.200000000000000000e+01,-2.033589929342269897e-01,6.300000000000000000e+01,6.575264334678649902e-01
1.100000000000000000e+01,1.222603321075439453e+00,1.200000000000000000e+01,2.666125297546386719e-01,1.300000000000000000e+01,-1.875026464462280273e+00,3.100000000000000000e+01,8.877160549163818359e-01,3.200000000000000000e+01,1.926604807376861572e-01,3.300000000000000000e+01,-9.945276975631713867e-01,5.100000000000000000e+01,-8.989551067352294922e-01,5.200000000000000000e+01,1.622454375028610229e-01,5.300000000000000000e+01,-2.333549261093139648e+00,2.100000000000000000e+01,-1.266402721405029297e+00,2.200000000000000000e+01,-4.942290782928466797e-01,2.300000000000000000e+01,1.703395128250122070e+00,4.100000000000000000e+01,5.261804461479187012e-01,4.200000000000000000e+01,-2.213906645774841309e-01,4.300000000000000000e+01,2.313086271286010742e+00,6.100000000000000000e+01,1.299028158187866211e+00,6.200000000000000000e+01,-2.255797833204269409e-01,6.300000000000000000e+01,6.794525384902954102e-01
1.100000000000000000e+01,1.319890856742858887e+00,1.200000000000000000e+01,2.508285641670227051e-01,1.300000000000000000e+01,-2.299390316009521484e+00,3.100000000000000000e+01,8.574408292770385742e-01,3.200000000000000000e+01,3.333882093429565430e-01,3.300000000000000000e+01,-9.241731762886047363e-01,5.100000000000000000e+01,-5.782511234283447266e-01,5.200000000000000000e+01,1.637851148843765259e-01,5.300000000000000000e+01,-2.431242227554321289e+00,2.100000000000000000e+01,-1.342774152755737305e+00,2.200000000000000000e+01,-2.906765341758728027e-01,2.300000000000000000e+01,1.804280281066894531e+00,4.100000000000000000e+01,5.864105224609375000e-01,4.200000000000000000e+01,-2.016003727912902832e-01,4.300000000000000000e+01,2.306156158447265625e+00,6.100000000000000000e+01,1.118582963943481445e+00,6.200000000000000000e+01,-3.236833214759826660e-01,6.300000000000000000e+01,6.542378067970275879e-01
1.100000000000000000e+01,1.109146595001220703e+00,1.200000000000000000e+01,4.809166789054870605e-01,1.300000000000000000e+01,-2.306720733642578125e+00,3.100000000000000000e+01,9.005489945411682129e-01,3.200000000000000000e+01,2.542983293533325195e-01,3.300000000000000000e+01,-1.129411458969116211e+00,5.100000000000000000e+01,-7.819285392761230469e-01,5.200000000000000000e+01,1.632462888956069946e-01,5.300000000000000000e+01,-1.695056319236755371e+00,2.100000000000000000e+01,-1.161471843719482422e+00,2.200000000000000000e+01,-4.147782325744628906e-01,2.300000000000000000e+01,1.943285822868347168e+00,4.100000000000000000e+01,6.478633284568786621e-01,4.200000000000000000e+01,-2.352154254913330078e-01,4.300000000000000000e+01,2.149353027343750000e+00,6.100000000000000000e+01,9.958270788192749023e-01,6.200000000000000000e+01,-7.417463064193725586e-01,6.300000000000000000e+01,6.925694942474365234e-01
1.100000000000000000e+01,1.046684503555297852e+00,1.200000000000000000e+01,5.469909906387329102e-01,1.300000000000000000e+01,-2.398514270782470703e+00,3.100000000000000000e+01,9.008870720863342285e-01,3.200000000000000000e+01,2.669335305690765381e-01,3.300000000000000000e+01,-1.351920127868652344e+00,5.100000000000000000e+01,-7.370910644531250000e-01,5.200000000000000000e+01,1.658739298582077026e-01,5.300000000000000000e+01,-1.485602855682373047e+00,2.100000000000000000e+01,-1.127765297889709473e+00,2.200000000000000000e+01,-4.562987089157104492e-01,2.300000000000000000e+01,2.068960189819335938e+00,4.100000000000000000e+01,6.601715683937072754e-01,4.200000000000000000e+01,-2.295996248722076416e-01,4.300000000000000000e+01,1.949940443038940430e+00,6.100000000000000000e+01,4.966290593147277832e-01,6.200000000000000000e+01,-8.854409456253051758e-01,6.300000000000000000e+01,7.303795814514160156e-01
1.100000000000000000e+01,1.042701601982116699e+00,1.200000000000000000e+01,3.945710957050323486e-01,1.300000000000000000e+01,-2.408859252929687500e+00,3.100000000000000000e+01,8.960214853286743164e-01,3.200000000000000000e+01,7.885805517435073853e-02,3.300000000000000000e+01,-1.686769008636474609e+00,5.100000000000000000e+01,-7.342553734779357910e-01,5.200000000000000000e+01,1.819959133863449097e-01,5.300000000000000000e+01,-1.212030410766601562e+00,2.100000000000000000e+01,-9.421310424804687500e-01,2.200000000000000000e+01,-5.593757033348083496e-01,2.300000000000000000e+01,1.724835991859436035e+00,4.100000000000000000e+01,6.862690448760986328e-01,4.200000000000000000e+01,-1.169232800602912903e-01,4.300000000000000000e+01,1.888526201248168945e+00,6.100000000000000000e+01,4.022765755653381348e-01,6.200000000000000000e+01,-6.836154460906982422e-01,6.300000000000000000e+01,7.745233774185180664e-01
1.100000000000000000e+01,8.361177444458007812e-01,1.200000000000000000e+01,1.509054303169250488e-01,1.300000000000000000e+01,-2.387879848480224609e+00,3.100000000000000000e+01,8.824998736381530762e-01,3.200000000000000000e+01,-2.009957283735275269e-02,3.300000000000000000e+01,-1.955050945281982422e+00,5.100000000000000000e+01,-8.738944530487060547e-01,5.200000000000000000e+01,2.891613245010375977e-01,5.300000000000000000e+01,-7.938088178634643555e-01,2.100000000000000000e+01,-7.314867973327636719e-01,2.200000000000000000e+01,-5.308824181556701660e-01,2.300000000000000000e+01,1.879597306251525879e+00,4.100000000000000000e+01,6.930068135261535645e-01,4.200000000000000000e+01,-1.136184558272361755e-01,4.300000000000000000e+01,1.142820119857788086e+00,6.100000000000000000e+01,3.221761286258697510e-01,6.200000000000000000e+01,-4.257088303565979004e-01,6.300000000000000000e+01,1.593063235282897949e+00
1.100000000000000000e+01,7.418264150619506836e-01,1.200000000000000000e+01,4.287721216678619385e-02,1.300000000000000000e+01,-2.333073377609252930e+00,3.100000000000000000e+01,8.392508029937744141e-01,3.200000000000000000e+01,-4.797887057065963745e-02,3.300000000000000000e+01,-2.076676845550537109e+00,5.100000000000000000e+01,-7.510935068130493164e-01,5.200000000000000000e+01,5.443276762962341309e-01,5.300000000000000000e+01,-7.233209609985351562e-01,2.100000000000000000e+01,-6.748717427253723145e-01,2.200000000000000000e+01,-5.375728607177734375e-01,2.300000000000000000e+01,1.677261948585510254e+00,4.100000000000000000e+01,6.860979199409484863e-01,4.200000000000000000e+01,-1.690569818019866943e-01,4.300000000000000000e+01,8.357928395271301270e-01,6.100000000000000000e+01,3.100028634071350098e-01,6.200000000000000000e+01,-3.015869855880737305e-01,6.300000000000000000e+01,2.179454565048217773e+00
1.100000000000000000e+01,6.517778635025024414e-01,1.200000000000000000e+01,-3.178760409355163574e-03,1.300000000000000000e+01,-2.230247974395751953e+00,3.100000000000000000e+01,7.965393066406250000e-01,3.200000000000000000e+01,-4.632731527090072632e-02,3.300000000000000000e+01,-2.149175405502319336e+00,5.100000000000000000e+01,-5.352936983108520508e-01,5.200000000000000000e+01,7.240871191024780273e-01,5.300000000000000000e+01,-7.586193680763244629e-01,2.100000000000000000e+01,-6.801681518554687500e-01,2.200000000000000000e+01,-4.147480726242065430e-01,2.300000000000000000e+01,1.500653982162475586e+00,4.100000000000000000e+01,6.629861593246459961e-01,4.200000000000000000e+01,-2.141447365283966064e-01,4.300000000000000000e+01,6.510896086692810059e-01,6.100000000000000000e+01,3.436592519283294678e-01,6.200000000000000000e+01,-2.667857408523559570e-01,6.300000000000000000e+01,2.445008993148803711e+00
1.100000000000000000e+01,6.769875288009643555e-01,1.200000000000000000e+01,-2.462281286716461182e-02,1.300000000000000000e+01,-2.204735994338989258e+00,3.100000000000000000e+01,4.694992303848266602e-01,3.200000000000000000e+01,1.887727528810501099e-02,3.300000000000000000e+01,-2.238547086715698242e+00,5.100000000000000000e+01,-3.359021544456481934e-01,5.200000000000000000e+01,8.720405697822570801e-01,5.300000000000000000e+01,-1.256733894348144531e+00,2.100000000000000000e+01,-8.861677646636962891e-01,2.200000000000000000e+01,-1.681886613368988037e-01,2.300000000000000000e+01,1.291259288787841797e+00,4.100000000000000000e+01,5.731255412101745605e-01,4.200000000000000000e+01,-1.099761053919792175e-01,4.300000000000000000e+01,5.905292630195617676e-01,6.100000000000000000e+01,3.360589146614074707e-01,6.200000000000000000e+01,-2.356642931699752808e-01,6.300000000000000000e+01,2.542494535446166992e+00
1.100000000000000000e+01,6.648359298706054688e-01,1.200000000000000000e+01,-2.523992955684661865e-02,1.300000000000000000e+01,-2.049646377563476562e+00,3.100000000000000000e+01,3.956910371780395508e-01,3.200000000000000000e+01,3.940583020448684692e-02,3.300000000000000000e+01,-2.248662710189819336e+00,5.100000000000000000e+01,-3.317707479000091553e-01,5.200000000000000000e+01,8.919618725776672363e-01,5.300000000000000000e+01,-1.423216104507446289e+00,2.100000000000000000e+01,-9.821955561637878418e-01,2.200000000000000000e+01,-1.410198062658309937e-01,2.300000000000000000e+01,1.108076691627502441e+00,4.100000000000000000e+01,5.182716250419616699e-01,4.200000000000000000e+01,-8.924295753240585327e-02,4.300000000000000000e+01,5.549011230468750000e-01,6.100000000000000000e+01,4.138037562370300293e-01,6.200000000000000000e+01,-3.006187677383422852e-01,6.300000000000000000e+01,2.586110353469848633e+00
1.100000000000000000e+01,6.140974760055541992e-01,1.200000000000000000e+01,-3.015877306461334229e-02,1.300000000000000000e+01,-2.134583950042724609e+00,3.100000000000000000e+01,8.506936430931091309e-01,3.200000000000000000e+01,4.563184976577758789e-01,3.300000000000000000e+01,-2.285950422286987305e+00,5.100000000000000000e+01,-8.008350729942321777e-01,5.200000000000000000e+01,8.257086277008056641e-01,5.300000000000000000e+01,-6.020600795745849609e-01,2.100000000000000000e+01,-7.383196949958801270e-01,2.200000000000000000e+01,-1.420329511165618896e-02,2.300000000000000000e+01,2.068703174591064453e+00,4.100000000000000000e+01,8.183397352695465088e-03,4.200000000000000000e+01,-3.295616507530212402e-01,4.300000000000000000e+01,5.409200191497802734e-01,6.100000000000000000e+01,2.534760236740112305e-01,6.200000000000000000e+01,-8.248501420021057129e-01,6.300000000000000000e+01,2.591472148895263672e+00
1.100000000000000000e+01,6.305661797523498535e-01,1.200000000000000000e+01,-3.085739910602569580e-02,1.300000000000000000e+01,-2.370774269104003906e+00,3.100000000000000000e+01,7.928766608238220215e-01,3.200000000000000000e+01,4.784863591194152832e-01,3.300000000000000000e+01,-2.246379137039184570e+00,5.100000000000000000e+01,-6.185258030891418457e-01,5.200000000000000000e+01,6.716175079345703125e-01,5.300000000000000000e+01,-7.942432165145874023e-01,2.100000000000000000e+01,-1.072788596153259277e+00,2.200000000000000000e+01,-2.292992174625396729e-02,2.300000000000000000e+01,1.880863785743713379e+00,4.100000000000000000e+01,1.131068915128707886e-01,4.200000000000000000e+01,-2.273232638835906982e-01,4.300000000000000000e+01,5.446127057075500488e-01,6.100000000000000000e+01,2.624559402465820312e-01,6.200000000000000000e+01,-8.615858554840087891e-01,6.300000000000000000e+01,2.626062393188476562e+00
1.100000000000000000e+01,6.228928565979003906e-01,1.200000000000000000e+01,-2.906371653079986572e-02,1.300000000000000000e+01,-1.985379815101623535e+00,3.100000000000000000e+01,6.951060295104980469e-01,3.200000000000000000e+01,4.658792614936828613e-01,3.300000000000000000e+01,-2.320201396942138672e+00,5.100000000000000000e+01,-3.823545277118682861e-01,5.200000000000000000e+01,3.157160878181457520e-01,5.300000000000000000e+01,-1.381938815116882324e+00,2.100000000000000000e+01,-1.143749833106994629e+00,2.200000000000000000e+01,-1.102215796709060669e-01,2.300000000000000000e+01,1.270347476005554199e+00,4.100000000000000000e+01,-4.290055334568023682e-01,4.200000000000000000e+01,-3.384851813316345215e-01,4.300000000000000000e+01,5.535563826560974121e-01,6.100000000000000000e+01,4.874523580074310303e-01,6.200000000000000000e+01,-8.732461929321289062e-01,6.300000000000000000e+01,2.523031711578369141e+00
1.100000000000000000e+01,6.289888620376586914e-01,1.200000000000000000e+01,-2.333934605121612549e-02,1.300000000000000000e+01,-1.780655026435852051e+00,3.100000000000000000e+01,2.542766332626342773e-01,3.200000000000000000e+01,4.544528126716613770e-01,3.300000000000000000e+01,-2.332871437072753906e+00,5.100000000000000000e+01,-4.711174368858337402e-01,5.200000000000000000e+01,3.037399053573608398e-01,5.300000000000000000e+01,-2.120257377624511719e+00,2.100000000000000000e+01,-1.182351350784301758e+00,2.200000000000000000e+01,-2.368191331624984741e-01,2.300000000000000000e+01,1.038373589515686035e+00,4.100000000000000000e+01,-6.607313752174377441e-01,4.200000000000000000e+01,-3.785731196403503418e-01,4.300000000000000000e+01,6.715536117553710938e-01,6.100000000000000000e+01,4.602924883365631104e-01,6.200000000000000000e+01,-8.557114601135253906e-01,6.300000000000000000e+01,2.439953327178955078e+00
1.100000000000000000e+01,6.801015138626098633e-01,1.200000000000000000e+01,4.351235926151275635e-02,1.300000000000000000e+01,-8.770339488983154297e-01,3.100000000000000000e+01,-1.308429241180419922e-01,3.200000000000000000e+01,1.596738994121551514e-01,3.300000000000000000e+01,-2.338416576385498047e+00,5.100000000000000000e+01,-5.121917724609375000e-01,5.200000000000000000e+01,3.005566000938415527e-01,5.300000000000000000e+01,-2.563645839691162109e+00,2.100000000000000000e+01,-1.259761095046997070e+00,2.200000000000000000e+01,-3.212132453918457031e-01,2.300000000000000000e+01,9.686963558197021484e-01,4.100000000000000000e+01,-7.722633481025695801e-01,4.200000000000000000e+01,-3.642506003379821777e-01,4.300000000000000000e+01,1.332475423812866211e+00,6.100000000000000000e+01,5.420861244201660156e-01,6.200000000000000000e+01,-5.380629897117614746e-01,6.300000000000000000e+01,1.025962114334106445e+00
1.100000000000000000e+01,6.828631758689880371e-01,1.200000000000000000e+01,7.520999014377593994e-02,1.300000000000000000e+01,-6.743876934051513672e-01,3.100000000000000000e+01,-4.529011249542236328e-01,3.200000000000000000e+01,7.222784310579299927e-02,3.300000000000000000e+01,-2.342475652694702148e+00,5.100000000000000000e+01,-4.443016946315765381e-01,5.200000000000000000e+01,4.802678823471069336e-01,5.300000000000000000e+01,-2.559856891632080078e+00,2.100000000000000000e+01,-1.235289454460144043e+00,2.200000000000000000e+01,-5.810330510139465332e-01,2.300000000000000000e+01,6.528465747833251953e-01,4.100000000000000000e+01,-8.367771506309509277e-01,4.200000000000000000e+01,-4.044756293296813965e-01,4.300000000000000000e+01,1.911088943481445312e+00,6.100000000000000000e+01,4.720841944217681885e-01,6.200000000000000000e+01,-6.535170674324035645e-01,6.300000000000000000e+01,9.115384221076965332e-01
1.100000000000000000e+01,6.289806365966796875e-01,1.200000000000000000e+01,5.640686154365539551e-01,1.300000000000000000e+01,-3.466676473617553711e-01,3.100000000000000000e+01,-6.837430000305175781e-01,3.200000000000000000e+01,3.383057564496994019e-02,3.300000000000000000e+01,-2.344944953918457031e+00,5.100000000000000000e+01,-3.349805474281311035e-01,5.200000000000000000e+01,7.098289728164672852e-01,5.300000000000000000e+01,-2.572947025299072266e+00,2.100000000000000000e+01,-1.152416944503784180e+00,2.200000000000000000e+01,-6.329981088638305664e-01,2.300000000000000000e+01,9.152082204818725586e-01,4.100000000000000000e+01,-8.648583889007568359e-01,4.200000000000000000e+01,-4.521085619926452637e-01,4.300000000000000000e+01,2.021883487701416016e+00,6.100000000000000000e+01,4.593321681022644043e-01,6.200000000000000000e+01,-8.559117317199707031e-01,6.300000000000000000e+01,1.380309462547302246e+00
1.100000000000000000e+01,7.437090873718261719e-01,1.200000000000000000e+01,6.588733792304992676e-01,1.300000000000000000e+01,-5.179909467697143555e-01,3.100000000000000000e+01,-7.161285281181335449e-01,3.200000000000000000e+01,-6.060286611318588257e-02,3.300000000000000000e+01,-2.016413688659667969e+00,5.100000000000000000e+01,-2.659794092178344727e-01,5.200000000000000000e+01,9.316168427467346191e-01,5.300000000000000000e+01,-2.644514560699462891e+00,2.100000000000000000e+01,-1.373901247978210449e+00,2.200000000000000000e+01,-2.137563228607177734e-01,2.300000000000000000e+01,1.300104379653930664e+00,4.100000000000000000e+01,-8.157274723052978516e-01,4.200000000000000000e+01,-1.116361543536186218e-01,4.300000000000000000e+01,1.993639707565307617e+00,6.100000000000000000e+01,9.355343580245971680e-01,6.200000000000000000e+01,-2.061833590269088745e-01,6.300000000000000000e+01,2.542080879211425781e+00
1.100000000000000000e+01,6.342561244964599609e-01,1.200000000000000000e+01,4.967017769813537598e-01,1.300000000000000000e+01,-7.000970840454101562e-01,3.100000000000000000e+01,-7.166768312454223633e-01,3.200000000000000000e+01,1.992947608232498169e-02,3.300000000000000000e+01,-2.215337276458740234e+00,5.100000000000000000e+01,-2.710638046264648438e-01,5.200000000000000000e+01,9.315900206565856934e-01,5.300000000000000000e+01,-2.643370866775512695e+00,2.100000000000000000e+01,-1.321288943290710449e+00,2.200000000000000000e+01,-4.433733224868774414e-01,2.300000000000000000e+01,1.107013940811157227e+00,4.100000000000000000e+01,-8.435537219047546387e-01,4.200000000000000000e+01,-3.499463796615600586e-01,4.300000000000000000e+01,2.087336063385009766e+00,6.100000000000000000e+01,6.116167902946472168e-01,6.200000000000000000e+01,-6.695014238357543945e-01,6.300000000000000000e+01,2.638392925262451172e+00
1.100000000000000000e+01,6.180024147033691406e-01,1.200000000000000000e+01,7.524676620960235596e-02,1.300000000000000000e+01,-6.455900669097900391e-01,3.100000000000000000e+01,-7.157471179962158203e-01,3.200000000000000000e+01,3.039518594741821289e-01,3.300000000000000000e+01,-2.312146663665771484e+00,5.100000000000000000e+01,-3.495937287807464600e-01,5.200000000000000000e+01,9.235228300094604492e-01,5.300000000000000000e+01,-2.596205711364746094e+00,2.100000000000000000e+01,-9.183282852172851562e-01,2.200000000000000000e+01,-6.436491012573242188e-01,2.300000000000000000e+01,9.629383087158203125e-01,4.100000000000000000e+01,-8.082125782966613770e-01,4.200000000000000000e+01,-4.658725261688232422e-01,4.300000000000000000e+01,2.274800539016723633e+00,6.100000000000000000e+01,3.663901984691619873e-01,6.200000000000000000e+01,-8.932454586029052734e-01,6.300000000000000000e+01,2.635349273681640625e+00
1.100000000000000000e+01,6.175411343574523926e-01,1.200000000000000000e+01,4.767362773418426514e-02,1.300000000000000000e+01,-5.719612836837768555e-01,3.100000000000000000e+01,-7.148240804672241211e-01,3.200000000000000000e+01,2.215927839279174805e-01,3.300000000000000000e+01,-2.300786018371582031e+00,5.100000000000000000e+01,-3.793096244335174561e-01,5.200000000000000000e+01,9.157173633575439453e-01,5.300000000000000000e+01,-2.553033113479614258e+00,2.100000000000000000e+01,-8.412386178970336914e-01,2.200000000000000000e+01,-6.145257353782653809e-01,2.300000000000000000e+01,1.022090435028076172e+00,4.100000000000000000e+01,-6.736091971397399902e-01,4.200000000000000000e+01,-4.582380652427673340e-01,4.300000000000000000e+01,2.307596445083618164e+00,6.100000000000000000e+01,4.193864166736602783e-01,6.200000000000000000e+01,-7.903115749359130859e-01,6.300000000000000000e+01,2.637316226959228516e+00
1.100000000000000000e+01,6.177702546119689941e-01,1.200000000000000000e+01,8.205728232860565186e-02,1.300000000000000000e+01,-5.159058570861816406e-01,3.100000000000000000e+01,-7.133762240409851074e-01,3.200000000000000000e+01,1.928895711898803711e-01,3.300000000000000000e+01,-2.273757219314575195e+00,5.100000000000000000e+01,-3.995625376701354980e-01,5.200000000000000000e+01,8.508172035217285156e-01,5.300000000000000000e+01,-2.498002052307128906e+00,2.100000000000000000e+01,-8.322554826736450195e-01,2.200000000000000000e+01,-6.081875562667846680e-01,2.300000000000000000e+01,1.260546207427978516e+00,4.100000000000000000e+01,-5.186833739280700684e-01,4.200000000000000000e+01,-4.414775669574737549e-01,4.300000000000000000e+01,2.333361625671386719e+00,6.100000000000000000e+01,4.941925108432769775e-01,6.200000000000000000e+01,-6.796114444732666016e-01,6.300000000000000000e+01,2.627107620239257812e+00
1.100000000000000000e+01,6.222360134124755859e-01,1.200000000000000000e+01,1.879782378673553467e-01,1.300000000000000000e+01,-4.979776144027709961e-01,3.100000000000000000e+01,-7.102522253990173340e-01,3.200000000000000000e+01,1.807010173797607422e-01,3.300000000000000000e+01,-2.217923879623413086e+00,5.100000000000000000e+01,-5.047891139984130859e-01,5.200000000000000000e+01,5.487540960311889648e-01,5.300000000000000000e+01,-2.453432083129882812e+00,2.100000000000000000e+01,-8.341090679168701172e-01,2.200000000000000000e+01,-6.116734147071838379e-01,2.300000000000000000e+01,1.605772733688354492e+00,4.100000000000000000e+01,-2.324460893869400024e-01,4.200000000000000000e+01,-3.938772082328796387e-01,4.300000000000000000e+01,2.342484951019287109e+00,6.100000000000000000e+01,6.506583690643310547e-01,6.200000000000000000e+01,-5.861929655075073242e-01,6.300000000000000000e+01,2.608314514160156250e+00
1.100000000000000000e+01,6.632972955703735352e-01,1.200000000000000000e+01,6.116673946380615234e-01,1.300000000000000000e+01,-4.549025297164916992e-01,3.100000000000000000e+01,-7.150102257728576660e-01,3.200000000000000000e+01,-7.000701874494552612e-02,3.300000000000000000e+01,-1.716839909553527832e+00,5.100000000000000000e+01,-3.056450188159942627e-01,5.200000000000000000e+01,9.190000295639038086e-01,5.300000000000000000e+01,-2.614183902740478516e+00,2.100000000000000000e+01,-1.051961779594421387e+00,2.200000000000000000e+01,-4.691828489303588867e-01,2.300000000000000000e+01,1.653583765029907227e+00,4.100000000000000000e+01,-1.987883895635604858e-01,4.200000000000000000e+01,-1.541157662868499756e-01,4.300000000000000000e+01,2.308096885681152344e+00,6.100000000000000000e+01,1.167843937873840332e+00,6.200000000000000000e+01,-2.361507862806320190e-01,6.300000000000000000e+01,2.639586687088012695e+00
1.100000000000000000e+01,6.663751602172851562e-01,1.200000000000000000e+01,6.499468684196472168e-01,1.300000000000000000e+01,-4.649802446365356445e-01,3.100000000000000000e+01,-7.127872109413146973e-01,3.200000000000000000e+01,-6.990321725606918335e-02,3.300000000000000000e+01,-1.350711584091186523e+00,5.100000000000000000e+01,-2.993353605270385742e-01,5.200000000000000000e+01,8.920716047286987305e-01,5.300000000000000000e+01,-2.598239898681640625e+00,2.100000000000000000e+01,-1.061647176742553711e+00,2.200000000000000000e+01,-3.853437900543212891e-01,2.300000000000000000e+01,1.700244784355163574e+00,4.100000000000000000e+01,-7.640291005373001099e-02,4.200000000000000000e+01,-1.094926372170448303e-01,4.300000000000000000e+01,2.317482471466064453e+00,6.100000000000000000e+01,1.249671459197998047e+00,6.200000000000000000e+01,-2.214859575033187866e-01,6.300000000000000000e+01,2.638543367385864258e+00
1.100000000000000000e+01,6.288613677024841309e-01,1.200000000000000000e+01,4.232635498046875000e-01,1.300000000000000000e+01,-3.347914218902587891e-01,3.100000000000000000e+01,-6.923353672027587891e-01,3.200000000000000000e+01,-6.226455420255661011e-02,3.300000000000000000e+01,-1.645869970321655273e+00,5.100000000000000000e+01,-2.636733651161193848e-01,5.200000000000000000e+01,6.181298494338989258e-01,5.300000000000000000e+01,-2.572838783264160156e+00,2.100000000000000000e+01,-9.254195690155029297e-01,2.200000000000000000e+01,-5.439030528068542480e-01,2.300000000000000000e+01,1.494346737861633301e+00,4.100000000000000000e+01,-2.506146430969238281e-01,4.200000000000000000e+01,-3.515047430992126465e-01,4.300000000000000000e+01,2.325264453887939453e+00,6.100000000000000000e+01,1.300025224685668945e+00,6.200000000000000000e+01,-2.484384626150131226e-01,6.300000000000000000e+01,2.590811967849731445e+00
1.100000000000000000e+01,6.446107029914855957e-01,1.200000000000000000e+01,4.037310183048248291e-01,1.300000000000000000e+01,-3.491394519805908203e-01,3.100000000000000000e+01,-6.514127850532531738e-01,3.200000000000000000e+01,-5.464791506528854370e-02,3.300000000000000000e+01,-1.424129247665405273e+00,5.100000000000000000e+01,-2.719013690948486328e-01,5.200000000000000000e+01,3.969316482543945312e-01,5.300000000000000000e+01,-2.539247512817382812e+00,2.100000000000000000e+01,-9.823591709136962891e-01,2.200000000000000000e+01,-5.306252241134643555e-01,2.300000000000000000e+01,1.428601741790771484e+00,4.100000000000000000e+01,-2.305520623922348022e-01,4.200000000000000000e+01,-3.550531864166259766e-01,4.300000000000000000e+01,2.329295873641967773e+00,6.100000000000000000e+01,1.301516413688659668e+00,6.200000000000000000e+01,-2.272831648588180542e-01,6.300000000000000000e+01,2.497311115264892578e+00
1.100000000000000000e+01,1.278244733810424805e+00,1.200000000000000000e+01,2.466259747743606567e-01,1.300000000000000000e+01,-6.067938804626464844e-01,3.100000000000000000e+01,-4.424186348915100098e-01,3.200000000000000000e+01,1.121329516172409058e-02,3.300000000000000000e+01,-9.006260037422180176e-01,5.100000000000000000e+01,-5.234339237213134766e-01,5.200000000000000000e+01,1.797212511301040649e-01,5.300000000000000000e+01,-2.583728075027465820e+00,2.100000000000000000e+01,-1.206518888473510742e+00,2.200000000000000000e+01,-6.557634472846984863e-01,2.300000000000000000e+01,1.089094996452331543e+00,4.100000000000000000e+01,4.690954089164733887e-01,4.200000000000000000e+01,-1.465901136398315430e-01,4.300000000000000000e+01,2.341988801956176758e+00,6.100000000000000000e+01,1.304763317108154297e+00,6.200000000000000000e+01,-1.696634739637374878e-01,6.300000000000000000e+01,1.783295989036560059e+00
1.100000000000000000e+01,1.381574273109436035e+00,1.200000000000000000e+01,5.882638692855834961e-01,1.300000000000000000e+01,-1.269724369049072266e+00,3.100000000000000000e+01,-4.315835237503051758e-01,3.200000000000000000e+01,9.245397895574569702e-02,3.300000000000000000e+01,-5.716294646263122559e-01,5.100000000000000000e+01,-1.065090060234069824e+00,5.200000000000000000e+01,2.249003499746322632e-01,5.300000000000000000e+01,-2.595183134078979492e+00,2.100000000000000000e+01,-1.317297816276550293e+00,2.200000000000000000e+01,-4.589352607727050781e-01,2.300000000000000000e+01,1.648061752319335938e+00,4.100000000000000000e+01,6.414718031883239746e-01,4.200000000000000000e+01,1.223441213369369507e-02,4.300000000000000000e+01,2.344415664672851562e+00,6.100000000000000000e+01,1.243797302246093750e+00,6.200000000000000000e+01,-1.660206168889999390e-01,6.300000000000000000e+01,1.673266172409057617e+00
1.100000000000000000e+01,1.386513471603393555e+00,1.200000000000000000e+01,5.506077408790588379e-01,1.300000000000000000e+01,-1.550071358680725098e+00,3.100000000000000000e+01,1.276608854532241821e-01,3.200000000000000000e+01,1.562576293945312500e-01,3.300000000000000000e+01,-5.510982275009155273e-01,5.100000000000000000e+01,-1.135112285614013672e+00,5.200000000000000000e+01,2.082508653402328491e-01,5.300000000000000000e+01,-2.567484617233276367e+00,2.100000000000000000e+01,-1.309872627258300781e+00,2.200000000000000000e+01,-3.797202110290527344e-01,2.300000000000000000e+01,2.000722885131835938e+00,4.100000000000000000e+01,6.544466614723205566e-01,4.200000000000000000e+01,-7.822521030902862549e-03,4.300000000000000000e+01,2.342307806015014648e+00,6.100000000000000000e+01,1.255779981613159180e+00,6.200000000000000000e+01,-1.663636416196823120e-01,6.300000000000000000e+01,1.281303405761718750e+00
1.100000000000000000e+01,1.336821556091308594e+00,1.200000000000000000e+01,4.610792994499206543e-01,1.300000000000000000e+01,-1.230232000350952148e+00,3.100000000000000000e+01,7.487210631370544434e-01,3.200000000000000000e+01,1.468114852905273438e-01,3.300000000000000000e+01,-7.639900445938110352e-01,5.100000000000000000e+01,-1.168460369110107422e+00,5.200000000000000000e+01,1.621604114770889282e-01,5.300000000000000000e+01,-2.519300937652587891e+00,2.100000000000000000e+01,-1.146615147590637207e+00,2.200000000000000000e+01,-5.703421235084533691e-01,2.300000000000000000e+01,1.790443181991577148e+00,4.100000000000000000e+01,6.202360391616821289e-01,4.200000000000000000e+01,-2.629966735839843750e-01,4.300000000000000000e+01,2.328539848327636719e+00,6.100000000000000000e+01,1.305835962295532227e+00,6.200000000000000000e+01,-1.857818514108657837e-01,6.300000000000000000e+01,8.705990910530090332e-01
1.100000000000000000e+01,1.322269082069396973e+00,1.200000000000000000e+01,4.255005121231079102e-01,1.300000000000000000e+01,-1.517922282218933105e+00,3.100000000000000000e+01,8.516129851341247559e-01,3.200000000000000000e+01,1.631141602993011475e-01,3.300000000000000000e+01,-9.071162343025207520e-01,5.100000000000000000e+01,-1.142326593399047852e+00,5.200000000000000000e+01,1.620809882879257202e-01,5.300000000000000000e+01,-2.461293935775756836e+00,2.100000000000000000e+01,-1.124999880790710449e+00,2.200000000000000000e+01,-5.276488661766052246e-01,2.300000000000000000e+01,1.854980826377868652e+00,4.100000000000000000e+01,6.304415464401245117e-01,4.200000000000000000e+01,-2.585952877998352051e-01,4.300000000000000000e+01,2.320543766021728516e+00,6.100000000000000000e+01,1.299551129341125488e+00,6.200000000000000000e+01,-2.076623588800430298e-01,6.300000000000000000e+01,7.941073179244995117e-01
1.100000000000000000e+01,1.373689770698547363e+00,1.200000000000000000e+01,4.137121438980102539e-01,1.300000000000000000e+01,-2.048570632934570312e+00,3.100000000000000000e+01,8.461819291114807129e-01,3.200000000000000000e+01,2.911672890186309814e-01,3.300000000000000000e+01,-9.362886548042297363e-01,5.100000000000000000e+01,-8.511180877685546875e-01,5.200000000000000000e+01,1.637349575757980347e-01,5.300000000000000000e+01,-2.535357475280761719e+00,2.100000000000000000e+01,-1.266235470771789551e+00,2.200000000000000000e+01,-3.801398575305938721e-01,2.300000000000000000e+01,1.998183846473693848e+00,4.100000000000000000e+01,6.486206054687500000e-01,4.200000000000000000e+01,-2.038989067077636719e-01,4.300000000000000000e+01,2.325147151947021484e+00,6.100000000000000000e+01,1.122879147529602051e+00,6.200000000000000000e+01,-2.649531960487365723e-01,6.300000000000000000e+01,6.944698691368103027e-01
1.100000000000000000e+01,1.368705391883850098e+00,1.200000000000000000e+01,3.860371410846710205e-01,1.300000000000000000e+01,-2.299048900604248047e+00,3.100000000000000000e+01,8.886618614196777344e-01,3.200000000000000000e+01,3.738607168197631836e-01,3.300000000000000000e+01,-1.014936804771423340e+00,5.100000000000000000e+01,-6.979014277458190918e-01,5.200000000000000000e+01,1.643364876508712769e-01,5.300000000000000000e+01,-2.409478187561035156e+00,2.100000000000000000e+01,-1.290806889533996582e+00,2.200000000000000000e+01,-2.479160726070404053e-01,2.300000000000000000e+01,1.877611875534057617e+00,4.100000000000000000e+01,6.620414853096008301e-01,4.200000000000000000e+01,-1.721190214157104492e-01,4.300000000000000000e+01,2.286113739013671875e+00,6.100000000000000000e+01,7.847667336463928223e-01,6.200000000000000000e+01,-4.404402375221252441e-01,6.300000000000000000e+01,6.529945135116577148e-01
1.100000000000000000e+01,1.348887920379638672e+00,1.200000000000000000e+01,3.024181723594665527e-01,1.300000000000000000e+01,-2.419786453247070312e+00,3.100000000000000000e+01,8.991889953613281250e-01,3.200000000000000000e+01,4.223338663578033447e-01,3.300000000000000000e+01,-1.061269760131835938e+00,5.100000000000000000e+01,-5.673972368240356445e-01,5.200000000000000000e+01,1.647918075323104858e-01,5.300000000000000000e+01,-2.148804664611816406e+00,2.100000000000000000e+01,-1.317727327346801758e+00,2.200000000000000000e+01,-1.242982596158981323e-01,2.300000000000000000e+01,1.809712886810302734e+00,4.100000000000000000e+01,6.698830723762512207e-01,4.200000000000000000e+01,-1.289197802543640137e-01,4.300000000000000000e+01,2.156348943710327148e+00,6.100000000000000000e+01,4.637572467327117920e-01,6.200000000000000000e+01,-6.164009571075439453e-01,6.300000000000000000e+01,6.544994115829467773e-01
1.100000000000000000e+01,1.311229228973388672e+00,1.200000000000000000e+01,9.483037889003753662e-02,1.300000000000000000e+01,-2.450104951858520508e+00,3.100000000000000000e+01,8.977150917053222656e-01,3.200000000000000000e+01,3.571109771728515625e-01,3.300000000000000000e+01,-1.297748327255249023e+00,5.100000000000000000e+01,-4.587174654006958008e-01,5.200000000000000000e+01,1.753626912832260132e-01,5.300000000000000000e+01,-1.902467489242553711e+00,2.100000000000000000e+01,-1.269469499588012695e+00,2.200000000000000000e+01,-1.361877471208572388e-01,2.300000000000000000e+01,1.414874553680419922e+00,4.100000000000000000e+01,6.742247939109802246e-01,4.200000000000000000e+01,-4.134292155504226685e-02,4.300000000000000000e+01,2.058406352996826172e+00,6.100000000000000000e+01,3.812596797943115234e-01,6.200000000000000000e+01,-2.689535021781921387e-01,6.300000000000000000e+01,6.751294136047363281e-01
1.100000000000000000e+01,1.216251134872436523e+00,1.200000000000000000e+01,2.877064049243927002e-02,1.300000000000000000e+01,-2.452609539031982422e+00,3.100000000000000000e+01,8.994666337966918945e-01,3.200000000000000000e+01,3.658124804496765137e-01,3.300000000000000000e+01,-1.500569581985473633e+00,5.100000000000000000e+01,-5.077679157257080078e-01,5.200000000000000000e+01,1.816732436418533325e-01,5.300000000000000000e+01,-1.353580474853515625e+00,2.100000000000000000e+01,-1.227703571319580078e+00,2.200000000000000000e+01,-9.788347780704498291e-02,2.300000000000000000e+01,1.624263048171997070e+00,4.100000000000000000e+01,6.711003184318542480e-01,4.200000000000000000e+01,-3.905155509710311890e-02,4.300000000000000000e+01,1.795537233352661133e+00,6.100000000000000000e+01,3.060133159160614014e-01,6.200000000000000000e+01,-2.398506850004196167e-01,6.300000000000000000e+01,7.419781684875488281e-01
1.100000000000000000e+01,9.689627885818481445e-01,1.200000000000000000e+01,1.480504125356674194e-01,1.300000000000000000e+01,-2.384348869323730469e+00,3.100000000000000000e+01,9.051938056945800781e-01,3.200000000000000000e+01,1.242639347910881042e-01,3.300000000000000000e+01,-1.441861271858215332e+00,5.100000000000000000e+01,-8.832538127899169922e-01,5.200000000000000000e+01,1.709005683660507202e-01,5.300000000000000000e+01,-1.007400989532470703e+00,2.100000000000000000e+01,-1.013381838798522949e+00,2.200000000000000000e+01,-2.399016022682189941e-01,2.300000000000000000e+01,1.979524135589599609e+00,4.100000000000000000e+01,6.975940465927124023e-01,4.200000000000000000e+01,-1.631922274827957153e-02,4.300000000000000000e+01,1.645259022712707520e+00,6.100000000000000000e+01,5.472536087036132812e-01,6.200000000000000000e+01,-2.678781747817993164e-01,6.300000000000000000e+01,8.413163423538208008e-01
1.100000000000000000e+01,8.712428212165832520e-01,1.200000000000000000e+01,5.398057401180267334e-02,1.300000000000000000e+01,-2.370514392852783203e+00,3.100000000000000000e+01,9.040783047676086426e-01,3.200000000000000000e+01,4.015269130468368530e-02,3.300000000000000000e+01,-1.614580631256103516e+00,5.100000000000000000e+01,-9.256517887115478516e-01,5.200000000000000000e+01,1.854346245527267456e-01,5.300000000000000000e+01,-8.679364323616027832e-01,2.100000000000000000e+01,-8.877194523811340332e-01,2.200000000000000000e+01,-2.635399103164672852e-01,2.300000000000000000e+01,2.134689331054687500e+00,4.100000000000000000e+01,6.968418359756469727e-01,4.200000000000000000e+01,-9.694017469882965088e-03,4.300000000000000000e+01,1.461086988449096680e+00,6.100000000000000000e+01,5.636634826660156250e-01,6.200000000000000000e+01,-2.050262540578842163e-01,6.300000000000000000e+01,1.167825698852539062e+00
1.100000000000000000e+01,6.953189373016357422e-01,1.200000000000000000e+01,-8.827313780784606934e-03,1.300000000000000000e+01,-2.348627090454101562e+00,3.100000000000000000e+01,9.006883502006530762e-01,3.200000000000000000e+01,1.124032586812973022e-02,3.300000000000000000e+01,-1.853567123413085938e+00,5.100000000000000000e+01,-8.609508275985717773e-01,5.200000000000000000e+01,2.651598453521728516e-01,5.300000000000000000e+01,-7.894740104675292969e-01,2.100000000000000000e+01,-7.836453914642333984e-01,2.200000000000000000e+01,-1.644552648067474365e-01,2.300000000000000000e+01,2.205724954605102539e+00,4.100000000000000000e+01,6.888097524642944336e-01,4.200000000000000000e+01,-4.408728331327438354e-02,4.300000000000000000e+01,8.806195259094238281e-01,6.100000000000000000e+01,5.672485232353210449e-01,6.200000000000000000e+01,-1.815057545900344849e-01,6.300000000000000000e+01,2.071653842926025391e+00
1.100000000000000000e+01,6.732435226440429688e-01,1.200000000000000000e+01,-3.209210932254791260e-02,1.300000000000000000e+01,-2.383468866348266602e+00,3.100000000000000000e+01,8.628503680229187012e-01,3.200000000000000000e+01,1.643936634063720703e-01,3.300000000000000000e+01,-2.059247970581054688e+00,5.100000000000000000e+01,-4.568527042865753174e-01,5.200000000000000000e+01,6.605713367462158203e-01,5.300000000000000000e+01,-8.089188933372497559e-01,2.100000000000000000e+01,-8.101031780242919922e-01,2.200000000000000000e+01,-1.654155552387237549e-02,2.300000000000000000e+01,2.211330890655517578e+00,4.100000000000000000e+01,6.692140102386474609e-01,4.200000000000000000e+01,-4.367458075284957886e-02,4.300000000000000000e+01,6.538497805595397949e-01,6.100000000000000000e+01,3.424898982048034668e-01,6.200000000000000000e+01,-1.704324036836624146e-01,6.300000000000000000e+01,2.555088996887207031e+00
1.100000000000000000e+01,6.472902297973632812e-01,1.200000000000000000e+01,-3.227658569812774658e-02,1.300000000000000000e+01,-2.337774276733398438e+00,3.100000000000000000e+01,8.536372780799865723e-01,3.200000000000000000e+01,2.133818566799163818e-01,3.300000000000000000e+01,-2.140067338943481445e+00,5.100000000000000000e+01,-4.131963253021240234e-01,5.200000000000000000e+01,7.958451509475708008e-01,5.300000000000000000e+01,-8.152242302894592285e-01,2.100000000000000000e+01,-8.022320866584777832e-01,2.200000000000000000e+01,-2.042131125926971436e-02,2.300000000000000000e+01,2.214402675628662109e+00,4.100000000000000000e+01,6.275510787963867188e-01,4.200000000000000000e+01,-7.241790741682052612e-02,4.300000000000000000e+01,5.918168425559997559e-01,6.100000000000000000e+01,3.236172497272491455e-01,6.200000000000000000e+01,-1.825355142354965210e-01,6.300000000000000000e+01,2.583868741989135742e+00
1.100000000000000000e+01,6.283122301101684570e-01,1.200000000000000000e+01,-3.354923427104949951e-02,1.300000000000000000e+01,-2.456755399703979492e+00,3.100000000000000000e+01,8.896806836128234863e-01,3.200000000000000000e+01,4.787901639938354492e-01,3.300000000000000000e+01,-2.148563861846923828e+00,5.100000000000000000e+01,-1.135122299194335938e+00,5.200000000000000000e+01,5.530753135681152344e-01,5.300000000000000000e+01,-5.908713340759277344e-01,2.100000000000000000e+01,-7.516076564788818359e-01,2.200000000000000000e+01,-1.419837772846221924e-02,2.300000000000000000e+01,2.173852443695068359e+00,4.100000000000000000e+01,5.110942125320434570e-01,4.200000000000000000e+01,-2.670472264289855957e-01,4.300000000000000000e+01,6.528470516204833984e-01,6.100000000000000000e+01,2.504630684852600098e-01,6.200000000000000000e+01,-4.102294147014617920e-01,6.300000000000000000e+01,2.474884510040283203e+00
1.100000000000000000e+01,6.239693760871887207e-01,1.200000000000000000e+01,-3.252755105495452881e-02,1.300000000000000000e+01,-2.430180072784423828e+00,3.100000000000000000e+01,8.886177539825439453e-01,3.200000000000000000e+01,4.849821925163269043e-01,3.300000000000000000e+01,-2.202833175659179688e+00,5.100000000000000000e+01,-8.182182312011718750e-01,5.200000000000000000e+01,5.273939967155456543e-01,5.300000000000000000e+01,-6.073693037033081055e-01,2.100000000000000000e+01,-1.011711597442626953e+00,2.200000000000000000e+01,7.327005267143249512e-03,2.300000000000000000e+01,2.183382511138916016e+00,4.100000000000000000e+01,1.264298856258392334e-01,4.200000000000000000e+01,-2.943876385688781738e-01,4.300000000000000000e+01,5.675824880599975586e-01,6.100000000000000000e+01,2.518705725669860840e-01,6.200000000000000000e+01,-8.080564141273498535e-01,6.300000000000000000e+01,2.548075914382934570e+00
1.100000000000000000e+01,6.201598644256591797e-01,1.200000000000000000e+01,-3.276495635509490967e-02,1.300000000000000000e+01,-2.393588066101074219e+00,3.100000000000000000e+01,8.881471157073974609e-01,3.200000000000000000e+01,4.839459061622619629e-01,3.300000000000000000e+01,-2.227359294891357422e+00,5.100000000000000000e+01,-6.120314002037048340e-01,5.200000000000000000e+01,6.323902606964111328e-01,5.300000000000000000e+01,-6.434983015060424805e-01,2.100000000000000000e+01,-1.129480481147766113e+00,2.200000000000000000e+01,8.154258131980895996e-03,2.300000000000000000e+01,2.018839836120605469e+00,4.100000000000000000e+01,-6.292013823986053467e-02,4.200000000000000000e+01,-2.571268975734710693e-01,4.300000000000000000e+01,5.565792918205261230e-01,6.100000000000000000e+01,2.561849951744079590e-01,6.200000000000000000e+01,-8.184252977371215820e-01,6.300000000000000000e+01,2.577823877334594727e+00
1.100000000000000000e+01,6.172442436218261719e-01,1.200000000000000000e+01,-3.292416036128997803e-02,1.300000000000000000e+01,-1.985510110855102539e+00,3.100000000000000000e+01,8.739504814147949219e-01,3.200000000000000000e+01,4.763618111610412598e-01,3.300000000000000000e+01,-2.286206960678100586e+00,5.100000000000000000e+01,-3.592930734157562256e-01,5.200000000000000000e+01,2.663235068321228027e-01,5.300000000000000000e+01,-7.847074270248413086e-01,2.100000000000000000e+01,-1.223276257514953613e+00,2.200000000000000000e+01,-2.624593675136566162e-02,2.300000000000000000e+01,1.230121374130249023e+00,4.100000000000000000e+01,-5.221890211105346680e-01,4.200000000000000000e+01,-3.049789965152740479e-01,4.300000000000000000e+01,5.494357347488403320e-01,6.100000000000000000e+01,5.527015924453735352e-01,6.200000000000000000e+01,-8.087145686149597168e-01,6.300000000000000000e+01,2.353519678115844727e+00
1.100000000000000000e+01,6.297001838684082031e-01,1.200000000000000000e+01,-2.495609223842620850e-02,1.300000000000000000e+01,-6.197043657302856445e-01,3.100000000000000000e+01,8.738906383514404297e-01,3.200000000000000000e+01,2.744985222816467285e-01,3.300000000000000000e+01,-2.313363552093505859e+00,5.100000000000000000e+01,-4.523190259933471680e-01,5.200000000000000000e+01,2.133598178625106812e-01,5.300000000000000000e+01,-1.484165549278259277e+00,2.100000000000000000e+01,-1.318783283233642578e+00,2.200000000000000000e+01,-6.843958795070648193e-02,2.300000000000000000e+01,7.453600168228149414e-01,4.100000000000000000e+01,-4.454974234104156494e-01,4.200000000000000000e+01,-1.944772303104400635e-01,4.300000000000000000e+01,5.786314010620117188e-01,6.100000000000000000e+01,1.151454925537109375e+00,6.200000000000000000e+01,-3.282835483551025391e-01,6.300000000000000000e+01,1.376763820648193359e+00
1.100000000000000000e+01,6.405563354492187500e-01,1.200000000000000000e+01,-2.682037651538848877e-02,1.300000000000000000e+01,-6.684589385986328125e-01,3.100000000000000000e+01,8.077210783958435059e-01,3.200000000000000000e+01,2.750346660614013672e-01,3.300000000000000000e+01,-2.306868076324462891e+00,5.100000000000000000e+01,-3.651551306247711182e-01,5.200000000000000000e+01,2.749110460281372070e-01,5.300000000000000000e+01,-1.625477313995361328e+00,2.100000000000000000e+01,-1.354385614395141602e+00,2.200000000000000000e+01,-3.447504341602325439e-02,2.300000000000000000e+01,6.531252861022949219e-01,4.100000000000000000e+01,-4.966828823089599609e-01,4.200000000000000000e+01,-1.468577980995178223e-01,4.300000000000000000e+01,5.868401527404785156e-01,6.100000000000000000e+01,1.153088331222534180e+00,6.200000000000000000e+01,-3.087006807327270508e-01,6.300000000000000000e+01,1.538653373718261719e+00
1.100000000000000000e+01,6.481233835220336914e-01,1.200000000000000000e+01,-2.142055332660675049e-02,1.300000000000000000e+01,-4.444119930267333984e-01,3.100000000000000000e+01,3.720774054527282715e-01,3.200000000000000000e+01,1.361110508441925049e-01,3.300000000000000000e+01,-2.318892478942871094e+00,5.100000000000000000e+01,-4.236999452114105225e-01,5.200000000000000000e+01,3.214727640151977539e-01,5.300000000000000000e+01,-1.963656425476074219e+00,2.100000000000000000e+01,-1.327864766120910645e+00,2.200000000000000000e+01,-2.092943787574768066e-01,2.300000000000000000e+01,5.719521045684814453e-01,4.100000000000000000e+01,-5.572484135627746582e-01,4.200000000000000000e+01,-2.789708971977233887e-01,4.300000000000000000e+01,8.108981251716613770e-01,6.100000000000000000e+01,1.216551184654235840e+00,6.200000000000000000e+01,-3.180197477340698242e-01,6.300000000000000000e+01,1.382387638092041016e+00
1.100000000000000000e+01,6.272623538970947266e-01,1.200000000000000000e+01,-1.603378355503082275e-02,1.300000000000000000e+01,-4.148029088973999023e-01,3.100000000000000000e+01,-6.497089862823486328e-01,3.200000000000000000e+01,2.922008633613586426e-01,3.300000000000000000e+01,-2.338034629821777344e+00,5.100000000000000000e+01,-4.554863572120666504e-01,5.200000000000000000e+01,6.303653120994567871e-01,5.300000000000000000e+01,-2.073516845703125000e+00,2.100000000000000000e+01,-1.060163021087646484e+00,2.200000000000000000e+01,-7.324072122573852539e-01,2.300000000000000000e+01,4.765416383743286133e-01,4.100000000000000000e+01,-7.607571482658386230e-01,4.200000000000000000e+01,-4.548093676567077637e-01,4.300000000000000000e+01,1.811841845512390137e+00,6.100000000000000000e+01,9.115304350852966309e-01,6.200000000000000000e+01,-8.795325756072998047e-01,6.300000000000000000e+01,2.357925891876220703e+00
1.100000000000000000e+01,6.204299330711364746e-01,1.200000000000000000e+01,3.291670680046081543e-01,1.300000000000000000e+01,-4.402412176132202148e-01,3.100000000000000000e+01,-7.168520689010620117e-01,3.200000000000000000e+01,3.329118341207504272e-02,3.300000000000000000e+01,-2.086067676544189453e+00,5.100000000000000000e+01,-3.002987802028656006e-01,5.200000000000000000e+01,9.311108589172363281e-01,5.300000000000000000e+01,-2.620378494262695312e+00,2.100000000000000000e+01,-1.321555137634277344e+00,2.200000000000000000e+01,-3.425055742263793945e-01,2.300000000000000000e+01,8.049449920654296875e-01,4.100000000000000000e+01,-7.653775215148925781e-01,4.200000000000000000e+01,-3.177823126316070557e-01,4.300000000000000000e+01,1.657163619995117188e+00,6.100000000000000000e+01,1.035561203956604004e+00,6.200000000000000000e+01,-5.166523456573486328e-01,6.300000000000000000e+01,2.637078762054443359e+00
1.100000000000000000e+01,6.460911035537719727e-01,1.200000000000000000e+01,6.775449514389038086e-01,1.300000000000000000e+01,-3.375135660171508789e-01,3.100000000000000000e+01,-7.169124484062194824e-01,3.200000000000000000e+01,-6.186389178037643433e-02,3.300000000000000000e+01,-1.975611686706542969e+00,5.100000000000000000e+01,-2.875989675521850586e-01,5.200000000000000000e+01,9.315786361694335938e-01,5.300000000000000000e+01,-2.631715774536132812e+00,2.100000000000000000e+01,-1.347720265388488770e+00,2.200000000000000000e+01,-2.075721621513366699e-01,2.300000000000000000e+01,1.068304181098937988e+00,4.100000000000000000e+01,-7.350566387176513672e-01,4.200000000000000000e+01,-1.588892340660095215e-01,4.300000000000000000e+01,1.896916270256042480e+00,6.100000000000000000e+01,1.111000418663024902e+00,6.200000000000000000e+01,-1.896039694547653198e-01,6.300000000000000000e+01,2.574241876602172852e+00
1.100000000000000000e+01,6.372908353805541992e-01,1.200000000000000000e+01,6.724876165390014648e-01,1.300000000000000000e+01,-3.351198434829711914e-01,3.100000000000000000e+01,-7.169738411903381348e-01,3.200000000000000000e+01,-5.727177113294601440e-02,3.300000000000000000e+01,-1.975309848785400391e+00,5.100000000000000000e+01,-2.893476486206054688e-01,5.200000000000000000e+01,9.316540360450744629e-01,5.300000000000000000e+01,-2.629454135894775391e+00,2.100000000000000000e+01,-1.333727121353149414e+00,2.200000000000000000e+01,-2.135253101587295532e-01,2.300000000000000000e+01,9.602754116058349609e-01,4.100000000000000000e+01,-7.486544847488403320e-01,4.200000000000000000e+01,-2.188588380813598633e-01,4.300000000000000000e+01,2.030431270599365234e+00,6.100000000000000000e+01,1.013876914978027344e+00,6.200000000000000000e+01,-1.974235922098159790e-01,6.300000000000000000e+01,2.580212831497192383e+00
1.100000000000000000e+01,6.195484399795532227e-01,1.200000000000000000e+01,4.826946854591369629e-01,1.300000000000000000e+01,-3.780251741409301758e-01,3.100000000000000000e+01,-7.170027494430541992e-01,3.200000000000000000e+01,3.962852060794830322e-03,3.300000000000000000e+01,-2.049015760421752930e+00,5.100000000000000000e+01,-2.837133407592773438e-01,5.200000000000000000e+01,9.313501119613647461e-01,5.300000000000000000e+01,-2.628710985183715820e+00,2.100000000000000000e+01,-1.314076185226440430e+00,2.200000000000000000e+01,-3.918012678623199463e-01,2.300000000000000000e+01,7.616897821426391602e-01,4.100000000000000000e+01,-7.881764173507690430e-01,4.200000000000000000e+01,-3.709703087806701660e-01,4.300000000000000000e+01,2.098685741424560547e+00,6.100000000000000000e+01,1.006823778152465820e+00,6.200000000000000000e+01,-4.318268299102783203e-01,6.300000000000000000e+01,2.635725975036621094e+00
1.100000000000000000e+01,6.157660484313964844e-01,1.200000000000000000e+01,2.160347104072570801e-01,1.300000000000000000e+01,-3.587301969528198242e-01,3.100000000000000000e+01,-7.165715694427490234e-01,3.200000000000000000e+01,3.512058854103088379e-01,3.300000000000000000e+01,-2.283595085144042969e+00,5.100000000000000000e+01,-3.997663259506225586e-01,5.200000000000000000e+01,8.738319873809814453e-01,5.300000000000000000e+01,-2.491503238677978516e+00,2.100000000000000000e+01,-1.007024526596069336e+00,2.200000000000000000e+01,-6.896328330039978027e-01,2.300000000000000000e+01,7.763519287109375000e-01,4.100000000000000000e+01,-7.421677708625793457e-01,4.200000000000000000e+01,-4.706501364707946777e-01,4.300000000000000000e+01,2.301832199096679688e+00,6.100000000000000000e+01,5.628442168235778809e-01,6.200000000000000000e+01,-8.863039016723632812e-01,6.300000000000000000e+01,2.586739301681518555e+00
1.100000000000000000e+01,7.713786363601684570e-01,1.200000000000000000e+01,7.495609521865844727e-01,1.300000000000000000e+01,-3.210763931274414062e-01,3.100000000000000000e+01,-7.113667130470275879e-01,3.200000000000000000e+01,1.272811889648437500e-01,3.300000000000000000e+01,-1.811081051826477051e+00,5.100000000000000000e+01,-4.976551234722137451e-01,5.200000000000000000e+01,4.467676877975463867e-01,5.300000000000000000e+01,-2.613416671752929688e+00,2.100000000000000000e+01,-1.201087713241577148e+00,2.200000000000000000e+01,-5.070813894271850586e-01,2.300000000000000000e+01,1.193150281906127930e+00,4.100000000000000000e+01,-5.385254621505737305e-01,4.200000000000000000e+01,-3.448223173618316650e-01,4.300000000000000000e+01,2.340097427368164062e+00,6.100000000000000000e+01,9.614731073379516602e-01,6.200000000000000000e+01,-4.807386398315429688e-01,6.300000000000000000e+01,7.963346838951110840e-01
1.100000000000000000e+01,1.025308728218078613e+00,1.200000000000000000e+01,7.869420051574707031e-01,1.300000000000000000e+01,-3.369983434677124023e-01,3.100000000000000000e+01,-7.059068083763122559e-01,3.200000000000000000e+01,1.689172089099884033e-01,3.300000000000000000e+01,-1.640276670455932617e+00,5.100000000000000000e+01,-7.377983927726745605e-01,5.200000000000000000e+01,2.391000241041183472e-01,5.300000000000000000e+01,-2.623350143432617188e+00,2.100000000000000000e+01,-1.263337135314941406e+00,2.200000000000000000e+01,-5.565130710601806641e-01,2.300000000000000000e+01,1.535794496536254883e+00,4.100000000000000000e+01,-2.767786979675292969e-01,4.200000000000000000e+01,-2.816425561904907227e-01,4.300000000000000000e+01,2.343704938888549805e+00,6.100000000000000000e+01,9.772793054580688477e-01,6.200000000000000000e+01,-4.720897078514099121e-01,6.300000000000000000e+01,6.494892835617065430e-01
1.100000000000000000e+01,1.179887771606445312e+00,1.200000000000000000e+01,7.955843210220336914e-01,1.300000000000000000e+01,-3.687990903854370117e-01,3.100000000000000000e+01,-6.977643966674804688e-01,3.200000000000000000e+01,1.304172277450561523e-01,3.300000000000000000e+01,-1.369226932525634766e+00,5.100000000000000000e+01,-8.546382784843444824e-01,5.200000000000000000e+01,1.970422416925430298e-01,5.300000000000000000e+01,-2.617928028106689453e+00,2.100000000000000000e+01,-1.248842477798461914e+00,2.200000000000000000e+01,-5.844348073005676270e-01,2.300000000000000000e+01,1.657994270324707031e+00,4.100000000000000000e+01,-6.968311965465545654e-02,4.200000000000000000e+01,-2.526691257953643799e-01,4.300000000000000000e+01,2.345884799957275391e+00,6.100000000000000000e+01,1.006938934326171875e+00,6.200000000000000000e+01,-3.667017221450805664e-01,6.300000000000000000e+01,6.394543647766113281e-01
1.100000000000000000e+01,1.223335981369018555e+00,1.200000000000000000e+01,7.958011031150817871e-01,1.300000000000000000e+01,-4.160360097885131836e-01,3.100000000000000000e+01,-6.783932447433471680e-01,3.200000000000000000e+01,7.936124503612518311e-02,3.300000000000000000e+01,-1.106576204299926758e+00,5.100000000000000000e+01,-9.530043005943298340e-01,5.200000000000000000e+01,1.825061589479446411e-01,5.300000000000000000e+01,-2.594611167907714844e+00,2.100000000000000000e+01,-1.160886526107788086e+00,2.200000000000000000e+01,-5.447306632995605469e-01,2.300000000000000000e+01,1.752122879028320312e+00,4.100000000000000000e+01,6.752756237983703613e-02,4.200000000000000000e+01,-2.804596722126007080e-01,4.300000000000000000e+01,2.346734762191772461e+00,6.100000000000000000e+01,1.025449514389038086e+00,6.200000000000000000e+01,-2.798826694488525391e-01,6.300000000000000000e+01,6.710720062255859375e-01
1.100000000000000000e+01,8.473805189132690430e-01,1.200000000000000000e+01,7.889826297760009766e-01,1.300000000000000000e+01,-5.389839410781860352e-01,3.100000000000000000e+01,-7.156961560249328613e-01,3.200000000000000000e+01,-5.227830260992050171e-02,3.300000000000000000e+01,-6.902642250061035156e-01,5.100000000000000000e+01,-4.474096596240997314e-01,5.200000000000000000e+01,7.924480438232421875e-01,5.300000000000000000e+01,-2.624603986740112305e+00,2.100000000000000000e+01,-1.213948607444763184e+00,2.200000000000000000e+01,-4.228190779685974121e-01,2.300000000000000000e+01,1.790820240974426270e+00,4.100000000000000000e+01,2.428685873746871948e-02,4.200000000000000000e+01,-2.329262793064117432e-01,4.300000000000000000e+01,2.332395553588867188e+00,6.100000000000000000e+01,1.239609718322753906e+00,6.200000000000000000e+01,-3.141300678253173828e-01,6.300000000000000000e+01,2.530725717544555664e+00
1.100000000000000000e+01,8.255129456520080566e-01,1.200000000000000000e+01,7.878502607345581055e-01,1.300000000000000000e+01,-6.560035943984985352e-01,3.100000000000000000e+01,-7.148287296295166016e-01,3.200000000000000000e+01,-3.600593656301498413e-02,3.300000000000000000e+01,-6.098931431770324707e-01,5.100000000000000000e+01,-4.957882463932037354e-01,5.200000000000000000e+01,7.712846398353576660e-01,5.300000000000000000e+01,-2.598589897155761719e+00,2.100000000000000000e+01,-1.170760869979858398e+00,2.200000000000000000e+01,-3.448082208633422852e-01,2.300000000000000000e+01,1.869532346725463867e+00,4.100000000000000000e+01,1.411120146512985229e-01,4.200000000000000000e+01,-2.655639350414276123e-01,4.300000000000000000e+01,2.336971282958984375e+00,6.100000000000000000e+01,1.131816029548645020e+00,6.200000000000000000e+01,-3.040578961372375488e-01,6.300000000000000000e+01,2.523981809616088867e+00
1.100000000000000000e+01,8.727892637252807617e-01,1.200000000000000000e+01,7.838771939277648926e-01,1.300000000000000000e+01,-8.480968475341796875e-01,3.100000000000000000e+01,-7.124989032745361328e-01,3.200000000000000000e+01,-7.377378642559051514e-03,3.300000000000000000e+01,-5.763933062553405762e-01,5.100000000000000000e+01,-6.408621072769165039e-01,5.200000000000000000e+01,7.850816249847412109e-01,5.300000000000000000e+01,-2.533000230789184570e+00,2.100000000000000000e+01,-1.104284286499023438e+00,2.200000000000000000e+01,-3.205569982528686523e-01,2.300000000000000000e+01,1.985474824905395508e+00,4.100000000000000000e+01,3.276604115962982178e-01,4.200000000000000000e+01,-2.678218483924865723e-01,4.300000000000000000e+01,2.337166309356689453e+00,6.100000000000000000e+01,8.622667789459228516e-01,6.200000000000000000e+01,-3.520967960357666016e-01,6.300000000000000000e+01,2.521604061126708984e+00
1.100000000000000000e+01,1.346002101898193359e+00,1.200000000000000000e+01,6.705131530761718750e-01,1.300000000000000000e+01,-1.814720988273620605e+00,3.100000000000000000e+01,-6.292389035224914551e-01,3.200000000000000000e+01,7.355404645204544067e-02,3.300000000000000000e+01,-5.765839815139770508e-01,5.100000000000000000e+01,-1.046231269836425781e+00,5.200000000000000000e+01,7.520567774772644043e-01,5.300000000000000000e+01,-2.252193927764892578e+00,2.100000000000000000e+01,-1.054141044616699219e+00,2.200000000000000000e+01,-5.454148650169372559e-01,2.300000000000000000e+01,1.374465227127075195e+00,4.100000000000000000e+01,6.254249215126037598e-01,4.200000000000000000e+01,-6.165996938943862915e-02,4.300000000000000000e+01,2.345716953277587891e+00,6.100000000000000000e+01,4.809932410717010498e-01,6.200000000000000000e+01,-2.073707133531570435e-01,6.300000000000000000e+01,1.991112470626831055e+00
1.100000000000000000e+01,1.369324445724487305e+00,1.200000000000000000e+01,5.479996800422668457e-01,1.300000000000000000e+01,-2.206414699554443359e+00,3.100000000000000000e+01,-1.927083432674407959e-01,3.200000000000000000e+01,2.463095784187316895e-01,3.300000000000000000e+01,-5.574408769607543945e-01,5.100000000000000000e+01,-1.127311706542968750e+00,5.200000000000000000e+01,5.874757766723632812e-01,5.300000000000000000e+01,-1.900647163391113281e+00,2.100000000000000000e+01,-1.102939724922180176e+00,2.200000000000000000e+01,-3.679376244544982910e-01,2.300000000000000000e+01,1.508405327796936035e+00,4.100000000000000000e+01,6.369612812995910645e-01,4.200000000000000000e+01,-5.156425386667251587e-02,4.300000000000000000e+01,2.341557502746582031e+00,6.100000000000000000e+01,4.248280525207519531e-01,6.200000000000000000e+01,-2.039517909288406372e-01,6.300000000000000000e+01,1.305117845535278320e+00
1.100000000000000000e+01,1.345623493194580078e+00,1.200000000000000000e+01,2.204053997993469238e-01,1.300000000000000000e+01,-2.348199844360351562e+00,3.100000000000000000e+01,8.354110121726989746e-01,3.200000000000000000e+01,4.810468554496765137e-01,3.300000000000000000e+01,-7.183901667594909668e-01,5.100000000000000000e+01,-1.249026060104370117e+00,5.200000000000000000e+01,1.664243191480636597e-01,5.300000000000000000e+01,-9.200049638748168945e-01,2.100000000000000000e+01,-8.070253729820251465e-01,2.200000000000000000e+01,-4.425874948501586914e-01,2.300000000000000000e+01,1.895074248313903809e+00,4.100000000000000000e+01,5.815970897674560547e-01,4.200000000000000000e+01,-4.209631085395812988e-01,4.300000000000000000e+01,2.324722290039062500e+00,6.100000000000000000e+01,2.857096493244171143e-01,6.200000000000000000e+01,-8.641017675399780273e-01,6.300000000000000000e+01,8.954795598983764648e-01
1.100000000000000000e+01,1.383112430572509766e+00,1.200000000000000000e+01,4.718097448348999023e-01,1.300000000000000000e+01,-2.323938846588134766e+00,3.100000000000000000e+01,7.495706081390380859e-01,3.200000000000000000e+01,4.368343949317932129e-01,3.300000000000000000e+01,-5.466392636299133301e-01,5.100000000000000000e+01,-1.157942771911621094e+00,5.200000000000000000e+01,2.036411911249160767e-01,5.300000000000000000e+01,-2.016812324523925781e+00,2.100000000000000000e+01,-1.307200431823730469e+00,2.200000000000000000e+01,-1.139166802167892456e-01,2.300000000000000000e+01,1.826965212821960449e+00,4.100000000000000000e+01,6.682823896408081055e-01,4.200000000000000000e+01,-3.953925520181655884e-02,4.300000000000000000e+01,2.281399011611938477e+00,6.100000000000000000e+01,7.075675725936889648e-01,6.200000000000000000e+01,-2.151602953672409058e-01,6.300000000000000000e+01,9.872687458992004395e-01
1.100000000000000000e+01,1.172687053680419922e+00,1.200000000000000000e+01,6.506782770156860352e-01,1.300000000000000000e+01,-2.294093608856201172e+00,3.100000000000000000e+01,8.542385101318359375e-01,3.200000000000000000e+01,4.547409415245056152e-01,3.300000000000000000e+01,-5.536586046218872070e-01,5.100000000000000000e+01,-1.043215394020080566e+00,5.200000000000000000e+01,2.044990211725234985e-01,5.300000000000000000e+01,-1.373402357101440430e+00,2.100000000000000000e+01,-1.283364176750183105e+00,2.200000000000000000e+01,1.986165344715118408e-02,2.300000000000000000e+01,2.345225572586059570e+00,4.100000000000000000e+01,6.686293482780456543e-01,4.200000000000000000e+01,-2.078523486852645874e-02,4.300000000000000000e+01,1.730960607528686523e+00,6.100000000000000000e+01,5.956423282623291016e-01,6.200000000000000000e+01,-3.910621106624603271e-01,6.300000000000000000e+01,1.957859039306640625e+00
1.100000000000000000e+01,1.307654261589050293e+00,1.200000000000000000e+01,7.318614423274993896e-02,1.300000000000000000e+01,-2.244716644287109375e+00,3.100000000000000000e+01,9.029881358146667480e-01,3.200000000000000000e+01,4.154131412506103516e-01,3.300000000000000000e+01,-8.663672804832458496e-01,5.100000000000000000e+01,-9.660616517066955566e-01,5.200000000000000000e+01,1.638431102037429810e-01,5.300000000000000000e+01,-1.479476571083068848e+00,2.100000000000000000e+01,-1.168688893318176270e+00,2.200000000000000000e+01,-8.647248148918151855e-03,2.300000000000000000e+01,1.946132898330688477e+00,4.100000000000000000e+01,7.106161117553710938e-01,4.200000000000000000e+01,2.902209013700485229e-02,4.300000000000000000e+01,1.453089356422424316e+00,6.100000000000000000e+01,1.138698220252990723e+00,6.200000000000000000e+01,-1.741426736116409302e-01,6.300000000000000000e+01,1.289765238761901855e+00
1.100000000000000000e+01,1.083618164062500000e+00,1.200000000000000000e+01,1.078433841466903687e-01,1.300000000000000000e+01,-2.184137344360351562e+00,3.100000000000000000e+01,9.065662026405334473e-01,3.200000000000000000e+01,3.252297341823577881e-01,3.300000000000000000e+01,-1.117601871490478516e+00,5.100000000000000000e+01,-1.200143218040466309e+00,5.200000000000000000e+01,1.629334241151809692e-01,5.300000000000000000e+01,-7.517964839935302734e-01,2.100000000000000000e+01,-8.829482793807983398e-01,2.200000000000000000e+01,-1.085477918386459351e-01,2.300000000000000000e+01,1.997552752494812012e+00,4.100000000000000000e+01,7.096168398857116699e-01,4.200000000000000000e+01,-1.127215474843978882e-02,4.300000000000000000e+01,1.224872589111328125e+00,6.100000000000000000e+01,1.017325401306152344e+00,6.200000000000000000e+01,-2.263040989637374878e-01,6.300000000000000000e+01,1.189952135086059570e+00
1.100000000000000000e+01,1.014264464378356934e+00,1.200000000000000000e+01,6.064982712268829346e-02,1.300000000000000000e+01,-2.340209007263183594e+00,3.100000000000000000e+01,9.063357710838317871e-01,3.200000000000000000e+01,3.160604834556579590e-01,3.300000000000000000e+01,-1.094197273254394531e+00,5.100000000000000000e+01,-1.256063222885131836e+00,5.200000000000000000e+01,1.642569154500961304e-01,5.300000000000000000e+01,-6.380401253700256348e-01,2.100000000000000000e+01,-7.480765581130981445e-01,2.200000000000000000e+01,-1.241681724786758423e-01,2.300000000000000000e+01,2.229227066040039062e+00,4.100000000000000000e+01,7.074449062347412109e-01,4.200000000000000000e+01,-3.079565614461898804e-02,4.300000000000000000e+01,9.771754741668701172e-01,6.100000000000000000e+01,6.573926806449890137e-01,6.200000000000000000e+01,-3.019528388977050781e-01,6.300000000000000000e+01,1.417602300643920898e+00
1.100000000000000000e+01,9.392440319061279297e-01,1.200000000000000000e+01,1.986877620220184326e-02,1.300000000000000000e+01,-2.406713247299194336e+00,3.100000000000000000e+01,9.056771397590637207e-01,3.200000000000000000e+01,2.793818116188049316e-01,3.300000000000000000e+01,-1.376768589019775391e+00,5.100000000000000000e+01,-1.254624605178833008e+00,5.200000000000000000e+01,1.679439097642898560e-01,5.300000000000000000e+01,-6.165684461593627930e-01,2.100000000000000000e+01,-7.121140956878662109e-01,2.200000000000000000e+01,-2.158130109310150146e-01,2.300000000000000000e+01,2.245469808578491211e+00,4.100000000000000000e+01,6.994377374649047852e-01,4.200000000000000000e+01,-6.112057715654373169e-02,4.300000000000000000e+01,9.312769174575805664e-01,6.100000000000000000e+01,4.341950118541717529e-01,6.200000000000000000e+01,-3.262932896614074707e-01,6.300000000000000000e+01,1.510205268859863281e+00
1.100000000000000000e+01,7.698148488998413086e-01,1.200000000000000000e+01,-1.211883127689361572e-02,1.300000000000000000e+01,-2.430832386016845703e+00,3.100000000000000000e+01,9.039976596832275391e-01,3.200000000000000000e+01,3.110729157924652100e-01,3.300000000000000000e+01,-1.626403689384460449e+00,5.100000000000000000e+01,-1.231333494186401367e+00,5.200000000000000000e+01,1.796467155218124390e-01,5.300000000000000000e+01,-6.093198060989379883e-01,2.100000000000000000e+01,-7.095205783843994141e-01,2.200000000000000000e+01,-2.526798844337463379e-01,2.300000000000000000e+01,2.231640815734863281e+00,4.100000000000000000e+01,6.735965609550476074e-01,4.200000000000000000e+01,-1.868346631526947021e-01,4.300000000000000000e+01,7.705176472663879395e-01,6.100000000000000000e+01,3.377815783023834229e-01,6.200000000000000000e+01,-3.565955758094787598e-01,6.300000000000000000e+01,1.659861922264099121e+00
1.100000000000000000e+01,6.527271270751953125e-01,1.200000000000000000e+01,-2.715061604976654053e-02,1.300000000000000000e+01,-2.435110092163085938e+00,3.100000000000000000e+01,8.943946957588195801e-01,3.200000000000000000e+01,3.785693347454071045e-01,3.300000000000000000e+01,-1.968588471412658691e+00,5.100000000000000000e+01,-1.028593301773071289e+00,5.200000000000000000e+01,3.323433399200439453e-01,5.300000000000000000e+01,-6.006253957748413086e-01,2.100000000000000000e+01,-7.241705060005187988e-01,2.200000000000000000e+01,-3.198535740375518799e-01,2.300000000000000000e+01,1.801550865173339844e+00,4.100000000000000000e+01,5.388935804367065430e-01,4.200000000000000000e+01,-3.751906752586364746e-01,4.300000000000000000e+01,6.685348749160766602e-01,6.100000000000000000e+01,2.665748000144958496e-01,6.200000000000000000e+01,-4.926312565803527832e-01,6.300000000000000000e+01,1.850308418273925781e+00
1.100000000000000000e+01,6.323521733283996582e-01,1.200000000000000000e+01,-3.057970106601715088e-02,1.300000000000000000e+01,-2.428490161895751953e+00,3.100000000000000000e+01,8.875907063484191895e-01,3.200000000000000000e+01,3.821021318435668945e-01,3.300000000000000000e+01,-2.165916681289672852e+00,5.100000000000000000e+01,-5.350148677825927734e-01,5.200000000000000000e+01,6.695446372032165527e-01,5.300000000000000000e+01,-6.125013828277587891e-01,2.100000000000000000e+01,-7.525891065597534180e-01,2.200000000000000000e+01,-3.488184809684753418e-01,2.300000000000000000e+01,1.356641530990600586e+00,4.100000000000000000e+01,1.643182337284088135e-01,4.200000000000000000e+01,-4.277082085609436035e-01,4.300000000000000000e+01,6.439104676246643066e-01,6.100000000000000000e+01,2.585206031799316406e-01,6.200000000000000000e+01,-6.010649204254150391e-01,6.300000000000000000e+01,1.835657119750976562e+00
1.100000000000000000e+01,6.297675967216491699e-01,1.200000000000000000e+01,-3.108088672161102295e-02,1.300000000000000000e+01,-2.402077198028564453e+00,3.100000000000000000e+01,8.860636949539184570e-01,3.200000000000000000e+01,3.666225671768188477e-01,3.300000000000000000e+01,-2.250089883804321289e+00,5.100000000000000000e+01,-3.544858098030090332e-01,5.200000000000000000e+01,8.057625889778137207e-01,5.300000000000000000e+01,-6.481348872184753418e-01,2.100000000000000000e+01,-8.139029741287231445e-01,2.200000000000000000e+01,-3.437984585762023926e-01,2.300000000000000000e+01,1.160984158515930176e+00,4.100000000000000000e+01,-2.051434814929962158e-01,4.200000000000000000e+01,-4.229493439197540283e-01,4.300000000000000000e+01,6.007947325706481934e-01,6.100000000000000000e+01,2.636183500289916992e-01,6.200000000000000000e+01,-6.916141510009765625e-01,6.300000000000000000e+01,1.865034103393554688e+00
1.100000000000000000e+01,6.341180801391601562e-01,1.200000000000000000e+01,-3.113465011119842529e-02,1.300000000000000000e+01,-2.341505289077758789e+00,3.100000000000000000e+01,8.758459687232971191e-01,3.200000000000000000e+01,3.194081187248229980e-01,3.300000000000000000e+01,-2.287475109100341797e+00,5.100000000000000000e+01,-3.131513297557830811e-01,5.200000000000000000e+01,8.587490916252136230e-01,5.300000000000000000e+01,-7.286984920501708984e-01,2.100000000000000000e+01,-9.359927177429199219e-01,2.200000000000000000e+01,-3.400012254714965820e-01,2.300000000000000000e+01,9.035612344741821289e-01,4.100000000000000000e+01,-3.293288946151733398e-01,4.200000000000000000e+01,-3.705213069915771484e-01,4.300000000000000000e+01,5.724182128906250000e-01,6.100000000000000000e+01,2.847817242145538330e-01,6.200000000000000000e+01,-7.332123517990112305e-01,6.300000000000000000e+01,2.031890153884887695e+00
1.100000000000000000e+01,7.690999507904052734e-01,1.200000000000000000e+01,-2.694837749004364014e-02,1.300000000000000000e+01,-2.128353595733642578e+00,3.100000000000000000e+01,9.059544801712036133e-01,3.200000000000000000e+01,4.802340865135192871e-01,3.300000000000000000e+01,-2.326214313507080078e+00,5.100000000000000000e+01,-3.418971002101898193e-01,5.200000000000000000e+01,2.440104037523269653e-01,5.300000000000000000e+01,-7.267472147941589355e-01,2.100000000000000000e+01,-1.284807562828063965e+00,2.200000000000000000e+01,-1.250906735658645630e-01,2.300000000000000000e+01,9.855136871337890625e-01,4.100000000000000000e+01,-3.664801120758056641e-01,4.200000000000000000e+01,-3.364045023918151855e-01,4.300000000000000000e+01,6.046010255813598633e-01,6.100000000000000000e+01,2.673160433769226074e-01,6.200000000000000000e+01,-8.366651535034179688e-01,6.300000000000000000e+01,7.017778754234313965e-01
1.100000000000000000e+01,6.298593878746032715e-01,1.200000000000000000e+01,1.245412677526473999e-01,1.300000000000000000e+01,-4.958497285842895508e-01,3.100000000000000000e+01,6.900109648704528809e-01,3.200000000000000000e+01,2.185310125350952148e-01,3.300000000000000000e+01,-2.344715833663940430e+00,5.100000000000000000e+01,-2.999700307846069336e-01,5.200000000000000000e+01,3.391351699829101562e-01,5.300000000000000000e+01,-1.972956657409667969e+00,2.100000000000000000e+01,-1.211002707481384277e+00,2.200000000000000000e+01,-2.801634371280670166e-01,2.300000000000000000e+01,1.208739042282104492e+00,4.100000000000000000e+01,-7.510166168212890625e-01,4.200000000000000000e+01,-3.633920550346374512e-01,4.300000000000000000e+01,7.439342141151428223e-01,6.100000000000000000e+01,6.114977002143859863e-01,6.200000000000000000e+01,-8.430240154266357422e-01,6.300000000000000000e+01,1.288421869277954102e+00
1.100000000000000000e+01,6.160452365875244141e-01,1.200000000000000000e+01,1.677932590246200562e-01,1.300000000000000000e+01,-4.099191427230834961e-01,3.100000000000000000e+01,-5.946852564811706543e-01,3.200000000000000000e+01,2.506352961063385010e-01,3.300000000000000000e+01,-2.345747470855712891e+00,5.100000000000000000e+01,-3.431572318077087402e-01,5.200000000000000000e+01,6.146834492683410645e-01,5.300000000000000000e+01,-2.237259387969970703e+00,2.100000000000000000e+01,-8.607937097549438477e-01,2.200000000000000000e+01,-7.086932063102722168e-01,2.300000000000000000e+01,8.435922861099243164e-01,4.100000000000000000e+01,-8.167518973350524902e-01,4.200000000000000000e+01,-4.708113670349121094e-01,4.300000000000000000e+01,1.374414563179016113e+00,6.100000000000000000e+01,5.452928543090820312e-01,6.200000000000000000e+01,-9.286077022552490234e-01,6.300000000000000000e+01,2.373018503189086914e+00
1.100000000000000000e+01,6.536594033241271973e-01,1.200000000000000000e+01,4.932511448860168457e-01,1.300000000000000000e+01,-4.521069526672363281e-01,3.100000000000000000e+01,-7.159177064895629883e-01,3.200000000000000000e+01,-4.955109208822250366e-02,3.300000000000000000e+01,-2.311367988586425781e+00,5.100000000000000000e+01,-2.671050429344177246e-01,5.200000000000000000e+01,9.255869388580322266e-01,5.300000000000000000e+01,-2.641669988632202148e+00,2.100000000000000000e+01,-1.178015470504760742e+00,2.200000000000000000e+01,-7.125890254974365234e-01,2.300000000000000000e+01,1.181684255599975586e+00,4.100000000000000000e+01,-7.277146577835083008e-01,4.200000000000000000e+01,-3.821792304515838623e-01,4.300000000000000000e+01,1.620915889739990234e+00,6.100000000000000000e+01,1.194045782089233398e+00,6.200000000000000000e+01,-8.116437196731567383e-01,6.300000000000000000e+01,2.606017589569091797e+00
1.100000000000000000e+01,6.501312851905822754e-01,1.200000000000000000e+01,3.509546816349029541e-02,1.300000000000000000e+01,-5.016224384307861328e-01,3.100000000000000000e+01,-7.145438194274902344e-01,3.200000000000000000e+01,9.421502798795700073e-02,3.300000000000000000e+01,-2.343915700912475586e+00,5.100000000000000000e+01,-4.187654852867126465e-01,5.200000000000000000e+01,9.034622907638549805e-01,5.300000000000000000e+01,-2.555863618850708008e+00,2.100000000000000000e+01,-7.518140077590942383e-01,2.200000000000000000e+01,-7.978157997131347656e-01,2.300000000000000000e+01,5.072782039642333984e-01,4.100000000000000000e+01,-7.926223278045654297e-01,4.200000000000000000e+01,-4.628642201423645020e-01,4.300000000000000000e+01,2.264880418777465820e+00,6.100000000000000000e+01,6.018863916397094727e-01,6.200000000000000000e+01,-8.996032476425170898e-01,6.300000000000000000e+01,2.567719936370849609e+00
1.100000000000000000e+01,6.418237686157226562e-01,1.200000000000000000e+01,2.143998444080352783e-02,1.300000000000000000e+01,-4.876422882080078125e-01,3.100000000000000000e+01,-7.153996229171752930e-01,3.200000000000000000e+01,8.925149589776992798e-02,3.300000000000000000e+01,-2.342219352722167969e+00,5.100000000000000000e+01,-4.149149358272552490e-01,5.200000000000000000e+01,9.077787399291992188e-01,5.300000000000000000e+01,-2.549784183502197266e+00,2.100000000000000000e+01,-7.276670932769775391e-01,2.200000000000000000e+01,-7.962968945503234863e-01,2.300000000000000000e+01,5.063306093215942383e-01,4.100000000000000000e+01,-7.718495130538940430e-01,4.200000000000000000e+01,-4.644850492477416992e-01,4.300000000000000000e+01,2.299447536468505859e+00,6.100000000000000000e+01,6.183289289474487305e-01,6.200000000000000000e+01,-8.880550265312194824e-01,6.300000000000000000e+01,2.591232299804687500e+00
1.100000000000000000e+01,6.399252414703369141e-01,1.200000000000000000e+01,3.693126440048217773e-01,1.300000000000000000e+01,-3.415102958679199219e-01,3.100000000000000000e+01,-7.154369354248046875e-01,3.200000000000000000e+01,-3.216805309057235718e-02,3.300000000000000000e+01,-2.309571981430053711e+00,5.100000000000000000e+01,-3.494303226470947266e-01,5.200000000000000000e+01,9.282230138778686523e-01,5.300000000000000000e+01,-2.594945907592773438e+00,2.100000000000000000e+01,-9.169344902038574219e-01,2.200000000000000000e+01,-6.090796589851379395e-01,2.300000000000000000e+01,1.267164587974548340e+00,4.100000000000000000e+01,-7.222419381141662598e-01,4.200000000000000000e+01,-3.816714286804199219e-01,4.300000000000000000e+01,2.299714565277099609e+00,6.100000000000000000e+01,5.764520168304443359e-01,6.200000000000000000e+01,-4.387050271034240723e-01,6.300000000000000000e+01,2.571877479553222656e+00
1.100000000000000000e+01,6.151582002639770508e-01,1.200000000000000000e+01,1.817339211702346802e-01,1.300000000000000000e+01,-3.235756158828735352e-01,3.100000000000000000e+01,-7.145085930824279785e-01,3.200000000000000000e+01,6.010163575410842896e-02,3.300000000000000000e+01,-2.335404396057128906e+00,5.100000000000000000e+01,-3.623816668987274170e-01,5.200000000000000000e+01,8.228737115859985352e-01,5.300000000000000000e+01,-2.533791065216064453e+00,2.100000000000000000e+01,-7.156043052673339844e-01,2.200000000000000000e+01,-7.637752294540405273e-01,2.300000000000000000e+01,1.074873328208923340e+00,4.100000000000000000e+01,-7.666214108467102051e-01,4.200000000000000000e+01,-4.804618954658508301e-01,4.300000000000000000e+01,2.285503149032592773e+00,6.100000000000000000e+01,1.081763625144958496e+00,6.200000000000000000e+01,-9.070758223533630371e-01,6.300000000000000000e+01,2.574697971343994141e+00
1.100000000000000000e+01,6.196540594100952148e-01,1.200000000000000000e+01,5.333466827869415283e-02,1.300000000000000000e+01,-4.057699441909790039e-01,3.100000000000000000e+01,-7.154898643493652344e-01,3.200000000000000000e+01,8.058957010507583618e-02,3.300000000000000000e+01,-2.270561695098876953e+00,5.100000000000000000e+01,-4.415257573127746582e-01,5.200000000000000000e+01,8.941370248794555664e-01,5.300000000000000000e+01,-2.561236381530761719e+00,2.100000000000000000e+01,-7.860159873962402344e-01,2.200000000000000000e+01,-6.614846587181091309e-01,2.300000000000000000e+01,1.641617536544799805e+00,4.100000000000000000e+01,-4.773120284080505371e-01,4.200000000000000000e+01,-4.529923200607299805e-01,4.300000000000000000e+01,2.295134067535400391e+00,6.100000000000000000e+01,1.022321462631225586e+00,6.200000000000000000e+01,-6.679754257202148438e-01,6.300000000000000000e+01,2.638978481292724609e+00
1.100000000000000000e+01,6.215955018997192383e-01,1.200000000000000000e+01,9.497417509555816650e-02,1.300000000000000000e+01,-4.227004051208496094e-01,3.100000000000000000e+01,-7.114797234535217285e-01,3.200000000000000000e+01,3.143502026796340942e-02,3.300000000000000000e+01,-2.168042421340942383e+00,5.100000000000000000e+01,-3.942596316337585449e-01,5.200000000000000000e+01,6.659902334213256836e-01,5.300000000000000000e+01,-2.553248405456542969e+00,2.100000000000000000e+01,-8.138770461082458496e-01,2.200000000000000000e+01,-6.004371643066406250e-01,2.300000000000000000e+01,1.873804092407226562e+00,4.100000000000000000e+01,-2.766195535659790039e-01,4.200000000000000000e+01,-4.279179573059082031e-01,4.300000000000000000e+01,2.321360349655151367e+00,6.100000000000000000e+01,1.237838149070739746e+00,6.200000000000000000e+01,-5.395711064338684082e-01,6.300000000000000000e+01,2.632987260818481445e+00
1.100000000000000000e+01,8.609132170677185059e-01,1.200000000000000000e+01,5.307267904281616211e-01,1.300000000000000000e+01,-3.435522317886352539e-01,3.100000000000000000e+01,-6.561795473098754883e-01,3.200000000000000000e+01,-5.086003988981246948e-02,3.300000000000000000e+01,-1.060714960098266602e+00,5.100000000000000000e+01,-5.453640818595886230e-01,5.200000000000000000e+01,2.263891249895095825e-01,5.300000000000000000e+01,-2.603850364685058594e+00,2.100000000000000000e+01,-9.645664095878601074e-01,2.200000000000000000e+01,-3.001323938369750977e-01,2.300000000000000000e+01,2.015839099884033203e+00,4.100000000000000000e+01,1.441545337438583374e-01,4.200000000000000000e+01,-2.253265976905822754e-01,4.300000000000000000e+01,2.338274002075195312e+00,6.100000000000000000e+01,1.305439233779907227e+00,6.200000000000000000e+01,-1.836019009351730347e-01,6.300000000000000000e+01,1.740045905113220215e+00
1.100000000000000000e+01,1.089074373245239258e+00,1.200000000000000000e+01,7.329650521278381348e-01,1.300000000000000000e+01,-3.573017120361328125e-01,3.100000000000000000e+01,-7.095581889152526855e-01,3.200000000000000000e+01,-7.864370197057723999e-02,3.300000000000000000e+01,-5.759885907173156738e-01,5.100000000000000000e+01,-2.976039350032806396e-01,5.200000000000000000e+01,8.189554214477539062e-01,5.300000000000000000e+01,-2.639122009277343750e+00,2.100000000000000000e+01,-1.214293479919433594e+00,2.200000000000000000e+01,-1.671915054321289062e-01,2.300000000000000000e+01,1.787680625915527344e+00,4.100000000000000000e+01,-1.523795723915100098e-02,4.200000000000000000e+01,-7.522935420274734497e-02,4.300000000000000000e+01,2.291098594665527344e+00,6.100000000000000000e+01,1.311990141868591309e+00,6.200000000000000000e+01,-1.665923148393630981e-01,6.300000000000000000e+01,2.373426914215087891e+00
1.100000000000000000e+01,8.059969544410705566e-01,1.200000000000000000e+01,3.817102313041687012e-01,1.300000000000000000e+01,-6.023726463317871094e-01,3.100000000000000000e+01,-5.862627029418945312e-01,3.200000000000000000e+01,1.041378900408744812e-01,3.300000000000000000e+01,-1.106468677520751953e+00,5.100000000000000000e+01,-8.199878931045532227e-01,5.200000000000000000e+01,1.672542542219161987e-01,5.300000000000000000e+01,-2.552806377410888672e+00,2.100000000000000000e+01,-1.015336036682128906e+00,2.200000000000000000e+01,-3.984866142272949219e-01,2.300000000000000000e+01,2.040606498718261719e+00,4.100000000000000000e+01,3.259530365467071533e-01,4.200000000000000000e+01,-3.570455312728881836e-01,4.300000000000000000e+01,2.339255571365356445e+00,6.100000000000000000e+01,1.303781151771545410e+00,6.200000000000000000e+01,-2.454404383897781372e-01,6.300000000000000000e+01,2.302234172821044922e+00
1.100000000000000000e+01,9.616534709930419922e-01,1.200000000000000000e+01,3.788381218910217285e-01,1.300000000000000000e+01,-6.831831932067871094e-01,3.100000000000000000e+01,-4.852581024169921875e-01,3.200000000000000000e+01,2.104567885398864746e-01,3.300000000000000000e+01,-8.410778045654296875e-01,5.100000000000000000e+01,-9.180160760879516602e-01,5.200000000000000000e+01,1.642159968614578247e-01,5.300000000000000000e+01,-2.546488761901855469e+00,2.100000000000000000e+01,-1.142245292663574219e+00,2.200000000000000000e+01,-3.433607220649719238e-01,2.300000000000000000e+01,2.016360282897949219e+00,4.100000000000000000e+01,3.721655011177062988e-01,4.200000000000000000e+01,-3.467299342155456543e-01,4.300000000000000000e+01,2.339139461517333984e+00,6.100000000000000000e+01,1.303519010543823242e+00,6.200000000000000000e+01,-2.310416549444198608e-01,6.300000000000000000e+01,1.977422356605529785e+00
1.100000000000000000e+01,1.098971366882324219e+00,1.200000000000000000e+01,3.780986666679382324e-01,1.300000000000000000e+01,-8.852756023406982422e-01,3.100000000000000000e+01,-4.128253459930419922e-01,3.200000000000000000e+01,3.122424483299255371e-01,3.300000000000000000e+01,-7.447819709777832031e-01,5.100000000000000000e+01,-1.016417980194091797e+00,5.200000000000000000e+01,1.636163443326950073e-01,5.300000000000000000e+01,-2.493087291717529297e+00,2.100000000000000000e+01,-1.185265541076660156e+00,2.200000000000000000e+01,-3.513103723526000977e-01,2.300000000000000000e+01,1.986195325851440430e+00,4.100000000000000000e+01,3.620108067989349365e-01,4.200000000000000000e+01,-3.463310003280639648e-01,4.300000000000000000e+01,2.340580940246582031e+00,6.100000000000000000e+01,1.287492394447326660e+00,6.200000000000000000e+01,-2.491780370473861694e-01,6.300000000000000000e+01,1.609073162078857422e+00
1.100000000000000000e+01,8.919718265533447266e-01,1.200000000000000000e+01,2.517227232456207275e-01,1.300000000000000000e+01,-5.301063060760498047e-01,3.100000000000000000e+01,3.022267222404479980e-01,3.200000000000000000e+01,3.257521092891693115e-01,3.300000000000000000e+01,-1.488290786743164062e+00,5.100000000000000000e+01,-6.163424253463745117e-01,5.200000000000000000e+01,1.617257446050643921e-01,5.300000000000000000e+01,-2.492366790771484375e+00,2.100000000000000000e+01,-1.169898152351379395e+00,2.200000000000000000e+01,-5.446531176567077637e-01,2.300000000000000000e+01,1.714763522148132324e+00,4.100000000000000000e+01,-6.650574505329132080e-03,4.200000000000000000e+01,-4.540965557098388672e-01,4.300000000000000000e+01,2.342260837554931641e+00,6.100000000000000000e+01,1.302097082138061523e+00,6.200000000000000000e+01,-5.010396838188171387e-01,6.300000000000000000e+01,6.871246695518493652e-01
1.100000000000000000e+01,1.382563114166259766e+00,1.200000000000000000e+01,3.374575376510620117e-01,1.300000000000000000e+01,-9.108260869979858398e-01,3.100000000000000000e+01,-4.192672967910766602e-01,3.200000000000000000e+01,1.277531385421752930e-01,3.300000000000000000e+01,-6.810728311538696289e-01,5.100000000000000000e+01,-5.017369985580444336e-01,5.200000000000000000e+01,1.651443988084793091e-01,5.300000000000000000e+01,-2.628955841064453125e+00,2.100000000000000000e+01,-1.350031375885009766e+00,2.200000000000000000e+01,-6.684448719024658203e-01,2.300000000000000000e+01,1.171813011169433594e+00,4.100000000000000000e+01,4.450570344924926758e-01,4.200000000000000000e+01,-1.811750829219818115e-01,4.300000000000000000e+01,2.337295055389404297e+00,6.100000000000000000e+01,1.309677839279174805e+00,6.200000000000000000e+01,-1.752600520849227905e-01,6.300000000000000000e+01,7.795392870903015137e-01
1.100000000000000000e+01,1.385363936424255371e+00,1.200000000000000000e+01,3.868406116962432861e-01,1.300000000000000000e+01,-1.251259446144104004e+00,3.100000000000000000e+01,-2.019609510898590088e-01,3.200000000000000000e+01,1.896718442440032959e-01,3.300000000000000000e+01,-6.642746329307556152e-01,5.100000000000000000e+01,-6.187624931335449219e-01,5.200000000000000000e+01,1.637407988309860229e-01,5.300000000000000000e+01,-2.609895706176757812e+00,2.100000000000000000e+01,-1.343716263771057129e+00,2.200000000000000000e+01,-6.412739157676696777e-01,2.300000000000000000e+01,1.356271028518676758e+00,4.100000000000000000e+01,4.749134778976440430e-01,4.200000000000000000e+01,-2.148322761058807373e-01,4.300000000000000000e+01,2.337471008300781250e+00,6.100000000000000000e+01,1.299569964408874512e+00,6.200000000000000000e+01,-1.851027458906173706e-01,6.300000000000000000e+01,6.767225265502929688e-01
1.100000000000000000e+01,1.387394428253173828e+00,1.200000000000000000e+01,5.194478034973144531e-01,1.300000000000000000e+01,-2.075838088989257812e+00,3.100000000000000000e+01,7.388038039207458496e-01,3.200000000000000000e+01,1.845602393150329590e-01,3.300000000000000000e+01,-5.655454993247985840e-01,5.100000000000000000e+01,-1.184612154960632324e+00,5.200000000000000000e+01,2.000110596418380737e-01,5.300000000000000000e+01,-2.321394443511962891e+00,2.100000000000000000e+01,-1.294777631759643555e+00,2.200000000000000000e+01,-5.193634033203125000e-01,2.300000000000000000e+01,1.888451099395751953e+00,4.100000000000000000e+01,6.167715191841125488e-01,4.200000000000000000e+01,-3.025705367326736450e-02,4.300000000000000000e+01,2.326266765594482422e+00,6.100000000000000000e+01,1.141666173934936523e+00,6.200000000000000000e+01,-1.856625825166702271e-01,6.300000000000000000e+01,8.016411066055297852e-01
1.100000000000000000e+01,1.386856079101562500e+00,1.200000000000000000e+01,2.919431328773498535e-01,1.300000000000000000e+01,-2.283568382263183594e+00,3.100000000000000000e+01,8.671023845672607422e-01,3.200000000000000000e+01,7.531637698411941528e-02,3.300000000000000000e+01,-5.628373622894287109e-01,5.100000000000000000e+01,-1.222376704216003418e+00,5.200000000000000000e+01,2.151355594396591187e-01,5.300000000000000000e+01,-1.940893769264221191e+00,2.100000000000000000e+01,-1.224217891693115234e+00,2.200000000000000000e+01,-4.380431771278381348e-01,2.300000000000000000e+01,1.966191530227661133e+00,4.100000000000000000e+01,6.272683143615722656e-01,4.200000000000000000e+01,2.326516062021255493e-02,4.300000000000000000e+01,2.323942184448242188e+00,6.100000000000000000e+01,1.142441630363464355e+00,6.200000000000000000e+01,-1.659466177225112915e-01,6.300000000000000000e+01,6.923413872718811035e-01
1.100000000000000000e+01,1.384785294532775879e+00,1.200000000000000000e+01,2.474756836891174316e-01,1.300000000000000000e+01,-2.308930873870849609e+00,3.100000000000000000e+01,8.836750388145446777e-01,3.200000000000000000e+01,7.869090139865875244e-02,3.300000000000000000e+01,-5.500060319900512695e-01,5.100000000000000000e+01,-1.227083683013916016e+00,5.200000000000000000e+01,2.095478028059005737e-01,5.300000000000000000e+01,-1.849761843681335449e+00,2.100000000000000000e+01,-1.201509475708007812e+00,2.200000000000000000e+01,-3.157700896263122559e-01,2.300000000000000000e+01,2.091097354888916016e+00,4.100000000000000000e+01,6.548504233360290527e-01,4.200000000000000000e+01,2.752510458230972290e-02,4.300000000000000000e+01,2.313700675964355469e+00,6.100000000000000000e+01,1.170959115028381348e+00,6.200000000000000000e+01,-1.654392033815383911e-01,6.300000000000000000e+01,7.319986820220947266e-01
1.100000000000000000e+01,1.351331710815429688e+00,1.200000000000000000e+01,1.426902413368225098e-01,1.300000000000000000e+01,-2.175666809082031250e+00,3.100000000000000000e+01,9.009700417518615723e-01,3.200000000000000000e+01,5.218311399221420288e-02,3.300000000000000000e+01,-7.049908638000488281e-01,5.100000000000000000e+01,-1.100440502166748047e+00,5.200000000000000000e+01,1.635354608297348022e-01,5.300000000000000000e+01,-1.871354579925537109e+00,2.100000000000000000e+01,-1.064469099044799805e+00,2.200000000000000000e+01,-4.598262906074523926e-01,2.300000000000000000e+01,1.743625402450561523e+00,4.100000000000000000e+01,6.656420826911926270e-01,4.200000000000000000e+01,-5.800610035657882690e-02,4.300000000000000000e+01,2.269783496856689453e+00,6.100000000000000000e+01,1.284824371337890625e+00,6.200000000000000000e+01,-1.756217628717422485e-01,6.300000000000000000e+01,6.503840088844299316e-01
1.100000000000000000e+01,1.320872068405151367e+00,1.200000000000000000e+01,3.102255463600158691e-01,1.300000000000000000e+01,-2.277106285095214844e+00,3.100000000000000000e+01,9.048411250114440918e-01,3.200000000000000000e+01,2.007647454738616943e-01,3.300000000000000000e+01,-7.543967962265014648e-01,5.100000000000000000e+01,-9.275751709938049316e-01,5.200000000000000000e+01,1.630489975214004517e-01,5.300000000000000000e+01,-1.794233798980712891e+00,2.100000000000000000e+01,-1.102663636207580566e+00,2.200000000000000000e+01,-3.606058359146118164e-01,2.300000000000000000e+01,2.117633342742919922e+00,4.100000000000000000e+01,6.882370114326477051e-01,4.200000000000000000e+01,-1.221960708498954773e-01,4.300000000000000000e+01,2.097507476806640625e+00,6.100000000000000000e+01,1.149177312850952148e+00,6.200000000000000000e+01,-5.157380104064941406e-01,6.300000000000000000e+01,7.248247265815734863e-01
1.100000000000000000e+01,1.240754127502441406e+00,1.200000000000000000e+01,2.689334750175476074e-01,1.300000000000000000e+01,-2.381757259368896484e+00,3.100000000000000000e+01,9.053845405578613281e-01,3.200000000000000000e+01,2.654467225074768066e-01,3.300000000000000000e+01,-8.872837424278259277e-01,5.100000000000000000e+01,-8.022583127021789551e-01,5.200000000000000000e+01,1.637731939554214478e-01,5.300000000000000000e+01,-1.620396852493286133e+00,2.100000000000000000e+01,-1.134006857872009277e+00,2.200000000000000000e+01,-2.990464568138122559e-01,2.300000000000000000e+01,2.254809617996215820e+00,4.100000000000000000e+01,6.996506452560424805e-01,4.200000000000000000e+01,-7.703607529401779175e-02,4.300000000000000000e+01,1.741768121719360352e+00,6.100000000000000000e+01,9.071998596191406250e-01,6.200000000000000000e+01,-7.354977130889892578e-01,6.300000000000000000e+01,8.858495950698852539e-01
1.100000000000000000e+01,1.094340324401855469e+00,1.200000000000000000e+01,1.028832346200942993e-01,1.300000000000000000e+01,-2.407754421234130859e+00,3.100000000000000000e+01,9.049142599105834961e-01,3.200000000000000000e+01,1.021274402737617493e-01,3.300000000000000000e+01,-1.085419416427612305e+00,5.100000000000000000e+01,-8.415233492851257324e-01,5.200000000000000000e+01,1.680316478013992310e-01,5.300000000000000000e+01,-1.153207182884216309e+00,2.100000000000000000e+01,-9.498693943023681641e-01,2.200000000000000000e+01,-2.486337274312973022e-01,2.300000000000000000e+01,2.093214511871337891e+00,4.100000000000000000e+01,7.040447592735290527e-01,4.200000000000000000e+01,-9.828664362430572510e-03,4.300000000000000000e+01,1.420406460762023926e+00,6.100000000000000000e+01,8.044948577880859375e-01,6.200000000000000000e+01,-3.626483678817749023e-01,6.300000000000000000e+01,9.950745105743408203e-01
1.100000000000000000e+01,7.473775744438171387e-01,1.200000000000000000e+01,-5.642309784889221191e-03,1.300000000000000000e+01,-2.441961765289306641e+00,3.100000000000000000e+01,8.972551822662353516e-01,3.200000000000000000e+01,9.130650013685226440e-02,3.300000000000000000e+01,-1.645478487014770508e+00,5.100000000000000000e+01,-7.893298864364624023e-01,5.200000000000000000e+01,2.702344059944152832e-01,5.300000000000000000e+01,-8.850868940353393555e-01,2.100000000000000000e+01,-7.742195129394531250e-01,2.200000000000000000e+01,-1.808207482099533081e-01,2.300000000000000000e+01,2.117565631866455078e+00,4.100000000000000000e+01,6.731370687484741211e-01,4.200000000000000000e+01,-1.897095441818237305e-01,4.300000000000000000e+01,6.638485193252563477e-01,6.100000000000000000e+01,3.472690284252166748e-01,6.200000000000000000e+01,-3.269200325012207031e-01,6.300000000000000000e+01,1.838309526443481445e+00
1.100000000000000000e+01,6.950429677963256836e-01,1.200000000000000000e+01,-2.326516807079315186e-02,1.300000000000000000e+01,-2.431119441986083984e+00,3.100000000000000000e+01,8.934956192970275879e-01,3.200000000000000000e+01,5.242074280977249146e-02,3.300000000000000000e+01,-1.833363056182861328e+00,5.100000000000000000e+01,-6.954851746559143066e-01,5.200000000000000000e+01,4.178363680839538574e-01,5.300000000000000000e+01,-7.853465676307678223e-01,2.100000000000000000e+01,-7.109826207160949707e-01,2.200000000000000000e+01,-2.222778499126434326e-01,2.300000000000000000e+01,2.139237642288208008e+00,4.100000000000000000e+01,6.403130888938903809e-01,4.200000000000000000e+01,-2.120161652565002441e-01,4.300000000000000000e+01,6.337892413139343262e-01,6.100000000000000000e+01,3.268063962459564209e-01,6.200000000000000000e+01,-2.638934850692749023e-01,6.300000000000000000e+01,2.050434112548828125e+00
1.100000000000000000e+01,6.523129940032958984e-01,1.200000000000000000e+01,-2.810643613338470459e-02,1.300000000000000000e+01,-2.405114650726318359e+00,3.100000000000000000e+01,8.900202512741088867e-01,3.200000000000000000e+01,5.739773064851760864e-02,3.300000000000000000e+01,-2.035247325897216797e+00,5.100000000000000000e+01,-5.115473270416259766e-01,5.200000000000000000e+01,5.917164683341979980e-01,5.300000000000000000e+01,-8.430757522583007812e-01,2.100000000000000000e+01,-6.915699243545532227e-01,2.200000000000000000e+01,-2.213597446680068970e-01,2.300000000000000000e+01,2.195941925048828125e+00,4.100000000000000000e+01,5.550243258476257324e-01,4.200000000000000000e+01,-2.702813744544982910e-01,4.300000000000000000e+01,5.884556174278259277e-01,6.100000000000000000e+01,3.329450488090515137e-01,6.200000000000000000e+01,-2.899300456047058105e-01,6.300000000000000000e+01,2.216277837753295898e+00
1.100000000000000000e+01,6.354051828384399414e-01,1.200000000000000000e+01,-2.974711358547210693e-02,1.300000000000000000e+01,-2.313772201538085938e+00,3.100000000000000000e+01,8.780452609062194824e-01,3.200000000000000000e+01,1.259227395057678223e-01,3.300000000000000000e+01,-2.164658546447753906e+00,5.100000000000000000e+01,-4.325475394725799561e-01,5.200000000000000000e+01,7.444770336151123047e-01,5.300000000000000000e+01,-8.856789469718933105e-01,2.100000000000000000e+01,-7.185462713241577148e-01,2.200000000000000000e+01,-2.129940688610076904e-01,2.300000000000000000e+01,2.095198154449462891e+00,4.100000000000000000e+01,3.899110555648803711e-01,4.200000000000000000e+01,-2.605329453945159912e-01,4.300000000000000000e+01,5.484205484390258789e-01,6.100000000000000000e+01,3.706342279911041260e-01,6.200000000000000000e+01,-4.006884694099426270e-01,6.300000000000000000e+01,2.401714801788330078e+00
1.100000000000000000e+01,6.331268548965454102e-01,1.200000000000000000e+01,-2.489446103572845459e-02,1.300000000000000000e+01,-2.208811044692993164e+00,3.100000000000000000e+01,8.425016403198242188e-01,3.200000000000000000e+01,3.022022247314453125e-01,3.300000000000000000e+01,-2.048096418380737305e+00,5.100000000000000000e+01,-3.340439200401306152e-01,5.200000000000000000e+01,7.010667324066162109e-01,5.300000000000000000e+01,-1.505739569664001465e+00,2.100000000000000000e+01,-8.752189874649047852e-01,2.200000000000000000e+01,-1.393717229366302490e-01,2.300000000000000000e+01,2.247489452362060547e+00,4.100000000000000000e+01,1.337055414915084839e-01,4.200000000000000000e+01,-3.091791570186614990e-01,4.300000000000000000e+01,5.299072265625000000e-01,6.100000000000000000e+01,6.630660295486450195e-01,6.200000000000000000e+01,-7.754312753677368164e-01,6.300000000000000000e+01,2.547805786132812500e+00
1.100000000000000000e+01,7.110915184020996094e-01,1.200000000000000000e+01,-2.267412841320037842e-02,1.300000000000000000e+01,-2.029155731201171875e+00,3.100000000000000000e+01,6.952444314956665039e-01,3.200000000000000000e+01,2.951219081878662109e-01,3.300000000000000000e+01,-2.102072477340698242e+00,5.100000000000000000e+01,-2.957237660884857178e-01,5.200000000000000000e+01,7.523828148841857910e-01,5.300000000000000000e+01,-2.216504335403442383e+00,2.100000000000000000e+01,-1.188781023025512695e+00,2.200000000000000000e+01,-4.994358122348785400e-02,2.300000000000000000e+01,2.239158153533935547e+00,4.100000000000000000e+01,3.644145131111145020e-01,4.200000000000000000e+01,-6.512146443128585815e-02,4.300000000000000000e+01,5.247650146484375000e-01,6.100000000000000000e+01,1.016880750656127930e+00,6.200000000000000000e+01,-6.775704026222229004e-01,6.300000000000000000e+01,2.606091499328613281e+00
1.100000000000000000e+01,6.375503540039062500e-01,1.200000000000000000e+01,-3.069166839122772217e-02,1.300000000000000000e+01,-1.984253764152526855e+00,3.100000000000000000e+01,8.776788711547851562e-01,3.200000000000000000e+01,4.687198996543884277e-01,3.300000000000000000e+01,-2.316445350646972656e+00,5.100000000000000000e+01,-4.832962155342102051e-01,5.200000000000000000e+01,2.613003253936767578e-01,5.300000000000000000e+01,-8.291595578193664551e-01,2.100000000000000000e+01,-9.447481632232666016e-01,2.200000000000000000e+01,-1.922650337219238281e-01,2.300000000000000000e+01,1.956331729888916016e+00,4.100000000000000000e+01,-2.564269900321960449e-01,4.200000000000000000e+01,-3.083653450012207031e-01,4.300000000000000000e+01,5.366259813308715820e-01,6.100000000000000000e+01,3.757178783416748047e-01,6.200000000000000000e+01,-8.873207569122314453e-01,6.300000000000000000e+01,2.136204004287719727e+00
1.100000000000000000e+01,6.598572731018066406e-01,1.200000000000000000e+01,-2.877618372440338135e-02,1.300000000000000000e+01,-1.619235157966613770e+00,3.100000000000000000e+01,7.991254925727844238e-01,3.200000000000000000e+01,4.419409036636352539e-01,3.300000000000000000e+01,-2.330481767654418945e+00,5.100000000000000000e+01,-5.825971364974975586e-01,5.200000000000000000e+01,2.394351810216903687e-01,5.300000000000000000e+01,-1.434715986251831055e+00,2.100000000000000000e+01,-1.062781572341918945e+00,2.200000000000000000e+01,-3.037578761577606201e-01,2.300000000000000000e+01,1.901810288429260254e+00,4.100000000000000000e+01,-4.074244201183319092e-01,4.200000000000000000e+01,-2.103429734706878662e-01,4.300000000000000000e+01,5.506049394607543945e-01,6.100000000000000000e+01,5.914794206619262695e-01,6.200000000000000000e+01,-8.155702352523803711e-01,6.300000000000000000e+01,2.185469150543212891e+00
1.100000000000000000e+01,8.764141798019409180e-01,1.200000000000000000e+01,9.955212473869323730e-03,1.300000000000000000e+01,-6.972879171371459961e-01,3.100000000000000000e+01,6.554870605468750000e-01,3.200000000000000000e+01,1.626015603542327881e-01,3.300000000000000000e+01,-2.326865673065185547e+00,5.100000000000000000e+01,-7.181364297866821289e-01,5.200000000000000000e+01,1.944493204355239868e-01,5.300000000000000000e+01,-2.414871931076049805e+00,2.100000000000000000e+01,-1.217455983161926270e+00,2.200000000000000000e+01,-4.018917381763458252e-01,2.300000000000000000e+01,1.943792700767517090e+00,4.100000000000000000e+01,-6.585744023323059082e-01,4.200000000000000000e+01,-1.320269703865051270e-01,4.300000000000000000e+01,7.635177969932556152e-01,6.100000000000000000e+01,9.087074995040893555e-01,6.200000000000000000e+01,-3.477707505226135254e-01,6.300000000000000000e+01,7.382183670997619629e-01
1.100000000000000000e+01,7.267940044403076172e-01,1.200000000000000000e+01,-9.624853730201721191e-03,1.300000000000000000e+01,-8.919318914413452148e-01,3.100000000000000000e+01,1.492118090391159058e-02,3.200000000000000000e+01,4.231661558151245117e-01,3.300000000000000000e+01,-2.340760469436645508e+00,5.100000000000000000e+01,-9.229056835174560547e-01,5.200000000000000000e+01,2.014053314924240112e-01,5.300000000000000000e+01,-2.201691865921020508e+00,2.100000000000000000e+01,-1.109308481216430664e+00,2.200000000000000000e+01,-6.884648799896240234e-01,2.300000000000000000e+01,1.620289087295532227e+00,4.100000000000000000e+01,-8.117197155952453613e-01,4.200000000000000000e+01,-3.567613661289215088e-01,4.300000000000000000e+01,1.259215831756591797e+00,6.100000000000000000e+01,4.391470551490783691e-01,6.200000000000000000e+01,-8.121991157531738281e-01,6.300000000000000000e+01,9.774507880210876465e-01
1.100000000000000000e+01,7.021710872650146484e-01,1.200000000000000000e+01,2.684022486209869385e-01,1.300000000000000000e+01,-4.309200048446655273e-01,3.100000000000000000e+01,-6.457922458648681641e-01,3.200000000000000000e+01,-5.135800689458847046e-02,3.300000000000000000e+01,-2.299358606338500977e+00,5.100000000000000000e+01,-3.517729640007019043e-01,5.200000000000000000e+01,7.788103222846984863e-01,5.300000000000000000e+01,-2.609292507171630859e+00,2.100000000000000000e+01,-1.175570845603942871e+00,2.200000000000000000e+01,-7.572400569915771484e-01,2.300000000000000000e+01,1.438855290412902832e+00,4.100000000000000000e+01,-7.970867753028869629e-01,4.200000000000000000e+01,-3.213053941726684570e-01,4.300000000000000000e+01,1.513841390609741211e+00,6.100000000000000000e+01,1.197580099105834961e+00,6.200000000000000000e+01,-4.847311377525329590e-01,6.300000000000000000e+01,1.653092265129089355e+00
1.100000000000000000e+01,1.087913990020751953e+00,1.200000000000000000e+01,4.321082234382629395e-01,1.300000000000000000e+01,-4.563574790954589844e-01,3.100000000000000000e+01,-6.961187720298767090e-01,3.200000000000000000e+01,-7.599034160375595093e-02,3.300000000000000000e+01,-1.669921278953552246e+00,5.100000000000000000e+01,-3.651327490806579590e-01,5.200000000000000000e+01,9.275761246681213379e-01,5.300000000000000000e+01,-2.631787776947021484e+00,2.100000000000000000e+01,-1.323270082473754883e+00,2.200000000000000000e+01,-6.604092121124267578e-01,2.300000000000000000e+01,1.192208051681518555e+00,4.100000000000000000e+01,-8.168727159500122070e-01,4.200000000000000000e+01,-6.250374764204025269e-02,4.300000000000000000e+01,2.143699645996093750e+00,6.100000000000000000e+01,1.188740253448486328e+00,6.200000000000000000e+01,-1.728209108114242554e-01,6.300000000000000000e+01,1.188623189926147461e+00
1.100000000000000000e+01,9.190688133239746094e-01,1.200000000000000000e+01,1.323386579751968384e-01,1.300000000000000000e+01,-1.448080182075500488e+00,3.100000000000000000e+01,-7.157758474349975586e-01,3.200000000000000000e+01,9.460292756557464600e-03,3.300000000000000000e+01,-2.030420064926147461e+00,5.100000000000000000e+01,-2.839998900890350342e-01,5.200000000000000000e+01,9.312907457351684570e-01,5.300000000000000000e+01,-2.634500980377197266e+00,2.100000000000000000e+01,-1.370238304138183594e+00,2.200000000000000000e+01,-6.367030739784240723e-01,2.300000000000000000e+01,6.916429996490478516e-01,4.100000000000000000e+01,-8.201830983161926270e-01,4.200000000000000000e+01,-7.882443070411682129e-02,4.300000000000000000e+01,2.139701128005981445e+00,6.100000000000000000e+01,6.126073002815246582e-01,6.200000000000000000e+01,-2.557602524757385254e-01,6.300000000000000000e+01,2.551363706588745117e+00
1.100000000000000000e+01,8.572334051132202148e-01,1.200000000000000000e+01,1.009246855974197388e-01,1.300000000000000000e+01,-1.362563014030456543e+00,3.100000000000000000e+01,-7.159652709960937500e-01,3.200000000000000000e+01,1.829604059457778931e-02,3.300000000000000000e+01,-1.966048002243041992e+00,5.100000000000000000e+01,-2.834677696228027344e-01,5.200000000000000000e+01,9.314347505569458008e-01,5.300000000000000000e+01,-2.624402523040771484e+00,2.100000000000000000e+01,-1.363050460815429688e+00,2.200000000000000000e+01,-6.000394821166992188e-01,2.300000000000000000e+01,5.789034366607666016e-01,4.100000000000000000e+01,-7.713680267333984375e-01,4.200000000000000000e+01,-1.182706579566001892e-01,4.300000000000000000e+01,2.204199075698852539e+00,6.100000000000000000e+01,5.478836297988891602e-01,6.200000000000000000e+01,-2.339041084051132202e-01,6.300000000000000000e+01,2.600610256195068359e+00
1.100000000000000000e+01,6.152321100234985352e-01,1.200000000000000000e+01,3.442421555519104004e-03,1.300000000000000000e+01,-5.324286222457885742e-01,3.100000000000000000e+01,-7.095094323158264160e-01,3.200000000000000000e+01,4.105989336967468262e-01,3.300000000000000000e+01,-2.251933336257934570e+00,5.100000000000000000e+01,-4.808704555034637451e-01,5.200000000000000000e+01,8.966147899627685547e-01,5.300000000000000000e+01,-1.950518846511840820e+00,2.100000000000000000e+01,-1.101798534393310547e+00,2.200000000000000000e+01,-4.697113633155822754e-01,2.300000000000000000e+01,7.160161733627319336e-01,4.100000000000000000e+01,-8.557299971580505371e-01,4.200000000000000000e+01,-4.601833820343017578e-01,4.300000000000000000e+01,2.198129653930664062e+00,6.100000000000000000e+01,3.259667158126831055e-01,6.200000000000000000e+01,-7.729994058609008789e-01,6.300000000000000000e+01,2.543585538864135742e+00
1.100000000000000000e+01,6.142829060554504395e-01,1.200000000000000000e+01,1.531876623630523682e-02,1.300000000000000000e+01,-4.896574020385742188e-01,3.100000000000000000e+01,-7.116912603378295898e-01,3.200000000000000000e+01,4.153802990913391113e-01,3.300000000000000000e+01,-2.223245620727539062e+00,5.100000000000000000e+01,-6.474058628082275391e-01,5.200000000000000000e+01,8.501815795898437500e-01,5.300000000000000000e+01,-1.799563527107238770e+00,2.100000000000000000e+01,-1.001499652862548828e+00,2.200000000000000000e+01,-3.642478287220001221e-01,2.300000000000000000e+01,1.009167313575744629e+00,4.100000000000000000e+01,-7.828963398933410645e-01,4.200000000000000000e+01,-4.640094637870788574e-01,4.300000000000000000e+01,2.206946611404418945e+00,6.100000000000000000e+01,3.320734798908233643e-01,6.200000000000000000e+01,-6.221108436584472656e-01,6.300000000000000000e+01,2.573765039443969727e+00
1.100000000000000000e+01,6.188614964485168457e-01,1.200000000000000000e+01,3.655728101730346680e-01,1.300000000000000000e+01,-3.710644245147705078e-01,3.100000000000000000e+01,-7.163471579551696777e-01,3.200000000000000000e+01,-2.008011192083358765e-02,3.300000000000000000e+01,-1.427435874938964844e+00,5.100000000000000000e+01,-4.086298048496246338e-01,5.200000000000000000e+01,9.281048178672790527e-01,5.300000000000000000e+01,-2.554810523986816406e+00,2.100000000000000000e+01,-1.238628625869750977e+00,2.200000000000000000e+01,-9.847532212734222412e-02,2.300000000000000000e+01,1.735170125961303711e+00,4.100000000000000000e+01,-4.714822769165039062e-01,4.200000000000000000e+01,-2.792706489562988281e-01,4.300000000000000000e+01,1.921349883079528809e+00,6.100000000000000000e+01,1.155944824218750000e+00,6.200000000000000000e+01,-1.908598691225051880e-01,6.300000000000000000e+01,2.638415336608886719e+00
1.100000000000000000e+01,6.199661493301391602e-01,1.200000000000000000e+01,5.108434557914733887e-01,1.300000000000000000e+01,-3.427881002426147461e-01,3.100000000000000000e+01,-7.160414457321166992e-01,3.200000000000000000e+01,-4.557425528764724731e-02,3.300000000000000000e+01,-1.218423008918762207e+00,5.100000000000000000e+01,-5.650233030319213867e-01,5.200000000000000000e+01,9.178565144538879395e-01,5.300000000000000000e+01,-2.516964435577392578e+00,2.100000000000000000e+01,-1.055107593536376953e+00,2.200000000000000000e+01,-7.594431936740875244e-02,2.300000000000000000e+01,2.126051425933837891e+00,4.100000000000000000e+01,-4.069513455033302307e-02,4.200000000000000000e+01,-2.234447300434112549e-01,4.300000000000000000e+01,1.821247339248657227e+00,6.100000000000000000e+01,1.274867296218872070e+00,6.200000000000000000e+01,-1.836935430765151978e-01,6.300000000000000000e+01,2.643424510955810547e+00
1.100000000000000000e+01,7.405139207839965820e-01,1.200000000000000000e+01,7.454282045364379883e-01,1.300000000000000000e+01,-3.169687986373901367e-01,3.100000000000000000e+01,-7.093328833580017090e-01,3.200000000000000000e+01,-7.705619186162948608e-02,3.300000000000000000e+01,-5.877296924591064453e-01,5.100000000000000000e+01,-4.631142020225524902e-01,5.200000000000000000e+01,8.592667579650878906e-01,5.300000000000000000e+01,-2.576838254928588867e+00,2.100000000000000000e+01,-9.396188259124755859e-01,2.200000000000000000e+01,-1.785965263843536377e-02,2.300000000000000000e+01,2.103524208068847656e+00,4.100000000000000000e+01,2.900260388851165771e-01,4.200000000000000000e+01,-4.579033702611923218e-02,4.300000000000000000e+01,2.169208765029907227e+00,6.100000000000000000e+01,1.305845975875854492e+00,6.200000000000000000e+01,-1.651561707258224487e-01,6.300000000000000000e+01,2.548668146133422852e+00
1.100000000000000000e+01,6.199222803115844727e-01,1.200000000000000000e+01,3.975002467632293701e-01,1.300000000000000000e+01,-3.139064311981201172e-01,3.100000000000000000e+01,-7.085384130477905273e-01,3.200000000000000000e+01,-5.732589215040206909e-02,3.300000000000000000e+01,-1.606335520744323730e+00,5.100000000000000000e+01,-2.908213436603546143e-01,5.200000000000000000e+01,6.699005365371704102e-01,5.300000000000000000e+01,-2.526683807373046875e+00,2.100000000000000000e+01,-7.597043514251708984e-01,2.200000000000000000e+01,-4.954612851142883301e-01,2.300000000000000000e+01,2.000743150711059570e+00,4.100000000000000000e+01,1.292379498481750488e-01,4.200000000000000000e+01,-3.706462383270263672e-01,4.300000000000000000e+01,2.235950231552124023e+00,6.100000000000000000e+01,1.309463500976562500e+00,6.200000000000000000e+01,-2.585678696632385254e-01,6.300000000000000000e+01,2.628690958023071289e+00
1.100000000000000000e+01,1.309971570968627930e+00,1.200000000000000000e+01,5.832166671752929688e-01,1.300000000000000000e+01,-4.506999254226684570e-01,3.100000000000000000e+01,-7.075473666191101074e-01,3.200000000000000000e+01,-3.920494765043258667e-02,3.300000000000000000e+01,-7.065787315368652344e-01,5.100000000000000000e+01,-9.189692139625549316e-01,5.200000000000000000e+01,5.694825053215026855e-01,5.300000000000000000e+01,-2.588937759399414062e+00,2.100000000000000000e+01,-1.071016073226928711e+00,2.200000000000000000e+01,-5.387578606605529785e-01,2.300000000000000000e+01,1.731213092803955078e+00,4.100000000000000000e+01,6.837395429611206055e-01,4.200000000000000000e+01,2.873037010431289673e-02,4.300000000000000000e+01,2.317736864089965820e+00,6.100000000000000000e+01,1.290982723236083984e+00,6.200000000000000000e+01,-1.730675846338272095e-01,6.300000000000000000e+01,2.628558874130249023e+00
1.100000000000000000e+01,1.390342235565185547e+00,1.200000000000000000e+01,7.567296028137207031e-01,1.300000000000000000e+01,-4.264396429061889648e-01,3.100000000000000000e+01,-6.775983572006225586e-01,3.200000000000000000e+01,-5.498164147138595581e-02,3.300000000000000000e+01,-5.973259210586547852e-01,5.100000000000000000e+01,-1.043199062347412109e+00,5.200000000000000000e+01,5.004104971885681152e-01,5.300000000000000000e+01,-2.633269548416137695e+00,2.100000000000000000e+01,-1.231904983520507812e+00,2.200000000000000000e+01,-5.889181494712829590e-01,2.300000000000000000e+01,1.693633198738098145e+00,4.100000000000000000e+01,6.644114255905151367e-01,4.200000000000000000e+01,4.670024663209915161e-02,4.300000000000000000e+01,2.339882850646972656e+00,6.100000000000000000e+01,1.226275920867919922e+00,6.200000000000000000e+01,-1.641208976507186890e-01,6.300000000000000000e+01,1.590411424636840820e+00
1.100000000000000000e+01,1.392644405364990234e+00,1.200000000000000000e+01,7.481743097305297852e-01,1.300000000000000000e+01,-5.461120605468750000e-01,3.100000000000000000e+01,-6.316134929656982422e-01,3.200000000000000000e+01,-3.892049938440322876e-02,3.300000000000000000e+01,-5.872459411621093750e-01,5.100000000000000000e+01,-1.128159284591674805e+00,5.200000000000000000e+01,4.322563409805297852e-01,5.300000000000000000e+01,-2.633167982101440430e+00,2.100000000000000000e+01,-1.248435378074645996e+00,2.200000000000000000e+01,-6.223275661468505859e-01,2.300000000000000000e+01,1.866075634956359863e+00,4.100000000000000000e+01,6.523966193199157715e-01,4.200000000000000000e+01,4.405958205461502075e-02,4.300000000000000000e+01,2.343649387359619141e+00,6.100000000000000000e+01,1.130604624748229980e+00,6.200000000000000000e+01,-1.642557829618453979e-01,6.300000000000000000e+01,1.048687458038330078e+00
1.100000000000000000e+01,1.390295743942260742e+00,1.200000000000000000e+01,6.043298840522766113e-01,1.300000000000000000e+01,-1.089256525039672852e+00,3.100000000000000000e+01,-5.620079040527343750e-01,3.200000000000000000e+01,9.498118609189987183e-02,3.300000000000000000e+01,-5.927307009696960449e-01,5.100000000000000000e+01,-1.127575516700744629e+00,5.200000000000000000e+01,3.025910854339599609e-01,5.300000000000000000e+01,-2.621824741363525391e+00,2.100000000000000000e+01,-1.247110843658447266e+00,2.200000000000000000e+01,-5.790646076202392578e-01,2.300000000000000000e+01,1.937736630439758301e+00,4.100000000000000000e+01,6.742787957191467285e-01,4.200000000000000000e+01,3.054552525281906128e-02,4.300000000000000000e+01,2.341204166412353516e+00,6.100000000000000000e+01,1.197376728057861328e+00,6.200000000000000000e+01,-1.682551056146621704e-01,6.300000000000000000e+01,1.966363430023193359e+00
1.100000000000000000e+01,1.377586841583251953e+00,1.200000000000000000e+01,5.290542244911193848e-01,1.300000000000000000e+01,-1.434630155563354492e+00,3.100000000000000000e+01,7.406190037727355957e-01,3.200000000000000000e+01,1.219089552760124207e-01,3.300000000000000000e+01,-5.788120627403259277e-01,5.100000000000000000e+01,-1.245494246482849121e+00,5.200000000000000000e+01,1.792083829641342163e-01,5.300000000000000000e+01,-2.400070190429687500e+00,2.100000000000000000e+01,-1.096059083938598633e+00,2.200000000000000000e+01,-4.700230956077575684e-01,2.300000000000000000e+01,2.156918525695800781e+00,4.100000000000000000e+01,6.711892485618591309e-01,4.200000000000000000e+01,-5.524121969938278198e-02,4.300000000000000000e+01,2.328692913055419922e+00,6.100000000000000000e+01,1.270690917968750000e+00,6.200000000000000000e+01,-1.711239963769912720e-01,6.300000000000000000e+01,1.367335081100463867e+00
1.100000000000000000e+01,1.293869495391845703e+00,1.200000000000000000e+01,3.429345786571502686e-01,1.300000000000000000e+01,-1.056056141853332520e+00,3.100000000000000000e+01,8.861778974533081055e-01,3.200000000000000000e+01,2.257229685783386230e-01,3.300000000000000000e+01,-7.735822796821594238e-01,5.100000000000000000e+01,-1.190949797630310059e+00,5.200000000000000000e+01,1.618536561727523804e-01,5.300000000000000000e+01,-2.046359539031982422e+00,2.100000000000000000e+01,-9.745284318923950195e-01,2.200000000000000000e+01,-4.559647440910339355e-01,2.300000000000000000e+01,2.021591424942016602e+00,4.100000000000000000e+01,6.700167059898376465e-01,4.200000000000000000e+01,-2.491763830184936523e-01,4.300000000000000000e+01,2.285085201263427734e+00,6.100000000000000000e+01,1.302621364593505859e+00,6.200000000000000000e+01,-2.064853459596633911e-01,6.300000000000000000e+01,8.698907494544982910e-01
1.100000000000000000e+01,1.356365919113159180e+00,1.200000000000000000e+01,1.711777150630950928e-01,1.300000000000000000e+01,-1.697669506072998047e+00,3.100000000000000000e+01,8.945791125297546387e-01,3.200000000000000000e+01,3.562826812267303467e-01,3.300000000000000000e+01,-7.575592994689941406e-01,5.100000000000000000e+01,-1.028512597084045410e+00,5.200000000000000000e+01,1.620534211397171021e-01,5.300000000000000000e+01,-2.072835683822631836e+00,2.100000000000000000e+01,-1.181324720382690430e+00,2.200000000000000000e+01,-2.251325696706771851e-01,2.300000000000000000e+01,2.125957250595092773e+00,4.100000000000000000e+01,6.802641153335571289e-01,4.200000000000000000e+01,-1.964187324047088623e-01,4.300000000000000000e+01,2.256283760070800781e+00,6.100000000000000000e+01,1.237155914306640625e+00,6.200000000000000000e+01,-2.137769013643264771e-01,6.300000000000000000e+01,7.421128153800964355e-01
1.100000000000000000e+01,1.353956580162048340e+00,1.200000000000000000e+01,1.798703521490097046e-01,1.300000000000000000e+01,-2.158499479293823242e+00,3.100000000000000000e+01,9.054520130157470703e-01,3.200000000000000000e+01,4.275504648685455322e-01,3.300000000000000000e+01,-7.415501475334167480e-01,5.100000000000000000e+01,-9.776381254196166992e-01,5.200000000000000000e+01,1.620296984910964966e-01,5.300000000000000000e+01,-1.507935285568237305e+00,2.100000000000000000e+01,-1.223703861236572266e+00,2.200000000000000000e+01,-7.954822480678558350e-02,2.300000000000000000e+01,2.117398738861083984e+00,4.100000000000000000e+01,6.817933320999145508e-01,4.200000000000000000e+01,-1.506955325603485107e-01,4.300000000000000000e+01,2.074902534484863281e+00,6.100000000000000000e+01,9.813846349716186523e-01,6.200000000000000000e+01,-3.095269799232482910e-01,6.300000000000000000e+01,6.541849970817565918e-01
1.100000000000000000e+01,1.343253493309020996e+00,1.200000000000000000e+01,1.365469247102737427e-01,1.300000000000000000e+01,-2.369369745254516602e+00,3.100000000000000000e+01,9.063693284988403320e-01,3.200000000000000000e+01,4.637681245803833008e-01,3.300000000000000000e+01,-7.664280533790588379e-01,5.100000000000000000e+01,-8.867182731628417969e-01,5.200000000000000000e+01,1.620209068059921265e-01,5.300000000000000000e+01,-1.240072727203369141e+00,2.100000000000000000e+01,-1.286605238914489746e+00,2.200000000000000000e+01,-1.862727105617523193e-02,2.300000000000000000e+01,2.021544694900512695e+00,4.100000000000000000e+01,6.797152757644653320e-01,4.200000000000000000e+01,-9.893143922090530396e-02,4.300000000000000000e+01,1.700570583343505859e+00,6.100000000000000000e+01,5.921202898025512695e-01,6.200000000000000000e+01,-4.189487099647521973e-01,6.300000000000000000e+01,6.399194002151489258e-01
1.100000000000000000e+01,1.315516114234924316e+00,1.200000000000000000e+01,2.294536978006362915e-01,1.300000000000000000e+01,-2.464822769165039062e+00,3.100000000000000000e+01,9.066014885902404785e-01,3.200000000000000000e+01,4.472917318344116211e-01,3.300000000000000000e+01,-5.698387026786804199e-01,5.100000000000000000e+01,-1.211887240409851074e+00,5.200000000000000000e+01,1.651778370141983032e-01,5.300000000000000000e+01,-8.076304793357849121e-01,2.100000000000000000e+01,-1.211301326751708984e+00,2.200000000000000000e+01,-3.621681034564971924e-02,2.300000000000000000e+01,2.241796970367431641e+00,4.100000000000000000e+01,6.427861452102661133e-01,4.200000000000000000e+01,-3.531726449728012085e-02,4.300000000000000000e+01,1.278909206390380859e+00,6.100000000000000000e+01,3.736942708492279053e-01,6.200000000000000000e+01,-4.825100898742675781e-01,6.300000000000000000e+01,7.339745759963989258e-01
1.100000000000000000e+01,1.177352905273437500e+00,1.200000000000000000e+01,1.128221601247787476e-01,1.300000000000000000e+01,-2.357309341430664062e+00,3.100000000000000000e+01,9.068031907081604004e-01,3.200000000000000000e+01,3.438647389411926270e-01,3.300000000000000000e+01,-7.770289182662963867e-01,5.100000000000000000e+01,-1.192057251930236816e+00,5.200000000000000000e+01,1.623092144727706909e-01,5.300000000000000000e+01,-7.185729146003723145e-01,2.100000000000000000e+01,-9.305058717727661133e-01,2.200000000000000000e+01,-1.293941885232925415e-01,2.300000000000000000e+01,2.030689716339111328e+00,4.100000000000000000e+01,6.890809535980224609e-01,4.200000000000000000e+01,-8.934011310338973999e-02,4.300000000000000000e+01,1.349358439445495605e+00,6.100000000000000000e+01,6.572117209434509277e-01,6.200000000000000000e+01,-3.062722086906433105e-01,6.300000000000000000e+01,6.315354108810424805e-01
1.100000000000000000e+01,1.010437965393066406e+00,1.200000000000000000e+01,2.440978586673736572e-02,1.300000000000000000e+01,-2.386166095733642578e+00,3.100000000000000000e+01,9.066650271415710449e-01,3.200000000000000000e+01,3.488656282424926758e-01,3.300000000000000000e+01,-8.513043522834777832e-01,5.100000000000000000e+01,-1.215271353721618652e+00,5.200000000000000000e+01,1.631251126527786255e-01,5.300000000000000000e+01,-6.552468538284301758e-01,2.100000000000000000e+01,-8.721005916595458984e-01,2.200000000000000000e+01,-1.315435320138931274e-01,2.300000000000000000e+01,2.090024948120117188e+00,4.100000000000000000e+01,6.777836084365844727e-01,4.200000000000000000e+01,-1.224183663725852966e-01,4.300000000000000000e+01,1.186391353607177734e+00,6.100000000000000000e+01,5.175673961639404297e-01,6.200000000000000000e+01,-2.795057296752929688e-01,6.300000000000000000e+01,6.681339144706726074e-01
1.100000000000000000e+01,7.956379055976867676e-01,1.200000000000000000e+01,-1.707576215267181396e-02,1.300000000000000000e+01,-2.416768074035644531e+00,3.100000000000000000e+01,9.062127470970153809e-01,3.200000000000000000e+01,3.006283640861511230e-01,3.300000000000000000e+01,-1.196268558502197266e+00,5.100000000000000000e+01,-1.221365571022033691e+00,5.200000000000000000e+01,1.694839149713516235e-01,5.300000000000000000e+01,-6.210495233535766602e-01,2.100000000000000000e+01,-7.585324048995971680e-01,2.200000000000000000e+01,-1.818251162767410278e-01,2.300000000000000000e+01,2.174066305160522461e+00,4.100000000000000000e+01,6.412634849548339844e-01,4.200000000000000000e+01,-2.295080423355102539e-01,4.300000000000000000e+01,1.010973095893859863e+00,6.100000000000000000e+01,3.564185202121734619e-01,6.200000000000000000e+01,-2.534486651420593262e-01,6.300000000000000000e+01,7.958104610443115234e-01
1.100000000000000000e+01,6.606962680816650391e-01,1.200000000000000000e+01,-3.040288388729095459e-02,1.300000000000000000e+01,-2.436726093292236328e+00,3.100000000000000000e+01,9.047837853431701660e-01,3.200000000000000000e+01,2.926014363765716553e-01,3.300000000000000000e+01,-1.811472654342651367e+00,5.100000000000000000e+01,-1.127072572708129883e+00,5.200000000000000000e+01,2.418897300958633423e-01,5.300000000000000000e+01,-5.976055860519409180e-01,2.100000000000000000e+01,-6.850721240043640137e-01,2.200000000000000000e+01,-2.738952636718750000e-01,2.300000000000000000e+01,2.110509634017944336e+00,4.100000000000000000e+01,4.542191028594970703e-01,4.200000000000000000e+01,-3.643016219139099121e-01,4.300000000000000000e+01,8.791857957839965820e-01,6.100000000000000000e+01,2.651145458221435547e-01,6.200000000000000000e+01,-2.848865389823913574e-01,6.300000000000000000e+01,1.047702550888061523e+00
1.100000000000000000e+01,6.263737678527832031e-01,1.200000000000000000e+01,-3.248952329158782959e-02,1.300000000000000000e+01,-2.439073562622070312e+00,3.100000000000000000e+01,9.014511108398437500e-01,3.200000000000000000e+01,3.348200023174285889e-01,3.300000000000000000e+01,-2.077444553375244141e+00,5.100000000000000000e+01,-8.331698775291442871e-01,5.200000000000000000e+01,5.229079723358154297e-01,5.300000000000000000e+01,-5.962444543838500977e-01,2.100000000000000000e+01,-6.586409807205200195e-01,2.200000000000000000e+01,-2.929625511169433594e-01,2.300000000000000000e+01,2.041005373001098633e+00,4.100000000000000000e+01,1.405111253261566162e-01,4.200000000000000000e+01,-4.297353029251098633e-01,4.300000000000000000e+01,7.608534097671508789e-01,6.100000000000000000e+01,2.537840604782104492e-01,6.200000000000000000e+01,-4.249140024185180664e-01,6.300000000000000000e+01,1.439224243164062500e+00
1.100000000000000000e+01,6.215828061103820801e-01,1.200000000000000000e+01,-3.288291394710540771e-02,1.300000000000000000e+01,-2.432466506958007812e+00,3.100000000000000000e+01,8.980678319931030273e-01,3.200000000000000000e+01,3.313211202621459961e-01,3.300000000000000000e+01,-2.220138549804687500e+00,5.100000000000000000e+01,-5.475224256515502930e-01,5.200000000000000000e+01,7.692748904228210449e-01,5.300000000000000000e+01,-5.998221635818481445e-01,2.100000000000000000e+01,-6.556630134582519531e-01,2.200000000000000000e+01,-3.195363283157348633e-01,2.300000000000000000e+01,1.787152290344238281e+00,4.100000000000000000e+01,-7.872521877288818359e-02,4.200000000000000000e+01,-4.302165508270263672e-01,4.300000000000000000e+01,7.023661136627197266e-01,6.100000000000000000e+01,2.521297335624694824e-01,6.200000000000000000e+01,-5.333405733108520508e-01,6.300000000000000000e+01,1.716595411300659180e+00
1.100000000000000000e+01,6.200364828109741211e-01,1.200000000000000000e+01,-3.256149590015411377e-02,1.300000000000000000e+01,-2.406719923019409180e+00,3.100000000000000000e+01,8.947475552558898926e-01,3.200000000000000000e+01,2.849618792533874512e-01,3.300000000000000000e+01,-2.272851705551147461e+00,5.100000000000000000e+01,-4.515746235847473145e-01,5.200000000000000000e+01,8.423779606819152832e-01,5.300000000000000000e+01,-6.106594800949096680e-01,2.100000000000000000e+01,-6.493687033653259277e-01,2.200000000000000000e+01,-3.214192390441894531e-01,2.300000000000000000e+01,1.740940093994140625e+00,4.100000000000000000e+01,-1.392053365707397461e-01,4.200000000000000000e+01,-4.134914875030517578e-01,4.300000000000000000e+01,6.377927064895629883e-01,6.100000000000000000e+01,2.528589367866516113e-01,6.200000000000000000e+01,-6.194386482238769531e-01,6.300000000000000000e+01,2.063876628875732422e+00
1.100000000000000000e+01,6.620533466339111328e-01,1.200000000000000000e+01,6.704181432723999023e-04,1.300000000000000000e+01,-2.151090145111083984e+00,3.100000000000000000e+01,9.024173617362976074e-01,3.200000000000000000e+01,9.157294780015945435e-02,3.300000000000000000e+01,-2.264086723327636719e+00,5.100000000000000000e+01,-2.752159237861633301e-01,5.200000000000000000e+01,8.194911479949951172e-01,5.300000000000000000e+01,-1.174743175506591797e+00,2.100000000000000000e+01,-9.908771514892578125e-01,2.200000000000000000e+01,-5.543057620525360107e-02,2.300000000000000000e+01,2.054122447967529297e+00,4.100000000000000000e+01,-3.064150810241699219e-01,4.200000000000000000e+01,-1.575993001461029053e-01,4.300000000000000000e+01,5.734029412269592285e-01,6.100000000000000000e+01,2.770072221755981445e-01,6.200000000000000000e+01,-4.665884375572204590e-01,6.300000000000000000e+01,1.325445413589477539e+00
1.100000000000000000e+01,6.170555949211120605e-01,1.200000000000000000e+01,1.291170567274093628e-01,1.300000000000000000e+01,-9.448529481887817383e-01,3.100000000000000000e+01,8.952921628952026367e-01,3.200000000000000000e+01,-4.970972985029220581e-02,3.300000000000000000e+01,-2.233988046646118164e+00,5.100000000000000000e+01,-2.712099552154541016e-01,5.200000000000000000e+01,7.832065224647521973e-01,5.300000000000000000e+01,-1.170272827148437500e+00,2.100000000000000000e+01,-9.034041166305541992e-01,2.200000000000000000e+01,-1.411853730678558350e-02,2.300000000000000000e+01,2.298901081085205078e+00,4.100000000000000000e+01,-3.976347446441650391e-01,4.200000000000000000e+01,-1.824082732200622559e-01,4.300000000000000000e+01,5.491816401481628418e-01,6.100000000000000000e+01,5.504660606384277344e-01,6.200000000000000000e+01,-5.797742605209350586e-01,6.300000000000000000e+01,1.808441638946533203e+00
1.100000000000000000e+01,6.149246692657470703e-01,1.200000000000000000e+01,1.021741330623626709e-02,1.300000000000000000e+01,-7.103637456893920898e-01,3.100000000000000000e+01,9.018229246139526367e-01,3.200000000000000000e+01,1.237825825810432434e-01,3.300000000000000000e+01,-2.337761402130126953e+00,5.100000000000000000e+01,-3.267062008380889893e-01,5.200000000000000000e+01,2.791149616241455078e-01,5.300000000000000000e+01,-8.206923007965087891e-01,2.100000000000000000e+01,-6.843161582946777344e-01,2.200000000000000000e+01,-2.837027311325073242e-01,2.300000000000000000e+01,2.072106838226318359e+00,4.100000000000000000e+01,-7.204254269599914551e-01,4.200000000000000000e+01,-4.139464795589447021e-01,4.300000000000000000e+01,6.513502001762390137e-01,6.100000000000000000e+01,3.840543031692504883e-01,6.200000000000000000e+01,-8.795686960220336914e-01,6.300000000000000000e+01,1.291377544403076172e+00
1.100000000000000000e+01,6.329492926597595215e-01,1.200000000000000000e+01,3.858808279037475586e-01,1.300000000000000000e+01,-4.155529737472534180e-01,3.100000000000000000e+01,1.927322149276733398e-01,3.200000000000000000e+01,-7.695495337247848511e-02,3.300000000000000000e+01,-2.275248527526855469e+00,5.100000000000000000e+01,-2.776407003402709961e-01,5.200000000000000000e+01,7.828156352043151855e-01,5.300000000000000000e+01,-2.563749074935913086e+00,2.100000000000000000e+01,-1.136245489120483398e+00,2.200000000000000000e+01,-1.263384371995925903e-01,2.300000000000000000e+01,2.273049354553222656e+00,4.100000000000000000e+01,-1.864618510007858276e-01,4.200000000000000000e+01,-1.843781024217605591e-02,4.300000000000000000e+01,5.592560768127441406e-01,6.100000000000000000e+01,1.275111198425292969e+00,6.200000000000000000e+01,-2.910792827606201172e-01,6.300000000000000000e+01,2.450139999389648438e+00
1.100000000000000000e+01,6.298317909240722656e-01,1.200000000000000000e+01,-2.443771064281463623e-02,1.300000000000000000e+01,-1.032889842987060547e+00,3.100000000000000000e+01,3.444260358810424805e-01,3.200000000000000000e+01,2.337333559989929199e-01,3.300000000000000000e+01,-2.338988780975341797e+00,5.100000000000000000e+01,-4.796856939792633057e-01,5.200000000000000000e+01,4.390330910682678223e-01,5.300000000000000000e+01,-1.864516735076904297e+00,2.100000000000000000e+01,-7.783341407775878906e-01,2.200000000000000000e+01,-6.399622559547424316e-01,2.300000000000000000e+01,1.454332947731018066e+00,4.100000000000000000e+01,-7.169150114059448242e-01,4.200000000000000000e+01,-3.704589605331420898e-01,4.300000000000000000e+01,9.324935078620910645e-01,6.100000000000000000e+01,5.583836436271667480e-01,6.200000000000000000e+01,-8.790551424026489258e-01,6.300000000000000000e+01,2.379960298538208008e+00
1.100000000000000000e+01,6.173475980758666992e-01,1.200000000000000000e+01,-2.384044229984283447e-02,1.300000000000000000e+01,-1.273939609527587891e+00,3.100000000000000000e+01,-4.576383233070373535e-01,3.200000000000000000e+01,1.503182947635650635e-01,3.300000000000000000e+01,-2.319046497344970703e+00,5.100000000000000000e+01,-8.610811829566955566e-01,5.200000000000000000e+01,8.728657960891723633e-01,5.300000000000000000e+01,-1.924765586853027344e+00,2.100000000000000000e+01,-7.984206080436706543e-01,2.200000000000000000e+01,-2.090889364480972290e-01,2.300000000000000000e+01,1.819074034690856934e+00,4.100000000000000000e+01,-6.447214484214782715e-01,4.200000000000000000e+01,-1.705004870891571045e-01,4.300000000000000000e+01,1.066502571105957031e+00,6.100000000000000000e+01,3.104198575019836426e-01,6.200000000000000000e+01,-5.743237137794494629e-01,6.300000000000000000e+01,2.595060825347900391e+00
1.100000000000000000e+01,1.004355430603027344e+00,1.200000000000000000e+01,1.342658698558807373e-02,1.300000000000000000e+01,-9.541839361190795898e-01,3.100000000000000000e+01,-5.083659887313842773e-01,3.200000000000000000e+01,-2.129410952329635620e-02,3.300000000000000000e+01,-2.276867389678955078e+00,5.100000000000000000e+01,-6.562965512275695801e-01,5.200000000000000000e+01,8.744517564773559570e-01,5.300000000000000000e+01,-2.583128452301025391e+00,2.100000000000000000e+01,-1.157660245895385742e+00,2.200000000000000000e+01,-3.870006203651428223e-01,2.300000000000000000e+01,2.036860942840576172e+00,4.100000000000000000e+01,-6.161202192306518555e-01,4.200000000000000000e+01,1.265005022287368774e-02,4.300000000000000000e+01,1.633174061775207520e+00,6.100000000000000000e+01,4.456460475921630859e-01,6.200000000000000000e+01,-1.995940953493118286e-01,6.300000000000000000e+01,2.219192504882812500e+00
1.100000000000000000e+01,1.015166521072387695e+00,1.200000000000000000e+01,4.890248179435729980e-03,1.300000000000000000e+01,-9.454234838485717773e-01,3.100000000000000000e+01,-5.455566048622131348e-01,3.200000000000000000e+01,-1.371528953313827515e-02,3.300000000000000000e+01,-2.255286216735839844e+00,5.100000000000000000e+01,-6.621971130371093750e-01,5.200000000000000000e+01,8.511046171188354492e-01,5.300000000000000000e+01,-2.583388805389404297e+00,2.100000000000000000e+01,-1.165635347366333008e+00,2.200000000000000000e+01,-3.993574976921081543e-01,2.300000000000000000e+01,2.021463155746459961e+00,4.100000000000000000e+01,-6.874164938926696777e-01,4.200000000000000000e+01,-1.474689692258834839e-02,4.300000000000000000e+01,1.969698429107666016e+00,6.100000000000000000e+01,4.734158813953399658e-01,6.200000000000000000e+01,-1.910301297903060913e-01,6.300000000000000000e+01,1.957911849021911621e+00
1.100000000000000000e+01,1.193538188934326172e+00,1.200000000000000000e+01,1.849731355905532837e-01,1.300000000000000000e+01,-1.006730318069458008e+00,3.100000000000000000e+01,-6.881833672523498535e-01,3.200000000000000000e+01,-7.606019824743270874e-02,3.300000000000000000e+01,-1.688158154487609863e+00,5.100000000000000000e+01,-3.180348277091979980e-01,5.200000000000000000e+01,9.305118322372436523e-01,5.300000000000000000e+01,-2.640154600143432617e+00,2.100000000000000000e+01,-1.316349267959594727e+00,2.200000000000000000e+01,-3.308225870132446289e-01,2.300000000000000000e+01,1.958175420761108398e+00,4.100000000000000000e+01,-6.888613700866699219e-01,4.200000000000000000e+01,3.407102078199386597e-02,4.300000000000000000e+01,1.862205743789672852e+00,6.100000000000000000e+01,9.707937240600585938e-01,6.200000000000000000e+01,-1.665703803300857544e-01,6.300000000000000000e+01,2.218527078628540039e+00
1.100000000000000000e+01,1.209953784942626953e+00,1.200000000000000000e+01,1.896383911371231079e-01,1.300000000000000000e+01,-9.654774665832519531e-01,3.100000000000000000e+01,-6.833125352859497070e-01,3.200000000000000000e+01,-7.659854739904403687e-02,3.300000000000000000e+01,-1.631006121635437012e+00,5.100000000000000000e+01,-3.111160397529602051e-01,5.200000000000000000e+01,9.303313493728637695e-01,5.300000000000000000e+01,-2.639918088912963867e+00,2.100000000000000000e+01,-1.308782219886779785e+00,2.200000000000000000e+01,-3.486275970935821533e-01,2.300000000000000000e+01,1.906496167182922363e+00,4.100000000000000000e+01,-6.469076275825500488e-01,4.200000000000000000e+01,2.506155520677566528e-02,4.300000000000000000e+01,1.945289611816406250e+00,6.100000000000000000e+01,1.001043796539306641e+00,6.200000000000000000e+01,-1.665483266115188599e-01,6.300000000000000000e+01,2.212801933288574219e+00
1.100000000000000000e+01,6.254618167877197266e-01,1.200000000000000000e+01,1.387495547533035278e-01,1.300000000000000000e+01,-3.554570674896240234e-01,3.100000000000000000e+01,-6.256294250488281250e-02,3.200000000000000000e+01,-1.119427382946014404e-03,3.300000000000000000e+01,-2.328860282897949219e+00,5.100000000000000000e+01,-3.871834278106689453e-01,5.200000000000000000e+01,2.607851028442382812e-01,5.300000000000000000e+01,-2.219383478164672852e+00,2.100000000000000000e+01,-8.515935540199279785e-01,2.200000000000000000e+01,-5.084297657012939453e-01,2.300000000000000000e+01,1.829152345657348633e+00,4.100000000000000000e+01,-8.555877804756164551e-01,4.200000000000000000e+01,-4.516369700431823730e-01,4.300000000000000000e+01,2.173860788345336914e+00,6.100000000000000000e+01,6.197443008422851562e-01,6.200000000000000000e+01,-5.588728785514831543e-01,6.300000000000000000e+01,7.234047055244445801e-01
1.100000000000000000e+01,6.148955821990966797e-01,1.200000000000000000e+01,-7.849171757698059082e-03,1.300000000000000000e+01,-5.886634588241577148e-01,3.100000000000000000e+01,-4.457343816757202148e-01,3.200000000000000000e+01,4.092186093330383301e-01,3.300000000000000000e+01,-2.294750690460205078e+00,5.100000000000000000e+01,-9.106851816177368164e-01,5.200000000000000000e+01,4.555465579032897949e-01,5.300000000000000000e+01,-1.475739240646362305e+00,2.100000000000000000e+01,-8.449131250381469727e-01,2.200000000000000000e+01,-2.090620994567871094e-01,2.300000000000000000e+01,2.258921146392822266e+00,4.100000000000000000e+01,-7.875695824623107910e-01,4.200000000000000000e+01,-4.178524613380432129e-01,4.300000000000000000e+01,1.879684090614318848e+00,6.100000000000000000e+01,3.520995974540710449e-01,6.200000000000000000e+01,-4.459686875343322754e-01,6.300000000000000000e+01,2.461725234985351562e+00
1.100000000000000000e+01,6.158367395401000977e-01,1.200000000000000000e+01,6.945863366127014160e-03,1.300000000000000000e+01,-5.458630323410034180e-01,3.100000000000000000e+01,-2.507852017879486084e-01,3.200000000000000000e+01,4.186464548110961914e-01,3.300000000000000000e+01,-2.264448642730712891e+00,5.100000000000000000e+01,-1.058939695358276367e+00,5.200000000000000000e+01,2.840363383293151855e-01,5.300000000000000000e+01,-1.459718942642211914e+00,2.100000000000000000e+01,-7.846645116806030273e-01,2.200000000000000000e+01,-1.701047420501708984e-01,2.300000000000000000e+01,2.386076927185058594e+00,4.100000000000000000e+01,-7.310876250267028809e-01,4.200000000000000000e+01,-4.140235781669616699e-01,4.300000000000000000e+01,1.933985114097595215e+00,6.100000000000000000e+01,4.799244403839111328e-01,6.200000000000000000e+01,-3.370917141437530518e-01,6.300000000000000000e+01,2.362418413162231445e+00
1.100000000000000000e+01,6.267462968826293945e-01,1.200000000000000000e+01,2.629203796386718750e-01,1.300000000000000000e+01,-4.112354516983032227e-01,3.100000000000000000e+01,-6.977527737617492676e-01,3.200000000000000000e+01,-2.691177278757095337e-02,3.300000000000000000e+01,-1.530102968215942383e+00,5.100000000000000000e+01,-6.072878241539001465e-01,5.200000000000000000e+01,9.114760160446166992e-01,5.300000000000000000e+01,-2.482764244079589844e+00,2.100000000000000000e+01,-1.044026851654052734e+00,2.200000000000000000e+01,-6.180320680141448975e-02,2.300000000000000000e+01,2.417469024658203125e+00,4.100000000000000000e+01,-4.131300747394561768e-01,4.200000000000000000e+01,-1.222713515162467957e-01,4.300000000000000000e+01,1.582526206970214844e+00,6.100000000000000000e+01,1.195046424865722656e+00,6.200000000000000000e+01,-1.741071492433547974e-01,6.300000000000000000e+01,2.628579854965209961e+00
1.100000000000000000e+01,6.284769773483276367e-01,1.200000000000000000e+01,3.006229400634765625e-01,1.300000000000000000e+01,-4.114624261856079102e-01,3.100000000000000000e+01,-7.006283402442932129e-01,3.200000000000000000e+01,-5.168550461530685425e-02,3.300000000000000000e+01,-1.556829929351806641e+00,5.100000000000000000e+01,-5.840535163879394531e-01,5.200000000000000000e+01,9.164758920669555664e-01,5.300000000000000000e+01,-2.479583978652954102e+00,2.100000000000000000e+01,-9.202796220779418945e-01,2.200000000000000000e+01,-8.743925392627716064e-02,2.300000000000000000e+01,2.394527912139892578e+00,4.100000000000000000e+01,-1.980655789375305176e-01,4.200000000000000000e+01,-1.152496561408042908e-01,4.300000000000000000e+01,1.768433928489685059e+00,6.100000000000000000e+01,1.159717679023742676e+00,6.200000000000000000e+01,-1.715696603059768677e-01,6.300000000000000000e+01,2.638896226882934570e+00
1.100000000000000000e+01,6.322703361511230469e-01,1.200000000000000000e+01,3.136626780033111572e-01,1.300000000000000000e+01,-4.396587610244750977e-01,3.100000000000000000e+01,-6.919159889221191406e-01,3.200000000000000000e+01,-5.079530924558639526e-02,3.300000000000000000e+01,-1.516312360763549805e+00,5.100000000000000000e+01,-5.567846894264221191e-01,5.200000000000000000e+01,9.050136208534240723e-01,5.300000000000000000e+01,-2.451152324676513672e+00,2.100000000000000000e+01,-8.471001982688903809e-01,2.200000000000000000e+01,-9.623555839061737061e-02,2.300000000000000000e+01,2.407708406448364258e+00,4.100000000000000000e+01,6.475859880447387695e-02,4.200000000000000000e+01,-1.177000924944877625e-01,4.300000000000000000e+01,1.757467031478881836e+00,6.100000000000000000e+01,1.145905733108520508e+00,6.200000000000000000e+01,-1.755874603986740112e-01,6.300000000000000000e+01,2.640527963638305664e+00
1.100000000000000000e+01,1.265742540359497070e+00,1.200000000000000000e+01,8.508281409740447998e-02,1.300000000000000000e+01,-1.275005698204040527e+00,3.100000000000000000e+01,-6.637631058692932129e-01,3.200000000000000000e+01,-2.993493527173995972e-02,3.300000000000000000e+01,-8.339196443557739258e-01,5.100000000000000000e+01,-7.946712374687194824e-01,5.200000000000000000e+01,5.670827627182006836e-01,5.300000000000000000e+01,-2.456328392028808594e+00,2.100000000000000000e+01,-9.247843623161315918e-01,2.200000000000000000e+01,-4.935814738273620605e-01,2.300000000000000000e+01,2.221098423004150391e+00,4.100000000000000000e+01,6.624062061309814453e-01,4.200000000000000000e+01,1.651669293642044067e-02,4.300000000000000000e+01,2.265521764755249023e+00,6.100000000000000000e+01,1.206190347671508789e+00,6.200000000000000000e+01,-1.662187427282333374e-01,6.300000000000000000e+01,2.623743772506713867e+00
1.100000000000000000e+01,1.388421535491943359e+00,1.200000000000000000e+01,3.997524678707122803e-01,1.300000000000000000e+01,-8.040916919708251953e-01,3.100000000000000000e+01,-4.036625623703002930e-01,3.200000000000000000e+01,-5.291157215833663940e-02,3.300000000000000000e+01,-5.765472054481506348e-01,5.100000000000000000e+01,-1.021852493286132812e+00,5.200000000000000000e+01,2.771525382995605469e-01,5.300000000000000000e+01,-2.586971282958984375e+00,2.100000000000000000e+01,-1.136531352996826172e+00,2.200000000000000000e+01,-4.707654118537902832e-01,2.300000000000000000e+01,2.230503082275390625e+00,4.100000000000000000e+01,6.658704280853271484e-01,4.200000000000000000e+01,4.966896027326583862e-02,4.300000000000000000e+01,2.333483695983886719e+00,6.100000000000000000e+01,1.265816211700439453e+00,6.200000000000000000e+01,-1.621447950601577759e-01,6.300000000000000000e+01,1.205420732498168945e+00
1.100000000000000000e+01,1.390539169311523438e+00,1.200000000000000000e+01,3.824997842311859131e-01,1.300000000000000000e+01,-1.023792862892150879e+00,3.100000000000000000e+01,1.300080716609954834e-01,3.200000000000000000e+01,-3.023477643728256226e-02,3.300000000000000000e+01,-5.637831091880798340e-01,5.100000000000000000e+01,-1.144325852394104004e+00,5.200000000000000000e+01,2.041105479001998901e-01,5.300000000000000000e+01,-2.546290397644042969e+00,2.100000000000000000e+01,-1.162810802459716797e+00,2.200000000000000000e+01,-4.278489947319030762e-01,2.300000000000000000e+01,2.316063880920410156e+00,4.100000000000000000e+01,6.659605503082275391e-01,4.200000000000000000e+01,4.860501736402511597e-02,4.300000000000000000e+01,2.330770492553710938e+00,6.100000000000000000e+01,1.272421002388000488e+00,6.200000000000000000e+01,-1.621763855218887329e-01,6.300000000000000000e+01,8.442487120628356934e-01
1.100000000000000000e+01,1.385852932929992676e+00,1.200000000000000000e+01,1.006103307008743286e-01,1.300000000000000000e+01,-2.067141771316528320e+00,3.100000000000000000e+01,7.316398024559020996e-01,3.200000000000000000e+01,1.533395648002624512e-01,3.300000000000000000e+01,-5.738334655761718750e-01,5.100000000000000000e+01,-1.168725728988647461e+00,5.200000000000000000e+01,1.719561666250228882e-01,5.300000000000000000e+01,-2.413816690444946289e+00,2.100000000000000000e+01,-1.126431465148925781e+00,2.200000000000000000e+01,-2.545030713081359863e-01,2.300000000000000000e+01,2.362239360809326172e+00,4.100000000000000000e+01,6.876783370971679688e-01,4.200000000000000000e+01,4.963844269514083862e-02,4.300000000000000000e+01,2.273314952850341797e+00,6.100000000000000000e+01,1.293949961662292480e+00,6.200000000000000000e+01,-1.641799658536911011e-01,6.300000000000000000e+01,1.559276700019836426e+00
1.100000000000000000e+01,1.344724774360656738e+00,1.200000000000000000e+01,3.996029496192932129e-03,1.300000000000000000e+01,-1.550571799278259277e+00,3.100000000000000000e+01,8.841792941093444824e-01,3.200000000000000000e+01,2.424550652503967285e-01,3.300000000000000000e+01,-1.116244912147521973e+00,5.100000000000000000e+01,-7.466450929641723633e-01,5.200000000000000000e+01,1.617800146341323853e-01,5.300000000000000000e+01,-2.302194595336914062e+00,2.100000000000000000e+01,-1.094716906547546387e+00,2.200000000000000000e+01,-4.804236292839050293e-01,2.300000000000000000e+01,2.273065090179443359e+00,4.100000000000000000e+01,6.297224760055541992e-01,4.200000000000000000e+01,-1.190180405974388123e-01,4.300000000000000000e+01,2.267134666442871094e+00,6.100000000000000000e+01,1.306417703628540039e+00,6.200000000000000000e+01,-1.734217256307601929e-01,6.300000000000000000e+01,6.754980683326721191e-01
1.100000000000000000e+01,1.185473918914794922e+00,1.200000000000000000e+01,5.195046961307525635e-02,1.300000000000000000e+01,-1.581763386726379395e+00,3.100000000000000000e+01,9.060259461402893066e-01,3.200000000000000000e+01,1.525135040283203125e-01,3.300000000000000000e+01,-1.219923138618469238e+00,5.100000000000000000e+01,-9.100768566131591797e-01,5.200000000000000000e+01,1.616737991571426392e-01,5.300000000000000000e+01,-1.843712925910949707e+00,2.100000000000000000e+01,-1.038307666778564453e+00,2.200000000000000000e+01,-5.083190202713012695e-01,2.300000000000000000e+01,2.230611324310302734e+00,4.100000000000000000e+01,6.132571697235107422e-01,4.200000000000000000e+01,-1.038967594504356384e-01,4.300000000000000000e+01,2.186605215072631836e+00,6.100000000000000000e+01,1.309738636016845703e+00,6.200000000000000000e+01,-1.865444332361221313e-01,6.300000000000000000e+01,6.391406059265136719e-01
1.100000000000000000e+01,1.172501802444458008e+00,1.200000000000000000e+01,5.638842284679412842e-02,1.300000000000000000e+01,-1.811206817626953125e+00,3.100000000000000000e+01,9.066187143325805664e-01,3.200000000000000000e+01,1.684102118015289307e-01,3.300000000000000000e+01,-1.336414217948913574e+00,5.100000000000000000e+01,-8.406177759170532227e-01,5.200000000000000000e+01,1.617833226919174194e-01,5.300000000000000000e+01,-1.562229394912719727e+00,2.100000000000000000e+01,-1.043251752853393555e+00,2.200000000000000000e+01,-5.187757611274719238e-01,2.300000000000000000e+01,2.180125236511230469e+00,4.100000000000000000e+01,6.075282096862792969e-01,4.200000000000000000e+01,-9.858404844999313354e-02,4.300000000000000000e+01,2.168661117553710938e+00,6.100000000000000000e+01,1.297815322875976562e+00,6.200000000000000000e+01,-2.089106291532516479e-01,6.300000000000000000e+01,6.190996766090393066e-01
1.100000000000000000e+01,1.123810529708862305e+00,1.200000000000000000e+01,7.572995126247406006e-02,1.300000000000000000e+01,-1.914336323738098145e+00,3.100000000000000000e+01,9.069303274154663086e-01,3.200000000000000000e+01,2.243362963199615479e-01,3.300000000000000000e+01,-1.400523662567138672e+00,5.100000000000000000e+01,-7.303415536880493164e-01,5.200000000000000000e+01,1.621352881193161011e-01,5.300000000000000000e+01,-1.214291334152221680e+00,2.100000000000000000e+01,-1.056939005851745605e+00,2.200000000000000000e+01,-5.041145682334899902e-01,2.300000000000000000e+01,2.117421150207519531e+00,4.100000000000000000e+01,6.088352799415588379e-01,4.200000000000000000e+01,-1.099204942584037781e-01,4.300000000000000000e+01,2.080651044845581055e+00,6.100000000000000000e+01,1.220294356346130371e+00,6.200000000000000000e+01,-3.023514747619628906e-01,6.300000000000000000e+01,6.046019792556762695e-01
1.100000000000000000e+01,1.057034373283386230e+00,1.200000000000000000e+01,1.130585223436355591e-01,1.300000000000000000e+01,-1.919263839721679688e+00,3.100000000000000000e+01,9.068198204040527344e-01,3.200000000000000000e+01,2.625384628772735596e-01,3.300000000000000000e+01,-1.352584719657897949e+00,5.100000000000000000e+01,-7.338892817497253418e-01,5.200000000000000000e+01,1.625736504793167114e-01,5.300000000000000000e+01,-1.185144901275634766e+00,2.100000000000000000e+01,-1.094110250473022461e+00,2.200000000000000000e+01,-4.169494509696960449e-01,2.300000000000000000e+01,2.122643709182739258e+00,4.100000000000000000e+01,6.380330324172973633e-01,4.200000000000000000e+01,-1.038467809557914734e-01,4.300000000000000000e+01,1.881163358688354492e+00,6.100000000000000000e+01,1.126848220825195312e+00,6.200000000000000000e+01,-3.740104734897613525e-01,6.300000000000000000e+01,6.069986820220947266e-01
1.100000000000000000e+01,8.771287202835083008e-01,1.200000000000000000e+01,1.185361295938491821e-01,1.300000000000000000e+01,-1.896951198577880859e+00,3.100000000000000000e+01,9.061182141304016113e-01,3.200000000000000000e+01,3.371096849441528320e-01,3.300000000000000000e+01,-1.496551275253295898e+00,5.100000000000000000e+01,-6.349992156028747559e-01,5.200000000000000000e+01,1.643916815519332886e-01,5.300000000000000000e+01,-1.258325695991516113e+00,2.100000000000000000e+01,-1.232818365097045898e+00,2.200000000000000000e+01,-2.759056687355041504e-01,2.300000000000000000e+01,1.919345021247863770e+00,4.100000000000000000e+01,6.232294440269470215e-01,4.200000000000000000e+01,-1.221887245774269104e-01,4.300000000000000000e+01,1.455429553985595703e+00,6.100000000000000000e+01,1.003836870193481445e+00,6.200000000000000000e+01,-4.268319010734558105e-01,6.300000000000000000e+01,6.165279150009155273e-01
1.100000000000000000e+01,1.001559853553771973e+00,1.200000000000000000e+01,-1.487101614475250244e-02,1.300000000000000000e+01,-2.181510925292968750e+00,3.100000000000000000e+01,8.738008737564086914e-01,3.200000000000000000e+01,2.684305906295776367e-01,3.300000000000000000e+01,-1.981984138488769531e+00,5.100000000000000000e+01,-4.731671512126922607e-01,5.200000000000000000e+01,2.359555512666702271e-01,5.300000000000000000e+01,-8.864747285842895508e-01,2.100000000000000000e+01,-9.873753786087036133e-01,2.200000000000000000e+01,-1.342789977788925171e-01,2.300000000000000000e+01,1.049163818359375000e+00,4.100000000000000000e+01,6.357947587966918945e-01,4.200000000000000000e+01,-1.505146324634552002e-01,4.300000000000000000e+01,7.563129663467407227e-01,6.100000000000000000e+01,4.189616739749908447e-01,6.200000000000000000e+01,-1.780600696802139282e-01,6.300000000000000000e+01,7.157235145568847656e-01
1.100000000000000000e+01,8.745620250701904297e-01,1.200000000000000000e+01,-1.877035200595855713e-02,1.300000000000000000e+01,-1.998438954353332520e+00,3.100000000000000000e+01,7.707775235176086426e-01,3.200000000000000000e+01,2.304571568965911865e-01,3.300000000000000000e+01,-1.997461676597595215e+00,5.100000000000000000e+01,-4.345003068447113037e-01,5.200000000000000000e+01,3.880898952484130859e-01,5.300000000000000000e+01,-8.212811350822448730e-01,2.100000000000000000e+01,-9.198839068412780762e-01,2.200000000000000000e+01,-1.373998820781707764e-01,2.300000000000000000e+01,1.125534653663635254e+00,4.100000000000000000e+01,6.409881711006164551e-01,4.200000000000000000e+01,-1.237631663680076599e-01,4.300000000000000000e+01,6.462995409965515137e-01,6.100000000000000000e+01,4.279356598854064941e-01,6.200000000000000000e+01,-1.788455694913864136e-01,6.300000000000000000e+01,1.070226192474365234e+00
1.100000000000000000e+01,6.849225759506225586e-01,1.200000000000000000e+01,8.843645453453063965e-03,1.300000000000000000e+01,-1.330059766769409180e+00,3.100000000000000000e+01,8.445996642112731934e-01,3.200000000000000000e+01,8.587244898080825806e-02,3.300000000000000000e+01,-2.086447238922119141e+00,5.100000000000000000e+01,-6.484277248382568359e-01,5.200000000000000000e+01,4.527727365493774414e-01,5.300000000000000000e+01,-8.164361715316772461e-01,2.100000000000000000e+01,-8.462749123573303223e-01,2.200000000000000000e+01,-3.112071752548217773e-01,2.300000000000000000e+01,1.219438076019287109e+00,4.100000000000000000e+01,6.424478888511657715e-01,4.200000000000000000e+01,-1.717272400856018066e-01,4.300000000000000000e+01,5.912463665008544922e-01,6.100000000000000000e+01,7.813249230384826660e-01,6.200000000000000000e+01,-2.083150893449783325e-01,6.300000000000000000e+01,1.550584554672241211e+00
1.100000000000000000e+01,7.756100296974182129e-01,1.200000000000000000e+01,-1.975129544734954834e-02,1.300000000000000000e+01,-1.518206357955932617e+00,3.100000000000000000e+01,1.304058730602264404e-01,3.200000000000000000e+01,1.488310992717742920e-01,3.300000000000000000e+01,-2.121719837188720703e+00,5.100000000000000000e+01,-4.166734516620635986e-01,5.200000000000000000e+01,8.058412671089172363e-01,5.300000000000000000e+01,-9.789049029350280762e-01,2.100000000000000000e+01,-8.655805587768554688e-01,2.200000000000000000e+01,-2.097331136465072632e-01,2.300000000000000000e+01,1.373394489288330078e+00,4.100000000000000000e+01,5.965747833251953125e-01,4.200000000000000000e+01,-3.526929765939712524e-02,4.300000000000000000e+01,5.680157542228698730e-01,6.100000000000000000e+01,5.037575364112854004e-01,6.200000000000000000e+01,-2.001932710409164429e-01,6.300000000000000000e+01,2.222964525222778320e+00
1.100000000000000000e+01,1.018342018127441406e+00,1.200000000000000000e+01,-1.660285890102386475e-02,1.300000000000000000e+01,-1.019815564155578613e+00,3.100000000000000000e+01,8.783742785453796387e-01,3.200000000000000000e+01,3.938673138618469238e-01,3.300000000000000000e+01,-2.252414226531982422e+00,5.100000000000000000e+01,-1.105303525924682617e+00,5.200000000000000000e+01,1.908537596464157104e-01,5.300000000000000000e+01,-6.989634633064270020e-01,2.100000000000000000e+01,-7.534549832344055176e-01,2.200000000000000000e+01,-1.274892240762710571e-01,2.300000000000000000e+01,1.132346630096435547e+00,4.100000000000000000e+01,5.740358829498291016e-01,4.200000000000000000e+01,-1.602003574371337891e-01,4.300000000000000000e+01,6.207775473594665527e-01,6.100000000000000000e+01,3.176558911800384521e-01,6.200000000000000000e+01,-2.259956151247024536e-01,6.300000000000000000e+01,6.430941224098205566e-01
1.100000000000000000e+01,9.626667499542236328e-01,1.200000000000000000e+01,-1.574091613292694092e-02,1.300000000000000000e+01,-8.604022264480590820e-01,3.100000000000000000e+01,8.278166055679321289e-01,3.200000000000000000e+01,3.848595023155212402e-01,3.300000000000000000e+01,-2.286006212234497070e+00,5.100000000000000000e+01,-1.089445948600769043e+00,5.200000000000000000e+01,2.213030010461807251e-01,5.300000000000000000e+01,-9.053416252136230469e-01,2.100000000000000000e+01,-7.959592342376708984e-01,2.200000000000000000e+01,-1.009534448385238647e-01,2.300000000000000000e+01,1.292505621910095215e+00,4.100000000000000000e+01,4.760932326316833496e-01,4.200000000000000000e+01,-9.619619697332382202e-02,4.300000000000000000e+01,5.665196180343627930e-01,6.100000000000000000e+01,3.978652656078338623e-01,6.200000000000000000e+01,-2.579109668731689453e-01,6.300000000000000000e+01,8.413487672805786133e-01
1.100000000000000000e+01,6.150479316711425781e-01,1.200000000000000000e+01,8.814379572868347168e-03,1.300000000000000000e+01,-1.638799905776977539e+00,3.100000000000000000e+01,-8.800122141838073730e-02,3.200000000000000000e+01,4.826800823211669922e-01,3.300000000000000000e+01,-2.259390830993652344e+00,5.100000000000000000e+01,-6.901466846466064453e-01,5.200000000000000000e+01,7.445819973945617676e-01,5.300000000000000000e+01,-7.959970235824584961e-01,2.100000000000000000e+01,-7.797015905380249023e-01,2.200000000000000000e+01,-5.697931349277496338e-02,2.300000000000000000e+01,2.165306091308593750e+00,4.100000000000000000e+01,-3.873030543327331543e-01,4.200000000000000000e+01,-4.107956886291503906e-01,4.300000000000000000e+01,5.623289346694946289e-01,6.100000000000000000e+01,2.530379295349121094e-01,6.200000000000000000e+01,-9.234266281127929688e-01,6.300000000000000000e+01,2.589933872222900391e+00
1.100000000000000000e+01,6.154963374137878418e-01,1.200000000000000000e+01,1.825287938117980957e-03,1.300000000000000000e+01,-1.687061309814453125e+00,3.100000000000000000e+01,-3.144824802875518799e-01,3.200000000000000000e+01,4.825060367584228516e-01,3.300000000000000000e+01,-2.257769107818603516e+00,5.100000000000000000e+01,-6.656031012535095215e-01,5.200000000000000000e+01,7.097259759902954102e-01,5.300000000000000000e+01,-1.048483252525329590e+00,2.100000000000000000e+01,-8.293607831001281738e-01,2.200000000000000000e+01,-5.414448678493499756e-02,2.300000000000000000e+01,2.177002429962158203e+00,4.100000000000000000e+01,-4.837944209575653076e-01,4.200000000000000000e+01,-4.016819894313812256e-01,4.300000000000000000e+01,5.771129131317138672e-01,6.100000000000000000e+01,2.556369900703430176e-01,6.200000000000000000e+01,-9.213889837265014648e-01,6.300000000000000000e+01,2.597670555114746094e+00
1.100000000000000000e+01,6.401830911636352539e-01,1.200000000000000000e+01,1.066437214612960815e-01,1.300000000000000000e+01,-8.982172012329101562e-01,3.100000000000000000e+01,-7.070577144622802734e-01,3.200000000000000000e+01,2.171777784824371338e-01,3.300000000000000000e+01,-1.702943086624145508e+00,5.100000000000000000e+01,-4.028359651565551758e-01,5.200000000000000000e+01,9.266453981399536133e-01,5.300000000000000000e+01,-2.506202220916748047e+00,2.100000000000000000e+01,-9.043550491333007812e-01,2.200000000000000000e+01,-7.521422207355499268e-02,2.300000000000000000e+01,2.292946338653564453e+00,4.100000000000000000e+01,1.635841131210327148e-01,4.200000000000000000e+01,-1.180637106299400330e-01,4.300000000000000000e+01,5.458248853683471680e-01,6.100000000000000000e+01,5.628936290740966797e-01,6.200000000000000000e+01,-7.364225387573242188e-01,6.300000000000000000e+01,2.642817020416259766e+00
1.100000000000000000e+01,8.404464125633239746e-01,1.200000000000000000e+01,1.073034107685089111e-02,1.300000000000000000e+01,-1.314354658126831055e+00,3.100000000000000000e+01,-7.151779532432556152e-01,3.200000000000000000e+01,9.828845411539077759e-02,3.300000000000000000e+01,-2.124515056610107422e+00,5.100000000000000000e+01,-3.033011555671691895e-01,5.200000000000000000e+01,9.213753938674926758e-01,5.300000000000000000e+01,-2.632582187652587891e+00,2.100000000000000000e+01,-8.647851943969726562e-01,2.200000000000000000e+01,-5.602098107337951660e-01,2.300000000000000000e+01,1.634187817573547363e+00,4.100000000000000000e+01,-1.458306908607482910e-01,4.200000000000000000e+01,-2.547999322414398193e-01,4.300000000000000000e+01,7.191688418388366699e-01,6.100000000000000000e+01,9.720121622085571289e-01,6.200000000000000000e+01,-6.852340102195739746e-01,6.300000000000000000e+01,2.639284610748291016e+00
1.100000000000000000e+01,8.584095239639282227e-01,1.200000000000000000e+01,3.802642226219177246e-03,1.300000000000000000e+01,-1.029050588607788086e+00,3.100000000000000000e+01,-7.157320380210876465e-01,3.200000000000000000e+01,5.494735389947891235e-02,3.300000000000000000e+01,-2.135691881179809570e+00,5.100000000000000000e+01,-3.098330795764923096e-01,5.200000000000000000e+01,9.204745292663574219e-01,5.300000000000000000e+01,-2.634747743606567383e+00,2.100000000000000000e+01,-9.354263544082641602e-01,2.200000000000000000e+01,-6.602990627288818359e-01,2.300000000000000000e+01,1.523428797721862793e+00,4.100000000000000000e+01,-3.187516927719116211e-01,4.200000000000000000e+01,-2.667342424392700195e-01,4.300000000000000000e+01,1.204962372779846191e+00,6.100000000000000000e+01,1.091580867767333984e+00,6.200000000000000000e+01,-5.528967976570129395e-01,6.300000000000000000e+01,2.635603189468383789e+00
1.100000000000000000e+01,7.612956166267395020e-01,1.200000000000000000e+01,-2.948872745037078857e-02,1.300000000000000000e+01,-1.790174484252929688e+00,3.100000000000000000e+01,-7.110140919685363770e-01,3.200000000000000000e+01,4.526617825031280518e-01,3.300000000000000000e+01,-2.251102685928344727e+00,5.100000000000000000e+01,-9.826293587684631348e-01,5.200000000000000000e+01,8.784967064857482910e-01,5.300000000000000000e+01,-2.033183574676513672e+00,2.100000000000000000e+01,-7.890306711196899414e-01,2.200000000000000000e+01,-7.023705244064331055e-01,2.300000000000000000e+01,1.256193995475769043e+00,4.100000000000000000e+01,-6.907334327697753906e-01,4.200000000000000000e+01,-3.444194197654724121e-01,4.300000000000000000e+01,2.067031383514404297e+00,6.100000000000000000e+01,2.616993188858032227e-01,6.200000000000000000e+01,-7.917082309722900391e-01,6.300000000000000000e+01,2.626634597778320312e+00
1.100000000000000000e+01,8.266911506652832031e-01,1.200000000000000000e+01,5.079656839370727539e-04,1.300000000000000000e+01,-5.121085643768310547e-01,3.100000000000000000e+01,-6.345334053039550781e-01,3.200000000000000000e+01,1.149219647049903870e-01,3.300000000000000000e+01,-2.319656848907470703e+00,5.100000000000000000e+01,-5.757631659507751465e-01,5.200000000000000000e+01,3.791076540946960449e-01,5.300000000000000000e+01,-2.396120548248291016e+00,2.100000000000000000e+01,-9.334974288940429688e-01,2.200000000000000000e+01,-7.264036536216735840e-01,2.300000000000000000e+01,8.897563219070434570e-01,4.100000000000000000e+01,-8.366061449050903320e-01,4.200000000000000000e+01,-4.302448034286499023e-01,4.300000000000000000e+01,2.281882286071777344e+00,6.100000000000000000e+01,4.994232058525085449e-01,6.200000000000000000e+01,-4.835860729217529297e-01,6.300000000000000000e+01,7.221305966377258301e-01
1.100000000000000000e+01,8.607823252677917480e-01,1.200000000000000000e+01,1.340885460376739502e-02,1.300000000000000000e+01,-5.091197490692138672e-01,3.100000000000000000e+01,-5.597302317619323730e-01,3.200000000000000000e+01,1.048917844891548157e-01,3.300000000000000000e+01,-2.296300649642944336e+00,5.100000000000000000e+01,-5.928287506103515625e-01,5.200000000000000000e+01,2.681698799133300781e-01,5.300000000000000000e+01,-2.472742080688476562e+00,2.100000000000000000e+01,-1.033294677734375000e+00,2.200000000000000000e+01,-7.151012420654296875e-01,2.300000000000000000e+01,8.239719867706298828e-01,4.100000000000000000e+01,-8.413564562797546387e-01,4.200000000000000000e+01,-4.499062895774841309e-01,4.300000000000000000e+01,2.320820808410644531e+00,6.100000000000000000e+01,6.223456859588623047e-01,6.200000000000000000e+01,-4.202001690864562988e-01,6.300000000000000000e+01,6.196152567863464355e-01
1.100000000000000000e+01,6.443543434143066406e-01,1.200000000000000000e+01,9.690876305103302002e-02,1.300000000000000000e+01,-3.449270725250244141e-01,3.100000000000000000e+01,-3.735408782958984375e-01,3.200000000000000000e+01,2.029570043087005615e-01,3.300000000000000000e+01,-2.221534967422485352e+00,5.100000000000000000e+01,-4.260609745979309082e-01,5.200000000000000000e+01,2.172858566045761108e-01,5.300000000000000000e+01,-2.355359554290771484e+00,2.100000000000000000e+01,-9.579992890357971191e-01,2.200000000000000000e+01,-3.720103800296783447e-01,2.300000000000000000e+01,1.548434019088745117e+00,4.100000000000000000e+01,-8.644355535507202148e-01,4.200000000000000000e+01,-4.696690440177917480e-01,4.300000000000000000e+01,2.302437305450439453e+00,6.100000000000000000e+01,7.678388953208923340e-01,6.200000000000000000e+01,-5.123559236526489258e-01,6.300000000000000000e+01,6.282844543457031250e-01
1.100000000000000000e+01,7.221462130546569824e-01,1.200000000000000000e+01,1.224134713411331177e-01,1.300000000000000000e+01,-4.222161769866943359e-01,3.100000000000000000e+01,-5.101633667945861816e-01,3.200000000000000000e+01,1.945652365684509277e-01,3.300000000000000000e+01,-1.525942921638488770e+00,5.100000000000000000e+01,-7.547613978385925293e-01,5.200000000000000000e+01,3.167397379875183105e-01,5.300000000000000000e+01,-2.445191383361816406e+00,2.100000000000000000e+01,-1.155249118804931641e+00,2.200000000000000000e+01,-1.200560182332992554e-01,2.300000000000000000e+01,2.041505336761474609e+00,4.100000000000000000e+01,-7.903044223785400391e-01,4.200000000000000000e+01,-3.397771418094635010e-01,4.300000000000000000e+01,2.329377651214599609e+00,6.100000000000000000e+01,7.307931780815124512e-01,6.200000000000000000e+01,-1.882251352071762085e-01,6.300000000000000000e+01,6.981414556503295898e-01
1.100000000000000000e+01,7.078444957733154297e-01,1.200000000000000000e+01,1.726550757884979248e-01,1.300000000000000000e+01,-4.222555160522460938e-01,3.100000000000000000e+01,-3.676709234714508057e-01,3.200000000000000000e+01,1.177243813872337341e-01,3.300000000000000000e+01,-1.243111610412597656e+00,5.100000000000000000e+01,-6.713472604751586914e-01,5.200000000000000000e+01,2.272601872682571411e-01,5.300000000000000000e+01,-2.355084180831909180e+00,2.100000000000000000e+01,-1.043984889984130859e+00,2.200000000000000000e+01,-1.329416781663894653e-01,2.300000000000000000e+01,2.207178592681884766e+00,4.100000000000000000e+01,-6.350396871566772461e-01,4.200000000000000000e+01,-3.001787960529327393e-01,4.300000000000000000e+01,2.341871261596679688e+00,6.100000000000000000e+01,9.375716447830200195e-01,6.200000000000000000e+01,-1.847055107355117798e-01,6.300000000000000000e+01,7.493318915367126465e-01
1.100000000000000000e+01,7.277021408081054688e-01,1.200000000000000000e+01,2.341697216033935547e-01,1.300000000000000000e+01,-4.987814426422119141e-01,3.100000000000000000e+01,-2.435177862644195557e-01,3.200000000000000000e+01,7.835651934146881104e-02,3.300000000000000000e+01,-1.118572950363159180e+00,5.100000000000000000e+01,-7.625938653945922852e-01,5.200000000000000000e+01,1.899329870939254761e-01,5.300000000000000000e+01,-2.140588760375976562e+00,2.100000000000000000e+01,-9.192848205566406250e-01,2.200000000000000000e+01,-1.287751346826553345e-01,2.300000000000000000e+01,2.231698989868164062e+00,4.100000000000000000e+01,-3.697588443756103516e-01,4.200000000000000000e+01,-2.956103980541229248e-01,4.300000000000000000e+01,2.344253063201904297e+00,6.100000000000000000e+01,9.073941111564636230e-01,6.200000000000000000e+01,-1.805998235940933228e-01,6.300000000000000000e+01,7.960606217384338379e-01
1.100000000000000000e+01,7.864462137222290039e-01,1.200000000000000000e+01,-1.309439539909362793e-03,1.300000000000000000e+01,-7.535585165023803711e-01,3.100000000000000000e+01,-6.845386624336242676e-01,3.200000000000000000e+01,-4.903309792280197144e-02,3.300000000000000000e+01,-1.328831315040588379e+00,5.100000000000000000e+01,-2.730500698089599609e-01,5.200000000000000000e+01,5.704377293586730957e-01,5.300000000000000000e+01,-2.471506595611572266e+00,2.100000000000000000e+01,-9.064464569091796875e-01,2.200000000000000000e+01,-6.640956997871398926e-01,2.300000000000000000e+01,1.424563407897949219e+00,4.100000000000000000e+01,-6.733492016792297363e-03,4.200000000000000000e+01,-2.824797630310058594e-01,4.300000000000000000e+01,2.331306934356689453e+00,6.100000000000000000e+01,1.264376521110534668e+00,6.200000000000000000e+01,-1.756996959447860718e-01,6.300000000000000000e+01,2.517405033111572266e+00
1.100000000000000000e+01,8.040535449981689453e-01,1.200000000000000000e+01,2.645097672939300537e-02,1.300000000000000000e+01,-7.219604253768920898e-01,3.100000000000000000e+01,-6.804690957069396973e-01,3.200000000000000000e+01,-3.999889642000198364e-02,3.300000000000000000e+01,-1.228180170059204102e+00,5.100000000000000000e+01,-2.814205884933471680e-01,5.200000000000000000e+01,5.564540028572082520e-01,5.300000000000000000e+01,-2.371992111206054688e+00,2.100000000000000000e+01,-8.490253686904907227e-01,2.200000000000000000e+01,-6.644738912582397461e-01,2.300000000000000000e+01,1.499948501586914062e+00,4.100000000000000000e+01,2.019162774085998535e-01,4.200000000000000000e+01,-2.281373441219329834e-01,4.300000000000000000e+01,2.335813283920288086e+00,6.100000000000000000e+01,1.199915766716003418e+00,6.200000000000000000e+01,-1.811936944723129272e-01,6.300000000000000000e+01,2.542318820953369141e+00
1.100000000000000000e+01,7.883539199829101562e-01,1.200000000000000000e+01,3.952057659626007080e-02,1.300000000000000000e+01,-8.298461437225341797e-01,3.100000000000000000e+01,-6.647550463676452637e-01,3.200000000000000000e+01,-2.252931147813796997e-02,3.300000000000000000e+01,-1.390543580055236816e+00,5.100000000000000000e+01,-2.872366309165954590e-01,5.200000000000000000e+01,5.723126530647277832e-01,5.300000000000000000e+01,-2.269084453582763672e+00,2.100000000000000000e+01,-8.283594846725463867e-01,2.200000000000000000e+01,-6.789917945861816406e-01,2.300000000000000000e+01,1.399940013885498047e+00,4.100000000000000000e+01,2.199768126010894775e-01,4.200000000000000000e+01,-2.262578308582305908e-01,4.300000000000000000e+01,2.339809417724609375e+00,6.100000000000000000e+01,9.072060585021972656e-01,6.200000000000000000e+01,-1.984285861253738403e-01,6.300000000000000000e+01,2.500648975372314453e+00
1.100000000000000000e+01,9.275295734405517578e-01,1.200000000000000000e+01,5.185692310333251953e-01,1.300000000000000000e+01,-1.806758880615234375e+00,3.100000000000000000e+01,-5.314267873764038086e-01,3.200000000000000000e+01,-1.691656559705734253e-02,3.300000000000000000e+01,-7.929435372352600098e-01,5.100000000000000000e+01,-9.335844516754150391e-01,5.200000000000000000e+01,7.289041876792907715e-01,5.300000000000000000e+01,-2.018220424652099609e+00,2.100000000000000000e+01,-9.884798526763916016e-01,2.200000000000000000e+01,-6.499139070510864258e-01,2.300000000000000000e+01,1.807261705398559570e+00,4.100000000000000000e+01,5.458449125289916992e-01,4.200000000000000000e+01,-1.333542913198471069e-02,4.300000000000000000e+01,2.344918489456176758e+00,6.100000000000000000e+01,4.079561531543731689e-01,6.200000000000000000e+01,-2.854620218276977539e-01,6.300000000000000000e+01,2.547322750091552734e+00
1.100000000000000000e+01,1.021663784980773926e+00,1.200000000000000000e+01,4.155378043651580811e-01,1.300000000000000000e+01,-2.102808475494384766e+00,3.100000000000000000e+01,-2.940919995307922363e-02,3.200000000000000000e+01,5.664486438035964966e-02,3.300000000000000000e+01,-6.687092781066894531e-01,5.100000000000000000e+01,-1.052392363548278809e+00,5.200000000000000000e+01,5.239656567573547363e-01,5.300000000000000000e+01,-1.781206488609313965e+00,2.100000000000000000e+01,-1.026236534118652344e+00,2.200000000000000000e+01,-4.995725154876708984e-01,2.300000000000000000e+01,1.993306517601013184e+00,4.100000000000000000e+01,6.042816042900085449e-01,4.200000000000000000e+01,-1.382165402173995972e-02,4.300000000000000000e+01,2.340787887573242188e+00,6.100000000000000000e+01,4.758470654487609863e-01,6.200000000000000000e+01,-2.638958692550659180e-01,6.300000000000000000e+01,2.450263738632202148e+00
1.100000000000000000e+01,6.214184165000915527e-01,1.200000000000000000e+01,1.591410487890243530e-01,1.300000000000000000e+01,-8.377985954284667969e-01,3.100000000000000000e+01,4.289724677801132202e-02,3.200000000000000000e+01,1.517316699028015137e-01,3.300000000000000000e+01,-1.407503366470336914e+00,5.100000000000000000e+01,-2.923502326011657715e-01,5.200000000000000000e+01,2.145763486623764038e-01,5.300000000000000000e+01,-2.445447921752929688e+00,2.100000000000000000e+01,-1.045719504356384277e+00,2.200000000000000000e+01,-4.079638421535491943e-02,2.300000000000000000e+01,2.340245485305786133e+00,4.100000000000000000e+01,2.388798892498016357e-01,4.200000000000000000e+01,-3.959375321865081787e-01,4.300000000000000000e+01,2.171728610992431641e+00,6.100000000000000000e+01,1.162188053131103516e+00,6.200000000000000000e+01,-3.473421931266784668e-01,6.300000000000000000e+01,2.239497900009155273e+00
1.100000000000000000e+01,9.526687860488891602e-01,1.200000000000000000e+01,-1.400060951709747314e-02,1.300000000000000000e+01,-2.132002353668212891e+00,3.100000000000000000e+01,8.914376497268676758e-01,3.200000000000000000e+01,4.791095852851867676e-01,3.300000000000000000e+01,-1.742161035537719727e+00,5.100000000000000000e+01,-1.088982105255126953e+00,5.200000000000000000e+01,1.615873724222183228e-01,5.300000000000000000e+01,-1.525748252868652344e+00,2.100000000000000000e+01,-1.014182567596435547e+00,2.200000000000000000e+01,-1.267134994268417358e-01,2.300000000000000000e+01,2.152092456817626953e+00,4.100000000000000000e+01,6.426376104354858398e-01,4.200000000000000000e+01,-3.318368792533874512e-01,4.300000000000000000e+01,2.295561552047729492e+00,6.100000000000000000e+01,8.181260228157043457e-01,6.200000000000000000e+01,-4.008019864559173584e-01,6.300000000000000000e+01,1.057899951934814453e+00
1.100000000000000000e+01,6.380451321601867676e-01,1.200000000000000000e+01,-1.772229373455047607e-02,1.300000000000000000e+01,-1.912161469459533691e+00,3.100000000000000000e+01,9.041266441345214844e-01,3.200000000000000000e+01,4.817388653755187988e-01,3.300000000000000000e+01,-2.146949052810668945e+00,5.100000000000000000e+01,-9.241873025894165039e-01,5.200000000000000000e+01,1.616330891847610474e-01,5.300000000000000000e+01,-1.399664163589477539e+00,2.100000000000000000e+01,-1.020919919013977051e+00,2.200000000000000000e+01,6.891354918479919434e-03,2.300000000000000000e+01,2.390385627746582031e+00,4.100000000000000000e+01,4.612157940864562988e-01,4.200000000000000000e+01,-4.066542685031890869e-01,4.300000000000000000e+01,1.968348741531372070e+00,6.100000000000000000e+01,7.496166825294494629e-01,6.200000000000000000e+01,-6.288450956344604492e-01,6.300000000000000000e+01,1.141323447227478027e+00
1.100000000000000000e+01,1.048354625701904297e+00,1.200000000000000000e+01,-9.947434067726135254e-03,1.300000000000000000e+01,-2.262735366821289062e+00,3.100000000000000000e+01,8.997315764427185059e-01,3.200000000000000000e+01,3.334287703037261963e-01,3.300000000000000000e+01,-1.048215866088867188e+00,5.100000000000000000e+01,-7.075047492980957031e-01,5.200000000000000000e+01,1.624474674463272095e-01,5.300000000000000000e+01,-2.117139577865600586e+00,2.100000000000000000e+01,-1.156166911125183105e+00,2.200000000000000000e+01,-2.313958108425140381e-02,2.300000000000000000e+01,2.379655361175537109e+00,4.100000000000000000e+01,6.785075068473815918e-01,4.200000000000000000e+01,-5.919622629880905151e-02,4.300000000000000000e+01,1.931748867034912109e+00,6.100000000000000000e+01,1.221918582916259766e+00,6.200000000000000000e+01,-1.883274763822555542e-01,6.300000000000000000e+01,1.582128286361694336e+00
1.100000000000000000e+01,1.122478604316711426e+00,1.200000000000000000e+01,-1.141951978206634521e-02,1.300000000000000000e+01,-2.296685218811035156e+00,3.100000000000000000e+01,9.001370072364807129e-01,3.200000000000000000e+01,3.135947883129119873e-01,3.300000000000000000e+01,-1.197284221649169922e+00,5.100000000000000000e+01,-6.932743191719055176e-01,5.200000000000000000e+01,1.628509014844894409e-01,5.300000000000000000e+01,-2.029675960540771484e+00,2.100000000000000000e+01,-1.116151809692382812e+00,2.200000000000000000e+01,-6.961615383625030518e-02,2.300000000000000000e+01,2.381148576736450195e+00,4.100000000000000000e+01,6.683770418167114258e-01,4.200000000000000000e+01,-7.338085025548934937e-02,4.300000000000000000e+01,2.007173538208007812e+00,6.100000000000000000e+01,1.151296377182006836e+00,6.200000000000000000e+01,-1.958210915327072144e-01,6.300000000000000000e+01,1.298892259597778320e+00
1.100000000000000000e+01,1.183266758918762207e+00,1.200000000000000000e+01,-1.350192725658416748e-02,1.300000000000000000e+01,-2.329420566558837891e+00,3.100000000000000000e+01,8.928447961807250977e-01,3.200000000000000000e+01,2.535639405250549316e-01,3.300000000000000000e+01,-1.269858837127685547e+00,5.100000000000000000e+01,-6.047164201736450195e-01,5.200000000000000000e+01,1.639504581689834595e-01,5.300000000000000000e+01,-2.041028022766113281e+00,2.100000000000000000e+01,-1.097102165222167969e+00,2.200000000000000000e+01,-1.546566784381866455e-01,2.300000000000000000e+01,2.351743459701538086e+00,4.100000000000000000e+01,6.549392938613891602e-01,4.200000000000000000e+01,-9.603937715291976929e-02,4.300000000000000000e+01,2.097781419754028320e+00,6.100000000000000000e+01,1.087957620620727539e+00,6.200000000000000000e+01,-2.021083086729049683e-01,6.300000000000000000e+01,1.153327345848083496e+00
1.100000000000000000e+01,9.537348747253417969e-01,1.200000000000000000e+01,5.532951653003692627e-02,1.300000000000000000e+01,-2.205186843872070312e+00,3.100000000000000000e+01,9.028351306915283203e-01,3.200000000000000000e+01,2.550496906042098999e-02,3.300000000000000000e+01,-1.518191337585449219e+00,5.100000000000000000e+01,-8.367700576782226562e-01,5.200000000000000000e+01,1.648875921964645386e-01,5.300000000000000000e+01,-1.459134697914123535e+00,2.100000000000000000e+01,-8.327563405036926270e-01,2.200000000000000000e+01,-4.643700122833251953e-01,2.300000000000000000e+01,2.380217075347900391e+00,4.100000000000000000e+01,6.808885931968688965e-01,4.200000000000000000e+01,-9.450169652700424194e-02,4.300000000000000000e+01,2.079832792282104492e+00,6.100000000000000000e+01,1.160694003105163574e+00,6.200000000000000000e+01,-3.289535939693450928e-01,6.300000000000000000e+01,1.385678291320800781e+00
1.100000000000000000e+01,8.902479410171508789e-01,1.200000000000000000e+01,7.161800563335418701e-02,1.300000000000000000e+01,-2.109160423278808594e+00,3.100000000000000000e+01,8.980073928833007812e-01,3.200000000000000000e+01,7.990524172782897949e-04,3.300000000000000000e+01,-1.409658670425415039e+00,5.100000000000000000e+01,-8.555089235305786133e-01,5.200000000000000000e+01,1.672197729349136353e-01,5.300000000000000000e+01,-1.336824417114257812e+00,2.100000000000000000e+01,-7.778475284576416016e-01,2.200000000000000000e+01,-4.916703701019287109e-01,2.300000000000000000e+01,2.408807039260864258e+00,4.100000000000000000e+01,6.811342835426330566e-01,4.200000000000000000e+01,-1.301967799663543701e-01,4.300000000000000000e+01,2.042051553726196289e+00,6.100000000000000000e+01,1.122675180435180664e+00,6.200000000000000000e+01,-3.660398125648498535e-01,6.300000000000000000e+01,1.458199024200439453e+00
1.100000000000000000e+01,9.538545012474060059e-01,1.200000000000000000e+01,-2.268110215663909912e-02,1.300000000000000000e+01,-2.303641319274902344e+00,3.100000000000000000e+01,8.140856027603149414e-01,3.200000000000000000e+01,1.378993988037109375e-01,3.300000000000000000e+01,-1.301908969879150391e+00,5.100000000000000000e+01,-5.122946500778198242e-01,5.200000000000000000e+01,1.910429745912551880e-01,5.300000000000000000e+01,-1.280144214630126953e+00,2.100000000000000000e+01,-8.872728347778320312e-01,2.200000000000000000e+01,-1.757213622331619263e-01,2.300000000000000000e+01,2.342010736465454102e+00,4.100000000000000000e+01,6.475133299827575684e-01,4.200000000000000000e+01,-2.206654846668243408e-01,4.300000000000000000e+01,1.644921064376831055e+00,6.100000000000000000e+01,6.564575433731079102e-01,6.200000000000000000e+01,-2.246041744947433472e-01,6.300000000000000000e+01,1.766927838325500488e+00
1.100000000000000000e+01,8.095899820327758789e-01,1.200000000000000000e+01,-2.566234767436981201e-02,1.300000000000000000e+01,-2.301321744918823242e+00,3.100000000000000000e+01,8.266972899436950684e-01,3.200000000000000000e+01,1.714916527271270752e-01,3.300000000000000000e+01,-1.411686182022094727e+00,5.100000000000000000e+01,-5.261433720588684082e-01,5.200000000000000000e+01,2.079411000013351440e-01,5.300000000000000000e+01,-1.094073534011840820e+00,2.100000000000000000e+01,-8.815766572952270508e-01,2.200000000000000000e+01,-7.400165498256683350e-02,2.300000000000000000e+01,2.335121631622314453e+00,4.100000000000000000e+01,6.613612174987792969e-01,4.200000000000000000e+01,-2.255932986736297607e-01,4.300000000000000000e+01,1.075551867485046387e+00,6.100000000000000000e+01,5.550357103347778320e-01,6.200000000000000000e+01,-2.136230617761611938e-01,6.300000000000000000e+01,2.030899047851562500e+00
1.100000000000000000e+01,7.799931764602661133e-01,1.200000000000000000e+01,-2.383448183536529541e-02,1.300000000000000000e+01,-2.363294124603271484e+00,3.100000000000000000e+01,8.071085214614868164e-01,3.200000000000000000e+01,1.987271010875701904e-01,3.300000000000000000e+01,-1.600306034088134766e+00,5.100000000000000000e+01,-3.432984650135040283e-01,5.200000000000000000e+01,2.804513573646545410e-01,5.300000000000000000e+01,-1.376008033752441406e+00,2.100000000000000000e+01,-1.033973097801208496e+00,2.200000000000000000e+01,-5.265741050243377686e-02,2.300000000000000000e+01,2.194543361663818359e+00,4.100000000000000000e+01,6.220229864120483398e-01,4.200000000000000000e+01,-2.784573137760162354e-01,4.300000000000000000e+01,7.038887739181518555e-01,6.100000000000000000e+01,4.942439496517181396e-01,6.200000000000000000e+01,-2.792376279830932617e-01,6.300000000000000000e+01,2.011221170425415039e+00
1.100000000000000000e+01,7.271927595138549805e-01,1.200000000000000000e+01,-2.493833005428314209e-02,1.300000000000000000e+01,-2.278185129165649414e+00,3.100000000000000000e+01,8.122354149818420410e-01,3.200000000000000000e+01,1.884123980998992920e-01,3.300000000000000000e+01,-1.630272150039672852e+00,5.100000000000000000e+01,-3.235971629619598389e-01,5.200000000000000000e+01,3.091511428356170654e-01,5.300000000000000000e+01,-1.517068624496459961e+00,2.100000000000000000e+01,-1.062231779098510742e+00,2.200000000000000000e+01,-4.167376458644866943e-02,2.300000000000000000e+01,2.256299972534179688e+00,4.100000000000000000e+01,6.144456863403320312e-01,4.200000000000000000e+01,-2.508251965045928955e-01,4.300000000000000000e+01,6.244233250617980957e-01,6.100000000000000000e+01,7.339749932289123535e-01,6.200000000000000000e+01,-2.670562863349914551e-01,6.300000000000000000e+01,2.244979381561279297e+00
1.100000000000000000e+01,6.805574297904968262e-01,1.200000000000000000e+01,-2.620099484920501709e-02,1.300000000000000000e+01,-2.030401229858398438e+00,3.100000000000000000e+01,7.908217310905456543e-01,3.200000000000000000e+01,1.224746331572532654e-01,3.300000000000000000e+01,-1.727924704551696777e+00,5.100000000000000000e+01,-2.954951524734497070e-01,5.200000000000000000e+01,4.102668762207031250e-01,5.300000000000000000e+01,-1.955784559249877930e+00,2.100000000000000000e+01,-1.111376523971557617e+00,2.200000000000000000e+01,-4.341425001621246338e-02,2.300000000000000000e+01,2.269711017608642578e+00,4.100000000000000000e+01,5.784261226654052734e-01,4.200000000000000000e+01,-2.160696387290954590e-01,4.300000000000000000e+01,5.881696343421936035e-01,6.100000000000000000e+01,1.107228517532348633e+00,6.200000000000000000e+01,-2.383631020784378052e-01,6.300000000000000000e+01,2.452960968017578125e+00
1.100000000000000000e+01,6.334514021873474121e-01,1.200000000000000000e+01,-3.274206817150115967e-02,1.300000000000000000e+01,-2.006922245025634766e+00,3.100000000000000000e+01,9.027566909790039062e-01,3.200000000000000000e+01,4.747580885887145996e-01,3.300000000000000000e+01,-2.267257690429687500e+00,5.100000000000000000e+01,-6.719524860382080078e-01,5.200000000000000000e+01,1.700988858938217163e-01,5.300000000000000000e+01,-6.785954236984252930e-01,2.100000000000000000e+01,-9.197362661361694336e-01,2.200000000000000000e+01,-1.131441444158554077e-01,2.300000000000000000e+01,2.158421754837036133e+00,4.100000000000000000e+01,2.693924903869628906e-01,4.200000000000000000e+01,-3.917015790939331055e-01,4.300000000000000000e+01,6.380471587181091309e-01,6.100000000000000000e+01,4.164701998233795166e-01,6.200000000000000000e+01,-7.668148875236511230e-01,6.300000000000000000e+01,1.361242294311523438e+00
1.100000000000000000e+01,6.230721473693847656e-01,1.200000000000000000e+01,-3.265430033206939697e-02,1.300000000000000000e+01,-1.692822217941284180e+00,3.100000000000000000e+01,9.016567468643188477e-01,3.200000000000000000e+01,4.595286250114440918e-01,3.300000000000000000e+01,-2.277293205261230469e+00,5.100000000000000000e+01,-5.781753063201904297e-01,5.200000000000000000e+01,1.733479946851730347e-01,5.300000000000000000e+01,-7.294721603393554688e-01,2.100000000000000000e+01,-9.597591161727905273e-01,2.200000000000000000e+01,-1.093456894159317017e-01,2.300000000000000000e+01,2.131757736206054688e+00,4.100000000000000000e+01,-2.921074628829956055e-02,4.200000000000000000e+01,-3.762401342391967773e-01,4.300000000000000000e+01,6.424193382263183594e-01,6.100000000000000000e+01,6.849530935287475586e-01,6.200000000000000000e+01,-6.609275341033935547e-01,6.300000000000000000e+01,1.537292242050170898e+00
1.100000000000000000e+01,6.422828435897827148e-01,1.200000000000000000e+01,-2.023942768573760986e-02,1.300000000000000000e+01,-1.126982331275939941e+00,3.100000000000000000e+01,6.134800910949707031e-01,3.200000000000000000e+01,4.987480491399765015e-02,3.300000000000000000e+01,-1.921625018119812012e+00,5.100000000000000000e+01,-3.088727593421936035e-01,5.200000000000000000e+01,4.708017706871032715e-01,5.300000000000000000e+01,-2.426729679107666016e+00,2.100000000000000000e+01,-1.320737004280090332e+00,2.200000000000000000e+01,-2.368871867656707764e-02,2.300000000000000000e+01,2.209844112396240234e+00,4.100000000000000000e+01,1.162008643150329590e-01,4.200000000000000000e+01,-8.154653757810592651e-02,4.300000000000000000e+01,5.553500652313232422e-01,6.100000000000000000e+01,1.302718162536621094e+00,6.200000000000000000e+01,-1.950373798608779907e-01,6.300000000000000000e+01,2.487352609634399414e+00
1.100000000000000000e+01,7.619717121124267578e-01,1.200000000000000000e+01,7.885898649692535400e-02,1.300000000000000000e+01,-6.140035390853881836e-01,3.100000000000000000e+01,6.433547735214233398e-01,3.200000000000000000e+01,-5.584039539098739624e-02,3.300000000000000000e+01,-1.755184173583984375e+00,5.100000000000000000e+01,-3.495122790336608887e-01,5.200000000000000000e+01,4.394613504409790039e-01,5.300000000000000000e+01,-2.540675163269042969e+00,2.100000000000000000e+01,-1.370108723640441895e+00,2.200000000000000000e+01,-1.604959368705749512e-03,2.300000000000000000e+01,1.960142135620117188e+00,4.100000000000000000e+01,-4.080780744552612305e-01,4.200000000000000000e+01,-5.382191389799118042e-02,4.300000000000000000e+01,6.195974946022033691e-01,6.100000000000000000e+01,1.301444411277770996e+00,6.200000000000000000e+01,-1.664402335882186890e-01,6.300000000000000000e+01,9.644827842712402344e-01
1.100000000000000000e+01,1.011536836624145508e+00,1.200000000000000000e+01,5.205795168876647949e-03,1.300000000000000000e+01,-1.588575720787048340e+00,3.100000000000000000e+01,8.836349844932556152e-01,3.200000000000000000e+01,2.595548033714294434e-01,3.300000000000000000e+01,-1.953220009803771973e+00,5.100000000000000000e+01,-1.188222765922546387e+00,5.200000000000000000e+01,2.218501120805740356e-01,5.300000000000000000e+01,-1.776147127151489258e+00,2.100000000000000000e+01,-1.344099044799804688e+00,2.200000000000000000e+01,-1.451598107814788818e-02,2.300000000000000000e+01,1.998469114303588867e+00,4.100000000000000000e+01,-1.663578450679779053e-01,4.200000000000000000e+01,-3.530276566743850708e-02,4.300000000000000000e+01,1.413872599601745605e+00,6.100000000000000000e+01,4.208550155162811279e-01,6.200000000000000000e+01,-1.694171279668807983e-01,6.300000000000000000e+01,6.165310144424438477e-01
1.100000000000000000e+01,8.118228912353515625e-01,1.200000000000000000e+01,9.948422014713287354e-02,1.300000000000000000e+01,-6.779674291610717773e-01,3.100000000000000000e+01,-2.228418886661529541e-01,3.200000000000000000e+01,-7.569932192564010620e-02,3.300000000000000000e+01,-2.008949756622314453e+00,5.100000000000000000e+01,-3.249480724334716797e-01,5.200000000000000000e+01,8.146123886108398438e-01,5.300000000000000000e+01,-2.579713582992553711e+00,2.100000000000000000e+01,-1.342025279998779297e+00,2.200000000000000000e+01,-1.735129952430725098e-01,2.300000000000000000e+01,1.707878351211547852e+00,4.100000000000000000e+01,-5.594258904457092285e-01,4.200000000000000000e+01,-8.327627927064895630e-02,4.300000000000000000e+01,1.073310494422912598e+00,6.100000000000000000e+01,1.262597203254699707e+00,6.200000000000000000e+01,-1.735986322164535522e-01,6.300000000000000000e+01,8.999341726303100586e-01
1.100000000000000000e+01,8.430281877517700195e-01,1.200000000000000000e+01,6.717492640018463135e-02,1.300000000000000000e+01,-5.874083042144775391e-01,3.100000000000000000e+01,-3.431886136531829834e-01,3.200000000000000000e+01,-7.573770731687545776e-02,3.300000000000000000e+01,-1.910881757736206055e+00,5.100000000000000000e+01,-3.377906978130340576e-01,5.200000000000000000e+01,8.003317117691040039e-01,5.300000000000000000e+01,-2.578836441040039062e+00,2.100000000000000000e+01,-1.313454985618591309e+00,2.200000000000000000e+01,-2.506491541862487793e-01,2.300000000000000000e+01,1.743635773658752441e+00,4.100000000000000000e+01,-5.842112302780151367e-01,4.200000000000000000e+01,-1.444636583328247070e-01,4.300000000000000000e+01,1.393803834915161133e+00,6.100000000000000000e+01,1.276944875717163086e+00,6.200000000000000000e+01,-1.723587065935134888e-01,6.300000000000000000e+01,8.131759166717529297e-01
1.100000000000000000e+01,8.447003364562988281e-01,1.200000000000000000e+01,6.281788647174835205e-02,1.300000000000000000e+01,-7.597399950027465820e-01,3.100000000000000000e+01,-2.680025994777679443e-01,3.200000000000000000e+01,-7.535501569509506226e-02,3.300000000000000000e+01,-1.841004610061645508e+00,5.100000000000000000e+01,-3.415169417858123779e-01,5.200000000000000000e+01,7.326798439025878906e-01,5.300000000000000000e+01,-2.584119081497192383e+00,2.100000000000000000e+01,-1.297838091850280762e+00,2.200000000000000000e+01,-2.477101981639862061e-01,2.300000000000000000e+01,1.676114320755004883e+00,4.100000000000000000e+01,-7.122162580490112305e-01,4.200000000000000000e+01,-2.401976287364959717e-01,4.300000000000000000e+01,1.746975064277648926e+00,6.100000000000000000e+01,1.245525121688842773e+00,6.200000000000000000e+01,-1.749713569879531860e-01,6.300000000000000000e+01,6.553760170936584473e-01
1.100000000000000000e+01,6.330728530883789062e-01,1.200000000000000000e+01,-1.218689978122711182e-02,1.300000000000000000e+01,-1.717312335968017578e+00,3.100000000000000000e+01,-3.759709000587463379e-01,3.200000000000000000e+01,-4.501668363809585571e-02,3.300000000000000000e+01,-2.126091957092285156e+00,5.100000000000000000e+01,-2.828586399555206299e-01,5.200000000000000000e+01,8.020077943801879883e-01,5.300000000000000000e+01,-2.425874233245849609e+00,2.100000000000000000e+01,-1.275016784667968750e+00,2.200000000000000000e+01,-3.479339480400085449e-01,2.300000000000000000e+01,1.573494911193847656e+00,4.100000000000000000e+01,-7.855649590492248535e-01,4.200000000000000000e+01,-3.119050860404968262e-01,4.300000000000000000e+01,1.655523777008056641e+00,6.100000000000000000e+01,1.068536520004272461e+00,6.200000000000000000e+01,-2.793606519699096680e-01,6.300000000000000000e+01,1.261995077133178711e+00
1.100000000000000000e+01,6.244386434555053711e-01,1.200000000000000000e+01,-1.937897503376007080e-02,1.300000000000000000e+01,-1.800169706344604492e+00,3.100000000000000000e+01,-2.640869319438934326e-01,3.200000000000000000e+01,-4.321270436048507690e-02,3.300000000000000000e+01,-2.082476377487182617e+00,5.100000000000000000e+01,-2.871501445770263672e-01,5.200000000000000000e+01,7.791326642036437988e-01,5.300000000000000000e+01,-2.304133653640747070e+00,2.100000000000000000e+01,-1.243362545967102051e+00,2.200000000000000000e+01,-2.477026879787445068e-01,2.300000000000000000e+01,1.650216341018676758e+00,4.100000000000000000e+01,-7.576340436935424805e-01,4.200000000000000000e+01,-3.172772824764251709e-01,4.300000000000000000e+01,1.694312930107116699e+00,6.100000000000000000e+01,1.022821664810180664e+00,6.200000000000000000e+01,-2.316873520612716675e-01,6.300000000000000000e+01,1.304160833358764648e+00
1.100000000000000000e+01,6.249235868453979492e-01,1.200000000000000000e+01,-1.846568286418914795e-02,1.300000000000000000e+01,-1.967843770980834961e+00,3.100000000000000000e+01,-3.362288773059844971e-01,3.200000000000000000e+01,-3.758021444082260132e-02,3.300000000000000000e+01,-2.052188396453857422e+00,5.100000000000000000e+01,-2.963094711303710938e-01,5.200000000000000000e+01,7.615371942520141602e-01,5.300000000000000000e+01,-2.306592464447021484e+00,2.100000000000000000e+01,-1.201439738273620605e+00,2.200000000000000000e+01,-1.968687623739242554e-01,2.300000000000000000e+01,1.769734621047973633e+00,4.100000000000000000e+01,-7.448418736457824707e-01,4.200000000000000000e+01,-3.262358903884887695e-01,4.300000000000000000e+01,1.850953102111816406e+00,6.100000000000000000e+01,8.337069749832153320e-01,6.200000000000000000e+01,-2.072605639696121216e-01,6.300000000000000000e+01,1.150857329368591309e+00
1.100000000000000000e+01,6.955418586730957031e-01,1.200000000000000000e+01,-9.320721030235290527e-03,1.300000000000000000e+01,-2.349733114242553711e+00,3.100000000000000000e+01,-6.510226726531982422e-01,3.200000000000000000e+01,6.171309202909469604e-02,3.300000000000000000e+01,-1.106570243835449219e+00,5.100000000000000000e+01,-4.857729673385620117e-01,5.200000000000000000e+01,9.251263141632080078e-01,5.300000000000000000e+01,-2.201031446456909180e+00,2.100000000000000000e+01,-1.223880290985107422e+00,2.200000000000000000e+01,-1.315904706716537476e-01,2.300000000000000000e+01,2.083593845367431641e+00,4.100000000000000000e+01,-4.062811732292175293e-01,4.200000000000000000e+01,-1.200272664427757263e-01,4.300000000000000000e+01,2.173394203186035156e+00,6.100000000000000000e+01,2.644088864326477051e-01,6.200000000000000000e+01,-1.740821152925491333e-01,6.300000000000000000e+01,2.144586086273193359e+00
1.100000000000000000e+01,6.320209503173828125e-01,1.200000000000000000e+01,3.361417353153228760e-02,1.300000000000000000e+01,-1.525121927261352539e+00,3.100000000000000000e+01,-6.604937314987182617e-01,3.200000000000000000e+01,-5.913751572370529175e-02,3.300000000000000000e+01,-2.038559198379516602e+00,5.100000000000000000e+01,-3.361097574234008789e-01,5.200000000000000000e+01,8.065848350524902344e-01,5.300000000000000000e+01,-2.462966680526733398e+00,2.100000000000000000e+01,-8.438925743103027344e-01,2.200000000000000000e+01,-3.868409097194671631e-01,2.300000000000000000e+01,2.040451049804687500e+00,4.100000000000000000e+01,-3.874117434024810791e-01,4.200000000000000000e+01,-4.130457043647766113e-01,4.300000000000000000e+01,2.215336561203002930e+00,6.100000000000000000e+01,4.859310090541839600e-01,6.200000000000000000e+01,-2.005568891763687134e-01,6.300000000000000000e+01,1.523487091064453125e+00
1.100000000000000000e+01,6.344119310379028320e-01,1.200000000000000000e+01,8.669765293598175049e-02,1.300000000000000000e+01,-1.204334259033203125e+00,3.100000000000000000e+01,-6.760197877883911133e-01,3.200000000000000000e+01,-5.538760870695114136e-02,3.300000000000000000e+01,-2.105629920959472656e+00,5.100000000000000000e+01,-3.153296411037445068e-01,5.200000000000000000e+01,7.869217991828918457e-01,5.300000000000000000e+01,-2.560177326202392578e+00,2.100000000000000000e+01,-8.980178236961364746e-01,2.200000000000000000e+01,-4.594080448150634766e-01,2.300000000000000000e+01,1.759469747543334961e+00,4.100000000000000000e+01,-4.841195642948150635e-01,4.200000000000000000e+01,-4.287737011909484863e-01,4.300000000000000000e+01,2.268732309341430664e+00,6.100000000000000000e+01,5.186513662338256836e-01,6.200000000000000000e+01,-2.222594171762466431e-01,6.300000000000000000e+01,1.481489896774291992e+00
1.100000000000000000e+01,6.319069862365722656e-01,1.200000000000000000e+01,1.831992417573928833e-01,1.300000000000000000e+01,-7.113509178161621094e-01,3.100000000000000000e+01,-6.789106130599975586e-01,3.200000000000000000e+01,-5.580692738294601440e-02,3.300000000000000000e+01,-2.119029045104980469e+00,5.100000000000000000e+01,-3.490565717220306396e-01,5.200000000000000000e+01,8.051126003265380859e-01,5.300000000000000000e+01,-2.542786359786987305e+00,2.100000000000000000e+01,-8.106527328491210938e-01,2.200000000000000000e+01,-4.818361401557922363e-01,2.300000000000000000e+01,1.757655143737792969e+00,4.100000000000000000e+01,-2.888170778751373291e-01,4.200000000000000000e+01,-4.256868660449981689e-01,4.300000000000000000e+01,2.279206037521362305e+00,6.100000000000000000e+01,4.452039301395416260e-01,6.200000000000000000e+01,-2.218522578477859497e-01,6.300000000000000000e+01,1.785956978797912598e+00
1.100000000000000000e+01,6.310268044471740723e-01,1.200000000000000000e+01,2.086355537176132202e-01,1.300000000000000000e+01,-5.363914966583251953e-01,3.100000000000000000e+01,-6.365894675254821777e-01,3.200000000000000000e+01,-5.030175298452377319e-02,3.300000000000000000e+01,-2.127745389938354492e+00,5.100000000000000000e+01,-4.090807437896728516e-01,5.200000000000000000e+01,7.054753899574279785e-01,5.300000000000000000e+01,-2.487484931945800781e+00,2.100000000000000000e+01,-7.873915433883666992e-01,2.200000000000000000e+01,-4.201341271400451660e-01,2.300000000000000000e+01,1.803811788558959961e+00,4.100000000000000000e+01,-3.749133646488189697e-02,4.200000000000000000e+01,-4.197567701339721680e-01,4.300000000000000000e+01,2.232067584991455078e+00,6.100000000000000000e+01,4.866897165775299072e-01,6.200000000000000000e+01,-2.171588987112045288e-01,6.300000000000000000e+01,1.837604999542236328e+00
1.100000000000000000e+01,6.393132209777832031e-01,1.200000000000000000e+01,1.901373267173767090e-01,1.300000000000000000e+01,-4.442762136459350586e-01,3.100000000000000000e+01,-5.491940975189208984e-01,3.200000000000000000e+01,-3.771951049566268921e-02,3.300000000000000000e+01,-2.063172340393066406e+00,5.100000000000000000e+01,-5.495575666427612305e-01,5.200000000000000000e+01,5.552975535392761230e-01,5.300000000000000000e+01,-2.360401153564453125e+00,2.100000000000000000e+01,-7.714474201202392578e-01,2.200000000000000000e+01,-3.899746537208557129e-01,2.300000000000000000e+01,1.948677301406860352e+00,4.100000000000000000e+01,2.717995941638946533e-01,4.200000000000000000e+01,-3.912464082241058350e-01,4.300000000000000000e+01,2.187492609024047852e+00,6.100000000000000000e+01,5.814762115478515625e-01,6.200000000000000000e+01,-1.948074847459793091e-01,6.300000000000000000e+01,1.989446640014648438e+00
1.100000000000000000e+01,6.599057316780090332e-01,1.200000000000000000e+01,2.048763483762741089e-01,1.300000000000000000e+01,-4.114918708801269531e-01,3.100000000000000000e+01,-4.333529472351074219e-01,3.200000000000000000e+01,-3.023389726877212524e-02,3.300000000000000000e+01,-1.943159818649291992e+00,5.100000000000000000e+01,-6.617526412010192871e-01,5.200000000000000000e+01,3.722628355026245117e-01,5.300000000000000000e+01,-2.257130146026611328e+00,2.100000000000000000e+01,-7.464097142219543457e-01,2.200000000000000000e+01,-3.862205147743225098e-01,2.300000000000000000e+01,2.069354534149169922e+00,4.100000000000000000e+01,5.356504321098327637e-01,4.200000000000000000e+01,-3.161730766296386719e-01,4.300000000000000000e+01,2.193897962570190430e+00,6.100000000000000000e+01,7.552598714828491211e-01,6.200000000000000000e+01,-1.830337792634963989e-01,6.300000000000000000e+01,2.221311569213867188e+00
1.100000000000000000e+01,6.945133209228515625e-01,1.200000000000000000e+01,2.243730574846267700e-01,1.300000000000000000e+01,-4.083875417709350586e-01,3.100000000000000000e+01,-5.795054137706756592e-02,3.200000000000000000e+01,-6.592147052288055420e-03,3.300000000000000000e+01,-1.844770550727844238e+00,5.100000000000000000e+01,-7.653464674949645996e-01,5.200000000000000000e+01,2.263288944959640503e-01,5.300000000000000000e+01,-2.243319511413574219e+00,2.100000000000000000e+01,-7.502194643020629883e-01,2.200000000000000000e+01,-3.040181994438171387e-01,2.300000000000000000e+01,2.236830711364746094e+00,4.100000000000000000e+01,6.474369168281555176e-01,4.200000000000000000e+01,-2.446637749671936035e-01,4.300000000000000000e+01,2.076136112213134766e+00,6.100000000000000000e+01,1.017206192016601562e+00,6.200000000000000000e+01,-1.794000118970870972e-01,6.300000000000000000e+01,2.357161998748779297e+00
1.100000000000000000e+01,7.601255774497985840e-01,1.200000000000000000e+01,2.185318171977996826e-01,1.300000000000000000e+01,-4.297046661376953125e-01,3.100000000000000000e+01,3.623293936252593994e-01,3.200000000000000000e+01,4.076796025037765503e-02,3.300000000000000000e+01,-1.691878199577331543e+00,5.100000000000000000e+01,-8.492759466171264648e-01,5.200000000000000000e+01,1.802391260862350464e-01,5.300000000000000000e+01,-2.221350669860839844e+00,2.100000000000000000e+01,-7.806085348129272461e-01,2.200000000000000000e+01,-2.497562766075134277e-01,2.300000000000000000e+01,2.302787065505981445e+00,4.100000000000000000e+01,6.813701987266540527e-01,4.200000000000000000e+01,-1.871830821037292480e-01,4.300000000000000000e+01,2.008359432220458984e+00,6.100000000000000000e+01,1.153217077255249023e+00,6.200000000000000000e+01,-1.789241284132003784e-01,6.300000000000000000e+01,2.357291698455810547e+00
1.100000000000000000e+01,8.543940782546997070e-01,1.200000000000000000e+01,1.778388768434524536e-01,1.300000000000000000e+01,-4.913505315780639648e-01,3.100000000000000000e+01,6.879151463508605957e-01,3.200000000000000000e+01,1.360920667648315430e-01,3.300000000000000000e+01,-1.548558115959167480e+00,5.100000000000000000e+01,-9.010750651359558105e-01,5.200000000000000000e+01,1.666720956563949585e-01,5.300000000000000000e+01,-2.216850996017456055e+00,2.100000000000000000e+01,-8.584733605384826660e-01,2.200000000000000000e+01,-1.848564893007278442e-01,2.300000000000000000e+01,2.322649002075195312e+00,4.100000000000000000e+01,6.949808597564697266e-01,4.200000000000000000e+01,-1.438813805580139160e-01,4.300000000000000000e+01,1.928102731704711914e+00,6.100000000000000000e+01,1.223059654235839844e+00,6.200000000000000000e+01,-1.798668056726455688e-01,6.300000000000000000e+01,2.253765344619750977e+00
1.100000000000000000e+01,1.028541922569274902e+00,1.200000000000000000e+01,1.308790892362594604e-01,1.300000000000000000e+01,-7.784997224807739258e-01,3.100000000000000000e+01,8.810738325119018555e-01,3.200000000000000000e+01,3.711378574371337891e-01,3.300000000000000000e+01,-1.296878814697265625e+00,5.100000000000000000e+01,-8.822736740112304688e-01,5.200000000000000000e+01,1.628629714250564575e-01,5.300000000000000000e+01,-2.019756555557250977e+00,2.100000000000000000e+01,-1.067934274673461914e+00,2.200000000000000000e+01,-5.286981165409088135e-02,2.300000000000000000e+01,2.338616132736206055e+00,4.100000000000000000e+01,6.985530853271484375e-01,4.200000000000000000e+01,-8.373221009969711304e-02,4.300000000000000000e+01,1.392906665802001953e+00,6.100000000000000000e+01,1.234593391418457031e+00,6.200000000000000000e+01,-1.913758367300033569e-01,6.300000000000000000e+01,1.750579357147216797e+00
1.100000000000000000e+01,9.678627252578735352e-01,1.200000000000000000e+01,7.457916438579559326e-02,1.300000000000000000e+01,-1.000559926033020020e+00,3.100000000000000000e+01,8.978099822998046875e-01,3.200000000000000000e+01,4.273800253868103027e-01,3.300000000000000000e+01,-1.335512876510620117e+00,5.100000000000000000e+01,-7.336834073066711426e-01,5.200000000000000000e+01,1.633591204881668091e-01,5.300000000000000000e+01,-1.683987379074096680e+00,2.100000000000000000e+01,-1.162579059600830078e+00,2.200000000000000000e+01,-2.481864392757415771e-02,2.300000000000000000e+01,2.301280498504638672e+00,4.100000000000000000e+01,6.811180114746093750e-01,4.200000000000000000e+01,-9.788834303617477417e-02,4.300000000000000000e+01,9.854339361190795898e-01,6.100000000000000000e+01,1.171527743339538574e+00,6.200000000000000000e+01,-2.154869884252548218e-01,6.300000000000000000e+01,1.377179622650146484e+00
1.100000000000000000e+01,1.322915792465209961e+00,1.200000000000000000e+01,8.944995701313018799e-02,1.300000000000000000e+01,-2.376442193984985352e+00,3.100000000000000000e+01,8.962514400482177734e-01,3.200000000000000000e+01,4.697476029396057129e-01,3.300000000000000000e+01,-5.994040369987487793e-01,5.100000000000000000e+01,-1.074161529541015625e+00,5.200000000000000000e+01,1.851419359445571899e-01,5.300000000000000000e+01,-1.150399804115295410e+00,2.100000000000000000e+01,-1.340722560882568359e+00,2.200000000000000000e+01,1.898632943630218506e-02,2.300000000000000000e+01,2.265191793441772461e+00,4.100000000000000000e+01,6.801497340202331543e-01,4.200000000000000000e+01,6.081353873014450073e-02,4.300000000000000000e+01,7.354848980903625488e-01,6.100000000000000000e+01,6.678944826126098633e-01,6.200000000000000000e+01,-1.828507333993911743e-01,6.300000000000000000e+01,1.882663369178771973e+00
1.100000000000000000e+01,1.281942844390869141e+00,1.200000000000000000e+01,3.282825052738189697e-01,1.300000000000000000e+01,-9.003437161445617676e-01,3.100000000000000000e+01,9.058374166488647461e-01,3.200000000000000000e+01,3.473592400550842285e-01,3.300000000000000000e+01,-8.437818288803100586e-01,5.100000000000000000e+01,-5.514808893203735352e-01,5.200000000000000000e+01,1.653259545564651489e-01,5.300000000000000000e+01,-1.263682842254638672e+00,2.100000000000000000e+01,-1.339447975158691406e+00,2.200000000000000000e+01,1.142142713069915771e-02,2.300000000000000000e+01,2.031172752380371094e+00,4.100000000000000000e+01,4.650574922561645508e-01,4.200000000000000000e+01,-5.236931145191192627e-03,4.300000000000000000e+01,8.447976708412170410e-01,6.100000000000000000e+01,1.010469436645507812e+00,6.200000000000000000e+01,-1.766075938940048218e-01,6.300000000000000000e+01,5.916137695312500000e-01
1.100000000000000000e+01,7.436392307281494141e-01,1.200000000000000000e+01,-7.778272032737731934e-03,1.300000000000000000e+01,-1.573889255523681641e+00,3.100000000000000000e+01,9.030330777168273926e-01,3.200000000000000000e+01,4.747710227966308594e-01,3.300000000000000000e+01,-1.472080230712890625e+00,5.100000000000000000e+01,-4.182414412498474121e-01,5.200000000000000000e+01,1.817129701375961304e-01,5.300000000000000000e+01,-8.189083337783813477e-01,2.100000000000000000e+01,-1.319783926010131836e+00,2.200000000000000000e+01,-2.106551826000213623e-02,2.300000000000000000e+01,1.611004829406738281e+00,4.100000000000000000e+01,1.703113615512847900e-01,4.200000000000000000e+01,-3.064765930175781250e-01,4.300000000000000000e+01,6.158506274223327637e-01,6.100000000000000000e+01,6.044158935546875000e-01,6.200000000000000000e+01,-4.626059532165527344e-01,6.300000000000000000e+01,7.005288004875183105e-01
1.100000000000000000e+01,9.879940748214721680e-01,1.200000000000000000e+01,3.233458995819091797e-01,1.300000000000000000e+01,-6.562937498092651367e-01,3.100000000000000000e+01,9.066613912582397461e-01,3.200000000000000000e+01,2.377952039241790771e-01,3.300000000000000000e+01,-8.943880796432495117e-01,5.100000000000000000e+01,-6.378492116928100586e-01,5.200000000000000000e+01,1.718940585851669312e-01,5.300000000000000000e+01,-1.198351860046386719e+00,2.100000000000000000e+01,-1.310508728027343750e+00,2.200000000000000000e+01,-3.179378807544708252e-02,2.300000000000000000e+01,1.870952248573303223e+00,4.100000000000000000e+01,9.430548548698425293e-02,4.200000000000000000e+01,-1.317101716995239258e-01,4.300000000000000000e+01,8.738734126091003418e-01,6.100000000000000000e+01,1.139334678649902344e+00,6.200000000000000000e+01,-1.949933022260665894e-01,6.300000000000000000e+01,5.890703201293945312e-01
1.100000000000000000e+01,6.290688514709472656e-01,1.200000000000000000e+01,-1.376642286777496338e-02,1.300000000000000000e+01,-1.575117826461791992e+00,3.100000000000000000e+01,9.042547345161437988e-01,3.200000000000000000e+01,4.400855898857116699e-01,3.300000000000000000e+01,-1.764505624771118164e+00,5.100000000000000000e+01,-4.100673496723175049e-01,5.200000000000000000e+01,2.607914209365844727e-01,5.300000000000000000e+01,-8.243559002876281738e-01,2.100000000000000000e+01,-1.229905366897583008e+00,2.200000000000000000e+01,-1.562994420528411865e-01,2.300000000000000000e+01,1.716140031814575195e+00,4.100000000000000000e+01,-4.789588749408721924e-01,4.200000000000000000e+01,-4.299254417419433594e-01,4.300000000000000000e+01,6.462442874908447266e-01,6.100000000000000000e+01,7.991173267364501953e-01,6.200000000000000000e+01,-6.731325387954711914e-01,6.300000000000000000e+01,7.374351620674133301e-01
1.100000000000000000e+01,1.175946235656738281e+00,1.200000000000000000e+01,2.004554420709609985e-01,1.300000000000000000e+01,-2.208826541900634766e+00,3.100000000000000000e+01,9.022377729415893555e-01,3.200000000000000000e+01,1.777842342853546143e-01,3.300000000000000000e+01,-6.793601512908935547e-01,5.100000000000000000e+01,-9.526260495185852051e-01,5.200000000000000000e+01,4.796184301376342773e-01,5.300000000000000000e+01,-1.068451881408691406e+00,2.100000000000000000e+01,-1.219134807586669922e+00,2.200000000000000000e+01,-4.883234202861785889e-02,2.300000000000000000e+01,2.320981502532958984e+00,4.100000000000000000e+01,5.454376339912414551e-03,4.200000000000000000e+01,-5.543542653322219849e-02,4.300000000000000000e+01,6.799746751785278320e-01,6.100000000000000000e+01,3.452845811843872070e-01,6.200000000000000000e+01,-1.888176947832107544e-01,6.300000000000000000e+01,6.077551841735839844e-01
1.100000000000000000e+01,7.955708503723144531e-01,1.200000000000000000e+01,8.809104561805725098e-03,1.300000000000000000e+01,-9.311293363571166992e-01,3.100000000000000000e+01,9.046165943145751953e-01,3.200000000000000000e+01,-6.574874371290206909e-02,3.300000000000000000e+01,-1.911571502685546875e+00,5.100000000000000000e+01,-4.991517961025238037e-01,5.200000000000000000e+01,3.834750652313232422e-01,5.300000000000000000e+01,-1.204424738883972168e+00,2.100000000000000000e+01,-7.883010506629943848e-01,2.200000000000000000e+01,-1.662398427724838257e-01,2.300000000000000000e+01,1.843003034591674805e+00,4.100000000000000000e+01,-8.920983970165252686e-02,4.200000000000000000e+01,-2.845355570316314697e-01,4.300000000000000000e+01,7.685462236404418945e-01,6.100000000000000000e+01,1.072355270385742188e+00,6.200000000000000000e+01,-1.662905365228652954e-01,6.300000000000000000e+01,6.009628772735595703e-01
1.100000000000000000e+01,7.462292313575744629e-01,1.200000000000000000e+01,7.848665118217468262e-03,1.300000000000000000e+01,-8.910363912582397461e-01,3.100000000000000000e+01,9.024924039840698242e-01,3.200000000000000000e+01,-7.026594132184982300e-02,3.300000000000000000e+01,-2.002033233642578125e+00,5.100000000000000000e+01,-4.713757634162902832e-01,5.200000000000000000e+01,4.957181215286254883e-01,5.300000000000000000e+01,-1.137462735176086426e+00,2.100000000000000000e+01,-7.447947263717651367e-01,2.200000000000000000e+01,-1.889586150646209717e-01,2.300000000000000000e+01,1.962782621383666992e+00,4.100000000000000000e+01,-8.989252150058746338e-02,4.200000000000000000e+01,-2.728874385356903076e-01,4.300000000000000000e+01,7.333153486251831055e-01,6.100000000000000000e+01,1.021641016006469727e+00,6.200000000000000000e+01,-1.683389395475387573e-01,6.300000000000000000e+01,6.102838516235351562e-01
1.100000000000000000e+01,7.157562971115112305e-01,1.200000000000000000e+01,-2.279728651046752930e-04,1.300000000000000000e+01,-8.887870311737060547e-01,3.100000000000000000e+01,8.927418589591979980e-01,3.200000000000000000e+01,-7.619868963956832886e-02,3.300000000000000000e+01,-2.149937629699707031e+00,5.100000000000000000e+01,-4.775119423866271973e-01,5.200000000000000000e+01,5.964383482933044434e-01,5.300000000000000000e+01,-1.297187685966491699e+00,2.100000000000000000e+01,-7.223604917526245117e-01,2.200000000000000000e+01,-2.242549806833267212e-01,2.300000000000000000e+01,2.030710220336914062e+00,4.100000000000000000e+01,-1.504623144865036011e-02,4.200000000000000000e+01,-1.868999302387237549e-01,4.300000000000000000e+01,6.938160061836242676e-01,6.100000000000000000e+01,1.084850788116455078e+00,6.200000000000000000e+01,-1.671367734670639038e-01,6.300000000000000000e+01,6.632930636405944824e-01
1.100000000000000000e+01,7.293201684951782227e-01,1.200000000000000000e+01,3.492502868175506592e-02,1.300000000000000000e+01,-1.295711040496826172e+00,3.100000000000000000e+01,8.605433106422424316e-01,3.200000000000000000e+01,-4.030739516019821167e-02,3.300000000000000000e+01,-2.166452646255493164e+00,5.100000000000000000e+01,-2.901306152343750000e-01,5.200000000000000000e+01,7.004044055938720703e-01,5.300000000000000000e+01,-1.748038053512573242e+00,2.100000000000000000e+01,-1.160386681556701660e+00,2.200000000000000000e+01,-2.916716039180755615e-02,2.300000000000000000e+01,2.287764310836791992e+00,4.100000000000000000e+01,-2.874091863632202148e-01,4.200000000000000000e+01,3.926478326320648193e-03,4.300000000000000000e+01,5.716986060142517090e-01,6.100000000000000000e+01,8.203831911087036133e-01,6.200000000000000000e+01,-2.130513638257980347e-01,6.300000000000000000e+01,1.108967304229736328e+00
1.100000000000000000e+01,8.746262788772583008e-01,1.200000000000000000e+01,1.496686041355133057e-02,1.300000000000000000e+01,-2.155557870864868164e+00,3.100000000000000000e+01,4.440858960151672363e-01,3.200000000000000000e+01,4.123368114233016968e-02,3.300000000000000000e+01,-1.535532712936401367e+00,5.100000000000000000e+01,-4.030032157897949219e-01,5.200000000000000000e+01,9.163066744804382324e-01,5.300000000000000000e+01,-1.892748117446899414e+00,2.100000000000000000e+01,-1.171026825904846191e+00,2.200000000000000000e+01,-3.066226840019226074e-03,2.300000000000000000e+01,2.407242774963378906e+00,4.100000000000000000e+01,7.931369543075561523e-02,4.200000000000000000e+01,6.012900918722152710e-02,4.300000000000000000e+01,6.023424267768859863e-01,6.100000000000000000e+01,3.113087713718414307e-01,6.200000000000000000e+01,-1.762376874685287476e-01,6.300000000000000000e+01,2.040033102035522461e+00
1.100000000000000000e+01,9.497278928756713867e-01,1.200000000000000000e+01,2.722434699535369873e-02,1.300000000000000000e+01,-2.218483448028564453e+00,3.100000000000000000e+01,-8.442914485931396484e-02,3.200000000000000000e+01,-1.118583232164382935e-02,3.300000000000000000e+01,-1.551182866096496582e+00,5.100000000000000000e+01,-4.229132831096649170e-01,5.200000000000000000e+01,9.179480075836181641e-01,5.300000000000000000e+01,-2.304595947265625000e+00,2.100000000000000000e+01,-1.161160349845886230e+00,2.200000000000000000e+01,-2.608065307140350342e-02,2.300000000000000000e+01,2.402637004852294922e+00,4.100000000000000000e+01,-8.700511604547500610e-02,4.200000000000000000e+01,5.668082088232040405e-02,4.300000000000000000e+01,7.286078333854675293e-01,6.100000000000000000e+01,2.918187975883483887e-01,6.200000000000000000e+01,-1.740443855524063110e-01,6.300000000000000000e+01,1.798889636993408203e+00
1.100000000000000000e+01,1.022611618041992188e+00,1.200000000000000000e+01,3.795750439167022705e-02,1.300000000000000000e+01,-2.265346765518188477e+00,3.100000000000000000e+01,-3.784390091896057129e-01,3.200000000000000000e+01,-3.180562704801559448e-02,3.300000000000000000e+01,-1.513942122459411621e+00,5.100000000000000000e+01,-4.326886832714080811e-01,5.200000000000000000e+01,9.174869656562805176e-01,5.300000000000000000e+01,-2.492005825042724609e+00,2.100000000000000000e+01,-1.179836034774780273e+00,2.200000000000000000e+01,-5.230851471424102783e-02,2.300000000000000000e+01,2.394991874694824219e+00,4.100000000000000000e+01,-3.284509181976318359e-01,4.200000000000000000e+01,4.390703886747360229e-02,4.300000000000000000e+01,9.949989318847656250e-01,6.100000000000000000e+01,2.824506461620330811e-01,6.200000000000000000e+01,-1.726969629526138306e-01,6.300000000000000000e+01,1.380508422851562500e+00
1.100000000000000000e+01,1.019800186157226562e+00,1.200000000000000000e+01,3.636427223682403564e-02,1.300000000000000000e+01,-2.150799751281738281e+00,3.100000000000000000e+01,-5.190135240554809570e-01,3.200000000000000000e+01,-6.015553325414657593e-02,3.300000000000000000e+01,-1.544507980346679688e+00,5.100000000000000000e+01,-4.884130060672760010e-01,5.200000000000000000e+01,9.177012443542480469e-01,5.300000000000000000e+01,-2.585343599319458008e+00,2.100000000000000000e+01,-1.182466506958007812e+00,2.200000000000000000e+01,-7.978157699108123779e-02,2.300000000000000000e+01,2.379657030105590820e+00,4.100000000000000000e+01,-4.927408695220947266e-01,4.200000000000000000e+01,3.362629562616348267e-02,4.300000000000000000e+01,1.307508230209350586e+00,6.100000000000000000e+01,3.194367885589599609e-01,6.200000000000000000e+01,-1.673744171857833862e-01,6.300000000000000000e+01,1.344061613082885742e+00
1.100000000000000000e+01,7.398037910461425781e-01,1.200000000000000000e+01,7.409654557704925537e-02,1.300000000000000000e+01,-1.387522220611572266e+00,3.100000000000000000e+01,3.590278625488281250e-01,3.200000000000000000e+01,-7.315330952405929565e-02,3.300000000000000000e+01,-2.174040079116821289e+00,5.100000000000000000e+01,-3.726068437099456787e-01,5.200000000000000000e+01,6.502176523208618164e-01,5.300000000000000000e+01,-2.501357555389404297e+00,2.100000000000000000e+01,-1.127478599548339844e+00,2.200000000000000000e+01,-1.345689147710800171e-01,2.300000000000000000e+01,2.270271301269531250e+00,4.100000000000000000e+01,-7.533435821533203125e-01,4.200000000000000000e+01,-6.617899984121322632e-02,4.300000000000000000e+01,1.009197950363159180e+00,6.100000000000000000e+01,5.744519829750061035e-01,6.200000000000000000e+01,-1.958271414041519165e-01,6.300000000000000000e+01,7.133697867393493652e-01
1.100000000000000000e+01,7.174041271209716797e-01,1.200000000000000000e+01,6.519915163516998291e-02,1.300000000000000000e+01,-1.285519003868103027e+00,3.100000000000000000e+01,5.863447785377502441e-01,3.200000000000000000e+01,-7.200812548398971558e-02,3.300000000000000000e+01,-2.172967672348022461e+00,5.100000000000000000e+01,-4.201539456844329834e-01,5.200000000000000000e+01,5.791822075843811035e-01,5.300000000000000000e+01,-2.406553506851196289e+00,2.100000000000000000e+01,-1.140621542930603027e+00,2.200000000000000000e+01,-1.056963056325912476e-01,2.300000000000000000e+01,2.242327451705932617e+00,4.100000000000000000e+01,-7.688690423965454102e-01,4.200000000000000000e+01,-5.286308377981185913e-02,4.300000000000000000e+01,9.727721214294433594e-01,6.100000000000000000e+01,5.646950006484985352e-01,6.200000000000000000e+01,-1.867957860231399536e-01,6.300000000000000000e+01,6.837463378906250000e-01
1.100000000000000000e+01,6.879552602767944336e-01,1.200000000000000000e+01,5.485774576663970947e-02,1.300000000000000000e+01,-1.074083209037780762e+00,3.100000000000000000e+01,7.018283009529113770e-01,3.200000000000000000e+01,-7.150536030530929565e-02,3.300000000000000000e+01,-2.152776956558227539e+00,5.100000000000000000e+01,-4.967255294322967529e-01,5.200000000000000000e+01,5.567208528518676758e-01,5.300000000000000000e+01,-2.215405702590942383e+00,2.100000000000000000e+01,-1.089894533157348633e+00,2.200000000000000000e+01,-8.054567873477935791e-02,2.300000000000000000e+01,2.258253812789916992e+00,4.100000000000000000e+01,-7.450787425041198730e-01,4.200000000000000000e+01,-4.532589763402938843e-02,4.300000000000000000e+01,9.606474041938781738e-01,6.100000000000000000e+01,5.492641925811767578e-01,6.200000000000000000e+01,-1.775852292776107788e-01,6.300000000000000000e+01,6.896364092826843262e-01
1.100000000000000000e+01,6.683370471000671387e-01,1.200000000000000000e+01,4.582636058330535889e-02,1.300000000000000000e+01,-8.942878246307373047e-01,3.100000000000000000e+01,7.960551977157592773e-01,3.200000000000000000e+01,-6.850185245275497437e-02,3.300000000000000000e+01,-2.138948440551757812e+00,5.100000000000000000e+01,-5.302377939224243164e-01,5.200000000000000000e+01,5.222948789596557617e-01,5.300000000000000000e+01,-1.916477680206298828e+00,2.100000000000000000e+01,-1.070162415504455566e+00,2.200000000000000000e+01,-5.270649492740631104e-02,2.300000000000000000e+01,2.228852748870849609e+00,4.100000000000000000e+01,-7.196075320243835449e-01,4.200000000000000000e+01,-4.219163209199905396e-02,4.300000000000000000e+01,8.915292620658874512e-01,6.100000000000000000e+01,5.537896156311035156e-01,6.200000000000000000e+01,-1.737055629491806030e-01,6.300000000000000000e+01,6.918345689773559570e-01
1.100000000000000000e+01,7.040840387344360352e-01,1.200000000000000000e+01,9.745702147483825684e-03,1.300000000000000000e+01,-1.413402080535888672e+00,3.100000000000000000e+01,3.065399527549743652e-01,3.200000000000000000e+01,-5.353852361440658569e-02,3.300000000000000000e+01,-1.567636489868164062e+00,5.100000000000000000e+01,-8.669089078903198242e-01,5.200000000000000000e+01,8.994256258010864258e-01,5.300000000000000000e+01,-2.032054901123046875e+00,2.100000000000000000e+01,-1.152209997177124023e+00,2.200000000000000000e+01,5.419895052909851074e-03,2.300000000000000000e+01,2.323540687561035156e+00,4.100000000000000000e+01,-5.339006781578063965e-01,4.200000000000000000e+01,4.298792034387588501e-02,4.300000000000000000e+01,1.385510921478271484e+00,6.100000000000000000e+01,3.130677044391632080e-01,6.200000000000000000e+01,-1.630931049585342407e-01,6.300000000000000000e+01,1.298999309539794922e+00
1.100000000000000000e+01,6.659512519836425781e-01,1.200000000000000000e+01,1.271428167819976807e-02,1.300000000000000000e+01,-1.318978786468505859e+00,3.100000000000000000e+01,2.825791388750076294e-02,3.200000000000000000e+01,-5.414789170026779175e-02,3.300000000000000000e+01,-1.666385889053344727e+00,5.100000000000000000e+01,-8.588696718215942383e-01,5.200000000000000000e+01,9.107067584991455078e-01,5.300000000000000000e+01,-1.965996980667114258e+00,2.100000000000000000e+01,-1.087850570678710938e+00,2.200000000000000000e+01,9.181052446365356445e-04,2.300000000000000000e+01,2.307398796081542969e+00,4.100000000000000000e+01,-5.428513884544372559e-01,4.200000000000000000e+01,3.193495422601699829e-02,4.300000000000000000e+01,1.591371774673461914e+00,6.100000000000000000e+01,2.846549451351165771e-01,6.200000000000000000e+01,-1.634898632764816284e-01,6.300000000000000000e+01,1.520689964294433594e+00
1.100000000000000000e+01,6.521706581115722656e-01,1.200000000000000000e+01,1.776213943958282471e-02,1.300000000000000000e+01,-1.142339825630187988e+00,3.100000000000000000e+01,-2.614586353302001953e-01,3.200000000000000000e+01,-5.933519452810287476e-02,3.300000000000000000e+01,-1.758263707160949707e+00,5.100000000000000000e+01,-7.984426021575927734e-01,5.200000000000000000e+01,9.183802604675292969e-01,5.300000000000000000e+01,-2.069965124130249023e+00,2.100000000000000000e+01,-1.005043864250183105e+00,2.200000000000000000e+01,-7.563039660453796387e-03,2.300000000000000000e+01,2.282174825668334961e+00,4.100000000000000000e+01,-4.313897490501403809e-01,4.200000000000000000e+01,3.297748416662216187e-02,4.300000000000000000e+01,1.539748668670654297e+00,6.100000000000000000e+01,2.843830883502960205e-01,6.200000000000000000e+01,-1.638910919427871704e-01,6.300000000000000000e+01,1.960978150367736816e+00
1.100000000000000000e+01,6.496846079826354980e-01,1.200000000000000000e+01,2.883855998516082764e-02,1.300000000000000000e+01,-9.149005413055419922e-01,3.100000000000000000e+01,-5.435042381286621094e-01,3.200000000000000000e+01,-6.659769266843795776e-02,3.300000000000000000e+01,-1.801567554473876953e+00,5.100000000000000000e+01,-6.987543702125549316e-01,5.200000000000000000e+01,9.242327213287353516e-01,5.300000000000000000e+01,-2.334001541137695312e+00,2.100000000000000000e+01,-9.196953773498535156e-01,2.200000000000000000e+01,-2.393199503421783447e-02,2.300000000000000000e+01,2.216550350189208984e+00,4.100000000000000000e+01,-3.145261406898498535e-01,4.200000000000000000e+01,2.299589663743972778e-02,4.300000000000000000e+01,1.568585872650146484e+00,6.100000000000000000e+01,3.007228970527648926e-01,6.200000000000000000e+01,-1.643176823854446411e-01,6.300000000000000000e+01,2.294351100921630859e+00
1.100000000000000000e+01,6.205488443374633789e-01,1.200000000000000000e+01,7.013298571109771729e-02,1.300000000000000000e+01,-4.710202217102050781e-01,3.100000000000000000e+01,3.344942927360534668e-01,3.200000000000000000e+01,-7.158108800649642944e-02,3.300000000000000000e+01,-2.204017162322998047e+00,5.100000000000000000e+01,-4.433983266353607178e-01,5.200000000000000000e+01,7.144845128059387207e-01,5.300000000000000000e+01,-1.946620225906372070e+00,2.100000000000000000e+01,-8.194851279258728027e-01,2.200000000000000000e+01,-6.368185579776763916e-02,2.300000000000000000e+01,1.723090410232543945e+00,4.100000000000000000e+01,-6.033048629760742188e-01,4.200000000000000000e+01,-2.105746865272521973e-01,4.300000000000000000e+01,1.247927546501159668e+00,6.100000000000000000e+01,4.217771589756011963e-01,6.200000000000000000e+01,-1.864810436964035034e-01,6.300000000000000000e+01,1.093043684959411621e+00
1.100000000000000000e+01,6.231734752655029297e-01,1.200000000000000000e+01,1.114197224378585815e-01,1.300000000000000000e+01,-4.317538738250732422e-01,3.100000000000000000e+01,4.728103876113891602e-01,3.200000000000000000e+01,-6.927838176488876343e-02,3.300000000000000000e+01,-2.224525928497314453e+00,5.100000000000000000e+01,-4.434278905391693115e-01,5.200000000000000000e+01,7.083573341369628906e-01,5.300000000000000000e+01,-1.986745834350585938e+00,2.100000000000000000e+01,-8.372018337249755859e-01,2.200000000000000000e+01,-6.415392458438873291e-02,2.300000000000000000e+01,1.699018001556396484e+00,4.100000000000000000e+01,-6.274181604385375977e-01,4.200000000000000000e+01,-1.889755725860595703e-01,4.300000000000000000e+01,1.110353112220764160e+00,6.100000000000000000e+01,4.086774587631225586e-01,6.200000000000000000e+01,-1.928364783525466919e-01,6.300000000000000000e+01,1.081906199455261230e+00
1.100000000000000000e+01,6.669486761093139648e-01,1.200000000000000000e+01,8.442561328411102295e-02,1.300000000000000000e+01,-5.474654436111450195e-01,3.100000000000000000e+01,-1.637530624866485596e-01,3.200000000000000000e+01,-4.805701225996017456e-02,3.300000000000000000e+01,-1.832692027091979980e+00,5.100000000000000000e+01,-6.889922022819519043e-01,5.200000000000000000e+01,9.132450819015502930e-01,5.300000000000000000e+01,-2.341759443283081055e+00,2.100000000000000000e+01,-1.053139925003051758e+00,2.200000000000000000e+01,3.543123602867126465e-03,2.300000000000000000e+01,2.113888740539550781e+00,4.100000000000000000e+01,-2.917042970657348633e-01,4.200000000000000000e+01,4.190028458833694458e-02,4.300000000000000000e+01,9.959229826927185059e-01,6.100000000000000000e+01,3.400110602378845215e-01,6.200000000000000000e+01,-1.647788733243942261e-01,6.300000000000000000e+01,2.332107543945312500e+00
1.100000000000000000e+01,7.159847021102905273e-01,1.200000000000000000e+01,1.445420682430267334e-01,1.300000000000000000e+01,-5.490961074829101562e-01,3.100000000000000000e+01,-4.713267087936401367e-03,3.200000000000000000e+01,-2.272561937570571899e-02,3.300000000000000000e+01,-1.815682768821716309e+00,5.100000000000000000e+01,-7.785250544548034668e-01,5.200000000000000000e+01,9.030030369758605957e-01,5.300000000000000000e+01,-2.360729694366455078e+00,2.100000000000000000e+01,-1.104259848594665527e+00,2.200000000000000000e+01,8.392140269279479980e-03,2.300000000000000000e+01,2.221981525421142578e+00,4.100000000000000000e+01,-2.591072022914886475e-01,4.200000000000000000e+01,5.517484992742538452e-02,4.300000000000000000e+01,8.353263139724731445e-01,6.100000000000000000e+01,3.280681073665618896e-01,6.200000000000000000e+01,-1.646466404199600220e-01,6.300000000000000000e+01,2.302875995635986328e+00
1.100000000000000000e+01,7.833077311515808105e-01,1.200000000000000000e+01,1.635943353176116943e-01,1.300000000000000000e+01,-5.514775514602661133e-01,3.100000000000000000e+01,-2.121234834194183350e-01,3.200000000000000000e+01,-2.061586827039718628e-02,3.300000000000000000e+01,-1.703772068023681641e+00,5.100000000000000000e+01,-8.338894844055175781e-01,5.200000000000000000e+01,8.999353647232055664e-01,5.300000000000000000e+01,-2.471677780151367188e+00,2.100000000000000000e+01,-1.102356195449829102e+00,2.200000000000000000e+01,5.344495177268981934e-03,2.300000000000000000e+01,2.259934902191162109e+00,4.100000000000000000e+01,-2.298266887664794922e-01,4.200000000000000000e+01,5.274467915296554565e-02,4.300000000000000000e+01,9.458593130111694336e-01,6.100000000000000000e+01,3.477523922920227051e-01,6.200000000000000000e+01,-1.638198345899581909e-01,6.300000000000000000e+01,2.292529106140136719e+00
1.100000000000000000e+01,8.487645387649536133e-01,1.200000000000000000e+01,1.970089972019195557e-01,1.300000000000000000e+01,-5.781602859497070312e-01,3.100000000000000000e+01,-3.443287611007690430e-01,3.200000000000000000e+01,-1.424770802259445190e-02,3.300000000000000000e+01,-1.743680953979492188e+00,5.100000000000000000e+01,-8.553259372711181641e-01,5.200000000000000000e+01,9.013858437538146973e-01,5.300000000000000000e+01,-2.561070442199707031e+00,2.100000000000000000e+01,-1.106231808662414551e+00,2.200000000000000000e+01,-2.882674336433410645e-03,2.300000000000000000e+01,2.339279651641845703e+00,4.100000000000000000e+01,-2.650808691978454590e-01,4.200000000000000000e+01,5.067389458417892456e-02,4.300000000000000000e+01,1.047348499298095703e+00,6.100000000000000000e+01,3.672845661640167236e-01,6.200000000000000000e+01,-1.643401533365249634e-01,6.300000000000000000e+01,2.298802614212036133e+00
1.100000000000000000e+01,8.707938194274902344e-01,1.200000000000000000e+01,2.084686607122421265e-01,1.300000000000000000e+01,-6.471579074859619141e-01,3.100000000000000000e+01,-3.420749604701995850e-01,3.200000000000000000e+01,-1.807679980993270874e-02,3.300000000000000000e+01,-1.873648405075073242e+00,5.100000000000000000e+01,-8.176795840263366699e-01,5.200000000000000000e+01,9.067821502685546875e-01,5.300000000000000000e+01,-2.564072608947753906e+00,2.100000000000000000e+01,-1.087139129638671875e+00,2.200000000000000000e+01,-1.952619850635528564e-02,2.300000000000000000e+01,2.318318605422973633e+00,4.100000000000000000e+01,-4.137833714485168457e-01,4.200000000000000000e+01,4.193457216024398804e-02,4.300000000000000000e+01,1.274235725402832031e+00,6.100000000000000000e+01,3.174812495708465576e-01,6.200000000000000000e+01,-1.658511608839035034e-01,6.300000000000000000e+01,2.138278007507324219e+00
1.100000000000000000e+01,8.753912448883056641e-01,1.200000000000000000e+01,1.771719604730606079e-01,1.300000000000000000e+01,-8.453074693679809570e-01,3.100000000000000000e+01,-2.224653959274291992e-02,3.200000000000000000e+01,7.933750748634338379e-04,3.300000000000000000e+01,-1.991498231887817383e+00,5.100000000000000000e+01,-7.766484618186950684e-01,5.200000000000000000e+01,9.024499654769897461e-01,5.300000000000000000e+01,-2.495424985885620117e+00,2.100000000000000000e+01,-1.099810242652893066e+00,2.200000000000000000e+01,-3.108577430248260498e-02,2.300000000000000000e+01,2.280521631240844727e+00,4.100000000000000000e+01,-6.028533577919006348e-01,4.200000000000000000e+01,3.379660099744796753e-02,4.300000000000000000e+01,1.384324789047241211e+00,6.100000000000000000e+01,2.779366970062255859e-01,6.200000000000000000e+01,-1.686185449361801147e-01,6.300000000000000000e+01,1.684405446052551270e+00
1.100000000000000000e+01,8.684758543968200684e-01,1.200000000000000000e+01,1.731692254543304443e-01,1.300000000000000000e+01,-1.017508029937744141e+00,3.100000000000000000e+01,3.517233431339263916e-01,3.200000000000000000e+01,5.665073543787002563e-02,3.300000000000000000e+01,-2.045320749282836914e+00,5.100000000000000000e+01,-7.620502710342407227e-01,5.200000000000000000e+01,8.965040445327758789e-01,5.300000000000000000e+01,-2.346359491348266602e+00,2.100000000000000000e+01,-1.123648643493652344e+00,2.200000000000000000e+01,-2.924390137195587158e-02,2.300000000000000000e+01,2.235387802124023438e+00,4.100000000000000000e+01,-7.020962834358215332e-01,4.200000000000000000e+01,2.695447951555252075e-02,4.300000000000000000e+01,1.400264382362365723e+00,6.100000000000000000e+01,2.612846493721008301e-01,6.200000000000000000e+01,-1.717538386583328247e-01,6.300000000000000000e+01,1.306575059890747070e+00
1.100000000000000000e+01,8.145149946212768555e-01,1.200000000000000000e+01,1.724017411470413208e-01,1.300000000000000000e+01,-9.921017885208129883e-01,3.100000000000000000e+01,6.795322299003601074e-01,3.200000000000000000e+01,1.315283477306365967e-01,3.300000000000000000e+01,-2.060503721237182617e+00,5.100000000000000000e+01,-7.888993620872497559e-01,5.200000000000000000e+01,8.755409121513366699e-01,5.300000000000000000e+01,-1.949298858642578125e+00,2.100000000000000000e+01,-1.126114368438720703e+00,2.200000000000000000e+01,-1.980070769786834717e-02,2.300000000000000000e+01,2.148830890655517578e+00,4.100000000000000000e+01,-7.372520565986633301e-01,4.200000000000000000e+01,1.319959014654159546e-02,4.300000000000000000e+01,1.347072124481201172e+00,6.100000000000000000e+01,2.560847401618957520e-01,6.200000000000000000e+01,-1.748562902212142944e-01,6.300000000000000000e+01,9.955296516418457031e-01
1.100000000000000000e+01,7.852165699005126953e-01,1.200000000000000000e+01,1.910359710454940796e-01,1.300000000000000000e+01,-8.076679706573486328e-01,3.100000000000000000e+01,8.072555661201477051e-01,3.200000000000000000e+01,2.000874280929565430e-01,3.300000000000000000e+01,-1.972792029380798340e+00,5.100000000000000000e+01,-9.244391918182373047e-01,5.200000000000000000e+01,8.294876813888549805e-01,5.300000000000000000e+01,-1.434424996376037598e+00,2.100000000000000000e+01,-1.082888126373291016e+00,2.200000000000000000e+01,-6.554260849952697754e-03,2.300000000000000000e+01,2.179007530212402344e+00,4.100000000000000000e+01,-6.996753811836242676e-01,4.200000000000000000e+01,5.906544625759124756e-03,4.300000000000000000e+01,1.271546840667724609e+00,6.100000000000000000e+01,2.555969357490539551e-01,6.200000000000000000e+01,-1.718387454748153687e-01,6.300000000000000000e+01,9.001117944717407227e-01
1.100000000000000000e+01,7.958015799522399902e-01,1.200000000000000000e+01,2.609259486198425293e-01,1.300000000000000000e+01,-5.546464920043945312e-01,3.100000000000000000e+01,8.132026195526123047e-01,3.200000000000000000e+01,1.992740035057067871e-01,3.300000000000000000e+01,-1.873903989791870117e+00,5.100000000000000000e+01,-1.066660642623901367e+00,5.200000000000000000e+01,7.952461838722229004e-01,5.300000000000000000e+01,-1.155640721321105957e+00,2.100000000000000000e+01,-1.017205953598022461e+00,2.200000000000000000e+01,1.163333654403686523e-04,2.300000000000000000e+01,2.216559410095214844e+00,4.100000000000000000e+01,-5.375408530235290527e-01,4.200000000000000000e+01,2.747722715139389038e-02,4.300000000000000000e+01,1.026759028434753418e+00,6.100000000000000000e+01,2.606691718101501465e-01,6.200000000000000000e+01,-1.679516583681106567e-01,6.300000000000000000e+01,1.042749643325805664e+00
1.100000000000000000e+01,7.885288000106811523e-01,1.200000000000000000e+01,3.521384596824645996e-01,1.300000000000000000e+01,-4.021661281585693359e-01,3.100000000000000000e+01,4.965755939483642578e-01,3.200000000000000000e+01,1.354969143867492676e-01,3.300000000000000000e+01,-1.857660055160522461e+00,5.100000000000000000e+01,-1.115203976631164551e+00,5.200000000000000000e+01,8.629989624023437500e-01,5.300000000000000000e+01,-1.118116617202758789e+00,2.100000000000000000e+01,-9.408118128776550293e-01,2.200000000000000000e+01,-6.170675158500671387e-03,2.300000000000000000e+01,2.107051849365234375e+00,4.100000000000000000e+01,-2.648437619209289551e-01,4.200000000000000000e+01,4.832600802183151245e-02,4.300000000000000000e+01,9.128847718238830566e-01,6.100000000000000000e+01,2.661534547805786133e-01,6.200000000000000000e+01,-1.664211899042129517e-01,6.300000000000000000e+01,1.735033512115478516e+00
1.100000000000000000e+01,7.810770869255065918e-01,1.200000000000000000e+01,4.350373148918151855e-01,1.300000000000000000e+01,-3.469173908233642578e-01,3.100000000000000000e+01,-2.956668734550476074e-01,3.200000000000000000e+01,7.213155180215835571e-02,3.300000000000000000e+01,-1.805664300918579102e+00,5.100000000000000000e+01,-1.114994168281555176e+00,5.200000000000000000e+01,9.040288925170898438e-01,5.300000000000000000e+01,-1.217658638954162598e+00,2.100000000000000000e+01,-8.665843605995178223e-01,2.200000000000000000e+01,-1.747389137744903564e-02,2.300000000000000000e+01,1.976649999618530273e+00,4.100000000000000000e+01,4.554510116577148438e-02,4.200000000000000000e+01,5.699553340673446655e-02,4.300000000000000000e+01,8.980114459991455078e-01,6.100000000000000000e+01,2.730005979537963867e-01,6.200000000000000000e+01,-1.661588698625564575e-01,6.300000000000000000e+01,2.354773283004760742e+00
1.100000000000000000e+01,7.849154472351074219e-01,1.200000000000000000e+01,4.400950074195861816e-01,1.300000000000000000e+01,-3.398685455322265625e-01,3.100000000000000000e+01,-6.395515799522399902e-01,3.200000000000000000e+01,3.836483508348464966e-02,3.300000000000000000e+01,-1.826946377754211426e+00,5.100000000000000000e+01,-1.068443894386291504e+00,5.200000000000000000e+01,9.222331047058105469e-01,5.300000000000000000e+01,-1.354165077209472656e+00,2.100000000000000000e+01,-8.127837181091308594e-01,2.200000000000000000e+01,-4.378701746463775635e-02,2.300000000000000000e+01,1.762323617935180664e+00,4.100000000000000000e+01,2.253556847572326660e-01,4.200000000000000000e+01,5.939736217260360718e-02,4.300000000000000000e+01,9.830342531204223633e-01,6.100000000000000000e+01,2.674145698547363281e-01,6.200000000000000000e+01,-1.679523438215255737e-01,6.300000000000000000e+01,2.543410301208496094e+00
1.100000000000000000e+01,6.351417303085327148e-01,1.200000000000000000e+01,1.169309467077255249e-01,1.300000000000000000e+01,-4.003328084945678711e-01,3.100000000000000000e+01,2.023190110921859741e-01,3.200000000000000000e+01,4.284401834011077881e-01,3.300000000000000000e+01,-2.310711622238159180e+00,5.100000000000000000e+01,-1.241204380989074707e+00,5.200000000000000000e+01,7.668306827545166016e-01,5.300000000000000000e+01,-6.091264486312866211e-01,2.100000000000000000e+01,-6.450504064559936523e-01,2.200000000000000000e+01,-2.347112298011779785e-01,2.300000000000000000e+01,1.205773949623107910e+00,4.100000000000000000e+01,-2.973899245262145996e-01,4.200000000000000000e+01,-1.984087824821472168e-01,4.300000000000000000e+01,1.549338579177856445e+00,6.100000000000000000e+01,2.500699758529663086e-01,6.200000000000000000e+01,-4.527634978294372559e-01,6.300000000000000000e+01,1.976167201995849609e+00
1.100000000000000000e+01,8.939623236656188965e-01,1.200000000000000000e+01,3.563732802867889404e-01,1.300000000000000000e+01,-4.626153707504272461e-01,3.100000000000000000e+01,-6.731882691383361816e-01,3.200000000000000000e+01,7.128100842237472534e-02,3.300000000000000000e+01,-2.023436307907104492e+00,5.100000000000000000e+01,-8.286530971527099609e-01,5.200000000000000000e+01,9.280002117156982422e-01,5.300000000000000000e+01,-1.633845210075378418e+00,2.100000000000000000e+01,-8.851354122161865234e-01,2.200000000000000000e+01,-8.736996352672576904e-02,2.300000000000000000e+01,1.565816402435302734e+00,4.100000000000000000e+01,1.359304189682006836e-01,4.200000000000000000e+01,6.409569829702377319e-02,4.300000000000000000e+01,8.999039530754089355e-01,6.100000000000000000e+01,2.559700012207031250e-01,6.200000000000000000e+01,-1.829134374856948853e-01,6.300000000000000000e+01,2.529913902282714844e+00
1.100000000000000000e+01,1.005843758583068848e+00,1.200000000000000000e+01,2.501261234283447266e-01,1.300000000000000000e+01,-9.040201902389526367e-01,3.100000000000000000e+01,-6.278375983238220215e-01,3.200000000000000000e+01,1.369269490242004395e-01,3.300000000000000000e+01,-2.079366683959960938e+00,5.100000000000000000e+01,-6.528276205062866211e-01,5.200000000000000000e+01,9.287091493606567383e-01,5.300000000000000000e+01,-1.727713584899902344e+00,2.100000000000000000e+01,-1.028594970703125000e+00,2.200000000000000000e+01,-8.753491938114166260e-02,2.300000000000000000e+01,1.557774066925048828e+00,4.100000000000000000e+01,-1.519954800605773926e-01,4.200000000000000000e+01,6.524332612752914429e-02,4.300000000000000000e+01,9.520454406738281250e-01,6.100000000000000000e+01,2.524141669273376465e-01,6.200000000000000000e+01,-1.985597759485244751e-01,6.300000000000000000e+01,2.415616035461425781e+00
1.100000000000000000e+01,6.482963562011718750e-01,1.200000000000000000e+01,3.648564219474792480e-01,1.300000000000000000e+01,-8.656767606735229492e-01,3.100000000000000000e+01,-2.998677194118499756e-01,3.200000000000000000e+01,1.925029456615447998e-01,3.300000000000000000e+01,-2.086947441101074219e+00,5.100000000000000000e+01,-4.420773088932037354e-01,5.200000000000000000e+01,9.275487661361694336e-01,5.300000000000000000e+01,-1.531232118606567383e+00,2.100000000000000000e+01,-1.004225254058837891e+00,2.200000000000000000e+01,3.805324435234069824e-03,2.300000000000000000e+01,2.317774295806884766e+00,4.100000000000000000e+01,-4.780196845531463623e-01,4.200000000000000000e+01,2.453988045454025269e-02,4.300000000000000000e+01,8.046264648437500000e-01,6.100000000000000000e+01,2.528243064880371094e-01,6.200000000000000000e+01,-3.473007380962371826e-01,6.300000000000000000e+01,2.352334976196289062e+00
1.100000000000000000e+01,6.987144351005554199e-01,1.200000000000000000e+01,3.521224558353424072e-01,1.300000000000000000e+01,-1.104103684425354004e+00,3.100000000000000000e+01,-4.009188115596771240e-01,3.200000000000000000e+01,1.416626572608947754e-01,3.300000000000000000e+01,-2.051998853683471680e+00,5.100000000000000000e+01,-4.072299003601074219e-01,5.200000000000000000e+01,9.290983080863952637e-01,5.300000000000000000e+01,-1.896675229072570801e+00,2.100000000000000000e+01,-1.054258108139038086e+00,2.200000000000000000e+01,-5.157336592674255371e-03,2.300000000000000000e+01,2.343219757080078125e+00,4.100000000000000000e+01,-4.675745069980621338e-01,4.200000000000000000e+01,4.058789461851119995e-02,4.300000000000000000e+01,7.982481718063354492e-01,6.100000000000000000e+01,2.535538077354431152e-01,6.200000000000000000e+01,-3.010102510452270508e-01,6.300000000000000000e+01,2.366555452346801758e+00
1.100000000000000000e+01,7.588219046592712402e-01,1.200000000000000000e+01,3.113919198513031006e-01,1.300000000000000000e+01,-1.220063805580139160e+00,3.100000000000000000e+01,-2.914553880691528320e-01,3.200000000000000000e+01,1.398650407791137695e-01,3.300000000000000000e+01,-1.876119613647460938e+00,5.100000000000000000e+01,-4.376474916934967041e-01,5.200000000000000000e+01,9.267580509185791016e-01,5.300000000000000000e+01,-2.079185247421264648e+00,2.100000000000000000e+01,-1.097811102867126465e+00,2.200000000000000000e+01,8.641704916954040527e-03,2.300000000000000000e+01,2.420686483383178711e+00,4.100000000000000000e+01,-3.909500837326049805e-01,4.200000000000000000e+01,5.174698680639266968e-02,4.300000000000000000e+01,7.209150195121765137e-01,6.100000000000000000e+01,2.589082717895507812e-01,6.200000000000000000e+01,-2.305132895708084106e-01,6.300000000000000000e+01,2.301434755325317383e+00
1.100000000000000000e+01,7.446675300598144531e-01,1.200000000000000000e+01,3.202932178974151611e-01,1.300000000000000000e+01,-1.092839717864990234e+00,3.100000000000000000e+01,-1.418438553810119629e-01,3.200000000000000000e+01,1.339556574821472168e-01,3.300000000000000000e+01,-1.662139177322387695e+00,5.100000000000000000e+01,-5.395285487174987793e-01,5.200000000000000000e+01,9.226645231246948242e-01,5.300000000000000000e+01,-2.121164798736572266e+00,2.100000000000000000e+01,-1.076094627380371094e+00,2.200000000000000000e+01,1.837436854839324951e-02,2.300000000000000000e+01,2.446442365646362305e+00,4.100000000000000000e+01,-4.299109578132629395e-01,4.200000000000000000e+01,4.456008225679397583e-02,4.300000000000000000e+01,7.724871039390563965e-01,6.100000000000000000e+01,2.656500339508056641e-01,6.200000000000000000e+01,-1.956829279661178589e-01,6.300000000000000000e+01,2.240767478942871094e+00
1.100000000000000000e+01,1.362712979316711426e+00,1.200000000000000000e+01,1.811927855014801025e-01,1.300000000000000000e+01,-1.472829103469848633e+00,3.100000000000000000e+01,-5.455985665321350098e-01,3.200000000000000000e+01,6.559623032808303833e-02,3.300000000000000000e+01,-1.282429456710815430e+00,5.100000000000000000e+01,-8.842381238937377930e-01,5.200000000000000000e+01,9.185237884521484375e-01,5.300000000000000000e+01,-2.408428192138671875e+00,2.100000000000000000e+01,-1.118689894676208496e+00,2.200000000000000000e+01,-5.792222917079925537e-02,2.300000000000000000e+01,2.328249931335449219e+00,4.100000000000000000e+01,-1.599650979042053223e-01,4.200000000000000000e+01,7.289003580808639526e-02,4.300000000000000000e+01,1.193271756172180176e+00,6.100000000000000000e+01,2.811383605003356934e-01,6.200000000000000000e+01,-1.634602397680282593e-01,6.300000000000000000e+01,2.100475311279296875e+00
1.100000000000000000e+01,1.359611988067626953e+00,1.200000000000000000e+01,2.065214961767196655e-01,1.300000000000000000e+01,-9.595866203308105469e-01,3.100000000000000000e+01,-4.802265763282775879e-01,3.200000000000000000e+01,4.677420109510421753e-02,3.300000000000000000e+01,-1.331409215927124023e+00,5.100000000000000000e+01,-9.594025611877441406e-01,5.200000000000000000e+01,9.157473444938659668e-01,5.300000000000000000e+01,-2.400483131408691406e+00,2.100000000000000000e+01,-1.103900074958801270e+00,2.200000000000000000e+01,-8.873240649700164795e-02,2.300000000000000000e+01,2.299400806427001953e+00,4.100000000000000000e+01,-3.299776911735534668e-01,4.200000000000000000e+01,6.638368219137191772e-02,4.300000000000000000e+01,1.630069255828857422e+00,6.100000000000000000e+01,2.961268126964569092e-01,6.200000000000000000e+01,-1.635908037424087524e-01,6.300000000000000000e+01,1.671850204467773438e+00
1.100000000000000000e+01,1.317973375320434570e+00,1.200000000000000000e+01,2.510612010955810547e-01,1.300000000000000000e+01,-4.979161024093627930e-01,3.100000000000000000e+01,-3.570309877395629883e-01,3.200000000000000000e+01,9.783498942852020264e-03,3.300000000000000000e+01,-1.618245005607604980e+00,5.100000000000000000e+01,-1.057895421981811523e+00,5.200000000000000000e+01,9.101328253746032715e-01,5.300000000000000000e+01,-2.235013723373413086e+00,2.100000000000000000e+01,-1.009752511978149414e+00,2.200000000000000000e+01,-2.062053531408309937e-01,2.300000000000000000e+01,2.227760791778564453e+00,4.100000000000000000e+01,-5.585346221923828125e-01,4.200000000000000000e+01,3.511502593755722046e-02,4.300000000000000000e+01,2.052571296691894531e+00,6.100000000000000000e+01,3.021439611911773682e-01,6.200000000000000000e+01,-1.650891453027725220e-01,6.300000000000000000e+01,1.056517362594604492e+00
1.100000000000000000e+01,1.264429092407226562e+00,1.200000000000000000e+01,1.907133162021636963e-01,1.300000000000000000e+01,-5.272004604339599609e-01,3.100000000000000000e+01,5.659703910350799561e-02,3.200000000000000000e+01,2.672336250543594360e-02,3.300000000000000000e+01,-1.701008796691894531e+00,5.100000000000000000e+01,-1.086051464080810547e+00,5.200000000000000000e+01,8.992568254470825195e-01,5.300000000000000000e+01,-2.011520624160766602e+00,2.100000000000000000e+01,-1.017305254936218262e+00,2.200000000000000000e+01,-1.783254295587539673e-01,2.300000000000000000e+01,2.211320400238037109e+00,4.100000000000000000e+01,-6.486410498619079590e-01,4.200000000000000000e+01,1.116674393415451050e-02,4.300000000000000000e+01,2.109566926956176758e+00,6.100000000000000000e+01,2.853328287601470947e-01,6.200000000000000000e+01,-1.660422831773757935e-01,6.300000000000000000e+01,8.341042995452880859e-01
1.100000000000000000e+01,1.147998452186584473e+00,1.200000000000000000e+01,1.062473207712173462e-01,1.300000000000000000e+01,-7.088134288787841797e-01,3.100000000000000000e+01,6.262569427490234375e-01,3.200000000000000000e+01,8.233553916215896606e-02,3.300000000000000000e+01,-1.733993768692016602e+00,5.100000000000000000e+01,-1.096079349517822266e+00,5.200000000000000000e+01,8.713188171386718750e-01,5.300000000000000000e+01,-1.466962099075317383e+00,2.100000000000000000e+01,-1.024269104003906250e+00,2.200000000000000000e+01,-9.639044106006622314e-02,2.300000000000000000e+01,2.183599948883056641e+00,4.100000000000000000e+01,-6.818332672119140625e-01,4.200000000000000000e+01,-1.054585725069046021e-02,4.300000000000000000e+01,2.101465225219726562e+00,6.100000000000000000e+01,2.648710012435913086e-01,6.200000000000000000e+01,-1.665666848421096802e-01,6.300000000000000000e+01,7.175762653350830078e-01
1.100000000000000000e+01,6.991755962371826172e-01,1.200000000000000000e+01,7.168699800968170166e-02,1.300000000000000000e+01,-4.572677612304687500e-01,3.100000000000000000e+01,9.005123972892761230e-01,3.200000000000000000e+01,1.397044658660888672e-01,3.300000000000000000e+01,-2.236925125122070312e+00,5.100000000000000000e+01,-6.740832328796386719e-01,5.200000000000000000e+01,4.573988318443298340e-01,5.300000000000000000e+01,-7.956601977348327637e-01,2.100000000000000000e+01,-8.302451372146606445e-01,2.200000000000000000e+01,-1.132730394601821899e-01,2.300000000000000000e+01,1.974170565605163574e+00,4.100000000000000000e+01,-7.984618544578552246e-01,4.200000000000000000e+01,-2.930928468704223633e-01,4.300000000000000000e+01,1.722091913223266602e+00,6.100000000000000000e+01,2.765424847602844238e-01,6.200000000000000000e+01,-2.144650965929031372e-01,6.300000000000000000e+01,6.060694456100463867e-01
1.100000000000000000e+01,8.991333246231079102e-01,1.200000000000000000e+01,2.851386368274688721e-02,1.300000000000000000e+01,-1.369953513145446777e+00,3.100000000000000000e+01,8.926948308944702148e-01,3.200000000000000000e+01,3.409517109394073486e-01,3.300000000000000000e+01,-1.294479012489318848e+00,5.100000000000000000e+01,-1.064866304397583008e+00,5.200000000000000000e+01,7.115321159362792969e-01,5.300000000000000000e+01,-6.353536844253540039e-01,2.100000000000000000e+01,-1.008826255798339844e+00,2.200000000000000000e+01,1.792629063129425049e-02,2.300000000000000000e+01,2.129283428192138672e+00,4.100000000000000000e+01,-3.416997790336608887e-01,4.200000000000000000e+01,2.410887926816940308e-02,4.300000000000000000e+01,1.405318021774291992e+00,6.100000000000000000e+01,2.536954283714294434e-01,6.200000000000000000e+01,-1.658280640840530396e-01,6.300000000000000000e+01,7.750145196914672852e-01
1.100000000000000000e+01,8.888725042343139648e-01,1.200000000000000000e+01,6.655171513557434082e-03,1.300000000000000000e+01,-1.589677095413208008e+00,3.100000000000000000e+01,8.948884010314941406e-01,3.200000000000000000e+01,3.966755270957946777e-01,3.300000000000000000e+01,-1.154942274093627930e+00,5.100000000000000000e+01,-1.015879392623901367e+00,5.200000000000000000e+01,7.100737094879150391e-01,5.300000000000000000e+01,-6.020468473434448242e-01,2.100000000000000000e+01,-9.861392378807067871e-01,2.200000000000000000e+01,2.530719339847564697e-02,2.300000000000000000e+01,2.050182819366455078e+00,4.100000000000000000e+01,2.467341721057891846e-02,4.200000000000000000e+01,5.007442086935043335e-02,4.300000000000000000e+01,9.337377548217773438e-01,6.100000000000000000e+01,2.537250518798828125e-01,6.200000000000000000e+01,-1.659392267465591431e-01,6.300000000000000000e+01,1.102221965789794922e+00
1.100000000000000000e+01,8.586999773979187012e-01,1.200000000000000000e+01,4.443183541297912598e-03,1.300000000000000000e+01,-1.426492571830749512e+00,3.100000000000000000e+01,8.773501515388488770e-01,3.200000000000000000e+01,4.099880456924438477e-01,3.300000000000000000e+01,-1.194903135299682617e+00,5.100000000000000000e+01,-9.544012546539306641e-01,5.200000000000000000e+01,7.992713451385498047e-01,5.300000000000000000e+01,-5.976377725601196289e-01,2.100000000000000000e+01,-9.961267113685607910e-01,2.200000000000000000e+01,2.672354876995086670e-02,2.300000000000000000e+01,1.890595912933349609e+00,4.100000000000000000e+01,2.726311981678009033e-01,4.200000000000000000e+01,6.507947295904159546e-02,4.300000000000000000e+01,7.157738208770751953e-01,6.100000000000000000e+01,2.545843720436096191e-01,6.200000000000000000e+01,-1.664322167634963989e-01,6.300000000000000000e+01,1.851859569549560547e+00
1.100000000000000000e+01,9.490932226181030273e-01,1.200000000000000000e+01,1.442809402942657471e-02,1.300000000000000000e+01,-1.151135206222534180e+00,3.100000000000000000e+01,7.801656723022460938e-01,3.200000000000000000e+01,3.793374598026275635e-01,3.300000000000000000e+01,-1.073163509368896484e+00,5.100000000000000000e+01,-1.001884698867797852e+00,5.200000000000000000e+01,8.387175798416137695e-01,5.300000000000000000e+01,-6.070445775985717773e-01,2.100000000000000000e+01,-9.263687133789062500e-01,2.200000000000000000e+01,2.570439875125885010e-02,2.300000000000000000e+01,2.006529808044433594e+00,4.100000000000000000e+01,4.953395724296569824e-01,4.200000000000000000e+01,7.373397797346115112e-02,4.300000000000000000e+01,6.506268978118896484e-01,6.100000000000000000e+01,2.620134353637695312e-01,6.200000000000000000e+01,-1.641513258218765259e-01,6.300000000000000000e+01,2.426798820495605469e+00
1.100000000000000000e+01,9.678293466567993164e-01,1.200000000000000000e+01,7.304087281227111816e-03,1.300000000000000000e+01,-1.094656825065612793e+00,3.100000000000000000e+01,6.971865892410278320e-01,3.200000000000000000e+01,3.742847442626953125e-01,3.300000000000000000e+01,-1.082895398139953613e+00,5.100000000000000000e+01,-1.008861184120178223e+00,5.200000000000000000e+01,8.609377145767211914e-01,5.300000000000000000e+01,-6.102159023284912109e-01,2.100000000000000000e+01,-9.073694348335266113e-01,2.200000000000000000e+01,2.540265023708343506e-02,2.300000000000000000e+01,2.098983764648437500e+00,4.100000000000000000e+01,5.731103420257568359e-01,4.200000000000000000e+01,7.665240019559860229e-02,4.300000000000000000e+01,5.874958634376525879e-01,6.100000000000000000e+01,2.676185965538024902e-01,6.200000000000000000e+01,-1.643011420965194702e-01,6.300000000000000000e+01,2.553444862365722656e+00
1.100000000000000000e+01,6.717381477355957031e-01,1.200000000000000000e+01,1.354189217090606689e-02,1.300000000000000000e+01,-4.289273023605346680e-01,3.100000000000000000e+01,8.860518336296081543e-01,3.200000000000000000e+01,1.490664482116699219e-01,3.300000000000000000e+01,-2.148978710174560547e+00,5.100000000000000000e+01,-4.875979125499725342e-01,5.200000000000000000e+01,6.830481290817260742e-01,5.300000000000000000e+01,-6.520353555679321289e-01,2.100000000000000000e+01,-8.316195011138916016e-01,2.200000000000000000e+01,-8.244171738624572754e-03,2.300000000000000000e+01,1.894168615341186523e+00,4.100000000000000000e+01,1.923199743032455444e-02,4.200000000000000000e+01,1.221805065870285034e-02,4.300000000000000000e+01,5.782362222671508789e-01,6.100000000000000000e+01,4.261163175106048584e-01,6.200000000000000000e+01,-1.967275291681289673e-01,6.300000000000000000e+01,1.816070199012756348e+00
1.100000000000000000e+01,7.086564302444458008e-01,1.200000000000000000e+01,2.577890455722808838e-02,1.300000000000000000e+01,-4.936999082565307617e-01,3.100000000000000000e+01,8.845707178115844727e-01,3.200000000000000000e+01,4.230747371912002563e-02,3.300000000000000000e+01,-2.255390882492065430e+00,5.100000000000000000e+01,-4.333359301090240479e-01,5.200000000000000000e+01,6.932128667831420898e-01,5.300000000000000000e+01,-1.042874574661254883e+00,2.100000000000000000e+01,-9.209775924682617188e-01,2.200000000000000000e+01,-3.246630728244781494e-02,2.300000000000000000e+01,2.046752452850341797e+00,4.100000000000000000e+01,-2.811389565467834473e-01,4.200000000000000000e+01,1.871662586927413940e-02,4.300000000000000000e+01,5.757481455802917480e-01,6.100000000000000000e+01,5.394303202629089355e-01,6.200000000000000000e+01,-2.317949086427688599e-01,6.300000000000000000e+01,1.516592502593994141e+00
1.100000000000000000e+01,6.263415813446044922e-01,1.200000000000000000e+01,1.533037275075912476e-01,1.300000000000000000e+01,-5.033022165298461914e-01,3.100000000000000000e+01,8.666256070137023926e-01,3.200000000000000000e+01,1.203062385320663452e-02,3.300000000000000000e+01,-2.255058526992797852e+00,5.100000000000000000e+01,-3.423811495304107666e-01,5.200000000000000000e+01,7.398611903190612793e-01,5.300000000000000000e+01,-1.110210180282592773e+00,2.100000000000000000e+01,-8.953108787536621094e-01,2.200000000000000000e+01,-8.495494723320007324e-03,2.300000000000000000e+01,2.274974346160888672e+00,4.100000000000000000e+01,-6.009140610694885254e-01,4.200000000000000000e+01,-7.889132201671600342e-02,4.300000000000000000e+01,5.758517980575561523e-01,6.100000000000000000e+01,4.801392257213592529e-01,6.200000000000000000e+01,-4.533043503761291504e-01,6.300000000000000000e+01,1.371832609176635742e+00
1.100000000000000000e+01,6.691878437995910645e-01,1.200000000000000000e+01,-2.401326596736907959e-02,1.300000000000000000e+01,-1.254237651824951172e+00,3.100000000000000000e+01,9.056137204170227051e-01,3.200000000000000000e+01,4.235755205154418945e-01,3.300000000000000000e+01,-2.342131614685058594e+00,5.100000000000000000e+01,-8.128933906555175781e-01,5.200000000000000000e+01,1.922299414873123169e-01,5.300000000000000000e+01,-6.625198721885681152e-01,2.100000000000000000e+01,-7.153300642967224121e-01,2.200000000000000000e+01,-2.986985445022583008e-01,2.300000000000000000e+01,1.893692135810852051e+00,4.100000000000000000e+01,-6.284217834472656250e-01,4.200000000000000000e+01,-3.125941157341003418e-01,4.300000000000000000e+01,7.625586390495300293e-01,6.100000000000000000e+01,2.833535671234130859e-01,6.200000000000000000e+01,-7.541773319244384766e-01,6.300000000000000000e+01,7.065551877021789551e-01
1.100000000000000000e+01,9.347081184387207031e-01,1.200000000000000000e+01,5.623625218868255615e-02,1.300000000000000000e+01,-1.051635503768920898e+00,3.100000000000000000e+01,8.705466985702514648e-01,3.200000000000000000e+01,-3.154674917459487915e-02,3.300000000000000000e+01,-2.310620546340942383e+00,5.100000000000000000e+01,-3.742723762989044189e-01,5.200000000000000000e+01,6.585699915885925293e-01,5.300000000000000000e+01,-2.017728090286254883e+00,2.100000000000000000e+01,-1.019407391548156738e+00,2.200000000000000000e+01,-1.499285548925399780e-01,2.300000000000000000e+01,2.319182395935058594e+00,4.100000000000000000e+01,-4.556534588336944580e-01,4.200000000000000000e+01,3.574114292860031128e-02,4.300000000000000000e+01,5.660275816917419434e-01,6.100000000000000000e+01,6.513817310333251953e-01,6.200000000000000000e+01,-3.197489976882934570e-01,6.300000000000000000e+01,1.145506739616394043e+00
1.100000000000000000e+01,1.101377487182617188e+00,1.200000000000000000e+01,3.323306143283843994e-02,1.300000000000000000e+01,-2.125360965728759766e+00,3.100000000000000000e+01,5.013709068298339844e-01,3.200000000000000000e+01,3.842885047197341919e-02,3.300000000000000000e+01,-2.128756761550903320e+00,5.100000000000000000e+01,-4.603649079799652100e-01,5.200000000000000000e+01,9.108262062072753906e-01,5.300000000000000000e+01,-2.294870853424072266e+00,2.100000000000000000e+01,-1.132860898971557617e+00,2.200000000000000000e+01,-7.297660410404205322e-02,2.300000000000000000e+01,2.410159587860107422e+00,4.100000000000000000e+01,-4.086845815181732178e-01,4.200000000000000000e+01,6.901993602514266968e-02,4.300000000000000000e+01,6.282383799552917480e-01,6.100000000000000000e+01,3.007254302501678467e-01,6.200000000000000000e+01,-2.189846187829971313e-01,6.300000000000000000e+01,1.878423690795898438e+00
1.100000000000000000e+01,1.110051393508911133e+00,1.200000000000000000e+01,4.987202584743499756e-02,1.300000000000000000e+01,-2.012976169586181641e+00,3.100000000000000000e+01,3.171496093273162842e-03,3.200000000000000000e+01,-3.194499760866165161e-02,3.300000000000000000e+01,-2.162219762802124023e+00,5.100000000000000000e+01,-4.902859330177307129e-01,5.200000000000000000e+01,9.186940193176269531e-01,5.300000000000000000e+01,-2.443343639373779297e+00,2.100000000000000000e+01,-1.076621055603027344e+00,2.200000000000000000e+01,-1.634520143270492554e-01,2.300000000000000000e+01,2.401108503341674805e+00,4.100000000000000000e+01,-5.076293945312500000e-01,4.200000000000000000e+01,6.955643743276596069e-02,4.300000000000000000e+01,7.462011575698852539e-01,6.100000000000000000e+01,3.062819540500640869e-01,6.200000000000000000e+01,-1.950703710317611694e-01,6.300000000000000000e+01,1.979245066642761230e+00
1.100000000000000000e+01,8.313881158828735352e-01,1.200000000000000000e+01,3.182008862495422363e-03,1.300000000000000000e+01,-1.061065793037414551e+00,3.100000000000000000e+01,3.685495257377624512e-01,3.200000000000000000e+01,-7.743420451879501343e-02,3.300000000000000000e+01,-2.255356311798095703e+00,5.100000000000000000e+01,-8.155038356781005859e-01,5.200000000000000000e+01,9.219685792922973633e-01,5.300000000000000000e+01,-1.856031179428100586e+00,2.100000000000000000e+01,-6.834145784378051758e-01,2.200000000000000000e+01,-4.369657039642333984e-01,2.300000000000000000e+01,2.346006870269775391e+00,4.100000000000000000e+01,-1.615639925003051758e-01,4.200000000000000000e+01,6.096299737691879272e-02,4.300000000000000000e+01,9.352828264236450195e-01,6.100000000000000000e+01,4.852687120437622070e-01,6.200000000000000000e+01,-1.643951982259750366e-01,6.300000000000000000e+01,2.024297714233398438e+00
1.100000000000000000e+01,6.359723806381225586e-01,1.200000000000000000e+01,-1.720558106899261475e-02,1.300000000000000000e+01,-6.586959362030029297e-01,3.100000000000000000e+01,8.701765537261962891e-01,3.200000000000000000e+01,5.337516218423843384e-02,3.300000000000000000e+01,-2.347946882247924805e+00,5.100000000000000000e+01,-8.747758269309997559e-01,5.200000000000000000e+01,1.986704319715499878e-01,5.300000000000000000e+01,-8.876453042030334473e-01,2.100000000000000000e+01,-6.359751820564270020e-01,2.200000000000000000e+01,-7.106813192367553711e-01,2.300000000000000000e+01,2.109823465347290039e+00,4.100000000000000000e+01,-7.640527486801147461e-01,4.200000000000000000e+01,-3.633073568344116211e-01,4.300000000000000000e+01,1.350075006484985352e+00,6.100000000000000000e+01,3.811816871166229248e-01,6.200000000000000000e+01,-6.605010628700256348e-01,6.300000000000000000e+01,8.797710537910461426e-01
1.100000000000000000e+01,6.539632081985473633e-01,1.200000000000000000e+01,-1.737187802791595459e-02,1.300000000000000000e+01,-7.566143274307250977e-01,3.100000000000000000e+01,8.573008179664611816e-01,3.200000000000000000e+01,1.113179847598075867e-01,3.300000000000000000e+01,-2.345277309417724609e+00,5.100000000000000000e+01,-8.609781265258789062e-01,5.200000000000000000e+01,2.080355137586593628e-01,5.300000000000000000e+01,-9.014256596565246582e-01,2.100000000000000000e+01,-6.538802981376647949e-01,2.200000000000000000e+01,-6.112228035926818848e-01,2.300000000000000000e+01,2.141869783401489258e+00,4.100000000000000000e+01,-7.719812989234924316e-01,4.200000000000000000e+01,-3.203106224536895752e-01,4.300000000000000000e+01,1.328957200050354004e+00,6.100000000000000000e+01,3.222194612026214600e-01,6.200000000000000000e+01,-6.289684772491455078e-01,6.300000000000000000e+01,7.636482119560241699e-01
1.100000000000000000e+01,6.157902479171752930e-01,1.200000000000000000e+01,9.846374392509460449e-03,1.300000000000000000e+01,-4.469856023788452148e-01,3.100000000000000000e+01,8.846132159233093262e-01,3.200000000000000000e+01,2.584074139595031738e-01,3.300000000000000000e+01,-2.343980312347412109e+00,5.100000000000000000e+01,-9.552315473556518555e-01,5.200000000000000000e+01,1.785973459482192993e-01,5.300000000000000000e+01,-6.706671118736267090e-01,2.100000000000000000e+01,-6.500282287597656250e-01,2.200000000000000000e+01,-3.563909232616424561e-01,2.300000000000000000e+01,2.222201347351074219e+00,4.100000000000000000e+01,-8.261201381683349609e-01,4.200000000000000000e+01,-4.177986979484558105e-01,4.300000000000000000e+01,1.053631186485290527e+00,6.100000000000000000e+01,4.520803689956665039e-01,6.200000000000000000e+01,-5.689312219619750977e-01,6.300000000000000000e+01,9.084239006042480469e-01
1.100000000000000000e+01,6.317310333251953125e-01,1.200000000000000000e+01,1.812748163938522339e-01,1.300000000000000000e+01,-4.638395309448242188e-01,3.100000000000000000e+01,7.142931222915649414e-01,3.200000000000000000e+01,-5.745183676481246948e-02,3.300000000000000000e+01,-2.224707841873168945e+00,5.100000000000000000e+01,-4.748294949531555176e-01,5.200000000000000000e+01,5.907690525054931641e-01,5.300000000000000000e+01,-1.646621704101562500e+00,2.100000000000000000e+01,-9.183173179626464844e-01,2.200000000000000000e+01,-5.164305865764617920e-02,2.300000000000000000e+01,2.383043050765991211e+00,4.100000000000000000e+01,-7.011444568634033203e-01,4.200000000000000000e+01,-4.019955545663833618e-02,4.300000000000000000e+01,6.145018339157104492e-01,6.100000000000000000e+01,8.194675445556640625e-01,6.200000000000000000e+01,-2.471862286329269409e-01,6.300000000000000000e+01,1.183565735816955566e+00
1.100000000000000000e+01,8.874400854110717773e-01,1.200000000000000000e+01,9.887367486953735352e-04,1.300000000000000000e+01,-1.014622330665588379e+00,3.100000000000000000e+01,3.158377110958099365e-01,3.200000000000000000e+01,-7.217692583799362183e-02,3.300000000000000000e+01,-1.917903900146484375e+00,5.100000000000000000e+01,-8.620986938476562500e-01,5.200000000000000000e+01,9.165806770324707031e-01,5.300000000000000000e+01,-1.759095668792724609e+00,2.100000000000000000e+01,-8.450901508331298828e-01,2.200000000000000000e+01,-7.529945671558380127e-02,2.300000000000000000e+01,2.307927131652832031e+00,4.100000000000000000e+01,-6.976420432329177856e-02,4.200000000000000000e+01,6.875150650739669800e-02,4.300000000000000000e+01,8.917335271835327148e-01,6.100000000000000000e+01,5.698738098144531250e-01,6.200000000000000000e+01,-1.621357947587966919e-01,6.300000000000000000e+01,1.832567811012268066e+00
1.100000000000000000e+01,9.459757804870605469e-01,1.200000000000000000e+01,2.901701629161834717e-02,1.300000000000000000e+01,-9.737466573715209961e-01,3.100000000000000000e+01,-1.976894736289978027e-01,3.200000000000000000e+01,-7.108189910650253296e-02,3.300000000000000000e+01,-1.913809537887573242e+00,5.100000000000000000e+01,-7.439600229263305664e-01,5.200000000000000000e+01,9.182795286178588867e-01,5.300000000000000000e+01,-2.390266895294189453e+00,2.100000000000000000e+01,-9.463359117507934570e-01,2.200000000000000000e+01,-1.304783970117568970e-01,2.300000000000000000e+01,2.392518520355224609e+00,4.100000000000000000e+01,-1.160396710038185120e-01,4.200000000000000000e+01,7.092990726232528687e-02,4.300000000000000000e+01,7.514355182647705078e-01,6.100000000000000000e+01,6.373301148414611816e-01,6.200000000000000000e+01,-1.635110229253768921e-01,6.300000000000000000e+01,2.413850545883178711e+00
1.100000000000000000e+01,1.035272479057312012e+00,1.200000000000000000e+01,3.169573843479156494e-02,1.300000000000000000e+01,-9.789631366729736328e-01,3.100000000000000000e+01,-5.844159722328186035e-01,3.200000000000000000e+01,-7.546611875295639038e-02,3.300000000000000000e+01,-1.941083192825317383e+00,5.100000000000000000e+01,-6.157074570655822754e-01,5.200000000000000000e+01,9.259847402572631836e-01,5.300000000000000000e+01,-2.511948823928833008e+00,2.100000000000000000e+01,-8.536546826362609863e-01,2.200000000000000000e+01,-2.704042196273803711e-01,2.300000000000000000e+01,2.327511787414550781e+00,4.100000000000000000e+01,-5.648931860923767090e-02,4.200000000000000000e+01,6.395297497510910034e-02,4.300000000000000000e+01,1.024743318557739258e+00,6.100000000000000000e+01,5.793303847312927246e-01,6.200000000000000000e+01,-1.641431003808975220e-01,6.300000000000000000e+01,2.444913625717163086e+00
1.100000000000000000e+01,1.007979393005371094e+00,1.200000000000000000e+01,2.559183537960052490e-02,1.300000000000000000e+01,-9.128627777099609375e-01,3.100000000000000000e+01,-6.277768015861511230e-01,3.200000000000000000e+01,-7.458978146314620972e-02,3.300000000000000000e+01,-1.768300056457519531e+00,5.100000000000000000e+01,-5.888748764991760254e-01,5.200000000000000000e+01,9.240523576736450195e-01,5.300000000000000000e+01,-2.499577522277832031e+00,2.100000000000000000e+01,-8.761039972305297852e-01,2.200000000000000000e+01,-2.146589905023574829e-01,2.300000000000000000e+01,2.252270698547363281e+00,4.100000000000000000e+01,-1.475945413112640381e-01,4.200000000000000000e+01,4.969536513090133667e-02,4.300000000000000000e+01,1.373378276824951172e+00,6.100000000000000000e+01,5.256171226501464844e-01,6.200000000000000000e+01,-1.642387658357620239e-01,6.300000000000000000e+01,2.242711067199707031e+00
1.100000000000000000e+01,6.439707875251770020e-01,1.200000000000000000e+01,2.092359811067581177e-01,1.300000000000000000e+01,-4.798758029937744141e-01,3.100000000000000000e+01,-5.173623561859130859e-01,3.200000000000000000e+01,-6.634991616010665894e-02,3.300000000000000000e+01,-1.707417488098144531e+00,5.100000000000000000e+01,-5.036587715148925781e-01,5.200000000000000000e+01,9.183197021484375000e-01,5.300000000000000000e+01,-2.216145277023315430e+00,2.100000000000000000e+01,-9.727989435195922852e-01,2.200000000000000000e+01,-2.952612936496734619e-02,2.300000000000000000e+01,2.385985612869262695e+00,4.100000000000000000e+01,-5.559453368186950684e-01,4.200000000000000000e+01,6.338067352771759033e-03,4.300000000000000000e+01,1.024669051170349121e+00,6.100000000000000000e+01,4.896520674228668213e-01,6.200000000000000000e+01,-1.790695935487747192e-01,6.300000000000000000e+01,2.104619503021240234e+00
1.100000000000000000e+01,6.266250610351562500e-01,1.200000000000000000e+01,2.021035999059677124e-01,1.300000000000000000e+01,-3.731790781021118164e-01,3.100000000000000000e+01,7.575740665197372437e-02,3.200000000000000000e+01,-6.133200973272323608e-02,3.300000000000000000e+01,-2.098689317703247070e+00,5.100000000000000000e+01,-3.662000000476837158e-01,5.200000000000000000e+01,6.279184222221374512e-01,5.300000000000000000e+01,-1.857452392578125000e+00,2.100000000000000000e+01,-9.579536318778991699e-01,2.200000000000000000e+01,-7.747589051723480225e-02,2.300000000000000000e+01,2.268813610076904297e+00,4.100000000000000000e+01,-7.450014352798461914e-01,4.200000000000000000e+01,-1.489745080471038818e-01,4.300000000000000000e+01,8.583846092224121094e-01,6.100000000000000000e+01,8.870790004730224609e-01,6.200000000000000000e+01,-2.184959799051284790e-01,6.300000000000000000e+01,1.025259137153625488e+00
1.100000000000000000e+01,6.306611299514770508e-01,1.200000000000000000e+01,1.706448644399642944e-01,1.300000000000000000e+01,-3.714193105697631836e-01,3.100000000000000000e+01,5.407502651214599609e-01,3.200000000000000000e+01,-5.022402852773666382e-02,3.300000000000000000e+01,-1.956720471382141113e+00,5.100000000000000000e+01,-4.282224178314208984e-01,5.200000000000000000e+01,5.466099381446838379e-01,5.300000000000000000e+01,-1.551086425781250000e+00,2.100000000000000000e+01,-9.893136024475097656e-01,2.200000000000000000e+01,-2.894391119480133057e-02,2.300000000000000000e+01,2.315209865570068359e+00,4.100000000000000000e+01,-7.260335087776184082e-01,4.200000000000000000e+01,-1.067458912730216980e-01,4.300000000000000000e+01,6.953849196434020996e-01,6.100000000000000000e+01,9.914948344230651855e-01,6.200000000000000000e+01,-1.920366436243057251e-01,6.300000000000000000e+01,9.607340097427368164e-01
1.100000000000000000e+01,6.360343694686889648e-01,1.200000000000000000e+01,1.440121382474899292e-01,1.300000000000000000e+01,-3.675903081893920898e-01,3.100000000000000000e+01,7.552602291107177734e-01,3.200000000000000000e+01,-3.689300268888473511e-02,3.300000000000000000e+01,-1.837884902954101562e+00,5.100000000000000000e+01,-4.965257048606872559e-01,5.200000000000000000e+01,4.950895905494689941e-01,5.300000000000000000e+01,-1.343382477760314941e+00,2.100000000000000000e+01,-9.754794836044311523e-01,2.200000000000000000e+01,-6.435737013816833496e-03,2.300000000000000000e+01,2.360830783843994141e+00,4.100000000000000000e+01,-6.735508441925048828e-01,4.200000000000000000e+01,-7.813944667577743530e-02,4.300000000000000000e+01,6.251365542411804199e-01,6.100000000000000000e+01,1.072558164596557617e+00,6.200000000000000000e+01,-1.799586862325668335e-01,6.300000000000000000e+01,9.978448152542114258e-01
1.100000000000000000e+01,9.126776456832885742e-01,1.200000000000000000e+01,4.093439877033233643e-02,1.300000000000000000e+01,-3.981808423995971680e-01,3.100000000000000000e+01,8.665629625320434570e-01,3.200000000000000000e+01,-4.131481796503067017e-02,3.300000000000000000e+01,-1.837877511978149414e+00,5.100000000000000000e+01,-8.370798826217651367e-01,5.200000000000000000e+01,3.733358681201934814e-01,5.300000000000000000e+01,-1.416222214698791504e+00,2.100000000000000000e+01,-9.086890220642089844e-01,2.200000000000000000e+01,-8.385016024112701416e-02,2.300000000000000000e+01,2.329848766326904297e+00,4.100000000000000000e+01,-4.373248219490051270e-01,4.200000000000000000e+01,4.651017487049102783e-03,4.300000000000000000e+01,6.601191163063049316e-01,6.100000000000000000e+01,1.103429913520812988e+00,6.200000000000000000e+01,-1.664766222238540649e-01,6.300000000000000000e+01,7.693278193473815918e-01
1.100000000000000000e+01,1.226241111755371094e+00,1.200000000000000000e+01,5.239023268222808838e-02,1.300000000000000000e+01,-7.864143848419189453e-01,3.100000000000000000e+01,6.818199753761291504e-01,3.200000000000000000e+01,-1.044411212205886841e-02,3.300000000000000000e+01,-8.082317709922790527e-01,5.100000000000000000e+01,-1.198961734771728516e+00,5.200000000000000000e+01,7.326055765151977539e-01,5.300000000000000000e+01,-1.614027261734008789e+00,2.100000000000000000e+01,-9.596581459045410156e-01,2.200000000000000000e+01,5.214110016822814941e-03,2.300000000000000000e+01,2.443219900131225586e+00,4.100000000000000000e+01,-1.112810522317886353e-01,4.200000000000000000e+01,6.781872361898422241e-02,4.300000000000000000e+01,9.195824265480041504e-01,6.100000000000000000e+01,7.118707895278930664e-01,6.200000000000000000e+01,-1.619049757719039917e-01,6.300000000000000000e+01,1.213728666305541992e+00
1.100000000000000000e+01,1.192468285560607910e+00,1.200000000000000000e+01,3.572885692119598389e-02,1.300000000000000000e+01,-9.182533025741577148e-01,3.100000000000000000e+01,4.212153553962707520e-01,3.200000000000000000e+01,-9.096391499042510986e-03,3.300000000000000000e+01,-8.425654768943786621e-01,5.100000000000000000e+01,-1.155109405517578125e+00,5.200000000000000000e+01,8.047704696655273438e-01,5.300000000000000000e+01,-1.839803814888000488e+00,2.100000000000000000e+01,-9.222173690795898438e-01,2.200000000000000000e+01,-8.941546082496643066e-03,2.300000000000000000e+01,2.434384822845458984e+00,4.100000000000000000e+01,-2.776131033897399902e-01,4.200000000000000000e+01,5.566697567701339722e-02,4.300000000000000000e+01,1.317404747009277344e+00,6.100000000000000000e+01,5.296621322631835938e-01,6.200000000000000000e+01,-1.621124297380447388e-01,6.300000000000000000e+01,1.084196805953979492e+00
1.100000000000000000e+01,1.149702787399291992e+00,1.200000000000000000e+01,3.374509513378143311e-02,1.300000000000000000e+01,-1.104097485542297363e+00,3.100000000000000000e+01,-9.825460612773895264e-02,3.200000000000000000e+01,-9.687177836894989014e-03,3.300000000000000000e+01,-1.074594497680664062e+00,5.100000000000000000e+01,-1.034454941749572754e+00,5.200000000000000000e+01,8.723862767219543457e-01,5.300000000000000000e+01,-2.200027465820312500e+00,2.100000000000000000e+01,-9.390616416931152344e-01,2.200000000000000000e+01,-4.924155771732330322e-02,2.300000000000000000e+01,2.411538600921630859e+00,4.100000000000000000e+01,-4.694140851497650146e-01,4.200000000000000000e+01,3.357849270105361938e-02,4.300000000000000000e+01,1.666595935821533203e+00,6.100000000000000000e+01,3.742952942848205566e-01,6.200000000000000000e+01,-1.632163673639297485e-01,6.300000000000000000e+01,9.762632250785827637e-01
1.100000000000000000e+01,1.069187521934509277e+00,1.200000000000000000e+01,3.693111240863800049e-02,1.300000000000000000e+01,-1.470795154571533203e+00,3.100000000000000000e+01,-4.423609972000122070e-01,3.200000000000000000e+01,-1.175143569707870483e-02,3.300000000000000000e+01,-1.408936500549316406e+00,5.100000000000000000e+01,-8.399363160133361816e-01,5.200000000000000000e+01,9.072329401969909668e-01,5.300000000000000000e+01,-2.310662031173706055e+00,2.100000000000000000e+01,-9.841367006301879883e-01,2.200000000000000000e+01,-1.032990664243698120e-01,2.300000000000000000e+01,2.370384693145751953e+00,4.100000000000000000e+01,-6.119136810302734375e-01,4.200000000000000000e+01,1.504353433847427368e-02,4.300000000000000000e+01,1.803779125213623047e+00,6.100000000000000000e+01,2.857181131839752197e-01,6.200000000000000000e+01,-1.668605357408523560e-01,6.300000000000000000e+01,9.692890644073486328e-01
1.100000000000000000e+01,1.002847433090209961e+00,1.200000000000000000e+01,3.432784974575042725e-02,1.300000000000000000e+01,-1.655485868453979492e+00,3.100000000000000000e+01,-3.371234238147735596e-01,3.200000000000000000e+01,-1.242014020681381226e-02,3.300000000000000000e+01,-1.645327925682067871e+00,5.100000000000000000e+01,-7.050857543945312500e-01,5.200000000000000000e+01,9.125475883483886719e-01,5.300000000000000000e+01,-2.176334857940673828e+00,2.100000000000000000e+01,-1.041509985923767090e+00,2.200000000000000000e+01,-1.089255362749099731e-01,2.300000000000000000e+01,2.317375183105468750e+00,4.100000000000000000e+01,-6.556830406188964844e-01,4.200000000000000000e+01,2.913060039281845093e-02,4.300000000000000000e+01,1.602910995483398438e+00,6.100000000000000000e+01,2.713413834571838379e-01,6.200000000000000000e+01,-1.711393147706985474e-01,6.300000000000000000e+01,9.598184823989868164e-01
1.100000000000000000e+01,7.313899993896484375e-01,1.200000000000000000e+01,7.594461739063262939e-02,1.300000000000000000e+01,-7.712863683700561523e-01,3.100000000000000000e+01,7.677690982818603516e-01,3.200000000000000000e+01,-5.267738550901412964e-02,3.300000000000000000e+01,-2.269306898117065430e+00,5.100000000000000000e+01,-4.218671619892120361e-01,5.200000000000000000e+01,6.604460477828979492e-01,5.300000000000000000e+01,-1.499555826187133789e+00,2.100000000000000000e+01,-8.424460887908935547e-01,2.200000000000000000e+01,-2.511782050132751465e-01,2.300000000000000000e+01,2.040985584259033203e+00,4.100000000000000000e+01,-7.850238680839538574e-01,4.200000000000000000e+01,-1.058009788393974304e-01,4.300000000000000000e+01,1.092526435852050781e+00,6.100000000000000000e+01,3.137053251266479492e-01,6.200000000000000000e+01,-2.563896775245666504e-01,6.300000000000000000e+01,6.346499919891357422e-01
1.100000000000000000e+01,7.816557288169860840e-01,1.200000000000000000e+01,1.078273355960845947e-02,1.300000000000000000e+01,-1.843879699707031250e+00,3.100000000000000000e+01,6.793873906135559082e-01,3.200000000000000000e+01,1.027098670601844788e-01,3.300000000000000000e+01,-1.856521606445312500e+00,5.100000000000000000e+01,-6.412581801414489746e-01,5.200000000000000000e+01,9.058239459991455078e-01,5.300000000000000000e+01,-1.100969672203063965e+00,2.100000000000000000e+01,-1.067669868469238281e+00,2.200000000000000000e+01,-7.742151618003845215e-03,2.300000000000000000e+01,2.284334182739257812e+00,4.100000000000000000e+01,-4.737336933612823486e-01,4.200000000000000000e+01,5.709021538496017456e-02,4.300000000000000000e+01,9.796443581581115723e-01,6.100000000000000000e+01,2.554181814193725586e-01,6.200000000000000000e+01,-1.766361147165298462e-01,6.300000000000000000e+01,1.270284295082092285e+00
1.100000000000000000e+01,7.158898115158081055e-01,1.200000000000000000e+01,5.891159176826477051e-03,1.300000000000000000e+01,-1.498238921165466309e+00,3.100000000000000000e+01,7.668173313140869141e-01,3.200000000000000000e+01,1.348648965358734131e-01,3.300000000000000000e+01,-1.794257879257202148e+00,5.100000000000000000e+01,-7.827105522155761719e-01,5.200000000000000000e+01,8.955866098403930664e-01,5.300000000000000000e+01,-9.131639599800109863e-01,2.100000000000000000e+01,-1.019350647926330566e+00,2.200000000000000000e+01,1.337011158466339111e-02,2.300000000000000000e+01,2.315973997116088867e+00,4.100000000000000000e+01,-2.494940310716629028e-01,4.200000000000000000e+01,6.471344083547592163e-02,4.300000000000000000e+01,7.927667498588562012e-01,6.100000000000000000e+01,2.587776184082031250e-01,6.200000000000000000e+01,-1.698155254125595093e-01,6.300000000000000000e+01,1.804874181747436523e+00
1.100000000000000000e+01,6.986972093582153320e-01,1.200000000000000000e+01,1.301400363445281982e-02,1.300000000000000000e+01,-1.018456935882568359e+00,3.100000000000000000e+01,7.357115149497985840e-01,3.200000000000000000e+01,1.413703858852386475e-01,3.300000000000000000e+01,-1.668490052223205566e+00,5.100000000000000000e+01,-9.695307612419128418e-01,5.200000000000000000e+01,8.824890851974487305e-01,5.300000000000000000e+01,-8.734856843948364258e-01,2.100000000000000000e+01,-9.726058840751647949e-01,2.200000000000000000e+01,2.038319408893585205e-02,2.300000000000000000e+01,2.338474512100219727e+00,4.100000000000000000e+01,-5.232543498277664185e-02,4.200000000000000000e+01,6.946464627981185913e-02,4.300000000000000000e+01,7.038470506668090820e-01,6.100000000000000000e+01,2.685383558273315430e-01,6.200000000000000000e+01,-1.653098911046981812e-01,6.300000000000000000e+01,2.230831384658813477e+00
1.100000000000000000e+01,7.000145912170410156e-01,1.200000000000000000e+01,2.682913839817047119e-02,1.300000000000000000e+01,-7.588574886322021484e-01,3.100000000000000000e+01,3.754779398441314697e-01,3.200000000000000000e+01,9.009026736021041870e-02,3.300000000000000000e+01,-1.620025396347045898e+00,5.100000000000000000e+01,-1.064566731452941895e+00,5.200000000000000000e+01,8.972212672233581543e-01,5.300000000000000000e+01,-1.042467474937438965e+00,2.100000000000000000e+01,-9.217811822891235352e-01,2.200000000000000000e+01,1.715461909770965576e-02,2.300000000000000000e+01,2.323457479476928711e+00,4.100000000000000000e+01,-1.712376624345779419e-02,4.200000000000000000e+01,6.963827461004257202e-02,4.300000000000000000e+01,7.987553477287292480e-01,6.100000000000000000e+01,2.728338837623596191e-01,6.200000000000000000e+01,-1.637009233236312866e-01,6.300000000000000000e+01,2.442365646362304688e+00
1.100000000000000000e+01,6.950378417968750000e-01,1.200000000000000000e+01,1.973594725131988525e-02,1.300000000000000000e+01,-7.151769399642944336e-01,3.100000000000000000e+01,3.604094088077545166e-01,3.200000000000000000e+01,6.734628230333328247e-02,3.300000000000000000e+01,-1.685145854949951172e+00,5.100000000000000000e+01,-1.056521892547607422e+00,5.200000000000000000e+01,9.019196033477783203e-01,5.300000000000000000e+01,-1.123219251632690430e+00,2.100000000000000000e+01,-9.403967857360839844e-01,2.200000000000000000e+01,1.586486399173736572e-02,2.300000000000000000e+01,2.322701454162597656e+00,4.100000000000000000e+01,1.360140740871429443e-03,4.200000000000000000e+01,7.095669955015182495e-02,4.300000000000000000e+01,7.345086336135864258e-01,6.100000000000000000e+01,2.837789654731750488e-01,6.200000000000000000e+01,-1.641191095113754272e-01,6.300000000000000000e+01,2.482935905456542969e+00
1.100000000000000000e+01,6.485056281089782715e-01,1.200000000000000000e+01,1.172283142805099487e-01,1.300000000000000000e+01,-4.124966859817504883e-01,3.100000000000000000e+01,7.778074741363525391e-01,3.200000000000000000e+01,-4.229586571455001831e-02,3.300000000000000000e+01,-2.250629901885986328e+00,5.100000000000000000e+01,-6.408219337463378906e-01,5.200000000000000000e+01,7.416306734085083008e-01,5.300000000000000000e+01,-1.252555131912231445e+00,2.100000000000000000e+01,-8.414974212646484375e-01,2.200000000000000000e+01,-6.824137270450592041e-02,2.300000000000000000e+01,1.978458881378173828e+00,4.100000000000000000e+01,-6.060259342193603516e-01,4.200000000000000000e+01,-1.014307886362075806e-02,4.300000000000000000e+01,7.005144357681274414e-01,6.100000000000000000e+01,3.813038170337677002e-01,6.200000000000000000e+01,-2.073353379964828491e-01,6.300000000000000000e+01,1.311140775680541992e+00
1.100000000000000000e+01,6.246676445007324219e-01,1.200000000000000000e+01,4.210844635963439941e-03,1.300000000000000000e+01,-8.372495174407958984e-01,3.100000000000000000e+01,8.198928833007812500e-01,3.200000000000000000e+01,4.048157632350921631e-01,3.300000000000000000e+01,-2.326035976409912109e+00,5.100000000000000000e+01,-1.126090288162231445e+00,5.200000000000000000e+01,6.972410678863525391e-01,5.300000000000000000e+01,-6.495945453643798828e-01,2.100000000000000000e+01,-7.725905179977416992e-01,2.200000000000000000e+01,-7.231102883815765381e-02,2.300000000000000000e+01,1.673155546188354492e+00,4.100000000000000000e+01,-7.397499084472656250e-01,4.200000000000000000e+01,-1.336726844310760498e-01,4.300000000000000000e+01,1.199006676673889160e+00,6.100000000000000000e+01,2.506139874458312988e-01,6.200000000000000000e+01,-5.359753966331481934e-01,6.300000000000000000e+01,1.667573571205139160e+00
1.100000000000000000e+01,6.312266588211059570e-01,1.200000000000000000e+01,-2.161636948585510254e-03,1.300000000000000000e+01,-1.122309803962707520e+00,3.100000000000000000e+01,8.263696432113647461e-01,3.200000000000000000e+01,4.175044298171997070e-01,3.300000000000000000e+01,-2.329774379730224609e+00,5.100000000000000000e+01,-1.001600265502929688e+00,5.200000000000000000e+01,7.227587699890136719e-01,5.300000000000000000e+01,-6.894502043724060059e-01,2.100000000000000000e+01,-8.283847570419311523e-01,2.200000000000000000e+01,-8.311636745929718018e-02,2.300000000000000000e+01,1.570916414260864258e+00,4.100000000000000000e+01,-7.612819075584411621e-01,4.200000000000000000e+01,-1.319856345653533936e-01,4.300000000000000000e+01,1.167356610298156738e+00,6.100000000000000000e+01,2.505009174346923828e-01,6.200000000000000000e+01,-6.578376889228820801e-01,6.300000000000000000e+01,1.596126794815063477e+00
1.100000000000000000e+01,8.369491696357727051e-01,1.200000000000000000e+01,5.359368026256561279e-02,1.300000000000000000e+01,-1.339955687522888184e+00,3.100000000000000000e+01,4.057391732931137085e-02,3.200000000000000000e+01,4.469224065542221069e-02,3.300000000000000000e+01,-2.151504993438720703e+00,5.100000000000000000e+01,-4.097522199153900146e-01,5.200000000000000000e+01,9.260495901107788086e-01,5.300000000000000000e+01,-2.279553890228271484e+00,2.100000000000000000e+01,-1.227578401565551758e+00,2.200000000000000000e+01,-3.747536242008209229e-02,2.300000000000000000e+01,1.854595303535461426e+00,4.100000000000000000e+01,-5.943149328231811523e-01,4.200000000000000000e+01,6.638302654027938843e-02,4.300000000000000000e+01,7.681556940078735352e-01,6.100000000000000000e+01,2.731069922447204590e-01,6.200000000000000000e+01,-2.145332247018814087e-01,6.300000000000000000e+01,2.279232501983642578e+00
1.100000000000000000e+01,7.583208084106445312e-01,1.200000000000000000e+01,2.103070467710494995e-01,1.300000000000000000e+01,-6.024287939071655273e-01,3.100000000000000000e+01,1.600211858749389648e-01,3.200000000000000000e+01,-6.026654690504074097e-02,3.300000000000000000e+01,-2.317762136459350586e+00,5.100000000000000000e+01,-3.465869724750518799e-01,5.200000000000000000e+01,8.623217344284057617e-01,5.300000000000000000e+01,-2.388958215713500977e+00,2.100000000000000000e+01,-9.458658695220947266e-01,2.200000000000000000e+01,-3.050761818885803223e-01,2.300000000000000000e+01,1.781111240386962891e+00,4.100000000000000000e+01,-7.739252448081970215e-01,4.200000000000000000e+01,-3.188819438219070435e-02,4.300000000000000000e+01,9.166892766952514648e-01,6.100000000000000000e+01,3.438940346240997314e-01,6.200000000000000000e+01,-3.908354640007019043e-01,6.300000000000000000e+01,1.197273254394531250e+00
1.100000000000000000e+01,8.107773661613464355e-01,1.200000000000000000e+01,2.078741043806076050e-01,1.300000000000000000e+01,-5.886034965515136719e-01,3.100000000000000000e+01,-2.367724776268005371e-01,3.200000000000000000e+01,-6.838085502386093140e-02,3.300000000000000000e+01,-2.322957515716552734e+00,5.100000000000000000e+01,-3.209300339221954346e-01,5.200000000000000000e+01,8.903958797454833984e-01,5.300000000000000000e+01,-2.497249364852905273e+00,2.100000000000000000e+01,-9.095085263252258301e-01,2.200000000000000000e+01,-4.652244448661804199e-01,2.300000000000000000e+01,1.784730792045593262e+00,4.100000000000000000e+01,-7.695321440696716309e-01,4.200000000000000000e+01,-3.648801892995834351e-02,4.300000000000000000e+01,1.114115357398986816e+00,6.100000000000000000e+01,3.808554410934448242e-01,6.200000000000000000e+01,-3.893668353557586670e-01,6.300000000000000000e+01,1.330053329467773438e+00
1.100000000000000000e+01,6.605601310729980469e-01,1.200000000000000000e+01,-2.092634141445159912e-02,1.300000000000000000e+01,-4.643647670745849609e-01,3.100000000000000000e+01,7.475334405899047852e-02,3.200000000000000000e+01,-1.876346021890640259e-02,3.300000000000000000e+01,-2.347892045974731445e+00,5.100000000000000000e+01,-6.345276832580566406e-01,5.200000000000000000e+01,5.297747850418090820e-01,5.300000000000000000e+01,-1.429241180419921875e+00,2.100000000000000000e+01,-6.553660631179809570e-01,2.200000000000000000e+01,-7.178092002868652344e-01,2.300000000000000000e+01,6.283748149871826172e-01,4.100000000000000000e+01,-7.848472595214843750e-01,4.200000000000000000e+01,-3.979530930519104004e-01,4.300000000000000000e+01,2.096089363098144531e+00,6.100000000000000000e+01,3.165153264999389648e-01,6.200000000000000000e+01,-5.611549615859985352e-01,6.300000000000000000e+01,7.652306556701660156e-01
1.100000000000000000e+01,9.209175109863281250e-01,1.200000000000000000e+01,2.976741194725036621e-01,1.300000000000000000e+01,-3.587013483047485352e-01,3.100000000000000000e+01,-6.750797033309936523e-01,3.200000000000000000e+01,-7.101597636938095093e-02,3.300000000000000000e+01,-2.287246465682983398e+00,5.100000000000000000e+01,-3.279579579830169678e-01,5.200000000000000000e+01,9.067841768264770508e-01,5.300000000000000000e+01,-2.554664611816406250e+00,2.100000000000000000e+01,-8.838499784469604492e-01,2.200000000000000000e+01,-6.262481808662414551e-01,2.300000000000000000e+01,1.581228733062744141e+00,4.100000000000000000e+01,-7.142178416252136230e-01,4.200000000000000000e+01,-8.955224603414535522e-02,4.300000000000000000e+01,1.680155515670776367e+00,6.100000000000000000e+01,7.189817428588867188e-01,6.200000000000000000e+01,-2.597528696060180664e-01,6.300000000000000000e+01,1.473612070083618164e+00
1.100000000000000000e+01,1.226691842079162598e+00,1.200000000000000000e+01,2.259158790111541748e-01,1.300000000000000000e+01,-4.668951034545898438e-01,3.100000000000000000e+01,-7.033627033233642578e-01,3.200000000000000000e+01,-5.696033686399459839e-02,3.300000000000000000e+01,-1.692515373229980469e+00,5.100000000000000000e+01,-7.084400057792663574e-01,5.200000000000000000e+01,9.287090301513671875e-01,5.300000000000000000e+01,-2.542278051376342773e+00,2.100000000000000000e+01,-9.828026294708251953e-01,2.200000000000000000e+01,-2.272316068410873413e-01,2.300000000000000000e+01,2.098731517791748047e+00,4.100000000000000000e+01,-4.858532175421714783e-02,4.200000000000000000e+01,6.344389170408248901e-02,4.300000000000000000e+01,1.406042575836181641e+00,6.100000000000000000e+01,4.273388087749481201e-01,6.200000000000000000e+01,-1.643561273813247681e-01,6.300000000000000000e+01,2.503293991088867188e+00
1.100000000000000000e+01,7.074267864227294922e-01,1.200000000000000000e+01,2.884935140609741211e-01,1.300000000000000000e+01,-3.404160737991333008e-01,3.100000000000000000e+01,-7.044705748558044434e-01,3.200000000000000000e+01,-7.361095398664474487e-02,3.300000000000000000e+01,-1.698094367980957031e+00,5.100000000000000000e+01,-7.966995239257812500e-01,5.200000000000000000e+01,9.295103549957275391e-01,5.300000000000000000e+01,-2.377698898315429688e+00,2.100000000000000000e+01,-7.094395756721496582e-01,2.200000000000000000e+01,-6.520344316959381104e-02,2.300000000000000000e+01,2.170149803161621094e+00,4.100000000000000000e+01,9.584498405456542969e-02,4.200000000000000000e+01,1.084778457880020142e-02,4.300000000000000000e+01,1.484111428260803223e+00,6.100000000000000000e+01,5.829743742942810059e-01,6.200000000000000000e+01,-1.639028936624526978e-01,6.300000000000000000e+01,2.569293022155761719e+00
1.100000000000000000e+01,1.046474456787109375e+00,1.200000000000000000e+01,3.781847655773162842e-02,1.300000000000000000e+01,-7.654340267181396484e-01,3.100000000000000000e+01,-7.146880626678466797e-01,3.200000000000000000e+01,-3.196226805448532104e-02,3.300000000000000000e+01,-1.524684906005859375e+00,5.100000000000000000e+01,-8.915119767189025879e-01,5.200000000000000000e+01,9.269030094146728516e-01,5.300000000000000000e+01,-2.307753086090087891e+00,2.100000000000000000e+01,-6.762415170669555664e-01,2.200000000000000000e+01,-5.077096223831176758e-01,2.300000000000000000e+01,2.125669479370117188e+00,4.100000000000000000e+01,5.706067085266113281e-01,4.200000000000000000e+01,6.271682679653167725e-03,4.300000000000000000e+01,1.708439707756042480e+00,6.100000000000000000e+01,4.010355174541473389e-01,6.200000000000000000e+01,-1.750955432653427124e-01,6.300000000000000000e+01,2.644919633865356445e+00
1.100000000000000000e+01,7.698966264724731445e-01,1.200000000000000000e+01,-1.832501590251922607e-02,1.300000000000000000e+01,-1.087903618812561035e+00,3.100000000000000000e+01,-6.990163922309875488e-01,3.200000000000000000e+01,3.054294586181640625e-01,3.300000000000000000e+01,-2.059566259384155273e+00,5.100000000000000000e+01,-1.253880500793457031e+00,5.200000000000000000e+01,5.637664198875427246e-01,5.300000000000000000e+01,-8.668755292892456055e-01,2.100000000000000000e+01,-6.232888102531433105e-01,2.200000000000000000e+01,-5.569581985473632812e-01,2.300000000000000000e+01,2.148351430892944336e+00,4.100000000000000000e+01,5.456021428108215332e-01,4.200000000000000000e+01,-2.008243203163146973e-01,4.300000000000000000e+01,2.047874450683593750e+00,6.100000000000000000e+01,2.655509114265441895e-01,6.200000000000000000e+01,-2.189746946096420288e-01,6.300000000000000000e+01,2.641051769256591797e+00
1.100000000000000000e+01,6.202230453491210938e-01,1.200000000000000000e+01,4.071559011936187744e-02,1.300000000000000000e+01,-4.505811929702758789e-01,3.100000000000000000e+01,-6.737119555473327637e-01,3.200000000000000000e+01,3.418827652931213379e-01,3.300000000000000000e+01,-2.215951204299926758e+00,5.100000000000000000e+01,-1.200124502182006836e+00,5.200000000000000000e+01,7.704658508300781250e-01,5.300000000000000000e+01,-8.967857956886291504e-01,2.100000000000000000e+01,-6.266639232635498047e-01,2.200000000000000000e+01,-1.898853927850723267e-01,2.300000000000000000e+01,2.328259706497192383e+00,4.100000000000000000e+01,1.018013507127761841e-01,4.200000000000000000e+01,-3.342949151992797852e-01,4.300000000000000000e+01,1.234455466270446777e+00,6.100000000000000000e+01,2.777122259140014648e-01,6.200000000000000000e+01,-4.243707060813903809e-01,6.300000000000000000e+01,2.641726493835449219e+00
1.100000000000000000e+01,7.088090777397155762e-01,1.200000000000000000e+01,2.152027487754821777e-01,1.300000000000000000e+01,-3.968384265899658203e-01,3.100000000000000000e+01,-3.352151513099670410e-01,3.200000000000000000e+01,1.334450244903564453e-01,3.300000000000000000e+01,-1.555845499038696289e+00,5.100000000000000000e+01,-1.192561149597167969e+00,5.200000000000000000e+01,3.727723360061645508e-01,5.300000000000000000e+01,-8.876628875732421875e-01,2.100000000000000000e+01,-6.260391473770141602e-01,2.200000000000000000e+01,-3.194116055965423584e-02,2.300000000000000000e+01,2.394134283065795898e+00,4.100000000000000000e+01,2.389928698539733887e-01,4.200000000000000000e+01,-1.103428527712821960e-01,4.300000000000000000e+01,1.851629137992858887e+00,6.100000000000000000e+01,3.388558924198150635e-01,6.200000000000000000e+01,-1.836424618959426880e-01,6.300000000000000000e+01,2.300355911254882812e+00
1.100000000000000000e+01,7.210875749588012695e-01,1.200000000000000000e+01,2.016177475452423096e-01,1.300000000000000000e+01,-4.056440591812133789e-01,3.100000000000000000e+01,1.426413655281066895e-03,3.200000000000000000e+01,2.125891447067260742e-01,3.300000000000000000e+01,-1.559600353240966797e+00,5.100000000000000000e+01,-1.210263133049011230e+00,5.200000000000000000e+01,3.001829385757446289e-01,5.300000000000000000e+01,-7.823129892349243164e-01,2.100000000000000000e+01,-6.317158341407775879e-01,2.200000000000000000e+01,-1.788540184497833252e-02,2.300000000000000000e+01,2.373878955841064453e+00,4.100000000000000000e+01,2.303882241249084473e-01,4.200000000000000000e+01,-1.048304066061973572e-01,4.300000000000000000e+01,1.818691134452819824e+00,6.100000000000000000e+01,3.179985284805297852e-01,6.200000000000000000e+01,-1.882086843252182007e-01,6.300000000000000000e+01,2.118406295776367188e+00
1.100000000000000000e+01,8.160511851310729980e-01,1.200000000000000000e+01,5.369997620582580566e-01,1.300000000000000000e+01,-3.403934240341186523e-01,3.100000000000000000e+01,-6.677114963531494141e-01,3.200000000000000000e+01,-5.813144892454147339e-02,3.300000000000000000e+01,-7.528735995292663574e-01,5.100000000000000000e+01,-8.243519067764282227e-01,5.200000000000000000e+01,9.024637341499328613e-01,5.300000000000000000e+01,-1.910992026329040527e+00,2.100000000000000000e+01,-7.376602292060852051e-01,2.200000000000000000e+01,1.666383445262908936e-02,2.300000000000000000e+01,2.337930679321289062e+00,4.100000000000000000e+01,4.725415110588073730e-01,4.200000000000000000e+01,2.637916058301925659e-02,4.300000000000000000e+01,9.793683290481567383e-01,6.100000000000000000e+01,7.486703395843505859e-01,6.200000000000000000e+01,-1.630856245756149292e-01,6.300000000000000000e+01,2.600386142730712891e+00
1.100000000000000000e+01,6.315689682960510254e-01,1.200000000000000000e+01,8.241608738899230957e-03,1.300000000000000000e+01,-6.027573347091674805e-01,3.100000000000000000e+01,1.857126951217651367e-01,3.200000000000000000e+01,4.707901477813720703e-01,3.300000000000000000e+01,-2.197465419769287109e+00,5.100000000000000000e+01,-1.245073437690734863e+00,5.200000000000000000e+01,3.408179581165313721e-01,5.300000000000000000e+01,-6.097396612167358398e-01,2.100000000000000000e+01,-6.458291411399841309e-01,2.200000000000000000e+01,-8.594168722629547119e-02,2.300000000000000000e+01,2.109035968780517578e+00,4.100000000000000000e+01,1.846761107444763184e-01,4.200000000000000000e+01,-3.405780196189880371e-01,4.300000000000000000e+01,1.058138132095336914e+00,6.100000000000000000e+01,2.560887336730957031e-01,6.200000000000000000e+01,-6.637662649154663086e-01,6.300000000000000000e+01,2.596726417541503906e+00
1.100000000000000000e+01,1.093254327774047852e+00,1.200000000000000000e+01,-2.463458478450775146e-02,1.300000000000000000e+01,-2.111905574798583984e+00,3.100000000000000000e+01,6.051646471023559570e-01,3.200000000000000000e+01,4.808894395828247070e-01,3.300000000000000000e+01,-2.026109457015991211e+00,5.100000000000000000e+01,-1.284165859222412109e+00,5.200000000000000000e+01,1.737177819013595581e-01,5.300000000000000000e+01,-6.136729717254638672e-01,2.100000000000000000e+01,-6.762319803237915039e-01,2.200000000000000000e+01,-4.138164520263671875e-01,2.300000000000000000e+01,1.817195653915405273e+00,4.100000000000000000e+01,5.786021351814270020e-01,4.200000000000000000e+01,-2.462395727634429932e-01,4.300000000000000000e+01,2.087086677551269531e+00,6.100000000000000000e+01,2.538667321205139160e-01,6.200000000000000000e+01,-5.327062010765075684e-01,6.300000000000000000e+01,2.290185928344726562e+00
1.100000000000000000e+01,1.298094511032104492e+00,1.200000000000000000e+01,-1.944546401500701904e-02,1.300000000000000000e+01,-2.073433876037597656e+00,3.100000000000000000e+01,-5.217836499214172363e-01,3.200000000000000000e+01,3.936906754970550537e-01,3.300000000000000000e+01,-8.506900072097778320e-01,5.100000000000000000e+01,-9.917513132095336914e-01,5.200000000000000000e+01,7.322155237197875977e-01,5.300000000000000000e+01,-8.476262688636779785e-01,2.100000000000000000e+01,-7.618256807327270508e-01,2.200000000000000000e+01,-1.302735656499862671e-01,2.300000000000000000e+01,2.163145780563354492e+00,4.100000000000000000e+01,6.427958607673645020e-01,4.200000000000000000e+01,3.288912028074264526e-02,4.300000000000000000e+01,8.156786561012268066e-01,6.100000000000000000e+01,3.457174003124237061e-01,6.200000000000000000e+01,-1.747417896986007690e-01,6.300000000000000000e+01,2.640478849411010742e+00
1.100000000000000000e+01,6.531294584274291992e-01,1.200000000000000000e+01,-1.800878345966339111e-02,1.300000000000000000e+01,-1.557959794998168945e+00,3.100000000000000000e+01,8.790397047996520996e-01,3.200000000000000000e+01,4.860167503356933594e-01,3.300000000000000000e+01,-2.152088642120361328e+00,5.100000000000000000e+01,-1.234416127204895020e+00,5.200000000000000000e+01,1.985381394624710083e-01,5.300000000000000000e+01,-5.930342674255371094e-01,2.100000000000000000e+01,-6.904058456420898438e-01,2.200000000000000000e+01,-4.758994281291961670e-02,2.300000000000000000e+01,2.332618474960327148e+00,4.100000000000000000e+01,1.221653074026107788e-01,4.200000000000000000e+01,-3.726743757724761963e-01,4.300000000000000000e+01,7.425499558448791504e-01,6.100000000000000000e+01,2.515043616294860840e-01,6.200000000000000000e+01,-8.709702491760253906e-01,6.300000000000000000e+01,2.272623777389526367e+00
1.100000000000000000e+01,1.058162450790405273e+00,1.200000000000000000e+01,-1.858790218830108643e-02,1.300000000000000000e+01,-1.194104194641113281e+00,3.100000000000000000e+01,8.994061946868896484e-01,3.200000000000000000e+01,4.242222905158996582e-01,3.300000000000000000e+01,-1.592065691947937012e+00,5.100000000000000000e+01,-1.272053718566894531e+00,5.200000000000000000e+01,1.846332103013992310e-01,5.300000000000000000e+01,-6.107459068298339844e-01,2.100000000000000000e+01,-6.586974859237670898e-01,2.200000000000000000e+01,-1.221968233585357666e-02,2.300000000000000000e+01,2.359043836593627930e+00,4.100000000000000000e+01,5.466042160987854004e-01,4.200000000000000000e+01,-2.569960802793502808e-02,4.300000000000000000e+01,1.626473903656005859e+00,6.100000000000000000e+01,2.816526591777801514e-01,6.200000000000000000e+01,-1.765389293432235718e-01,6.300000000000000000e+01,7.719832658767700195e-01
1.100000000000000000e+01,7.123686075210571289e-01,1.200000000000000000e+01,-3.591910004615783691e-03,1.300000000000000000e+01,-1.684623360633850098e+00,3.100000000000000000e+01,1.874582171440124512e-01,3.200000000000000000e+01,4.253267645835876465e-01,3.300000000000000000e+01,-1.236260414123535156e+00,5.100000000000000000e+01,-6.180952787399291992e-01,5.200000000000000000e+01,8.939730525016784668e-01,5.300000000000000000e+01,-7.751109600067138672e-01,2.100000000000000000e+01,-8.016074895858764648e-01,2.200000000000000000e+01,-1.221056282520294189e-02,2.300000000000000000e+01,2.416299343109130859e+00,4.100000000000000000e+01,1.820948123931884766e-01,4.200000000000000000e+01,-7.385430485010147095e-02,4.300000000000000000e+01,5.633528828620910645e-01,6.100000000000000000e+01,3.110733032226562500e-01,6.200000000000000000e+01,-3.326957225799560547e-01,6.300000000000000000e+01,2.636992931365966797e+00
1.100000000000000000e+01,1.071016550064086914e+00,1.200000000000000000e+01,-2.980391681194305420e-02,1.300000000000000000e+01,-1.148419857025146484e+00,3.100000000000000000e+01,8.198083043098449707e-01,3.200000000000000000e+01,3.682038784027099609e-01,3.300000000000000000e+01,-1.824973821640014648e+00,5.100000000000000000e+01,-3.319917619228363037e-01,5.200000000000000000e+01,2.913686037063598633e-01,5.300000000000000000e+01,-1.092893838882446289e+00,2.100000000000000000e+01,-8.888201713562011719e-01,2.200000000000000000e+01,-3.133915066719055176e-01,2.300000000000000000e+01,2.194117546081542969e+00,4.100000000000000000e+01,4.478862285614013672e-01,4.200000000000000000e+01,-1.431645452976226807e-01,4.300000000000000000e+01,6.293475031852722168e-01,6.100000000000000000e+01,1.185143589973449707e+00,6.200000000000000000e+01,-2.582181096076965332e-01,6.300000000000000000e+01,2.537165403366088867e+00
1.100000000000000000e+01,1.028051137924194336e+00,1.200000000000000000e+01,-3.137575089931488037e-02,1.300000000000000000e+01,-1.122230529785156250e+00,3.100000000000000000e+01,8.189510107040405273e-01,3.200000000000000000e+01,3.595745265483856201e-01,3.300000000000000000e+01,-1.925133943557739258e+00,5.100000000000000000e+01,-3.169912397861480713e-01,5.200000000000000000e+01,3.797580301761627197e-01,5.300000000000000000e+01,-1.001682996749877930e+00,2.100000000000000000e+01,-9.040706753730773926e-01,2.200000000000000000e+01,-3.932922184467315674e-01,2.300000000000000000e+01,2.038480281829833984e+00,4.100000000000000000e+01,3.020891547203063965e-01,4.200000000000000000e+01,-1.728908717632293701e-01,4.300000000000000000e+01,6.431345939636230469e-01,6.100000000000000000e+01,1.172318577766418457e+00,6.200000000000000000e+01,-3.049035668373107910e-01,6.300000000000000000e+01,2.523766040802001953e+00
1.100000000000000000e+01,9.360336065292358398e-01,1.200000000000000000e+01,-3.188608586788177490e-02,1.300000000000000000e+01,-1.211750864982604980e+00,3.100000000000000000e+01,7.980533242225646973e-01,3.200000000000000000e+01,3.595570325851440430e-01,3.300000000000000000e+01,-2.032598018646240234e+00,5.100000000000000000e+01,-2.908909916877746582e-01,5.200000000000000000e+01,5.694704055786132812e-01,5.300000000000000000e+01,-9.892944097518920898e-01,2.100000000000000000e+01,-8.860139846801757812e-01,2.200000000000000000e+01,-4.539469480514526367e-01,2.300000000000000000e+01,1.911525249481201172e+00,4.100000000000000000e+01,1.799298226833343506e-01,4.200000000000000000e+01,-2.123469412326812744e-01,4.300000000000000000e+01,6.183752417564392090e-01,6.100000000000000000e+01,1.077939867973327637e+00,6.200000000000000000e+01,-4.756546616554260254e-01,6.300000000000000000e+01,2.542234659194946289e+00
1.100000000000000000e+01,1.357986450195312500e+00,1.200000000000000000e+01,-1.766027510166168213e-02,1.300000000000000000e+01,-6.309233903884887695e-01,3.100000000000000000e+01,8.887161016464233398e-01,3.200000000000000000e+01,3.741800040006637573e-02,3.300000000000000000e+01,-1.618802189826965332e+00,5.100000000000000000e+01,-3.974373042583465576e-01,5.200000000000000000e+01,3.298039734363555908e-01,5.300000000000000000e+01,-1.737563014030456543e+00,2.100000000000000000e+01,-1.025602102279663086e+00,2.200000000000000000e+01,-1.231398731470108032e-01,2.300000000000000000e+01,2.294157981872558594e+00,4.100000000000000000e+01,4.481045603752136230e-01,4.200000000000000000e+01,3.926994651556015015e-02,4.300000000000000000e+01,5.744178295135498047e-01,6.100000000000000000e+01,1.286627054214477539e+00,6.200000000000000000e+01,-1.698838323354721069e-01,6.300000000000000000e+01,1.521992921829223633e+00
1.100000000000000000e+01,1.370872259140014648e+00,1.200000000000000000e+01,-1.369072496891021729e-02,1.300000000000000000e+01,-6.770550012588500977e-01,3.100000000000000000e+01,8.969316482543945312e-01,3.200000000000000000e+01,5.458899587392807007e-02,3.300000000000000000e+01,-1.608381986618041992e+00,5.100000000000000000e+01,-4.535223543643951416e-01,5.200000000000000000e+01,2.612642049789428711e-01,5.300000000000000000e+01,-1.886853456497192383e+00,2.100000000000000000e+01,-1.086539030075073242e+00,2.200000000000000000e+01,-1.339350193738937378e-01,2.300000000000000000e+01,2.324114561080932617e+00,4.100000000000000000e+01,4.019904732704162598e-01,4.200000000000000000e+01,3.795967251062393188e-02,4.300000000000000000e+01,5.986323952674865723e-01,6.100000000000000000e+01,1.289421558380126953e+00,6.200000000000000000e+01,-1.698349565267562866e-01,6.300000000000000000e+01,1.049584746360778809e+00
1.100000000000000000e+01,1.380107045173645020e+00,1.200000000000000000e+01,-8.360907435417175293e-03,1.300000000000000000e+01,-7.506798505783081055e-01,3.100000000000000000e+01,8.942731022834777832e-01,3.200000000000000000e+01,3.535369783639907837e-02,3.300000000000000000e+01,-1.597055912017822266e+00,5.100000000000000000e+01,-4.920622110366821289e-01,5.200000000000000000e+01,2.390366047620773315e-01,5.300000000000000000e+01,-2.083605766296386719e+00,2.100000000000000000e+01,-1.103460192680358887e+00,2.200000000000000000e+01,-1.997667700052261353e-01,2.300000000000000000e+01,2.344345569610595703e+00,4.100000000000000000e+01,3.647967875003814697e-01,4.200000000000000000e+01,3.574293106794357300e-02,4.300000000000000000e+01,6.376385688781738281e-01,6.100000000000000000e+01,1.294101119041442871e+00,6.200000000000000000e+01,-1.710792928934097290e-01,6.300000000000000000e+01,8.542902469635009766e-01
1.100000000000000000e+01,1.106249451637268066e+00,1.200000000000000000e+01,4.339890182018280029e-02,1.300000000000000000e+01,-4.232457876205444336e-01,3.100000000000000000e+01,8.706930875778198242e-01,3.200000000000000000e+01,1.550977677106857300e-02,3.300000000000000000e+01,-1.576227784156799316e+00,5.100000000000000000e+01,-3.629867434501647949e-01,5.200000000000000000e+01,3.663074970245361328e-01,5.300000000000000000e+01,-1.890190243721008301e+00,2.100000000000000000e+01,-1.093338489532470703e+00,2.200000000000000000e+01,-4.281489551067352295e-02,2.300000000000000000e+01,2.431049823760986328e+00,4.100000000000000000e+01,-3.559959828853607178e-01,4.200000000000000000e+01,-4.097414761781692505e-02,4.300000000000000000e+01,5.878965258598327637e-01,6.100000000000000000e+01,1.294023036956787109e+00,6.200000000000000000e+01,-1.912668496370315552e-01,6.300000000000000000e+01,8.299961686134338379e-01
1.100000000000000000e+01,1.386651039123535156e+00,1.200000000000000000e+01,1.569624245166778564e-02,1.300000000000000000e+01,-8.371163606643676758e-01,3.100000000000000000e+01,8.731412887573242188e-01,3.200000000000000000e+01,-3.808937966823577881e-03,3.300000000000000000e+01,-1.523875355720520020e+00,5.100000000000000000e+01,-6.314693093299865723e-01,5.200000000000000000e+01,2.434629350900650024e-01,5.300000000000000000e+01,-2.059235572814941406e+00,2.100000000000000000e+01,-1.057987451553344727e+00,2.200000000000000000e+01,-3.904653489589691162e-01,2.300000000000000000e+01,2.376658439636230469e+00,4.100000000000000000e+01,1.274093687534332275e-01,4.200000000000000000e+01,2.425190061330795288e-02,4.300000000000000000e+01,7.698547840118408203e-01,6.100000000000000000e+01,1.284430980682373047e+00,6.200000000000000000e+01,-1.739878207445144653e-01,6.300000000000000000e+01,6.649932265281677246e-01
1.100000000000000000e+01,1.383392095565795898e+00,1.200000000000000000e+01,6.900712847709655762e-03,1.300000000000000000e+01,-8.951852321624755859e-01,3.100000000000000000e+01,8.753479719161987305e-01,3.200000000000000000e+01,2.183062583208084106e-02,3.300000000000000000e+01,-1.540943622589111328e+00,5.100000000000000000e+01,-7.500752806663513184e-01,5.200000000000000000e+01,2.540814876556396484e-01,5.300000000000000000e+01,-1.512620449066162109e+00,2.100000000000000000e+01,-1.013322591781616211e+00,2.200000000000000000e+01,-3.725281655788421631e-01,2.300000000000000000e+01,2.381280660629272461e+00,4.100000000000000000e+01,4.413221776485443115e-02,4.200000000000000000e+01,2.585379034280776978e-02,4.300000000000000000e+01,6.976074576377868652e-01,6.100000000000000000e+01,1.252946138381958008e+00,6.200000000000000000e+01,-1.744529455900192261e-01,6.300000000000000000e+01,6.432691216468811035e-01
1.100000000000000000e+01,1.316299915313720703e+00,1.200000000000000000e+01,9.335443377494812012e-03,1.300000000000000000e+01,-6.912666559219360352e-01,3.100000000000000000e+01,8.462076783180236816e-01,3.200000000000000000e+01,4.232878237962722778e-02,3.300000000000000000e+01,-1.327017664909362793e+00,5.100000000000000000e+01,-9.206736683845520020e-01,5.200000000000000000e+01,3.304548263549804688e-01,5.300000000000000000e+01,-8.163734078407287598e-01,2.100000000000000000e+01,-8.961637020111083984e-01,2.200000000000000000e+01,-2.292166799306869507e-01,2.300000000000000000e+01,2.410498619079589844e+00,4.100000000000000000e+01,-1.812417209148406982e-01,4.200000000000000000e+01,-8.531518280506134033e-03,4.300000000000000000e+01,6.074528098106384277e-01,6.100000000000000000e+01,1.155172348022460938e+00,6.200000000000000000e+01,-1.745733469724655151e-01,6.300000000000000000e+01,6.398361325263977051e-01
1.100000000000000000e+01,1.208387970924377441e+00,1.200000000000000000e+01,1.694588363170623779e-02,1.300000000000000000e+01,-7.723845243453979492e-01,3.100000000000000000e+01,8.271318078041076660e-01,3.200000000000000000e+01,5.175357311964035034e-02,3.300000000000000000e+01,-1.359069466590881348e+00,5.100000000000000000e+01,-7.689023613929748535e-01,5.200000000000000000e+01,4.416452050209045410e-01,5.300000000000000000e+01,-7.540658712387084961e-01,2.100000000000000000e+01,-9.159247875213623047e-01,2.200000000000000000e+01,-1.834621727466583252e-01,2.300000000000000000e+01,2.378864765167236328e+00,4.100000000000000000e+01,-3.710571229457855225e-01,4.200000000000000000e+01,-4.572903364896774292e-02,4.300000000000000000e+01,6.029458642005920410e-01,6.100000000000000000e+01,9.692571759223937988e-01,6.200000000000000000e+01,-1.863095015287399292e-01,6.300000000000000000e+01,6.313913464546203613e-01
1.100000000000000000e+01,9.573525786399841309e-01,1.200000000000000000e+01,2.008010447025299072e-02,1.300000000000000000e+01,-8.960670232772827148e-01,3.100000000000000000e+01,8.338551521301269531e-01,3.200000000000000000e+01,7.695139199495315552e-02,3.300000000000000000e+01,-1.515761852264404297e+00,5.100000000000000000e+01,-5.499833226203918457e-01,5.200000000000000000e+01,5.653974413871765137e-01,5.300000000000000000e+01,-6.610627770423889160e-01,2.100000000000000000e+01,-9.812484979629516602e-01,2.200000000000000000e+01,-1.457121372222900391e-01,2.300000000000000000e+01,2.224803924560546875e+00,4.100000000000000000e+01,-5.644708871841430664e-01,4.200000000000000000e+01,-1.061879619956016541e-01,4.300000000000000000e+01,6.051672101020812988e-01,6.100000000000000000e+01,6.415991187095642090e-01,6.200000000000000000e+01,-2.223902195692062378e-01,6.300000000000000000e+01,6.164511442184448242e-01
1.100000000000000000e+01,7.689108848571777344e-01,1.200000000000000000e+01,-2.355970442295074463e-02,1.300000000000000000e+01,-2.186284065246582031e+00,3.100000000000000000e+01,8.685085773468017578e-01,3.200000000000000000e+01,4.796323180198669434e-01,3.300000000000000000e+01,-1.304269552230834961e+00,5.100000000000000000e+01,-1.253073334693908691e+00,5.200000000000000000e+01,2.942421436309814453e-01,5.300000000000000000e+01,-5.881974697113037109e-01,2.100000000000000000e+01,-7.450571060180664062e-01,2.200000000000000000e+01,-2.403379380702972412e-01,2.300000000000000000e+01,2.070278644561767578e+00,4.100000000000000000e+01,-6.529359817504882812e-01,4.200000000000000000e+01,-4.178321659564971924e-01,4.300000000000000000e+01,1.080413103103637695e+00,6.100000000000000000e+01,2.504633665084838867e-01,6.200000000000000000e+01,-6.772608757019042969e-01,6.300000000000000000e+01,5.961929559707641602e-01
1.100000000000000000e+01,6.684353351593017578e-01,1.200000000000000000e+01,-2.597911655902862549e-02,1.300000000000000000e+01,-2.233776330947875977e+00,3.100000000000000000e+01,8.625669479370117188e-01,3.200000000000000000e+01,4.803304076194763184e-01,3.300000000000000000e+01,-1.631236553192138672e+00,5.100000000000000000e+01,-1.193384408950805664e+00,5.200000000000000000e+01,3.745293021202087402e-01,5.300000000000000000e+01,-5.876607894897460938e-01,2.100000000000000000e+01,-7.469619512557983398e-01,2.200000000000000000e+01,-2.221489250659942627e-01,2.300000000000000000e+01,1.984730482101440430e+00,4.100000000000000000e+01,-7.662523388862609863e-01,4.200000000000000000e+01,-4.370529055595397949e-01,4.300000000000000000e+01,1.043805837631225586e+00,6.100000000000000000e+01,2.500566244125366211e-01,6.200000000000000000e+01,-7.841943502426147461e-01,6.300000000000000000e+01,6.021935939788818359e-01
1.100000000000000000e+01,6.254937648773193359e-01,1.200000000000000000e+01,-2.892191708087921143e-02,1.300000000000000000e+01,-1.678382754325866699e+00,3.100000000000000000e+01,8.911091089248657227e-01,3.200000000000000000e+01,4.697227478027343750e-01,3.300000000000000000e+01,-2.278245925903320312e+00,5.100000000000000000e+01,-6.941982507705688477e-01,5.200000000000000000e+01,2.245292216539382935e-01,5.300000000000000000e+01,-5.889245271682739258e-01,2.100000000000000000e+01,-6.930494308471679688e-01,2.200000000000000000e+01,-3.385167121887207031e-01,2.300000000000000000e+01,1.518144607543945312e+00,4.100000000000000000e+01,-8.274289369583129883e-01,4.200000000000000000e+01,-4.649480581283569336e-01,4.300000000000000000e+01,8.459684848785400391e-01,6.100000000000000000e+01,2.542098760604858398e-01,6.200000000000000000e+01,-8.886606693267822266e-01,6.300000000000000000e+01,6.122217178344726562e-01
1.100000000000000000e+01,6.383910179138183594e-01,1.200000000000000000e+01,-2.719287574291229248e-02,1.300000000000000000e+01,-2.130453109741210938e+00,3.100000000000000000e+01,7.236543893814086914e-01,3.200000000000000000e+01,4.730010628700256348e-01,3.300000000000000000e+01,-2.081929206848144531e+00,5.100000000000000000e+01,-1.075172662734985352e+00,5.200000000000000000e+01,6.152614355087280273e-01,5.300000000000000000e+01,-5.908944606781005859e-01,2.100000000000000000e+01,-7.071365118026733398e-01,2.200000000000000000e+01,-2.355201542377471924e-01,2.300000000000000000e+01,2.004892110824584961e+00,4.100000000000000000e+01,-8.104326128959655762e-01,4.200000000000000000e+01,-4.095363616943359375e-01,4.300000000000000000e+01,1.145345330238342285e+00,6.100000000000000000e+01,2.500379681587219238e-01,6.200000000000000000e+01,-8.304336071014404297e-01,6.300000000000000000e+01,7.323822379112243652e-01
1.100000000000000000e+01,8.241423964500427246e-01,1.200000000000000000e+01,-3.851279616355895996e-03,1.300000000000000000e+01,-1.804868459701538086e+00,3.100000000000000000e+01,-6.124418377876281738e-01,3.200000000000000000e+01,1.240039616823196411e-02,3.300000000000000000e+01,-1.275670409202575684e+00,5.100000000000000000e+01,-5.325201749801635742e-01,5.200000000000000000e+01,9.286255836486816406e-01,5.300000000000000000e+01,-1.397351980209350586e+00,2.100000000000000000e+01,-9.386405944824218750e-01,2.200000000000000000e+01,-1.397657841444015503e-01,2.300000000000000000e+01,2.190829515457153320e+00,4.100000000000000000e+01,-4.836235344409942627e-01,4.200000000000000000e+01,2.422560006380081177e-02,4.300000000000000000e+01,9.287338256835937500e-01,6.100000000000000000e+01,2.742033004760742188e-01,6.200000000000000000e+01,-1.976442188024520874e-01,6.300000000000000000e+01,2.130711078643798828e+00
1.100000000000000000e+01,7.669804096221923828e-01,1.200000000000000000e+01,1.806035637855529785e-03,1.300000000000000000e+01,-8.985179662704467773e-01,3.100000000000000000e+01,-6.234009861946105957e-01,3.200000000000000000e+01,-7.898365706205368042e-02,3.300000000000000000e+01,-1.662769079208374023e+00,5.100000000000000000e+01,-9.116056561470031738e-01,5.200000000000000000e+01,9.288160800933837891e-01,5.300000000000000000e+01,-1.398543596267700195e+00,2.100000000000000000e+01,-6.330593824386596680e-01,2.200000000000000000e+01,-4.570567011833190918e-01,2.300000000000000000e+01,2.103488683700561523e+00,4.100000000000000000e+01,2.810604125261306763e-02,4.200000000000000000e+01,-4.982836544513702393e-03,4.300000000000000000e+01,1.550645828247070312e+00,6.100000000000000000e+01,3.387402892112731934e-01,6.200000000000000000e+01,-1.652650684118270874e-01,6.300000000000000000e+01,2.171533584594726562e+00
1.100000000000000000e+01,6.473908424377441406e-01,1.200000000000000000e+01,-7.709935307502746582e-03,1.300000000000000000e+01,-4.085332155227661133e-01,3.100000000000000000e+01,-6.544787883758544922e-01,3.200000000000000000e+01,-8.039271086454391479e-02,3.300000000000000000e+01,-2.281317234039306641e+00,5.100000000000000000e+01,-5.761579275131225586e-01,5.200000000000000000e+01,9.091604948043823242e-01,5.300000000000000000e+01,-2.003116130828857422e+00,2.100000000000000000e+01,-6.293529272079467773e-01,2.200000000000000000e+01,-7.083890438079833984e-01,2.300000000000000000e+01,1.377595424652099609e+00,4.100000000000000000e+01,-9.838137775659561157e-02,4.200000000000000000e+01,-2.711207270622253418e-01,4.300000000000000000e+01,2.032538890838623047e+00,6.100000000000000000e+01,7.342805862426757812e-01,6.200000000000000000e+01,-1.769795268774032593e-01,6.300000000000000000e+01,1.645365476608276367e+00
1.100000000000000000e+01,6.204706430435180664e-01,1.200000000000000000e+01,-2.986337244510650635e-02,1.300000000000000000e+01,-3.580287694931030273e-01,3.100000000000000000e+01,-3.130420744419097900e-01,3.200000000000000000e+01,-5.944471806287765503e-02,3.300000000000000000e+01,-2.341569423675537109e+00,5.100000000000000000e+01,-9.322559833526611328e-01,5.200000000000000000e+01,4.702645540237426758e-01,5.300000000000000000e+01,-7.593277692794799805e-01,2.100000000000000000e+01,-6.183336973190307617e-01,2.200000000000000000e+01,-7.396922111511230469e-01,2.300000000000000000e+01,6.561864614486694336e-01,4.100000000000000000e+01,-4.115088582038879395e-01,4.200000000000000000e+01,-4.534807205200195312e-01,4.300000000000000000e+01,2.195165634155273438e+00,6.100000000000000000e+01,4.224640727043151855e-01,6.200000000000000000e+01,-2.731854319572448730e-01,6.300000000000000000e+01,1.224514484405517578e+00
1.100000000000000000e+01,6.311481595039367676e-01,1.200000000000000000e+01,-3.215910494327545166e-02,1.300000000000000000e+01,-3.909895420074462891e-01,3.100000000000000000e+01,-4.136427044868469238e-01,3.200000000000000000e+01,-2.816400676965713501e-02,3.300000000000000000e+01,-2.324986457824707031e+00,5.100000000000000000e+01,-8.574969768524169922e-01,5.200000000000000000e+01,5.410549044609069824e-01,5.300000000000000000e+01,-8.570641875267028809e-01,2.100000000000000000e+01,-6.337052583694458008e-01,2.200000000000000000e+01,-6.239064931869506836e-01,2.300000000000000000e+01,8.031121492385864258e-01,4.100000000000000000e+01,-4.311142563819885254e-01,4.200000000000000000e+01,-4.064439237117767334e-01,4.300000000000000000e+01,2.173342227935791016e+00,6.100000000000000000e+01,4.135442078113555908e-01,6.200000000000000000e+01,-2.228827029466629028e-01,6.300000000000000000e+01,1.264049053192138672e+00
1.100000000000000000e+01,6.140472888946533203e-01,1.200000000000000000e+01,1.490101218223571777e-03,1.300000000000000000e+01,-3.588333129882812500e-01,3.100000000000000000e+01,-8.555462956428527832e-02,3.200000000000000000e+01,1.677337884902954102e-01,3.300000000000000000e+01,-2.331916570663452148e+00,5.100000000000000000e+01,-4.765323102474212646e-01,5.200000000000000000e+01,4.313400387763977051e-01,5.300000000000000000e+01,-8.221232295036315918e-01,2.100000000000000000e+01,-6.825497150421142578e-01,2.200000000000000000e+01,-3.011739253997802734e-01,2.300000000000000000e+01,1.322260856628417969e+00,4.100000000000000000e+01,-7.879992723464965820e-01,4.200000000000000000e+01,-4.476612508296966553e-01,4.300000000000000000e+01,1.411552667617797852e+00,6.100000000000000000e+01,3.552570641040802002e-01,6.200000000000000000e+01,-6.917025446891784668e-01,6.300000000000000000e+01,1.897698640823364258e+00
1.100000000000000000e+01,6.173740029335021973e-01,1.200000000000000000e+01,-6.541505455970764160e-03,1.300000000000000000e+01,-5.861461162567138672e-01,3.100000000000000000e+01,-3.146892786026000977e-02,3.200000000000000000e+01,2.894578576087951660e-01,3.300000000000000000e+01,-2.147917270660400391e+00,5.100000000000000000e+01,-8.074841499328613281e-01,5.200000000000000000e+01,7.463138103485107422e-01,5.300000000000000000e+01,-8.552324771881103516e-01,2.100000000000000000e+01,-7.610925436019897461e-01,2.200000000000000000e+01,-1.262272894382476807e-02,2.300000000000000000e+01,2.222502708435058594e+00,4.100000000000000000e+01,-4.682047963142395020e-01,4.200000000000000000e+01,-2.573083937168121338e-01,4.300000000000000000e+01,8.988953828811645508e-01,6.100000000000000000e+01,2.773703336715698242e-01,6.200000000000000000e+01,-2.931748628616333008e-01,6.300000000000000000e+01,2.500452756881713867e+00
1.100000000000000000e+01,6.189063787460327148e-01,1.200000000000000000e+01,-1.246909797191619873e-02,1.300000000000000000e+01,-6.382927894592285156e-01,3.100000000000000000e+01,-3.301574289798736572e-02,3.200000000000000000e+01,1.953860819339752197e-01,3.300000000000000000e+01,-2.123481035232543945e+00,5.100000000000000000e+01,-8.199356794357299805e-01,5.200000000000000000e+01,6.973851919174194336e-01,5.300000000000000000e+01,-9.998412132263183594e-01,2.100000000000000000e+01,-6.985242962837219238e-01,2.200000000000000000e+01,-7.977411150932312012e-03,2.300000000000000000e+01,2.331228733062744141e+00,4.100000000000000000e+01,-1.321114897727966309e-01,4.200000000000000000e+01,-2.552787363529205322e-01,4.300000000000000000e+01,8.724355101585388184e-01,6.100000000000000000e+01,3.070921003818511963e-01,6.200000000000000000e+01,-2.249162048101425171e-01,6.300000000000000000e+01,2.577986001968383789e+00
1.100000000000000000e+01,6.210697293281555176e-01,1.200000000000000000e+01,-1.453711092472076416e-02,1.300000000000000000e+01,-7.124226093292236328e-01,3.100000000000000000e+01,-1.674258708953857422e-01,3.200000000000000000e+01,1.533629000186920166e-01,3.300000000000000000e+01,-2.104532718658447266e+00,5.100000000000000000e+01,-7.790642976760864258e-01,5.200000000000000000e+01,6.675767302513122559e-01,5.300000000000000000e+01,-1.327925086021423340e+00,2.100000000000000000e+01,-6.686144471168518066e-01,2.200000000000000000e+01,-4.171833395957946777e-03,2.300000000000000000e+01,2.402406692504882812e+00,4.100000000000000000e+01,1.725941300392150879e-01,4.200000000000000000e+01,-2.564838826656341553e-01,4.300000000000000000e+01,8.509584665298461914e-01,6.100000000000000000e+01,3.519118130207061768e-01,6.200000000000000000e+01,-2.059323042631149292e-01,6.300000000000000000e+01,2.617551326751708984e+00
1.100000000000000000e+01,6.322070360183715820e-01,1.200000000000000000e+01,-1.138447225093841553e-02,1.300000000000000000e+01,-6.504756212234497070e-01,3.100000000000000000e+01,-4.463198781013488770e-01,3.200000000000000000e+01,4.988103359937667847e-02,3.300000000000000000e+01,-2.020644664764404297e+00,5.100000000000000000e+01,-7.828875780105590820e-01,5.200000000000000000e+01,6.635159254074096680e-01,5.300000000000000000e+01,-1.950782299041748047e+00,2.100000000000000000e+01,-6.494926214218139648e-01,2.200000000000000000e+01,-2.170599997043609619e-02,2.300000000000000000e+01,2.429307699203491211e+00,4.100000000000000000e+01,3.204303383827209473e-01,4.200000000000000000e+01,-2.260996699333190918e-01,4.300000000000000000e+01,1.168681859970092773e+00,6.100000000000000000e+01,4.951743781566619873e-01,6.200000000000000000e+01,-1.801598817110061646e-01,6.300000000000000000e+01,2.625680685043334961e+00
1.100000000000000000e+01,6.793920993804931641e-01,1.200000000000000000e+01,-3.096516430377960205e-02,1.300000000000000000e+01,-5.513408184051513672e-01,3.100000000000000000e+01,2.661975920200347900e-01,3.200000000000000000e+01,-4.477642476558685303e-03,3.300000000000000000e+01,-2.224912405014038086e+00,5.100000000000000000e+01,-5.191916823387145996e-01,5.200000000000000000e+01,2.083337754011154175e-01,5.300000000000000000e+01,-1.787829875946044922e+00,2.100000000000000000e+01,-6.331550478935241699e-01,2.200000000000000000e+01,-4.058631062507629395e-01,2.300000000000000000e+01,2.180140495300292969e+00,4.100000000000000000e+01,2.974514663219451904e-01,4.200000000000000000e+01,-3.890808224678039551e-01,4.300000000000000000e+01,2.024058103561401367e+00,6.100000000000000000e+01,1.054537057876586914e+00,6.200000000000000000e+01,-1.875771135091781616e-01,6.300000000000000000e+01,2.200699329376220703e+00
1.100000000000000000e+01,7.266882061958312988e-01,1.200000000000000000e+01,-3.012858331203460693e-02,1.300000000000000000e+01,-6.164743900299072266e-01,3.100000000000000000e+01,6.207403540611267090e-01,3.200000000000000000e+01,3.439310938119888306e-02,3.300000000000000000e+01,-2.209979057312011719e+00,5.100000000000000000e+01,-5.741516947746276855e-01,5.200000000000000000e+01,1.795790046453475952e-01,5.300000000000000000e+01,-1.812381029129028320e+00,2.100000000000000000e+01,-6.352351903915405273e-01,2.200000000000000000e+01,-3.661009669303894043e-01,2.300000000000000000e+01,2.249228477478027344e+00,4.100000000000000000e+01,3.035250008106231689e-01,4.200000000000000000e+01,-3.676103353500366211e-01,4.300000000000000000e+01,2.067548751831054688e+00,6.100000000000000000e+01,9.863635301589965820e-01,6.200000000000000000e+01,-2.014210373163223267e-01,6.300000000000000000e+01,1.766662836074829102e+00
1.100000000000000000e+01,6.631369590759277344e-01,1.200000000000000000e+01,-1.082284748554229736e-02,1.300000000000000000e+01,-8.344458341598510742e-01,3.100000000000000000e+01,4.291239976882934570e-01,3.200000000000000000e+01,2.343646585941314697e-01,3.300000000000000000e+01,-1.966560244560241699e+00,5.100000000000000000e+01,-9.104622602462768555e-01,5.200000000000000000e+01,3.759860694408416748e-01,5.300000000000000000e+01,-1.681331634521484375e+00,2.100000000000000000e+01,-6.488814353942871094e-01,2.200000000000000000e+01,-1.111294329166412354e-02,2.300000000000000000e+01,2.457462787628173828e+00,4.100000000000000000e+01,1.324564367532730103e-01,4.200000000000000000e+01,-2.064443230628967285e-01,4.300000000000000000e+01,1.638642549514770508e+00,6.100000000000000000e+01,3.231486082077026367e-01,6.200000000000000000e+01,-2.016487568616867065e-01,6.300000000000000000e+01,2.430039882659912109e+00
1.100000000000000000e+01,6.849727034568786621e-01,1.200000000000000000e+01,-1.220820844173431396e-02,1.300000000000000000e+01,-1.061004877090454102e+00,3.100000000000000000e+01,7.923231124877929688e-01,3.200000000000000000e+01,3.525303900241851807e-01,3.300000000000000000e+01,-1.859534025192260742e+00,5.100000000000000000e+01,-9.408982992172241211e-01,5.200000000000000000e+01,2.540903091430664062e-01,5.300000000000000000e+01,-1.442867040634155273e+00,2.100000000000000000e+01,-6.714496612548828125e-01,2.200000000000000000e+01,4.276499152183532715e-03,2.300000000000000000e+01,2.462947130203247070e+00,4.100000000000000000e+01,1.487644761800765991e-02,4.200000000000000000e+01,-1.936423182487487793e-01,4.300000000000000000e+01,1.694833278656005859e+00,6.100000000000000000e+01,3.073896467685699463e-01,6.200000000000000000e+01,-2.085322588682174683e-01,6.300000000000000000e+01,1.945577979087829590e+00
1.100000000000000000e+01,8.934680819511413574e-01,1.200000000000000000e+01,-2.988220751285552979e-02,1.300000000000000000e+01,-1.091997742652893066e+00,3.100000000000000000e+01,8.980044126510620117e-01,3.200000000000000000e+01,3.502070903778076172e-01,3.300000000000000000e+01,-2.146717309951782227e+00,5.100000000000000000e+01,-8.271111845970153809e-01,5.200000000000000000e+01,1.623554974794387817e-01,5.300000000000000000e+01,-1.820487737655639648e+00,2.100000000000000000e+01,-7.481038570404052734e-01,2.200000000000000000e+01,-1.952114254236221313e-01,2.300000000000000000e+01,2.339812755584716797e+00,4.100000000000000000e+01,2.234981358051300049e-01,4.200000000000000000e+01,-2.938612401485443115e-01,4.300000000000000000e+01,2.207530975341796875e+00,6.100000000000000000e+01,9.236091375350952148e-01,6.200000000000000000e+01,-2.205534726381301880e-01,6.300000000000000000e+01,6.547888517379760742e-01
1.100000000000000000e+01,9.909914731979370117e-01,1.200000000000000000e+01,-2.965210378170013428e-02,1.300000000000000000e+01,-1.099406599998474121e+00,3.100000000000000000e+01,9.003895521163940430e-01,3.200000000000000000e+01,3.504728972911834717e-01,3.300000000000000000e+01,-2.091864585876464844e+00,5.100000000000000000e+01,-8.863470554351806641e-01,5.200000000000000000e+01,1.621137112379074097e-01,5.300000000000000000e+01,-1.752331018447875977e+00,2.100000000000000000e+01,-7.673053741455078125e-01,2.200000000000000000e+01,-1.996945887804031372e-01,2.300000000000000000e+01,2.351508140563964844e+00,4.100000000000000000e+01,3.361867666244506836e-01,4.200000000000000000e+01,-2.376452982425689697e-01,4.300000000000000000e+01,2.156458854675292969e+00,6.100000000000000000e+01,1.032306313514709473e+00,6.200000000000000000e+01,-2.048592716455459595e-01,6.300000000000000000e+01,6.382308602333068848e-01
1.100000000000000000e+01,1.264713406562805176e+00,1.200000000000000000e+01,-2.025686204433441162e-02,1.300000000000000000e+01,-6.783254146575927734e-01,3.100000000000000000e+01,6.777552962303161621e-01,3.200000000000000000e+01,-5.476384609937667847e-02,3.300000000000000000e+01,-1.264665246009826660e+00,5.100000000000000000e+01,-4.030806124210357666e-01,5.200000000000000000e+01,3.867276906967163086e-01,5.300000000000000000e+01,-2.462254524230957031e+00,2.100000000000000000e+01,-8.887478709220886230e-01,2.200000000000000000e+01,-1.355060786008834839e-01,2.300000000000000000e+01,2.312244892120361328e+00,4.100000000000000000e+01,2.850382924079895020e-01,4.200000000000000000e+01,-3.999157994985580444e-02,4.300000000000000000e+01,1.016579508781433105e+00,6.100000000000000000e+01,1.281972169876098633e+00,6.200000000000000000e+01,-1.642048209905624390e-01,6.300000000000000000e+01,1.515850067138671875e+00
1.100000000000000000e+01,6.392379999160766602e-01,1.200000000000000000e+01,-2.922092378139495850e-02,1.300000000000000000e+01,-4.557362794876098633e-01,3.100000000000000000e+01,7.724474072456359863e-01,3.200000000000000000e+01,-8.085183799266815186e-03,3.300000000000000000e+01,-2.122956752777099609e+00,5.100000000000000000e+01,-4.165113568305969238e-01,5.200000000000000000e+01,3.656714260578155518e-01,5.300000000000000000e+01,-1.410604715347290039e+00,2.100000000000000000e+01,-6.916730403900146484e-01,2.200000000000000000e+01,-4.198263883590698242e-01,2.300000000000000000e+01,2.363458156585693359e+00,4.100000000000000000e+01,4.763523936271667480e-01,4.200000000000000000e+01,-1.495949625968933105e-01,4.300000000000000000e+01,5.956475138664245605e-01,6.100000000000000000e+01,1.302956461906433105e+00,6.200000000000000000e+01,-1.983475238084793091e-01,6.300000000000000000e+01,2.599323749542236328e+00
1.100000000000000000e+01,6.366100311279296875e-01,1.200000000000000000e+01,-2.451743185520172119e-02,1.300000000000000000e+01,-4.024235010147094727e-01,3.100000000000000000e+01,7.110639810562133789e-01,3.200000000000000000e+01,-1.416309922933578491e-02,3.300000000000000000e+01,-2.079296112060546875e+00,5.100000000000000000e+01,-4.166571199893951416e-01,5.200000000000000000e+01,4.729302525520324707e-01,5.300000000000000000e+01,-1.257227659225463867e+00,2.100000000000000000e+01,-6.797509789466857910e-01,2.200000000000000000e+01,-4.159250855445861816e-01,2.300000000000000000e+01,2.336464405059814453e+00,4.100000000000000000e+01,5.537351965904235840e-01,4.200000000000000000e+01,-1.511741578578948975e-01,4.300000000000000000e+01,5.667870044708251953e-01,6.100000000000000000e+01,1.296316862106323242e+00,6.200000000000000000e+01,-2.156383544206619263e-01,6.300000000000000000e+01,2.608089923858642578e+00
1.100000000000000000e+01,9.052341580390930176e-01,1.200000000000000000e+01,3.846545517444610596e-02,1.300000000000000000e+01,-3.371038436889648438e-01,3.100000000000000000e+01,8.197844624519348145e-01,3.200000000000000000e+01,-7.081123441457748413e-02,3.300000000000000000e+01,-1.652283072471618652e+00,5.100000000000000000e+01,-5.564554929733276367e-01,5.200000000000000000e+01,3.796050548553466797e-01,5.300000000000000000e+01,-1.635044217109680176e+00,2.100000000000000000e+01,-7.630964517593383789e-01,2.200000000000000000e+01,-2.317654192447662354e-01,2.300000000000000000e+01,2.321123600006103516e+00,4.100000000000000000e+01,5.905468463897705078e-01,4.200000000000000000e+01,2.431661635637283325e-02,4.300000000000000000e+01,5.555260181427001953e-01,6.100000000000000000e+01,1.304339766502380371e+00,6.200000000000000000e+01,-1.644544750452041626e-01,6.300000000000000000e+01,2.073723793029785156e+00
1.100000000000000000e+01,1.042446613311767578e+00,1.200000000000000000e+01,-2.731965482234954834e-02,1.300000000000000000e+01,-2.022030353546142578e+00,3.100000000000000000e+01,2.381764352321624756e-03,3.200000000000000000e+01,3.410060405731201172e-01,3.300000000000000000e+01,-7.950633168220520020e-01,5.100000000000000000e+01,-9.322693943977355957e-01,5.200000000000000000e+01,7.766658067703247070e-01,5.300000000000000000e+01,-1.057591915130615234e+00,2.100000000000000000e+01,-9.918431639671325684e-01,2.200000000000000000e+01,-1.857891678810119629e-03,2.300000000000000000e+01,2.430074214935302734e+00,4.100000000000000000e+01,6.659628748893737793e-01,4.200000000000000000e+01,7.054134458303451538e-02,4.300000000000000000e+01,5.345891714096069336e-01,6.100000000000000000e+01,7.598574161529541016e-01,6.200000000000000000e+01,-1.671022921800613403e-01,6.300000000000000000e+01,2.639937400817871094e+00
1.100000000000000000e+01,1.027248382568359375e+00,1.200000000000000000e+01,1.545508205890655518e-02,1.300000000000000000e+01,-4.629318714141845703e-01,3.100000000000000000e+01,8.469944000244140625e-01,3.200000000000000000e+01,-1.817590743303298950e-02,3.300000000000000000e+01,-1.366095781326293945e+00,5.100000000000000000e+01,-5.574383139610290527e-01,5.200000000000000000e+01,3.263688683509826660e-01,5.300000000000000000e+01,-1.661038160324096680e+00,2.100000000000000000e+01,-1.072862148284912109e+00,2.200000000000000000e+01,-8.353337645530700684e-03,2.300000000000000000e+01,2.387097120285034180e+00,4.100000000000000000e+01,3.324603438377380371e-01,4.200000000000000000e+01,4.138866811990737915e-02,4.300000000000000000e+01,5.440765023231506348e-01,6.100000000000000000e+01,1.280974626541137695e+00,6.200000000000000000e+01,-1.644370406866073608e-01,6.300000000000000000e+01,1.541148543357849121e+00
1.100000000000000000e+01,1.347156882286071777e+00,1.200000000000000000e+01,2.733881771564483643e-02,1.300000000000000000e+01,-1.559453368186950684e+00,3.100000000000000000e+01,5.088414549827575684e-01,3.200000000000000000e+01,5.247297137975692749e-02,3.300000000000000000e+01,-6.558939218521118164e-01,5.100000000000000000e+01,-9.134839773178100586e-01,5.200000000000000000e+01,6.948983073234558105e-01,5.300000000000000000e+01,-2.337889194488525391e+00,2.100000000000000000e+01,-1.258639335632324219e+00,2.200000000000000000e+01,1.743091642856597900e-02,2.300000000000000000e+01,2.426123380661010742e+00,4.100000000000000000e+01,4.380213618278503418e-01,4.200000000000000000e+01,7.367291301488876343e-02,4.300000000000000000e+01,5.906330347061157227e-01,6.100000000000000000e+01,1.049842476844787598e+00,6.200000000000000000e+01,-1.619111746549606323e-01,6.300000000000000000e+01,1.859997034072875977e+00
1.100000000000000000e+01,1.351892948150634766e+00,1.200000000000000000e+01,2.683626115322113037e-02,1.300000000000000000e+01,-1.981530308723449707e+00,3.100000000000000000e+01,5.004137158393859863e-01,3.200000000000000000e+01,6.208211928606033325e-02,3.300000000000000000e+01,-7.256588935852050781e-01,5.100000000000000000e+01,-6.452578902244567871e-01,5.200000000000000000e+01,7.957752943038940430e-01,5.300000000000000000e+01,-2.501677036285400391e+00,2.100000000000000000e+01,-1.298959612846374512e+00,2.200000000000000000e+01,5.201235413551330566e-03,2.300000000000000000e+01,2.403413295745849609e+00,4.100000000000000000e+01,8.810128271579742432e-02,4.200000000000000000e+01,6.685154885053634644e-02,4.300000000000000000e+01,6.432009339332580566e-01,6.100000000000000000e+01,8.638170957565307617e-01,6.200000000000000000e+01,-1.627724915742874146e-01,6.300000000000000000e+01,1.303243160247802734e+00
1.100000000000000000e+01,9.268202781677246094e-01,1.200000000000000000e+01,-3.019051253795623779e-02,1.300000000000000000e+01,-1.807781457901000977e+00,3.100000000000000000e+01,9.066916108131408691e-01,3.200000000000000000e+01,4.389794170856475830e-01,3.300000000000000000e+01,-2.221310138702392578e+00,5.100000000000000000e+01,-8.041899204254150391e-01,5.200000000000000000e+01,1.628787070512771606e-01,5.300000000000000000e+01,-1.185131430625915527e+00,2.100000000000000000e+01,-1.103141784667968750e+00,2.200000000000000000e+01,-6.927441060543060303e-02,2.300000000000000000e+01,2.123750448226928711e+00,4.100000000000000000e+01,-2.619855403900146484e-01,4.200000000000000000e+01,-2.326895594596862793e-01,4.300000000000000000e+01,8.477794528007507324e-01,6.100000000000000000e+01,8.939734697341918945e-01,6.200000000000000000e+01,-2.574150562286376953e-01,6.300000000000000000e+01,5.928198099136352539e-01
1.100000000000000000e+01,1.094423532485961914e+00,1.200000000000000000e+01,5.299299955368041992e-04,1.300000000000000000e+01,-1.543591141700744629e+00,3.100000000000000000e+01,8.987598419189453125e-01,3.200000000000000000e+01,4.642055183649063110e-02,3.300000000000000000e+01,-1.903527975082397461e+00,5.100000000000000000e+01,-3.148858547210693359e-01,5.200000000000000000e+01,3.276227712631225586e-01,5.300000000000000000e+01,-2.311811923980712891e+00,2.100000000000000000e+01,-1.310608625411987305e+00,2.200000000000000000e+01,-1.947008073329925537e-02,2.300000000000000000e+01,2.203581809997558594e+00,4.100000000000000000e+01,-6.821753978729248047e-01,4.200000000000000000e+01,-3.020743280649185181e-02,4.300000000000000000e+01,5.974246263504028320e-01,6.100000000000000000e+01,1.146306395530700684e+00,6.200000000000000000e+01,-1.863568872213363647e-01,6.300000000000000000e+01,6.416010260581970215e-01
1.100000000000000000e+01,1.268599033355712891e+00,1.200000000000000000e+01,1.515850424766540527e-03,1.300000000000000000e+01,-2.363712549209594727e+00,3.100000000000000000e+01,8.732290863990783691e-01,3.200000000000000000e+01,1.168482229113578796e-01,3.300000000000000000e+01,-1.003123283386230469e+00,5.100000000000000000e+01,-3.695096969604492188e-01,5.200000000000000000e+01,8.371982574462890625e-01,5.300000000000000000e+01,-2.230396032333374023e+00,2.100000000000000000e+01,-1.313279628753662109e+00,2.200000000000000000e+01,-3.971651196479797363e-03,2.300000000000000000e+01,2.318428039550781250e+00,4.100000000000000000e+01,-5.684051513671875000e-01,4.200000000000000000e+01,2.794324606657028198e-02,4.300000000000000000e+01,7.652083635330200195e-01,6.100000000000000000e+01,3.794603049755096436e-01,6.200000000000000000e+01,-1.728349775075912476e-01,6.300000000000000000e+01,6.711175441741943359e-01
1.100000000000000000e+01,1.154418230056762695e+00,1.200000000000000000e+01,-2.877220511436462402e-03,1.300000000000000000e+01,-2.378131389617919922e+00,3.100000000000000000e+01,8.959386944770812988e-01,3.200000000000000000e+01,1.173666194081306458e-01,3.300000000000000000e+01,-1.171210527420043945e+00,5.100000000000000000e+01,-3.756456971168518066e-01,5.200000000000000000e+01,7.978012561798095703e-01,5.300000000000000000e+01,-1.982531189918518066e+00,2.100000000000000000e+01,-1.295555830001831055e+00,2.200000000000000000e+01,5.991294980049133301e-03,2.300000000000000000e+01,2.329478979110717773e+00,4.100000000000000000e+01,-6.057115197181701660e-01,4.200000000000000000e+01,1.559696346521377563e-02,4.300000000000000000e+01,8.172858953475952148e-01,6.100000000000000000e+01,3.220553994178771973e-01,6.200000000000000000e+01,-1.732846051454544067e-01,6.300000000000000000e+01,6.454148888587951660e-01
1.100000000000000000e+01,8.275534510612487793e-01,1.200000000000000000e+01,1.265783607959747314e-02,1.300000000000000000e+01,-1.916335463523864746e+00,3.100000000000000000e+01,9.051152467727661133e-01,3.200000000000000000e+01,1.601379364728927612e-02,3.300000000000000000e+01,-2.100067853927612305e+00,5.100000000000000000e+01,-2.921802699565887451e-01,5.200000000000000000e+01,4.174960851669311523e-01,5.300000000000000000e+01,-1.541025638580322266e+00,2.100000000000000000e+01,-1.221638441085815430e+00,2.200000000000000000e+01,-2.873341739177703857e-02,2.300000000000000000e+01,2.204644918441772461e+00,4.100000000000000000e+01,-7.540857195854187012e-01,4.200000000000000000e+01,-8.947273343801498413e-02,4.300000000000000000e+01,7.047128081321716309e-01,6.100000000000000000e+01,5.004818439483642578e-01,6.200000000000000000e+01,-2.058957070112228394e-01,6.300000000000000000e+01,6.065680980682373047e-01
1.100000000000000000e+01,7.587659358978271484e-01,1.200000000000000000e+01,2.504648268222808838e-02,1.300000000000000000e+01,-1.791533708572387695e+00,3.100000000000000000e+01,9.021944403648376465e-01,3.200000000000000000e+01,-2.121957391500473022e-02,3.300000000000000000e+01,-2.115582227706909180e+00,5.100000000000000000e+01,-3.012246787548065186e-01,5.200000000000000000e+01,4.938564300537109375e-01,5.300000000000000000e+01,-1.482821464538574219e+00,2.100000000000000000e+01,-1.185220360755920410e+00,2.200000000000000000e+01,-4.168052971363067627e-02,2.300000000000000000e+01,2.223907232284545898e+00,4.100000000000000000e+01,-7.546505928039550781e-01,4.200000000000000000e+01,-8.236733824014663696e-02,4.300000000000000000e+01,7.453411817550659180e-01,6.100000000000000000e+01,4.500772356986999512e-01,6.200000000000000000e+01,-2.037918418645858765e-01,6.300000000000000000e+01,6.100063323974609375e-01
1.100000000000000000e+01,8.843519687652587891e-01,1.200000000000000000e+01,1.445730030536651611e-02,1.300000000000000000e+01,-2.246313095092773438e+00,3.100000000000000000e+01,8.628286719322204590e-01,3.200000000000000000e+01,1.433863490819931030e-02,3.300000000000000000e+01,-1.468791365623474121e+00,5.100000000000000000e+01,-4.464972615242004395e-01,5.200000000000000000e+01,8.709723949432373047e-01,5.300000000000000000e+01,-1.643167018890380859e+00,2.100000000000000000e+01,-1.245423436164855957e+00,2.200000000000000000e+01,4.158914089202880859e-05,2.300000000000000000e+01,2.350947856903076172e+00,4.100000000000000000e+01,-5.757558941841125488e-01,4.200000000000000000e+01,3.501095622777938843e-02,4.300000000000000000e+01,8.994169235229492188e-01,6.100000000000000000e+01,2.858413457870483398e-01,6.200000000000000000e+01,-1.701435297727584839e-01,6.300000000000000000e+01,7.013337612152099609e-01
1.100000000000000000e+01,8.038611412048339844e-01,1.200000000000000000e+01,1.761482656002044678e-02,1.300000000000000000e+01,-2.029953479766845703e+00,3.100000000000000000e+01,8.527387976646423340e-01,3.200000000000000000e+01,1.878075301647186279e-03,3.300000000000000000e+01,-1.627532243728637695e+00,5.100000000000000000e+01,-5.724123716354370117e-01,5.200000000000000000e+01,8.618580698966979980e-01,5.300000000000000000e+01,-1.522711277008056641e+00,2.100000000000000000e+01,-1.205138921737670898e+00,2.200000000000000000e+01,9.018197655677795410e-03,2.300000000000000000e+01,2.402945518493652344e+00,4.100000000000000000e+01,-3.383454680442810059e-01,4.200000000000000000e+01,5.850767344236373901e-02,4.300000000000000000e+01,7.022922635078430176e-01,6.100000000000000000e+01,3.184041976928710938e-01,6.200000000000000000e+01,-1.679756194353103638e-01,6.300000000000000000e+01,9.832544326782226562e-01
1.100000000000000000e+01,7.693164944648742676e-01,1.200000000000000000e+01,1.528768241405487061e-02,1.300000000000000000e+01,-1.807201862335205078e+00,3.100000000000000000e+01,6.884171366691589355e-01,3.200000000000000000e+01,-2.309306710958480835e-02,3.300000000000000000e+01,-1.614614725112915039e+00,5.100000000000000000e+01,-7.297232151031494141e-01,5.200000000000000000e+01,8.951739668846130371e-01,5.300000000000000000e+01,-1.858490228652954102e+00,2.100000000000000000e+01,-1.129420876502990723e+00,2.200000000000000000e+01,7.713451981544494629e-03,2.300000000000000000e+01,2.444448232650756836e+00,4.100000000000000000e+01,-1.584976017475128174e-01,4.200000000000000000e+01,6.803997606039047241e-02,4.300000000000000000e+01,6.770901679992675781e-01,6.100000000000000000e+01,3.576451241970062256e-01,6.200000000000000000e+01,-1.650197654962539673e-01,6.300000000000000000e+01,1.871266245841979980e+00
1.100000000000000000e+01,7.464621067047119141e-01,1.200000000000000000e+01,1.600281894207000732e-02,1.300000000000000000e+01,-1.561956405639648438e+00,3.100000000000000000e+01,2.633963823318481445e-01,3.200000000000000000e+01,-3.557755798101425171e-02,3.300000000000000000e+01,-1.649400711059570312e+00,5.100000000000000000e+01,-7.831379771232604980e-01,5.200000000000000000e+01,9.111273288726806641e-01,5.300000000000000000e+01,-2.279163360595703125e+00,2.100000000000000000e+01,-1.126647233963012695e+00,2.200000000000000000e+01,3.152057528495788574e-03,2.300000000000000000e+01,2.449272632598876953e+00,4.100000000000000000e+01,-1.358762681484222412e-01,4.200000000000000000e+01,7.100083678960800171e-02,4.300000000000000000e+01,6.908137798309326172e-01,6.100000000000000000e+01,3.863446414470672607e-01,6.200000000000000000e+01,-1.643151193857192993e-01,6.300000000000000000e+01,2.339630126953125000e+00
1.100000000000000000e+01,6.729420423507690430e-01,1.200000000000000000e+01,5.747430026531219482e-02,1.300000000000000000e+01,-8.877477645874023438e-01,3.100000000000000000e+01,7.530300021171569824e-01,3.200000000000000000e+01,-6.674408167600631714e-02,3.300000000000000000e+01,-2.128878831863403320e+00,5.100000000000000000e+01,-5.293328762054443359e-01,5.200000000000000000e+01,7.323497533798217773e-01,5.300000000000000000e+01,-2.238955497741699219e+00,2.100000000000000000e+01,-1.039731740951538086e+00,2.200000000000000000e+01,-2.294506132602691650e-02,2.300000000000000000e+01,2.414444446563720703e+00,4.100000000000000000e+01,-3.734348416328430176e-01,4.200000000000000000e+01,4.857506603002548218e-02,4.300000000000000000e+01,6.063813567161560059e-01,6.100000000000000000e+01,7.231346964836120605e-01,6.200000000000000000e+01,-1.749155670404434204e-01,6.300000000000000000e+01,1.762244462966918945e+00
1.100000000000000000e+01,6.779298186302185059e-01,1.200000000000000000e+01,7.060901820659637451e-02,1.300000000000000000e+01,-8.137893676757812500e-01,3.100000000000000000e+01,7.885075807571411133e-01,3.200000000000000000e+01,-6.546478718519210815e-02,3.300000000000000000e+01,-2.129682064056396484e+00,5.100000000000000000e+01,-4.891089797019958496e-01,5.200000000000000000e+01,7.149743437767028809e-01,5.300000000000000000e+01,-2.233795642852783203e+00,2.100000000000000000e+01,-1.085940361022949219e+00,2.200000000000000000e+01,-1.512931287288665771e-02,2.300000000000000000e+01,2.394349098205566406e+00,4.100000000000000000e+01,-3.828443586826324463e-01,4.200000000000000000e+01,5.241145938634872437e-02,4.300000000000000000e+01,5.802299976348876953e-01,6.100000000000000000e+01,7.800695896148681641e-01,6.200000000000000000e+01,-1.784317642450332642e-01,6.300000000000000000e+01,1.762911319732666016e+00
1.100000000000000000e+01,6.940171718597412109e-01,1.200000000000000000e+01,1.144578307867050171e-01,1.300000000000000000e+01,-8.651062250137329102e-01,3.100000000000000000e+01,8.194484114646911621e-01,3.200000000000000000e+01,-6.382035464048385620e-02,3.300000000000000000e+01,-2.203070640563964844e+00,5.100000000000000000e+01,-4.392980039119720459e-01,5.200000000000000000e+01,7.204923033714294434e-01,5.300000000000000000e+01,-2.175647735595703125e+00,2.100000000000000000e+01,-1.124565839767456055e+00,2.200000000000000000e+01,-2.444230020046234131e-02,2.300000000000000000e+01,2.328488349914550781e+00,4.100000000000000000e+01,-5.497696995735168457e-01,4.200000000000000000e+01,4.943286627531051636e-02,4.300000000000000000e+01,5.889368057250976562e-01,6.100000000000000000e+01,5.919275879859924316e-01,6.200000000000000000e+01,-1.955869644880294800e-01,6.300000000000000000e+01,1.337041258811950684e+00
1.100000000000000000e+01,7.581388950347900391e-01,1.200000000000000000e+01,6.759084761142730713e-02,1.300000000000000000e+01,-1.536731362342834473e+00,3.100000000000000000e+01,6.677703261375427246e-01,3.200000000000000000e+01,-7.480524480342864990e-03,3.300000000000000000e+01,-2.002940893173217773e+00,5.100000000000000000e+01,-5.112352371215820312e-01,5.200000000000000000e+01,9.112619757652282715e-01,5.300000000000000000e+01,-2.139973163604736328e+00,2.100000000000000000e+01,-1.265675544738769531e+00,2.200000000000000000e+01,5.492553114891052246e-03,2.300000000000000000e+01,2.319500446319580078e+00,4.100000000000000000e+01,-4.875831007957458496e-01,4.200000000000000000e+01,7.028593868017196655e-02,4.300000000000000000e+01,6.614780426025390625e-01,6.100000000000000000e+01,3.001286983489990234e-01,6.200000000000000000e+01,-1.790980249643325806e-01,6.300000000000000000e+01,1.882734775543212891e+00
1.100000000000000000e+01,7.144293785095214844e-01,1.200000000000000000e+01,1.928579807281494141e-01,1.300000000000000000e+01,-9.284673929214477539e-01,3.100000000000000000e+01,8.516693115234375000e-01,3.200000000000000000e+01,-5.999886244535446167e-02,3.300000000000000000e+01,-2.276773214340209961e+00,5.100000000000000000e+01,-4.320071041584014893e-01,5.200000000000000000e+01,6.780052781105041504e-01,5.300000000000000000e+01,-2.052407264709472656e+00,2.100000000000000000e+01,-1.134657382965087891e+00,2.200000000000000000e+01,-6.096215546131134033e-02,2.300000000000000000e+01,2.237092018127441406e+00,4.100000000000000000e+01,-7.567911148071289062e-01,4.200000000000000000e+01,2.957431226968765259e-02,4.300000000000000000e+01,6.461943387985229492e-01,6.100000000000000000e+01,3.917632102966308594e-01,6.200000000000000000e+01,-2.310780733823776245e-01,6.300000000000000000e+01,7.934859395027160645e-01
1.100000000000000000e+01,7.314064502716064453e-01,1.200000000000000000e+01,2.283424437046051025e-01,1.300000000000000000e+01,-8.713763952255249023e-01,3.100000000000000000e+01,8.197179436683654785e-01,3.200000000000000000e+01,-6.498422473669052124e-02,3.300000000000000000e+01,-2.281867027282714844e+00,5.100000000000000000e+01,-4.632766544818878174e-01,5.200000000000000000e+01,6.601034998893737793e-01,5.300000000000000000e+01,-2.159803152084350586e+00,2.100000000000000000e+01,-1.118366599082946777e+00,2.200000000000000000e+01,-1.051346808671951294e-01,2.300000000000000000e+01,2.250111103057861328e+00,4.100000000000000000e+01,-7.899740934371948242e-01,4.200000000000000000e+01,2.114140242338180542e-02,4.300000000000000000e+01,6.893203258514404297e-01,6.100000000000000000e+01,3.975348770618438721e-01,6.200000000000000000e+01,-2.288733273744583130e-01,6.300000000000000000e+01,7.274048924446105957e-01
1.100000000000000000e+01,7.953126430511474609e-01,1.200000000000000000e+01,1.347181051969528198e-01,1.300000000000000000e+01,-1.469337821006774902e+00,3.100000000000000000e+01,3.459599316120147705e-01,3.200000000000000000e+01,-4.361631721258163452e-02,3.300000000000000000e+01,-2.094450712203979492e+00,5.100000000000000000e+01,-6.195612549781799316e-01,5.200000000000000000e+01,9.075025916099548340e-01,5.300000000000000000e+01,-2.352650403976440430e+00,2.100000000000000000e+01,-1.246425986289978027e+00,2.200000000000000000e+01,-3.338514268398284912e-02,2.300000000000000000e+01,2.361849308013916016e+00,4.100000000000000000e+01,-7.005763649940490723e-01,4.200000000000000000e+01,6.517579406499862671e-02,4.300000000000000000e+01,8.830699920654296875e-01,6.100000000000000000e+01,3.046956658363342285e-01,6.200000000000000000e+01,-1.755297333002090454e-01,6.300000000000000000e+01,1.419554948806762695e+00
1.100000000000000000e+01,7.830799221992492676e-01,1.200000000000000000e+01,1.398143619298934937e-01,1.300000000000000000e+01,-1.249129891395568848e+00,3.100000000000000000e+01,2.283640205860137939e-01,3.200000000000000000e+01,-5.348517745733261108e-02,3.300000000000000000e+01,-2.106296062469482422e+00,5.100000000000000000e+01,-6.625581979751586914e-01,5.200000000000000000e+01,9.092772006988525391e-01,5.300000000000000000e+01,-2.413574457168579102e+00,2.100000000000000000e+01,-1.228275179862976074e+00,2.200000000000000000e+01,-4.452781379222869873e-02,2.300000000000000000e+01,2.358283996582031250e+00,4.100000000000000000e+01,-7.115582823753356934e-01,4.200000000000000000e+01,6.409882754087448120e-02,4.300000000000000000e+01,9.438987374305725098e-01,6.100000000000000000e+01,3.276037871837615967e-01,6.200000000000000000e+01,-1.725054830312728882e-01,6.300000000000000000e+01,1.557276010513305664e+00
1.100000000000000000e+01,7.494518756866455078e-01,1.200000000000000000e+01,1.413366943597793579e-01,1.300000000000000000e+01,-1.114924669265747070e+00,3.100000000000000000e+01,-1.606738567352294922e-01,3.200000000000000000e+01,-5.732529610395431519e-02,3.300000000000000000e+01,-2.105910301208496094e+00,5.100000000000000000e+01,-6.971623301506042480e-01,5.200000000000000000e+01,9.195820093154907227e-01,5.300000000000000000e+01,-2.417460203170776367e+00,2.100000000000000000e+01,-1.161166667938232422e+00,2.200000000000000000e+01,-6.376497447490692139e-02,2.300000000000000000e+01,2.331189632415771484e+00,4.100000000000000000e+01,-6.871582865715026855e-01,4.200000000000000000e+01,6.089591234922409058e-02,4.300000000000000000e+01,1.109017014503479004e+00,6.100000000000000000e+01,3.029816746711730957e-01,6.200000000000000000e+01,-1.717655509710311890e-01,6.300000000000000000e+01,1.807684421539306641e+00
1.100000000000000000e+01,7.191498279571533203e-01,1.200000000000000000e+01,1.441448479890823364e-01,1.300000000000000000e+01,-8.495159149169921875e-01,3.100000000000000000e+01,-3.097376823425292969e-01,3.200000000000000000e+01,-6.215795129537582397e-02,3.300000000000000000e+01,-2.097826480865478516e+00,5.100000000000000000e+01,-7.319264411926269531e-01,5.200000000000000000e+01,9.214210510253906250e-01,5.300000000000000000e+01,-2.382618665695190430e+00,2.100000000000000000e+01,-1.093780755996704102e+00,2.200000000000000000e+01,-7.589213550090789795e-02,2.300000000000000000e+01,2.264994144439697266e+00,4.100000000000000000e+01,-6.585671901702880859e-01,4.200000000000000000e+01,5.471437424421310425e-02,4.300000000000000000e+01,1.217190027236938477e+00,6.100000000000000000e+01,3.036085367202758789e-01,6.200000000000000000e+01,-1.704146414995193481e-01,6.300000000000000000e+01,1.898522377014160156e+00
1.100000000000000000e+01,7.000967264175415039e-01,1.200000000000000000e+01,2.248744517564773560e-01,1.300000000000000000e+01,-5.345512628555297852e-01,3.100000000000000000e+01,-3.447164595127105713e-01,3.200000000000000000e+01,-6.030534952878952026e-02,3.300000000000000000e+01,-2.110972881317138672e+00,5.100000000000000000e+01,-8.138851523399353027e-01,5.200000000000000000e+01,9.198430180549621582e-01,5.300000000000000000e+01,-2.265689611434936523e+00,2.100000000000000000e+01,-1.057145833969116211e+00,2.200000000000000000e+01,-8.142213523387908936e-02,2.300000000000000000e+01,2.141767501831054688e+00,4.100000000000000000e+01,-6.557036638259887695e-01,4.200000000000000000e+01,4.662349075078964233e-02,4.300000000000000000e+01,1.220205187797546387e+00,6.100000000000000000e+01,3.040862083435058594e-01,6.200000000000000000e+01,-1.706527620553970337e-01,6.300000000000000000e+01,1.850222110748291016e+00
1.100000000000000000e+01,7.001558542251586914e-01,1.200000000000000000e+01,3.598338365554809570e-01,1.300000000000000000e+01,-3.904610872268676758e-01,3.100000000000000000e+01,-4.913299083709716797e-01,3.200000000000000000e+01,-5.743067711591720581e-02,3.300000000000000000e+01,-2.127734422683715820e+00,5.100000000000000000e+01,-8.912391662597656250e-01,5.200000000000000000e+01,9.206086397171020508e-01,5.300000000000000000e+01,-2.182168722152709961e+00,2.100000000000000000e+01,-9.869878888130187988e-01,2.200000000000000000e+01,-1.152009516954421997e-01,2.300000000000000000e+01,1.969118237495422363e+00,4.100000000000000000e+01,-6.346858739852905273e-01,4.200000000000000000e+01,3.166758269071578979e-02,4.300000000000000000e+01,1.319262266159057617e+00,6.100000000000000000e+01,2.953716218471527100e-01,6.200000000000000000e+01,-1.719972342252731323e-01,6.300000000000000000e+01,1.852568745613098145e+00
1.100000000000000000e+01,7.127900123596191406e-01,1.200000000000000000e+01,4.481726884841918945e-01,1.300000000000000000e+01,-3.499227762222290039e-01,3.100000000000000000e+01,-5.026414394378662109e-01,3.200000000000000000e+01,-5.220171064138412476e-02,3.300000000000000000e+01,-2.113146543502807617e+00,5.100000000000000000e+01,-9.667879343032836914e-01,5.200000000000000000e+01,9.182793498039245605e-01,5.300000000000000000e+01,-2.093565940856933594e+00,2.100000000000000000e+01,-9.348860979080200195e-01,2.200000000000000000e+01,-1.169191151857376099e-01,2.300000000000000000e+01,1.955509305000305176e+00,4.100000000000000000e+01,-5.467883348464965820e-01,4.200000000000000000e+01,2.946167439222335815e-02,4.300000000000000000e+01,1.238202929496765137e+00,6.100000000000000000e+01,2.975564897060394287e-01,6.200000000000000000e+01,-1.708772033452987671e-01,6.300000000000000000e+01,1.927768826484680176e+00
1.100000000000000000e+01,7.472044825553894043e-01,1.200000000000000000e+01,5.026965737342834473e-01,1.300000000000000000e+01,-3.436899185180664062e-01,3.100000000000000000e+01,-4.416033029556274414e-01,3.200000000000000000e+01,-4.648154228925704956e-02,3.300000000000000000e+01,-2.081059932708740234e+00,5.100000000000000000e+01,-9.928407669067382812e-01,5.200000000000000000e+01,9.131081104278564453e-01,5.300000000000000000e+01,-2.118903160095214844e+00,2.100000000000000000e+01,-9.252179265022277832e-01,2.200000000000000000e+01,-9.634606540203094482e-02,2.300000000000000000e+01,2.045756340026855469e+00,4.100000000000000000e+01,-4.338841438293457031e-01,4.200000000000000000e+01,3.599520772695541382e-02,4.300000000000000000e+01,1.084376692771911621e+00,6.100000000000000000e+01,3.075222373008728027e-01,6.200000000000000000e+01,-1.692991107702255249e-01,6.300000000000000000e+01,1.957870125770568848e+00
1.100000000000000000e+01,8.321506381034851074e-01,1.200000000000000000e+01,5.480204820632934570e-01,1.300000000000000000e+01,-3.514983654022216797e-01,3.100000000000000000e+01,-4.770672917366027832e-01,3.200000000000000000e+01,-4.119973629713058472e-02,3.300000000000000000e+01,-2.051006078720092773e+00,5.100000000000000000e+01,-9.811203479766845703e-01,5.200000000000000000e+01,9.120067954063415527e-01,5.300000000000000000e+01,-2.253408908843994141e+00,2.100000000000000000e+01,-9.111739397048950195e-01,2.200000000000000000e+01,-8.773912489414215088e-02,2.300000000000000000e+01,2.111250400543212891e+00,4.100000000000000000e+01,-2.704803347587585449e-01,4.200000000000000000e+01,4.395281523466110229e-02,4.300000000000000000e+01,1.036708593368530273e+00,6.100000000000000000e+01,3.075548112392425537e-01,6.200000000000000000e+01,-1.680964678525924683e-01,6.300000000000000000e+01,2.067951202392578125e+00
1.100000000000000000e+01,6.300967335700988770e-01,1.200000000000000000e+01,6.805818080902099609e-01,1.300000000000000000e+01,-3.443779945373535156e-01,3.100000000000000000e+01,-1.314960718154907227e-01,3.200000000000000000e+01,-1.592726260423660278e-02,3.300000000000000000e+01,-2.058585405349731445e+00,5.100000000000000000e+01,-6.863518953323364258e-01,5.200000000000000000e+01,9.103634357452392578e-01,5.300000000000000000e+01,-2.149136543273925781e+00,2.100000000000000000e+01,-8.675560951232910156e-01,2.200000000000000000e+01,2.947226166725158691e-03,2.300000000000000000e+01,2.383211612701416016e+00,4.100000000000000000e+01,-4.457983374595642090e-01,4.200000000000000000e+01,-1.646914333105087280e-02,4.300000000000000000e+01,8.306002616882324219e-01,6.100000000000000000e+01,3.032163381576538086e-01,6.200000000000000000e+01,-1.938024014234542847e-01,6.300000000000000000e+01,2.275983572006225586e+00
1.100000000000000000e+01,6.385147571563720703e-01,1.200000000000000000e+01,6.726970076560974121e-01,1.300000000000000000e+01,-3.941446542739868164e-01,3.100000000000000000e+01,3.681778535246849060e-02,3.200000000000000000e+01,4.605568945407867432e-03,3.300000000000000000e+01,-2.039116382598876953e+00,5.100000000000000000e+01,-6.417049169540405273e-01,5.200000000000000000e+01,9.086010456085205078e-01,5.300000000000000000e+01,-2.191200733184814453e+00,2.100000000000000000e+01,-8.645165562629699707e-01,2.200000000000000000e+01,1.020167768001556396e-02,2.300000000000000000e+01,2.422929763793945312e+00,4.100000000000000000e+01,-4.128842055797576904e-01,4.200000000000000000e+01,-7.831133902072906494e-03,4.300000000000000000e+01,7.995305657386779785e-01,6.100000000000000000e+01,2.850600481033325195e-01,6.200000000000000000e+01,-1.957396417856216431e-01,6.300000000000000000e+01,2.216488599777221680e+00
1.100000000000000000e+01,6.515042781829833984e-01,1.200000000000000000e+01,6.388939619064331055e-01,1.300000000000000000e+01,-5.228413343429565430e-01,3.100000000000000000e+01,3.552501499652862549e-01,3.200000000000000000e+01,5.531027168035507202e-02,3.300000000000000000e+01,-2.022381782531738281e+00,5.100000000000000000e+01,-6.422766447067260742e-01,5.200000000000000000e+01,9.037840366363525391e-01,5.300000000000000000e+01,-2.007354259490966797e+00,2.100000000000000000e+01,-8.652067184448242188e-01,2.200000000000000000e+01,1.253841817378997803e-02,2.300000000000000000e+01,2.438992023468017578e+00,4.100000000000000000e+01,-4.987227320671081543e-01,4.200000000000000000e+01,-1.235593110322952271e-02,4.300000000000000000e+01,8.327436447143554688e-01,6.100000000000000000e+01,2.632702589035034180e-01,6.200000000000000000e+01,-2.038698643445968628e-01,6.300000000000000000e+01,1.839804649353027344e+00
1.100000000000000000e+01,1.259820699691772461e+00,1.200000000000000000e+01,4.492624402046203613e-01,1.300000000000000000e+01,-1.274420976638793945e+00,3.100000000000000000e+01,3.963521420955657959e-01,3.200000000000000000e+01,1.410461962223052979e-01,3.300000000000000000e+01,-1.856671452522277832e+00,5.100000000000000000e+01,-9.822129011154174805e-01,5.200000000000000000e+01,8.669700622558593750e-01,5.300000000000000000e+01,-1.772009134292602539e+00,2.100000000000000000e+01,-8.889198899269104004e-01,2.200000000000000000e+01,-5.167157948017120361e-02,2.300000000000000000e+01,2.373458385467529297e+00,4.100000000000000000e+01,-2.361438870429992676e-01,4.200000000000000000e+01,5.457999557256698608e-02,4.300000000000000000e+01,1.135747671127319336e+00,6.100000000000000000e+01,2.534956932067871094e-01,6.200000000000000000e+01,-1.683899909257888794e-01,6.300000000000000000e+01,1.050515174865722656e+00
1.100000000000000000e+01,1.189184069633483887e+00,1.200000000000000000e+01,2.461234927177429199e-01,1.300000000000000000e+01,-1.711766242980957031e+00,3.100000000000000000e+01,8.942894935607910156e-01,3.200000000000000000e+01,4.643687605857849121e-01,3.300000000000000000e+01,-2.300704240798950195e+00,5.100000000000000000e+01,-1.273396492004394531e+00,5.200000000000000000e+01,2.372920066118240356e-01,5.300000000000000000e+01,-8.225048780441284180e-01,2.100000000000000000e+01,-7.337803840637207031e-01,2.200000000000000000e+01,-2.601760625839233398e-01,2.300000000000000000e+01,2.325640201568603516e+00,4.100000000000000000e+01,-3.473291993141174316e-01,4.200000000000000000e+01,-1.683727800846099854e-01,4.300000000000000000e+01,1.974360704421997070e+00,6.100000000000000000e+01,2.499526739120483398e-01,6.200000000000000000e+01,-3.834998607635498047e-01,6.300000000000000000e+01,6.125528812408447266e-01
1.100000000000000000e+01,1.225608110427856445e+00,1.200000000000000000e+01,3.140283226966857910e-01,1.300000000000000000e+01,-1.549368381500244141e+00,3.100000000000000000e+01,8.797407150268554688e-01,3.200000000000000000e+01,4.494501352310180664e-01,3.300000000000000000e+01,-2.313363790512084961e+00,5.100000000000000000e+01,-1.272055625915527344e+00,5.200000000000000000e+01,2.811254858970642090e-01,5.300000000000000000e+01,-9.590232372283935547e-01,2.100000000000000000e+01,-7.155112028121948242e-01,2.200000000000000000e+01,-3.854765594005584717e-01,2.300000000000000000e+01,2.349118232727050781e+00,4.100000000000000000e+01,-4.749640524387359619e-01,4.200000000000000000e+01,-1.694276034832000732e-01,4.300000000000000000e+01,2.094478845596313477e+00,6.100000000000000000e+01,2.499582171440124512e-01,6.200000000000000000e+01,-3.798792362213134766e-01,6.300000000000000000e+01,6.058049201965332031e-01
1.100000000000000000e+01,1.198915958404541016e+00,1.200000000000000000e+01,3.161719441413879395e-01,1.300000000000000000e+01,-1.239317178726196289e+00,3.100000000000000000e+01,8.095387220382690430e-01,3.200000000000000000e+01,4.276441633701324463e-01,3.300000000000000000e+01,-2.326860427856445312e+00,5.100000000000000000e+01,-1.258340358734130859e+00,5.200000000000000000e+01,4.127804338932037354e-01,5.300000000000000000e+01,-1.120814323425292969e+00,2.100000000000000000e+01,-7.161283493041992188e-01,2.200000000000000000e+01,-4.525696635246276855e-01,2.300000000000000000e+01,2.271389484405517578e+00,4.100000000000000000e+01,-5.618822574615478516e-01,4.200000000000000000e+01,-1.600438356399536133e-01,4.300000000000000000e+01,2.162527084350585938e+00,6.100000000000000000e+01,2.499960660934448242e-01,6.200000000000000000e+01,-3.718856573104858398e-01,6.300000000000000000e+01,6.179622411727905273e-01
1.100000000000000000e+01,1.098817825317382812e+00,1.200000000000000000e+01,6.888328492641448975e-02,1.300000000000000000e+01,-9.685133695602416992e-01,3.100000000000000000e+01,6.994362473487854004e-01,3.200000000000000000e+01,3.059090375900268555e-01,3.300000000000000000e+01,-2.324787139892578125e+00,5.100000000000000000e+01,-1.283273696899414062e+00,5.200000000000000000e+01,6.769179105758666992e-01,5.300000000000000000e+01,-7.794808149337768555e-01,2.100000000000000000e+01,-6.611685156822204590e-01,2.200000000000000000e+01,-4.804531931877136230e-01,2.300000000000000000e+01,1.784931898117065430e+00,4.100000000000000000e+01,-2.519688010215759277e-01,4.200000000000000000e+01,-1.502598822116851807e-01,4.300000000000000000e+01,2.169851064682006836e+00,6.100000000000000000e+01,2.501134276390075684e-01,6.200000000000000000e+01,-2.248060554265975952e-01,6.300000000000000000e+01,6.302962303161621094e-01
1.100000000000000000e+01,1.068214058876037598e+00,1.200000000000000000e+01,4.321135580539703369e-02,1.300000000000000000e+01,-9.186908006668090820e-01,3.100000000000000000e+01,6.328693628311157227e-01,3.200000000000000000e+01,3.141963779926300049e-01,3.300000000000000000e+01,-2.314549684524536133e+00,5.100000000000000000e+01,-1.284593820571899414e+00,5.200000000000000000e+01,7.644602060317993164e-01,5.300000000000000000e+01,-6.549700498580932617e-01,2.100000000000000000e+01,-6.480994820594787598e-01,2.200000000000000000e+01,-4.565784335136413574e-01,2.300000000000000000e+01,1.691480159759521484e+00,4.100000000000000000e+01,-8.857666701078414917e-02,4.200000000000000000e+01,-1.082997545599937439e-01,4.300000000000000000e+01,2.004470586776733398e+00,6.100000000000000000e+01,2.500733733177185059e-01,6.200000000000000000e+01,-2.234556525945663452e-01,6.300000000000000000e+01,6.946988701820373535e-01
1.100000000000000000e+01,1.017018318176269531e+00,1.200000000000000000e+01,6.208613514900207520e-03,1.300000000000000000e+01,-8.821086883544921875e-01,3.100000000000000000e+01,6.286805868148803711e-01,3.200000000000000000e+01,3.462426066398620605e-01,3.300000000000000000e+01,-2.278270244598388672e+00,5.100000000000000000e+01,-1.280906915664672852e+00,5.200000000000000000e+01,8.044837713241577148e-01,5.300000000000000000e+01,-5.988439321517944336e-01,2.100000000000000000e+01,-6.464573144912719727e-01,2.200000000000000000e+01,-3.587852418422698975e-01,2.300000000000000000e+01,1.448395609855651855e+00,4.100000000000000000e+01,2.012423872947692871e-01,4.200000000000000000e+01,-4.412729293107986450e-02,4.300000000000000000e+01,1.630918741226196289e+00,6.100000000000000000e+01,2.501287460327148438e-01,6.200000000000000000e+01,-2.167465239763259888e-01,6.300000000000000000e+01,8.645812273025512695e-01
1.100000000000000000e+01,1.176013708114624023e+00,1.200000000000000000e+01,3.694681823253631592e-02,1.300000000000000000e+01,-9.859935045242309570e-01,3.100000000000000000e+01,-4.652583599090576172e-01,3.200000000000000000e+01,4.281096160411834717e-03,3.300000000000000000e+01,-1.531096220016479492e+00,5.100000000000000000e+01,-1.034088134765625000e+00,5.200000000000000000e+01,9.256873726844787598e-01,5.300000000000000000e+01,-6.365048289299011230e-01,2.100000000000000000e+01,-7.969051599502563477e-01,2.200000000000000000e+01,-6.096316874027252197e-02,2.300000000000000000e+01,1.735239267349243164e+00,4.100000000000000000e+01,5.475549697875976562e-01,4.200000000000000000e+01,7.435762137174606323e-02,4.300000000000000000e+01,7.797157168388366699e-01,6.100000000000000000e+01,2.604742646217346191e-01,6.200000000000000000e+01,-1.639512032270431519e-01,6.300000000000000000e+01,2.087862968444824219e+00
1.100000000000000000e+01,7.450925707817077637e-01,1.200000000000000000e+01,-1.688127219676971436e-02,1.300000000000000000e+01,-1.144366025924682617e+00,3.100000000000000000e+01,7.743688225746154785e-01,3.200000000000000000e+01,4.709324240684509277e-01,3.300000000000000000e+01,-1.949080228805541992e+00,5.100000000000000000e+01,-1.241026043891906738e+00,5.200000000000000000e+01,5.529314875602722168e-01,5.300000000000000000e+01,-5.869596004486083984e-01,2.100000000000000000e+01,-6.919803619384765625e-01,2.200000000000000000e+01,-2.899675071239471436e-02,2.300000000000000000e+01,1.463708639144897461e+00,4.100000000000000000e+01,4.709596037864685059e-01,4.200000000000000000e+01,1.129034906625747681e-02,4.300000000000000000e+01,6.030515432357788086e-01,6.100000000000000000e+01,2.507526874542236328e-01,6.200000000000000000e+01,-3.068535327911376953e-01,6.300000000000000000e+01,2.202243089675903320e+00
1.100000000000000000e+01,6.218489408493041992e-01,1.200000000000000000e+01,3.298620879650115967e-02,1.300000000000000000e+01,-6.871618032455444336e-01,3.100000000000000000e+01,-3.478477895259857178e-01,3.200000000000000000e+01,4.288409054279327393e-01,3.300000000000000000e+01,-1.480267643928527832e+00,5.100000000000000000e+01,-6.878132820129394531e-01,5.200000000000000000e+01,9.220950007438659668e-01,5.300000000000000000e+01,-6.020994186401367188e-01,2.100000000000000000e+01,-7.912656068801879883e-01,2.200000000000000000e+01,1.178835332393646240e-02,2.300000000000000000e+01,1.890318155288696289e+00,4.100000000000000000e+01,4.697116017341613770e-01,4.200000000000000000e+01,-4.835752397775650024e-02,4.300000000000000000e+01,5.256874561309814453e-01,6.100000000000000000e+01,2.898131012916564941e-01,6.200000000000000000e+01,-5.008105635643005371e-01,6.300000000000000000e+01,2.643888235092163086e+00
1.100000000000000000e+01,6.941733360290527344e-01,1.200000000000000000e+01,1.796373277902603149e-01,1.300000000000000000e+01,-4.142279624938964844e-01,3.100000000000000000e+01,-3.723285496234893799e-01,3.200000000000000000e+01,2.162304222583770752e-01,3.300000000000000000e+01,-8.028596639633178711e-01,5.100000000000000000e+01,-5.318776369094848633e-01,5.200000000000000000e+01,9.174051284790039062e-01,5.300000000000000000e+01,-6.669651865959167480e-01,2.100000000000000000e+01,-1.067670106887817383e+00,2.200000000000000000e+01,2.915127575397491455e-02,2.300000000000000000e+01,2.189170360565185547e+00,4.100000000000000000e+01,6.019559502601623535e-01,4.200000000000000000e+01,6.844698637723922729e-02,4.300000000000000000e+01,5.236564874649047852e-01,6.100000000000000000e+01,6.882013678550720215e-01,6.200000000000000000e+01,-1.910038739442825317e-01,6.300000000000000000e+01,2.638738632202148438e+00
1.100000000000000000e+01,6.950879096984863281e-01,1.200000000000000000e+01,1.422204524278640747e-01,1.300000000000000000e+01,-4.008063077926635742e-01,3.100000000000000000e+01,-4.014328420162200928e-01,3.200000000000000000e+01,1.899992525577545166e-01,3.300000000000000000e+01,-8.062306642532348633e-01,5.100000000000000000e+01,-4.895314872264862061e-01,5.200000000000000000e+01,9.191983938217163086e-01,5.300000000000000000e+01,-7.935821413993835449e-01,2.100000000000000000e+01,-1.148016214370727539e+00,2.200000000000000000e+01,2.889831364154815674e-02,2.300000000000000000e+01,2.190222501754760742e+00,4.100000000000000000e+01,5.703114271163940430e-01,4.200000000000000000e+01,6.944491714239120483e-02,4.300000000000000000e+01,5.242164731025695801e-01,6.100000000000000000e+01,8.138653039932250977e-01,6.200000000000000000e+01,-1.852346509695053101e-01,6.300000000000000000e+01,2.638465166091918945e+00
1.100000000000000000e+01,1.145067930221557617e+00,1.200000000000000000e+01,1.735772192478179932e-02,1.300000000000000000e+01,-7.663749456405639648e-01,3.100000000000000000e+01,-5.346699357032775879e-01,3.200000000000000000e+01,2.152993381023406982e-01,3.300000000000000000e+01,-7.328134775161743164e-01,5.100000000000000000e+01,-6.095789074897766113e-01,5.200000000000000000e+01,9.165122509002685547e-01,5.300000000000000000e+01,-9.084557294845581055e-01,2.100000000000000000e+01,-1.215800523757934570e+00,2.200000000000000000e+01,1.598884165287017822e-02,2.300000000000000000e+01,1.883719921112060547e+00,4.100000000000000000e+01,6.125695109367370605e-01,4.200000000000000000e+01,7.791813462972640991e-02,4.300000000000000000e+01,5.294809341430664062e-01,6.100000000000000000e+01,6.064845323562622070e-01,6.200000000000000000e+01,-1.663836985826492310e-01,6.300000000000000000e+01,2.635108470916748047e+00
1.100000000000000000e+01,7.448787093162536621e-01,1.200000000000000000e+01,-2.860604226589202881e-02,1.300000000000000000e+01,-6.892488002777099609e-01,3.100000000000000000e+01,8.069354295730590820e-01,3.200000000000000000e+01,4.352754950523376465e-01,3.300000000000000000e+01,-2.279585361480712891e+00,5.100000000000000000e+01,-6.208600997924804688e-01,5.200000000000000000e+01,2.378905564546585083e-01,5.300000000000000000e+01,-7.091992497444152832e-01,2.100000000000000000e+01,-8.507926464080810547e-01,2.200000000000000000e+01,-2.374951094388961792e-01,2.300000000000000000e+01,1.203450560569763184e+00,4.100000000000000000e+01,-4.368768036365509033e-01,4.200000000000000000e+01,-2.653286457061767578e-01,4.300000000000000000e+01,7.125763893127441406e-01,6.100000000000000000e+01,4.091114401817321777e-01,6.200000000000000000e+01,-6.025230884552001953e-01,6.300000000000000000e+01,1.150995850563049316e+00
1.100000000000000000e+01,1.193954944610595703e+00,1.200000000000000000e+01,-2.914656698703765869e-02,1.300000000000000000e+01,-1.987024545669555664e+00,3.100000000000000000e+01,7.321277260780334473e-01,3.200000000000000000e+01,4.712626338005065918e-01,3.300000000000000000e+01,-1.774136424064636230e+00,5.100000000000000000e+01,-1.144150495529174805e+00,5.200000000000000000e+01,4.381216168403625488e-01,5.300000000000000000e+01,-8.617654442787170410e-01,2.100000000000000000e+01,-1.044130802154541016e+00,2.200000000000000000e+01,-5.017040669918060303e-02,2.300000000000000000e+01,1.930237770080566406e+00,4.100000000000000000e+01,-1.497155725955963135e-01,4.200000000000000000e+01,-1.020140200853347778e-02,4.300000000000000000e+01,8.424536585807800293e-01,6.100000000000000000e+01,2.668989896774291992e-01,6.200000000000000000e+01,-2.970325350761413574e-01,6.300000000000000000e+01,1.398905992507934570e+00
1.100000000000000000e+01,6.419685482978820801e-01,1.200000000000000000e+01,-1.882706582546234131e-02,1.300000000000000000e+01,-1.385940074920654297e+00,3.100000000000000000e+01,7.890440821647644043e-01,3.200000000000000000e+01,4.734029769897460938e-01,3.300000000000000000e+01,-1.956835985183715820e+00,5.100000000000000000e+01,-9.375846982002258301e-01,5.200000000000000000e+01,5.067116022109985352e-01,5.300000000000000000e+01,-7.600670456886291504e-01,2.100000000000000000e+01,-8.630130887031555176e-01,2.200000000000000000e+01,1.372292637825012207e-03,2.300000000000000000e+01,2.366842746734619141e+00,4.100000000000000000e+01,-7.786082029342651367e-01,4.200000000000000000e+01,-3.229934275150299072e-01,4.300000000000000000e+01,8.353667259216308594e-01,6.100000000000000000e+01,2.585754394531250000e-01,6.200000000000000000e+01,-5.963757634162902832e-01,6.300000000000000000e+01,1.268377304077148438e+00
1.100000000000000000e+01,6.893911957740783691e-01,1.200000000000000000e+01,8.776466548442840576e-02,1.300000000000000000e+01,-5.079927444458007812e-01,3.100000000000000000e+01,3.822599723935127258e-02,3.200000000000000000e+01,5.072007328271865845e-02,3.300000000000000000e+01,-1.842549443244934082e+00,5.100000000000000000e+01,-3.479205667972564697e-01,5.200000000000000000e+01,7.462474107742309570e-01,5.300000000000000000e+01,-2.314437150955200195e+00,2.100000000000000000e+01,-1.085943698883056641e+00,2.200000000000000000e+01,-1.124887168407440186e-02,2.300000000000000000e+01,2.405972480773925781e+00,4.100000000000000000e+01,-7.293680310249328613e-01,4.200000000000000000e+01,-8.969376236200332642e-02,4.300000000000000000e+01,6.869925260543823242e-01,6.100000000000000000e+01,1.016032814979553223e+00,6.200000000000000000e+01,-2.679946422576904297e-01,6.300000000000000000e+01,1.636723399162292480e+00
1.100000000000000000e+01,6.489626169204711914e-01,1.200000000000000000e+01,-1.924242079257965088e-02,1.300000000000000000e+01,-1.441245436668395996e+00,3.100000000000000000e+01,8.364957571029663086e-01,3.200000000000000000e+01,4.642056226730346680e-01,3.300000000000000000e+01,-1.892537832260131836e+00,5.100000000000000000e+01,-1.137482762336730957e+00,5.200000000000000000e+01,3.481394648551940918e-01,5.300000000000000000e+01,-8.929674029350280762e-01,2.100000000000000000e+01,-6.983885765075683594e-01,2.200000000000000000e+01,-2.940367162227630615e-02,2.300000000000000000e+01,2.458820819854736328e+00,4.100000000000000000e+01,-8.171298503875732422e-01,4.200000000000000000e+01,-4.111637175083160400e-01,4.300000000000000000e+01,1.110718846321105957e+00,6.100000000000000000e+01,2.636269927024841309e-01,6.200000000000000000e+01,-5.689504742622375488e-01,6.300000000000000000e+01,9.933064579963684082e-01
1.100000000000000000e+01,6.671242713928222656e-01,1.200000000000000000e+01,6.478138267993927002e-02,1.300000000000000000e+01,-4.321352243423461914e-01,3.100000000000000000e+01,4.007254913449287415e-02,3.200000000000000000e+01,-1.999386399984359741e-02,3.300000000000000000e+01,-1.905102014541625977e+00,5.100000000000000000e+01,-3.656870126724243164e-01,5.200000000000000000e+01,7.886543869972229004e-01,5.300000000000000000e+01,-2.365519046783447266e+00,2.100000000000000000e+01,-8.837473392486572266e-01,2.200000000000000000e+01,-5.177755653858184814e-02,2.300000000000000000e+01,2.450555801391601562e+00,4.100000000000000000e+01,-6.762976646423339844e-01,4.200000000000000000e+01,-1.304950416088104248e-01,4.300000000000000000e+01,8.043807148933410645e-01,6.100000000000000000e+01,1.123012304306030273e+00,6.200000000000000000e+01,-2.489161342382431030e-01,6.300000000000000000e+01,2.071504116058349609e+00
1.100000000000000000e+01,6.811287403106689453e-01,1.200000000000000000e+01,-2.713136374950408936e-02,1.300000000000000000e+01,-6.097313165664672852e-01,3.100000000000000000e+01,8.539261221885681152e-01,3.200000000000000000e+01,3.512675464153289795e-01,3.300000000000000000e+01,-2.325725793838500977e+00,5.100000000000000000e+01,-8.770058751106262207e-01,5.200000000000000000e+01,2.173816114664077759e-01,5.300000000000000000e+01,-1.033887624740600586e+00,2.100000000000000000e+01,-6.643532514572143555e-01,2.200000000000000000e+01,-4.865765571594238281e-01,2.300000000000000000e+01,2.165772199630737305e+00,4.100000000000000000e+01,-7.461664676666259766e-01,4.200000000000000000e+01,-4.184836745262145996e-01,4.300000000000000000e+01,1.557588815689086914e+00,6.100000000000000000e+01,4.117151200771331787e-01,6.200000000000000000e+01,-6.551250219345092773e-01,6.300000000000000000e+01,9.552658796310424805e-01
1.100000000000000000e+01,6.850333213806152344e-01,1.200000000000000000e+01,-2.225787937641143799e-02,1.300000000000000000e+01,-5.459650754928588867e-01,3.100000000000000000e+01,7.878043055534362793e-01,3.200000000000000000e+01,3.064906895160675049e-01,3.300000000000000000e+01,-2.334411144256591797e+00,5.100000000000000000e+01,-8.680616617202758789e-01,5.200000000000000000e+01,2.381549626588821411e-01,5.300000000000000000e+01,-1.202453374862670898e+00,2.100000000000000000e+01,-6.682493686676025391e-01,2.200000000000000000e+01,-5.461227297782897949e-01,2.300000000000000000e+01,2.003432035446166992e+00,4.100000000000000000e+01,-7.775986194610595703e-01,4.200000000000000000e+01,-4.161818027496337891e-01,4.300000000000000000e+01,1.860636830329895020e+00,6.100000000000000000e+01,3.432559072971343994e-01,6.200000000000000000e+01,-6.692866086959838867e-01,6.300000000000000000e+01,8.437756299972534180e-01
1.100000000000000000e+01,6.392124295234680176e-01,1.200000000000000000e+01,-2.186004817485809326e-02,1.300000000000000000e+01,-4.658473730087280273e-01,3.100000000000000000e+01,8.763509988784790039e-01,3.200000000000000000e+01,2.739278674125671387e-01,3.300000000000000000e+01,-2.344364404678344727e+00,5.100000000000000000e+01,-9.792737364768981934e-01,5.200000000000000000e+01,1.930773109197616577e-01,5.300000000000000000e+01,-9.462511539459228516e-01,2.100000000000000000e+01,-6.637272834777832031e-01,2.200000000000000000e+01,-6.350525617599487305e-01,2.300000000000000000e+01,1.852771282196044922e+00,4.100000000000000000e+01,-7.625900506973266602e-01,4.200000000000000000e+01,-4.320884943008422852e-01,4.300000000000000000e+01,1.907866239547729492e+00,6.100000000000000000e+01,4.520942568778991699e-01,6.200000000000000000e+01,-6.067080497741699219e-01,6.300000000000000000e+01,8.537084460258483887e-01
1.100000000000000000e+01,6.597074866294860840e-01,1.200000000000000000e+01,-2.260600030422210693e-02,1.300000000000000000e+01,-4.316821098327636719e-01,3.100000000000000000e+01,6.614044308662414551e-01,3.200000000000000000e+01,1.881449520587921143e-01,3.300000000000000000e+01,-2.335078477859497070e+00,5.100000000000000000e+01,-8.253448009490966797e-01,5.200000000000000000e+01,2.750123739242553711e-01,5.300000000000000000e+01,-1.184476733207702637e+00,2.100000000000000000e+01,-6.593645215034484863e-01,2.200000000000000000e+01,-5.959067344665527344e-01,2.300000000000000000e+01,1.816299676895141602e+00,4.100000000000000000e+01,-7.838922739028930664e-01,4.200000000000000000e+01,-4.254615604877471924e-01,4.300000000000000000e+01,2.091269969940185547e+00,6.100000000000000000e+01,3.645234107971191406e-01,6.200000000000000000e+01,-5.573056936264038086e-01,6.300000000000000000e+01,8.669270873069763184e-01
1.100000000000000000e+01,1.000677108764648438e+00,1.200000000000000000e+01,-1.899521052837371826e-02,1.300000000000000000e+01,-3.882822990417480469e-01,3.100000000000000000e+01,-4.613431692123413086e-01,3.200000000000000000e+01,-7.737418264150619507e-02,3.300000000000000000e+01,-2.078304529190063477e+00,5.100000000000000000e+01,-6.096458435058593750e-01,5.200000000000000000e+01,8.969095945358276367e-01,5.300000000000000000e+01,-2.249594688415527344e+00,2.100000000000000000e+01,-6.771923899650573730e-01,2.200000000000000000e+01,-5.408328771591186523e-01,2.300000000000000000e+01,1.931852459907531738e+00,4.100000000000000000e+01,-2.720592021942138672e-01,4.200000000000000000e+01,-6.992123275995254517e-02,4.300000000000000000e+01,1.903731465339660645e+00,6.100000000000000000e+01,9.679751992225646973e-01,6.200000000000000000e+01,-1.640727072954177856e-01,6.300000000000000000e+01,1.189749479293823242e+00
1.100000000000000000e+01,1.208600878715515137e+00,1.200000000000000000e+01,1.347573101520538330e-02,1.300000000000000000e+01,-7.311143875122070312e-01,3.100000000000000000e+01,-6.561178565025329590e-01,3.200000000000000000e+01,-6.889020651578903198e-02,3.300000000000000000e+01,-1.611085176467895508e+00,5.100000000000000000e+01,-6.358050107955932617e-01,5.200000000000000000e+01,9.285326004028320312e-01,5.300000000000000000e+01,-2.525032043457031250e+00,2.100000000000000000e+01,-8.905286788940429688e-01,2.200000000000000000e+01,-3.059585690498352051e-01,2.300000000000000000e+01,2.243818044662475586e+00,4.100000000000000000e+01,-1.805485188961029053e-01,4.200000000000000000e+01,5.545093864202499390e-02,4.300000000000000000e+01,1.682560443878173828e+00,6.100000000000000000e+01,5.284553766250610352e-01,6.200000000000000000e+01,-1.628697067499160767e-01,6.300000000000000000e+01,2.508033275604248047e+00
1.100000000000000000e+01,8.476237654685974121e-01,1.200000000000000000e+01,-2.747331559658050537e-02,1.300000000000000000e+01,-1.275269865989685059e+00,3.100000000000000000e+01,-7.001436352729797363e-01,3.200000000000000000e+01,-1.331276446580886841e-02,3.300000000000000000e+01,-1.827318310737609863e+00,5.100000000000000000e+01,-5.849423408508300781e-01,5.200000000000000000e+01,9.285767674446105957e-01,5.300000000000000000e+01,-2.465373992919921875e+00,2.100000000000000000e+01,-7.136056423187255859e-01,2.200000000000000000e+01,-5.629740357398986816e-01,2.300000000000000000e+01,2.110665798187255859e+00,4.100000000000000000e+01,9.414027631282806396e-02,4.200000000000000000e+01,-1.020208224654197693e-01,4.300000000000000000e+01,1.686572432518005371e+00,6.100000000000000000e+01,4.420102536678314209e-01,6.200000000000000000e+01,-1.896847039461135864e-01,6.300000000000000000e+01,2.639367580413818359e+00
1.100000000000000000e+01,1.186130642890930176e+00,1.200000000000000000e+01,1.097787916660308838e-02,1.300000000000000000e+01,-7.611169815063476562e-01,3.100000000000000000e+01,-6.917814612388610840e-01,3.200000000000000000e+01,-7.452144473791122437e-02,3.300000000000000000e+01,-1.235952377319335938e+00,5.100000000000000000e+01,-5.992830991744995117e-01,5.200000000000000000e+01,9.242926239967346191e-01,5.300000000000000000e+01,-2.515428781509399414e+00,2.100000000000000000e+01,-7.604850530624389648e-01,2.200000000000000000e+01,-2.226476818323135376e-01,2.300000000000000000e+01,2.297745704650878906e+00,4.100000000000000000e+01,4.587969183921813965e-01,4.200000000000000000e+01,4.789083451032638550e-02,4.300000000000000000e+01,1.506027340888977051e+00,6.100000000000000000e+01,7.710002660751342773e-01,6.200000000000000000e+01,-1.622943133115768433e-01,6.300000000000000000e+01,2.595281839370727539e+00
1.100000000000000000e+01,7.294362783432006836e-01,1.200000000000000000e+01,2.054823040962219238e-01,1.300000000000000000e+01,-3.882654905319213867e-01,3.100000000000000000e+01,-6.897873282432556152e-01,3.200000000000000000e+01,-7.251288741827011108e-02,3.300000000000000000e+01,-1.077437520027160645e+00,5.100000000000000000e+01,-5.629089474678039551e-01,5.200000000000000000e+01,9.223546981811523438e-01,5.300000000000000000e+01,-2.471428394317626953e+00,2.100000000000000000e+01,-7.578166127204895020e-01,2.200000000000000000e+01,-1.579825580120086670e-02,2.300000000000000000e+01,2.436601638793945312e+00,4.100000000000000000e+01,3.248801827430725098e-01,4.200000000000000000e+01,1.424018293619155884e-02,4.300000000000000000e+01,8.395031690597534180e-01,6.100000000000000000e+01,1.042639255523681641e+00,6.200000000000000000e+01,-1.638641506433486938e-01,6.300000000000000000e+01,2.623044252395629883e+00
1.100000000000000000e+01,6.480661630630493164e-01,1.200000000000000000e+01,1.111629456281661987e-01,1.300000000000000000e+01,-3.376946449279785156e-01,3.100000000000000000e+01,-4.896959066390991211e-01,3.200000000000000000e+01,-6.365229934453964233e-02,3.300000000000000000e+01,-1.378494858741760254e+00,5.100000000000000000e+01,-3.413369059562683105e-01,5.200000000000000000e+01,7.595212459564208984e-01,5.300000000000000000e+01,-2.283700942993164062e+00,2.100000000000000000e+01,-8.328400850296020508e-01,2.200000000000000000e+01,-3.047339618206024170e-02,2.300000000000000000e+01,2.410964965820312500e+00,4.100000000000000000e+01,1.651272773742675781e-01,4.200000000000000000e+01,-1.202044859528541565e-01,4.300000000000000000e+01,7.425463795661926270e-01,6.100000000000000000e+01,1.271286249160766602e+00,6.200000000000000000e+01,-1.664229482412338257e-01,6.300000000000000000e+01,2.516901493072509766e+00
