0.000000000000000000e+00,0.000000000000000000e+00,0.000000000000000000e+00,0.000000000000000000e+00,0.000000000000000000e+00,0.000000000000000000e+00
0.000000000000000000e+00,0.000000000000000000e+00,0.000000000000000000e+00,0.000000000000000000e+00,0.000000000000000000e+00,0.000000000000000000e+00
0.000000000000000000e+00,0.000000000000000000e+00,0.000000000000000000e+00,0.000000000000000000e+00,0.000000000000000000e+00,0.000000000000000000e+00
0.000000000000000000e+00,0.000000000000000000e+00,0.000000000000000000e+00,0.000000000000000000e+00,0.000000000000000000e+00,0.000000000000000000e+00
0.000000000000000000e+00,0.000000000000000000e+00,0.000000000000000000e+00,0.000000000000000000e+00,0.000000000000000000e+00,0.000000000000000000e+00
0.000000000000000000e+00,0.000000000000000000e+00,0.000000000000000000e+00,0.000000000000000000e+00,0.000000000000000000e+00,0.000000000000000000e+00
0.000000000000000000e+00,0.000000000000000000e+00,0.000000000000000000e+00,0.000000000000000000e+00,0.000000000000000000e+00,0.000000000000000000e+00
0.000000000000000000e+00,0.000000000000000000e+00,0.000000000000000000e+00,0.000000000000000000e+00,0.000000000000000000e+00,0.000000000000000000e+00
0.000000000000000000e+00,0.000000000000000000e+00,0.000000000000000000e+00,0.000000000000000000e+00,0.000000000000000000e+00,0.000000000000000000e+00
0.000000000000000000e+00,0.000000000000000000e+00,0.000000000000000000e+00,0.000000000000000000e+00,0.000000000000000000e+00,0.000000000000000000e+00
0.000000000000000000e+00,0.000000000000000000e+00,0.000000000000000000e+00,0.000000000000000000e+00,0.000000000000000000e+00,0.000000000000000000e+00
0.000000000000000000e+00,0.000000000000000000e+00,0.000000000000000000e+00,0.000000000000000000e+00,0.000000000000000000e+00,0.000000000000000000e+00
0.000000000000000000e+00,0.000000000000000000e+00,0.000000000000000000e+00,0.000000000000000000e+00,0.000000000000000000e+00,0.000000000000000000e+00
0.000000000000000000e+00,0.000000000000000000e+00,0.000000000000000000e+00,0.000000000000000000e+00,0.000000000000000000e+00,0.000000000000000000e+00
0.000000000000000000e+00,0.000000000000000000e+00,0.000000000000000000e+00,0.000000000000000000e+00,0.000000000000000000e+00,0.000000000000000000e+00
0.000000000000000000e+00,0.000000000000000000e+00,0.000000000000000000e+00,0.000000000000000000e+00,0.000000000000000000e+00,0.000000000000000000e+00
0.000000000000000000e+00,0.000000000000000000e+00,0.000000000000000000e+00,0.000000000000000000e+00,0.000000000000000000e+00,0.000000000000000000e+00
0.000000000000000000e+00,0.000000000000000000e+00,0.000000000000000000e+00,0.000000000000000000e+00,0.000000000000000000e+00,0.000000000000000000e+00
0.000000000000000000e+00,0.000000000000000000e+00,0.000000000000000000e+00,0.000000000000000000e+00,0.000000000000000000e+00,0.000000000000000000e+00
0.000000000000000000e+00,0.000000000000000000e+00,0.000000000000000000e+00,0.000000000000000000e+00,0.000000000000000000e+00,0.000000000000000000e+00
0.000000000000000000e+00,0.000000000000000000e+00,0.000000000000000000e+00,0.000000000000000000e+00,0.000000000000000000e+00,0.000000000000000000e+00
0.000000000000000000e+00,0.000000000000000000e+00,0.000000000000000000e+00,0.000000000000000000e+00,0.000000000000000000e+00,0.000000000000000000e+00
0.000000000000000000e+00,0.000000000000000000e+00,0.000000000000000000e+00,0.000000000000000000e+00,0.000000000000000000e+00,0.000000000000000000e+00
0.000000000000000000e+00,0.000000000000000000e+00,0.000000000000000000e+00,0.000000000000000000e+00,0.000000000000000000e+00,0.000000000000000000e+00
0.000000000000000000e+00,0.000000000000000000e+00,0.000000000000000000e+00,0.000000000000000000e+00,0.000000000000000000e+00,0.000000000000000000e+00
0.000000000000000000e+00,0.000000000000000000e+00,0.000000000000000000e+00,0.000000000000000000e+00,0.000000000000000000e+00,0.000000000000000000e+00
0.000000000000000000e+00,0.000000000000000000e+00,0.000000000000000000e+00,0.000000000000000000e+00,0.000000000000000000e+00,0.000000000000000000e+00
0.000000000000000000e+00,0.000000000000000000e+00,0.000000000000000000e+00,0.000000000000000000e+00,0.000000000000000000e+00,0.000000000000000000e+00
0.000000000000000000e+00,0.000000000000000000e+00,0.000000000000000000e+00,0.000000000000000000e+00,0.000000000000000000e+00,0.000000000000000000e+00
0.000000000000000000e+00,0.000000000000000000e+00,0.000000000000000000e+00,0.000000000000000000e+00,0.000000000000000000e+00,0.000000000000000000e+00
0.000000000000000000e+00,0.000000000000000000e+00,0.000000000000000000e+00,0.000000000000000000e+00,0.000000000000000000e+00,0.000000000000000000e+00
0.000000000000000000e+00,0.000000000000000000e+00,0.000000000000000000e+00,0.000000000000000000e+00,0.000000000000000000e+00,0.000000000000000000e+00
0.000000000000000000e+00,0.000000000000000000e+00,0.000000000000000000e+00,0.000000000000000000e+00,0.000000000000000000e+00,0.000000000000000000e+00
0.000000000000000000e+00,0.000000000000000000e+00,0.000000000000000000e+00,0.000000000000000000e+00,0.000000000000000000e+00,0.000000000000000000e+00
0.000000000000000000e+00,0.000000000000000000e+00,0.000000000000000000e+00,0.000000000000000000e+00,0.000000000000000000e+00,0.000000000000000000e+00
0.000000000000000000e+00,0.000000000000000000e+00,0.000000000000000000e+00,0.000000000000000000e+00,0.000000000000000000e+00,0.000000000000000000e+00
0.000000000000000000e+00,0.000000000000000000e+00,0.000000000000000000e+00,0.000000000000000000e+00,0.000000000000000000e+00,0.000000000000000000e+00
0.000000000000000000e+00,0.000000000000000000e+00,0.000000000000000000e+00,0.000000000000000000e+00,0.000000000000000000e+00,0.000000000000000000e+00
0.000000000000000000e+00,0.000000000000000000e+00,0.000000000000000000e+00,0.000000000000000000e+00,0.000000000000000000e+00,0.000000000000000000e+00
0.000000000000000000e+00,0.000000000000000000e+00,0.000000000000000000e+00,0.000000000000000000e+00,0.000000000000000000e+00,0.000000000000000000e+00
0.000000000000000000e+00,0.000000000000000000e+00,0.000000000000000000e+00,0.000000000000000000e+00,0.000000000000000000e+00,0.000000000000000000e+00
0.000000000000000000e+00,0.000000000000000000e+00,0.000000000000000000e+00,0.000000000000000000e+00,0.000000000000000000e+00,0.000000000000000000e+00
0.000000000000000000e+00,0.000000000000000000e+00,0.000000000000000000e+00,0.000000000000000000e+00,0.000000000000000000e+00,0.000000000000000000e+00
0.000000000000000000e+00,0.000000000000000000e+00,0.000000000000000000e+00,0.000000000000000000e+00,0.000000000000000000e+00,0.000000000000000000e+00
0.000000000000000000e+00,0.000000000000000000e+00,0.000000000000000000e+00,0.000000000000000000e+00,0.000000000000000000e+00,0.000000000000000000e+00
0.000000000000000000e+00,0.000000000000000000e+00,0.000000000000000000e+00,0.000000000000000000e+00,0.000000000000000000e+00,0.000000000000000000e+00
0.000000000000000000e+00,0.000000000000000000e+00,0.000000000000000000e+00,0.000000000000000000e+00,0.000000000000000000e+00,0.000000000000000000e+00
0.000000000000000000e+00,0.000000000000000000e+00,0.000000000000000000e+00,0.000000000000000000e+00,0.000000000000000000e+00,0.000000000000000000e+00
0.000000000000000000e+00,0.000000000000000000e+00,0.000000000000000000e+00,0.000000000000000000e+00,0.000000000000000000e+00,0.000000000000000000e+00
0.000000000000000000e+00,0.000000000000000000e+00,0.000000000000000000e+00,0.000000000000000000e+00,0.000000000000000000e+00,0.000000000000000000e+00
0.000000000000000000e+00,0.000000000000000000e+00,0.000000000000000000e+00,0.000000000000000000e+00,0.000000000000000000e+00,0.000000000000000000e+00
0.000000000000000000e+00,0.000000000000000000e+00,0.000000000000000000e+00,0.000000000000000000e+00,0.000000000000000000e+00,0.000000000000000000e+00
0.000000000000000000e+00,0.000000000000000000e+00,0.000000000000000000e+00,0.000000000000000000e+00,0.000000000000000000e+00,0.000000000000000000e+00
0.000000000000000000e+00,0.000000000000000000e+00,0.000000000000000000e+00,0.000000000000000000e+00,0.000000000000000000e+00,0.000000000000000000e+00
0.000000000000000000e+00,0.000000000000000000e+00,0.000000000000000000e+00,0.000000000000000000e+00,0.000000000000000000e+00,0.000000000000000000e+00
0.000000000000000000e+00,0.000000000000000000e+00,0.000000000000000000e+00,0.000000000000000000e+00,3.400000000000000000e+01,0.000000000000000000e+00
0.000000000000000000e+00,0.000000000000000000e+00,0.000000000000000000e+00,0.000000000000000000e+00,0.000000000000000000e+00,0.000000000000000000e+00
0.000000000000000000e+00,0.000000000000000000e+00,0.000000000000000000e+00,0.000000000000000000e+00,0.000000000000000000e+00,0.000000000000000000e+00
0.000000000000000000e+00,0.000000000000000000e+00,0.000000000000000000e+00,0.000000000000000000e+00,0.000000000000000000e+00,0.000000000000000000e+00
0.000000000000000000e+00,0.000000000000000000e+00,0.000000000000000000e+00,0.000000000000000000e+00,0.000000000000000000e+00,0.000000000000000000e+00
0.000000000000000000e+00,0.000000000000000000e+00,0.000000000000000000e+00,0.000000000000000000e+00,0.000000000000000000e+00,0.000000000000000000e+00
0.000000000000000000e+00,0.000000000000000000e+00,0.000000000000000000e+00,0.000000000000000000e+00,0.000000000000000000e+00,0.000000000000000000e+00
0.000000000000000000e+00,0.000000000000000000e+00,0.000000000000000000e+00,0.000000000000000000e+00,0.000000000000000000e+00,0.000000000000000000e+00
0.000000000000000000e+00,0.000000000000000000e+00,0.000000000000000000e+00,0.000000000000000000e+00,0.000000000000000000e+00,0.000000000000000000e+00
0.000000000000000000e+00,0.000000000000000000e+00,0.000000000000000000e+00,0.000000000000000000e+00,0.000000000000000000e+00,0.000000000000000000e+00
0.000000000000000000e+00,0.000000000000000000e+00,0.000000000000000000e+00,0.000000000000000000e+00,0.000000000000000000e+00,0.000000000000000000e+00
0.000000000000000000e+00,0.000000000000000000e+00,0.000000000000000000e+00,0.000000000000000000e+00,0.000000000000000000e+00,0.000000000000000000e+00
0.000000000000000000e+00,0.000000000000000000e+00,0.000000000000000000e+00,0.000000000000000000e+00,0.000000000000000000e+00,0.000000000000000000e+00
0.000000000000000000e+00,0.000000000000000000e+00,0.000000000000000000e+00,0.000000000000000000e+00,0.000000000000000000e+00,0.000000000000000000e+00
0.000000000000000000e+00,0.000000000000000000e+00,0.000000000000000000e+00,0.000000000000000000e+00,0.000000000000000000e+00,0.000000000000000000e+00
0.000000000000000000e+00,0.000000000000000000e+00,0.000000000000000000e+00,0.000000000000000000e+00,0.000000000000000000e+00,0.000000000000000000e+00
0.000000000000000000e+00,0.000000000000000000e+00,0.000000000000000000e+00,0.000000000000000000e+00,0.000000000000000000e+00,0.000000000000000000e+00
0.000000000000000000e+00,0.000000000000000000e+00,0.000000000000000000e+00,0.000000000000000000e+00,0.000000000000000000e+00,0.000000000000000000e+00
0.000000000000000000e+00,0.000000000000000000e+00,0.000000000000000000e+00,0.000000000000000000e+00,0.000000000000000000e+00,0.000000000000000000e+00
0.000000000000000000e+00,0.000000000000000000e+00,0.000000000000000000e+00,0.000000000000000000e+00,0.000000000000000000e+00,0.000000000000000000e+00
0.000000000000000000e+00,0.000000000000000000e+00,0.000000000000000000e+00,0.000000000000000000e+00,0.000000000000000000e+00,0.000000000000000000e+00
0.000000000000000000e+00,0.000000000000000000e+00,0.000000000000000000e+00,0.000000000000000000e+00,0.000000000000000000e+00,0.000000000000000000e+00
0.000000000000000000e+00,0.000000000000000000e+00,0.000000000000000000e+00,0.000000000000000000e+00,0.000000000000000000e+00,0.000000000000000000e+00
0.000000000000000000e+00,0.000000000000000000e+00,0.000000000000000000e+00,0.000000000000000000e+00,0.000000000000000000e+00,0.000000000000000000e+00
0.000000000000000000e+00,0.000000000000000000e+00,0.000000000000000000e+00,0.000000000000000000e+00,0.000000000000000000e+00,0.000000000000000000e+00
0.000000000000000000e+00,0.000000000000000000e+00,0.000000000000000000e+00,0.000000000000000000e+00,0.000000000000000000e+00,0.000000000000000000e+00
0.000000000000000000e+00,0.000000000000000000e+00,0.000000000000000000e+00,0.000000000000000000e+00,0.000000000000000000e+00,0.000000000000000000e+00
0.000000000000000000e+00,0.000000000000000000e+00,0.000000000000000000e+00,0.000000000000000000e+00,0.000000000000000000e+00,0.000000000000000000e+00
0.000000000000000000e+00,0.000000000000000000e+00,0.000000000000000000e+00,0.000000000000000000e+00,0.000000000000000000e+00,0.000000000000000000e+00
0.000000000000000000e+00,0.000000000000000000e+00,0.000000000000000000e+00,0.000000000000000000e+00,0.000000000000000000e+00,0.000000000000000000e+00
0.000000000000000000e+00,0.000000000000000000e+00,0.000000000000000000e+00,0.000000000000000000e+00,0.000000000000000000e+00,0.000000000000000000e+00
0.000000000000000000e+00,0.000000000000000000e+00,0.000000000000000000e+00,0.000000000000000000e+00,0.000000000000000000e+00,0.000000000000000000e+00
0.000000000000000000e+00,0.000000000000000000e+00,0.000000000000000000e+00,0.000000000000000000e+00,0.000000000000000000e+00,0.000000000000000000e+00
0.000000000000000000e+00,0.000000000000000000e+00,0.000000000000000000e+00,0.000000000000000000e+00,0.000000000000000000e+00,0.000000000000000000e+00
0.000000000000000000e+00,0.000000000000000000e+00,0.000000000000000000e+00,0.000000000000000000e+00,0.000000000000000000e+00,0.000000000000000000e+00
0.000000000000000000e+00,0.000000000000000000e+00,0.000000000000000000e+00,0.000000000000000000e+00,0.000000000000000000e+00,0.000000000000000000e+00
0.000000000000000000e+00,0.000000000000000000e+00,0.000000000000000000e+00,0.000000000000000000e+00,0.000000000000000000e+00,0.000000000000000000e+00
0.000000000000000000e+00,0.000000000000000000e+00,0.000000000000000000e+00,0.000000000000000000e+00,0.000000000000000000e+00,0.000000000000000000e+00
0.000000000000000000e+00,0.000000000000000000e+00,0.000000000000000000e+00,0.000000000000000000e+00,0.000000000000000000e+00,0.000000000000000000e+00
0.000000000000000000e+00,0.000000000000000000e+00,0.000000000000000000e+00,0.000000000000000000e+00,0.000000000000000000e+00,0.000000000000000000e+00
0.000000000000000000e+00,0.000000000000000000e+00,0.000000000000000000e+00,0.000000000000000000e+00,0.000000000000000000e+00,0.000000000000000000e+00
0.000000000000000000e+00,0.000000000000000000e+00,0.000000000000000000e+00,0.000000000000000000e+00,0.000000000000000000e+00,0.000000000000000000e+00
0.000000000000000000e+00,0.000000000000000000e+00,0.000000000000000000e+00,0.000000000000000000e+00,0.000000000000000000e+00,0.000000000000000000e+00
0.000000000000000000e+00,0.000000000000000000e+00,0.000000000000000000e+00,0.000000000000000000e+00,0.000000000000000000e+00,0.000000000000000000e+00
0.000000000000000000e+00,0.000000000000000000e+00,0.000000000000000000e+00,0.000000000000000000e+00,0.000000000000000000e+00,0.000000000000000000e+00
0.000000000000000000e+00,0.000000000000000000e+00,0.000000000000000000e+00,0.000000000000000000e+00,0.000000000000000000e+00,0.000000000000000000e+00
0.000000000000000000e+00,0.000000000000000000e+00,0.000000000000000000e+00,0.000000000000000000e+00,0.000000000000000000e+00,0.000000000000000000e+00
0.000000000000000000e+00,0.000000000000000000e+00,0.000000000000000000e+00,0.000000000000000000e+00,0.000000000000000000e+00,0.000000000000000000e+00
0.000000000000000000e+00,0.000000000000000000e+00,0.000000000000000000e+00,0.000000000000000000e+00,0.000000000000000000e+00,0.000000000000000000e+00
0.000000000000000000e+00,0.000000000000000000e+00,0.000000000000000000e+00,0.000000000000000000e+00,0.000000000000000000e+00,0.000000000000000000e+00
0.000000000000000000e+00,0.000000000000000000e+00,0.000000000000000000e+00,0.000000000000000000e+00,0.000000000000000000e+00,0.000000000000000000e+00
0.000000000000000000e+00,0.000000000000000000e+00,0.000000000000000000e+00,0.000000000000000000e+00,0.000000000000000000e+00,0.000000000000000000e+00
0.000000000000000000e+00,0.000000000000000000e+00,0.000000000000000000e+00,0.000000000000000000e+00,0.000000000000000000e+00,0.000000000000000000e+00
0.000000000000000000e+00,0.000000000000000000e+00,0.000000000000000000e+00,0.000000000000000000e+00,0.000000000000000000e+00,0.000000000000000000e+00
0.000000000000000000e+00,0.000000000000000000e+00,0.000000000000000000e+00,0.000000000000000000e+00,0.000000000000000000e+00,0.000000000000000000e+00
0.000000000000000000e+00,0.000000000000000000e+00,0.000000000000000000e+00,0.000000000000000000e+00,0.000000000000000000e+00,0.000000000000000000e+00
0.000000000000000000e+00,0.000000000000000000e+00,0.000000000000000000e+00,0.000000000000000000e+00,0.000000000000000000e+00,0.000000000000000000e+00
0.000000000000000000e+00,0.000000000000000000e+00,0.000000000000000000e+00,0.000000000000000000e+00,0.000000000000000000e+00,0.000000000000000000e+00
0.000000000000000000e+00,0.000000000000000000e+00,0.000000000000000000e+00,0.000000000000000000e+00,0.000000000000000000e+00,0.000000000000000000e+00
0.000000000000000000e+00,0.000000000000000000e+00,0.000000000000000000e+00,0.000000000000000000e+00,0.000000000000000000e+00,0.000000000000000000e+00
0.000000000000000000e+00,0.000000000000000000e+00,0.000000000000000000e+00,0.000000000000000000e+00,0.000000000000000000e+00,0.000000000000000000e+00
0.000000000000000000e+00,0.000000000000000000e+00,0.000000000000000000e+00,0.000000000000000000e+00,0.000000000000000000e+00,0.000000000000000000e+00
0.000000000000000000e+00,0.000000000000000000e+00,0.000000000000000000e+00,0.000000000000000000e+00,0.000000000000000000e+00,0.000000000000000000e+00
0.000000000000000000e+00,0.000000000000000000e+00,0.000000000000000000e+00,0.000000000000000000e+00,0.000000000000000000e+00,0.000000000000000000e+00
0.000000000000000000e+00,0.000000000000000000e+00,0.000000000000000000e+00,0.000000000000000000e+00,0.000000000000000000e+00,0.000000000000000000e+00
0.000000000000000000e+00,0.000000000000000000e+00,0.000000000000000000e+00,0.000000000000000000e+00,0.000000000000000000e+00,0.000000000000000000e+00
0.000000000000000000e+00,0.000000000000000000e+00,0.000000000000000000e+00,0.000000000000000000e+00,0.000000000000000000e+00,0.000000000000000000e+00
0.000000000000000000e+00,0.000000000000000000e+00,0.000000000000000000e+00,0.000000000000000000e+00,0.000000000000000000e+00,0.000000000000000000e+00
0.000000000000000000e+00,0.000000000000000000e+00,0.000000000000000000e+00,0.000000000000000000e+00,0.000000000000000000e+00,0.000000000000000000e+00
0.000000000000000000e+00,0.000000000000000000e+00,0.000000000000000000e+00,0.000000000000000000e+00,0.000000000000000000e+00,0.000000000000000000e+00
0.000000000000000000e+00,0.000000000000000000e+00,0.000000000000000000e+00,0.000000000000000000e+00,0.000000000000000000e+00,0.000000000000000000e+00
0.000000000000000000e+00,0.000000000000000000e+00,0.000000000000000000e+00,0.000000000000000000e+00,0.000000000000000000e+00,0.000000000000000000e+00
0.000000000000000000e+00,0.000000000000000000e+00,0.000000000000000000e+00,0.000000000000000000e+00,0.000000000000000000e+00,0.000000000000000000e+00
0.000000000000000000e+00,0.000000000000000000e+00,0.000000000000000000e+00,0.000000000000000000e+00,0.000000000000000000e+00,0.000000000000000000e+00
0.000000000000000000e+00,0.000000000000000000e+00,0.000000000000000000e+00,0.000000000000000000e+00,0.000000000000000000e+00,0.000000000000000000e+00
0.000000000000000000e+00,0.000000000000000000e+00,0.000000000000000000e+00,0.000000000000000000e+00,0.000000000000000000e+00,0.000000000000000000e+00
0.000000000000000000e+00,0.000000000000000000e+00,0.000000000000000000e+00,0.000000000000000000e+00,0.000000000000000000e+00,0.000000000000000000e+00
0.000000000000000000e+00,0.000000000000000000e+00,0.000000000000000000e+00,0.000000000000000000e+00,0.000000000000000000e+00,0.000000000000000000e+00
0.000000000000000000e+00,0.000000000000000000e+00,0.000000000000000000e+00,0.000000000000000000e+00,0.000000000000000000e+00,0.000000000000000000e+00
0.000000000000000000e+00,0.000000000000000000e+00,0.000000000000000000e+00,0.000000000000000000e+00,0.000000000000000000e+00,0.000000000000000000e+00
0.000000000000000000e+00,0.000000000000000000e+00,0.000000000000000000e+00,0.000000000000000000e+00,0.000000000000000000e+00,0.000000000000000000e+00
0.000000000000000000e+00,0.000000000000000000e+00,0.000000000000000000e+00,0.000000000000000000e+00,0.000000000000000000e+00,0.000000000000000000e+00
0.000000000000000000e+00,0.000000000000000000e+00,0.000000000000000000e+00,0.000000000000000000e+00,0.000000000000000000e+00,0.000000000000000000e+00
0.000000000000000000e+00,0.000000000000000000e+00,0.000000000000000000e+00,0.000000000000000000e+00,0.000000000000000000e+00,0.000000000000000000e+00
0.000000000000000000e+00,0.000000000000000000e+00,0.000000000000000000e+00,0.000000000000000000e+00,0.000000000000000000e+00,0.000000000000000000e+00
0.000000000000000000e+00,0.000000000000000000e+00,0.000000000000000000e+00,0.000000000000000000e+00,0.000000000000000000e+00,0.000000000000000000e+00
0.000000000000000000e+00,0.000000000000000000e+00,0.000000000000000000e+00,0.000000000000000000e+00,0.000000000000000000e+00,0.000000000000000000e+00
0.000000000000000000e+00,0.000000000000000000e+00,0.000000000000000000e+00,0.000000000000000000e+00,0.000000000000000000e+00,0.000000000000000000e+00
0.000000000000000000e+00,0.000000000000000000e+00,0.000000000000000000e+00,0.000000000000000000e+00,0.000000000000000000e+00,0.000000000000000000e+00
0.000000000000000000e+00,0.000000000000000000e+00,0.000000000000000000e+00,0.000000000000000000e+00,0.000000000000000000e+00,0.000000000000000000e+00
0.000000000000000000e+00,0.000000000000000000e+00,0.000000000000000000e+00,0.000000000000000000e+00,0.000000000000000000e+00,0.000000000000000000e+00
0.000000000000000000e+00,0.000000000000000000e+00,0.000000000000000000e+00,0.000000000000000000e+00,0.000000000000000000e+00,0.000000000000000000e+00
0.000000000000000000e+00,0.000000000000000000e+00,0.000000000000000000e+00,0.000000000000000000e+00,0.000000000000000000e+00,0.000000000000000000e+00
0.000000000000000000e+00,0.000000000000000000e+00,0.000000000000000000e+00,0.000000000000000000e+00,0.000000000000000000e+00,0.000000000000000000e+00
0.000000000000000000e+00,0.000000000000000000e+00,0.000000000000000000e+00,0.000000000000000000e+00,0.000000000000000000e+00,0.000000000000000000e+00
0.000000000000000000e+00,0.000000000000000000e+00,0.000000000000000000e+00,0.000000000000000000e+00,0.000000000000000000e+00,0.000000000000000000e+00
0.000000000000000000e+00,0.000000000000000000e+00,0.000000000000000000e+00,0.000000000000000000e+00,0.000000000000000000e+00,0.000000000000000000e+00
0.000000000000000000e+00,0.000000000000000000e+00,0.000000000000000000e+00,0.000000000000000000e+00,0.000000000000000000e+00,0.000000000000000000e+00
0.000000000000000000e+00,0.000000000000000000e+00,0.000000000000000000e+00,0.000000000000000000e+00,0.000000000000000000e+00,0.000000000000000000e+00
0.000000000000000000e+00,0.000000000000000000e+00,0.000000000000000000e+00,0.000000000000000000e+00,0.000000000000000000e+00,0.000000000000000000e+00
0.000000000000000000e+00,0.000000000000000000e+00,0.000000000000000000e+00,0.000000000000000000e+00,0.000000000000000000e+00,0.000000000000000000e+00
0.000000000000000000e+00,0.000000000000000000e+00,0.000000000000000000e+00,0.000000000000000000e+00,0.000000000000000000e+00,0.000000000000000000e+00
0.000000000000000000e+00,0.000000000000000000e+00,0.000000000000000000e+00,0.000000000000000000e+00,0.000000000000000000e+00,0.000000000000000000e+00
0.000000000000000000e+00,0.000000000000000000e+00,0.000000000000000000e+00,0.000000000000000000e+00,0.000000000000000000e+00,0.000000000000000000e+00
0.000000000000000000e+00,0.000000000000000000e+00,0.000000000000000000e+00,0.000000000000000000e+00,0.000000000000000000e+00,0.000000000000000000e+00
0.000000000000000000e+00,0.000000000000000000e+00,0.000000000000000000e+00,0.000000000000000000e+00,0.000000000000000000e+00,0.000000000000000000e+00
0.000000000000000000e+00,0.000000000000000000e+00,0.000000000000000000e+00,0.000000000000000000e+00,0.000000000000000000e+00,0.000000000000000000e+00
0.000000000000000000e+00,0.000000000000000000e+00,0.000000000000000000e+00,0.000000000000000000e+00,0.000000000000000000e+00,0.000000000000000000e+00
0.000000000000000000e+00,0.000000000000000000e+00,0.000000000000000000e+00,0.000000000000000000e+00,0.000000000000000000e+00,0.000000000000000000e+00
0.000000000000000000e+00,0.000000000000000000e+00,0.000000000000000000e+00,0.000000000000000000e+00,0.000000000000000000e+00,0.000000000000000000e+00
0.000000000000000000e+00,0.000000000000000000e+00,0.000000000000000000e+00,0.000000000000000000e+00,0.000000000000000000e+00,0.000000000000000000e+00
0.000000000000000000e+00,0.000000000000000000e+00,0.000000000000000000e+00,0.000000000000000000e+00,0.000000000000000000e+00,0.000000000000000000e+00
0.000000000000000000e+00,0.000000000000000000e+00,0.000000000000000000e+00,0.000000000000000000e+00,0.000000000000000000e+00,0.000000000000000000e+00
0.000000000000000000e+00,0.000000000000000000e+00,0.000000000000000000e+00,0.000000000000000000e+00,0.000000000000000000e+00,0.000000000000000000e+00
0.000000000000000000e+00,0.000000000000000000e+00,0.000000000000000000e+00,0.000000000000000000e+00,0.000000000000000000e+00,0.000000000000000000e+00
0.000000000000000000e+00,0.000000000000000000e+00,0.000000000000000000e+00,0.000000000000000000e+00,0.000000000000000000e+00,0.000000000000000000e+00
0.000000000000000000e+00,0.000000000000000000e+00,0.000000000000000000e+00,0.000000000000000000e+00,0.000000000000000000e+00,0.000000000000000000e+00
0.000000000000000000e+00,0.000000000000000000e+00,0.000000000000000000e+00,0.000000000000000000e+00,0.000000000000000000e+00,0.000000000000000000e+00
0.000000000000000000e+00,0.000000000000000000e+00,0.000000000000000000e+00,0.000000000000000000e+00,0.000000000000000000e+00,0.000000000000000000e+00
0.000000000000000000e+00,0.000000000000000000e+00,0.000000000000000000e+00,0.000000000000000000e+00,0.000000000000000000e+00,0.000000000000000000e+00
0.000000000000000000e+00,0.000000000000000000e+00,0.000000000000000000e+00,0.000000000000000000e+00,0.000000000000000000e+00,0.000000000000000000e+00
0.000000000000000000e+00,0.000000000000000000e+00,0.000000000000000000e+00,0.000000000000000000e+00,0.000000000000000000e+00,0.000000000000000000e+00
0.000000000000000000e+00,0.000000000000000000e+00,0.000000000000000000e+00,0.000000000000000000e+00,0.000000000000000000e+00,0.000000000000000000e+00
0.000000000000000000e+00,0.000000000000000000e+00,0.000000000000000000e+00,0.000000000000000000e+00,0.000000000000000000e+00,0.000000000000000000e+00
0.000000000000000000e+00,0.000000000000000000e+00,0.000000000000000000e+00,0.000000000000000000e+00,0.000000000000000000e+00,0.000000000000000000e+00
0.000000000000000000e+00,0.000000000000000000e+00,0.000000000000000000e+00,0.000000000000000000e+00,0.000000000000000000e+00,0.000000000000000000e+00
0.000000000000000000e+00,0.000000000000000000e+00,0.000000000000000000e+00,0.000000000000000000e+00,0.000000000000000000e+00,0.000000000000000000e+00
0.000000000000000000e+00,0.000000000000000000e+00,0.000000000000000000e+00,0.000000000000000000e+00,0.000000000000000000e+00,0.000000000000000000e+00
0.000000000000000000e+00,0.000000000000000000e+00,0.000000000000000000e+00,0.000000000000000000e+00,0.000000000000000000e+00,0.000000000000000000e+00
0.000000000000000000e+00,0.000000000000000000e+00,0.000000000000000000e+00,0.000000000000000000e+00,0.000000000000000000e+00,0.000000000000000000e+00
0.000000000000000000e+00,0.000000000000000000e+00,0.000000000000000000e+00,0.000000000000000000e+00,0.000000000000000000e+00,0.000000000000000000e+00
0.000000000000000000e+00,0.000000000000000000e+00,0.000000000000000000e+00,0.000000000000000000e+00,0.000000000000000000e+00,0.000000000000000000e+00
0.000000000000000000e+00,0.000000000000000000e+00,0.000000000000000000e+00,0.000000000000000000e+00,0.000000000000000000e+00,0.000000000000000000e+00
0.000000000000000000e+00,0.000000000000000000e+00,0.000000000000000000e+00,0.000000000000000000e+00,0.000000000000000000e+00,0.000000000000000000e+00
0.000000000000000000e+00,0.000000000000000000e+00,0.000000000000000000e+00,0.000000000000000000e+00,0.000000000000000000e+00,0.000000000000000000e+00
0.000000000000000000e+00,0.000000000000000000e+00,0.000000000000000000e+00,0.000000000000000000e+00,0.000000000000000000e+00,0.000000000000000000e+00
0.000000000000000000e+00,0.000000000000000000e+00,0.000000000000000000e+00,0.000000000000000000e+00,0.000000000000000000e+00,0.000000000000000000e+00
0.000000000000000000e+00,0.000000000000000000e+00,0.000000000000000000e+00,0.000000000000000000e+00,0.000000000000000000e+00,0.000000000000000000e+00
0.000000000000000000e+00,0.000000000000000000e+00,0.000000000000000000e+00,0.000000000000000000e+00,0.000000000000000000e+00,0.000000000000000000e+00
0.000000000000000000e+00,0.000000000000000000e+00,0.000000000000000000e+00,0.000000000000000000e+00,0.000000000000000000e+00,0.000000000000000000e+00
0.000000000000000000e+00,0.000000000000000000e+00,0.000000000000000000e+00,0.000000000000000000e+00,0.000000000000000000e+00,0.000000000000000000e+00
0.000000000000000000e+00,0.000000000000000000e+00,0.000000000000000000e+00,0.000000000000000000e+00,0.000000000000000000e+00,0.000000000000000000e+00
0.000000000000000000e+00,0.000000000000000000e+00,0.000000000000000000e+00,0.000000000000000000e+00,0.000000000000000000e+00,0.000000000000000000e+00
0.000000000000000000e+00,0.000000000000000000e+00,0.000000000000000000e+00,0.000000000000000000e+00,0.000000000000000000e+00,0.000000000000000000e+00
0.000000000000000000e+00,0.000000000000000000e+00,0.000000000000000000e+00,0.000000000000000000e+00,0.000000000000000000e+00,0.000000000000000000e+00
0.000000000000000000e+00,0.000000000000000000e+00,0.000000000000000000e+00,0.000000000000000000e+00,0.000000000000000000e+00,0.000000000000000000e+00
0.000000000000000000e+00,0.000000000000000000e+00,0.000000000000000000e+00,0.000000000000000000e+00,0.000000000000000000e+00,0.000000000000000000e+00
0.000000000000000000e+00,0.000000000000000000e+00,0.000000000000000000e+00,0.000000000000000000e+00,0.000000000000000000e+00,0.000000000000000000e+00
0.000000000000000000e+00,0.000000000000000000e+00,0.000000000000000000e+00,0.000000000000000000e+00,0.000000000000000000e+00,0.000000000000000000e+00
0.000000000000000000e+00,0.000000000000000000e+00,0.000000000000000000e+00,0.000000000000000000e+00,0.000000000000000000e+00,0.000000000000000000e+00
0.000000000000000000e+00,0.000000000000000000e+00,0.000000000000000000e+00,0.000000000000000000e+00,0.000000000000000000e+00,0.000000000000000000e+00
0.000000000000000000e+00,0.000000000000000000e+00,0.000000000000000000e+00,0.000000000000000000e+00,0.000000000000000000e+00,0.000000000000000000e+00
0.000000000000000000e+00,0.000000000000000000e+00,0.000000000000000000e+00,0.000000000000000000e+00,0.000000000000000000e+00,0.000000000000000000e+00
0.000000000000000000e+00,0.000000000000000000e+00,0.000000000000000000e+00,0.000000000000000000e+00,0.000000000000000000e+00,0.000000000000000000e+00
0.000000000000000000e+00,0.000000000000000000e+00,0.000000000000000000e+00,0.000000000000000000e+00,0.000000000000000000e+00,0.000000000000000000e+00
0.000000000000000000e+00,0.000000000000000000e+00,0.000000000000000000e+00,0.000000000000000000e+00,0.000000000000000000e+00,0.000000000000000000e+00
0.000000000000000000e+00,0.000000000000000000e+00,0.000000000000000000e+00,0.000000000000000000e+00,0.000000000000000000e+00,0.000000000000000000e+00
0.000000000000000000e+00,0.000000000000000000e+00,0.000000000000000000e+00,0.000000000000000000e+00,0.000000000000000000e+00,0.000000000000000000e+00
0.000000000000000000e+00,0.000000000000000000e+00,0.000000000000000000e+00,0.000000000000000000e+00,0.000000000000000000e+00,0.000000000000000000e+00
0.000000000000000000e+00,0.000000000000000000e+00,0.000000000000000000e+00,0.000000000000000000e+00,0.000000000000000000e+00,0.000000000000000000e+00
0.000000000000000000e+00,0.000000000000000000e+00,0.000000000000000000e+00,0.000000000000000000e+00,0.000000000000000000e+00,0.000000000000000000e+00
0.000000000000000000e+00,0.000000000000000000e+00,0.000000000000000000e+00,0.000000000000000000e+00,0.000000000000000000e+00,0.000000000000000000e+00
0.000000000000000000e+00,0.000000000000000000e+00,0.000000000000000000e+00,0.000000000000000000e+00,0.000000000000000000e+00,0.000000000000000000e+00
0.000000000000000000e+00,0.000000000000000000e+00,0.000000000000000000e+00,0.000000000000000000e+00,0.000000000000000000e+00,0.000000000000000000e+00
0.000000000000000000e+00,0.000000000000000000e+00,0.000000000000000000e+00,0.000000000000000000e+00,0.000000000000000000e+00,0.000000000000000000e+00
0.000000000000000000e+00,0.000000000000000000e+00,0.000000000000000000e+00,0.000000000000000000e+00,0.000000000000000000e+00,0.000000000000000000e+00
0.000000000000000000e+00,0.000000000000000000e+00,0.000000000000000000e+00,0.000000000000000000e+00,0.000000000000000000e+00,0.000000000000000000e+00
0.000000000000000000e+00,0.000000000000000000e+00,0.000000000000000000e+00,0.000000000000000000e+00,0.000000000000000000e+00,0.000000000000000000e+00
0.000000000000000000e+00,0.000000000000000000e+00,0.000000000000000000e+00,0.000000000000000000e+00,0.000000000000000000e+00,0.000000000000000000e+00
0.000000000000000000e+00,0.000000000000000000e+00,0.000000000000000000e+00,0.000000000000000000e+00,0.000000000000000000e+00,0.000000000000000000e+00
0.000000000000000000e+00,0.000000000000000000e+00,0.000000000000000000e+00,0.000000000000000000e+00,0.000000000000000000e+00,0.000000000000000000e+00
0.000000000000000000e+00,0.000000000000000000e+00,0.000000000000000000e+00,0.000000000000000000e+00,0.000000000000000000e+00,0.000000000000000000e+00
0.000000000000000000e+00,0.000000000000000000e+00,0.000000000000000000e+00,0.000000000000000000e+00,0.000000000000000000e+00,0.000000000000000000e+00
0.000000000000000000e+00,0.000000000000000000e+00,0.000000000000000000e+00,0.000000000000000000e+00,0.000000000000000000e+00,0.000000000000000000e+00
0.000000000000000000e+00,0.000000000000000000e+00,0.000000000000000000e+00,0.000000000000000000e+00,0.000000000000000000e+00,0.000000000000000000e+00
0.000000000000000000e+00,0.000000000000000000e+00,0.000000000000000000e+00,0.000000000000000000e+00,0.000000000000000000e+00,0.000000000000000000e+00
0.000000000000000000e+00,0.000000000000000000e+00,0.000000000000000000e+00,0.000000000000000000e+00,0.000000000000000000e+00,0.000000000000000000e+00
0.000000000000000000e+00,0.000000000000000000e+00,0.000000000000000000e+00,0.000000000000000000e+00,0.000000000000000000e+00,0.000000000000000000e+00
0.000000000000000000e+00,0.000000000000000000e+00,0.000000000000000000e+00,0.000000000000000000e+00,0.000000000000000000e+00,0.000000000000000000e+00
0.000000000000000000e+00,0.000000000000000000e+00,0.000000000000000000e+00,0.000000000000000000e+00,0.000000000000000000e+00,0.000000000000000000e+00
0.000000000000000000e+00,0.000000000000000000e+00,0.000000000000000000e+00,0.000000000000000000e+00,0.000000000000000000e+00,0.000000000000000000e+00
0.000000000000000000e+00,0.000000000000000000e+00,0.000000000000000000e+00,0.000000000000000000e+00,0.000000000000000000e+00,0.000000000000000000e+00
0.000000000000000000e+00,0.000000000000000000e+00,0.000000000000000000e+00,0.000000000000000000e+00,0.000000000000000000e+00,0.000000000000000000e+00
0.000000000000000000e+00,0.000000000000000000e+00,0.000000000000000000e+00,0.000000000000000000e+00,0.000000000000000000e+00,0.000000000000000000e+00
0.000000000000000000e+00,0.000000000000000000e+00,0.000000000000000000e+00,0.000000000000000000e+00,0.000000000000000000e+00,0.000000000000000000e+00
0.000000000000000000e+00,0.000000000000000000e+00,0.000000000000000000e+00,0.000000000000000000e+00,0.000000000000000000e+00,0.000000000000000000e+00
0.000000000000000000e+00,0.000000000000000000e+00,0.000000000000000000e+00,0.000000000000000000e+00,0.000000000000000000e+00,0.000000000000000000e+00
0.000000000000000000e+00,0.000000000000000000e+00,0.000000000000000000e+00,0.000000000000000000e+00,0.000000000000000000e+00,0.000000000000000000e+00
0.000000000000000000e+00,0.000000000000000000e+00,0.000000000000000000e+00,0.000000000000000000e+00,0.000000000000000000e+00,0.000000000000000000e+00
0.000000000000000000e+00,0.000000000000000000e+00,0.000000000000000000e+00,0.000000000000000000e+00,0.000000000000000000e+00,0.000000000000000000e+00
0.000000000000000000e+00,0.000000000000000000e+00,0.000000000000000000e+00,0.000000000000000000e+00,0.000000000000000000e+00,0.000000000000000000e+00
0.000000000000000000e+00,0.000000000000000000e+00,0.000000000000000000e+00,0.000000000000000000e+00,0.000000000000000000e+00,0.000000000000000000e+00
0.000000000000000000e+00,0.000000000000000000e+00,0.000000000000000000e+00,0.000000000000000000e+00,0.000000000000000000e+00,0.000000000000000000e+00
0.000000000000000000e+00,0.000000000000000000e+00,0.000000000000000000e+00,0.000000000000000000e+00,0.000000000000000000e+00,0.000000000000000000e+00
0.000000000000000000e+00,0.000000000000000000e+00,0.000000000000000000e+00,0.000000000000000000e+00,0.000000000000000000e+00,0.000000000000000000e+00
0.000000000000000000e+00,0.000000000000000000e+00,0.000000000000000000e+00,0.000000000000000000e+00,0.000000000000000000e+00,0.000000000000000000e+00
0.000000000000000000e+00,0.000000000000000000e+00,0.000000000000000000e+00,0.000000000000000000e+00,0.000000000000000000e+00,0.000000000000000000e+00
0.000000000000000000e+00,0.000000000000000000e+00,0.000000000000000000e+00,0.000000000000000000e+00,0.000000000000000000e+00,0.000000000000000000e+00
0.000000000000000000e+00,0.000000000000000000e+00,0.000000000000000000e+00,0.000000000000000000e+00,0.000000000000000000e+00,0.000000000000000000e+00
0.000000000000000000e+00,0.000000000000000000e+00,0.000000000000000000e+00,0.000000000000000000e+00,0.000000000000000000e+00,0.000000000000000000e+00
0.000000000000000000e+00,0.000000000000000000e+00,0.000000000000000000e+00,0.000000000000000000e+00,0.000000000000000000e+00,0.000000000000000000e+00
0.000000000000000000e+00,0.000000000000000000e+00,0.000000000000000000e+00,0.000000000000000000e+00,0.000000000000000000e+00,0.000000000000000000e+00
0.000000000000000000e+00,0.000000000000000000e+00,0.000000000000000000e+00,0.000000000000000000e+00,0.000000000000000000e+00,0.000000000000000000e+00
0.000000000000000000e+00,0.000000000000000000e+00,0.000000000000000000e+00,0.000000000000000000e+00,0.000000000000000000e+00,0.000000000000000000e+00
0.000000000000000000e+00,0.000000000000000000e+00,0.000000000000000000e+00,0.000000000000000000e+00,0.000000000000000000e+00,0.000000000000000000e+00
0.000000000000000000e+00,0.000000000000000000e+00,0.000000000000000000e+00,0.000000000000000000e+00,0.000000000000000000e+00,0.000000000000000000e+00
0.000000000000000000e+00,0.000000000000000000e+00,0.000000000000000000e+00,0.000000000000000000e+00,0.000000000000000000e+00,0.000000000000000000e+00
0.000000000000000000e+00,0.000000000000000000e+00,0.000000000000000000e+00,0.000000000000000000e+00,0.000000000000000000e+00,0.000000000000000000e+00
0.000000000000000000e+00,0.000000000000000000e+00,0.000000000000000000e+00,0.000000000000000000e+00,0.000000000000000000e+00,0.000000000000000000e+00
0.000000000000000000e+00,0.000000000000000000e+00,0.000000000000000000e+00,0.000000000000000000e+00,0.000000000000000000e+00,0.000000000000000000e+00
0.000000000000000000e+00,0.000000000000000000e+00,0.000000000000000000e+00,0.000000000000000000e+00,0.000000000000000000e+00,0.000000000000000000e+00
0.000000000000000000e+00,0.000000000000000000e+00,0.000000000000000000e+00,0.000000000000000000e+00,0.000000000000000000e+00,0.000000000000000000e+00
0.000000000000000000e+00,0.000000000000000000e+00,0.000000000000000000e+00,0.000000000000000000e+00,0.000000000000000000e+00,0.000000000000000000e+00
0.000000000000000000e+00,0.000000000000000000e+00,0.000000000000000000e+00,0.000000000000000000e+00,0.000000000000000000e+00,0.000000000000000000e+00
0.000000000000000000e+00,0.000000000000000000e+00,0.000000000000000000e+00,0.000000000000000000e+00,0.000000000000000000e+00,0.000000000000000000e+00
0.000000000000000000e+00,0.000000000000000000e+00,0.000000000000000000e+00,0.000000000000000000e+00,0.000000000000000000e+00,0.000000000000000000e+00
0.000000000000000000e+00,0.000000000000000000e+00,0.000000000000000000e+00,0.000000000000000000e+00,0.000000000000000000e+00,0.000000000000000000e+00
0.000000000000000000e+00,0.000000000000000000e+00,0.000000000000000000e+00,0.000000000000000000e+00,0.000000000000000000e+00,0.000000000000000000e+00
0.000000000000000000e+00,0.000000000000000000e+00,0.000000000000000000e+00,0.000000000000000000e+00,0.000000000000000000e+00,0.000000000000000000e+00
0.000000000000000000e+00,0.000000000000000000e+00,0.000000000000000000e+00,0.000000000000000000e+00,0.000000000000000000e+00,0.000000000000000000e+00
0.000000000000000000e+00,0.000000000000000000e+00,0.000000000000000000e+00,0.000000000000000000e+00,0.000000000000000000e+00,0.000000000000000000e+00
0.000000000000000000e+00,0.000000000000000000e+00,0.000000000000000000e+00,0.000000000000000000e+00,0.000000000000000000e+00,0.000000000000000000e+00
0.000000000000000000e+00,0.000000000000000000e+00,0.000000000000000000e+00,0.000000000000000000e+00,0.000000000000000000e+00,0.000000000000000000e+00
0.000000000000000000e+00,0.000000000000000000e+00,0.000000000000000000e+00,0.000000000000000000e+00,0.000000000000000000e+00,0.000000000000000000e+00
0.000000000000000000e+00,0.000000000000000000e+00,0.000000000000000000e+00,0.000000000000000000e+00,0.000000000000000000e+00,0.000000000000000000e+00
0.000000000000000000e+00,0.000000000000000000e+00,0.000000000000000000e+00,0.000000000000000000e+00,0.000000000000000000e+00,0.000000000000000000e+00
0.000000000000000000e+00,0.000000000000000000e+00,0.000000000000000000e+00,0.000000000000000000e+00,0.000000000000000000e+00,0.000000000000000000e+00
0.000000000000000000e+00,0.000000000000000000e+00,0.000000000000000000e+00,0.000000000000000000e+00,0.000000000000000000e+00,0.000000000000000000e+00
0.000000000000000000e+00,0.000000000000000000e+00,0.000000000000000000e+00,0.000000000000000000e+00,0.000000000000000000e+00,0.000000000000000000e+00
0.000000000000000000e+00,0.000000000000000000e+00,0.000000000000000000e+00,0.000000000000000000e+00,0.000000000000000000e+00,0.000000000000000000e+00
0.000000000000000000e+00,0.000000000000000000e+00,0.000000000000000000e+00,0.000000000000000000e+00,0.000000000000000000e+00,0.000000000000000000e+00
0.000000000000000000e+00,0.000000000000000000e+00,0.000000000000000000e+00,0.000000000000000000e+00,0.000000000000000000e+00,0.000000000000000000e+00
0.000000000000000000e+00,0.000000000000000000e+00,0.000000000000000000e+00,0.000000000000000000e+00,0.000000000000000000e+00,0.000000000000000000e+00
0.000000000000000000e+00,0.000000000000000000e+00,0.000000000000000000e+00,0.000000000000000000e+00,0.000000000000000000e+00,0.000000000000000000e+00
0.000000000000000000e+00,0.000000000000000000e+00,0.000000000000000000e+00,0.000000000000000000e+00,0.000000000000000000e+00,0.000000000000000000e+00
0.000000000000000000e+00,0.000000000000000000e+00,0.000000000000000000e+00,0.000000000000000000e+00,0.000000000000000000e+00,0.000000000000000000e+00
0.000000000000000000e+00,0.000000000000000000e+00,0.000000000000000000e+00,0.000000000000000000e+00,0.000000000000000000e+00,0.000000000000000000e+00
0.000000000000000000e+00,0.000000000000000000e+00,0.000000000000000000e+00,0.000000000000000000e+00,0.000000000000000000e+00,0.000000000000000000e+00
0.000000000000000000e+00,0.000000000000000000e+00,0.000000000000000000e+00,0.000000000000000000e+00,0.000000000000000000e+00,0.000000000000000000e+00
0.000000000000000000e+00,0.000000000000000000e+00,0.000000000000000000e+00,0.000000000000000000e+00,0.000000000000000000e+00,0.000000000000000000e+00
0.000000000000000000e+00,0.000000000000000000e+00,0.000000000000000000e+00,0.000000000000000000e+00,0.000000000000000000e+00,0.000000000000000000e+00
0.000000000000000000e+00,0.000000000000000000e+00,0.000000000000000000e+00,0.000000000000000000e+00,0.000000000000000000e+00,0.000000000000000000e+00
0.000000000000000000e+00,0.000000000000000000e+00,0.000000000000000000e+00,0.000000000000000000e+00,0.000000000000000000e+00,0.000000000000000000e+00
0.000000000000000000e+00,0.000000000000000000e+00,0.000000000000000000e+00,0.000000000000000000e+00,0.000000000000000000e+00,0.000000000000000000e+00
0.000000000000000000e+00,0.000000000000000000e+00,0.000000000000000000e+00,0.000000000000000000e+00,0.000000000000000000e+00,0.000000000000000000e+00
0.000000000000000000e+00,0.000000000000000000e+00,0.000000000000000000e+00,0.000000000000000000e+00,0.000000000000000000e+00,0.000000000000000000e+00
0.000000000000000000e+00,0.000000000000000000e+00,0.000000000000000000e+00,0.000000000000000000e+00,0.000000000000000000e+00,0.000000000000000000e+00
0.000000000000000000e+00,0.000000000000000000e+00,0.000000000000000000e+00,0.000000000000000000e+00,0.000000000000000000e+00,0.000000000000000000e+00
0.000000000000000000e+00,0.000000000000000000e+00,0.000000000000000000e+00,0.000000000000000000e+00,0.000000000000000000e+00,0.000000000000000000e+00
0.000000000000000000e+00,0.000000000000000000e+00,0.000000000000000000e+00,0.000000000000000000e+00,0.000000000000000000e+00,0.000000000000000000e+00
0.000000000000000000e+00,0.000000000000000000e+00,0.000000000000000000e+00,0.000000000000000000e+00,0.000000000000000000e+00,0.000000000000000000e+00
0.000000000000000000e+00,0.000000000000000000e+00,0.000000000000000000e+00,0.000000000000000000e+00,0.000000000000000000e+00,0.000000000000000000e+00
0.000000000000000000e+00,0.000000000000000000e+00,0.000000000000000000e+00,0.000000000000000000e+00,0.000000000000000000e+00,0.000000000000000000e+00
0.000000000000000000e+00,0.000000000000000000e+00,0.000000000000000000e+00,0.000000000000000000e+00,0.000000000000000000e+00,0.000000000000000000e+00
0.000000000000000000e+00,0.000000000000000000e+00,0.000000000000000000e+00,0.000000000000000000e+00,0.000000000000000000e+00,0.000000000000000000e+00
0.000000000000000000e+00,0.000000000000000000e+00,0.000000000000000000e+00,0.000000000000000000e+00,0.000000000000000000e+00,0.000000000000000000e+00
0.000000000000000000e+00,0.000000000000000000e+00,0.000000000000000000e+00,0.000000000000000000e+00,0.000000000000000000e+00,0.000000000000000000e+00
0.000000000000000000e+00,0.000000000000000000e+00,0.000000000000000000e+00,0.000000000000000000e+00,0.000000000000000000e+00,0.000000000000000000e+00
0.000000000000000000e+00,0.000000000000000000e+00,0.000000000000000000e+00,0.000000000000000000e+00,0.000000000000000000e+00,0.000000000000000000e+00
0.000000000000000000e+00,0.000000000000000000e+00,0.000000000000000000e+00,0.000000000000000000e+00,0.000000000000000000e+00,0.000000000000000000e+00
0.000000000000000000e+00,0.000000000000000000e+00,0.000000000000000000e+00,0.000000000000000000e+00,0.000000000000000000e+00,0.000000000000000000e+00
0.000000000000000000e+00,0.000000000000000000e+00,0.000000000000000000e+00,0.000000000000000000e+00,0.000000000000000000e+00,0.000000000000000000e+00
0.000000000000000000e+00,0.000000000000000000e+00,0.000000000000000000e+00,0.000000000000000000e+00,0.000000000000000000e+00,0.000000000000000000e+00
0.000000000000000000e+00,0.000000000000000000e+00,0.000000000000000000e+00,0.000000000000000000e+00,0.000000000000000000e+00,0.000000000000000000e+00
0.000000000000000000e+00,0.000000000000000000e+00,0.000000000000000000e+00,0.000000000000000000e+00,0.000000000000000000e+00,0.000000000000000000e+00
0.000000000000000000e+00,0.000000000000000000e+00,0.000000000000000000e+00,0.000000000000000000e+00,0.000000000000000000e+00,0.000000000000000000e+00
0.000000000000000000e+00,0.000000000000000000e+00,0.000000000000000000e+00,0.000000000000000000e+00,0.000000000000000000e+00,0.000000000000000000e+00
0.000000000000000000e+00,0.000000000000000000e+00,0.000000000000000000e+00,0.000000000000000000e+00,0.000000000000000000e+00,0.000000000000000000e+00
0.000000000000000000e+00,0.000000000000000000e+00,0.000000000000000000e+00,0.000000000000000000e+00,0.000000000000000000e+00,0.000000000000000000e+00
0.000000000000000000e+00,0.000000000000000000e+00,0.000000000000000000e+00,0.000000000000000000e+00,0.000000000000000000e+00,0.000000000000000000e+00
0.000000000000000000e+00,0.000000000000000000e+00,0.000000000000000000e+00,0.000000000000000000e+00,0.000000000000000000e+00,0.000000000000000000e+00
0.000000000000000000e+00,0.000000000000000000e+00,0.000000000000000000e+00,0.000000000000000000e+00,0.000000000000000000e+00,0.000000000000000000e+00
0.000000000000000000e+00,0.000000000000000000e+00,0.000000000000000000e+00,0.000000000000000000e+00,0.000000000000000000e+00,0.000000000000000000e+00
0.000000000000000000e+00,0.000000000000000000e+00,0.000000000000000000e+00,0.000000000000000000e+00,0.000000000000000000e+00,0.000000000000000000e+00
0.000000000000000000e+00,0.000000000000000000e+00,0.000000000000000000e+00,0.000000000000000000e+00,0.000000000000000000e+00,0.000000000000000000e+00
0.000000000000000000e+00,0.000000000000000000e+00,0.000000000000000000e+00,0.000000000000000000e+00,0.000000000000000000e+00,0.000000000000000000e+00
0.000000000000000000e+00,0.000000000000000000e+00,0.000000000000000000e+00,0.000000000000000000e+00,0.000000000000000000e+00,0.000000000000000000e+00
0.000000000000000000e+00,0.000000000000000000e+00,0.000000000000000000e+00,0.000000000000000000e+00,0.000000000000000000e+00,0.000000000000000000e+00
0.000000000000000000e+00,0.000000000000000000e+00,0.000000000000000000e+00,0.000000000000000000e+00,0.000000000000000000e+00,0.000000000000000000e+00
0.000000000000000000e+00,0.000000000000000000e+00,0.000000000000000000e+00,0.000000000000000000e+00,0.000000000000000000e+00,0.000000000000000000e+00
0.000000000000000000e+00,0.000000000000000000e+00,0.000000000000000000e+00,0.000000000000000000e+00,0.000000000000000000e+00,0.000000000000000000e+00
0.000000000000000000e+00,0.000000000000000000e+00,0.000000000000000000e+00,0.000000000000000000e+00,0.000000000000000000e+00,0.000000000000000000e+00
0.000000000000000000e+00,0.000000000000000000e+00,0.000000000000000000e+00,0.000000000000000000e+00,0.000000000000000000e+00,0.000000000000000000e+00
0.000000000000000000e+00,0.000000000000000000e+00,0.000000000000000000e+00,0.000000000000000000e+00,0.000000000000000000e+00,0.000000000000000000e+00
0.000000000000000000e+00,0.000000000000000000e+00,0.000000000000000000e+00,0.000000000000000000e+00,0.000000000000000000e+00,0.000000000000000000e+00
0.000000000000000000e+00,0.000000000000000000e+00,0.000000000000000000e+00,0.000000000000000000e+00,0.000000000000000000e+00,0.000000000000000000e+00
0.000000000000000000e+00,0.000000000000000000e+00,0.000000000000000000e+00,0.000000000000000000e+00,0.000000000000000000e+00,0.000000000000000000e+00
0.000000000000000000e+00,0.000000000000000000e+00,0.000000000000000000e+00,0.000000000000000000e+00,0.000000000000000000e+00,0.000000000000000000e+00
0.000000000000000000e+00,0.000000000000000000e+00,0.000000000000000000e+00,0.000000000000000000e+00,0.000000000000000000e+00,0.000000000000000000e+00
0.000000000000000000e+00,0.000000000000000000e+00,0.000000000000000000e+00,0.000000000000000000e+00,0.000000000000000000e+00,0.000000000000000000e+00
0.000000000000000000e+00,0.000000000000000000e+00,0.000000000000000000e+00,0.000000000000000000e+00,0.000000000000000000e+00,0.000000000000000000e+00
0.000000000000000000e+00,0.000000000000000000e+00,0.000000000000000000e+00,0.000000000000000000e+00,0.000000000000000000e+00,0.000000000000000000e+00
0.000000000000000000e+00,0.000000000000000000e+00,0.000000000000000000e+00,0.000000000000000000e+00,0.000000000000000000e+00,0.000000000000000000e+00
0.000000000000000000e+00,0.000000000000000000e+00,0.000000000000000000e+00,0.000000000000000000e+00,0.000000000000000000e+00,0.000000000000000000e+00
0.000000000000000000e+00,0.000000000000000000e+00,0.000000000000000000e+00,0.000000000000000000e+00,0.000000000000000000e+00,0.000000000000000000e+00
0.000000000000000000e+00,0.000000000000000000e+00,0.000000000000000000e+00,0.000000000000000000e+00,0.000000000000000000e+00,0.000000000000000000e+00
0.000000000000000000e+00,0.000000000000000000e+00,0.000000000000000000e+00,0.000000000000000000e+00,0.000000000000000000e+00,0.000000000000000000e+00
0.000000000000000000e+00,0.000000000000000000e+00,0.000000000000000000e+00,0.000000000000000000e+00,0.000000000000000000e+00,0.000000000000000000e+00
0.000000000000000000e+00,0.000000000000000000e+00,0.000000000000000000e+00,0.000000000000000000e+00,0.000000000000000000e+00,0.000000000000000000e+00
0.000000000000000000e+00,0.000000000000000000e+00,0.000000000000000000e+00,0.000000000000000000e+00,0.000000000000000000e+00,0.000000000000000000e+00
0.000000000000000000e+00,0.000000000000000000e+00,0.000000000000000000e+00,0.000000000000000000e+00,0.000000000000000000e+00,0.000000000000000000e+00
0.000000000000000000e+00,0.000000000000000000e+00,0.000000000000000000e+00,0.000000000000000000e+00,0.000000000000000000e+00,0.000000000000000000e+00
0.000000000000000000e+00,0.000000000000000000e+00,0.000000000000000000e+00,0.000000000000000000e+00,0.000000000000000000e+00,0.000000000000000000e+00
0.000000000000000000e+00,0.000000000000000000e+00,0.000000000000000000e+00,0.000000000000000000e+00,0.000000000000000000e+00,0.000000000000000000e+00
0.000000000000000000e+00,0.000000000000000000e+00,0.000000000000000000e+00,0.000000000000000000e+00,0.000000000000000000e+00,0.000000000000000000e+00
0.000000000000000000e+00,0.000000000000000000e+00,0.000000000000000000e+00,0.000000000000000000e+00,0.000000000000000000e+00,0.000000000000000000e+00
0.000000000000000000e+00,0.000000000000000000e+00,0.000000000000000000e+00,0.000000000000000000e+00,0.000000000000000000e+00,0.000000000000000000e+00
0.000000000000000000e+00,0.000000000000000000e+00,0.000000000000000000e+00,0.000000000000000000e+00,0.000000000000000000e+00,0.000000000000000000e+00
0.000000000000000000e+00,0.000000000000000000e+00,0.000000000000000000e+00,0.000000000000000000e+00,0.000000000000000000e+00,0.000000000000000000e+00
0.000000000000000000e+00,0.000000000000000000e+00,0.000000000000000000e+00,0.000000000000000000e+00,0.000000000000000000e+00,0.000000000000000000e+00
0.000000000000000000e+00,0.000000000000000000e+00,0.000000000000000000e+00,0.000000000000000000e+00,0.000000000000000000e+00,0.000000000000000000e+00
0.000000000000000000e+00,0.000000000000000000e+00,0.000000000000000000e+00,0.000000000000000000e+00,0.000000000000000000e+00,0.000000000000000000e+00
0.000000000000000000e+00,0.000000000000000000e+00,0.000000000000000000e+00,0.000000000000000000e+00,2.850000000000000000e+02,0.000000000000000000e+00
0.000000000000000000e+00,0.000000000000000000e+00,0.000000000000000000e+00,0.000000000000000000e+00,1.430000000000000000e+02,0.000000000000000000e+00
0.000000000000000000e+00,0.000000000000000000e+00,0.000000000000000000e+00,0.000000000000000000e+00,0.000000000000000000e+00,0.000000000000000000e+00
0.000000000000000000e+00,0.000000000000000000e+00,0.000000000000000000e+00,0.000000000000000000e+00,0.000000000000000000e+00,0.000000000000000000e+00
0.000000000000000000e+00,0.000000000000000000e+00,0.000000000000000000e+00,0.000000000000000000e+00,0.000000000000000000e+00,0.000000000000000000e+00
0.000000000000000000e+00,0.000000000000000000e+00,0.000000000000000000e+00,0.000000000000000000e+00,8.700000000000000000e+01,0.000000000000000000e+00
0.000000000000000000e+00,0.000000000000000000e+00,0.000000000000000000e+00,0.000000000000000000e+00,0.000000000000000000e+00,0.000000000000000000e+00
0.000000000000000000e+00,0.000000000000000000e+00,0.000000000000000000e+00,0.000000000000000000e+00,0.000000000000000000e+00,0.000000000000000000e+00
0.000000000000000000e+00,0.000000000000000000e+00,4.095000000000000000e+03,0.000000000000000000e+00,0.000000000000000000e+00,0.000000000000000000e+00
0.000000000000000000e+00,4.095000000000000000e+03,0.000000000000000000e+00,1.400000000000000000e+01,0.000000000000000000e+00,0.000000000000000000e+00
0.000000000000000000e+00,4.095000000000000000e+03,0.000000000000000000e+00,2.000000000000000000e+02,0.000000000000000000e+00,0.000000000000000000e+00
0.000000000000000000e+00,4.095000000000000000e+03,0.000000000000000000e+00,9.000000000000000000e+00,0.000000000000000000e+00,0.000000000000000000e+00
4.095000000000000000e+03,4.095000000000000000e+03,4.095000000000000000e+03,0.000000000000000000e+00,0.000000000000000000e+00,0.000000000000000000e+00
0.000000000000000000e+00,4.095000000000000000e+03,0.000000000000000000e+00,0.000000000000000000e+00,0.000000000000000000e+00,0.000000000000000000e+00
0.000000000000000000e+00,4.095000000000000000e+03,0.000000000000000000e+00,0.000000000000000000e+00,0.000000000000000000e+00,0.000000000000000000e+00
0.000000000000000000e+00,4.095000000000000000e+03,0.000000000000000000e+00,0.000000000000000000e+00,0.000000000000000000e+00,0.000000000000000000e+00
0.000000000000000000e+00,4.095000000000000000e+03,0.000000000000000000e+00,0.000000000000000000e+00,0.000000000000000000e+00,0.000000000000000000e+00
4.095000000000000000e+03,0.000000000000000000e+00,0.000000000000000000e+00,0.000000000000000000e+00,0.000000000000000000e+00,0.000000000000000000e+00
0.000000000000000000e+00,0.000000000000000000e+00,0.000000000000000000e+00,0.000000000000000000e+00,0.000000000000000000e+00,0.000000000000000000e+00
0.000000000000000000e+00,0.000000000000000000e+00,0.000000000000000000e+00,0.000000000000000000e+00,0.000000000000000000e+00,0.000000000000000000e+00
0.000000000000000000e+00,0.000000000000000000e+00,0.000000000000000000e+00,0.000000000000000000e+00,0.000000000000000000e+00,0.000000000000000000e+00
0.000000000000000000e+00,0.000000000000000000e+00,0.000000000000000000e+00,0.000000000000000000e+00,0.000000000000000000e+00,0.000000000000000000e+00
0.000000000000000000e+00,0.000000000000000000e+00,4.095000000000000000e+03,0.000000000000000000e+00,0.000000000000000000e+00,0.000000000000000000e+00
0.000000000000000000e+00,0.000000000000000000e+00,4.095000000000000000e+03,0.000000000000000000e+00,0.000000000000000000e+00,0.000000000000000000e+00
0.000000000000000000e+00,0.000000000000000000e+00,4.095000000000000000e+03,0.000000000000000000e+00,0.000000000000000000e+00,0.000000000000000000e+00
0.000000000000000000e+00,0.000000000000000000e+00,4.095000000000000000e+03,0.000000000000000000e+00,0.000000000000000000e+00,0.000000000000000000e+00
0.000000000000000000e+00,0.000000000000000000e+00,4.095000000000000000e+03,0.000000000000000000e+00,0.000000000000000000e+00,0.000000000000000000e+00
0.000000000000000000e+00,0.000000000000000000e+00,4.095000000000000000e+03,0.000000000000000000e+00,0.000000000000000000e+00,0.000000000000000000e+00
0.000000000000000000e+00,0.000000000000000000e+00,0.000000000000000000e+00,0.000000000000000000e+00,0.000000000000000000e+00,0.000000000000000000e+00
0.000000000000000000e+00,0.000000000000000000e+00,0.000000000000000000e+00,0.000000000000000000e+00,0.000000000000000000e+00,0.000000000000000000e+00
0.000000000000000000e+00,0.000000000000000000e+00,7.200000000000000000e+01,0.000000000000000000e+00,0.000000000000000000e+00,0.000000000000000000e+00
0.000000000000000000e+00,0.000000000000000000e+00,9.920000000000000000e+02,0.000000000000000000e+00,0.000000000000000000e+00,0.000000000000000000e+00
0.000000000000000000e+00,0.000000000000000000e+00,4.095000000000000000e+03,0.000000000000000000e+00,0.000000000000000000e+00,0.000000000000000000e+00
0.000000000000000000e+00,0.000000000000000000e+00,4.095000000000000000e+03,0.000000000000000000e+00,0.000000000000000000e+00,3.780000000000000000e+02
0.000000000000000000e+00,0.000000000000000000e+00,4.095000000000000000e+03,0.000000000000000000e+00,0.000000000000000000e+00,4.095000000000000000e+03
0.000000000000000000e+00,0.000000000000000000e+00,4.095000000000000000e+03,0.000000000000000000e+00,0.000000000000000000e+00,4.095000000000000000e+03
0.000000000000000000e+00,0.000000000000000000e+00,4.095000000000000000e+03,0.000000000000000000e+00,0.000000000000000000e+00,4.095000000000000000e+03
0.000000000000000000e+00,0.000000000000000000e+00,4.095000000000000000e+03,0.000000000000000000e+00,0.000000000000000000e+00,4.095000000000000000e+03
0.000000000000000000e+00,0.000000000000000000e+00,0.000000000000000000e+00,0.000000000000000000e+00,0.000000000000000000e+00,4.095000000000000000e+03
0.000000000000000000e+00,0.000000000000000000e+00,0.000000000000000000e+00,0.000000000000000000e+00,0.000000000000000000e+00,4.095000000000000000e+03
0.000000000000000000e+00,0.000000000000000000e+00,0.000000000000000000e+00,0.000000000000000000e+00,0.000000000000000000e+00,4.095000000000000000e+03
0.000000000000000000e+00,0.000000000000000000e+00,0.000000000000000000e+00,0.000000000000000000e+00,0.000000000000000000e+00,4.095000000000000000e+03
3.350000000000000000e+02,4.095000000000000000e+03,0.000000000000000000e+00,0.000000000000000000e+00,4.095000000000000000e+03,4.095000000000000000e+03
4.095000000000000000e+03,0.000000000000000000e+00,0.000000000000000000e+00,0.000000000000000000e+00,4.095000000000000000e+03,0.000000000000000000e+00
4.095000000000000000e+03,0.000000000000000000e+00,0.000000000000000000e+00,0.000000000000000000e+00,4.095000000000000000e+03,0.000000000000000000e+00
0.000000000000000000e+00,0.000000000000000000e+00,0.000000000000000000e+00,0.000000000000000000e+00,4.095000000000000000e+03,0.000000000000000000e+00
0.000000000000000000e+00,0.000000000000000000e+00,0.000000000000000000e+00,0.000000000000000000e+00,4.095000000000000000e+03,0.000000000000000000e+00
0.000000000000000000e+00,0.000000000000000000e+00,0.000000000000000000e+00,0.000000000000000000e+00,4.095000000000000000e+03,0.000000000000000000e+00
0.000000000000000000e+00,0.000000000000000000e+00,0.000000000000000000e+00,0.000000000000000000e+00,4.095000000000000000e+03,0.000000000000000000e+00
0.000000000000000000e+00,0.000000000000000000e+00,0.000000000000000000e+00,1.350000000000000000e+02,4.095000000000000000e+03,0.000000000000000000e+00
0.000000000000000000e+00,0.000000000000000000e+00,0.000000000000000000e+00,1.600000000000000000e+01,4.095000000000000000e+03,0.000000000000000000e+00
0.000000000000000000e+00,4.095000000000000000e+03,0.000000000000000000e+00,3.470000000000000000e+02,4.095000000000000000e+03,0.000000000000000000e+00
0.000000000000000000e+00,4.095000000000000000e+03,0.000000000000000000e+00,4.640000000000000000e+02,0.000000000000000000e+00,0.000000000000000000e+00
3.630000000000000000e+02,4.095000000000000000e+03,0.000000000000000000e+00,5.860000000000000000e+02,0.000000000000000000e+00,0.000000000000000000e+00
4.095000000000000000e+03,4.095000000000000000e+03,0.000000000000000000e+00,0.000000000000000000e+00,0.000000000000000000e+00,0.000000000000000000e+00
0.000000000000000000e+00,4.095000000000000000e+03,0.000000000000000000e+00,0.000000000000000000e+00,0.000000000000000000e+00,0.000000000000000000e+00
4.095000000000000000e+03,4.095000000000000000e+03,0.000000000000000000e+00,0.000000000000000000e+00,2.420000000000000000e+02,0.000000000000000000e+00
4.095000000000000000e+03,4.095000000000000000e+03,0.000000000000000000e+00,0.000000000000000000e+00,4.095000000000000000e+03,0.000000000000000000e+00
4.095000000000000000e+03,4.095000000000000000e+03,0.000000000000000000e+00,0.000000000000000000e+00,4.095000000000000000e+03,0.000000000000000000e+00
4.095000000000000000e+03,4.095000000000000000e+03,0.000000000000000000e+00,0.000000000000000000e+00,4.095000000000000000e+03,0.000000000000000000e+00
4.095000000000000000e+03,4.095000000000000000e+03,0.000000000000000000e+00,0.000000000000000000e+00,4.095000000000000000e+03,0.000000000000000000e+00
4.095000000000000000e+03,4.095000000000000000e+03,0.000000000000000000e+00,0.000000000000000000e+00,5.110000000000000000e+02,0.000000000000000000e+00
4.095000000000000000e+03,4.095000000000000000e+03,0.000000000000000000e+00,0.000000000000000000e+00,0.000000000000000000e+00,0.000000000000000000e+00
4.095000000000000000e+03,4.095000000000000000e+03,0.000000000000000000e+00,0.000000000000000000e+00,0.000000000000000000e+00,0.000000000000000000e+00
4.095000000000000000e+03,4.095000000000000000e+03,0.000000000000000000e+00,0.000000000000000000e+00,0.000000000000000000e+00,0.000000000000000000e+00
0.000000000000000000e+00,4.095000000000000000e+03,0.000000000000000000e+00,0.000000000000000000e+00,0.000000000000000000e+00,0.000000000000000000e+00
0.000000000000000000e+00,4.095000000000000000e+03,0.000000000000000000e+00,0.000000000000000000e+00,0.000000000000000000e+00,0.000000000000000000e+00
0.000000000000000000e+00,4.095000000000000000e+03,0.000000000000000000e+00,0.000000000000000000e+00,0.000000000000000000e+00,0.000000000000000000e+00
0.000000000000000000e+00,0.000000000000000000e+00,0.000000000000000000e+00,0.000000000000000000e+00,0.000000000000000000e+00,0.000000000000000000e+00
0.000000000000000000e+00,0.000000000000000000e+00,0.000000000000000000e+00,0.000000000000000000e+00,0.000000000000000000e+00,0.000000000000000000e+00
4.095000000000000000e+03,0.000000000000000000e+00,0.000000000000000000e+00,0.000000000000000000e+00,0.000000000000000000e+00,0.000000000000000000e+00
4.095000000000000000e+03,0.000000000000000000e+00,0.000000000000000000e+00,0.000000000000000000e+00,0.000000000000000000e+00,0.000000000000000000e+00
0.000000000000000000e+00,0.000000000000000000e+00,4.900000000000000000e+01,0.000000000000000000e+00,0.000000000000000000e+00,0.000000000000000000e+00
0.000000000000000000e+00,0.000000000000000000e+00,4.095000000000000000e+03,0.000000000000000000e+00,0.000000000000000000e+00,0.000000000000000000e+00
0.000000000000000000e+00,0.000000000000000000e+00,4.095000000000000000e+03,0.000000000000000000e+00,0.000000000000000000e+00,0.000000000000000000e+00
0.000000000000000000e+00,0.000000000000000000e+00,0.000000000000000000e+00,0.000000000000000000e+00,0.000000000000000000e+00,0.000000000000000000e+00
0.000000000000000000e+00,0.000000000000000000e+00,0.000000000000000000e+00,0.000000000000000000e+00,0.000000000000000000e+00,0.000000000000000000e+00
0.000000000000000000e+00,0.000000000000000000e+00,0.000000000000000000e+00,0.000000000000000000e+00,0.000000000000000000e+00,0.000000000000000000e+00
0.000000000000000000e+00,0.000000000000000000e+00,0.000000000000000000e+00,0.000000000000000000e+00,0.000000000000000000e+00,0.000000000000000000e+00
0.000000000000000000e+00,0.000000000000000000e+00,0.000000000000000000e+00,0.000000000000000000e+00,0.000000000000000000e+00,0.000000000000000000e+00
0.000000000000000000e+00,0.000000000000000000e+00,0.000000000000000000e+00,0.000000000000000000e+00,0.000000000000000000e+00,0.000000000000000000e+00
0.000000000000000000e+00,0.000000000000000000e+00,0.000000000000000000e+00,0.000000000000000000e+00,0.000000000000000000e+00,3.070000000000000000e+02
0.000000000000000000e+00,0.000000000000000000e+00,1.488000000000000000e+03,0.000000000000000000e+00,0.000000000000000000e+00,4.095000000000000000e+03
0.000000000000000000e+00,0.000000000000000000e+00,4.095000000000000000e+03,0.000000000000000000e+00,0.000000000000000000e+00,4.095000000000000000e+03
0.000000000000000000e+00,0.000000000000000000e+00,4.095000000000000000e+03,0.000000000000000000e+00,0.000000000000000000e+00,4.095000000000000000e+03
0.000000000000000000e+00,0.000000000000000000e+00,4.095000000000000000e+03,0.000000000000000000e+00,0.000000000000000000e+00,4.095000000000000000e+03
0.000000000000000000e+00,0.000000000000000000e+00,4.095000000000000000e+03,0.000000000000000000e+00,0.000000000000000000e+00,4.095000000000000000e+03
0.000000000000000000e+00,0.000000000000000000e+00,4.095000000000000000e+03,0.000000000000000000e+00,0.000000000000000000e+00,4.095000000000000000e+03
0.000000000000000000e+00,0.000000000000000000e+00,0.000000000000000000e+00,0.000000000000000000e+00,0.000000000000000000e+00,4.095000000000000000e+03
0.000000000000000000e+00,0.000000000000000000e+00,0.000000000000000000e+00,0.000000000000000000e+00,0.000000000000000000e+00,4.095000000000000000e+03
0.000000000000000000e+00,0.000000000000000000e+00,0.000000000000000000e+00,0.000000000000000000e+00,0.000000000000000000e+00,4.095000000000000000e+03
4.590000000000000000e+02,0.000000000000000000e+00,0.000000000000000000e+00,0.000000000000000000e+00,4.095000000000000000e+03,4.095000000000000000e+03
4.021000000000000000e+03,0.000000000000000000e+00,0.000000000000000000e+00,0.000000000000000000e+00,4.063000000000000000e+03,0.000000000000000000e+00
4.095000000000000000e+03,0.000000000000000000e+00,0.000000000000000000e+00,0.000000000000000000e+00,4.095000000000000000e+03,9.100000000000000000e+01
4.095000000000000000e+03,0.000000000000000000e+00,0.000000000000000000e+00,0.000000000000000000e+00,4.095000000000000000e+03,0.000000000000000000e+00
0.000000000000000000e+00,0.000000000000000000e+00,0.000000000000000000e+00,0.000000000000000000e+00,4.095000000000000000e+03,0.000000000000000000e+00
0.000000000000000000e+00,0.000000000000000000e+00,0.000000000000000000e+00,0.000000000000000000e+00,4.095000000000000000e+03,0.000000000000000000e+00
0.000000000000000000e+00,0.000000000000000000e+00,7.030000000000000000e+02,1.240000000000000000e+02,4.095000000000000000e+03,0.000000000000000000e+00
0.000000000000000000e+00,0.000000000000000000e+00,3.360000000000000000e+02,3.410000000000000000e+02,4.095000000000000000e+03,0.000000000000000000e+00
0.000000000000000000e+00,0.000000000000000000e+00,0.000000000000000000e+00,4.620000000000000000e+02,4.095000000000000000e+03,0.000000000000000000e+00
0.000000000000000000e+00,0.000000000000000000e+00,0.000000000000000000e+00,1.010000000000000000e+02,4.095000000000000000e+03,0.000000000000000000e+00
0.000000000000000000e+00,0.000000000000000000e+00,0.000000000000000000e+00,0.000000000000000000e+00,4.095000000000000000e+03,0.000000000000000000e+00
0.000000000000000000e+00,0.000000000000000000e+00,0.000000000000000000e+00,5.900000000000000000e+01,0.000000000000000000e+00,0.000000000000000000e+00
4.095000000000000000e+03,4.095000000000000000e+03,0.000000000000000000e+00,0.000000000000000000e+00,0.000000000000000000e+00,0.000000000000000000e+00
4.029000000000000000e+03,4.095000000000000000e+03,0.000000000000000000e+00,3.620000000000000000e+02,0.000000000000000000e+00,0.000000000000000000e+00
4.095000000000000000e+03,4.095000000000000000e+03,0.000000000000000000e+00,4.095000000000000000e+03,0.000000000000000000e+00,0.000000000000000000e+00
4.095000000000000000e+03,4.095000000000000000e+03,0.000000000000000000e+00,1.008000000000000000e+03,0.000000000000000000e+00,0.000000000000000000e+00
0.000000000000000000e+00,4.095000000000000000e+03,0.000000000000000000e+00,0.000000000000000000e+00,1.158000000000000000e+03,0.000000000000000000e+00
4.095000000000000000e+03,4.062000000000000000e+03,0.000000000000000000e+00,0.000000000000000000e+00,0.000000000000000000e+00,0.000000000000000000e+00
4.095000000000000000e+03,4.079000000000000000e+03,0.000000000000000000e+00,0.000000000000000000e+00,2.180000000000000000e+02,0.000000000000000000e+00
4.095000000000000000e+03,4.095000000000000000e+03,0.000000000000000000e+00,1.750000000000000000e+02,0.000000000000000000e+00,0.000000000000000000e+00
4.095000000000000000e+03,4.095000000000000000e+03,0.000000000000000000e+00,3.070000000000000000e+02,4.095000000000000000e+03,0.000000000000000000e+00
4.095000000000000000e+03,4.095000000000000000e+03,0.000000000000000000e+00,3.220000000000000000e+02,1.640000000000000000e+02,0.000000000000000000e+00
4.095000000000000000e+03,4.095000000000000000e+03,0.000000000000000000e+00,4.180000000000000000e+02,9.300000000000000000e+01,0.000000000000000000e+00
4.095000000000000000e+03,4.095000000000000000e+03,0.000000000000000000e+00,4.280000000000000000e+02,4.095000000000000000e+03,0.000000000000000000e+00
4.095000000000000000e+03,4.095000000000000000e+03,0.000000000000000000e+00,5.450000000000000000e+02,7.180000000000000000e+02,0.000000000000000000e+00
4.095000000000000000e+03,4.095000000000000000e+03,0.000000000000000000e+00,8.310000000000000000e+02,0.000000000000000000e+00,0.000000000000000000e+00
4.095000000000000000e+03,4.095000000000000000e+03,0.000000000000000000e+00,0.000000000000000000e+00,0.000000000000000000e+00,0.000000000000000000e+00
4.095000000000000000e+03,4.095000000000000000e+03,0.000000000000000000e+00,0.000000000000000000e+00,0.000000000000000000e+00,0.000000000000000000e+00
4.095000000000000000e+03,4.095000000000000000e+03,0.000000000000000000e+00,0.000000000000000000e+00,0.000000000000000000e+00,0.000000000000000000e+00
4.095000000000000000e+03,4.095000000000000000e+03,0.000000000000000000e+00,0.000000000000000000e+00,0.000000000000000000e+00,0.000000000000000000e+00
4.095000000000000000e+03,0.000000000000000000e+00,0.000000000000000000e+00,0.000000000000000000e+00,0.000000000000000000e+00,1.042000000000000000e+03
4.095000000000000000e+03,0.000000000000000000e+00,0.000000000000000000e+00,0.000000000000000000e+00,0.000000000000000000e+00,2.850000000000000000e+02
4.095000000000000000e+03,0.000000000000000000e+00,0.000000000000000000e+00,0.000000000000000000e+00,0.000000000000000000e+00,1.710000000000000000e+02
4.095000000000000000e+03,0.000000000000000000e+00,0.000000000000000000e+00,0.000000000000000000e+00,1.310000000000000000e+02,0.000000000000000000e+00
4.095000000000000000e+03,0.000000000000000000e+00,0.000000000000000000e+00,0.000000000000000000e+00,4.095000000000000000e+03,0.000000000000000000e+00
4.095000000000000000e+03,0.000000000000000000e+00,0.000000000000000000e+00,0.000000000000000000e+00,0.000000000000000000e+00,0.000000000000000000e+00
4.095000000000000000e+03,0.000000000000000000e+00,0.000000000000000000e+00,0.000000000000000000e+00,0.000000000000000000e+00,0.000000000000000000e+00
4.095000000000000000e+03,4.095000000000000000e+03,0.000000000000000000e+00,0.000000000000000000e+00,0.000000000000000000e+00,0.000000000000000000e+00
0.000000000000000000e+00,0.000000000000000000e+00,0.000000000000000000e+00,0.000000000000000000e+00,0.000000000000000000e+00,3.410000000000000000e+02
0.000000000000000000e+00,0.000000000000000000e+00,0.000000000000000000e+00,0.000000000000000000e+00,0.000000000000000000e+00,4.095000000000000000e+03
0.000000000000000000e+00,0.000000000000000000e+00,4.095000000000000000e+03,0.000000000000000000e+00,0.000000000000000000e+00,4.095000000000000000e+03
0.000000000000000000e+00,0.000000000000000000e+00,4.095000000000000000e+03,0.000000000000000000e+00,0.000000000000000000e+00,4.095000000000000000e+03
0.000000000000000000e+00,0.000000000000000000e+00,4.095000000000000000e+03,0.000000000000000000e+00,0.000000000000000000e+00,4.095000000000000000e+03
0.000000000000000000e+00,0.000000000000000000e+00,4.095000000000000000e+03,0.000000000000000000e+00,0.000000000000000000e+00,1.940000000000000000e+02
0.000000000000000000e+00,0.000000000000000000e+00,4.095000000000000000e+03,0.000000000000000000e+00,0.000000000000000000e+00,4.095000000000000000e+03
0.000000000000000000e+00,0.000000000000000000e+00,4.095000000000000000e+03,0.000000000000000000e+00,0.000000000000000000e+00,4.095000000000000000e+03
0.000000000000000000e+00,0.000000000000000000e+00,4.095000000000000000e+03,0.000000000000000000e+00,0.000000000000000000e+00,4.095000000000000000e+03
0.000000000000000000e+00,0.000000000000000000e+00,4.095000000000000000e+03,0.000000000000000000e+00,0.000000000000000000e+00,4.095000000000000000e+03
0.000000000000000000e+00,0.000000000000000000e+00,4.095000000000000000e+03,0.000000000000000000e+00,0.000000000000000000e+00,4.095000000000000000e+03
0.000000000000000000e+00,0.000000000000000000e+00,1.350000000000000000e+02,0.000000000000000000e+00,0.000000000000000000e+00,1.980000000000000000e+02
0.000000000000000000e+00,0.000000000000000000e+00,3.100000000000000000e+01,0.000000000000000000e+00,0.000000000000000000e+00,1.110000000000000000e+02
0.000000000000000000e+00,0.000000000000000000e+00,0.000000000000000000e+00,9.100000000000000000e+01,0.000000000000000000e+00,0.000000000000000000e+00
0.000000000000000000e+00,0.000000000000000000e+00,0.000000000000000000e+00,2.370000000000000000e+02,1.280000000000000000e+02,0.000000000000000000e+00
0.000000000000000000e+00,0.000000000000000000e+00,0.000000000000000000e+00,3.000000000000000000e+02,4.095000000000000000e+03,0.000000000000000000e+00
0.000000000000000000e+00,3.568000000000000000e+03,0.000000000000000000e+00,4.730000000000000000e+02,4.095000000000000000e+03,0.000000000000000000e+00
0.000000000000000000e+00,4.095000000000000000e+03,0.000000000000000000e+00,0.000000000000000000e+00,4.095000000000000000e+03,0.000000000000000000e+00
0.000000000000000000e+00,4.095000000000000000e+03,0.000000000000000000e+00,0.000000000000000000e+00,4.095000000000000000e+03,0.000000000000000000e+00
0.000000000000000000e+00,4.095000000000000000e+03,0.000000000000000000e+00,0.000000000000000000e+00,0.000000000000000000e+00,0.000000000000000000e+00
0.000000000000000000e+00,0.000000000000000000e+00,0.000000000000000000e+00,0.000000000000000000e+00,4.095000000000000000e+03,0.000000000000000000e+00
0.000000000000000000e+00,0.000000000000000000e+00,0.000000000000000000e+00,0.000000000000000000e+00,4.091000000000000000e+03,0.000000000000000000e+00
0.000000000000000000e+00,0.000000000000000000e+00,0.000000000000000000e+00,1.370000000000000000e+02,1.290000000000000000e+02,0.000000000000000000e+00
8.600000000000000000e+01,4.095000000000000000e+03,0.000000000000000000e+00,1.920000000000000000e+02,4.095000000000000000e+03,0.000000000000000000e+00
1.255000000000000000e+03,4.095000000000000000e+03,0.000000000000000000e+00,0.000000000000000000e+00,4.095000000000000000e+03,0.000000000000000000e+00
0.000000000000000000e+00,4.095000000000000000e+03,0.000000000000000000e+00,0.000000000000000000e+00,4.095000000000000000e+03,0.000000000000000000e+00
4.095000000000000000e+03,4.095000000000000000e+03,0.000000000000000000e+00,0.000000000000000000e+00,4.095000000000000000e+03,0.000000000000000000e+00
4.095000000000000000e+03,4.095000000000000000e+03,0.000000000000000000e+00,0.000000000000000000e+00,4.095000000000000000e+03,0.000000000000000000e+00
4.095000000000000000e+03,4.095000000000000000e+03,0.000000000000000000e+00,0.000000000000000000e+00,4.095000000000000000e+03,0.000000000000000000e+00
4.095000000000000000e+03,4.095000000000000000e+03,0.000000000000000000e+00,1.030000000000000000e+02,4.095000000000000000e+03,0.000000000000000000e+00
4.095000000000000000e+03,4.095000000000000000e+03,0.000000000000000000e+00,1.920000000000000000e+02,0.000000000000000000e+00,0.000000000000000000e+00
4.095000000000000000e+03,4.095000000000000000e+03,0.000000000000000000e+00,0.000000000000000000e+00,1.139000000000000000e+03,0.000000000000000000e+00
4.095000000000000000e+03,4.095000000000000000e+03,0.000000000000000000e+00,0.000000000000000000e+00,4.095000000000000000e+03,0.000000000000000000e+00
4.095000000000000000e+03,4.095000000000000000e+03,0.000000000000000000e+00,0.000000000000000000e+00,4.095000000000000000e+03,0.000000000000000000e+00
4.095000000000000000e+03,4.095000000000000000e+03,0.000000000000000000e+00,0.000000000000000000e+00,4.095000000000000000e+03,0.000000000000000000e+00
2.620000000000000000e+02,4.095000000000000000e+03,0.000000000000000000e+00,0.000000000000000000e+00,4.095000000000000000e+03,0.000000000000000000e+00
4.095000000000000000e+03,4.095000000000000000e+03,0.000000000000000000e+00,0.000000000000000000e+00,3.223000000000000000e+03,0.000000000000000000e+00
0.000000000000000000e+00,5.300000000000000000e+02,0.000000000000000000e+00,0.000000000000000000e+00,2.070000000000000000e+02,0.000000000000000000e+00
0.000000000000000000e+00,4.095000000000000000e+03,0.000000000000000000e+00,0.000000000000000000e+00,0.000000000000000000e+00,0.000000000000000000e+00
0.000000000000000000e+00,0.000000000000000000e+00,0.000000000000000000e+00,0.000000000000000000e+00,0.000000000000000000e+00,0.000000000000000000e+00
0.000000000000000000e+00,0.000000000000000000e+00,0.000000000000000000e+00,0.000000000000000000e+00,0.000000000000000000e+00,0.000000000000000000e+00
1.180000000000000000e+02,0.000000000000000000e+00,4.095000000000000000e+03,0.000000000000000000e+00,0.000000000000000000e+00,0.000000000000000000e+00
4.095000000000000000e+03,0.000000000000000000e+00,4.095000000000000000e+03,0.000000000000000000e+00,0.000000000000000000e+00,8.400000000000000000e+01
4.095000000000000000e+03,0.000000000000000000e+00,4.095000000000000000e+03,0.000000000000000000e+00,0.000000000000000000e+00,1.810000000000000000e+02
4.095000000000000000e+03,0.000000000000000000e+00,4.095000000000000000e+03,0.000000000000000000e+00,0.000000000000000000e+00,4.095000000000000000e+03
0.000000000000000000e+00,0.000000000000000000e+00,4.095000000000000000e+03,0.000000000000000000e+00,0.000000000000000000e+00,4.095000000000000000e+03
0.000000000000000000e+00,0.000000000000000000e+00,4.095000000000000000e+03,0.000000000000000000e+00,0.000000000000000000e+00,3.200000000000000000e+01
0.000000000000000000e+00,0.000000000000000000e+00,4.095000000000000000e+03,0.000000000000000000e+00,0.000000000000000000e+00,0.000000000000000000e+00
0.000000000000000000e+00,0.000000000000000000e+00,4.095000000000000000e+03,0.000000000000000000e+00,0.000000000000000000e+00,0.000000000000000000e+00
0.000000000000000000e+00,0.000000000000000000e+00,4.095000000000000000e+03,0.000000000000000000e+00,0.000000000000000000e+00,0.000000000000000000e+00
0.000000000000000000e+00,0.000000000000000000e+00,4.095000000000000000e+03,0.000000000000000000e+00,0.000000000000000000e+00,0.000000000000000000e+00
0.000000000000000000e+00,0.000000000000000000e+00,4.095000000000000000e+03,0.000000000000000000e+00,0.000000000000000000e+00,1.170000000000000000e+02
0.000000000000000000e+00,0.000000000000000000e+00,4.095000000000000000e+03,0.000000000000000000e+00,0.000000000000000000e+00,5.430000000000000000e+02
0.000000000000000000e+00,0.000000000000000000e+00,4.095000000000000000e+03,0.000000000000000000e+00,0.000000000000000000e+00,4.095000000000000000e+03
0.000000000000000000e+00,0.000000000000000000e+00,4.095000000000000000e+03,0.000000000000000000e+00,0.000000000000000000e+00,4.095000000000000000e+03
0.000000000000000000e+00,0.000000000000000000e+00,4.095000000000000000e+03,0.000000000000000000e+00,0.000000000000000000e+00,4.095000000000000000e+03
0.000000000000000000e+00,0.000000000000000000e+00,4.095000000000000000e+03,0.000000000000000000e+00,0.000000000000000000e+00,4.095000000000000000e+03
0.000000000000000000e+00,0.000000000000000000e+00,7.700000000000000000e+02,0.000000000000000000e+00,0.000000000000000000e+00,4.095000000000000000e+03
0.000000000000000000e+00,0.000000000000000000e+00,1.935000000000000000e+03,0.000000000000000000e+00,0.000000000000000000e+00,0.000000000000000000e+00
0.000000000000000000e+00,0.000000000000000000e+00,0.000000000000000000e+00,0.000000000000000000e+00,1.400000000000000000e+02,0.000000000000000000e+00
0.000000000000000000e+00,0.000000000000000000e+00,0.000000000000000000e+00,0.000000000000000000e+00,0.000000000000000000e+00,0.000000000000000000e+00
0.000000000000000000e+00,0.000000000000000000e+00,0.000000000000000000e+00,0.000000000000000000e+00,1.682000000000000000e+03,0.000000000000000000e+00
0.000000000000000000e+00,0.000000000000000000e+00,0.000000000000000000e+00,0.000000000000000000e+00,4.095000000000000000e+03,0.000000000000000000e+00
0.000000000000000000e+00,0.000000000000000000e+00,0.000000000000000000e+00,0.000000000000000000e+00,4.095000000000000000e+03,0.000000000000000000e+00
0.000000000000000000e+00,0.000000000000000000e+00,0.000000000000000000e+00,1.350000000000000000e+02,4.095000000000000000e+03,0.000000000000000000e+00
0.000000000000000000e+00,4.095000000000000000e+03,0.000000000000000000e+00,3.220000000000000000e+02,0.000000000000000000e+00,0.000000000000000000e+00
0.000000000000000000e+00,0.000000000000000000e+00,0.000000000000000000e+00,0.000000000000000000e+00,6.600000000000000000e+01,0.000000000000000000e+00
0.000000000000000000e+00,0.000000000000000000e+00,1.800000000000000000e+01,0.000000000000000000e+00,0.000000000000000000e+00,0.000000000000000000e+00
0.000000000000000000e+00,0.000000000000000000e+00,0.000000000000000000e+00,3.190000000000000000e+02,0.000000000000000000e+00,0.000000000000000000e+00
4.095000000000000000e+03,0.000000000000000000e+00,4.430000000000000000e+02,4.600000000000000000e+02,0.000000000000000000e+00,0.000000000000000000e+00
4.095000000000000000e+03,0.000000000000000000e+00,0.000000000000000000e+00,4.110000000000000000e+02,0.000000000000000000e+00,0.000000000000000000e+00
4.095000000000000000e+03,0.000000000000000000e+00,0.000000000000000000e+00,0.000000000000000000e+00,0.000000000000000000e+00,0.000000000000000000e+00
4.095000000000000000e+03,0.000000000000000000e+00,0.000000000000000000e+00,0.000000000000000000e+00,0.000000000000000000e+00,0.000000000000000000e+00
4.095000000000000000e+03,4.095000000000000000e+03,0.000000000000000000e+00,0.000000000000000000e+00,0.000000000000000000e+00,0.000000000000000000e+00
4.095000000000000000e+03,4.095000000000000000e+03,0.000000000000000000e+00,0.000000000000000000e+00,5.300000000000000000e+01,0.000000000000000000e+00
4.095000000000000000e+03,4.095000000000000000e+03,0.000000000000000000e+00,0.000000000000000000e+00,4.095000000000000000e+03,0.000000000000000000e+00
4.095000000000000000e+03,4.095000000000000000e+03,0.000000000000000000e+00,0.000000000000000000e+00,0.000000000000000000e+00,0.000000000000000000e+00
4.095000000000000000e+03,4.095000000000000000e+03,0.000000000000000000e+00,0.000000000000000000e+00,1.430000000000000000e+02,0.000000000000000000e+00
4.095000000000000000e+03,4.095000000000000000e+03,0.000000000000000000e+00,0.000000000000000000e+00,0.000000000000000000e+00,0.000000000000000000e+00
4.095000000000000000e+03,4.095000000000000000e+03,0.000000000000000000e+00,0.000000000000000000e+00,0.000000000000000000e+00,0.000000000000000000e+00
4.095000000000000000e+03,4.095000000000000000e+03,0.000000000000000000e+00,7.400000000000000000e+01,0.000000000000000000e+00,0.000000000000000000e+00
0.000000000000000000e+00,4.095000000000000000e+03,0.000000000000000000e+00,0.000000000000000000e+00,0.000000000000000000e+00,0.000000000000000000e+00
4.095000000000000000e+03,4.095000000000000000e+03,0.000000000000000000e+00,0.000000000000000000e+00,0.000000000000000000e+00,0.000000000000000000e+00
4.095000000000000000e+03,0.000000000000000000e+00,0.000000000000000000e+00,0.000000000000000000e+00,0.000000000000000000e+00,0.000000000000000000e+00
4.095000000000000000e+03,0.000000000000000000e+00,0.000000000000000000e+00,0.000000000000000000e+00,0.000000000000000000e+00,0.000000000000000000e+00
4.095000000000000000e+03,0.000000000000000000e+00,0.000000000000000000e+00,6.400000000000000000e+01,0.000000000000000000e+00,0.000000000000000000e+00
4.095000000000000000e+03,0.000000000000000000e+00,0.000000000000000000e+00,0.000000000000000000e+00,0.000000000000000000e+00,0.000000000000000000e+00
4.095000000000000000e+03,0.000000000000000000e+00,0.000000000000000000e+00,0.000000000000000000e+00,0.000000000000000000e+00,0.000000000000000000e+00
4.095000000000000000e+03,0.000000000000000000e+00,5.600000000000000000e+01,0.000000000000000000e+00,0.000000000000000000e+00,0.000000000000000000e+00
4.095000000000000000e+03,0.000000000000000000e+00,4.095000000000000000e+03,0.000000000000000000e+00,0.000000000000000000e+00,0.000000000000000000e+00
0.000000000000000000e+00,0.000000000000000000e+00,1.870000000000000000e+02,0.000000000000000000e+00,0.000000000000000000e+00,0.000000000000000000e+00
0.000000000000000000e+00,0.000000000000000000e+00,3.130000000000000000e+02,0.000000000000000000e+00,0.000000000000000000e+00,0.000000000000000000e+00
0.000000000000000000e+00,0.000000000000000000e+00,0.000000000000000000e+00,0.000000000000000000e+00,0.000000000000000000e+00,0.000000000000000000e+00
0.000000000000000000e+00,0.000000000000000000e+00,0.000000000000000000e+00,0.000000000000000000e+00,0.000000000000000000e+00,0.000000000000000000e+00
0.000000000000000000e+00,0.000000000000000000e+00,0.000000000000000000e+00,0.000000000000000000e+00,0.000000000000000000e+00,0.000000000000000000e+00
0.000000000000000000e+00,0.000000000000000000e+00,0.000000000000000000e+00,0.000000000000000000e+00,0.000000000000000000e+00,0.000000000000000000e+00
0.000000000000000000e+00,0.000000000000000000e+00,4.095000000000000000e+03,0.000000000000000000e+00,0.000000000000000000e+00,0.000000000000000000e+00
3.714000000000000000e+03,0.000000000000000000e+00,4.095000000000000000e+03,0.000000000000000000e+00,0.000000000000000000e+00,0.000000000000000000e+00
0.000000000000000000e+00,0.000000000000000000e+00,4.095000000000000000e+03,0.000000000000000000e+00,0.000000000000000000e+00,0.000000000000000000e+00
0.000000000000000000e+00,0.000000000000000000e+00,4.095000000000000000e+03,0.000000000000000000e+00,0.000000000000000000e+00,2.430000000000000000e+02
0.000000000000000000e+00,0.000000000000000000e+00,4.095000000000000000e+03,0.000000000000000000e+00,0.000000000000000000e+00,4.095000000000000000e+03
0.000000000000000000e+00,0.000000000000000000e+00,4.095000000000000000e+03,0.000000000000000000e+00,0.000000000000000000e+00,4.095000000000000000e+03
0.000000000000000000e+00,0.000000000000000000e+00,4.095000000000000000e+03,0.000000000000000000e+00,0.000000000000000000e+00,4.095000000000000000e+03
0.000000000000000000e+00,0.000000000000000000e+00,4.095000000000000000e+03,0.000000000000000000e+00,0.000000000000000000e+00,4.095000000000000000e+03
0.000000000000000000e+00,0.000000000000000000e+00,4.095000000000000000e+03,0.000000000000000000e+00,0.000000000000000000e+00,4.095000000000000000e+03
0.000000000000000000e+00,0.000000000000000000e+00,4.095000000000000000e+03,0.000000000000000000e+00,0.000000000000000000e+00,4.095000000000000000e+03
0.000000000000000000e+00,0.000000000000000000e+00,4.095000000000000000e+03,0.000000000000000000e+00,0.000000000000000000e+00,4.095000000000000000e+03
0.000000000000000000e+00,0.000000000000000000e+00,4.095000000000000000e+03,0.000000000000000000e+00,0.000000000000000000e+00,4.095000000000000000e+03
0.000000000000000000e+00,0.000000000000000000e+00,4.095000000000000000e+03,0.000000000000000000e+00,0.000000000000000000e+00,4.095000000000000000e+03
0.000000000000000000e+00,0.000000000000000000e+00,4.095000000000000000e+03,2.070000000000000000e+02,0.000000000000000000e+00,0.000000000000000000e+00
0.000000000000000000e+00,0.000000000000000000e+00,4.095000000000000000e+03,2.910000000000000000e+02,0.000000000000000000e+00,1.970000000000000000e+02
0.000000000000000000e+00,4.095000000000000000e+03,4.095000000000000000e+03,2.830000000000000000e+02,0.000000000000000000e+00,0.000000000000000000e+00
0.000000000000000000e+00,4.095000000000000000e+03,4.095000000000000000e+03,3.400000000000000000e+02,9.400000000000000000e+01,0.000000000000000000e+00
0.000000000000000000e+00,3.982000000000000000e+03,4.095000000000000000e+03,3.360000000000000000e+02,0.000000000000000000e+00,0.000000000000000000e+00
0.000000000000000000e+00,0.000000000000000000e+00,0.000000000000000000e+00,0.000000000000000000e+00,2.017000000000000000e+03,0.000000000000000000e+00
0.000000000000000000e+00,0.000000000000000000e+00,0.000000000000000000e+00,0.000000000000000000e+00,4.095000000000000000e+03,0.000000000000000000e+00
0.000000000000000000e+00,0.000000000000000000e+00,0.000000000000000000e+00,0.000000000000000000e+00,4.095000000000000000e+03,0.000000000000000000e+00
2.120000000000000000e+02,4.095000000000000000e+03,0.000000000000000000e+00,3.000000000000000000e+00,4.095000000000000000e+03,1.230000000000000000e+02
4.031000000000000000e+03,0.000000000000000000e+00,0.000000000000000000e+00,7.400000000000000000e+01,4.095000000000000000e+03,0.000000000000000000e+00
4.095000000000000000e+03,0.000000000000000000e+00,0.000000000000000000e+00,1.570000000000000000e+02,4.095000000000000000e+03,0.000000000000000000e+00
4.095000000000000000e+03,0.000000000000000000e+00,0.000000000000000000e+00,2.200000000000000000e+02,2.200000000000000000e+01,0.000000000000000000e+00
0.000000000000000000e+00,0.000000000000000000e+00,0.000000000000000000e+00,2.070000000000000000e+02,0.000000000000000000e+00,0.000000000000000000e+00
4.095000000000000000e+03,0.000000000000000000e+00,0.000000000000000000e+00,2.570000000000000000e+02,0.000000000000000000e+00,0.000000000000000000e+00
0.000000000000000000e+00,0.000000000000000000e+00,0.000000000000000000e+00,3.070000000000000000e+02,3.000000000000000000e+01,1.300000000000000000e+01
0.000000000000000000e+00,1.670000000000000000e+02,0.000000000000000000e+00,4.000000000000000000e+02,1.010000000000000000e+02,0.000000000000000000e+00
4.095000000000000000e+03,4.095000000000000000e+03,0.000000000000000000e+00,0.000000000000000000e+00,1.090000000000000000e+02,0.000000000000000000e+00
4.095000000000000000e+03,4.095000000000000000e+03,0.000000000000000000e+00,0.000000000000000000e+00,7.300000000000000000e+01,0.000000000000000000e+00
4.095000000000000000e+03,4.095000000000000000e+03,0.000000000000000000e+00,0.000000000000000000e+00,2.000000000000000000e+01,0.000000000000000000e+00
4.095000000000000000e+03,4.095000000000000000e+03,0.000000000000000000e+00,0.000000000000000000e+00,0.000000000000000000e+00,0.000000000000000000e+00
4.095000000000000000e+03,4.095000000000000000e+03,0.000000000000000000e+00,0.000000000000000000e+00,0.000000000000000000e+00,0.000000000000000000e+00
3.955000000000000000e+03,4.095000000000000000e+03,0.000000000000000000e+00,0.000000000000000000e+00,0.000000000000000000e+00,0.000000000000000000e+00
4.095000000000000000e+03,4.095000000000000000e+03,0.000000000000000000e+00,0.000000000000000000e+00,0.000000000000000000e+00,0.000000000000000000e+00
4.095000000000000000e+03,2.410000000000000000e+02,0.000000000000000000e+00,0.000000000000000000e+00,0.000000000000000000e+00,0.000000000000000000e+00
4.095000000000000000e+03,0.000000000000000000e+00,0.000000000000000000e+00,0.000000000000000000e+00,0.000000000000000000e+00,0.000000000000000000e+00
0.000000000000000000e+00,0.000000000000000000e+00,0.000000000000000000e+00,9.100000000000000000e+01,0.000000000000000000e+00,0.000000000000000000e+00
3.886000000000000000e+03,0.000000000000000000e+00,0.000000000000000000e+00,3.130000000000000000e+02,0.000000000000000000e+00,0.000000000000000000e+00
4.095000000000000000e+03,0.000000000000000000e+00,0.000000000000000000e+00,2.290000000000000000e+02,0.000000000000000000e+00,0.000000000000000000e+00
4.095000000000000000e+03,0.000000000000000000e+00,0.000000000000000000e+00,3.340000000000000000e+02,0.000000000000000000e+00,0.000000000000000000e+00
4.095000000000000000e+03,0.000000000000000000e+00,0.000000000000000000e+00,0.000000000000000000e+00,0.000000000000000000e+00,0.000000000000000000e+00
0.000000000000000000e+00,0.000000000000000000e+00,0.000000000000000000e+00,0.000000000000000000e+00,0.000000000000000000e+00,0.000000000000000000e+00
0.000000000000000000e+00,0.000000000000000000e+00,0.000000000000000000e+00,0.000000000000000000e+00,0.000000000000000000e+00,0.000000000000000000e+00
0.000000000000000000e+00,0.000000000000000000e+00,4.095000000000000000e+03,0.000000000000000000e+00,0.000000000000000000e+00,0.000000000000000000e+00
0.000000000000000000e+00,0.000000000000000000e+00,4.095000000000000000e+03,0.000000000000000000e+00,0.000000000000000000e+00,0.000000000000000000e+00
0.000000000000000000e+00,0.000000000000000000e+00,4.095000000000000000e+03,0.000000000000000000e+00,0.000000000000000000e+00,0.000000000000000000e+00
0.000000000000000000e+00,0.000000000000000000e+00,4.095000000000000000e+03,0.000000000000000000e+00,0.000000000000000000e+00,0.000000000000000000e+00
0.000000000000000000e+00,0.000000000000000000e+00,4.095000000000000000e+03,0.000000000000000000e+00,0.000000000000000000e+00,0.000000000000000000e+00
0.000000000000000000e+00,0.000000000000000000e+00,4.095000000000000000e+03,0.000000000000000000e+00,0.000000000000000000e+00,0.000000000000000000e+00
0.000000000000000000e+00,0.000000000000000000e+00,1.270000000000000000e+02,0.000000000000000000e+00,0.000000000000000000e+00,0.000000000000000000e+00
0.000000000000000000e+00,0.000000000000000000e+00,0.000000000000000000e+00,0.000000000000000000e+00,0.000000000000000000e+00,2.930000000000000000e+02
0.000000000000000000e+00,0.000000000000000000e+00,0.000000000000000000e+00,0.000000000000000000e+00,0.000000000000000000e+00,4.095000000000000000e+03
0.000000000000000000e+00,0.000000000000000000e+00,0.000000000000000000e+00,0.000000000000000000e+00,0.000000000000000000e+00,4.095000000000000000e+03
0.000000000000000000e+00,0.000000000000000000e+00,4.095000000000000000e+03,0.000000000000000000e+00,0.000000000000000000e+00,4.095000000000000000e+03
0.000000000000000000e+00,0.000000000000000000e+00,4.100000000000000000e+01,0.000000000000000000e+00,0.000000000000000000e+00,4.095000000000000000e+03
0.000000000000000000e+00,0.000000000000000000e+00,4.095000000000000000e+03,0.000000000000000000e+00,0.000000000000000000e+00,4.095000000000000000e+03
0.000000000000000000e+00,0.000000000000000000e+00,0.000000000000000000e+00,0.000000000000000000e+00,0.000000000000000000e+00,4.095000000000000000e+03
0.000000000000000000e+00,0.000000000000000000e+00,0.000000000000000000e+00,1.250000000000000000e+02,4.540000000000000000e+02,4.095000000000000000e+03
0.000000000000000000e+00,0.000000000000000000e+00,0.000000000000000000e+00,3.310000000000000000e+02,6.700000000000000000e+01,4.095000000000000000e+03
4.095000000000000000e+03,4.095000000000000000e+03,0.000000000000000000e+00,0.000000000000000000e+00,4.095000000000000000e+03,0.000000000000000000e+00
4.095000000000000000e+03,4.095000000000000000e+03,0.000000000000000000e+00,0.000000000000000000e+00,4.095000000000000000e+03,0.000000000000000000e+00
4.095000000000000000e+03,4.095000000000000000e+03,0.000000000000000000e+00,0.000000000000000000e+00,4.095000000000000000e+03,0.000000000000000000e+00
4.095000000000000000e+03,4.095000000000000000e+03,0.000000000000000000e+00,0.000000000000000000e+00,0.000000000000000000e+00,0.000000000000000000e+00
4.095000000000000000e+03,4.095000000000000000e+03,0.000000000000000000e+00,0.000000000000000000e+00,0.000000000000000000e+00,0.000000000000000000e+00
4.095000000000000000e+03,0.000000000000000000e+00,0.000000000000000000e+00,0.000000000000000000e+00,0.000000000000000000e+00,0.000000000000000000e+00
0.000000000000000000e+00,0.000000000000000000e+00,0.000000000000000000e+00,0.000000000000000000e+00,0.000000000000000000e+00,0.000000000000000000e+00
0.000000000000000000e+00,0.000000000000000000e+00,0.000000000000000000e+00,0.000000000000000000e+00,0.000000000000000000e+00,0.000000000000000000e+00
4.095000000000000000e+03,0.000000000000000000e+00,0.000000000000000000e+00,1.430000000000000000e+02,0.000000000000000000e+00,0.000000000000000000e+00
4.095000000000000000e+03,0.000000000000000000e+00,0.000000000000000000e+00,0.000000000000000000e+00,1.167000000000000000e+03,0.000000000000000000e+00
4.095000000000000000e+03,0.000000000000000000e+00,0.000000000000000000e+00,1.310000000000000000e+02,4.095000000000000000e+03,0.000000000000000000e+00
0.000000000000000000e+00,0.000000000000000000e+00,0.000000000000000000e+00,1.970000000000000000e+02,4.095000000000000000e+03,0.000000000000000000e+00
3.800000000000000000e+01,4.095000000000000000e+03,0.000000000000000000e+00,1.970000000000000000e+02,4.095000000000000000e+03,0.000000000000000000e+00
0.000000000000000000e+00,4.095000000000000000e+03,0.000000000000000000e+00,2.840000000000000000e+02,6.300000000000000000e+01,0.000000000000000000e+00
0.000000000000000000e+00,4.095000000000000000e+03,0.000000000000000000e+00,4.430000000000000000e+02,4.510000000000000000e+02,0.000000000000000000e+00
4.095000000000000000e+03,4.095000000000000000e+03,0.000000000000000000e+00,4.510000000000000000e+02,5.440000000000000000e+02,0.000000000000000000e+00
4.095000000000000000e+03,4.095000000000000000e+03,0.000000000000000000e+00,4.580000000000000000e+02,2.790000000000000000e+02,0.000000000000000000e+00
4.095000000000000000e+03,4.095000000000000000e+03,0.000000000000000000e+00,4.370000000000000000e+02,2.210000000000000000e+02,0.000000000000000000e+00
4.095000000000000000e+03,4.095000000000000000e+03,0.000000000000000000e+00,6.100000000000000000e+01,1.600000000000000000e+01,0.000000000000000000e+00
0.000000000000000000e+00,4.095000000000000000e+03,0.000000000000000000e+00,0.000000000000000000e+00,0.000000000000000000e+00,0.000000000000000000e+00
0.000000000000000000e+00,0.000000000000000000e+00,0.000000000000000000e+00,0.000000000000000000e+00,0.000000000000000000e+00,0.000000000000000000e+00
0.000000000000000000e+00,0.000000000000000000e+00,0.000000000000000000e+00,0.000000000000000000e+00,0.000000000000000000e+00,0.000000000000000000e+00
0.000000000000000000e+00,0.000000000000000000e+00,0.000000000000000000e+00,0.000000000000000000e+00,0.000000000000000000e+00,0.000000000000000000e+00
4.047000000000000000e+03,0.000000000000000000e+00,2.200000000000000000e+01,0.000000000000000000e+00,0.000000000000000000e+00,0.000000000000000000e+00
4.095000000000000000e+03,0.000000000000000000e+00,4.095000000000000000e+03,0.000000000000000000e+00,0.000000000000000000e+00,0.000000000000000000e+00
4.095000000000000000e+03,0.000000000000000000e+00,4.095000000000000000e+03,0.000000000000000000e+00,0.000000000000000000e+00,0.000000000000000000e+00
4.095000000000000000e+03,4.095000000000000000e+03,4.095000000000000000e+03,0.000000000000000000e+00,0.000000000000000000e+00,0.000000000000000000e+00
0.000000000000000000e+00,4.095000000000000000e+03,0.000000000000000000e+00,0.000000000000000000e+00,0.000000000000000000e+00,0.000000000000000000e+00
0.000000000000000000e+00,4.095000000000000000e+03,0.000000000000000000e+00,0.000000000000000000e+00,0.000000000000000000e+00,0.000000000000000000e+00
0.000000000000000000e+00,0.000000000000000000e+00,0.000000000000000000e+00,0.000000000000000000e+00,4.095000000000000000e+03,0.000000000000000000e+00
0.000000000000000000e+00,4.095000000000000000e+03,0.000000000000000000e+00,0.000000000000000000e+00,4.095000000000000000e+03,0.000000000000000000e+00
0.000000000000000000e+00,0.000000000000000000e+00,0.000000000000000000e+00,0.000000000000000000e+00,0.000000000000000000e+00,0.000000000000000000e+00
0.000000000000000000e+00,0.000000000000000000e+00,0.000000000000000000e+00,0.000000000000000000e+00,0.000000000000000000e+00,0.000000000000000000e+00
0.000000000000000000e+00,0.000000000000000000e+00,0.000000000000000000e+00,0.000000000000000000e+00,0.000000000000000000e+00,0.000000000000000000e+00
0.000000000000000000e+00,0.000000000000000000e+00,0.000000000000000000e+00,0.000000000000000000e+00,0.000000000000000000e+00,0.000000000000000000e+00
0.000000000000000000e+00,0.000000000000000000e+00,8.000000000000000000e+01,0.000000000000000000e+00,0.000000000000000000e+00,0.000000000000000000e+00
0.000000000000000000e+00,0.000000000000000000e+00,4.500000000000000000e+01,0.000000000000000000e+00,0.000000000000000000e+00,0.000000000000000000e+00
1.410000000000000000e+02,0.000000000000000000e+00,4.095000000000000000e+03,0.000000000000000000e+00,0.000000000000000000e+00,0.000000000000000000e+00
0.000000000000000000e+00,0.000000000000000000e+00,2.950000000000000000e+02,0.000000000000000000e+00,0.000000000000000000e+00,0.000000000000000000e+00
0.000000000000000000e+00,0.000000000000000000e+00,0.000000000000000000e+00,0.000000000000000000e+00,0.000000000000000000e+00,0.000000000000000000e+00
0.000000000000000000e+00,0.000000000000000000e+00,0.000000000000000000e+00,0.000000000000000000e+00,0.000000000000000000e+00,0.000000000000000000e+00
0.000000000000000000e+00,0.000000000000000000e+00,0.000000000000000000e+00,0.000000000000000000e+00,0.000000000000000000e+00,0.000000000000000000e+00
0.000000000000000000e+00,0.000000000000000000e+00,0.000000000000000000e+00,0.000000000000000000e+00,0.000000000000000000e+00,0.000000000000000000e+00
0.000000000000000000e+00,0.000000000000000000e+00,0.000000000000000000e+00,0.000000000000000000e+00,0.000000000000000000e+00,0.000000000000000000e+00
0.000000000000000000e+00,0.000000000000000000e+00,0.000000000000000000e+00,0.000000000000000000e+00,0.000000000000000000e+00,0.000000000000000000e+00
0.000000000000000000e+00,0.000000000000000000e+00,0.000000000000000000e+00,0.000000000000000000e+00,0.000000000000000000e+00,0.000000000000000000e+00
0.000000000000000000e+00,0.000000000000000000e+00,0.000000000000000000e+00,0.000000000000000000e+00,0.000000000000000000e+00,0.000000000000000000e+00
0.000000000000000000e+00,0.000000000000000000e+00,0.000000000000000000e+00,0.000000000000000000e+00,1.535000000000000000e+03,0.000000000000000000e+00
0.000000000000000000e+00,0.000000000000000000e+00,0.000000000000000000e+00,0.000000000000000000e+00,2.400000000000000000e+02,0.000000000000000000e+00
0.000000000000000000e+00,0.000000000000000000e+00,0.000000000000000000e+00,0.000000000000000000e+00,2.540000000000000000e+02,0.000000000000000000e+00
0.000000000000000000e+00,0.000000000000000000e+00,0.000000000000000000e+00,0.000000000000000000e+00,7.000000000000000000e+00,0.000000000000000000e+00
0.000000000000000000e+00,0.000000000000000000e+00,0.000000000000000000e+00,0.000000000000000000e+00,1.100000000000000000e+01,0.000000000000000000e+00
0.000000000000000000e+00,0.000000000000000000e+00,0.000000000000000000e+00,4.600000000000000000e+02,0.000000000000000000e+00,0.000000000000000000e+00
1.000000000000000000e+01,0.000000000000000000e+00,0.000000000000000000e+00,5.740000000000000000e+02,4.095000000000000000e+03,0.000000000000000000e+00
0.000000000000000000e+00,0.000000000000000000e+00,5.560000000000000000e+02,3.500000000000000000e+02,0.000000000000000000e+00,8.120000000000000000e+02
0.000000000000000000e+00,0.000000000000000000e+00,0.000000000000000000e+00,4.330000000000000000e+02,0.000000000000000000e+00,0.000000000000000000e+00
0.000000000000000000e+00,0.000000000000000000e+00,0.000000000000000000e+00,4.340000000000000000e+02,0.000000000000000000e+00,0.000000000000000000e+00
0.000000000000000000e+00,0.000000000000000000e+00,0.000000000000000000e+00,4.290000000000000000e+02,0.000000000000000000e+00,0.000000000000000000e+00
0.000000000000000000e+00,0.000000000000000000e+00,0.000000000000000000e+00,4.640000000000000000e+02,0.000000000000000000e+00,0.000000000000000000e+00
0.000000000000000000e+00,0.000000000000000000e+00,0.000000000000000000e+00,0.000000000000000000e+00,0.000000000000000000e+00,0.000000000000000000e+00
0.000000000000000000e+00,0.000000000000000000e+00,0.000000000000000000e+00,0.000000000000000000e+00,0.000000000000000000e+00,0.000000000000000000e+00
0.000000000000000000e+00,0.000000000000000000e+00,0.000000000000000000e+00,0.000000000000000000e+00,0.000000000000000000e+00,0.000000000000000000e+00
0.000000000000000000e+00,0.000000000000000000e+00,0.000000000000000000e+00,0.000000000000000000e+00,0.000000000000000000e+00,0.000000000000000000e+00
0.000000000000000000e+00,0.000000000000000000e+00,0.000000000000000000e+00,0.000000000000000000e+00,0.000000000000000000e+00,0.000000000000000000e+00
4.095000000000000000e+03,0.000000000000000000e+00,0.000000000000000000e+00,0.000000000000000000e+00,0.000000000000000000e+00,0.000000000000000000e+00
3.896000000000000000e+03,0.000000000000000000e+00,0.000000000000000000e+00,0.000000000000000000e+00,0.000000000000000000e+00,0.000000000000000000e+00
0.000000000000000000e+00,0.000000000000000000e+00,0.000000000000000000e+00,0.000000000000000000e+00,0.000000000000000000e+00,0.000000000000000000e+00
0.000000000000000000e+00,0.000000000000000000e+00,0.000000000000000000e+00,0.000000000000000000e+00,0.000000000000000000e+00,0.000000000000000000e+00
0.000000000000000000e+00,0.000000000000000000e+00,0.000000000000000000e+00,0.000000000000000000e+00,0.000000000000000000e+00,0.000000000000000000e+00
0.000000000000000000e+00,0.000000000000000000e+00,0.000000000000000000e+00,0.000000000000000000e+00,0.000000000000000000e+00,0.000000000000000000e+00
0.000000000000000000e+00,0.000000000000000000e+00,0.000000000000000000e+00,0.000000000000000000e+00,0.000000000000000000e+00,0.000000000000000000e+00
0.000000000000000000e+00,0.000000000000000000e+00,0.000000000000000000e+00,0.000000000000000000e+00,0.000000000000000000e+00,0.000000000000000000e+00
0.000000000000000000e+00,0.000000000000000000e+00,0.000000000000000000e+00,0.000000000000000000e+00,0.000000000000000000e+00,0.000000000000000000e+00
0.000000000000000000e+00,0.000000000000000000e+00,0.000000000000000000e+00,0.000000000000000000e+00,0.000000000000000000e+00,0.000000000000000000e+00
0.000000000000000000e+00,0.000000000000000000e+00,0.000000000000000000e+00,0.000000000000000000e+00,0.000000000000000000e+00,0.000000000000000000e+00
0.000000000000000000e+00,0.000000000000000000e+00,0.000000000000000000e+00,0.000000000000000000e+00,0.000000000000000000e+00,0.000000000000000000e+00
0.000000000000000000e+00,0.000000000000000000e+00,0.000000000000000000e+00,0.000000000000000000e+00,0.000000000000000000e+00,0.000000000000000000e+00
0.000000000000000000e+00,0.000000000000000000e+00,0.000000000000000000e+00,0.000000000000000000e+00,0.000000000000000000e+00,0.000000000000000000e+00
0.000000000000000000e+00,0.000000000000000000e+00,0.000000000000000000e+00,0.000000000000000000e+00,0.000000000000000000e+00,0.000000000000000000e+00
0.000000000000000000e+00,0.000000000000000000e+00,0.000000000000000000e+00,0.000000000000000000e+00,0.000000000000000000e+00,0.000000000000000000e+00
0.000000000000000000e+00,0.000000000000000000e+00,0.000000000000000000e+00,0.000000000000000000e+00,0.000000000000000000e+00,0.000000000000000000e+00
0.000000000000000000e+00,0.000000000000000000e+00,0.000000000000000000e+00,0.000000000000000000e+00,0.000000000000000000e+00,0.000000000000000000e+00
7.300000000000000000e+01,0.000000000000000000e+00,0.000000000000000000e+00,0.000000000000000000e+00,0.000000000000000000e+00,0.000000000000000000e+00
0.000000000000000000e+00,0.000000000000000000e+00,0.000000000000000000e+00,0.000000000000000000e+00,0.000000000000000000e+00,0.000000000000000000e+00
0.000000000000000000e+00,0.000000000000000000e+00,0.000000000000000000e+00,1.400000000000000000e+01,0.000000000000000000e+00,0.000000000000000000e+00
0.000000000000000000e+00,0.000000000000000000e+00,0.000000000000000000e+00,0.000000000000000000e+00,0.000000000000000000e+00,0.000000000000000000e+00
0.000000000000000000e+00,0.000000000000000000e+00,4.095000000000000000e+03,1.900000000000000000e+01,0.000000000000000000e+00,0.000000000000000000e+00
0.000000000000000000e+00,0.000000000000000000e+00,4.095000000000000000e+03,2.750000000000000000e+02,0.000000000000000000e+00,0.000000000000000000e+00
0.000000000000000000e+00,0.000000000000000000e+00,4.095000000000000000e+03,0.000000000000000000e+00,0.000000000000000000e+00,0.000000000000000000e+00
1.600000000000000000e+01,0.000000000000000000e+00,4.095000000000000000e+03,6.600000000000000000e+01,0.000000000000000000e+00,0.000000000000000000e+00
0.000000000000000000e+00,0.000000000000000000e+00,4.095000000000000000e+03,3.390000000000000000e+02,0.000000000000000000e+00,3.110000000000000000e+02
0.000000000000000000e+00,0.000000000000000000e+00,4.095000000000000000e+03,3.840000000000000000e+02,0.000000000000000000e+00,4.095000000000000000e+03
0.000000000000000000e+00,0.000000000000000000e+00,4.095000000000000000e+03,5.050000000000000000e+02,0.000000000000000000e+00,4.095000000000000000e+03
0.000000000000000000e+00,0.000000000000000000e+00,4.095000000000000000e+03,4.510000000000000000e+02,0.000000000000000000e+00,4.095000000000000000e+03
0.000000000000000000e+00,0.000000000000000000e+00,4.095000000000000000e+03,4.530000000000000000e+02,0.000000000000000000e+00,4.095000000000000000e+03
0.000000000000000000e+00,0.000000000000000000e+00,0.000000000000000000e+00,5.000000000000000000e+02,4.095000000000000000e+03,4.095000000000000000e+03
0.000000000000000000e+00,0.000000000000000000e+00,0.000000000000000000e+00,5.600000000000000000e+02,0.000000000000000000e+00,0.000000000000000000e+00
4.095000000000000000e+03,0.000000000000000000e+00,0.000000000000000000e+00,4.800000000000000000e+01,0.000000000000000000e+00,0.000000000000000000e+00
4.095000000000000000e+03,0.000000000000000000e+00,0.000000000000000000e+00,5.280000000000000000e+02,0.000000000000000000e+00,0.000000000000000000e+00
4.095000000000000000e+03,0.000000000000000000e+00,0.000000000000000000e+00,5.440000000000000000e+02,0.000000000000000000e+00,0.000000000000000000e+00
4.095000000000000000e+03,0.000000000000000000e+00,0.000000000000000000e+00,5.620000000000000000e+02,0.000000000000000000e+00,0.000000000000000000e+00
4.095000000000000000e+03,0.000000000000000000e+00,0.000000000000000000e+00,6.160000000000000000e+02,0.000000000000000000e+00,0.000000000000000000e+00
4.095000000000000000e+03,0.000000000000000000e+00,0.000000000000000000e+00,6.280000000000000000e+02,0.000000000000000000e+00,0.000000000000000000e+00
0.000000000000000000e+00,0.000000000000000000e+00,0.000000000000000000e+00,1.102000000000000000e+03,0.000000000000000000e+00,0.000000000000000000e+00
0.000000000000000000e+00,0.000000000000000000e+00,0.000000000000000000e+00,4.800000000000000000e+01,0.000000000000000000e+00,0.000000000000000000e+00
0.000000000000000000e+00,0.000000000000000000e+00,0.000000000000000000e+00,4.095000000000000000e+03,0.000000000000000000e+00,0.000000000000000000e+00
0.000000000000000000e+00,0.000000000000000000e+00,0.000000000000000000e+00,4.095000000000000000e+03,0.000000000000000000e+00,0.000000000000000000e+00
0.000000000000000000e+00,0.000000000000000000e+00,0.000000000000000000e+00,4.960000000000000000e+02,0.000000000000000000e+00,0.000000000000000000e+00
0.000000000000000000e+00,0.000000000000000000e+00,0.000000000000000000e+00,4.095000000000000000e+03,0.000000000000000000e+00,0.000000000000000000e+00
0.000000000000000000e+00,0.000000000000000000e+00,0.000000000000000000e+00,4.095000000000000000e+03,0.000000000000000000e+00,0.000000000000000000e+00
4.095000000000000000e+03,0.000000000000000000e+00,0.000000000000000000e+00,4.095000000000000000e+03,0.000000000000000000e+00,0.000000000000000000e+00
4.095000000000000000e+03,0.000000000000000000e+00,0.000000000000000000e+00,4.095000000000000000e+03,0.000000000000000000e+00,0.000000000000000000e+00
4.095000000000000000e+03,0.000000000000000000e+00,0.000000000000000000e+00,4.095000000000000000e+03,0.000000000000000000e+00,0.000000000000000000e+00
4.095000000000000000e+03,0.000000000000000000e+00,0.000000000000000000e+00,1.951000000000000000e+03,0.000000000000000000e+00,0.000000000000000000e+00
4.095000000000000000e+03,0.000000000000000000e+00,0.000000000000000000e+00,4.095000000000000000e+03,0.000000000000000000e+00,0.000000000000000000e+00
4.095000000000000000e+03,0.000000000000000000e+00,0.000000000000000000e+00,1.072000000000000000e+03,0.000000000000000000e+00,0.000000000000000000e+00
0.000000000000000000e+00,0.000000000000000000e+00,0.000000000000000000e+00,7.570000000000000000e+02,0.000000000000000000e+00,0.000000000000000000e+00
0.000000000000000000e+00,0.000000000000000000e+00,0.000000000000000000e+00,1.119000000000000000e+03,0.000000000000000000e+00,0.000000000000000000e+00
4.095000000000000000e+03,0.000000000000000000e+00,0.000000000000000000e+00,1.115000000000000000e+03,0.000000000000000000e+00,0.000000000000000000e+00
4.095000000000000000e+03,0.000000000000000000e+00,0.000000000000000000e+00,2.215000000000000000e+03,0.000000000000000000e+00,0.000000000000000000e+00
4.095000000000000000e+03,0.000000000000000000e+00,0.000000000000000000e+00,1.477000000000000000e+03,0.000000000000000000e+00,0.000000000000000000e+00
4.095000000000000000e+03,0.000000000000000000e+00,0.000000000000000000e+00,4.095000000000000000e+03,0.000000000000000000e+00,0.000000000000000000e+00
4.095000000000000000e+03,0.000000000000000000e+00,0.000000000000000000e+00,4.095000000000000000e+03,0.000000000000000000e+00,0.000000000000000000e+00
4.095000000000000000e+03,0.000000000000000000e+00,0.000000000000000000e+00,4.095000000000000000e+03,0.000000000000000000e+00,0.000000000000000000e+00
4.077000000000000000e+03,0.000000000000000000e+00,0.000000000000000000e+00,4.095000000000000000e+03,0.000000000000000000e+00,0.000000000000000000e+00
4.095000000000000000e+03,0.000000000000000000e+00,0.000000000000000000e+00,4.095000000000000000e+03,0.000000000000000000e+00,0.000000000000000000e+00
4.009000000000000000e+03,0.000000000000000000e+00,0.000000000000000000e+00,4.095000000000000000e+03,0.000000000000000000e+00,0.000000000000000000e+00
4.095000000000000000e+03,0.000000000000000000e+00,0.000000000000000000e+00,4.095000000000000000e+03,0.000000000000000000e+00,0.000000000000000000e+00
4.095000000000000000e+03,0.000000000000000000e+00,0.000000000000000000e+00,4.095000000000000000e+03,0.000000000000000000e+00,0.000000000000000000e+00
4.095000000000000000e+03,0.000000000000000000e+00,0.000000000000000000e+00,4.095000000000000000e+03,0.000000000000000000e+00,0.000000000000000000e+00
4.095000000000000000e+03,0.000000000000000000e+00,0.000000000000000000e+00,4.095000000000000000e+03,0.000000000000000000e+00,0.000000000000000000e+00
4.095000000000000000e+03,0.000000000000000000e+00,0.000000000000000000e+00,3.950000000000000000e+03,0.000000000000000000e+00,0.000000000000000000e+00
4.095000000000000000e+03,0.000000000000000000e+00,0.000000000000000000e+00,4.062000000000000000e+03,0.000000000000000000e+00,0.000000000000000000e+00
4.095000000000000000e+03,0.000000000000000000e+00,0.000000000000000000e+00,0.000000000000000000e+00,0.000000000000000000e+00,0.000000000000000000e+00
4.095000000000000000e+03,0.000000000000000000e+00,0.000000000000000000e+00,4.095000000000000000e+03,0.000000000000000000e+00,0.000000000000000000e+00
4.095000000000000000e+03,0.000000000000000000e+00,0.000000000000000000e+00,4.095000000000000000e+03,0.000000000000000000e+00,0.000000000000000000e+00
4.095000000000000000e+03,0.000000000000000000e+00,0.000000000000000000e+00,4.095000000000000000e+03,0.000000000000000000e+00,0.000000000000000000e+00
4.095000000000000000e+03,0.000000000000000000e+00,0.000000000000000000e+00,4.900000000000000000e+01,0.000000000000000000e+00,0.000000000000000000e+00
4.095000000000000000e+03,0.000000000000000000e+00,0.000000000000000000e+00,1.799000000000000000e+03,0.000000000000000000e+00,0.000000000000000000e+00
4.095000000000000000e+03,0.000000000000000000e+00,0.000000000000000000e+00,1.798000000000000000e+03,4.770000000000000000e+02,0.000000000000000000e+00
4.095000000000000000e+03,0.000000000000000000e+00,0.000000000000000000e+00,1.833000000000000000e+03,0.000000000000000000e+00,0.000000000000000000e+00
4.095000000000000000e+03,0.000000000000000000e+00,0.000000000000000000e+00,2.829000000000000000e+03,0.000000000000000000e+00,0.000000000000000000e+00
4.095000000000000000e+03,0.000000000000000000e+00,0.000000000000000000e+00,4.095000000000000000e+03,0.000000000000000000e+00,0.000000000000000000e+00
4.095000000000000000e+03,4.095000000000000000e+03,0.000000000000000000e+00,4.095000000000000000e+03,0.000000000000000000e+00,0.000000000000000000e+00
4.095000000000000000e+03,4.055000000000000000e+03,0.000000000000000000e+00,4.095000000000000000e+03,0.000000000000000000e+00,0.000000000000000000e+00
4.095000000000000000e+03,4.095000000000000000e+03,0.000000000000000000e+00,4.095000000000000000e+03,0.000000000000000000e+00,0.000000000000000000e+00
4.095000000000000000e+03,4.095000000000000000e+03,0.000000000000000000e+00,4.095000000000000000e+03,0.000000000000000000e+00,0.000000000000000000e+00
4.095000000000000000e+03,4.095000000000000000e+03,0.000000000000000000e+00,4.095000000000000000e+03,0.000000000000000000e+00,0.000000000000000000e+00
4.095000000000000000e+03,4.095000000000000000e+03,0.000000000000000000e+00,4.095000000000000000e+03,0.000000000000000000e+00,0.000000000000000000e+00
4.047000000000000000e+03,0.000000000000000000e+00,0.000000000000000000e+00,4.095000000000000000e+03,0.000000000000000000e+00,0.000000000000000000e+00
4.095000000000000000e+03,4.095000000000000000e+03,0.000000000000000000e+00,4.095000000000000000e+03,0.000000000000000000e+00,0.000000000000000000e+00
4.095000000000000000e+03,0.000000000000000000e+00,0.000000000000000000e+00,4.095000000000000000e+03,0.000000000000000000e+00,0.000000000000000000e+00
4.095000000000000000e+03,0.000000000000000000e+00,0.000000000000000000e+00,4.095000000000000000e+03,0.000000000000000000e+00,0.000000000000000000e+00
4.095000000000000000e+03,0.000000000000000000e+00,0.000000000000000000e+00,4.095000000000000000e+03,0.000000000000000000e+00,0.000000000000000000e+00
4.095000000000000000e+03,0.000000000000000000e+00,0.000000000000000000e+00,4.095000000000000000e+03,0.000000000000000000e+00,0.000000000000000000e+00
3.630000000000000000e+03,0.000000000000000000e+00,0.000000000000000000e+00,4.095000000000000000e+03,0.000000000000000000e+00,0.000000000000000000e+00
4.062000000000000000e+03,0.000000000000000000e+00,0.000000000000000000e+00,4.095000000000000000e+03,0.000000000000000000e+00,0.000000000000000000e+00
0.000000000000000000e+00,0.000000000000000000e+00,0.000000000000000000e+00,4.095000000000000000e+03,0.000000000000000000e+00,0.000000000000000000e+00
4.095000000000000000e+03,0.000000000000000000e+00,0.000000000000000000e+00,4.095000000000000000e+03,0.000000000000000000e+00,0.000000000000000000e+00
4.095000000000000000e+03,0.000000000000000000e+00,0.000000000000000000e+00,4.095000000000000000e+03,0.000000000000000000e+00,0.000000000000000000e+00
4.095000000000000000e+03,0.000000000000000000e+00,0.000000000000000000e+00,4.095000000000000000e+03,0.000000000000000000e+00,0.000000000000000000e+00
4.095000000000000000e+03,0.000000000000000000e+00,0.000000000000000000e+00,4.095000000000000000e+03,4.500000000000000000e+01,0.000000000000000000e+00
4.095000000000000000e+03,0.000000000000000000e+00,0.000000000000000000e+00,4.095000000000000000e+03,0.000000000000000000e+00,0.000000000000000000e+00
4.095000000000000000e+03,0.000000000000000000e+00,0.000000000000000000e+00,4.095000000000000000e+03,0.000000000000000000e+00,0.000000000000000000e+00
4.095000000000000000e+03,0.000000000000000000e+00,0.000000000000000000e+00,4.095000000000000000e+03,0.000000000000000000e+00,0.000000000000000000e+00
4.095000000000000000e+03,0.000000000000000000e+00,0.000000000000000000e+00,4.095000000000000000e+03,0.000000000000000000e+00,0.000000000000000000e+00
0.000000000000000000e+00,0.000000000000000000e+00,0.000000000000000000e+00,4.095000000000000000e+03,0.000000000000000000e+00,0.000000000000000000e+00
0.000000000000000000e+00,0.000000000000000000e+00,0.000000000000000000e+00,4.095000000000000000e+03,0.000000000000000000e+00,0.000000000000000000e+00
3.000000000000000000e+01,0.000000000000000000e+00,0.000000000000000000e+00,4.095000000000000000e+03,0.000000000000000000e+00,0.000000000000000000e+00
0.000000000000000000e+00,4.095000000000000000e+03,0.000000000000000000e+00,4.095000000000000000e+03,0.000000000000000000e+00,0.000000000000000000e+00
0.000000000000000000e+00,4.095000000000000000e+03,0.000000000000000000e+00,4.095000000000000000e+03,0.000000000000000000e+00,0.000000000000000000e+00
0.000000000000000000e+00,0.000000000000000000e+00,0.000000000000000000e+00,4.095000000000000000e+03,4.095000000000000000e+03,0.000000000000000000e+00
0.000000000000000000e+00,0.000000000000000000e+00,0.000000000000000000e+00,4.095000000000000000e+03,0.000000000000000000e+00,0.000000000000000000e+00
1.000000000000000000e+00,0.000000000000000000e+00,0.000000000000000000e+00,4.095000000000000000e+03,0.000000000000000000e+00,0.000000000000000000e+00
4.095000000000000000e+03,0.000000000000000000e+00,0.000000000000000000e+00,4.095000000000000000e+03,0.000000000000000000e+00,0.000000000000000000e+00
4.095000000000000000e+03,0.000000000000000000e+00,0.000000000000000000e+00,4.095000000000000000e+03,0.000000000000000000e+00,0.000000000000000000e+00
4.095000000000000000e+03,0.000000000000000000e+00,0.000000000000000000e+00,4.095000000000000000e+03,0.000000000000000000e+00,0.000000000000000000e+00
4.095000000000000000e+03,0.000000000000000000e+00,1.839000000000000000e+03,4.095000000000000000e+03,0.000000000000000000e+00,5.300000000000000000e+01
4.095000000000000000e+03,0.000000000000000000e+00,1.313000000000000000e+03,4.095000000000000000e+03,5.920000000000000000e+02,0.000000000000000000e+00
0.000000000000000000e+00,0.000000000000000000e+00,6.700000000000000000e+01,4.095000000000000000e+03,4.095000000000000000e+03,0.000000000000000000e+00
0.000000000000000000e+00,0.000000000000000000e+00,0.000000000000000000e+00,4.095000000000000000e+03,4.095000000000000000e+03,0.000000000000000000e+00
0.000000000000000000e+00,6.400000000000000000e+01,1.800000000000000000e+01,4.095000000000000000e+03,6.810000000000000000e+02,0.000000000000000000e+00
0.000000000000000000e+00,4.095000000000000000e+03,0.000000000000000000e+00,4.095000000000000000e+03,0.000000000000000000e+00,0.000000000000000000e+00
0.000000000000000000e+00,4.095000000000000000e+03,0.000000000000000000e+00,4.095000000000000000e+03,0.000000000000000000e+00,0.000000000000000000e+00
4.095000000000000000e+03,4.095000000000000000e+03,0.000000000000000000e+00,4.095000000000000000e+03,0.000000000000000000e+00,0.000000000000000000e+00
4.095000000000000000e+03,0.000000000000000000e+00,0.000000000000000000e+00,4.095000000000000000e+03,0.000000000000000000e+00,1.258000000000000000e+03
4.095000000000000000e+03,0.000000000000000000e+00,0.000000000000000000e+00,4.095000000000000000e+03,0.000000000000000000e+00,0.000000000000000000e+00
4.095000000000000000e+03,0.000000000000000000e+00,3.500000000000000000e+01,4.095000000000000000e+03,0.000000000000000000e+00,0.000000000000000000e+00
3.960000000000000000e+03,0.000000000000000000e+00,0.000000000000000000e+00,4.095000000000000000e+03,0.000000000000000000e+00,0.000000000000000000e+00
4.095000000000000000e+03,0.000000000000000000e+00,0.000000000000000000e+00,4.095000000000000000e+03,0.000000000000000000e+00,0.000000000000000000e+00
4.095000000000000000e+03,4.095000000000000000e+03,0.000000000000000000e+00,4.095000000000000000e+03,0.000000000000000000e+00,0.000000000000000000e+00
0.000000000000000000e+00,4.095000000000000000e+03,0.000000000000000000e+00,4.095000000000000000e+03,0.000000000000000000e+00,0.000000000000000000e+00
0.000000000000000000e+00,4.095000000000000000e+03,0.000000000000000000e+00,4.095000000000000000e+03,0.000000000000000000e+00,0.000000000000000000e+00
0.000000000000000000e+00,4.095000000000000000e+03,0.000000000000000000e+00,4.095000000000000000e+03,0.000000000000000000e+00,0.000000000000000000e+00
0.000000000000000000e+00,4.095000000000000000e+03,0.000000000000000000e+00,4.095000000000000000e+03,0.000000000000000000e+00,0.000000000000000000e+00
0.000000000000000000e+00,4.095000000000000000e+03,0.000000000000000000e+00,6.400000000000000000e+01,0.000000000000000000e+00,0.000000000000000000e+00
0.000000000000000000e+00,0.000000000000000000e+00,0.000000000000000000e+00,5.470000000000000000e+02,0.000000000000000000e+00,0.000000000000000000e+00
0.000000000000000000e+00,0.000000000000000000e+00,0.000000000000000000e+00,4.095000000000000000e+03,0.000000000000000000e+00,0.000000000000000000e+00
0.000000000000000000e+00,0.000000000000000000e+00,0.000000000000000000e+00,4.095000000000000000e+03,0.000000000000000000e+00,0.000000000000000000e+00
4.095000000000000000e+03,0.000000000000000000e+00,0.000000000000000000e+00,4.095000000000000000e+03,0.000000000000000000e+00,0.000000000000000000e+00
4.095000000000000000e+03,0.000000000000000000e+00,0.000000000000000000e+00,4.095000000000000000e+03,0.000000000000000000e+00,0.000000000000000000e+00
4.095000000000000000e+03,0.000000000000000000e+00,0.000000000000000000e+00,4.095000000000000000e+03,0.000000000000000000e+00,0.000000000000000000e+00
4.095000000000000000e+03,0.000000000000000000e+00,0.000000000000000000e+00,4.095000000000000000e+03,0.000000000000000000e+00,0.000000000000000000e+00
4.095000000000000000e+03,0.000000000000000000e+00,0.000000000000000000e+00,4.095000000000000000e+03,0.000000000000000000e+00,0.000000000000000000e+00
4.095000000000000000e+03,0.000000000000000000e+00,0.000000000000000000e+00,4.095000000000000000e+03,0.000000000000000000e+00,0.000000000000000000e+00
4.095000000000000000e+03,0.000000000000000000e+00,0.000000000000000000e+00,4.095000000000000000e+03,0.000000000000000000e+00,0.000000000000000000e+00
0.000000000000000000e+00,0.000000000000000000e+00,0.000000000000000000e+00,4.095000000000000000e+03,0.000000000000000000e+00,0.000000000000000000e+00
4.095000000000000000e+03,0.000000000000000000e+00,0.000000000000000000e+00,4.095000000000000000e+03,0.000000000000000000e+00,0.000000000000000000e+00
4.095000000000000000e+03,0.000000000000000000e+00,0.000000000000000000e+00,4.095000000000000000e+03,0.000000000000000000e+00,0.000000000000000000e+00
4.095000000000000000e+03,0.000000000000000000e+00,0.000000000000000000e+00,4.095000000000000000e+03,0.000000000000000000e+00,0.000000000000000000e+00
4.095000000000000000e+03,0.000000000000000000e+00,0.000000000000000000e+00,4.095000000000000000e+03,0.000000000000000000e+00,0.000000000000000000e+00
4.095000000000000000e+03,0.000000000000000000e+00,0.000000000000000000e+00,1.900000000000000000e+02,0.000000000000000000e+00,0.000000000000000000e+00
4.095000000000000000e+03,0.000000000000000000e+00,0.000000000000000000e+00,4.095000000000000000e+03,0.000000000000000000e+00,0.000000000000000000e+00
4.095000000000000000e+03,0.000000000000000000e+00,0.000000000000000000e+00,4.095000000000000000e+03,0.000000000000000000e+00,0.000000000000000000e+00
4.095000000000000000e+03,0.000000000000000000e+00,0.000000000000000000e+00,4.095000000000000000e+03,0.000000000000000000e+00,0.000000000000000000e+00
0.000000000000000000e+00,0.000000000000000000e+00,0.000000000000000000e+00,4.095000000000000000e+03,0.000000000000000000e+00,0.000000000000000000e+00
0.000000000000000000e+00,0.000000000000000000e+00,0.000000000000000000e+00,4.095000000000000000e+03,0.000000000000000000e+00,0.000000000000000000e+00
4.095000000000000000e+03,0.000000000000000000e+00,0.000000000000000000e+00,4.095000000000000000e+03,8.300000000000000000e+01,0.000000000000000000e+00
4.095000000000000000e+03,0.000000000000000000e+00,0.000000000000000000e+00,4.095000000000000000e+03,1.480000000000000000e+02,0.000000000000000000e+00
4.095000000000000000e+03,0.000000000000000000e+00,0.000000000000000000e+00,4.095000000000000000e+03,0.000000000000000000e+00,0.000000000000000000e+00
4.095000000000000000e+03,0.000000000000000000e+00,0.000000000000000000e+00,4.095000000000000000e+03,0.000000000000000000e+00,0.000000000000000000e+00
4.095000000000000000e+03,0.000000000000000000e+00,0.000000000000000000e+00,4.095000000000000000e+03,0.000000000000000000e+00,0.000000000000000000e+00
0.000000000000000000e+00,0.000000000000000000e+00,0.000000000000000000e+00,4.095000000000000000e+03,0.000000000000000000e+00,0.000000000000000000e+00
0.000000000000000000e+00,0.000000000000000000e+00,0.000000000000000000e+00,4.095000000000000000e+03,0.000000000000000000e+00,0.000000000000000000e+00
0.000000000000000000e+00,0.000000000000000000e+00,0.000000000000000000e+00,4.095000000000000000e+03,6.710000000000000000e+02,1.110000000000000000e+02
0.000000000000000000e+00,0.000000000000000000e+00,0.000000000000000000e+00,4.095000000000000000e+03,4.900000000000000000e+01,0.000000000000000000e+00
0.000000000000000000e+00,0.000000000000000000e+00,0.000000000000000000e+00,4.095000000000000000e+03,0.000000000000000000e+00,0.000000000000000000e+00
4.095000000000000000e+03,0.000000000000000000e+00,0.000000000000000000e+00,4.095000000000000000e+03,0.000000000000000000e+00,0.000000000000000000e+00
4.095000000000000000e+03,4.095000000000000000e+03,0.000000000000000000e+00,4.095000000000000000e+03,0.000000000000000000e+00,0.000000000000000000e+00
4.085000000000000000e+03,4.095000000000000000e+03,0.000000000000000000e+00,4.095000000000000000e+03,0.000000000000000000e+00,5.800000000000000000e+01
4.095000000000000000e+03,1.440000000000000000e+02,0.000000000000000000e+00,4.095000000000000000e+03,0.000000000000000000e+00,0.000000000000000000e+00
4.095000000000000000e+03,0.000000000000000000e+00,0.000000000000000000e+00,0.000000000000000000e+00,0.000000000000000000e+00,0.000000000000000000e+00
4.095000000000000000e+03,0.000000000000000000e+00,0.000000000000000000e+00,0.000000000000000000e+00,4.095000000000000000e+03,0.000000000000000000e+00
4.095000000000000000e+03,0.000000000000000000e+00,0.000000000000000000e+00,0.000000000000000000e+00,2.090000000000000000e+02,0.000000000000000000e+00
4.095000000000000000e+03,4.095000000000000000e+03,0.000000000000000000e+00,0.000000000000000000e+00,1.650000000000000000e+02,0.000000000000000000e+00
4.095000000000000000e+03,4.095000000000000000e+03,0.000000000000000000e+00,4.700000000000000000e+01,3.700000000000000000e+01,0.000000000000000000e+00
4.095000000000000000e+03,4.095000000000000000e+03,0.000000000000000000e+00,1.600000000000000000e+01,1.500000000000000000e+01,0.000000000000000000e+00
4.095000000000000000e+03,4.095000000000000000e+03,0.000000000000000000e+00,6.000000000000000000e+00,0.000000000000000000e+00,0.000000000000000000e+00
4.095000000000000000e+03,4.095000000000000000e+03,0.000000000000000000e+00,2.600000000000000000e+01,0.000000000000000000e+00,0.000000000000000000e+00
4.095000000000000000e+03,4.095000000000000000e+03,0.000000000000000000e+00,1.300000000000000000e+01,9.940000000000000000e+02,0.000000000000000000e+00
4.095000000000000000e+03,3.100000000000000000e+01,0.000000000000000000e+00,0.000000000000000000e+00,4.095000000000000000e+03,0.000000000000000000e+00
4.095000000000000000e+03,0.000000000000000000e+00,0.000000000000000000e+00,0.000000000000000000e+00,4.095000000000000000e+03,0.000000000000000000e+00
4.095000000000000000e+03,0.000000000000000000e+00,0.000000000000000000e+00,0.000000000000000000e+00,0.000000000000000000e+00,0.000000000000000000e+00
4.095000000000000000e+03,0.000000000000000000e+00,0.000000000000000000e+00,0.000000000000000000e+00,0.000000000000000000e+00,0.000000000000000000e+00
4.095000000000000000e+03,4.095000000000000000e+03,0.000000000000000000e+00,0.000000000000000000e+00,4.800000000000000000e+01,0.000000000000000000e+00
4.095000000000000000e+03,4.095000000000000000e+03,0.000000000000000000e+00,0.000000000000000000e+00,4.095000000000000000e+03,0.000000000000000000e+00
4.095000000000000000e+03,4.095000000000000000e+03,0.000000000000000000e+00,5.700000000000000000e+01,4.095000000000000000e+03,1.130000000000000000e+02
4.095000000000000000e+03,4.095000000000000000e+03,0.000000000000000000e+00,0.000000000000000000e+00,0.000000000000000000e+00,0.000000000000000000e+00
4.095000000000000000e+03,4.095000000000000000e+03,0.000000000000000000e+00,0.000000000000000000e+00,0.000000000000000000e+00,0.000000000000000000e+00
0.000000000000000000e+00,0.000000000000000000e+00,0.000000000000000000e+00,0.000000000000000000e+00,0.000000000000000000e+00,0.000000000000000000e+00
0.000000000000000000e+00,0.000000000000000000e+00,0.000000000000000000e+00,0.000000000000000000e+00,0.000000000000000000e+00,0.000000000000000000e+00
0.000000000000000000e+00,0.000000000000000000e+00,0.000000000000000000e+00,8.700000000000000000e+01,0.000000000000000000e+00,0.000000000000000000e+00
0.000000000000000000e+00,0.000000000000000000e+00,0.000000000000000000e+00,0.000000000000000000e+00,0.000000000000000000e+00,0.000000000000000000e+00
0.000000000000000000e+00,0.000000000000000000e+00,0.000000000000000000e+00,3.140000000000000000e+02,0.000000000000000000e+00,0.000000000000000000e+00
0.000000000000000000e+00,0.000000000000000000e+00,0.000000000000000000e+00,2.910000000000000000e+02,0.000000000000000000e+00,0.000000000000000000e+00
0.000000000000000000e+00,0.000000000000000000e+00,0.000000000000000000e+00,1.940000000000000000e+02,0.000000000000000000e+00,0.000000000000000000e+00
0.000000000000000000e+00,0.000000000000000000e+00,0.000000000000000000e+00,3.040000000000000000e+02,0.000000000000000000e+00,0.000000000000000000e+00
0.000000000000000000e+00,0.000000000000000000e+00,0.000000000000000000e+00,3.040000000000000000e+02,0.000000000000000000e+00,0.000000000000000000e+00
0.000000000000000000e+00,4.095000000000000000e+03,0.000000000000000000e+00,4.090000000000000000e+02,0.000000000000000000e+00,0.000000000000000000e+00
0.000000000000000000e+00,0.000000000000000000e+00,0.000000000000000000e+00,4.330000000000000000e+02,0.000000000000000000e+00,0.000000000000000000e+00
0.000000000000000000e+00,0.000000000000000000e+00,0.000000000000000000e+00,4.480000000000000000e+02,0.000000000000000000e+00,0.000000000000000000e+00
0.000000000000000000e+00,0.000000000000000000e+00,0.000000000000000000e+00,4.890000000000000000e+02,0.000000000000000000e+00,0.000000000000000000e+00
0.000000000000000000e+00,0.000000000000000000e+00,0.000000000000000000e+00,4.600000000000000000e+02,0.000000000000000000e+00,0.000000000000000000e+00
0.000000000000000000e+00,0.000000000000000000e+00,0.000000000000000000e+00,4.800000000000000000e+02,0.000000000000000000e+00,0.000000000000000000e+00
0.000000000000000000e+00,0.000000000000000000e+00,0.000000000000000000e+00,4.950000000000000000e+02,0.000000000000000000e+00,0.000000000000000000e+00
0.000000000000000000e+00,0.000000000000000000e+00,0.000000000000000000e+00,5.100000000000000000e+02,0.000000000000000000e+00,0.000000000000000000e+00
0.000000000000000000e+00,0.000000000000000000e+00,0.000000000000000000e+00,4.960000000000000000e+02,0.000000000000000000e+00,0.000000000000000000e+00
0.000000000000000000e+00,0.000000000000000000e+00,0.000000000000000000e+00,4.800000000000000000e+02,0.000000000000000000e+00,0.000000000000000000e+00
4.095000000000000000e+03,0.000000000000000000e+00,0.000000000000000000e+00,5.450000000000000000e+02,3.390000000000000000e+02,0.000000000000000000e+00
4.095000000000000000e+03,0.000000000000000000e+00,0.000000000000000000e+00,8.270000000000000000e+02,4.095000000000000000e+03,0.000000000000000000e+00
0.000000000000000000e+00,0.000000000000000000e+00,0.000000000000000000e+00,8.750000000000000000e+02,1.749000000000000000e+03,0.000000000000000000e+00
0.000000000000000000e+00,0.000000000000000000e+00,0.000000000000000000e+00,8.330000000000000000e+02,4.095000000000000000e+03,0.000000000000000000e+00
4.095000000000000000e+03,0.000000000000000000e+00,0.000000000000000000e+00,9.310000000000000000e+02,4.095000000000000000e+03,0.000000000000000000e+00
4.095000000000000000e+03,0.000000000000000000e+00,0.000000000000000000e+00,8.870000000000000000e+02,0.000000000000000000e+00,0.000000000000000000e+00
4.095000000000000000e+03,0.000000000000000000e+00,4.095000000000000000e+03,9.480000000000000000e+02,0.000000000000000000e+00,9.050000000000000000e+02
3.857000000000000000e+03,0.000000000000000000e+00,4.056000000000000000e+03,1.081000000000000000e+03,0.000000000000000000e+00,8.200000000000000000e+01
0.000000000000000000e+00,0.000000000000000000e+00,4.095000000000000000e+03,4.095000000000000000e+03,6.340000000000000000e+02,1.240000000000000000e+02
0.000000000000000000e+00,0.000000000000000000e+00,4.095000000000000000e+03,1.003000000000000000e+03,0.000000000000000000e+00,4.095000000000000000e+03
0.000000000000000000e+00,0.000000000000000000e+00,4.095000000000000000e+03,1.033000000000000000e+03,1.104000000000000000e+03,4.095000000000000000e+03
0.000000000000000000e+00,0.000000000000000000e+00,4.095000000000000000e+03,1.013000000000000000e+03,4.095000000000000000e+03,4.095000000000000000e+03
0.000000000000000000e+00,0.000000000000000000e+00,0.000000000000000000e+00,1.072000000000000000e+03,4.095000000000000000e+03,4.095000000000000000e+03
0.000000000000000000e+00,4.095000000000000000e+03,0.000000000000000000e+00,4.095000000000000000e+03,4.095000000000000000e+03,0.000000000000000000e+00
4.095000000000000000e+03,4.095000000000000000e+03,0.000000000000000000e+00,9.100000000000000000e+02,4.095000000000000000e+03,0.000000000000000000e+00
4.095000000000000000e+03,4.095000000000000000e+03,0.000000000000000000e+00,1.741000000000000000e+03,4.095000000000000000e+03,0.000000000000000000e+00
4.095000000000000000e+03,4.095000000000000000e+03,0.000000000000000000e+00,1.740000000000000000e+03,4.095000000000000000e+03,0.000000000000000000e+00
4.095000000000000000e+03,4.095000000000000000e+03,0.000000000000000000e+00,1.743000000000000000e+03,0.000000000000000000e+00,0.000000000000000000e+00
4.095000000000000000e+03,4.095000000000000000e+03,0.000000000000000000e+00,9.630000000000000000e+02,5.900000000000000000e+02,0.000000000000000000e+00
4.095000000000000000e+03,4.095000000000000000e+03,0.000000000000000000e+00,1.790000000000000000e+02,4.095000000000000000e+03,0.000000000000000000e+00
0.000000000000000000e+00,4.095000000000000000e+03,0.000000000000000000e+00,0.000000000000000000e+00,4.095000000000000000e+03,0.000000000000000000e+00
0.000000000000000000e+00,0.000000000000000000e+00,0.000000000000000000e+00,3.900000000000000000e+01,4.095000000000000000e+03,0.000000000000000000e+00
0.000000000000000000e+00,0.000000000000000000e+00,0.000000000000000000e+00,8.030000000000000000e+02,4.095000000000000000e+03,0.000000000000000000e+00
0.000000000000000000e+00,0.000000000000000000e+00,0.000000000000000000e+00,6.130000000000000000e+02,4.095000000000000000e+03,0.000000000000000000e+00
4.095000000000000000e+03,4.200000000000000000e+01,0.000000000000000000e+00,9.210000000000000000e+02,4.095000000000000000e+03,0.000000000000000000e+00
4.390000000000000000e+02,4.095000000000000000e+03,0.000000000000000000e+00,1.694000000000000000e+03,4.095000000000000000e+03,0.000000000000000000e+00
0.000000000000000000e+00,0.000000000000000000e+00,0.000000000000000000e+00,1.739000000000000000e+03,4.095000000000000000e+03,0.000000000000000000e+00
0.000000000000000000e+00,0.000000000000000000e+00,0.000000000000000000e+00,1.871000000000000000e+03,4.095000000000000000e+03,0.000000000000000000e+00
0.000000000000000000e+00,0.000000000000000000e+00,0.000000000000000000e+00,4.095000000000000000e+03,1.226000000000000000e+03,0.000000000000000000e+00
0.000000000000000000e+00,0.000000000000000000e+00,0.000000000000000000e+00,8.320000000000000000e+02,1.490000000000000000e+02,0.000000000000000000e+00
0.000000000000000000e+00,0.000000000000000000e+00,0.000000000000000000e+00,7.570000000000000000e+02,0.000000000000000000e+00,0.000000000000000000e+00
0.000000000000000000e+00,0.000000000000000000e+00,0.000000000000000000e+00,1.743000000000000000e+03,0.000000000000000000e+00,0.000000000000000000e+00
0.000000000000000000e+00,0.000000000000000000e+00,4.095000000000000000e+03,0.000000000000000000e+00,0.000000000000000000e+00,0.000000000000000000e+00
0.000000000000000000e+00,0.000000000000000000e+00,4.095000000000000000e+03,0.000000000000000000e+00,0.000000000000000000e+00,0.000000000000000000e+00
0.000000000000000000e+00,0.000000000000000000e+00,1.500000000000000000e+01,1.120000000000000000e+02,0.000000000000000000e+00,0.000000000000000000e+00
0.000000000000000000e+00,0.000000000000000000e+00,0.000000000000000000e+00,1.169000000000000000e+03,0.000000000000000000e+00,0.000000000000000000e+00
1.210000000000000000e+02,0.000000000000000000e+00,0.000000000000000000e+00,0.000000000000000000e+00,0.000000000000000000e+00,0.000000000000000000e+00
0.000000000000000000e+00,0.000000000000000000e+00,0.000000000000000000e+00,3.040000000000000000e+02,0.000000000000000000e+00,0.000000000000000000e+00
4.095000000000000000e+03,0.000000000000000000e+00,0.000000000000000000e+00,7.260000000000000000e+02,0.000000000000000000e+00,0.000000000000000000e+00
4.095000000000000000e+03,0.000000000000000000e+00,0.000000000000000000e+00,7.230000000000000000e+02,0.000000000000000000e+00,0.000000000000000000e+00
4.095000000000000000e+03,0.000000000000000000e+00,0.000000000000000000e+00,7.810000000000000000e+02,0.000000000000000000e+00,0.000000000000000000e+00
4.095000000000000000e+03,0.000000000000000000e+00,0.000000000000000000e+00,7.710000000000000000e+02,0.000000000000000000e+00,0.000000000000000000e+00
0.000000000000000000e+00,0.000000000000000000e+00,0.000000000000000000e+00,1.175000000000000000e+03,4.095000000000000000e+03,0.000000000000000000e+00
0.000000000000000000e+00,0.000000000000000000e+00,0.000000000000000000e+00,9.390000000000000000e+02,0.000000000000000000e+00,0.000000000000000000e+00
1.000000000000000000e+00,0.000000000000000000e+00,0.000000000000000000e+00,1.193000000000000000e+03,0.000000000000000000e+00,0.000000000000000000e+00
5.300000000000000000e+01,0.000000000000000000e+00,0.000000000000000000e+00,1.805000000000000000e+03,0.000000000000000000e+00,0.000000000000000000e+00
9.800000000000000000e+01,0.000000000000000000e+00,0.000000000000000000e+00,1.615000000000000000e+03,0.000000000000000000e+00,0.000000000000000000e+00
1.800000000000000000e+01,0.000000000000000000e+00,0.000000000000000000e+00,1.813000000000000000e+03,0.000000000000000000e+00,0.000000000000000000e+00
0.000000000000000000e+00,0.000000000000000000e+00,0.000000000000000000e+00,1.872000000000000000e+03,0.000000000000000000e+00,0.000000000000000000e+00
0.000000000000000000e+00,0.000000000000000000e+00,1.000000000000000000e+01,1.189000000000000000e+03,0.000000000000000000e+00,0.000000000000000000e+00
0.000000000000000000e+00,0.000000000000000000e+00,0.000000000000000000e+00,8.000000000000000000e+01,0.000000000000000000e+00,0.000000000000000000e+00
4.300000000000000000e+01,0.000000000000000000e+00,0.000000000000000000e+00,4.095000000000000000e+03,0.000000000000000000e+00,0.000000000000000000e+00
0.000000000000000000e+00,0.000000000000000000e+00,0.000000000000000000e+00,4.095000000000000000e+03,4.095000000000000000e+03,0.000000000000000000e+00
2.700000000000000000e+01,0.000000000000000000e+00,0.000000000000000000e+00,1.173000000000000000e+03,0.000000000000000000e+00,0.000000000000000000e+00
4.095000000000000000e+03,0.000000000000000000e+00,0.000000000000000000e+00,1.255000000000000000e+03,0.000000000000000000e+00,0.000000000000000000e+00
4.095000000000000000e+03,0.000000000000000000e+00,0.000000000000000000e+00,8.830000000000000000e+02,0.000000000000000000e+00,0.000000000000000000e+00
4.095000000000000000e+03,0.000000000000000000e+00,0.000000000000000000e+00,1.756000000000000000e+03,0.000000000000000000e+00,0.000000000000000000e+00
0.000000000000000000e+00,0.000000000000000000e+00,0.000000000000000000e+00,4.095000000000000000e+03,0.000000000000000000e+00,0.000000000000000000e+00
0.000000000000000000e+00,4.095000000000000000e+03,0.000000000000000000e+00,4.095000000000000000e+03,0.000000000000000000e+00,0.000000000000000000e+00
0.000000000000000000e+00,0.000000000000000000e+00,0.000000000000000000e+00,9.800000000000000000e+01,0.000000000000000000e+00,0.000000000000000000e+00
0.000000000000000000e+00,0.000000000000000000e+00,0.000000000000000000e+00,2.420000000000000000e+02,0.000000000000000000e+00,0.000000000000000000e+00
0.000000000000000000e+00,0.000000000000000000e+00,0.000000000000000000e+00,4.095000000000000000e+03,0.000000000000000000e+00,0.000000000000000000e+00
4.095000000000000000e+03,0.000000000000000000e+00,0.000000000000000000e+00,1.168000000000000000e+03,0.000000000000000000e+00,0.000000000000000000e+00
0.000000000000000000e+00,0.000000000000000000e+00,0.000000000000000000e+00,1.152000000000000000e+03,0.000000000000000000e+00,0.000000000000000000e+00
0.000000000000000000e+00,0.000000000000000000e+00,0.000000000000000000e+00,1.217000000000000000e+03,0.000000000000000000e+00,0.000000000000000000e+00
0.000000000000000000e+00,0.000000000000000000e+00,0.000000000000000000e+00,1.391000000000000000e+03,0.000000000000000000e+00,0.000000000000000000e+00
0.000000000000000000e+00,0.000000000000000000e+00,0.000000000000000000e+00,1.774000000000000000e+03,0.000000000000000000e+00,0.000000000000000000e+00
4.095000000000000000e+03,0.000000000000000000e+00,0.000000000000000000e+00,1.730000000000000000e+03,0.000000000000000000e+00,0.000000000000000000e+00
4.095000000000000000e+03,0.000000000000000000e+00,0.000000000000000000e+00,1.759000000000000000e+03,0.000000000000000000e+00,0.000000000000000000e+00
4.095000000000000000e+03,0.000000000000000000e+00,0.000000000000000000e+00,1.899000000000000000e+03,0.000000000000000000e+00,0.000000000000000000e+00
4.095000000000000000e+03,0.000000000000000000e+00,0.000000000000000000e+00,4.095000000000000000e+03,0.000000000000000000e+00,0.000000000000000000e+00
4.095000000000000000e+03,0.000000000000000000e+00,0.000000000000000000e+00,4.095000000000000000e+03,0.000000000000000000e+00,0.000000000000000000e+00
4.095000000000000000e+03,0.000000000000000000e+00,0.000000000000000000e+00,4.095000000000000000e+03,0.000000000000000000e+00,0.000000000000000000e+00
4.095000000000000000e+03,0.000000000000000000e+00,0.000000000000000000e+00,4.095000000000000000e+03,0.000000000000000000e+00,0.000000000000000000e+00
4.095000000000000000e+03,0.000000000000000000e+00,0.000000000000000000e+00,4.095000000000000000e+03,0.000000000000000000e+00,0.000000000000000000e+00
4.095000000000000000e+03,0.000000000000000000e+00,0.000000000000000000e+00,4.095000000000000000e+03,0.000000000000000000e+00,0.000000000000000000e+00
4.095000000000000000e+03,0.000000000000000000e+00,0.000000000000000000e+00,4.095000000000000000e+03,0.000000000000000000e+00,0.000000000000000000e+00
4.095000000000000000e+03,0.000000000000000000e+00,0.000000000000000000e+00,4.095000000000000000e+03,0.000000000000000000e+00,0.000000000000000000e+00
4.095000000000000000e+03,0.000000000000000000e+00,0.000000000000000000e+00,4.095000000000000000e+03,0.000000000000000000e+00,0.000000000000000000e+00
4.095000000000000000e+03,0.000000000000000000e+00,0.000000000000000000e+00,4.095000000000000000e+03,0.000000000000000000e+00,0.000000000000000000e+00
4.095000000000000000e+03,8.900000000000000000e+01,0.000000000000000000e+00,4.095000000000000000e+03,0.000000000000000000e+00,0.000000000000000000e+00
4.095000000000000000e+03,4.095000000000000000e+03,0.000000000000000000e+00,4.095000000000000000e+03,0.000000000000000000e+00,0.000000000000000000e+00
4.095000000000000000e+03,4.095000000000000000e+03,0.000000000000000000e+00,4.095000000000000000e+03,0.000000000000000000e+00,0.000000000000000000e+00
4.095000000000000000e+03,4.095000000000000000e+03,0.000000000000000000e+00,4.095000000000000000e+03,0.000000000000000000e+00,0.000000000000000000e+00
4.095000000000000000e+03,4.095000000000000000e+03,0.000000000000000000e+00,4.095000000000000000e+03,0.000000000000000000e+00,0.000000000000000000e+00
4.095000000000000000e+03,0.000000000000000000e+00,0.000000000000000000e+00,4.095000000000000000e+03,0.000000000000000000e+00,0.000000000000000000e+00
4.095000000000000000e+03,0.000000000000000000e+00,0.000000000000000000e+00,4.095000000000000000e+03,7.160000000000000000e+02,0.000000000000000000e+00
4.095000000000000000e+03,0.000000000000000000e+00,0.000000000000000000e+00,4.095000000000000000e+03,4.095000000000000000e+03,0.000000000000000000e+00
4.095000000000000000e+03,0.000000000000000000e+00,0.000000000000000000e+00,4.095000000000000000e+03,4.095000000000000000e+03,0.000000000000000000e+00
4.095000000000000000e+03,0.000000000000000000e+00,0.000000000000000000e+00,4.095000000000000000e+03,4.095000000000000000e+03,0.000000000000000000e+00
4.095000000000000000e+03,0.000000000000000000e+00,0.000000000000000000e+00,4.095000000000000000e+03,4.095000000000000000e+03,0.000000000000000000e+00
4.095000000000000000e+03,0.000000000000000000e+00,0.000000000000000000e+00,4.095000000000000000e+03,4.095000000000000000e+03,0.000000000000000000e+00
4.095000000000000000e+03,0.000000000000000000e+00,0.000000000000000000e+00,4.095000000000000000e+03,4.095000000000000000e+03,5.920000000000000000e+02
4.095000000000000000e+03,0.000000000000000000e+00,0.000000000000000000e+00,4.095000000000000000e+03,4.095000000000000000e+03,4.095000000000000000e+03
4.095000000000000000e+03,0.000000000000000000e+00,0.000000000000000000e+00,4.095000000000000000e+03,4.095000000000000000e+03,4.095000000000000000e+03
4.095000000000000000e+03,0.000000000000000000e+00,0.000000000000000000e+00,4.095000000000000000e+03,1.600000000000000000e+01,4.095000000000000000e+03
4.095000000000000000e+03,0.000000000000000000e+00,0.000000000000000000e+00,1.770000000000000000e+02,0.000000000000000000e+00,4.095000000000000000e+03
4.095000000000000000e+03,0.000000000000000000e+00,0.000000000000000000e+00,1.120000000000000000e+02,4.095000000000000000e+03,0.000000000000000000e+00
4.095000000000000000e+03,0.000000000000000000e+00,0.000000000000000000e+00,0.000000000000000000e+00,4.095000000000000000e+03,0.000000000000000000e+00
4.095000000000000000e+03,4.095000000000000000e+03,0.000000000000000000e+00,0.000000000000000000e+00,0.000000000000000000e+00,0.000000000000000000e+00
4.095000000000000000e+03,4.095000000000000000e+03,0.000000000000000000e+00,0.000000000000000000e+00,0.000000000000000000e+00,0.000000000000000000e+00
4.095000000000000000e+03,4.095000000000000000e+03,0.000000000000000000e+00,1.900000000000000000e+01,0.000000000000000000e+00,0.000000000000000000e+00
4.095000000000000000e+03,4.095000000000000000e+03,0.000000000000000000e+00,3.260000000000000000e+02,7.680000000000000000e+02,0.000000000000000000e+00
4.095000000000000000e+03,0.000000000000000000e+00,0.000000000000000000e+00,3.470000000000000000e+02,0.000000000000000000e+00,0.000000000000000000e+00
4.095000000000000000e+03,0.000000000000000000e+00,0.000000000000000000e+00,4.910000000000000000e+02,6.110000000000000000e+02,0.000000000000000000e+00
0.000000000000000000e+00,0.000000000000000000e+00,0.000000000000000000e+00,2.740000000000000000e+02,4.095000000000000000e+03,0.000000000000000000e+00
4.095000000000000000e+03,0.000000000000000000e+00,0.000000000000000000e+00,4.890000000000000000e+02,4.095000000000000000e+03,0.000000000000000000e+00
4.095000000000000000e+03,4.095000000000000000e+03,0.000000000000000000e+00,4.220000000000000000e+02,4.095000000000000000e+03,0.000000000000000000e+00
4.095000000000000000e+03,4.095000000000000000e+03,0.000000000000000000e+00,3.990000000000000000e+02,4.095000000000000000e+03,0.000000000000000000e+00
4.095000000000000000e+03,4.095000000000000000e+03,0.000000000000000000e+00,4.300000000000000000e+02,2.120000000000000000e+02,0.000000000000000000e+00
0.000000000000000000e+00,4.095000000000000000e+03,0.000000000000000000e+00,4.480000000000000000e+02,0.000000000000000000e+00,0.000000000000000000e+00
4.095000000000000000e+03,4.095000000000000000e+03,0.000000000000000000e+00,5.110000000000000000e+02,2.320000000000000000e+02,0.000000000000000000e+00
4.095000000000000000e+03,4.095000000000000000e+03,0.000000000000000000e+00,4.970000000000000000e+02,3.800000000000000000e+01,0.000000000000000000e+00
0.000000000000000000e+00,4.095000000000000000e+03,0.000000000000000000e+00,5.500000000000000000e+02,0.000000000000000000e+00,0.000000000000000000e+00
0.000000000000000000e+00,4.095000000000000000e+03,0.000000000000000000e+00,5.730000000000000000e+02,0.000000000000000000e+00,0.000000000000000000e+00
0.000000000000000000e+00,0.000000000000000000e+00,0.000000000000000000e+00,5.830000000000000000e+02,4.470000000000000000e+02,0.000000000000000000e+00
0.000000000000000000e+00,0.000000000000000000e+00,0.000000000000000000e+00,8.660000000000000000e+02,4.095000000000000000e+03,0.000000000000000000e+00
0.000000000000000000e+00,0.000000000000000000e+00,2.930000000000000000e+02,8.990000000000000000e+02,4.095000000000000000e+03,9.000000000000000000e+00
4.095000000000000000e+03,0.000000000000000000e+00,0.000000000000000000e+00,9.250000000000000000e+02,5.330000000000000000e+02,0.000000000000000000e+00
0.000000000000000000e+00,0.000000000000000000e+00,0.000000000000000000e+00,8.800000000000000000e+02,4.095000000000000000e+03,0.000000000000000000e+00
0.000000000000000000e+00,0.000000000000000000e+00,0.000000000000000000e+00,9.190000000000000000e+02,0.000000000000000000e+00,3.810000000000000000e+02
4.095000000000000000e+03,0.000000000000000000e+00,0.000000000000000000e+00,4.095000000000000000e+03,0.000000000000000000e+00,0.000000000000000000e+00
4.095000000000000000e+03,0.000000000000000000e+00,0.000000000000000000e+00,9.110000000000000000e+02,0.000000000000000000e+00,0.000000000000000000e+00
4.095000000000000000e+03,0.000000000000000000e+00,0.000000000000000000e+00,1.008000000000000000e+03,0.000000000000000000e+00,0.000000000000000000e+00
4.095000000000000000e+03,0.000000000000000000e+00,0.000000000000000000e+00,0.000000000000000000e+00,0.000000000000000000e+00,0.000000000000000000e+00
4.095000000000000000e+03,0.000000000000000000e+00,0.000000000000000000e+00,1.800000000000000000e+01,0.000000000000000000e+00,0.000000000000000000e+00
4.095000000000000000e+03,0.000000000000000000e+00,0.000000000000000000e+00,0.000000000000000000e+00,3.800000000000000000e+01,0.000000000000000000e+00
4.095000000000000000e+03,2.290000000000000000e+02,0.000000000000000000e+00,4.800000000000000000e+01,0.000000000000000000e+00,0.000000000000000000e+00
4.095000000000000000e+03,4.095000000000000000e+03,0.000000000000000000e+00,4.700000000000000000e+01,0.000000000000000000e+00,0.000000000000000000e+00
0.000000000000000000e+00,4.095000000000000000e+03,0.000000000000000000e+00,1.400000000000000000e+01,0.000000000000000000e+00,0.000000000000000000e+00
0.000000000000000000e+00,4.095000000000000000e+03,0.000000000000000000e+00,4.800000000000000000e+01,0.000000000000000000e+00,0.000000000000000000e+00
4.095000000000000000e+03,4.095000000000000000e+03,0.000000000000000000e+00,4.100000000000000000e+01,0.000000000000000000e+00,0.000000000000000000e+00
4.095000000000000000e+03,4.095000000000000000e+03,0.000000000000000000e+00,9.900000000000000000e+01,0.000000000000000000e+00,0.000000000000000000e+00
4.095000000000000000e+03,4.095000000000000000e+03,0.000000000000000000e+00,1.300000000000000000e+02,0.000000000000000000e+00,0.000000000000000000e+00
4.095000000000000000e+03,4.095000000000000000e+03,0.000000000000000000e+00,1.470000000000000000e+02,0.000000000000000000e+00,0.000000000000000000e+00
4.095000000000000000e+03,4.095000000000000000e+03,0.000000000000000000e+00,1.550000000000000000e+02,0.000000000000000000e+00,0.000000000000000000e+00
0.000000000000000000e+00,0.000000000000000000e+00,0.000000000000000000e+00,1.730000000000000000e+02,0.000000000000000000e+00,0.000000000000000000e+00
0.000000000000000000e+00,0.000000000000000000e+00,0.000000000000000000e+00,2.760000000000000000e+02,0.000000000000000000e+00,0.000000000000000000e+00
0.000000000000000000e+00,0.000000000000000000e+00,0.000000000000000000e+00,2.460000000000000000e+02,0.000000000000000000e+00,0.000000000000000000e+00
4.095000000000000000e+03,0.000000000000000000e+00,0.000000000000000000e+00,2.750000000000000000e+02,0.000000000000000000e+00,0.000000000000000000e+00
4.095000000000000000e+03,0.000000000000000000e+00,0.000000000000000000e+00,2.820000000000000000e+02,0.000000000000000000e+00,0.000000000000000000e+00
4.095000000000000000e+03,0.000000000000000000e+00,0.000000000000000000e+00,2.660000000000000000e+02,0.000000000000000000e+00,0.000000000000000000e+00
4.095000000000000000e+03,0.000000000000000000e+00,0.000000000000000000e+00,3.390000000000000000e+02,0.000000000000000000e+00,0.000000000000000000e+00
4.095000000000000000e+03,0.000000000000000000e+00,0.000000000000000000e+00,3.360000000000000000e+02,0.000000000000000000e+00,0.000000000000000000e+00
4.095000000000000000e+03,0.000000000000000000e+00,0.000000000000000000e+00,3.840000000000000000e+02,0.000000000000000000e+00,0.000000000000000000e+00
4.095000000000000000e+03,4.095000000000000000e+03,0.000000000000000000e+00,3.680000000000000000e+02,4.095000000000000000e+03,0.000000000000000000e+00
4.095000000000000000e+03,4.095000000000000000e+03,0.000000000000000000e+00,3.620000000000000000e+02,4.095000000000000000e+03,0.000000000000000000e+00
4.095000000000000000e+03,4.095000000000000000e+03,0.000000000000000000e+00,2.920000000000000000e+02,4.095000000000000000e+03,0.000000000000000000e+00
4.095000000000000000e+03,4.095000000000000000e+03,0.000000000000000000e+00,3.430000000000000000e+02,4.095000000000000000e+03,4.095000000000000000e+03
4.095000000000000000e+03,4.095000000000000000e+03,0.000000000000000000e+00,4.120000000000000000e+02,4.095000000000000000e+03,4.095000000000000000e+03
4.095000000000000000e+03,4.095000000000000000e+03,0.000000000000000000e+00,4.360000000000000000e+02,4.095000000000000000e+03,4.095000000000000000e+03
4.095000000000000000e+03,4.095000000000000000e+03,0.000000000000000000e+00,4.070000000000000000e+02,4.095000000000000000e+03,0.000000000000000000e+00
4.095000000000000000e+03,4.095000000000000000e+03,0.000000000000000000e+00,6.560000000000000000e+02,0.000000000000000000e+00,4.095000000000000000e+03
4.095000000000000000e+03,4.095000000000000000e+03,0.000000000000000000e+00,7.230000000000000000e+02,0.000000000000000000e+00,4.095000000000000000e+03
4.095000000000000000e+03,4.095000000000000000e+03,0.000000000000000000e+00,6.880000000000000000e+02,0.000000000000000000e+00,4.095000000000000000e+03
4.095000000000000000e+03,4.095000000000000000e+03,0.000000000000000000e+00,6.770000000000000000e+02,4.095000000000000000e+03,4.095000000000000000e+03
4.095000000000000000e+03,4.095000000000000000e+03,0.000000000000000000e+00,7.140000000000000000e+02,1.050000000000000000e+02,4.095000000000000000e+03
4.095000000000000000e+03,4.095000000000000000e+03,0.000000000000000000e+00,7.290000000000000000e+02,0.000000000000000000e+00,4.095000000000000000e+03
4.095000000000000000e+03,4.095000000000000000e+03,0.000000000000000000e+00,6.090000000000000000e+02,0.000000000000000000e+00,4.095000000000000000e+03
4.095000000000000000e+03,4.095000000000000000e+03,0.000000000000000000e+00,6.250000000000000000e+02,0.000000000000000000e+00,4.095000000000000000e+03
4.095000000000000000e+03,4.095000000000000000e+03,0.000000000000000000e+00,5.390000000000000000e+02,9.110000000000000000e+02,3.950000000000000000e+03
4.095000000000000000e+03,4.095000000000000000e+03,0.000000000000000000e+00,6.910000000000000000e+02,4.095000000000000000e+03,4.095000000000000000e+03
4.095000000000000000e+03,4.095000000000000000e+03,0.000000000000000000e+00,7.230000000000000000e+02,4.095000000000000000e+03,4.095000000000000000e+03
4.095000000000000000e+03,4.095000000000000000e+03,0.000000000000000000e+00,6.940000000000000000e+02,4.095000000000000000e+03,4.095000000000000000e+03
4.095000000000000000e+03,4.095000000000000000e+03,0.000000000000000000e+00,7.050000000000000000e+02,4.095000000000000000e+03,4.095000000000000000e+03
4.095000000000000000e+03,4.095000000000000000e+03,0.000000000000000000e+00,1.105000000000000000e+03,4.095000000000000000e+03,4.095000000000000000e+03
4.095000000000000000e+03,4.095000000000000000e+03,0.000000000000000000e+00,9.760000000000000000e+02,4.095000000000000000e+03,4.095000000000000000e+03
4.095000000000000000e+03,3.953000000000000000e+03,0.000000000000000000e+00,8.260000000000000000e+02,4.095000000000000000e+03,4.095000000000000000e+03
4.095000000000000000e+03,4.095000000000000000e+03,0.000000000000000000e+00,1.104000000000000000e+03,4.095000000000000000e+03,4.095000000000000000e+03
4.095000000000000000e+03,4.095000000000000000e+03,0.000000000000000000e+00,1.200000000000000000e+03,4.095000000000000000e+03,4.095000000000000000e+03
4.095000000000000000e+03,4.095000000000000000e+03,0.000000000000000000e+00,1.535000000000000000e+03,4.095000000000000000e+03,4.095000000000000000e+03
4.095000000000000000e+03,4.095000000000000000e+03,0.000000000000000000e+00,1.591000000000000000e+03,4.095000000000000000e+03,4.095000000000000000e+03
4.095000000000000000e+03,4.095000000000000000e+03,0.000000000000000000e+00,1.575000000000000000e+03,4.095000000000000000e+03,4.095000000000000000e+03
4.095000000000000000e+03,4.095000000000000000e+03,0.000000000000000000e+00,1.666000000000000000e+03,4.095000000000000000e+03,4.095000000000000000e+03
4.095000000000000000e+03,4.095000000000000000e+03,0.000000000000000000e+00,1.556000000000000000e+03,4.095000000000000000e+03,4.095000000000000000e+03
4.095000000000000000e+03,4.095000000000000000e+03,0.000000000000000000e+00,1.559000000000000000e+03,4.095000000000000000e+03,4.095000000000000000e+03
4.095000000000000000e+03,4.095000000000000000e+03,0.000000000000000000e+00,4.095000000000000000e+03,4.095000000000000000e+03,4.095000000000000000e+03
4.095000000000000000e+03,4.095000000000000000e+03,0.000000000000000000e+00,4.095000000000000000e+03,4.095000000000000000e+03,4.095000000000000000e+03
4.095000000000000000e+03,4.095000000000000000e+03,0.000000000000000000e+00,4.095000000000000000e+03,4.095000000000000000e+03,4.095000000000000000e+03
4.095000000000000000e+03,4.095000000000000000e+03,0.000000000000000000e+00,4.095000000000000000e+03,4.095000000000000000e+03,4.095000000000000000e+03
4.095000000000000000e+03,4.095000000000000000e+03,0.000000000000000000e+00,4.095000000000000000e+03,4.095000000000000000e+03,3.984000000000000000e+03
4.095000000000000000e+03,4.095000000000000000e+03,0.000000000000000000e+00,4.095000000000000000e+03,4.095000000000000000e+03,4.075000000000000000e+03
4.095000000000000000e+03,4.095000000000000000e+03,0.000000000000000000e+00,4.095000000000000000e+03,4.095000000000000000e+03,4.095000000000000000e+03
4.095000000000000000e+03,4.095000000000000000e+03,0.000000000000000000e+00,4.095000000000000000e+03,4.095000000000000000e+03,4.095000000000000000e+03
4.095000000000000000e+03,4.095000000000000000e+03,0.000000000000000000e+00,4.095000000000000000e+03,4.095000000000000000e+03,4.095000000000000000e+03
4.095000000000000000e+03,4.095000000000000000e+03,0.000000000000000000e+00,4.095000000000000000e+03,4.095000000000000000e+03,4.095000000000000000e+03
4.095000000000000000e+03,4.095000000000000000e+03,0.000000000000000000e+00,4.095000000000000000e+03,4.095000000000000000e+03,4.095000000000000000e+03
4.095000000000000000e+03,4.095000000000000000e+03,0.000000000000000000e+00,4.095000000000000000e+03,4.095000000000000000e+03,4.095000000000000000e+03
4.095000000000000000e+03,4.095000000000000000e+03,0.000000000000000000e+00,4.095000000000000000e+03,4.095000000000000000e+03,4.095000000000000000e+03
4.095000000000000000e+03,4.095000000000000000e+03,0.000000000000000000e+00,4.095000000000000000e+03,4.095000000000000000e+03,4.095000000000000000e+03
4.095000000000000000e+03,4.095000000000000000e+03,0.000000000000000000e+00,4.095000000000000000e+03,4.095000000000000000e+03,4.095000000000000000e+03
4.095000000000000000e+03,4.095000000000000000e+03,0.000000000000000000e+00,4.095000000000000000e+03,4.095000000000000000e+03,4.095000000000000000e+03
4.095000000000000000e+03,4.095000000000000000e+03,0.000000000000000000e+00,4.095000000000000000e+03,4.095000000000000000e+03,4.095000000000000000e+03
4.095000000000000000e+03,4.095000000000000000e+03,0.000000000000000000e+00,4.095000000000000000e+03,4.095000000000000000e+03,4.095000000000000000e+03
4.095000000000000000e+03,4.095000000000000000e+03,0.000000000000000000e+00,4.095000000000000000e+03,4.095000000000000000e+03,4.095000000000000000e+03
4.095000000000000000e+03,4.095000000000000000e+03,0.000000000000000000e+00,4.095000000000000000e+03,4.095000000000000000e+03,4.095000000000000000e+03
4.095000000000000000e+03,4.095000000000000000e+03,0.000000000000000000e+00,4.095000000000000000e+03,4.095000000000000000e+03,4.095000000000000000e+03
4.095000000000000000e+03,4.095000000000000000e+03,0.000000000000000000e+00,4.095000000000000000e+03,4.095000000000000000e+03,4.095000000000000000e+03
4.095000000000000000e+03,4.095000000000000000e+03,0.000000000000000000e+00,4.095000000000000000e+03,4.095000000000000000e+03,4.095000000000000000e+03
4.095000000000000000e+03,4.095000000000000000e+03,0.000000000000000000e+00,4.095000000000000000e+03,4.095000000000000000e+03,3.953000000000000000e+03
4.095000000000000000e+03,4.095000000000000000e+03,0.000000000000000000e+00,4.095000000000000000e+03,4.095000000000000000e+03,4.095000000000000000e+03
4.095000000000000000e+03,4.095000000000000000e+03,0.000000000000000000e+00,4.095000000000000000e+03,4.095000000000000000e+03,4.095000000000000000e+03
4.095000000000000000e+03,4.095000000000000000e+03,0.000000000000000000e+00,4.095000000000000000e+03,4.095000000000000000e+03,4.095000000000000000e+03
4.095000000000000000e+03,4.095000000000000000e+03,0.000000000000000000e+00,4.095000000000000000e+03,4.095000000000000000e+03,4.095000000000000000e+03
4.095000000000000000e+03,4.095000000000000000e+03,0.000000000000000000e+00,4.095000000000000000e+03,4.095000000000000000e+03,4.095000000000000000e+03
4.095000000000000000e+03,4.095000000000000000e+03,0.000000000000000000e+00,4.095000000000000000e+03,4.095000000000000000e+03,4.095000000000000000e+03
4.095000000000000000e+03,4.095000000000000000e+03,0.000000000000000000e+00,4.095000000000000000e+03,4.095000000000000000e+03,4.095000000000000000e+03
4.095000000000000000e+03,4.095000000000000000e+03,0.000000000000000000e+00,4.095000000000000000e+03,4.095000000000000000e+03,4.095000000000000000e+03
4.095000000000000000e+03,4.095000000000000000e+03,0.000000000000000000e+00,4.095000000000000000e+03,4.095000000000000000e+03,4.095000000000000000e+03
4.095000000000000000e+03,4.095000000000000000e+03,0.000000000000000000e+00,4.095000000000000000e+03,4.095000000000000000e+03,4.095000000000000000e+03
4.095000000000000000e+03,4.095000000000000000e+03,0.000000000000000000e+00,4.095000000000000000e+03,4.095000000000000000e+03,4.095000000000000000e+03
4.095000000000000000e+03,4.095000000000000000e+03,0.000000000000000000e+00,4.095000000000000000e+03,4.095000000000000000e+03,4.095000000000000000e+03
4.095000000000000000e+03,4.095000000000000000e+03,0.000000000000000000e+00,4.095000000000000000e+03,4.095000000000000000e+03,4.095000000000000000e+03
4.095000000000000000e+03,4.095000000000000000e+03,0.000000000000000000e+00,4.095000000000000000e+03,4.095000000000000000e+03,4.095000000000000000e+03
4.095000000000000000e+03,4.095000000000000000e+03,0.000000000000000000e+00,4.095000000000000000e+03,4.095000000000000000e+03,4.095000000000000000e+03
4.095000000000000000e+03,4.095000000000000000e+03,0.000000000000000000e+00,4.095000000000000000e+03,4.095000000000000000e+03,4.095000000000000000e+03
4.095000000000000000e+03,4.095000000000000000e+03,0.000000000000000000e+00,4.095000000000000000e+03,4.095000000000000000e+03,4.095000000000000000e+03
4.095000000000000000e+03,4.095000000000000000e+03,0.000000000000000000e+00,4.095000000000000000e+03,4.095000000000000000e+03,4.095000000000000000e+03
4.095000000000000000e+03,4.095000000000000000e+03,0.000000000000000000e+00,4.095000000000000000e+03,4.095000000000000000e+03,4.095000000000000000e+03
4.095000000000000000e+03,4.095000000000000000e+03,0.000000000000000000e+00,4.095000000000000000e+03,4.095000000000000000e+03,4.023000000000000000e+03
4.095000000000000000e+03,4.095000000000000000e+03,0.000000000000000000e+00,4.095000000000000000e+03,4.095000000000000000e+03,4.095000000000000000e+03
4.095000000000000000e+03,4.095000000000000000e+03,0.000000000000000000e+00,4.095000000000000000e+03,4.095000000000000000e+03,4.095000000000000000e+03
4.095000000000000000e+03,4.095000000000000000e+03,0.000000000000000000e+00,4.095000000000000000e+03,4.095000000000000000e+03,4.095000000000000000e+03
4.095000000000000000e+03,4.095000000000000000e+03,0.000000000000000000e+00,4.095000000000000000e+03,4.095000000000000000e+03,4.095000000000000000e+03
4.095000000000000000e+03,4.095000000000000000e+03,0.000000000000000000e+00,4.095000000000000000e+03,4.095000000000000000e+03,4.095000000000000000e+03
4.095000000000000000e+03,4.095000000000000000e+03,0.000000000000000000e+00,4.095000000000000000e+03,4.095000000000000000e+03,4.095000000000000000e+03
4.095000000000000000e+03,4.095000000000000000e+03,0.000000000000000000e+00,4.095000000000000000e+03,4.095000000000000000e+03,4.095000000000000000e+03
4.095000000000000000e+03,4.095000000000000000e+03,0.000000000000000000e+00,4.095000000000000000e+03,4.095000000000000000e+03,4.095000000000000000e+03
4.095000000000000000e+03,4.095000000000000000e+03,0.000000000000000000e+00,4.095000000000000000e+03,4.095000000000000000e+03,4.095000000000000000e+03
4.095000000000000000e+03,4.095000000000000000e+03,0.000000000000000000e+00,4.095000000000000000e+03,4.095000000000000000e+03,4.095000000000000000e+03
4.095000000000000000e+03,4.095000000000000000e+03,0.000000000000000000e+00,4.095000000000000000e+03,4.095000000000000000e+03,4.095000000000000000e+03
4.095000000000000000e+03,4.095000000000000000e+03,0.000000000000000000e+00,4.095000000000000000e+03,4.095000000000000000e+03,4.095000000000000000e+03
4.095000000000000000e+03,4.095000000000000000e+03,0.000000000000000000e+00,4.095000000000000000e+03,4.095000000000000000e+03,4.095000000000000000e+03
4.095000000000000000e+03,4.095000000000000000e+03,0.000000000000000000e+00,4.095000000000000000e+03,4.095000000000000000e+03,4.095000000000000000e+03
4.095000000000000000e+03,4.095000000000000000e+03,0.000000000000000000e+00,4.095000000000000000e+03,4.095000000000000000e+03,4.095000000000000000e+03
4.095000000000000000e+03,4.095000000000000000e+03,0.000000000000000000e+00,4.095000000000000000e+03,4.095000000000000000e+03,4.095000000000000000e+03
4.095000000000000000e+03,4.095000000000000000e+03,0.000000000000000000e+00,4.095000000000000000e+03,4.095000000000000000e+03,4.095000000000000000e+03
4.095000000000000000e+03,4.095000000000000000e+03,0.000000000000000000e+00,4.095000000000000000e+03,4.095000000000000000e+03,4.095000000000000000e+03
4.095000000000000000e+03,4.095000000000000000e+03,0.000000000000000000e+00,4.095000000000000000e+03,4.095000000000000000e+03,4.095000000000000000e+03
4.095000000000000000e+03,4.095000000000000000e+03,0.000000000000000000e+00,4.095000000000000000e+03,4.095000000000000000e+03,4.095000000000000000e+03
4.095000000000000000e+03,4.095000000000000000e+03,0.000000000000000000e+00,4.095000000000000000e+03,4.095000000000000000e+03,4.095000000000000000e+03
4.095000000000000000e+03,4.095000000000000000e+03,0.000000000000000000e+00,4.095000000000000000e+03,4.095000000000000000e+03,4.095000000000000000e+03
4.095000000000000000e+03,4.095000000000000000e+03,0.000000000000000000e+00,4.095000000000000000e+03,4.095000000000000000e+03,4.095000000000000000e+03
4.095000000000000000e+03,4.095000000000000000e+03,0.000000000000000000e+00,4.095000000000000000e+03,4.095000000000000000e+03,4.095000000000000000e+03
4.095000000000000000e+03,4.095000000000000000e+03,0.000000000000000000e+00,4.095000000000000000e+03,4.095000000000000000e+03,4.095000000000000000e+03
4.095000000000000000e+03,4.095000000000000000e+03,0.000000000000000000e+00,4.095000000000000000e+03,4.095000000000000000e+03,4.095000000000000000e+03
4.095000000000000000e+03,4.095000000000000000e+03,0.000000000000000000e+00,4.095000000000000000e+03,4.095000000000000000e+03,4.095000000000000000e+03
4.095000000000000000e+03,4.095000000000000000e+03,0.000000000000000000e+00,4.095000000000000000e+03,4.095000000000000000e+03,4.095000000000000000e+03
4.095000000000000000e+03,4.095000000000000000e+03,0.000000000000000000e+00,4.095000000000000000e+03,4.095000000000000000e+03,4.095000000000000000e+03
4.095000000000000000e+03,4.095000000000000000e+03,0.000000000000000000e+00,4.095000000000000000e+03,4.095000000000000000e+03,4.095000000000000000e+03
4.095000000000000000e+03,4.095000000000000000e+03,0.000000000000000000e+00,4.095000000000000000e+03,4.095000000000000000e+03,4.095000000000000000e+03
4.095000000000000000e+03,4.095000000000000000e+03,0.000000000000000000e+00,4.095000000000000000e+03,4.095000000000000000e+03,4.095000000000000000e+03
4.095000000000000000e+03,4.095000000000000000e+03,0.000000000000000000e+00,4.095000000000000000e+03,4.095000000000000000e+03,4.095000000000000000e+03
4.095000000000000000e+03,4.095000000000000000e+03,0.000000000000000000e+00,4.095000000000000000e+03,4.095000000000000000e+03,4.095000000000000000e+03
4.095000000000000000e+03,4.095000000000000000e+03,0.000000000000000000e+00,4.095000000000000000e+03,4.095000000000000000e+03,4.095000000000000000e+03
4.095000000000000000e+03,4.095000000000000000e+03,0.000000000000000000e+00,4.095000000000000000e+03,4.095000000000000000e+03,4.095000000000000000e+03
4.095000000000000000e+03,4.095000000000000000e+03,0.000000000000000000e+00,4.095000000000000000e+03,4.095000000000000000e+03,4.095000000000000000e+03
4.095000000000000000e+03,4.095000000000000000e+03,0.000000000000000000e+00,4.095000000000000000e+03,4.095000000000000000e+03,4.095000000000000000e+03
4.095000000000000000e+03,4.042000000000000000e+03,0.000000000000000000e+00,4.095000000000000000e+03,4.095000000000000000e+03,4.095000000000000000e+03
4.095000000000000000e+03,4.095000000000000000e+03,0.000000000000000000e+00,4.095000000000000000e+03,4.095000000000000000e+03,4.095000000000000000e+03
4.095000000000000000e+03,4.095000000000000000e+03,0.000000000000000000e+00,4.095000000000000000e+03,4.095000000000000000e+03,4.095000000000000000e+03
4.095000000000000000e+03,4.095000000000000000e+03,0.000000000000000000e+00,4.095000000000000000e+03,4.095000000000000000e+03,4.095000000000000000e+03
4.095000000000000000e+03,4.016000000000000000e+03,0.000000000000000000e+00,4.095000000000000000e+03,4.095000000000000000e+03,4.095000000000000000e+03
4.095000000000000000e+03,3.984000000000000000e+03,0.000000000000000000e+00,4.095000000000000000e+03,4.095000000000000000e+03,4.095000000000000000e+03
4.095000000000000000e+03,4.095000000000000000e+03,0.000000000000000000e+00,4.095000000000000000e+03,4.095000000000000000e+03,4.095000000000000000e+03
4.095000000000000000e+03,4.095000000000000000e+03,0.000000000000000000e+00,4.095000000000000000e+03,4.095000000000000000e+03,4.095000000000000000e+03
4.095000000000000000e+03,4.095000000000000000e+03,0.000000000000000000e+00,4.095000000000000000e+03,4.095000000000000000e+03,4.095000000000000000e+03
4.095000000000000000e+03,4.038000000000000000e+03,0.000000000000000000e+00,4.095000000000000000e+03,4.095000000000000000e+03,4.095000000000000000e+03
4.095000000000000000e+03,4.095000000000000000e+03,0.000000000000000000e+00,4.095000000000000000e+03,4.095000000000000000e+03,4.095000000000000000e+03
4.095000000000000000e+03,4.095000000000000000e+03,0.000000000000000000e+00,4.095000000000000000e+03,4.095000000000000000e+03,4.095000000000000000e+03
4.095000000000000000e+03,4.095000000000000000e+03,0.000000000000000000e+00,4.095000000000000000e+03,4.095000000000000000e+03,4.095000000000000000e+03
4.095000000000000000e+03,4.095000000000000000e+03,0.000000000000000000e+00,4.095000000000000000e+03,4.095000000000000000e+03,4.095000000000000000e+03
4.095000000000000000e+03,4.095000000000000000e+03,0.000000000000000000e+00,4.095000000000000000e+03,4.095000000000000000e+03,4.095000000000000000e+03
4.095000000000000000e+03,4.095000000000000000e+03,0.000000000000000000e+00,4.095000000000000000e+03,4.095000000000000000e+03,4.095000000000000000e+03
4.095000000000000000e+03,4.095000000000000000e+03,0.000000000000000000e+00,4.095000000000000000e+03,4.095000000000000000e+03,4.095000000000000000e+03
4.095000000000000000e+03,4.095000000000000000e+03,0.000000000000000000e+00,4.095000000000000000e+03,4.095000000000000000e+03,4.095000000000000000e+03
4.095000000000000000e+03,4.095000000000000000e+03,0.000000000000000000e+00,4.095000000000000000e+03,4.095000000000000000e+03,4.095000000000000000e+03
4.095000000000000000e+03,4.095000000000000000e+03,0.000000000000000000e+00,4.095000000000000000e+03,4.095000000000000000e+03,4.095000000000000000e+03
4.095000000000000000e+03,4.095000000000000000e+03,0.000000000000000000e+00,4.095000000000000000e+03,4.095000000000000000e+03,4.095000000000000000e+03
4.095000000000000000e+03,4.095000000000000000e+03,0.000000000000000000e+00,4.095000000000000000e+03,4.095000000000000000e+03,4.095000000000000000e+03
4.095000000000000000e+03,4.095000000000000000e+03,0.000000000000000000e+00,4.095000000000000000e+03,4.095000000000000000e+03,4.095000000000000000e+03
4.095000000000000000e+03,4.095000000000000000e+03,0.000000000000000000e+00,4.095000000000000000e+03,4.095000000000000000e+03,4.095000000000000000e+03
4.095000000000000000e+03,4.095000000000000000e+03,0.000000000000000000e+00,4.095000000000000000e+03,4.095000000000000000e+03,4.095000000000000000e+03
4.095000000000000000e+03,4.095000000000000000e+03,0.000000000000000000e+00,4.095000000000000000e+03,4.095000000000000000e+03,4.095000000000000000e+03
4.095000000000000000e+03,4.095000000000000000e+03,0.000000000000000000e+00,4.095000000000000000e+03,4.095000000000000000e+03,4.095000000000000000e+03
4.095000000000000000e+03,4.095000000000000000e+03,0.000000000000000000e+00,4.095000000000000000e+03,4.095000000000000000e+03,4.095000000000000000e+03
4.095000000000000000e+03,4.095000000000000000e+03,0.000000000000000000e+00,4.095000000000000000e+03,4.095000000000000000e+03,4.095000000000000000e+03
4.095000000000000000e+03,4.095000000000000000e+03,0.000000000000000000e+00,4.095000000000000000e+03,4.095000000000000000e+03,4.095000000000000000e+03
4.095000000000000000e+03,4.095000000000000000e+03,0.000000000000000000e+00,4.095000000000000000e+03,4.095000000000000000e+03,4.095000000000000000e+03
4.095000000000000000e+03,4.095000000000000000e+03,0.000000000000000000e+00,4.095000000000000000e+03,4.095000000000000000e+03,4.095000000000000000e+03
4.095000000000000000e+03,4.095000000000000000e+03,0.000000000000000000e+00,4.095000000000000000e+03,4.095000000000000000e+03,4.095000000000000000e+03
4.095000000000000000e+03,4.095000000000000000e+03,0.000000000000000000e+00,4.095000000000000000e+03,4.095000000000000000e+03,4.095000000000000000e+03
4.095000000000000000e+03,4.095000000000000000e+03,0.000000000000000000e+00,4.095000000000000000e+03,4.095000000000000000e+03,4.095000000000000000e+03
4.095000000000000000e+03,4.095000000000000000e+03,0.000000000000000000e+00,4.095000000000000000e+03,4.095000000000000000e+03,4.095000000000000000e+03
4.095000000000000000e+03,4.095000000000000000e+03,0.000000000000000000e+00,4.095000000000000000e+03,4.095000000000000000e+03,4.095000000000000000e+03
4.095000000000000000e+03,4.095000000000000000e+03,0.000000000000000000e+00,4.095000000000000000e+03,4.095000000000000000e+03,4.095000000000000000e+03
4.095000000000000000e+03,4.095000000000000000e+03,0.000000000000000000e+00,4.095000000000000000e+03,4.095000000000000000e+03,4.095000000000000000e+03
4.095000000000000000e+03,4.095000000000000000e+03,0.000000000000000000e+00,4.095000000000000000e+03,4.095000000000000000e+03,4.095000000000000000e+03
4.095000000000000000e+03,4.095000000000000000e+03,0.000000000000000000e+00,4.095000000000000000e+03,4.095000000000000000e+03,4.095000000000000000e+03
4.095000000000000000e+03,4.095000000000000000e+03,0.000000000000000000e+00,4.095000000000000000e+03,4.095000000000000000e+03,4.095000000000000000e+03
4.095000000000000000e+03,4.095000000000000000e+03,0.000000000000000000e+00,4.095000000000000000e+03,4.095000000000000000e+03,4.095000000000000000e+03
4.095000000000000000e+03,4.095000000000000000e+03,0.000000000000000000e+00,4.095000000000000000e+03,4.095000000000000000e+03,4.095000000000000000e+03
4.095000000000000000e+03,4.095000000000000000e+03,0.000000000000000000e+00,4.095000000000000000e+03,4.095000000000000000e+03,4.095000000000000000e+03
4.095000000000000000e+03,4.095000000000000000e+03,0.000000000000000000e+00,4.095000000000000000e+03,4.095000000000000000e+03,4.095000000000000000e+03
4.095000000000000000e+03,4.095000000000000000e+03,0.000000000000000000e+00,4.095000000000000000e+03,4.095000000000000000e+03,4.095000000000000000e+03
4.095000000000000000e+03,4.095000000000000000e+03,0.000000000000000000e+00,4.095000000000000000e+03,4.095000000000000000e+03,4.095000000000000000e+03
4.095000000000000000e+03,4.095000000000000000e+03,0.000000000000000000e+00,4.095000000000000000e+03,4.095000000000000000e+03,4.095000000000000000e+03
4.095000000000000000e+03,4.095000000000000000e+03,0.000000000000000000e+00,4.095000000000000000e+03,4.095000000000000000e+03,4.095000000000000000e+03
4.095000000000000000e+03,4.095000000000000000e+03,0.000000000000000000e+00,4.095000000000000000e+03,4.095000000000000000e+03,4.095000000000000000e+03
4.095000000000000000e+03,4.095000000000000000e+03,0.000000000000000000e+00,4.095000000000000000e+03,4.095000000000000000e+03,4.095000000000000000e+03
4.095000000000000000e+03,4.095000000000000000e+03,0.000000000000000000e+00,4.095000000000000000e+03,4.095000000000000000e+03,4.063000000000000000e+03
4.095000000000000000e+03,4.095000000000000000e+03,0.000000000000000000e+00,4.095000000000000000e+03,4.095000000000000000e+03,4.095000000000000000e+03
4.095000000000000000e+03,4.095000000000000000e+03,0.000000000000000000e+00,4.095000000000000000e+03,4.095000000000000000e+03,4.095000000000000000e+03
4.095000000000000000e+03,4.095000000000000000e+03,0.000000000000000000e+00,4.095000000000000000e+03,4.095000000000000000e+03,4.095000000000000000e+03
4.095000000000000000e+03,4.095000000000000000e+03,0.000000000000000000e+00,4.095000000000000000e+03,4.095000000000000000e+03,4.095000000000000000e+03
4.095000000000000000e+03,4.095000000000000000e+03,0.000000000000000000e+00,4.095000000000000000e+03,4.095000000000000000e+03,4.095000000000000000e+03
4.095000000000000000e+03,4.095000000000000000e+03,0.000000000000000000e+00,4.095000000000000000e+03,4.095000000000000000e+03,4.095000000000000000e+03
4.095000000000000000e+03,4.095000000000000000e+03,0.000000000000000000e+00,4.095000000000000000e+03,4.095000000000000000e+03,4.095000000000000000e+03
4.095000000000000000e+03,4.095000000000000000e+03,0.000000000000000000e+00,4.095000000000000000e+03,4.095000000000000000e+03,4.095000000000000000e+03
4.095000000000000000e+03,4.095000000000000000e+03,0.000000000000000000e+00,4.095000000000000000e+03,4.095000000000000000e+03,4.095000000000000000e+03
4.095000000000000000e+03,4.095000000000000000e+03,0.000000000000000000e+00,4.095000000000000000e+03,4.095000000000000000e+03,4.095000000000000000e+03
4.095000000000000000e+03,4.095000000000000000e+03,0.000000000000000000e+00,4.095000000000000000e+03,4.095000000000000000e+03,4.095000000000000000e+03
4.095000000000000000e+03,4.095000000000000000e+03,0.000000000000000000e+00,4.095000000000000000e+03,4.095000000000000000e+03,4.095000000000000000e+03
4.095000000000000000e+03,4.095000000000000000e+03,0.000000000000000000e+00,4.095000000000000000e+03,4.095000000000000000e+03,4.095000000000000000e+03
4.095000000000000000e+03,4.095000000000000000e+03,0.000000000000000000e+00,4.095000000000000000e+03,4.095000000000000000e+03,4.095000000000000000e+03
4.095000000000000000e+03,4.095000000000000000e+03,0.000000000000000000e+00,4.095000000000000000e+03,4.095000000000000000e+03,4.095000000000000000e+03
4.095000000000000000e+03,4.095000000000000000e+03,0.000000000000000000e+00,4.095000000000000000e+03,4.095000000000000000e+03,4.095000000000000000e+03
4.095000000000000000e+03,4.095000000000000000e+03,0.000000000000000000e+00,4.095000000000000000e+03,4.095000000000000000e+03,4.095000000000000000e+03
4.095000000000000000e+03,4.095000000000000000e+03,0.000000000000000000e+00,4.095000000000000000e+03,4.095000000000000000e+03,4.095000000000000000e+03
4.095000000000000000e+03,4.095000000000000000e+03,0.000000000000000000e+00,4.095000000000000000e+03,4.095000000000000000e+03,4.095000000000000000e+03
4.095000000000000000e+03,4.095000000000000000e+03,0.000000000000000000e+00,4.095000000000000000e+03,4.095000000000000000e+03,4.095000000000000000e+03
4.095000000000000000e+03,4.095000000000000000e+03,0.000000000000000000e+00,4.095000000000000000e+03,4.095000000000000000e+03,4.095000000000000000e+03
4.095000000000000000e+03,4.095000000000000000e+03,0.000000000000000000e+00,4.095000000000000000e+03,4.095000000000000000e+03,3.937000000000000000e+03
4.095000000000000000e+03,4.095000000000000000e+03,0.000000000000000000e+00,4.095000000000000000e+03,4.095000000000000000e+03,4.095000000000000000e+03
4.095000000000000000e+03,4.095000000000000000e+03,0.000000000000000000e+00,4.095000000000000000e+03,4.095000000000000000e+03,4.095000000000000000e+03
4.095000000000000000e+03,4.095000000000000000e+03,0.000000000000000000e+00,4.095000000000000000e+03,4.095000000000000000e+03,4.095000000000000000e+03
4.095000000000000000e+03,4.095000000000000000e+03,0.000000000000000000e+00,4.095000000000000000e+03,4.095000000000000000e+03,4.095000000000000000e+03
4.095000000000000000e+03,4.095000000000000000e+03,0.000000000000000000e+00,4.095000000000000000e+03,4.095000000000000000e+03,4.095000000000000000e+03
4.095000000000000000e+03,4.095000000000000000e+03,0.000000000000000000e+00,4.095000000000000000e+03,4.095000000000000000e+03,4.095000000000000000e+03
4.095000000000000000e+03,4.095000000000000000e+03,0.000000000000000000e+00,4.095000000000000000e+03,4.095000000000000000e+03,4.095000000000000000e+03
4.095000000000000000e+03,4.095000000000000000e+03,0.000000000000000000e+00,4.095000000000000000e+03,4.095000000000000000e+03,4.095000000000000000e+03
4.095000000000000000e+03,4.095000000000000000e+03,0.000000000000000000e+00,4.095000000000000000e+03,4.095000000000000000e+03,4.095000000000000000e+03
4.095000000000000000e+03,4.095000000000000000e+03,0.000000000000000000e+00,4.095000000000000000e+03,4.095000000000000000e+03,4.095000000000000000e+03
4.095000000000000000e+03,4.095000000000000000e+03,0.000000000000000000e+00,4.095000000000000000e+03,4.095000000000000000e+03,4.095000000000000000e+03
4.095000000000000000e+03,4.095000000000000000e+03,0.000000000000000000e+00,4.095000000000000000e+03,4.095000000000000000e+03,4.095000000000000000e+03
4.095000000000000000e+03,4.095000000000000000e+03,0.000000000000000000e+00,4.095000000000000000e+03,4.095000000000000000e+03,4.095000000000000000e+03
4.095000000000000000e+03,4.095000000000000000e+03,0.000000000000000000e+00,4.095000000000000000e+03,4.095000000000000000e+03,4.095000000000000000e+03
4.095000000000000000e+03,4.095000000000000000e+03,0.000000000000000000e+00,4.095000000000000000e+03,4.095000000000000000e+03,4.095000000000000000e+03
4.095000000000000000e+03,4.095000000000000000e+03,0.000000000000000000e+00,4.095000000000000000e+03,4.095000000000000000e+03,4.095000000000000000e+03
4.095000000000000000e+03,4.095000000000000000e+03,0.000000000000000000e+00,4.095000000000000000e+03,4.095000000000000000e+03,4.095000000000000000e+03
4.095000000000000000e+03,4.095000000000000000e+03,0.000000000000000000e+00,4.095000000000000000e+03,4.095000000000000000e+03,4.095000000000000000e+03
4.095000000000000000e+03,4.095000000000000000e+03,0.000000000000000000e+00,4.095000000000000000e+03,4.095000000000000000e+03,4.095000000000000000e+03
4.095000000000000000e+03,4.095000000000000000e+03,0.000000000000000000e+00,4.095000000000000000e+03,4.095000000000000000e+03,4.095000000000000000e+03
4.059000000000000000e+03,4.095000000000000000e+03,0.000000000000000000e+00,4.095000000000000000e+03,4.095000000000000000e+03,4.095000000000000000e+03
4.095000000000000000e+03,4.095000000000000000e+03,0.000000000000000000e+00,4.095000000000000000e+03,4.095000000000000000e+03,4.095000000000000000e+03
4.095000000000000000e+03,4.095000000000000000e+03,0.000000000000000000e+00,4.095000000000000000e+03,4.095000000000000000e+03,4.095000000000000000e+03
4.095000000000000000e+03,4.095000000000000000e+03,0.000000000000000000e+00,4.095000000000000000e+03,4.095000000000000000e+03,4.095000000000000000e+03
4.095000000000000000e+03,4.095000000000000000e+03,0.000000000000000000e+00,4.095000000000000000e+03,4.095000000000000000e+03,4.095000000000000000e+03
4.095000000000000000e+03,4.095000000000000000e+03,0.000000000000000000e+00,4.095000000000000000e+03,4.095000000000000000e+03,4.095000000000000000e+03
4.095000000000000000e+03,4.002000000000000000e+03,0.000000000000000000e+00,4.095000000000000000e+03,4.095000000000000000e+03,4.095000000000000000e+03
4.095000000000000000e+03,4.095000000000000000e+03,0.000000000000000000e+00,4.095000000000000000e+03,4.095000000000000000e+03,4.095000000000000000e+03
4.095000000000000000e+03,4.095000000000000000e+03,0.000000000000000000e+00,4.095000000000000000e+03,4.095000000000000000e+03,4.095000000000000000e+03
4.095000000000000000e+03,4.095000000000000000e+03,0.000000000000000000e+00,4.095000000000000000e+03,4.095000000000000000e+03,4.095000000000000000e+03
4.095000000000000000e+03,4.095000000000000000e+03,0.000000000000000000e+00,4.095000000000000000e+03,4.095000000000000000e+03,4.095000000000000000e+03
4.095000000000000000e+03,4.095000000000000000e+03,0.000000000000000000e+00,4.095000000000000000e+03,4.095000000000000000e+03,4.095000000000000000e+03
4.095000000000000000e+03,4.095000000000000000e+03,0.000000000000000000e+00,4.095000000000000000e+03,4.095000000000000000e+03,4.095000000000000000e+03
4.095000000000000000e+03,4.095000000000000000e+03,0.000000000000000000e+00,4.095000000000000000e+03,4.095000000000000000e+03,4.095000000000000000e+03
4.095000000000000000e+03,4.095000000000000000e+03,0.000000000000000000e+00,4.095000000000000000e+03,4.095000000000000000e+03,4.095000000000000000e+03
4.095000000000000000e+03,4.095000000000000000e+03,0.000000000000000000e+00,4.095000000000000000e+03,4.095000000000000000e+03,4.095000000000000000e+03
4.095000000000000000e+03,4.095000000000000000e+03,0.000000000000000000e+00,4.095000000000000000e+03,4.095000000000000000e+03,4.095000000000000000e+03
4.095000000000000000e+03,4.095000000000000000e+03,0.000000000000000000e+00,4.095000000000000000e+03,4.095000000000000000e+03,4.095000000000000000e+03
4.095000000000000000e+03,4.095000000000000000e+03,0.000000000000000000e+00,4.095000000000000000e+03,4.095000000000000000e+03,4.095000000000000000e+03
4.095000000000000000e+03,4.095000000000000000e+03,0.000000000000000000e+00,4.095000000000000000e+03,4.095000000000000000e+03,4.095000000000000000e+03
4.095000000000000000e+03,4.095000000000000000e+03,0.000000000000000000e+00,4.095000000000000000e+03,4.095000000000000000e+03,4.095000000000000000e+03
4.095000000000000000e+03,4.095000000000000000e+03,0.000000000000000000e+00,4.095000000000000000e+03,4.095000000000000000e+03,4.095000000000000000e+03
4.095000000000000000e+03,4.095000000000000000e+03,0.000000000000000000e+00,4.095000000000000000e+03,4.095000000000000000e+03,4.095000000000000000e+03
4.095000000000000000e+03,4.095000000000000000e+03,0.000000000000000000e+00,4.095000000000000000e+03,4.095000000000000000e+03,4.095000000000000000e+03
4.095000000000000000e+03,4.095000000000000000e+03,0.000000000000000000e+00,4.095000000000000000e+03,4.095000000000000000e+03,4.095000000000000000e+03
4.095000000000000000e+03,4.095000000000000000e+03,0.000000000000000000e+00,4.095000000000000000e+03,4.095000000000000000e+03,4.095000000000000000e+03
4.095000000000000000e+03,4.095000000000000000e+03,0.000000000000000000e+00,4.095000000000000000e+03,4.095000000000000000e+03,4.095000000000000000e+03
4.095000000000000000e+03,4.011000000000000000e+03,0.000000000000000000e+00,4.095000000000000000e+03,4.095000000000000000e+03,4.095000000000000000e+03
4.095000000000000000e+03,4.095000000000000000e+03,0.000000000000000000e+00,4.095000000000000000e+03,4.095000000000000000e+03,4.095000000000000000e+03
4.095000000000000000e+03,4.095000000000000000e+03,0.000000000000000000e+00,4.095000000000000000e+03,4.095000000000000000e+03,4.095000000000000000e+03
4.095000000000000000e+03,4.095000000000000000e+03,0.000000000000000000e+00,4.095000000000000000e+03,4.095000000000000000e+03,4.095000000000000000e+03
4.095000000000000000e+03,4.095000000000000000e+03,0.000000000000000000e+00,4.095000000000000000e+03,4.095000000000000000e+03,4.095000000000000000e+03
4.095000000000000000e+03,4.095000000000000000e+03,0.000000000000000000e+00,4.095000000000000000e+03,4.069000000000000000e+03,4.095000000000000000e+03
4.095000000000000000e+03,4.095000000000000000e+03,0.000000000000000000e+00,4.095000000000000000e+03,4.095000000000000000e+03,4.095000000000000000e+03
4.095000000000000000e+03,4.095000000000000000e+03,0.000000000000000000e+00,4.095000000000000000e+03,4.095000000000000000e+03,4.095000000000000000e+03
4.095000000000000000e+03,4.095000000000000000e+03,0.000000000000000000e+00,4.095000000000000000e+03,4.095000000000000000e+03,4.095000000000000000e+03
4.095000000000000000e+03,4.095000000000000000e+03,0.000000000000000000e+00,4.095000000000000000e+03,4.095000000000000000e+03,4.095000000000000000e+03
4.095000000000000000e+03,4.095000000000000000e+03,0.000000000000000000e+00,4.095000000000000000e+03,4.095000000000000000e+03,4.095000000000000000e+03
4.095000000000000000e+03,4.095000000000000000e+03,0.000000000000000000e+00,4.095000000000000000e+03,4.095000000000000000e+03,4.095000000000000000e+03
4.095000000000000000e+03,4.095000000000000000e+03,0.000000000000000000e+00,4.095000000000000000e+03,4.095000000000000000e+03,4.095000000000000000e+03
4.095000000000000000e+03,4.095000000000000000e+03,0.000000000000000000e+00,4.095000000000000000e+03,4.095000000000000000e+03,4.095000000000000000e+03
4.095000000000000000e+03,4.095000000000000000e+03,0.000000000000000000e+00,4.095000000000000000e+03,4.095000000000000000e+03,4.095000000000000000e+03
4.095000000000000000e+03,4.095000000000000000e+03,0.000000000000000000e+00,4.095000000000000000e+03,4.095000000000000000e+03,4.095000000000000000e+03
4.095000000000000000e+03,4.095000000000000000e+03,0.000000000000000000e+00,4.095000000000000000e+03,4.095000000000000000e+03,4.095000000000000000e+03
4.095000000000000000e+03,4.095000000000000000e+03,0.000000000000000000e+00,4.095000000000000000e+03,4.095000000000000000e+03,4.095000000000000000e+03
4.095000000000000000e+03,4.095000000000000000e+03,0.000000000000000000e+00,4.095000000000000000e+03,4.095000000000000000e+03,4.095000000000000000e+03
4.095000000000000000e+03,4.095000000000000000e+03,0.000000000000000000e+00,4.093000000000000000e+03,4.095000000000000000e+03,3.979000000000000000e+03
4.095000000000000000e+03,4.095000000000000000e+03,0.000000000000000000e+00,4.095000000000000000e+03,4.095000000000000000e+03,4.095000000000000000e+03
4.095000000000000000e+03,4.095000000000000000e+03,0.000000000000000000e+00,4.095000000000000000e+03,4.095000000000000000e+03,4.095000000000000000e+03
4.095000000000000000e+03,4.095000000000000000e+03,0.000000000000000000e+00,4.095000000000000000e+03,4.095000000000000000e+03,4.095000000000000000e+03
4.095000000000000000e+03,4.095000000000000000e+03,0.000000000000000000e+00,4.095000000000000000e+03,4.095000000000000000e+03,4.095000000000000000e+03
4.095000000000000000e+03,4.095000000000000000e+03,0.000000000000000000e+00,4.095000000000000000e+03,4.095000000000000000e+03,4.095000000000000000e+03
4.095000000000000000e+03,4.095000000000000000e+03,0.000000000000000000e+00,4.095000000000000000e+03,4.095000000000000000e+03,4.095000000000000000e+03
4.095000000000000000e+03,4.095000000000000000e+03,0.000000000000000000e+00,4.095000000000000000e+03,4.095000000000000000e+03,4.095000000000000000e+03
4.095000000000000000e+03,4.095000000000000000e+03,0.000000000000000000e+00,4.095000000000000000e+03,4.095000000000000000e+03,4.095000000000000000e+03
4.095000000000000000e+03,4.095000000000000000e+03,0.000000000000000000e+00,4.095000000000000000e+03,4.095000000000000000e+03,4.095000000000000000e+03
4.095000000000000000e+03,4.095000000000000000e+03,0.000000000000000000e+00,4.095000000000000000e+03,4.095000000000000000e+03,4.095000000000000000e+03
4.095000000000000000e+03,4.095000000000000000e+03,0.000000000000000000e+00,4.095000000000000000e+03,4.095000000000000000e+03,4.095000000000000000e+03
4.095000000000000000e+03,4.095000000000000000e+03,0.000000000000000000e+00,4.095000000000000000e+03,4.095000000000000000e+03,4.095000000000000000e+03
4.095000000000000000e+03,4.095000000000000000e+03,0.000000000000000000e+00,4.095000000000000000e+03,4.095000000000000000e+03,4.095000000000000000e+03
4.095000000000000000e+03,4.095000000000000000e+03,0.000000000000000000e+00,4.095000000000000000e+03,4.095000000000000000e+03,4.095000000000000000e+03
4.095000000000000000e+03,4.095000000000000000e+03,0.000000000000000000e+00,4.095000000000000000e+03,4.095000000000000000e+03,4.095000000000000000e+03
4.095000000000000000e+03,4.095000000000000000e+03,0.000000000000000000e+00,4.095000000000000000e+03,4.095000000000000000e+03,4.095000000000000000e+03
4.095000000000000000e+03,4.095000000000000000e+03,0.000000000000000000e+00,4.095000000000000000e+03,4.095000000000000000e+03,4.095000000000000000e+03
4.095000000000000000e+03,4.095000000000000000e+03,0.000000000000000000e+00,4.095000000000000000e+03,4.095000000000000000e+03,4.095000000000000000e+03
4.095000000000000000e+03,4.095000000000000000e+03,0.000000000000000000e+00,4.095000000000000000e+03,4.095000000000000000e+03,4.095000000000000000e+03
4.095000000000000000e+03,4.095000000000000000e+03,0.000000000000000000e+00,4.095000000000000000e+03,4.095000000000000000e+03,4.095000000000000000e+03
4.095000000000000000e+03,4.095000000000000000e+03,0.000000000000000000e+00,4.095000000000000000e+03,4.095000000000000000e+03,4.095000000000000000e+03
4.095000000000000000e+03,4.095000000000000000e+03,0.000000000000000000e+00,4.095000000000000000e+03,4.095000000000000000e+03,4.095000000000000000e+03
4.095000000000000000e+03,4.095000000000000000e+03,0.000000000000000000e+00,4.095000000000000000e+03,4.095000000000000000e+03,4.095000000000000000e+03
4.046000000000000000e+03,4.095000000000000000e+03,0.000000000000000000e+00,4.095000000000000000e+03,4.095000000000000000e+03,4.095000000000000000e+03
4.095000000000000000e+03,4.095000000000000000e+03,0.000000000000000000e+00,4.095000000000000000e+03,4.095000000000000000e+03,4.095000000000000000e+03
4.095000000000000000e+03,4.095000000000000000e+03,0.000000000000000000e+00,4.095000000000000000e+03,4.095000000000000000e+03,4.095000000000000000e+03
4.095000000000000000e+03,4.095000000000000000e+03,0.000000000000000000e+00,4.095000000000000000e+03,4.095000000000000000e+03,4.095000000000000000e+03
4.095000000000000000e+03,4.095000000000000000e+03,0.000000000000000000e+00,4.095000000000000000e+03,4.095000000000000000e+03,4.095000000000000000e+03
4.095000000000000000e+03,4.006000000000000000e+03,0.000000000000000000e+00,4.095000000000000000e+03,4.095000000000000000e+03,4.095000000000000000e+03
4.095000000000000000e+03,4.095000000000000000e+03,0.000000000000000000e+00,4.095000000000000000e+03,4.095000000000000000e+03,4.095000000000000000e+03
4.095000000000000000e+03,4.095000000000000000e+03,0.000000000000000000e+00,4.095000000000000000e+03,4.095000000000000000e+03,4.095000000000000000e+03
4.095000000000000000e+03,4.095000000000000000e+03,0.000000000000000000e+00,4.095000000000000000e+03,4.095000000000000000e+03,4.095000000000000000e+03
4.095000000000000000e+03,4.095000000000000000e+03,0.000000000000000000e+00,4.095000000000000000e+03,4.095000000000000000e+03,4.095000000000000000e+03
4.095000000000000000e+03,4.095000000000000000e+03,0.000000000000000000e+00,4.095000000000000000e+03,4.095000000000000000e+03,4.095000000000000000e+03
4.095000000000000000e+03,4.095000000000000000e+03,0.000000000000000000e+00,4.095000000000000000e+03,4.095000000000000000e+03,4.095000000000000000e+03
4.095000000000000000e+03,4.095000000000000000e+03,0.000000000000000000e+00,4.095000000000000000e+03,4.095000000000000000e+03,4.095000000000000000e+03
4.095000000000000000e+03,4.095000000000000000e+03,0.000000000000000000e+00,4.095000000000000000e+03,4.095000000000000000e+03,4.095000000000000000e+03
4.095000000000000000e+03,4.095000000000000000e+03,0.000000000000000000e+00,4.095000000000000000e+03,4.095000000000000000e+03,4.095000000000000000e+03
4.095000000000000000e+03,4.095000000000000000e+03,0.000000000000000000e+00,4.095000000000000000e+03,4.095000000000000000e+03,4.095000000000000000e+03
4.095000000000000000e+03,4.095000000000000000e+03,0.000000000000000000e+00,4.095000000000000000e+03,4.095000000000000000e+03,4.095000000000000000e+03
4.095000000000000000e+03,4.095000000000000000e+03,0.000000000000000000e+00,4.095000000000000000e+03,4.095000000000000000e+03,4.095000000000000000e+03
4.095000000000000000e+03,4.095000000000000000e+03,0.000000000000000000e+00,4.095000000000000000e+03,4.095000000000000000e+03,4.095000000000000000e+03
4.095000000000000000e+03,4.095000000000000000e+03,0.000000000000000000e+00,4.095000000000000000e+03,4.095000000000000000e+03,4.095000000000000000e+03
4.095000000000000000e+03,4.095000000000000000e+03,0.000000000000000000e+00,4.095000000000000000e+03,4.095000000000000000e+03,4.095000000000000000e+03
4.095000000000000000e+03,4.095000000000000000e+03,0.000000000000000000e+00,4.095000000000000000e+03,4.095000000000000000e+03,4.095000000000000000e+03
4.095000000000000000e+03,4.095000000000000000e+03,0.000000000000000000e+00,4.095000000000000000e+03,4.095000000000000000e+03,4.095000000000000000e+03
4.095000000000000000e+03,4.095000000000000000e+03,0.000000000000000000e+00,4.095000000000000000e+03,4.095000000000000000e+03,4.095000000000000000e+03
4.095000000000000000e+03,4.095000000000000000e+03,0.000000000000000000e+00,4.095000000000000000e+03,4.095000000000000000e+03,4.095000000000000000e+03
4.095000000000000000e+03,4.095000000000000000e+03,0.000000000000000000e+00,4.095000000000000000e+03,4.095000000000000000e+03,4.095000000000000000e+03
4.095000000000000000e+03,4.095000000000000000e+03,0.000000000000000000e+00,4.095000000000000000e+03,4.095000000000000000e+03,4.095000000000000000e+03
4.095000000000000000e+03,4.095000000000000000e+03,0.000000000000000000e+00,4.095000000000000000e+03,4.095000000000000000e+03,4.095000000000000000e+03
4.095000000000000000e+03,4.095000000000000000e+03,0.000000000000000000e+00,4.095000000000000000e+03,4.095000000000000000e+03,4.095000000000000000e+03
4.095000000000000000e+03,4.095000000000000000e+03,0.000000000000000000e+00,4.095000000000000000e+03,4.095000000000000000e+03,4.095000000000000000e+03
4.095000000000000000e+03,4.095000000000000000e+03,0.000000000000000000e+00,4.095000000000000000e+03,4.095000000000000000e+03,4.095000000000000000e+03
4.095000000000000000e+03,4.095000000000000000e+03,0.000000000000000000e+00,4.095000000000000000e+03,4.095000000000000000e+03,4.095000000000000000e+03
4.095000000000000000e+03,4.095000000000000000e+03,0.000000000000000000e+00,4.095000000000000000e+03,4.095000000000000000e+03,4.095000000000000000e+03
4.095000000000000000e+03,4.095000000000000000e+03,0.000000000000000000e+00,4.095000000000000000e+03,4.082000000000000000e+03,4.095000000000000000e+03
4.095000000000000000e+03,4.095000000000000000e+03,0.000000000000000000e+00,4.095000000000000000e+03,4.095000000000000000e+03,4.095000000000000000e+03
4.095000000000000000e+03,4.095000000000000000e+03,0.000000000000000000e+00,4.095000000000000000e+03,4.095000000000000000e+03,4.095000000000000000e+03
4.095000000000000000e+03,4.095000000000000000e+03,0.000000000000000000e+00,4.095000000000000000e+03,4.095000000000000000e+03,4.095000000000000000e+03
4.095000000000000000e+03,4.095000000000000000e+03,0.000000000000000000e+00,4.095000000000000000e+03,4.095000000000000000e+03,4.095000000000000000e+03
4.095000000000000000e+03,4.095000000000000000e+03,0.000000000000000000e+00,4.095000000000000000e+03,4.095000000000000000e+03,4.095000000000000000e+03
4.095000000000000000e+03,4.095000000000000000e+03,0.000000000000000000e+00,4.095000000000000000e+03,4.095000000000000000e+03,4.095000000000000000e+03
4.095000000000000000e+03,4.095000000000000000e+03,0.000000000000000000e+00,4.095000000000000000e+03,4.095000000000000000e+03,4.074000000000000000e+03
4.095000000000000000e+03,4.095000000000000000e+03,0.000000000000000000e+00,4.095000000000000000e+03,4.095000000000000000e+03,4.095000000000000000e+03
4.095000000000000000e+03,4.095000000000000000e+03,0.000000000000000000e+00,4.095000000000000000e+03,4.095000000000000000e+03,4.095000000000000000e+03
4.095000000000000000e+03,4.095000000000000000e+03,0.000000000000000000e+00,4.095000000000000000e+03,4.095000000000000000e+03,4.095000000000000000e+03
4.095000000000000000e+03,4.095000000000000000e+03,0.000000000000000000e+00,4.095000000000000000e+03,4.095000000000000000e+03,4.095000000000000000e+03
4.095000000000000000e+03,4.095000000000000000e+03,0.000000000000000000e+00,4.095000000000000000e+03,4.095000000000000000e+03,4.095000000000000000e+03
4.095000000000000000e+03,4.095000000000000000e+03,0.000000000000000000e+00,4.095000000000000000e+03,4.095000000000000000e+03,4.095000000000000000e+03
4.095000000000000000e+03,4.095000000000000000e+03,0.000000000000000000e+00,4.095000000000000000e+03,4.095000000000000000e+03,4.095000000000000000e+03
4.095000000000000000e+03,4.095000000000000000e+03,0.000000000000000000e+00,4.095000000000000000e+03,4.095000000000000000e+03,4.095000000000000000e+03
4.095000000000000000e+03,4.095000000000000000e+03,0.000000000000000000e+00,4.095000000000000000e+03,4.095000000000000000e+03,4.095000000000000000e+03
4.095000000000000000e+03,4.095000000000000000e+03,0.000000000000000000e+00,4.095000000000000000e+03,4.095000000000000000e+03,4.095000000000000000e+03
4.095000000000000000e+03,4.095000000000000000e+03,0.000000000000000000e+00,4.095000000000000000e+03,4.095000000000000000e+03,4.095000000000000000e+03
4.095000000000000000e+03,4.095000000000000000e+03,0.000000000000000000e+00,4.095000000000000000e+03,4.095000000000000000e+03,3.934000000000000000e+03
4.095000000000000000e+03,4.095000000000000000e+03,0.000000000000000000e+00,4.095000000000000000e+03,4.095000000000000000e+03,4.095000000000000000e+03
4.095000000000000000e+03,4.095000000000000000e+03,0.000000000000000000e+00,4.095000000000000000e+03,4.095000000000000000e+03,4.095000000000000000e+03
4.095000000000000000e+03,4.095000000000000000e+03,0.000000000000000000e+00,4.095000000000000000e+03,4.095000000000000000e+03,4.095000000000000000e+03
4.095000000000000000e+03,4.095000000000000000e+03,0.000000000000000000e+00,4.095000000000000000e+03,4.095000000000000000e+03,4.095000000000000000e+03
4.095000000000000000e+03,4.095000000000000000e+03,0.000000000000000000e+00,4.095000000000000000e+03,4.095000000000000000e+03,4.095000000000000000e+03
4.095000000000000000e+03,4.095000000000000000e+03,0.000000000000000000e+00,4.095000000000000000e+03,4.095000000000000000e+03,4.095000000000000000e+03
4.095000000000000000e+03,4.095000000000000000e+03,0.000000000000000000e+00,4.095000000000000000e+03,4.095000000000000000e+03,4.095000000000000000e+03
4.095000000000000000e+03,4.095000000000000000e+03,0.000000000000000000e+00,4.095000000000000000e+03,4.095000000000000000e+03,4.095000000000000000e+03
4.095000000000000000e+03,4.095000000000000000e+03,0.000000000000000000e+00,4.095000000000000000e+03,4.095000000000000000e+03,4.095000000000000000e+03
4.095000000000000000e+03,4.095000000000000000e+03,0.000000000000000000e+00,4.095000000000000000e+03,4.095000000000000000e+03,4.095000000000000000e+03
4.095000000000000000e+03,4.095000000000000000e+03,0.000000000000000000e+00,4.095000000000000000e+03,4.095000000000000000e+03,4.095000000000000000e+03
4.095000000000000000e+03,4.095000000000000000e+03,0.000000000000000000e+00,4.095000000000000000e+03,4.095000000000000000e+03,4.095000000000000000e+03
4.095000000000000000e+03,4.095000000000000000e+03,0.000000000000000000e+00,4.095000000000000000e+03,4.095000000000000000e+03,4.095000000000000000e+03
4.095000000000000000e+03,4.095000000000000000e+03,0.000000000000000000e+00,4.095000000000000000e+03,4.095000000000000000e+03,4.095000000000000000e+03
4.095000000000000000e+03,4.095000000000000000e+03,0.000000000000000000e+00,4.095000000000000000e+03,4.095000000000000000e+03,4.095000000000000000e+03
4.095000000000000000e+03,4.095000000000000000e+03,0.000000000000000000e+00,4.095000000000000000e+03,4.095000000000000000e+03,4.095000000000000000e+03
4.095000000000000000e+03,4.095000000000000000e+03,0.000000000000000000e+00,4.095000000000000000e+03,4.095000000000000000e+03,4.095000000000000000e+03
4.095000000000000000e+03,4.095000000000000000e+03,0.000000000000000000e+00,4.095000000000000000e+03,4.095000000000000000e+03,4.095000000000000000e+03
4.095000000000000000e+03,4.095000000000000000e+03,0.000000000000000000e+00,4.095000000000000000e+03,4.095000000000000000e+03,4.095000000000000000e+03
4.095000000000000000e+03,4.095000000000000000e+03,0.000000000000000000e+00,4.095000000000000000e+03,4.095000000000000000e+03,4.095000000000000000e+03
4.095000000000000000e+03,4.095000000000000000e+03,0.000000000000000000e+00,4.095000000000000000e+03,4.095000000000000000e+03,4.095000000000000000e+03
4.095000000000000000e+03,4.095000000000000000e+03,0.000000000000000000e+00,4.095000000000000000e+03,4.095000000000000000e+03,4.095000000000000000e+03
4.095000000000000000e+03,4.095000000000000000e+03,0.000000000000000000e+00,4.095000000000000000e+03,4.095000000000000000e+03,4.095000000000000000e+03
4.095000000000000000e+03,4.095000000000000000e+03,0.000000000000000000e+00,4.095000000000000000e+03,4.095000000000000000e+03,4.095000000000000000e+03
4.095000000000000000e+03,4.095000000000000000e+03,0.000000000000000000e+00,4.095000000000000000e+03,4.095000000000000000e+03,4.095000000000000000e+03
4.095000000000000000e+03,4.095000000000000000e+03,0.000000000000000000e+00,4.095000000000000000e+03,4.095000000000000000e+03,4.095000000000000000e+03
4.077000000000000000e+03,4.095000000000000000e+03,0.000000000000000000e+00,4.095000000000000000e+03,4.095000000000000000e+03,4.095000000000000000e+03
4.095000000000000000e+03,4.095000000000000000e+03,0.000000000000000000e+00,4.095000000000000000e+03,4.095000000000000000e+03,4.095000000000000000e+03
4.095000000000000000e+03,4.095000000000000000e+03,0.000000000000000000e+00,4.095000000000000000e+03,4.095000000000000000e+03,4.095000000000000000e+03
4.095000000000000000e+03,4.095000000000000000e+03,0.000000000000000000e+00,4.095000000000000000e+03,4.095000000000000000e+03,4.095000000000000000e+03
4.095000000000000000e+03,4.095000000000000000e+03,0.000000000000000000e+00,4.095000000000000000e+03,4.095000000000000000e+03,4.095000000000000000e+03
4.095000000000000000e+03,4.095000000000000000e+03,0.000000000000000000e+00,4.095000000000000000e+03,4.095000000000000000e+03,4.017000000000000000e+03
4.095000000000000000e+03,4.095000000000000000e+03,0.000000000000000000e+00,4.095000000000000000e+03,4.095000000000000000e+03,4.095000000000000000e+03
4.095000000000000000e+03,4.095000000000000000e+03,0.000000000000000000e+00,4.095000000000000000e+03,4.095000000000000000e+03,4.095000000000000000e+03
4.095000000000000000e+03,4.095000000000000000e+03,0.000000000000000000e+00,4.095000000000000000e+03,4.095000000000000000e+03,4.095000000000000000e+03
4.095000000000000000e+03,4.095000000000000000e+03,0.000000000000000000e+00,4.095000000000000000e+03,4.095000000000000000e+03,4.095000000000000000e+03
4.095000000000000000e+03,4.095000000000000000e+03,0.000000000000000000e+00,4.095000000000000000e+03,4.095000000000000000e+03,4.095000000000000000e+03
4.095000000000000000e+03,4.095000000000000000e+03,0.000000000000000000e+00,4.095000000000000000e+03,4.095000000000000000e+03,4.095000000000000000e+03
4.095000000000000000e+03,4.095000000000000000e+03,0.000000000000000000e+00,4.095000000000000000e+03,4.095000000000000000e+03,4.095000000000000000e+03
4.095000000000000000e+03,4.095000000000000000e+03,0.000000000000000000e+00,4.095000000000000000e+03,4.095000000000000000e+03,4.095000000000000000e+03
4.095000000000000000e+03,4.095000000000000000e+03,0.000000000000000000e+00,4.095000000000000000e+03,4.095000000000000000e+03,4.095000000000000000e+03
4.095000000000000000e+03,4.095000000000000000e+03,0.000000000000000000e+00,4.095000000000000000e+03,4.095000000000000000e+03,4.095000000000000000e+03
4.095000000000000000e+03,4.095000000000000000e+03,0.000000000000000000e+00,4.095000000000000000e+03,4.095000000000000000e+03,4.095000000000000000e+03
4.095000000000000000e+03,4.095000000000000000e+03,0.000000000000000000e+00,4.095000000000000000e+03,4.095000000000000000e+03,4.095000000000000000e+03
4.095000000000000000e+03,4.095000000000000000e+03,0.000000000000000000e+00,4.095000000000000000e+03,4.095000000000000000e+03,4.095000000000000000e+03
4.095000000000000000e+03,4.095000000000000000e+03,0.000000000000000000e+00,4.095000000000000000e+03,4.095000000000000000e+03,4.095000000000000000e+03
4.095000000000000000e+03,4.095000000000000000e+03,0.000000000000000000e+00,4.095000000000000000e+03,4.095000000000000000e+03,4.095000000000000000e+03
4.083000000000000000e+03,4.095000000000000000e+03,0.000000000000000000e+00,4.095000000000000000e+03,4.095000000000000000e+03,4.095000000000000000e+03
4.095000000000000000e+03,4.095000000000000000e+03,0.000000000000000000e+00,4.095000000000000000e+03,4.095000000000000000e+03,4.095000000000000000e+03
4.095000000000000000e+03,4.095000000000000000e+03,0.000000000000000000e+00,4.095000000000000000e+03,4.095000000000000000e+03,4.095000000000000000e+03
4.095000000000000000e+03,4.095000000000000000e+03,0.000000000000000000e+00,4.095000000000000000e+03,4.095000000000000000e+03,4.095000000000000000e+03
4.095000000000000000e+03,4.095000000000000000e+03,0.000000000000000000e+00,4.095000000000000000e+03,4.095000000000000000e+03,4.095000000000000000e+03
4.095000000000000000e+03,4.095000000000000000e+03,0.000000000000000000e+00,4.095000000000000000e+03,4.095000000000000000e+03,4.095000000000000000e+03
4.051000000000000000e+03,4.095000000000000000e+03,0.000000000000000000e+00,4.095000000000000000e+03,4.095000000000000000e+03,4.095000000000000000e+03
4.095000000000000000e+03,4.095000000000000000e+03,0.000000000000000000e+00,4.095000000000000000e+03,4.095000000000000000e+03,4.095000000000000000e+03
4.095000000000000000e+03,4.095000000000000000e+03,0.000000000000000000e+00,4.095000000000000000e+03,4.095000000000000000e+03,4.095000000000000000e+03
4.095000000000000000e+03,4.095000000000000000e+03,0.000000000000000000e+00,4.095000000000000000e+03,4.095000000000000000e+03,4.095000000000000000e+03
4.095000000000000000e+03,4.095000000000000000e+03,0.000000000000000000e+00,4.095000000000000000e+03,4.095000000000000000e+03,4.095000000000000000e+03
4.095000000000000000e+03,4.095000000000000000e+03,0.000000000000000000e+00,4.095000000000000000e+03,4.095000000000000000e+03,4.095000000000000000e+03
4.095000000000000000e+03,4.095000000000000000e+03,0.000000000000000000e+00,4.095000000000000000e+03,4.095000000000000000e+03,4.095000000000000000e+03
4.095000000000000000e+03,4.095000000000000000e+03,0.000000000000000000e+00,4.095000000000000000e+03,4.095000000000000000e+03,4.095000000000000000e+03
4.095000000000000000e+03,4.095000000000000000e+03,0.000000000000000000e+00,4.095000000000000000e+03,4.095000000000000000e+03,4.095000000000000000e+03
4.095000000000000000e+03,4.095000000000000000e+03,0.000000000000000000e+00,4.095000000000000000e+03,4.095000000000000000e+03,4.095000000000000000e+03
4.095000000000000000e+03,4.095000000000000000e+03,0.000000000000000000e+00,4.035000000000000000e+03,4.095000000000000000e+03,3.975000000000000000e+03
4.095000000000000000e+03,4.095000000000000000e+03,0.000000000000000000e+00,4.095000000000000000e+03,4.095000000000000000e+03,4.095000000000000000e+03
4.095000000000000000e+03,4.095000000000000000e+03,0.000000000000000000e+00,4.095000000000000000e+03,4.095000000000000000e+03,4.095000000000000000e+03
4.095000000000000000e+03,4.095000000000000000e+03,0.000000000000000000e+00,4.095000000000000000e+03,4.095000000000000000e+03,4.095000000000000000e+03
4.095000000000000000e+03,4.095000000000000000e+03,0.000000000000000000e+00,4.095000000000000000e+03,4.095000000000000000e+03,4.095000000000000000e+03
4.095000000000000000e+03,4.095000000000000000e+03,0.000000000000000000e+00,4.095000000000000000e+03,4.095000000000000000e+03,4.095000000000000000e+03
4.095000000000000000e+03,4.095000000000000000e+03,0.000000000000000000e+00,4.095000000000000000e+03,4.095000000000000000e+03,4.095000000000000000e+03
4.095000000000000000e+03,4.095000000000000000e+03,0.000000000000000000e+00,4.095000000000000000e+03,4.095000000000000000e+03,4.095000000000000000e+03
4.095000000000000000e+03,4.095000000000000000e+03,0.000000000000000000e+00,4.095000000000000000e+03,4.095000000000000000e+03,4.095000000000000000e+03
4.095000000000000000e+03,4.095000000000000000e+03,0.000000000000000000e+00,4.095000000000000000e+03,4.095000000000000000e+03,4.095000000000000000e+03
4.095000000000000000e+03,4.095000000000000000e+03,0.000000000000000000e+00,4.095000000000000000e+03,4.095000000000000000e+03,4.095000000000000000e+03
4.095000000000000000e+03,4.095000000000000000e+03,0.000000000000000000e+00,4.095000000000000000e+03,4.095000000000000000e+03,4.095000000000000000e+03
4.095000000000000000e+03,4.095000000000000000e+03,0.000000000000000000e+00,4.095000000000000000e+03,4.095000000000000000e+03,4.095000000000000000e+03
4.095000000000000000e+03,4.095000000000000000e+03,0.000000000000000000e+00,4.095000000000000000e+03,4.095000000000000000e+03,4.095000000000000000e+03
4.095000000000000000e+03,4.095000000000000000e+03,0.000000000000000000e+00,4.095000000000000000e+03,4.095000000000000000e+03,4.095000000000000000e+03
4.095000000000000000e+03,4.095000000000000000e+03,0.000000000000000000e+00,4.095000000000000000e+03,4.095000000000000000e+03,4.095000000000000000e+03
4.095000000000000000e+03,4.095000000000000000e+03,0.000000000000000000e+00,4.095000000000000000e+03,4.095000000000000000e+03,4.095000000000000000e+03
4.095000000000000000e+03,4.095000000000000000e+03,0.000000000000000000e+00,4.095000000000000000e+03,4.095000000000000000e+03,4.095000000000000000e+03
4.095000000000000000e+03,4.095000000000000000e+03,0.000000000000000000e+00,4.095000000000000000e+03,4.095000000000000000e+03,4.095000000000000000e+03
4.095000000000000000e+03,4.095000000000000000e+03,0.000000000000000000e+00,4.095000000000000000e+03,4.095000000000000000e+03,4.095000000000000000e+03
4.095000000000000000e+03,4.095000000000000000e+03,0.000000000000000000e+00,4.095000000000000000e+03,4.095000000000000000e+03,4.095000000000000000e+03
4.095000000000000000e+03,4.095000000000000000e+03,0.000000000000000000e+00,4.095000000000000000e+03,4.095000000000000000e+03,4.095000000000000000e+03
4.095000000000000000e+03,4.095000000000000000e+03,0.000000000000000000e+00,4.095000000000000000e+03,4.095000000000000000e+03,4.095000000000000000e+03
4.095000000000000000e+03,4.095000000000000000e+03,0.000000000000000000e+00,4.095000000000000000e+03,4.095000000000000000e+03,4.095000000000000000e+03
4.095000000000000000e+03,4.095000000000000000e+03,0.000000000000000000e+00,4.095000000000000000e+03,4.095000000000000000e+03,4.095000000000000000e+03
4.095000000000000000e+03,4.095000000000000000e+03,0.000000000000000000e+00,4.095000000000000000e+03,4.095000000000000000e+03,4.095000000000000000e+03
4.095000000000000000e+03,4.065000000000000000e+03,0.000000000000000000e+00,4.095000000000000000e+03,4.095000000000000000e+03,4.095000000000000000e+03
4.095000000000000000e+03,4.095000000000000000e+03,0.000000000000000000e+00,4.095000000000000000e+03,4.095000000000000000e+03,4.095000000000000000e+03
4.095000000000000000e+03,3.743000000000000000e+03,0.000000000000000000e+00,4.055000000000000000e+03,4.095000000000000000e+03,4.095000000000000000e+03
4.095000000000000000e+03,4.095000000000000000e+03,0.000000000000000000e+00,4.095000000000000000e+03,4.095000000000000000e+03,4.095000000000000000e+03
4.095000000000000000e+03,4.095000000000000000e+03,0.000000000000000000e+00,4.095000000000000000e+03,4.095000000000000000e+03,4.095000000000000000e+03
4.095000000000000000e+03,4.095000000000000000e+03,0.000000000000000000e+00,4.095000000000000000e+03,4.095000000000000000e+03,4.095000000000000000e+03
4.095000000000000000e+03,4.095000000000000000e+03,0.000000000000000000e+00,4.095000000000000000e+03,4.095000000000000000e+03,4.095000000000000000e+03
4.095000000000000000e+03,4.095000000000000000e+03,0.000000000000000000e+00,4.095000000000000000e+03,4.095000000000000000e+03,4.095000000000000000e+03
4.095000000000000000e+03,4.095000000000000000e+03,0.000000000000000000e+00,4.095000000000000000e+03,4.095000000000000000e+03,4.095000000000000000e+03
4.095000000000000000e+03,4.095000000000000000e+03,0.000000000000000000e+00,4.095000000000000000e+03,4.095000000000000000e+03,4.095000000000000000e+03
4.095000000000000000e+03,4.095000000000000000e+03,0.000000000000000000e+00,4.095000000000000000e+03,4.095000000000000000e+03,4.095000000000000000e+03
4.095000000000000000e+03,4.095000000000000000e+03,0.000000000000000000e+00,4.095000000000000000e+03,4.095000000000000000e+03,4.095000000000000000e+03
4.095000000000000000e+03,4.095000000000000000e+03,0.000000000000000000e+00,4.095000000000000000e+03,4.095000000000000000e+03,4.095000000000000000e+03
3.888000000000000000e+03,4.095000000000000000e+03,4.710000000000000000e+02,4.095000000000000000e+03,4.095000000000000000e+03,4.095000000000000000e+03
4.095000000000000000e+03,3.643000000000000000e+03,4.095000000000000000e+03,4.038000000000000000e+03,4.095000000000000000e+03,4.095000000000000000e+03
4.095000000000000000e+03,4.095000000000000000e+03,4.095000000000000000e+03,4.095000000000000000e+03,4.095000000000000000e+03,4.095000000000000000e+03
4.095000000000000000e+03,4.095000000000000000e+03,4.095000000000000000e+03,4.095000000000000000e+03,4.095000000000000000e+03,4.095000000000000000e+03
4.095000000000000000e+03,4.095000000000000000e+03,4.095000000000000000e+03,4.095000000000000000e+03,4.095000000000000000e+03,4.095000000000000000e+03
4.095000000000000000e+03,4.095000000000000000e+03,4.095000000000000000e+03,4.095000000000000000e+03,4.095000000000000000e+03,4.095000000000000000e+03
4.095000000000000000e+03,4.095000000000000000e+03,4.095000000000000000e+03,4.095000000000000000e+03,4.095000000000000000e+03,4.095000000000000000e+03
4.095000000000000000e+03,4.095000000000000000e+03,4.095000000000000000e+03,4.095000000000000000e+03,4.095000000000000000e+03,4.095000000000000000e+03
4.095000000000000000e+03,4.095000000000000000e+03,3.973000000000000000e+03,4.095000000000000000e+03,4.095000000000000000e+03,4.095000000000000000e+03
4.095000000000000000e+03,4.095000000000000000e+03,4.095000000000000000e+03,4.095000000000000000e+03,4.095000000000000000e+03,4.095000000000000000e+03
4.095000000000000000e+03,4.095000000000000000e+03,4.095000000000000000e+03,4.095000000000000000e+03,4.095000000000000000e+03,4.095000000000000000e+03
4.095000000000000000e+03,4.095000000000000000e+03,4.095000000000000000e+03,4.095000000000000000e+03,4.095000000000000000e+03,4.095000000000000000e+03
4.095000000000000000e+03,4.095000000000000000e+03,4.095000000000000000e+03,4.095000000000000000e+03,4.095000000000000000e+03,4.095000000000000000e+03
4.007000000000000000e+03,4.095000000000000000e+03,4.095000000000000000e+03,4.095000000000000000e+03,4.095000000000000000e+03,4.095000000000000000e+03
4.095000000000000000e+03,4.095000000000000000e+03,4.095000000000000000e+03,4.095000000000000000e+03,4.095000000000000000e+03,4.095000000000000000e+03
4.095000000000000000e+03,4.095000000000000000e+03,4.095000000000000000e+03,4.095000000000000000e+03,4.095000000000000000e+03,4.095000000000000000e+03
4.095000000000000000e+03,4.095000000000000000e+03,4.095000000000000000e+03,4.095000000000000000e+03,4.095000000000000000e+03,4.095000000000000000e+03
4.095000000000000000e+03,4.095000000000000000e+03,4.095000000000000000e+03,4.095000000000000000e+03,4.095000000000000000e+03,4.095000000000000000e+03
4.095000000000000000e+03,4.095000000000000000e+03,4.095000000000000000e+03,4.095000000000000000e+03,4.095000000000000000e+03,4.095000000000000000e+03
4.095000000000000000e+03,4.095000000000000000e+03,4.095000000000000000e+03,4.095000000000000000e+03,4.095000000000000000e+03,4.095000000000000000e+03
4.095000000000000000e+03,4.095000000000000000e+03,4.095000000000000000e+03,4.095000000000000000e+03,4.095000000000000000e+03,4.095000000000000000e+03
4.095000000000000000e+03,4.095000000000000000e+03,4.095000000000000000e+03,4.095000000000000000e+03,4.095000000000000000e+03,4.095000000000000000e+03
4.095000000000000000e+03,4.095000000000000000e+03,4.095000000000000000e+03,4.095000000000000000e+03,4.095000000000000000e+03,4.095000000000000000e+03
4.095000000000000000e+03,4.095000000000000000e+03,4.095000000000000000e+03,4.095000000000000000e+03,4.095000000000000000e+03,4.095000000000000000e+03
4.095000000000000000e+03,4.095000000000000000e+03,4.095000000000000000e+03,4.095000000000000000e+03,4.095000000000000000e+03,4.095000000000000000e+03
4.095000000000000000e+03,4.095000000000000000e+03,4.095000000000000000e+03,4.095000000000000000e+03,4.095000000000000000e+03,4.095000000000000000e+03
4.095000000000000000e+03,4.095000000000000000e+03,4.095000000000000000e+03,4.095000000000000000e+03,4.095000000000000000e+03,4.095000000000000000e+03
4.095000000000000000e+03,4.095000000000000000e+03,4.095000000000000000e+03,4.095000000000000000e+03,4.095000000000000000e+03,4.095000000000000000e+03
4.095000000000000000e+03,4.095000000000000000e+03,4.095000000000000000e+03,4.095000000000000000e+03,4.095000000000000000e+03,4.095000000000000000e+03
4.095000000000000000e+03,4.095000000000000000e+03,4.095000000000000000e+03,4.095000000000000000e+03,4.095000000000000000e+03,4.095000000000000000e+03
4.095000000000000000e+03,4.095000000000000000e+03,4.095000000000000000e+03,4.095000000000000000e+03,4.095000000000000000e+03,4.095000000000000000e+03
4.095000000000000000e+03,4.095000000000000000e+03,4.095000000000000000e+03,4.095000000000000000e+03,4.095000000000000000e+03,4.095000000000000000e+03
4.095000000000000000e+03,4.095000000000000000e+03,4.095000000000000000e+03,4.095000000000000000e+03,4.095000000000000000e+03,4.095000000000000000e+03
4.080000000000000000e+03,4.095000000000000000e+03,4.095000000000000000e+03,4.095000000000000000e+03,4.095000000000000000e+03,4.095000000000000000e+03
4.095000000000000000e+03,4.095000000000000000e+03,4.095000000000000000e+03,4.095000000000000000e+03,4.095000000000000000e+03,4.095000000000000000e+03
4.095000000000000000e+03,4.095000000000000000e+03,4.095000000000000000e+03,4.095000000000000000e+03,4.095000000000000000e+03,4.095000000000000000e+03
4.095000000000000000e+03,4.095000000000000000e+03,4.095000000000000000e+03,4.095000000000000000e+03,4.095000000000000000e+03,4.095000000000000000e+03
4.095000000000000000e+03,4.095000000000000000e+03,4.095000000000000000e+03,4.095000000000000000e+03,4.095000000000000000e+03,4.095000000000000000e+03
4.095000000000000000e+03,4.095000000000000000e+03,4.095000000000000000e+03,4.095000000000000000e+03,4.095000000000000000e+03,4.095000000000000000e+03
4.095000000000000000e+03,4.095000000000000000e+03,4.095000000000000000e+03,4.095000000000000000e+03,4.095000000000000000e+03,4.095000000000000000e+03
4.095000000000000000e+03,4.095000000000000000e+03,4.095000000000000000e+03,4.095000000000000000e+03,4.095000000000000000e+03,4.095000000000000000e+03
4.095000000000000000e+03,4.095000000000000000e+03,4.095000000000000000e+03,4.095000000000000000e+03,4.095000000000000000e+03,4.095000000000000000e+03
4.095000000000000000e+03,4.095000000000000000e+03,4.095000000000000000e+03,4.095000000000000000e+03,4.095000000000000000e+03,4.095000000000000000e+03
4.095000000000000000e+03,4.095000000000000000e+03,4.095000000000000000e+03,4.095000000000000000e+03,4.095000000000000000e+03,4.095000000000000000e+03
4.095000000000000000e+03,4.095000000000000000e+03,4.095000000000000000e+03,4.095000000000000000e+03,4.095000000000000000e+03,4.095000000000000000e+03
4.095000000000000000e+03,4.095000000000000000e+03,4.095000000000000000e+03,4.095000000000000000e+03,4.095000000000000000e+03,4.095000000000000000e+03
4.095000000000000000e+03,4.095000000000000000e+03,4.095000000000000000e+03,4.095000000000000000e+03,4.095000000000000000e+03,4.095000000000000000e+03
4.095000000000000000e+03,4.095000000000000000e+03,4.095000000000000000e+03,4.095000000000000000e+03,4.095000000000000000e+03,4.095000000000000000e+03
4.095000000000000000e+03,4.095000000000000000e+03,4.095000000000000000e+03,4.095000000000000000e+03,4.095000000000000000e+03,4.095000000000000000e+03
4.095000000000000000e+03,4.095000000000000000e+03,4.095000000000000000e+03,4.095000000000000000e+03,4.095000000000000000e+03,4.095000000000000000e+03
4.095000000000000000e+03,4.095000000000000000e+03,4.095000000000000000e+03,4.095000000000000000e+03,4.095000000000000000e+03,4.095000000000000000e+03
4.095000000000000000e+03,4.095000000000000000e+03,4.095000000000000000e+03,4.095000000000000000e+03,4.095000000000000000e+03,4.095000000000000000e+03
4.095000000000000000e+03,4.095000000000000000e+03,4.095000000000000000e+03,4.095000000000000000e+03,4.095000000000000000e+03,4.095000000000000000e+03
4.095000000000000000e+03,4.095000000000000000e+03,4.095000000000000000e+03,4.095000000000000000e+03,4.095000000000000000e+03,4.095000000000000000e+03
4.095000000000000000e+03,4.095000000000000000e+03,4.095000000000000000e+03,4.095000000000000000e+03,4.095000000000000000e+03,4.095000000000000000e+03
4.095000000000000000e+03,4.095000000000000000e+03,4.095000000000000000e+03,4.095000000000000000e+03,4.095000000000000000e+03,4.095000000000000000e+03
4.095000000000000000e+03,4.095000000000000000e+03,4.095000000000000000e+03,4.095000000000000000e+03,4.095000000000000000e+03,4.095000000000000000e+03
4.095000000000000000e+03,4.095000000000000000e+03,4.095000000000000000e+03,4.095000000000000000e+03,4.095000000000000000e+03,4.095000000000000000e+03
4.095000000000000000e+03,4.095000000000000000e+03,4.095000000000000000e+03,4.095000000000000000e+03,4.095000000000000000e+03,4.095000000000000000e+03
4.095000000000000000e+03,4.095000000000000000e+03,4.095000000000000000e+03,4.095000000000000000e+03,4.095000000000000000e+03,4.095000000000000000e+03
4.095000000000000000e+03,4.095000000000000000e+03,4.095000000000000000e+03,4.095000000000000000e+03,4.095000000000000000e+03,4.095000000000000000e+03
4.095000000000000000e+03,4.095000000000000000e+03,4.095000000000000000e+03,4.095000000000000000e+03,4.095000000000000000e+03,4.095000000000000000e+03
4.095000000000000000e+03,4.095000000000000000e+03,4.095000000000000000e+03,4.095000000000000000e+03,4.095000000000000000e+03,4.095000000000000000e+03
4.095000000000000000e+03,4.095000000000000000e+03,4.095000000000000000e+03,4.095000000000000000e+03,4.095000000000000000e+03,4.095000000000000000e+03
4.095000000000000000e+03,4.095000000000000000e+03,4.095000000000000000e+03,4.095000000000000000e+03,4.095000000000000000e+03,4.095000000000000000e+03
4.095000000000000000e+03,4.095000000000000000e+03,4.095000000000000000e+03,4.095000000000000000e+03,4.095000000000000000e+03,4.095000000000000000e+03
4.095000000000000000e+03,4.095000000000000000e+03,4.095000000000000000e+03,4.095000000000000000e+03,4.095000000000000000e+03,4.095000000000000000e+03
4.095000000000000000e+03,4.095000000000000000e+03,4.095000000000000000e+03,4.095000000000000000e+03,4.095000000000000000e+03,4.095000000000000000e+03
3.981000000000000000e+03,4.095000000000000000e+03,4.095000000000000000e+03,4.095000000000000000e+03,4.095000000000000000e+03,4.095000000000000000e+03
4.095000000000000000e+03,4.047000000000000000e+03,4.095000000000000000e+03,4.095000000000000000e+03,4.095000000000000000e+03,4.095000000000000000e+03
4.095000000000000000e+03,4.095000000000000000e+03,4.095000000000000000e+03,4.095000000000000000e+03,4.095000000000000000e+03,4.095000000000000000e+03
4.095000000000000000e+03,4.095000000000000000e+03,4.095000000000000000e+03,4.095000000000000000e+03,4.095000000000000000e+03,4.095000000000000000e+03
4.095000000000000000e+03,4.095000000000000000e+03,4.095000000000000000e+03,4.095000000000000000e+03,4.095000000000000000e+03,4.095000000000000000e+03
4.095000000000000000e+03,4.095000000000000000e+03,4.095000000000000000e+03,4.095000000000000000e+03,4.017000000000000000e+03,4.095000000000000000e+03
3.922000000000000000e+03,4.095000000000000000e+03,4.095000000000000000e+03,4.095000000000000000e+03,4.095000000000000000e+03,4.095000000000000000e+03
4.095000000000000000e+03,4.095000000000000000e+03,4.095000000000000000e+03,4.095000000000000000e+03,4.095000000000000000e+03,4.095000000000000000e+03
4.095000000000000000e+03,4.095000000000000000e+03,4.095000000000000000e+03,4.095000000000000000e+03,4.095000000000000000e+03,4.095000000000000000e+03
4.095000000000000000e+03,4.095000000000000000e+03,4.095000000000000000e+03,4.095000000000000000e+03,4.095000000000000000e+03,4.095000000000000000e+03
4.095000000000000000e+03,4.095000000000000000e+03,4.095000000000000000e+03,4.095000000000000000e+03,4.095000000000000000e+03,4.095000000000000000e+03
4.095000000000000000e+03,4.095000000000000000e+03,4.095000000000000000e+03,4.095000000000000000e+03,4.095000000000000000e+03,4.095000000000000000e+03
4.095000000000000000e+03,4.095000000000000000e+03,4.095000000000000000e+03,4.095000000000000000e+03,4.095000000000000000e+03,4.095000000000000000e+03
4.095000000000000000e+03,4.095000000000000000e+03,4.095000000000000000e+03,4.095000000000000000e+03,4.095000000000000000e+03,4.095000000000000000e+03
4.095000000000000000e+03,4.095000000000000000e+03,4.095000000000000000e+03,4.095000000000000000e+03,4.095000000000000000e+03,4.095000000000000000e+03
4.095000000000000000e+03,4.095000000000000000e+03,4.095000000000000000e+03,4.095000000000000000e+03,4.095000000000000000e+03,4.095000000000000000e+03
4.095000000000000000e+03,4.095000000000000000e+03,4.095000000000000000e+03,4.095000000000000000e+03,4.095000000000000000e+03,4.095000000000000000e+03
4.095000000000000000e+03,4.095000000000000000e+03,4.095000000000000000e+03,4.095000000000000000e+03,4.095000000000000000e+03,4.095000000000000000e+03
4.095000000000000000e+03,4.095000000000000000e+03,4.095000000000000000e+03,4.095000000000000000e+03,4.095000000000000000e+03,4.095000000000000000e+03
4.095000000000000000e+03,4.095000000000000000e+03,4.095000000000000000e+03,4.095000000000000000e+03,4.095000000000000000e+03,4.095000000000000000e+03
4.095000000000000000e+03,4.095000000000000000e+03,4.095000000000000000e+03,4.095000000000000000e+03,4.095000000000000000e+03,4.095000000000000000e+03
4.095000000000000000e+03,4.067000000000000000e+03,4.095000000000000000e+03,4.095000000000000000e+03,4.095000000000000000e+03,4.095000000000000000e+03
4.095000000000000000e+03,4.095000000000000000e+03,4.095000000000000000e+03,4.095000000000000000e+03,4.095000000000000000e+03,4.095000000000000000e+03
4.095000000000000000e+03,4.095000000000000000e+03,4.095000000000000000e+03,4.095000000000000000e+03,4.095000000000000000e+03,4.095000000000000000e+03
4.095000000000000000e+03,4.095000000000000000e+03,4.095000000000000000e+03,4.095000000000000000e+03,4.095000000000000000e+03,4.095000000000000000e+03
4.095000000000000000e+03,4.095000000000000000e+03,4.095000000000000000e+03,4.095000000000000000e+03,4.095000000000000000e+03,4.095000000000000000e+03
4.095000000000000000e+03,4.095000000000000000e+03,4.095000000000000000e+03,4.095000000000000000e+03,4.095000000000000000e+03,4.095000000000000000e+03
4.095000000000000000e+03,4.095000000000000000e+03,4.095000000000000000e+03,4.095000000000000000e+03,4.095000000000000000e+03,4.095000000000000000e+03
4.095000000000000000e+03,4.095000000000000000e+03,4.095000000000000000e+03,4.095000000000000000e+03,4.095000000000000000e+03,4.095000000000000000e+03
4.095000000000000000e+03,4.023000000000000000e+03,4.095000000000000000e+03,4.095000000000000000e+03,4.095000000000000000e+03,4.095000000000000000e+03
4.095000000000000000e+03,4.095000000000000000e+03,4.095000000000000000e+03,4.095000000000000000e+03,4.095000000000000000e+03,4.095000000000000000e+03
4.095000000000000000e+03,4.095000000000000000e+03,4.095000000000000000e+03,4.095000000000000000e+03,4.095000000000000000e+03,4.095000000000000000e+03
4.095000000000000000e+03,4.095000000000000000e+03,4.095000000000000000e+03,4.095000000000000000e+03,4.095000000000000000e+03,4.095000000000000000e+03
4.095000000000000000e+03,4.095000000000000000e+03,4.095000000000000000e+03,4.095000000000000000e+03,4.095000000000000000e+03,4.095000000000000000e+03
4.095000000000000000e+03,4.095000000000000000e+03,4.095000000000000000e+03,4.095000000000000000e+03,4.095000000000000000e+03,4.095000000000000000e+03
4.095000000000000000e+03,3.921000000000000000e+03,4.095000000000000000e+03,4.095000000000000000e+03,4.095000000000000000e+03,4.095000000000000000e+03
4.095000000000000000e+03,4.095000000000000000e+03,4.095000000000000000e+03,4.095000000000000000e+03,4.095000000000000000e+03,4.095000000000000000e+03
4.095000000000000000e+03,4.095000000000000000e+03,4.095000000000000000e+03,4.095000000000000000e+03,4.095000000000000000e+03,4.095000000000000000e+03
4.095000000000000000e+03,4.095000000000000000e+03,4.095000000000000000e+03,4.095000000000000000e+03,4.095000000000000000e+03,4.095000000000000000e+03
4.095000000000000000e+03,4.095000000000000000e+03,4.095000000000000000e+03,4.095000000000000000e+03,4.095000000000000000e+03,4.095000000000000000e+03
4.095000000000000000e+03,4.095000000000000000e+03,4.095000000000000000e+03,4.095000000000000000e+03,4.095000000000000000e+03,4.095000000000000000e+03
4.095000000000000000e+03,4.095000000000000000e+03,4.095000000000000000e+03,4.095000000000000000e+03,4.095000000000000000e+03,4.095000000000000000e+03
4.095000000000000000e+03,4.095000000000000000e+03,4.095000000000000000e+03,4.095000000000000000e+03,4.095000000000000000e+03,4.095000000000000000e+03
4.095000000000000000e+03,4.095000000000000000e+03,4.095000000000000000e+03,4.095000000000000000e+03,4.095000000000000000e+03,4.095000000000000000e+03
4.095000000000000000e+03,4.095000000000000000e+03,4.095000000000000000e+03,4.095000000000000000e+03,4.095000000000000000e+03,4.095000000000000000e+03
4.095000000000000000e+03,4.095000000000000000e+03,4.095000000000000000e+03,4.095000000000000000e+03,4.095000000000000000e+03,4.095000000000000000e+03
4.095000000000000000e+03,4.095000000000000000e+03,4.095000000000000000e+03,4.095000000000000000e+03,4.095000000000000000e+03,4.095000000000000000e+03
4.095000000000000000e+03,4.095000000000000000e+03,4.095000000000000000e+03,4.095000000000000000e+03,4.095000000000000000e+03,4.095000000000000000e+03
4.095000000000000000e+03,4.095000000000000000e+03,4.095000000000000000e+03,4.095000000000000000e+03,4.095000000000000000e+03,4.095000000000000000e+03
4.095000000000000000e+03,4.095000000000000000e+03,4.095000000000000000e+03,4.095000000000000000e+03,4.095000000000000000e+03,4.095000000000000000e+03
4.095000000000000000e+03,4.095000000000000000e+03,4.095000000000000000e+03,4.095000000000000000e+03,4.095000000000000000e+03,4.095000000000000000e+03
4.095000000000000000e+03,4.095000000000000000e+03,4.095000000000000000e+03,4.095000000000000000e+03,4.095000000000000000e+03,4.095000000000000000e+03
4.095000000000000000e+03,4.095000000000000000e+03,4.095000000000000000e+03,4.095000000000000000e+03,4.095000000000000000e+03,4.095000000000000000e+03
4.095000000000000000e+03,4.095000000000000000e+03,4.095000000000000000e+03,4.095000000000000000e+03,4.095000000000000000e+03,4.095000000000000000e+03
4.095000000000000000e+03,3.935000000000000000e+03,4.095000000000000000e+03,4.095000000000000000e+03,4.095000000000000000e+03,4.095000000000000000e+03
4.095000000000000000e+03,4.095000000000000000e+03,4.095000000000000000e+03,4.095000000000000000e+03,4.095000000000000000e+03,4.095000000000000000e+03
4.095000000000000000e+03,4.095000000000000000e+03,4.095000000000000000e+03,4.095000000000000000e+03,4.095000000000000000e+03,4.095000000000000000e+03
4.095000000000000000e+03,4.095000000000000000e+03,4.095000000000000000e+03,4.095000000000000000e+03,4.095000000000000000e+03,4.095000000000000000e+03
4.095000000000000000e+03,4.031000000000000000e+03,4.095000000000000000e+03,4.095000000000000000e+03,4.095000000000000000e+03,4.095000000000000000e+03
4.095000000000000000e+03,4.095000000000000000e+03,4.095000000000000000e+03,4.095000000000000000e+03,4.095000000000000000e+03,4.095000000000000000e+03
4.095000000000000000e+03,4.095000000000000000e+03,4.095000000000000000e+03,4.095000000000000000e+03,4.095000000000000000e+03,4.095000000000000000e+03
4.095000000000000000e+03,4.095000000000000000e+03,4.095000000000000000e+03,4.095000000000000000e+03,4.095000000000000000e+03,4.095000000000000000e+03
4.095000000000000000e+03,4.095000000000000000e+03,4.095000000000000000e+03,4.095000000000000000e+03,4.095000000000000000e+03,4.095000000000000000e+03
4.095000000000000000e+03,4.095000000000000000e+03,4.095000000000000000e+03,4.095000000000000000e+03,4.095000000000000000e+03,4.095000000000000000e+03
4.095000000000000000e+03,4.095000000000000000e+03,4.095000000000000000e+03,4.095000000000000000e+03,4.095000000000000000e+03,4.095000000000000000e+03
4.095000000000000000e+03,4.095000000000000000e+03,4.095000000000000000e+03,4.095000000000000000e+03,4.095000000000000000e+03,4.095000000000000000e+03
4.095000000000000000e+03,4.095000000000000000e+03,4.095000000000000000e+03,4.095000000000000000e+03,4.095000000000000000e+03,4.095000000000000000e+03
4.095000000000000000e+03,4.095000000000000000e+03,4.095000000000000000e+03,4.095000000000000000e+03,4.095000000000000000e+03,4.095000000000000000e+03
4.095000000000000000e+03,4.095000000000000000e+03,4.095000000000000000e+03,4.095000000000000000e+03,4.095000000000000000e+03,4.095000000000000000e+03
4.095000000000000000e+03,4.095000000000000000e+03,4.095000000000000000e+03,4.095000000000000000e+03,4.095000000000000000e+03,4.095000000000000000e+03
4.095000000000000000e+03,4.095000000000000000e+03,4.095000000000000000e+03,4.095000000000000000e+03,4.095000000000000000e+03,4.095000000000000000e+03
4.095000000000000000e+03,4.095000000000000000e+03,4.095000000000000000e+03,4.095000000000000000e+03,4.095000000000000000e+03,4.095000000000000000e+03
4.095000000000000000e+03,4.095000000000000000e+03,4.095000000000000000e+03,4.095000000000000000e+03,4.095000000000000000e+03,4.095000000000000000e+03
4.095000000000000000e+03,4.095000000000000000e+03,4.095000000000000000e+03,4.095000000000000000e+03,4.095000000000000000e+03,4.095000000000000000e+03
4.095000000000000000e+03,4.095000000000000000e+03,4.095000000000000000e+03,4.095000000000000000e+03,4.095000000000000000e+03,4.095000000000000000e+03
4.095000000000000000e+03,3.909000000000000000e+03,4.095000000000000000e+03,4.095000000000000000e+03,4.095000000000000000e+03,4.095000000000000000e+03
4.095000000000000000e+03,4.095000000000000000e+03,4.095000000000000000e+03,4.095000000000000000e+03,4.095000000000000000e+03,4.095000000000000000e+03
4.095000000000000000e+03,4.095000000000000000e+03,4.095000000000000000e+03,4.095000000000000000e+03,4.095000000000000000e+03,4.095000000000000000e+03
4.095000000000000000e+03,4.095000000000000000e+03,4.095000000000000000e+03,4.095000000000000000e+03,4.095000000000000000e+03,4.095000000000000000e+03
4.095000000000000000e+03,4.095000000000000000e+03,4.095000000000000000e+03,4.095000000000000000e+03,4.095000000000000000e+03,4.095000000000000000e+03
4.095000000000000000e+03,4.095000000000000000e+03,4.095000000000000000e+03,4.095000000000000000e+03,4.095000000000000000e+03,4.095000000000000000e+03
4.095000000000000000e+03,4.095000000000000000e+03,4.095000000000000000e+03,4.095000000000000000e+03,4.095000000000000000e+03,4.095000000000000000e+03
4.095000000000000000e+03,4.095000000000000000e+03,4.095000000000000000e+03,4.095000000000000000e+03,4.095000000000000000e+03,4.095000000000000000e+03
4.095000000000000000e+03,4.095000000000000000e+03,4.095000000000000000e+03,4.095000000000000000e+03,4.095000000000000000e+03,4.095000000000000000e+03
4.095000000000000000e+03,4.095000000000000000e+03,4.095000000000000000e+03,4.095000000000000000e+03,4.095000000000000000e+03,4.095000000000000000e+03
4.095000000000000000e+03,4.095000000000000000e+03,4.095000000000000000e+03,4.095000000000000000e+03,4.095000000000000000e+03,4.095000000000000000e+03
4.095000000000000000e+03,4.095000000000000000e+03,4.095000000000000000e+03,4.095000000000000000e+03,4.095000000000000000e+03,4.095000000000000000e+03
4.095000000000000000e+03,4.095000000000000000e+03,4.095000000000000000e+03,4.095000000000000000e+03,4.095000000000000000e+03,4.095000000000000000e+03
4.095000000000000000e+03,4.095000000000000000e+03,4.095000000000000000e+03,4.095000000000000000e+03,4.095000000000000000e+03,4.095000000000000000e+03
4.095000000000000000e+03,4.095000000000000000e+03,4.095000000000000000e+03,4.095000000000000000e+03,4.095000000000000000e+03,4.095000000000000000e+03
4.095000000000000000e+03,4.095000000000000000e+03,4.095000000000000000e+03,4.095000000000000000e+03,4.095000000000000000e+03,4.095000000000000000e+03
4.095000000000000000e+03,4.095000000000000000e+03,4.095000000000000000e+03,4.095000000000000000e+03,4.095000000000000000e+03,4.095000000000000000e+03
4.095000000000000000e+03,4.095000000000000000e+03,4.095000000000000000e+03,4.095000000000000000e+03,4.095000000000000000e+03,4.095000000000000000e+03
4.095000000000000000e+03,4.095000000000000000e+03,4.095000000000000000e+03,4.095000000000000000e+03,4.095000000000000000e+03,4.095000000000000000e+03
4.095000000000000000e+03,4.095000000000000000e+03,4.095000000000000000e+03,4.095000000000000000e+03,4.095000000000000000e+03,4.095000000000000000e+03
4.095000000000000000e+03,4.095000000000000000e+03,4.095000000000000000e+03,4.095000000000000000e+03,4.095000000000000000e+03,4.095000000000000000e+03
4.095000000000000000e+03,4.095000000000000000e+03,4.095000000000000000e+03,4.095000000000000000e+03,4.095000000000000000e+03,4.095000000000000000e+03
4.095000000000000000e+03,4.095000000000000000e+03,4.095000000000000000e+03,4.095000000000000000e+03,4.095000000000000000e+03,4.095000000000000000e+03
4.095000000000000000e+03,4.095000000000000000e+03,4.095000000000000000e+03,4.095000000000000000e+03,4.095000000000000000e+03,4.095000000000000000e+03
4.095000000000000000e+03,4.095000000000000000e+03,4.095000000000000000e+03,4.095000000000000000e+03,4.095000000000000000e+03,4.095000000000000000e+03
4.095000000000000000e+03,4.095000000000000000e+03,4.095000000000000000e+03,4.095000000000000000e+03,4.095000000000000000e+03,4.095000000000000000e+03
4.095000000000000000e+03,4.095000000000000000e+03,4.095000000000000000e+03,4.095000000000000000e+03,4.095000000000000000e+03,4.095000000000000000e+03
4.095000000000000000e+03,4.095000000000000000e+03,4.095000000000000000e+03,4.095000000000000000e+03,4.095000000000000000e+03,4.095000000000000000e+03
4.095000000000000000e+03,4.095000000000000000e+03,4.095000000000000000e+03,4.095000000000000000e+03,4.095000000000000000e+03,4.095000000000000000e+03
4.095000000000000000e+03,4.095000000000000000e+03,4.095000000000000000e+03,4.095000000000000000e+03,4.095000000000000000e+03,4.095000000000000000e+03
4.095000000000000000e+03,4.095000000000000000e+03,4.095000000000000000e+03,4.095000000000000000e+03,4.095000000000000000e+03,4.095000000000000000e+03
4.095000000000000000e+03,4.095000000000000000e+03,4.095000000000000000e+03,4.095000000000000000e+03,4.095000000000000000e+03,4.095000000000000000e+03
4.095000000000000000e+03,4.095000000000000000e+03,4.095000000000000000e+03,4.095000000000000000e+03,4.095000000000000000e+03,4.095000000000000000e+03
4.095000000000000000e+03,4.095000000000000000e+03,4.095000000000000000e+03,4.095000000000000000e+03,4.095000000000000000e+03,4.095000000000000000e+03
4.095000000000000000e+03,4.095000000000000000e+03,4.095000000000000000e+03,4.095000000000000000e+03,4.095000000000000000e+03,4.095000000000000000e+03
4.095000000000000000e+03,4.095000000000000000e+03,4.095000000000000000e+03,4.095000000000000000e+03,4.095000000000000000e+03,4.095000000000000000e+03
4.095000000000000000e+03,4.095000000000000000e+03,4.095000000000000000e+03,4.095000000000000000e+03,4.095000000000000000e+03,4.095000000000000000e+03
4.095000000000000000e+03,4.095000000000000000e+03,4.095000000000000000e+03,4.095000000000000000e+03,4.095000000000000000e+03,4.095000000000000000e+03
4.095000000000000000e+03,4.095000000000000000e+03,4.095000000000000000e+03,4.095000000000000000e+03,4.095000000000000000e+03,4.095000000000000000e+03
4.095000000000000000e+03,4.095000000000000000e+03,4.095000000000000000e+03,4.095000000000000000e+03,4.095000000000000000e+03,4.095000000000000000e+03
4.007000000000000000e+03,4.095000000000000000e+03,4.095000000000000000e+03,4.095000000000000000e+03,4.095000000000000000e+03,4.095000000000000000e+03
4.095000000000000000e+03,4.095000000000000000e+03,4.095000000000000000e+03,3.933000000000000000e+03,4.095000000000000000e+03,4.095000000000000000e+03
4.095000000000000000e+03,4.095000000000000000e+03,4.095000000000000000e+03,4.095000000000000000e+03,4.095000000000000000e+03,4.095000000000000000e+03
4.095000000000000000e+03,4.095000000000000000e+03,4.095000000000000000e+03,4.095000000000000000e+03,4.095000000000000000e+03,4.095000000000000000e+03
4.095000000000000000e+03,4.095000000000000000e+03,4.095000000000000000e+03,4.095000000000000000e+03,4.095000000000000000e+03,4.095000000000000000e+03
4.095000000000000000e+03,4.095000000000000000e+03,4.095000000000000000e+03,4.095000000000000000e+03,4.095000000000000000e+03,4.095000000000000000e+03
4.095000000000000000e+03,4.095000000000000000e+03,4.095000000000000000e+03,4.095000000000000000e+03,4.095000000000000000e+03,4.095000000000000000e+03
4.095000000000000000e+03,4.079000000000000000e+03,4.095000000000000000e+03,4.095000000000000000e+03,4.095000000000000000e+03,4.095000000000000000e+03
4.095000000000000000e+03,4.095000000000000000e+03,4.095000000000000000e+03,4.095000000000000000e+03,4.095000000000000000e+03,4.095000000000000000e+03
4.095000000000000000e+03,4.095000000000000000e+03,4.095000000000000000e+03,4.095000000000000000e+03,4.095000000000000000e+03,4.095000000000000000e+03
4.095000000000000000e+03,4.095000000000000000e+03,4.095000000000000000e+03,4.095000000000000000e+03,4.095000000000000000e+03,4.095000000000000000e+03
4.095000000000000000e+03,4.095000000000000000e+03,4.095000000000000000e+03,3.931000000000000000e+03,4.095000000000000000e+03,4.095000000000000000e+03
4.095000000000000000e+03,4.095000000000000000e+03,4.095000000000000000e+03,4.095000000000000000e+03,4.095000000000000000e+03,4.095000000000000000e+03
4.095000000000000000e+03,4.095000000000000000e+03,4.095000000000000000e+03,4.095000000000000000e+03,4.095000000000000000e+03,4.095000000000000000e+03
4.095000000000000000e+03,4.095000000000000000e+03,4.095000000000000000e+03,4.095000000000000000e+03,4.095000000000000000e+03,4.095000000000000000e+03
4.095000000000000000e+03,4.095000000000000000e+03,4.095000000000000000e+03,4.095000000000000000e+03,4.095000000000000000e+03,4.095000000000000000e+03
4.095000000000000000e+03,4.095000000000000000e+03,4.083000000000000000e+03,4.095000000000000000e+03,4.095000000000000000e+03,4.095000000000000000e+03
4.048000000000000000e+03,4.095000000000000000e+03,3.984000000000000000e+03,4.095000000000000000e+03,4.095000000000000000e+03,4.095000000000000000e+03
4.095000000000000000e+03,4.095000000000000000e+03,4.095000000000000000e+03,4.095000000000000000e+03,4.095000000000000000e+03,4.095000000000000000e+03
4.095000000000000000e+03,4.095000000000000000e+03,4.095000000000000000e+03,4.095000000000000000e+03,4.095000000000000000e+03,4.095000000000000000e+03
4.095000000000000000e+03,4.095000000000000000e+03,4.095000000000000000e+03,4.095000000000000000e+03,4.095000000000000000e+03,4.095000000000000000e+03
4.095000000000000000e+03,4.095000000000000000e+03,4.095000000000000000e+03,4.095000000000000000e+03,4.095000000000000000e+03,4.095000000000000000e+03
4.095000000000000000e+03,3.923000000000000000e+03,4.095000000000000000e+03,4.095000000000000000e+03,4.095000000000000000e+03,4.095000000000000000e+03
4.095000000000000000e+03,4.095000000000000000e+03,4.095000000000000000e+03,4.095000000000000000e+03,4.095000000000000000e+03,4.095000000000000000e+03
4.095000000000000000e+03,3.895000000000000000e+03,4.095000000000000000e+03,4.095000000000000000e+03,4.095000000000000000e+03,4.095000000000000000e+03
4.095000000000000000e+03,4.095000000000000000e+03,4.095000000000000000e+03,4.095000000000000000e+03,4.095000000000000000e+03,4.095000000000000000e+03
4.095000000000000000e+03,4.095000000000000000e+03,4.095000000000000000e+03,4.095000000000000000e+03,4.095000000000000000e+03,4.095000000000000000e+03
4.095000000000000000e+03,4.095000000000000000e+03,4.095000000000000000e+03,4.095000000000000000e+03,4.095000000000000000e+03,4.095000000000000000e+03
4.095000000000000000e+03,4.095000000000000000e+03,4.095000000000000000e+03,4.095000000000000000e+03,4.095000000000000000e+03,4.095000000000000000e+03
4.095000000000000000e+03,4.095000000000000000e+03,4.095000000000000000e+03,4.095000000000000000e+03,4.095000000000000000e+03,4.095000000000000000e+03
4.095000000000000000e+03,4.095000000000000000e+03,4.095000000000000000e+03,4.095000000000000000e+03,4.095000000000000000e+03,4.095000000000000000e+03
4.095000000000000000e+03,4.085000000000000000e+03,4.095000000000000000e+03,4.095000000000000000e+03,4.095000000000000000e+03,4.095000000000000000e+03
4.095000000000000000e+03,4.095000000000000000e+03,4.095000000000000000e+03,4.095000000000000000e+03,4.095000000000000000e+03,4.095000000000000000e+03
4.095000000000000000e+03,4.095000000000000000e+03,4.095000000000000000e+03,4.095000000000000000e+03,4.095000000000000000e+03,4.095000000000000000e+03
4.095000000000000000e+03,4.095000000000000000e+03,4.095000000000000000e+03,4.095000000000000000e+03,4.095000000000000000e+03,4.095000000000000000e+03
4.095000000000000000e+03,4.095000000000000000e+03,4.095000000000000000e+03,4.095000000000000000e+03,4.095000000000000000e+03,4.095000000000000000e+03
4.095000000000000000e+03,4.095000000000000000e+03,4.095000000000000000e+03,4.095000000000000000e+03,4.095000000000000000e+03,4.095000000000000000e+03
4.095000000000000000e+03,4.095000000000000000e+03,4.095000000000000000e+03,4.095000000000000000e+03,4.095000000000000000e+03,4.095000000000000000e+03
4.095000000000000000e+03,4.095000000000000000e+03,4.095000000000000000e+03,4.095000000000000000e+03,4.095000000000000000e+03,4.095000000000000000e+03
4.095000000000000000e+03,4.095000000000000000e+03,4.095000000000000000e+03,4.095000000000000000e+03,4.095000000000000000e+03,4.095000000000000000e+03
4.095000000000000000e+03,4.095000000000000000e+03,4.095000000000000000e+03,4.095000000000000000e+03,4.095000000000000000e+03,4.095000000000000000e+03
4.095000000000000000e+03,4.095000000000000000e+03,4.095000000000000000e+03,4.095000000000000000e+03,4.095000000000000000e+03,4.095000000000000000e+03
4.095000000000000000e+03,4.095000000000000000e+03,4.095000000000000000e+03,4.095000000000000000e+03,4.095000000000000000e+03,4.095000000000000000e+03
4.095000000000000000e+03,3.605000000000000000e+03,4.095000000000000000e+03,4.016000000000000000e+03,4.095000000000000000e+03,4.095000000000000000e+03
4.095000000000000000e+03,4.095000000000000000e+03,4.095000000000000000e+03,4.095000000000000000e+03,4.095000000000000000e+03,4.095000000000000000e+03
4.095000000000000000e+03,4.095000000000000000e+03,4.095000000000000000e+03,4.095000000000000000e+03,4.095000000000000000e+03,4.095000000000000000e+03
4.095000000000000000e+03,4.095000000000000000e+03,4.095000000000000000e+03,4.095000000000000000e+03,4.095000000000000000e+03,4.095000000000000000e+03
4.095000000000000000e+03,4.095000000000000000e+03,4.095000000000000000e+03,4.095000000000000000e+03,4.094000000000000000e+03,4.095000000000000000e+03
4.095000000000000000e+03,4.095000000000000000e+03,4.095000000000000000e+03,4.095000000000000000e+03,4.095000000000000000e+03,4.095000000000000000e+03
4.095000000000000000e+03,4.095000000000000000e+03,4.095000000000000000e+03,4.095000000000000000e+03,4.095000000000000000e+03,4.095000000000000000e+03
4.095000000000000000e+03,4.095000000000000000e+03,4.095000000000000000e+03,4.095000000000000000e+03,4.095000000000000000e+03,4.095000000000000000e+03
4.095000000000000000e+03,4.095000000000000000e+03,4.095000000000000000e+03,4.095000000000000000e+03,4.095000000000000000e+03,4.095000000000000000e+03
4.095000000000000000e+03,4.095000000000000000e+03,4.095000000000000000e+03,4.095000000000000000e+03,4.095000000000000000e+03,4.095000000000000000e+03
4.095000000000000000e+03,4.095000000000000000e+03,1.500000000000000000e+02,4.095000000000000000e+03,4.095000000000000000e+03,4.095000000000000000e+03
4.095000000000000000e+03,4.095000000000000000e+03,0.000000000000000000e+00,4.095000000000000000e+03,4.095000000000000000e+03,4.095000000000000000e+03
4.095000000000000000e+03,4.095000000000000000e+03,0.000000000000000000e+00,4.095000000000000000e+03,4.095000000000000000e+03,4.095000000000000000e+03
4.095000000000000000e+03,4.095000000000000000e+03,0.000000000000000000e+00,4.095000000000000000e+03,4.095000000000000000e+03,4.095000000000000000e+03
4.095000000000000000e+03,3.747000000000000000e+03,0.000000000000000000e+00,4.095000000000000000e+03,4.095000000000000000e+03,4.095000000000000000e+03
4.095000000000000000e+03,4.095000000000000000e+03,0.000000000000000000e+00,4.095000000000000000e+03,4.095000000000000000e+03,4.095000000000000000e+03
4.095000000000000000e+03,4.095000000000000000e+03,0.000000000000000000e+00,4.095000000000000000e+03,4.095000000000000000e+03,4.095000000000000000e+03
4.095000000000000000e+03,4.095000000000000000e+03,0.000000000000000000e+00,4.095000000000000000e+03,4.095000000000000000e+03,4.095000000000000000e+03
4.095000000000000000e+03,4.095000000000000000e+03,0.000000000000000000e+00,4.095000000000000000e+03,4.095000000000000000e+03,4.095000000000000000e+03
4.095000000000000000e+03,4.095000000000000000e+03,0.000000000000000000e+00,4.095000000000000000e+03,4.095000000000000000e+03,4.095000000000000000e+03
4.095000000000000000e+03,4.095000000000000000e+03,0.000000000000000000e+00,4.095000000000000000e+03,4.095000000000000000e+03,4.095000000000000000e+03
4.095000000000000000e+03,4.095000000000000000e+03,0.000000000000000000e+00,4.095000000000000000e+03,4.095000000000000000e+03,4.095000000000000000e+03
4.095000000000000000e+03,4.095000000000000000e+03,0.000000000000000000e+00,4.095000000000000000e+03,4.095000000000000000e+03,4.095000000000000000e+03
4.095000000000000000e+03,4.095000000000000000e+03,0.000000000000000000e+00,4.095000000000000000e+03,4.095000000000000000e+03,4.095000000000000000e+03
4.095000000000000000e+03,3.549000000000000000e+03,0.000000000000000000e+00,3.918000000000000000e+03,4.095000000000000000e+03,4.055000000000000000e+03
4.095000000000000000e+03,4.095000000000000000e+03,0.000000000000000000e+00,4.095000000000000000e+03,4.095000000000000000e+03,4.095000000000000000e+03
4.095000000000000000e+03,4.095000000000000000e+03,0.000000000000000000e+00,4.095000000000000000e+03,4.095000000000000000e+03,4.095000000000000000e+03
4.095000000000000000e+03,4.095000000000000000e+03,0.000000000000000000e+00,4.095000000000000000e+03,4.095000000000000000e+03,4.095000000000000000e+03
4.095000000000000000e+03,4.095000000000000000e+03,0.000000000000000000e+00,4.095000000000000000e+03,4.095000000000000000e+03,4.095000000000000000e+03
4.095000000000000000e+03,4.095000000000000000e+03,0.000000000000000000e+00,4.095000000000000000e+03,4.095000000000000000e+03,4.095000000000000000e+03
4.095000000000000000e+03,3.693000000000000000e+03,0.000000000000000000e+00,4.095000000000000000e+03,4.095000000000000000e+03,4.095000000000000000e+03
4.095000000000000000e+03,4.095000000000000000e+03,0.000000000000000000e+00,4.095000000000000000e+03,4.095000000000000000e+03,4.095000000000000000e+03
4.095000000000000000e+03,4.095000000000000000e+03,0.000000000000000000e+00,4.095000000000000000e+03,4.095000000000000000e+03,4.095000000000000000e+03
4.095000000000000000e+03,4.095000000000000000e+03,0.000000000000000000e+00,4.095000000000000000e+03,4.095000000000000000e+03,4.095000000000000000e+03
4.095000000000000000e+03,4.095000000000000000e+03,0.000000000000000000e+00,4.095000000000000000e+03,4.095000000000000000e+03,4.095000000000000000e+03
4.095000000000000000e+03,4.095000000000000000e+03,0.000000000000000000e+00,4.095000000000000000e+03,4.095000000000000000e+03,4.095000000000000000e+03
3.871000000000000000e+03,4.095000000000000000e+03,0.000000000000000000e+00,4.095000000000000000e+03,4.095000000000000000e+03,4.095000000000000000e+03
4.095000000000000000e+03,4.095000000000000000e+03,0.000000000000000000e+00,4.095000000000000000e+03,4.095000000000000000e+03,4.095000000000000000e+03
4.095000000000000000e+03,4.095000000000000000e+03,0.000000000000000000e+00,4.095000000000000000e+03,4.095000000000000000e+03,4.095000000000000000e+03
4.095000000000000000e+03,4.095000000000000000e+03,0.000000000000000000e+00,4.095000000000000000e+03,4.095000000000000000e+03,4.095000000000000000e+03
4.095000000000000000e+03,4.095000000000000000e+03,0.000000000000000000e+00,4.095000000000000000e+03,4.095000000000000000e+03,4.095000000000000000e+03
4.095000000000000000e+03,4.095000000000000000e+03,0.000000000000000000e+00,4.095000000000000000e+03,4.095000000000000000e+03,4.095000000000000000e+03
4.095000000000000000e+03,4.095000000000000000e+03,0.000000000000000000e+00,4.095000000000000000e+03,4.095000000000000000e+03,4.095000000000000000e+03
4.095000000000000000e+03,4.095000000000000000e+03,0.000000000000000000e+00,4.095000000000000000e+03,4.095000000000000000e+03,4.095000000000000000e+03
4.095000000000000000e+03,4.095000000000000000e+03,0.000000000000000000e+00,4.095000000000000000e+03,4.095000000000000000e+03,3.760000000000000000e+03
4.095000000000000000e+03,4.095000000000000000e+03,0.000000000000000000e+00,4.095000000000000000e+03,4.095000000000000000e+03,4.095000000000000000e+03
4.095000000000000000e+03,4.053000000000000000e+03,0.000000000000000000e+00,4.095000000000000000e+03,4.095000000000000000e+03,4.095000000000000000e+03
4.095000000000000000e+03,4.095000000000000000e+03,0.000000000000000000e+00,4.095000000000000000e+03,4.095000000000000000e+03,4.095000000000000000e+03
4.095000000000000000e+03,4.095000000000000000e+03,0.000000000000000000e+00,4.095000000000000000e+03,4.095000000000000000e+03,4.095000000000000000e+03
4.095000000000000000e+03,4.095000000000000000e+03,0.000000000000000000e+00,4.095000000000000000e+03,4.095000000000000000e+03,4.095000000000000000e+03
4.095000000000000000e+03,4.095000000000000000e+03,0.000000000000000000e+00,4.095000000000000000e+03,4.095000000000000000e+03,4.095000000000000000e+03
4.095000000000000000e+03,4.095000000000000000e+03,0.000000000000000000e+00,4.095000000000000000e+03,4.095000000000000000e+03,4.095000000000000000e+03
4.095000000000000000e+03,4.079000000000000000e+03,0.000000000000000000e+00,4.095000000000000000e+03,4.095000000000000000e+03,4.095000000000000000e+03
4.095000000000000000e+03,4.095000000000000000e+03,0.000000000000000000e+00,4.095000000000000000e+03,4.095000000000000000e+03,4.095000000000000000e+03
4.095000000000000000e+03,4.095000000000000000e+03,0.000000000000000000e+00,4.095000000000000000e+03,4.095000000000000000e+03,4.095000000000000000e+03
4.095000000000000000e+03,4.095000000000000000e+03,0.000000000000000000e+00,4.095000000000000000e+03,4.095000000000000000e+03,4.095000000000000000e+03
4.047000000000000000e+03,4.095000000000000000e+03,0.000000000000000000e+00,4.095000000000000000e+03,4.095000000000000000e+03,4.095000000000000000e+03
4.095000000000000000e+03,4.095000000000000000e+03,0.000000000000000000e+00,4.095000000000000000e+03,4.095000000000000000e+03,4.095000000000000000e+03
4.095000000000000000e+03,4.095000000000000000e+03,0.000000000000000000e+00,4.095000000000000000e+03,4.095000000000000000e+03,4.095000000000000000e+03
4.095000000000000000e+03,4.095000000000000000e+03,0.000000000000000000e+00,4.095000000000000000e+03,4.095000000000000000e+03,4.095000000000000000e+03
4.095000000000000000e+03,4.095000000000000000e+03,0.000000000000000000e+00,4.095000000000000000e+03,4.095000000000000000e+03,4.095000000000000000e+03
4.095000000000000000e+03,4.095000000000000000e+03,0.000000000000000000e+00,4.095000000000000000e+03,4.095000000000000000e+03,4.095000000000000000e+03
4.095000000000000000e+03,4.095000000000000000e+03,0.000000000000000000e+00,4.095000000000000000e+03,4.095000000000000000e+03,4.095000000000000000e+03
4.095000000000000000e+03,4.095000000000000000e+03,0.000000000000000000e+00,4.095000000000000000e+03,4.095000000000000000e+03,4.095000000000000000e+03
4.095000000000000000e+03,4.095000000000000000e+03,0.000000000000000000e+00,4.095000000000000000e+03,4.095000000000000000e+03,4.095000000000000000e+03
4.095000000000000000e+03,4.095000000000000000e+03,0.000000000000000000e+00,4.095000000000000000e+03,4.095000000000000000e+03,4.095000000000000000e+03
4.095000000000000000e+03,4.095000000000000000e+03,0.000000000000000000e+00,4.095000000000000000e+03,4.095000000000000000e+03,4.095000000000000000e+03
4.095000000000000000e+03,4.095000000000000000e+03,0.000000000000000000e+00,4.095000000000000000e+03,4.095000000000000000e+03,4.095000000000000000e+03
4.095000000000000000e+03,4.095000000000000000e+03,0.000000000000000000e+00,4.095000000000000000e+03,4.095000000000000000e+03,4.095000000000000000e+03
4.095000000000000000e+03,4.095000000000000000e+03,0.000000000000000000e+00,4.095000000000000000e+03,4.095000000000000000e+03,4.095000000000000000e+03
4.095000000000000000e+03,4.095000000000000000e+03,0.000000000000000000e+00,4.095000000000000000e+03,4.095000000000000000e+03,4.095000000000000000e+03
4.095000000000000000e+03,4.095000000000000000e+03,0.000000000000000000e+00,4.095000000000000000e+03,4.095000000000000000e+03,3.883000000000000000e+03
4.095000000000000000e+03,4.095000000000000000e+03,0.000000000000000000e+00,4.095000000000000000e+03,4.095000000000000000e+03,4.095000000000000000e+03
4.095000000000000000e+03,4.095000000000000000e+03,0.000000000000000000e+00,4.095000000000000000e+03,4.095000000000000000e+03,4.095000000000000000e+03
4.095000000000000000e+03,4.095000000000000000e+03,0.000000000000000000e+00,4.095000000000000000e+03,4.095000000000000000e+03,4.095000000000000000e+03
4.095000000000000000e+03,4.095000000000000000e+03,0.000000000000000000e+00,4.095000000000000000e+03,4.095000000000000000e+03,4.095000000000000000e+03
4.095000000000000000e+03,4.095000000000000000e+03,0.000000000000000000e+00,4.095000000000000000e+03,4.095000000000000000e+03,4.095000000000000000e+03
4.095000000000000000e+03,4.095000000000000000e+03,0.000000000000000000e+00,4.095000000000000000e+03,4.095000000000000000e+03,4.095000000000000000e+03
4.095000000000000000e+03,4.095000000000000000e+03,0.000000000000000000e+00,4.095000000000000000e+03,4.095000000000000000e+03,4.095000000000000000e+03
4.095000000000000000e+03,4.095000000000000000e+03,0.000000000000000000e+00,4.095000000000000000e+03,4.095000000000000000e+03,4.095000000000000000e+03
4.095000000000000000e+03,3.689000000000000000e+03,0.000000000000000000e+00,4.078000000000000000e+03,4.095000000000000000e+03,4.083000000000000000e+03
4.095000000000000000e+03,4.095000000000000000e+03,0.000000000000000000e+00,4.095000000000000000e+03,4.095000000000000000e+03,4.095000000000000000e+03
4.095000000000000000e+03,4.095000000000000000e+03,0.000000000000000000e+00,4.095000000000000000e+03,4.095000000000000000e+03,4.095000000000000000e+03
4.095000000000000000e+03,4.095000000000000000e+03,0.000000000000000000e+00,4.095000000000000000e+03,4.095000000000000000e+03,4.095000000000000000e+03
4.095000000000000000e+03,4.095000000000000000e+03,0.000000000000000000e+00,4.095000000000000000e+03,4.095000000000000000e+03,4.095000000000000000e+03
4.095000000000000000e+03,4.095000000000000000e+03,0.000000000000000000e+00,4.095000000000000000e+03,4.095000000000000000e+03,4.095000000000000000e+03
4.095000000000000000e+03,4.095000000000000000e+03,0.000000000000000000e+00,4.095000000000000000e+03,4.095000000000000000e+03,4.095000000000000000e+03
4.095000000000000000e+03,4.095000000000000000e+03,0.000000000000000000e+00,4.095000000000000000e+03,4.095000000000000000e+03,4.095000000000000000e+03
4.095000000000000000e+03,4.095000000000000000e+03,0.000000000000000000e+00,4.095000000000000000e+03,4.095000000000000000e+03,4.095000000000000000e+03
4.095000000000000000e+03,4.095000000000000000e+03,0.000000000000000000e+00,4.095000000000000000e+03,4.095000000000000000e+03,4.095000000000000000e+03
4.095000000000000000e+03,4.095000000000000000e+03,0.000000000000000000e+00,4.095000000000000000e+03,4.095000000000000000e+03,4.095000000000000000e+03
4.095000000000000000e+03,4.095000000000000000e+03,0.000000000000000000e+00,4.095000000000000000e+03,4.095000000000000000e+03,4.095000000000000000e+03
3.863000000000000000e+03,4.095000000000000000e+03,0.000000000000000000e+00,4.095000000000000000e+03,4.095000000000000000e+03,4.095000000000000000e+03
4.095000000000000000e+03,4.095000000000000000e+03,0.000000000000000000e+00,4.095000000000000000e+03,4.095000000000000000e+03,4.095000000000000000e+03
4.095000000000000000e+03,4.095000000000000000e+03,0.000000000000000000e+00,4.095000000000000000e+03,4.095000000000000000e+03,4.095000000000000000e+03
4.095000000000000000e+03,4.095000000000000000e+03,0.000000000000000000e+00,4.095000000000000000e+03,4.095000000000000000e+03,4.095000000000000000e+03
4.095000000000000000e+03,4.095000000000000000e+03,0.000000000000000000e+00,4.095000000000000000e+03,4.095000000000000000e+03,4.095000000000000000e+03
4.095000000000000000e+03,4.095000000000000000e+03,0.000000000000000000e+00,4.095000000000000000e+03,4.095000000000000000e+03,4.095000000000000000e+03
4.095000000000000000e+03,4.095000000000000000e+03,0.000000000000000000e+00,4.095000000000000000e+03,4.095000000000000000e+03,4.095000000000000000e+03
4.095000000000000000e+03,4.095000000000000000e+03,0.000000000000000000e+00,4.095000000000000000e+03,4.095000000000000000e+03,4.095000000000000000e+03
4.095000000000000000e+03,4.095000000000000000e+03,0.000000000000000000e+00,4.095000000000000000e+03,4.095000000000000000e+03,4.095000000000000000e+03
4.095000000000000000e+03,4.095000000000000000e+03,0.000000000000000000e+00,4.095000000000000000e+03,4.095000000000000000e+03,4.095000000000000000e+03
4.095000000000000000e+03,4.095000000000000000e+03,0.000000000000000000e+00,4.095000000000000000e+03,4.095000000000000000e+03,4.095000000000000000e+03
4.095000000000000000e+03,4.095000000000000000e+03,0.000000000000000000e+00,4.095000000000000000e+03,4.095000000000000000e+03,4.095000000000000000e+03
4.095000000000000000e+03,4.095000000000000000e+03,0.000000000000000000e+00,4.095000000000000000e+03,4.095000000000000000e+03,4.095000000000000000e+03
4.095000000000000000e+03,4.095000000000000000e+03,0.000000000000000000e+00,4.095000000000000000e+03,4.095000000000000000e+03,4.095000000000000000e+03
4.095000000000000000e+03,4.095000000000000000e+03,0.000000000000000000e+00,4.095000000000000000e+03,4.095000000000000000e+03,4.095000000000000000e+03
4.095000000000000000e+03,4.095000000000000000e+03,0.000000000000000000e+00,4.095000000000000000e+03,4.095000000000000000e+03,4.095000000000000000e+03
4.095000000000000000e+03,4.095000000000000000e+03,0.000000000000000000e+00,4.095000000000000000e+03,4.095000000000000000e+03,4.095000000000000000e+03
4.095000000000000000e+03,4.095000000000000000e+03,0.000000000000000000e+00,4.095000000000000000e+03,4.095000000000000000e+03,4.095000000000000000e+03
4.095000000000000000e+03,4.095000000000000000e+03,0.000000000000000000e+00,4.095000000000000000e+03,4.095000000000000000e+03,4.095000000000000000e+03
4.095000000000000000e+03,4.095000000000000000e+03,0.000000000000000000e+00,4.095000000000000000e+03,4.095000000000000000e+03,4.095000000000000000e+03
4.095000000000000000e+03,4.095000000000000000e+03,0.000000000000000000e+00,4.095000000000000000e+03,4.095000000000000000e+03,4.095000000000000000e+03
4.095000000000000000e+03,4.095000000000000000e+03,0.000000000000000000e+00,4.095000000000000000e+03,4.095000000000000000e+03,4.095000000000000000e+03
4.095000000000000000e+03,4.095000000000000000e+03,0.000000000000000000e+00,4.095000000000000000e+03,4.095000000000000000e+03,4.095000000000000000e+03
4.095000000000000000e+03,4.095000000000000000e+03,0.000000000000000000e+00,4.095000000000000000e+03,4.095000000000000000e+03,4.095000000000000000e+03
4.095000000000000000e+03,4.095000000000000000e+03,0.000000000000000000e+00,4.095000000000000000e+03,4.095000000000000000e+03,4.095000000000000000e+03
4.095000000000000000e+03,4.095000000000000000e+03,0.000000000000000000e+00,4.095000000000000000e+03,4.095000000000000000e+03,4.095000000000000000e+03
0.000000000000000000e+00,4.095000000000000000e+03,0.000000000000000000e+00,4.095000000000000000e+03,4.095000000000000000e+03,4.095000000000000000e+03
4.095000000000000000e+03,4.095000000000000000e+03,0.000000000000000000e+00,4.095000000000000000e+03,4.095000000000000000e+03,4.095000000000000000e+03
4.095000000000000000e+03,4.095000000000000000e+03,0.000000000000000000e+00,4.095000000000000000e+03,4.095000000000000000e+03,4.095000000000000000e+03
4.095000000000000000e+03,4.095000000000000000e+03,0.000000000000000000e+00,4.095000000000000000e+03,4.095000000000000000e+03,4.095000000000000000e+03
4.095000000000000000e+03,4.095000000000000000e+03,0.000000000000000000e+00,4.095000000000000000e+03,4.095000000000000000e+03,4.095000000000000000e+03
4.095000000000000000e+03,4.095000000000000000e+03,0.000000000000000000e+00,4.095000000000000000e+03,4.095000000000000000e+03,4.095000000000000000e+03
4.095000000000000000e+03,4.095000000000000000e+03,0.000000000000000000e+00,4.095000000000000000e+03,4.095000000000000000e+03,4.095000000000000000e+03
4.095000000000000000e+03,4.095000000000000000e+03,0.000000000000000000e+00,4.095000000000000000e+03,4.095000000000000000e+03,4.095000000000000000e+03
4.095000000000000000e+03,4.095000000000000000e+03,0.000000000000000000e+00,4.095000000000000000e+03,4.095000000000000000e+03,4.095000000000000000e+03
4.095000000000000000e+03,4.095000000000000000e+03,0.000000000000000000e+00,4.095000000000000000e+03,4.095000000000000000e+03,4.095000000000000000e+03
4.095000000000000000e+03,4.095000000000000000e+03,0.000000000000000000e+00,4.095000000000000000e+03,4.095000000000000000e+03,4.095000000000000000e+03
4.095000000000000000e+03,4.095000000000000000e+03,0.000000000000000000e+00,4.095000000000000000e+03,4.095000000000000000e+03,4.095000000000000000e+03
4.095000000000000000e+03,4.095000000000000000e+03,0.000000000000000000e+00,4.095000000000000000e+03,4.095000000000000000e+03,4.095000000000000000e+03
4.095000000000000000e+03,4.095000000000000000e+03,0.000000000000000000e+00,4.095000000000000000e+03,4.095000000000000000e+03,4.095000000000000000e+03
4.095000000000000000e+03,4.095000000000000000e+03,0.000000000000000000e+00,4.095000000000000000e+03,4.095000000000000000e+03,4.095000000000000000e+03
4.095000000000000000e+03,4.095000000000000000e+03,0.000000000000000000e+00,4.095000000000000000e+03,4.095000000000000000e+03,4.095000000000000000e+03
4.095000000000000000e+03,4.095000000000000000e+03,0.000000000000000000e+00,4.095000000000000000e+03,4.095000000000000000e+03,4.095000000000000000e+03
4.095000000000000000e+03,4.095000000000000000e+03,0.000000000000000000e+00,4.095000000000000000e+03,4.095000000000000000e+03,4.095000000000000000e+03
4.095000000000000000e+03,4.095000000000000000e+03,0.000000000000000000e+00,4.095000000000000000e+03,4.095000000000000000e+03,4.095000000000000000e+03
4.095000000000000000e+03,4.095000000000000000e+03,0.000000000000000000e+00,4.095000000000000000e+03,4.095000000000000000e+03,4.095000000000000000e+03
4.095000000000000000e+03,4.095000000000000000e+03,0.000000000000000000e+00,4.095000000000000000e+03,4.095000000000000000e+03,4.095000000000000000e+03
4.095000000000000000e+03,4.095000000000000000e+03,0.000000000000000000e+00,4.095000000000000000e+03,4.095000000000000000e+03,4.095000000000000000e+03
4.095000000000000000e+03,4.095000000000000000e+03,0.000000000000000000e+00,4.095000000000000000e+03,4.095000000000000000e+03,4.095000000000000000e+03
4.095000000000000000e+03,4.095000000000000000e+03,0.000000000000000000e+00,4.095000000000000000e+03,4.095000000000000000e+03,4.095000000000000000e+03
4.095000000000000000e+03,4.095000000000000000e+03,0.000000000000000000e+00,4.095000000000000000e+03,4.095000000000000000e+03,4.095000000000000000e+03
4.095000000000000000e+03,4.095000000000000000e+03,0.000000000000000000e+00,4.095000000000000000e+03,4.095000000000000000e+03,4.095000000000000000e+03
4.095000000000000000e+03,4.095000000000000000e+03,0.000000000000000000e+00,4.095000000000000000e+03,4.095000000000000000e+03,4.095000000000000000e+03
4.095000000000000000e+03,4.095000000000000000e+03,0.000000000000000000e+00,4.031000000000000000e+03,4.095000000000000000e+03,4.095000000000000000e+03
4.095000000000000000e+03,4.095000000000000000e+03,0.000000000000000000e+00,4.095000000000000000e+03,4.095000000000000000e+03,4.095000000000000000e+03
4.095000000000000000e+03,4.095000000000000000e+03,0.000000000000000000e+00,4.095000000000000000e+03,4.095000000000000000e+03,4.095000000000000000e+03
4.095000000000000000e+03,4.095000000000000000e+03,0.000000000000000000e+00,4.095000000000000000e+03,4.095000000000000000e+03,4.095000000000000000e+03
4.095000000000000000e+03,4.095000000000000000e+03,0.000000000000000000e+00,4.095000000000000000e+03,4.095000000000000000e+03,4.095000000000000000e+03
4.095000000000000000e+03,4.095000000000000000e+03,0.000000000000000000e+00,4.095000000000000000e+03,4.095000000000000000e+03,4.095000000000000000e+03
4.095000000000000000e+03,4.095000000000000000e+03,0.000000000000000000e+00,4.095000000000000000e+03,4.095000000000000000e+03,4.095000000000000000e+03
4.095000000000000000e+03,4.095000000000000000e+03,0.000000000000000000e+00,4.095000000000000000e+03,4.095000000000000000e+03,4.095000000000000000e+03
4.095000000000000000e+03,4.095000000000000000e+03,0.000000000000000000e+00,4.095000000000000000e+03,4.095000000000000000e+03,4.095000000000000000e+03
4.095000000000000000e+03,4.095000000000000000e+03,0.000000000000000000e+00,4.095000000000000000e+03,4.095000000000000000e+03,4.095000000000000000e+03
4.095000000000000000e+03,4.095000000000000000e+03,0.000000000000000000e+00,4.095000000000000000e+03,4.095000000000000000e+03,4.095000000000000000e+03
4.095000000000000000e+03,4.095000000000000000e+03,0.000000000000000000e+00,4.095000000000000000e+03,4.095000000000000000e+03,4.095000000000000000e+03
4.095000000000000000e+03,4.095000000000000000e+03,0.000000000000000000e+00,4.095000000000000000e+03,4.095000000000000000e+03,4.095000000000000000e+03
4.095000000000000000e+03,3.911000000000000000e+03,0.000000000000000000e+00,4.095000000000000000e+03,4.095000000000000000e+03,4.095000000000000000e+03
0.000000000000000000e+00,4.095000000000000000e+03,0.000000000000000000e+00,4.095000000000000000e+03,4.095000000000000000e+03,4.095000000000000000e+03
0.000000000000000000e+00,4.095000000000000000e+03,0.000000000000000000e+00,4.095000000000000000e+03,4.095000000000000000e+03,4.095000000000000000e+03
0.000000000000000000e+00,4.095000000000000000e+03,0.000000000000000000e+00,4.095000000000000000e+03,4.095000000000000000e+03,4.095000000000000000e+03
0.000000000000000000e+00,4.095000000000000000e+03,0.000000000000000000e+00,4.095000000000000000e+03,4.095000000000000000e+03,4.095000000000000000e+03
0.000000000000000000e+00,4.095000000000000000e+03,0.000000000000000000e+00,4.095000000000000000e+03,4.095000000000000000e+03,4.095000000000000000e+03
0.000000000000000000e+00,4.095000000000000000e+03,0.000000000000000000e+00,4.095000000000000000e+03,4.095000000000000000e+03,4.095000000000000000e+03
0.000000000000000000e+00,4.095000000000000000e+03,0.000000000000000000e+00,8.930000000000000000e+02,4.095000000000000000e+03,4.095000000000000000e+03
4.095000000000000000e+03,4.095000000000000000e+03,0.000000000000000000e+00,7.350000000000000000e+02,4.095000000000000000e+03,4.095000000000000000e+03
4.095000000000000000e+03,4.095000000000000000e+03,0.000000000000000000e+00,6.240000000000000000e+02,4.095000000000000000e+03,4.095000000000000000e+03
4.007000000000000000e+03,4.095000000000000000e+03,0.000000000000000000e+00,5.540000000000000000e+02,4.095000000000000000e+03,4.095000000000000000e+03
4.095000000000000000e+03,4.095000000000000000e+03,0.000000000000000000e+00,6.760000000000000000e+02,4.095000000000000000e+03,4.095000000000000000e+03
4.095000000000000000e+03,4.095000000000000000e+03,0.000000000000000000e+00,6.880000000000000000e+02,4.095000000000000000e+03,4.095000000000000000e+03
4.095000000000000000e+03,4.095000000000000000e+03,0.000000000000000000e+00,6.700000000000000000e+02,4.095000000000000000e+03,4.095000000000000000e+03
4.095000000000000000e+03,4.095000000000000000e+03,0.000000000000000000e+00,6.170000000000000000e+02,4.095000000000000000e+03,4.095000000000000000e+03
4.095000000000000000e+03,4.095000000000000000e+03,0.000000000000000000e+00,6.180000000000000000e+02,4.095000000000000000e+03,4.095000000000000000e+03
4.095000000000000000e+03,4.095000000000000000e+03,0.000000000000000000e+00,5.650000000000000000e+02,4.095000000000000000e+03,4.095000000000000000e+03
4.095000000000000000e+03,4.095000000000000000e+03,0.000000000000000000e+00,5.110000000000000000e+02,4.095000000000000000e+03,4.095000000000000000e+03
4.095000000000000000e+03,4.095000000000000000e+03,0.000000000000000000e+00,4.870000000000000000e+02,4.095000000000000000e+03,4.095000000000000000e+03
4.095000000000000000e+03,4.095000000000000000e+03,0.000000000000000000e+00,3.540000000000000000e+02,4.095000000000000000e+03,4.095000000000000000e+03
4.095000000000000000e+03,4.095000000000000000e+03,0.000000000000000000e+00,3.920000000000000000e+02,4.095000000000000000e+03,4.095000000000000000e+03
4.095000000000000000e+03,4.095000000000000000e+03,0.000000000000000000e+00,5.240000000000000000e+02,4.095000000000000000e+03,4.095000000000000000e+03
4.095000000000000000e+03,4.095000000000000000e+03,0.000000000000000000e+00,8.100000000000000000e+02,4.095000000000000000e+03,4.095000000000000000e+03
4.095000000000000000e+03,4.095000000000000000e+03,0.000000000000000000e+00,7.510000000000000000e+02,4.095000000000000000e+03,4.095000000000000000e+03
4.095000000000000000e+03,4.095000000000000000e+03,0.000000000000000000e+00,1.863000000000000000e+03,4.095000000000000000e+03,4.095000000000000000e+03
4.095000000000000000e+03,4.095000000000000000e+03,0.000000000000000000e+00,4.095000000000000000e+03,4.095000000000000000e+03,4.095000000000000000e+03
4.095000000000000000e+03,4.022000000000000000e+03,0.000000000000000000e+00,4.095000000000000000e+03,4.095000000000000000e+03,4.095000000000000000e+03
4.095000000000000000e+03,4.095000000000000000e+03,0.000000000000000000e+00,4.095000000000000000e+03,4.095000000000000000e+03,4.095000000000000000e+03
4.095000000000000000e+03,4.095000000000000000e+03,0.000000000000000000e+00,1.440000000000000000e+02,2.410000000000000000e+02,4.095000000000000000e+03
4.095000000000000000e+03,4.095000000000000000e+03,0.000000000000000000e+00,3.400000000000000000e+01,2.000000000000000000e+00,4.095000000000000000e+03
4.095000000000000000e+03,4.095000000000000000e+03,0.000000000000000000e+00,0.000000000000000000e+00,0.000000000000000000e+00,4.095000000000000000e+03
4.095000000000000000e+03,4.095000000000000000e+03,0.000000000000000000e+00,0.000000000000000000e+00,0.000000000000000000e+00,4.095000000000000000e+03
4.095000000000000000e+03,4.095000000000000000e+03,0.000000000000000000e+00,0.000000000000000000e+00,0.000000000000000000e+00,4.095000000000000000e+03
4.095000000000000000e+03,4.095000000000000000e+03,0.000000000000000000e+00,0.000000000000000000e+00,0.000000000000000000e+00,4.095000000000000000e+03
4.095000000000000000e+03,4.095000000000000000e+03,0.000000000000000000e+00,7.300000000000000000e+01,0.000000000000000000e+00,4.095000000000000000e+03
4.095000000000000000e+03,4.095000000000000000e+03,0.000000000000000000e+00,2.560000000000000000e+02,0.000000000000000000e+00,4.095000000000000000e+03
4.095000000000000000e+03,4.095000000000000000e+03,0.000000000000000000e+00,3.500000000000000000e+02,0.000000000000000000e+00,4.095000000000000000e+03
4.095000000000000000e+03,4.095000000000000000e+03,0.000000000000000000e+00,5.000000000000000000e+02,0.000000000000000000e+00,4.095000000000000000e+03
4.095000000000000000e+03,4.095000000000000000e+03,0.000000000000000000e+00,7.500000000000000000e+02,0.000000000000000000e+00,4.095000000000000000e+03
4.095000000000000000e+03,4.095000000000000000e+03,0.000000000000000000e+00,8.050000000000000000e+02,0.000000000000000000e+00,4.095000000000000000e+03
4.095000000000000000e+03,4.095000000000000000e+03,2.800000000000000000e+01,7.840000000000000000e+02,0.000000000000000000e+00,4.095000000000000000e+03
4.095000000000000000e+03,4.095000000000000000e+03,3.210000000000000000e+02,8.480000000000000000e+02,0.000000000000000000e+00,4.095000000000000000e+03
4.095000000000000000e+03,4.095000000000000000e+03,4.095000000000000000e+03,4.470000000000000000e+02,0.000000000000000000e+00,4.095000000000000000e+03
4.095000000000000000e+03,4.095000000000000000e+03,4.095000000000000000e+03,4.090000000000000000e+02,0.000000000000000000e+00,4.095000000000000000e+03
4.095000000000000000e+03,4.095000000000000000e+03,4.095000000000000000e+03,2.750000000000000000e+02,0.000000000000000000e+00,4.095000000000000000e+03
4.095000000000000000e+03,4.095000000000000000e+03,4.095000000000000000e+03,4.450000000000000000e+02,0.000000000000000000e+00,4.095000000000000000e+03
4.095000000000000000e+03,4.095000000000000000e+03,4.095000000000000000e+03,4.770000000000000000e+02,0.000000000000000000e+00,4.095000000000000000e+03
4.095000000000000000e+03,4.095000000000000000e+03,4.320000000000000000e+02,5.420000000000000000e+02,0.000000000000000000e+00,4.095000000000000000e+03
4.095000000000000000e+03,4.095000000000000000e+03,3.490000000000000000e+02,6.280000000000000000e+02,0.000000000000000000e+00,4.095000000000000000e+03
4.095000000000000000e+03,4.095000000000000000e+03,2.310000000000000000e+02,6.900000000000000000e+02,0.000000000000000000e+00,4.095000000000000000e+03
4.095000000000000000e+03,4.095000000000000000e+03,1.270000000000000000e+02,7.370000000000000000e+02,0.000000000000000000e+00,4.095000000000000000e+03
4.095000000000000000e+03,4.095000000000000000e+03,6.300000000000000000e+01,6.610000000000000000e+02,0.000000000000000000e+00,4.095000000000000000e+03
4.095000000000000000e+03,4.095000000000000000e+03,4.500000000000000000e+01,7.550000000000000000e+02,0.000000000000000000e+00,4.095000000000000000e+03
4.095000000000000000e+03,4.095000000000000000e+03,2.630000000000000000e+02,9.340000000000000000e+02,0.000000000000000000e+00,4.095000000000000000e+03
4.095000000000000000e+03,4.095000000000000000e+03,4.095000000000000000e+03,9.310000000000000000e+02,0.000000000000000000e+00,4.095000000000000000e+03
4.095000000000000000e+03,4.095000000000000000e+03,4.095000000000000000e+03,8.710000000000000000e+02,0.000000000000000000e+00,4.095000000000000000e+03
4.095000000000000000e+03,4.095000000000000000e+03,4.095000000000000000e+03,9.030000000000000000e+02,0.000000000000000000e+00,4.095000000000000000e+03
4.095000000000000000e+03,4.095000000000000000e+03,4.095000000000000000e+03,8.610000000000000000e+02,0.000000000000000000e+00,4.095000000000000000e+03
4.095000000000000000e+03,4.095000000000000000e+03,4.095000000000000000e+03,9.060000000000000000e+02,0.000000000000000000e+00,4.095000000000000000e+03
4.095000000000000000e+03,4.095000000000000000e+03,4.095000000000000000e+03,9.010000000000000000e+02,0.000000000000000000e+00,4.095000000000000000e+03
4.095000000000000000e+03,4.095000000000000000e+03,4.095000000000000000e+03,6.890000000000000000e+02,0.000000000000000000e+00,4.095000000000000000e+03
4.095000000000000000e+03,4.095000000000000000e+03,4.095000000000000000e+03,1.008000000000000000e+03,0.000000000000000000e+00,4.095000000000000000e+03
4.095000000000000000e+03,4.095000000000000000e+03,4.095000000000000000e+03,1.104000000000000000e+03,0.000000000000000000e+00,4.095000000000000000e+03
4.095000000000000000e+03,4.095000000000000000e+03,4.095000000000000000e+03,1.051000000000000000e+03,0.000000000000000000e+00,4.095000000000000000e+03
4.095000000000000000e+03,4.095000000000000000e+03,4.095000000000000000e+03,1.099000000000000000e+03,0.000000000000000000e+00,4.095000000000000000e+03
4.095000000000000000e+03,4.095000000000000000e+03,4.095000000000000000e+03,1.104000000000000000e+03,0.000000000000000000e+00,4.095000000000000000e+03
4.095000000000000000e+03,4.095000000000000000e+03,4.095000000000000000e+03,1.521000000000000000e+03,0.000000000000000000e+00,4.095000000000000000e+03
4.095000000000000000e+03,4.095000000000000000e+03,4.095000000000000000e+03,2.583000000000000000e+03,0.000000000000000000e+00,4.095000000000000000e+03
4.095000000000000000e+03,4.095000000000000000e+03,4.095000000000000000e+03,2.914000000000000000e+03,0.000000000000000000e+00,4.095000000000000000e+03
4.095000000000000000e+03,4.095000000000000000e+03,4.095000000000000000e+03,2.611000000000000000e+03,0.000000000000000000e+00,4.095000000000000000e+03
4.095000000000000000e+03,4.095000000000000000e+03,4.095000000000000000e+03,2.645000000000000000e+03,0.000000000000000000e+00,4.095000000000000000e+03
4.095000000000000000e+03,4.095000000000000000e+03,4.095000000000000000e+03,2.785000000000000000e+03,0.000000000000000000e+00,4.095000000000000000e+03
4.095000000000000000e+03,4.095000000000000000e+03,4.095000000000000000e+03,2.742000000000000000e+03,0.000000000000000000e+00,4.095000000000000000e+03
4.095000000000000000e+03,4.095000000000000000e+03,4.095000000000000000e+03,2.783000000000000000e+03,0.000000000000000000e+00,4.095000000000000000e+03
4.095000000000000000e+03,4.095000000000000000e+03,4.095000000000000000e+03,2.836000000000000000e+03,0.000000000000000000e+00,4.095000000000000000e+03
4.095000000000000000e+03,4.095000000000000000e+03,4.095000000000000000e+03,2.594000000000000000e+03,0.000000000000000000e+00,4.095000000000000000e+03
4.095000000000000000e+03,4.095000000000000000e+03,4.095000000000000000e+03,2.559000000000000000e+03,0.000000000000000000e+00,4.095000000000000000e+03
4.095000000000000000e+03,4.095000000000000000e+03,4.095000000000000000e+03,2.596000000000000000e+03,4.530000000000000000e+02,4.095000000000000000e+03
4.095000000000000000e+03,4.095000000000000000e+03,4.095000000000000000e+03,2.754000000000000000e+03,8.000000000000000000e+01,4.095000000000000000e+03
4.095000000000000000e+03,4.095000000000000000e+03,4.095000000000000000e+03,4.095000000000000000e+03,0.000000000000000000e+00,4.095000000000000000e+03
4.069000000000000000e+03,4.095000000000000000e+03,4.095000000000000000e+03,4.095000000000000000e+03,0.000000000000000000e+00,4.095000000000000000e+03
4.095000000000000000e+03,4.095000000000000000e+03,4.095000000000000000e+03,3.958000000000000000e+03,0.000000000000000000e+00,4.095000000000000000e+03
4.095000000000000000e+03,4.095000000000000000e+03,4.095000000000000000e+03,3.905000000000000000e+03,0.000000000000000000e+00,4.095000000000000000e+03
4.095000000000000000e+03,4.095000000000000000e+03,4.095000000000000000e+03,4.059000000000000000e+03,0.000000000000000000e+00,4.095000000000000000e+03
4.095000000000000000e+03,4.095000000000000000e+03,4.095000000000000000e+03,4.095000000000000000e+03,0.000000000000000000e+00,4.095000000000000000e+03
4.095000000000000000e+03,4.095000000000000000e+03,4.095000000000000000e+03,4.095000000000000000e+03,0.000000000000000000e+00,4.095000000000000000e+03
4.095000000000000000e+03,4.095000000000000000e+03,4.095000000000000000e+03,4.095000000000000000e+03,0.000000000000000000e+00,4.095000000000000000e+03
4.095000000000000000e+03,4.095000000000000000e+03,4.095000000000000000e+03,4.095000000000000000e+03,0.000000000000000000e+00,4.095000000000000000e+03
4.095000000000000000e+03,4.095000000000000000e+03,4.095000000000000000e+03,4.095000000000000000e+03,0.000000000000000000e+00,4.095000000000000000e+03
4.095000000000000000e+03,4.095000000000000000e+03,4.095000000000000000e+03,4.095000000000000000e+03,0.000000000000000000e+00,4.095000000000000000e+03
4.095000000000000000e+03,4.095000000000000000e+03,4.095000000000000000e+03,4.095000000000000000e+03,0.000000000000000000e+00,4.095000000000000000e+03
4.095000000000000000e+03,4.095000000000000000e+03,4.095000000000000000e+03,4.095000000000000000e+03,0.000000000000000000e+00,4.095000000000000000e+03
4.095000000000000000e+03,4.095000000000000000e+03,4.095000000000000000e+03,4.095000000000000000e+03,0.000000000000000000e+00,4.095000000000000000e+03
4.095000000000000000e+03,4.095000000000000000e+03,4.095000000000000000e+03,4.095000000000000000e+03,0.000000000000000000e+00,4.095000000000000000e+03
4.095000000000000000e+03,4.095000000000000000e+03,4.095000000000000000e+03,4.095000000000000000e+03,0.000000000000000000e+00,4.095000000000000000e+03
4.095000000000000000e+03,4.095000000000000000e+03,4.095000000000000000e+03,4.095000000000000000e+03,0.000000000000000000e+00,4.095000000000000000e+03
4.095000000000000000e+03,4.095000000000000000e+03,4.095000000000000000e+03,4.095000000000000000e+03,0.000000000000000000e+00,4.095000000000000000e+03
4.095000000000000000e+03,4.095000000000000000e+03,4.095000000000000000e+03,4.095000000000000000e+03,0.000000000000000000e+00,4.095000000000000000e+03
4.095000000000000000e+03,4.095000000000000000e+03,4.095000000000000000e+03,4.095000000000000000e+03,0.000000000000000000e+00,4.095000000000000000e+03
4.095000000000000000e+03,4.095000000000000000e+03,4.095000000000000000e+03,4.095000000000000000e+03,0.000000000000000000e+00,4.095000000000000000e+03
4.095000000000000000e+03,4.095000000000000000e+03,4.095000000000000000e+03,4.095000000000000000e+03,0.000000000000000000e+00,4.095000000000000000e+03
4.095000000000000000e+03,4.095000000000000000e+03,3.570000000000000000e+02,4.095000000000000000e+03,0.000000000000000000e+00,4.095000000000000000e+03
4.043000000000000000e+03,4.095000000000000000e+03,2.430000000000000000e+02,4.095000000000000000e+03,0.000000000000000000e+00,4.095000000000000000e+03
4.095000000000000000e+03,4.095000000000000000e+03,7.100000000000000000e+01,4.095000000000000000e+03,0.000000000000000000e+00,4.095000000000000000e+03
4.095000000000000000e+03,4.095000000000000000e+03,0.000000000000000000e+00,4.095000000000000000e+03,0.000000000000000000e+00,4.095000000000000000e+03
4.095000000000000000e+03,4.095000000000000000e+03,0.000000000000000000e+00,4.095000000000000000e+03,0.000000000000000000e+00,4.095000000000000000e+03
4.095000000000000000e+03,4.095000000000000000e+03,0.000000000000000000e+00,4.095000000000000000e+03,0.000000000000000000e+00,4.095000000000000000e+03
4.095000000000000000e+03,4.095000000000000000e+03,0.000000000000000000e+00,4.095000000000000000e+03,0.000000000000000000e+00,4.095000000000000000e+03
4.095000000000000000e+03,4.095000000000000000e+03,0.000000000000000000e+00,4.095000000000000000e+03,0.000000000000000000e+00,4.095000000000000000e+03
4.095000000000000000e+03,4.095000000000000000e+03,0.000000000000000000e+00,4.095000000000000000e+03,0.000000000000000000e+00,4.095000000000000000e+03
4.095000000000000000e+03,4.095000000000000000e+03,0.000000000000000000e+00,4.095000000000000000e+03,0.000000000000000000e+00,4.095000000000000000e+03
4.095000000000000000e+03,4.095000000000000000e+03,0.000000000000000000e+00,4.095000000000000000e+03,0.000000000000000000e+00,4.095000000000000000e+03
4.095000000000000000e+03,4.095000000000000000e+03,0.000000000000000000e+00,4.095000000000000000e+03,0.000000000000000000e+00,4.095000000000000000e+03
4.095000000000000000e+03,4.095000000000000000e+03,0.000000000000000000e+00,4.095000000000000000e+03,0.000000000000000000e+00,4.095000000000000000e+03
4.095000000000000000e+03,4.095000000000000000e+03,0.000000000000000000e+00,4.095000000000000000e+03,0.000000000000000000e+00,4.095000000000000000e+03
4.095000000000000000e+03,4.095000000000000000e+03,0.000000000000000000e+00,4.095000000000000000e+03,0.000000000000000000e+00,4.095000000000000000e+03
4.095000000000000000e+03,4.095000000000000000e+03,0.000000000000000000e+00,4.095000000000000000e+03,0.000000000000000000e+00,4.095000000000000000e+03
4.095000000000000000e+03,4.095000000000000000e+03,0.000000000000000000e+00,4.095000000000000000e+03,0.000000000000000000e+00,4.095000000000000000e+03
4.095000000000000000e+03,4.095000000000000000e+03,0.000000000000000000e+00,4.095000000000000000e+03,0.000000000000000000e+00,4.095000000000000000e+03
4.095000000000000000e+03,4.095000000000000000e+03,0.000000000000000000e+00,4.095000000000000000e+03,0.000000000000000000e+00,4.095000000000000000e+03
4.095000000000000000e+03,4.095000000000000000e+03,0.000000000000000000e+00,4.095000000000000000e+03,0.000000000000000000e+00,4.095000000000000000e+03
4.095000000000000000e+03,4.095000000000000000e+03,0.000000000000000000e+00,4.095000000000000000e+03,0.000000000000000000e+00,4.095000000000000000e+03
4.095000000000000000e+03,4.095000000000000000e+03,0.000000000000000000e+00,4.095000000000000000e+03,0.000000000000000000e+00,4.095000000000000000e+03
4.095000000000000000e+03,4.095000000000000000e+03,0.000000000000000000e+00,4.095000000000000000e+03,0.000000000000000000e+00,4.095000000000000000e+03
4.095000000000000000e+03,4.095000000000000000e+03,0.000000000000000000e+00,4.095000000000000000e+03,0.000000000000000000e+00,4.095000000000000000e+03
4.095000000000000000e+03,4.095000000000000000e+03,0.000000000000000000e+00,4.095000000000000000e+03,0.000000000000000000e+00,4.095000000000000000e+03
4.095000000000000000e+03,4.095000000000000000e+03,0.000000000000000000e+00,8.230000000000000000e+02,0.000000000000000000e+00,4.095000000000000000e+03
4.095000000000000000e+03,4.095000000000000000e+03,0.000000000000000000e+00,3.120000000000000000e+03,0.000000000000000000e+00,4.095000000000000000e+03
4.095000000000000000e+03,4.095000000000000000e+03,0.000000000000000000e+00,4.095000000000000000e+03,0.000000000000000000e+00,4.095000000000000000e+03
4.095000000000000000e+03,4.095000000000000000e+03,0.000000000000000000e+00,4.095000000000000000e+03,0.000000000000000000e+00,4.095000000000000000e+03
4.095000000000000000e+03,4.095000000000000000e+03,0.000000000000000000e+00,4.095000000000000000e+03,0.000000000000000000e+00,4.095000000000000000e+03
4.095000000000000000e+03,4.095000000000000000e+03,0.000000000000000000e+00,4.095000000000000000e+03,0.000000000000000000e+00,4.095000000000000000e+03
4.095000000000000000e+03,4.095000000000000000e+03,0.000000000000000000e+00,4.095000000000000000e+03,0.000000000000000000e+00,4.095000000000000000e+03
4.095000000000000000e+03,4.095000000000000000e+03,0.000000000000000000e+00,4.095000000000000000e+03,0.000000000000000000e+00,4.095000000000000000e+03
4.095000000000000000e+03,4.095000000000000000e+03,0.000000000000000000e+00,4.095000000000000000e+03,0.000000000000000000e+00,4.095000000000000000e+03
4.095000000000000000e+03,4.095000000000000000e+03,0.000000000000000000e+00,4.095000000000000000e+03,0.000000000000000000e+00,4.550000000000000000e+02
4.095000000000000000e+03,4.095000000000000000e+03,0.000000000000000000e+00,4.095000000000000000e+03,0.000000000000000000e+00,3.700000000000000000e+01
4.095000000000000000e+03,4.095000000000000000e+03,0.000000000000000000e+00,4.095000000000000000e+03,0.000000000000000000e+00,2.000000000000000000e+00
4.095000000000000000e+03,4.095000000000000000e+03,0.000000000000000000e+00,4.095000000000000000e+03,0.000000000000000000e+00,1.150000000000000000e+02
4.095000000000000000e+03,4.095000000000000000e+03,0.000000000000000000e+00,4.095000000000000000e+03,0.000000000000000000e+00,8.170000000000000000e+02
4.095000000000000000e+03,4.095000000000000000e+03,0.000000000000000000e+00,4.095000000000000000e+03,0.000000000000000000e+00,1.405000000000000000e+03
4.095000000000000000e+03,4.095000000000000000e+03,1.600000000000000000e+01,4.095000000000000000e+03,0.000000000000000000e+00,4.095000000000000000e+03
4.095000000000000000e+03,4.095000000000000000e+03,4.700000000000000000e+01,4.095000000000000000e+03,0.000000000000000000e+00,4.095000000000000000e+03
4.095000000000000000e+03,4.095000000000000000e+03,2.700000000000000000e+01,4.095000000000000000e+03,0.000000000000000000e+00,4.095000000000000000e+03
4.095000000000000000e+03,4.095000000000000000e+03,2.900000000000000000e+01,4.095000000000000000e+03,0.000000000000000000e+00,4.095000000000000000e+03
4.095000000000000000e+03,4.095000000000000000e+03,5.100000000000000000e+01,4.095000000000000000e+03,0.000000000000000000e+00,4.095000000000000000e+03
4.095000000000000000e+03,4.095000000000000000e+03,4.600000000000000000e+01,4.095000000000000000e+03,0.000000000000000000e+00,4.095000000000000000e+03
4.095000000000000000e+03,4.095000000000000000e+03,5.300000000000000000e+01,4.095000000000000000e+03,0.000000000000000000e+00,4.095000000000000000e+03
4.095000000000000000e+03,4.095000000000000000e+03,4.600000000000000000e+01,4.095000000000000000e+03,0.000000000000000000e+00,4.095000000000000000e+03
4.095000000000000000e+03,4.095000000000000000e+03,1.100000000000000000e+01,4.095000000000000000e+03,0.000000000000000000e+00,4.095000000000000000e+03
4.095000000000000000e+03,4.095000000000000000e+03,0.000000000000000000e+00,4.095000000000000000e+03,0.000000000000000000e+00,4.095000000000000000e+03
4.095000000000000000e+03,4.095000000000000000e+03,0.000000000000000000e+00,4.095000000000000000e+03,0.000000000000000000e+00,4.095000000000000000e+03
4.095000000000000000e+03,4.095000000000000000e+03,0.000000000000000000e+00,4.095000000000000000e+03,0.000000000000000000e+00,4.095000000000000000e+03
4.095000000000000000e+03,4.095000000000000000e+03,0.000000000000000000e+00,4.095000000000000000e+03,0.000000000000000000e+00,4.095000000000000000e+03
4.095000000000000000e+03,4.095000000000000000e+03,0.000000000000000000e+00,4.095000000000000000e+03,0.000000000000000000e+00,1.072000000000000000e+03
4.095000000000000000e+03,4.095000000000000000e+03,0.000000000000000000e+00,4.095000000000000000e+03,0.000000000000000000e+00,1.620000000000000000e+02
4.095000000000000000e+03,4.095000000000000000e+03,0.000000000000000000e+00,4.095000000000000000e+03,0.000000000000000000e+00,6.500000000000000000e+01
4.095000000000000000e+03,4.095000000000000000e+03,0.000000000000000000e+00,4.095000000000000000e+03,0.000000000000000000e+00,5.300000000000000000e+01
4.095000000000000000e+03,4.095000000000000000e+03,0.000000000000000000e+00,4.095000000000000000e+03,0.000000000000000000e+00,1.000000000000000000e+00
4.095000000000000000e+03,4.095000000000000000e+03,0.000000000000000000e+00,4.095000000000000000e+03,0.000000000000000000e+00,0.000000000000000000e+00
4.095000000000000000e+03,4.095000000000000000e+03,0.000000000000000000e+00,4.095000000000000000e+03,0.000000000000000000e+00,0.000000000000000000e+00
4.095000000000000000e+03,4.095000000000000000e+03,0.000000000000000000e+00,4.095000000000000000e+03,0.000000000000000000e+00,3.200000000000000000e+02
4.095000000000000000e+03,4.095000000000000000e+03,0.000000000000000000e+00,4.095000000000000000e+03,0.000000000000000000e+00,4.095000000000000000e+03
4.095000000000000000e+03,4.095000000000000000e+03,0.000000000000000000e+00,4.095000000000000000e+03,0.000000000000000000e+00,4.095000000000000000e+03
4.095000000000000000e+03,4.095000000000000000e+03,0.000000000000000000e+00,4.095000000000000000e+03,0.000000000000000000e+00,4.095000000000000000e+03
4.095000000000000000e+03,4.095000000000000000e+03,0.000000000000000000e+00,4.095000000000000000e+03,0.000000000000000000e+00,4.095000000000000000e+03
4.095000000000000000e+03,4.095000000000000000e+03,0.000000000000000000e+00,4.095000000000000000e+03,0.000000000000000000e+00,4.095000000000000000e+03
4.095000000000000000e+03,4.095000000000000000e+03,0.000000000000000000e+00,4.095000000000000000e+03,0.000000000000000000e+00,4.095000000000000000e+03
4.095000000000000000e+03,4.095000000000000000e+03,0.000000000000000000e+00,4.095000000000000000e+03,0.000000000000000000e+00,4.095000000000000000e+03
4.095000000000000000e+03,4.095000000000000000e+03,0.000000000000000000e+00,4.095000000000000000e+03,0.000000000000000000e+00,4.095000000000000000e+03
4.095000000000000000e+03,4.095000000000000000e+03,0.000000000000000000e+00,4.095000000000000000e+03,0.000000000000000000e+00,4.095000000000000000e+03
4.095000000000000000e+03,4.095000000000000000e+03,0.000000000000000000e+00,4.095000000000000000e+03,0.000000000000000000e+00,4.095000000000000000e+03
4.095000000000000000e+03,4.095000000000000000e+03,0.000000000000000000e+00,4.095000000000000000e+03,0.000000000000000000e+00,4.095000000000000000e+03
4.095000000000000000e+03,4.095000000000000000e+03,0.000000000000000000e+00,4.095000000000000000e+03,0.000000000000000000e+00,4.095000000000000000e+03
4.095000000000000000e+03,4.095000000000000000e+03,0.000000000000000000e+00,4.095000000000000000e+03,0.000000000000000000e+00,2.000000000000000000e+00
4.095000000000000000e+03,4.095000000000000000e+03,0.000000000000000000e+00,4.095000000000000000e+03,0.000000000000000000e+00,0.000000000000000000e+00
4.095000000000000000e+03,4.095000000000000000e+03,0.000000000000000000e+00,4.095000000000000000e+03,0.000000000000000000e+00,0.000000000000000000e+00
4.095000000000000000e+03,4.095000000000000000e+03,0.000000000000000000e+00,4.095000000000000000e+03,0.000000000000000000e+00,0.000000000000000000e+00
4.095000000000000000e+03,4.095000000000000000e+03,0.000000000000000000e+00,4.095000000000000000e+03,0.000000000000000000e+00,0.000000000000000000e+00
4.095000000000000000e+03,4.095000000000000000e+03,0.000000000000000000e+00,4.095000000000000000e+03,0.000000000000000000e+00,0.000000000000000000e+00
4.095000000000000000e+03,4.095000000000000000e+03,0.000000000000000000e+00,4.095000000000000000e+03,0.000000000000000000e+00,0.000000000000000000e+00
4.095000000000000000e+03,4.095000000000000000e+03,0.000000000000000000e+00,4.095000000000000000e+03,0.000000000000000000e+00,0.000000000000000000e+00
4.095000000000000000e+03,4.095000000000000000e+03,0.000000000000000000e+00,4.095000000000000000e+03,0.000000000000000000e+00,0.000000000000000000e+00
4.095000000000000000e+03,4.095000000000000000e+03,0.000000000000000000e+00,4.095000000000000000e+03,0.000000000000000000e+00,0.000000000000000000e+00
4.095000000000000000e+03,4.095000000000000000e+03,0.000000000000000000e+00,4.095000000000000000e+03,0.000000000000000000e+00,0.000000000000000000e+00
4.095000000000000000e+03,4.095000000000000000e+03,0.000000000000000000e+00,4.095000000000000000e+03,0.000000000000000000e+00,0.000000000000000000e+00
4.095000000000000000e+03,4.095000000000000000e+03,0.000000000000000000e+00,4.095000000000000000e+03,0.000000000000000000e+00,0.000000000000000000e+00
4.095000000000000000e+03,4.095000000000000000e+03,0.000000000000000000e+00,4.095000000000000000e+03,0.000000000000000000e+00,0.000000000000000000e+00
4.095000000000000000e+03,4.095000000000000000e+03,0.000000000000000000e+00,4.095000000000000000e+03,0.000000000000000000e+00,0.000000000000000000e+00
4.095000000000000000e+03,4.086000000000000000e+03,0.000000000000000000e+00,4.095000000000000000e+03,0.000000000000000000e+00,0.000000000000000000e+00
4.095000000000000000e+03,4.095000000000000000e+03,0.000000000000000000e+00,4.095000000000000000e+03,0.000000000000000000e+00,0.000000000000000000e+00
4.095000000000000000e+03,4.095000000000000000e+03,0.000000000000000000e+00,4.095000000000000000e+03,0.000000000000000000e+00,0.000000000000000000e+00
4.095000000000000000e+03,4.095000000000000000e+03,0.000000000000000000e+00,4.095000000000000000e+03,0.000000000000000000e+00,0.000000000000000000e+00
4.095000000000000000e+03,4.095000000000000000e+03,0.000000000000000000e+00,4.095000000000000000e+03,0.000000000000000000e+00,0.000000000000000000e+00
4.095000000000000000e+03,4.095000000000000000e+03,0.000000000000000000e+00,4.610000000000000000e+02,0.000000000000000000e+00,0.000000000000000000e+00
4.095000000000000000e+03,4.095000000000000000e+03,0.000000000000000000e+00,5.490000000000000000e+02,0.000000000000000000e+00,0.000000000000000000e+00
4.095000000000000000e+03,4.095000000000000000e+03,0.000000000000000000e+00,3.230000000000000000e+02,0.000000000000000000e+00,0.000000000000000000e+00
4.095000000000000000e+03,4.095000000000000000e+03,0.000000000000000000e+00,3.010000000000000000e+02,0.000000000000000000e+00,0.000000000000000000e+00
4.095000000000000000e+03,4.095000000000000000e+03,0.000000000000000000e+00,2.860000000000000000e+02,0.000000000000000000e+00,0.000000000000000000e+00
4.095000000000000000e+03,4.095000000000000000e+03,0.000000000000000000e+00,1.180000000000000000e+02,0.000000000000000000e+00,0.000000000000000000e+00
4.095000000000000000e+03,4.095000000000000000e+03,0.000000000000000000e+00,1.390000000000000000e+02,0.000000000000000000e+00,0.000000000000000000e+00
3.300000000000000000e+01,4.095000000000000000e+03,0.000000000000000000e+00,9.300000000000000000e+01,0.000000000000000000e+00,0.000000000000000000e+00
0.000000000000000000e+00,4.095000000000000000e+03,0.000000000000000000e+00,3.600000000000000000e+01,0.000000000000000000e+00,0.000000000000000000e+00
0.000000000000000000e+00,4.095000000000000000e+03,0.000000000000000000e+00,2.500000000000000000e+01,0.000000000000000000e+00,0.000000000000000000e+00
0.000000000000000000e+00,4.095000000000000000e+03,0.000000000000000000e+00,0.000000000000000000e+00,0.000000000000000000e+00,0.000000000000000000e+00
0.000000000000000000e+00,4.095000000000000000e+03,0.000000000000000000e+00,2.000000000000000000e+00,0.000000000000000000e+00,0.000000000000000000e+00
0.000000000000000000e+00,4.095000000000000000e+03,0.000000000000000000e+00,0.000000000000000000e+00,0.000000000000000000e+00,0.000000000000000000e+00
0.000000000000000000e+00,4.095000000000000000e+03,0.000000000000000000e+00,0.000000000000000000e+00,0.000000000000000000e+00,0.000000000000000000e+00
0.000000000000000000e+00,4.095000000000000000e+03,0.000000000000000000e+00,0.000000000000000000e+00,0.000000000000000000e+00,0.000000000000000000e+00
0.000000000000000000e+00,0.000000000000000000e+00,0.000000000000000000e+00,0.000000000000000000e+00,0.000000000000000000e+00,0.000000000000000000e+00
0.000000000000000000e+00,0.000000000000000000e+00,0.000000000000000000e+00,0.000000000000000000e+00,0.000000000000000000e+00,0.000000000000000000e+00
0.000000000000000000e+00,0.000000000000000000e+00,0.000000000000000000e+00,0.000000000000000000e+00,0.000000000000000000e+00,0.000000000000000000e+00
6.500000000000000000e+01,0.000000000000000000e+00,0.000000000000000000e+00,1.930000000000000000e+02,0.000000000000000000e+00,0.000000000000000000e+00
4.095000000000000000e+03,0.000000000000000000e+00,0.000000000000000000e+00,1.100000000000000000e+02,0.000000000000000000e+00,0.000000000000000000e+00
4.095000000000000000e+03,0.000000000000000000e+00,0.000000000000000000e+00,1.300000000000000000e+02,0.000000000000000000e+00,0.000000000000000000e+00
1.700000000000000000e+01,0.000000000000000000e+00,0.000000000000000000e+00,1.720000000000000000e+02,0.000000000000000000e+00,0.000000000000000000e+00
0.000000000000000000e+00,0.000000000000000000e+00,0.000000000000000000e+00,1.600000000000000000e+02,0.000000000000000000e+00,0.000000000000000000e+00
0.000000000000000000e+00,0.000000000000000000e+00,0.000000000000000000e+00,6.400000000000000000e+01,0.000000000000000000e+00,0.000000000000000000e+00
0.000000000000000000e+00,0.000000000000000000e+00,0.000000000000000000e+00,9.900000000000000000e+01,0.000000000000000000e+00,0.000000000000000000e+00
0.000000000000000000e+00,0.000000000000000000e+00,0.000000000000000000e+00,0.000000000000000000e+00,0.000000000000000000e+00,0.000000000000000000e+00
0.000000000000000000e+00,0.000000000000000000e+00,0.000000000000000000e+00,0.000000000000000000e+00,0.000000000000000000e+00,0.000000000000000000e+00
0.000000000000000000e+00,0.000000000000000000e+00,0.000000000000000000e+00,0.000000000000000000e+00,0.000000000000000000e+00,0.000000000000000000e+00
0.000000000000000000e+00,0.000000000000000000e+00,0.000000000000000000e+00,0.000000000000000000e+00,0.000000000000000000e+00,0.000000000000000000e+00
0.000000000000000000e+00,0.000000000000000000e+00,0.000000000000000000e+00,0.000000000000000000e+00,0.000000000000000000e+00,0.000000000000000000e+00
0.000000000000000000e+00,0.000000000000000000e+00,0.000000000000000000e+00,0.000000000000000000e+00,0.000000000000000000e+00,0.000000000000000000e+00
0.000000000000000000e+00,0.000000000000000000e+00,0.000000000000000000e+00,0.000000000000000000e+00,0.000000000000000000e+00,0.000000000000000000e+00
0.000000000000000000e+00,0.000000000000000000e+00,0.000000000000000000e+00,0.000000000000000000e+00,0.000000000000000000e+00,0.000000000000000000e+00
0.000000000000000000e+00,0.000000000000000000e+00,0.000000000000000000e+00,0.000000000000000000e+00,0.000000000000000000e+00,0.000000000000000000e+00
0.000000000000000000e+00,0.000000000000000000e+00,0.000000000000000000e+00,0.000000000000000000e+00,0.000000000000000000e+00,0.000000000000000000e+00
0.000000000000000000e+00,0.000000000000000000e+00,0.000000000000000000e+00,0.000000000000000000e+00,0.000000000000000000e+00,0.000000000000000000e+00
0.000000000000000000e+00,0.000000000000000000e+00,0.000000000000000000e+00,0.000000000000000000e+00,0.000000000000000000e+00,0.000000000000000000e+00
0.000000000000000000e+00,0.000000000000000000e+00,0.000000000000000000e+00,0.000000000000000000e+00,0.000000000000000000e+00,0.000000000000000000e+00
0.000000000000000000e+00,0.000000000000000000e+00,0.000000000000000000e+00,0.000000000000000000e+00,0.000000000000000000e+00,0.000000000000000000e+00
0.000000000000000000e+00,0.000000000000000000e+00,0.000000000000000000e+00,1.060000000000000000e+02,0.000000000000000000e+00,0.000000000000000000e+00
1.860000000000000000e+02,0.000000000000000000e+00,0.000000000000000000e+00,2.230000000000000000e+02,0.000000000000000000e+00,0.000000000000000000e+00
1.440000000000000000e+02,4.310000000000000000e+02,0.000000000000000000e+00,2.230000000000000000e+02,0.000000000000000000e+00,0.000000000000000000e+00
9.900000000000000000e+01,4.095000000000000000e+03,0.000000000000000000e+00,2.450000000000000000e+02,0.000000000000000000e+00,0.000000000000000000e+00
3.040000000000000000e+02,4.095000000000000000e+03,0.000000000000000000e+00,2.990000000000000000e+02,0.000000000000000000e+00,0.000000000000000000e+00
0.000000000000000000e+00,4.095000000000000000e+03,0.000000000000000000e+00,3.930000000000000000e+02,0.000000000000000000e+00,0.000000000000000000e+00
0.000000000000000000e+00,0.000000000000000000e+00,0.000000000000000000e+00,4.610000000000000000e+02,0.000000000000000000e+00,2.080000000000000000e+02
0.000000000000000000e+00,0.000000000000000000e+00,0.000000000000000000e+00,3.870000000000000000e+02,0.000000000000000000e+00,4.095000000000000000e+03
0.000000000000000000e+00,0.000000000000000000e+00,0.000000000000000000e+00,3.360000000000000000e+02,0.000000000000000000e+00,4.095000000000000000e+03
0.000000000000000000e+00,0.000000000000000000e+00,0.000000000000000000e+00,2.930000000000000000e+02,0.000000000000000000e+00,4.095000000000000000e+03
0.000000000000000000e+00,0.000000000000000000e+00,0.000000000000000000e+00,3.590000000000000000e+02,0.000000000000000000e+00,4.095000000000000000e+03
0.000000000000000000e+00,0.000000000000000000e+00,0.000000000000000000e+00,3.840000000000000000e+02,0.000000000000000000e+00,4.095000000000000000e+03
0.000000000000000000e+00,0.000000000000000000e+00,0.000000000000000000e+00,4.260000000000000000e+02,0.000000000000000000e+00,4.095000000000000000e+03
0.000000000000000000e+00,0.000000000000000000e+00,0.000000000000000000e+00,6.690000000000000000e+02,0.000000000000000000e+00,4.095000000000000000e+03
0.000000000000000000e+00,0.000000000000000000e+00,0.000000000000000000e+00,8.280000000000000000e+02,0.000000000000000000e+00,4.095000000000000000e+03
0.000000000000000000e+00,0.000000000000000000e+00,0.000000000000000000e+00,7.300000000000000000e+02,0.000000000000000000e+00,4.095000000000000000e+03
0.000000000000000000e+00,0.000000000000000000e+00,0.000000000000000000e+00,7.740000000000000000e+02,0.000000000000000000e+00,4.095000000000000000e+03
0.000000000000000000e+00,0.000000000000000000e+00,0.000000000000000000e+00,7.540000000000000000e+02,0.000000000000000000e+00,4.095000000000000000e+03
0.000000000000000000e+00,0.000000000000000000e+00,0.000000000000000000e+00,6.420000000000000000e+02,0.000000000000000000e+00,4.095000000000000000e+03
0.000000000000000000e+00,0.000000000000000000e+00,0.000000000000000000e+00,6.150000000000000000e+02,0.000000000000000000e+00,4.095000000000000000e+03
0.000000000000000000e+00,0.000000000000000000e+00,0.000000000000000000e+00,5.990000000000000000e+02,0.000000000000000000e+00,4.095000000000000000e+03
4.095000000000000000e+03,0.000000000000000000e+00,0.000000000000000000e+00,6.910000000000000000e+02,0.000000000000000000e+00,4.095000000000000000e+03
4.095000000000000000e+03,0.000000000000000000e+00,0.000000000000000000e+00,7.040000000000000000e+02,0.000000000000000000e+00,4.095000000000000000e+03
4.095000000000000000e+03,0.000000000000000000e+00,0.000000000000000000e+00,9.310000000000000000e+02,0.000000000000000000e+00,4.095000000000000000e+03
4.095000000000000000e+03,0.000000000000000000e+00,0.000000000000000000e+00,1.077000000000000000e+03,0.000000000000000000e+00,4.095000000000000000e+03
4.095000000000000000e+03,0.000000000000000000e+00,0.000000000000000000e+00,1.493000000000000000e+03,0.000000000000000000e+00,4.095000000000000000e+03
4.095000000000000000e+03,0.000000000000000000e+00,0.000000000000000000e+00,1.683000000000000000e+03,0.000000000000000000e+00,4.095000000000000000e+03
4.095000000000000000e+03,0.000000000000000000e+00,0.000000000000000000e+00,4.095000000000000000e+03,0.000000000000000000e+00,4.095000000000000000e+03
4.095000000000000000e+03,0.000000000000000000e+00,0.000000000000000000e+00,4.095000000000000000e+03,0.000000000000000000e+00,4.095000000000000000e+03
4.095000000000000000e+03,0.000000000000000000e+00,0.000000000000000000e+00,4.095000000000000000e+03,0.000000000000000000e+00,4.067000000000000000e+03
4.095000000000000000e+03,0.000000000000000000e+00,0.000000000000000000e+00,2.774000000000000000e+03,0.000000000000000000e+00,4.095000000000000000e+03
4.095000000000000000e+03,0.000000000000000000e+00,0.000000000000000000e+00,2.775000000000000000e+03,0.000000000000000000e+00,4.095000000000000000e+03
4.095000000000000000e+03,0.000000000000000000e+00,0.000000000000000000e+00,2.751000000000000000e+03,0.000000000000000000e+00,4.095000000000000000e+03
4.095000000000000000e+03,0.000000000000000000e+00,0.000000000000000000e+00,2.743000000000000000e+03,0.000000000000000000e+00,4.095000000000000000e+03
4.095000000000000000e+03,0.000000000000000000e+00,0.000000000000000000e+00,2.770000000000000000e+03,0.000000000000000000e+00,4.095000000000000000e+03
4.095000000000000000e+03,0.000000000000000000e+00,0.000000000000000000e+00,2.707000000000000000e+03,0.000000000000000000e+00,4.095000000000000000e+03
4.095000000000000000e+03,0.000000000000000000e+00,0.000000000000000000e+00,2.736000000000000000e+03,0.000000000000000000e+00,4.095000000000000000e+03
4.095000000000000000e+03,0.000000000000000000e+00,0.000000000000000000e+00,2.702000000000000000e+03,0.000000000000000000e+00,4.095000000000000000e+03
4.095000000000000000e+03,0.000000000000000000e+00,0.000000000000000000e+00,2.608000000000000000e+03,0.000000000000000000e+00,4.095000000000000000e+03
4.095000000000000000e+03,0.000000000000000000e+00,0.000000000000000000e+00,2.631000000000000000e+03,0.000000000000000000e+00,4.095000000000000000e+03
4.095000000000000000e+03,0.000000000000000000e+00,0.000000000000000000e+00,2.694000000000000000e+03,0.000000000000000000e+00,4.095000000000000000e+03
4.095000000000000000e+03,0.000000000000000000e+00,0.000000000000000000e+00,2.691000000000000000e+03,0.000000000000000000e+00,4.095000000000000000e+03
4.095000000000000000e+03,0.000000000000000000e+00,0.000000000000000000e+00,2.691000000000000000e+03,0.000000000000000000e+00,4.095000000000000000e+03
4.095000000000000000e+03,0.000000000000000000e+00,0.000000000000000000e+00,2.772000000000000000e+03,0.000000000000000000e+00,4.095000000000000000e+03
4.095000000000000000e+03,0.000000000000000000e+00,0.000000000000000000e+00,2.683000000000000000e+03,0.000000000000000000e+00,4.095000000000000000e+03
4.095000000000000000e+03,0.000000000000000000e+00,0.000000000000000000e+00,2.854000000000000000e+03,0.000000000000000000e+00,4.095000000000000000e+03
4.095000000000000000e+03,0.000000000000000000e+00,0.000000000000000000e+00,2.705000000000000000e+03,0.000000000000000000e+00,4.095000000000000000e+03
4.095000000000000000e+03,0.000000000000000000e+00,0.000000000000000000e+00,2.737000000000000000e+03,0.000000000000000000e+00,4.095000000000000000e+03
4.095000000000000000e+03,0.000000000000000000e+00,0.000000000000000000e+00,2.761000000000000000e+03,0.000000000000000000e+00,4.095000000000000000e+03
4.095000000000000000e+03,0.000000000000000000e+00,0.000000000000000000e+00,2.731000000000000000e+03,0.000000000000000000e+00,4.095000000000000000e+03
4.095000000000000000e+03,0.000000000000000000e+00,0.000000000000000000e+00,2.681000000000000000e+03,0.000000000000000000e+00,4.095000000000000000e+03
4.095000000000000000e+03,0.000000000000000000e+00,0.000000000000000000e+00,2.843000000000000000e+03,0.000000000000000000e+00,4.095000000000000000e+03
4.095000000000000000e+03,0.000000000000000000e+00,0.000000000000000000e+00,4.095000000000000000e+03,0.000000000000000000e+00,4.095000000000000000e+03
4.095000000000000000e+03,0.000000000000000000e+00,0.000000000000000000e+00,4.095000000000000000e+03,0.000000000000000000e+00,4.095000000000000000e+03
4.095000000000000000e+03,0.000000000000000000e+00,0.000000000000000000e+00,4.095000000000000000e+03,0.000000000000000000e+00,4.095000000000000000e+03
4.095000000000000000e+03,0.000000000000000000e+00,0.000000000000000000e+00,4.095000000000000000e+03,0.000000000000000000e+00,4.095000000000000000e+03
4.095000000000000000e+03,0.000000000000000000e+00,0.000000000000000000e+00,4.095000000000000000e+03,0.000000000000000000e+00,4.095000000000000000e+03
4.095000000000000000e+03,0.000000000000000000e+00,0.000000000000000000e+00,4.095000000000000000e+03,0.000000000000000000e+00,4.095000000000000000e+03
4.095000000000000000e+03,0.000000000000000000e+00,0.000000000000000000e+00,4.095000000000000000e+03,0.000000000000000000e+00,4.095000000000000000e+03
4.095000000000000000e+03,0.000000000000000000e+00,0.000000000000000000e+00,4.095000000000000000e+03,0.000000000000000000e+00,4.095000000000000000e+03
4.095000000000000000e+03,0.000000000000000000e+00,0.000000000000000000e+00,4.095000000000000000e+03,0.000000000000000000e+00,4.095000000000000000e+03
4.095000000000000000e+03,0.000000000000000000e+00,0.000000000000000000e+00,4.095000000000000000e+03,0.000000000000000000e+00,4.095000000000000000e+03
4.095000000000000000e+03,0.000000000000000000e+00,0.000000000000000000e+00,4.095000000000000000e+03,0.000000000000000000e+00,4.095000000000000000e+03
4.095000000000000000e+03,0.000000000000000000e+00,0.000000000000000000e+00,4.095000000000000000e+03,0.000000000000000000e+00,4.095000000000000000e+03
4.095000000000000000e+03,0.000000000000000000e+00,0.000000000000000000e+00,4.095000000000000000e+03,0.000000000000000000e+00,4.095000000000000000e+03
4.095000000000000000e+03,0.000000000000000000e+00,0.000000000000000000e+00,4.095000000000000000e+03,0.000000000000000000e+00,4.095000000000000000e+03
4.095000000000000000e+03,0.000000000000000000e+00,0.000000000000000000e+00,4.095000000000000000e+03,0.000000000000000000e+00,4.095000000000000000e+03
4.095000000000000000e+03,0.000000000000000000e+00,0.000000000000000000e+00,4.095000000000000000e+03,0.000000000000000000e+00,4.095000000000000000e+03
4.095000000000000000e+03,0.000000000000000000e+00,0.000000000000000000e+00,4.095000000000000000e+03,0.000000000000000000e+00,4.095000000000000000e+03
4.095000000000000000e+03,0.000000000000000000e+00,0.000000000000000000e+00,4.095000000000000000e+03,0.000000000000000000e+00,4.095000000000000000e+03
4.095000000000000000e+03,0.000000000000000000e+00,0.000000000000000000e+00,4.095000000000000000e+03,0.000000000000000000e+00,4.095000000000000000e+03
4.095000000000000000e+03,0.000000000000000000e+00,0.000000000000000000e+00,4.095000000000000000e+03,0.000000000000000000e+00,4.095000000000000000e+03
4.095000000000000000e+03,0.000000000000000000e+00,0.000000000000000000e+00,4.095000000000000000e+03,0.000000000000000000e+00,4.095000000000000000e+03
4.095000000000000000e+03,0.000000000000000000e+00,0.000000000000000000e+00,4.095000000000000000e+03,0.000000000000000000e+00,4.095000000000000000e+03
4.095000000000000000e+03,0.000000000000000000e+00,0.000000000000000000e+00,4.095000000000000000e+03,0.000000000000000000e+00,4.095000000000000000e+03
4.095000000000000000e+03,0.000000000000000000e+00,0.000000000000000000e+00,4.095000000000000000e+03,0.000000000000000000e+00,4.095000000000000000e+03
4.095000000000000000e+03,0.000000000000000000e+00,0.000000000000000000e+00,4.095000000000000000e+03,0.000000000000000000e+00,4.095000000000000000e+03
4.095000000000000000e+03,0.000000000000000000e+00,0.000000000000000000e+00,4.095000000000000000e+03,0.000000000000000000e+00,4.095000000000000000e+03
4.095000000000000000e+03,0.000000000000000000e+00,0.000000000000000000e+00,4.095000000000000000e+03,0.000000000000000000e+00,4.095000000000000000e+03
4.095000000000000000e+03,0.000000000000000000e+00,0.000000000000000000e+00,4.095000000000000000e+03,0.000000000000000000e+00,4.095000000000000000e+03
4.095000000000000000e+03,0.000000000000000000e+00,0.000000000000000000e+00,4.095000000000000000e+03,0.000000000000000000e+00,4.095000000000000000e+03
4.095000000000000000e+03,0.000000000000000000e+00,0.000000000000000000e+00,4.095000000000000000e+03,0.000000000000000000e+00,4.095000000000000000e+03
4.095000000000000000e+03,0.000000000000000000e+00,0.000000000000000000e+00,4.095000000000000000e+03,0.000000000000000000e+00,4.095000000000000000e+03
4.095000000000000000e+03,0.000000000000000000e+00,0.000000000000000000e+00,4.095000000000000000e+03,1.070000000000000000e+02,4.095000000000000000e+03
4.095000000000000000e+03,0.000000000000000000e+00,0.000000000000000000e+00,4.095000000000000000e+03,1.088000000000000000e+03,4.095000000000000000e+03
4.095000000000000000e+03,0.000000000000000000e+00,0.000000000000000000e+00,4.095000000000000000e+03,4.095000000000000000e+03,4.095000000000000000e+03
4.095000000000000000e+03,0.000000000000000000e+00,0.000000000000000000e+00,4.095000000000000000e+03,4.095000000000000000e+03,4.095000000000000000e+03
4.095000000000000000e+03,0.000000000000000000e+00,0.000000000000000000e+00,4.095000000000000000e+03,4.095000000000000000e+03,4.095000000000000000e+03
4.095000000000000000e+03,0.000000000000000000e+00,0.000000000000000000e+00,4.095000000000000000e+03,4.095000000000000000e+03,4.095000000000000000e+03
4.095000000000000000e+03,0.000000000000000000e+00,0.000000000000000000e+00,4.095000000000000000e+03,4.095000000000000000e+03,4.095000000000000000e+03
4.095000000000000000e+03,0.000000000000000000e+00,0.000000000000000000e+00,4.095000000000000000e+03,4.095000000000000000e+03,4.095000000000000000e+03
4.095000000000000000e+03,0.000000000000000000e+00,0.000000000000000000e+00,4.095000000000000000e+03,4.095000000000000000e+03,4.095000000000000000e+03
4.095000000000000000e+03,0.000000000000000000e+00,0.000000000000000000e+00,4.095000000000000000e+03,4.095000000000000000e+03,4.095000000000000000e+03
4.095000000000000000e+03,0.000000000000000000e+00,0.000000000000000000e+00,4.095000000000000000e+03,4.095000000000000000e+03,4.095000000000000000e+03
4.095000000000000000e+03,0.000000000000000000e+00,0.000000000000000000e+00,4.095000000000000000e+03,4.095000000000000000e+03,4.095000000000000000e+03
4.095000000000000000e+03,0.000000000000000000e+00,0.000000000000000000e+00,4.095000000000000000e+03,4.095000000000000000e+03,4.095000000000000000e+03
4.095000000000000000e+03,0.000000000000000000e+00,0.000000000000000000e+00,4.095000000000000000e+03,4.095000000000000000e+03,4.095000000000000000e+03
4.095000000000000000e+03,0.000000000000000000e+00,0.000000000000000000e+00,4.095000000000000000e+03,4.095000000000000000e+03,4.095000000000000000e+03
4.095000000000000000e+03,0.000000000000000000e+00,0.000000000000000000e+00,4.095000000000000000e+03,4.095000000000000000e+03,4.095000000000000000e+03
4.095000000000000000e+03,0.000000000000000000e+00,0.000000000000000000e+00,4.095000000000000000e+03,4.095000000000000000e+03,4.095000000000000000e+03
4.095000000000000000e+03,0.000000000000000000e+00,0.000000000000000000e+00,4.095000000000000000e+03,4.095000000000000000e+03,4.095000000000000000e+03
4.095000000000000000e+03,0.000000000000000000e+00,0.000000000000000000e+00,4.095000000000000000e+03,4.095000000000000000e+03,4.095000000000000000e+03
4.095000000000000000e+03,0.000000000000000000e+00,0.000000000000000000e+00,4.095000000000000000e+03,4.095000000000000000e+03,4.095000000000000000e+03
4.095000000000000000e+03,0.000000000000000000e+00,0.000000000000000000e+00,4.095000000000000000e+03,4.095000000000000000e+03,4.095000000000000000e+03
4.095000000000000000e+03,0.000000000000000000e+00,0.000000000000000000e+00,4.095000000000000000e+03,4.095000000000000000e+03,4.095000000000000000e+03
4.095000000000000000e+03,0.000000000000000000e+00,0.000000000000000000e+00,4.095000000000000000e+03,4.095000000000000000e+03,4.095000000000000000e+03
4.095000000000000000e+03,0.000000000000000000e+00,0.000000000000000000e+00,4.095000000000000000e+03,4.095000000000000000e+03,4.095000000000000000e+03
4.095000000000000000e+03,0.000000000000000000e+00,0.000000000000000000e+00,4.095000000000000000e+03,4.095000000000000000e+03,4.095000000000000000e+03
4.095000000000000000e+03,0.000000000000000000e+00,0.000000000000000000e+00,4.095000000000000000e+03,4.095000000000000000e+03,4.095000000000000000e+03
4.095000000000000000e+03,0.000000000000000000e+00,0.000000000000000000e+00,4.095000000000000000e+03,4.095000000000000000e+03,4.095000000000000000e+03
4.095000000000000000e+03,0.000000000000000000e+00,0.000000000000000000e+00,4.095000000000000000e+03,4.095000000000000000e+03,4.095000000000000000e+03
4.095000000000000000e+03,0.000000000000000000e+00,0.000000000000000000e+00,4.095000000000000000e+03,4.095000000000000000e+03,4.095000000000000000e+03
4.095000000000000000e+03,0.000000000000000000e+00,0.000000000000000000e+00,4.095000000000000000e+03,4.095000000000000000e+03,4.095000000000000000e+03
4.095000000000000000e+03,0.000000000000000000e+00,0.000000000000000000e+00,4.095000000000000000e+03,4.095000000000000000e+03,4.095000000000000000e+03
4.095000000000000000e+03,0.000000000000000000e+00,0.000000000000000000e+00,4.095000000000000000e+03,4.095000000000000000e+03,4.095000000000000000e+03
4.095000000000000000e+03,0.000000000000000000e+00,0.000000000000000000e+00,4.095000000000000000e+03,4.095000000000000000e+03,4.095000000000000000e+03
4.095000000000000000e+03,0.000000000000000000e+00,0.000000000000000000e+00,4.095000000000000000e+03,3.921000000000000000e+03,4.095000000000000000e+03
4.095000000000000000e+03,0.000000000000000000e+00,0.000000000000000000e+00,4.095000000000000000e+03,4.095000000000000000e+03,4.095000000000000000e+03
4.095000000000000000e+03,0.000000000000000000e+00,0.000000000000000000e+00,4.095000000000000000e+03,4.095000000000000000e+03,4.095000000000000000e+03
4.095000000000000000e+03,0.000000000000000000e+00,0.000000000000000000e+00,4.095000000000000000e+03,4.095000000000000000e+03,4.095000000000000000e+03
4.095000000000000000e+03,0.000000000000000000e+00,0.000000000000000000e+00,4.095000000000000000e+03,4.095000000000000000e+03,4.095000000000000000e+03
4.095000000000000000e+03,0.000000000000000000e+00,0.000000000000000000e+00,4.095000000000000000e+03,4.095000000000000000e+03,4.095000000000000000e+03
4.095000000000000000e+03,0.000000000000000000e+00,0.000000000000000000e+00,4.095000000000000000e+03,4.095000000000000000e+03,4.095000000000000000e+03
4.095000000000000000e+03,0.000000000000000000e+00,0.000000000000000000e+00,4.095000000000000000e+03,4.095000000000000000e+03,4.095000000000000000e+03
4.095000000000000000e+03,0.000000000000000000e+00,0.000000000000000000e+00,4.095000000000000000e+03,4.095000000000000000e+03,4.095000000000000000e+03
4.095000000000000000e+03,0.000000000000000000e+00,0.000000000000000000e+00,4.095000000000000000e+03,4.095000000000000000e+03,4.095000000000000000e+03
4.095000000000000000e+03,0.000000000000000000e+00,0.000000000000000000e+00,4.095000000000000000e+03,4.095000000000000000e+03,4.095000000000000000e+03
4.095000000000000000e+03,0.000000000000000000e+00,0.000000000000000000e+00,4.095000000000000000e+03,4.095000000000000000e+03,4.095000000000000000e+03
4.095000000000000000e+03,0.000000000000000000e+00,2.000000000000000000e+00,4.095000000000000000e+03,4.095000000000000000e+03,4.095000000000000000e+03
4.095000000000000000e+03,0.000000000000000000e+00,0.000000000000000000e+00,4.095000000000000000e+03,4.095000000000000000e+03,4.095000000000000000e+03
4.095000000000000000e+03,0.000000000000000000e+00,9.400000000000000000e+01,4.095000000000000000e+03,4.095000000000000000e+03,4.095000000000000000e+03
4.095000000000000000e+03,0.000000000000000000e+00,0.000000000000000000e+00,4.095000000000000000e+03,4.095000000000000000e+03,4.095000000000000000e+03
4.095000000000000000e+03,0.000000000000000000e+00,2.700000000000000000e+01,4.095000000000000000e+03,4.095000000000000000e+03,4.095000000000000000e+03
4.095000000000000000e+03,0.000000000000000000e+00,4.100000000000000000e+01,4.095000000000000000e+03,4.095000000000000000e+03,4.095000000000000000e+03
4.095000000000000000e+03,0.000000000000000000e+00,1.900000000000000000e+01,4.095000000000000000e+03,4.095000000000000000e+03,4.095000000000000000e+03
4.095000000000000000e+03,0.000000000000000000e+00,8.700000000000000000e+01,4.095000000000000000e+03,4.095000000000000000e+03,4.095000000000000000e+03
4.095000000000000000e+03,0.000000000000000000e+00,1.060000000000000000e+02,4.095000000000000000e+03,4.095000000000000000e+03,4.095000000000000000e+03
4.095000000000000000e+03,0.000000000000000000e+00,1.140000000000000000e+02,4.095000000000000000e+03,4.095000000000000000e+03,4.095000000000000000e+03
4.095000000000000000e+03,0.000000000000000000e+00,8.200000000000000000e+01,4.095000000000000000e+03,4.095000000000000000e+03,4.095000000000000000e+03
4.095000000000000000e+03,0.000000000000000000e+00,9.000000000000000000e+01,4.095000000000000000e+03,4.095000000000000000e+03,4.095000000000000000e+03
4.039000000000000000e+03,0.000000000000000000e+00,4.100000000000000000e+01,4.095000000000000000e+03,4.095000000000000000e+03,4.095000000000000000e+03
4.095000000000000000e+03,0.000000000000000000e+00,5.000000000000000000e+01,4.095000000000000000e+03,4.095000000000000000e+03,4.095000000000000000e+03
4.095000000000000000e+03,0.000000000000000000e+00,8.100000000000000000e+01,4.095000000000000000e+03,4.095000000000000000e+03,4.095000000000000000e+03
4.095000000000000000e+03,0.000000000000000000e+00,6.700000000000000000e+01,4.095000000000000000e+03,4.095000000000000000e+03,4.095000000000000000e+03
4.095000000000000000e+03,0.000000000000000000e+00,9.300000000000000000e+01,4.095000000000000000e+03,4.095000000000000000e+03,4.095000000000000000e+03
4.095000000000000000e+03,0.000000000000000000e+00,1.400000000000000000e+02,4.095000000000000000e+03,4.095000000000000000e+03,4.095000000000000000e+03
4.095000000000000000e+03,0.000000000000000000e+00,9.800000000000000000e+01,4.095000000000000000e+03,4.095000000000000000e+03,4.095000000000000000e+03
4.095000000000000000e+03,0.000000000000000000e+00,8.300000000000000000e+01,4.095000000000000000e+03,4.095000000000000000e+03,4.095000000000000000e+03
4.095000000000000000e+03,0.000000000000000000e+00,0.000000000000000000e+00,4.095000000000000000e+03,4.095000000000000000e+03,4.095000000000000000e+03
4.095000000000000000e+03,0.000000000000000000e+00,0.000000000000000000e+00,4.095000000000000000e+03,4.095000000000000000e+03,4.095000000000000000e+03
4.095000000000000000e+03,0.000000000000000000e+00,0.000000000000000000e+00,4.095000000000000000e+03,4.095000000000000000e+03,4.095000000000000000e+03
4.095000000000000000e+03,0.000000000000000000e+00,0.000000000000000000e+00,4.095000000000000000e+03,4.095000000000000000e+03,4.095000000000000000e+03
4.095000000000000000e+03,0.000000000000000000e+00,0.000000000000000000e+00,4.095000000000000000e+03,4.095000000000000000e+03,4.095000000000000000e+03
4.095000000000000000e+03,0.000000000000000000e+00,0.000000000000000000e+00,4.095000000000000000e+03,4.095000000000000000e+03,4.095000000000000000e+03
4.095000000000000000e+03,0.000000000000000000e+00,0.000000000000000000e+00,4.095000000000000000e+03,4.095000000000000000e+03,4.095000000000000000e+03
4.095000000000000000e+03,0.000000000000000000e+00,0.000000000000000000e+00,4.095000000000000000e+03,4.095000000000000000e+03,4.095000000000000000e+03
4.095000000000000000e+03,0.000000000000000000e+00,0.000000000000000000e+00,4.095000000000000000e+03,4.095000000000000000e+03,4.095000000000000000e+03
4.095000000000000000e+03,0.000000000000000000e+00,0.000000000000000000e+00,4.095000000000000000e+03,0.000000000000000000e+00,4.095000000000000000e+03
4.095000000000000000e+03,0.000000000000000000e+00,0.000000000000000000e+00,4.095000000000000000e+03,0.000000000000000000e+00,4.095000000000000000e+03
4.095000000000000000e+03,0.000000000000000000e+00,0.000000000000000000e+00,4.095000000000000000e+03,0.000000000000000000e+00,4.095000000000000000e+03
4.095000000000000000e+03,0.000000000000000000e+00,0.000000000000000000e+00,4.095000000000000000e+03,0.000000000000000000e+00,4.095000000000000000e+03
4.095000000000000000e+03,0.000000000000000000e+00,0.000000000000000000e+00,4.095000000000000000e+03,0.000000000000000000e+00,4.095000000000000000e+03
4.095000000000000000e+03,0.000000000000000000e+00,0.000000000000000000e+00,4.095000000000000000e+03,0.000000000000000000e+00,4.095000000000000000e+03
4.095000000000000000e+03,0.000000000000000000e+00,0.000000000000000000e+00,4.095000000000000000e+03,0.000000000000000000e+00,4.095000000000000000e+03
4.095000000000000000e+03,0.000000000000000000e+00,0.000000000000000000e+00,4.095000000000000000e+03,0.000000000000000000e+00,4.095000000000000000e+03
4.095000000000000000e+03,0.000000000000000000e+00,0.000000000000000000e+00,4.095000000000000000e+03,0.000000000000000000e+00,4.048000000000000000e+03
4.095000000000000000e+03,0.000000000000000000e+00,0.000000000000000000e+00,4.095000000000000000e+03,0.000000000000000000e+00,4.095000000000000000e+03
4.095000000000000000e+03,0.000000000000000000e+00,0.000000000000000000e+00,4.095000000000000000e+03,0.000000000000000000e+00,4.095000000000000000e+03
4.095000000000000000e+03,0.000000000000000000e+00,1.200000000000000000e+01,4.095000000000000000e+03,1.310000000000000000e+02,4.095000000000000000e+03
4.095000000000000000e+03,0.000000000000000000e+00,1.300000000000000000e+02,4.095000000000000000e+03,6.380000000000000000e+02,4.095000000000000000e+03
4.095000000000000000e+03,0.000000000000000000e+00,2.500000000000000000e+02,4.095000000000000000e+03,4.095000000000000000e+03,4.095000000000000000e+03
4.095000000000000000e+03,0.000000000000000000e+00,1.950000000000000000e+02,4.095000000000000000e+03,4.095000000000000000e+03,4.095000000000000000e+03
4.095000000000000000e+03,0.000000000000000000e+00,2.830000000000000000e+02,4.095000000000000000e+03,4.095000000000000000e+03,4.095000000000000000e+03
4.095000000000000000e+03,0.000000000000000000e+00,2.830000000000000000e+02,4.095000000000000000e+03,4.095000000000000000e+03,4.095000000000000000e+03
4.095000000000000000e+03,0.000000000000000000e+00,2.400000000000000000e+02,4.095000000000000000e+03,4.095000000000000000e+03,4.095000000000000000e+03
4.095000000000000000e+03,0.000000000000000000e+00,1.460000000000000000e+02,4.095000000000000000e+03,4.095000000000000000e+03,4.095000000000000000e+03
4.095000000000000000e+03,0.000000000000000000e+00,2.390000000000000000e+02,4.095000000000000000e+03,4.095000000000000000e+03,4.095000000000000000e+03
4.095000000000000000e+03,0.000000000000000000e+00,1.900000000000000000e+02,4.095000000000000000e+03,4.095000000000000000e+03,4.095000000000000000e+03
4.095000000000000000e+03,0.000000000000000000e+00,1.860000000000000000e+02,4.095000000000000000e+03,4.095000000000000000e+03,4.095000000000000000e+03
4.095000000000000000e+03,0.000000000000000000e+00,1.950000000000000000e+02,4.095000000000000000e+03,4.095000000000000000e+03,4.095000000000000000e+03
4.095000000000000000e+03,0.000000000000000000e+00,1.820000000000000000e+02,4.095000000000000000e+03,4.095000000000000000e+03,4.095000000000000000e+03
4.095000000000000000e+03,0.000000000000000000e+00,1.440000000000000000e+02,4.095000000000000000e+03,4.095000000000000000e+03,4.095000000000000000e+03
4.095000000000000000e+03,0.000000000000000000e+00,1.360000000000000000e+02,4.095000000000000000e+03,4.095000000000000000e+03,4.095000000000000000e+03
4.095000000000000000e+03,0.000000000000000000e+00,1.670000000000000000e+02,4.095000000000000000e+03,4.095000000000000000e+03,4.095000000000000000e+03
4.095000000000000000e+03,0.000000000000000000e+00,1.670000000000000000e+02,4.095000000000000000e+03,4.095000000000000000e+03,4.095000000000000000e+03
4.095000000000000000e+03,0.000000000000000000e+00,1.300000000000000000e+02,4.095000000000000000e+03,4.095000000000000000e+03,4.095000000000000000e+03
4.095000000000000000e+03,0.000000000000000000e+00,9.300000000000000000e+01,4.095000000000000000e+03,4.095000000000000000e+03,4.095000000000000000e+03
4.095000000000000000e+03,0.000000000000000000e+00,1.430000000000000000e+02,4.095000000000000000e+03,4.095000000000000000e+03,4.095000000000000000e+03
4.095000000000000000e+03,0.000000000000000000e+00,1.310000000000000000e+02,4.095000000000000000e+03,4.095000000000000000e+03,4.095000000000000000e+03
4.095000000000000000e+03,0.000000000000000000e+00,1.330000000000000000e+02,4.095000000000000000e+03,4.095000000000000000e+03,4.095000000000000000e+03
4.095000000000000000e+03,0.000000000000000000e+00,2.080000000000000000e+02,4.095000000000000000e+03,4.095000000000000000e+03,4.095000000000000000e+03
4.095000000000000000e+03,0.000000000000000000e+00,1.170000000000000000e+02,4.095000000000000000e+03,4.095000000000000000e+03,4.095000000000000000e+03
4.095000000000000000e+03,0.000000000000000000e+00,1.790000000000000000e+02,4.095000000000000000e+03,4.095000000000000000e+03,4.095000000000000000e+03
4.095000000000000000e+03,0.000000000000000000e+00,1.370000000000000000e+02,4.095000000000000000e+03,4.095000000000000000e+03,4.095000000000000000e+03
4.095000000000000000e+03,0.000000000000000000e+00,1.440000000000000000e+02,4.095000000000000000e+03,4.095000000000000000e+03,4.095000000000000000e+03
4.095000000000000000e+03,0.000000000000000000e+00,7.170000000000000000e+02,4.095000000000000000e+03,4.095000000000000000e+03,4.095000000000000000e+03
0.000000000000000000e+00,0.000000000000000000e+00,4.095000000000000000e+03,4.095000000000000000e+03,4.095000000000000000e+03,4.095000000000000000e+03
0.000000000000000000e+00,0.000000000000000000e+00,4.095000000000000000e+03,4.095000000000000000e+03,4.095000000000000000e+03,4.095000000000000000e+03
0.000000000000000000e+00,0.000000000000000000e+00,4.095000000000000000e+03,4.095000000000000000e+03,4.095000000000000000e+03,4.095000000000000000e+03
0.000000000000000000e+00,0.000000000000000000e+00,4.095000000000000000e+03,4.095000000000000000e+03,4.095000000000000000e+03,4.095000000000000000e+03
0.000000000000000000e+00,0.000000000000000000e+00,4.095000000000000000e+03,4.095000000000000000e+03,4.095000000000000000e+03,4.095000000000000000e+03
0.000000000000000000e+00,0.000000000000000000e+00,4.095000000000000000e+03,4.095000000000000000e+03,4.095000000000000000e+03,4.095000000000000000e+03
0.000000000000000000e+00,0.000000000000000000e+00,4.095000000000000000e+03,4.095000000000000000e+03,4.095000000000000000e+03,4.095000000000000000e+03
0.000000000000000000e+00,0.000000000000000000e+00,4.095000000000000000e+03,4.095000000000000000e+03,4.095000000000000000e+03,4.095000000000000000e+03
0.000000000000000000e+00,0.000000000000000000e+00,4.095000000000000000e+03,4.095000000000000000e+03,4.095000000000000000e+03,4.095000000000000000e+03
0.000000000000000000e+00,0.000000000000000000e+00,4.095000000000000000e+03,4.095000000000000000e+03,4.095000000000000000e+03,4.095000000000000000e+03
0.000000000000000000e+00,0.000000000000000000e+00,4.095000000000000000e+03,4.095000000000000000e+03,4.095000000000000000e+03,4.095000000000000000e+03
0.000000000000000000e+00,0.000000000000000000e+00,4.095000000000000000e+03,4.095000000000000000e+03,4.095000000000000000e+03,4.095000000000000000e+03
0.000000000000000000e+00,0.000000000000000000e+00,4.095000000000000000e+03,4.095000000000000000e+03,4.095000000000000000e+03,4.095000000000000000e+03
0.000000000000000000e+00,0.000000000000000000e+00,4.095000000000000000e+03,4.095000000000000000e+03,4.095000000000000000e+03,4.095000000000000000e+03
0.000000000000000000e+00,0.000000000000000000e+00,4.095000000000000000e+03,4.095000000000000000e+03,4.095000000000000000e+03,4.095000000000000000e+03
0.000000000000000000e+00,0.000000000000000000e+00,4.095000000000000000e+03,4.095000000000000000e+03,4.095000000000000000e+03,4.095000000000000000e+03
0.000000000000000000e+00,0.000000000000000000e+00,4.095000000000000000e+03,4.095000000000000000e+03,4.095000000000000000e+03,4.095000000000000000e+03
0.000000000000000000e+00,0.000000000000000000e+00,4.095000000000000000e+03,4.095000000000000000e+03,4.095000000000000000e+03,4.095000000000000000e+03
0.000000000000000000e+00,0.000000000000000000e+00,4.095000000000000000e+03,4.095000000000000000e+03,4.095000000000000000e+03,4.095000000000000000e+03
0.000000000000000000e+00,0.000000000000000000e+00,4.095000000000000000e+03,4.095000000000000000e+03,4.095000000000000000e+03,4.095000000000000000e+03
0.000000000000000000e+00,0.000000000000000000e+00,4.095000000000000000e+03,4.095000000000000000e+03,4.095000000000000000e+03,4.095000000000000000e+03
0.000000000000000000e+00,0.000000000000000000e+00,4.095000000000000000e+03,4.095000000000000000e+03,4.095000000000000000e+03,4.095000000000000000e+03
0.000000000000000000e+00,0.000000000000000000e+00,4.095000000000000000e+03,4.095000000000000000e+03,4.095000000000000000e+03,4.095000000000000000e+03
0.000000000000000000e+00,0.000000000000000000e+00,4.095000000000000000e+03,4.095000000000000000e+03,4.095000000000000000e+03,4.095000000000000000e+03
0.000000000000000000e+00,0.000000000000000000e+00,4.095000000000000000e+03,4.095000000000000000e+03,4.095000000000000000e+03,4.095000000000000000e+03
0.000000000000000000e+00,0.000000000000000000e+00,4.095000000000000000e+03,4.095000000000000000e+03,4.095000000000000000e+03,4.095000000000000000e+03
0.000000000000000000e+00,0.000000000000000000e+00,4.095000000000000000e+03,4.095000000000000000e+03,4.095000000000000000e+03,4.095000000000000000e+03
0.000000000000000000e+00,0.000000000000000000e+00,4.095000000000000000e+03,4.095000000000000000e+03,4.095000000000000000e+03,4.095000000000000000e+03
0.000000000000000000e+00,0.000000000000000000e+00,4.095000000000000000e+03,4.095000000000000000e+03,4.095000000000000000e+03,4.095000000000000000e+03
0.000000000000000000e+00,0.000000000000000000e+00,4.095000000000000000e+03,4.095000000000000000e+03,4.095000000000000000e+03,4.095000000000000000e+03
0.000000000000000000e+00,0.000000000000000000e+00,4.095000000000000000e+03,4.095000000000000000e+03,4.095000000000000000e+03,4.095000000000000000e+03
0.000000000000000000e+00,0.000000000000000000e+00,4.095000000000000000e+03,4.095000000000000000e+03,4.095000000000000000e+03,4.095000000000000000e+03
0.000000000000000000e+00,0.000000000000000000e+00,4.095000000000000000e+03,4.095000000000000000e+03,4.095000000000000000e+03,4.095000000000000000e+03
0.000000000000000000e+00,0.000000000000000000e+00,4.095000000000000000e+03,4.095000000000000000e+03,4.095000000000000000e+03,4.095000000000000000e+03
0.000000000000000000e+00,0.000000000000000000e+00,4.095000000000000000e+03,4.095000000000000000e+03,4.095000000000000000e+03,4.095000000000000000e+03
0.000000000000000000e+00,0.000000000000000000e+00,4.095000000000000000e+03,4.095000000000000000e+03,4.095000000000000000e+03,4.095000000000000000e+03
0.000000000000000000e+00,0.000000000000000000e+00,4.095000000000000000e+03,4.095000000000000000e+03,4.095000000000000000e+03,4.095000000000000000e+03
0.000000000000000000e+00,4.095000000000000000e+03,4.095000000000000000e+03,4.095000000000000000e+03,4.095000000000000000e+03,4.095000000000000000e+03
0.000000000000000000e+00,4.095000000000000000e+03,4.095000000000000000e+03,4.095000000000000000e+03,4.095000000000000000e+03,4.095000000000000000e+03
0.000000000000000000e+00,4.095000000000000000e+03,4.095000000000000000e+03,4.095000000000000000e+03,1.420000000000000000e+02,4.095000000000000000e+03
0.000000000000000000e+00,4.095000000000000000e+03,4.095000000000000000e+03,4.095000000000000000e+03,0.000000000000000000e+00,4.095000000000000000e+03
0.000000000000000000e+00,0.000000000000000000e+00,4.095000000000000000e+03,4.095000000000000000e+03,0.000000000000000000e+00,4.095000000000000000e+03
0.000000000000000000e+00,0.000000000000000000e+00,4.095000000000000000e+03,4.095000000000000000e+03,0.000000000000000000e+00,4.095000000000000000e+03
0.000000000000000000e+00,0.000000000000000000e+00,4.095000000000000000e+03,4.095000000000000000e+03,0.000000000000000000e+00,4.095000000000000000e+03
0.000000000000000000e+00,0.000000000000000000e+00,4.095000000000000000e+03,4.095000000000000000e+03,0.000000000000000000e+00,4.095000000000000000e+03
0.000000000000000000e+00,0.000000000000000000e+00,4.095000000000000000e+03,4.095000000000000000e+03,0.000000000000000000e+00,4.095000000000000000e+03
0.000000000000000000e+00,0.000000000000000000e+00,4.095000000000000000e+03,4.095000000000000000e+03,0.000000000000000000e+00,4.095000000000000000e+03
0.000000000000000000e+00,0.000000000000000000e+00,4.095000000000000000e+03,4.095000000000000000e+03,0.000000000000000000e+00,4.095000000000000000e+03
0.000000000000000000e+00,0.000000000000000000e+00,4.095000000000000000e+03,4.095000000000000000e+03,0.000000000000000000e+00,4.095000000000000000e+03
0.000000000000000000e+00,0.000000000000000000e+00,0.000000000000000000e+00,4.095000000000000000e+03,0.000000000000000000e+00,4.095000000000000000e+03
0.000000000000000000e+00,0.000000000000000000e+00,0.000000000000000000e+00,4.095000000000000000e+03,0.000000000000000000e+00,4.095000000000000000e+03
0.000000000000000000e+00,0.000000000000000000e+00,0.000000000000000000e+00,4.095000000000000000e+03,0.000000000000000000e+00,4.095000000000000000e+03
0.000000000000000000e+00,0.000000000000000000e+00,0.000000000000000000e+00,4.095000000000000000e+03,0.000000000000000000e+00,4.095000000000000000e+03
0.000000000000000000e+00,0.000000000000000000e+00,0.000000000000000000e+00,4.095000000000000000e+03,0.000000000000000000e+00,5.400000000000000000e+02
0.000000000000000000e+00,0.000000000000000000e+00,0.000000000000000000e+00,4.095000000000000000e+03,0.000000000000000000e+00,1.630000000000000000e+02
0.000000000000000000e+00,6.300000000000000000e+01,0.000000000000000000e+00,4.095000000000000000e+03,0.000000000000000000e+00,0.000000000000000000e+00
0.000000000000000000e+00,4.095000000000000000e+03,0.000000000000000000e+00,4.095000000000000000e+03,0.000000000000000000e+00,0.000000000000000000e+00
0.000000000000000000e+00,4.095000000000000000e+03,0.000000000000000000e+00,4.095000000000000000e+03,0.000000000000000000e+00,0.000000000000000000e+00
0.000000000000000000e+00,4.095000000000000000e+03,0.000000000000000000e+00,4.095000000000000000e+03,0.000000000000000000e+00,0.000000000000000000e+00
0.000000000000000000e+00,4.095000000000000000e+03,0.000000000000000000e+00,4.095000000000000000e+03,0.000000000000000000e+00,0.000000000000000000e+00
0.000000000000000000e+00,4.095000000000000000e+03,0.000000000000000000e+00,4.095000000000000000e+03,0.000000000000000000e+00,0.000000000000000000e+00
0.000000000000000000e+00,4.095000000000000000e+03,0.000000000000000000e+00,4.095000000000000000e+03,0.000000000000000000e+00,0.000000000000000000e+00
0.000000000000000000e+00,4.095000000000000000e+03,0.000000000000000000e+00,4.095000000000000000e+03,0.000000000000000000e+00,0.000000000000000000e+00
0.000000000000000000e+00,4.095000000000000000e+03,0.000000000000000000e+00,4.095000000000000000e+03,0.000000000000000000e+00,0.000000000000000000e+00
0.000000000000000000e+00,6.500000000000000000e+01,0.000000000000000000e+00,4.095000000000000000e+03,0.000000000000000000e+00,0.000000000000000000e+00
0.000000000000000000e+00,0.000000000000000000e+00,0.000000000000000000e+00,4.095000000000000000e+03,0.000000000000000000e+00,0.000000000000000000e+00
0.000000000000000000e+00,0.000000000000000000e+00,0.000000000000000000e+00,4.095000000000000000e+03,0.000000000000000000e+00,0.000000000000000000e+00
0.000000000000000000e+00,0.000000000000000000e+00,0.000000000000000000e+00,4.095000000000000000e+03,0.000000000000000000e+00,0.000000000000000000e+00
0.000000000000000000e+00,0.000000000000000000e+00,0.000000000000000000e+00,4.095000000000000000e+03,0.000000000000000000e+00,0.000000000000000000e+00
0.000000000000000000e+00,0.000000000000000000e+00,0.000000000000000000e+00,4.095000000000000000e+03,0.000000000000000000e+00,0.000000000000000000e+00
0.000000000000000000e+00,0.000000000000000000e+00,0.000000000000000000e+00,4.095000000000000000e+03,0.000000000000000000e+00,0.000000000000000000e+00
0.000000000000000000e+00,0.000000000000000000e+00,0.000000000000000000e+00,4.095000000000000000e+03,1.600000000000000000e+01,0.000000000000000000e+00
0.000000000000000000e+00,0.000000000000000000e+00,0.000000000000000000e+00,4.095000000000000000e+03,0.000000000000000000e+00,0.000000000000000000e+00
0.000000000000000000e+00,0.000000000000000000e+00,0.000000000000000000e+00,4.095000000000000000e+03,0.000000000000000000e+00,0.000000000000000000e+00
0.000000000000000000e+00,0.000000000000000000e+00,0.000000000000000000e+00,4.095000000000000000e+03,0.000000000000000000e+00,0.000000000000000000e+00
0.000000000000000000e+00,0.000000000000000000e+00,0.000000000000000000e+00,4.095000000000000000e+03,0.000000000000000000e+00,0.000000000000000000e+00
0.000000000000000000e+00,0.000000000000000000e+00,0.000000000000000000e+00,4.095000000000000000e+03,0.000000000000000000e+00,0.000000000000000000e+00
0.000000000000000000e+00,0.000000000000000000e+00,0.000000000000000000e+00,4.095000000000000000e+03,0.000000000000000000e+00,0.000000000000000000e+00
0.000000000000000000e+00,0.000000000000000000e+00,0.000000000000000000e+00,4.095000000000000000e+03,0.000000000000000000e+00,0.000000000000000000e+00
0.000000000000000000e+00,0.000000000000000000e+00,0.000000000000000000e+00,4.095000000000000000e+03,0.000000000000000000e+00,0.000000000000000000e+00
0.000000000000000000e+00,0.000000000000000000e+00,0.000000000000000000e+00,4.095000000000000000e+03,0.000000000000000000e+00,0.000000000000000000e+00
0.000000000000000000e+00,0.000000000000000000e+00,0.000000000000000000e+00,4.095000000000000000e+03,0.000000000000000000e+00,0.000000000000000000e+00
0.000000000000000000e+00,0.000000000000000000e+00,0.000000000000000000e+00,4.095000000000000000e+03,0.000000000000000000e+00,0.000000000000000000e+00
0.000000000000000000e+00,0.000000000000000000e+00,0.000000000000000000e+00,4.095000000000000000e+03,0.000000000000000000e+00,0.000000000000000000e+00
0.000000000000000000e+00,0.000000000000000000e+00,0.000000000000000000e+00,4.095000000000000000e+03,3.110000000000000000e+02,0.000000000000000000e+00
0.000000000000000000e+00,0.000000000000000000e+00,0.000000000000000000e+00,4.095000000000000000e+03,4.095000000000000000e+03,0.000000000000000000e+00
0.000000000000000000e+00,0.000000000000000000e+00,0.000000000000000000e+00,4.095000000000000000e+03,4.095000000000000000e+03,0.000000000000000000e+00
0.000000000000000000e+00,0.000000000000000000e+00,0.000000000000000000e+00,4.095000000000000000e+03,4.095000000000000000e+03,0.000000000000000000e+00
0.000000000000000000e+00,0.000000000000000000e+00,0.000000000000000000e+00,4.095000000000000000e+03,4.095000000000000000e+03,0.000000000000000000e+00
0.000000000000000000e+00,0.000000000000000000e+00,0.000000000000000000e+00,4.019000000000000000e+03,4.095000000000000000e+03,0.000000000000000000e+00
0.000000000000000000e+00,0.000000000000000000e+00,0.000000000000000000e+00,4.095000000000000000e+03,4.095000000000000000e+03,0.000000000000000000e+00
0.000000000000000000e+00,0.000000000000000000e+00,0.000000000000000000e+00,4.095000000000000000e+03,4.095000000000000000e+03,0.000000000000000000e+00
0.000000000000000000e+00,0.000000000000000000e+00,0.000000000000000000e+00,4.095000000000000000e+03,4.095000000000000000e+03,0.000000000000000000e+00
0.000000000000000000e+00,0.000000000000000000e+00,0.000000000000000000e+00,4.095000000000000000e+03,4.095000000000000000e+03,0.000000000000000000e+00
0.000000000000000000e+00,0.000000000000000000e+00,0.000000000000000000e+00,4.095000000000000000e+03,4.095000000000000000e+03,0.000000000000000000e+00
0.000000000000000000e+00,0.000000000000000000e+00,0.000000000000000000e+00,4.095000000000000000e+03,4.095000000000000000e+03,0.000000000000000000e+00
0.000000000000000000e+00,0.000000000000000000e+00,0.000000000000000000e+00,4.095000000000000000e+03,4.095000000000000000e+03,0.000000000000000000e+00
0.000000000000000000e+00,0.000000000000000000e+00,0.000000000000000000e+00,4.095000000000000000e+03,4.095000000000000000e+03,0.000000000000000000e+00
0.000000000000000000e+00,0.000000000000000000e+00,0.000000000000000000e+00,4.095000000000000000e+03,4.095000000000000000e+03,0.000000000000000000e+00
0.000000000000000000e+00,0.000000000000000000e+00,0.000000000000000000e+00,4.095000000000000000e+03,4.095000000000000000e+03,0.000000000000000000e+00
0.000000000000000000e+00,0.000000000000000000e+00,0.000000000000000000e+00,4.095000000000000000e+03,4.095000000000000000e+03,0.000000000000000000e+00
0.000000000000000000e+00,0.000000000000000000e+00,0.000000000000000000e+00,4.095000000000000000e+03,4.095000000000000000e+03,0.000000000000000000e+00
0.000000000000000000e+00,0.000000000000000000e+00,1.600000000000000000e+01,4.095000000000000000e+03,4.095000000000000000e+03,0.000000000000000000e+00
0.000000000000000000e+00,0.000000000000000000e+00,1.000000000000000000e+00,4.095000000000000000e+03,4.095000000000000000e+03,0.000000000000000000e+00
0.000000000000000000e+00,0.000000000000000000e+00,5.600000000000000000e+01,4.095000000000000000e+03,4.095000000000000000e+03,0.000000000000000000e+00
0.000000000000000000e+00,0.000000000000000000e+00,0.000000000000000000e+00,4.095000000000000000e+03,4.095000000000000000e+03,0.000000000000000000e+00
0.000000000000000000e+00,0.000000000000000000e+00,0.000000000000000000e+00,4.095000000000000000e+03,4.095000000000000000e+03,0.000000000000000000e+00
0.000000000000000000e+00,1.440000000000000000e+02,0.000000000000000000e+00,4.095000000000000000e+03,2.570000000000000000e+02,0.000000000000000000e+00
0.000000000000000000e+00,1.930000000000000000e+02,0.000000000000000000e+00,4.095000000000000000e+03,8.600000000000000000e+01,0.000000000000000000e+00
0.000000000000000000e+00,0.000000000000000000e+00,0.000000000000000000e+00,4.095000000000000000e+03,2.700000000000000000e+01,0.000000000000000000e+00
0.000000000000000000e+00,0.000000000000000000e+00,0.000000000000000000e+00,4.095000000000000000e+03,0.000000000000000000e+00,0.000000000000000000e+00
0.000000000000000000e+00,0.000000000000000000e+00,0.000000000000000000e+00,4.095000000000000000e+03,0.000000000000000000e+00,0.000000000000000000e+00
0.000000000000000000e+00,0.000000000000000000e+00,0.000000000000000000e+00,4.095000000000000000e+03,0.000000000000000000e+00,0.000000000000000000e+00
0.000000000000000000e+00,0.000000000000000000e+00,0.000000000000000000e+00,4.095000000000000000e+03,0.000000000000000000e+00,0.000000000000000000e+00
0.000000000000000000e+00,0.000000000000000000e+00,0.000000000000000000e+00,4.095000000000000000e+03,4.220000000000000000e+02,0.000000000000000000e+00
0.000000000000000000e+00,0.000000000000000000e+00,0.000000000000000000e+00,4.095000000000000000e+03,2.970000000000000000e+02,0.000000000000000000e+00
0.000000000000000000e+00,0.000000000000000000e+00,0.000000000000000000e+00,4.095000000000000000e+03,3.760000000000000000e+02,0.000000000000000000e+00
0.000000000000000000e+00,0.000000000000000000e+00,0.000000000000000000e+00,4.095000000000000000e+03,4.300000000000000000e+02,0.000000000000000000e+00
0.000000000000000000e+00,0.000000000000000000e+00,0.000000000000000000e+00,4.095000000000000000e+03,5.420000000000000000e+02,0.000000000000000000e+00
0.000000000000000000e+00,0.000000000000000000e+00,0.000000000000000000e+00,4.095000000000000000e+03,4.000000000000000000e+02,0.000000000000000000e+00
0.000000000000000000e+00,0.000000000000000000e+00,0.000000000000000000e+00,4.095000000000000000e+03,4.960000000000000000e+02,0.000000000000000000e+00
0.000000000000000000e+00,0.000000000000000000e+00,0.000000000000000000e+00,4.095000000000000000e+03,5.580000000000000000e+02,0.000000000000000000e+00
0.000000000000000000e+00,0.000000000000000000e+00,0.000000000000000000e+00,4.095000000000000000e+03,4.110000000000000000e+02,0.000000000000000000e+00
0.000000000000000000e+00,0.000000000000000000e+00,0.000000000000000000e+00,4.095000000000000000e+03,4.170000000000000000e+02,0.000000000000000000e+00
0.000000000000000000e+00,0.000000000000000000e+00,0.000000000000000000e+00,4.095000000000000000e+03,4.260000000000000000e+02,0.000000000000000000e+00
0.000000000000000000e+00,0.000000000000000000e+00,0.000000000000000000e+00,4.095000000000000000e+03,4.150000000000000000e+02,0.000000000000000000e+00
0.000000000000000000e+00,0.000000000000000000e+00,0.000000000000000000e+00,4.095000000000000000e+03,4.680000000000000000e+02,0.000000000000000000e+00
0.000000000000000000e+00,0.000000000000000000e+00,0.000000000000000000e+00,4.095000000000000000e+03,5.110000000000000000e+02,0.000000000000000000e+00
0.000000000000000000e+00,0.000000000000000000e+00,0.000000000000000000e+00,4.095000000000000000e+03,5.080000000000000000e+02,0.000000000000000000e+00
0.000000000000000000e+00,0.000000000000000000e+00,0.000000000000000000e+00,4.095000000000000000e+03,4.100000000000000000e+02,0.000000000000000000e+00
0.000000000000000000e+00,0.000000000000000000e+00,0.000000000000000000e+00,4.095000000000000000e+03,4.180000000000000000e+02,0.000000000000000000e+00
0.000000000000000000e+00,0.000000000000000000e+00,0.000000000000000000e+00,4.095000000000000000e+03,4.090000000000000000e+02,0.000000000000000000e+00
0.000000000000000000e+00,0.000000000000000000e+00,0.000000000000000000e+00,4.095000000000000000e+03,3.690000000000000000e+02,0.000000000000000000e+00
0.000000000000000000e+00,0.000000000000000000e+00,0.000000000000000000e+00,4.095000000000000000e+03,4.190000000000000000e+02,0.000000000000000000e+00
0.000000000000000000e+00,0.000000000000000000e+00,0.000000000000000000e+00,4.095000000000000000e+03,4.340000000000000000e+02,0.000000000000000000e+00
0.000000000000000000e+00,0.000000000000000000e+00,0.000000000000000000e+00,4.095000000000000000e+03,4.010000000000000000e+02,0.000000000000000000e+00
0.000000000000000000e+00,0.000000000000000000e+00,0.000000000000000000e+00,4.095000000000000000e+03,3.710000000000000000e+02,0.000000000000000000e+00
0.000000000000000000e+00,0.000000000000000000e+00,0.000000000000000000e+00,4.095000000000000000e+03,4.150000000000000000e+02,0.000000000000000000e+00
0.000000000000000000e+00,0.000000000000000000e+00,0.000000000000000000e+00,4.095000000000000000e+03,4.050000000000000000e+02,0.000000000000000000e+00
0.000000000000000000e+00,0.000000000000000000e+00,0.000000000000000000e+00,4.095000000000000000e+03,4.490000000000000000e+02,0.000000000000000000e+00
0.000000000000000000e+00,0.000000000000000000e+00,0.000000000000000000e+00,4.095000000000000000e+03,5.760000000000000000e+02,0.000000000000000000e+00
0.000000000000000000e+00,0.000000000000000000e+00,0.000000000000000000e+00,4.095000000000000000e+03,6.170000000000000000e+02,0.000000000000000000e+00
0.000000000000000000e+00,0.000000000000000000e+00,0.000000000000000000e+00,4.095000000000000000e+03,6.470000000000000000e+02,0.000000000000000000e+00
0.000000000000000000e+00,0.000000000000000000e+00,0.000000000000000000e+00,4.095000000000000000e+03,6.490000000000000000e+02,0.000000000000000000e+00
0.000000000000000000e+00,0.000000000000000000e+00,0.000000000000000000e+00,4.095000000000000000e+03,7.520000000000000000e+02,0.000000000000000000e+00
0.000000000000000000e+00,0.000000000000000000e+00,0.000000000000000000e+00,4.095000000000000000e+03,5.910000000000000000e+02,0.000000000000000000e+00
0.000000000000000000e+00,0.000000000000000000e+00,0.000000000000000000e+00,4.095000000000000000e+03,6.770000000000000000e+02,0.000000000000000000e+00
0.000000000000000000e+00,0.000000000000000000e+00,0.000000000000000000e+00,4.095000000000000000e+03,6.370000000000000000e+02,0.000000000000000000e+00
0.000000000000000000e+00,0.000000000000000000e+00,0.000000000000000000e+00,4.095000000000000000e+03,6.270000000000000000e+02,0.000000000000000000e+00
0.000000000000000000e+00,0.000000000000000000e+00,0.000000000000000000e+00,4.095000000000000000e+03,6.360000000000000000e+02,0.000000000000000000e+00
0.000000000000000000e+00,0.000000000000000000e+00,0.000000000000000000e+00,4.095000000000000000e+03,5.100000000000000000e+02,0.000000000000000000e+00
0.000000000000000000e+00,0.000000000000000000e+00,0.000000000000000000e+00,4.095000000000000000e+03,6.210000000000000000e+02,0.000000000000000000e+00
0.000000000000000000e+00,0.000000000000000000e+00,0.000000000000000000e+00,4.095000000000000000e+03,5.110000000000000000e+02,0.000000000000000000e+00
0.000000000000000000e+00,0.000000000000000000e+00,0.000000000000000000e+00,4.095000000000000000e+03,4.470000000000000000e+02,0.000000000000000000e+00
0.000000000000000000e+00,0.000000000000000000e+00,0.000000000000000000e+00,4.095000000000000000e+03,3.810000000000000000e+02,0.000000000000000000e+00
0.000000000000000000e+00,0.000000000000000000e+00,0.000000000000000000e+00,4.095000000000000000e+03,3.220000000000000000e+02,0.000000000000000000e+00
0.000000000000000000e+00,0.000000000000000000e+00,0.000000000000000000e+00,4.095000000000000000e+03,4.640000000000000000e+02,0.000000000000000000e+00
0.000000000000000000e+00,0.000000000000000000e+00,0.000000000000000000e+00,4.095000000000000000e+03,4.310000000000000000e+02,0.000000000000000000e+00
0.000000000000000000e+00,0.000000000000000000e+00,0.000000000000000000e+00,4.095000000000000000e+03,4.140000000000000000e+02,0.000000000000000000e+00
0.000000000000000000e+00,0.000000000000000000e+00,0.000000000000000000e+00,4.095000000000000000e+03,3.100000000000000000e+02,0.000000000000000000e+00
0.000000000000000000e+00,0.000000000000000000e+00,0.000000000000000000e+00,4.095000000000000000e+03,5.600000000000000000e+02,0.000000000000000000e+00
0.000000000000000000e+00,0.000000000000000000e+00,0.000000000000000000e+00,4.095000000000000000e+03,7.950000000000000000e+02,0.000000000000000000e+00
0.000000000000000000e+00,0.000000000000000000e+00,0.000000000000000000e+00,4.095000000000000000e+03,5.110000000000000000e+02,0.000000000000000000e+00
0.000000000000000000e+00,0.000000000000000000e+00,0.000000000000000000e+00,4.095000000000000000e+03,5.010000000000000000e+02,0.000000000000000000e+00
0.000000000000000000e+00,0.000000000000000000e+00,0.000000000000000000e+00,4.095000000000000000e+03,1.160000000000000000e+02,0.000000000000000000e+00
0.000000000000000000e+00,0.000000000000000000e+00,0.000000000000000000e+00,4.095000000000000000e+03,9.500000000000000000e+01,0.000000000000000000e+00
0.000000000000000000e+00,0.000000000000000000e+00,0.000000000000000000e+00,4.095000000000000000e+03,3.900000000000000000e+01,0.000000000000000000e+00
0.000000000000000000e+00,0.000000000000000000e+00,0.000000000000000000e+00,4.095000000000000000e+03,0.000000000000000000e+00,0.000000000000000000e+00
0.000000000000000000e+00,0.000000000000000000e+00,0.000000000000000000e+00,4.095000000000000000e+03,0.000000000000000000e+00,0.000000000000000000e+00
0.000000000000000000e+00,0.000000000000000000e+00,0.000000000000000000e+00,4.095000000000000000e+03,0.000000000000000000e+00,6.000000000000000000e+00
0.000000000000000000e+00,0.000000000000000000e+00,0.000000000000000000e+00,4.095000000000000000e+03,0.000000000000000000e+00,0.000000000000000000e+00
0.000000000000000000e+00,0.000000000000000000e+00,0.000000000000000000e+00,4.095000000000000000e+03,0.000000000000000000e+00,0.000000000000000000e+00
0.000000000000000000e+00,0.000000000000000000e+00,0.000000000000000000e+00,4.095000000000000000e+03,0.000000000000000000e+00,0.000000000000000000e+00
0.000000000000000000e+00,0.000000000000000000e+00,0.000000000000000000e+00,4.095000000000000000e+03,0.000000000000000000e+00,0.000000000000000000e+00
0.000000000000000000e+00,0.000000000000000000e+00,0.000000000000000000e+00,4.095000000000000000e+03,1.750000000000000000e+02,0.000000000000000000e+00
0.000000000000000000e+00,0.000000000000000000e+00,0.000000000000000000e+00,4.095000000000000000e+03,3.940000000000000000e+02,0.000000000000000000e+00
0.000000000000000000e+00,0.000000000000000000e+00,0.000000000000000000e+00,4.095000000000000000e+03,9.810000000000000000e+02,0.000000000000000000e+00
0.000000000000000000e+00,0.000000000000000000e+00,0.000000000000000000e+00,4.095000000000000000e+03,4.095000000000000000e+03,0.000000000000000000e+00
0.000000000000000000e+00,0.000000000000000000e+00,0.000000000000000000e+00,4.095000000000000000e+03,4.095000000000000000e+03,0.000000000000000000e+00
0.000000000000000000e+00,0.000000000000000000e+00,0.000000000000000000e+00,4.095000000000000000e+03,4.095000000000000000e+03,0.000000000000000000e+00
0.000000000000000000e+00,0.000000000000000000e+00,3.400000000000000000e+01,4.095000000000000000e+03,4.095000000000000000e+03,0.000000000000000000e+00
0.000000000000000000e+00,0.000000000000000000e+00,3.790000000000000000e+02,4.095000000000000000e+03,4.095000000000000000e+03,0.000000000000000000e+00
0.000000000000000000e+00,0.000000000000000000e+00,4.095000000000000000e+03,4.095000000000000000e+03,4.095000000000000000e+03,0.000000000000000000e+00
0.000000000000000000e+00,0.000000000000000000e+00,4.095000000000000000e+03,4.095000000000000000e+03,4.095000000000000000e+03,0.000000000000000000e+00
0.000000000000000000e+00,0.000000000000000000e+00,4.095000000000000000e+03,4.095000000000000000e+03,4.095000000000000000e+03,0.000000000000000000e+00
0.000000000000000000e+00,0.000000000000000000e+00,4.095000000000000000e+03,4.095000000000000000e+03,4.095000000000000000e+03,0.000000000000000000e+00
0.000000000000000000e+00,0.000000000000000000e+00,4.095000000000000000e+03,4.095000000000000000e+03,4.095000000000000000e+03,0.000000000000000000e+00
0.000000000000000000e+00,0.000000000000000000e+00,4.095000000000000000e+03,4.095000000000000000e+03,4.095000000000000000e+03,0.000000000000000000e+00
0.000000000000000000e+00,0.000000000000000000e+00,4.095000000000000000e+03,4.095000000000000000e+03,4.095000000000000000e+03,0.000000000000000000e+00
0.000000000000000000e+00,0.000000000000000000e+00,4.095000000000000000e+03,4.095000000000000000e+03,4.095000000000000000e+03,0.000000000000000000e+00
0.000000000000000000e+00,0.000000000000000000e+00,4.095000000000000000e+03,4.095000000000000000e+03,4.095000000000000000e+03,0.000000000000000000e+00
0.000000000000000000e+00,0.000000000000000000e+00,4.095000000000000000e+03,4.095000000000000000e+03,4.095000000000000000e+03,0.000000000000000000e+00
0.000000000000000000e+00,0.000000000000000000e+00,4.095000000000000000e+03,4.095000000000000000e+03,4.095000000000000000e+03,0.000000000000000000e+00
0.000000000000000000e+00,0.000000000000000000e+00,4.095000000000000000e+03,4.051000000000000000e+03,4.095000000000000000e+03,0.000000000000000000e+00
0.000000000000000000e+00,0.000000000000000000e+00,4.095000000000000000e+03,4.095000000000000000e+03,4.095000000000000000e+03,0.000000000000000000e+00
0.000000000000000000e+00,0.000000000000000000e+00,4.095000000000000000e+03,4.095000000000000000e+03,4.095000000000000000e+03,1.290000000000000000e+02
0.000000000000000000e+00,0.000000000000000000e+00,4.095000000000000000e+03,4.095000000000000000e+03,4.095000000000000000e+03,0.000000000000000000e+00
0.000000000000000000e+00,0.000000000000000000e+00,4.095000000000000000e+03,4.095000000000000000e+03,4.095000000000000000e+03,9.760000000000000000e+02
0.000000000000000000e+00,0.000000000000000000e+00,4.095000000000000000e+03,4.095000000000000000e+03,4.095000000000000000e+03,4.095000000000000000e+03
0.000000000000000000e+00,0.000000000000000000e+00,4.095000000000000000e+03,4.095000000000000000e+03,4.095000000000000000e+03,4.095000000000000000e+03
0.000000000000000000e+00,0.000000000000000000e+00,4.095000000000000000e+03,4.095000000000000000e+03,4.095000000000000000e+03,4.095000000000000000e+03
0.000000000000000000e+00,0.000000000000000000e+00,4.095000000000000000e+03,4.095000000000000000e+03,4.095000000000000000e+03,4.095000000000000000e+03
0.000000000000000000e+00,0.000000000000000000e+00,4.095000000000000000e+03,4.095000000000000000e+03,4.095000000000000000e+03,4.095000000000000000e+03
0.000000000000000000e+00,0.000000000000000000e+00,4.095000000000000000e+03,4.095000000000000000e+03,4.095000000000000000e+03,4.095000000000000000e+03
0.000000000000000000e+00,0.000000000000000000e+00,4.095000000000000000e+03,4.095000000000000000e+03,4.095000000000000000e+03,4.095000000000000000e+03
0.000000000000000000e+00,0.000000000000000000e+00,4.095000000000000000e+03,4.095000000000000000e+03,4.095000000000000000e+03,4.095000000000000000e+03
0.000000000000000000e+00,0.000000000000000000e+00,4.095000000000000000e+03,4.095000000000000000e+03,4.095000000000000000e+03,4.095000000000000000e+03
0.000000000000000000e+00,0.000000000000000000e+00,4.095000000000000000e+03,4.095000000000000000e+03,4.095000000000000000e+03,4.095000000000000000e+03
0.000000000000000000e+00,0.000000000000000000e+00,4.095000000000000000e+03,4.095000000000000000e+03,4.095000000000000000e+03,4.095000000000000000e+03
0.000000000000000000e+00,0.000000000000000000e+00,4.095000000000000000e+03,4.095000000000000000e+03,4.095000000000000000e+03,4.095000000000000000e+03
0.000000000000000000e+00,0.000000000000000000e+00,4.095000000000000000e+03,4.095000000000000000e+03,4.095000000000000000e+03,4.095000000000000000e+03
0.000000000000000000e+00,0.000000000000000000e+00,4.095000000000000000e+03,4.095000000000000000e+03,4.095000000000000000e+03,4.095000000000000000e+03
0.000000000000000000e+00,0.000000000000000000e+00,4.095000000000000000e+03,4.095000000000000000e+03,4.095000000000000000e+03,4.095000000000000000e+03
0.000000000000000000e+00,0.000000000000000000e+00,4.095000000000000000e+03,4.095000000000000000e+03,4.095000000000000000e+03,4.095000000000000000e+03
0.000000000000000000e+00,0.000000000000000000e+00,4.095000000000000000e+03,4.095000000000000000e+03,4.095000000000000000e+03,4.095000000000000000e+03
0.000000000000000000e+00,0.000000000000000000e+00,4.095000000000000000e+03,4.095000000000000000e+03,4.095000000000000000e+03,4.095000000000000000e+03
0.000000000000000000e+00,0.000000000000000000e+00,4.095000000000000000e+03,4.095000000000000000e+03,4.095000000000000000e+03,4.095000000000000000e+03
0.000000000000000000e+00,0.000000000000000000e+00,4.095000000000000000e+03,4.095000000000000000e+03,4.095000000000000000e+03,4.095000000000000000e+03
0.000000000000000000e+00,0.000000000000000000e+00,4.095000000000000000e+03,4.095000000000000000e+03,4.095000000000000000e+03,4.095000000000000000e+03
0.000000000000000000e+00,0.000000000000000000e+00,4.095000000000000000e+03,4.095000000000000000e+03,4.095000000000000000e+03,4.095000000000000000e+03
0.000000000000000000e+00,0.000000000000000000e+00,4.095000000000000000e+03,4.095000000000000000e+03,4.095000000000000000e+03,4.095000000000000000e+03
0.000000000000000000e+00,0.000000000000000000e+00,4.095000000000000000e+03,4.095000000000000000e+03,4.095000000000000000e+03,4.095000000000000000e+03
0.000000000000000000e+00,0.000000000000000000e+00,4.095000000000000000e+03,4.095000000000000000e+03,4.095000000000000000e+03,4.095000000000000000e+03
0.000000000000000000e+00,0.000000000000000000e+00,4.095000000000000000e+03,4.095000000000000000e+03,4.095000000000000000e+03,4.095000000000000000e+03
0.000000000000000000e+00,0.000000000000000000e+00,4.095000000000000000e+03,4.095000000000000000e+03,4.095000000000000000e+03,4.095000000000000000e+03
0.000000000000000000e+00,0.000000000000000000e+00,4.095000000000000000e+03,4.095000000000000000e+03,4.095000000000000000e+03,4.095000000000000000e+03
0.000000000000000000e+00,0.000000000000000000e+00,4.095000000000000000e+03,4.095000000000000000e+03,4.095000000000000000e+03,4.095000000000000000e+03
0.000000000000000000e+00,0.000000000000000000e+00,4.095000000000000000e+03,4.095000000000000000e+03,4.095000000000000000e+03,4.095000000000000000e+03
0.000000000000000000e+00,0.000000000000000000e+00,4.095000000000000000e+03,4.095000000000000000e+03,4.095000000000000000e+03,4.095000000000000000e+03
0.000000000000000000e+00,0.000000000000000000e+00,4.095000000000000000e+03,4.095000000000000000e+03,4.095000000000000000e+03,4.095000000000000000e+03
0.000000000000000000e+00,0.000000000000000000e+00,4.095000000000000000e+03,1.066000000000000000e+03,4.095000000000000000e+03,4.095000000000000000e+03
0.000000000000000000e+00,0.000000000000000000e+00,4.095000000000000000e+03,4.800000000000000000e+01,4.095000000000000000e+03,4.095000000000000000e+03
0.000000000000000000e+00,0.000000000000000000e+00,4.095000000000000000e+03,9.600000000000000000e+01,4.095000000000000000e+03,4.095000000000000000e+03
0.000000000000000000e+00,0.000000000000000000e+00,4.095000000000000000e+03,0.000000000000000000e+00,4.095000000000000000e+03,4.095000000000000000e+03
0.000000000000000000e+00,0.000000000000000000e+00,4.095000000000000000e+03,0.000000000000000000e+00,4.095000000000000000e+03,4.095000000000000000e+03
0.000000000000000000e+00,0.000000000000000000e+00,4.095000000000000000e+03,8.000000000000000000e+01,4.095000000000000000e+03,4.095000000000000000e+03
0.000000000000000000e+00,0.000000000000000000e+00,4.095000000000000000e+03,7.870000000000000000e+02,4.095000000000000000e+03,4.095000000000000000e+03
0.000000000000000000e+00,0.000000000000000000e+00,4.095000000000000000e+03,4.095000000000000000e+03,4.095000000000000000e+03,4.095000000000000000e+03
0.000000000000000000e+00,0.000000000000000000e+00,4.095000000000000000e+03,4.095000000000000000e+03,4.095000000000000000e+03,4.095000000000000000e+03
0.000000000000000000e+00,0.000000000000000000e+00,4.095000000000000000e+03,1.799000000000000000e+03,4.095000000000000000e+03,4.095000000000000000e+03
0.000000000000000000e+00,0.000000000000000000e+00,4.095000000000000000e+03,4.095000000000000000e+03,4.095000000000000000e+03,4.095000000000000000e+03
0.000000000000000000e+00,0.000000000000000000e+00,4.095000000000000000e+03,4.095000000000000000e+03,4.095000000000000000e+03,4.095000000000000000e+03
0.000000000000000000e+00,0.000000000000000000e+00,4.095000000000000000e+03,4.095000000000000000e+03,4.095000000000000000e+03,4.095000000000000000e+03
0.000000000000000000e+00,0.000000000000000000e+00,4.095000000000000000e+03,4.095000000000000000e+03,4.095000000000000000e+03,4.095000000000000000e+03
0.000000000000000000e+00,0.000000000000000000e+00,4.095000000000000000e+03,4.095000000000000000e+03,4.095000000000000000e+03,4.095000000000000000e+03
0.000000000000000000e+00,0.000000000000000000e+00,4.095000000000000000e+03,4.095000000000000000e+03,4.095000000000000000e+03,4.095000000000000000e+03
0.000000000000000000e+00,0.000000000000000000e+00,4.095000000000000000e+03,4.095000000000000000e+03,4.095000000000000000e+03,4.095000000000000000e+03
0.000000000000000000e+00,0.000000000000000000e+00,4.095000000000000000e+03,4.095000000000000000e+03,4.095000000000000000e+03,4.095000000000000000e+03
0.000000000000000000e+00,0.000000000000000000e+00,4.095000000000000000e+03,4.095000000000000000e+03,4.095000000000000000e+03,4.095000000000000000e+03
0.000000000000000000e+00,0.000000000000000000e+00,4.095000000000000000e+03,4.095000000000000000e+03,4.095000000000000000e+03,4.095000000000000000e+03
0.000000000000000000e+00,0.000000000000000000e+00,4.095000000000000000e+03,4.095000000000000000e+03,4.095000000000000000e+03,4.095000000000000000e+03
0.000000000000000000e+00,0.000000000000000000e+00,4.095000000000000000e+03,1.949000000000000000e+03,4.095000000000000000e+03,4.095000000000000000e+03
0.000000000000000000e+00,0.000000000000000000e+00,4.095000000000000000e+03,1.974000000000000000e+03,4.095000000000000000e+03,4.095000000000000000e+03
0.000000000000000000e+00,1.770000000000000000e+02,4.095000000000000000e+03,1.905000000000000000e+03,4.095000000000000000e+03,4.095000000000000000e+03
0.000000000000000000e+00,7.600000000000000000e+01,4.095000000000000000e+03,4.095000000000000000e+03,4.095000000000000000e+03,4.095000000000000000e+03
0.000000000000000000e+00,2.880000000000000000e+02,4.095000000000000000e+03,4.095000000000000000e+03,4.095000000000000000e+03,4.095000000000000000e+03
0.000000000000000000e+00,6.230000000000000000e+02,4.095000000000000000e+03,4.095000000000000000e+03,4.095000000000000000e+03,4.095000000000000000e+03
0.000000000000000000e+00,4.095000000000000000e+03,4.095000000000000000e+03,4.095000000000000000e+03,4.095000000000000000e+03,4.095000000000000000e+03
0.000000000000000000e+00,4.095000000000000000e+03,4.095000000000000000e+03,4.095000000000000000e+03,4.095000000000000000e+03,4.095000000000000000e+03
0.000000000000000000e+00,4.095000000000000000e+03,4.095000000000000000e+03,4.095000000000000000e+03,4.095000000000000000e+03,4.095000000000000000e+03
0.000000000000000000e+00,4.095000000000000000e+03,4.095000000000000000e+03,4.095000000000000000e+03,4.095000000000000000e+03,4.095000000000000000e+03
0.000000000000000000e+00,4.095000000000000000e+03,4.095000000000000000e+03,4.095000000000000000e+03,4.095000000000000000e+03,4.095000000000000000e+03
0.000000000000000000e+00,4.095000000000000000e+03,4.095000000000000000e+03,4.095000000000000000e+03,4.095000000000000000e+03,4.095000000000000000e+03
0.000000000000000000e+00,4.095000000000000000e+03,4.095000000000000000e+03,4.095000000000000000e+03,4.095000000000000000e+03,4.095000000000000000e+03
0.000000000000000000e+00,4.095000000000000000e+03,4.095000000000000000e+03,4.095000000000000000e+03,4.095000000000000000e+03,4.095000000000000000e+03
0.000000000000000000e+00,4.095000000000000000e+03,4.095000000000000000e+03,4.095000000000000000e+03,4.095000000000000000e+03,4.095000000000000000e+03
0.000000000000000000e+00,4.095000000000000000e+03,4.095000000000000000e+03,4.095000000000000000e+03,4.095000000000000000e+03,4.095000000000000000e+03
0.000000000000000000e+00,4.095000000000000000e+03,4.095000000000000000e+03,4.095000000000000000e+03,4.095000000000000000e+03,4.095000000000000000e+03
0.000000000000000000e+00,4.095000000000000000e+03,4.095000000000000000e+03,1.205000000000000000e+03,4.095000000000000000e+03,4.095000000000000000e+03
0.000000000000000000e+00,4.095000000000000000e+03,4.095000000000000000e+03,1.290000000000000000e+03,4.095000000000000000e+03,4.095000000000000000e+03
0.000000000000000000e+00,4.095000000000000000e+03,4.095000000000000000e+03,1.138000000000000000e+03,4.095000000000000000e+03,4.095000000000000000e+03
0.000000000000000000e+00,4.095000000000000000e+03,4.095000000000000000e+03,1.087000000000000000e+03,4.095000000000000000e+03,4.095000000000000000e+03
0.000000000000000000e+00,4.095000000000000000e+03,4.095000000000000000e+03,1.713000000000000000e+03,4.095000000000000000e+03,4.095000000000000000e+03
0.000000000000000000e+00,4.095000000000000000e+03,4.095000000000000000e+03,1.701000000000000000e+03,4.095000000000000000e+03,4.095000000000000000e+03
0.000000000000000000e+00,4.095000000000000000e+03,4.095000000000000000e+03,1.744000000000000000e+03,4.095000000000000000e+03,4.095000000000000000e+03
0.000000000000000000e+00,4.095000000000000000e+03,4.095000000000000000e+03,1.743000000000000000e+03,4.095000000000000000e+03,2.670000000000000000e+02
0.000000000000000000e+00,4.095000000000000000e+03,4.095000000000000000e+03,1.744000000000000000e+03,4.095000000000000000e+03,9.000000000000000000e+00
0.000000000000000000e+00,4.095000000000000000e+03,4.095000000000000000e+03,4.095000000000000000e+03,4.095000000000000000e+03,0.000000000000000000e+00
0.000000000000000000e+00,4.095000000000000000e+03,4.095000000000000000e+03,4.095000000000000000e+03,4.095000000000000000e+03,0.000000000000000000e+00
0.000000000000000000e+00,4.095000000000000000e+03,4.095000000000000000e+03,4.095000000000000000e+03,4.095000000000000000e+03,0.000000000000000000e+00
0.000000000000000000e+00,4.095000000000000000e+03,4.095000000000000000e+03,4.095000000000000000e+03,4.095000000000000000e+03,0.000000000000000000e+00
0.000000000000000000e+00,4.095000000000000000e+03,4.095000000000000000e+03,4.095000000000000000e+03,4.095000000000000000e+03,0.000000000000000000e+00
0.000000000000000000e+00,4.095000000000000000e+03,4.095000000000000000e+03,4.095000000000000000e+03,4.095000000000000000e+03,0.000000000000000000e+00
0.000000000000000000e+00,4.095000000000000000e+03,4.095000000000000000e+03,4.095000000000000000e+03,4.095000000000000000e+03,0.000000000000000000e+00
0.000000000000000000e+00,4.095000000000000000e+03,4.095000000000000000e+03,4.095000000000000000e+03,4.095000000000000000e+03,6.670000000000000000e+02
0.000000000000000000e+00,4.095000000000000000e+03,4.095000000000000000e+03,4.095000000000000000e+03,4.095000000000000000e+03,1.050000000000000000e+02
0.000000000000000000e+00,4.095000000000000000e+03,4.095000000000000000e+03,4.095000000000000000e+03,4.095000000000000000e+03,5.700000000000000000e+01
0.000000000000000000e+00,4.095000000000000000e+03,4.095000000000000000e+03,4.095000000000000000e+03,4.095000000000000000e+03,5.700000000000000000e+01
0.000000000000000000e+00,4.095000000000000000e+03,4.095000000000000000e+03,4.095000000000000000e+03,4.095000000000000000e+03,2.000000000000000000e+00
0.000000000000000000e+00,4.095000000000000000e+03,4.095000000000000000e+03,4.095000000000000000e+03,4.095000000000000000e+03,6.400000000000000000e+01
0.000000000000000000e+00,4.095000000000000000e+03,4.095000000000000000e+03,4.095000000000000000e+03,4.095000000000000000e+03,5.800000000000000000e+01
0.000000000000000000e+00,4.095000000000000000e+03,4.095000000000000000e+03,4.095000000000000000e+03,4.095000000000000000e+03,6.400000000000000000e+01
0.000000000000000000e+00,4.095000000000000000e+03,4.095000000000000000e+03,4.095000000000000000e+03,4.095000000000000000e+03,6.100000000000000000e+01
0.000000000000000000e+00,4.095000000000000000e+03,4.095000000000000000e+03,4.095000000000000000e+03,4.095000000000000000e+03,6.300000000000000000e+01
0.000000000000000000e+00,4.095000000000000000e+03,4.095000000000000000e+03,4.095000000000000000e+03,4.095000000000000000e+03,6.500000000000000000e+01
0.000000000000000000e+00,4.095000000000000000e+03,4.095000000000000000e+03,4.095000000000000000e+03,4.095000000000000000e+03,3.700000000000000000e+01
0.000000000000000000e+00,4.095000000000000000e+03,4.095000000000000000e+03,4.095000000000000000e+03,4.095000000000000000e+03,5.600000000000000000e+01
0.000000000000000000e+00,4.095000000000000000e+03,4.095000000000000000e+03,4.095000000000000000e+03,4.095000000000000000e+03,5.200000000000000000e+01
0.000000000000000000e+00,4.095000000000000000e+03,4.095000000000000000e+03,4.095000000000000000e+03,4.095000000000000000e+03,4.800000000000000000e+01
0.000000000000000000e+00,4.095000000000000000e+03,4.095000000000000000e+03,4.095000000000000000e+03,4.095000000000000000e+03,5.400000000000000000e+01
0.000000000000000000e+00,4.095000000000000000e+03,4.095000000000000000e+03,4.095000000000000000e+03,4.095000000000000000e+03,0.000000000000000000e+00
0.000000000000000000e+00,4.095000000000000000e+03,4.095000000000000000e+03,4.095000000000000000e+03,4.095000000000000000e+03,4.500000000000000000e+01
0.000000000000000000e+00,4.095000000000000000e+03,4.095000000000000000e+03,4.095000000000000000e+03,4.095000000000000000e+03,4.900000000000000000e+01
0.000000000000000000e+00,4.095000000000000000e+03,4.095000000000000000e+03,4.095000000000000000e+03,4.095000000000000000e+03,5.000000000000000000e+01
0.000000000000000000e+00,4.095000000000000000e+03,4.095000000000000000e+03,4.095000000000000000e+03,4.095000000000000000e+03,4.800000000000000000e+01
0.000000000000000000e+00,4.095000000000000000e+03,4.095000000000000000e+03,4.095000000000000000e+03,4.095000000000000000e+03,5.600000000000000000e+01
0.000000000000000000e+00,4.095000000000000000e+03,4.095000000000000000e+03,4.095000000000000000e+03,4.095000000000000000e+03,4.700000000000000000e+01
0.000000000000000000e+00,4.095000000000000000e+03,4.095000000000000000e+03,4.095000000000000000e+03,4.095000000000000000e+03,1.500000000000000000e+01
0.000000000000000000e+00,4.095000000000000000e+03,4.095000000000000000e+03,4.095000000000000000e+03,4.095000000000000000e+03,7.100000000000000000e+01
0.000000000000000000e+00,4.095000000000000000e+03,4.095000000000000000e+03,4.095000000000000000e+03,4.095000000000000000e+03,4.800000000000000000e+01
0.000000000000000000e+00,4.095000000000000000e+03,4.095000000000000000e+03,4.095000000000000000e+03,4.095000000000000000e+03,4.900000000000000000e+01
0.000000000000000000e+00,4.095000000000000000e+03,4.095000000000000000e+03,4.095000000000000000e+03,4.095000000000000000e+03,5.800000000000000000e+01
0.000000000000000000e+00,4.095000000000000000e+03,4.095000000000000000e+03,4.095000000000000000e+03,4.095000000000000000e+03,4.800000000000000000e+01
0.000000000000000000e+00,4.095000000000000000e+03,4.095000000000000000e+03,4.095000000000000000e+03,4.095000000000000000e+03,4.200000000000000000e+01
0.000000000000000000e+00,4.095000000000000000e+03,4.095000000000000000e+03,4.095000000000000000e+03,4.095000000000000000e+03,3.900000000000000000e+01
0.000000000000000000e+00,4.095000000000000000e+03,4.095000000000000000e+03,4.095000000000000000e+03,4.095000000000000000e+03,3.800000000000000000e+01
0.000000000000000000e+00,4.095000000000000000e+03,4.095000000000000000e+03,4.095000000000000000e+03,4.095000000000000000e+03,5.000000000000000000e+01
0.000000000000000000e+00,4.095000000000000000e+03,4.095000000000000000e+03,4.095000000000000000e+03,4.095000000000000000e+03,5.800000000000000000e+01
0.000000000000000000e+00,4.095000000000000000e+03,4.095000000000000000e+03,4.095000000000000000e+03,4.095000000000000000e+03,7.400000000000000000e+01
0.000000000000000000e+00,4.095000000000000000e+03,4.095000000000000000e+03,4.095000000000000000e+03,4.095000000000000000e+03,1.100000000000000000e+02
0.000000000000000000e+00,4.095000000000000000e+03,4.095000000000000000e+03,4.095000000000000000e+03,4.095000000000000000e+03,1.120000000000000000e+02
0.000000000000000000e+00,4.095000000000000000e+03,4.095000000000000000e+03,4.095000000000000000e+03,4.095000000000000000e+03,1.340000000000000000e+02
0.000000000000000000e+00,4.095000000000000000e+03,4.095000000000000000e+03,4.095000000000000000e+03,4.095000000000000000e+03,1.120000000000000000e+02
0.000000000000000000e+00,4.095000000000000000e+03,4.095000000000000000e+03,4.095000000000000000e+03,4.095000000000000000e+03,1.020000000000000000e+02
0.000000000000000000e+00,4.095000000000000000e+03,4.095000000000000000e+03,4.095000000000000000e+03,4.095000000000000000e+03,9.500000000000000000e+01
0.000000000000000000e+00,4.095000000000000000e+03,4.095000000000000000e+03,4.095000000000000000e+03,4.095000000000000000e+03,0.000000000000000000e+00
0.000000000000000000e+00,4.095000000000000000e+03,4.095000000000000000e+03,4.095000000000000000e+03,4.095000000000000000e+03,9.800000000000000000e+01
0.000000000000000000e+00,4.095000000000000000e+03,4.095000000000000000e+03,4.095000000000000000e+03,4.095000000000000000e+03,9.700000000000000000e+01
0.000000000000000000e+00,4.095000000000000000e+03,4.095000000000000000e+03,4.095000000000000000e+03,4.095000000000000000e+03,1.280000000000000000e+02
0.000000000000000000e+00,4.095000000000000000e+03,4.095000000000000000e+03,4.095000000000000000e+03,4.095000000000000000e+03,1.070000000000000000e+02
0.000000000000000000e+00,4.095000000000000000e+03,4.095000000000000000e+03,4.095000000000000000e+03,4.095000000000000000e+03,1.010000000000000000e+02
0.000000000000000000e+00,4.095000000000000000e+03,4.095000000000000000e+03,4.095000000000000000e+03,4.095000000000000000e+03,1.120000000000000000e+02
0.000000000000000000e+00,4.095000000000000000e+03,4.095000000000000000e+03,4.095000000000000000e+03,4.095000000000000000e+03,9.400000000000000000e+01
0.000000000000000000e+00,4.095000000000000000e+03,4.095000000000000000e+03,4.095000000000000000e+03,4.095000000000000000e+03,1.150000000000000000e+02
0.000000000000000000e+00,4.095000000000000000e+03,4.095000000000000000e+03,4.095000000000000000e+03,4.095000000000000000e+03,1.190000000000000000e+02
0.000000000000000000e+00,3.999000000000000000e+03,4.095000000000000000e+03,4.095000000000000000e+03,4.095000000000000000e+03,1.470000000000000000e+02
0.000000000000000000e+00,4.039000000000000000e+03,4.095000000000000000e+03,4.095000000000000000e+03,4.095000000000000000e+03,1.730000000000000000e+02
0.000000000000000000e+00,4.095000000000000000e+03,4.095000000000000000e+03,4.095000000000000000e+03,4.095000000000000000e+03,1.140000000000000000e+02
0.000000000000000000e+00,4.095000000000000000e+03,4.095000000000000000e+03,4.095000000000000000e+03,4.095000000000000000e+03,1.100000000000000000e+02
0.000000000000000000e+00,4.095000000000000000e+03,4.095000000000000000e+03,4.095000000000000000e+03,4.095000000000000000e+03,1.030000000000000000e+02
0.000000000000000000e+00,4.095000000000000000e+03,4.095000000000000000e+03,4.095000000000000000e+03,4.095000000000000000e+03,1.010000000000000000e+02
0.000000000000000000e+00,4.095000000000000000e+03,4.095000000000000000e+03,4.095000000000000000e+03,4.095000000000000000e+03,1.140000000000000000e+02
0.000000000000000000e+00,4.095000000000000000e+03,4.095000000000000000e+03,4.095000000000000000e+03,4.095000000000000000e+03,7.400000000000000000e+01
0.000000000000000000e+00,4.095000000000000000e+03,4.095000000000000000e+03,4.095000000000000000e+03,4.095000000000000000e+03,1.310000000000000000e+02
0.000000000000000000e+00,4.095000000000000000e+03,4.095000000000000000e+03,4.095000000000000000e+03,4.095000000000000000e+03,1.090000000000000000e+02
0.000000000000000000e+00,4.095000000000000000e+03,4.095000000000000000e+03,4.095000000000000000e+03,4.095000000000000000e+03,1.130000000000000000e+02
0.000000000000000000e+00,4.095000000000000000e+03,4.095000000000000000e+03,4.095000000000000000e+03,4.095000000000000000e+03,9.200000000000000000e+01
0.000000000000000000e+00,4.095000000000000000e+03,4.095000000000000000e+03,4.095000000000000000e+03,4.095000000000000000e+03,5.000000000000000000e+01
0.000000000000000000e+00,4.095000000000000000e+03,4.095000000000000000e+03,4.095000000000000000e+03,4.095000000000000000e+03,0.000000000000000000e+00
0.000000000000000000e+00,4.095000000000000000e+03,4.095000000000000000e+03,4.095000000000000000e+03,4.095000000000000000e+03,0.000000000000000000e+00
0.000000000000000000e+00,4.095000000000000000e+03,4.095000000000000000e+03,4.095000000000000000e+03,4.095000000000000000e+03,0.000000000000000000e+00
0.000000000000000000e+00,4.095000000000000000e+03,4.095000000000000000e+03,4.095000000000000000e+03,4.095000000000000000e+03,0.000000000000000000e+00
0.000000000000000000e+00,4.095000000000000000e+03,4.095000000000000000e+03,4.095000000000000000e+03,4.095000000000000000e+03,0.000000000000000000e+00
0.000000000000000000e+00,4.095000000000000000e+03,4.095000000000000000e+03,4.095000000000000000e+03,4.095000000000000000e+03,0.000000000000000000e+00
0.000000000000000000e+00,4.095000000000000000e+03,4.095000000000000000e+03,4.095000000000000000e+03,4.095000000000000000e+03,0.000000000000000000e+00
0.000000000000000000e+00,4.095000000000000000e+03,4.095000000000000000e+03,4.095000000000000000e+03,4.095000000000000000e+03,0.000000000000000000e+00
0.000000000000000000e+00,4.095000000000000000e+03,4.095000000000000000e+03,4.095000000000000000e+03,4.095000000000000000e+03,0.000000000000000000e+00
0.000000000000000000e+00,4.095000000000000000e+03,4.095000000000000000e+03,4.095000000000000000e+03,4.095000000000000000e+03,0.000000000000000000e+00
0.000000000000000000e+00,4.095000000000000000e+03,4.095000000000000000e+03,4.095000000000000000e+03,4.095000000000000000e+03,0.000000000000000000e+00
0.000000000000000000e+00,4.095000000000000000e+03,4.095000000000000000e+03,4.095000000000000000e+03,4.095000000000000000e+03,0.000000000000000000e+00
0.000000000000000000e+00,4.095000000000000000e+03,4.095000000000000000e+03,4.095000000000000000e+03,4.095000000000000000e+03,0.000000000000000000e+00
0.000000000000000000e+00,4.095000000000000000e+03,4.095000000000000000e+03,4.095000000000000000e+03,4.095000000000000000e+03,0.000000000000000000e+00
0.000000000000000000e+00,4.095000000000000000e+03,4.095000000000000000e+03,4.095000000000000000e+03,4.095000000000000000e+03,0.000000000000000000e+00
0.000000000000000000e+00,4.095000000000000000e+03,4.095000000000000000e+03,4.095000000000000000e+03,4.095000000000000000e+03,0.000000000000000000e+00
0.000000000000000000e+00,4.095000000000000000e+03,4.095000000000000000e+03,4.095000000000000000e+03,4.095000000000000000e+03,0.000000000000000000e+00
0.000000000000000000e+00,4.095000000000000000e+03,4.095000000000000000e+03,4.095000000000000000e+03,4.095000000000000000e+03,0.000000000000000000e+00
0.000000000000000000e+00,4.095000000000000000e+03,4.095000000000000000e+03,4.095000000000000000e+03,4.095000000000000000e+03,0.000000000000000000e+00
0.000000000000000000e+00,4.095000000000000000e+03,4.095000000000000000e+03,4.095000000000000000e+03,4.095000000000000000e+03,0.000000000000000000e+00
0.000000000000000000e+00,4.095000000000000000e+03,4.095000000000000000e+03,4.095000000000000000e+03,4.095000000000000000e+03,0.000000000000000000e+00
0.000000000000000000e+00,4.095000000000000000e+03,4.095000000000000000e+03,4.095000000000000000e+03,4.095000000000000000e+03,0.000000000000000000e+00
0.000000000000000000e+00,4.095000000000000000e+03,4.095000000000000000e+03,4.095000000000000000e+03,4.095000000000000000e+03,0.000000000000000000e+00
0.000000000000000000e+00,4.095000000000000000e+03,4.095000000000000000e+03,4.095000000000000000e+03,4.095000000000000000e+03,0.000000000000000000e+00
0.000000000000000000e+00,4.095000000000000000e+03,4.095000000000000000e+03,4.095000000000000000e+03,4.095000000000000000e+03,0.000000000000000000e+00
9.000000000000000000e+00,4.095000000000000000e+03,4.095000000000000000e+03,4.095000000000000000e+03,4.095000000000000000e+03,0.000000000000000000e+00
3.600000000000000000e+01,4.095000000000000000e+03,4.095000000000000000e+03,4.095000000000000000e+03,4.095000000000000000e+03,0.000000000000000000e+00
3.600000000000000000e+01,4.095000000000000000e+03,4.095000000000000000e+03,4.095000000000000000e+03,4.095000000000000000e+03,0.000000000000000000e+00
1.980000000000000000e+02,4.095000000000000000e+03,4.095000000000000000e+03,4.095000000000000000e+03,4.095000000000000000e+03,0.000000000000000000e+00
4.095000000000000000e+03,4.095000000000000000e+03,4.095000000000000000e+03,4.095000000000000000e+03,4.095000000000000000e+03,0.000000000000000000e+00
4.095000000000000000e+03,4.095000000000000000e+03,4.095000000000000000e+03,4.095000000000000000e+03,4.095000000000000000e+03,0.000000000000000000e+00
4.095000000000000000e+03,4.095000000000000000e+03,4.095000000000000000e+03,4.095000000000000000e+03,4.095000000000000000e+03,0.000000000000000000e+00
4.095000000000000000e+03,4.095000000000000000e+03,4.095000000000000000e+03,4.095000000000000000e+03,4.095000000000000000e+03,0.000000000000000000e+00
4.095000000000000000e+03,4.095000000000000000e+03,4.095000000000000000e+03,4.095000000000000000e+03,4.095000000000000000e+03,0.000000000000000000e+00
4.095000000000000000e+03,4.095000000000000000e+03,4.095000000000000000e+03,4.095000000000000000e+03,4.095000000000000000e+03,0.000000000000000000e+00
4.095000000000000000e+03,4.095000000000000000e+03,4.095000000000000000e+03,4.095000000000000000e+03,4.095000000000000000e+03,0.000000000000000000e+00
4.095000000000000000e+03,4.095000000000000000e+03,4.095000000000000000e+03,4.095000000000000000e+03,4.095000000000000000e+03,0.000000000000000000e+00
4.095000000000000000e+03,4.095000000000000000e+03,4.095000000000000000e+03,4.095000000000000000e+03,4.095000000000000000e+03,0.000000000000000000e+00
4.095000000000000000e+03,4.095000000000000000e+03,4.095000000000000000e+03,4.095000000000000000e+03,4.095000000000000000e+03,0.000000000000000000e+00
4.095000000000000000e+03,4.095000000000000000e+03,4.095000000000000000e+03,4.095000000000000000e+03,4.095000000000000000e+03,0.000000000000000000e+00
1.447000000000000000e+03,4.095000000000000000e+03,4.095000000000000000e+03,4.095000000000000000e+03,4.095000000000000000e+03,0.000000000000000000e+00
4.095000000000000000e+03,4.095000000000000000e+03,4.095000000000000000e+03,4.095000000000000000e+03,4.095000000000000000e+03,0.000000000000000000e+00
4.095000000000000000e+03,4.095000000000000000e+03,4.095000000000000000e+03,4.095000000000000000e+03,4.095000000000000000e+03,0.000000000000000000e+00
4.095000000000000000e+03,4.095000000000000000e+03,4.095000000000000000e+03,4.095000000000000000e+03,4.095000000000000000e+03,0.000000000000000000e+00
4.095000000000000000e+03,4.059000000000000000e+03,4.095000000000000000e+03,4.095000000000000000e+03,4.095000000000000000e+03,0.000000000000000000e+00
4.095000000000000000e+03,4.095000000000000000e+03,4.095000000000000000e+03,4.095000000000000000e+03,4.095000000000000000e+03,0.000000000000000000e+00
4.095000000000000000e+03,4.095000000000000000e+03,4.095000000000000000e+03,4.095000000000000000e+03,4.095000000000000000e+03,0.000000000000000000e+00
4.095000000000000000e+03,4.095000000000000000e+03,4.095000000000000000e+03,4.095000000000000000e+03,4.095000000000000000e+03,0.000000000000000000e+00
4.095000000000000000e+03,4.095000000000000000e+03,4.095000000000000000e+03,4.095000000000000000e+03,4.095000000000000000e+03,0.000000000000000000e+00
4.095000000000000000e+03,4.095000000000000000e+03,4.095000000000000000e+03,4.095000000000000000e+03,4.095000000000000000e+03,0.000000000000000000e+00
4.095000000000000000e+03,4.095000000000000000e+03,4.095000000000000000e+03,4.095000000000000000e+03,4.095000000000000000e+03,0.000000000000000000e+00
6.880000000000000000e+02,4.095000000000000000e+03,4.095000000000000000e+03,4.095000000000000000e+03,4.095000000000000000e+03,0.000000000000000000e+00
3.680000000000000000e+02,4.095000000000000000e+03,4.095000000000000000e+03,4.095000000000000000e+03,4.095000000000000000e+03,0.000000000000000000e+00
3.030000000000000000e+02,4.095000000000000000e+03,4.095000000000000000e+03,4.095000000000000000e+03,4.095000000000000000e+03,0.000000000000000000e+00
1.630000000000000000e+02,4.095000000000000000e+03,4.095000000000000000e+03,4.095000000000000000e+03,4.095000000000000000e+03,0.000000000000000000e+00
2.080000000000000000e+02,4.095000000000000000e+03,4.095000000000000000e+03,4.095000000000000000e+03,4.095000000000000000e+03,0.000000000000000000e+00
2.420000000000000000e+02,4.083000000000000000e+03,4.095000000000000000e+03,4.095000000000000000e+03,4.095000000000000000e+03,0.000000000000000000e+00
3.780000000000000000e+02,4.095000000000000000e+03,4.095000000000000000e+03,4.095000000000000000e+03,4.095000000000000000e+03,0.000000000000000000e+00
3.930000000000000000e+02,4.095000000000000000e+03,4.095000000000000000e+03,4.095000000000000000e+03,4.095000000000000000e+03,0.000000000000000000e+00
5.580000000000000000e+02,4.095000000000000000e+03,4.095000000000000000e+03,4.095000000000000000e+03,4.095000000000000000e+03,0.000000000000000000e+00
4.095000000000000000e+03,4.095000000000000000e+03,4.095000000000000000e+03,4.095000000000000000e+03,4.095000000000000000e+03,0.000000000000000000e+00
4.095000000000000000e+03,4.095000000000000000e+03,4.095000000000000000e+03,4.095000000000000000e+03,4.095000000000000000e+03,0.000000000000000000e+00
4.095000000000000000e+03,4.095000000000000000e+03,4.095000000000000000e+03,4.095000000000000000e+03,4.095000000000000000e+03,0.000000000000000000e+00
4.095000000000000000e+03,4.095000000000000000e+03,4.095000000000000000e+03,4.095000000000000000e+03,4.095000000000000000e+03,0.000000000000000000e+00
4.095000000000000000e+03,4.095000000000000000e+03,4.095000000000000000e+03,4.095000000000000000e+03,4.095000000000000000e+03,0.000000000000000000e+00
4.095000000000000000e+03,4.095000000000000000e+03,4.095000000000000000e+03,4.095000000000000000e+03,4.095000000000000000e+03,0.000000000000000000e+00
4.095000000000000000e+03,4.095000000000000000e+03,4.095000000000000000e+03,4.095000000000000000e+03,4.095000000000000000e+03,0.000000000000000000e+00
4.095000000000000000e+03,4.095000000000000000e+03,4.095000000000000000e+03,4.095000000000000000e+03,4.095000000000000000e+03,0.000000000000000000e+00
4.095000000000000000e+03,4.095000000000000000e+03,4.095000000000000000e+03,4.095000000000000000e+03,4.095000000000000000e+03,0.000000000000000000e+00
4.095000000000000000e+03,4.095000000000000000e+03,4.095000000000000000e+03,4.095000000000000000e+03,4.095000000000000000e+03,0.000000000000000000e+00
4.095000000000000000e+03,3.610000000000000000e+02,4.095000000000000000e+03,4.095000000000000000e+03,4.095000000000000000e+03,0.000000000000000000e+00
4.095000000000000000e+03,3.380000000000000000e+02,4.095000000000000000e+03,4.095000000000000000e+03,4.095000000000000000e+03,0.000000000000000000e+00
4.095000000000000000e+03,3.500000000000000000e+02,4.095000000000000000e+03,4.095000000000000000e+03,4.095000000000000000e+03,0.000000000000000000e+00
4.095000000000000000e+03,2.600000000000000000e+02,4.095000000000000000e+03,4.095000000000000000e+03,4.095000000000000000e+03,0.000000000000000000e+00
5.590000000000000000e+02,3.250000000000000000e+02,4.095000000000000000e+03,4.095000000000000000e+03,4.095000000000000000e+03,0.000000000000000000e+00
1.985000000000000000e+03,2.080000000000000000e+02,4.095000000000000000e+03,4.095000000000000000e+03,4.095000000000000000e+03,0.000000000000000000e+00
4.095000000000000000e+03,4.500000000000000000e+01,4.095000000000000000e+03,4.095000000000000000e+03,4.095000000000000000e+03,0.000000000000000000e+00
4.095000000000000000e+03,3.100000000000000000e+01,4.095000000000000000e+03,4.095000000000000000e+03,4.095000000000000000e+03,0.000000000000000000e+00
4.095000000000000000e+03,3.500000000000000000e+01,4.095000000000000000e+03,4.095000000000000000e+03,4.095000000000000000e+03,0.000000000000000000e+00
4.095000000000000000e+03,1.400000000000000000e+01,4.095000000000000000e+03,4.095000000000000000e+03,4.095000000000000000e+03,0.000000000000000000e+00
4.095000000000000000e+03,4.500000000000000000e+01,4.095000000000000000e+03,4.095000000000000000e+03,4.095000000000000000e+03,0.000000000000000000e+00
4.095000000000000000e+03,3.200000000000000000e+01,4.095000000000000000e+03,4.095000000000000000e+03,4.095000000000000000e+03,0.000000000000000000e+00
1.383000000000000000e+03,2.000000000000000000e+00,4.095000000000000000e+03,4.095000000000000000e+03,4.095000000000000000e+03,0.000000000000000000e+00
1.277000000000000000e+03,8.000000000000000000e+01,4.095000000000000000e+03,4.095000000000000000e+03,4.095000000000000000e+03,0.000000000000000000e+00
1.274000000000000000e+03,1.000000000000000000e+00,4.095000000000000000e+03,4.095000000000000000e+03,4.095000000000000000e+03,0.000000000000000000e+00
1.630000000000000000e+02,1.600000000000000000e+01,4.095000000000000000e+03,4.095000000000000000e+03,4.095000000000000000e+03,0.000000000000000000e+00
1.700000000000000000e+02,0.000000000000000000e+00,4.095000000000000000e+03,4.095000000000000000e+03,4.095000000000000000e+03,0.000000000000000000e+00
3.230000000000000000e+02,0.000000000000000000e+00,4.095000000000000000e+03,4.095000000000000000e+03,4.095000000000000000e+03,0.000000000000000000e+00
1.220000000000000000e+02,0.000000000000000000e+00,4.095000000000000000e+03,4.095000000000000000e+03,4.095000000000000000e+03,0.000000000000000000e+00
1.210000000000000000e+02,0.000000000000000000e+00,4.095000000000000000e+03,4.095000000000000000e+03,4.095000000000000000e+03,0.000000000000000000e+00
7.100000000000000000e+01,0.000000000000000000e+00,4.095000000000000000e+03,4.095000000000000000e+03,4.095000000000000000e+03,0.000000000000000000e+00
3.240000000000000000e+02,0.000000000000000000e+00,4.095000000000000000e+03,4.095000000000000000e+03,4.095000000000000000e+03,0.000000000000000000e+00
2.200000000000000000e+01,0.000000000000000000e+00,4.095000000000000000e+03,4.095000000000000000e+03,4.095000000000000000e+03,0.000000000000000000e+00
0.000000000000000000e+00,0.000000000000000000e+00,4.095000000000000000e+03,4.095000000000000000e+03,4.095000000000000000e+03,0.000000000000000000e+00
0.000000000000000000e+00,0.000000000000000000e+00,4.095000000000000000e+03,4.095000000000000000e+03,4.095000000000000000e+03,0.000000000000000000e+00
0.000000000000000000e+00,3.500000000000000000e+02,4.095000000000000000e+03,4.095000000000000000e+03,4.095000000000000000e+03,0.000000000000000000e+00
0.000000000000000000e+00,2.420000000000000000e+02,4.095000000000000000e+03,4.095000000000000000e+03,4.095000000000000000e+03,0.000000000000000000e+00
0.000000000000000000e+00,8.000000000000000000e+01,4.095000000000000000e+03,4.095000000000000000e+03,4.095000000000000000e+03,0.000000000000000000e+00
0.000000000000000000e+00,1.740000000000000000e+02,4.095000000000000000e+03,4.095000000000000000e+03,4.095000000000000000e+03,0.000000000000000000e+00
0.000000000000000000e+00,0.000000000000000000e+00,4.095000000000000000e+03,4.095000000000000000e+03,4.095000000000000000e+03,0.000000000000000000e+00
0.000000000000000000e+00,0.000000000000000000e+00,4.095000000000000000e+03,4.095000000000000000e+03,4.095000000000000000e+03,0.000000000000000000e+00
0.000000000000000000e+00,9.400000000000000000e+01,4.095000000000000000e+03,4.095000000000000000e+03,4.095000000000000000e+03,0.000000000000000000e+00
0.000000000000000000e+00,4.095000000000000000e+03,4.095000000000000000e+03,4.095000000000000000e+03,4.095000000000000000e+03,0.000000000000000000e+00
0.000000000000000000e+00,4.095000000000000000e+03,4.095000000000000000e+03,4.095000000000000000e+03,4.095000000000000000e+03,0.000000000000000000e+00
0.000000000000000000e+00,4.095000000000000000e+03,4.095000000000000000e+03,4.095000000000000000e+03,4.095000000000000000e+03,0.000000000000000000e+00
0.000000000000000000e+00,4.095000000000000000e+03,4.095000000000000000e+03,4.095000000000000000e+03,4.095000000000000000e+03,0.000000000000000000e+00
0.000000000000000000e+00,4.095000000000000000e+03,4.095000000000000000e+03,4.095000000000000000e+03,4.095000000000000000e+03,0.000000000000000000e+00
0.000000000000000000e+00,2.000000000000000000e+00,4.095000000000000000e+03,4.095000000000000000e+03,4.095000000000000000e+03,0.000000000000000000e+00
0.000000000000000000e+00,0.000000000000000000e+00,4.095000000000000000e+03,4.095000000000000000e+03,4.095000000000000000e+03,0.000000000000000000e+00
0.000000000000000000e+00,0.000000000000000000e+00,4.095000000000000000e+03,4.095000000000000000e+03,4.095000000000000000e+03,0.000000000000000000e+00
0.000000000000000000e+00,0.000000000000000000e+00,4.095000000000000000e+03,4.095000000000000000e+03,4.095000000000000000e+03,0.000000000000000000e+00
0.000000000000000000e+00,0.000000000000000000e+00,4.095000000000000000e+03,4.095000000000000000e+03,4.095000000000000000e+03,0.000000000000000000e+00
0.000000000000000000e+00,0.000000000000000000e+00,4.095000000000000000e+03,4.095000000000000000e+03,4.095000000000000000e+03,0.000000000000000000e+00
0.000000000000000000e+00,0.000000000000000000e+00,4.095000000000000000e+03,4.095000000000000000e+03,4.095000000000000000e+03,0.000000000000000000e+00
0.000000000000000000e+00,0.000000000000000000e+00,4.095000000000000000e+03,4.095000000000000000e+03,4.095000000000000000e+03,0.000000000000000000e+00
0.000000000000000000e+00,0.000000000000000000e+00,4.095000000000000000e+03,4.095000000000000000e+03,4.095000000000000000e+03,0.000000000000000000e+00
0.000000000000000000e+00,0.000000000000000000e+00,4.095000000000000000e+03,4.095000000000000000e+03,4.095000000000000000e+03,0.000000000000000000e+00
0.000000000000000000e+00,0.000000000000000000e+00,4.095000000000000000e+03,4.095000000000000000e+03,4.095000000000000000e+03,0.000000000000000000e+00
0.000000000000000000e+00,0.000000000000000000e+00,4.095000000000000000e+03,4.095000000000000000e+03,4.095000000000000000e+03,0.000000000000000000e+00
0.000000000000000000e+00,0.000000000000000000e+00,4.095000000000000000e+03,4.095000000000000000e+03,4.095000000000000000e+03,0.000000000000000000e+00
0.000000000000000000e+00,0.000000000000000000e+00,4.095000000000000000e+03,4.095000000000000000e+03,4.095000000000000000e+03,0.000000000000000000e+00
0.000000000000000000e+00,0.000000000000000000e+00,4.095000000000000000e+03,4.095000000000000000e+03,4.095000000000000000e+03,0.000000000000000000e+00
0.000000000000000000e+00,0.000000000000000000e+00,4.095000000000000000e+03,4.095000000000000000e+03,4.095000000000000000e+03,0.000000000000000000e+00
0.000000000000000000e+00,0.000000000000000000e+00,4.095000000000000000e+03,4.095000000000000000e+03,4.095000000000000000e+03,0.000000000000000000e+00
0.000000000000000000e+00,0.000000000000000000e+00,4.095000000000000000e+03,4.095000000000000000e+03,4.095000000000000000e+03,0.000000000000000000e+00
0.000000000000000000e+00,0.000000000000000000e+00,4.095000000000000000e+03,4.095000000000000000e+03,4.095000000000000000e+03,0.000000000000000000e+00
0.000000000000000000e+00,0.000000000000000000e+00,4.095000000000000000e+03,4.095000000000000000e+03,4.095000000000000000e+03,0.000000000000000000e+00
0.000000000000000000e+00,0.000000000000000000e+00,4.095000000000000000e+03,4.095000000000000000e+03,4.095000000000000000e+03,0.000000000000000000e+00
0.000000000000000000e+00,0.000000000000000000e+00,4.095000000000000000e+03,4.095000000000000000e+03,4.095000000000000000e+03,0.000000000000000000e+00
0.000000000000000000e+00,0.000000000000000000e+00,4.095000000000000000e+03,4.095000000000000000e+03,4.095000000000000000e+03,0.000000000000000000e+00
0.000000000000000000e+00,0.000000000000000000e+00,4.095000000000000000e+03,4.095000000000000000e+03,4.095000000000000000e+03,0.000000000000000000e+00
0.000000000000000000e+00,0.000000000000000000e+00,4.095000000000000000e+03,4.095000000000000000e+03,4.095000000000000000e+03,0.000000000000000000e+00
0.000000000000000000e+00,0.000000000000000000e+00,4.095000000000000000e+03,4.095000000000000000e+03,4.095000000000000000e+03,0.000000000000000000e+00
0.000000000000000000e+00,0.000000000000000000e+00,4.095000000000000000e+03,4.095000000000000000e+03,4.095000000000000000e+03,0.000000000000000000e+00
0.000000000000000000e+00,0.000000000000000000e+00,4.095000000000000000e+03,4.095000000000000000e+03,4.095000000000000000e+03,0.000000000000000000e+00
0.000000000000000000e+00,0.000000000000000000e+00,4.095000000000000000e+03,4.095000000000000000e+03,4.095000000000000000e+03,1.600000000000000000e+01
0.000000000000000000e+00,0.000000000000000000e+00,4.095000000000000000e+03,4.095000000000000000e+03,4.095000000000000000e+03,1.300000000000000000e+01
0.000000000000000000e+00,0.000000000000000000e+00,4.095000000000000000e+03,4.095000000000000000e+03,4.095000000000000000e+03,0.000000000000000000e+00
0.000000000000000000e+00,0.000000000000000000e+00,4.095000000000000000e+03,4.095000000000000000e+03,4.095000000000000000e+03,1.400000000000000000e+01
0.000000000000000000e+00,0.000000000000000000e+00,4.095000000000000000e+03,4.095000000000000000e+03,4.095000000000000000e+03,1.100000000000000000e+01
0.000000000000000000e+00,0.000000000000000000e+00,4.095000000000000000e+03,4.095000000000000000e+03,4.095000000000000000e+03,0.000000000000000000e+00
0.000000000000000000e+00,0.000000000000000000e+00,4.095000000000000000e+03,4.095000000000000000e+03,4.095000000000000000e+03,0.000000000000000000e+00
0.000000000000000000e+00,0.000000000000000000e+00,4.095000000000000000e+03,4.095000000000000000e+03,4.095000000000000000e+03,0.000000000000000000e+00
0.000000000000000000e+00,0.000000000000000000e+00,4.095000000000000000e+03,4.095000000000000000e+03,4.095000000000000000e+03,3.500000000000000000e+01
0.000000000000000000e+00,0.000000000000000000e+00,4.095000000000000000e+03,4.070000000000000000e+03,4.095000000000000000e+03,5.300000000000000000e+01
0.000000000000000000e+00,0.000000000000000000e+00,4.095000000000000000e+03,4.095000000000000000e+03,4.095000000000000000e+03,0.000000000000000000e+00
0.000000000000000000e+00,0.000000000000000000e+00,4.095000000000000000e+03,4.095000000000000000e+03,4.095000000000000000e+03,0.000000000000000000e+00
0.000000000000000000e+00,0.000000000000000000e+00,4.095000000000000000e+03,4.095000000000000000e+03,4.095000000000000000e+03,0.000000000000000000e+00
0.000000000000000000e+00,0.000000000000000000e+00,4.095000000000000000e+03,4.095000000000000000e+03,4.095000000000000000e+03,0.000000000000000000e+00
0.000000000000000000e+00,0.000000000000000000e+00,4.095000000000000000e+03,4.095000000000000000e+03,4.095000000000000000e+03,0.000000000000000000e+00
0.000000000000000000e+00,0.000000000000000000e+00,4.095000000000000000e+03,4.095000000000000000e+03,4.095000000000000000e+03,0.000000000000000000e+00
0.000000000000000000e+00,0.000000000000000000e+00,4.095000000000000000e+03,4.095000000000000000e+03,4.095000000000000000e+03,0.000000000000000000e+00
0.000000000000000000e+00,0.000000000000000000e+00,4.095000000000000000e+03,4.095000000000000000e+03,4.095000000000000000e+03,0.000000000000000000e+00
0.000000000000000000e+00,0.000000000000000000e+00,4.080000000000000000e+03,4.095000000000000000e+03,4.095000000000000000e+03,0.000000000000000000e+00
0.000000000000000000e+00,0.000000000000000000e+00,4.095000000000000000e+03,4.095000000000000000e+03,4.095000000000000000e+03,0.000000000000000000e+00
0.000000000000000000e+00,0.000000000000000000e+00,4.095000000000000000e+03,4.095000000000000000e+03,4.095000000000000000e+03,0.000000000000000000e+00
0.000000000000000000e+00,0.000000000000000000e+00,4.095000000000000000e+03,4.095000000000000000e+03,4.095000000000000000e+03,0.000000000000000000e+00
0.000000000000000000e+00,0.000000000000000000e+00,4.095000000000000000e+03,4.095000000000000000e+03,4.095000000000000000e+03,0.000000000000000000e+00
0.000000000000000000e+00,0.000000000000000000e+00,4.095000000000000000e+03,4.095000000000000000e+03,4.095000000000000000e+03,0.000000000000000000e+00
0.000000000000000000e+00,0.000000000000000000e+00,4.095000000000000000e+03,4.095000000000000000e+03,4.095000000000000000e+03,0.000000000000000000e+00
0.000000000000000000e+00,0.000000000000000000e+00,4.095000000000000000e+03,4.095000000000000000e+03,4.095000000000000000e+03,0.000000000000000000e+00
0.000000000000000000e+00,0.000000000000000000e+00,4.095000000000000000e+03,4.095000000000000000e+03,4.095000000000000000e+03,0.000000000000000000e+00
0.000000000000000000e+00,0.000000000000000000e+00,4.095000000000000000e+03,4.095000000000000000e+03,4.095000000000000000e+03,0.000000000000000000e+00
0.000000000000000000e+00,0.000000000000000000e+00,4.095000000000000000e+03,4.095000000000000000e+03,4.095000000000000000e+03,0.000000000000000000e+00
0.000000000000000000e+00,0.000000000000000000e+00,4.095000000000000000e+03,4.095000000000000000e+03,4.095000000000000000e+03,0.000000000000000000e+00
0.000000000000000000e+00,0.000000000000000000e+00,4.095000000000000000e+03,4.095000000000000000e+03,4.095000000000000000e+03,0.000000000000000000e+00
0.000000000000000000e+00,0.000000000000000000e+00,4.095000000000000000e+03,4.095000000000000000e+03,4.095000000000000000e+03,0.000000000000000000e+00
0.000000000000000000e+00,0.000000000000000000e+00,4.095000000000000000e+03,4.095000000000000000e+03,4.095000000000000000e+03,0.000000000000000000e+00
0.000000000000000000e+00,0.000000000000000000e+00,4.095000000000000000e+03,4.095000000000000000e+03,4.095000000000000000e+03,0.000000000000000000e+00
0.000000000000000000e+00,0.000000000000000000e+00,4.095000000000000000e+03,4.095000000000000000e+03,4.095000000000000000e+03,0.000000000000000000e+00
0.000000000000000000e+00,0.000000000000000000e+00,4.095000000000000000e+03,4.095000000000000000e+03,4.095000000000000000e+03,0.000000000000000000e+00
0.000000000000000000e+00,0.000000000000000000e+00,4.095000000000000000e+03,4.095000000000000000e+03,4.095000000000000000e+03,0.000000000000000000e+00
0.000000000000000000e+00,0.000000000000000000e+00,4.095000000000000000e+03,4.095000000000000000e+03,4.095000000000000000e+03,0.000000000000000000e+00
0.000000000000000000e+00,0.000000000000000000e+00,4.095000000000000000e+03,4.095000000000000000e+03,4.095000000000000000e+03,0.000000000000000000e+00
0.000000000000000000e+00,0.000000000000000000e+00,4.095000000000000000e+03,4.095000000000000000e+03,4.095000000000000000e+03,0.000000000000000000e+00
0.000000000000000000e+00,0.000000000000000000e+00,4.095000000000000000e+03,4.095000000000000000e+03,4.095000000000000000e+03,0.000000000000000000e+00
0.000000000000000000e+00,0.000000000000000000e+00,4.095000000000000000e+03,4.095000000000000000e+03,4.095000000000000000e+03,0.000000000000000000e+00
0.000000000000000000e+00,0.000000000000000000e+00,4.095000000000000000e+03,4.095000000000000000e+03,4.095000000000000000e+03,0.000000000000000000e+00
0.000000000000000000e+00,0.000000000000000000e+00,4.095000000000000000e+03,4.095000000000000000e+03,4.095000000000000000e+03,0.000000000000000000e+00
0.000000000000000000e+00,0.000000000000000000e+00,4.095000000000000000e+03,4.095000000000000000e+03,4.095000000000000000e+03,0.000000000000000000e+00
0.000000000000000000e+00,0.000000000000000000e+00,4.095000000000000000e+03,4.095000000000000000e+03,4.095000000000000000e+03,0.000000000000000000e+00
0.000000000000000000e+00,0.000000000000000000e+00,4.095000000000000000e+03,4.095000000000000000e+03,4.095000000000000000e+03,0.000000000000000000e+00
0.000000000000000000e+00,0.000000000000000000e+00,4.095000000000000000e+03,4.095000000000000000e+03,4.095000000000000000e+03,0.000000000000000000e+00
0.000000000000000000e+00,0.000000000000000000e+00,4.095000000000000000e+03,4.095000000000000000e+03,4.095000000000000000e+03,0.000000000000000000e+00
0.000000000000000000e+00,0.000000000000000000e+00,4.095000000000000000e+03,4.095000000000000000e+03,4.095000000000000000e+03,0.000000000000000000e+00
0.000000000000000000e+00,0.000000000000000000e+00,4.095000000000000000e+03,4.095000000000000000e+03,4.095000000000000000e+03,0.000000000000000000e+00
0.000000000000000000e+00,0.000000000000000000e+00,4.095000000000000000e+03,4.095000000000000000e+03,4.095000000000000000e+03,0.000000000000000000e+00
0.000000000000000000e+00,0.000000000000000000e+00,4.095000000000000000e+03,4.095000000000000000e+03,4.095000000000000000e+03,0.000000000000000000e+00
0.000000000000000000e+00,0.000000000000000000e+00,4.095000000000000000e+03,4.095000000000000000e+03,4.095000000000000000e+03,0.000000000000000000e+00
0.000000000000000000e+00,0.000000000000000000e+00,4.095000000000000000e+03,4.095000000000000000e+03,4.095000000000000000e+03,0.000000000000000000e+00
0.000000000000000000e+00,0.000000000000000000e+00,4.095000000000000000e+03,4.095000000000000000e+03,4.095000000000000000e+03,0.000000000000000000e+00
0.000000000000000000e+00,0.000000000000000000e+00,4.095000000000000000e+03,4.095000000000000000e+03,4.095000000000000000e+03,0.000000000000000000e+00
0.000000000000000000e+00,0.000000000000000000e+00,4.095000000000000000e+03,4.095000000000000000e+03,4.095000000000000000e+03,0.000000000000000000e+00
0.000000000000000000e+00,0.000000000000000000e+00,4.095000000000000000e+03,4.095000000000000000e+03,4.095000000000000000e+03,0.000000000000000000e+00
0.000000000000000000e+00,0.000000000000000000e+00,4.095000000000000000e+03,4.095000000000000000e+03,4.095000000000000000e+03,0.000000000000000000e+00
0.000000000000000000e+00,0.000000000000000000e+00,4.095000000000000000e+03,4.095000000000000000e+03,4.095000000000000000e+03,0.000000000000000000e+00
0.000000000000000000e+00,0.000000000000000000e+00,4.095000000000000000e+03,4.095000000000000000e+03,4.095000000000000000e+03,0.000000000000000000e+00
0.000000000000000000e+00,0.000000000000000000e+00,4.095000000000000000e+03,4.095000000000000000e+03,4.095000000000000000e+03,0.000000000000000000e+00
0.000000000000000000e+00,0.000000000000000000e+00,4.095000000000000000e+03,4.095000000000000000e+03,4.095000000000000000e+03,0.000000000000000000e+00
0.000000000000000000e+00,0.000000000000000000e+00,4.095000000000000000e+03,4.095000000000000000e+03,4.095000000000000000e+03,0.000000000000000000e+00
0.000000000000000000e+00,0.000000000000000000e+00,4.095000000000000000e+03,4.095000000000000000e+03,4.095000000000000000e+03,0.000000000000000000e+00
0.000000000000000000e+00,0.000000000000000000e+00,4.095000000000000000e+03,4.095000000000000000e+03,4.095000000000000000e+03,0.000000000000000000e+00
0.000000000000000000e+00,0.000000000000000000e+00,4.095000000000000000e+03,4.095000000000000000e+03,4.095000000000000000e+03,0.000000000000000000e+00
0.000000000000000000e+00,0.000000000000000000e+00,4.095000000000000000e+03,4.095000000000000000e+03,4.095000000000000000e+03,0.000000000000000000e+00
0.000000000000000000e+00,0.000000000000000000e+00,4.095000000000000000e+03,4.095000000000000000e+03,4.095000000000000000e+03,0.000000000000000000e+00
0.000000000000000000e+00,0.000000000000000000e+00,4.095000000000000000e+03,4.095000000000000000e+03,4.095000000000000000e+03,0.000000000000000000e+00
0.000000000000000000e+00,0.000000000000000000e+00,4.095000000000000000e+03,4.095000000000000000e+03,4.095000000000000000e+03,0.000000000000000000e+00
0.000000000000000000e+00,0.000000000000000000e+00,4.095000000000000000e+03,4.095000000000000000e+03,4.095000000000000000e+03,0.000000000000000000e+00
0.000000000000000000e+00,0.000000000000000000e+00,4.095000000000000000e+03,4.095000000000000000e+03,4.095000000000000000e+03,0.000000000000000000e+00
0.000000000000000000e+00,0.000000000000000000e+00,4.095000000000000000e+03,4.095000000000000000e+03,4.095000000000000000e+03,0.000000000000000000e+00
0.000000000000000000e+00,0.000000000000000000e+00,4.095000000000000000e+03,4.095000000000000000e+03,4.095000000000000000e+03,0.000000000000000000e+00
0.000000000000000000e+00,0.000000000000000000e+00,4.095000000000000000e+03,4.095000000000000000e+03,4.095000000000000000e+03,0.000000000000000000e+00
0.000000000000000000e+00,0.000000000000000000e+00,4.095000000000000000e+03,4.095000000000000000e+03,4.095000000000000000e+03,0.000000000000000000e+00
0.000000000000000000e+00,0.000000000000000000e+00,4.095000000000000000e+03,4.095000000000000000e+03,4.095000000000000000e+03,0.000000000000000000e+00
0.000000000000000000e+00,0.000000000000000000e+00,4.095000000000000000e+03,4.095000000000000000e+03,4.095000000000000000e+03,0.000000000000000000e+00
0.000000000000000000e+00,0.000000000000000000e+00,4.095000000000000000e+03,4.095000000000000000e+03,4.095000000000000000e+03,0.000000000000000000e+00
0.000000000000000000e+00,0.000000000000000000e+00,4.095000000000000000e+03,4.095000000000000000e+03,4.095000000000000000e+03,0.000000000000000000e+00
0.000000000000000000e+00,0.000000000000000000e+00,4.095000000000000000e+03,4.095000000000000000e+03,4.095000000000000000e+03,0.000000000000000000e+00
0.000000000000000000e+00,0.000000000000000000e+00,4.095000000000000000e+03,4.095000000000000000e+03,4.095000000000000000e+03,0.000000000000000000e+00
0.000000000000000000e+00,0.000000000000000000e+00,4.095000000000000000e+03,4.095000000000000000e+03,4.095000000000000000e+03,0.000000000000000000e+00
0.000000000000000000e+00,0.000000000000000000e+00,4.095000000000000000e+03,4.095000000000000000e+03,4.095000000000000000e+03,0.000000000000000000e+00
0.000000000000000000e+00,0.000000000000000000e+00,4.095000000000000000e+03,4.095000000000000000e+03,4.095000000000000000e+03,0.000000000000000000e+00
0.000000000000000000e+00,0.000000000000000000e+00,4.095000000000000000e+03,4.095000000000000000e+03,4.095000000000000000e+03,0.000000000000000000e+00
0.000000000000000000e+00,0.000000000000000000e+00,4.095000000000000000e+03,4.095000000000000000e+03,4.095000000000000000e+03,0.000000000000000000e+00
0.000000000000000000e+00,0.000000000000000000e+00,4.095000000000000000e+03,4.095000000000000000e+03,4.095000000000000000e+03,0.000000000000000000e+00
0.000000000000000000e+00,0.000000000000000000e+00,4.095000000000000000e+03,4.095000000000000000e+03,4.095000000000000000e+03,0.000000000000000000e+00
0.000000000000000000e+00,0.000000000000000000e+00,4.095000000000000000e+03,4.095000000000000000e+03,4.095000000000000000e+03,0.000000000000000000e+00
0.000000000000000000e+00,0.000000000000000000e+00,4.095000000000000000e+03,4.095000000000000000e+03,4.095000000000000000e+03,0.000000000000000000e+00
0.000000000000000000e+00,0.000000000000000000e+00,4.095000000000000000e+03,4.095000000000000000e+03,4.095000000000000000e+03,0.000000000000000000e+00
0.000000000000000000e+00,0.000000000000000000e+00,4.095000000000000000e+03,4.095000000000000000e+03,4.095000000000000000e+03,0.000000000000000000e+00
0.000000000000000000e+00,0.000000000000000000e+00,4.095000000000000000e+03,4.095000000000000000e+03,4.095000000000000000e+03,0.000000000000000000e+00
0.000000000000000000e+00,0.000000000000000000e+00,4.095000000000000000e+03,4.095000000000000000e+03,4.095000000000000000e+03,0.000000000000000000e+00
0.000000000000000000e+00,0.000000000000000000e+00,4.095000000000000000e+03,4.095000000000000000e+03,4.095000000000000000e+03,0.000000000000000000e+00
0.000000000000000000e+00,0.000000000000000000e+00,4.095000000000000000e+03,4.095000000000000000e+03,4.095000000000000000e+03,0.000000000000000000e+00
0.000000000000000000e+00,0.000000000000000000e+00,4.095000000000000000e+03,4.095000000000000000e+03,4.095000000000000000e+03,0.000000000000000000e+00
0.000000000000000000e+00,0.000000000000000000e+00,4.095000000000000000e+03,4.095000000000000000e+03,4.095000000000000000e+03,0.000000000000000000e+00
0.000000000000000000e+00,0.000000000000000000e+00,4.095000000000000000e+03,4.095000000000000000e+03,4.095000000000000000e+03,0.000000000000000000e+00
0.000000000000000000e+00,0.000000000000000000e+00,4.095000000000000000e+03,4.095000000000000000e+03,4.095000000000000000e+03,0.000000000000000000e+00
0.000000000000000000e+00,0.000000000000000000e+00,4.095000000000000000e+03,4.095000000000000000e+03,4.095000000000000000e+03,0.000000000000000000e+00
0.000000000000000000e+00,0.000000000000000000e+00,4.095000000000000000e+03,4.095000000000000000e+03,4.095000000000000000e+03,0.000000000000000000e+00
0.000000000000000000e+00,0.000000000000000000e+00,4.095000000000000000e+03,4.095000000000000000e+03,4.095000000000000000e+03,0.000000000000000000e+00
0.000000000000000000e+00,0.000000000000000000e+00,4.095000000000000000e+03,4.095000000000000000e+03,4.095000000000000000e+03,0.000000000000000000e+00
0.000000000000000000e+00,0.000000000000000000e+00,4.095000000000000000e+03,4.095000000000000000e+03,4.095000000000000000e+03,0.000000000000000000e+00
0.000000000000000000e+00,0.000000000000000000e+00,4.095000000000000000e+03,4.095000000000000000e+03,4.095000000000000000e+03,0.000000000000000000e+00
0.000000000000000000e+00,0.000000000000000000e+00,4.095000000000000000e+03,4.095000000000000000e+03,4.095000000000000000e+03,0.000000000000000000e+00
0.000000000000000000e+00,0.000000000000000000e+00,4.095000000000000000e+03,4.095000000000000000e+03,4.095000000000000000e+03,0.000000000000000000e+00
0.000000000000000000e+00,0.000000000000000000e+00,4.095000000000000000e+03,4.095000000000000000e+03,4.095000000000000000e+03,0.000000000000000000e+00
0.000000000000000000e+00,0.000000000000000000e+00,4.095000000000000000e+03,4.095000000000000000e+03,4.095000000000000000e+03,0.000000000000000000e+00
0.000000000000000000e+00,0.000000000000000000e+00,4.095000000000000000e+03,4.095000000000000000e+03,4.095000000000000000e+03,0.000000000000000000e+00
0.000000000000000000e+00,0.000000000000000000e+00,4.095000000000000000e+03,4.095000000000000000e+03,4.095000000000000000e+03,0.000000000000000000e+00
0.000000000000000000e+00,0.000000000000000000e+00,4.095000000000000000e+03,4.095000000000000000e+03,4.095000000000000000e+03,0.000000000000000000e+00
0.000000000000000000e+00,0.000000000000000000e+00,4.095000000000000000e+03,4.095000000000000000e+03,4.095000000000000000e+03,0.000000000000000000e+00
0.000000000000000000e+00,0.000000000000000000e+00,4.095000000000000000e+03,4.095000000000000000e+03,4.095000000000000000e+03,0.000000000000000000e+00
0.000000000000000000e+00,0.000000000000000000e+00,4.095000000000000000e+03,4.095000000000000000e+03,4.095000000000000000e+03,0.000000000000000000e+00
0.000000000000000000e+00,0.000000000000000000e+00,4.095000000000000000e+03,4.095000000000000000e+03,4.095000000000000000e+03,0.000000000000000000e+00
0.000000000000000000e+00,0.000000000000000000e+00,4.095000000000000000e+03,4.095000000000000000e+03,4.095000000000000000e+03,0.000000000000000000e+00
0.000000000000000000e+00,0.000000000000000000e+00,4.095000000000000000e+03,4.095000000000000000e+03,4.095000000000000000e+03,0.000000000000000000e+00
0.000000000000000000e+00,0.000000000000000000e+00,4.095000000000000000e+03,4.095000000000000000e+03,4.095000000000000000e+03,0.000000000000000000e+00
0.000000000000000000e+00,0.000000000000000000e+00,4.095000000000000000e+03,4.095000000000000000e+03,4.095000000000000000e+03,0.000000000000000000e+00
0.000000000000000000e+00,0.000000000000000000e+00,4.095000000000000000e+03,4.095000000000000000e+03,4.095000000000000000e+03,0.000000000000000000e+00
0.000000000000000000e+00,0.000000000000000000e+00,4.095000000000000000e+03,4.095000000000000000e+03,4.095000000000000000e+03,0.000000000000000000e+00
0.000000000000000000e+00,0.000000000000000000e+00,4.095000000000000000e+03,4.095000000000000000e+03,4.095000000000000000e+03,0.000000000000000000e+00
0.000000000000000000e+00,0.000000000000000000e+00,4.095000000000000000e+03,4.095000000000000000e+03,4.095000000000000000e+03,0.000000000000000000e+00
0.000000000000000000e+00,0.000000000000000000e+00,4.095000000000000000e+03,4.095000000000000000e+03,4.095000000000000000e+03,0.000000000000000000e+00
0.000000000000000000e+00,0.000000000000000000e+00,4.095000000000000000e+03,4.095000000000000000e+03,4.095000000000000000e+03,0.000000000000000000e+00
0.000000000000000000e+00,0.000000000000000000e+00,4.095000000000000000e+03,4.095000000000000000e+03,4.095000000000000000e+03,0.000000000000000000e+00
0.000000000000000000e+00,0.000000000000000000e+00,4.095000000000000000e+03,4.095000000000000000e+03,4.095000000000000000e+03,0.000000000000000000e+00
0.000000000000000000e+00,0.000000000000000000e+00,4.095000000000000000e+03,4.095000000000000000e+03,4.095000000000000000e+03,0.000000000000000000e+00
0.000000000000000000e+00,0.000000000000000000e+00,4.095000000000000000e+03,4.095000000000000000e+03,4.095000000000000000e+03,0.000000000000000000e+00
0.000000000000000000e+00,0.000000000000000000e+00,4.095000000000000000e+03,4.095000000000000000e+03,4.095000000000000000e+03,0.000000000000000000e+00
0.000000000000000000e+00,0.000000000000000000e+00,4.095000000000000000e+03,4.095000000000000000e+03,4.095000000000000000e+03,0.000000000000000000e+00
0.000000000000000000e+00,0.000000000000000000e+00,4.095000000000000000e+03,4.095000000000000000e+03,4.095000000000000000e+03,0.000000000000000000e+00
0.000000000000000000e+00,0.000000000000000000e+00,4.095000000000000000e+03,4.095000000000000000e+03,4.095000000000000000e+03,0.000000000000000000e+00
0.000000000000000000e+00,0.000000000000000000e+00,4.095000000000000000e+03,4.095000000000000000e+03,4.095000000000000000e+03,0.000000000000000000e+00
0.000000000000000000e+00,0.000000000000000000e+00,4.095000000000000000e+03,4.095000000000000000e+03,4.095000000000000000e+03,0.000000000000000000e+00
0.000000000000000000e+00,0.000000000000000000e+00,4.095000000000000000e+03,4.095000000000000000e+03,4.095000000000000000e+03,0.000000000000000000e+00
0.000000000000000000e+00,0.000000000000000000e+00,4.095000000000000000e+03,4.095000000000000000e+03,4.095000000000000000e+03,0.000000000000000000e+00
0.000000000000000000e+00,0.000000000000000000e+00,4.095000000000000000e+03,4.095000000000000000e+03,4.095000000000000000e+03,0.000000000000000000e+00
0.000000000000000000e+00,0.000000000000000000e+00,4.095000000000000000e+03,4.095000000000000000e+03,4.095000000000000000e+03,0.000000000000000000e+00
0.000000000000000000e+00,0.000000000000000000e+00,4.095000000000000000e+03,4.095000000000000000e+03,4.095000000000000000e+03,0.000000000000000000e+00
0.000000000000000000e+00,0.000000000000000000e+00,4.095000000000000000e+03,4.095000000000000000e+03,4.095000000000000000e+03,0.000000000000000000e+00
0.000000000000000000e+00,0.000000000000000000e+00,4.095000000000000000e+03,4.095000000000000000e+03,4.095000000000000000e+03,0.000000000000000000e+00
0.000000000000000000e+00,0.000000000000000000e+00,4.095000000000000000e+03,4.095000000000000000e+03,4.095000000000000000e+03,0.000000000000000000e+00
0.000000000000000000e+00,0.000000000000000000e+00,4.095000000000000000e+03,4.095000000000000000e+03,4.095000000000000000e+03,0.000000000000000000e+00
0.000000000000000000e+00,0.000000000000000000e+00,4.095000000000000000e+03,4.095000000000000000e+03,4.095000000000000000e+03,0.000000000000000000e+00
0.000000000000000000e+00,0.000000000000000000e+00,4.095000000000000000e+03,4.095000000000000000e+03,4.095000000000000000e+03,0.000000000000000000e+00
0.000000000000000000e+00,0.000000000000000000e+00,4.095000000000000000e+03,4.095000000000000000e+03,4.095000000000000000e+03,0.000000000000000000e+00
0.000000000000000000e+00,0.000000000000000000e+00,4.095000000000000000e+03,4.095000000000000000e+03,4.095000000000000000e+03,0.000000000000000000e+00
0.000000000000000000e+00,0.000000000000000000e+00,4.095000000000000000e+03,4.095000000000000000e+03,4.095000000000000000e+03,0.000000000000000000e+00
0.000000000000000000e+00,0.000000000000000000e+00,4.095000000000000000e+03,4.095000000000000000e+03,4.095000000000000000e+03,0.000000000000000000e+00
0.000000000000000000e+00,0.000000000000000000e+00,4.095000000000000000e+03,4.095000000000000000e+03,4.095000000000000000e+03,0.000000000000000000e+00
0.000000000000000000e+00,0.000000000000000000e+00,4.095000000000000000e+03,4.095000000000000000e+03,4.095000000000000000e+03,0.000000000000000000e+00
0.000000000000000000e+00,0.000000000000000000e+00,4.095000000000000000e+03,4.095000000000000000e+03,4.095000000000000000e+03,0.000000000000000000e+00
0.000000000000000000e+00,0.000000000000000000e+00,4.095000000000000000e+03,4.095000000000000000e+03,4.095000000000000000e+03,0.000000000000000000e+00
0.000000000000000000e+00,0.000000000000000000e+00,4.095000000000000000e+03,4.095000000000000000e+03,4.095000000000000000e+03,0.000000000000000000e+00
0.000000000000000000e+00,0.000000000000000000e+00,4.095000000000000000e+03,4.095000000000000000e+03,4.095000000000000000e+03,0.000000000000000000e+00
0.000000000000000000e+00,0.000000000000000000e+00,4.095000000000000000e+03,4.095000000000000000e+03,4.095000000000000000e+03,0.000000000000000000e+00
0.000000000000000000e+00,0.000000000000000000e+00,4.095000000000000000e+03,4.095000000000000000e+03,4.095000000000000000e+03,0.000000000000000000e+00
0.000000000000000000e+00,0.000000000000000000e+00,4.095000000000000000e+03,4.095000000000000000e+03,4.095000000000000000e+03,0.000000000000000000e+00
0.000000000000000000e+00,0.000000000000000000e+00,4.095000000000000000e+03,4.095000000000000000e+03,4.095000000000000000e+03,0.000000000000000000e+00
0.000000000000000000e+00,0.000000000000000000e+00,4.095000000000000000e+03,4.095000000000000000e+03,4.095000000000000000e+03,0.000000000000000000e+00
0.000000000000000000e+00,0.000000000000000000e+00,4.095000000000000000e+03,4.095000000000000000e+03,4.095000000000000000e+03,0.000000000000000000e+00
0.000000000000000000e+00,0.000000000000000000e+00,4.095000000000000000e+03,4.095000000000000000e+03,4.095000000000000000e+03,0.000000000000000000e+00
0.000000000000000000e+00,0.000000000000000000e+00,4.095000000000000000e+03,4.095000000000000000e+03,4.095000000000000000e+03,0.000000000000000000e+00
0.000000000000000000e+00,0.000000000000000000e+00,4.095000000000000000e+03,4.095000000000000000e+03,4.095000000000000000e+03,0.000000000000000000e+00
0.000000000000000000e+00,0.000000000000000000e+00,4.095000000000000000e+03,4.095000000000000000e+03,4.095000000000000000e+03,0.000000000000000000e+00
0.000000000000000000e+00,0.000000000000000000e+00,4.095000000000000000e+03,4.095000000000000000e+03,4.095000000000000000e+03,0.000000000000000000e+00
0.000000000000000000e+00,0.000000000000000000e+00,4.095000000000000000e+03,4.095000000000000000e+03,4.095000000000000000e+03,0.000000000000000000e+00
0.000000000000000000e+00,0.000000000000000000e+00,4.095000000000000000e+03,4.095000000000000000e+03,4.095000000000000000e+03,0.000000000000000000e+00
0.000000000000000000e+00,0.000000000000000000e+00,4.095000000000000000e+03,4.095000000000000000e+03,4.095000000000000000e+03,0.000000000000000000e+00
0.000000000000000000e+00,0.000000000000000000e+00,3.849000000000000000e+03,4.095000000000000000e+03,4.095000000000000000e+03,0.000000000000000000e+00
0.000000000000000000e+00,0.000000000000000000e+00,4.095000000000000000e+03,4.095000000000000000e+03,4.095000000000000000e+03,0.000000000000000000e+00
0.000000000000000000e+00,0.000000000000000000e+00,4.095000000000000000e+03,4.095000000000000000e+03,4.095000000000000000e+03,0.000000000000000000e+00
0.000000000000000000e+00,0.000000000000000000e+00,4.095000000000000000e+03,4.095000000000000000e+03,4.095000000000000000e+03,0.000000000000000000e+00
0.000000000000000000e+00,0.000000000000000000e+00,4.095000000000000000e+03,4.095000000000000000e+03,4.095000000000000000e+03,0.000000000000000000e+00
0.000000000000000000e+00,0.000000000000000000e+00,4.095000000000000000e+03,4.095000000000000000e+03,4.095000000000000000e+03,0.000000000000000000e+00
0.000000000000000000e+00,0.000000000000000000e+00,4.095000000000000000e+03,4.095000000000000000e+03,4.095000000000000000e+03,0.000000000000000000e+00
0.000000000000000000e+00,0.000000000000000000e+00,4.095000000000000000e+03,4.095000000000000000e+03,4.095000000000000000e+03,0.000000000000000000e+00
0.000000000000000000e+00,0.000000000000000000e+00,4.095000000000000000e+03,4.095000000000000000e+03,4.095000000000000000e+03,0.000000000000000000e+00
0.000000000000000000e+00,0.000000000000000000e+00,4.095000000000000000e+03,4.095000000000000000e+03,4.095000000000000000e+03,0.000000000000000000e+00
0.000000000000000000e+00,0.000000000000000000e+00,4.095000000000000000e+03,4.095000000000000000e+03,4.095000000000000000e+03,0.000000000000000000e+00
0.000000000000000000e+00,0.000000000000000000e+00,4.095000000000000000e+03,4.095000000000000000e+03,4.095000000000000000e+03,0.000000000000000000e+00
0.000000000000000000e+00,0.000000000000000000e+00,4.095000000000000000e+03,4.095000000000000000e+03,4.095000000000000000e+03,0.000000000000000000e+00
0.000000000000000000e+00,0.000000000000000000e+00,4.095000000000000000e+03,4.095000000000000000e+03,4.095000000000000000e+03,0.000000000000000000e+00
0.000000000000000000e+00,0.000000000000000000e+00,4.095000000000000000e+03,4.095000000000000000e+03,4.095000000000000000e+03,0.000000000000000000e+00
0.000000000000000000e+00,0.000000000000000000e+00,4.095000000000000000e+03,4.095000000000000000e+03,4.095000000000000000e+03,0.000000000000000000e+00
0.000000000000000000e+00,0.000000000000000000e+00,4.095000000000000000e+03,4.095000000000000000e+03,4.095000000000000000e+03,0.000000000000000000e+00
0.000000000000000000e+00,0.000000000000000000e+00,4.095000000000000000e+03,4.095000000000000000e+03,4.095000000000000000e+03,0.000000000000000000e+00
0.000000000000000000e+00,0.000000000000000000e+00,4.095000000000000000e+03,4.095000000000000000e+03,4.095000000000000000e+03,0.000000000000000000e+00
0.000000000000000000e+00,0.000000000000000000e+00,4.095000000000000000e+03,4.095000000000000000e+03,4.016000000000000000e+03,0.000000000000000000e+00
0.000000000000000000e+00,0.000000000000000000e+00,4.095000000000000000e+03,4.095000000000000000e+03,4.095000000000000000e+03,0.000000000000000000e+00
0.000000000000000000e+00,0.000000000000000000e+00,4.095000000000000000e+03,4.095000000000000000e+03,4.095000000000000000e+03,0.000000000000000000e+00
0.000000000000000000e+00,0.000000000000000000e+00,4.095000000000000000e+03,4.095000000000000000e+03,4.095000000000000000e+03,0.000000000000000000e+00
0.000000000000000000e+00,0.000000000000000000e+00,4.095000000000000000e+03,4.095000000000000000e+03,4.095000000000000000e+03,0.000000000000000000e+00
0.000000000000000000e+00,0.000000000000000000e+00,4.095000000000000000e+03,4.095000000000000000e+03,4.095000000000000000e+03,0.000000000000000000e+00
0.000000000000000000e+00,0.000000000000000000e+00,4.095000000000000000e+03,4.095000000000000000e+03,4.095000000000000000e+03,0.000000000000000000e+00
0.000000000000000000e+00,0.000000000000000000e+00,4.095000000000000000e+03,4.095000000000000000e+03,4.095000000000000000e+03,0.000000000000000000e+00
0.000000000000000000e+00,0.000000000000000000e+00,4.095000000000000000e+03,4.095000000000000000e+03,4.095000000000000000e+03,0.000000000000000000e+00
0.000000000000000000e+00,0.000000000000000000e+00,4.095000000000000000e+03,4.095000000000000000e+03,4.095000000000000000e+03,0.000000000000000000e+00
0.000000000000000000e+00,0.000000000000000000e+00,4.095000000000000000e+03,4.095000000000000000e+03,4.095000000000000000e+03,0.000000000000000000e+00
0.000000000000000000e+00,0.000000000000000000e+00,4.095000000000000000e+03,4.095000000000000000e+03,4.095000000000000000e+03,0.000000000000000000e+00
0.000000000000000000e+00,0.000000000000000000e+00,4.095000000000000000e+03,4.095000000000000000e+03,4.095000000000000000e+03,0.000000000000000000e+00
0.000000000000000000e+00,0.000000000000000000e+00,4.095000000000000000e+03,4.095000000000000000e+03,4.095000000000000000e+03,0.000000000000000000e+00
0.000000000000000000e+00,0.000000000000000000e+00,4.095000000000000000e+03,4.095000000000000000e+03,4.095000000000000000e+03,0.000000000000000000e+00
0.000000000000000000e+00,0.000000000000000000e+00,4.095000000000000000e+03,4.095000000000000000e+03,4.095000000000000000e+03,0.000000000000000000e+00
0.000000000000000000e+00,0.000000000000000000e+00,4.095000000000000000e+03,4.095000000000000000e+03,4.095000000000000000e+03,0.000000000000000000e+00
0.000000000000000000e+00,0.000000000000000000e+00,4.095000000000000000e+03,4.095000000000000000e+03,4.095000000000000000e+03,0.000000000000000000e+00
0.000000000000000000e+00,0.000000000000000000e+00,4.095000000000000000e+03,4.095000000000000000e+03,4.095000000000000000e+03,0.000000000000000000e+00
0.000000000000000000e+00,0.000000000000000000e+00,4.095000000000000000e+03,4.095000000000000000e+03,4.095000000000000000e+03,0.000000000000000000e+00
0.000000000000000000e+00,0.000000000000000000e+00,4.095000000000000000e+03,4.095000000000000000e+03,4.095000000000000000e+03,0.000000000000000000e+00
0.000000000000000000e+00,0.000000000000000000e+00,4.095000000000000000e+03,4.095000000000000000e+03,4.095000000000000000e+03,0.000000000000000000e+00
0.000000000000000000e+00,0.000000000000000000e+00,4.095000000000000000e+03,4.095000000000000000e+03,4.095000000000000000e+03,0.000000000000000000e+00
0.000000000000000000e+00,0.000000000000000000e+00,4.095000000000000000e+03,4.095000000000000000e+03,4.095000000000000000e+03,0.000000000000000000e+00
0.000000000000000000e+00,0.000000000000000000e+00,4.095000000000000000e+03,4.095000000000000000e+03,4.095000000000000000e+03,0.000000000000000000e+00
0.000000000000000000e+00,0.000000000000000000e+00,4.095000000000000000e+03,4.095000000000000000e+03,4.095000000000000000e+03,0.000000000000000000e+00
0.000000000000000000e+00,0.000000000000000000e+00,4.095000000000000000e+03,4.095000000000000000e+03,4.095000000000000000e+03,0.000000000000000000e+00
0.000000000000000000e+00,0.000000000000000000e+00,4.095000000000000000e+03,4.095000000000000000e+03,4.095000000000000000e+03,0.000000000000000000e+00
0.000000000000000000e+00,0.000000000000000000e+00,4.095000000000000000e+03,4.095000000000000000e+03,4.095000000000000000e+03,0.000000000000000000e+00
0.000000000000000000e+00,0.000000000000000000e+00,4.095000000000000000e+03,4.095000000000000000e+03,4.095000000000000000e+03,0.000000000000000000e+00
0.000000000000000000e+00,0.000000000000000000e+00,4.095000000000000000e+03,4.095000000000000000e+03,4.095000000000000000e+03,0.000000000000000000e+00
0.000000000000000000e+00,0.000000000000000000e+00,4.095000000000000000e+03,4.095000000000000000e+03,4.095000000000000000e+03,0.000000000000000000e+00
0.000000000000000000e+00,0.000000000000000000e+00,4.095000000000000000e+03,4.095000000000000000e+03,4.095000000000000000e+03,0.000000000000000000e+00
0.000000000000000000e+00,0.000000000000000000e+00,4.095000000000000000e+03,4.095000000000000000e+03,4.095000000000000000e+03,0.000000000000000000e+00
0.000000000000000000e+00,0.000000000000000000e+00,4.095000000000000000e+03,4.095000000000000000e+03,4.095000000000000000e+03,0.000000000000000000e+00
0.000000000000000000e+00,0.000000000000000000e+00,4.095000000000000000e+03,4.095000000000000000e+03,4.095000000000000000e+03,0.000000000000000000e+00
0.000000000000000000e+00,0.000000000000000000e+00,4.095000000000000000e+03,4.095000000000000000e+03,4.087000000000000000e+03,0.000000000000000000e+00
0.000000000000000000e+00,0.000000000000000000e+00,4.095000000000000000e+03,4.095000000000000000e+03,4.095000000000000000e+03,0.000000000000000000e+00
0.000000000000000000e+00,0.000000000000000000e+00,4.095000000000000000e+03,4.095000000000000000e+03,4.095000000000000000e+03,0.000000000000000000e+00
0.000000000000000000e+00,0.000000000000000000e+00,4.095000000000000000e+03,4.095000000000000000e+03,4.095000000000000000e+03,0.000000000000000000e+00
0.000000000000000000e+00,0.000000000000000000e+00,4.095000000000000000e+03,4.095000000000000000e+03,4.095000000000000000e+03,0.000000000000000000e+00
0.000000000000000000e+00,0.000000000000000000e+00,4.095000000000000000e+03,4.095000000000000000e+03,4.095000000000000000e+03,0.000000000000000000e+00
0.000000000000000000e+00,0.000000000000000000e+00,4.095000000000000000e+03,4.095000000000000000e+03,4.095000000000000000e+03,0.000000000000000000e+00
0.000000000000000000e+00,0.000000000000000000e+00,4.095000000000000000e+03,4.095000000000000000e+03,4.095000000000000000e+03,0.000000000000000000e+00
0.000000000000000000e+00,0.000000000000000000e+00,4.095000000000000000e+03,4.095000000000000000e+03,4.095000000000000000e+03,0.000000000000000000e+00
0.000000000000000000e+00,0.000000000000000000e+00,4.095000000000000000e+03,4.095000000000000000e+03,4.095000000000000000e+03,0.000000000000000000e+00
0.000000000000000000e+00,0.000000000000000000e+00,4.095000000000000000e+03,4.095000000000000000e+03,4.095000000000000000e+03,0.000000000000000000e+00
0.000000000000000000e+00,0.000000000000000000e+00,4.095000000000000000e+03,4.095000000000000000e+03,4.095000000000000000e+03,0.000000000000000000e+00
0.000000000000000000e+00,0.000000000000000000e+00,4.095000000000000000e+03,4.095000000000000000e+03,4.095000000000000000e+03,0.000000000000000000e+00
0.000000000000000000e+00,0.000000000000000000e+00,4.095000000000000000e+03,4.095000000000000000e+03,4.095000000000000000e+03,0.000000000000000000e+00
0.000000000000000000e+00,0.000000000000000000e+00,4.095000000000000000e+03,4.095000000000000000e+03,4.095000000000000000e+03,0.000000000000000000e+00
0.000000000000000000e+00,0.000000000000000000e+00,4.095000000000000000e+03,4.095000000000000000e+03,4.095000000000000000e+03,0.000000000000000000e+00
0.000000000000000000e+00,0.000000000000000000e+00,4.095000000000000000e+03,4.095000000000000000e+03,4.095000000000000000e+03,0.000000000000000000e+00
0.000000000000000000e+00,0.000000000000000000e+00,4.095000000000000000e+03,4.095000000000000000e+03,4.095000000000000000e+03,0.000000000000000000e+00
0.000000000000000000e+00,0.000000000000000000e+00,4.095000000000000000e+03,4.095000000000000000e+03,4.095000000000000000e+03,0.000000000000000000e+00
0.000000000000000000e+00,0.000000000000000000e+00,4.095000000000000000e+03,4.095000000000000000e+03,4.095000000000000000e+03,0.000000000000000000e+00
0.000000000000000000e+00,0.000000000000000000e+00,4.095000000000000000e+03,4.095000000000000000e+03,4.095000000000000000e+03,0.000000000000000000e+00
0.000000000000000000e+00,0.000000000000000000e+00,4.095000000000000000e+03,4.095000000000000000e+03,4.095000000000000000e+03,0.000000000000000000e+00
0.000000000000000000e+00,0.000000000000000000e+00,4.095000000000000000e+03,4.095000000000000000e+03,4.095000000000000000e+03,0.000000000000000000e+00
0.000000000000000000e+00,0.000000000000000000e+00,4.095000000000000000e+03,4.095000000000000000e+03,4.095000000000000000e+03,0.000000000000000000e+00
0.000000000000000000e+00,0.000000000000000000e+00,4.095000000000000000e+03,4.095000000000000000e+03,4.095000000000000000e+03,0.000000000000000000e+00
0.000000000000000000e+00,0.000000000000000000e+00,4.095000000000000000e+03,4.095000000000000000e+03,4.095000000000000000e+03,0.000000000000000000e+00
0.000000000000000000e+00,0.000000000000000000e+00,4.095000000000000000e+03,4.095000000000000000e+03,4.095000000000000000e+03,0.000000000000000000e+00
0.000000000000000000e+00,0.000000000000000000e+00,4.095000000000000000e+03,4.095000000000000000e+03,4.095000000000000000e+03,0.000000000000000000e+00
0.000000000000000000e+00,0.000000000000000000e+00,4.095000000000000000e+03,4.095000000000000000e+03,4.095000000000000000e+03,0.000000000000000000e+00
0.000000000000000000e+00,0.000000000000000000e+00,4.095000000000000000e+03,4.095000000000000000e+03,4.095000000000000000e+03,0.000000000000000000e+00
0.000000000000000000e+00,0.000000000000000000e+00,4.095000000000000000e+03,4.095000000000000000e+03,4.095000000000000000e+03,0.000000000000000000e+00
0.000000000000000000e+00,0.000000000000000000e+00,4.095000000000000000e+03,4.095000000000000000e+03,4.095000000000000000e+03,0.000000000000000000e+00
0.000000000000000000e+00,0.000000000000000000e+00,4.095000000000000000e+03,4.095000000000000000e+03,4.095000000000000000e+03,0.000000000000000000e+00
0.000000000000000000e+00,0.000000000000000000e+00,4.095000000000000000e+03,4.095000000000000000e+03,4.095000000000000000e+03,0.000000000000000000e+00
0.000000000000000000e+00,0.000000000000000000e+00,4.095000000000000000e+03,4.095000000000000000e+03,4.095000000000000000e+03,0.000000000000000000e+00
0.000000000000000000e+00,0.000000000000000000e+00,4.095000000000000000e+03,4.095000000000000000e+03,4.095000000000000000e+03,0.000000000000000000e+00
0.000000000000000000e+00,0.000000000000000000e+00,4.095000000000000000e+03,3.958000000000000000e+03,4.095000000000000000e+03,0.000000000000000000e+00
0.000000000000000000e+00,0.000000000000000000e+00,4.095000000000000000e+03,4.095000000000000000e+03,4.095000000000000000e+03,0.000000000000000000e+00
0.000000000000000000e+00,0.000000000000000000e+00,4.095000000000000000e+03,4.095000000000000000e+03,4.095000000000000000e+03,0.000000000000000000e+00
0.000000000000000000e+00,0.000000000000000000e+00,4.095000000000000000e+03,4.095000000000000000e+03,4.095000000000000000e+03,0.000000000000000000e+00
0.000000000000000000e+00,0.000000000000000000e+00,4.095000000000000000e+03,4.095000000000000000e+03,4.095000000000000000e+03,0.000000000000000000e+00
0.000000000000000000e+00,0.000000000000000000e+00,4.095000000000000000e+03,4.095000000000000000e+03,4.095000000000000000e+03,0.000000000000000000e+00
0.000000000000000000e+00,0.000000000000000000e+00,4.095000000000000000e+03,4.095000000000000000e+03,4.095000000000000000e+03,0.000000000000000000e+00
0.000000000000000000e+00,0.000000000000000000e+00,4.095000000000000000e+03,4.095000000000000000e+03,4.095000000000000000e+03,0.000000000000000000e+00
0.000000000000000000e+00,0.000000000000000000e+00,4.095000000000000000e+03,4.095000000000000000e+03,4.095000000000000000e+03,0.000000000000000000e+00
0.000000000000000000e+00,0.000000000000000000e+00,4.095000000000000000e+03,4.095000000000000000e+03,4.095000000000000000e+03,0.000000000000000000e+00
0.000000000000000000e+00,0.000000000000000000e+00,4.095000000000000000e+03,4.095000000000000000e+03,4.095000000000000000e+03,0.000000000000000000e+00
0.000000000000000000e+00,0.000000000000000000e+00,4.095000000000000000e+03,4.095000000000000000e+03,4.095000000000000000e+03,0.000000000000000000e+00
0.000000000000000000e+00,0.000000000000000000e+00,4.095000000000000000e+03,4.095000000000000000e+03,4.095000000000000000e+03,0.000000000000000000e+00
0.000000000000000000e+00,0.000000000000000000e+00,4.095000000000000000e+03,4.095000000000000000e+03,4.095000000000000000e+03,0.000000000000000000e+00
0.000000000000000000e+00,0.000000000000000000e+00,4.095000000000000000e+03,4.095000000000000000e+03,4.095000000000000000e+03,0.000000000000000000e+00
0.000000000000000000e+00,0.000000000000000000e+00,4.095000000000000000e+03,4.095000000000000000e+03,4.095000000000000000e+03,0.000000000000000000e+00
0.000000000000000000e+00,0.000000000000000000e+00,4.095000000000000000e+03,4.095000000000000000e+03,4.095000000000000000e+03,0.000000000000000000e+00
0.000000000000000000e+00,0.000000000000000000e+00,4.095000000000000000e+03,4.095000000000000000e+03,4.095000000000000000e+03,0.000000000000000000e+00
0.000000000000000000e+00,0.000000000000000000e+00,4.095000000000000000e+03,4.095000000000000000e+03,4.095000000000000000e+03,0.000000000000000000e+00
0.000000000000000000e+00,0.000000000000000000e+00,4.095000000000000000e+03,4.095000000000000000e+03,4.095000000000000000e+03,0.000000000000000000e+00
0.000000000000000000e+00,0.000000000000000000e+00,4.095000000000000000e+03,4.095000000000000000e+03,4.095000000000000000e+03,0.000000000000000000e+00
0.000000000000000000e+00,0.000000000000000000e+00,4.095000000000000000e+03,4.095000000000000000e+03,4.095000000000000000e+03,0.000000000000000000e+00
0.000000000000000000e+00,0.000000000000000000e+00,4.095000000000000000e+03,4.095000000000000000e+03,4.095000000000000000e+03,0.000000000000000000e+00
0.000000000000000000e+00,0.000000000000000000e+00,4.095000000000000000e+03,4.095000000000000000e+03,4.095000000000000000e+03,0.000000000000000000e+00
0.000000000000000000e+00,0.000000000000000000e+00,4.095000000000000000e+03,4.095000000000000000e+03,4.095000000000000000e+03,0.000000000000000000e+00
0.000000000000000000e+00,0.000000000000000000e+00,4.095000000000000000e+03,4.095000000000000000e+03,4.095000000000000000e+03,0.000000000000000000e+00
0.000000000000000000e+00,0.000000000000000000e+00,4.095000000000000000e+03,4.095000000000000000e+03,4.095000000000000000e+03,0.000000000000000000e+00
0.000000000000000000e+00,0.000000000000000000e+00,4.095000000000000000e+03,4.095000000000000000e+03,4.095000000000000000e+03,0.000000000000000000e+00
0.000000000000000000e+00,0.000000000000000000e+00,4.095000000000000000e+03,4.095000000000000000e+03,4.095000000000000000e+03,0.000000000000000000e+00
0.000000000000000000e+00,0.000000000000000000e+00,4.095000000000000000e+03,4.095000000000000000e+03,4.095000000000000000e+03,0.000000000000000000e+00
0.000000000000000000e+00,0.000000000000000000e+00,4.095000000000000000e+03,4.095000000000000000e+03,4.095000000000000000e+03,0.000000000000000000e+00
0.000000000000000000e+00,0.000000000000000000e+00,4.095000000000000000e+03,4.095000000000000000e+03,4.095000000000000000e+03,0.000000000000000000e+00
0.000000000000000000e+00,0.000000000000000000e+00,4.095000000000000000e+03,4.095000000000000000e+03,4.095000000000000000e+03,0.000000000000000000e+00
0.000000000000000000e+00,0.000000000000000000e+00,4.095000000000000000e+03,4.095000000000000000e+03,4.095000000000000000e+03,0.000000000000000000e+00
0.000000000000000000e+00,0.000000000000000000e+00,4.095000000000000000e+03,4.095000000000000000e+03,4.095000000000000000e+03,0.000000000000000000e+00
0.000000000000000000e+00,0.000000000000000000e+00,4.095000000000000000e+03,4.095000000000000000e+03,4.095000000000000000e+03,0.000000000000000000e+00
0.000000000000000000e+00,0.000000000000000000e+00,4.095000000000000000e+03,4.095000000000000000e+03,4.095000000000000000e+03,0.000000000000000000e+00
0.000000000000000000e+00,0.000000000000000000e+00,4.095000000000000000e+03,4.095000000000000000e+03,4.095000000000000000e+03,0.000000000000000000e+00
0.000000000000000000e+00,0.000000000000000000e+00,4.095000000000000000e+03,4.095000000000000000e+03,4.095000000000000000e+03,0.000000000000000000e+00
0.000000000000000000e+00,0.000000000000000000e+00,4.095000000000000000e+03,4.095000000000000000e+03,4.095000000000000000e+03,0.000000000000000000e+00
0.000000000000000000e+00,0.000000000000000000e+00,4.095000000000000000e+03,4.095000000000000000e+03,4.095000000000000000e+03,0.000000000000000000e+00
0.000000000000000000e+00,0.000000000000000000e+00,4.095000000000000000e+03,4.095000000000000000e+03,4.095000000000000000e+03,0.000000000000000000e+00
0.000000000000000000e+00,0.000000000000000000e+00,4.095000000000000000e+03,4.095000000000000000e+03,4.095000000000000000e+03,0.000000000000000000e+00
0.000000000000000000e+00,0.000000000000000000e+00,4.095000000000000000e+03,3.959000000000000000e+03,4.095000000000000000e+03,0.000000000000000000e+00
0.000000000000000000e+00,0.000000000000000000e+00,4.095000000000000000e+03,4.095000000000000000e+03,4.095000000000000000e+03,0.000000000000000000e+00
0.000000000000000000e+00,0.000000000000000000e+00,4.095000000000000000e+03,4.095000000000000000e+03,4.095000000000000000e+03,0.000000000000000000e+00
0.000000000000000000e+00,0.000000000000000000e+00,4.095000000000000000e+03,4.095000000000000000e+03,4.095000000000000000e+03,0.000000000000000000e+00
0.000000000000000000e+00,0.000000000000000000e+00,4.095000000000000000e+03,4.095000000000000000e+03,4.095000000000000000e+03,0.000000000000000000e+00
0.000000000000000000e+00,0.000000000000000000e+00,4.095000000000000000e+03,4.095000000000000000e+03,4.095000000000000000e+03,0.000000000000000000e+00
0.000000000000000000e+00,0.000000000000000000e+00,4.095000000000000000e+03,4.095000000000000000e+03,4.095000000000000000e+03,0.000000000000000000e+00
0.000000000000000000e+00,0.000000000000000000e+00,4.095000000000000000e+03,4.095000000000000000e+03,4.095000000000000000e+03,0.000000000000000000e+00
0.000000000000000000e+00,0.000000000000000000e+00,4.095000000000000000e+03,4.095000000000000000e+03,4.095000000000000000e+03,0.000000000000000000e+00
0.000000000000000000e+00,0.000000000000000000e+00,4.095000000000000000e+03,4.095000000000000000e+03,4.095000000000000000e+03,0.000000000000000000e+00
0.000000000000000000e+00,0.000000000000000000e+00,4.095000000000000000e+03,4.095000000000000000e+03,4.095000000000000000e+03,0.000000000000000000e+00
0.000000000000000000e+00,0.000000000000000000e+00,4.095000000000000000e+03,4.095000000000000000e+03,4.095000000000000000e+03,0.000000000000000000e+00
0.000000000000000000e+00,0.000000000000000000e+00,4.095000000000000000e+03,4.095000000000000000e+03,4.095000000000000000e+03,0.000000000000000000e+00
0.000000000000000000e+00,0.000000000000000000e+00,4.095000000000000000e+03,4.095000000000000000e+03,4.095000000000000000e+03,0.000000000000000000e+00
0.000000000000000000e+00,0.000000000000000000e+00,4.095000000000000000e+03,4.095000000000000000e+03,4.095000000000000000e+03,0.000000000000000000e+00
0.000000000000000000e+00,0.000000000000000000e+00,4.095000000000000000e+03,4.095000000000000000e+03,4.095000000000000000e+03,0.000000000000000000e+00
0.000000000000000000e+00,0.000000000000000000e+00,4.095000000000000000e+03,4.095000000000000000e+03,4.095000000000000000e+03,0.000000000000000000e+00
0.000000000000000000e+00,0.000000000000000000e+00,4.095000000000000000e+03,4.095000000000000000e+03,4.095000000000000000e+03,0.000000000000000000e+00
0.000000000000000000e+00,0.000000000000000000e+00,4.095000000000000000e+03,4.095000000000000000e+03,4.095000000000000000e+03,0.000000000000000000e+00
0.000000000000000000e+00,0.000000000000000000e+00,4.095000000000000000e+03,4.095000000000000000e+03,4.095000000000000000e+03,0.000000000000000000e+00
0.000000000000000000e+00,0.000000000000000000e+00,4.095000000000000000e+03,4.095000000000000000e+03,4.095000000000000000e+03,0.000000000000000000e+00
0.000000000000000000e+00,0.000000000000000000e+00,4.095000000000000000e+03,4.095000000000000000e+03,4.095000000000000000e+03,0.000000000000000000e+00
0.000000000000000000e+00,0.000000000000000000e+00,4.095000000000000000e+03,4.095000000000000000e+03,4.095000000000000000e+03,0.000000000000000000e+00
0.000000000000000000e+00,0.000000000000000000e+00,4.095000000000000000e+03,4.095000000000000000e+03,4.095000000000000000e+03,0.000000000000000000e+00
0.000000000000000000e+00,0.000000000000000000e+00,4.095000000000000000e+03,4.095000000000000000e+03,4.095000000000000000e+03,0.000000000000000000e+00
0.000000000000000000e+00,0.000000000000000000e+00,4.095000000000000000e+03,4.015000000000000000e+03,4.095000000000000000e+03,0.000000000000000000e+00
0.000000000000000000e+00,0.000000000000000000e+00,4.095000000000000000e+03,4.095000000000000000e+03,4.095000000000000000e+03,0.000000000000000000e+00
0.000000000000000000e+00,0.000000000000000000e+00,4.095000000000000000e+03,4.095000000000000000e+03,4.095000000000000000e+03,0.000000000000000000e+00
0.000000000000000000e+00,0.000000000000000000e+00,4.095000000000000000e+03,4.095000000000000000e+03,4.095000000000000000e+03,0.000000000000000000e+00
0.000000000000000000e+00,0.000000000000000000e+00,4.095000000000000000e+03,4.095000000000000000e+03,4.095000000000000000e+03,0.000000000000000000e+00
0.000000000000000000e+00,0.000000000000000000e+00,4.095000000000000000e+03,4.095000000000000000e+03,4.095000000000000000e+03,0.000000000000000000e+00
0.000000000000000000e+00,0.000000000000000000e+00,4.095000000000000000e+03,4.095000000000000000e+03,4.095000000000000000e+03,0.000000000000000000e+00
0.000000000000000000e+00,0.000000000000000000e+00,4.095000000000000000e+03,4.095000000000000000e+03,4.095000000000000000e+03,0.000000000000000000e+00
0.000000000000000000e+00,0.000000000000000000e+00,4.095000000000000000e+03,4.095000000000000000e+03,4.095000000000000000e+03,0.000000000000000000e+00
0.000000000000000000e+00,0.000000000000000000e+00,4.083000000000000000e+03,4.095000000000000000e+03,4.067000000000000000e+03,0.000000000000000000e+00
0.000000000000000000e+00,0.000000000000000000e+00,4.095000000000000000e+03,4.095000000000000000e+03,4.095000000000000000e+03,0.000000000000000000e+00
0.000000000000000000e+00,0.000000000000000000e+00,4.095000000000000000e+03,4.095000000000000000e+03,4.095000000000000000e+03,0.000000000000000000e+00
0.000000000000000000e+00,0.000000000000000000e+00,4.095000000000000000e+03,4.095000000000000000e+03,4.095000000000000000e+03,0.000000000000000000e+00
0.000000000000000000e+00,0.000000000000000000e+00,4.095000000000000000e+03,4.095000000000000000e+03,4.095000000000000000e+03,0.000000000000000000e+00
0.000000000000000000e+00,0.000000000000000000e+00,4.095000000000000000e+03,4.095000000000000000e+03,4.095000000000000000e+03,0.000000000000000000e+00
0.000000000000000000e+00,0.000000000000000000e+00,4.095000000000000000e+03,4.095000000000000000e+03,4.095000000000000000e+03,0.000000000000000000e+00
0.000000000000000000e+00,0.000000000000000000e+00,4.095000000000000000e+03,4.095000000000000000e+03,4.095000000000000000e+03,0.000000000000000000e+00
0.000000000000000000e+00,0.000000000000000000e+00,4.095000000000000000e+03,4.095000000000000000e+03,4.095000000000000000e+03,0.000000000000000000e+00
0.000000000000000000e+00,0.000000000000000000e+00,4.095000000000000000e+03,4.095000000000000000e+03,4.095000000000000000e+03,0.000000000000000000e+00
0.000000000000000000e+00,0.000000000000000000e+00,4.095000000000000000e+03,4.095000000000000000e+03,4.095000000000000000e+03,0.000000000000000000e+00
0.000000000000000000e+00,0.000000000000000000e+00,4.095000000000000000e+03,4.095000000000000000e+03,4.095000000000000000e+03,0.000000000000000000e+00
0.000000000000000000e+00,0.000000000000000000e+00,4.095000000000000000e+03,4.095000000000000000e+03,3.851000000000000000e+03,0.000000000000000000e+00
0.000000000000000000e+00,0.000000000000000000e+00,4.095000000000000000e+03,4.095000000000000000e+03,4.095000000000000000e+03,0.000000000000000000e+00
0.000000000000000000e+00,0.000000000000000000e+00,4.095000000000000000e+03,4.095000000000000000e+03,4.095000000000000000e+03,0.000000000000000000e+00
0.000000000000000000e+00,0.000000000000000000e+00,4.095000000000000000e+03,4.095000000000000000e+03,4.095000000000000000e+03,0.000000000000000000e+00
0.000000000000000000e+00,0.000000000000000000e+00,4.095000000000000000e+03,4.095000000000000000e+03,4.095000000000000000e+03,0.000000000000000000e+00
0.000000000000000000e+00,0.000000000000000000e+00,4.095000000000000000e+03,4.095000000000000000e+03,4.095000000000000000e+03,0.000000000000000000e+00
0.000000000000000000e+00,0.000000000000000000e+00,4.095000000000000000e+03,4.095000000000000000e+03,4.095000000000000000e+03,0.000000000000000000e+00
0.000000000000000000e+00,0.000000000000000000e+00,4.095000000000000000e+03,4.095000000000000000e+03,4.095000000000000000e+03,0.000000000000000000e+00
0.000000000000000000e+00,0.000000000000000000e+00,4.095000000000000000e+03,4.095000000000000000e+03,4.095000000000000000e+03,0.000000000000000000e+00
0.000000000000000000e+00,0.000000000000000000e+00,4.095000000000000000e+03,4.095000000000000000e+03,4.095000000000000000e+03,0.000000000000000000e+00
0.000000000000000000e+00,0.000000000000000000e+00,4.095000000000000000e+03,4.095000000000000000e+03,4.095000000000000000e+03,0.000000000000000000e+00
0.000000000000000000e+00,0.000000000000000000e+00,4.095000000000000000e+03,4.095000000000000000e+03,4.095000000000000000e+03,0.000000000000000000e+00
0.000000000000000000e+00,0.000000000000000000e+00,4.095000000000000000e+03,4.095000000000000000e+03,4.095000000000000000e+03,0.000000000000000000e+00
0.000000000000000000e+00,0.000000000000000000e+00,4.095000000000000000e+03,4.095000000000000000e+03,4.095000000000000000e+03,0.000000000000000000e+00
0.000000000000000000e+00,0.000000000000000000e+00,4.095000000000000000e+03,4.095000000000000000e+03,4.095000000000000000e+03,0.000000000000000000e+00
0.000000000000000000e+00,0.000000000000000000e+00,4.095000000000000000e+03,4.095000000000000000e+03,4.095000000000000000e+03,0.000000000000000000e+00
0.000000000000000000e+00,0.000000000000000000e+00,4.095000000000000000e+03,4.095000000000000000e+03,4.095000000000000000e+03,0.000000000000000000e+00
0.000000000000000000e+00,0.000000000000000000e+00,4.095000000000000000e+03,4.095000000000000000e+03,4.095000000000000000e+03,0.000000000000000000e+00
0.000000000000000000e+00,0.000000000000000000e+00,4.095000000000000000e+03,4.095000000000000000e+03,4.095000000000000000e+03,0.000000000000000000e+00
0.000000000000000000e+00,0.000000000000000000e+00,4.095000000000000000e+03,4.095000000000000000e+03,4.095000000000000000e+03,0.000000000000000000e+00
0.000000000000000000e+00,0.000000000000000000e+00,4.095000000000000000e+03,4.095000000000000000e+03,4.095000000000000000e+03,0.000000000000000000e+00
0.000000000000000000e+00,0.000000000000000000e+00,4.095000000000000000e+03,4.095000000000000000e+03,4.095000000000000000e+03,0.000000000000000000e+00
0.000000000000000000e+00,0.000000000000000000e+00,4.095000000000000000e+03,4.095000000000000000e+03,4.095000000000000000e+03,0.000000000000000000e+00
0.000000000000000000e+00,0.000000000000000000e+00,4.095000000000000000e+03,4.095000000000000000e+03,4.095000000000000000e+03,0.000000000000000000e+00
0.000000000000000000e+00,0.000000000000000000e+00,4.095000000000000000e+03,4.095000000000000000e+03,4.095000000000000000e+03,0.000000000000000000e+00
0.000000000000000000e+00,0.000000000000000000e+00,4.095000000000000000e+03,4.095000000000000000e+03,4.095000000000000000e+03,0.000000000000000000e+00
0.000000000000000000e+00,0.000000000000000000e+00,4.095000000000000000e+03,4.095000000000000000e+03,4.095000000000000000e+03,0.000000000000000000e+00
0.000000000000000000e+00,0.000000000000000000e+00,4.095000000000000000e+03,4.095000000000000000e+03,4.095000000000000000e+03,0.000000000000000000e+00
0.000000000000000000e+00,0.000000000000000000e+00,4.095000000000000000e+03,4.095000000000000000e+03,4.095000000000000000e+03,0.000000000000000000e+00
0.000000000000000000e+00,0.000000000000000000e+00,4.095000000000000000e+03,4.095000000000000000e+03,4.095000000000000000e+03,0.000000000000000000e+00
0.000000000000000000e+00,0.000000000000000000e+00,4.095000000000000000e+03,4.095000000000000000e+03,4.095000000000000000e+03,0.000000000000000000e+00
0.000000000000000000e+00,0.000000000000000000e+00,4.095000000000000000e+03,4.095000000000000000e+03,4.095000000000000000e+03,0.000000000000000000e+00
