9.799999999999999822e-01,6.300000000000000044e-01,6.709999999999999964e+00
7.199999999999999734e-01,4.799999999999999822e-01,7.000000000000000000e+00
4.500000000000000111e-01,4.199999999999999845e-01,7.280000000000000249e+00
7.800000000000000266e-01,5.100000000000000089e-01,7.099999999999999645e+00
6.800000000000000488e-01,6.999999999999999556e-01,7.450000000000000178e+00
7.299999999999999822e-01,5.799999999999999600e-01,7.309999999999999609e+00
6.600000000000000311e-01,4.600000000000000200e-01,6.769999999999999574e+00
6.300000000000000044e-01,4.099999999999999756e-01,7.139999999999999680e+00
9.000000000000000222e-01,5.100000000000000089e-01,6.570000000000000284e+00
5.699999999999999512e-01,5.899999999999999689e-01,6.879999999999999893e+00
5.200000000000000178e-01,5.500000000000000444e-01,7.169999999999999929e+00
8.100000000000000533e-01,5.000000000000000000e-01,6.389999999999999680e+00
6.199999999999999956e-01,5.699999999999999512e-01,7.269999999999999574e+00
7.900000000000000355e-01,4.600000000000000200e-01,6.929999999999999716e+00
7.299999999999999822e-01,5.100000000000000089e-01,6.759999999999999787e+00
7.299999999999999822e-01,6.800000000000000488e-01,7.049999999999999822e+00
8.800000000000000044e-01,5.400000000000000355e-01,6.370000000000000107e+00
7.900000000000000355e-01,5.100000000000000089e-01,6.389999999999999680e+00
6.999999999999999556e-01,4.899999999999999911e-01,6.589999999999999858e+00
8.499999999999999778e-01,4.799999999999999822e-01,6.709999999999999964e+00
6.400000000000000133e-01,4.400000000000000022e-01,7.190000000000000391e+00
6.300000000000000044e-01,5.400000000000000355e-01,7.250000000000000000e+00
7.299999999999999822e-01,6.099999999999999867e-01,6.629999999999999893e+00
8.000000000000000444e-01,4.899999999999999911e-01,6.769999999999999574e+00
6.700000000000000400e-01,3.300000000000000155e-01,6.269999999999999574e+00
5.500000000000000444e-01,5.300000000000000266e-01,7.030000000000000249e+00
6.099999999999999867e-01,4.400000000000000022e-01,6.860000000000000320e+00
7.700000000000000178e-01,4.299999999999999933e-01,6.849999999999999645e+00
6.700000000000000400e-01,5.400000000000000355e-01,6.679999999999999716e+00
6.400000000000000133e-01,5.200000000000000178e-01,6.679999999999999716e+00
8.399999999999999689e-01,4.299999999999999933e-01,6.110000000000000320e+00
5.999999999999999778e-01,5.799999999999999600e-01,6.980000000000000426e+00
6.400000000000000133e-01,5.400000000000000355e-01,7.280000000000000249e+00
6.999999999999999556e-01,6.300000000000000044e-01,6.959999999999999964e+00
7.800000000000000266e-01,2.700000000000000178e-01,7.049999999999999822e+00
6.800000000000000488e-01,3.800000000000000044e-01,7.360000000000000320e+00
7.299999999999999822e-01,7.500000000000000000e-01,7.419999999999999929e+00
8.299999999999999600e-01,4.199999999999999845e-01,6.639999999999999680e+00
6.700000000000000400e-01,5.600000000000000533e-01,7.009999999999999787e+00
7.099999999999999645e-01,4.600000000000000200e-01,7.179999999999999716e+00
8.699999999999999956e-01,4.600000000000000200e-01,6.940000000000000391e+00
8.900000000000000133e-01,3.099999999999999978e-01,7.000000000000000000e+00
7.299999999999999822e-01,6.300000000000000044e-01,7.089999999999999858e+00
7.299999999999999822e-01,7.399999999999999911e-01,6.580000000000000071e+00
9.300000000000000488e-01,6.099999999999999867e-01,6.740000000000000213e+00
8.499999999999999778e-01,5.500000000000000444e-01,6.769999999999999574e+00
7.299999999999999822e-01,5.000000000000000000e-01,6.740000000000000213e+00
9.499999999999999556e-01,5.400000000000000355e-01,6.389999999999999680e+00
8.100000000000000533e-01,4.400000000000000022e-01,6.410000000000000142e+00
8.499999999999999778e-01,5.699999999999999512e-01,6.290000000000000036e+00
7.800000000000000266e-01,5.600000000000000533e-01,6.549999999999999822e+00
5.799999999999999600e-01,4.600000000000000200e-01,6.549999999999999822e+00
6.899999999999999467e-01,4.799999999999999822e-01,7.200000000000000178e+00
7.099999999999999645e-01,5.699999999999999512e-01,6.980000000000000426e+00
6.300000000000000044e-01,4.400000000000000022e-01,6.959999999999999964e+00
7.199999999999999734e-01,5.100000000000000089e-01,6.900000000000000355e+00
7.099999999999999645e-01,5.000000000000000000e-01,6.629999999999999893e+00
6.600000000000000311e-01,6.300000000000000044e-01,6.980000000000000426e+00
7.399999999999999911e-01,5.000000000000000000e-01,7.160000000000000142e+00
5.799999999999999600e-01,5.500000000000000444e-01,6.809999999999999609e+00
9.200000000000000400e-01,5.300000000000000266e-01,6.440000000000000391e+00
7.399999999999999911e-01,5.200000000000000178e-01,6.620000000000000107e+00
6.999999999999999556e-01,4.699999999999999734e-01,6.929999999999999716e+00
6.099999999999999867e-01,4.600000000000000200e-01,7.429999999999999716e+00
9.899999999999999911e-01,4.299999999999999933e-01,6.809999999999999609e+00
7.500000000000000000e-01,5.400000000000000355e-01,7.080000000000000071e+00
8.000000000000000444e-01,5.200000000000000178e-01,6.730000000000000426e+00
6.099999999999999867e-01,4.400000000000000022e-01,7.360000000000000320e+00
8.499999999999999778e-01,6.500000000000000222e-01,7.370000000000000107e+00
7.299999999999999822e-01,9.100000000000000311e-01,6.940000000000000391e+00
7.399999999999999911e-01,5.600000000000000533e-01,7.309999999999999609e+00
7.800000000000000266e-01,6.700000000000000400e-01,7.179999999999999716e+00
6.600000000000000311e-01,3.300000000000000155e-01,6.669999999999999929e+00
6.700000000000000400e-01,3.699999999999999956e-01,6.879999999999999893e+00
8.199999999999999512e-01,5.600000000000000533e-01,6.620000000000000107e+00
7.700000000000000178e-01,4.400000000000000022e-01,6.919999999999999929e+00
6.300000000000000044e-01,4.199999999999999845e-01,7.250000000000000000e+00
8.399999999999999689e-01,4.500000000000000111e-01,6.750000000000000000e+00
6.199999999999999956e-01,8.000000000000000444e-01,6.519999999999999574e+00
6.800000000000000488e-01,1.040000000000000036e+00,6.889999999999999680e+00
6.099999999999999867e-01,5.799999999999999600e-01,6.809999999999999609e+00
6.300000000000000044e-01,8.399999999999999689e-01,7.049999999999999822e+00
7.099999999999999645e-01,7.700000000000000178e-01,6.959999999999999964e+00
7.900000000000000355e-01,5.300000000000000266e-01,6.769999999999999574e+00
7.399999999999999911e-01,5.300000000000000266e-01,7.080000000000000071e+00
6.700000000000000400e-01,5.400000000000000355e-01,7.150000000000000355e+00
8.199999999999999512e-01,3.300000000000000155e-01,7.339999999999999858e+00
6.800000000000000488e-01,8.000000000000000444e-01,7.219999999999999751e+00
7.600000000000000089e-01,5.600000000000000533e-01,6.919999999999999929e+00
6.700000000000000400e-01,3.400000000000000244e-01,6.910000000000000142e+00
7.900000000000000355e-01,4.600000000000000200e-01,6.669999999999999929e+00
8.599999999999999867e-01,4.899999999999999911e-01,6.509999999999999787e+00
8.299999999999999600e-01,4.199999999999999845e-01,6.809999999999999609e+00
8.000000000000000444e-01,5.100000000000000089e-01,6.790000000000000036e+00
6.099999999999999867e-01,5.699999999999999512e-01,6.370000000000000107e+00
7.299999999999999822e-01,5.000000000000000000e-01,6.889999999999999680e+00
7.500000000000000000e-01,2.999999999999999889e-01,6.790000000000000036e+00
8.800000000000000044e-01,3.900000000000000133e-01,6.540000000000000036e+00
6.300000000000000044e-01,5.200000000000000178e-01,7.000000000000000000e+00
7.800000000000000266e-01,5.200000000000000178e-01,6.500000000000000000e+00
6.800000000000000488e-01,5.300000000000000266e-01,6.709999999999999964e+00
8.399999999999999689e-01,4.600000000000000200e-01,6.929999999999999716e+00
9.100000000000000311e-01,3.900000000000000133e-01,6.820000000000000284e+00
7.199999999999999734e-01,5.500000000000000444e-01,6.799999999999999822e+00
8.199999999999999512e-01,5.100000000000000089e-01,6.950000000000000178e+00
8.699999999999999956e-01,4.299999999999999933e-01,6.799999999999999822e+00
7.500000000000000000e-01,4.199999999999999845e-01,7.129999999999999893e+00
8.399999999999999689e-01,5.300000000000000266e-01,6.500000000000000000e+00
7.800000000000000266e-01,4.299999999999999933e-01,6.709999999999999964e+00
6.600000000000000311e-01,5.600000000000000533e-01,6.950000000000000178e+00
6.700000000000000400e-01,5.899999999999999689e-01,6.690000000000000391e+00
7.600000000000000089e-01,5.100000000000000089e-01,7.110000000000000320e+00
7.299999999999999822e-01,5.100000000000000089e-01,6.990000000000000213e+00
8.499999999999999778e-01,3.699999999999999956e-01,6.480000000000000426e+00
7.099999999999999645e-01,5.400000000000000355e-01,7.009999999999999787e+00
8.399999999999999689e-01,4.400000000000000022e-01,6.759999999999999787e+00
7.199999999999999734e-01,4.199999999999999845e-01,6.419999999999999929e+00
5.500000000000000444e-01,5.400000000000000355e-01,6.969999999999999751e+00
7.099999999999999645e-01,5.699999999999999512e-01,7.049999999999999822e+00
6.899999999999999467e-01,6.099999999999999867e-01,6.809999999999999609e+00
6.800000000000000488e-01,5.799999999999999600e-01,6.929999999999999716e+00
6.600000000000000311e-01,5.500000000000000444e-01,7.089999999999999858e+00
6.700000000000000400e-01,4.000000000000000222e-01,7.379999999999999893e+00
7.800000000000000266e-01,2.099999999999999922e-01,7.379999999999999893e+00
8.599999999999999867e-01,4.400000000000000022e-01,7.139999999999999680e+00
8.100000000000000533e-01,3.699999999999999956e-01,6.549999999999999822e+00
8.199999999999999512e-01,6.099999999999999867e-01,6.330000000000000071e+00
8.900000000000000133e-01,4.099999999999999756e-01,6.360000000000000320e+00
6.700000000000000400e-01,5.899999999999999689e-01,6.889999999999999680e+00
7.099999999999999645e-01,5.600000000000000533e-01,7.049999999999999822e+00
8.900000000000000133e-01,4.299999999999999933e-01,7.230000000000000426e+00
7.099999999999999645e-01,4.600000000000000200e-01,6.820000000000000284e+00
7.700000000000000178e-01,5.300000000000000266e-01,6.889999999999999680e+00
6.800000000000000488e-01,5.100000000000000089e-01,7.040000000000000036e+00
6.400000000000000133e-01,4.199999999999999845e-01,7.250000000000000000e+00
6.999999999999999556e-01,4.199999999999999845e-01,7.250000000000000000e+00
6.999999999999999556e-01,5.300000000000000266e-01,6.889999999999999680e+00
6.899999999999999467e-01,4.600000000000000200e-01,6.730000000000000426e+00
6.400000000000000133e-01,3.599999999999999867e-01,6.889999999999999680e+00
8.900000000000000133e-01,5.200000000000000178e-01,6.700000000000000178e+00
7.600000000000000089e-01,4.500000000000000111e-01,6.719999999999999751e+00
6.500000000000000222e-01,5.100000000000000089e-01,6.860000000000000320e+00
7.600000000000000089e-01,3.499999999999999778e-01,6.870000000000000107e+00
6.199999999999999956e-01,6.800000000000000488e-01,6.769999999999999574e+00
7.500000000000000000e-01,2.999999999999999889e-02,6.679999999999999716e+00
8.699999999999999956e-01,5.799999999999999600e-01,6.849999999999999645e+00
5.500000000000000444e-01,7.500000000000000000e-01,7.160000000000000142e+00
7.399999999999999911e-01,4.899999999999999911e-01,6.759999999999999787e+00
7.700000000000000178e-01,4.799999999999999822e-01,6.719999999999999751e+00
5.999999999999999778e-01,5.300000000000000266e-01,7.280000000000000249e+00
8.699999999999999956e-01,5.799999999999999600e-01,6.490000000000000213e+00
8.000000000000000444e-01,5.100000000000000089e-01,7.019999999999999574e+00
7.500000000000000000e-01,3.300000000000000155e-01,6.200000000000000178e+00
7.700000000000000178e-01,4.299999999999999933e-01,6.309999999999999609e+00
7.700000000000000178e-01,4.799999999999999822e-01,6.200000000000000178e+00
7.500000000000000000e-01,5.699999999999999512e-01,6.839999999999999858e+00
5.799999999999999600e-01,5.300000000000000266e-01,7.200000000000000178e+00
7.600000000000000089e-01,5.000000000000000000e-01,7.219999999999999751e+00
7.600000000000000089e-01,5.300000000000000266e-01,7.290000000000000036e+00
6.899999999999999467e-01,4.899999999999999911e-01,7.450000000000000178e+00
8.599999999999999867e-01,4.699999999999999734e-01,6.719999999999999751e+00
7.099999999999999645e-01,5.300000000000000266e-01,6.839999999999999858e+00
6.300000000000000044e-01,7.299999999999999822e-01,6.990000000000000213e+00
7.800000000000000266e-01,4.099999999999999756e-01,6.509999999999999787e+00
6.700000000000000400e-01,5.999999999999999778e-01,6.379999999999999893e+00
7.500000000000000000e-01,5.799999999999999600e-01,6.589999999999999858e+00
7.399999999999999911e-01,7.900000000000000355e-01,6.839999999999999858e+00
8.599999999999999867e-01,5.799999999999999600e-01,6.440000000000000391e+00
7.700000000000000178e-01,-1.100000000000000006e-01,6.410000000000000142e+00
8.699999999999999956e-01,3.699999999999999956e-01,6.900000000000000355e+00
6.899999999999999467e-01,3.800000000000000044e-01,7.099999999999999645e+00
5.600000000000000533e-01,4.600000000000000200e-01,7.150000000000000355e+00
7.199999999999999734e-01,5.600000000000000533e-01,6.709999999999999964e+00
6.999999999999999556e-01,5.100000000000000089e-01,6.570000000000000284e+00
7.399999999999999911e-01,5.699999999999999512e-01,6.089999999999999858e+00
8.199999999999999512e-01,6.800000000000000488e-01,6.370000000000000107e+00
6.099999999999999867e-01,4.400000000000000022e-01,6.809999999999999609e+00
5.999999999999999778e-01,5.100000000000000089e-01,7.320000000000000284e+00
8.399999999999999689e-01,5.799999999999999600e-01,6.959999999999999964e+00
7.800000000000000266e-01,5.500000000000000444e-01,6.860000000000000320e+00
7.399999999999999911e-01,5.100000000000000089e-01,7.000000000000000000e+00
8.000000000000000444e-01,4.199999999999999845e-01,6.959999999999999964e+00
7.500000000000000000e-01,5.300000000000000266e-01,7.240000000000000213e+00
7.199999999999999734e-01,6.099999999999999867e-01,7.150000000000000355e+00
8.199999999999999512e-01,5.600000000000000533e-01,7.089999999999999858e+00
6.700000000000000400e-01,5.999999999999999778e-01,7.040000000000000036e+00
5.899999999999999689e-01,5.400000000000000355e-01,7.299999999999999822e+00
9.599999999999999645e-01,0.000000000000000000e+00,6.969999999999999751e+00
9.699999999999999734e-01,2.500000000000000000e-01,6.660000000000000142e+00
7.099999999999999645e-01,7.199999999999999734e-01,6.450000000000000178e+00
6.500000000000000222e-01,5.600000000000000533e-01,6.549999999999999822e+00
7.900000000000000355e-01,5.000000000000000000e-01,6.559999999999999609e+00
7.099999999999999645e-01,3.699999999999999956e-01,6.690000000000000391e+00
7.099999999999999645e-01,6.600000000000000311e-01,6.879999999999999893e+00
5.799999999999999600e-01,3.200000000000000067e-01,7.139999999999999680e+00
8.199999999999999512e-01,3.599999999999999867e-01,7.000000000000000000e+00
5.899999999999999689e-01,3.099999999999999978e-01,7.080000000000000071e+00
6.600000000000000311e-01,3.800000000000000044e-01,6.769999999999999574e+00
6.999999999999999556e-01,3.800000000000000044e-01,6.849999999999999645e+00
8.499999999999999778e-01,2.300000000000000100e-01,6.820000000000000284e+00
7.800000000000000266e-01,4.400000000000000022e-01,6.860000000000000320e+00
6.800000000000000488e-01,5.500000000000000444e-01,6.820000000000000284e+00
8.299999999999999600e-01,2.600000000000000089e-01,6.780000000000000249e+00
7.800000000000000266e-01,6.199999999999999956e-01,6.889999999999999680e+00
6.899999999999999467e-01,6.400000000000000133e-01,7.139999999999999680e+00
8.299999999999999600e-01,4.299999999999999933e-01,7.040000000000000036e+00
7.500000000000000000e-01,4.799999999999999822e-01,6.780000000000000249e+00
8.399999999999999689e-01,6.099999999999999867e-01,6.450000000000000178e+00
6.500000000000000222e-01,5.200000000000000178e-01,6.849999999999999645e+00
7.099999999999999645e-01,7.099999999999999645e-01,6.759999999999999787e+00
6.800000000000000488e-01,3.499999999999999778e-01,6.790000000000000036e+00
6.199999999999999956e-01,8.800000000000000044e-01,7.349999999999999645e+00
9.599999999999999645e-01,5.999999999999999778e-01,6.919999999999999929e+00
7.199999999999999734e-01,5.300000000000000266e-01,6.879999999999999893e+00
7.299999999999999822e-01,4.899999999999999911e-01,6.509999999999999787e+00
7.399999999999999911e-01,4.099999999999999756e-01,6.650000000000000355e+00
5.300000000000000266e-01,5.100000000000000089e-01,6.620000000000000107e+00
8.000000000000000444e-01,4.299999999999999933e-01,6.910000000000000142e+00
9.499999999999999556e-01,3.499999999999999778e-01,6.450000000000000178e+00
5.799999999999999600e-01,5.200000000000000178e-01,6.919999999999999929e+00
6.899999999999999467e-01,5.899999999999999689e-01,7.250000000000000000e+00
6.199999999999999956e-01,5.899999999999999689e-01,7.120000000000000107e+00
7.199999999999999734e-01,4.400000000000000022e-01,7.740000000000000213e+00
7.500000000000000000e-01,5.300000000000000266e-01,6.929999999999999716e+00
7.099999999999999645e-01,5.100000000000000089e-01,7.429999999999999716e+00
7.500000000000000000e-01,5.500000000000000444e-01,7.209999999999999964e+00
6.999999999999999556e-01,3.699999999999999956e-01,6.910000000000000142e+00
7.399999999999999911e-01,4.799999999999999822e-01,6.740000000000000213e+00
9.499999999999999556e-01,3.900000000000000133e-01,6.429999999999999716e+00
7.900000000000000355e-01,4.500000000000000111e-01,6.519999999999999574e+00
5.699999999999999512e-01,7.299999999999999822e-01,6.519999999999999574e+00
6.800000000000000488e-01,7.099999999999999645e-01,6.860000000000000320e+00
9.100000000000000311e-01,4.699999999999999734e-01,6.320000000000000284e+00
6.600000000000000311e-01,6.899999999999999467e-01,6.820000000000000284e+00
6.400000000000000133e-01,5.899999999999999689e-01,7.019999999999999574e+00
6.800000000000000488e-01,4.799999999999999822e-01,7.410000000000000142e+00
7.299999999999999822e-01,5.300000000000000266e-01,7.549999999999999822e+00
7.700000000000000178e-01,5.200000000000000178e-01,7.150000000000000355e+00
7.800000000000000266e-01,5.300000000000000266e-01,6.990000000000000213e+00
6.199999999999999956e-01,4.799999999999999822e-01,7.379999999999999893e+00
9.000000000000000222e-01,4.699999999999999734e-01,7.070000000000000284e+00
6.600000000000000311e-01,5.000000000000000000e-01,7.030000000000000249e+00
8.100000000000000533e-01,3.800000000000000044e-01,6.769999999999999574e+00
6.600000000000000311e-01,6.400000000000000133e-01,6.870000000000000107e+00
7.099999999999999645e-01,8.199999999999999512e-01,6.910000000000000142e+00
7.800000000000000266e-01,3.699999999999999956e-01,7.179999999999999716e+00
7.600000000000000089e-01,4.099999999999999756e-01,7.150000000000000355e+00
8.800000000000000044e-01,3.200000000000000067e-01,6.900000000000000355e+00
8.399999999999999689e-01,2.200000000000000011e-01,6.490000000000000213e+00
7.299999999999999822e-01,8.599999999999999867e-01,6.860000000000000320e+00
9.699999999999999734e-01,5.300000000000000266e-01,6.469999999999999751e+00
6.400000000000000133e-01,4.899999999999999911e-01,6.450000000000000178e+00
7.199999999999999734e-01,5.300000000000000266e-01,6.820000000000000284e+00
6.400000000000000133e-01,5.600000000000000533e-01,7.089999999999999858e+00
8.900000000000000133e-01,4.099999999999999756e-01,6.589999999999999858e+00
6.199999999999999956e-01,4.699999999999999734e-01,6.799999999999999822e+00
6.800000000000000488e-01,6.199999999999999956e-01,7.120000000000000107e+00
7.500000000000000000e-01,4.799999999999999822e-01,6.790000000000000036e+00
6.099999999999999867e-01,3.900000000000000133e-01,6.730000000000000426e+00
6.199999999999999956e-01,5.699999999999999512e-01,6.879999999999999893e+00
7.199999999999999734e-01,6.099999999999999867e-01,7.009999999999999787e+00
7.500000000000000000e-01,5.100000000000000089e-01,6.969999999999999751e+00
9.200000000000000400e-01,4.199999999999999845e-01,6.410000000000000142e+00
7.399999999999999911e-01,5.799999999999999600e-01,7.150000000000000355e+00
8.800000000000000044e-01,4.299999999999999933e-01,7.019999999999999574e+00
6.500000000000000222e-01,5.500000000000000444e-01,7.139999999999999680e+00
7.500000000000000000e-01,5.100000000000000089e-01,7.290000000000000036e+00
7.399999999999999911e-01,4.500000000000000111e-01,6.910000000000000142e+00
6.500000000000000222e-01,4.299999999999999933e-01,7.070000000000000284e+00
7.399999999999999911e-01,4.799999999999999822e-01,7.000000000000000000e+00
6.600000000000000311e-01,5.600000000000000533e-01,6.990000000000000213e+00
6.400000000000000133e-01,5.400000000000000355e-01,6.690000000000000391e+00
7.399999999999999911e-01,3.699999999999999956e-01,7.200000000000000178e+00
6.600000000000000311e-01,-5.000000000000000278e-02,7.269999999999999574e+00
7.500000000000000000e-01,6.400000000000000133e-01,7.290000000000000036e+00
8.699999999999999956e-01,6.099999999999999867e-01,6.830000000000000071e+00
6.999999999999999556e-01,5.200000000000000178e-01,6.799999999999999822e+00
7.900000000000000355e-01,4.699999999999999734e-01,7.240000000000000213e+00
8.599999999999999867e-01,5.699999999999999512e-01,7.280000000000000249e+00
6.099999999999999867e-01,5.600000000000000533e-01,7.530000000000000249e+00
8.199999999999999512e-01,4.199999999999999845e-01,7.110000000000000320e+00
8.000000000000000444e-01,5.899999999999999689e-01,6.459999999999999964e+00
8.000000000000000444e-01,4.899999999999999911e-01,6.040000000000000036e+00
6.999999999999999556e-01,5.799999999999999600e-01,6.150000000000000355e+00
6.199999999999999956e-01,4.699999999999999734e-01,6.950000000000000178e+00
8.199999999999999512e-01,4.699999999999999734e-01,7.410000000000000142e+00
8.399999999999999689e-01,3.699999999999999956e-01,7.389999999999999680e+00
8.100000000000000533e-01,4.600000000000000200e-01,7.269999999999999574e+00
7.900000000000000355e-01,1.900000000000000022e-01,6.929999999999999716e+00
7.800000000000000266e-01,3.900000000000000133e-01,7.309999999999999609e+00
6.400000000000000133e-01,5.899999999999999689e-01,7.160000000000000142e+00
9.699999999999999734e-01,4.600000000000000200e-01,6.740000000000000213e+00
6.400000000000000133e-01,4.099999999999999756e-01,6.879999999999999893e+00
7.099999999999999645e-01,6.600000000000000311e-01,7.349999999999999645e+00
7.700000000000000178e-01,5.300000000000000266e-01,7.049999999999999822e+00
7.500000000000000000e-01,5.999999999999999778e-01,7.280000000000000249e+00
8.000000000000000444e-01,6.899999999999999467e-01,7.230000000000000426e+00
8.499999999999999778e-01,5.300000000000000266e-01,6.820000000000000284e+00
6.999999999999999556e-01,4.600000000000000200e-01,7.360000000000000320e+00
8.199999999999999512e-01,2.700000000000000178e-01,7.019999999999999574e+00
7.800000000000000266e-01,2.700000000000000178e-01,6.750000000000000000e+00
8.399999999999999689e-01,5.999999999999999778e-01,6.889999999999999680e+00
8.299999999999999600e-01,6.300000000000000044e-01,6.969999999999999751e+00
6.899999999999999467e-01,5.000000000000000000e-01,7.099999999999999645e+00
7.199999999999999734e-01,5.100000000000000089e-01,7.200000000000000178e+00
7.800000000000000266e-01,4.899999999999999911e-01,6.889999999999999680e+00
7.199999999999999734e-01,5.000000000000000000e-01,6.530000000000000249e+00
7.900000000000000355e-01,-7.000000000000000666e-02,6.849999999999999645e+00
9.200000000000000400e-01,3.699999999999999956e-01,7.290000000000000036e+00
9.499999999999999556e-01,6.199999999999999956e-01,6.940000000000000391e+00
6.199999999999999956e-01,5.600000000000000533e-01,7.450000000000000178e+00
1.010000000000000009e+00,4.299999999999999933e-01,6.809999999999999609e+00
6.199999999999999956e-01,6.099999999999999867e-01,7.080000000000000071e+00
6.800000000000000488e-01,4.899999999999999911e-01,6.839999999999999858e+00
7.800000000000000266e-01,5.000000000000000000e-01,6.969999999999999751e+00
6.999999999999999556e-01,4.899999999999999911e-01,6.589999999999999858e+00
7.900000000000000355e-01,4.299999999999999933e-01,6.349999999999999645e+00
6.999999999999999556e-01,5.799999999999999600e-01,6.620000000000000107e+00
8.699999999999999956e-01,4.799999999999999822e-01,6.509999999999999787e+00
5.799999999999999600e-01,7.900000000000000355e-01,6.719999999999999751e+00
6.400000000000000133e-01,5.600000000000000533e-01,6.910000000000000142e+00
8.199999999999999512e-01,5.500000000000000444e-01,6.990000000000000213e+00
7.299999999999999822e-01,5.200000000000000178e-01,6.650000000000000355e+00
8.199999999999999512e-01,5.699999999999999512e-01,6.559999999999999609e+00
6.899999999999999467e-01,4.400000000000000022e-01,6.980000000000000426e+00
8.299999999999999600e-01,3.900000000000000133e-01,6.509999999999999787e+00
7.700000000000000178e-01,5.200000000000000178e-01,7.059999999999999609e+00
8.599999999999999867e-01,4.600000000000000200e-01,6.700000000000000178e+00
7.900000000000000355e-01,5.600000000000000533e-01,6.929999999999999716e+00
7.800000000000000266e-01,4.400000000000000022e-01,7.089999999999999858e+00
7.600000000000000089e-01,5.200000000000000178e-01,7.190000000000000391e+00
8.000000000000000444e-01,3.200000000000000067e-01,6.780000000000000249e+00
8.299999999999999600e-01,6.300000000000000044e-01,6.879999999999999893e+00
8.100000000000000533e-01,6.099999999999999867e-01,6.820000000000000284e+00
8.599999999999999867e-01,5.899999999999999689e-01,6.580000000000000071e+00
5.200000000000000178e-01,4.600000000000000200e-01,6.900000000000000355e+00
7.500000000000000000e-01,4.000000000000000222e-01,6.809999999999999609e+00
6.600000000000000311e-01,4.400000000000000022e-01,6.629999999999999893e+00
8.100000000000000533e-01,2.999999999999999889e-01,7.080000000000000071e+00
7.600000000000000089e-01,4.799999999999999822e-01,7.250000000000000000e+00
9.399999999999999467e-01,3.800000000000000044e-01,7.259999999999999787e+00
8.399999999999999689e-01,1.300000000000000044e-01,7.169999999999999929e+00
7.099999999999999645e-01,5.000000000000000000e-01,7.490000000000000213e+00
7.900000000000000355e-01,4.400000000000000022e-01,7.450000000000000178e+00
7.199999999999999734e-01,5.500000000000000444e-01,7.450000000000000178e+00
7.900000000000000355e-01,4.799999999999999822e-01,7.030000000000000249e+00
6.400000000000000133e-01,3.300000000000000155e-01,7.320000000000000284e+00
7.099999999999999645e-01,5.999999999999999778e-01,7.169999999999999929e+00
9.200000000000000400e-01,5.799999999999999600e-01,7.230000000000000426e+00
9.100000000000000311e-01,6.199999999999999956e-01,6.919999999999999929e+00
6.500000000000000222e-01,4.400000000000000022e-01,7.299999999999999822e+00
8.199999999999999512e-01,5.699999999999999512e-01,7.139999999999999680e+00
6.700000000000000400e-01,4.799999999999999822e-01,6.860000000000000320e+00
6.500000000000000222e-01,5.600000000000000533e-01,7.309999999999999609e+00
8.199999999999999512e-01,4.799999999999999822e-01,7.099999999999999645e+00
9.000000000000000222e-01,5.200000000000000178e-01,6.910000000000000142e+00
8.699999999999999956e-01,4.199999999999999845e-01,6.700000000000000178e+00
6.800000000000000488e-01,7.399999999999999911e-01,7.120000000000000107e+00
6.800000000000000488e-01,4.799999999999999822e-01,6.980000000000000426e+00
8.199999999999999512e-01,8.800000000000000044e-01,7.150000000000000355e+00
7.099999999999999645e-01,6.300000000000000044e-01,6.919999999999999929e+00
7.399999999999999911e-01,5.899999999999999689e-01,6.330000000000000071e+00
6.600000000000000311e-01,6.700000000000000400e-01,6.910000000000000142e+00
6.300000000000000044e-01,5.000000000000000000e-01,6.910000000000000142e+00
8.100000000000000533e-01,5.200000000000000178e-01,6.650000000000000355e+00
5.799999999999999600e-01,3.099999999999999978e-01,6.780000000000000249e+00
8.199999999999999512e-01,-7.399999999999999911e-01,6.910000000000000142e+00
1.360000000000000098e+00,-2.390000000000000124e+00,7.139999999999999680e+00
1.330000000000000071e+00,-2.990000000000000213e+00,7.360000000000000320e+00
6.600000000000000311e-01,-2.419999999999999929e+00,7.490000000000000213e+00
4.400000000000000022e-01,-1.700000000000000122e-01,7.530000000000000249e+00
8.499999999999999778e-01,3.620000000000000107e+00,7.889999999999999680e+00
1.830000000000000071e+00,6.769999999999999574e+00,8.410000000000000142e+00
-8.000000000000000444e-01,7.019999999999999574e+00,8.660000000000000142e+00
1.219999999999999973e+00,6.980000000000000426e+00,9.250000000000000000e+00
2.939999999999999947e+00,8.029999999999999361e+00,9.919999999999999929e+00
1.000000000000000000e+00,9.119999999999999218e+00,1.016999999999999993e+01
-7.700000000000000178e-01,1.044999999999999929e+01,1.011999999999999922e+01
8.499999999999999778e-01,1.235999999999999943e+01,1.047000000000000064e+01
3.200000000000000178e+00,1.186999999999999922e+01,1.101999999999999957e+01
3.900000000000000133e-01,1.058999999999999986e+01,1.066999999999999993e+01
-7.099999999999999645e-01,9.949999999999999289e+00,1.033999999999999986e+01
-1.209999999999999964e+00,9.519999999999999574e+00,9.919999999999999929e+00
-1.530000000000000027e+00,8.890000000000000568e+00,9.400000000000000355e+00
-4.899999999999999911e-01,7.830000000000000071e+00,9.189999999999999503e+00
-1.719999999999999973e+00,6.929999999999999716e+00,8.750000000000000000e+00
-2.290000000000000036e+00,6.120000000000000107e+00,8.419999999999999929e+00
-2.089999999999999858e+00,4.150000000000000355e+00,8.259999999999999787e+00
-1.739999999999999991e+00,2.520000000000000018e+00,8.150000000000000355e+00
-3.800000000000000044e-01,4.400000000000000022e-01,8.230000000000000426e+00
-2.600000000000000089e-01,-1.770000000000000018e+00,8.529999999999999361e+00
-5.400000000000000355e-01,-4.700000000000000178e+00,8.550000000000000711e+00
3.699999999999999956e-01,-5.540000000000000036e+00,8.179999999999999716e+00
5.899999999999999689e-01,-7.389999999999999680e+00,7.860000000000000320e+00
1.649999999999999911e+00,-9.080000000000000071e+00,7.419999999999999929e+00
1.429999999999999938e+00,-1.008000000000000007e+01,7.179999999999999716e+00
1.159999999999999920e+00,-1.038000000000000078e+01,6.860000000000000320e+00
2.620000000000000107e+00,-1.116999999999999993e+01,5.950000000000000178e+00
4.320000000000000284e+00,-1.091999999999999993e+01,5.709999999999999964e+00
6.410000000000000142e+00,-1.033000000000000007e+01,5.809999999999999609e+00
8.029999999999999361e+00,-9.720000000000000639e+00,5.759999999999999787e+00
9.669999999999999929e+00,-9.050000000000000711e+00,6.309999999999999609e+00
9.160000000000000142e+00,-8.830000000000000071e+00,6.959999999999999964e+00
8.740000000000000213e+00,-7.469999999999999751e+00,7.400000000000000355e+00
7.120000000000000107e+00,-6.669999999999999929e+00,7.379999999999999893e+00
5.839999999999999858e+00,-7.150000000000000355e+00,7.019999999999999574e+00
5.669999999999999929e+00,-8.220000000000000639e+00,6.240000000000000213e+00
7.280000000000000249e+00,-7.110000000000000320e+00,5.429999999999999716e+00
6.099999999999999645e+00,-5.530000000000000249e+00,5.070000000000000284e+00
5.740000000000000213e+00,-4.620000000000000107e+00,4.410000000000000142e+00
5.530000000000000249e+00,-4.129999999999999893e+00,3.919999999999999929e+00
7.070000000000000284e+00,-3.209999999999999964e+00,3.240000000000000213e+00
6.440000000000000391e+00,-3.000000000000000000e+00,3.520000000000000018e+00
5.799999999999999822e+00,-3.399999999999999911e+00,4.230000000000000426e+00
7.339999999999999858e+00,-2.509999999999999787e+00,5.000000000000000000e+00
7.860000000000000320e+00,-1.750000000000000000e+00,6.549999999999999822e+00
6.009999999999999787e+00,-9.399999999999999467e-01,7.650000000000000355e+00
4.209999999999999964e+00,1.500000000000000000e+00,8.369999999999999218e+00
3.189999999999999947e+00,4.679999999999999716e+00,8.460000000000000853e+00
3.660000000000000142e+00,6.860000000000000320e+00,8.880000000000000782e+00
4.769999999999999574e+00,8.990000000000000213e+00,9.390000000000000568e+00
6.759999999999999787e+00,1.008999999999999986e+01,9.929999999999999716e+00
8.240000000000000213e+00,9.230000000000000426e+00,1.048000000000000043e+01
9.539999999999999147e+00,8.960000000000000853e+00,1.108000000000000007e+01
1.274000000000000021e+01,8.339999999999999858e+00,1.225000000000000000e+01
1.275000000000000000e+01,8.220000000000000639e+00,1.357000000000000028e+01
1.171000000000000085e+01,7.870000000000000107e+00,1.569999999999999929e+01
1.041999999999999993e+01,8.240000000000000213e+00,1.723000000000000043e+01
1.183999999999999986e+01,7.400000000000000355e+00,1.896000000000000085e+01
1.086999999999999922e+01,5.750000000000000000e+00,2.078999999999999915e+01
9.279999999999999361e+00,4.599999999999999645e+00,2.196999999999999886e+01
9.070000000000000284e+00,3.649999999999999911e+00,2.301000000000000156e+01
7.940000000000000391e+00,3.080000000000000071e+00,2.382999999999999829e+01
7.559999999999999609e+00,1.780000000000000027e+00,2.430999999999999872e+01
5.709999999999999964e+00,4.000000000000000222e-01,2.426999999999999957e+01
4.719999999999999751e+00,-1.360000000000000098e+00,2.435999999999999943e+01
1.610000000000000098e+00,-3.049999999999999822e+00,2.444000000000000128e+01
4.899999999999999911e-01,-3.319999999999999840e+00,2.455000000000000071e+01
7.000000000000000666e-02,-5.320000000000000284e+00,2.410000000000000142e+01
2.899999999999999800e-01,-7.879999999999999893e+00,2.392000000000000171e+01
-1.340000000000000080e+00,-1.086999999999999922e+01,2.423000000000000043e+01
-2.300000000000000100e-01,-1.350000000000000000e+01,2.407999999999999829e+01
1.370000000000000107e+00,-1.509999999999999964e+01,2.369999999999999929e+01
6.600000000000000311e-01,-1.500999999999999979e+01,2.364000000000000057e+01
1.300000000000000044e+00,-1.617000000000000171e+01,2.330999999999999872e+01
6.300000000000000044e-01,-1.667999999999999972e+01,2.337999999999999901e+01
3.250000000000000000e+00,-1.678000000000000114e+01,2.260999999999999943e+01
4.730000000000000426e+00,-1.710999999999999943e+01,2.223000000000000043e+01
4.700000000000000178e+00,-1.764000000000000057e+01,2.232000000000000028e+01
6.259999999999999787e+00,-1.828000000000000114e+01,2.178999999999999915e+01
5.700000000000000178e+00,-1.735000000000000142e+01,2.196000000000000085e+01
4.589999999999999858e+00,-1.678000000000000114e+01,2.192999999999999972e+01
4.009999999999999787e+00,-1.632000000000000028e+01,2.151000000000000156e+01
2.810000000000000053e+00,-1.639000000000000057e+01,2.092000000000000171e+01
2.109999999999999876e+00,-1.721999999999999886e+01,1.978999999999999915e+01
2.890000000000000124e+00,-1.744000000000000128e+01,1.855000000000000071e+01
2.549999999999999822e+00,-1.605999999999999872e+01,1.780999999999999872e+01
3.490000000000000213e+00,-1.442999999999999972e+01,1.692000000000000171e+01
5.500000000000000000e+00,-1.327999999999999936e+01,1.589000000000000057e+01
6.929999999999999716e+00,-1.296000000000000085e+01,1.547000000000000064e+01
8.000000000000000000e+00,-1.241999999999999993e+01,1.519999999999999929e+01
8.919999999999999929e+00,-1.174000000000000021e+01,1.508999999999999986e+01
8.269999999999999574e+00,-1.215000000000000036e+01,1.541999999999999993e+01
9.960000000000000853e+00,-1.130000000000000071e+01,1.588000000000000078e+01
1.141000000000000014e+01,-1.023000000000000043e+01,1.657999999999999829e+01
1.069999999999999929e+01,-9.560000000000000497e+00,1.787000000000000099e+01
8.240000000000000213e+00,-6.969999999999999751e+00,1.932000000000000028e+01
7.440000000000000391e+00,-4.389999999999999680e+00,1.998999999999999844e+01
7.769999999999999574e+00,-1.290000000000000036e+00,2.037999999999999901e+01
5.709999999999999964e+00,2.899999999999999911e+00,2.103999999999999915e+01
6.629999999999999893e+00,4.730000000000000426e+00,2.082999999999999829e+01
5.799999999999999822e+00,6.639999999999999680e+00,2.003000000000000114e+01
6.070000000000000284e+00,7.480000000000000426e+00,1.853000000000000114e+01
6.709999999999999964e+00,8.109999999999999432e+00,1.728999999999999915e+01
7.400000000000000355e+00,8.089999999999999858e+00,1.598000000000000043e+01
5.410000000000000142e+00,7.660000000000000142e+00,1.439000000000000057e+01
3.759999999999999787e+00,8.439999999999999503e+00,1.383999999999999986e+01
7.700000000000000178e-01,8.580000000000000071e+00,1.315000000000000036e+01
-5.200000000000000178e-01,9.669999999999999929e+00,1.268999999999999950e+01
-2.580000000000000071e+00,1.000999999999999979e+01,1.244999999999999929e+01
-4.719999999999999751e+00,9.539999999999999147e+00,1.221000000000000085e+01
-2.439999999999999947e+00,9.640000000000000568e+00,1.261999999999999922e+01
5.400000000000000355e-01,8.970000000000000639e+00,1.341000000000000014e+01
1.959999999999999964e+00,8.240000000000000213e+00,1.399000000000000021e+01
2.640000000000000124e+00,7.769999999999999574e+00,1.416999999999999993e+01
4.759999999999999787e+00,6.049999999999999822e+00,1.493999999999999950e+01
5.049999999999999822e+00,4.330000000000000071e+00,1.503999999999999915e+01
6.500000000000000000e+00,2.750000000000000000e+00,1.492999999999999972e+01
5.889999999999999680e+00,5.400000000000000355e-01,1.464000000000000057e+01
5.780000000000000249e+00,-1.199999999999999956e+00,1.442999999999999972e+01
4.530000000000000249e+00,-2.939999999999999947e+00,1.428999999999999915e+01
3.520000000000000018e+00,-3.479999999999999982e+00,1.450000000000000000e+01
4.019999999999999574e+00,-3.390000000000000124e+00,1.516999999999999993e+01
3.209999999999999964e+00,-3.839999999999999858e+00,1.621000000000000085e+01
2.140000000000000124e+00,-3.919999999999999929e+00,1.694999999999999929e+01
5.600000000000000533e-01,-4.219999999999999751e+00,1.789999999999999858e+01
-1.889999999999999902e+00,-5.299999999999999822e+00,1.860999999999999943e+01
-2.729999999999999982e+00,-7.509999999999999787e+00,1.885999999999999943e+01
-1.760000000000000009e+00,-8.199999999999999289e+00,1.853999999999999915e+01
-1.429999999999999938e+00,-6.360000000000000320e+00,1.783999999999999986e+01
-2.099999999999999922e-01,-5.610000000000000320e+00,1.723000000000000043e+01
1.300000000000000044e-01,-6.280000000000000249e+00,1.744999999999999929e+01
-1.159999999999999920e+00,-6.429999999999999716e+00,1.748000000000000043e+01
-1.520000000000000018e+00,-6.669999999999999929e+00,1.719999999999999929e+01
7.900000000000000355e-01,-6.230000000000000426e+00,1.685999999999999943e+01
2.620000000000000107e+00,-5.910000000000000142e+00,1.717999999999999972e+01
3.299999999999999822e+00,-4.709999999999999964e+00,1.785999999999999943e+01
2.689999999999999947e+00,-2.979999999999999982e+00,1.851999999999999957e+01
2.310000000000000053e+00,-1.959999999999999964e+00,1.892999999999999972e+01
2.470000000000000195e+00,-9.699999999999999734e-01,1.923999999999999844e+01
2.529999999999999805e+00,1.300000000000000044e-01,1.962999999999999901e+01
2.609999999999999876e+00,2.830000000000000071e+00,2.021999999999999886e+01
3.620000000000000107e+00,6.559999999999999609e+00,2.060000000000000142e+01
5.290000000000000036e+00,9.380000000000000782e+00,2.121999999999999886e+01
6.309999999999999609e+00,1.208000000000000007e+01,2.182000000000000028e+01
6.650000000000000355e+00,1.316000000000000014e+01,2.164000000000000057e+01
1.050999999999999979e+01,1.328999999999999915e+01,2.160999999999999943e+01
1.175000000000000000e+01,1.305000000000000071e+01,2.157000000000000028e+01
1.108999999999999986e+01,1.364000000000000057e+01,2.155999999999999872e+01
1.135999999999999943e+01,1.383999999999999986e+01,2.160000000000000142e+01
1.033999999999999986e+01,1.389000000000000057e+01,2.150000000000000000e+01
9.320000000000000284e+00,1.438000000000000078e+01,2.137000000000000099e+01
9.689999999999999503e+00,1.471000000000000085e+01,2.219999999999999929e+01
8.619999999999999218e+00,1.466000000000000014e+01,2.276000000000000156e+01
7.929999999999999716e+00,1.425000000000000000e+01,2.303000000000000114e+01
6.320000000000000284e+00,1.480000000000000071e+01,2.310000000000000142e+01
3.830000000000000071e+00,1.524000000000000021e+01,2.337000000000000099e+01
4.870000000000000107e+00,1.549000000000000021e+01,2.382000000000000028e+01
2.649999999999999911e+00,1.532000000000000028e+01,2.317000000000000171e+01
1.679999999999999938e+00,1.486999999999999922e+01,2.225000000000000000e+01
2.709999999999999964e+00,1.393999999999999950e+01,2.166000000000000014e+01
2.529999999999999805e+00,1.194999999999999929e+01,2.078999999999999915e+01
1.040000000000000036e+00,1.007000000000000028e+01,1.971000000000000085e+01
5.999999999999999778e-01,9.070000000000000284e+00,1.864000000000000057e+01
1.389999999999999902e+00,6.990000000000000213e+00,1.821000000000000085e+01
2.200000000000000178e+00,3.830000000000000071e+00,1.753000000000000114e+01
2.660000000000000142e+00,2.160000000000000142e+00,1.714000000000000057e+01
3.779999999999999805e+00,1.179999999999999938e+00,1.692999999999999972e+01
4.219999999999999751e+00,-7.700000000000000178e-01,1.680999999999999872e+01
4.870000000000000107e+00,-1.300000000000000044e+00,1.696999999999999886e+01
7.089999999999999858e+00,-2.529999999999999805e+00,1.707999999999999829e+01
7.099999999999999645e+00,-5.200000000000000178e+00,1.714999999999999858e+01
8.919999999999999929e+00,-7.179999999999999716e+00,1.687000000000000099e+01
8.800000000000000711e+00,-8.089999999999999858e+00,1.707000000000000028e+01
8.769999999999999574e+00,-7.259999999999999787e+00,1.750000000000000000e+01
8.990000000000000213e+00,-5.679999999999999716e+00,1.758999999999999986e+01
7.740000000000000213e+00,-4.750000000000000000e+00,1.796000000000000085e+01
9.259999999999999787e+00,-3.979999999999999982e+00,1.819000000000000128e+01
8.230000000000000426e+00,-4.379999999999999893e+00,1.841000000000000014e+01
1.016999999999999993e+01,-4.459999999999999964e+00,1.858999999999999986e+01
9.609999999999999432e+00,-3.830000000000000071e+00,1.905999999999999872e+01
8.210000000000000853e+00,-2.479999999999999982e+00,1.919000000000000128e+01
7.759999999999999787e+00,-1.860000000000000098e+00,1.889999999999999858e+01
5.639999999999999680e+00,-2.200000000000000178e+00,1.837000000000000099e+01
5.080000000000000071e+00,-8.900000000000000133e-01,1.794000000000000128e+01
5.900000000000000355e+00,1.060000000000000053e+00,1.773000000000000043e+01
3.720000000000000195e+00,3.669999999999999929e+00,1.778000000000000114e+01
2.859999999999999876e+00,5.570000000000000284e+00,1.807999999999999829e+01
3.410000000000000142e+00,7.519999999999999574e+00,1.853000000000000114e+01
2.839999999999999858e+00,1.068999999999999950e+01,1.950000000000000000e+01
1.449999999999999956e+00,1.397000000000000064e+01,1.978000000000000114e+01
-1.330000000000000071e+00,1.741000000000000014e+01,1.957999999999999829e+01
-1.500000000000000000e+00,1.678999999999999915e+01,1.921000000000000085e+01
-1.499999999999999944e-01,1.675000000000000000e+01,1.903000000000000114e+01
6.700000000000000400e-01,1.594999999999999929e+01,1.923000000000000043e+01
2.899999999999999911e+00,1.553999999999999915e+01,1.992000000000000171e+01
4.940000000000000391e+00,1.506000000000000050e+01,2.064999999999999858e+01
9.050000000000000711e+00,1.299000000000000021e+01,2.192999999999999972e+01
1.252999999999999936e+01,1.117999999999999972e+01,2.330000000000000071e+01
1.216999999999999993e+01,9.669999999999999929e+00,2.439000000000000057e+01
1.031000000000000050e+01,8.800000000000000711e+00,2.471999999999999886e+01
1.093999999999999950e+01,8.740000000000000213e+00,2.569000000000000128e+01
9.300000000000000711e+00,9.359999999999999432e+00,2.733999999999999986e+01
8.019999999999999574e+00,1.013000000000000078e+01,2.894999999999999929e+01
6.669999999999999929e+00,1.072000000000000064e+01,3.110000000000000142e+01
7.580000000000000071e+00,1.136999999999999922e+01,3.336999999999999744e+01
7.490000000000000213e+00,1.171000000000000085e+01,3.567999999999999972e+01
5.830000000000000071e+00,1.182000000000000028e+01,3.806000000000000227e+01
3.910000000000000142e+00,1.149000000000000021e+01,3.882000000000000028e+01
3.339999999999999858e+00,1.140000000000000036e+01,3.939999999999999858e+01
2.359999999999999876e+00,1.008999999999999986e+01,3.961999999999999744e+01
1.100000000000000006e-01,1.039000000000000057e+01,3.918999999999999773e+01
-1.330000000000000071e+00,9.490000000000000213e+00,3.757000000000000028e+01
-1.600000000000000033e-01,8.369999999999999218e+00,3.682000000000000028e+01
-5.999999999999999778e-02,5.830000000000000071e+00,3.590999999999999659e+01
-5.000000000000000278e-02,4.070000000000000284e+00,3.521999999999999886e+01
7.900000000000000355e-01,1.000000000000000056e-01,3.440999999999999659e+01
8.499999999999999778e-01,-3.109999999999999876e+00,3.388000000000000256e+01
1.229999999999999982e+00,-4.990000000000000213e+00,3.349000000000000199e+01
1.570000000000000062e+00,-5.490000000000000213e+00,3.342000000000000171e+01
1.300000000000000044e+00,-5.530000000000000249e+00,3.346000000000000085e+01
1.340000000000000080e+00,-7.000000000000000000e+00,3.360999999999999943e+01
7.299999999999999822e-01,-7.759999999999999787e+00,3.365999999999999659e+01
1.760000000000000009e+00,-8.070000000000000284e+00,3.346999999999999886e+01
3.040000000000000036e+00,-7.599999999999999645e+00,3.321000000000000085e+01
2.080000000000000071e+00,-7.269999999999999574e+00,3.353000000000000114e+01
1.090000000000000080e+00,-7.429999999999999716e+00,3.367999999999999972e+01
1.580000000000000071e+00,-7.339999999999999858e+00,3.335000000000000142e+01
1.159999999999999920e+00,-6.769999999999999574e+00,3.328999999999999915e+01
1.929999999999999938e+00,-6.889999999999999680e+00,3.300999999999999801e+01
2.370000000000000107e+00,-6.330000000000000071e+00,3.307000000000000028e+01
3.240000000000000213e+00,-6.209999999999999964e+00,3.300999999999999801e+01
3.540000000000000036e+00,-5.940000000000000391e+00,3.328000000000000114e+01
4.660000000000000142e+00,-2.930000000000000160e+00,3.384000000000000341e+01
4.589999999999999858e+00,-6.899999999999999467e-01,3.406000000000000227e+01
4.799999999999999822e+00,8.900000000000000133e-01,3.403000000000000114e+01
5.259999999999999787e+00,4.259999999999999787e+00,3.389000000000000057e+01
4.849999999999999645e+00,9.839999999999999858e+00,3.413000000000000256e+01
5.419999999999999929e+00,1.475000000000000000e+01,3.420000000000000284e+01
7.099999999999999645e+00,2.028999999999999915e+01,3.450999999999999801e+01
5.169999999999999929e+00,1.989999999999999858e+01,3.425000000000000000e+01
8.320000000000000284e+00,1.898000000000000043e+01,3.425000000000000000e+01
5.360000000000000320e+00,1.955000000000000071e+01,3.410999999999999943e+01
5.919999999999999929e+00,2.098999999999999844e+01,3.427000000000000313e+01
8.289999999999999147e+00,2.108999999999999986e+01,3.500999999999999801e+01
7.530000000000000249e+00,2.101999999999999957e+01,3.493999999999999773e+01
7.570000000000000284e+00,2.048000000000000043e+01,3.529999999999999716e+01
7.419999999999999929e+00,1.982999999999999829e+01,3.592999999999999972e+01
7.280000000000000249e+00,1.926000000000000156e+01,3.686999999999999744e+01
4.959999999999999964e+00,1.873000000000000043e+01,3.740999999999999659e+01
3.279999999999999805e+00,1.912000000000000099e+01,3.782999999999999829e+01
3.020000000000000018e+00,1.867000000000000171e+01,3.877000000000000313e+01
6.700000000000000400e-01,1.837000000000000099e+01,3.893999999999999773e+01
-1.489999999999999991e+00,1.883999999999999986e+01,3.903999999999999915e+01
-4.070000000000000284e+00,1.816000000000000014e+01,3.910999999999999943e+01
-2.709999999999999964e+00,1.701000000000000156e+01,3.975999999999999801e+01
9.899999999999999911e-01,1.589000000000000057e+01,4.106000000000000227e+01
2.879999999999999893e+00,1.371000000000000085e+01,4.243999999999999773e+01
2.830000000000000071e+00,1.191000000000000014e+01,4.353000000000000114e+01
2.100000000000000089e+00,1.125999999999999979e+01,4.424000000000000199e+01
1.199999999999999956e-01,1.125999999999999979e+01,4.453999999999999915e+01
-1.780000000000000027e+00,1.114000000000000057e+01,4.453000000000000114e+01
-4.330000000000000071e+00,1.160999999999999943e+01,4.400999999999999801e+01
-6.660000000000000142e+00,1.125999999999999979e+01,4.357999999999999829e+01
-7.919999999999999929e+00,1.025999999999999979e+01,4.332999999999999829e+01
-7.820000000000000284e+00,8.240000000000000213e+00,4.342999999999999972e+01
-7.879999999999999893e+00,5.929999999999999716e+00,4.342000000000000171e+01
-8.589999999999999858e+00,3.720000000000000195e+00,4.321000000000000085e+01
-7.759999999999999787e+00,1.120000000000000107e+00,4.274000000000000199e+01
-6.620000000000000107e+00,-2.700000000000000178e-01,4.235999999999999943e+01
-6.929999999999999716e+00,-2.129999999999999893e+00,4.197999999999999687e+01
-6.169999999999999929e+00,-3.919999999999999929e+00,4.120000000000000284e+01
-5.780000000000000249e+00,-5.059999999999999609e+00,4.082999999999999829e+01
-5.900000000000000355e+00,-6.360000000000000320e+00,4.020000000000000284e+01
-4.849999999999999645e+00,-6.929999999999999716e+00,3.939999999999999858e+01
-3.540000000000000036e+00,-7.269999999999999574e+00,3.875000000000000000e+01
-1.989999999999999991e+00,-6.450000000000000178e+00,3.804999999999999716e+01
-2.000000000000000000e+00,-5.429999999999999716e+00,3.761999999999999744e+01
-1.729999999999999982e+00,-4.059999999999999609e+00,3.653999999999999915e+01
-2.350000000000000089e+00,-3.750000000000000000e+00,3.600000000000000000e+01
-3.370000000000000107e+00,-3.939999999999999947e+00,3.496999999999999886e+01
-4.469999999999999751e+00,-3.120000000000000107e+00,3.374000000000000199e+01
-4.549999999999999822e+00,-1.260000000000000009e+00,3.282000000000000028e+01
-3.250000000000000000e+00,1.939999999999999947e+00,3.225000000000000000e+01
-1.780000000000000027e+00,4.509999999999999787e+00,3.144999999999999929e+01
-2.939999999999999947e+00,5.190000000000000391e+00,3.071999999999999886e+01
-1.199999999999999956e+00,7.070000000000000284e+00,3.035999999999999943e+01
8.100000000000000533e-01,8.630000000000000782e+00,3.075000000000000000e+01
3.950000000000000178e+00,8.500000000000000000e+00,3.141000000000000014e+01
3.859999999999999876e+00,8.820000000000000284e+00,3.234000000000000341e+01
3.569999999999999840e+00,1.115000000000000036e+01,3.328999999999999915e+01
5.719999999999999751e+00,1.250000000000000000e+01,3.467999999999999972e+01
3.990000000000000213e+00,1.091999999999999993e+01,3.464000000000000057e+01
4.450000000000000178e+00,1.209999999999999964e+01,3.486999999999999744e+01
3.459999999999999964e+00,1.303999999999999915e+01,3.536999999999999744e+01
1.949999999999999956e+00,1.356000000000000050e+01,3.543999999999999773e+01
1.100000000000000006e-01,1.422000000000000064e+01,3.535000000000000142e+01
7.800000000000000266e-01,1.448000000000000043e+01,3.575000000000000000e+01
2.850000000000000089e+00,1.435999999999999943e+01,3.692999999999999972e+01
5.400000000000000355e+00,1.308999999999999986e+01,3.824000000000000199e+01
6.639999999999999680e+00,1.156000000000000050e+01,3.959000000000000341e+01
7.780000000000000249e+00,8.109999999999999432e+00,4.086999999999999744e+01
9.839999999999999858e+00,5.639999999999999680e+00,4.143999999999999773e+01
1.225000000000000000e+01,2.740000000000000213e+00,4.264999999999999858e+01
1.267999999999999972e+01,-6.700000000000000400e-01,4.350999999999999801e+01
1.209999999999999964e+01,-2.540000000000000036e+00,4.421999999999999886e+01
1.167999999999999972e+01,-3.229999999999999982e+00,4.500999999999999801e+01
1.043999999999999950e+01,-2.729999999999999982e+00,4.522999999999999687e+01
8.179999999999999716e+00,-2.250000000000000000e+00,4.496999999999999886e+01
4.910000000000000142e+00,-2.799999999999999822e+00,4.410999999999999943e+01
3.169999999999999929e+00,-3.830000000000000071e+00,4.310000000000000142e+01
2.640000000000000124e+00,-5.580000000000000071e+00,4.225000000000000000e+01
4.110000000000000320e+00,-6.280000000000000249e+00,4.167000000000000171e+01
3.319999999999999840e+00,-6.299999999999999822e+00,4.171999999999999886e+01
7.099999999999999645e-01,-8.189999999999999503e+00,4.172999999999999687e+01
2.800000000000000266e-01,-8.970000000000000639e+00,4.117000000000000171e+01
1.770000000000000018e+00,-9.339999999999999858e+00,4.020000000000000284e+01
3.479999999999999982e+00,-1.022000000000000064e+01,3.975000000000000000e+01
6.099999999999999645e+00,-1.001999999999999957e+01,3.988000000000000256e+01
5.830000000000000071e+00,-7.929999999999999716e+00,4.050000000000000000e+01
6.910000000000000142e+00,-5.690000000000000391e+00,4.031000000000000227e+01
6.160000000000000142e+00,-4.690000000000000391e+00,4.006000000000000227e+01
6.780000000000000249e+00,-5.740000000000000213e+00,3.935000000000000142e+01
7.480000000000000426e+00,-6.830000000000000071e+00,3.881000000000000227e+01
7.230000000000000426e+00,-7.110000000000000320e+00,3.840999999999999659e+01
8.029999999999999361e+00,-6.620000000000000107e+00,3.817999999999999972e+01
7.330000000000000071e+00,-6.690000000000000391e+00,3.799000000000000199e+01
8.359999999999999432e+00,-6.599999999999999645e+00,3.763000000000000256e+01
9.109999999999999432e+00,-7.019999999999999574e+00,3.743999999999999773e+01
7.919999999999999929e+00,-8.009999999999999787e+00,3.771999999999999886e+01
9.220000000000000639e+00,-8.369999999999999218e+00,3.772999999999999687e+01
9.509999999999999787e+00,-8.519999999999999574e+00,3.810999999999999943e+01
7.990000000000000213e+00,-8.169999999999999929e+00,3.874000000000000199e+01
7.570000000000000284e+00,-7.969999999999999751e+00,3.878999999999999915e+01
5.879999999999999893e+00,-7.690000000000000391e+00,3.892999999999999972e+01
5.769999999999999574e+00,-6.940000000000000391e+00,3.865999999999999659e+01
8.380000000000000782e+00,-6.950000000000000178e+00,3.875999999999999801e+01
9.980000000000000426e+00,-7.389999999999999680e+00,3.890999999999999659e+01
9.089999999999999858e+00,-6.839999999999999858e+00,3.956000000000000227e+01
6.780000000000000249e+00,-4.410000000000000142e+00,3.975999999999999801e+01
4.799999999999999822e+00,-4.150000000000000355e+00,3.942000000000000171e+01
4.269999999999999574e+00,-4.519999999999999574e+00,3.899000000000000199e+01
6.459999999999999964e+00,-4.969999999999999751e+00,3.860999999999999943e+01
7.190000000000000391e+00,-5.299999999999999822e+00,3.831000000000000227e+01
4.860000000000000320e+00,-6.190000000000000391e+00,3.807000000000000028e+01
5.360000000000000320e+00,-7.349999999999999645e+00,3.761999999999999744e+01
6.059999999999999609e+00,-6.719999999999999751e+00,3.771999999999999886e+01
6.940000000000000391e+00,-5.629999999999999893e+00,3.828999999999999915e+01
9.169999999999999929e+00,-2.729999999999999982e+00,3.981000000000000227e+01
9.019999999999999574e+00,-1.510000000000000009e+00,4.121000000000000085e+01
8.429999999999999716e+00,-3.099999999999999978e-01,4.288000000000000256e+01
9.730000000000000426e+00,8.000000000000000444e-01,4.414999999999999858e+01
9.099999999999999645e+00,1.600000000000000089e+00,4.560999999999999943e+01
7.049999999999999822e+00,1.780000000000000027e+00,4.697999999999999687e+01
7.450000000000000178e+00,1.610000000000000098e+00,4.768999999999999773e+01
7.429999999999999716e+00,-3.099999999999999978e-01,4.867000000000000171e+01
7.580000000000000071e+00,-1.159999999999999920e+00,5.017000000000000171e+01
7.259999999999999787e+00,-9.100000000000000311e-01,5.106000000000000227e+01
5.959999999999999964e+00,-8.299999999999999600e-01,5.210999999999999943e+01
5.009999999999999787e+00,-3.699999999999999956e-01,5.263000000000000256e+01
3.319999999999999840e+00,-1.120000000000000107e+00,5.300999999999999801e+01
1.419999999999999929e+00,-9.399999999999999467e-01,5.300999999999999801e+01
-1.900000000000000022e-01,-1.500000000000000000e+00,5.275999999999999801e+01
-1.580000000000000071e+00,-1.979999999999999982e+00,5.221000000000000085e+01
-2.379999999999999893e+00,-3.000000000000000000e+00,5.177000000000000313e+01
-3.220000000000000195e+00,-4.099999999999999645e+00,5.132000000000000028e+01
-3.479999999999999982e+00,-5.469999999999999751e+00,5.061999999999999744e+01
-3.759999999999999787e+00,-6.879999999999999893e+00,5.009000000000000341e+01
-3.129999999999999893e+00,-8.439999999999999503e+00,4.964999999999999858e+01
-3.459999999999999964e+00,-9.730000000000000426e+00,4.945000000000000284e+01
-1.899999999999999911e+00,-9.250000000000000000e+00,4.907999999999999829e+01
-1.870000000000000107e+00,-8.199999999999999289e+00,4.915999999999999659e+01
-2.790000000000000036e+00,-7.580000000000000071e+00,4.909000000000000341e+01
-1.629999999999999893e+00,-7.700000000000000178e+00,4.867000000000000171e+01
-1.830000000000000071e+00,-9.230000000000000426e+00,4.879999999999999716e+01
-2.600000000000000089e+00,-8.390000000000000568e+00,4.897999999999999687e+01
-3.879999999999999893e+00,-7.530000000000000249e+00,4.824000000000000199e+01
-2.310000000000000053e+00,-8.009999999999999787e+00,4.772999999999999687e+01
-1.590000000000000080e+00,-7.480000000000000426e+00,4.779999999999999716e+01
-2.859999999999999876e+00,-5.339999999999999858e+00,4.818999999999999773e+01
-2.209999999999999964e+00,-2.899999999999999911e+00,4.750000000000000000e+01
-1.360000000000000098e+00,-1.050000000000000044e+00,4.603000000000000114e+01
-2.870000000000000107e+00,5.899999999999999689e-01,4.496000000000000085e+01
-2.060000000000000053e+00,3.330000000000000071e+00,4.388000000000000256e+01
-3.699999999999999956e-01,6.030000000000000249e+00,4.282000000000000028e+01
1.030000000000000027e+00,7.540000000000000036e+00,4.268999999999999773e+01
1.629999999999999893e+00,8.310000000000000497e+00,4.299000000000000199e+01
1.419999999999999929e+00,8.279999999999999361e+00,4.395000000000000284e+01
2.709999999999999964e+00,8.589999999999999858e+00,4.557999999999999829e+01
3.350000000000000089e+00,9.589999999999999858e+00,4.718999999999999773e+01
3.299999999999999822e+00,9.419999999999999929e+00,4.950999999999999801e+01
2.649999999999999911e+00,9.070000000000000284e+00,5.071000000000000085e+01
3.229999999999999982e+00,9.220000000000000639e+00,5.164000000000000057e+01
4.259999999999999787e+00,8.259999999999999787e+00,5.214999999999999858e+01
5.639999999999999680e+00,8.830000000000000071e+00,5.220000000000000284e+01
7.150000000000000355e+00,9.250000000000000000e+00,5.225999999999999801e+01
7.750000000000000000e+00,9.699999999999999289e+00,5.235000000000000142e+01
1.023000000000000043e+01,1.097000000000000064e+01,5.306000000000000227e+01
1.125999999999999979e+01,1.139000000000000057e+01,5.384000000000000341e+01
1.066999999999999993e+01,1.128999999999999915e+01,5.502000000000000313e+01
9.679999999999999716e+00,1.223000000000000043e+01,5.596000000000000085e+01
8.490000000000000213e+00,1.350999999999999979e+01,5.703999999999999915e+01
7.139999999999999680e+00,1.438000000000000078e+01,5.760000000000000142e+01
5.559999999999999609e+00,1.472000000000000064e+01,5.785000000000000142e+01
3.910000000000000142e+00,1.498000000000000043e+01,5.789000000000000057e+01
1.209999999999999964e+00,1.451999999999999957e+01,5.735999999999999943e+01
-2.999999999999999889e-01,1.361999999999999922e+01,5.670000000000000284e+01
7.900000000000000355e-01,1.333000000000000007e+01,5.642999999999999972e+01
-1.100000000000000006e-01,1.423000000000000043e+01,5.610999999999999943e+01
3.800000000000000044e-01,1.442999999999999972e+01,5.567999999999999972e+01
1.229999999999999982e+00,1.422000000000000064e+01,5.596999999999999886e+01
1.320000000000000062e+00,1.409999999999999964e+01,5.664999999999999858e+01
1.290000000000000036e+00,1.351999999999999957e+01,5.722999999999999687e+01
4.299999999999999933e-01,1.194999999999999929e+01,5.820000000000000284e+01
-4.600000000000000200e-01,1.172000000000000064e+01,5.885000000000000142e+01
-1.969999999999999973e+00,1.093999999999999950e+01,5.913000000000000256e+01
-2.089999999999999858e+00,9.650000000000000355e+00,5.938000000000000256e+01
-1.620000000000000107e+00,9.029999999999999361e+00,5.957999999999999829e+01
-2.140000000000000124e+00,9.490000000000000213e+00,5.940999999999999659e+01
-1.000000000000000000e+00,9.949999999999999289e+00,5.915999999999999659e+01
-4.299999999999999933e-01,1.093999999999999950e+01,5.893999999999999773e+01
-8.999999999999999667e-02,1.164000000000000057e+01,5.868999999999999773e+01
3.200000000000000067e-01,1.196000000000000085e+01,5.911999999999999744e+01
-2.020000000000000018e+00,1.199000000000000021e+01,5.910000000000000142e+01
-1.899999999999999911e+00,1.188000000000000078e+01,5.921999999999999886e+01
-3.930000000000000160e+00,1.263000000000000078e+01,5.896999999999999886e+01
-3.129999999999999893e+00,1.407000000000000028e+01,5.910999999999999943e+01
-2.410000000000000142e+00,1.424000000000000021e+01,5.970000000000000284e+01
-5.120000000000000107e+00,1.446000000000000085e+01,5.965999999999999659e+01
-7.669999999999999929e+00,1.403999999999999915e+01,5.924000000000000199e+01
-8.609999999999999432e+00,1.398000000000000043e+01,5.903000000000000114e+01
-7.780000000000000249e+00,1.489000000000000057e+01,5.964999999999999858e+01
-8.070000000000000284e+00,1.664999999999999858e+01,6.057999999999999829e+01
-8.490000000000000213e+00,1.662999999999999901e+01,6.120000000000000284e+01
-1.005000000000000071e+01,1.648999999999999844e+01,6.132999999999999829e+01
-1.007000000000000028e+01,1.532000000000000028e+01,6.132999999999999829e+01
-1.096000000000000085e+01,1.446000000000000085e+01,6.146000000000000085e+01
-1.111999999999999922e+01,1.372000000000000064e+01,6.193999999999999773e+01
-1.152999999999999936e+01,1.232000000000000028e+01,6.195000000000000284e+01
-1.136999999999999922e+01,1.053999999999999915e+01,6.206000000000000227e+01
-1.048000000000000043e+01,9.830000000000000071e+00,6.196000000000000085e+01
-8.669999999999999929e+00,8.980000000000000426e+00,6.196999999999999886e+01
-7.790000000000000036e+00,7.910000000000000142e+00,6.203000000000000114e+01
-7.410000000000000142e+00,6.559999999999999609e+00,6.182000000000000028e+01
-5.959999999999999964e+00,5.780000000000000249e+00,6.168999999999999773e+01
-5.570000000000000284e+00,5.780000000000000249e+00,6.149000000000000199e+01
-4.679999999999999716e+00,5.900000000000000355e+00,6.117999999999999972e+01
-4.030000000000000249e+00,6.839999999999999858e+00,6.129999999999999716e+01
-5.349999999999999645e+00,7.469999999999999751e+00,6.110999999999999943e+01
-5.719999999999999751e+00,9.080000000000000071e+00,6.103999999999999915e+01
-9.250000000000000000e+00,9.990000000000000213e+00,6.075999999999999801e+01
-1.116000000000000014e+01,1.166999999999999993e+01,6.036999999999999744e+01
-1.191999999999999993e+01,1.399000000000000021e+01,5.982000000000000028e+01
-1.294999999999999929e+01,1.403999999999999915e+01,5.917000000000000171e+01
-1.401999999999999957e+01,1.359999999999999964e+01,5.865999999999999659e+01
-1.477999999999999936e+01,1.281000000000000050e+01,5.784000000000000341e+01
-1.539000000000000057e+01,1.265000000000000036e+01,5.675999999999999801e+01
-1.503999999999999915e+01,1.217999999999999972e+01,5.600000000000000000e+01
-1.305000000000000071e+01,1.288000000000000078e+01,5.535999999999999943e+01
-9.679999999999999716e+00,1.427999999999999936e+01,5.499000000000000199e+01
-9.140000000000000568e+00,1.423000000000000043e+01,5.465999999999999659e+01
-8.619999999999999218e+00,1.457000000000000028e+01,5.406000000000000227e+01
-7.250000000000000000e+00,1.502999999999999936e+01,5.415999999999999659e+01
-8.000000000000000000e+00,1.500000000000000000e+01,5.420000000000000284e+01
-7.360000000000000320e+00,1.549000000000000021e+01,5.485000000000000142e+01
-7.190000000000000391e+00,1.687999999999999901e+01,5.557000000000000028e+01
-7.950000000000000178e+00,1.644000000000000128e+01,5.597999999999999687e+01
-5.030000000000000249e+00,1.527999999999999936e+01,5.736999999999999744e+01
-3.270000000000000018e+00,1.484999999999999964e+01,5.874000000000000199e+01
-1.260000000000000009e+00,1.533000000000000007e+01,6.004999999999999716e+01
5.999999999999999778e-01,1.498000000000000043e+01,6.071000000000000085e+01
-1.100000000000000006e-01,1.585999999999999943e+01,6.057000000000000028e+01
-8.299999999999999600e-01,1.678000000000000114e+01,6.045000000000000284e+01
-3.330000000000000071e+00,1.717000000000000171e+01,5.963000000000000256e+01
-5.570000000000000284e+00,1.692999999999999972e+01,5.871999999999999886e+01
-7.849999999999999645e+00,1.648999999999999844e+01,5.806000000000000227e+01
-7.040000000000000036e+00,1.632000000000000028e+01,5.803999999999999915e+01
-7.240000000000000213e+00,1.584999999999999964e+01,5.807000000000000028e+01
-6.459999999999999964e+00,1.491000000000000014e+01,5.896000000000000085e+01
-6.230000000000000426e+00,1.300000000000000000e+01,5.971999999999999886e+01
-6.990000000000000213e+00,1.198000000000000043e+01,6.064000000000000057e+01
-8.269999999999999574e+00,1.148000000000000043e+01,6.095000000000000284e+01
-8.570000000000000284e+00,1.233000000000000007e+01,6.081000000000000227e+01
-8.839999999999999858e+00,1.277999999999999936e+01,6.014999999999999858e+01
-9.759999999999999787e+00,1.255000000000000071e+01,5.934000000000000341e+01
-9.509999999999999787e+00,1.266000000000000014e+01,5.784000000000000341e+01
-7.759999999999999787e+00,1.250000000000000000e+01,5.672999999999999687e+01
-6.299999999999999822e+00,1.172000000000000064e+01,5.607999999999999829e+01
-6.209999999999999964e+00,1.064000000000000057e+01,5.600999999999999801e+01
-6.230000000000000426e+00,9.759999999999999787e+00,5.607999999999999829e+01
-5.870000000000000107e+00,9.759999999999999787e+00,5.650000000000000000e+01
-3.770000000000000018e+00,1.166000000000000014e+01,5.768999999999999773e+01
-1.070000000000000062e+00,1.272000000000000064e+01,5.924000000000000199e+01
5.200000000000000178e-01,1.418999999999999950e+01,6.113000000000000256e+01
1.790000000000000036e+00,1.435999999999999943e+01,6.221999999999999886e+01
3.990000000000000213e+00,1.480000000000000071e+01,6.375999999999999801e+01
3.220000000000000195e+00,1.646999999999999886e+01,6.470999999999999375e+01
1.510000000000000009e+00,1.744000000000000128e+01,6.512999999999999545e+01
-7.800000000000000266e-01,1.723000000000000043e+01,6.490000000000000568e+01
-7.299999999999999822e-01,1.739000000000000057e+01,6.492000000000000171e+01
-2.180000000000000160e+00,1.814999999999999858e+01,6.446999999999999886e+01
-3.140000000000000124e+00,1.825000000000000000e+01,6.375999999999999801e+01
-3.750000000000000000e+00,1.848000000000000043e+01,6.324000000000000199e+01
-5.009999999999999787e+00,1.807999999999999829e+01,6.238000000000000256e+01
-4.139999999999999680e+00,1.687000000000000099e+01,6.192999999999999972e+01
-2.919999999999999929e+00,1.771000000000000085e+01,6.197999999999999687e+01
-4.339999999999999858e+00,1.710999999999999943e+01,6.110000000000000142e+01
-4.049999999999999822e+00,1.732000000000000028e+01,6.049000000000000199e+01
-5.759999999999999787e+00,1.775000000000000000e+01,5.949000000000000199e+01
-4.919999999999999929e+00,1.832999999999999829e+01,5.942000000000000171e+01
-5.549999999999999822e+00,1.867000000000000171e+01,5.915999999999999659e+01
-4.070000000000000284e+00,1.900000000000000000e+01,5.925000000000000000e+01
-3.699999999999999956e-01,1.978999999999999915e+01,6.029999999999999716e+01
2.600000000000000089e+00,1.953000000000000114e+01,6.092000000000000171e+01
7.639999999999999680e+00,1.821000000000000085e+01,6.129999999999999716e+01
8.669999999999999929e+00,1.737000000000000099e+01,6.132999999999999829e+01
8.369999999999999218e+00,1.785999999999999943e+01,6.125000000000000000e+01
8.320000000000000284e+00,1.907000000000000028e+01,6.197999999999999687e+01
5.679999999999999716e+00,1.942999999999999972e+01,6.209000000000000341e+01
5.639999999999999680e+00,1.950000000000000000e+01,6.303000000000000114e+01
5.549999999999999822e+00,1.864000000000000057e+01,6.442000000000000171e+01
6.290000000000000036e+00,1.739000000000000057e+01,6.601000000000000512e+01
5.120000000000000107e+00,1.680999999999999872e+01,6.720000000000000284e+01
4.549999999999999822e+00,1.590000000000000036e+01,6.870000000000000284e+01
1.979999999999999982e+00,1.502999999999999936e+01,6.942000000000000171e+01
-1.040000000000000036e+00,1.491000000000000014e+01,6.934000000000000341e+01
-4.110000000000000320e+00,1.442999999999999972e+01,6.854000000000000625e+01
-7.360000000000000320e+00,1.381000000000000050e+01,6.751000000000000512e+01
-6.839999999999999858e+00,1.261999999999999922e+01,6.704000000000000625e+01
-6.059999999999999609e+00,1.128999999999999915e+01,6.725000000000000000e+01
-8.480000000000000426e+00,1.067999999999999972e+01,6.665000000000000568e+01
-1.021000000000000085e+01,1.147000000000000064e+01,6.542000000000000171e+01
-1.052999999999999936e+01,1.157000000000000028e+01,6.470000000000000284e+01
-8.960000000000000853e+00,1.206000000000000050e+01,6.468999999999999773e+01
-7.980000000000000426e+00,1.242999999999999972e+01,6.465999999999999659e+01
-9.490000000000000213e+00,1.271000000000000085e+01,6.415000000000000568e+01
-1.124000000000000021e+01,1.208000000000000007e+01,6.375000000000000000e+01
-1.271000000000000085e+01,1.141999999999999993e+01,6.274000000000000199e+01
-1.542999999999999972e+01,9.880000000000000782e+00,6.071999999999999886e+01
-1.735000000000000142e+01,8.310000000000000497e+00,5.872999999999999687e+01
-1.764999999999999858e+01,8.210000000000000853e+00,5.667000000000000171e+01
-1.789999999999999858e+01,8.849999999999999645e+00,5.492999999999999972e+01
-1.732999999999999829e+01,8.099999999999999645e+00,5.321000000000000085e+01
-1.630000000000000071e+01,5.610000000000000320e+00,5.140999999999999659e+01
-1.639999999999999858e+01,3.410000000000000142e+00,4.984000000000000341e+01
-1.431000000000000050e+01,2.560000000000000053e+00,4.849000000000000199e+01
-1.363000000000000078e+01,2.629999999999999893e+00,4.710999999999999943e+01
-1.164000000000000057e+01,2.930000000000000160e+00,4.650000000000000000e+01
-9.730000000000000426e+00,3.040000000000000036e+00,4.628000000000000114e+01
-8.800000000000000711e+00,1.510000000000000009e+00,4.604999999999999716e+01
-6.139999999999999680e+00,9.300000000000000488e-01,4.597999999999999687e+01
-3.100000000000000089e+00,1.860000000000000098e+00,4.635000000000000142e+01
-1.590000000000000080e+00,3.189999999999999947e+00,4.714000000000000057e+01
-2.890000000000000124e+00,3.919999999999999929e+00,4.785000000000000142e+01
-2.609999999999999876e+00,5.110000000000000320e+00,4.840999999999999659e+01
-7.700000000000000178e-01,7.610000000000000320e+00,4.928999999999999915e+01
2.129999999999999893e+00,1.155000000000000071e+01,5.122999999999999687e+01
3.459999999999999964e+00,1.480000000000000071e+01,5.329999999999999716e+01
4.480000000000000426e+00,1.753999999999999915e+01,5.478000000000000114e+01
6.570000000000000284e+00,1.242999999999999972e+01,5.489999999999999858e+01
8.390000000000000568e+00,1.299000000000000021e+01,5.592000000000000171e+01
7.879999999999999893e+00,1.411999999999999922e+01,5.649000000000000199e+01
7.099999999999999645e+00,1.464000000000000057e+01,5.635000000000000142e+01
6.030000000000000249e+00,1.501999999999999957e+01,5.602000000000000313e+01
5.019999999999999574e+00,1.563000000000000078e+01,5.554999999999999716e+01
4.830000000000000071e+00,1.566000000000000014e+01,5.534000000000000341e+01
5.870000000000000107e+00,1.509999999999999964e+01,5.547999999999999687e+01
8.310000000000000497e+00,1.496000000000000085e+01,5.685999999999999943e+01
8.070000000000000284e+00,1.535999999999999943e+01,5.804999999999999716e+01
7.139999999999999680e+00,1.486999999999999922e+01,5.897999999999999687e+01
8.089999999999999858e+00,1.398000000000000043e+01,6.025999999999999801e+01
8.929999999999999716e+00,1.401999999999999957e+01,6.207999999999999829e+01
5.690000000000000391e+00,1.251999999999999957e+01,6.321999999999999886e+01
3.020000000000000018e+00,1.238000000000000078e+01,6.356000000000000227e+01
1.479999999999999982e+00,1.384999999999999964e+01,6.363000000000000256e+01
5.000000000000000278e-02,1.476999999999999957e+01,6.357000000000000028e+01
-2.279999999999999805e+00,1.491999999999999993e+01,6.314000000000000057e+01
-4.349999999999999645e+00,1.327999999999999936e+01,6.189999999999999858e+01
-5.469999999999999751e+00,1.053999999999999915e+01,6.065999999999999659e+01
-4.669999999999999929e+00,7.790000000000000036e+00,5.946999999999999886e+01
-3.910000000000000142e+00,6.169999999999999929e+00,5.917000000000000171e+01
-2.430000000000000160e+00,5.469999999999999751e+00,5.942000000000000171e+01
-2.939999999999999947e+00,4.900000000000000355e+00,5.967000000000000171e+01
-8.800000000000000044e-01,4.980000000000000426e+00,5.972999999999999687e+01
0.000000000000000000e+00,4.750000000000000000e+00,5.971000000000000085e+01
1.000000000000000056e-01,3.979999999999999982e+00,5.931000000000000227e+01
-2.200000000000000178e+00,3.569999999999999840e+00,5.864000000000000057e+01
-3.669999999999999929e+00,2.459999999999999964e+00,5.729999999999999716e+01
-4.360000000000000320e+00,1.719999999999999973e+00,5.595000000000000284e+01
-3.850000000000000089e+00,1.270000000000000018e+00,5.474000000000000199e+01
-4.580000000000000071e+00,4.299999999999999933e-01,5.325000000000000000e+01
-4.679999999999999716e+00,5.999999999999999778e-01,5.250999999999999801e+01
-4.750000000000000000e+00,-5.899999999999999689e-01,5.142999999999999972e+01
-5.030000000000000249e+00,-1.399999999999999911e+00,5.097999999999999687e+01
-7.309999999999999609e+00,-2.100000000000000089e+00,5.070000000000000284e+01
-6.469999999999999751e+00,-2.700000000000000178e+00,4.968999999999999773e+01
-6.309999999999999609e+00,-2.180000000000000160e+00,4.954999999999999716e+01
-7.009999999999999787e+00,-2.020000000000000018e+00,4.952000000000000313e+01
-7.269999999999999574e+00,-4.899999999999999911e-01,4.915999999999999659e+01
-5.009999999999999787e+00,9.599999999999999645e-01,4.895000000000000284e+01
-4.040000000000000036e+00,2.109999999999999876e+00,4.885999999999999943e+01
-3.240000000000000213e+00,9.599999999999999645e-01,4.854999999999999716e+01
-2.500000000000000000e+00,1.000000000000000021e-02,4.827000000000000313e+01
-1.899999999999999911e+00,-1.199999999999999956e-01,4.831000000000000227e+01
-1.780000000000000027e+00,1.439999999999999947e+00,4.845000000000000284e+01
4.400000000000000022e-01,4.620000000000000107e+00,4.889000000000000057e+01
2.729999999999999982e+00,6.700000000000000178e+00,4.975999999999999801e+01
3.790000000000000036e+00,9.439999999999999503e+00,5.084000000000000341e+01
4.969999999999999751e+00,1.226999999999999957e+01,5.211999999999999744e+01
4.309999999999999609e+00,1.457000000000000028e+01,5.339000000000000057e+01
4.509999999999999787e+00,1.655000000000000071e+01,5.421000000000000085e+01
4.070000000000000284e+00,1.662999999999999901e+01,5.546999999999999886e+01
3.779999999999999805e+00,1.767999999999999972e+01,5.632999999999999829e+01
2.370000000000000107e+00,1.741000000000000014e+01,5.692000000000000171e+01
1.219999999999999973e+00,1.610000000000000142e+01,5.686999999999999744e+01
-1.149999999999999911e+00,1.451999999999999957e+01,5.568999999999999773e+01
-2.240000000000000213e+00,1.391999999999999993e+01,5.460000000000000142e+01
-6.700000000000000400e-01,1.407000000000000028e+01,5.414000000000000057e+01
-1.219999999999999973e+00,1.383000000000000007e+01,5.389000000000000057e+01
-2.290000000000000036e+00,1.328999999999999915e+01,5.324000000000000199e+01
-1.010000000000000009e+00,1.333000000000000007e+01,5.295000000000000284e+01
1.770000000000000018e+00,1.283999999999999986e+01,5.314000000000000057e+01
3.520000000000000018e+00,1.342999999999999972e+01,5.414999999999999858e+01
3.109999999999999876e+00,1.402999999999999936e+01,5.496000000000000085e+01
3.660000000000000142e+00,1.452999999999999936e+01,5.614999999999999858e+01
3.379999999999999893e+00,1.538000000000000078e+01,5.767000000000000171e+01
2.740000000000000213e+00,1.541000000000000014e+01,5.875000000000000000e+01
1.929999999999999938e+00,1.567999999999999972e+01,5.986999999999999744e+01
8.699999999999999956e-01,1.556000000000000050e+01,6.072999999999999687e+01
-5.999999999999999778e-02,1.569999999999999929e+01,6.145000000000000284e+01
-6.400000000000000133e-01,1.592999999999999972e+01,6.221000000000000085e+01
-9.200000000000000400e-01,1.650000000000000000e+01,6.317000000000000171e+01
-2.049999999999999822e+00,1.662000000000000099e+01,6.371999999999999886e+01
-3.040000000000000036e+00,1.667999999999999972e+01,6.420999999999999375e+01
-4.219999999999999751e+00,1.603999999999999915e+01,6.479000000000000625e+01
-5.160000000000000142e+00,1.502999999999999936e+01,6.509999999999999432e+01
-6.110000000000000320e+00,1.390000000000000036e+01,6.531999999999999318e+01
-6.709999999999999964e+00,1.234999999999999964e+01,6.550000000000000000e+01
-7.309999999999999609e+00,1.085999999999999943e+01,6.578000000000000114e+01
-8.060000000000000497e+00,9.330000000000000071e+00,6.590999999999999659e+01
-8.189999999999999503e+00,7.429999999999999716e+00,6.579000000000000625e+01
-5.940000000000000391e+00,6.169999999999999929e+00,6.595999999999999375e+01
-6.969999999999999751e+00,4.740000000000000213e+00,6.559000000000000341e+01
-5.599999999999999645e+00,2.680000000000000160e+00,6.487000000000000455e+01
-5.009999999999999787e+00,1.179999999999999938e+00,6.440999999999999659e+01
-3.910000000000000142e+00,4.099999999999999756e-01,6.406999999999999318e+01
-4.179999999999999716e+00,2.999999999999999889e-01,6.361999999999999744e+01
-2.700000000000000178e+00,1.899999999999999911e+00,6.334000000000000341e+01
-2.649999999999999911e+00,2.700000000000000178e+00,6.286999999999999744e+01
-1.709999999999999964e+00,4.339999999999999858e+00,6.261999999999999744e+01
-1.629999999999999893e+00,8.539999999999999147e+00,6.221000000000000085e+01
-2.569999999999999840e+00,1.408999999999999986e+01,6.156000000000000227e+01
-4.379999999999999893e+00,1.673000000000000043e+01,6.057999999999999829e+01
-3.259999999999999787e+00,1.639999999999999858e+01,5.999000000000000199e+01
-4.429999999999999716e+00,1.694000000000000128e+01,5.960000000000000142e+01
-7.120000000000000107e+00,1.673000000000000043e+01,5.882999999999999829e+01
-8.679999999999999716e+00,1.551999999999999957e+01,5.792000000000000171e+01
-1.093999999999999950e+01,1.675000000000000000e+01,5.756000000000000227e+01
-1.325999999999999979e+01,1.839999999999999858e+01,5.754999999999999716e+01
-1.455000000000000071e+01,1.850000000000000000e+01,5.817999999999999972e+01
-1.712999999999999901e+01,1.919000000000000128e+01,5.846999999999999886e+01
-1.946999999999999886e+01,2.032999999999999829e+01,5.850000000000000000e+01
-1.801000000000000156e+01,2.076999999999999957e+01,5.961999999999999744e+01
-1.605000000000000071e+01,2.135000000000000142e+01,6.185000000000000142e+01
-1.484999999999999964e+01,1.989999999999999858e+01,6.367000000000000171e+01
-1.391000000000000014e+01,1.946000000000000085e+01,6.484999999999999432e+01
-1.114000000000000057e+01,1.917999999999999972e+01,6.618999999999999773e+01
-9.750000000000000000e+00,1.803000000000000114e+01,6.740000000000000568e+01
-8.000000000000000000e+00,1.812999999999999901e+01,6.820000000000000284e+01
-5.549999999999999822e+00,1.926999999999999957e+01,6.910999999999999943e+01
-6.179999999999999716e+00,1.933999999999999986e+01,6.946999999999999886e+01
-6.009999999999999787e+00,1.826999999999999957e+01,6.956000000000000227e+01
-4.570000000000000284e+00,1.694000000000000128e+01,6.973000000000000398e+01
-6.800000000000000488e-01,1.548000000000000043e+01,7.031999999999999318e+01
1.479999999999999982e+00,1.491999999999999993e+01,7.054000000000000625e+01
3.779999999999999805e+00,1.419999999999999929e+01,7.057999999999999829e+01
4.219999999999999751e+00,1.348000000000000043e+01,7.025000000000000000e+01
4.280000000000000249e+00,1.396000000000000085e+01,6.940999999999999659e+01
3.709999999999999964e+00,1.485999999999999943e+01,6.859999999999999432e+01
1.899999999999999911e+00,1.541999999999999993e+01,6.792000000000000171e+01
1.399999999999999911e+00,1.566000000000000014e+01,6.787000000000000455e+01
-5.300000000000000266e-01,1.666000000000000014e+01,6.818000000000000682e+01
-3.020000000000000018e+00,1.696000000000000085e+01,6.837000000000000455e+01
-5.690000000000000391e+00,1.753999999999999915e+01,6.820999999999999375e+01
-7.320000000000000284e+00,1.678000000000000114e+01,6.804999999999999716e+01
-8.330000000000000071e+00,1.567999999999999972e+01,6.784000000000000341e+01
-9.580000000000000071e+00,1.433000000000000007e+01,6.734000000000000341e+01
-1.059999999999999964e+01,1.166999999999999993e+01,6.651999999999999602e+01
-1.111999999999999922e+01,9.189999999999999503e+00,6.601000000000000512e+01
-1.151999999999999957e+01,7.400000000000000355e+00,6.545999999999999375e+01
-1.133000000000000007e+01,6.660000000000000142e+00,6.504999999999999716e+01
-1.063000000000000078e+01,5.440000000000000391e+00,6.465000000000000568e+01
-9.949999999999999289e+00,4.500000000000000000e+00,6.429999999999999716e+01
-9.599999999999999645e+00,3.689999999999999947e+00,6.401999999999999602e+01
-9.050000000000000711e+00,2.740000000000000213e+00,6.368999999999999773e+01
-8.009999999999999787e+00,1.449999999999999956e+00,6.349000000000000199e+01
-6.450000000000000178e+00,-3.699999999999999956e-01,6.324000000000000199e+01
-5.540000000000000036e+00,-2.160000000000000142e+00,6.303999999999999915e+01
-3.950000000000000178e+00,-3.529999999999999805e+00,6.288000000000000256e+01
-2.089999999999999858e+00,-5.150000000000000355e+00,6.279999999999999716e+01
-1.120000000000000107e+00,-6.030000000000000249e+00,6.284000000000000341e+01
-6.099999999999999867e-01,-6.780000000000000249e+00,6.303999999999999915e+01
-1.000000000000000021e-02,-6.919999999999999929e+00,6.322999999999999687e+01
-8.000000000000000167e-02,-6.259999999999999787e+00,6.353000000000000114e+01
-2.300000000000000100e-01,-5.209999999999999964e+00,6.365999999999999659e+01
-6.300000000000000044e-01,-4.950000000000000178e+00,6.367999999999999972e+01
-7.199999999999999734e-01,-5.620000000000000107e+00,6.357999999999999829e+01
-3.800000000000000044e-01,-5.120000000000000107e+00,6.346000000000000085e+01
-6.300000000000000044e-01,-3.950000000000000178e+00,6.347999999999999687e+01
2.000000000000000042e-02,-2.839999999999999858e+00,6.350999999999999801e+01
4.500000000000000111e-01,-1.629999999999999893e+00,6.363000000000000256e+01
5.699999999999999512e-01,-4.000000000000000222e-01,6.390999999999999659e+01
4.199999999999999845e-01,3.599999999999999867e-01,6.409999999999999432e+01
-2.999999999999999889e-02,1.010000000000000009e+00,6.426999999999999602e+01
-4.299999999999999933e-01,1.699999999999999956e+00,6.443999999999999773e+01
-1.030000000000000027e+00,2.129999999999999893e+00,6.451999999999999602e+01
-1.679999999999999938e+00,2.549999999999999822e+00,6.454999999999999716e+01
-2.569999999999999840e+00,2.839999999999999858e+00,6.450000000000000000e+01
-3.140000000000000124e+00,2.839999999999999858e+00,6.439000000000000057e+01
-3.799999999999999822e+00,2.790000000000000036e+00,6.426999999999999602e+01
-4.320000000000000284e+00,2.640000000000000124e+00,6.420000000000000284e+01
-4.540000000000000036e+00,2.049999999999999822e+00,6.397999999999999687e+01
-4.459999999999999964e+00,1.449999999999999956e+00,6.386999999999999744e+01
-4.200000000000000178e+00,9.599999999999999645e-01,6.379999999999999716e+01
-4.059999999999999609e+00,3.300000000000000155e-01,6.378999999999999915e+01
-3.990000000000000213e+00,-1.000000000000000021e-02,6.381000000000000227e+01
-4.219999999999999751e+00,-2.300000000000000100e-01,6.389000000000000057e+01
-4.469999999999999751e+00,-2.800000000000000266e-01,6.403000000000000114e+01
-4.769999999999999574e+00,-1.499999999999999944e-01,6.414000000000000057e+01
-4.969999999999999751e+00,7.000000000000000666e-02,6.420000000000000284e+01
-5.139999999999999680e+00,3.599999999999999867e-01,6.429000000000000625e+01
-5.200000000000000178e+00,8.299999999999999600e-01,6.429000000000000625e+01
-5.139999999999999680e+00,1.179999999999999938e+00,6.426999999999999602e+01
-5.000000000000000000e+00,1.520000000000000018e+00,6.426999999999999602e+01
-4.799999999999999822e+00,1.870000000000000107e+00,6.425000000000000000e+01
-4.700000000000000178e+00,2.020000000000000018e+00,6.417000000000000171e+01
-4.639999999999999680e+00,2.100000000000000089e+00,6.417000000000000171e+01
-4.690000000000000391e+00,2.009999999999999787e+00,6.412000000000000455e+01
-4.820000000000000284e+00,1.760000000000000009e+00,6.409999999999999432e+01
-4.980000000000000426e+00,1.479999999999999982e+00,6.409000000000000341e+01
-5.110000000000000320e+00,1.179999999999999938e+00,6.412999999999999545e+01
-5.240000000000000213e+00,8.499999999999999778e-01,6.415999999999999659e+01
-5.299999999999999822e+00,4.199999999999999845e-01,6.412999999999999545e+01
-5.320000000000000284e+00,2.300000000000000100e-01,6.415000000000000568e+01
-5.299999999999999822e+00,1.400000000000000133e-01,6.417000000000000171e+01
-5.280000000000000249e+00,2.099999999999999922e-01,6.418000000000000682e+01
-5.230000000000000426e+00,4.000000000000000222e-01,6.420000000000000284e+01
-5.169999999999999929e+00,6.899999999999999467e-01,6.418000000000000682e+01
-5.129999999999999893e+00,1.000000000000000000e+00,6.418000000000000682e+01
-5.080000000000000071e+00,1.300000000000000044e+00,6.418000000000000682e+01
-4.969999999999999751e+00,1.560000000000000053e+00,6.415000000000000568e+01
-5.019999999999999574e+00,1.729999999999999982e+00,6.415000000000000568e+01
-5.000000000000000000e+00,1.800000000000000044e+00,6.414000000000000057e+01
-4.969999999999999751e+00,1.689999999999999947e+00,6.414000000000000057e+01
-5.080000000000000071e+00,1.540000000000000036e+00,6.409999999999999432e+01
-5.209999999999999964e+00,1.310000000000000053e+00,6.404000000000000625e+01
-5.259999999999999787e+00,1.090000000000000080e+00,6.401999999999999602e+01
-5.299999999999999822e+00,8.199999999999999512e-01,6.401999999999999602e+01
-5.269999999999999574e+00,5.999999999999999778e-01,6.399000000000000199e+01
-5.240000000000000213e+00,4.500000000000000111e-01,6.400000000000000000e+01
-5.179999999999999716e+00,4.500000000000000111e-01,6.401999999999999602e+01
-5.129999999999999893e+00,5.000000000000000000e-01,6.407999999999999829e+01
-5.099999999999999645e+00,5.999999999999999778e-01,6.412000000000000455e+01
-5.129999999999999893e+00,8.299999999999999600e-01,6.415999999999999659e+01
-5.160000000000000142e+00,1.030000000000000027e+00,6.415999999999999659e+01
-5.179999999999999716e+00,1.250000000000000000e+00,6.412000000000000455e+01
-5.139999999999999680e+00,1.379999999999999893e+00,6.407999999999999829e+01
-5.160000000000000142e+00,1.520000000000000018e+00,6.404999999999999716e+01
-5.139999999999999680e+00,1.600000000000000089e+00,6.401999999999999602e+01
-5.080000000000000071e+00,1.550000000000000044e+00,6.401999999999999602e+01
-5.030000000000000249e+00,1.399999999999999911e+00,6.400000000000000000e+01
-5.019999999999999574e+00,1.199999999999999956e+00,6.395000000000000284e+01
-5.070000000000000284e+00,1.040000000000000036e+00,6.399000000000000199e+01
-5.139999999999999680e+00,9.000000000000000222e-01,6.401999999999999602e+01
-5.219999999999999751e+00,7.399999999999999911e-01,6.404000000000000625e+01
-5.299999999999999822e+00,6.600000000000000311e-01,6.404999999999999716e+01
-5.299999999999999822e+00,5.799999999999999600e-01,6.401999999999999602e+01
-5.280000000000000249e+00,6.199999999999999956e-01,6.406000000000000227e+01
-5.209999999999999964e+00,7.600000000000000089e-01,6.407999999999999829e+01
-5.150000000000000355e+00,8.900000000000000133e-01,6.407999999999999829e+01
-5.110000000000000320e+00,1.040000000000000036e+00,6.410999999999999943e+01
-5.080000000000000071e+00,1.229999999999999982e+00,6.409999999999999432e+01
-5.070000000000000284e+00,1.360000000000000098e+00,6.406999999999999318e+01
-5.080000000000000071e+00,1.439999999999999947e+00,6.406000000000000227e+01
-5.129999999999999893e+00,1.459999999999999964e+00,6.401999999999999602e+01
-5.139999999999999680e+00,1.419999999999999929e+00,6.397999999999999687e+01
-5.160000000000000142e+00,1.340000000000000080e+00,6.396000000000000085e+01
-5.190000000000000391e+00,1.189999999999999947e+00,6.393999999999999773e+01
-5.200000000000000178e+00,1.100000000000000089e+00,6.390999999999999659e+01
-5.209999999999999964e+00,9.699999999999999734e-01,6.392999999999999972e+01
-5.200000000000000178e+00,8.299999999999999600e-01,6.395000000000000284e+01
-5.209999999999999964e+00,7.500000000000000000e-01,6.392999999999999972e+01
-5.209999999999999964e+00,7.199999999999999734e-01,6.393999999999999773e+01
-5.219999999999999751e+00,7.900000000000000355e-01,6.399000000000000199e+01
-5.219999999999999751e+00,8.599999999999999867e-01,6.401000000000000512e+01
-5.179999999999999716e+00,9.699999999999999734e-01,6.399000000000000199e+01
-5.169999999999999929e+00,1.090000000000000080e+00,6.400000000000000000e+01
-5.150000000000000355e+00,1.219999999999999973e+00,6.400000000000000000e+01
-5.120000000000000107e+00,1.300000000000000044e+00,6.396999999999999886e+01
-5.120000000000000107e+00,1.340000000000000080e+00,6.395000000000000284e+01
-5.110000000000000320e+00,1.350000000000000089e+00,6.395000000000000284e+01
-5.129999999999999893e+00,1.300000000000000044e+00,6.393999999999999773e+01
-5.139999999999999680e+00,1.199999999999999956e+00,6.389999999999999858e+01
-5.169999999999999929e+00,1.100000000000000089e+00,6.392000000000000171e+01
-5.200000000000000178e+00,1.030000000000000027e+00,6.395000000000000284e+01
-5.190000000000000391e+00,9.000000000000000222e-01,6.392000000000000171e+01
-5.200000000000000178e+00,8.499999999999999778e-01,6.396000000000000085e+01
-5.209999999999999964e+00,8.499999999999999778e-01,6.400000000000000000e+01
-5.209999999999999964e+00,8.800000000000000044e-01,6.404000000000000625e+01
-5.209999999999999964e+00,9.200000000000000400e-01,6.406999999999999318e+01
-5.190000000000000391e+00,9.799999999999999822e-01,6.397999999999999687e+01
-5.169999999999999929e+00,1.090000000000000080e+00,6.400000000000000000e+01
-5.150000000000000355e+00,1.169999999999999929e+00,6.400000000000000000e+01
-5.139999999999999680e+00,1.250000000000000000e+00,6.401000000000000512e+01
-5.129999999999999893e+00,1.280000000000000027e+00,6.397999999999999687e+01
-5.129999999999999893e+00,1.290000000000000036e+00,6.399000000000000199e+01
-5.150000000000000355e+00,1.250000000000000000e+00,6.397999999999999687e+01
-5.160000000000000142e+00,1.179999999999999938e+00,6.395000000000000284e+01
-5.190000000000000391e+00,1.090000000000000080e+00,6.389999999999999858e+01
-5.219999999999999751e+00,1.030000000000000027e+00,6.389999999999999858e+01
-5.209999999999999964e+00,9.599999999999999645e-01,6.393999999999999773e+01
-5.200000000000000178e+00,9.300000000000000488e-01,6.400000000000000000e+01
-5.179999999999999716e+00,8.900000000000000133e-01,6.399000000000000199e+01
-5.190000000000000391e+00,9.100000000000000311e-01,6.401000000000000512e+01
-5.179999999999999716e+00,9.799999999999999822e-01,6.403000000000000114e+01
-5.169999999999999929e+00,1.050000000000000044e+00,6.409000000000000341e+01
-5.169999999999999929e+00,1.120000000000000107e+00,6.410999999999999943e+01
-5.160000000000000142e+00,1.189999999999999947e+00,6.409999999999999432e+01
-5.139999999999999680e+00,1.250000000000000000e+00,6.409000000000000341e+01
-5.160000000000000142e+00,1.260000000000000009e+00,6.404000000000000625e+01
-5.139999999999999680e+00,1.250000000000000000e+00,6.400000000000000000e+01
-5.139999999999999680e+00,1.209999999999999964e+00,6.395000000000000284e+01
-5.139999999999999680e+00,1.179999999999999938e+00,6.396999999999999886e+01
-5.150000000000000355e+00,1.129999999999999893e+00,6.397999999999999687e+01
-5.160000000000000142e+00,1.070000000000000062e+00,6.401999999999999602e+01
-5.150000000000000355e+00,1.010000000000000009e+00,6.396999999999999886e+01
-5.169999999999999929e+00,9.599999999999999645e-01,6.396999999999999886e+01
-5.169999999999999929e+00,9.399999999999999467e-01,6.400000000000000000e+01
-5.169999999999999929e+00,9.399999999999999467e-01,6.401000000000000512e+01
-5.169999999999999929e+00,9.799999999999999822e-01,6.404999999999999716e+01
-5.150000000000000355e+00,1.030000000000000027e+00,6.404999999999999716e+01
-5.150000000000000355e+00,1.100000000000000089e+00,6.409000000000000341e+01
-5.139999999999999680e+00,1.179999999999999938e+00,6.412000000000000455e+01
-5.129999999999999893e+00,1.209999999999999964e+00,6.410999999999999943e+01
-5.139999999999999680e+00,1.199999999999999956e+00,6.406999999999999318e+01
-5.129999999999999893e+00,1.179999999999999938e+00,6.400000000000000000e+01
-5.160000000000000142e+00,1.149999999999999911e+00,6.401999999999999602e+01
-5.150000000000000355e+00,1.169999999999999929e+00,6.404000000000000625e+01
-5.160000000000000142e+00,1.100000000000000089e+00,6.403000000000000114e+01
-5.150000000000000355e+00,1.050000000000000044e+00,6.401000000000000512e+01
-5.160000000000000142e+00,1.000000000000000000e+00,6.403000000000000114e+01
-5.160000000000000142e+00,9.499999999999999556e-01,6.400000000000000000e+01
-5.160000000000000142e+00,9.399999999999999467e-01,6.404000000000000625e+01
-5.169999999999999929e+00,9.599999999999999645e-01,6.406999999999999318e+01
-5.169999999999999929e+00,1.000000000000000000e+00,6.406000000000000227e+01
-5.150000000000000355e+00,1.030000000000000027e+00,6.406999999999999318e+01
-5.160000000000000142e+00,1.050000000000000044e+00,6.406000000000000227e+01
-5.150000000000000355e+00,1.090000000000000080e+00,6.400000000000000000e+01
-5.139999999999999680e+00,1.120000000000000107e+00,6.399000000000000199e+01
-5.160000000000000142e+00,1.139999999999999902e+00,6.396999999999999886e+01
-5.160000000000000142e+00,1.129999999999999893e+00,6.396999999999999886e+01
-5.150000000000000355e+00,1.110000000000000098e+00,6.395000000000000284e+01
-5.160000000000000142e+00,1.070000000000000062e+00,6.395000000000000284e+01
-5.169999999999999929e+00,1.040000000000000036e+00,6.396000000000000085e+01
-5.179999999999999716e+00,1.040000000000000036e+00,6.401999999999999602e+01
-5.169999999999999929e+00,9.899999999999999911e-01,6.403000000000000114e+01
-5.160000000000000142e+00,9.799999999999999822e-01,6.404999999999999716e+01
-5.169999999999999929e+00,1.000000000000000000e+00,6.409000000000000341e+01
-5.179999999999999716e+00,1.000000000000000000e+00,6.406999999999999318e+01
-5.169999999999999929e+00,1.050000000000000044e+00,6.409999999999999432e+01
-5.179999999999999716e+00,1.090000000000000080e+00,6.412999999999999545e+01
-5.179999999999999716e+00,1.120000000000000107e+00,6.412999999999999545e+01
-5.169999999999999929e+00,1.120000000000000107e+00,6.410999999999999943e+01
-5.169999999999999929e+00,1.149999999999999911e+00,6.414000000000000057e+01
-5.190000000000000391e+00,1.159999999999999920e+00,6.415000000000000568e+01
-5.190000000000000391e+00,1.149999999999999911e+00,6.418000000000000682e+01
-5.200000000000000178e+00,1.149999999999999911e+00,6.420999999999999375e+01
-5.209999999999999964e+00,1.100000000000000089e+00,6.420000000000000284e+01
-5.209999999999999964e+00,1.030000000000000027e+00,6.415000000000000568e+01
-5.209999999999999964e+00,1.010000000000000009e+00,6.414000000000000057e+01
-5.200000000000000178e+00,9.699999999999999734e-01,6.412000000000000455e+01
-5.200000000000000178e+00,9.899999999999999911e-01,6.410999999999999943e+01
-5.200000000000000178e+00,1.000000000000000000e+00,6.412999999999999545e+01
-5.179999999999999716e+00,1.000000000000000000e+00,6.410999999999999943e+01
-5.179999999999999716e+00,1.020000000000000018e+00,6.407999999999999829e+01
-5.179999999999999716e+00,1.060000000000000053e+00,6.409999999999999432e+01
-5.160000000000000142e+00,1.050000000000000044e+00,6.404000000000000625e+01
-5.169999999999999929e+00,1.070000000000000062e+00,6.404999999999999716e+01
-5.169999999999999929e+00,1.090000000000000080e+00,6.403000000000000114e+01
-5.169999999999999929e+00,1.110000000000000098e+00,6.406999999999999318e+01
-5.179999999999999716e+00,1.070000000000000062e+00,6.404999999999999716e+01
-5.179999999999999716e+00,1.040000000000000036e+00,6.401999999999999602e+01
-5.200000000000000178e+00,1.030000000000000027e+00,6.404000000000000625e+01
-5.200000000000000178e+00,1.030000000000000027e+00,6.403000000000000114e+01
-5.209999999999999964e+00,1.000000000000000000e+00,6.401999999999999602e+01
-5.209999999999999964e+00,9.799999999999999822e-01,6.399000000000000199e+01
-5.209999999999999964e+00,9.799999999999999822e-01,6.399000000000000199e+01
-5.200000000000000178e+00,9.699999999999999734e-01,6.399000000000000199e+01
-5.190000000000000391e+00,1.000000000000000000e+00,6.400000000000000000e+01
-5.179999999999999716e+00,1.050000000000000044e+00,6.401999999999999602e+01
-5.169999999999999929e+00,1.080000000000000071e+00,6.403000000000000114e+01
-5.179999999999999716e+00,1.110000000000000098e+00,6.406999999999999318e+01
-5.169999999999999929e+00,1.110000000000000098e+00,6.403000000000000114e+01
-5.160000000000000142e+00,1.090000000000000080e+00,6.399000000000000199e+01
-5.160000000000000142e+00,1.060000000000000053e+00,6.399000000000000199e+01
-5.179999999999999716e+00,1.080000000000000071e+00,6.404000000000000625e+01
-5.179999999999999716e+00,1.050000000000000044e+00,6.403000000000000114e+01
-5.179999999999999716e+00,1.050000000000000044e+00,6.404999999999999716e+01
-5.179999999999999716e+00,1.030000000000000027e+00,6.404999999999999716e+01
-5.179999999999999716e+00,1.040000000000000036e+00,6.409000000000000341e+01
-5.179999999999999716e+00,1.050000000000000044e+00,6.412999999999999545e+01
-5.179999999999999716e+00,1.060000000000000053e+00,6.415000000000000568e+01
-5.169999999999999929e+00,1.060000000000000053e+00,6.415999999999999659e+01
-5.169999999999999929e+00,1.090000000000000080e+00,6.417000000000000171e+01
-5.160000000000000142e+00,1.120000000000000107e+00,6.415999999999999659e+01
-5.160000000000000142e+00,1.120000000000000107e+00,6.412000000000000455e+01
-5.150000000000000355e+00,1.110000000000000098e+00,6.409999999999999432e+01
-5.169999999999999929e+00,1.120000000000000107e+00,6.410999999999999943e+01
-5.179999999999999716e+00,1.090000000000000080e+00,6.406999999999999318e+01
-5.179999999999999716e+00,1.100000000000000089e+00,6.407999999999999829e+01
-5.200000000000000178e+00,1.070000000000000062e+00,6.409000000000000341e+01
-5.169999999999999929e+00,1.070000000000000062e+00,6.410999999999999943e+01
-5.200000000000000178e+00,1.010000000000000009e+00,6.412000000000000455e+01
-5.190000000000000391e+00,1.000000000000000000e+00,6.407999999999999829e+01
-5.179999999999999716e+00,1.040000000000000036e+00,6.407999999999999829e+01
-5.179999999999999716e+00,1.060000000000000053e+00,6.409000000000000341e+01
-5.190000000000000391e+00,1.100000000000000089e+00,6.414000000000000057e+01
-5.179999999999999716e+00,1.110000000000000098e+00,6.412000000000000455e+01
-5.160000000000000142e+00,1.120000000000000107e+00,6.410999999999999943e+01
-5.179999999999999716e+00,1.139999999999999902e+00,6.410999999999999943e+01
-5.179999999999999716e+00,1.139999999999999902e+00,6.410999999999999943e+01
-5.150000000000000355e+00,1.120000000000000107e+00,6.406000000000000227e+01
-5.160000000000000142e+00,1.090000000000000080e+00,6.400000000000000000e+01
-5.150000000000000355e+00,1.060000000000000053e+00,6.396000000000000085e+01
-5.179999999999999716e+00,1.040000000000000036e+00,6.396000000000000085e+01
-5.169999999999999929e+00,1.040000000000000036e+00,6.396000000000000085e+01
-5.179999999999999716e+00,1.030000000000000027e+00,6.395000000000000284e+01
-5.179999999999999716e+00,1.030000000000000027e+00,6.396999999999999886e+01
-5.179999999999999716e+00,1.020000000000000018e+00,6.396000000000000085e+01
-5.179999999999999716e+00,1.040000000000000036e+00,6.397999999999999687e+01
-5.179999999999999716e+00,1.070000000000000062e+00,6.401999999999999602e+01
-5.179999999999999716e+00,1.080000000000000071e+00,6.397999999999999687e+01
-5.160000000000000142e+00,1.080000000000000071e+00,6.395000000000000284e+01
-5.169999999999999929e+00,1.070000000000000062e+00,6.389999999999999858e+01
-5.160000000000000142e+00,1.070000000000000062e+00,6.389000000000000057e+01
-5.150000000000000355e+00,1.070000000000000062e+00,6.389000000000000057e+01
-5.160000000000000142e+00,1.070000000000000062e+00,6.390999999999999659e+01
-5.139999999999999680e+00,1.070000000000000062e+00,6.392999999999999972e+01
-5.150000000000000355e+00,1.060000000000000053e+00,6.392000000000000171e+01
-5.160000000000000142e+00,1.060000000000000053e+00,6.395000000000000284e+01
-5.150000000000000355e+00,1.060000000000000053e+00,6.396999999999999886e+01
-5.150000000000000355e+00,1.060000000000000053e+00,6.397999999999999687e+01
-5.160000000000000142e+00,1.060000000000000053e+00,6.396000000000000085e+01
-5.169999999999999929e+00,1.040000000000000036e+00,6.395000000000000284e+01
-5.160000000000000142e+00,1.060000000000000053e+00,6.392000000000000171e+01
-5.169999999999999929e+00,1.060000000000000053e+00,6.392999999999999972e+01
-5.169999999999999929e+00,1.080000000000000071e+00,6.392999999999999972e+01
-5.169999999999999929e+00,1.100000000000000089e+00,6.396000000000000085e+01
-5.179999999999999716e+00,1.110000000000000098e+00,6.399000000000000199e+01
-5.190000000000000391e+00,1.149999999999999911e+00,6.404999999999999716e+01
-5.190000000000000391e+00,1.120000000000000107e+00,6.401000000000000512e+01
-5.190000000000000391e+00,1.139999999999999902e+00,6.406000000000000227e+01
-5.179999999999999716e+00,1.110000000000000098e+00,6.404999999999999716e+01
-5.179999999999999716e+00,1.110000000000000098e+00,6.406000000000000227e+01
-5.200000000000000178e+00,1.080000000000000071e+00,6.404000000000000625e+01
-5.190000000000000391e+00,1.070000000000000062e+00,6.407999999999999829e+01
-5.209999999999999964e+00,1.060000000000000053e+00,6.410999999999999943e+01
-5.209999999999999964e+00,1.060000000000000053e+00,6.412000000000000455e+01
-5.209999999999999964e+00,1.080000000000000071e+00,6.412999999999999545e+01
-5.200000000000000178e+00,1.080000000000000071e+00,6.412999999999999545e+01
-5.190000000000000391e+00,1.050000000000000044e+00,6.407999999999999829e+01
-5.179999999999999716e+00,1.050000000000000044e+00,6.406000000000000227e+01
-5.169999999999999929e+00,1.080000000000000071e+00,6.406999999999999318e+01
-5.169999999999999929e+00,1.040000000000000036e+00,6.403000000000000114e+01
-5.160000000000000142e+00,1.050000000000000044e+00,6.404000000000000625e+01
-5.169999999999999929e+00,1.020000000000000018e+00,6.401000000000000512e+01
-5.179999999999999716e+00,1.000000000000000000e+00,6.397999999999999687e+01
-5.190000000000000391e+00,1.000000000000000000e+00,6.399000000000000199e+01
-5.190000000000000391e+00,1.000000000000000000e+00,6.399000000000000199e+01
-5.169999999999999929e+00,9.899999999999999911e-01,6.399000000000000199e+01
-5.169999999999999929e+00,9.899999999999999911e-01,6.396999999999999886e+01
-5.179999999999999716e+00,1.010000000000000009e+00,6.400000000000000000e+01
-5.179999999999999716e+00,1.040000000000000036e+00,6.401999999999999602e+01
-5.190000000000000391e+00,1.070000000000000062e+00,6.404999999999999716e+01
-5.190000000000000391e+00,1.110000000000000098e+00,6.410999999999999943e+01
-5.200000000000000178e+00,1.129999999999999893e+00,6.417000000000000171e+01
-5.169999999999999929e+00,1.139999999999999902e+00,6.415000000000000568e+01
-5.190000000000000391e+00,1.139999999999999902e+00,6.417000000000000171e+01
-5.200000000000000178e+00,1.100000000000000089e+00,6.412000000000000455e+01
-5.200000000000000178e+00,1.070000000000000062e+00,6.409999999999999432e+01
-5.209999999999999964e+00,1.040000000000000036e+00,6.407999999999999829e+01
-5.219999999999999751e+00,1.040000000000000036e+00,6.409000000000000341e+01
-5.219999999999999751e+00,1.000000000000000000e+00,6.404000000000000625e+01
-5.209999999999999964e+00,9.899999999999999911e-01,6.399000000000000199e+01
-5.200000000000000178e+00,1.010000000000000009e+00,6.403000000000000114e+01
-5.209999999999999964e+00,1.010000000000000009e+00,6.400000000000000000e+01
-5.200000000000000178e+00,9.899999999999999911e-01,6.395000000000000284e+01
-5.190000000000000391e+00,1.020000000000000018e+00,6.396000000000000085e+01
-5.190000000000000391e+00,1.050000000000000044e+00,6.396000000000000085e+01
-5.200000000000000178e+00,1.080000000000000071e+00,6.401000000000000512e+01
-5.190000000000000391e+00,1.080000000000000071e+00,6.404000000000000625e+01
-5.200000000000000178e+00,1.070000000000000062e+00,6.401999999999999602e+01
-5.209999999999999964e+00,1.040000000000000036e+00,6.401000000000000512e+01
-5.219999999999999751e+00,1.050000000000000044e+00,6.401999999999999602e+01
-5.219999999999999751e+00,1.060000000000000053e+00,6.403000000000000114e+01
-5.200000000000000178e+00,1.040000000000000036e+00,6.401999999999999602e+01
-5.200000000000000178e+00,1.060000000000000053e+00,6.403000000000000114e+01
-5.200000000000000178e+00,1.030000000000000027e+00,6.403000000000000114e+01
-5.200000000000000178e+00,1.030000000000000027e+00,6.403000000000000114e+01
-5.200000000000000178e+00,1.040000000000000036e+00,6.401999999999999602e+01
-5.200000000000000178e+00,1.030000000000000027e+00,6.401000000000000512e+01
-5.190000000000000391e+00,1.060000000000000053e+00,6.401000000000000512e+01
-5.179999999999999716e+00,1.080000000000000071e+00,6.401000000000000512e+01
-5.160000000000000142e+00,1.090000000000000080e+00,6.404000000000000625e+01
-5.150000000000000355e+00,1.070000000000000062e+00,6.401999999999999602e+01
-5.160000000000000142e+00,1.060000000000000053e+00,6.401000000000000512e+01
-5.169999999999999929e+00,1.090000000000000080e+00,6.407999999999999829e+01
-5.160000000000000142e+00,1.070000000000000062e+00,6.404999999999999716e+01
-5.169999999999999929e+00,1.060000000000000053e+00,6.401000000000000512e+01
-5.169999999999999929e+00,1.060000000000000053e+00,6.404000000000000625e+01
-5.169999999999999929e+00,1.060000000000000053e+00,6.407999999999999829e+01
-5.160000000000000142e+00,1.050000000000000044e+00,6.406999999999999318e+01
-5.169999999999999929e+00,1.040000000000000036e+00,6.404999999999999716e+01
-5.169999999999999929e+00,1.010000000000000009e+00,6.401000000000000512e+01
-5.179999999999999716e+00,1.010000000000000009e+00,6.401000000000000512e+01
-5.190000000000000391e+00,1.030000000000000027e+00,6.400000000000000000e+01
-5.179999999999999716e+00,1.050000000000000044e+00,6.399000000000000199e+01
-5.169999999999999929e+00,1.060000000000000053e+00,6.396000000000000085e+01
-5.179999999999999716e+00,1.070000000000000062e+00,6.397999999999999687e+01
-5.179999999999999716e+00,1.080000000000000071e+00,6.401999999999999602e+01
-5.190000000000000391e+00,1.110000000000000098e+00,6.406000000000000227e+01
-5.190000000000000391e+00,1.100000000000000089e+00,6.407999999999999829e+01
-5.190000000000000391e+00,1.070000000000000062e+00,6.404999999999999716e+01
-5.190000000000000391e+00,1.040000000000000036e+00,6.403000000000000114e+01
-5.190000000000000391e+00,1.060000000000000053e+00,6.406999999999999318e+01
-5.190000000000000391e+00,1.040000000000000036e+00,6.406000000000000227e+01
-5.179999999999999716e+00,1.060000000000000053e+00,6.409000000000000341e+01
-5.190000000000000391e+00,1.070000000000000062e+00,6.410999999999999943e+01
-5.179999999999999716e+00,1.050000000000000044e+00,6.409000000000000341e+01
-5.190000000000000391e+00,1.080000000000000071e+00,6.414000000000000057e+01
-5.169999999999999929e+00,1.050000000000000044e+00,6.406999999999999318e+01
-5.169999999999999929e+00,1.050000000000000044e+00,6.406000000000000227e+01
-5.169999999999999929e+00,1.050000000000000044e+00,6.406000000000000227e+01
-5.169999999999999929e+00,1.050000000000000044e+00,6.406999999999999318e+01
-5.169999999999999929e+00,1.060000000000000053e+00,6.407999999999999829e+01
-5.169999999999999929e+00,1.050000000000000044e+00,6.407999999999999829e+01
-5.160000000000000142e+00,1.020000000000000018e+00,6.404000000000000625e+01
-5.160000000000000142e+00,1.000000000000000000e+00,6.396000000000000085e+01
-5.169999999999999929e+00,1.010000000000000009e+00,6.392000000000000171e+01
-5.150000000000000355e+00,1.010000000000000009e+00,6.388000000000000256e+01
-5.169999999999999929e+00,9.899999999999999911e-01,6.389999999999999858e+01
-5.150000000000000355e+00,1.020000000000000018e+00,6.390999999999999659e+01
-5.150000000000000355e+00,9.899999999999999911e-01,6.385000000000000142e+01
-5.169999999999999929e+00,1.010000000000000009e+00,6.384000000000000341e+01
-5.179999999999999716e+00,1.030000000000000027e+00,6.384000000000000341e+01
-5.179999999999999716e+00,1.050000000000000044e+00,6.385000000000000142e+01
-5.179999999999999716e+00,1.080000000000000071e+00,6.390999999999999659e+01
-5.179999999999999716e+00,1.080000000000000071e+00,6.390999999999999659e+01
-5.179999999999999716e+00,1.060000000000000053e+00,6.389999999999999858e+01
-5.169999999999999929e+00,1.060000000000000053e+00,6.390999999999999659e+01
-5.169999999999999929e+00,1.050000000000000044e+00,6.389000000000000057e+01
-5.160000000000000142e+00,1.020000000000000018e+00,6.388000000000000256e+01
-5.179999999999999716e+00,1.020000000000000018e+00,6.389000000000000057e+01
-5.190000000000000391e+00,1.020000000000000018e+00,6.388000000000000256e+01
-5.209999999999999964e+00,1.030000000000000027e+00,6.388000000000000256e+01
-5.209999999999999964e+00,1.040000000000000036e+00,6.389000000000000057e+01
-5.190000000000000391e+00,1.050000000000000044e+00,6.389000000000000057e+01
-5.179999999999999716e+00,1.050000000000000044e+00,6.389000000000000057e+01
-5.169999999999999929e+00,1.090000000000000080e+00,6.392000000000000171e+01
-5.160000000000000142e+00,1.110000000000000098e+00,6.396000000000000085e+01
-5.169999999999999929e+00,1.100000000000000089e+00,6.396000000000000085e+01
-5.160000000000000142e+00,1.080000000000000071e+00,6.396000000000000085e+01
-5.160000000000000142e+00,1.060000000000000053e+00,6.392999999999999972e+01
-5.169999999999999929e+00,1.040000000000000036e+00,6.392000000000000171e+01
-5.179999999999999716e+00,1.050000000000000044e+00,6.392000000000000171e+01
-5.179999999999999716e+00,1.040000000000000036e+00,6.393999999999999773e+01
-5.179999999999999716e+00,1.050000000000000044e+00,6.395000000000000284e+01
-5.190000000000000391e+00,1.060000000000000053e+00,6.396000000000000085e+01
-5.190000000000000391e+00,1.050000000000000044e+00,6.397999999999999687e+01
-5.190000000000000391e+00,1.050000000000000044e+00,6.396999999999999886e+01
-5.169999999999999929e+00,1.070000000000000062e+00,6.397999999999999687e+01
-5.169999999999999929e+00,1.070000000000000062e+00,6.399000000000000199e+01
-5.179999999999999716e+00,1.100000000000000089e+00,6.400000000000000000e+01
-5.179999999999999716e+00,1.100000000000000089e+00,6.397999999999999687e+01
-5.179999999999999716e+00,1.120000000000000107e+00,6.401000000000000512e+01
-5.200000000000000178e+00,1.100000000000000089e+00,6.400000000000000000e+01
-5.190000000000000391e+00,1.110000000000000098e+00,6.400000000000000000e+01
-5.179999999999999716e+00,1.090000000000000080e+00,6.399000000000000199e+01
-5.139999999999999680e+00,1.070000000000000062e+00,6.400000000000000000e+01
-5.129999999999999893e+00,1.060000000000000053e+00,6.396999999999999886e+01
-5.150000000000000355e+00,1.080000000000000071e+00,6.401000000000000512e+01
-5.179999999999999716e+00,1.090000000000000080e+00,6.403000000000000114e+01
-5.230000000000000426e+00,1.080000000000000071e+00,6.403000000000000114e+01
-5.240000000000000213e+00,1.070000000000000062e+00,6.406999999999999318e+01
-5.219999999999999751e+00,1.040000000000000036e+00,6.404000000000000625e+01
-5.200000000000000178e+00,1.050000000000000044e+00,6.406999999999999318e+01
-5.150000000000000355e+00,1.070000000000000062e+00,6.410999999999999943e+01
-5.129999999999999893e+00,1.090000000000000080e+00,6.415999999999999659e+01
-5.139999999999999680e+00,1.070000000000000062e+00,6.414000000000000057e+01
-5.169999999999999929e+00,1.080000000000000071e+00,6.417000000000000171e+01
-5.219999999999999751e+00,1.070000000000000062e+00,6.415999999999999659e+01
-5.250000000000000000e+00,1.090000000000000080e+00,6.415999999999999659e+01
-5.240000000000000213e+00,1.070000000000000062e+00,6.415999999999999659e+01
-5.219999999999999751e+00,1.090000000000000080e+00,6.414000000000000057e+01
-5.179999999999999716e+00,1.050000000000000044e+00,6.409999999999999432e+01
-5.150000000000000355e+00,1.050000000000000044e+00,6.410999999999999943e+01
-5.160000000000000142e+00,1.080000000000000071e+00,6.414000000000000057e+01
-5.169999999999999929e+00,1.080000000000000071e+00,6.414000000000000057e+01
-5.200000000000000178e+00,1.060000000000000053e+00,6.409000000000000341e+01
-5.219999999999999751e+00,1.070000000000000062e+00,6.407999999999999829e+01
-5.240000000000000213e+00,1.100000000000000089e+00,6.414000000000000057e+01
-5.230000000000000426e+00,1.070000000000000062e+00,6.414000000000000057e+01
-5.190000000000000391e+00,1.090000000000000080e+00,6.414000000000000057e+01
-5.209999999999999964e+00,1.139999999999999902e+00,6.414000000000000057e+01
-5.320000000000000284e+00,1.389999999999999902e+00,6.418999999999999773e+01
-5.509999999999999787e+00,1.659999999999999920e+00,6.423000000000000398e+01
-5.530000000000000249e+00,1.560000000000000053e+00,6.431000000000000227e+01
-5.650000000000000355e+00,1.280000000000000027e+00,6.429999999999999716e+01
-5.610000000000000320e+00,8.100000000000000533e-01,6.423000000000000398e+01
-5.379999999999999893e+00,2.700000000000000178e-01,6.410999999999999943e+01
-4.790000000000000036e+00,-1.300000000000000044e-01,6.397999999999999687e+01
-4.240000000000000213e+00,-2.999999999999999889e-01,6.389000000000000057e+01
-4.089999999999999858e+00,-2.399999999999999911e-01,6.381000000000000227e+01
-4.509999999999999787e+00,-1.000000000000000021e-02,6.371999999999999886e+01
-4.429999999999999716e+00,1.600000000000000033e-01,6.357999999999999829e+01
-4.049999999999999822e+00,2.099999999999999922e-01,6.346999999999999886e+01
-3.939999999999999947e+00,4.400000000000000022e-01,6.334000000000000341e+01
-3.359999999999999876e+00,5.699999999999999512e-01,6.315999999999999659e+01
-2.910000000000000142e+00,6.899999999999999467e-01,6.297999999999999687e+01
-2.060000000000000053e+00,8.800000000000000044e-01,6.267999999999999972e+01
-7.399999999999999911e-01,8.599999999999999867e-01,6.247999999999999687e+01
2.099999999999999922e-01,8.000000000000000444e-01,6.221999999999999886e+01
7.800000000000000266e-01,4.299999999999999933e-01,6.186999999999999744e+01
1.000000000000000000e+00,5.999999999999999778e-02,6.154999999999999716e+01
1.120000000000000107e+00,-3.300000000000000155e-01,6.121999999999999886e+01
1.070000000000000062e+00,-4.500000000000000111e-01,6.092999999999999972e+01
5.000000000000000000e-01,-5.799999999999999600e-01,6.053000000000000114e+01
-8.000000000000000167e-02,-5.100000000000000089e-01,6.022999999999999687e+01
-6.600000000000000311e-01,-3.800000000000000044e-01,5.992000000000000171e+01
-1.840000000000000080e+00,2.000000000000000042e-02,5.953999999999999915e+01
-2.359999999999999876e+00,4.099999999999999756e-01,5.917999999999999972e+01
-2.750000000000000000e+00,5.600000000000000533e-01,5.871999999999999886e+01
-3.459999999999999964e+00,4.600000000000000200e-01,5.834000000000000341e+01
-4.410000000000000142e+00,2.399999999999999911e-01,5.793999999999999773e+01
-5.830000000000000071e+00,-5.999999999999999778e-02,5.736999999999999744e+01
-7.019999999999999574e+00,-2.000000000000000111e-01,5.692999999999999972e+01
-8.449999999999999289e+00,-3.499999999999999778e-01,5.639000000000000057e+01
-9.250000000000000000e+00,-5.799999999999999600e-01,5.593999999999999773e+01
-9.859999999999999432e+00,-1.060000000000000053e+00,5.539000000000000057e+01
-1.040000000000000036e+01,-1.590000000000000080e+00,5.493999999999999773e+01
-1.080000000000000071e+01,-2.200000000000000178e+00,5.442999999999999972e+01
-1.073000000000000043e+01,-2.979999999999999982e+00,5.382000000000000028e+01
-1.051999999999999957e+01,-3.500000000000000000e+00,5.343999999999999773e+01
-1.025999999999999979e+01,-4.099999999999999645e+00,5.304999999999999716e+01
-1.003999999999999915e+01,-4.629999999999999893e+00,5.275999999999999801e+01
-9.830000000000000071e+00,-5.030000000000000249e+00,5.256000000000000227e+01
-9.750000000000000000e+00,-5.330000000000000071e+00,5.240999999999999659e+01
-9.429999999999999716e+00,-5.570000000000000284e+00,5.238000000000000256e+01
-9.019999999999999574e+00,-5.940000000000000391e+00,5.239999999999999858e+01
-8.859999999999999432e+00,-6.389999999999999680e+00,5.247999999999999687e+01
-8.990000000000000213e+00,-6.700000000000000178e+00,5.257999999999999829e+01
-9.310000000000000497e+00,-6.969999999999999751e+00,5.268999999999999773e+01
-9.740000000000000213e+00,-7.030000000000000249e+00,5.275999999999999801e+01
-1.031000000000000050e+01,-6.940000000000000391e+00,5.282000000000000028e+01
-1.108000000000000007e+01,-6.620000000000000107e+00,5.290999999999999659e+01
-1.149000000000000021e+01,-6.309999999999999609e+00,5.286999999999999744e+01
-1.186999999999999922e+01,-5.959999999999999964e+00,5.275999999999999801e+01
-1.209999999999999964e+01,-5.400000000000000355e+00,5.259000000000000341e+01
-1.227999999999999936e+01,-4.849999999999999645e+00,5.245000000000000284e+01
-1.232000000000000028e+01,-4.320000000000000284e+00,5.235000000000000142e+01
-1.202999999999999936e+01,-3.779999999999999805e+00,5.210000000000000142e+01
-1.155000000000000071e+01,-3.310000000000000053e+00,5.189000000000000057e+01
-1.128999999999999915e+01,-3.189999999999999947e+00,5.175999999999999801e+01
-1.116999999999999993e+01,-3.129999999999999893e+00,5.165999999999999659e+01
-1.103999999999999915e+01,-3.140000000000000124e+00,5.157999999999999829e+01
-1.102999999999999936e+01,-3.870000000000000107e+00,5.172999999999999687e+01
-1.115000000000000036e+01,-4.879999999999999893e+00,5.196000000000000085e+01
-1.148000000000000043e+01,-6.059999999999999609e+00,5.227000000000000313e+01
-1.174000000000000021e+01,-7.629999999999999893e+00,5.275000000000000000e+01
-1.183999999999999986e+01,-9.050000000000000711e+00,5.314000000000000057e+01
-1.199000000000000021e+01,-1.041000000000000014e+01,5.363000000000000256e+01
-1.256000000000000050e+01,-1.198000000000000043e+01,5.439999999999999858e+01
-1.286999999999999922e+01,-1.300999999999999979e+01,5.496999999999999886e+01
-1.300999999999999979e+01,-1.417999999999999972e+01,5.567999999999999972e+01
-1.330000000000000071e+01,-1.480000000000000071e+01,5.629999999999999716e+01
-1.364000000000000057e+01,-1.525999999999999979e+01,5.685000000000000142e+01
-1.424000000000000021e+01,-1.525000000000000000e+01,5.747999999999999687e+01
-1.472000000000000064e+01,-1.488000000000000078e+01,5.795000000000000284e+01
-1.508000000000000007e+01,-1.450000000000000000e+01,5.825999999999999801e+01
-1.556000000000000050e+01,-1.393999999999999950e+01,5.860000000000000142e+01
-1.591000000000000014e+01,-1.350999999999999979e+01,5.867000000000000171e+01
-1.575000000000000000e+01,-1.274000000000000021e+01,5.845000000000000284e+01
-1.493999999999999950e+01,-1.201999999999999957e+01,5.799000000000000199e+01
-1.392999999999999972e+01,-1.141000000000000014e+01,5.746000000000000085e+01
-1.296000000000000085e+01,-1.063000000000000078e+01,5.681000000000000227e+01
-1.267999999999999972e+01,-9.830000000000000071e+00,5.635999999999999943e+01
-1.269999999999999929e+01,-8.789999999999999147e+00,5.589000000000000057e+01
-1.309999999999999964e+01,-7.599999999999999645e+00,5.532000000000000028e+01
-1.368999999999999950e+01,-7.040000000000000036e+00,5.492999999999999972e+01
-1.448000000000000043e+01,-6.650000000000000355e+00,5.450000000000000000e+01
-1.534999999999999964e+01,-6.629999999999999893e+00,5.427000000000000313e+01
-1.601999999999999957e+01,-6.809999999999999609e+00,5.400000000000000000e+01
-1.637999999999999901e+01,-7.150000000000000355e+00,5.360000000000000142e+01
-1.632000000000000028e+01,-7.690000000000000391e+00,5.325000000000000000e+01
-1.603000000000000114e+01,-8.359999999999999432e+00,5.285000000000000142e+01
-1.536999999999999922e+01,-8.810000000000000497e+00,5.235000000000000142e+01
-1.464000000000000057e+01,-8.830000000000000071e+00,5.181000000000000227e+01
-1.359999999999999964e+01,-8.509999999999999787e+00,5.106000000000000227e+01
-1.252999999999999936e+01,-8.179999999999999716e+00,5.032000000000000028e+01
-1.158000000000000007e+01,-8.060000000000000497e+00,4.946000000000000085e+01
-1.177999999999999936e+01,-7.589999999999999858e+00,4.843999999999999773e+01
-1.302999999999999936e+01,-7.099999999999999645e+00,4.763000000000000256e+01
-1.433999999999999986e+01,-6.219999999999999751e+00,4.653000000000000114e+01
-1.498000000000000043e+01,-5.240000000000000213e+00,4.550000000000000000e+01
-1.541000000000000014e+01,-4.280000000000000249e+00,4.456000000000000227e+01
-1.552999999999999936e+01,-3.160000000000000142e+00,4.334000000000000341e+01
-1.589000000000000057e+01,-2.660000000000000142e+00,4.247999999999999687e+01
-1.633999999999999986e+01,-2.509999999999999787e+00,4.167999999999999972e+01
-1.683999999999999986e+01,-2.830000000000000071e+00,4.071999999999999886e+01
-1.710999999999999943e+01,-3.270000000000000018e+00,4.002000000000000313e+01
-1.730000000000000071e+01,-3.930000000000000160e+00,3.936999999999999744e+01
-1.728999999999999915e+01,-4.900000000000000355e+00,3.865999999999999659e+01
-1.701000000000000156e+01,-5.860000000000000320e+00,3.803999999999999915e+01
-1.639000000000000057e+01,-6.980000000000000426e+00,3.747999999999999687e+01
-1.519999999999999929e+01,-8.099999999999999645e+00,3.689999999999999858e+01
-1.243999999999999950e+01,-9.419999999999999929e+00,3.604999999999999716e+01
-1.024000000000000021e+01,-1.030000000000000071e+01,3.542000000000000171e+01
-7.950000000000000178e+00,-1.143999999999999950e+01,3.486999999999999744e+01
-6.120000000000000107e+00,-1.232000000000000028e+01,3.454999999999999716e+01
-4.330000000000000071e+00,-1.298000000000000043e+01,3.431000000000000227e+01
-2.520000000000000018e+00,-1.346000000000000085e+01,3.411999999999999744e+01
-5.799999999999999600e-01,-1.394999999999999929e+01,3.403000000000000114e+01
3.499999999999999778e-01,-1.432000000000000028e+01,3.431000000000000227e+01
5.400000000000000355e-01,-1.472000000000000064e+01,3.479999999999999716e+01
1.520000000000000018e+00,-1.457000000000000028e+01,3.510999999999999943e+01
2.379999999999999893e+00,-1.432000000000000028e+01,3.521999999999999886e+01
2.959999999999999964e+00,-1.416000000000000014e+01,3.553000000000000114e+01
3.020000000000000018e+00,-1.382000000000000028e+01,3.629999999999999716e+01
2.600000000000000089e+00,-1.358000000000000007e+01,3.717999999999999972e+01
1.610000000000000098e+00,-1.363000000000000078e+01,3.822999999999999687e+01
6.500000000000000222e-01,-1.392999999999999972e+01,3.939000000000000057e+01
8.000000000000000167e-02,-1.406000000000000050e+01,4.092999999999999972e+01
-0.000000000000000000e+00,-1.406000000000000050e+01,4.207000000000000028e+01
-2.800000000000000266e-01,-1.448000000000000043e+01,4.320000000000000284e+01
-8.599999999999999867e-01,-1.502999999999999936e+01,4.474000000000000199e+01
-2.020000000000000018e+00,-1.533000000000000007e+01,4.595000000000000284e+01
-3.149999999999999911e+00,-1.560999999999999943e+01,4.707000000000000028e+01
-4.500000000000000000e+00,-1.569999999999999929e+01,4.828999999999999915e+01
-5.719999999999999751e+00,-1.522000000000000064e+01,4.917000000000000171e+01
-7.150000000000000355e+00,-1.451999999999999957e+01,4.985000000000000142e+01
-9.199999999999999289e+00,-1.361999999999999922e+01,5.052000000000000313e+01
-1.076999999999999957e+01,-1.285999999999999943e+01,5.079999999999999716e+01
-1.239000000000000057e+01,-1.176999999999999957e+01,5.082999999999999829e+01
-1.325999999999999979e+01,-1.065000000000000036e+01,5.061999999999999744e+01
-1.371000000000000085e+01,-9.560000000000000497e+00,5.029999999999999716e+01
-1.403999999999999915e+01,-8.259999999999999787e+00,4.989000000000000057e+01
-1.383000000000000007e+01,-7.330000000000000071e+00,4.942999999999999972e+01
-1.359999999999999964e+01,-6.419999999999999929e+00,4.897999999999999687e+01
-1.324000000000000021e+01,-5.209999999999999964e+00,4.832999999999999829e+01
-1.331000000000000050e+01,-4.219999999999999751e+00,4.775999999999999801e+01
-1.358999999999999986e+01,-3.140000000000000124e+00,4.695000000000000284e+01
-1.388000000000000078e+01,-2.299999999999999822e+00,4.621000000000000085e+01
-1.402999999999999936e+01,-1.360000000000000098e+00,4.542999999999999972e+01
-1.409999999999999964e+01,-7.000000000000000666e-02,4.421000000000000085e+01
-1.396000000000000085e+01,1.050000000000000044e+00,4.314999999999999858e+01
-1.378999999999999915e+01,2.120000000000000107e+00,4.172999999999999687e+01
-1.282000000000000028e+01,2.910000000000000142e+00,4.039000000000000057e+01
-1.077999999999999936e+01,3.299999999999999822e+00,3.913000000000000256e+01
-8.369999999999999218e+00,3.509999999999999787e+00,3.782999999999999829e+01
-6.500000000000000000e+00,3.580000000000000071e+00,3.684000000000000341e+01
-4.910000000000000142e+00,3.640000000000000124e+00,3.600000000000000000e+01
-2.939999999999999947e+00,3.589999999999999858e+00,3.485000000000000142e+01
-2.180000000000000160e+00,3.490000000000000213e+00,3.400000000000000000e+01
-2.009999999999999787e+00,3.299999999999999822e+00,3.285999999999999943e+01
-1.919999999999999929e+00,3.140000000000000124e+00,3.182999999999999829e+01
-2.149999999999999911e+00,3.049999999999999822e+00,3.080999999999999872e+01
-2.209999999999999964e+00,3.020000000000000018e+00,2.975000000000000000e+01
-2.470000000000000195e+00,3.080000000000000071e+00,2.837000000000000099e+01
-2.140000000000000124e+00,3.310000000000000053e+00,2.732999999999999829e+01
-1.919999999999999929e+00,3.379999999999999893e+00,2.639999999999999858e+01
-1.540000000000000036e+00,3.319999999999999840e+00,2.521000000000000085e+01
-9.799999999999999822e-01,3.169999999999999929e+00,2.426999999999999957e+01
-2.700000000000000178e-01,2.859999999999999876e+00,2.330999999999999872e+01
8.299999999999999600e-01,2.540000000000000036e+00,2.217999999999999972e+01
1.879999999999999893e+00,2.209999999999999964e+00,2.117000000000000171e+01
2.879999999999999893e+00,1.959999999999999964e+00,2.025000000000000000e+01
3.680000000000000160e+00,1.520000000000000018e+00,1.944999999999999929e+01
4.830000000000000071e+00,1.040000000000000036e+00,1.842999999999999972e+01
5.799999999999999822e+00,6.899999999999999467e-01,1.760999999999999943e+01
6.509999999999999787e+00,2.399999999999999911e-01,1.689999999999999858e+01
7.190000000000000391e+00,-3.699999999999999956e-01,1.612000000000000099e+01
8.130000000000000782e+00,-6.199999999999999956e-01,1.523000000000000043e+01
9.250000000000000000e+00,-8.800000000000000044e-01,1.413000000000000078e+01
9.980000000000000426e+00,-1.290000000000000036e+00,1.333999999999999986e+01
1.050000000000000000e+01,-1.810000000000000053e+00,1.265000000000000036e+01
1.072000000000000064e+01,-2.490000000000000213e+00,1.206000000000000050e+01
1.056000000000000050e+01,-3.500000000000000000e+00,1.139000000000000057e+01
9.960000000000000853e+00,-4.259999999999999787e+00,1.099000000000000021e+01
9.259999999999999787e+00,-5.160000000000000142e+00,1.048000000000000043e+01
8.580000000000000071e+00,-5.839999999999999858e+00,1.021000000000000085e+01
8.009999999999999787e+00,-6.509999999999999787e+00,9.970000000000000639e+00
7.330000000000000071e+00,-7.110000000000000320e+00,9.900000000000000355e+00
6.980000000000000426e+00,-7.589999999999999858e+00,1.008000000000000007e+01
7.269999999999999574e+00,-7.540000000000000036e+00,1.016999999999999993e+01
7.190000000000000391e+00,-7.719999999999999751e+00,1.031000000000000050e+01
6.639999999999999680e+00,-7.980000000000000426e+00,1.057000000000000028e+01
5.700000000000000178e+00,-8.189999999999999503e+00,1.085999999999999943e+01
4.429999999999999716e+00,-9.029999999999999361e+00,1.101999999999999957e+01
3.910000000000000142e+00,-9.369999999999999218e+00,1.092999999999999972e+01
3.509999999999999787e+00,-8.939999999999999503e+00,1.123000000000000043e+01
2.729999999999999982e+00,-7.209999999999999964e+00,1.071000000000000085e+01
2.560000000000000053e+00,-5.570000000000000284e+00,1.056000000000000050e+01
3.140000000000000124e+00,-3.879999999999999893e+00,1.032000000000000028e+01
3.600000000000000089e+00,-2.640000000000000124e+00,9.960000000000000853e+00
3.000000000000000000e+00,-1.449999999999999956e+00,9.429999999999999716e+00
1.870000000000000107e+00,-3.900000000000000133e-01,9.320000000000000284e+00
8.900000000000000133e-01,2.000000000000000042e-02,9.080000000000000071e+00
-8.999999999999999667e-02,1.300000000000000044e-01,8.720000000000000639e+00
-1.350000000000000089e+00,2.899999999999999800e-01,8.330000000000000071e+00
-1.870000000000000107e+00,5.699999999999999512e-01,8.019999999999999574e+00
-1.090000000000000080e+00,6.800000000000000488e-01,7.820000000000000284e+00
-6.300000000000000044e-01,1.080000000000000071e+00,8.050000000000000711e+00
-4.699999999999999734e-01,1.860000000000000098e+00,7.480000000000000426e+00
9.000000000000000222e-01,2.799999999999999822e+00,7.730000000000000426e+00
1.110000000000000098e+00,3.540000000000000036e+00,7.879999999999999893e+00
1.629999999999999893e+00,3.879999999999999893e+00,8.380000000000000782e+00
1.439999999999999947e+00,3.919999999999999929e+00,8.609999999999999432e+00
1.969999999999999973e+00,4.080000000000000071e+00,8.599999999999999645e+00
1.280000000000000027e+00,5.049999999999999822e+00,8.390000000000000568e+00
7.299999999999999822e-01,5.610000000000000320e+00,8.580000000000000071e+00
-2.000000000000000111e-01,6.309999999999999609e+00,8.349999999999999645e+00
-1.260000000000000009e+00,7.290000000000000036e+00,7.719999999999999751e+00
-1.889999999999999902e+00,7.900000000000000355e+00,7.280000000000000249e+00
-2.100000000000000089e+00,8.310000000000000497e+00,6.620000000000000107e+00
-4.699999999999999734e-01,8.019999999999999574e+00,6.669999999999999929e+00
7.299999999999999822e-01,6.969999999999999751e+00,6.980000000000000426e+00
2.100000000000000089e+00,6.139999999999999680e+00,7.129999999999999893e+00
3.339999999999999858e+00,5.200000000000000178e+00,7.330000000000000071e+00
4.549999999999999822e+00,3.720000000000000195e+00,7.730000000000000426e+00
4.919999999999999929e+00,2.580000000000000071e+00,8.240000000000000213e+00
5.009999999999999787e+00,1.379999999999999893e+00,8.589999999999999858e+00
4.639999999999999680e+00,8.900000000000000133e-01,9.080000000000000071e+00
3.879999999999999893e+00,4.400000000000000022e-01,8.990000000000000213e+00
2.930000000000000160e+00,4.000000000000000083e-02,8.640000000000000568e+00
1.719999999999999973e+00,-1.300000000000000044e-01,8.699999999999999289e+00
7.700000000000000178e-01,-2.200000000000000011e-01,8.839999999999999858e+00
9.599999999999999645e-01,-5.200000000000000178e-01,8.519999999999999574e+00
5.300000000000000266e-01,-4.699999999999999734e-01,8.539999999999999147e+00
7.399999999999999911e-01,8.800000000000000044e-01,8.349999999999999645e+00
8.800000000000000044e-01,1.050000000000000044e+00,8.250000000000000000e+00
1.800000000000000044e+00,1.500000000000000000e+00,8.810000000000000497e+00
2.279999999999999805e+00,1.459999999999999964e+00,9.009999999999999787e+00
2.810000000000000053e+00,1.540000000000000036e+00,9.359999999999999432e+00
3.149999999999999911e+00,1.520000000000000018e+00,9.359999999999999432e+00
2.910000000000000142e+00,1.879999999999999893e+00,9.380000000000000782e+00
2.319999999999999840e+00,1.899999999999999911e+00,9.460000000000000853e+00
1.800000000000000044e+00,1.739999999999999991e+00,9.220000000000000639e+00
1.149999999999999911e+00,2.790000000000000036e+00,9.160000000000000142e+00
1.300000000000000044e+00,4.019999999999999574e+00,9.140000000000000568e+00
1.540000000000000036e+00,5.269999999999999574e+00,9.070000000000000284e+00
1.409999999999999920e+00,6.230000000000000426e+00,8.849999999999999645e+00
1.800000000000000044e+00,6.809999999999999609e+00,9.080000000000000071e+00
2.419999999999999929e+00,6.929999999999999716e+00,9.179999999999999716e+00
1.919999999999999929e+00,6.389999999999999680e+00,9.310000000000000497e+00
1.280000000000000027e+00,5.820000000000000284e+00,9.300000000000000711e+00
5.999999999999999778e-01,5.030000000000000249e+00,9.220000000000000639e+00
-1.040000000000000036e+00,3.930000000000000160e+00,9.140000000000000568e+00
-2.169999999999999929e+00,2.939999999999999947e+00,8.880000000000000782e+00
-2.339999999999999858e+00,1.639999999999999902e+00,8.740000000000000213e+00
-1.979999999999999982e+00,3.499999999999999778e-01,8.630000000000000782e+00
-5.899999999999999689e-01,9.000000000000000222e-01,8.720000000000000639e+00
8.499999999999999778e-01,1.270000000000000018e+00,8.810000000000000497e+00
1.350000000000000089e+00,1.120000000000000107e+00,8.929999999999999716e+00
1.800000000000000044e+00,7.600000000000000089e-01,9.279999999999999361e+00
2.600000000000000089e-01,8.199999999999999512e-01,9.220000000000000639e+00
3.900000000000000133e-01,2.099999999999999922e-01,9.199999999999999289e+00
1.879999999999999893e+00,-5.100000000000000089e-01,9.500000000000000000e+00
2.580000000000000071e+00,-1.419999999999999929e+00,9.679999999999999716e+00
3.000000000000000000e+00,-1.479999999999999982e+00,9.849999999999999645e+00
1.820000000000000062e+00,-1.030000000000000027e+00,1.005000000000000071e+01
8.399999999999999689e-01,-2.800000000000000266e-01,9.949999999999999289e+00
-1.000000000000000056e-01,2.700000000000000178e-01,9.589999999999999858e+00
-2.999999999999999889e-02,1.479999999999999982e+00,9.240000000000000213e+00
-3.699999999999999956e-01,2.379999999999999893e+00,9.060000000000000497e+00
4.299999999999999933e-01,2.529999999999999805e+00,9.109999999999999432e+00
2.300000000000000100e-01,3.470000000000000195e+00,9.259999999999999787e+00
8.499999999999999778e-01,3.669999999999999929e+00,9.269999999999999574e+00
1.139999999999999902e+00,3.970000000000000195e+00,9.599999999999999645e+00
2.229999999999999982e+00,4.150000000000000355e+00,9.869999999999999218e+00
3.209999999999999964e+00,4.110000000000000320e+00,9.849999999999999645e+00
4.139999999999999680e+00,3.819999999999999840e+00,1.007000000000000028e+01
3.850000000000000089e+00,4.469999999999999751e+00,1.011999999999999922e+01
4.709999999999999964e+00,4.370000000000000107e+00,1.021000000000000085e+01
3.589999999999999858e+00,4.700000000000000178e+00,1.017999999999999972e+01
2.740000000000000213e+00,4.639999999999999680e+00,1.027999999999999936e+01
1.620000000000000107e+00,4.580000000000000071e+00,1.008000000000000007e+01
5.699999999999999512e-01,4.629999999999999893e+00,9.970000000000000639e+00
-6.099999999999999867e-01,4.790000000000000036e+00,9.919999999999999929e+00
-1.709999999999999964e+00,4.519999999999999574e+00,9.589999999999999858e+00
-6.700000000000000400e-01,4.219999999999999751e+00,8.990000000000000213e+00
3.400000000000000244e-01,3.879999999999999893e+00,9.130000000000000782e+00
4.099999999999999756e-01,3.759999999999999787e+00,9.369999999999999218e+00
5.899999999999999689e-01,3.939999999999999947e+00,9.750000000000000000e+00
5.699999999999999512e-01,4.139999999999999680e+00,9.359999999999999432e+00
6.199999999999999956e-01,4.480000000000000426e+00,9.189999999999999503e+00
1.199999999999999956e-01,4.530000000000000249e+00,9.390000000000000568e+00
3.099999999999999978e-01,5.019999999999999574e+00,9.140000000000000568e+00
6.999999999999999556e-01,4.950000000000000178e+00,9.240000000000000213e+00
1.120000000000000107e+00,5.129999999999999893e+00,9.310000000000000497e+00
1.550000000000000044e+00,5.620000000000000107e+00,9.019999999999999574e+00
2.240000000000000213e+00,5.099999999999999645e+00,9.390000000000000568e+00
2.720000000000000195e+00,4.940000000000000391e+00,9.759999999999999787e+00
2.910000000000000142e+00,4.519999999999999574e+00,1.006000000000000050e+01
2.879999999999999893e+00,4.459999999999999964e+00,1.015000000000000036e+01
2.720000000000000195e+00,4.379999999999999893e+00,1.036999999999999922e+01
1.699999999999999956e+00,4.219999999999999751e+00,1.009999999999999964e+01
5.000000000000000000e-01,4.379999999999999893e+00,9.880000000000000782e+00
-9.799999999999999822e-01,4.429999999999999716e+00,9.859999999999999432e+00
-1.959999999999999964e+00,4.450000000000000178e+00,9.320000000000000284e+00
-1.469999999999999973e+00,4.860000000000000320e+00,9.509999999999999787e+00
-5.500000000000000444e-01,4.959999999999999964e+00,9.380000000000000782e+00
4.500000000000000111e-01,5.190000000000000391e+00,9.429999999999999716e+00
1.570000000000000062e+00,5.190000000000000391e+00,9.679999999999999716e+00
2.680000000000000160e+00,5.169999999999999929e+00,9.619999999999999218e+00
3.410000000000000142e+00,5.309999999999999609e+00,1.007000000000000028e+01
3.120000000000000107e+00,5.110000000000000320e+00,1.046000000000000085e+01
2.399999999999999911e+00,4.990000000000000213e+00,1.036999999999999922e+01
1.540000000000000036e+00,4.940000000000000391e+00,1.028999999999999915e+01
6.400000000000000133e-01,5.049999999999999822e+00,1.006000000000000050e+01
-1.499999999999999944e-01,5.000000000000000000e+00,1.000999999999999979e+01
5.100000000000000089e-01,5.150000000000000355e+00,1.011999999999999922e+01
1.020000000000000018e+00,4.530000000000000249e+00,1.005000000000000071e+01
1.340000000000000080e+00,3.879999999999999893e+00,1.035999999999999943e+01
9.799999999999999822e-01,3.160000000000000142e+00,1.030000000000000071e+01
3.099999999999999978e-01,2.359999999999999876e+00,1.033000000000000007e+01
8.199999999999999512e-01,1.800000000000000044e+00,1.039000000000000057e+01
8.100000000000000533e-01,1.610000000000000098e+00,1.033000000000000007e+01
3.499999999999999778e-01,1.530000000000000027e+00,1.000000000000000000e+01
3.599999999999999867e-01,1.510000000000000009e+00,1.018999999999999950e+01
8.800000000000000044e-01,1.320000000000000062e+00,1.010999999999999943e+01
1.429999999999999938e+00,8.499999999999999778e-01,9.769999999999999574e+00
2.399999999999999911e+00,3.099999999999999978e-01,1.018999999999999950e+01
2.290000000000000036e+00,2.700000000000000178e-01,1.067999999999999972e+01
1.840000000000000080e+00,8.299999999999999600e-01,1.074000000000000021e+01
1.260000000000000009e+00,1.810000000000000053e+00,1.059999999999999964e+01
1.750000000000000000e+00,2.399999999999999911e+00,1.036999999999999922e+01
1.219999999999999973e+00,3.220000000000000195e+00,1.039000000000000057e+01
8.000000000000000444e-01,3.899999999999999911e+00,1.049000000000000021e+01
5.400000000000000355e-01,4.330000000000000071e+00,1.033000000000000007e+01
3.300000000000000155e-01,4.860000000000000320e+00,1.016000000000000014e+01
-8.999999999999999667e-02,4.440000000000000391e+00,9.939999999999999503e+00
2.200000000000000011e-01,4.160000000000000142e+00,1.017999999999999972e+01
-3.499999999999999778e-01,3.330000000000000071e+00,1.001999999999999957e+01
5.999999999999999778e-02,3.339999999999999858e+00,9.599999999999999645e+00
2.600000000000000089e-01,2.350000000000000089e+00,9.460000000000000853e+00
-2.399999999999999911e-01,2.319999999999999840e+00,9.779999999999999361e+00
2.500000000000000000e-01,1.939999999999999947e+00,9.400000000000000355e+00
1.149999999999999911e+00,1.669999999999999929e+00,9.470000000000000639e+00
1.010000000000000009e+00,1.580000000000000071e+00,9.900000000000000355e+00
5.500000000000000444e-01,2.169999999999999929e+00,9.859999999999999432e+00
7.800000000000000266e-01,2.830000000000000071e+00,9.970000000000000639e+00
1.020000000000000018e+00,3.049999999999999822e+00,9.869999999999999218e+00
1.830000000000000071e+00,3.479999999999999982e+00,9.730000000000000426e+00
1.989999999999999991e+00,3.979999999999999982e+00,9.960000000000000853e+00
2.759999999999999787e+00,4.299999999999999822e+00,1.006000000000000050e+01
3.020000000000000018e+00,4.429999999999999716e+00,1.044999999999999929e+01
3.129999999999999893e+00,4.620000000000000107e+00,1.063000000000000078e+01
2.529999999999999805e+00,3.919999999999999929e+00,1.038000000000000078e+01
2.100000000000000089e+00,3.979999999999999982e+00,9.820000000000000284e+00
1.449999999999999956e+00,3.870000000000000107e+00,9.910000000000000142e+00
1.419999999999999929e+00,3.549999999999999822e+00,1.008999999999999986e+01
6.800000000000000488e-01,3.430000000000000160e+00,9.800000000000000711e+00
2.600000000000000089e-01,3.450000000000000178e+00,9.480000000000000426e+00
3.300000000000000155e-01,3.140000000000000124e+00,9.359999999999999432e+00
2.999999999999999889e-01,2.879999999999999893e+00,9.419999999999999929e+00
3.699999999999999956e-01,2.540000000000000036e+00,9.519999999999999574e+00
1.770000000000000018e+00,2.959999999999999964e+00,9.880000000000000782e+00
2.680000000000000160e+00,2.979999999999999982e+00,9.980000000000000426e+00
3.790000000000000036e+00,3.319999999999999840e+00,1.027999999999999936e+01
4.799999999999999822e+00,3.279999999999999805e+00,1.032000000000000028e+01
4.169999999999999929e+00,3.830000000000000071e+00,1.058999999999999986e+01
3.600000000000000089e+00,4.320000000000000284e+00,1.052999999999999936e+01
3.220000000000000195e+00,4.049999999999999822e+00,1.039000000000000057e+01
2.609999999999999876e+00,3.649999999999999911e+00,1.035999999999999943e+01
2.120000000000000107e+00,3.270000000000000018e+00,1.051999999999999957e+01
2.419999999999999929e+00,2.919999999999999929e+00,1.025999999999999979e+01
3.720000000000000195e+00,2.439999999999999947e+00,1.019999999999999929e+01
3.520000000000000018e+00,2.379999999999999893e+00,1.056000000000000050e+01
4.059999999999999609e+00,2.350000000000000089e+00,1.056000000000000050e+01
4.209999999999999964e+00,2.569999999999999840e+00,1.066000000000000014e+01
4.690000000000000391e+00,2.899999999999999911e+00,1.044999999999999929e+01
5.280000000000000249e+00,3.229999999999999982e+00,1.069999999999999929e+01
5.769999999999999574e+00,3.060000000000000053e+00,1.088000000000000078e+01
7.129999999999999893e+00,3.120000000000000107e+00,1.091999999999999993e+01
7.540000000000000036e+00,2.910000000000000142e+00,1.125000000000000000e+01
8.179999999999999716e+00,3.120000000000000107e+00,1.153999999999999915e+01
9.419999999999999929e+00,3.069999999999999840e+00,1.155000000000000071e+01
9.460000000000000853e+00,3.439999999999999947e+00,1.176999999999999957e+01
9.699999999999999289e+00,3.009999999999999787e+00,1.188000000000000078e+01
1.013000000000000078e+01,3.109999999999999876e+00,1.201999999999999957e+01
1.071000000000000085e+01,2.759999999999999787e+00,1.188000000000000078e+01
1.106000000000000050e+01,2.330000000000000071e+00,1.203999999999999915e+01
1.089000000000000057e+01,2.180000000000000160e+00,1.188000000000000078e+01
1.111999999999999922e+01,1.989999999999999991e+00,1.222000000000000064e+01
1.073000000000000043e+01,1.929999999999999938e+00,1.261999999999999922e+01
1.121000000000000085e+01,1.989999999999999991e+00,1.251999999999999957e+01
1.125000000000000000e+01,2.120000000000000107e+00,1.250000000000000000e+01
1.115000000000000036e+01,1.810000000000000053e+00,1.235999999999999943e+01
1.128999999999999915e+01,1.600000000000000089e+00,1.249000000000000021e+01
1.149000000000000021e+01,1.489999999999999991e+00,1.261999999999999922e+01
1.093999999999999950e+01,1.590000000000000080e+00,1.281000000000000050e+01
1.069999999999999929e+01,2.310000000000000053e+00,1.241999999999999993e+01
9.890000000000000568e+00,2.529999999999999805e+00,1.259999999999999964e+01
1.034999999999999964e+01,2.680000000000000160e+00,1.225999999999999979e+01
9.759999999999999787e+00,3.040000000000000036e+00,1.225999999999999979e+01
9.589999999999999858e+00,3.180000000000000160e+00,1.235999999999999943e+01
9.029999999999999361e+00,2.810000000000000053e+00,1.223000000000000043e+01
8.439999999999999503e+00,2.310000000000000053e+00,1.219999999999999929e+01
7.280000000000000249e+00,2.109999999999999876e+00,1.208999999999999986e+01
6.110000000000000320e+00,2.120000000000000107e+00,1.180000000000000071e+01
5.919999999999999929e+00,2.350000000000000089e+00,1.155000000000000071e+01
7.469999999999999751e+00,2.589999999999999858e+00,1.138000000000000078e+01
8.660000000000000142e+00,2.259999999999999787e+00,1.147000000000000064e+01
1.031000000000000050e+01,2.680000000000000160e+00,1.159999999999999964e+01
1.133000000000000007e+01,3.060000000000000053e+00,1.183000000000000007e+01
1.228999999999999915e+01,3.930000000000000160e+00,1.188000000000000078e+01
1.199000000000000021e+01,3.990000000000000213e+00,1.215000000000000036e+01
1.156000000000000050e+01,4.269999999999999574e+00,1.223000000000000043e+01
1.096000000000000085e+01,4.709999999999999964e+00,1.231000000000000050e+01
1.088000000000000078e+01,4.080000000000000071e+00,1.208999999999999986e+01
1.115000000000000036e+01,3.950000000000000178e+00,1.214000000000000057e+01
1.101999999999999957e+01,3.240000000000000213e+00,1.234999999999999964e+01
9.699999999999999289e+00,3.390000000000000124e+00,1.232000000000000028e+01
8.779999999999999361e+00,3.770000000000000018e+00,1.222000000000000064e+01
8.580000000000000071e+00,4.360000000000000320e+00,1.219999999999999929e+01
8.150000000000000355e+00,4.169999999999999929e+00,1.206000000000000050e+01
8.679999999999999716e+00,4.509999999999999787e+00,1.191000000000000014e+01
8.789999999999999147e+00,5.019999999999999574e+00,1.191000000000000014e+01
8.529999999999999361e+00,4.969999999999999751e+00,1.181000000000000050e+01
8.320000000000000284e+00,5.959999999999999964e+00,1.196000000000000085e+01
7.950000000000000178e+00,6.349999999999999645e+00,1.191000000000000014e+01
6.820000000000000284e+00,6.660000000000000142e+00,1.178999999999999915e+01
6.870000000000000107e+00,7.820000000000000284e+00,1.156000000000000050e+01
6.379999999999999893e+00,8.419999999999999929e+00,1.134999999999999964e+01
6.830000000000000071e+00,9.300000000000000711e+00,1.150999999999999979e+01
6.500000000000000000e+00,1.017999999999999972e+01,1.134999999999999964e+01
6.410000000000000142e+00,1.125000000000000000e+01,1.110999999999999943e+01
7.589999999999999858e+00,1.176999999999999957e+01,1.100000000000000000e+01
8.480000000000000426e+00,1.232000000000000028e+01,1.100999999999999979e+01
9.759999999999999787e+00,1.258999999999999986e+01,1.096000000000000085e+01
1.089000000000000057e+01,1.275999999999999979e+01,1.106000000000000050e+01
1.115000000000000036e+01,1.275999999999999979e+01,1.114000000000000057e+01
1.158000000000000007e+01,1.296000000000000085e+01,1.118999999999999950e+01
1.139000000000000057e+01,1.353999999999999915e+01,1.117999999999999972e+01
1.038000000000000078e+01,1.438000000000000078e+01,1.073000000000000043e+01
1.060999999999999943e+01,1.538000000000000078e+01,1.075000000000000000e+01
1.085999999999999943e+01,1.601999999999999957e+01,1.076999999999999957e+01
1.019999999999999929e+01,1.621000000000000085e+01,1.028999999999999915e+01
1.047000000000000064e+01,1.607000000000000028e+01,1.031000000000000050e+01
1.009999999999999964e+01,1.548000000000000043e+01,1.025999999999999979e+01
9.009999999999999787e+00,1.522000000000000064e+01,1.000000000000000000e+01
9.240000000000000213e+00,1.511999999999999922e+01,9.919999999999999929e+00
9.470000000000000639e+00,1.546000000000000085e+01,9.990000000000000213e+00
9.769999999999999574e+00,1.639000000000000057e+01,1.016000000000000014e+01
8.980000000000000426e+00,1.716000000000000014e+01,9.689999999999999503e+00
8.859999999999999432e+00,1.857999999999999829e+01,9.730000000000000426e+00
8.380000000000000782e+00,1.932000000000000028e+01,9.539999999999999147e+00
8.240000000000000213e+00,2.035999999999999943e+01,9.480000000000000426e+00
7.450000000000000178e+00,2.155000000000000071e+01,9.210000000000000853e+00
7.299999999999999822e+00,2.200000000000000000e+01,9.179999999999999716e+00
8.300000000000000711e+00,2.298999999999999844e+01,9.500000000000000000e+00
8.679999999999999716e+00,2.341000000000000014e+01,9.820000000000000284e+00
8.230000000000000426e+00,2.400000000000000000e+01,9.640000000000000568e+00
7.690000000000000391e+00,2.378000000000000114e+01,9.599999999999999645e+00
7.860000000000000320e+00,2.317999999999999972e+01,9.640000000000000568e+00
7.299999999999999822e+00,2.260000000000000142e+01,9.599999999999999645e+00
5.919999999999999929e+00,2.237999999999999901e+01,9.140000000000000568e+00
5.030000000000000249e+00,2.253999999999999915e+01,8.820000000000000284e+00
5.709999999999999964e+00,2.307999999999999829e+01,8.939999999999999503e+00
6.330000000000000071e+00,2.407999999999999829e+01,9.230000000000000426e+00
6.519999999999999574e+00,2.473000000000000043e+01,9.259999999999999787e+00
6.230000000000000426e+00,2.589000000000000057e+01,9.039999999999999147e+00
5.959999999999999964e+00,2.717999999999999972e+01,8.980000000000000426e+00
6.070000000000000284e+00,2.778999999999999915e+01,9.089999999999999858e+00
4.690000000000000391e+00,2.808999999999999986e+01,8.349999999999999645e+00
3.870000000000000107e+00,2.789000000000000057e+01,7.879999999999999893e+00
3.479999999999999982e+00,2.785999999999999943e+01,7.759999999999999787e+00
3.250000000000000000e+00,2.876000000000000156e+01,7.509999999999999787e+00
4.200000000000000178e+00,2.928000000000000114e+01,7.959999999999999964e+00
3.700000000000000178e+00,3.023999999999999844e+01,7.669999999999999929e+00
4.059999999999999609e+00,3.050000000000000000e+01,7.769999999999999574e+00
3.640000000000000124e+00,3.041000000000000014e+01,7.530000000000000249e+00
1.860000000000000098e+00,3.048999999999999844e+01,6.660000000000000142e+00
6.199999999999999956e-01,2.951999999999999957e+01,6.059999999999999609e+00
-4.099999999999999756e-01,2.862999999999999901e+01,5.690000000000000391e+00
-2.300000000000000100e-01,2.730000000000000071e+01,6.009999999999999787e+00
-2.250000000000000000e+00,2.671000000000000085e+01,5.320000000000000284e+00
-4.019999999999999574e+00,2.671999999999999886e+01,4.839999999999999858e+00
-6.259999999999999787e+00,2.710999999999999943e+01,4.089999999999999858e+00
-7.700000000000000178e+00,2.769999999999999929e+01,3.720000000000000195e+00
-9.369999999999999218e+00,2.808999999999999986e+01,3.140000000000000124e+00
-1.028999999999999915e+01,2.850000000000000000e+01,2.990000000000000213e+00
-1.055000000000000071e+01,2.857000000000000028e+01,2.939999999999999947e+00
-1.014000000000000057e+01,2.821000000000000085e+01,2.950000000000000178e+00
-9.310000000000000497e+00,2.782000000000000028e+01,3.410000000000000142e+00
-8.169999999999999929e+00,2.694999999999999929e+01,4.080000000000000071e+00
-7.740000000000000213e+00,2.612000000000000099e+01,4.469999999999999751e+00
-8.759999999999999787e+00,2.535999999999999943e+01,4.169999999999999929e+00
-1.006000000000000050e+01,2.485000000000000142e+01,3.750000000000000000e+00
-1.133000000000000007e+01,2.455999999999999872e+01,3.310000000000000053e+00
-1.246000000000000085e+01,2.421000000000000085e+01,2.799999999999999822e+00
-1.258000000000000007e+01,2.437999999999999901e+01,2.629999999999999893e+00
-1.116000000000000014e+01,2.503000000000000114e+01,3.129999999999999893e+00
-1.025999999999999979e+01,2.523000000000000043e+01,3.359999999999999876e+00
-9.089999999999999858e+00,2.530999999999999872e+01,3.819999999999999840e+00
-8.089999999999999858e+00,2.553999999999999915e+01,4.009999999999999787e+00
-7.219999999999999751e+00,2.591000000000000014e+01,4.080000000000000071e+00
-7.709999999999999964e+00,2.592999999999999972e+01,3.700000000000000178e+00
-8.650000000000000355e+00,2.587999999999999901e+01,3.120000000000000107e+00
-9.240000000000000213e+00,2.557000000000000028e+01,2.649999999999999911e+00
-9.679999999999999716e+00,2.532999999999999829e+01,2.200000000000000178e+00
-9.759999999999999787e+00,2.448000000000000043e+01,1.689999999999999947e+00
-9.820000000000000284e+00,2.442000000000000171e+01,1.219999999999999973e+00
-9.400000000000000355e+00,2.378000000000000114e+01,8.299999999999999600e-01
-7.129999999999999893e+00,2.403999999999999915e+01,1.090000000000000080e+00
-4.849999999999999645e+00,2.421000000000000085e+01,1.580000000000000071e+00
-2.279999999999999805e+00,2.476999999999999957e+01,2.129999999999999893e+00
3.200000000000000067e-01,2.503000000000000114e+01,2.660000000000000142e+00
2.959999999999999964e+00,2.566000000000000014e+01,3.490000000000000213e+00
4.549999999999999822e+00,2.594000000000000128e+01,4.030000000000000249e+00
5.910000000000000142e+00,2.566000000000000014e+01,4.219999999999999751e+00
6.959999999999999964e+00,2.535999999999999943e+01,4.219999999999999751e+00
8.689999999999999503e+00,2.460999999999999943e+01,4.700000000000000178e+00
9.250000000000000000e+00,2.425000000000000000e+01,4.969999999999999751e+00
9.970000000000000639e+00,2.364999999999999858e+01,5.179999999999999716e+00
9.810000000000000497e+00,2.351999999999999957e+01,5.000000000000000000e+00
9.500000000000000000e+00,2.289000000000000057e+01,4.969999999999999751e+00
9.890000000000000568e+00,2.287000000000000099e+01,5.250000000000000000e+00
1.061999999999999922e+01,2.223999999999999844e+01,5.629999999999999893e+00
1.105000000000000071e+01,2.169000000000000128e+01,6.080000000000000071e+00
1.125999999999999979e+01,2.126000000000000156e+01,6.440000000000000391e+00
1.034999999999999964e+01,2.100000000000000000e+01,6.240000000000000213e+00
1.027999999999999936e+01,2.119999999999999929e+01,6.250000000000000000e+00
9.980000000000000426e+00,2.123999999999999844e+01,6.059999999999999609e+00
1.031000000000000050e+01,2.123000000000000043e+01,6.250000000000000000e+00
1.060999999999999943e+01,2.142000000000000171e+01,6.580000000000000071e+00
1.014000000000000057e+01,2.173000000000000043e+01,6.620000000000000107e+00
1.019999999999999929e+01,2.185000000000000142e+01,7.070000000000000284e+00
1.038000000000000078e+01,2.167999999999999972e+01,7.280000000000000249e+00
1.066999999999999993e+01,2.175000000000000000e+01,7.080000000000000071e+00
1.053999999999999915e+01,2.219000000000000128e+01,7.209999999999999964e+00
9.960000000000000853e+00,2.283999999999999986e+01,7.169999999999999929e+00
9.070000000000000284e+00,2.341000000000000014e+01,6.889999999999999680e+00
8.400000000000000355e+00,2.380999999999999872e+01,6.610000000000000320e+00
8.289999999999999147e+00,2.405000000000000071e+01,6.410000000000000142e+00
8.939999999999999503e+00,2.417999999999999972e+01,6.719999999999999751e+00
8.720000000000000639e+00,2.417000000000000171e+01,6.830000000000000071e+00
8.599999999999999645e+00,2.423000000000000043e+01,6.929999999999999716e+00
8.240000000000000213e+00,2.419999999999999929e+01,6.849999999999999645e+00
7.450000000000000178e+00,2.442999999999999972e+01,6.400000000000000355e+00
7.230000000000000426e+00,2.476999999999999957e+01,6.110000000000000320e+00
7.400000000000000355e+00,2.494999999999999929e+01,5.919999999999999929e+00
7.540000000000000036e+00,2.498000000000000043e+01,5.969999999999999751e+00
7.650000000000000355e+00,2.492000000000000171e+01,6.059999999999999609e+00
6.700000000000000178e+00,2.417000000000000171e+01,5.709999999999999964e+00
6.750000000000000000e+00,2.389000000000000057e+01,5.559999999999999609e+00
6.879999999999999893e+00,2.342999999999999972e+01,5.900000000000000355e+00
7.259999999999999787e+00,2.292999999999999972e+01,6.160000000000000142e+00
7.160000000000000142e+00,2.328999999999999915e+01,6.110000000000000320e+00
7.990000000000000213e+00,2.410999999999999943e+01,6.410000000000000142e+00
8.589999999999999858e+00,2.398000000000000043e+01,6.750000000000000000e+00
8.519999999999999574e+00,2.362999999999999901e+01,6.660000000000000142e+00
8.699999999999999289e+00,2.394999999999999929e+01,6.780000000000000249e+00
8.320000000000000284e+00,2.350000000000000000e+01,6.660000000000000142e+00
7.040000000000000036e+00,2.292000000000000171e+01,6.070000000000000284e+00
6.309999999999999609e+00,2.271999999999999886e+01,5.709999999999999964e+00
6.259999999999999787e+00,2.308999999999999986e+01,5.870000000000000107e+00
6.730000000000000426e+00,2.358999999999999986e+01,6.250000000000000000e+00
7.419999999999999929e+00,2.346999999999999886e+01,6.769999999999999574e+00
7.889999999999999680e+00,2.269000000000000128e+01,7.469999999999999751e+00
7.839999999999999858e+00,2.244999999999999929e+01,7.599999999999999645e+00
6.469999999999999751e+00,2.298999999999999844e+01,7.179999999999999716e+00
5.339999999999999858e+00,2.310000000000000142e+01,6.839999999999999858e+00
4.919999999999999929e+00,2.369999999999999929e+01,6.759999999999999787e+00
4.250000000000000000e+00,2.442000000000000171e+01,6.629999999999999893e+00
3.750000000000000000e+00,2.492000000000000171e+01,6.269999999999999574e+00
3.689999999999999947e+00,2.580000000000000071e+01,6.419999999999999929e+00
4.080000000000000071e+00,2.625000000000000000e+01,6.610000000000000320e+00
4.469999999999999751e+00,2.607999999999999829e+01,6.889999999999999680e+00
4.440000000000000391e+00,2.628999999999999915e+01,7.049999999999999822e+00
4.040000000000000036e+00,2.630000000000000071e+01,6.919999999999999929e+00
3.890000000000000124e+00,2.591000000000000014e+01,6.769999999999999574e+00
3.759999999999999787e+00,2.546999999999999886e+01,6.759999999999999787e+00
4.179999999999999716e+00,2.533999999999999986e+01,6.750000000000000000e+00
5.190000000000000391e+00,2.528999999999999915e+01,7.339999999999999858e+00
5.200000000000000178e+00,2.517999999999999972e+01,7.360000000000000320e+00
5.190000000000000391e+00,2.482000000000000028e+01,7.509999999999999787e+00
6.259999999999999787e+00,2.444999999999999929e+01,7.870000000000000107e+00
5.929999999999999716e+00,2.391000000000000014e+01,7.940000000000000391e+00
6.129999999999999893e+00,2.337999999999999901e+01,7.769999999999999574e+00
6.030000000000000249e+00,2.307000000000000028e+01,7.759999999999999787e+00
7.820000000000000284e+00,2.255999999999999872e+01,8.609999999999999432e+00
7.589999999999999858e+00,2.185000000000000142e+01,8.669999999999999929e+00
8.369999999999999218e+00,2.101000000000000156e+01,9.160000000000000142e+00
7.389999999999999680e+00,2.121000000000000085e+01,9.169999999999999929e+00
7.959999999999999964e+00,2.192000000000000171e+01,9.470000000000000639e+00
7.690000000000000391e+00,2.287999999999999901e+01,9.470000000000000639e+00
7.000000000000000000e+00,2.335999999999999943e+01,9.089999999999999858e+00
6.490000000000000213e+00,2.317000000000000171e+01,8.669999999999999929e+00
7.839999999999999858e+00,2.251000000000000156e+01,9.179999999999999716e+00
7.759999999999999787e+00,2.125000000000000000e+01,9.210000000000000853e+00
8.339999999999999858e+00,2.044999999999999929e+01,9.570000000000000284e+00
8.480000000000000426e+00,1.969000000000000128e+01,9.779999999999999361e+00
8.630000000000000782e+00,1.867000000000000171e+01,1.006000000000000050e+01
8.410000000000000142e+00,1.866000000000000014e+01,1.000999999999999979e+01
9.000000000000000000e+00,1.894000000000000128e+01,1.038000000000000078e+01
8.380000000000000782e+00,1.910999999999999943e+01,1.013000000000000078e+01
8.029999999999999361e+00,1.941000000000000014e+01,9.710000000000000853e+00
8.689999999999999503e+00,1.958999999999999986e+01,9.750000000000000000e+00
8.710000000000000853e+00,1.964999999999999858e+01,9.759999999999999787e+00
8.810000000000000497e+00,1.946999999999999886e+01,9.900000000000000355e+00
8.710000000000000853e+00,1.907999999999999829e+01,9.769999999999999574e+00
9.099999999999999645e+00,1.894000000000000128e+01,9.800000000000000711e+00
1.042999999999999972e+01,1.814999999999999858e+01,1.016000000000000014e+01
1.033999999999999986e+01,1.692000000000000171e+01,1.023000000000000043e+01
1.018999999999999950e+01,1.635000000000000142e+01,1.025000000000000000e+01
1.049000000000000021e+01,1.673000000000000043e+01,1.041000000000000014e+01
1.065000000000000036e+01,1.787000000000000099e+01,1.072000000000000064e+01
1.072000000000000064e+01,1.826000000000000156e+01,1.066999999999999993e+01
1.083999999999999986e+01,1.844000000000000128e+01,1.067999999999999972e+01
1.085999999999999943e+01,1.830000000000000071e+01,1.065000000000000036e+01
1.084999999999999964e+01,1.801999999999999957e+01,1.088000000000000078e+01
1.033999999999999986e+01,1.767000000000000171e+01,1.093999999999999950e+01
1.043999999999999950e+01,1.766000000000000014e+01,1.077999999999999936e+01
1.047000000000000064e+01,1.769000000000000128e+01,1.061999999999999922e+01
1.151999999999999957e+01,1.732000000000000028e+01,1.092999999999999972e+01
1.151999999999999957e+01,1.676000000000000156e+01,1.121000000000000085e+01
1.208999999999999986e+01,1.689000000000000057e+01,1.113000000000000078e+01
1.217999999999999972e+01,1.710000000000000142e+01,1.100999999999999979e+01
1.213000000000000078e+01,1.639000000000000057e+01,1.115000000000000036e+01
1.250999999999999979e+01,1.543999999999999950e+01,1.114000000000000057e+01
1.225999999999999979e+01,1.556000000000000050e+01,1.116999999999999993e+01
1.225999999999999979e+01,1.583999999999999986e+01,1.102999999999999936e+01
1.278999999999999915e+01,1.632000000000000028e+01,1.117999999999999972e+01
1.318999999999999950e+01,1.557000000000000028e+01,1.117999999999999972e+01
1.339000000000000057e+01,1.492999999999999972e+01,1.141000000000000014e+01
1.375999999999999979e+01,1.472000000000000064e+01,1.146000000000000085e+01
1.355000000000000071e+01,1.434999999999999964e+01,1.139000000000000057e+01
1.402999999999999936e+01,1.416000000000000014e+01,1.146000000000000085e+01
1.463000000000000078e+01,1.388000000000000078e+01,1.158999999999999986e+01
1.482000000000000028e+01,1.371000000000000085e+01,1.175999999999999979e+01
1.433999999999999986e+01,1.416000000000000014e+01,1.198000000000000043e+01
1.351999999999999957e+01,1.425000000000000000e+01,1.175999999999999979e+01
1.366999999999999993e+01,1.366999999999999993e+01,1.190000000000000036e+01
1.293999999999999950e+01,1.350999999999999979e+01,1.185999999999999943e+01
1.175000000000000000e+01,1.356000000000000050e+01,1.159999999999999964e+01
1.193999999999999950e+01,1.321000000000000085e+01,1.152999999999999936e+01
1.108000000000000007e+01,1.348000000000000043e+01,1.114000000000000057e+01
1.068999999999999950e+01,1.342999999999999972e+01,1.116000000000000014e+01
1.060999999999999943e+01,1.358000000000000007e+01,1.110999999999999943e+01
1.035999999999999943e+01,1.340000000000000036e+01,1.082000000000000028e+01
9.990000000000000213e+00,1.244999999999999929e+01,1.061999999999999922e+01
9.359999999999999432e+00,1.316000000000000014e+01,1.034999999999999964e+01
9.169999999999999929e+00,1.384999999999999964e+01,1.032000000000000028e+01
8.710000000000000853e+00,1.314000000000000057e+01,1.006000000000000050e+01
8.109999999999999432e+00,1.291000000000000014e+01,1.008000000000000007e+01
7.549999999999999822e+00,1.309999999999999964e+01,9.939999999999999503e+00
7.280000000000000249e+00,1.324000000000000021e+01,9.669999999999999929e+00
6.230000000000000426e+00,1.288000000000000078e+01,9.419999999999999929e+00
6.089999999999999858e+00,1.300999999999999979e+01,9.220000000000000639e+00
5.629999999999999893e+00,1.241000000000000014e+01,9.189999999999999503e+00
6.080000000000000071e+00,1.234999999999999964e+01,9.279999999999999361e+00
5.620000000000000107e+00,1.278999999999999915e+01,8.990000000000000213e+00
5.660000000000000142e+00,1.296000000000000085e+01,9.009999999999999787e+00
5.049999999999999822e+00,1.274000000000000021e+01,8.929999999999999716e+00
5.690000000000000391e+00,1.292999999999999972e+01,9.160000000000000142e+00
5.139999999999999680e+00,1.323000000000000043e+01,8.800000000000000711e+00
4.940000000000000391e+00,1.301999999999999957e+01,8.699999999999999289e+00
4.940000000000000391e+00,1.313000000000000078e+01,8.730000000000000426e+00
5.129999999999999893e+00,1.294999999999999929e+01,8.769999999999999574e+00
5.610000000000000320e+00,1.264000000000000057e+01,8.830000000000000071e+00
5.480000000000000426e+00,1.289000000000000057e+01,8.810000000000000497e+00
5.179999999999999716e+00,1.268999999999999950e+01,8.910000000000000142e+00
4.969999999999999751e+00,1.289000000000000057e+01,8.730000000000000426e+00
4.820000000000000284e+00,1.235999999999999943e+01,8.630000000000000782e+00
4.910000000000000142e+00,1.263000000000000078e+01,8.519999999999999574e+00
4.889999999999999680e+00,1.282000000000000028e+01,8.720000000000000639e+00
5.059999999999999609e+00,1.274000000000000021e+01,8.509999999999999787e+00
4.730000000000000426e+00,1.253999999999999915e+01,8.730000000000000426e+00
4.730000000000000426e+00,1.263000000000000078e+01,8.320000000000000284e+00
4.839999999999999858e+00,1.259999999999999964e+01,8.580000000000000071e+00
4.830000000000000071e+00,1.265000000000000036e+01,8.830000000000000071e+00
4.900000000000000355e+00,1.275999999999999979e+01,8.519999999999999574e+00
5.379999999999999893e+00,1.286999999999999922e+01,8.759999999999999787e+00
4.759999999999999787e+00,1.275000000000000000e+01,8.490000000000000213e+00
4.879999999999999893e+00,1.250999999999999979e+01,8.439999999999999503e+00
4.860000000000000320e+00,1.250999999999999979e+01,8.339999999999999858e+00
4.889999999999999680e+00,1.258000000000000007e+01,8.349999999999999645e+00
4.589999999999999858e+00,1.261999999999999922e+01,8.289999999999999147e+00
4.839999999999999858e+00,1.271000000000000085e+01,8.500000000000000000e+00
4.759999999999999787e+00,1.274000000000000021e+01,8.699999999999999289e+00
5.030000000000000249e+00,1.249000000000000021e+01,9.099999999999999645e+00
4.700000000000000178e+00,1.271000000000000085e+01,9.289999999999999147e+00
4.669999999999999929e+00,1.266999999999999993e+01,9.060000000000000497e+00
4.790000000000000036e+00,1.271000000000000085e+01,8.970000000000000639e+00
4.860000000000000320e+00,1.261999999999999922e+01,8.640000000000000568e+00
4.799999999999999822e+00,1.263000000000000078e+01,8.570000000000000284e+00
4.799999999999999822e+00,1.258999999999999986e+01,8.730000000000000426e+00
4.809999999999999609e+00,1.258999999999999986e+01,8.599999999999999645e+00
4.769999999999999574e+00,1.257000000000000028e+01,8.410000000000000142e+00
4.719999999999999751e+00,1.261999999999999922e+01,8.740000000000000213e+00
4.849999999999999645e+00,1.258999999999999986e+01,8.509999999999999787e+00
4.809999999999999609e+00,1.257000000000000028e+01,8.789999999999999147e+00
4.639999999999999680e+00,1.253999999999999915e+01,8.529999999999999361e+00
4.969999999999999751e+00,1.281000000000000050e+01,8.720000000000000639e+00
4.700000000000000178e+00,1.240000000000000036e+01,8.769999999999999574e+00
4.549999999999999822e+00,1.233000000000000007e+01,8.669999999999999929e+00
5.259999999999999787e+00,1.273000000000000043e+01,8.560000000000000497e+00
4.990000000000000213e+00,1.255000000000000071e+01,8.929999999999999716e+00
4.809999999999999609e+00,1.280000000000000071e+01,8.980000000000000426e+00
4.839999999999999858e+00,1.271000000000000085e+01,8.710000000000000853e+00
4.940000000000000391e+00,1.275000000000000000e+01,8.759999999999999787e+00
4.809999999999999609e+00,1.269999999999999929e+01,9.009999999999999787e+00
4.759999999999999787e+00,1.267999999999999972e+01,8.400000000000000355e+00
4.660000000000000142e+00,1.256000000000000050e+01,8.570000000000000284e+00
5.269999999999999574e+00,1.242999999999999972e+01,8.630000000000000782e+00
4.629999999999999893e+00,1.244999999999999929e+01,8.669999999999999929e+00
5.030000000000000249e+00,1.252999999999999936e+01,8.689999999999999503e+00
4.599999999999999645e+00,1.222000000000000064e+01,8.580000000000000071e+00
4.959999999999999964e+00,1.290000000000000036e+01,8.480000000000000426e+00
4.799999999999999822e+00,1.264000000000000057e+01,8.539999999999999147e+00
4.849999999999999645e+00,1.258000000000000007e+01,8.509999999999999787e+00
4.530000000000000249e+00,1.266000000000000014e+01,8.619999999999999218e+00
4.450000000000000178e+00,1.231000000000000050e+01,8.599999999999999645e+00
3.279999999999999805e+00,1.218999999999999950e+01,8.349999999999999645e+00
2.939999999999999947e+00,1.143999999999999950e+01,8.119999999999999218e+00
3.350000000000000089e+00,1.151999999999999957e+01,8.060000000000000497e+00
4.820000000000000284e+00,1.196000000000000085e+01,8.339999999999999858e+00
5.379999999999999893e+00,1.267999999999999972e+01,8.669999999999999929e+00
6.129999999999999893e+00,1.266999999999999993e+01,8.970000000000000639e+00
5.459999999999999964e+00,1.253999999999999915e+01,8.839999999999999858e+00
4.700000000000000178e+00,1.251999999999999957e+01,8.890000000000000568e+00
4.209999999999999964e+00,1.267999999999999972e+01,8.679999999999999716e+00
4.669999999999999929e+00,1.280000000000000071e+01,8.609999999999999432e+00
5.320000000000000284e+00,1.325999999999999979e+01,8.580000000000000071e+00
5.429999999999999716e+00,1.268999999999999950e+01,8.839999999999999858e+00
4.660000000000000142e+00,1.232000000000000028e+01,8.949999999999999289e+00
4.740000000000000213e+00,1.243999999999999950e+01,8.910000000000000142e+00
6.099999999999999645e+00,1.241999999999999993e+01,9.130000000000000782e+00
5.129999999999999893e+00,1.293999999999999950e+01,8.929999999999999716e+00
4.709999999999999964e+00,1.241000000000000014e+01,8.699999999999999289e+00
5.559999999999999609e+00,1.224000000000000021e+01,8.980000000000000426e+00
5.089999999999999858e+00,1.294999999999999929e+01,9.099999999999999645e+00
4.759999999999999787e+00,1.255000000000000071e+01,8.810000000000000497e+00
4.070000000000000284e+00,1.266000000000000014e+01,8.480000000000000426e+00
4.780000000000000249e+00,1.274000000000000021e+01,8.419999999999999929e+00
5.530000000000000249e+00,1.256000000000000050e+01,8.849999999999999645e+00
6.030000000000000249e+00,1.278999999999999915e+01,8.779999999999999361e+00
5.400000000000000355e+00,1.302999999999999936e+01,8.750000000000000000e+00
4.959999999999999964e+00,1.303999999999999915e+01,8.630000000000000782e+00
6.110000000000000320e+00,1.275999999999999979e+01,9.000000000000000000e+00
5.679999999999999716e+00,1.260999999999999943e+01,8.800000000000000711e+00
5.000000000000000000e+00,1.264000000000000057e+01,8.580000000000000071e+00
5.160000000000000142e+00,1.267999999999999972e+01,8.929999999999999716e+00
5.400000000000000355e+00,1.256000000000000050e+01,9.220000000000000639e+00
5.709999999999999964e+00,1.291999999999999993e+01,9.189999999999999503e+00
5.849999999999999645e+00,1.289000000000000057e+01,9.509999999999999787e+00
5.440000000000000391e+00,1.258000000000000007e+01,9.019999999999999574e+00
5.500000000000000000e+00,1.293999999999999950e+01,9.089999999999999858e+00
5.219999999999999751e+00,1.276999999999999957e+01,8.980000000000000426e+00
4.790000000000000036e+00,1.252999999999999936e+01,8.710000000000000853e+00
5.099999999999999645e+00,1.260999999999999943e+01,8.949999999999999289e+00
5.320000000000000284e+00,1.249000000000000021e+01,9.339999999999999858e+00
5.290000000000000036e+00,1.233000000000000007e+01,9.089999999999999858e+00
5.179999999999999716e+00,1.258000000000000007e+01,8.880000000000000782e+00
4.980000000000000426e+00,1.277999999999999936e+01,8.500000000000000000e+00
5.549999999999999822e+00,1.289000000000000057e+01,8.410000000000000142e+00
5.740000000000000213e+00,1.278999999999999915e+01,9.210000000000000853e+00
5.929999999999999716e+00,1.300000000000000000e+01,9.330000000000000071e+00
5.589999999999999858e+00,1.348000000000000043e+01,8.929999999999999716e+00
5.509999999999999787e+00,1.316999999999999993e+01,8.769999999999999574e+00
5.400000000000000355e+00,1.238000000000000078e+01,9.109999999999999432e+00
5.250000000000000000e+00,1.225000000000000000e+01,9.050000000000000711e+00
5.549999999999999822e+00,1.296000000000000085e+01,8.900000000000000355e+00
5.740000000000000213e+00,1.296000000000000085e+01,8.789999999999999147e+00
4.790000000000000036e+00,1.267999999999999972e+01,8.769999999999999574e+00
4.610000000000000320e+00,1.233999999999999986e+01,8.650000000000000355e+00
5.269999999999999574e+00,1.275999999999999979e+01,8.849999999999999645e+00
4.900000000000000355e+00,1.266000000000000014e+01,8.609999999999999432e+00
4.830000000000000071e+00,1.227999999999999936e+01,8.900000000000000355e+00
4.419999999999999929e+00,1.232000000000000028e+01,8.800000000000000711e+00
4.200000000000000178e+00,1.221000000000000085e+01,8.679999999999999716e+00
4.820000000000000284e+00,1.224000000000000021e+01,8.730000000000000426e+00
5.379999999999999893e+00,1.241999999999999993e+01,8.679999999999999716e+00
5.799999999999999822e+00,1.259999999999999964e+01,8.710000000000000853e+00
5.570000000000000284e+00,1.310999999999999943e+01,8.859999999999999432e+00
5.169999999999999929e+00,1.343999999999999950e+01,8.699999999999999289e+00
5.759999999999999787e+00,1.253999999999999915e+01,9.000000000000000000e+00
4.940000000000000391e+00,1.261999999999999922e+01,8.929999999999999716e+00
4.309999999999999609e+00,1.233999999999999986e+01,8.660000000000000142e+00
4.370000000000000107e+00,1.228999999999999915e+01,8.529999999999999361e+00
4.740000000000000213e+00,1.272000000000000064e+01,8.619999999999999218e+00
4.219999999999999751e+00,1.274000000000000021e+01,8.599999999999999645e+00
2.870000000000000107e+00,1.250000000000000000e+01,8.419999999999999929e+00
1.879999999999999893e+00,1.291999999999999993e+01,8.189999999999999503e+00
9.399999999999999467e-01,1.223000000000000043e+01,7.980000000000000426e+00
1.439999999999999947e+00,1.176999999999999957e+01,7.980000000000000426e+00
4.899999999999999911e-01,1.152999999999999936e+01,7.450000000000000178e+00
1.030000000000000027e+00,1.174000000000000021e+01,7.440000000000000391e+00
1.709999999999999964e+00,1.224000000000000021e+01,7.509999999999999787e+00
1.969999999999999973e+00,1.191999999999999993e+01,7.530000000000000249e+00
4.600000000000000200e-01,1.207000000000000028e+01,7.339999999999999858e+00
-4.299999999999999933e-01,1.150000000000000000e+01,7.089999999999999858e+00
-8.800000000000000044e-01,1.111999999999999922e+01,6.809999999999999609e+00
-1.179999999999999938e+00,1.181000000000000050e+01,6.860000000000000320e+00
-2.300000000000000100e-01,1.209999999999999964e+01,7.049999999999999822e+00
-5.799999999999999600e-01,1.175999999999999979e+01,6.839999999999999858e+00
-8.299999999999999600e-01,1.191000000000000014e+01,6.509999999999999787e+00
-8.100000000000000533e-01,1.174000000000000021e+01,6.610000000000000320e+00
-1.120000000000000107e+00,1.156000000000000050e+01,6.280000000000000249e+00
-1.189999999999999947e+00,1.182000000000000028e+01,6.169999999999999929e+00
-7.500000000000000000e-01,1.196000000000000085e+01,6.589999999999999858e+00
-1.439999999999999947e+00,1.167999999999999972e+01,5.929999999999999716e+00
-1.169999999999999929e+00,1.169999999999999929e+01,6.269999999999999574e+00
-6.899999999999999467e-01,1.172000000000000064e+01,6.429999999999999716e+00
-1.260000000000000009e+00,1.189000000000000057e+01,6.250000000000000000e+00
-7.399999999999999911e-01,1.176999999999999957e+01,6.700000000000000178e+00
-1.209999999999999964e+00,1.171000000000000085e+01,6.339999999999999858e+00
-1.080000000000000071e+00,1.175000000000000000e+01,6.299999999999999822e+00
-1.179999999999999938e+00,1.158000000000000007e+01,6.419999999999999929e+00
-1.110000000000000098e+00,1.173000000000000043e+01,6.259999999999999787e+00
-8.399999999999999689e-01,1.192999999999999972e+01,6.599999999999999645e+00
-1.429999999999999938e+00,1.173000000000000043e+01,6.259999999999999787e+00
-8.800000000000000044e-01,1.163000000000000078e+01,6.419999999999999929e+00
-7.800000000000000266e-01,1.146000000000000085e+01,6.500000000000000000e+00
-1.120000000000000107e+00,1.153999999999999915e+01,6.059999999999999609e+00
-1.229999999999999982e+00,1.153999999999999915e+01,6.009999999999999787e+00
-2.600000000000000089e-01,1.157000000000000028e+01,6.080000000000000071e+00
-3.800000000000000044e-01,1.200999999999999979e+01,6.099999999999999645e+00
-3.300000000000000155e-01,1.175000000000000000e+01,6.190000000000000391e+00
-5.899999999999999689e-01,1.217999999999999972e+01,6.389999999999999680e+00
-5.500000000000000444e-01,1.293999999999999950e+01,6.339999999999999858e+00
-1.560000000000000053e+00,1.274000000000000021e+01,6.169999999999999929e+00
-1.790000000000000036e+00,1.155000000000000071e+01,6.070000000000000284e+00
-1.330000000000000071e+00,1.027999999999999936e+01,6.089999999999999858e+00
-5.600000000000000533e-01,1.000000000000000000e+01,6.480000000000000426e+00
1.300000000000000044e-01,1.088000000000000078e+01,6.589999999999999858e+00
6.500000000000000222e-01,1.169999999999999929e+01,6.719999999999999751e+00
-3.699999999999999956e-01,1.183000000000000007e+01,6.690000000000000391e+00
-1.350000000000000089e+00,1.075999999999999979e+01,6.679999999999999716e+00
-1.800000000000000044e+00,9.789999999999999147e+00,6.549999999999999822e+00
-1.489999999999999991e+00,8.660000000000000142e+00,6.610000000000000320e+00
-1.949999999999999956e+00,7.839999999999999858e+00,6.549999999999999822e+00
-1.330000000000000071e+00,7.830000000000000071e+00,6.780000000000000249e+00
-9.499999999999999556e-01,7.320000000000000284e+00,7.070000000000000284e+00
-7.800000000000000266e-01,6.799999999999999822e+00,7.179999999999999716e+00
-8.800000000000000044e-01,5.790000000000000036e+00,7.200000000000000178e+00
-1.050000000000000044e+00,4.879999999999999893e+00,7.139999999999999680e+00
-1.780000000000000027e+00,3.680000000000000160e+00,7.139999999999999680e+00
-2.060000000000000053e+00,3.830000000000000071e+00,6.940000000000000391e+00
-2.140000000000000124e+00,3.810000000000000053e+00,6.919999999999999929e+00
-1.479999999999999982e+00,3.879999999999999893e+00,7.089999999999999858e+00
-1.929999999999999938e+00,4.240000000000000213e+00,7.530000000000000249e+00
-1.760000000000000009e+00,4.620000000000000107e+00,7.089999999999999858e+00
-2.359999999999999876e+00,3.879999999999999893e+00,7.150000000000000355e+00
-1.770000000000000018e+00,4.110000000000000320e+00,7.179999999999999716e+00
-2.520000000000000018e+00,4.269999999999999574e+00,7.230000000000000426e+00
-3.279999999999999805e+00,4.110000000000000320e+00,7.459999999999999964e+00
-3.700000000000000178e+00,3.859999999999999876e+00,7.230000000000000426e+00
-3.810000000000000053e+00,4.530000000000000249e+00,6.889999999999999680e+00
-3.379999999999999893e+00,4.509999999999999787e+00,6.809999999999999609e+00
-3.259999999999999787e+00,4.549999999999999822e+00,6.809999999999999609e+00
-3.120000000000000107e+00,4.580000000000000071e+00,6.690000000000000391e+00
-3.120000000000000107e+00,4.849999999999999645e+00,7.099999999999999645e+00
-2.799999999999999822e+00,4.330000000000000071e+00,6.809999999999999609e+00
-3.140000000000000124e+00,3.740000000000000213e+00,7.009999999999999787e+00
-3.720000000000000195e+00,3.060000000000000053e+00,6.709999999999999964e+00
-3.740000000000000213e+00,3.729999999999999982e+00,6.589999999999999858e+00
-3.680000000000000160e+00,4.540000000000000036e+00,6.459999999999999964e+00
-3.290000000000000036e+00,4.339999999999999858e+00,6.519999999999999574e+00
-4.019999999999999574e+00,4.169999999999999929e+00,6.650000000000000355e+00
-4.790000000000000036e+00,4.629999999999999893e+00,6.290000000000000036e+00
-5.910000000000000142e+00,4.820000000000000284e+00,6.209999999999999964e+00
-6.040000000000000036e+00,5.860000000000000320e+00,6.000000000000000000e+00
-6.940000000000000391e+00,6.360000000000000320e+00,5.650000000000000355e+00
-6.509999999999999787e+00,6.219999999999999751e+00,5.309999999999999609e+00
-5.910000000000000142e+00,4.429999999999999716e+00,5.190000000000000391e+00
-5.570000000000000284e+00,2.950000000000000178e+00,5.179999999999999716e+00
-5.019999999999999574e+00,2.020000000000000018e+00,5.080000000000000071e+00
-6.120000000000000107e+00,3.040000000000000036e+00,4.969999999999999751e+00
-7.250000000000000000e+00,3.759999999999999787e+00,4.849999999999999645e+00
-7.849999999999999645e+00,3.700000000000000178e+00,4.839999999999999858e+00
-7.490000000000000213e+00,3.359999999999999876e+00,4.860000000000000320e+00
-7.700000000000000178e+00,2.609999999999999876e+00,4.740000000000000213e+00
-8.000000000000000000e+00,1.750000000000000000e+00,4.889999999999999680e+00
-7.870000000000000107e+00,5.600000000000000533e-01,4.790000000000000036e+00
-8.929999999999999716e+00,6.600000000000000311e-01,4.669999999999999929e+00
-8.800000000000000711e+00,1.870000000000000107e+00,4.589999999999999858e+00
-9.230000000000000426e+00,3.049999999999999822e+00,4.509999999999999787e+00
-9.359999999999999432e+00,4.349999999999999645e+00,4.339999999999999858e+00
-9.740000000000000213e+00,4.969999999999999751e+00,4.379999999999999893e+00
-1.024000000000000021e+01,4.360000000000000320e+00,4.009999999999999787e+00
-9.300000000000000711e+00,3.549999999999999822e+00,3.990000000000000213e+00
-9.509999999999999787e+00,2.680000000000000160e+00,4.089999999999999858e+00
-1.031000000000000050e+01,3.589999999999999858e+00,4.160000000000000142e+00
-9.750000000000000000e+00,4.190000000000000391e+00,3.750000000000000000e+00
-9.720000000000000639e+00,4.900000000000000355e+00,3.729999999999999982e+00
-9.369999999999999218e+00,5.500000000000000000e+00,3.850000000000000089e+00
-9.769999999999999574e+00,4.690000000000000391e+00,3.549999999999999822e+00
-9.890000000000000568e+00,3.649999999999999911e+00,3.459999999999999964e+00
-9.490000000000000213e+00,4.169999999999999929e+00,3.560000000000000053e+00
-1.014000000000000057e+01,4.839999999999999858e+00,3.859999999999999876e+00
-1.034999999999999964e+01,3.870000000000000107e+00,3.540000000000000036e+00
-9.439999999999999503e+00,3.919999999999999929e+00,3.410000000000000142e+00
-9.970000000000000639e+00,4.589999999999999858e+00,3.500000000000000000e+00
-1.038000000000000078e+01,4.259999999999999787e+00,3.450000000000000178e+00
-9.519999999999999574e+00,3.779999999999999805e+00,3.580000000000000071e+00
-1.007000000000000028e+01,4.259999999999999787e+00,3.779999999999999805e+00
-1.042999999999999972e+01,4.509999999999999787e+00,3.620000000000000107e+00
-9.900000000000000355e+00,4.110000000000000320e+00,3.029999999999999805e+00
-9.880000000000000782e+00,3.979999999999999982e+00,3.279999999999999805e+00
-9.960000000000000853e+00,4.500000000000000000e+00,3.509999999999999787e+00
-1.028999999999999915e+01,4.000000000000000000e+00,3.709999999999999964e+00
-9.619999999999999218e+00,3.500000000000000000e+00,3.770000000000000018e+00
-9.310000000000000497e+00,4.969999999999999751e+00,3.830000000000000071e+00
-9.259999999999999787e+00,5.080000000000000071e+00,3.660000000000000142e+00
-9.939999999999999503e+00,4.410000000000000142e+00,3.459999999999999964e+00
-9.580000000000000071e+00,3.799999999999999822e+00,3.689999999999999947e+00
-8.369999999999999218e+00,4.589999999999999858e+00,3.819999999999999840e+00
-7.400000000000000355e+00,5.509999999999999787e+00,4.000000000000000000e+00
-8.529999999999999361e+00,4.740000000000000213e+00,4.070000000000000284e+00
-9.560000000000000497e+00,4.480000000000000426e+00,4.049999999999999822e+00
-1.089000000000000057e+01,4.259999999999999787e+00,4.059999999999999609e+00
-1.036999999999999922e+01,4.049999999999999822e+00,3.770000000000000018e+00
-1.127999999999999936e+01,3.930000000000000160e+00,3.370000000000000107e+00
-1.202999999999999936e+01,3.319999999999999840e+00,3.100000000000000089e+00
-1.246000000000000085e+01,2.589999999999999858e+00,2.700000000000000178e+00
-1.223000000000000043e+01,3.129999999999999893e+00,2.419999999999999929e+00
-1.148000000000000043e+01,4.129999999999999893e+00,2.700000000000000178e+00
-1.023000000000000043e+01,4.860000000000000320e+00,2.839999999999999858e+00
-8.619999999999999218e+00,5.589999999999999858e+00,2.959999999999999964e+00
-7.139999999999999680e+00,5.750000000000000000e+00,3.359999999999999876e+00
-7.910000000000000142e+00,5.610000000000000320e+00,3.750000000000000000e+00
-9.189999999999999503e+00,4.769999999999999574e+00,3.830000000000000071e+00
-1.016000000000000014e+01,4.190000000000000391e+00,3.709999999999999964e+00
-1.124000000000000021e+01,3.160000000000000142e+00,3.399999999999999911e+00
-1.183000000000000007e+01,2.000000000000000000e+00,3.129999999999999893e+00
-1.135999999999999943e+01,2.089999999999999858e+00,2.560000000000000053e+00
-1.018999999999999950e+01,2.879999999999999893e+00,2.479999999999999982e+00
-1.041000000000000014e+01,4.000000000000000000e+00,2.689999999999999947e+00
-8.560000000000000497e+00,4.919999999999999929e+00,2.759999999999999787e+00
-8.240000000000000213e+00,5.929999999999999716e+00,2.839999999999999858e+00
-9.080000000000000071e+00,5.179999999999999716e+00,2.779999999999999805e+00
-9.130000000000000782e+00,4.059999999999999609e+00,2.939999999999999947e+00
-9.539999999999999147e+00,3.770000000000000018e+00,2.799999999999999822e+00
-7.900000000000000355e+00,4.330000000000000071e+00,3.089999999999999858e+00
-7.990000000000000213e+00,5.200000000000000178e+00,3.350000000000000089e+00
-9.199999999999999289e+00,4.969999999999999751e+00,3.330000000000000071e+00
-1.050000000000000000e+01,4.459999999999999964e+00,3.089999999999999858e+00
-9.169999999999999929e+00,4.690000000000000391e+00,2.890000000000000124e+00
-8.050000000000000711e+00,5.120000000000000107e+00,2.990000000000000213e+00
-9.179999999999999716e+00,4.360000000000000320e+00,2.799999999999999822e+00
-1.023000000000000043e+01,4.290000000000000036e+00,2.879999999999999893e+00
-1.021000000000000085e+01,5.290000000000000036e+00,2.580000000000000071e+00
-9.400000000000000355e+00,4.540000000000000036e+00,2.910000000000000142e+00
-9.960000000000000853e+00,3.850000000000000089e+00,3.200000000000000178e+00
-1.050999999999999979e+01,4.709999999999999964e+00,2.870000000000000107e+00
-1.015000000000000036e+01,4.679999999999999716e+00,2.700000000000000178e+00
-9.839999999999999858e+00,4.049999999999999822e+00,2.799999999999999822e+00
-9.980000000000000426e+00,3.870000000000000107e+00,2.220000000000000195e+00
-1.034999999999999964e+01,4.679999999999999716e+00,2.569999999999999840e+00
-1.026999999999999957e+01,4.549999999999999822e+00,2.799999999999999822e+00
-1.000999999999999979e+01,3.890000000000000124e+00,2.839999999999999858e+00
-9.910000000000000142e+00,4.280000000000000249e+00,3.089999999999999858e+00
-1.008000000000000007e+01,4.629999999999999893e+00,2.660000000000000142e+00
-1.075000000000000000e+01,4.469999999999999751e+00,2.529999999999999805e+00
-9.750000000000000000e+00,4.250000000000000000e+00,2.609999999999999876e+00
-1.005000000000000071e+01,4.139999999999999680e+00,2.509999999999999787e+00
-1.044999999999999929e+01,4.410000000000000142e+00,2.669999999999999929e+00
-1.008000000000000007e+01,4.570000000000000284e+00,3.330000000000000071e+00
-9.810000000000000497e+00,4.469999999999999751e+00,3.149999999999999911e+00
-1.038000000000000078e+01,4.200000000000000178e+00,3.169999999999999929e+00
-1.008000000000000007e+01,4.349999999999999645e+00,3.100000000000000089e+00
-1.002999999999999936e+01,4.530000000000000249e+00,2.910000000000000142e+00
-1.014000000000000057e+01,4.219999999999999751e+00,2.560000000000000053e+00
-1.017999999999999972e+01,4.320000000000000284e+00,2.240000000000000213e+00
-9.919999999999999929e+00,4.589999999999999858e+00,2.450000000000000178e+00
-1.015000000000000036e+01,4.320000000000000284e+00,2.439999999999999947e+00
-1.009999999999999964e+01,4.219999999999999751e+00,2.700000000000000178e+00
-1.014000000000000057e+01,4.450000000000000178e+00,3.060000000000000053e+00
-1.007000000000000028e+01,4.360000000000000320e+00,3.180000000000000160e+00
-1.005000000000000071e+01,4.269999999999999574e+00,2.529999999999999805e+00
-1.014000000000000057e+01,4.429999999999999716e+00,2.750000000000000000e+00
-9.929999999999999716e+00,4.320000000000000284e+00,3.060000000000000053e+00
-1.056000000000000050e+01,4.610000000000000320e+00,2.890000000000000124e+00
-9.800000000000000711e+00,4.700000000000000178e+00,3.129999999999999893e+00
-1.010999999999999943e+01,4.700000000000000178e+00,3.029999999999999805e+00
-1.052999999999999936e+01,4.309999999999999609e+00,2.740000000000000213e+00
-9.279999999999999361e+00,3.859999999999999876e+00,2.770000000000000018e+00
-9.699999999999999289e+00,4.480000000000000426e+00,2.919999999999999929e+00
-1.041999999999999993e+01,5.160000000000000142e+00,2.750000000000000000e+00
-1.025999999999999979e+01,4.360000000000000320e+00,2.799999999999999822e+00
-9.830000000000000071e+00,3.830000000000000071e+00,2.669999999999999929e+00
-1.016000000000000014e+01,4.429999999999999716e+00,2.759999999999999787e+00
-1.025999999999999979e+01,4.490000000000000213e+00,2.930000000000000160e+00
-9.210000000000000853e+00,4.000000000000000000e+00,3.109999999999999876e+00
-8.609999999999999432e+00,3.529999999999999805e+00,3.040000000000000036e+00
-7.620000000000000107e+00,3.100000000000000089e+00,3.240000000000000213e+00
-8.500000000000000000e+00,3.709999999999999964e+00,3.229999999999999982e+00
-9.410000000000000142e+00,4.849999999999999645e+00,3.379999999999999893e+00
-1.057000000000000028e+01,5.030000000000000249e+00,3.120000000000000107e+00
-1.107000000000000028e+01,4.849999999999999645e+00,2.620000000000000107e+00
-1.075000000000000000e+01,4.690000000000000391e+00,2.970000000000000195e+00
-1.136999999999999922e+01,4.040000000000000036e+00,2.490000000000000213e+00
-1.111999999999999922e+01,4.200000000000000178e+00,2.640000000000000124e+00
-1.035999999999999943e+01,4.030000000000000249e+00,2.850000000000000089e+00
-1.042999999999999972e+01,4.509999999999999787e+00,3.089999999999999858e+00
-1.058999999999999986e+01,5.110000000000000320e+00,2.990000000000000213e+00
-1.090000000000000036e+01,5.070000000000000284e+00,2.229999999999999982e+00
-1.066999999999999993e+01,5.209999999999999964e+00,1.989999999999999991e+00
-1.010999999999999943e+01,4.889999999999999680e+00,2.359999999999999876e+00
-1.013000000000000078e+01,4.849999999999999645e+00,2.870000000000000107e+00
-9.560000000000000497e+00,4.790000000000000036e+00,2.970000000000000195e+00
-8.980000000000000426e+00,4.209999999999999964e+00,3.020000000000000018e+00
-8.449999999999999289e+00,3.910000000000000142e+00,3.140000000000000124e+00
-7.349999999999999645e+00,3.169999999999999929e+00,3.330000000000000071e+00
-7.679999999999999716e+00,3.839999999999999858e+00,3.629999999999999893e+00
-8.029999999999999361e+00,4.339999999999999858e+00,3.799999999999999822e+00
-7.719999999999999751e+00,4.849999999999999645e+00,3.899999999999999911e+00
-7.679999999999999716e+00,4.730000000000000426e+00,3.549999999999999822e+00
-7.330000000000000071e+00,4.150000000000000355e+00,3.729999999999999982e+00
-6.769999999999999574e+00,3.919999999999999929e+00,4.230000000000000426e+00
-6.870000000000000107e+00,3.209999999999999964e+00,4.200000000000000178e+00
-6.179999999999999716e+00,3.970000000000000195e+00,4.139999999999999680e+00
-5.190000000000000391e+00,3.479999999999999982e+00,4.339999999999999858e+00
-3.990000000000000213e+00,4.089999999999999858e+00,4.349999999999999645e+00
-3.479999999999999982e+00,3.629999999999999893e+00,4.719999999999999751e+00
-3.750000000000000000e+00,2.839999999999999858e+00,4.889999999999999680e+00
-3.750000000000000000e+00,2.819999999999999840e+00,4.969999999999999751e+00
-3.569999999999999840e+00,2.870000000000000107e+00,5.049999999999999822e+00
-3.600000000000000089e+00,2.540000000000000036e+00,4.950000000000000178e+00
-3.629999999999999893e+00,2.629999999999999893e+00,4.910000000000000142e+00
-4.190000000000000391e+00,2.629999999999999893e+00,5.230000000000000426e+00
-3.700000000000000178e+00,2.640000000000000124e+00,5.429999999999999716e+00
-4.120000000000000107e+00,3.120000000000000107e+00,5.110000000000000320e+00
-4.469999999999999751e+00,3.049999999999999822e+00,5.349999999999999645e+00
-3.529999999999999805e+00,2.500000000000000000e+00,4.900000000000000355e+00
-3.299999999999999822e+00,3.109999999999999876e+00,5.190000000000000391e+00
-2.720000000000000195e+00,2.640000000000000124e+00,5.349999999999999645e+00
-2.209999999999999964e+00,2.120000000000000107e+00,5.400000000000000355e+00
-2.609999999999999876e+00,2.490000000000000213e+00,5.509999999999999787e+00
-3.009999999999999787e+00,2.879999999999999893e+00,5.769999999999999574e+00
-3.330000000000000071e+00,3.120000000000000107e+00,5.440000000000000391e+00
-2.750000000000000000e+00,2.970000000000000195e+00,5.419999999999999929e+00
-2.970000000000000195e+00,2.799999999999999822e+00,5.500000000000000000e+00
-3.339999999999999858e+00,2.459999999999999964e+00,5.700000000000000178e+00
-2.240000000000000213e+00,2.680000000000000160e+00,5.830000000000000071e+00
-2.029999999999999805e+00,2.410000000000000142e+00,5.679999999999999716e+00
-2.069999999999999840e+00,1.939999999999999947e+00,5.860000000000000320e+00
-1.800000000000000044e+00,2.020000000000000018e+00,5.990000000000000213e+00
-9.599999999999999645e-01,1.600000000000000089e+00,6.250000000000000000e+00
-1.500000000000000000e+00,1.889999999999999902e+00,6.610000000000000320e+00
-1.739999999999999991e+00,2.040000000000000036e+00,6.709999999999999964e+00
-2.419999999999999929e+00,2.600000000000000089e+00,6.450000000000000178e+00
-2.379999999999999893e+00,2.899999999999999911e+00,6.150000000000000355e+00
-2.709999999999999964e+00,2.009999999999999787e+00,6.070000000000000284e+00
-1.639999999999999902e+00,2.080000000000000071e+00,6.160000000000000142e+00
-9.399999999999999467e-01,1.959999999999999964e+00,6.230000000000000426e+00
-9.499999999999999556e-01,2.020000000000000018e+00,6.440000000000000391e+00
-8.000000000000000444e-01,2.229999999999999982e+00,6.759999999999999787e+00
-9.000000000000000222e-01,2.080000000000000071e+00,6.799999999999999822e+00
-8.599999999999999867e-01,1.959999999999999964e+00,6.740000000000000213e+00
-5.999999999999999778e-02,2.060000000000000053e+00,6.690000000000000391e+00
-2.399999999999999911e-01,1.850000000000000089e+00,6.740000000000000213e+00
-6.800000000000000488e-01,2.540000000000000036e+00,6.849999999999999645e+00
-5.400000000000000355e-01,2.649999999999999911e+00,6.780000000000000249e+00
-1.040000000000000036e+00,2.930000000000000160e+00,6.750000000000000000e+00
-1.159999999999999920e+00,2.919999999999999929e+00,6.889999999999999680e+00
-1.050000000000000044e+00,2.450000000000000178e+00,6.519999999999999574e+00
-1.129999999999999893e+00,2.009999999999999787e+00,6.570000000000000284e+00
-8.699999999999999956e-01,1.510000000000000009e+00,6.799999999999999822e+00
-8.299999999999999600e-01,1.719999999999999973e+00,6.769999999999999574e+00
-1.070000000000000062e+00,1.659999999999999920e+00,6.669999999999999929e+00
-1.280000000000000027e+00,1.860000000000000098e+00,6.599999999999999645e+00
-1.139999999999999902e+00,1.919999999999999929e+00,6.929999999999999716e+00
-1.040000000000000036e+00,1.919999999999999929e+00,6.780000000000000249e+00
-1.199999999999999956e+00,1.949999999999999956e+00,6.750000000000000000e+00
-1.260000000000000009e+00,1.899999999999999911e+00,6.620000000000000107e+00
-1.100000000000000089e+00,1.800000000000000044e+00,6.549999999999999822e+00
-1.260000000000000009e+00,1.830000000000000071e+00,6.480000000000000426e+00
-9.100000000000000311e-01,1.719999999999999973e+00,6.230000000000000426e+00
-1.260000000000000009e+00,1.889999999999999902e+00,6.780000000000000249e+00
-1.149999999999999911e+00,1.830000000000000071e+00,6.530000000000000249e+00
-1.060000000000000053e+00,1.879999999999999893e+00,6.419999999999999929e+00
-9.899999999999999911e-01,1.719999999999999973e+00,6.549999999999999822e+00
3.300000000000000155e-01,1.239999999999999991e+00,6.519999999999999574e+00
7.299999999999999822e-01,2.069999999999999840e+00,6.839999999999999858e+00
-4.899999999999999911e-01,1.770000000000000018e+00,6.860000000000000320e+00
-1.600000000000000033e-01,2.189999999999999947e+00,7.000000000000000000e+00
-1.000000000000000021e-02,1.409999999999999920e+00,7.280000000000000249e+00
-1.300000000000000044e+00,1.909999999999999920e+00,7.059999999999999609e+00
-9.899999999999999911e-01,2.040000000000000036e+00,6.849999999999999645e+00
-2.099999999999999922e-01,1.979999999999999982e+00,7.179999999999999716e+00
-7.099999999999999645e-01,2.020000000000000018e+00,7.000000000000000000e+00
-8.000000000000000444e-01,1.770000000000000018e+00,6.910000000000000142e+00
-7.199999999999999734e-01,1.790000000000000036e+00,6.940000000000000391e+00
2.200000000000000011e-01,1.350000000000000089e+00,7.000000000000000000e+00
-2.700000000000000178e-01,2.029999999999999805e+00,7.040000000000000036e+00
-1.419999999999999929e+00,2.009999999999999787e+00,6.830000000000000071e+00
-8.999999999999999667e-02,1.669999999999999929e+00,6.709999999999999964e+00
7.800000000000000266e-01,1.669999999999999929e+00,6.759999999999999787e+00
2.899999999999999800e-01,1.659999999999999920e+00,7.070000000000000284e+00
-4.899999999999999911e-01,1.929999999999999938e+00,6.719999999999999751e+00
-1.000000000000000021e-02,1.659999999999999920e+00,7.150000000000000355e+00
-9.100000000000000311e-01,1.739999999999999991e+00,6.839999999999999858e+00
-1.870000000000000107e+00,1.830000000000000071e+00,6.540000000000000036e+00
-1.709999999999999964e+00,1.350000000000000089e+00,6.429999999999999716e+00
-5.799999999999999600e-01,1.389999999999999902e+00,6.379999999999999893e+00
-6.999999999999999556e-01,1.459999999999999964e+00,6.429999999999999716e+00
-9.699999999999999734e-01,1.750000000000000000e+00,6.469999999999999751e+00
-1.169999999999999929e+00,1.729999999999999982e+00,6.219999999999999751e+00
1.400000000000000133e-01,1.550000000000000044e+00,6.400000000000000355e+00
-2.899999999999999800e-01,1.510000000000000009e+00,6.490000000000000213e+00
-5.999999999999999778e-02,1.899999999999999911e+00,6.809999999999999609e+00
-5.300000000000000266e-01,1.719999999999999973e+00,6.799999999999999822e+00
2.600000000000000089e-01,1.679999999999999938e+00,6.690000000000000391e+00
-2.600000000000000089e-01,1.830000000000000071e+00,6.740000000000000213e+00
-3.800000000000000044e-01,1.800000000000000044e+00,6.830000000000000071e+00
2.899999999999999800e-01,1.620000000000000107e+00,6.879999999999999893e+00
1.000000000000000056e-01,1.820000000000000062e+00,6.320000000000000284e+00
-7.399999999999999911e-01,1.820000000000000062e+00,6.000000000000000000e+00
1.000000000000000021e-02,1.709999999999999964e+00,6.099999999999999645e+00
-5.899999999999999689e-01,1.580000000000000071e+00,6.240000000000000213e+00
-6.300000000000000044e-01,1.969999999999999973e+00,6.230000000000000426e+00
-5.400000000000000355e-01,1.979999999999999982e+00,6.469999999999999751e+00
-3.400000000000000244e-01,1.610000000000000098e+00,6.719999999999999751e+00
1.700000000000000122e-01,1.679999999999999938e+00,6.469999999999999751e+00
-3.699999999999999956e-01,1.899999999999999911e+00,6.969999999999999751e+00
-1.409999999999999920e+00,1.750000000000000000e+00,6.660000000000000142e+00
-1.400000000000000133e-01,1.560000000000000053e+00,6.370000000000000107e+00
-5.400000000000000355e-01,1.810000000000000053e+00,6.620000000000000107e+00
-7.099999999999999645e-01,1.620000000000000107e+00,6.540000000000000036e+00
3.900000000000000133e-01,1.790000000000000036e+00,6.589999999999999858e+00
-5.500000000000000444e-01,1.659999999999999920e+00,6.700000000000000178e+00
-8.100000000000000533e-01,1.830000000000000071e+00,6.570000000000000284e+00
1.199999999999999956e-01,1.669999999999999929e+00,6.870000000000000107e+00
-5.400000000000000355e-01,1.610000000000000098e+00,6.580000000000000071e+00
-7.500000000000000000e-01,1.669999999999999929e+00,6.860000000000000320e+00
5.000000000000000278e-02,1.989999999999999991e+00,6.910000000000000142e+00
1.100000000000000006e-01,1.929999999999999938e+00,6.750000000000000000e+00
4.000000000000000083e-02,1.729999999999999982e+00,6.500000000000000000e+00
-7.399999999999999911e-01,1.590000000000000080e+00,5.879999999999999893e+00
-5.300000000000000266e-01,1.719999999999999973e+00,6.410000000000000142e+00
-9.300000000000000488e-01,1.949999999999999956e+00,6.120000000000000107e+00
-1.000000000000000056e-01,1.830000000000000071e+00,6.290000000000000036e+00
-2.800000000000000266e-01,1.550000000000000044e+00,6.700000000000000178e+00
-9.300000000000000488e-01,1.939999999999999947e+00,6.379999999999999893e+00
-8.999999999999999667e-02,2.129999999999999893e+00,6.469999999999999751e+00
-5.500000000000000444e-01,1.879999999999999893e+00,6.500000000000000000e+00
-1.000000000000000000e+00,1.909999999999999920e+00,6.299999999999999822e+00
-1.139999999999999902e+00,2.299999999999999822e+00,5.969999999999999751e+00
-1.229999999999999982e+00,2.279999999999999805e+00,6.000000000000000000e+00
-5.100000000000000089e-01,2.229999999999999982e+00,6.059999999999999609e+00
-9.300000000000000488e-01,1.830000000000000071e+00,5.910000000000000142e+00
-4.699999999999999734e-01,1.669999999999999929e+00,5.629999999999999893e+00
-2.000000000000000042e-02,1.939999999999999947e+00,6.009999999999999787e+00
5.999999999999999778e-01,1.280000000000000027e+00,5.900000000000000355e+00
1.260000000000000009e+00,1.300000000000000044e+00,6.009999999999999787e+00
-5.000000000000000278e-02,1.439999999999999947e+00,6.110000000000000320e+00
-9.499999999999999556e-01,1.840000000000000080e+00,6.129999999999999893e+00
-4.699999999999999734e-01,1.679999999999999938e+00,5.790000000000000036e+00
-3.699999999999999956e-01,1.729999999999999982e+00,6.150000000000000355e+00
-5.000000000000000000e-01,1.750000000000000000e+00,6.209999999999999964e+00
-1.400000000000000133e-01,1.600000000000000089e+00,5.950000000000000178e+00
2.200000000000000011e-01,1.649999999999999911e+00,6.120000000000000107e+00
-4.799999999999999822e-01,1.639999999999999902e+00,6.080000000000000071e+00
-1.000000000000000000e+00,2.200000000000000178e+00,5.809999999999999609e+00
-5.200000000000000178e-01,1.780000000000000027e+00,5.969999999999999751e+00
-5.400000000000000355e-01,1.810000000000000053e+00,5.830000000000000071e+00
-1.700000000000000122e-01,1.679999999999999938e+00,5.980000000000000426e+00
-4.699999999999999734e-01,1.629999999999999893e+00,5.440000000000000391e+00
-5.999999999999999778e-01,1.399999999999999911e+00,5.589999999999999858e+00
-4.899999999999999911e-01,1.770000000000000018e+00,6.099999999999999645e+00
-3.200000000000000067e-01,1.709999999999999964e+00,6.110000000000000320e+00
-7.199999999999999734e-01,1.550000000000000044e+00,6.030000000000000249e+00
-4.500000000000000111e-01,1.560000000000000053e+00,5.750000000000000000e+00
-2.899999999999999800e-01,1.550000000000000044e+00,5.160000000000000142e+00
-3.200000000000000067e-01,1.790000000000000036e+00,5.620000000000000107e+00
-3.400000000000000244e-01,1.840000000000000080e+00,5.370000000000000107e+00
8.000000000000000167e-02,1.459999999999999964e+00,5.900000000000000355e+00
2.500000000000000000e-01,1.699999999999999956e+00,6.080000000000000071e+00
5.799999999999999600e-01,1.570000000000000062e+00,6.400000000000000355e+00
1.900000000000000022e-01,1.800000000000000044e+00,6.530000000000000249e+00
-4.899999999999999911e-01,1.760000000000000009e+00,6.400000000000000355e+00
-6.899999999999999467e-01,1.600000000000000089e+00,6.809999999999999609e+00
-2.899999999999999800e-01,1.800000000000000044e+00,7.019999999999999574e+00
-4.000000000000000083e-02,1.709999999999999964e+00,7.040000000000000036e+00
-1.900000000000000022e-01,1.770000000000000018e+00,6.709999999999999964e+00
-5.600000000000000533e-01,1.560000000000000053e+00,6.290000000000000036e+00
-3.699999999999999956e-01,1.810000000000000053e+00,6.500000000000000000e+00
-4.799999999999999822e-01,1.699999999999999956e+00,6.429999999999999716e+00
-5.699999999999999512e-01,1.330000000000000071e+00,6.870000000000000107e+00
-3.200000000000000067e-01,1.489999999999999991e+00,6.610000000000000320e+00
-5.300000000000000266e-01,1.870000000000000107e+00,6.629999999999999893e+00
-6.300000000000000044e-01,2.129999999999999893e+00,6.639999999999999680e+00
-1.799999999999999933e-01,1.489999999999999991e+00,6.980000000000000426e+00
-9.799999999999999822e-01,1.320000000000000062e+00,7.049999999999999822e+00
-2.450000000000000178e+00,1.409999999999999920e+00,7.129999999999999893e+00
-3.250000000000000000e+00,1.320000000000000062e+00,7.030000000000000249e+00
-3.379999999999999893e+00,7.399999999999999911e-01,6.900000000000000355e+00
-4.110000000000000320e+00,1.179999999999999938e+00,6.990000000000000213e+00
-4.049999999999999822e+00,9.200000000000000400e-01,6.969999999999999751e+00
-4.349999999999999645e+00,8.399999999999999689e-01,7.040000000000000036e+00
-4.599999999999999645e+00,7.399999999999999911e-01,7.129999999999999893e+00
-4.559999999999999609e+00,6.999999999999999556e-01,7.099999999999999645e+00
-4.820000000000000284e+00,6.899999999999999467e-01,7.000000000000000000e+00
-5.379999999999999893e+00,4.099999999999999756e-01,6.750000000000000000e+00
-5.719999999999999751e+00,4.699999999999999734e-01,6.660000000000000142e+00
-6.759999999999999787e+00,9.100000000000000311e-01,6.440000000000000391e+00
-6.879999999999999893e+00,6.099999999999999867e-01,6.099999999999999645e+00
-7.129999999999999893e+00,4.000000000000000083e-02,5.809999999999999609e+00
-6.769999999999999574e+00,5.400000000000000355e-01,5.219999999999999751e+00
-7.150000000000000355e+00,8.000000000000000167e-02,4.809999999999999609e+00
-7.339999999999999858e+00,1.040000000000000036e+00,4.259999999999999787e+00
-7.360000000000000320e+00,9.699999999999999734e-01,3.890000000000000124e+00
-6.980000000000000426e+00,2.399999999999999911e-01,3.350000000000000089e+00
-7.120000000000000107e+00,5.600000000000000533e-01,2.899999999999999911e+00
-6.200000000000000178e+00,1.120000000000000107e+00,2.410000000000000142e+00
-5.750000000000000000e+00,8.599999999999999867e-01,2.000000000000000000e+00
-5.150000000000000355e+00,9.499999999999999556e-01,1.689999999999999947e+00
-4.400000000000000355e+00,6.999999999999999556e-01,1.510000000000000009e+00
-3.419999999999999929e+00,8.599999999999999867e-01,1.219999999999999973e+00
-2.770000000000000018e+00,5.200000000000000178e-01,9.899999999999999911e-01
-2.060000000000000053e+00,8.299999999999999600e-01,8.000000000000000444e-01
-1.510000000000000009e+00,8.299999999999999600e-01,7.399999999999999911e-01
-6.300000000000000044e-01,7.700000000000000178e-01,7.800000000000000266e-01
-3.900000000000000133e-01,1.469999999999999973e+00,8.499999999999999778e-01
-2.200000000000000011e-01,1.590000000000000080e+00,9.699999999999999734e-01
-6.700000000000000400e-01,1.989999999999999991e+00,1.010000000000000009e+00
-5.500000000000000444e-01,2.020000000000000018e+00,1.060000000000000053e+00
-8.399999999999999689e-01,1.810000000000000053e+00,1.050000000000000044e+00
-5.600000000000000533e-01,1.570000000000000062e+00,1.239999999999999991e+00
-5.899999999999999689e-01,1.850000000000000089e+00,1.350000000000000089e+00
-7.299999999999999822e-01,1.750000000000000000e+00,1.350000000000000089e+00
-7.399999999999999911e-01,1.860000000000000098e+00,1.439999999999999947e+00
-6.899999999999999467e-01,1.669999999999999929e+00,1.570000000000000062e+00
-5.200000000000000178e-01,2.080000000000000071e+00,1.600000000000000089e+00
2.999999999999999889e-02,1.989999999999999991e+00,1.699999999999999956e+00
-1.700000000000000122e-01,1.399999999999999911e+00,1.729999999999999982e+00
-1.000000000000000021e-02,1.879999999999999893e+00,1.820000000000000062e+00
-1.700000000000000122e-01,1.820000000000000062e+00,1.899999999999999911e+00
-1.600000000000000033e-01,1.870000000000000107e+00,1.959999999999999964e+00
-4.000000000000000222e-01,1.800000000000000044e+00,2.060000000000000053e+00
-0.000000000000000000e+00,2.080000000000000071e+00,2.189999999999999947e+00
-1.900000000000000022e-01,2.200000000000000178e+00,2.370000000000000107e+00
4.000000000000000083e-02,3.089999999999999858e+00,2.740000000000000213e+00
1.600000000000000033e-01,3.040000000000000036e+00,2.979999999999999982e+00
-1.900000000000000022e-01,3.180000000000000160e+00,3.160000000000000142e+00
1.100000000000000006e-01,3.220000000000000195e+00,3.250000000000000000e+00
2.399999999999999911e-01,2.939999999999999947e+00,3.419999999999999929e+00
2.500000000000000000e-01,2.939999999999999947e+00,3.640000000000000124e+00
2.899999999999999800e-01,3.100000000000000089e+00,3.770000000000000018e+00
3.599999999999999867e-01,3.580000000000000071e+00,3.890000000000000124e+00
6.500000000000000222e-01,3.450000000000000178e+00,4.019999999999999574e+00
4.899999999999999911e-01,3.390000000000000124e+00,4.120000000000000107e+00
7.299999999999999822e-01,3.740000000000000213e+00,4.299999999999999822e+00
6.400000000000000133e-01,4.250000000000000000e+00,4.349999999999999645e+00
7.600000000000000089e-01,4.259999999999999787e+00,4.379999999999999893e+00
8.499999999999999778e-01,4.290000000000000036e+00,4.419999999999999929e+00
7.199999999999999734e-01,4.030000000000000249e+00,4.580000000000000071e+00
9.000000000000000222e-01,4.450000000000000178e+00,4.540000000000000036e+00
9.300000000000000488e-01,4.879999999999999893e+00,4.610000000000000320e+00
1.300000000000000044e+00,4.570000000000000284e+00,4.940000000000000391e+00
1.100000000000000089e+00,3.950000000000000178e+00,5.059999999999999609e+00
1.239999999999999991e+00,3.959999999999999964e+00,5.110000000000000320e+00
1.560000000000000053e+00,3.529999999999999805e+00,5.089999999999999858e+00
1.719999999999999973e+00,4.280000000000000249e+00,5.129999999999999893e+00
1.500000000000000000e+00,4.129999999999999893e+00,5.179999999999999716e+00
1.840000000000000080e+00,4.070000000000000284e+00,5.269999999999999574e+00
1.830000000000000071e+00,3.279999999999999805e+00,5.259999999999999787e+00
2.250000000000000000e+00,2.879999999999999893e+00,5.410000000000000142e+00
2.410000000000000142e+00,3.350000000000000089e+00,5.450000000000000178e+00
2.879999999999999893e+00,2.959999999999999964e+00,5.530000000000000249e+00
2.759999999999999787e+00,3.609999999999999876e+00,5.759999999999999787e+00
3.390000000000000124e+00,2.899999999999999911e+00,5.959999999999999964e+00
4.410000000000000142e+00,2.160000000000000142e+00,6.370000000000000107e+00
4.830000000000000071e+00,2.310000000000000053e+00,6.780000000000000249e+00
5.110000000000000320e+00,2.790000000000000036e+00,7.099999999999999645e+00
5.299999999999999822e+00,2.859999999999999876e+00,7.540000000000000036e+00
4.290000000000000036e+00,3.089999999999999858e+00,7.870000000000000107e+00
3.620000000000000107e+00,2.229999999999999982e+00,8.099999999999999645e+00
3.129999999999999893e+00,1.110000000000000098e+00,8.130000000000000782e+00
2.750000000000000000e+00,1.300000000000000044e-01,8.109999999999999432e+00
2.229999999999999982e+00,7.099999999999999645e-01,8.000000000000000000e+00
2.220000000000000195e+00,1.040000000000000036e+00,7.709999999999999964e+00
1.199999999999999956e+00,1.669999999999999929e+00,7.570000000000000284e+00
8.599999999999999867e-01,2.390000000000000124e+00,7.540000000000000036e+00
1.189999999999999947e+00,2.979999999999999982e+00,7.549999999999999822e+00
3.800000000000000044e-01,3.500000000000000000e+00,7.459999999999999964e+00
-4.099999999999999756e-01,3.970000000000000195e+00,7.400000000000000355e+00
-1.499999999999999944e-01,4.589999999999999858e+00,7.290000000000000036e+00
2.099999999999999922e-01,4.480000000000000426e+00,7.309999999999999609e+00
-1.400000000000000133e-01,4.320000000000000284e+00,7.190000000000000391e+00
-3.300000000000000155e-01,4.139999999999999680e+00,7.360000000000000320e+00
-4.600000000000000200e-01,3.759999999999999787e+00,7.549999999999999822e+00
-1.229999999999999982e+00,3.049999999999999822e+00,7.570000000000000284e+00
-1.419999999999999929e+00,2.529999999999999805e+00,7.570000000000000284e+00
-1.969999999999999973e+00,1.320000000000000062e+00,7.370000000000000107e+00
-1.929999999999999938e+00,8.299999999999999600e-01,7.139999999999999680e+00
-2.399999999999999911e+00,-5.000000000000000278e-02,6.969999999999999751e+00
-2.189999999999999947e+00,-4.000000000000000083e-02,6.889999999999999680e+00
-2.299999999999999822e+00,-0.000000000000000000e+00,6.799999999999999822e+00
-1.800000000000000044e+00,-1.300000000000000044e+00,6.679999999999999716e+00
-1.840000000000000080e+00,-1.830000000000000071e+00,6.730000000000000426e+00
-1.129999999999999893e+00,-2.069999999999999840e+00,6.559999999999999609e+00
-4.699999999999999734e-01,-1.649999999999999911e+00,6.620000000000000107e+00
-7.000000000000000666e-02,-1.379999999999999893e+00,6.650000000000000355e+00
6.400000000000000133e-01,-1.100000000000000089e+00,6.629999999999999893e+00
1.300000000000000044e+00,-1.100000000000000089e+00,6.730000000000000426e+00
8.900000000000000133e-01,-8.399999999999999689e-01,6.879999999999999893e+00
8.800000000000000044e-01,-3.699999999999999956e-01,7.040000000000000036e+00
5.899999999999999689e-01,-5.100000000000000089e-01,7.330000000000000071e+00
1.040000000000000036e+00,-1.750000000000000000e+00,7.280000000000000249e+00
5.799999999999999600e-01,-2.839999999999999858e+00,7.540000000000000036e+00
-1.100000000000000006e-01,-1.760000000000000009e+00,7.700000000000000178e+00
-6.099999999999999867e-01,-2.800000000000000266e-01,7.480000000000000426e+00
-3.300000000000000155e-01,4.000000000000000083e-02,7.129999999999999893e+00
1.400000000000000133e-01,5.899999999999999689e-01,6.860000000000000320e+00
-1.290000000000000036e+00,1.139999999999999902e+00,6.860000000000000320e+00
-1.389999999999999902e+00,1.090000000000000080e+00,6.570000000000000284e+00
8.999999999999999667e-02,8.699999999999999956e-01,6.370000000000000107e+00
-5.000000000000000000e-01,1.060000000000000053e+00,6.669999999999999929e+00
-1.260000000000000009e+00,1.120000000000000107e+00,6.700000000000000178e+00
-3.400000000000000244e-01,1.100000000000000089e+00,6.259999999999999787e+00
-3.900000000000000133e-01,1.120000000000000107e+00,6.290000000000000036e+00
-1.280000000000000027e+00,1.000000000000000000e+00,6.330000000000000071e+00
-7.900000000000000355e-01,1.209999999999999964e+00,6.610000000000000320e+00
-2.099999999999999922e-01,1.570000000000000062e+00,6.990000000000000213e+00
-1.900000000000000022e-01,2.560000000000000053e+00,6.919999999999999929e+00
-2.700000000000000178e-01,2.549999999999999822e+00,7.259999999999999787e+00
-1.229999999999999982e+00,1.510000000000000009e+00,6.830000000000000071e+00
-1.250000000000000000e+00,2.399999999999999911e-01,6.629999999999999893e+00
-1.209999999999999964e+00,-1.199999999999999956e-01,6.610000000000000320e+00
-2.700000000000000178e-01,8.699999999999999956e-01,6.389999999999999680e+00
-6.099999999999999867e-01,9.799999999999999822e-01,6.259999999999999787e+00
-1.209999999999999964e+00,1.110000000000000098e+00,6.780000000000000249e+00
-5.699999999999999512e-01,1.040000000000000036e+00,7.080000000000000071e+00
-9.200000000000000400e-01,9.799999999999999822e-01,7.129999999999999893e+00
-9.799999999999999822e-01,1.100000000000000089e+00,6.379999999999999893e+00
-1.070000000000000062e+00,7.500000000000000000e-01,6.719999999999999751e+00
-6.300000000000000044e-01,1.270000000000000018e+00,6.580000000000000071e+00
-1.000000000000000000e+00,1.429999999999999938e+00,6.919999999999999929e+00
-9.599999999999999645e-01,1.050000000000000044e+00,6.820000000000000284e+00
-1.000000000000000000e+00,8.800000000000000044e-01,7.129999999999999893e+00
-5.300000000000000266e-01,1.050000000000000044e+00,6.549999999999999822e+00
-9.499999999999999556e-01,8.499999999999999778e-01,6.769999999999999574e+00
-8.900000000000000133e-01,9.000000000000000222e-01,6.589999999999999858e+00
-6.300000000000000044e-01,1.229999999999999982e+00,6.839999999999999858e+00
-6.300000000000000044e-01,5.100000000000000089e-01,6.809999999999999609e+00
-5.999999999999999778e-01,8.100000000000000533e-01,6.629999999999999893e+00
-4.699999999999999734e-01,8.299999999999999600e-01,6.549999999999999822e+00
-3.900000000000000133e-01,6.800000000000000488e-01,6.309999999999999609e+00
-2.700000000000000178e-01,7.199999999999999734e-01,6.780000000000000249e+00
4.000000000000000083e-02,6.300000000000000044e-01,6.809999999999999609e+00
-1.700000000000000122e-01,4.600000000000000200e-01,6.900000000000000355e+00
4.000000000000000083e-02,4.699999999999999734e-01,6.870000000000000107e+00
-1.799999999999999933e-01,4.899999999999999911e-01,6.959999999999999964e+00
-1.900000000000000022e-01,6.999999999999999556e-01,6.980000000000000426e+00
-4.299999999999999933e-01,6.500000000000000222e-01,6.700000000000000178e+00
-2.600000000000000089e-01,6.300000000000000044e-01,6.849999999999999645e+00
-4.699999999999999734e-01,6.800000000000000488e-01,7.169999999999999929e+00
-4.000000000000000222e-01,5.899999999999999689e-01,6.740000000000000213e+00
-1.100000000000000006e-01,5.799999999999999600e-01,6.750000000000000000e+00
-3.699999999999999956e-01,6.199999999999999956e-01,6.570000000000000284e+00
-1.199999999999999956e-01,7.700000000000000178e-01,6.799999999999999822e+00
-2.999999999999999889e-01,5.899999999999999689e-01,6.809999999999999609e+00
-4.099999999999999756e-01,6.700000000000000400e-01,6.669999999999999929e+00
-4.899999999999999911e-01,7.099999999999999645e-01,7.099999999999999645e+00
-3.300000000000000155e-01,5.999999999999999778e-01,7.059999999999999609e+00
-3.200000000000000067e-01,5.799999999999999600e-01,6.790000000000000036e+00
-2.899999999999999800e-01,6.199999999999999956e-01,6.900000000000000355e+00
-2.899999999999999800e-01,5.600000000000000533e-01,6.929999999999999716e+00
-1.700000000000000122e-01,5.699999999999999512e-01,6.889999999999999680e+00
-2.800000000000000266e-01,6.999999999999999556e-01,6.980000000000000426e+00
-4.299999999999999933e-01,6.300000000000000044e-01,7.269999999999999574e+00
-2.800000000000000266e-01,7.700000000000000178e-01,6.889999999999999680e+00
-2.399999999999999911e-01,7.600000000000000089e-01,6.500000000000000000e+00
-3.300000000000000155e-01,6.199999999999999956e-01,6.469999999999999751e+00
-4.299999999999999933e-01,7.299999999999999822e-01,6.879999999999999893e+00
-3.200000000000000067e-01,6.400000000000000133e-01,7.209999999999999964e+00
-2.399999999999999911e-01,6.600000000000000311e-01,6.799999999999999822e+00
-4.799999999999999822e-01,6.800000000000000488e-01,6.879999999999999893e+00
-3.499999999999999778e-01,5.699999999999999512e-01,6.839999999999999858e+00
-1.100000000000000006e-01,6.500000000000000222e-01,6.309999999999999609e+00
-2.399999999999999911e-01,6.700000000000000400e-01,6.660000000000000142e+00
-5.100000000000000089e-01,6.999999999999999556e-01,7.099999999999999645e+00
-2.200000000000000011e-01,6.600000000000000311e-01,7.070000000000000284e+00
-1.300000000000000044e-01,6.400000000000000133e-01,6.620000000000000107e+00
-4.000000000000000222e-01,5.799999999999999600e-01,6.410000000000000142e+00
-4.699999999999999734e-01,6.800000000000000488e-01,6.650000000000000355e+00
-1.499999999999999944e-01,4.799999999999999822e-01,6.679999999999999716e+00
-2.800000000000000266e-01,6.300000000000000044e-01,6.559999999999999609e+00
-4.899999999999999911e-01,6.300000000000000044e-01,6.959999999999999964e+00
-4.500000000000000111e-01,5.600000000000000533e-01,7.299999999999999822e+00
-4.000000000000000222e-01,6.099999999999999867e-01,6.900000000000000355e+00
-2.999999999999999889e-01,6.600000000000000311e-01,7.070000000000000284e+00
-4.199999999999999845e-01,7.299999999999999822e-01,7.299999999999999822e+00
-2.800000000000000266e-01,6.300000000000000044e-01,6.740000000000000213e+00
-4.099999999999999756e-01,6.600000000000000311e-01,7.089999999999999858e+00
-3.099999999999999978e-01,5.400000000000000355e-01,7.080000000000000071e+00
-3.499999999999999778e-01,7.199999999999999734e-01,6.870000000000000107e+00
-3.099999999999999978e-01,5.100000000000000089e-01,6.500000000000000000e+00
-2.600000000000000089e-01,7.099999999999999645e-01,6.910000000000000142e+00
-4.400000000000000022e-01,6.199999999999999956e-01,7.250000000000000000e+00
-4.400000000000000022e-01,5.600000000000000533e-01,7.209999999999999964e+00
-3.499999999999999778e-01,6.600000000000000311e-01,7.009999999999999787e+00
-2.899999999999999800e-01,6.800000000000000488e-01,6.769999999999999574e+00
-3.800000000000000044e-01,5.799999999999999600e-01,6.469999999999999751e+00
-3.800000000000000044e-01,6.700000000000000400e-01,6.740000000000000213e+00
-2.600000000000000089e-01,6.899999999999999467e-01,7.080000000000000071e+00
-8.999999999999999667e-02,5.999999999999999778e-01,6.480000000000000426e+00
-4.199999999999999845e-01,6.999999999999999556e-01,6.650000000000000355e+00
-4.400000000000000022e-01,6.500000000000000222e-01,7.360000000000000320e+00
-3.300000000000000155e-01,5.300000000000000266e-01,6.500000000000000000e+00
-1.100000000000000006e-01,6.500000000000000222e-01,6.290000000000000036e+00
-4.400000000000000022e-01,7.500000000000000000e-01,6.389999999999999680e+00
-4.199999999999999845e-01,6.700000000000000400e-01,6.549999999999999822e+00
-2.899999999999999800e-01,5.799999999999999600e-01,6.969999999999999751e+00
-1.600000000000000033e-01,5.999999999999999778e-01,7.030000000000000249e+00
-1.600000000000000033e-01,5.799999999999999600e-01,6.549999999999999822e+00
-3.099999999999999978e-01,5.899999999999999689e-01,6.830000000000000071e+00
-3.200000000000000067e-01,6.700000000000000400e-01,6.959999999999999964e+00
-2.200000000000000011e-01,6.500000000000000222e-01,6.669999999999999929e+00
-1.199999999999999956e-01,5.899999999999999689e-01,6.440000000000000391e+00
-3.599999999999999867e-01,5.699999999999999512e-01,6.110000000000000320e+00
-2.000000000000000111e-01,6.199999999999999956e-01,6.190000000000000391e+00
-2.999999999999999889e-01,6.300000000000000044e-01,6.509999999999999787e+00
-1.700000000000000122e-01,6.700000000000000400e-01,6.099999999999999645e+00
-4.699999999999999734e-01,6.199999999999999956e-01,6.780000000000000249e+00
-3.699999999999999956e-01,6.300000000000000044e-01,7.000000000000000000e+00
-3.099999999999999978e-01,6.500000000000000222e-01,6.709999999999999964e+00
-3.800000000000000044e-01,6.700000000000000400e-01,6.650000000000000355e+00
-3.200000000000000067e-01,6.099999999999999867e-01,6.349999999999999645e+00
-3.300000000000000155e-01,5.999999999999999778e-01,6.730000000000000426e+00
-3.400000000000000244e-01,6.500000000000000222e-01,6.750000000000000000e+00
-3.900000000000000133e-01,7.600000000000000089e-01,6.799999999999999822e+00
-2.399999999999999911e-01,5.400000000000000355e-01,6.980000000000000426e+00
-3.900000000000000133e-01,7.099999999999999645e-01,7.049999999999999822e+00
-1.000000000000000056e-01,6.600000000000000311e-01,6.419999999999999929e+00
-2.899999999999999800e-01,6.300000000000000044e-01,6.650000000000000355e+00
-4.299999999999999933e-01,7.199999999999999734e-01,7.299999999999999822e+00
-3.099999999999999978e-01,5.999999999999999778e-01,7.269999999999999574e+00
-3.300000000000000155e-01,4.699999999999999734e-01,7.160000000000000142e+00
-1.400000000000000133e-01,6.300000000000000044e-01,7.019999999999999574e+00
-4.500000000000000111e-01,6.800000000000000488e-01,7.000000000000000000e+00
-4.099999999999999756e-01,6.500000000000000222e-01,7.240000000000000213e+00
-3.200000000000000067e-01,7.199999999999999734e-01,6.639999999999999680e+00
-2.500000000000000000e-01,6.500000000000000222e-01,6.669999999999999929e+00
-5.000000000000000000e-01,6.999999999999999556e-01,7.000000000000000000e+00
-1.000000000000000056e-01,6.700000000000000400e-01,6.719999999999999751e+00
-4.899999999999999911e-01,6.600000000000000311e-01,6.570000000000000284e+00
-3.800000000000000044e-01,5.999999999999999778e-01,6.679999999999999716e+00
-3.300000000000000155e-01,5.899999999999999689e-01,6.769999999999999574e+00
-4.000000000000000222e-01,7.099999999999999645e-01,7.030000000000000249e+00
-2.700000000000000178e-01,6.700000000000000400e-01,6.759999999999999787e+00
-4.400000000000000022e-01,6.999999999999999556e-01,6.849999999999999645e+00
-4.000000000000000222e-01,6.400000000000000133e-01,6.860000000000000320e+00
-2.500000000000000000e-01,6.700000000000000400e-01,6.860000000000000320e+00
-2.300000000000000100e-01,5.699999999999999512e-01,6.830000000000000071e+00
-4.000000000000000222e-01,6.899999999999999467e-01,6.419999999999999929e+00
-2.399999999999999911e-01,6.300000000000000044e-01,6.780000000000000249e+00
-4.000000000000000222e-01,7.099999999999999645e-01,7.099999999999999645e+00
-2.600000000000000089e-01,6.600000000000000311e-01,7.070000000000000284e+00
-4.099999999999999756e-01,5.899999999999999689e-01,7.080000000000000071e+00
-4.199999999999999845e-01,6.700000000000000400e-01,7.379999999999999893e+00
-3.200000000000000067e-01,5.999999999999999778e-01,7.049999999999999822e+00
-5.999999999999999778e-02,5.500000000000000444e-01,6.639999999999999680e+00
-4.699999999999999734e-01,5.899999999999999689e-01,6.889999999999999680e+00
-1.700000000000000122e-01,5.799999999999999600e-01,6.730000000000000426e+00
-2.600000000000000089e-01,5.600000000000000533e-01,6.349999999999999645e+00
-4.400000000000000022e-01,5.799999999999999600e-01,6.730000000000000426e+00
-2.300000000000000100e-01,6.400000000000000133e-01,6.519999999999999574e+00
-3.400000000000000244e-01,5.699999999999999512e-01,6.740000000000000213e+00
-4.600000000000000200e-01,6.999999999999999556e-01,6.889999999999999680e+00
-2.600000000000000089e-01,4.699999999999999734e-01,6.910000000000000142e+00
-2.999999999999999889e-01,6.800000000000000488e-01,6.400000000000000355e+00
-6.500000000000000222e-01,4.600000000000000200e-01,6.339999999999999858e+00
-4.600000000000000200e-01,6.400000000000000133e-01,6.740000000000000213e+00
2.099999999999999922e-01,7.099999999999999645e-01,6.759999999999999787e+00
3.900000000000000133e-01,5.899999999999999689e-01,6.870000000000000107e+00
1.900000000000000022e-01,7.199999999999999734e-01,7.040000000000000036e+00
-5.200000000000000178e-01,4.899999999999999911e-01,6.820000000000000284e+00
5.400000000000000355e-01,8.599999999999999867e-01,7.049999999999999822e+00
1.499999999999999944e-01,6.800000000000000488e-01,7.150000000000000355e+00
-6.099999999999999867e-01,8.299999999999999600e-01,6.830000000000000071e+00
2.300000000000000100e-01,6.899999999999999467e-01,6.959999999999999964e+00
-1.000000000000000021e-02,8.699999999999999956e-01,7.240000000000000213e+00
-5.799999999999999600e-01,8.000000000000000444e-01,7.309999999999999609e+00
-4.199999999999999845e-01,7.199999999999999734e-01,7.320000000000000284e+00
1.000000000000000000e+00,4.799999999999999822e-01,7.169999999999999929e+00
3.499999999999999778e-01,5.600000000000000533e-01,7.530000000000000249e+00
-2.099999999999999922e-01,4.099999999999999756e-01,7.450000000000000178e+00
1.799999999999999933e-01,7.600000000000000089e-01,7.839999999999999858e+00
-6.099999999999999867e-01,6.899999999999999467e-01,7.839999999999999858e+00
-2.700000000000000178e-01,1.050000000000000044e+00,7.519999999999999574e+00
-5.999999999999999778e-02,1.100000000000000006e-01,7.450000000000000178e+00
-4.000000000000000083e-02,9.699999999999999734e-01,7.580000000000000071e+00
-6.600000000000000311e-01,4.899999999999999911e-01,7.129999999999999893e+00
-8.000000000000000167e-02,6.099999999999999867e-01,7.429999999999999716e+00
-2.700000000000000178e-01,6.300000000000000044e-01,7.759999999999999787e+00
-8.699999999999999956e-01,6.400000000000000133e-01,7.459999999999999964e+00
2.899999999999999800e-01,6.400000000000000133e-01,7.820000000000000284e+00
-4.899999999999999911e-01,5.200000000000000178e-01,7.650000000000000355e+00
-3.499999999999999778e-01,8.199999999999999512e-01,7.669999999999999929e+00
-2.600000000000000089e-01,5.999999999999999778e-01,7.540000000000000036e+00
-1.400000000000000133e-01,6.400000000000000133e-01,7.530000000000000249e+00
-5.899999999999999689e-01,6.400000000000000133e-01,7.099999999999999645e+00
-1.799999999999999933e-01,6.099999999999999867e-01,7.250000000000000000e+00
1.000000000000000021e-02,6.700000000000000400e-01,6.959999999999999964e+00
-6.099999999999999867e-01,6.300000000000000044e-01,7.230000000000000426e+00
4.000000000000000083e-02,6.300000000000000044e-01,7.200000000000000178e+00
-2.500000000000000000e-01,5.899999999999999689e-01,7.250000000000000000e+00
-3.499999999999999778e-01,6.700000000000000400e-01,7.120000000000000107e+00
-3.699999999999999956e-01,6.199999999999999956e-01,6.799999999999999822e+00
-3.599999999999999867e-01,5.999999999999999778e-01,7.150000000000000355e+00
-5.600000000000000533e-01,6.099999999999999867e-01,7.269999999999999574e+00
-1.799999999999999933e-01,5.600000000000000533e-01,6.780000000000000249e+00
-2.800000000000000266e-01,6.999999999999999556e-01,6.900000000000000355e+00
-4.899999999999999911e-01,5.799999999999999600e-01,7.410000000000000142e+00
-5.100000000000000089e-01,6.400000000000000133e-01,7.740000000000000213e+00
-1.499999999999999944e-01,6.199999999999999956e-01,7.080000000000000071e+00
-5.200000000000000178e-01,6.700000000000000400e-01,7.219999999999999751e+00
-3.200000000000000067e-01,6.300000000000000044e-01,7.519999999999999574e+00
-2.200000000000000011e-01,6.700000000000000400e-01,7.179999999999999716e+00
-3.599999999999999867e-01,6.700000000000000400e-01,7.160000000000000142e+00
-2.700000000000000178e-01,5.899999999999999689e-01,7.559999999999999609e+00
-2.200000000000000011e-01,6.500000000000000222e-01,7.309999999999999609e+00
-4.699999999999999734e-01,6.099999999999999867e-01,7.400000000000000355e+00
-2.600000000000000089e-01,7.500000000000000000e-01,6.870000000000000107e+00
-4.500000000000000111e-01,5.999999999999999778e-01,7.370000000000000107e+00
-4.099999999999999756e-01,6.500000000000000222e-01,7.410000000000000142e+00
-3.499999999999999778e-01,4.099999999999999756e-01,7.620000000000000107e+00
-5.000000000000000278e-02,7.700000000000000178e-01,7.389999999999999680e+00
-1.400000000000000133e-01,7.199999999999999734e-01,7.440000000000000391e+00
-4.000000000000000083e-02,6.800000000000000488e-01,7.879999999999999893e+00
-5.799999999999999600e-01,4.699999999999999734e-01,7.799999999999999822e+00
-2.000000000000000111e-01,7.399999999999999911e-01,7.320000000000000284e+00
-1.700000000000000122e-01,5.000000000000000000e-01,7.360000000000000320e+00
-2.800000000000000266e-01,6.500000000000000222e-01,7.179999999999999716e+00
-1.900000000000000022e-01,7.099999999999999645e-01,7.500000000000000000e+00
-5.600000000000000533e-01,4.600000000000000200e-01,7.650000000000000355e+00
-1.900000000000000022e-01,8.299999999999999600e-01,7.790000000000000036e+00
-3.900000000000000133e-01,5.400000000000000355e-01,7.820000000000000284e+00
-3.499999999999999778e-01,8.199999999999999512e-01,7.309999999999999609e+00
-3.699999999999999956e-01,6.600000000000000311e-01,7.519999999999999574e+00
-8.000000000000000167e-02,5.699999999999999512e-01,7.400000000000000355e+00
-3.300000000000000155e-01,6.300000000000000044e-01,7.849999999999999645e+00
-2.600000000000000089e-01,5.000000000000000000e-01,7.209999999999999964e+00
-2.099999999999999922e-01,5.699999999999999512e-01,7.129999999999999893e+00
-2.399999999999999911e-01,5.400000000000000355e-01,6.360000000000000320e+00
-4.299999999999999933e-01,7.500000000000000000e-01,7.089999999999999858e+00
-1.799999999999999933e-01,5.600000000000000533e-01,7.309999999999999609e+00
-4.400000000000000022e-01,5.999999999999999778e-01,7.679999999999999716e+00
-4.500000000000000111e-01,6.199999999999999956e-01,7.799999999999999822e+00
-1.900000000000000022e-01,6.199999999999999956e-01,7.360000000000000320e+00
-4.199999999999999845e-01,5.899999999999999689e-01,7.190000000000000391e+00
-4.299999999999999933e-01,6.099999999999999867e-01,6.990000000000000213e+00
-2.999999999999999889e-01,5.699999999999999512e-01,7.240000000000000213e+00
-4.199999999999999845e-01,5.200000000000000178e-01,7.530000000000000249e+00
-2.500000000000000000e-01,6.199999999999999956e-01,7.530000000000000249e+00
-2.399999999999999911e-01,6.099999999999999867e-01,7.030000000000000249e+00
-3.599999999999999867e-01,7.099999999999999645e-01,7.280000000000000249e+00
-4.199999999999999845e-01,4.899999999999999911e-01,7.139999999999999680e+00
-2.000000000000000042e-02,6.700000000000000400e-01,6.839999999999999858e+00
-4.299999999999999933e-01,4.899999999999999911e-01,7.480000000000000426e+00
-2.399999999999999911e-01,7.500000000000000000e-01,6.910000000000000142e+00
-2.899999999999999800e-01,6.500000000000000222e-01,7.240000000000000213e+00
-6.099999999999999867e-01,8.100000000000000533e-01,7.889999999999999680e+00
-2.600000000000000089e-01,7.099999999999999645e-01,7.860000000000000320e+00
-1.900000000000000022e-01,6.300000000000000044e-01,7.669999999999999929e+00
-4.099999999999999756e-01,7.700000000000000178e-01,7.379999999999999893e+00
-5.400000000000000355e-01,5.899999999999999689e-01,7.480000000000000426e+00
-2.999999999999999889e-01,6.300000000000000044e-01,7.450000000000000178e+00
-2.600000000000000089e-01,6.899999999999999467e-01,7.370000000000000107e+00
-2.800000000000000266e-01,6.400000000000000133e-01,6.820000000000000284e+00
-3.300000000000000155e-01,5.999999999999999778e-01,7.190000000000000391e+00
-2.899999999999999800e-01,6.400000000000000133e-01,7.290000000000000036e+00
-2.000000000000000111e-01,5.799999999999999600e-01,7.179999999999999716e+00
-3.099999999999999978e-01,5.600000000000000533e-01,7.709999999999999964e+00
-2.899999999999999800e-01,6.500000000000000222e-01,7.589999999999999858e+00
-3.699999999999999956e-01,5.600000000000000533e-01,7.690000000000000391e+00
-3.200000000000000067e-01,6.099999999999999867e-01,7.419999999999999929e+00
-4.400000000000000022e-01,5.600000000000000533e-01,7.759999999999999787e+00
-4.299999999999999933e-01,5.999999999999999778e-01,7.570000000000000284e+00
-2.399999999999999911e-01,5.999999999999999778e-01,7.500000000000000000e+00
-1.199999999999999956e-01,6.700000000000000400e-01,7.250000000000000000e+00
-4.899999999999999911e-01,7.099999999999999645e-01,7.110000000000000320e+00
-3.300000000000000155e-01,6.300000000000000044e-01,7.509999999999999787e+00
-4.299999999999999933e-01,6.899999999999999467e-01,7.549999999999999822e+00
-4.199999999999999845e-01,6.700000000000000400e-01,7.469999999999999751e+00
-3.200000000000000067e-01,6.700000000000000400e-01,7.429999999999999716e+00
-1.799999999999999933e-01,5.799999999999999600e-01,7.370000000000000107e+00
-3.200000000000000067e-01,5.899999999999999689e-01,7.610000000000000320e+00
-2.600000000000000089e-01,5.100000000000000089e-01,7.669999999999999929e+00
-1.199999999999999956e-01,6.700000000000000400e-01,7.379999999999999893e+00
-4.199999999999999845e-01,6.199999999999999956e-01,7.299999999999999822e+00
-2.999999999999999889e-01,5.899999999999999689e-01,7.669999999999999929e+00
-4.199999999999999845e-01,5.300000000000000266e-01,7.250000000000000000e+00
-3.099999999999999978e-01,5.799999999999999600e-01,7.719999999999999751e+00
-4.299999999999999933e-01,6.899999999999999467e-01,7.790000000000000036e+00
-1.300000000000000044e-01,5.400000000000000355e-01,7.129999999999999893e+00
-3.699999999999999956e-01,6.899999999999999467e-01,7.440000000000000391e+00
-4.299999999999999933e-01,6.199999999999999956e-01,7.379999999999999893e+00
-3.400000000000000244e-01,6.600000000000000311e-01,7.040000000000000036e+00
-4.000000000000000222e-01,6.999999999999999556e-01,6.910000000000000142e+00
-4.799999999999999822e-01,5.899999999999999689e-01,7.570000000000000284e+00
-3.099999999999999978e-01,4.899999999999999911e-01,6.929999999999999716e+00
-2.600000000000000089e-01,6.899999999999999467e-01,7.099999999999999645e+00
-1.400000000000000133e-01,5.500000000000000444e-01,6.700000000000000178e+00
-4.500000000000000111e-01,7.099999999999999645e-01,7.360000000000000320e+00
-3.300000000000000155e-01,6.400000000000000133e-01,7.580000000000000071e+00
-1.199999999999999956e-01,6.400000000000000133e-01,7.900000000000000355e+00
-4.099999999999999756e-01,5.899999999999999689e-01,7.580000000000000071e+00
-2.600000000000000089e-01,7.099999999999999645e-01,7.250000000000000000e+00
-2.700000000000000178e-01,6.600000000000000311e-01,6.969999999999999751e+00
-3.800000000000000044e-01,6.600000000000000311e-01,7.320000000000000284e+00
-4.400000000000000022e-01,6.800000000000000488e-01,7.509999999999999787e+00
-4.099999999999999756e-01,6.500000000000000222e-01,7.690000000000000391e+00
-3.699999999999999956e-01,6.800000000000000488e-01,7.360000000000000320e+00
-4.099999999999999756e-01,5.799999999999999600e-01,7.360000000000000320e+00
-3.599999999999999867e-01,6.099999999999999867e-01,7.059999999999999609e+00
-3.900000000000000133e-01,7.299999999999999822e-01,7.120000000000000107e+00
-4.600000000000000200e-01,7.800000000000000266e-01,7.290000000000000036e+00
-3.699999999999999956e-01,5.999999999999999778e-01,7.330000000000000071e+00
-1.300000000000000044e-01,5.500000000000000444e-01,7.429999999999999716e+00
-1.799999999999999933e-01,5.999999999999999778e-01,7.410000000000000142e+00
-2.800000000000000266e-01,6.099999999999999867e-01,7.540000000000000036e+00
-3.300000000000000155e-01,6.600000000000000311e-01,7.799999999999999822e+00
-5.200000000000000178e-01,6.099999999999999867e-01,7.849999999999999645e+00
-4.000000000000000222e-01,6.300000000000000044e-01,7.299999999999999822e+00
-2.399999999999999911e-01,6.500000000000000222e-01,7.230000000000000426e+00
-3.800000000000000044e-01,6.600000000000000311e-01,7.259999999999999787e+00
-4.199999999999999845e-01,7.099999999999999645e-01,7.370000000000000107e+00
-4.000000000000000222e-01,6.800000000000000488e-01,7.379999999999999893e+00
-4.299999999999999933e-01,6.800000000000000488e-01,7.339999999999999858e+00
-4.099999999999999756e-01,7.600000000000000089e-01,7.190000000000000391e+00
-2.099999999999999922e-01,6.899999999999999467e-01,7.500000000000000000e+00
-2.399999999999999911e-01,6.400000000000000133e-01,6.969999999999999751e+00
-3.599999999999999867e-01,6.500000000000000222e-01,7.320000000000000284e+00
-3.300000000000000155e-01,6.199999999999999956e-01,7.509999999999999787e+00
-3.099999999999999978e-01,6.800000000000000488e-01,7.610000000000000320e+00
-3.800000000000000044e-01,5.899999999999999689e-01,7.360000000000000320e+00
-3.800000000000000044e-01,5.200000000000000178e-01,7.690000000000000391e+00
-3.800000000000000044e-01,5.699999999999999512e-01,7.830000000000000071e+00
-3.400000000000000244e-01,6.400000000000000133e-01,7.549999999999999822e+00
-3.800000000000000044e-01,6.800000000000000488e-01,7.570000000000000284e+00
-1.600000000000000033e-01,5.899999999999999689e-01,7.740000000000000213e+00
-2.999999999999999889e-01,5.999999999999999778e-01,7.379999999999999893e+00
-3.400000000000000244e-01,6.600000000000000311e-01,7.589999999999999858e+00
-2.200000000000000011e-01,6.600000000000000311e-01,7.370000000000000107e+00
-4.000000000000000222e-01,5.699999999999999512e-01,7.559999999999999609e+00
-3.300000000000000155e-01,6.800000000000000488e-01,7.080000000000000071e+00
-2.700000000000000178e-01,5.899999999999999689e-01,7.059999999999999609e+00
-3.800000000000000044e-01,6.700000000000000400e-01,7.219999999999999751e+00
-2.500000000000000000e-01,6.300000000000000044e-01,7.299999999999999822e+00
-3.900000000000000133e-01,7.399999999999999911e-01,7.120000000000000107e+00
-3.800000000000000044e-01,7.199999999999999734e-01,7.750000000000000000e+00
-2.600000000000000089e-01,6.400000000000000133e-01,7.740000000000000213e+00
-2.500000000000000000e-01,6.400000000000000133e-01,7.889999999999999680e+00
-2.300000000000000100e-01,5.000000000000000000e-01,7.820000000000000284e+00
-2.700000000000000178e-01,5.999999999999999778e-01,7.049999999999999822e+00
-3.699999999999999956e-01,5.699999999999999512e-01,7.320000000000000284e+00
-1.700000000000000122e-01,6.999999999999999556e-01,7.519999999999999574e+00
-3.200000000000000067e-01,7.800000000000000266e-01,7.480000000000000426e+00
-1.100000000000000006e-01,5.200000000000000178e-01,7.030000000000000249e+00
-2.800000000000000266e-01,5.999999999999999778e-01,7.349999999999999645e+00
-3.400000000000000244e-01,6.300000000000000044e-01,7.469999999999999751e+00
-2.899999999999999800e-01,6.600000000000000311e-01,7.519999999999999574e+00
-3.900000000000000133e-01,6.700000000000000400e-01,7.690000000000000391e+00
-1.700000000000000122e-01,6.600000000000000311e-01,7.080000000000000071e+00
-3.900000000000000133e-01,6.300000000000000044e-01,7.490000000000000213e+00
-3.400000000000000244e-01,5.999999999999999778e-01,7.040000000000000036e+00
-4.099999999999999756e-01,6.600000000000000311e-01,7.280000000000000249e+00
-2.200000000000000011e-01,5.400000000000000355e-01,6.900000000000000355e+00
-2.999999999999999889e-01,5.999999999999999778e-01,7.379999999999999893e+00
-2.399999999999999911e-01,5.600000000000000533e-01,7.240000000000000213e+00
-4.600000000000000200e-01,7.500000000000000000e-01,7.299999999999999822e+00
-3.400000000000000244e-01,5.799999999999999600e-01,7.660000000000000142e+00
-2.000000000000000111e-01,5.799999999999999600e-01,7.190000000000000391e+00
-3.099999999999999978e-01,5.500000000000000444e-01,6.790000000000000036e+00
-5.000000000000000000e-01,6.700000000000000400e-01,7.330000000000000071e+00
-4.899999999999999911e-01,5.699999999999999512e-01,7.250000000000000000e+00
-3.400000000000000244e-01,5.799999999999999600e-01,6.719999999999999751e+00
-3.800000000000000044e-01,6.600000000000000311e-01,7.240000000000000213e+00
-1.700000000000000122e-01,5.000000000000000000e-01,7.139999999999999680e+00
-4.500000000000000111e-01,7.199999999999999734e-01,7.519999999999999574e+00
-1.499999999999999944e-01,5.899999999999999689e-01,7.490000000000000213e+00
-1.900000000000000022e-01,6.300000000000000044e-01,7.509999999999999787e+00
-3.099999999999999978e-01,5.600000000000000533e-01,7.769999999999999574e+00
-2.600000000000000089e-01,5.400000000000000355e-01,7.599999999999999645e+00
-2.300000000000000100e-01,4.899999999999999911e-01,7.500000000000000000e+00
-2.200000000000000011e-01,6.600000000000000311e-01,7.120000000000000107e+00
-4.099999999999999756e-01,5.000000000000000000e-01,7.759999999999999787e+00
-1.300000000000000044e-01,7.500000000000000000e-01,7.509999999999999787e+00
-2.000000000000000111e-01,7.500000000000000000e-01,7.410000000000000142e+00
-3.800000000000000044e-01,6.700000000000000400e-01,7.320000000000000284e+00
-2.200000000000000011e-01,6.999999999999999556e-01,7.000000000000000000e+00
-4.799999999999999822e-01,6.600000000000000311e-01,7.690000000000000391e+00
-3.499999999999999778e-01,6.500000000000000222e-01,7.750000000000000000e+00
-2.399999999999999911e-01,6.800000000000000488e-01,7.730000000000000426e+00
-2.999999999999999889e-01,6.300000000000000044e-01,7.419999999999999929e+00
-3.900000000000000133e-01,6.300000000000000044e-01,7.799999999999999822e+00
